ts,symbol,side,qty,price
2021-09-16T21:00:00+00:00,AL3.AX,BUY,2718.0000,364.2100
2021-09-16T21:00:00+00:00,ALCLS.PA,BUY,790.0000,1252.0400
2021-09-16T21:00:00+00:00,ALMDT.PA,BUY,778.0000,1272.2300
2021-09-16T21:00:00+00:00,AXE.AX,BUY,1119.0000,884.4600
2021-09-16T21:00:00+00:00,AZN.L,BUY,7248.0000,120.7600
2021-09-16T21:00:00+00:00,BGO.L,BUY,2559.0000,386.8400
2021-09-16T21:00:00+00:00,BRK-B,BUY,9493.0000,121.7000
2021-09-16T21:00:00+00:00,BRNT.L,BUY,27604.0000,152.1700
2021-09-16T21:00:00+00:00,DBMG.L,BUY,69744.0000,110.2400
2021-09-16T21:00:00+00:00,EDIT,BUY,172.0000,5723.8300
2021-09-16T21:00:00+00:00,EMV.AX,BUY,3751.0000,263.8600
2021-09-16T21:00:00+00:00,FTC.L,BUY,6555.0000,151.0100
2021-09-16T21:00:00+00:00,GSIT,BUY,2885.0000,343.0400
2021-09-16T21:00:00+00:00,HSBA.L,BUY,39609.0000,102.5400
2021-09-16T21:00:00+00:00,IBTM.L,BUY,72767.0000,111.6300
2021-09-16T21:00:00+00:00,IDN,BUY,1790.0000,552.9000
2021-09-16T21:00:00+00:00,IITU.L,BUY,34774.0000,126.0100
2021-09-16T21:00:00+00:00,IPWR,BUY,1809.0000,547.1600
2021-09-16T21:00:00+00:00,ISF.L,BUY,97601.0000,112.6500
2021-09-16T21:00:00+00:00,LTBR,BUY,4740.0000,208.8400
2021-09-16T21:00:00+00:00,MOLN.SW,BUY,1747.0000,566.4400
2021-09-16T21:00:00+00:00,PLTR,BUY,9915.0000,409.6300
2021-09-16T21:00:00+00:00,PRQR,BUY,756.0000,1307.8400
2021-09-16T21:00:00+00:00,QSI,BUY,795.0000,1243.8700
2021-09-16T21:00:00+00:00,RR.L,BUY,24669.0000,164.6400
2021-09-16T21:00:00+00:00,SEYE.ST,BUY,1763.0000,561.2900
2021-09-16T21:00:00+00:00,SGLN.L,BUY,115146.0000,104.6100
2021-09-16T21:00:00+00:00,SHEL.L,BUY,34965.0000,116.1600
2021-09-16T21:00:00+00:00,SLX.AX,BUY,3944.0000,250.9900
2021-09-16T21:00:00+00:00,SMGB.L,BUY,102856.0000,131.1400
2021-09-16T21:00:00+00:00,VUL.AX,BUY,1313.0000,753.7200
2021-09-16T21:00:00+00:00,VYGR,BUY,8213.0000,120.5300
2021-09-16T21:00:00+00:00,WBT.AX,BUY,3962.0000,249.8500
2021-10-15T21:00:00+00:00,AL3.AX,BUY,90.0000,361.3700
2021-10-15T21:00:00+00:00,ALCLS.PA,BUY,224.0000,1000.1100
2021-10-15T21:00:00+00:00,ALMDT.PA,SELL,39.0000,1373.1800
2021-10-15T21:00:00+00:00,AXE.AX,SELL,7.0000,912.1900
2021-10-15T21:00:00+00:00,AZN.L,SELL,370.0000,130.4600
2021-10-15T21:00:00+00:00,BGO.L,BUY,746.0000,307.0200
2021-10-15T21:00:00+00:00,BRK-B,SELL,113.0000,126.2800
2021-10-15T21:00:00+00:00,BRNT.L,SELL,3176.0000,176.2900
2021-10-15T21:00:00+00:00,DBMG.L,BUY,545.0000,112.1400
2021-10-15T21:00:00+00:00,EDIT,BUY,108.0000,3614.5300
2021-10-15T21:00:00+00:00,EMV.AX,SELL,30.0000,272.7500
2021-10-15T21:00:00+00:00,FTC.L,BUY,646.0000,140.9400
2021-10-15T21:00:00+00:00,GSIT,BUY,382.0000,310.6500
2021-10-15T21:00:00+00:00,HSBA.L,SELL,5109.0000,120.6900
2021-10-15T21:00:00+00:00,IBTM.L,BUY,3118.0000,109.7400
2021-10-15T21:00:00+00:00,IDN,BUY,97.0000,537.6500
2021-10-15T21:00:00+00:00,IITU.L,BUY,1052.0000,125.3900
2021-10-15T21:00:00+00:00,IPWR,BUY,72.0000,539.5400
2021-10-15T21:00:00+00:00,ISF.L,SELL,548.0000,116.1400
2021-10-15T21:00:00+00:00,LTBR,SELL,868.0000,262.0900
2021-10-15T21:00:00+00:00,MOLN.SW,BUY,51.0000,564.2400
2021-10-15T21:00:00+00:00,PLTR,BUY,2053.0000,347.9000
2021-10-15T21:00:00+00:00,PRQR,BUY,44.0000,1267.1700
2021-10-15T21:00:00+00:00,QSI,BUY,10.0000,1260.2500
2021-10-15T21:00:00+00:00,RR.L,SELL,5590.0000,218.2400
2021-10-15T21:00:00+00:00,SEYE.ST,BUY,242.0000,506.1000
2021-10-15T21:00:00+00:00,SGLN.L,BUY,1518.0000,105.8500
2021-10-15T21:00:00+00:00,SHEL.L,SELL,5346.0000,140.5800
2021-10-15T21:00:00+00:00,SLX.AX,BUY,872.0000,210.7400
2021-10-15T21:00:00+00:00,SMGB.L,BUY,6433.0000,126.5300
2021-10-15T21:00:00+00:00,VUL.AX,BUY,351.0000,609.8000
2021-10-15T21:00:00+00:00,VYGR,SELL,2072.0000,165.2500
2021-10-15T21:00:00+00:00,WBT.AX,SELL,443.0000,288.3400
2021-11-15T21:00:00+00:00,AL3.AX,BUY,115.0000,364.1100
2021-11-15T21:00:00+00:00,ALCLS.PA,BUY,69.0000,982.3100
2021-11-15T21:00:00+00:00,ALMDT.PA,BUY,52.0000,1344.2900
2021-11-15T21:00:00+00:00,AXE.AX,BUY,107.0000,873.1400
2021-11-15T21:00:00+00:00,AZN.L,BUY,197.0000,133.0300
2021-11-15T21:00:00+00:00,BGO.L,SELL,145.0000,336.8400
2021-11-15T21:00:00+00:00,BRK-B,BUY,261.0000,128.8600
2021-11-15T21:00:00+00:00,BRNT.L,BUY,1558.0000,173.8200
2021-11-15T21:00:00+00:00,DBMG.L,BUY,313.0000,117.1000
2021-11-15T21:00:00+00:00,EDIT,BUY,25.0000,3485.7500
2021-11-15T21:00:00+00:00,EMV.AX,BUY,605.0000,246.0400
2021-11-15T21:00:00+00:00,FTC.L,SELL,452.0000,157.7200
2021-11-15T21:00:00+00:00,GSIT,SELL,483.0000,382.2800
2021-11-15T21:00:00+00:00,HSBA.L,BUY,1477.0000,121.3900
2021-11-15T21:00:00+00:00,IBTM.L,BUY,1992.0000,112.1600
2021-11-15T21:00:00+00:00,IDN,BUY,881.0000,384.5000
2021-11-15T21:00:00+00:00,IITU.L,SELL,1675.0000,137.9700
2021-11-15T21:00:00+00:00,IPWR,SELL,44.0000,579.4900
2021-11-15T21:00:00+00:00,ISF.L,BUY,3045.0000,118.1100
2021-11-15T21:00:00+00:00,LTBR,SELL,1885.0000,535.7200
2021-11-15T21:00:00+00:00,MOLN.SW,BUY,638.0000,436.9200
2021-11-15T21:00:00+00:00,PLTR,BUY,664.0000,345.7200
2021-11-15T21:00:00+00:00,PRQR,BUY,37.0000,1271.3000
2021-11-15T21:00:00+00:00,QSI,BUY,98.0000,1177.9000
2021-11-15T21:00:00+00:00,RR.L,BUY,1010.0000,217.3900
2021-11-15T21:00:00+00:00,SEYE.ST,SELL,369.0000,650.5100
2021-11-15T21:00:00+00:00,SGLN.L,SELL,3066.0000,114.0200
2021-11-15T21:00:00+00:00,SHEL.L,BUY,2866.0000,134.4400
2021-11-15T21:00:00+00:00,SLX.AX,BUY,233.0000,210.8100
2021-11-15T21:00:00+00:00,SMGB.L,SELL,10956.0000,147.5000
2021-11-15T21:00:00+00:00,VUL.AX,BUY,229.0000,562.3300
2021-11-15T21:00:00+00:00,VYGR,BUY,1439.0000,140.4300
2021-11-15T21:00:00+00:00,WBT.AX,BUY,346.0000,275.4100
2021-12-14T21:00:00+00:00,AL3.AX,BUY,67.0000,337.1000
2021-12-14T21:00:00+00:00,ALCLS.PA,BUY,230.0000,767.7600
2021-12-14T21:00:00+00:00,AXE.AX,BUY,382.0000,629.6800
2021-12-14T21:00:00+00:00,AZN.L,BUY,229.0000,122.0500
2021-12-14T21:00:00+00:00,BGO.L,SELL,159.0000,335.9600
2021-12-14T21:00:00+00:00,BRK-B,SELL,964.0000,135.6100
2021-12-14T21:00:00+00:00,BRNT.L,BUY,219.0000,163.2500
2021-12-14T21:00:00+00:00,DBMG.L,SELL,2192.0000,114.4600
2021-12-14T21:00:00+00:00,EDIT,BUY,53.0000,2814.6400
2021-12-14T21:00:00+00:00,EMV.AX,SELL,239.0000,246.6400
2021-12-14T21:00:00+00:00,FTC.L,SELL,73.0000,151.0100
2021-12-14T21:00:00+00:00,GSIT,BUY,558.0000,301.6300
2021-12-14T21:00:00+00:00,HSBA.L,SELL,1744.0000,120.8300
2021-12-14T21:00:00+00:00,IBTM.L,SELL,6103.0000,115.2600
2021-12-14T21:00:00+00:00,IDN,BUY,148.0000,345.7500
2021-12-14T21:00:00+00:00,IITU.L,SELL,2454.0000,140.7900
2021-12-14T21:00:00+00:00,IPWR,BUY,859.0000,373.8400
2021-12-14T21:00:00+00:00,ISF.L,SELL,3677.0000,116.1300
2021-12-14T21:00:00+00:00,LTBR,BUY,1662.0000,276.3000
2021-12-14T21:00:00+00:00,MOLN.SW,SELL,305.0000,473.0500
2021-12-14T21:00:00+00:00,PLTR,BUY,2166.0000,279.5200
2021-12-14T21:00:00+00:00,PRQR,BUY,82.0000,1096.2500
2021-12-14T21:00:00+00:00,QSI,BUY,222.0000,895.9000
2021-12-14T21:00:00+00:00,RR.L,BUY,3301.0000,176.8400
2021-12-14T21:00:00+00:00,SEYE.ST,BUY,95.0000,582.1700
2021-12-14T21:00:00+00:00,SGLN.L,SELL,2096.0000,110.0200
2021-12-14T21:00:00+00:00,SHEL.L,SELL,633.0000,129.8600
2021-12-14T21:00:00+00:00,SLX.AX,BUY,939.0000,168.3500
2021-12-14T21:00:00+00:00,SMGB.L,SELL,4660.0000,146.6500
2021-12-14T21:00:00+00:00,VUL.AX,SELL,314.0000,638.2500
2021-12-14T21:00:00+00:00,VYGR,BUY,1150.0000,115.4900
2021-12-14T21:00:00+00:00,WBT.AX,BUY,500.0000,230.9700
2022-01-17T21:00:00+00:00,AL3.AX,BUY,217.0000,318.6500
2022-01-17T21:00:00+00:00,ALCLS.PA,BUY,147.0000,699.8100
2022-01-17T21:00:00+00:00,ALMDT.PA,BUY,4.0000,1284.6000
2022-01-17T21:00:00+00:00,AXE.AX,SELL,104.0000,682.3200
2022-01-17T21:00:00+00:00,AZN.L,SELL,358.0000,130.0900
2022-01-17T21:00:00+00:00,BGO.L,BUY,25.0000,337.7200
2022-01-17T21:00:00+00:00,BRK-B,SELL,369.0000,143.5500
2022-01-17T21:00:00+00:00,BRNT.L,SELL,2705.0000,184.5200
2022-01-17T21:00:00+00:00,DBMG.L,BUY,2881.0000,111.3300
2022-01-17T21:00:00+00:00,EDIT,BUY,130.0000,2094.1600
2022-01-17T21:00:00+00:00,EMV.AX,BUY,490.0000,223.2500
2022-01-17T21:00:00+00:00,FTC.L,SELL,56.0000,154.3600
2022-01-17T21:00:00+00:00,GSIT,BUY,116.0000,295.5300
2022-01-17T21:00:00+00:00,HSBA.L,SELL,5172.0000,144.2700
2022-01-17T21:00:00+00:00,IBTM.L,BUY,5503.0000,108.5100
2022-01-17T21:00:00+00:00,IDN,BUY,277.0000,320.0400
2022-01-17T21:00:00+00:00,IITU.L,BUY,1934.0000,134.5000
2022-01-17T21:00:00+00:00,IPWR,BUY,287.0000,342.5500
2022-01-17T21:00:00+00:00,ISF.L,SELL,3823.0000,122.5700
2022-01-17T21:00:00+00:00,LTBR,BUY,165.0000,267.8900
2022-01-17T21:00:00+00:00,MOLN.SW,SELL,730.0000,729.0000
2022-01-17T21:00:00+00:00,PLTR,BUY,3327.0000,231.3200
2022-01-17T21:00:00+00:00,PRQR,BUY,24.0000,1083.5200
2022-01-17T21:00:00+00:00,QSI,BUY,73.0000,853.0000
2022-01-17T21:00:00+00:00,RR.L,SELL,1332.0000,190.0700
2022-01-17T21:00:00+00:00,SEYE.ST,BUY,618.0000,434.9300
2022-01-17T21:00:00+00:00,SGLN.L,BUY,2148.0000,109.4100
2022-01-17T21:00:00+00:00,SHEL.L,SELL,3481.0000,147.7800
2022-01-17T21:00:00+00:00,SLX.AX,SELL,838.0000,198.4400
2022-01-17T21:00:00+00:00,SMGB.L,SELL,535.0000,149.5000
2022-01-17T21:00:00+00:00,VUL.AX,BUY,469.0000,498.8900
2022-01-17T21:00:00+00:00,VYGR,SELL,78.0000,118.1100
2022-01-17T21:00:00+00:00,WBT.AX,SELL,627.0000,273.3300
2022-02-15T21:00:00+00:00,AL3.AX,BUY,404.0000,274.3300
2022-02-15T21:00:00+00:00,ALCLS.PA,BUY,369.0000,541.5600
2022-02-15T21:00:00+00:00,ALMDT.PA,BUY,81.0000,1130.0100
2022-02-15T21:00:00+00:00,AXE.AX,BUY,264.0000,562.2800
2022-02-15T21:00:00+00:00,AZN.L,SELL,286.0000,131.5000
2022-02-15T21:00:00+00:00,BGO.L,SELL,78.0000,335.9600
2022-02-15T21:00:00+00:00,BRK-B,SELL,162.0000,141.9100
2022-02-15T21:00:00+00:00,BRNT.L,SELL,2450.0000,199.6700
2022-02-15T21:00:00+00:00,DBMG.L,SELL,4849.0000,115.7900
2022-02-15T21:00:00+00:00,EDIT,BUY,131.0000,1598.8000
2022-02-15T21:00:00+00:00,EMV.AX,BUY,954.0000,179.0700
2022-02-15T21:00:00+00:00,FTC.L,SELL,340.0000,157.7200
2022-02-15T21:00:00+00:00,GSIT,BUY,149.0000,274.6300
2022-02-15T21:00:00+00:00,HSBA.L,SELL,2709.0000,154.2200
2022-02-15T21:00:00+00:00,IBTM.L,SELL,1696.0000,107.5400
2022-02-15T21:00:00+00:00,IDN,BUY,919.0000,240.8700
2022-02-15T21:00:00+00:00,IITU.L,BUY,287.0000,129.2700
2022-02-15T21:00:00+00:00,IPWR,BUY,122.0000,319.0200
2022-02-15T21:00:00+00:00,ISF.L,SELL,3053.0000,122.8600
2022-02-15T21:00:00+00:00,LTBR,SELL,448.0000,294.2300
2022-02-15T21:00:00+00:00,MOLN.SW,SELL,95.0000,758.2200
2022-02-15T21:00:00+00:00,PLTR,BUY,1463.0000,207.4700
2022-02-15T21:00:00+00:00,PRQR,BUY,3897.0000,204.6500
2022-02-15T21:00:00+00:00,QSI,BUY,450.0000,600.9300
2022-02-15T21:00:00+00:00,RR.L,BUY,316.0000,181.6400
2022-02-15T21:00:00+00:00,SEYE.ST,BUY,82.0000,407.3700
2022-02-15T21:00:00+00:00,SGLN.L,SELL,6256.0000,112.2300
2022-02-15T21:00:00+00:00,SHEL.L,SELL,2828.0000,159.1000
2022-02-15T21:00:00+00:00,SLX.AX,BUY,718.0000,168.8100
2022-02-15T21:00:00+00:00,SMGB.L,BUY,6927.0000,134.8800
2022-02-15T21:00:00+00:00,VUL.AX,BUY,121.0000,456.7000
2022-02-15T21:00:00+00:00,VYGR,SELL,2022.0000,149.4000
2022-02-15T21:00:00+00:00,WBT.AX,BUY,50.0000,261.5100
2022-03-16T21:00:00+00:00,AL3.AX,BUY,482.0000,241.0100
2022-03-16T21:00:00+00:00,ALCLS.PA,BUY,398.0000,442.8500
2022-03-16T21:00:00+00:00,ALMDT.PA,BUY,105.0000,1004.6600
2022-03-16T21:00:00+00:00,AXE.AX,BUY,130.0000,521.4600
2022-03-16T21:00:00+00:00,AZN.L,SELL,520.0000,142.0400
2022-03-16T21:00:00+00:00,BGO.L,BUY,202.0000,313.1600
2022-03-16T21:00:00+00:00,BRK-B,SELL,788.0000,156.4700
2022-03-16T21:00:00+00:00,BRNT.L,SELL,3080.0000,232.9300
2022-03-16T21:00:00+00:00,DBMG.L,SELL,5073.0000,124.8400
2022-03-16T21:00:00+00:00,EDIT,SELL,7.0000,1609.6100
2022-03-16T21:00:00+00:00,EMV.AX,SELL,59.0000,180.2700
2022-03-16T21:00:00+00:00,FTC.L,BUY,636.0000,142.6200
2022-03-16T21:00:00+00:00,GSIT,BUY,210.0000,258.4400
2022-03-16T21:00:00+00:00,HSBA.L,BUY,2267.0000,141.4100
2022-03-16T21:00:00+00:00,IBTM.L,SELL,1890.0000,109.8400
2022-03-16T21:00:00+00:00,IDN,BUY,2235.0000,155.4200
2022-03-16T21:00:00+00:00,IITU.L,BUY,683.0000,126.1900
2022-03-16T21:00:00+00:00,IPWR,SELL,11.0000,318.8000
2022-03-16T21:00:00+00:00,ISF.L,BUY,2590.0000,118.9100
2022-03-16T21:00:00+00:00,LTBR,SELL,755.0000,377.7800
2022-03-16T21:00:00+00:00,MOLN.SW,BUY,361.0000,591.7200
2022-03-16T21:00:00+00:00,PLTR,BUY,3014.0000,179.0600
2022-03-16T21:00:00+00:00,PRQR,BUY,1310.0000,160.3900
2022-03-16T21:00:00+00:00,QSI,SELL,1.0000,598.7700
2022-03-16T21:00:00+00:00,RR.L,BUY,6031.0000,142.4800
2022-03-16T21:00:00+00:00,SEYE.ST,BUY,265.0000,365.8300
2022-03-16T21:00:00+00:00,SGLN.L,SELL,7036.0000,119.6000
2022-03-16T21:00:00+00:00,SHEL.L,BUY,725.0000,154.0700
2022-03-16T21:00:00+00:00,SLX.AX,SELL,728.0000,191.9100
2022-03-16T21:00:00+00:00,SMGB.L,BUY,2224.0000,131.4000
2022-03-16T21:00:00+00:00,VUL.AX,SELL,113.0000,479.8000
2022-03-16T21:00:00+00:00,VYGR,SELL,3448.0000,309.9400
2022-03-16T21:00:00+00:00,WBT.AX,BUY,502.0000,229.9200
2022-04-14T21:00:00+00:00,AL3.AX,BUY,768.0000,208.1200
2022-04-14T21:00:00+00:00,ALCLS.PA,BUY,208.0000,415.4400
2022-04-14T21:00:00+00:00,ALMDT.PA,SELL,32.0000,1065.0900
2022-04-14T21:00:00+00:00,AXE.AX,SELL,29.0000,543.2500
2022-04-14T21:00:00+00:00,AZN.L,SELL,512.0000,158.9300
2022-04-14T21:00:00+00:00,BGO.L,BUY,36.0000,317.5400
2022-04-14T21:00:00+00:00,BRK-B,BUY,49.0000,159.4000
2022-04-14T21:00:00+00:00,BRNT.L,SELL,1422.0000,259.4100
2022-04-14T21:00:00+00:00,DBMG.L,SELL,4837.0000,138.9900
2022-04-14T21:00:00+00:00,EMV.AX,SELL,479.0000,202.6200
2022-04-14T21:00:00+00:00,FTC.L,SELL,217.0000,151.0100
2022-04-14T21:00:00+00:00,GSIT,BUY,719.0000,223.0200
2022-04-14T21:00:00+00:00,HSBA.L,SELL,842.0000,149.4300
2022-04-14T21:00:00+00:00,IBTM.L,BUY,5243.0000,105.1700
2022-04-14T21:00:00+00:00,IDN,BUY,803.0000,141.5000
2022-04-14T21:00:00+00:00,IITU.L,BUY,849.0000,126.3200
2022-04-14T21:00:00+00:00,IPWR,BUY,105.0000,316.2500
2022-04-14T21:00:00+00:00,ISF.L,SELL,1877.0000,124.4900
2022-04-14T21:00:00+00:00,LTBR,BUY,172.0000,363.4800
2022-04-14T21:00:00+00:00,MOLN.SW,BUY,64.0000,584.3600
2022-04-14T21:00:00+00:00,PLTR,SELL,473.0000,187.5700
2022-04-14T21:00:00+00:00,PRQR,BUY,1523.0000,131.8500
2022-04-14T21:00:00+00:00,QSI,SELL,81.0000,645.7800
2022-04-14T21:00:00+00:00,RR.L,BUY,1022.0000,141.0500
2022-04-14T21:00:00+00:00,SEYE.ST,BUY,436.0000,323.0000
2022-04-14T21:00:00+00:00,SGLN.L,SELL,730.0000,123.5600
2022-04-14T21:00:00+00:00,SHEL.L,SELL,2872.0000,177.4100
2022-04-14T21:00:00+00:00,SLX.AX,SELL,1378.0000,268.9100
2022-04-14T21:00:00+00:00,SMGB.L,BUY,9266.0000,123.5700
2022-04-14T21:00:00+00:00,VUL.AX,SELL,30.0000,499.3300
2022-04-14T21:00:00+00:00,VYGR,SELL,481.0000,374.5400
2022-04-14T21:00:00+00:00,WBT.AX,SELL,82.0000,240.4200
2022-05-18T21:00:00+00:00,AL3.AX,SELL,5.0000,199.3000
2022-05-18T21:00:00+00:00,ALCLS.PA,BUY,397.0000,341.6900
2022-05-18T21:00:00+00:00,ALMDT.PA,BUY,168.0000,866.4300
2022-05-18T21:00:00+00:00,AXE.AX,BUY,441.0000,420.2200
2022-05-18T21:00:00+00:00,AZN.L,SELL,90.0000,154.5300
2022-05-18T21:00:00+00:00,BGO.L,BUY,117.0000,292.9800
2022-05-18T21:00:00+00:00,BRK-B,BUY,165.0000,149.1800
2022-05-18T21:00:00+00:00,BRNT.L,SELL,1648.0000,275.6200
2022-05-18T21:00:00+00:00,DBMG.L,SELL,7007.0000,151.7800
2022-05-18T21:00:00+00:00,EDIT,BUY,255.0000,1115.8300
2022-05-18T21:00:00+00:00,EMV.AX,BUY,566.0000,174.1000
2022-05-18T21:00:00+00:00,FTC.L,BUY,336.0000,137.5800
2022-05-18T21:00:00+00:00,GSIT,BUY,145.0000,206.7700
2022-05-18T21:00:00+00:00,HSBA.L,BUY,238.0000,141.7400
2022-05-18T21:00:00+00:00,IBTM.L,SELL,6651.0000,109.8700
2022-05-18T21:00:00+00:00,IDN,BUY,363.0000,128.8300
2022-05-18T21:00:00+00:00,IITU.L,BUY,361.0000,119.6300
2022-05-18T21:00:00+00:00,IPWR,SELL,859.0000,413.4700
2022-05-18T21:00:00+00:00,ISF.L,SELL,2220.0000,122.1000
2022-05-18T21:00:00+00:00,LTBR,BUY,807.0000,269.5900
2022-05-18T21:00:00+00:00,MOLN.SW,BUY,2611.0000,222.9000
2022-05-18T21:00:00+00:00,PLTR,BUY,9106.0000,127.1300
2022-05-18T21:00:00+00:00,PRQR,BUY,984.0000,111.8000
2022-05-18T21:00:00+00:00,QSI,BUY,68.0000,592.0400
2022-05-18T21:00:00+00:00,RR.L,BUY,1598.0000,127.9900
2022-05-18T21:00:00+00:00,SEYE.ST,BUY,2090.0000,185.3500
2022-05-18T21:00:00+00:00,SGLN.L,SELL,1750.0000,120.3200
2022-05-18T21:00:00+00:00,SHEL.L,SELL,2700.0000,191.8600
2022-05-18T21:00:00+00:00,SLX.AX,BUY,895.0000,207.8000
2022-05-18T21:00:00+00:00,SMGB.L,SELL,5384.0000,124.2100
2022-05-18T21:00:00+00:00,VUL.AX,BUY,340.0000,409.0800
2022-05-18T21:00:00+00:00,VYGR,BUY,780.0000,278.0100
2022-05-18T21:00:00+00:00,WBT.AX,SELL,72.0000,234.0000
2022-06-20T21:00:00+00:00,AL3.AX,BUY,633.0000,172.8100
2022-06-20T21:00:00+00:00,ALCLS.PA,BUY,714.0000,267.4800
2022-06-20T21:00:00+00:00,ALMDT.PA,SELL,164.0000,995.1600
2022-06-20T21:00:00+00:00,AXE.AX,BUY,299.0000,364.5100
2022-06-20T21:00:00+00:00,AZN.L,SELL,8.0000,151.6600
2022-06-20T21:00:00+00:00,BGO.L,BUY,824.0000,229.8200
2022-06-20T21:00:00+00:00,BRK-B,BUY,829.0000,131.7900
2022-06-20T21:00:00+00:00,BRNT.L,SELL,1334.0000,296.7100
2022-06-20T21:00:00+00:00,DBMG.L,SELL,2589.0000,156.9700
2022-06-20T21:00:00+00:00,EDIT,SELL,69.0000,1187.4900
2022-06-20T21:00:00+00:00,EMV.AX,BUY,1996.0000,125.5600
2022-06-20T21:00:00+00:00,FTC.L,SELL,461.0000,144.3000
2022-06-20T21:00:00+00:00,GSIT,SELL,582.0000,231.4000
2022-06-20T21:00:00+00:00,HSBA.L,SELL,2702.0000,153.7500
2022-06-20T21:00:00+00:00,IBTM.L,SELL,456.0000,108.3700
2022-06-20T21:00:00+00:00,IDN,BUY,315.0000,121.1800
2022-06-20T21:00:00+00:00,IITU.L,BUY,1305.0000,113.1300
2022-06-20T21:00:00+00:00,IPWR,SELL,275.0000,459.3900
2022-06-20T21:00:00+00:00,ISF.L,BUY,1957.0000,117.0700
2022-06-20T21:00:00+00:00,LTBR,BUY,594.0000,226.7100
2022-06-20T21:00:00+00:00,MOLN.SW,SELL,518.0000,248.0800
2022-06-20T21:00:00+00:00,PLTR,SELL,1784.0000,132.1500
2022-06-20T21:00:00+00:00,PRQR,SELL,1383.0000,130.4100
2022-06-20T21:00:00+00:00,QSI,BUY,349.0000,478.2700
2022-06-20T21:00:00+00:00,RR.L,SELL,2849.0000,138.1300
2022-06-20T21:00:00+00:00,SEYE.ST,BUY,137.0000,177.0000
2022-06-20T21:00:00+00:00,SGLN.L,SELL,4211.0000,123.2300
2022-06-20T21:00:00+00:00,SHEL.L,BUY,1893.0000,172.2900
2022-06-20T21:00:00+00:00,SLX.AX,SELL,1585.0000,308.7600
2022-06-20T21:00:00+00:00,SMGB.L,BUY,10211.0000,111.0600
2022-06-20T21:00:00+00:00,VUL.AX,BUY,805.0000,299.1200
2022-06-20T21:00:00+00:00,VYGR,BUY,774.0000,222.9500
2022-06-20T21:00:00+00:00,WBT.AX,BUY,1354.0000,172.7800
2022-07-19T21:00:00+00:00,AL3.AX,BUY,576.0000,166.1300
2022-07-19T21:00:00+00:00,ALCLS.PA,BUY,26.0000,282.0100
2022-07-19T21:00:00+00:00,ALMDT.PA,BUY,143.0000,918.7500
2022-07-19T21:00:00+00:00,AXE.AX,BUY,248.0000,353.4600
2022-07-19T21:00:00+00:00,AZN.L,SELL,272.0000,169.4300
2022-07-19T21:00:00+00:00,BGO.L,SELL,1056.0000,328.0700
2022-07-19T21:00:00+00:00,BRK-B,SELL,243.0000,144.1300
2022-07-19T21:00:00+00:00,BRNT.L,BUY,1349.0000,286.6300
2022-07-19T21:00:00+00:00,DBMG.L,BUY,1783.0000,160.6200
2022-07-19T21:00:00+00:00,EDIT,SELL,254.0000,1852.1700
2022-07-19T21:00:00+00:00,EMV.AX,SELL,1774.0000,174.2900
2022-07-19T21:00:00+00:00,FTC.L,SELL,1362.0000,193.2900
2022-07-19T21:00:00+00:00,GSIT,SELL,582.0000,286.4200
2022-07-19T21:00:00+00:00,HSBA.L,BUY,2296.0000,149.7200
2022-07-19T21:00:00+00:00,IBTM.L,BUY,1304.0000,113.0500
2022-07-19T21:00:00+00:00,IDN,SELL,2331.0000,183.3000
2022-07-19T21:00:00+00:00,IITU.L,SELL,887.0000,123.1000
2022-07-19T21:00:00+00:00,IPWR,BUY,142.0000,456.4200
2022-07-19T21:00:00+00:00,ISF.L,BUY,3195.0000,120.0800
2022-07-19T21:00:00+00:00,LTBR,SELL,361.0000,263.5400
2022-07-19T21:00:00+00:00,MOLN.SW,BUY,1177.0000,201.4800
2022-07-19T21:00:00+00:00,PLTR,SELL,2763.0000,154.8900
2022-07-19T21:00:00+00:00,PRQR,SELL,445.0000,147.5400
2022-07-19T21:00:00+00:00,QSI,BUY,20.0000,502.9300
2022-07-19T21:00:00+00:00,RR.L,BUY,1000.0000,141.6800
2022-07-19T21:00:00+00:00,SEYE.ST,BUY,520.0000,171.3700
2022-07-19T21:00:00+00:00,SGLN.L,BUY,11080.0000,117.0400
2022-07-19T21:00:00+00:00,SHEL.L,BUY,2307.0000,166.0400
2022-07-19T21:00:00+00:00,SLX.AX,SELL,950.0000,474.6400
2022-07-19T21:00:00+00:00,SMGB.L,SELL,2179.0000,120.2100
2022-07-19T21:00:00+00:00,VUL.AX,SELL,230.0000,342.5600
2022-07-19T21:00:00+00:00,VYGR,SELL,1084.0000,317.6800
2022-07-19T21:00:00+00:00,WBT.AX,SELL,1105.0000,229.7800
2022-08-17T21:00:00+00:00,AL3.AX,SELL,1938.0000,253.7000
2022-08-17T21:00:00+00:00,ALCLS.PA,SELL,919.0000,394.6200
2022-08-17T21:00:00+00:00,ALMDT.PA,BUY,44.0000,917.8100
2022-08-17T21:00:00+00:00,AXE.AX,SELL,1043.0000,579.4200
2022-08-17T21:00:00+00:00,AZN.L,BUY,280.0000,167.1700
2022-08-17T21:00:00+00:00,BGO.L,BUY,481.0000,294.7400
2022-08-17T21:00:00+00:00,BRK-B,SELL,158.0000,152.7500
2022-08-17T21:00:00+00:00,BRNT.L,BUY,1833.0000,265.2900
2022-08-17T21:00:00+00:00,DBMG.L,BUY,4251.0000,153.5300
2022-08-17T21:00:00+00:00,EDIT,BUY,53.0000,1752.9600
2022-08-17T21:00:00+00:00,EMV.AX,BUY,858.0000,157.7200
2022-08-17T21:00:00+00:00,FTC.L,BUY,675.0000,177.8500
2022-08-17T21:00:00+00:00,GSIT,BUY,610.0000,253.6800
2022-08-17T21:00:00+00:00,HSBA.L,SELL,58.0000,155.9300
2022-08-17T21:00:00+00:00,IBTM.L,BUY,2166.0000,114.1100
2022-08-17T21:00:00+00:00,IDN,BUY,498.0000,174.6700
2022-08-17T21:00:00+00:00,IITU.L,SELL,2479.0000,137.3300
2022-08-17T21:00:00+00:00,IPWR,SELL,302.0000,549.5700
2022-08-17T21:00:00+00:00,ISF.L,BUY,213.0000,124.5100
2022-08-17T21:00:00+00:00,LTBR,SELL,153.0000,285.2700
2022-08-17T21:00:00+00:00,MOLN.SW,BUY,163.0000,202.7800
2022-08-17T21:00:00+00:00,PLTR,BUY,1129.0000,154.4400
2022-08-17T21:00:00+00:00,PRQR,SELL,49.0000,154.4300
2022-08-17T21:00:00+00:00,QSI,SELL,356.0000,635.7700
2022-08-17T21:00:00+00:00,RR.L,BUY,4903.0000,126.0600
2022-08-17T21:00:00+00:00,SEYE.ST,SELL,790.0000,205.7500
2022-08-17T21:00:00+00:00,SGLN.L,BUY,1296.0000,120.1500
2022-08-17T21:00:00+00:00,SHEL.L,SELL,1011.0000,179.8600
2022-08-17T21:00:00+00:00,SLX.AX,SELL,233.0000,554.3300
2022-08-17T21:00:00+00:00,SMGB.L,SELL,2266.0000,127.4600
2022-08-17T21:00:00+00:00,VUL.AX,SELL,804.0000,489.8300
2022-08-17T21:00:00+00:00,VYGR,BUY,787.0000,264.5700
2022-08-17T21:00:00+00:00,WBT.AX,SELL,122.0000,245.6300
2022-09-16T21:00:00+00:00,AL3.AX,BUY,529.0000,218.8400
2022-09-16T21:00:00+00:00,ALCLS.PA,BUY,223.0000,354.3200
2022-09-16T21:00:00+00:00,ALMDT.PA,BUY,137.0000,797.7500
2022-09-16T21:00:00+00:00,AXE.AX,BUY,242.0000,497.1700
2022-09-16T21:00:00+00:00,AZN.L,BUY,320.0000,153.8000
2022-09-16T21:00:00+00:00,BGO.L,SELL,619.0000,347.3700
2022-09-16T21:00:00+00:00,BRK-B,BUY,160.0000,145.7400
2022-09-16T21:00:00+00:00,BRNT.L,SELL,1184.0000,277.8200
2022-09-16T21:00:00+00:00,DBMG.L,SELL,6602.0000,170.6900
2022-09-16T21:00:00+00:00,EDIT,BUY,25.0000,1637.8800
2022-09-16T21:00:00+00:00,EMV.AX,BUY,278.0000,147.3200
2022-09-16T21:00:00+00:00,FTC.L,SELL,47.0000,174.5000
2022-09-16T21:00:00+00:00,GSIT,BUY,692.0000,211.4500
2022-09-16T21:00:00+00:00,HSBA.L,SELL,349.0000,153.7000
2022-09-16T21:00:00+00:00,IBTM.L,SELL,2875.0000,115.4600
2022-09-16T21:00:00+00:00,IDN,SELL,1053.0000,206.1800
2022-09-16T21:00:00+00:00,IITU.L,BUY,2783.0000,123.4700
2022-09-16T21:00:00+00:00,IPWR,SELL,142.0000,577.9600
2022-09-16T21:00:00+00:00,ISF.L,BUY,460.0000,120.5800
2022-09-16T21:00:00+00:00,LTBR,BUY,522.0000,243.0700
2022-09-16T21:00:00+00:00,MOLN.SW,SELL,697.0000,228.1100
2022-09-16T21:00:00+00:00,PLTR,BUY,3245.0000,134.6000
2022-09-16T21:00:00+00:00,PRQR,BUY,299.0000,143.9500
2022-09-16T21:00:00+00:00,QSI,BUY,341.0000,512.4500
2022-09-16T21:00:00+00:00,RR.L,BUY,2471.0000,114.3900
2022-09-16T21:00:00+00:00,SEYE.ST,SELL,211.0000,208.9200
2022-09-16T21:00:00+00:00,SGLN.L,SELL,2987.0000,120.3200
2022-09-16T21:00:00+00:00,SHEL.L,SELL,1799.0000,189.3000
2022-09-16T21:00:00+00:00,SLX.AX,SELL,30.0000,548.1000
2022-09-16T21:00:00+00:00,SMGB.L,BUY,10475.0000,113.4300
2022-09-16T21:00:00+00:00,VUL.AX,BUY,106.0000,454.3300
2022-09-16T21:00:00+00:00,VYGR,SELL,734.0000,316.0400
2022-09-16T21:00:00+00:00,WBT.AX,BUY,567.0000,210.9800
2022-10-18T21:00:00+00:00,AL3.AX,SELL,229.0000,219.4400
2022-10-18T21:00:00+00:00,ALCLS.PA,BUY,601.0000,279.3600
2022-10-18T21:00:00+00:00,ALMDT.PA,BUY,136.0000,687.6100
2022-10-18T21:00:00+00:00,AXE.AX,BUY,129.0000,446.0600
2022-10-18T21:00:00+00:00,AZN.L,SELL,115.0000,149.5800
2022-10-18T21:00:00+00:00,BGO.L,BUY,12.0000,329.8200
2022-10-18T21:00:00+00:00,BRK-B,SELL,634.0000,150.6700
2022-10-18T21:00:00+00:00,BRNT.L,SELL,633.0000,276.1100
2022-10-18T21:00:00+00:00,DBMG.L,SELL,3945.0000,177.8700
2022-10-18T21:00:00+00:00,EDIT,BUY,59.0000,1426.0700
2022-10-18T21:00:00+00:00,EMV.AX,BUY,1013.0000,122.5100
2022-10-18T21:00:00+00:00,FTC.L,BUY,740.0000,147.6500
2022-10-18T21:00:00+00:00,GSIT,BUY,1612.0000,151.0800
2022-10-18T21:00:00+00:00,HSBA.L,BUY,2287.0000,135.1700
2022-10-18T21:00:00+00:00,IBTM.L,SELL,1083.0000,111.7500
2022-10-18T21:00:00+00:00,IDN,BUY,713.0000,171.8000
2022-10-18T21:00:00+00:00,IITU.L,SELL,196.0000,118.3500
2022-10-18T21:00:00+00:00,IPWR,BUY,341.0000,461.6000
2022-10-18T21:00:00+00:00,ISF.L,SELL,552.0000,115.6400
2022-10-18T21:00:00+00:00,LTBR,SELL,197.0000,243.1700
2022-10-18T21:00:00+00:00,MOLN.SW,SELL,21.0000,218.5100
2022-10-18T21:00:00+00:00,PLTR,SELL,3070.0000,142.4000
2022-10-18T21:00:00+00:00,PRQR,SELL,1624.0000,178.1100
2022-10-18T21:00:00+00:00,QSI,SELL,7.0000,490.4400
2022-10-18T21:00:00+00:00,RR.L,SELL,1005.0000,112.1400
2022-10-18T21:00:00+00:00,SEYE.ST,BUY,82.0000,195.8700
2022-10-18T21:00:00+00:00,SGLN.L,SELL,4253.0000,119.6500
2022-10-18T21:00:00+00:00,SHEL.L,SELL,622.0000,185.7100
2022-10-18T21:00:00+00:00,SLX.AX,BUY,237.0000,463.5100
2022-10-18T21:00:00+00:00,SMGB.L,BUY,9678.0000,100.2200
2022-10-18T21:00:00+00:00,VUL.AX,BUY,633.0000,337.7300
2022-10-18T21:00:00+00:00,VYGR,BUY,102.0000,292.1000
2022-10-18T21:00:00+00:00,WBT.AX,BUY,17.0000,200.4200
2022-11-16T21:00:00+00:00,AL3.AX,BUY,1579.0000,168.4800
2022-11-16T21:00:00+00:00,ALCLS.PA,BUY,723.0000,240.9500
2022-11-16T21:00:00+00:00,ALMDT.PA,BUY,74.0000,680.4200
2022-11-16T21:00:00+00:00,AXE.AX,BUY,270.0000,413.3000
2022-11-16T21:00:00+00:00,AZN.L,SELL,264.0000,163.3100
2022-11-16T21:00:00+00:00,BGO.L,BUY,83.0000,334.2100
2022-11-16T21:00:00+00:00,BRK-B,SELL,44.0000,157.8500
2022-11-16T21:00:00+00:00,BRNT.L,BUY,452.0000,279.1400
2022-11-16T21:00:00+00:00,DBMG.L,BUY,7356.0000,157.8900
2022-11-16T21:00:00+00:00,EDIT,BUY,74.0000,1339.9100
2022-11-16T21:00:00+00:00,EMV.AX,SELL,2486.0000,185.8800
2022-11-16T21:00:00+00:00,FTC.L,SELL,297.0000,161.0700
2022-11-16T21:00:00+00:00,GSIT,BUY,1055.0000,135.1800
2022-11-16T21:00:00+00:00,HSBA.L,BUY,597.0000,138.0000
2022-11-16T21:00:00+00:00,IBTM.L,BUY,4675.0000,109.2400
2022-11-16T21:00:00+00:00,IDN,BUY,1372.0000,144.0200
2022-11-16T21:00:00+00:00,IITU.L,BUY,66.0000,123.0500
2022-11-16T21:00:00+00:00,IPWR,SELL,334.0000,571.7000
2022-11-16T21:00:00+00:00,ISF.L,SELL,1606.0000,122.5600
2022-11-16T21:00:00+00:00,LTBR,BUY,271.0000,237.2000
2022-11-16T21:00:00+00:00,MOLN.SW,BUY,17.0000,226.7500
2022-11-16T21:00:00+00:00,PLTR,BUY,2893.0000,134.4300
2022-11-16T21:00:00+00:00,PRQR,BUY,248.0000,177.4300
2022-11-16T21:00:00+00:00,QSI,BUY,13.0000,507.4900
2022-11-16T21:00:00+00:00,RR.L,SELL,4013.0000,131.6700
2022-11-16T21:00:00+00:00,SEYE.ST,BUY,1345.0000,160.4900
2022-11-16T21:00:00+00:00,SGLN.L,BUY,1641.0000,122.5900
2022-11-16T21:00:00+00:00,SHEL.L,SELL,404.0000,197.1400
2022-11-16T21:00:00+00:00,SLX.AX,SELL,13.0000,485.6700
2022-11-16T21:00:00+00:00,SMGB.L,SELL,16442.0000,119.2300
2022-11-16T21:00:00+00:00,VUL.AX,SELL,499.0000,425.6400
2022-11-16T21:00:00+00:00,VYGR,BUY,863.0000,241.5900
2022-11-16T21:00:00+00:00,WBT.AX,SELL,1366.0000,290.7100
2022-12-15T21:00:00+00:00,AL3.AX,SELL,13.0000,163.2700
2022-12-15T21:00:00+00:00,ALCLS.PA,BUY,93.0000,227.9300
2022-12-15T21:00:00+00:00,ALMDT.PA,SELL,7.0000,660.8400
2022-12-15T21:00:00+00:00,AXE.AX,BUY,249.0000,362.7800
2022-12-15T21:00:00+00:00,AZN.L,SELL,466.0000,172.6100
2022-12-15T21:00:00+00:00,BGO.L,SELL,204.0000,346.4900
2022-12-15T21:00:00+00:00,BRK-B,BUY,253.0000,147.6500
2022-12-15T21:00:00+00:00,BRNT.L,BUY,1830.0000,241.2200
2022-12-15T21:00:00+00:00,DBMG.L,BUY,2014.0000,146.7400
2022-12-15T21:00:00+00:00,EDIT,BUY,179.0000,1047.3800
2022-12-15T21:00:00+00:00,EMV.AX,SELL,109.0000,183.4100
2022-12-15T21:00:00+00:00,FTC.L,SELL,1255.0000,194.6300
2022-12-15T21:00:00+00:00,GSIT,BUY,967.0000,115.7700
2022-12-15T21:00:00+00:00,HSBA.L,SELL,2007.0000,142.9800
2022-12-15T21:00:00+00:00,IBTM.L,SELL,2233.0000,108.8300
2022-12-15T21:00:00+00:00,IDN,BUY,40.0000,138.4600
2022-12-15T21:00:00+00:00,IITU.L,BUY,476.0000,117.4500
2022-12-15T21:00:00+00:00,IPWR,BUY,595.0000,413.7700
2022-12-15T21:00:00+00:00,ISF.L,SELL,4206.0000,124.2100
2022-12-15T21:00:00+00:00,LTBR,BUY,257.0000,216.3400
2022-12-15T21:00:00+00:00,MOLN.SW,BUY,135.0000,212.8000
2022-12-15T21:00:00+00:00,PLTR,BUY,5012.0000,111.8400
2022-12-15T21:00:00+00:00,PRQR,SELL,2373.0000,293.8000
2022-12-15T21:00:00+00:00,QSI,BUY,828.0000,346.7600
2022-12-15T21:00:00+00:00,RR.L,SELL,1696.0000,134.5600
2022-12-15T21:00:00+00:00,SEYE.ST,BUY,929.0000,135.2700
2022-12-15T21:00:00+00:00,SGLN.L,SELL,629.0000,119.2900
2022-12-15T21:00:00+00:00,SHEL.L,BUY,26.0000,190.4000
2022-12-15T21:00:00+00:00,SLX.AX,BUY,95.0000,449.1200
2022-12-15T21:00:00+00:00,SMGB.L,BUY,436.0000,114.8600
2022-12-15T21:00:00+00:00,VUL.AX,BUY,417.0000,350.1700
2022-12-15T21:00:00+00:00,VYGR,SELL,386.0000,257.2800
2022-12-15T21:00:00+00:00,WBT.AX,SELL,559.0000,334.8100
2023-01-18T21:00:00+00:00,AL3.AX,SELL,144.0000,180.0500
2023-01-18T21:00:00+00:00,ALCLS.PA,SELL,1355.0000,358.4000
2023-01-18T21:00:00+00:00,ALMDT.PA,BUY,137.0000,651.2800
2023-01-18T21:00:00+00:00,AXE.AX,BUY,98.0000,376.7500
2023-01-18T21:00:00+00:00,AZN.L,BUY,280.0000,175.9200
2023-01-18T21:00:00+00:00,BGO.L,SELL,32.0000,377.1900
2023-01-18T21:00:00+00:00,BRK-B,BUY,329.0000,152.4200
2023-01-18T21:00:00+00:00,BRNT.L,SELL,177.0000,262.3200
2023-01-18T21:00:00+00:00,DBMG.L,BUY,3732.0000,147.3200
2023-01-18T21:00:00+00:00,EDIT,BUY,293.0000,857.8800
2023-01-18T21:00:00+00:00,EMV.AX,BUY,1132.0000,162.8600
2023-01-18T21:00:00+00:00,FTC.L,BUY,1249.0000,167.7900
2023-01-18T21:00:00+00:00,GSIT,SELL,1645.0000,154.6900
2023-01-18T21:00:00+00:00,HSBA.L,SELL,2873.0000,171.4300
2023-01-18T21:00:00+00:00,IBTM.L,BUY,5797.0000,108.6000
2023-01-18T21:00:00+00:00,IDN,SELL,894.0000,170.6200
2023-01-18T21:00:00+00:00,IITU.L,BUY,2949.0000,117.0500
2023-01-18T21:00:00+00:00,IPWR,SELL,183.0000,482.5200
2023-01-18T21:00:00+00:00,ISF.L,BUY,1740.0000,131.0800
2023-01-18T21:00:00+00:00,LTBR,BUY,969.0000,191.7800
2023-01-18T21:00:00+00:00,MOLN.SW,BUY,127.0000,222.9100
2023-01-18T21:00:00+00:00,PLTR,BUY,2930.0000,111.2900
2023-01-18T21:00:00+00:00,PRQR,SELL,1479.0000,568.9900
2023-01-18T21:00:00+00:00,QSI,SELL,2.0000,373.3900
2023-01-18T21:00:00+00:00,RR.L,SELL,3398.0000,163.4400
2023-01-18T21:00:00+00:00,SEYE.ST,BUY,1249.0000,124.1600
2023-01-18T21:00:00+00:00,SGLN.L,BUY,1379.0000,126.6400
2023-01-18T21:00:00+00:00,SHEL.L,BUY,532.0000,199.8800
2023-01-18T21:00:00+00:00,SLX.AX,SELL,654.0000,690.8900
2023-01-18T21:00:00+00:00,SMGB.L,BUY,2850.0000,120.6600
2023-01-18T21:00:00+00:00,VUL.AX,SELL,87.0000,388.9800
2023-01-18T21:00:00+00:00,VYGR,SELL,1262.0000,414.3700
2023-01-18T21:00:00+00:00,WBT.AX,SELL,146.0000,379.3400
2023-02-16T21:00:00+00:00,AL3.AX,BUY,102.0000,186.3800
2023-02-16T21:00:00+00:00,ALCLS.PA,BUY,1178.0000,269.4300
2023-02-16T21:00:00+00:00,ALMDT.PA,BUY,264.0000,589.4300
2023-02-16T21:00:00+00:00,AXE.AX,BUY,270.0000,361.9000
2023-02-16T21:00:00+00:00,AZN.L,BUY,388.0000,172.6400
2023-02-16T21:00:00+00:00,BGO.L,SELL,91.0000,410.5300
2023-02-16T21:00:00+00:00,BRK-B,BUY,263.0000,155.4600
2023-02-16T21:00:00+00:00,BRNT.L,BUY,887.0000,262.5900
2023-02-16T21:00:00+00:00,DBMG.L,BUY,1124.0000,152.0700
2023-02-16T21:00:00+00:00,EDIT,SELL,196.0000,1075.0100
2023-02-16T21:00:00+00:00,EMV.AX,BUY,1273.0000,143.3100
2023-02-16T21:00:00+00:00,FTC.L,SELL,375.0000,187.9200
2023-02-16T21:00:00+00:00,GSIT,BUY,2760.0000,115.9300
2023-02-16T21:00:00+00:00,HSBA.L,BUY,150.0000,179.4700
2023-02-16T21:00:00+00:00,IBTM.L,BUY,4484.0000,108.2700
2023-02-16T21:00:00+00:00,IDN,BUY,46.0000,178.3600
2023-02-16T21:00:00+00:00,IITU.L,SELL,2612.0000,131.9200
2023-02-16T21:00:00+00:00,IPWR,SELL,119.0000,537.4700
2023-02-16T21:00:00+00:00,ISF.L,BUY,2611.0000,134.1200
2023-02-16T21:00:00+00:00,LTBR,SELL,403.0000,217.9500
2023-02-16T21:00:00+00:00,MOLN.SW,BUY,666.0000,205.7400
2023-02-16T21:00:00+00:00,PLTR,SELL,10350.0000,159.8000
2023-02-16T21:00:00+00:00,PRQR,BUY,251.0000,527.6200
2023-02-16T21:00:00+00:00,QSI,BUY,480.0000,336.0600
2023-02-16T21:00:00+00:00,RR.L,BUY,50.0000,171.8000
2023-02-16T21:00:00+00:00,SEYE.ST,SELL,1746.0000,164.6400
2023-02-16T21:00:00+00:00,SGLN.L,BUY,6397.0000,125.4400
2023-02-16T21:00:00+00:00,SHEL.L,SELL,666.0000,217.1900
2023-02-16T21:00:00+00:00,SLX.AX,SELL,114.0000,786.3500
2023-02-16T21:00:00+00:00,SMGB.L,SELL,6902.0000,134.9000
2023-02-16T21:00:00+00:00,VUL.AX,BUY,498.0000,346.0100
2023-02-16T21:00:00+00:00,VYGR,BUY,721.0000,339.9800
2023-02-16T21:00:00+00:00,WBT.AX,SELL,542.0000,496.5100
2023-03-17T21:00:00+00:00,AL3.AX,BUY,337.0000,169.5500
2023-03-17T21:00:00+00:00,ALCLS.PA,BUY,1073.0000,205.4800
2023-03-17T21:00:00+00:00,ALMDT.PA,SELL,258.0000,656.6800
2023-03-17T21:00:00+00:00,AXE.AX,BUY,942.0000,266.0500
2023-03-17T21:00:00+00:00,AZN.L,SELL,26.0000,166.7000
2023-03-17T21:00:00+00:00,BGO.L,SELL,126.0000,414.0400
2023-03-17T21:00:00+00:00,BRK-B,BUY,126.0000,147.2000
2023-03-17T21:00:00+00:00,BRNT.L,BUY,2002.0000,227.0600
2023-03-17T21:00:00+00:00,DBMG.L,BUY,3878.0000,136.8100
2023-03-17T21:00:00+00:00,EDIT,BUY,156.0000,898.1200
2023-03-17T21:00:00+00:00,EMV.AX,BUY,835.0000,124.3300
2023-03-17T21:00:00+00:00,FTC.L,BUY,582.0000,164.4300
2023-03-17T21:00:00+00:00,GSIT,BUY,738.0000,103.4500
2023-03-17T21:00:00+00:00,HSBA.L,BUY,1639.0000,162.0400
2023-03-17T21:00:00+00:00,IBTM.L,SELL,4731.0000,110.2800
2023-03-17T21:00:00+00:00,IDN,BUY,286.0000,163.9000
2023-03-17T21:00:00+00:00,IITU.L,SELL,1080.0000,130.6000
2023-03-17T21:00:00+00:00,IPWR,BUY,313.0000,448.6700
2023-03-17T21:00:00+00:00,ISF.L,BUY,3762.0000,123.8500
2023-03-17T21:00:00+00:00,LTBR,BUY,836.0000,179.9400
2023-03-17T21:00:00+00:00,MOLN.SW,BUY,208.0000,190.4200
2023-03-17T21:00:00+00:00,PLTR,BUY,5451.0000,128.9300
2023-03-17T21:00:00+00:00,PRQR,SELL,295.0000,589.8800
2023-03-17T21:00:00+00:00,QSI,BUY,426.0000,286.1400
2023-03-17T21:00:00+00:00,RR.L,SELL,5836.0000,211.8100
2023-03-17T21:00:00+00:00,SEYE.ST,SELL,44.0000,159.2900
2023-03-17T21:00:00+00:00,SGLN.L,SELL,9265.0000,131.9400
2023-03-17T21:00:00+00:00,SHEL.L,BUY,2586.0000,185.8400
2023-03-17T21:00:00+00:00,SLX.AX,BUY,589.0000,533.3200
2023-03-17T21:00:00+00:00,SMGB.L,SELL,4851.0000,135.5400
2023-03-17T21:00:00+00:00,VUL.AX,BUY,121.0000,320.5400
2023-03-17T21:00:00+00:00,VYGR,SELL,303.0000,360.2800
2023-03-17T21:00:00+00:00,WBT.AX,SELL,581.0000,645.0200
2023-04-19T21:00:00+00:00,AL3.AX,SELL,290.0000,180.5800
2023-04-19T21:00:00+00:00,ALCLS.PA,SELL,60.0000,211.1400
2023-04-19T21:00:00+00:00,ALMDT.PA,BUY,68.0000,640.3200
2023-04-19T21:00:00+00:00,AXE.AX,BUY,629.0000,233.6200
2023-04-19T21:00:00+00:00,AZN.L,SELL,475.0000,184.8600
2023-04-19T21:00:00+00:00,BGO.L,BUY,436.0000,359.6500
2023-04-19T21:00:00+00:00,BRK-B,SELL,449.0000,157.9300
2023-04-19T21:00:00+00:00,BRNT.L,SELL,1720.0000,252.4400
2023-04-19T21:00:00+00:00,DBMG.L,BUY,806.0000,137.1500
2023-04-19T21:00:00+00:00,EDIT,BUY,93.0000,846.0700
2023-04-19T21:00:00+00:00,EMV.AX,SELL,1037.0000,143.6700
2023-04-19T21:00:00+00:00,FTC.L,BUY,383.0000,157.7200
2023-04-19T21:00:00+00:00,GSIT,SELL,2013.0000,130.6000
2023-04-19T21:00:00+00:00,HSBA.L,SELL,1070.0000,171.4000
2023-04-19T21:00:00+00:00,IBTM.L,BUY,3859.0000,106.8300
2023-04-19T21:00:00+00:00,IDN,BUY,334.0000,158.3600
2023-04-19T21:00:00+00:00,IITU.L,SELL,218.0000,133.4700
2023-04-19T21:00:00+00:00,IPWR,BUY,243.0000,413.4500
2023-04-19T21:00:00+00:00,ISF.L,SELL,5541.0000,133.5500
2023-04-19T21:00:00+00:00,LTBR,BUY,78.0000,180.4300
2023-04-19T21:00:00+00:00,MOLN.SW,SELL,197.0000,200.5000
2023-04-19T21:00:00+00:00,PLTR,SELL,1108.0000,135.3900
2023-04-19T21:00:00+00:00,PRQR,BUY,938.0000,394.4900
2023-04-19T21:00:00+00:00,QSI,BUY,636.0000,248.2600
2023-04-19T21:00:00+00:00,RR.L,SELL,1706.0000,234.5300
2023-04-19T21:00:00+00:00,SEYE.ST,SELL,349.0000,170.7300
2023-04-19T21:00:00+00:00,SGLN.L,BUY,1937.0000,131.4400
2023-04-19T21:00:00+00:00,SHEL.L,SELL,1997.0000,206.2800
2023-04-19T21:00:00+00:00,SLX.AX,BUY,27.0000,534.4800
2023-04-19T21:00:00+00:00,SMGB.L,BUY,5290.0000,131.2100
2023-04-19T21:00:00+00:00,VUL.AX,BUY,156.0000,311.0500
2023-04-19T21:00:00+00:00,VYGR,BUY,129.0000,350.7100
2023-04-19T21:00:00+00:00,WBT.AX,BUY,647.0000,470.7200
2023-05-22T21:00:00+00:00,AL3.AX,BUY,1393.0000,153.5200
2023-05-22T21:00:00+00:00,ALCLS.PA,BUY,992.0000,185.3700
2023-05-22T21:00:00+00:00,ALMDT.PA,BUY,1057.0000,412.8300
2023-05-22T21:00:00+00:00,AXE.AX,BUY,478.0000,221.8400
2023-05-22T21:00:00+00:00,AZN.L,BUY,227.0000,185.5400
2023-05-22T21:00:00+00:00,BGO.L,BUY,143.0000,359.6500
2023-05-22T21:00:00+00:00,BRK-B,BUY,251.0000,160.4200
2023-05-22T21:00:00+00:00,BRNT.L,BUY,2705.0000,230.2500
2023-05-22T21:00:00+00:00,DBMG.L,BUY,2644.0000,137.7400
2023-05-22T21:00:00+00:00,EDIT,SELL,152.0000,1005.3000
2023-05-22T21:00:00+00:00,EMV.AX,BUY,424.0000,142.5100
2023-05-22T21:00:00+00:00,FTC.L,SELL,365.0000,174.5000
2023-05-22T21:00:00+00:00,GSIT,SELL,5414.0000,394.0700
2023-05-22T21:00:00+00:00,HSBA.L,SELL,1025.0000,186.9500
2023-05-22T21:00:00+00:00,IBTM.L,BUY,4132.0000,106.6200
2023-05-22T21:00:00+00:00,IDN,BUY,18.0000,165.4600
2023-05-22T21:00:00+00:00,IITU.L,SELL,500.0000,141.8000
2023-05-22T21:00:00+00:00,IPWR,BUY,141.0000,411.0800
2023-05-22T21:00:00+00:00,ISF.L,BUY,5252.0000,132.2000
2023-05-22T21:00:00+00:00,LTBR,SELL,730.0000,215.1600
2023-05-22T21:00:00+00:00,MOLN.SW,BUY,77.0000,207.0900
2023-05-22T21:00:00+00:00,PLTR,SELL,8095.0000,188.2700
2023-05-22T21:00:00+00:00,PRQR,BUY,622.0000,336.9200
2023-05-22T21:00:00+00:00,QSI,SELL,329.0000,281.3000
2023-05-22T21:00:00+00:00,RR.L,BUY,657.0000,237.4700
2023-05-22T21:00:00+00:00,SEYE.ST,BUY,1941.0000,136.9500
2023-05-22T21:00:00+00:00,SGLN.L,BUY,5798.0000,130.1700
2023-05-22T21:00:00+00:00,SHEL.L,BUY,1395.0000,202.9600
2023-05-22T21:00:00+00:00,SLX.AX,SELL,134.0000,599.7300
2023-05-22T21:00:00+00:00,SMGB.L,SELL,2130.0000,140.1100
2023-05-22T21:00:00+00:00,VUL.AX,BUY,1717.0000,218.2500
2023-05-22T21:00:00+00:00,VYGR,SELL,1235.0000,612.3200
2023-05-22T21:00:00+00:00,WBT.AX,BUY,203.0000,453.1900
2023-06-21T21:00:00+00:00,AL3.AX,BUY,2108.0000,121.8000
2023-06-21T21:00:00+00:00,ALCLS.PA,SELL,234.0000,196.5300
2023-06-21T21:00:00+00:00,ALMDT.PA,SELL,455.0000,504.4300
2023-06-21T21:00:00+00:00,AXE.AX,SELL,2240.0000,402.4900
2023-06-21T21:00:00+00:00,AZN.L,BUY,321.0000,178.6000
2023-06-21T21:00:00+00:00,BGO.L,BUY,272.0000,337.7200
2023-06-21T21:00:00+00:00,BRK-B,BUY,126.0000,161.1100
2023-06-21T21:00:00+00:00,BRNT.L,BUY,464.0000,229.6900
2023-06-21T21:00:00+00:00,DBMG.L,BUY,1728.0000,136.7600
2023-06-21T21:00:00+00:00,EDIT,BUY,289.0000,816.4200
2023-06-21T21:00:00+00:00,EMV.AX,BUY,2081.0000,115.2000
2023-06-21T21:00:00+00:00,FTC.L,SELL,345.0000,187.9200
2023-06-21T21:00:00+00:00,GSIT,SELL,534.0000,493.3600
2023-06-21T21:00:00+00:00,HSBA.L,BUY,452.0000,187.2300
2023-06-21T21:00:00+00:00,IBTM.L,BUY,4288.0000,103.6300
2023-06-21T21:00:00+00:00,IDN,SELL,140.0000,172.2400
2023-06-21T21:00:00+00:00,IITU.L,SELL,1370.0000,150.4100
2023-06-21T21:00:00+00:00,IPWR,BUY,8.0000,417.9200
2023-06-21T21:00:00+00:00,ISF.L,BUY,4388.0000,128.8700
2023-06-21T21:00:00+00:00,LTBR,SELL,683.0000,252.0400
2023-06-21T21:00:00+00:00,MOLN.SW,BUY,399.0000,196.8300
2023-06-21T21:00:00+00:00,PLTR,SELL,3836.0000,227.2400
2023-06-21T21:00:00+00:00,PRQR,BUY,472.0000,301.3300
2023-06-21T21:00:00+00:00,QSI,BUY,915.0000,233.8000
2023-06-21T21:00:00+00:00,RR.L,BUY,354.0000,237.8500
2023-06-21T21:00:00+00:00,SEYE.ST,BUY,1158.0000,122.5200
2023-06-21T21:00:00+00:00,SGLN.L,BUY,7141.0000,124.3600
2023-06-21T21:00:00+00:00,SHEL.L,BUY,763.0000,200.2900
2023-06-21T21:00:00+00:00,SLX.AX,BUY,13.0000,607.3200
2023-06-21T21:00:00+00:00,SMGB.L,SELL,7063.0000,152.6400
2023-06-21T21:00:00+00:00,VUL.AX,BUY,270.0000,211.5500
2023-06-21T21:00:00+00:00,VYGR,BUY,268.0000,545.5000
2023-06-21T21:00:00+00:00,WBT.AX,SELL,667.0000,630.0400
2023-07-20T21:00:00+00:00,AL3.AX,SELL,29.0000,124.2000
2023-07-20T21:00:00+00:00,ALCLS.PA,SELL,1118.0000,246.6300
2023-07-20T21:00:00+00:00,ALMDT.PA,BUY,416.0000,434.0300
2023-07-20T21:00:00+00:00,AXE.AX,BUY,750.0000,324.5200
2023-07-20T21:00:00+00:00,AZN.L,BUY,579.0000,164.8800
2023-07-20T21:00:00+00:00,BGO.L,BUY,351.0000,311.4000
2023-07-20T21:00:00+00:00,BRK-B,BUY,56.0000,162.6900
2023-07-20T21:00:00+00:00,BRNT.L,SELL,83.0000,234.3900
2023-07-20T21:00:00+00:00,DBMG.L,BUY,1604.0000,135.7100
2023-07-20T21:00:00+00:00,EDIT,SELL,82.0000,880.7300
2023-07-20T21:00:00+00:00,EMV.AX,BUY,1362.0000,103.1200
2023-07-20T21:00:00+00:00,FTC.L,SELL,504.0000,208.0500
2023-07-20T21:00:00+00:00,GSIT,BUY,1246.0000,327.5000
2023-07-20T21:00:00+00:00,HSBA.L,SELL,462.0000,193.8600
2023-07-20T21:00:00+00:00,IBTM.L,BUY,2635.0000,102.4000
2023-07-20T21:00:00+00:00,IDN,BUY,151.0000,171.2400
2023-07-20T21:00:00+00:00,IITU.L,SELL,942.0000,157.2500
2023-07-20T21:00:00+00:00,IPWR,SELL,224.0000,462.2900
2023-07-20T21:00:00+00:00,ISF.L,BUY,369.0000,130.5200
2023-07-20T21:00:00+00:00,LTBR,BUY,10.0000,255.6900
2023-07-20T21:00:00+00:00,MOLN.SW,BUY,225.0000,192.6900
2023-07-20T21:00:00+00:00,PLTR,SELL,2494.0000,262.3100
2023-07-20T21:00:00+00:00,PRQR,BUY,307.0000,283.6800
2023-07-20T21:00:00+00:00,QSI,SELL,2521.0000,484.5100
2023-07-20T21:00:00+00:00,RR.L,BUY,744.0000,233.0900
2023-07-20T21:00:00+00:00,SEYE.ST,SELL,595.0000,132.9200
2023-07-20T21:00:00+00:00,SGLN.L,BUY,637.0000,125.7100
2023-07-20T21:00:00+00:00,SHEL.L,BUY,71.0000,203.0000
2023-07-20T21:00:00+00:00,SLX.AX,BUY,270.0000,540.7200
2023-07-20T21:00:00+00:00,SMGB.L,SELL,408.0000,155.7800
2023-07-20T21:00:00+00:00,VUL.AX,SELL,510.0000,237.1600
2023-07-20T21:00:00+00:00,VYGR,BUY,941.0000,384.0300
2023-07-20T21:00:00+00:00,WBT.AX,BUY,575.0000,487.6600
2023-08-18T21:00:00+00:00,AL3.AX,SELL,2279.0000,159.0300
2023-08-18T21:00:00+00:00,ALCLS.PA,BUY,1306.0000,188.2500
2023-08-18T21:00:00+00:00,ALMDT.PA,SELL,34.0000,427.4500
2023-08-18T21:00:00+00:00,AXE.AX,BUY,663.0000,266.7400
2023-08-18T21:00:00+00:00,AZN.L,SELL,192.0000,165.3500
2023-08-18T21:00:00+00:00,BGO.L,SELL,301.0000,328.9500
2023-08-18T21:00:00+00:00,BRK-B,SELL,490.0000,167.9400
2023-08-18T21:00:00+00:00,BRNT.L,SELL,2258.0000,254.9500
2023-08-18T21:00:00+00:00,DBMG.L,SELL,3724.0000,139.6800
2023-08-18T21:00:00+00:00,EDIT,SELL,40.0000,882.6200
2023-08-18T21:00:00+00:00,EMV.AX,SELL,1768.0000,118.6700
2023-08-18T21:00:00+00:00,FTC.L,SELL,329.0000,214.7700
2023-08-18T21:00:00+00:00,GSIT,BUY,1293.0000,234.1100
2023-08-18T21:00:00+00:00,HSBA.L,BUY,1306.0000,179.1000
2023-08-18T21:00:00+00:00,IBTM.L,SELL,1127.0000,100.7700
2023-08-18T21:00:00+00:00,IDN,SELL,132.0000,169.7600
2023-08-18T21:00:00+00:00,IITU.L,BUY,1597.0000,145.8600
2023-08-18T21:00:00+00:00,IPWR,BUY,243.0000,410.2800
2023-08-18T21:00:00+00:00,ISF.L,BUY,1608.0000,124.9000
2023-08-18T21:00:00+00:00,LTBR,BUY,747.0000,213.8600
2023-08-18T21:00:00+00:00,MOLN.SW,BUY,292.0000,178.8300
2023-08-18T21:00:00+00:00,PLTR,BUY,2571.0000,223.7800
2023-08-18T21:00:00+00:00,PRQR,BUY,133.0000,267.2100
2023-08-18T21:00:00+00:00,QSI,BUY,1268.0000,309.4800
2023-08-18T21:00:00+00:00,RR.L,SELL,5255.0000,303.7400
2023-08-18T21:00:00+00:00,SEYE.ST,BUY,2.0000,129.2100
2023-08-18T21:00:00+00:00,SGLN.L,BUY,365.0000,121.8400
2023-08-18T21:00:00+00:00,SHEL.L,SELL,560.0000,202.1400
2023-08-18T21:00:00+00:00,SLX.AX,BUY,418.0000,440.8800
2023-08-18T21:00:00+00:00,SMGB.L,BUY,3540.0000,146.4300
2023-08-18T21:00:00+00:00,VUL.AX,BUY,2067.0000,162.7500
2023-08-18T21:00:00+00:00,VYGR,SELL,220.0000,402.2700
2023-08-18T21:00:00+00:00,WBT.AX,BUY,438.0000,401.3000
2023-09-19T21:00:00+00:00,AL3.AX,SELL,537.0000,179.7300
2023-09-19T21:00:00+00:00,ALCLS.PA,BUY,866.0000,172.3000
2023-09-19T21:00:00+00:00,ALMDT.PA,BUY,478.0000,379.3300
2023-09-19T21:00:00+00:00,AXE.AX,BUY,469.0000,251.4400
2023-09-19T21:00:00+00:00,AZN.L,BUY,306.0000,164.7000
2023-09-19T21:00:00+00:00,BGO.L,BUY,102.0000,334.2100
2023-09-19T21:00:00+00:00,BRK-B,SELL,265.0000,181.7000
2023-09-19T21:00:00+00:00,BRNT.L,SELL,1824.0000,294.9100
2023-09-19T21:00:00+00:00,DBMG.L,SELL,269.0000,146.7100
2023-09-19T21:00:00+00:00,EDIT,BUY,131.0000,838.4300
2023-09-19T21:00:00+00:00,EMV.AX,SELL,1626.0000,149.3000
2023-09-19T21:00:00+00:00,FTC.L,BUY,193.0000,216.7800
2023-09-19T21:00:00+00:00,GSIT,BUY,1169.0000,197.5900
2023-09-19T21:00:00+00:00,HSBA.L,SELL,832.0000,193.4600
2023-09-19T21:00:00+00:00,IBTM.L,BUY,2090.0000,103.0800
2023-09-19T21:00:00+00:00,IDN,BUY,273.0000,170.6400
2023-09-19T21:00:00+00:00,IITU.L,SELL,333.0000,154.0300
2023-09-19T21:00:00+00:00,IPWR,BUY,82.0000,416.8300
2023-09-19T21:00:00+00:00,ISF.L,SELL,1009.0000,131.9400
2023-09-19T21:00:00+00:00,LTBR,BUY,677.0000,198.5400
2023-09-19T21:00:00+00:00,MOLN.SW,BUY,2408.0000,135.8600
2023-09-19T21:00:00+00:00,PLTR,SELL,723.0000,242.4000
2023-09-19T21:00:00+00:00,PRQR,BUY,96.0000,273.3400
2023-09-19T21:00:00+00:00,QSI,SELL,174.0000,339.6700
2023-09-19T21:00:00+00:00,RR.L,SELL,1064.0000,341.1800
2023-09-19T21:00:00+00:00,SEYE.ST,SELL,973.0000,151.8300
2023-09-19T21:00:00+00:00,SGLN.L,SELL,455.0000,127.9400
2023-09-19T21:00:00+00:00,SHEL.L,SELL,1285.0000,223.8100
2023-09-19T21:00:00+00:00,SLX.AX,SELL,300.0000,521.4100
2023-09-19T21:00:00+00:00,SMGB.L,BUY,1257.0000,151.3600
2023-09-19T21:00:00+00:00,VUL.AX,BUY,250.0000,164.3700
2023-09-19T21:00:00+00:00,VYGR,BUY,502.0000,357.6700
2023-09-19T21:00:00+00:00,WBT.AX,BUY,1401.0000,281.4100
2023-10-18T21:00:00+00:00,AL3.AX,BUY,616.0000,163.1600
2023-10-18T21:00:00+00:00,ALCLS.PA,BUY,2042.0000,132.0400
2023-10-18T21:00:00+00:00,ALMDT.PA,SELL,147.0000,394.5900
2023-10-18T21:00:00+00:00,AXE.AX,BUY,577.0000,222.4000
2023-10-18T21:00:00+00:00,AZN.L,SELL,51.0000,164.6400
2023-10-18T21:00:00+00:00,BGO.L,BUY,341.0000,302.6300
2023-10-18T21:00:00+00:00,BRK-B,BUY,461.0000,170.0000
2023-10-18T21:00:00+00:00,BRNT.L,SELL,26.0000,292.9000
2023-10-18T21:00:00+00:00,DBMG.L,SELL,2905.0000,152.4900
2023-10-18T21:00:00+00:00,EDIT,BUY,258.0000,704.2300
2023-10-18T21:00:00+00:00,EMV.AX,BUY,667.0000,136.6800
2023-10-18T21:00:00+00:00,FTC.L,BUY,5.0000,214.7700
2023-10-18T21:00:00+00:00,GSIT,BUY,988.0000,168.4600
2023-10-18T21:00:00+00:00,HSBA.L,SELL,968.0000,199.4700
2023-10-18T21:00:00+00:00,IBTM.L,BUY,841.0000,101.3300
2023-10-18T21:00:00+00:00,IDN,BUY,1605.0000,137.6900
2023-10-18T21:00:00+00:00,IITU.L,SELL,930.0000,157.0000
2023-10-18T21:00:00+00:00,IPWR,BUY,362.0000,367.0700
2023-10-18T21:00:00+00:00,ISF.L,SELL,149.0000,131.0400
2023-10-18T21:00:00+00:00,LTBR,SELL,939.0000,233.2600
2023-10-18T21:00:00+00:00,MOLN.SW,BUY,679.0000,125.0900
2023-10-18T21:00:00+00:00,PLTR,SELL,2854.0000,279.8400
2023-10-18T21:00:00+00:00,PRQR,BUY,566.0000,240.0400
2023-10-18T21:00:00+00:00,QSI,BUY,2069.0000,212.1700
2023-10-18T21:00:00+00:00,RR.L,BUY,1130.0000,313.7100
2023-10-18T21:00:00+00:00,SEYE.ST,BUY,601.0000,139.9000
2023-10-18T21:00:00+00:00,SGLN.L,SELL,3738.0000,131.1900
2023-10-18T21:00:00+00:00,SHEL.L,SELL,1433.0000,237.4700
2023-10-18T21:00:00+00:00,SLX.AX,BUY,353.0000,448.1700
2023-10-18T21:00:00+00:00,SMGB.L,SELL,3205.0000,154.7100
2023-10-18T21:00:00+00:00,VUL.AX,BUY,1500.0000,135.1500
2023-10-18T21:00:00+00:00,VYGR,BUY,298.0000,325.6900
2023-10-18T21:00:00+00:00,WBT.AX,BUY,458.0000,251.9400
2023-11-16T21:00:00+00:00,AL3.AX,SELL,697.0000,185.5400
2023-11-16T21:00:00+00:00,ALCLS.PA,SELL,4564.0000,275.9600
2023-11-16T21:00:00+00:00,ALMDT.PA,BUY,353.0000,363.0500
2023-11-16T21:00:00+00:00,AXE.AX,BUY,132.0000,223.1500
2023-11-16T21:00:00+00:00,AZN.L,BUY,467.0000,157.7200
2023-11-16T21:00:00+00:00,BGO.L,BUY,111.0000,302.6300
2023-11-16T21:00:00+00:00,BRK-B,SELL,53.0000,175.9400
2023-11-16T21:00:00+00:00,BRNT.L,BUY,3415.0000,251.2500
2023-11-16T21:00:00+00:00,DBMG.L,BUY,6331.0000,141.9300
2023-11-16T21:00:00+00:00,EDIT,SELL,356.0000,918.4600
2023-11-16T21:00:00+00:00,EMV.AX,SELL,171.0000,143.3700
2023-11-16T21:00:00+00:00,FTC.L,BUY,157.0000,214.7700
2023-11-16T21:00:00+00:00,GSIT,BUY,498.0000,161.7700
2023-11-16T21:00:00+00:00,HSBA.L,BUY,2052.0000,189.2000
2023-11-16T21:00:00+00:00,IBTM.L,BUY,1428.0000,102.6700
2023-11-16T21:00:00+00:00,IDN,BUY,1622.0000,119.1500
2023-11-16T21:00:00+00:00,IITU.L,SELL,993.0000,166.3800
2023-11-16T21:00:00+00:00,IPWR,BUY,416.0000,334.4200
2023-11-16T21:00:00+00:00,ISF.L,BUY,4993.0000,128.3700
2023-11-16T21:00:00+00:00,LTBR,BUY,1555.0000,183.6900
2023-11-16T21:00:00+00:00,MOLN.SW,SELL,857.0000,141.4100
2023-11-16T21:00:00+00:00,PLTR,SELL,1521.0000,315.3400
2023-11-16T21:00:00+00:00,PRQR,SELL,87.0000,251.2600
2023-11-16T21:00:00+00:00,QSI,SELL,818.0000,255.5700
2023-11-16T21:00:00+00:00,RR.L,SELL,1956.0000,369.1100
2023-11-16T21:00:00+00:00,SEYE.ST,SELL,2166.0000,193.2300
2023-11-16T21:00:00+00:00,SGLN.L,BUY,3302.0000,130.9700
2023-11-16T21:00:00+00:00,SHEL.L,BUY,2136.0000,221.1400
2023-11-16T21:00:00+00:00,SLX.AX,SELL,197.0000,497.8500
2023-11-16T21:00:00+00:00,SMGB.L,SELL,4771.0000,166.7000
2023-11-16T21:00:00+00:00,VUL.AX,BUY,52.0000,138.1600
2023-11-16T21:00:00+00:00,VYGR,BUY,557.0000,290.4800
2023-11-16T21:00:00+00:00,WBT.AX,SELL,821.0000,313.7500
2023-12-15T21:00:00+00:00,AL3.AX,SELL,514.0000,207.6300
2023-12-15T21:00:00+00:00,ALCLS.PA,SELL,321.0000,306.9700
2023-12-15T21:00:00+00:00,ALMDT.PA,BUY,20.0000,372.3500
2023-12-15T21:00:00+00:00,AXE.AX,BUY,698.0000,204.1300
2023-12-15T21:00:00+00:00,AZN.L,BUY,202.0000,158.0300
2023-12-15T21:00:00+00:00,BGO.L,SELL,399.0000,346.4900
2023-12-15T21:00:00+00:00,BRK-B,BUY,571.0000,169.5400
2023-12-15T21:00:00+00:00,BRNT.L,BUY,1523.0000,241.3400
2023-12-15T21:00:00+00:00,DBMG.L,BUY,6486.0000,133.4400
2023-12-15T21:00:00+00:00,EDIT,SELL,197.0000,1112.1200
2023-12-15T21:00:00+00:00,EMV.AX,BUY,900.0000,133.7500
2023-12-15T21:00:00+00:00,FTC.L,SELL,933.0000,265.1000
2023-12-15T21:00:00+00:00,GSIT,SELL,539.0000,179.7400
2023-12-15T21:00:00+00:00,HSBA.L,BUY,826.0000,189.2600
2023-12-15T21:00:00+00:00,IBTM.L,BUY,807.0000,105.0400
2023-12-15T21:00:00+00:00,IDN,SELL,1075.0000,137.3300
2023-12-15T21:00:00+00:00,IITU.L,BUY,118.0000,171.0100
2023-12-15T21:00:00+00:00,IPWR,BUY,545.0000,300.1400
2023-12-15T21:00:00+00:00,ISF.L,BUY,658.0000,131.6000
2023-12-15T21:00:00+00:00,LTBR,BUY,1596.0000,152.7600
2023-12-15T21:00:00+00:00,MOLN.SW,BUY,544.0000,137.2100
2023-12-15T21:00:00+00:00,PLTR,BUY,2412.0000,282.3700
2023-12-15T21:00:00+00:00,PRQR,SELL,1454.0000,370.0300
2023-12-15T21:00:00+00:00,QSI,SELL,53.0000,266.6200
2023-12-15T21:00:00+00:00,RR.L,SELL,1770.0000,437.9500
2023-12-15T21:00:00+00:00,SEYE.ST,SELL,451.0000,214.6500
2023-12-15T21:00:00+00:00,SGLN.L,BUY,3192.0000,131.4000
2023-12-15T21:00:00+00:00,SHEL.L,BUY,1203.0000,216.6000
2023-12-15T21:00:00+00:00,SLX.AX,SELL,381.0000,608.1400
2023-12-15T21:00:00+00:00,SMGB.L,SELL,4927.0000,180.9000
2023-12-15T21:00:00+00:00,VUL.AX,BUY,914.0000,129.1500
2023-12-15T21:00:00+00:00,VYGR,SELL,544.0000,344.2300
2023-12-15T21:00:00+00:00,WBT.AX,SELL,512.0000,372.7500
2024-01-18T21:00:00+00:00,AL3.AX,BUY,887.0000,178.6000
2024-01-18T21:00:00+00:00,ALCLS.PA,BUY,629.0000,262.4400
2024-01-18T21:00:00+00:00,ALMDT.PA,BUY,283.0000,338.8000
2024-01-18T21:00:00+00:00,AXE.AX,BUY,655.0000,181.9600
2024-01-18T21:00:00+00:00,AZN.L,SELL,261.0000,161.8500
2024-01-18T21:00:00+00:00,BGO.L,BUY,2917.0000,189.4700
2024-01-18T21:00:00+00:00,BRK-B,SELL,321.0000,173.6200
2024-01-18T21:00:00+00:00,BRNT.L,SELL,1001.0000,249.2600
2024-01-18T21:00:00+00:00,DBMG.L,SELL,2781.0000,136.7800
2024-01-18T21:00:00+00:00,EDIT,BUY,350.0000,837.5000
2024-01-18T21:00:00+00:00,EMV.AX,SELL,2446.0000,178.2200
2024-01-18T21:00:00+00:00,FTC.L,SELL,638.0000,302.0100
2024-01-18T21:00:00+00:00,GSIT,BUY,2125.0000,135.9700
2024-01-18T21:00:00+00:00,HSBA.L,BUY,510.0000,183.2000
2024-01-18T21:00:00+00:00,IBTM.L,SELL,453.0000,104.0600
2024-01-18T21:00:00+00:00,IDN,BUY,830.0000,124.1800
2024-01-18T21:00:00+00:00,IITU.L,SELL,1279.0000,175.5300
2024-01-18T21:00:00+00:00,IPWR,BUY,87.0000,289.9100
2024-01-18T21:00:00+00:00,ISF.L,BUY,108.0000,129.6400
2024-01-18T21:00:00+00:00,LTBR,BUY,686.0000,139.0500
2024-01-18T21:00:00+00:00,MOLN.SW,SELL,659.0000,145.7900
2024-01-18T21:00:00+00:00,PLTR,BUY,1577.0000,256.3400
2024-01-18T21:00:00+00:00,PRQR,SELL,25.0000,367.5900
2024-01-18T21:00:00+00:00,QSI,BUY,314.0000,246.4900
2024-01-18T21:00:00+00:00,RR.L,SELL,786.0000,462.7100
2024-01-18T21:00:00+00:00,SEYE.ST,SELL,802.0000,245.2500
2024-01-18T21:00:00+00:00,SGLN.L,SELL,613.0000,130.2600
2024-01-18T21:00:00+00:00,SHEL.L,BUY,947.0000,205.4300
2024-01-18T21:00:00+00:00,SLX.AX,SELL,306.0000,703.8200
2024-01-18T21:00:00+00:00,SMGB.L,SELL,3506.0000,185.2400
2024-01-18T21:00:00+00:00,VUL.AX,BUY,1958.0000,106.0400
2024-01-18T21:00:00+00:00,VYGR,BUY,266.0000,316.3700
2024-01-18T21:00:00+00:00,WBT.AX,BUY,999.0000,283.6600
2024-02-16T21:00:00+00:00,AL3.AX,BUY,650.0000,174.6900
2024-02-16T21:00:00+00:00,ALCLS.PA,BUY,14.0000,279.8900
2024-02-16T21:00:00+00:00,ALMDT.PA,BUY,208.0000,342.8400
2024-02-16T21:00:00+00:00,AXE.AX,SELL,47.0000,195.9800
2024-02-16T21:00:00+00:00,AZN.L,BUY,714.0000,156.6000
2024-02-16T21:00:00+00:00,BGO.L,BUY,175.0000,197.3700
2024-02-16T21:00:00+00:00,BRK-B,SELL,427.0000,195.7100
2024-02-16T21:00:00+00:00,BRNT.L,BUY,49.0000,265.9800
2024-02-16T21:00:00+00:00,DBMG.L,BUY,2745.0000,140.8100
2024-02-16T21:00:00+00:00,EDIT,BUY,97.0000,840.5900
2024-02-16T21:00:00+00:00,EMV.AX,BUY,289.0000,183.0200
2024-02-16T21:00:00+00:00,FTC.L,SELL,1507.0000,510.0700
2024-02-16T21:00:00+00:00,GSIT,SELL,1297.0000,169.5100
2024-02-16T21:00:00+00:00,HSBA.L,SELL,360.0000,198.5200
2024-02-16T21:00:00+00:00,IBTM.L,BUY,7331.0000,103.5400
2024-02-16T21:00:00+00:00,IDN,BUY,630.0000,124.9400
2024-02-16T21:00:00+00:00,IITU.L,SELL,35.0000,187.9500
2024-02-16T21:00:00+00:00,IPWR,BUY,698.0000,266.6000
2024-02-16T21:00:00+00:00,ISF.L,BUY,3589.0000,134.1300
2024-02-16T21:00:00+00:00,LTBR,BUY,815.0000,136.2800
2024-02-16T21:00:00+00:00,MOLN.SW,BUY,953.0000,140.2300
2024-02-16T21:00:00+00:00,PLTR,SELL,5693.0000,384.3600
2024-02-16T21:00:00+00:00,PRQR,BUY,525.0000,340.2000
2024-02-16T21:00:00+00:00,QSI,SELL,123.0000,270.2700
2024-02-16T21:00:00+00:00,RR.L,BUY,154.0000,488.0700
2024-02-16T21:00:00+00:00,SEYE.ST,BUY,600.0000,234.4800
2024-02-16T21:00:00+00:00,SGLN.L,BUY,7702.0000,130.6400
2024-02-16T21:00:00+00:00,SHEL.L,BUY,145.0000,218.4400
2024-02-16T21:00:00+00:00,SLX.AX,BUY,162.0000,689.5300
2024-02-16T21:00:00+00:00,SMGB.L,SELL,4723.0000,208.9400
2024-02-16T21:00:00+00:00,VUL.AX,BUY,1278.0000,102.2500
2024-02-16T21:00:00+00:00,VYGR,BUY,98.0000,330.1300
2024-02-16T21:00:00+00:00,WBT.AX,SELL,148.0000,314.0100
2024-03-18T21:00:00+00:00,AL3.AX,BUY,1768.0000,147.9900
2024-03-18T21:00:00+00:00,ALCLS.PA,BUY,794.0000,250.3600
2024-03-18T21:00:00+00:00,ALMDT.PA,BUY,1875.0000,241.1900
2024-03-18T21:00:00+00:00,AXE.AX,SELL,749.0000,230.1000
2024-03-18T21:00:00+00:00,AZN.L,BUY,65.0000,162.1300
2024-03-18T21:00:00+00:00,BGO.L,BUY,590.0000,189.4700
2024-03-18T21:00:00+00:00,BRK-B,BUY,388.0000,194.8300
2024-03-18T21:00:00+00:00,BRNT.L,BUY,137.0000,275.9700
2024-03-18T21:00:00+00:00,DBMG.L,BUY,1277.0000,144.5200
2024-03-18T21:00:00+00:00,EDIT,BUY,180.0000,787.9800
2024-03-18T21:00:00+00:00,EMV.AX,SELL,1040.0000,223.1400
2024-03-18T21:00:00+00:00,FTC.L,BUY,189.0000,496.6400
2024-03-18T21:00:00+00:00,GSIT,SELL,1816.0000,230.5000
2024-03-18T21:00:00+00:00,HSBA.L,BUY,1714.0000,195.1100
2024-03-18T21:00:00+00:00,IBTM.L,BUY,5640.0000,102.6200
2024-03-18T21:00:00+00:00,IDN,BUY,899.0000,120.2900
2024-03-18T21:00:00+00:00,IITU.L,BUY,715.0000,191.8800
2024-03-18T21:00:00+00:00,IPWR,SELL,1791.0000,434.9400
2024-03-18T21:00:00+00:00,ISF.L,BUY,3997.0000,135.1500
2024-03-18T21:00:00+00:00,LTBR,SELL,72.0000,143.3800
2024-03-18T21:00:00+00:00,MOLN.SW,BUY,2271.0000,118.0900
2024-03-18T21:00:00+00:00,PLTR,BUY,1056.0000,373.5200
2024-03-18T21:00:00+00:00,PRQR,SELL,651.0000,426.4500
2024-03-18T21:00:00+00:00,QSI,SELL,299.0000,300.5000
2024-03-18T21:00:00+00:00,RR.L,SELL,1498.0000,588.7700
2024-03-18T21:00:00+00:00,SEYE.ST,SELL,1231.0000,312.9300
2024-03-18T21:00:00+00:00,SGLN.L,SELL,2274.0000,138.9800
2024-03-18T21:00:00+00:00,SHEL.L,BUY,458.0000,223.9900
2024-03-18T21:00:00+00:00,SLX.AX,BUY,189.0000,655.6200
2024-03-18T21:00:00+00:00,SMGB.L,BUY,314.0000,217.4000
2024-03-18T21:00:00+00:00,VUL.AX,SELL,4224.0000,158.3000
2024-03-18T21:00:00+00:00,VYGR,SELL,496.0000,393.3400
2024-03-18T21:00:00+00:00,WBT.AX,BUY,488.0000,293.9200
2024-04-18T21:00:00+00:00,AL3.AX,BUY,2321.0000,120.5800
2024-04-18T21:00:00+00:00,ALCLS.PA,SELL,75.0000,258.0200
2024-04-18T21:00:00+00:00,ALMDT.PA,SELL,860.0000,288.4200
2024-04-18T21:00:00+00:00,AXE.AX,SELL,565.0000,258.1600
2024-04-18T21:00:00+00:00,AZN.L,SELL,312.0000,171.9600
2024-04-18T21:00:00+00:00,BGO.L,SELL,836.0000,217.5400
2024-04-18T21:00:00+00:00,BRK-B,BUY,131.0000,195.0200
2024-04-18T21:00:00+00:00,BRNT.L,SELL,546.0000,287.9800
2024-04-18T21:00:00+00:00,DBMG.L,SELL,4011.0000,155.3100
2024-04-18T21:00:00+00:00,EDIT,BUY,675.0000,579.1100
2024-04-18T21:00:00+00:00,EMV.AX,BUY,764.0000,202.0400
2024-04-18T21:00:00+00:00,FTC.L,BUY,371.0000,445.6400
2024-04-18T21:00:00+00:00,GSIT,SELL,150.0000,240.3600
2024-04-18T21:00:00+00:00,HSBA.L,SELL,1447.0000,208.7500
2024-04-18T21:00:00+00:00,IBTM.L,BUY,1541.0000,102.9100
2024-04-18T21:00:00+00:00,IDN,SELL,4195.0000,192.3500
2024-04-18T21:00:00+00:00,IITU.L,BUY,1068.0000,188.7900
2024-04-18T21:00:00+00:00,IPWR,BUY,1734.0000,286.3800
2024-04-18T21:00:00+00:00,ISF.L,SELL,767.0000,138.3500
2024-04-18T21:00:00+00:00,LTBR,BUY,2639.0000,114.5100
2024-04-18T21:00:00+00:00,MOLN.SW,BUY,509.0000,115.0800
2024-04-18T21:00:00+00:00,PLTR,BUY,1974.0000,336.1900
2024-04-18T21:00:00+00:00,PRQR,BUY,1043.0000,328.2900
2024-04-18T21:00:00+00:00,QSI,BUY,1190.0000,242.8700
2024-04-18T21:00:00+00:00,RR.L,SELL,143.0000,607.6400
2024-04-18T21:00:00+00:00,SEYE.ST,BUY,1548.0000,235.7800
2024-04-18T21:00:00+00:00,SGLN.L,SELL,11886.0000,156.6600
2024-04-18T21:00:00+00:00,SHEL.L,SELL,2126.0000,248.5700
2024-04-18T21:00:00+00:00,SLX.AX,SELL,141.0000,714.3200
2024-04-18T21:00:00+00:00,SMGB.L,BUY,3758.0000,211.8800
2024-04-18T21:00:00+00:00,VUL.AX,BUY,343.0000,154.8900
2024-04-18T21:00:00+00:00,VYGR,BUY,695.0000,333.9900
2024-04-18T21:00:00+00:00,WBT.AX,BUY,1066.0000,243.7400
2024-05-20T21:00:00+00:00,AL3.AX,SELL,1479.0000,144.9200
2024-05-20T21:00:00+00:00,ALCLS.PA,SELL,358.0000,289.8500
2024-05-20T21:00:00+00:00,ALMDT.PA,BUY,77.0000,298.0700
2024-05-20T21:00:00+00:00,AXE.AX,BUY,1298.0000,218.9400
2024-05-20T21:00:00+00:00,AZN.L,SELL,383.0000,190.5800
2024-05-20T21:00:00+00:00,BGO.L,BUY,8.0000,228.0700
2024-05-20T21:00:00+00:00,BRK-B,BUY,312.0000,197.4100
2024-05-20T21:00:00+00:00,BRNT.L,BUY,1936.0000,276.5100
2024-05-20T21:00:00+00:00,DBMG.L,BUY,3283.0000,155.7700
2024-05-20T21:00:00+00:00,EDIT,BUY,186.0000,564.5300
2024-05-20T21:00:00+00:00,EMV.AX,BUY,1878.0000,167.0700
2024-05-20T21:00:00+00:00,FTC.L,SELL,1262.0000,778.5200
2024-05-20T21:00:00+00:00,GSIT,BUY,2035.0000,187.2700
2024-05-20T21:00:00+00:00,HSBA.L,SELL,1671.0000,233.2000
2024-05-20T21:00:00+00:00,IBTM.L,BUY,5744.0000,102.7700
2024-05-20T21:00:00+00:00,IDN,BUY,634.0000,185.8300
2024-05-20T21:00:00+00:00,IITU.L,SELL,308.0000,200.0400
2024-05-20T21:00:00+00:00,IPWR,BUY,66.0000,296.6200
2024-05-20T21:00:00+00:00,ISF.L,SELL,2539.0000,148.5600
2024-05-20T21:00:00+00:00,LTBR,SELL,2168.0000,145.9100
2024-05-20T21:00:00+00:00,MOLN.SW,BUY,946.0000,112.1400
2024-05-20T21:00:00+00:00,PLTR,BUY,804.0000,337.1400
2024-05-20T21:00:00+00:00,PRQR,BUY,161.0000,332.1400
2024-05-20T21:00:00+00:00,QSI,SELL,501.0000,279.0200
2024-05-20T21:00:00+00:00,RR.L,SELL,312.0000,659.4200
2024-05-20T21:00:00+00:00,SEYE.ST,SELL,1002.0000,297.3000
2024-05-20T21:00:00+00:00,SGLN.L,BUY,5872.0000,156.0700
2024-05-20T21:00:00+00:00,SHEL.L,BUY,1248.0000,247.6300
2024-05-20T21:00:00+00:00,SLX.AX,SELL,442.0000,966.4000
2024-05-20T21:00:00+00:00,SMGB.L,SELL,2807.0000,229.5200
2024-05-20T21:00:00+00:00,VUL.AX,SELL,3114.0000,247.1900
2024-05-20T21:00:00+00:00,VYGR,SELL,181.0000,366.3600
2024-05-20T21:00:00+00:00,WBT.AX,BUY,2119.0000,187.2400
2024-06-19T21:00:00+00:00,AL3.AX,BUY,248.0000,146.2300
2024-06-19T21:00:00+00:00,ALCLS.PA,BUY,2816.0000,193.0600
2024-06-19T21:00:00+00:00,ALMDT.PA,BUY,1225.0000,247.0900
2024-06-19T21:00:00+00:00,AXE.AX,BUY,1061.0000,195.5800
2024-06-19T21:00:00+00:00,AZN.L,BUY,90.0000,194.4200
2024-06-19T21:00:00+00:00,BGO.L,SELL,305.0000,247.3700
2024-06-19T21:00:00+00:00,BRK-B,BUY,412.0000,194.8500
2024-06-19T21:00:00+00:00,BRNT.L,BUY,270.0000,282.4400
2024-06-19T21:00:00+00:00,DBMG.L,BUY,3101.0000,154.5100
2024-06-19T21:00:00+00:00,EDIT,BUY,349.0000,515.0500
2024-06-19T21:00:00+00:00,EMV.AX,BUY,66.0000,171.4100
2024-06-19T21:00:00+00:00,FTC.L,SELL,329.0000,973.1500
2024-06-19T21:00:00+00:00,GSIT,BUY,762.0000,176.5500
2024-06-19T21:00:00+00:00,HSBA.L,BUY,975.0000,232.3300
2024-06-19T21:00:00+00:00,IBTM.L,BUY,1789.0000,104.6400
2024-06-19T21:00:00+00:00,IDN,SELL,700.0000,210.5900
2024-06-19T21:00:00+00:00,IITU.L,SELL,3044.0000,227.9700
2024-06-19T21:00:00+00:00,IPWR,BUY,588.0000,274.2500
2024-06-19T21:00:00+00:00,ISF.L,BUY,6523.0000,145.0000
2024-06-19T21:00:00+00:00,LTBR,BUY,3550.0000,111.7000
2024-06-19T21:00:00+00:00,MOLN.SW,SELL,7934.0000,290.8700
2024-06-19T21:00:00+00:00,PLTR,SELL,2409.0000,402.3300
2024-06-19T21:00:00+00:00,PRQR,BUY,858.0000,287.8100
2024-06-19T21:00:00+00:00,QSI,BUY,2108.0000,206.3500
2024-06-19T21:00:00+00:00,RR.L,SELL,409.0000,713.3200
2024-06-19T21:00:00+00:00,SEYE.ST,SELL,229.0000,322.1500
2024-06-19T21:00:00+00:00,SGLN.L,BUY,8932.0000,149.7200
2024-06-19T21:00:00+00:00,SHEL.L,BUY,1341.0000,242.6800
2024-06-19T21:00:00+00:00,SLX.AX,BUY,431.0000,779.5600
2024-06-19T21:00:00+00:00,SMGB.L,SELL,8480.0000,262.6000
2024-06-19T21:00:00+00:00,VUL.AX,BUY,1090.0000,216.1400
2024-06-19T21:00:00+00:00,VYGR,BUY,287.0000,353.5300
2024-06-19T21:00:00+00:00,WBT.AX,BUY,279.0000,186.9300
2024-07-18T21:00:00+00:00,AL3.AX,SELL,5911.0000,333.9600
2024-07-18T21:00:00+00:00,ALCLS.PA,SELL,518.0000,205.0300
2024-07-18T21:00:00+00:00,ALMDT.PA,BUY,2923.0000,166.5600
2024-07-18T21:00:00+00:00,AXE.AX,BUY,902.0000,174.0400
2024-07-18T21:00:00+00:00,AZN.L,BUY,70.0000,191.0500
2024-07-18T21:00:00+00:00,BGO.L,SELL,216.0000,254.3900
2024-07-18T21:00:00+00:00,BRK-B,SELL,572.0000,206.3000
2024-07-18T21:00:00+00:00,BRNT.L,BUY,279.0000,276.9700
2024-07-18T21:00:00+00:00,DBMG.L,BUY,235.0000,152.8900
2024-07-18T21:00:00+00:00,EDIT,SELL,103.0000,529.4900
2024-07-18T21:00:00+00:00,EMV.AX,SELL,134.0000,172.7300
2024-07-18T21:00:00+00:00,FTC.L,SELL,68.0000,1010.0700
2024-07-18T21:00:00+00:00,GSIT,SELL,276.0000,181.0000
2024-07-18T21:00:00+00:00,HSBA.L,BUY,990.0000,222.4400
2024-07-18T21:00:00+00:00,IBTM.L,BUY,265.0000,103.6300
2024-07-18T21:00:00+00:00,IDN,BUY,64.0000,207.1800
2024-07-18T21:00:00+00:00,IITU.L,BUY,1697.0000,214.0300
2024-07-18T21:00:00+00:00,IPWR,SELL,331.0000,289.3800
2024-07-18T21:00:00+00:00,ISF.L,SELL,1058.0000,145.2300
2024-07-18T21:00:00+00:00,LTBR,SELL,3296.0000,146.0400
2024-07-18T21:00:00+00:00,MOLN.SW,BUY,2258.0000,201.9600
2024-07-18T21:00:00+00:00,PLTR,SELL,1321.0000,436.2800
2024-07-18T21:00:00+00:00,PRQR,SELL,323.0000,304.1700
2024-07-18T21:00:00+00:00,QSI,BUY,1632.0000,167.8500
2024-07-18T21:00:00+00:00,RR.L,BUY,696.0000,656.1000
2024-07-18T21:00:00+00:00,SEYE.ST,BUY,378.0000,296.1500
2024-07-18T21:00:00+00:00,SGLN.L,SELL,5533.0000,155.5300
2024-07-18T21:00:00+00:00,SHEL.L,SELL,976.0000,250.3200
2024-07-18T21:00:00+00:00,SLX.AX,BUY,170.0000,711.9300
2024-07-18T21:00:00+00:00,SMGB.L,BUY,9642.0000,232.3900
2024-07-18T21:00:00+00:00,VUL.AX,BUY,5.0000,214.3700
2024-07-18T21:00:00+00:00,VYGR,SELL,75.0000,357.0400
2024-07-18T21:00:00+00:00,WBT.AX,SELL,298.0000,192.5600
2024-08-16T21:00:00+00:00,AL3.AX,BUY,242.0000,321.1700
2024-08-16T21:00:00+00:00,ALCLS.PA,BUY,320.0000,199.0700
2024-08-16T21:00:00+00:00,ALMDT.PA,SELL,6025.0000,498.1500
2024-08-16T21:00:00+00:00,AXE.AX,BUY,2889.0000,132.4100
2024-08-16T21:00:00+00:00,AZN.L,SELL,451.0000,206.8100
2024-08-16T21:00:00+00:00,BGO.L,BUY,1216.0000,214.0400
2024-08-16T21:00:00+00:00,BRK-B,SELL,40.0000,209.9400
2024-08-16T21:00:00+00:00,BRNT.L,BUY,1155.0000,267.2700
2024-08-16T21:00:00+00:00,DBMG.L,BUY,5010.0000,145.4100
2024-08-16T21:00:00+00:00,EDIT,BUY,937.0000,404.2100
2024-08-16T21:00:00+00:00,EMV.AX,SELL,485.0000,185.1900
2024-08-16T21:00:00+00:00,FTC.L,BUY,133.0000,939.6000
2024-08-16T21:00:00+00:00,GSIT,BUY,1451.0000,156.2800
2024-08-16T21:00:00+00:00,HSBA.L,BUY,332.0000,222.6700
2024-08-16T21:00:00+00:00,IBTM.L,SELL,1673.0000,106.4500
2024-08-16T21:00:00+00:00,IDN,BUY,3322.0000,144.3700
2024-08-16T21:00:00+00:00,IITU.L,BUY,332.0000,214.5200
2024-08-16T21:00:00+00:00,IPWR,SELL,298.0000,310.7600
2024-08-16T21:00:00+00:00,ISF.L,SELL,718.0000,148.0200
2024-08-16T21:00:00+00:00,LTBR,BUY,2884.0000,115.7800
2024-08-16T21:00:00+00:00,MOLN.SW,BUY,535.0000,190.9600
2024-08-16T21:00:00+00:00,PLTR,SELL,1512.0000,494.3000
2024-08-16T21:00:00+00:00,PRQR,SELL,901.0000,376.0500
2024-08-16T21:00:00+00:00,QSI,BUY,1080.0000,151.8700
2024-08-16T21:00:00+00:00,RR.L,SELL,1152.0000,756.3400
2024-08-16T21:00:00+00:00,SEYE.ST,SELL,429.0000,327.4000
2024-08-16T21:00:00+00:00,SGLN.L,SELL,281.0000,157.9100
2024-08-16T21:00:00+00:00,SHEL.L,BUY,486.0000,248.6900
2024-08-16T21:00:00+00:00,SLX.AX,BUY,394.0000,608.6500
2024-08-16T21:00:00+00:00,SMGB.L,BUY,3202.0000,227.2100
2024-08-16T21:00:00+00:00,VUL.AX,BUY,946.0000,191.5300
2024-08-16T21:00:00+00:00,VYGR,BUY,1295.0000,277.1800
2024-08-16T21:00:00+00:00,WBT.AX,BUY,1807.0000,158.6600
2024-09-17T21:00:00+00:00,AL3.AX,SELL,109.0000,319.2200
2024-09-17T21:00:00+00:00,ALCLS.PA,SELL,1062.0000,224.2200
2024-09-17T21:00:00+00:00,ALMDT.PA,BUY,1395.0000,333.2100
2024-09-17T21:00:00+00:00,AXE.AX,BUY,744.0000,120.8700
2024-09-17T21:00:00+00:00,AZN.L,BUY,386.0000,189.7200
2024-09-17T21:00:00+00:00,BGO.L,BUY,520.0000,193.8600
2024-09-17T21:00:00+00:00,BRK-B,SELL,246.0000,209.9600
2024-09-17T21:00:00+00:00,BRNT.L,BUY,1773.0000,242.0200
2024-09-17T21:00:00+00:00,DBMG.L,SELL,230.0000,141.6400
2024-09-17T21:00:00+00:00,EDIT,BUY,129.0000,379.6900
2024-09-17T21:00:00+00:00,EMV.AX,SELL,112.0000,182.3300
2024-09-17T21:00:00+00:00,FTC.L,SELL,96.0000,969.8000
2024-09-17T21:00:00+00:00,GSIT,SELL,1662.0000,182.6700
2024-09-17T21:00:00+00:00,HSBA.L,SELL,1027.0000,224.4300
2024-09-17T21:00:00+00:00,IBTM.L,SELL,3827.0000,106.8500
2024-09-17T21:00:00+00:00,IDN,BUY,939.0000,128.8700
2024-09-17T21:00:00+00:00,IITU.L,SELL,9.0000,208.4300
2024-09-17T21:00:00+00:00,IPWR,BUY,260.0000,286.7900
2024-09-17T21:00:00+00:00,ISF.L,SELL,3517.0000,148.3000
2024-09-17T21:00:00+00:00,LTBR,BUY,722.0000,106.6600
2024-09-17T21:00:00+00:00,MOLN.SW,BUY,1849.0000,150.8300
2024-09-17T21:00:00+00:00,PLTR,SELL,1553.0000,546.7000
2024-09-17T21:00:00+00:00,PRQR,BUY,815.0000,304.4900
2024-09-17T21:00:00+00:00,QSI,SELL,73.0000,148.5900
2024-09-17T21:00:00+00:00,RR.L,SELL,140.0000,747.2800
2024-09-17T21:00:00+00:00,SEYE.ST,BUY,1635.0000,235.8800
2024-09-17T21:00:00+00:00,SGLN.L,SELL,4670.0000,159.6800
2024-09-17T21:00:00+00:00,SHEL.L,BUY,1475.0000,228.2800
2024-09-17T21:00:00+00:00,SLX.AX,BUY,437.0000,503.8900
2024-09-17T21:00:00+00:00,SMGB.L,BUY,2738.0000,214.3300
2024-09-17T21:00:00+00:00,VUL.AX,BUY,296.0000,179.4300
2024-09-17T21:00:00+00:00,VYGR,BUY,193.0000,260.2200
2024-09-17T21:00:00+00:00,WBT.AX,BUY,360.0000,148.5900
2024-10-16T21:00:00+00:00,AL3.AX,BUY,114.0000,330.0600
2024-10-16T21:00:00+00:00,ALCLS.PA,BUY,1523.0000,193.2800
2024-10-16T21:00:00+00:00,ALMDT.PA,BUY,613.0000,310.4400
2024-10-16T21:00:00+00:00,AXE.AX,SELL,94.0000,129.0000
2024-10-16T21:00:00+00:00,AZN.L,BUY,378.0000,190.6100
2024-10-16T21:00:00+00:00,BGO.L,BUY,1093.0000,179.8200
2024-10-16T21:00:00+00:00,BRK-B,BUY,227.0000,216.4700
2024-10-16T21:00:00+00:00,BRNT.L,BUY,707.0000,249.6000
2024-10-16T21:00:00+00:00,DBMG.L,BUY,4333.0000,142.4800
2024-10-16T21:00:00+00:00,EDIT,BUY,677.0000,343.1200
2024-10-16T21:00:00+00:00,EMV.AX,BUY,913.0000,173.7500
2024-10-16T21:00:00+00:00,FTC.L,BUY,63.0000,986.5800
2024-10-16T21:00:00+00:00,GSIT,SELL,1952.0000,254.2000
2024-10-16T21:00:00+00:00,HSBA.L,BUY,1142.0000,228.1600
2024-10-16T21:00:00+00:00,IBTM.L,BUY,7967.0000,105.8200
2024-10-16T21:00:00+00:00,IDN,SELL,299.0000,140.1200
2024-10-16T21:00:00+00:00,IITU.L,SELL,128.0000,221.6600
2024-10-16T21:00:00+00:00,IPWR,BUY,305.0000,286.9500
2024-10-16T21:00:00+00:00,ISF.L,BUY,6211.0000,148.8100
2024-10-16T21:00:00+00:00,LTBR,SELL,6559.0000,212.6200
2024-10-16T21:00:00+00:00,MOLN.SW,BUY,866.0000,146.9100
2024-10-16T21:00:00+00:00,PLTR,SELL,1001.0000,635.8700
2024-10-16T21:00:00+00:00,PRQR,SELL,2564.0000,676.2800
2024-10-16T21:00:00+00:00,QSI,BUY,2592.0000,125.1000
2024-10-16T21:00:00+00:00,RR.L,SELL,523.0000,845.4100
2024-10-16T21:00:00+00:00,SEYE.ST,BUY,1852.0000,193.2800
2024-10-16T21:00:00+00:00,SGLN.L,BUY,514.0000,168.3700
2024-10-16T21:00:00+00:00,SHEL.L,BUY,1908.0000,225.7400
2024-10-16T21:00:00+00:00,SLX.AX,SELL,523.0000,648.0600
2024-10-16T21:00:00+00:00,SMGB.L,BUY,1545.0000,223.3800
2024-10-16T21:00:00+00:00,VUL.AX,SELL,1910.0000,246.6800
2024-10-16T21:00:00+00:00,VYGR,SELL,996.0000,333.5200
2024-10-16T21:00:00+00:00,WBT.AX,SELL,224.0000,160.9700
2024-11-14T21:00:00+00:00,AL3.AX,SELL,1630.0000,521.2500
2024-11-14T21:00:00+00:00,ALCLS.PA,BUY,660.0000,186.3300
2024-11-14T21:00:00+00:00,ALMDT.PA,SELL,221.0000,338.1300
2024-11-14T21:00:00+00:00,AXE.AX,SELL,4392.0000,209.4500
2024-11-14T21:00:00+00:00,AZN.L,BUY,1593.0000,163.1500
2024-11-14T21:00:00+00:00,BGO.L,BUY,150.0000,184.2100
2024-11-14T21:00:00+00:00,BRK-B,BUY,76.0000,223.5500
2024-11-14T21:00:00+00:00,BRNT.L,BUY,729.0000,253.1900
2024-11-14T21:00:00+00:00,DBMG.L,BUY,3317.0000,142.9500
2024-11-14T21:00:00+00:00,EDIT,BUY,1207.0000,283.2800
2024-11-14T21:00:00+00:00,EMV.AX,BUY,683.0000,168.3900
2024-11-14T21:00:00+00:00,FTC.L,BUY,34.0000,1006.7100
2024-11-14T21:00:00+00:00,GSIT,BUY,3175.0000,175.3600
2024-11-14T21:00:00+00:00,HSBA.L,SELL,515.0000,242.1100
2024-11-14T21:00:00+00:00,IBTM.L,BUY,5891.0000,105.2000
2024-11-14T21:00:00+00:00,IDN,SELL,1090.0000,161.5900
2024-11-14T21:00:00+00:00,IITU.L,SELL,331.0000,233.4000
2024-11-14T21:00:00+00:00,IPWR,BUY,980.0000,253.8500
2024-11-14T21:00:00+00:00,ISF.L,BUY,8447.0000,144.6900
2024-11-14T21:00:00+00:00,LTBR,SELL,2431.0000,329.0700
2024-11-14T21:00:00+00:00,MOLN.SW,SELL,949.0000,167.8600
2024-11-14T21:00:00+00:00,PLTR,SELL,2878.0000,922.8200
2024-11-14T21:00:00+00:00,PRQR,BUY,73.0000,683.2900
2024-11-14T21:00:00+00:00,QSI,BUY,777.0000,122.8000
2024-11-14T21:00:00+00:00,RR.L,BUY,539.0000,823.0700
2024-11-14T21:00:00+00:00,SEYE.ST,BUY,943.0000,180.5600
2024-11-14T21:00:00+00:00,SGLN.L,BUY,6598.0000,165.8500
2024-11-14T21:00:00+00:00,SHEL.L,BUY,900.0000,228.0600
2024-11-14T21:00:00+00:00,SLX.AX,SELL,234.0000,747.1000
2024-11-14T21:00:00+00:00,SMGB.L,BUY,2204.0000,227.5400
2024-11-14T21:00:00+00:00,VUL.AX,SELL,975.0000,303.1100
2024-11-14T21:00:00+00:00,VYGR,BUY,1368.0000,269.6700
2024-11-14T21:00:00+00:00,WBT.AX,SELL,3503.0000,260.6500
2024-12-13T21:00:00+00:00,AL3.AX,BUY,1582.0000,355.7800
2024-12-13T21:00:00+00:00,ALCLS.PA,BUY,774.0000,175.5000
2024-12-13T21:00:00+00:00,ALMDT.PA,BUY,496.0000,314.3300
2024-12-13T21:00:00+00:00,AXE.AX,BUY,1393.0000,182.2600
2024-12-13T21:00:00+00:00,AZN.L,BUY,63.0000,165.9400
2024-12-13T21:00:00+00:00,BGO.L,BUY,1024.0000,169.3000
2024-12-13T21:00:00+00:00,BRK-B,BUY,375.0000,219.3800
2024-12-13T21:00:00+00:00,BRNT.L,SELL,181.0000,261.0400
2024-12-13T21:00:00+00:00,DBMG.L,BUY,1348.0000,144.2400
2024-12-13T21:00:00+00:00,EDIT,BUY,5616.0000,147.6100
2024-12-13T21:00:00+00:00,EMV.AX,BUY,899.0000,157.9600
2024-12-13T21:00:00+00:00,FTC.L,BUY,110.0000,966.4400
2024-12-13T21:00:00+00:00,GSIT,BUY,315.0000,173.7700
2024-12-13T21:00:00+00:00,HSBA.L,SELL,1563.0000,262.6800
2024-12-13T21:00:00+00:00,IBTM.L,BUY,1177.0000,106.7700
2024-12-13T21:00:00+00:00,IDN,SELL,1748.0000,199.7600
2024-12-13T21:00:00+00:00,IITU.L,SELL,34.0000,239.3100
2024-12-13T21:00:00+00:00,IPWR,BUY,319.0000,247.8200
2024-12-13T21:00:00+00:00,ISF.L,SELL,616.0000,148.9200
2024-12-13T21:00:00+00:00,LTBR,BUY,2872.0000,214.1900
2024-12-13T21:00:00+00:00,MOLN.SW,BUY,369.0000,165.7000
2024-12-13T21:00:00+00:00,PLTR,SELL,1502.0000,1188.9600
2024-12-13T21:00:00+00:00,PRQR,BUY,1027.0000,490.6800
2024-12-13T21:00:00+00:00,QSI,SELL,7207.0000,271.7600
2024-12-13T21:00:00+00:00,RR.L,SELL,204.0000,864.4300
2024-12-13T21:00:00+00:00,SEYE.ST,BUY,410.0000,176.9900
2024-12-13T21:00:00+00:00,SGLN.L,SELL,1845.0000,172.5000
2024-12-13T21:00:00+00:00,SHEL.L,BUY,1120.0000,225.0800
2024-12-13T21:00:00+00:00,SLX.AX,SELL,105.0000,803.4900
2024-12-13T21:00:00+00:00,SMGB.L,BUY,1904.0000,228.6400
2024-12-13T21:00:00+00:00,VUL.AX,BUY,496.0000,284.4800
2024-12-13T21:00:00+00:00,VYGR,BUY,84.0000,272.4700
2024-12-13T21:00:00+00:00,WBT.AX,BUY,756.0000,238.4700
2025-01-16T21:00:00+00:00,AL3.AX,BUY,316.0000,349.9100
2025-01-16T21:00:00+00:00,ALCLS.PA,BUY,753.0000,170.6900
2025-01-16T21:00:00+00:00,ALMDT.PA,SELL,1144.0000,418.9300
2025-01-16T21:00:00+00:00,AXE.AX,SELL,1292.0000,222.1500
2025-01-16T21:00:00+00:00,AZN.L,BUY,112.0000,171.9000
2025-01-16T21:00:00+00:00,BGO.L,SELL,267.0000,182.4600
2025-01-16T21:00:00+00:00,BRK-B,BUY,20.0000,229.5900
2025-01-16T21:00:00+00:00,BRNT.L,SELL,1842.0000,293.5000
2025-01-16T21:00:00+00:00,DBMG.L,BUY,10.0000,151.2700
2025-01-16T21:00:00+00:00,EDIT,BUY,2016.0000,131.6100
2025-01-16T21:00:00+00:00,EMV.AX,BUY,375.0000,160.0600
2025-01-16T21:00:00+00:00,FTC.L,SELL,387.0000,1302.0100
2025-01-16T21:00:00+00:00,GSIT,SELL,339.0000,188.8600
2025-01-16T21:00:00+00:00,HSBA.L,SELL,457.0000,280.3700
2025-01-16T21:00:00+00:00,IBTM.L,BUY,3749.0000,108.8400
2025-01-16T21:00:00+00:00,IDN,BUY,1039.0000,186.5700
2025-01-16T21:00:00+00:00,IITU.L,BUY,1262.0000,241.2500
2025-01-16T21:00:00+00:00,IPWR,SELL,1200.0000,315.5100
2025-01-16T21:00:00+00:00,ISF.L,BUY,4382.0000,150.9400
2025-01-16T21:00:00+00:00,LTBR,SELL,947.0000,255.3300
2025-01-16T21:00:00+00:00,MOLN.SW,BUY,4.0000,173.7300
2025-01-16T21:00:00+00:00,PLTR,BUY,657.0000,1120.5700
2025-01-16T21:00:00+00:00,PRQR,BUY,848.0000,412.9200
2025-01-16T21:00:00+00:00,QSI,SELL,1950.0000,415.5500
2025-01-16T21:00:00+00:00,RR.L,BUY,301.0000,873.7900
2025-01-16T21:00:00+00:00,SEYE.ST,BUY,578.0000,175.0100
2025-01-16T21:00:00+00:00,SGLN.L,SELL,604.0000,181.8500
2025-01-16T21:00:00+00:00,SHEL.L,SELL,784.0000,242.2500
2025-01-16T21:00:00+00:00,SLX.AX,BUY,11.0000,838.3000
2025-01-16T21:00:00+00:00,SMGB.L,SELL,2515.0000,245.9600
2025-01-16T21:00:00+00:00,VUL.AX,BUY,54.0000,295.6900
2025-01-16T21:00:00+00:00,VYGR,BUY,1580.0000,227.6800
2025-01-16T21:00:00+00:00,WBT.AX,BUY,1577.0000,204.5300
2025-02-14T21:00:00+00:00,AL3.AX,BUY,715.0000,314.0400
2025-02-14T21:00:00+00:00,ALCLS.PA,BUY,734.0000,163.3000
2025-02-14T21:00:00+00:00,ALMDT.PA,BUY,3627.0000,230.9100
2025-02-14T21:00:00+00:00,AXE.AX,BUY,1306.0000,195.5300
2025-02-14T21:00:00+00:00,AZN.L,SELL,466.0000,185.6000
2025-02-14T21:00:00+00:00,BGO.L,BUY,739.0000,173.6800
2025-02-14T21:00:00+00:00,BRK-B,BUY,130.0000,231.8500
2025-02-14T21:00:00+00:00,BRNT.L,BUY,2586.0000,273.0700
2025-02-14T21:00:00+00:00,DBMG.L,BUY,5408.0000,146.2600
2025-02-14T21:00:00+00:00,EDIT,SELL,745.0000,142.7400
2025-02-14T21:00:00+00:00,EMV.AX,SELL,852.0000,177.6600
2025-02-14T21:00:00+00:00,FTC.L,SELL,103.0000,1442.9500
2025-02-14T21:00:00+00:00,GSIT,SELL,1542.0000,231.5700
2025-02-14T21:00:00+00:00,HSBA.L,SELL,950.0000,298.1600
2025-02-14T21:00:00+00:00,IBTM.L,BUY,5350.0000,107.2000
2025-02-14T21:00:00+00:00,IDN,BUY,914.0000,174.3300
2025-02-14T21:00:00+00:00,IITU.L,BUY,1025.0000,239.5800
2025-02-14T21:00:00+00:00,IPWR,BUY,1290.0000,262.8000
2025-02-14T21:00:00+00:00,ISF.L,SELL,2156.0000,157.2300
2025-02-14T21:00:00+00:00,LTBR,SELL,3987.0000,615.7000
2025-02-14T21:00:00+00:00,MOLN.SW,BUY,2284.0000,145.3800
2025-02-14T21:00:00+00:00,PLTR,SELL,2522.0000,1879.3300
2025-02-14T21:00:00+00:00,PRQR,SELL,4.0000,423.4000
2025-02-14T21:00:00+00:00,QSI,BUY,1572.0000,310.9000
2025-02-14T21:00:00+00:00,RR.L,SELL,421.0000,942.9300
2025-02-14T21:00:00+00:00,SEYE.ST,BUY,3153.0000,136.6800
2025-02-14T21:00:00+00:00,SGLN.L,SELL,932.0000,187.7700
2025-02-14T21:00:00+00:00,SHEL.L,BUY,584.0000,243.4200
2025-02-14T21:00:00+00:00,SLX.AX,BUY,403.0000,721.1700
2025-02-14T21:00:00+00:00,SMGB.L,BUY,7335.0000,234.4300
2025-02-14T21:00:00+00:00,VUL.AX,BUY,3215.0000,197.0600
2025-02-14T21:00:00+00:00,VYGR,BUY,2001.0000,185.4900
2025-02-14T21:00:00+00:00,WBT.AX,BUY,2265.0000,166.0600
2025-03-17T21:00:00+00:00,AL3.AX,BUY,695.0000,264.8400
2025-03-17T21:00:00+00:00,ALCLS.PA,BUY,2422.0000,126.6700
2025-03-17T21:00:00+00:00,ALMDT.PA,BUY,44.0000,216.9900
2025-03-17T21:00:00+00:00,AXE.AX,BUY,1474.0000,159.4100
2025-03-17T21:00:00+00:00,AZN.L,SELL,725.0000,191.4400
2025-03-17T21:00:00+00:00,BGO.L,BUY,1616.0000,142.1100
2025-03-17T21:00:00+00:00,BRK-B,SELL,988.0000,245.6600
2025-03-17T21:00:00+00:00,BRNT.L,BUY,535.0000,253.2100
2025-03-17T21:00:00+00:00,DBMG.L,BUY,955.0000,136.8400
2025-03-17T21:00:00+00:00,EDIT,SELL,613.0000,141.7000
2025-03-17T21:00:00+00:00,EMV.AX,BUY,1246.0000,149.6000
2025-03-17T21:00:00+00:00,FTC.L,SELL,69.0000,1442.9500
2025-03-17T21:00:00+00:00,GSIT,BUY,2001.0000,174.2700
2025-03-17T21:00:00+00:00,HSBA.L,SELL,2293.0000,310.2400
2025-03-17T21:00:00+00:00,IBTM.L,SELL,5978.0000,105.8500
2025-03-17T21:00:00+00:00,IDN,BUY,211.0000,161.4400
2025-03-17T21:00:00+00:00,IITU.L,BUY,3147.0000,206.9300
2025-03-17T21:00:00+00:00,IPWR,BUY,2541.0000,181.4600
2025-03-17T21:00:00+00:00,ISF.L,SELL,7291.0000,157.5300
2025-03-17T21:00:00+00:00,LTBR,BUY,1156.0000,417.7800
2025-03-17T21:00:00+00:00,MOLN.SW,BUY,1892.0000,119.2700
2025-03-17T21:00:00+00:00,PLTR,BUY,1293.0000,1338.5200
2025-03-17T21:00:00+00:00,PRQR,BUY,1646.0000,288.9800
2025-03-17T21:00:00+00:00,QSI,BUY,871.0000,255.6000
2025-03-17T21:00:00+00:00,RR.L,SELL,2081.0000,1210.1400
2025-03-17T21:00:00+00:00,SEYE.ST,SELL,2967.0000,166.3500
2025-03-17T21:00:00+00:00,SGLN.L,SELL,7006.0000,188.6700
2025-03-17T21:00:00+00:00,SHEL.L,SELL,1706.0000,243.6000
2025-03-17T21:00:00+00:00,SLX.AX,BUY,693.0000,534.1500
2025-03-17T21:00:00+00:00,SMGB.L,BUY,7532.0000,206.7300
2025-03-17T21:00:00+00:00,VUL.AX,SELL,1199.0000,214.1100
2025-03-17T21:00:00+00:00,VYGR,BUY,562.0000,165.7300
2025-03-17T21:00:00+00:00,WBT.AX,BUY,662.0000,147.9300
2025-04-15T21:00:00+00:00,AL3.AX,SELL,1371.0000,319.5900
2025-04-15T21:00:00+00:00,ALCLS.PA,SELL,3013.0000,155.0000
2025-04-15T21:00:00+00:00,ALMDT.PA,SELL,356.0000,216.1000
2025-04-15T21:00:00+00:00,AXE.AX,BUY,1682.0000,131.0900
2025-04-15T21:00:00+00:00,AZN.L,BUY,801.0000,165.3300
2025-04-15T21:00:00+00:00,BGO.L,SELL,447.0000,140.3500
2025-04-15T21:00:00+00:00,BRK-B,SELL,330.0000,243.4900
2025-04-15T21:00:00+00:00,BRNT.L,BUY,1754.0000,226.9400
2025-04-15T21:00:00+00:00,DBMG.L,SELL,2216.0000,133.1700
2025-04-15T21:00:00+00:00,EDIT,BUY,145.0000,133.1600
2025-04-15T21:00:00+00:00,EMV.AX,SELL,586.0000,149.9500
2025-04-15T21:00:00+00:00,FTC.L,BUY,39.0000,1328.8600
2025-04-15T21:00:00+00:00,GSIT,SELL,746.0000,179.3400
2025-04-15T21:00:00+00:00,HSBA.L,BUY,1480.0000,276.9400
2025-04-15T21:00:00+00:00,IBTM.L,SELL,4087.0000,103.8600
2025-04-15T21:00:00+00:00,IDN,SELL,287.0000,157.8000
2025-04-15T21:00:00+00:00,IITU.L,BUY,672.0000,193.2500
2025-04-15T21:00:00+00:00,IPWR,BUY,259.0000,167.9700
2025-04-15T21:00:00+00:00,ISF.L,SELL,624.0000,150.5900
2025-04-15T21:00:00+00:00,LTBR,BUY,977.0000,320.8500
2025-04-15T21:00:00+00:00,MOLN.SW,SELL,531.0000,117.7800
2025-04-15T21:00:00+00:00,PLTR,SELL,734.0000,1479.9300
2025-04-15T21:00:00+00:00,PRQR,BUY,2277.0000,198.5400
2025-04-15T21:00:00+00:00,QSI,BUY,2009.0000,187.0100
2025-04-15T21:00:00+00:00,RR.L,BUY,243.0000,1104.7700
2025-04-15T21:00:00+00:00,SEYE.ST,SELL,481.0000,165.9500
2025-04-15T21:00:00+00:00,SGLN.L,SELL,11052.0000,199.3700
2025-04-15T21:00:00+00:00,SHEL.L,BUY,2110.0000,215.8800
2025-04-15T21:00:00+00:00,SLX.AX,BUY,1117.0000,376.7600
2025-04-15T21:00:00+00:00,SMGB.L,BUY,9326.0000,181.6000
2025-04-15T21:00:00+00:00,VUL.AX,SELL,275.0000,210.8700
2025-04-15T21:00:00+00:00,VYGR,BUY,1801.0000,134.2300
2025-04-15T21:00:00+00:00,WBT.AX,BUY,1229.0000,127.1900
2025-05-19T21:00:00+00:00,AL3.AX,BUY,741.0000,300.8600
2025-05-19T21:00:00+00:00,ALCLS.PA,BUY,1657.0000,144.3400
2025-05-19T21:00:00+00:00,ALMDT.PA,BUY,2045.0000,183.2600
2025-05-19T21:00:00+00:00,AXE.AX,BUY,421.0000,136.7000
2025-05-19T21:00:00+00:00,AZN.L,BUY,597.0000,166.8000
2025-05-19T21:00:00+00:00,BGO.L,SELL,484.0000,157.8900
2025-05-19T21:00:00+00:00,BRK-B,BUY,956.0000,233.8900
2025-05-19T21:00:00+00:00,BRNT.L,BUY,1929.0000,230.0900
2025-05-19T21:00:00+00:00,DBMG.L,BUY,8944.0000,131.2200
2025-05-19T21:00:00+00:00,EDIT,SELL,164.0000,145.5200
2025-05-19T21:00:00+00:00,EMV.AX,BUY,1761.0000,139.1100
2025-05-19T21:00:00+00:00,FTC.L,SELL,154.0000,1637.5800
2025-05-19T21:00:00+00:00,GSIT,SELL,585.0000,206.6500
2025-05-19T21:00:00+00:00,HSBA.L,SELL,1202.0000,314.2300
2025-05-19T21:00:00+00:00,IBTM.L,BUY,12114.0000,102.3400
2025-05-19T21:00:00+00:00,IDN,SELL,2072.0000,212.8300
2025-05-19T21:00:00+00:00,IITU.L,SELL,2131.0000,220.9600
2025-05-19T21:00:00+00:00,IPWR,SELL,312.0000,187.1100
2025-05-19T21:00:00+00:00,ISF.L,BUY,2179.0000,159.4600
2025-05-19T21:00:00+00:00,LTBR,SELL,1084.0000,439.8800
2025-05-19T21:00:00+00:00,MOLN.SW,BUY,1541.0000,114.2500
2025-05-19T21:00:00+00:00,PLTR,SELL,686.0000,1881.2900
2025-05-19T21:00:00+00:00,PRQR,SELL,1988.0000,282.4900
2025-05-19T21:00:00+00:00,QSI,SELL,436.0000,212.2600
2025-05-19T21:00:00+00:00,RR.L,SELL,272.0000,1247.1000
2025-05-19T21:00:00+00:00,SEYE.ST,SELL,1587.0000,213.4200
2025-05-19T21:00:00+00:00,SGLN.L,BUY,8541.0000,197.9400
2025-05-19T21:00:00+00:00,SHEL.L,BUY,709.0000,227.5300
2025-05-19T21:00:00+00:00,SLX.AX,SELL,46.0000,410.5300
2025-05-19T21:00:00+00:00,SMGB.L,SELL,10467.0000,214.1200
2025-05-19T21:00:00+00:00,VUL.AX,BUY,953.0000,202.3700
2025-05-19T21:00:00+00:00,VYGR,BUY,230.0000,142.0200
2025-05-19T21:00:00+00:00,WBT.AX,BUY,1024.0000,126.9700
2025-06-18T21:00:00+00:00,AL3.AX,BUY,943.0000,271.2400
2025-06-18T21:00:00+00:00,ALCLS.PA,BUY,1455.0000,135.0100
2025-06-18T21:00:00+00:00,ALMDT.PA,BUY,8809.0000,100.0000
2025-06-18T21:00:00+00:00,AXE.AX,BUY,1099.0000,131.8700
2025-06-18T21:00:00+00:00,AZN.L,BUY,277.0000,169.6400
2025-06-18T21:00:00+00:00,BGO.L,BUY,210.0000,162.2800
2025-06-18T21:00:00+00:00,BRK-B,BUY,1020.0000,219.4000
2025-06-18T21:00:00+00:00,BRNT.L,SELL,2693.0000,262.8000
2025-06-18T21:00:00+00:00,DBMG.L,BUY,3504.0000,132.9300
2025-06-18T21:00:00+00:00,EDIT,SELL,3982.0000,227.3900
2025-06-18T21:00:00+00:00,EMV.AX,SELL,161.0000,147.5500
2025-06-18T21:00:00+00:00,FTC.L,SELL,237.0000,2201.3400
2025-06-18T21:00:00+00:00,GSIT,BUY,768.0000,198.4700
2025-06-18T21:00:00+00:00,HSBA.L,BUY,1263.0000,311.8800
2025-06-18T21:00:00+00:00,IBTM.L,BUY,5600.0000,103.0700
2025-06-18T21:00:00+00:00,IDN,SELL,2763.0000,335.0800
2025-06-18T21:00:00+00:00,IITU.L,BUY,686.0000,226.9600
2025-06-18T21:00:00+00:00,IPWR,BUY,1850.0000,163.6800
2025-06-18T21:00:00+00:00,ISF.L,BUY,3414.0000,162.4500
2025-06-18T21:00:00+00:00,LTBR,SELL,675.0000,554.3100
2025-06-18T21:00:00+00:00,MOLN.SW,BUY,1336.0000,110.0800
2025-06-18T21:00:00+00:00,PLTR,SELL,176.0000,2064.9400
2025-06-18T21:00:00+00:00,PRQR,SELL,425.0000,317.5200
2025-06-18T21:00:00+00:00,QSI,SELL,1228.0000,261.0100
2025-06-18T21:00:00+00:00,RR.L,SELL,215.0000,1356.4100
2025-06-18T21:00:00+00:00,SEYE.ST,BUY,986.0000,199.5700
2025-06-18T21:00:00+00:00,SGLN.L,BUY,770.0000,205.8100
2025-06-18T21:00:00+00:00,SHEL.L,SELL,918.0000,245.3800
2025-06-18T21:00:00+00:00,SLX.AX,SELL,865.0000,538.9000
2025-06-18T21:00:00+00:00,SMGB.L,SELL,2169.0000,228.6600
2025-06-18T21:00:00+00:00,VUL.AX,BUY,2238.0000,168.4700
2025-06-18T21:00:00+00:00,VYGR,BUY,2383.0000,124.7000
2025-06-18T21:00:00+00:00,WBT.AX,BUY,887.0000,124.9500
2025-07-17T21:00:00+00:00,AL3.AX,SELL,3589.0000,617.8000
2025-07-17T21:00:00+00:00,ALCLS.PA,SELL,2340.0000,174.7900
2025-07-17T21:00:00+00:00,ALMDT.PA,SELL,7373.0000,178.9700
2025-07-17T21:00:00+00:00,AXE.AX,SELL,1091.0000,153.3900
2025-07-17T21:00:00+00:00,AZN.L,BUY,928.0000,165.8400
2025-07-17T21:00:00+00:00,BGO.L,BUY,1969.0000,148.2500
2025-07-17T21:00:00+00:00,BRK-B,BUY,952.0000,214.3900
2025-07-17T21:00:00+00:00,BRNT.L,BUY,4040.0000,248.0500
2025-07-17T21:00:00+00:00,DBMG.L,BUY,6507.0000,134.4000
2025-07-17T21:00:00+00:00,EDIT,SELL,633.0000,264.5300
2025-07-17T21:00:00+00:00,EMV.AX,BUY,1018.0000,146.2700
2025-07-17T21:00:00+00:00,FTC.L,BUY,50.0000,2228.1900
2025-07-17T21:00:00+00:00,GSIT,SELL,3388.0000,335.4300
2025-07-17T21:00:00+00:00,HSBA.L,BUY,135.0000,332.5600
2025-07-17T21:00:00+00:00,IBTM.L,BUY,10234.0000,103.3000
2025-07-17T21:00:00+00:00,IDN,BUY,355.0000,337.4700
2025-07-17T21:00:00+00:00,IITU.L,SELL,727.0000,248.4000
2025-07-17T21:00:00+00:00,IPWR,SELL,1941.0000,212.1600
2025-07-17T21:00:00+00:00,ISF.L,BUY,7053.0000,164.9400
2025-07-17T21:00:00+00:00,LTBR,SELL,205.0000,633.3600
2025-07-17T21:00:00+00:00,MOLN.SW,BUY,1478.0000,108.4400
2025-07-17T21:00:00+00:00,PLTR,SELL,98.0000,2275.1400
2025-07-17T21:00:00+00:00,PRQR,SELL,779.0000,393.3600
2025-07-17T21:00:00+00:00,QSI,BUY,208.0000,271.8300
2025-07-17T21:00:00+00:00,RR.L,SELL,301.0000,1537.5600
2025-07-17T21:00:00+00:00,SEYE.ST,SELL,35.0000,214.8000
2025-07-17T21:00:00+00:00,SGLN.L,BUY,9183.0000,203.5000
2025-07-17T21:00:00+00:00,SHEL.L,BUY,2956.0000,240.0400
2025-07-17T21:00:00+00:00,SLX.AX,SELL,4.0000,578.5100
2025-07-17T21:00:00+00:00,SMGB.L,SELL,2662.0000,251.2900
2025-07-17T21:00:00+00:00,VUL.AX,BUY,728.0000,169.3600
2025-07-17T21:00:00+00:00,VYGR,BUY,161.0000,132.2700
2025-07-17T21:00:00+00:00,WBT.AX,SELL,2671.0000,163.6800
2025-08-15T21:00:00+00:00,AL3.AX,SELL,24.0000,629.8600
2025-08-15T21:00:00+00:00,ALCLS.PA,SELL,4119.0000,278.5300
2025-08-15T21:00:00+00:00,ALMDT.PA,SELL,2248.0000,227.4800
2025-08-15T21:00:00+00:00,AXE.AX,SELL,876.0000,166.5600
2025-08-15T21:00:00+00:00,AZN.L,SELL,1116.0000,187.7300
2025-08-15T21:00:00+00:00,BGO.L,SELL,304.0000,153.5100
2025-08-15T21:00:00+00:00,BRK-B,BUY,136.0000,214.2000
2025-08-15T21:00:00+00:00,BRNT.L,BUY,1496.0000,240.3200
2025-08-15T21:00:00+00:00,DBMG.L,BUY,1587.0000,134.1200
2025-08-15T21:00:00+00:00,EDIT,SELL,598.0000,291.0000
2025-08-15T21:00:00+00:00,EMV.AX,BUY,495.0000,142.7600
2025-08-15T21:00:00+00:00,FTC.L,BUY,133.0000,1959.7300
2025-08-15T21:00:00+00:00,GSIT,BUY,4187.0000,198.2400
2025-08-15T21:00:00+00:00,HSBA.L,SELL,62.0000,337.3500
2025-08-15T21:00:00+00:00,IBTM.L,BUY,1346.0000,103.6300
2025-08-15T21:00:00+00:00,IDN,BUY,443.0000,317.4100
2025-08-15T21:00:00+00:00,IITU.L,SELL,255.0000,253.1700
2025-08-15T21:00:00+00:00,IPWR,BUY,1135.0000,191.3000
2025-08-15T21:00:00+00:00,ISF.L,SELL,1636.0000,168.9700
2025-08-15T21:00:00+00:00,LTBR,SELL,186.0000,681.7300
2025-08-15T21:00:00+00:00,MOLN.SW,BUY,1314.0000,102.3300
2025-08-15T21:00:00+00:00,PLTR,SELL,401.0000,2594.4800
2025-08-15T21:00:00+00:00,PRQR,BUY,979.0000,333.0200
2025-08-15T21:00:00+00:00,QSI,BUY,4999.0000,162.8400
2025-08-15T21:00:00+00:00,RR.L,SELL,276.0000,1641.8300
2025-08-15T21:00:00+00:00,SEYE.ST,BUY,888.0000,198.1900
2025-08-15T21:00:00+00:00,SGLN.L,BUY,2596.0000,201.4700
2025-08-15T21:00:00+00:00,SHEL.L,SELL,328.0000,245.2600
2025-08-15T21:00:00+00:00,SLX.AX,BUY,466.0000,514.9100
2025-08-15T21:00:00+00:00,SMGB.L,BUY,1346.0000,251.1000
2025-08-15T21:00:00+00:00,VUL.AX,SELL,34.0000,171.8600
2025-08-15T21:00:00+00:00,VYGR,SELL,1771.0000,151.8700
2025-08-15T21:00:00+00:00,WBT.AX,SELL,1329.0000,186.1500
2025-09-16T21:00:00+00:00,AL3.AX,BUY,603.0000,551.5600
2025-09-16T21:00:00+00:00,ALCLS.PA,SELL,195.0000,298.4500
2025-09-16T21:00:00+00:00,ALMDT.PA,SELL,393.0000,248.2300
2025-09-16T21:00:00+00:00,AXE.AX,BUY,2957.0000,139.2300
2025-09-16T21:00:00+00:00,AZN.L,BUY,609.0000,183.7500
2025-09-16T21:00:00+00:00,BGO.L,SELL,2779.0000,203.5100
2025-09-16T21:00:00+00:00,BRK-B,BUY,200.0000,219.2300
2025-09-16T21:00:00+00:00,BRNT.L,BUY,281.0000,248.5000
2025-09-16T21:00:00+00:00,DBMG.L,BUY,758.0000,138.8800
2025-09-16T21:00:00+00:00,EDIT,BUY,836.0000,270.3500
2025-09-16T21:00:00+00:00,EMV.AX,SELL,3222.0000,193.3600
2025-09-16T21:00:00+00:00,FTC.L,BUY,113.0000,1838.9300
2025-09-16T21:00:00+00:00,GSIT,SELL,141.0000,209.5500
2025-09-16T21:00:00+00:00,HSBA.L,SELL,557.0000,359.8800
2025-09-16T21:00:00+00:00,IBTM.L,BUY,4068.0000,105.3000
2025-09-16T21:00:00+00:00,IDN,SELL,152.0000,339.0000
2025-09-16T21:00:00+00:00,IITU.L,BUY,829.0000,257.7500
2025-09-16T21:00:00+00:00,IPWR,BUY,562.0000,189.2000
2025-09-16T21:00:00+00:00,ISF.L,BUY,4709.0000,170.0100
2025-09-16T21:00:00+00:00,LTBR,BUY,344.0000,635.7600
2025-09-16T21:00:00+00:00,MOLN.SW,BUY,928.0000,101.8100
2025-09-16T21:00:00+00:00,PLTR,BUY,285.0000,2480.1000
2025-09-16T21:00:00+00:00,PRQR,BUY,476.0000,321.5700
2025-09-16T21:00:00+00:00,QSI,SELL,1634.0000,195.8500
2025-09-16T21:00:00+00:00,RR.L,SELL,49.0000,1728.2000
2025-09-16T21:00:00+00:00,SEYE.ST,SELL,2345.0000,269.2800
2025-09-16T21:00:00+00:00,SGLN.L,SELL,5793.0000,220.5900
2025-09-16T21:00:00+00:00,SHEL.L,BUY,1439.0000,245.0700
2025-09-16T21:00:00+00:00,SLX.AX,SELL,268.0000,576.6100
2025-09-16T21:00:00+00:00,SMGB.L,BUY,580.0000,260.3200
2025-09-16T21:00:00+00:00,VUL.AX,SELL,1354.0000,202.7700
2025-09-16T21:00:00+00:00,VYGR,SELL,1057.0000,172.1300
2025-09-16T21:00:00+00:00,WBT.AX,SELL,1226.0000,219.0800
2025-10-15T21:00:00+00:00,AL3.AX,BUY,979.0000,486.9900
2025-10-15T21:00:00+00:00,ALCLS.PA,SELL,1207.0000,401.5100
2025-10-15T21:00:00+00:00,ALMDT.PA,BUY,112.0000,272.4700
2025-10-15T21:00:00+00:00,AXE.AX,SELL,3503.0000,202.3200
2025-10-15T21:00:00+00:00,AZN.L,SELL,18.0000,204.7700
2025-10-15T21:00:00+00:00,BGO.L,BUY,3168.0000,172.8100
2025-10-15T21:00:00+00:00,BRK-B,BUY,859.0000,226.3100
2025-10-15T21:00:00+00:00,BRNT.L,BUY,6728.0000,232.4000
2025-10-15T21:00:00+00:00,DBMG.L,BUY,4851.0000,148.3000
2025-10-15T21:00:00+00:00,EDIT,SELL,1851.0000,396.0400
2025-10-15T21:00:00+00:00,EMV.AX,BUY,4813.0000,148.6000
2025-10-15T21:00:00+00:00,FTC.L,BUY,210.0000,1724.8300
2025-10-15T21:00:00+00:00,GSIT,SELL,3022.0000,335.1600
2025-10-15T21:00:00+00:00,HSBA.L,BUY,3008.0000,355.2400
2025-10-15T21:00:00+00:00,IBTM.L,BUY,14031.0000,107.8000
2025-10-15T21:00:00+00:00,IDN,BUY,1497.0000,303.1300
2025-10-15T21:00:00+00:00,IITU.L,BUY,1925.0000,272.0500
2025-10-15T21:00:00+00:00,IPWR,BUY,892.0000,194.6700
2025-10-15T21:00:00+00:00,ISF.L,BUY,11565.0000,174.2800
2025-10-15T21:00:00+00:00,LTBR,SELL,1288.0000,1166.4600
2025-10-15T21:00:00+00:00,MOLN.SW,BUY,1437.0000,105.8100
2025-10-15T21:00:00+00:00,PLTR,BUY,112.0000,2671.6400
2025-10-15T21:00:00+00:00,PRQR,SELL,1294.0000,447.1500
2025-10-15T21:00:00+00:00,QSI,SELL,4770.0000,395.4500
2025-10-15T21:00:00+00:00,RR.L,BUY,644.0000,1700.6800
2025-10-15T21:00:00+00:00,SEYE.ST,BUY,590.0000,278.2800
2025-10-15T21:00:00+00:00,SGLN.L,SELL,4692.0000,255.8400
2025-10-15T21:00:00+00:00,SHEL.L,BUY,3127.0000,250.1400
2025-10-15T21:00:00+00:00,SLX.AX,SELL,1325.0000,1013.8400
2025-10-15T21:00:00+00:00,SMGB.L,SELL,4559.0000,302.2300
2025-10-15T21:00:00+00:00,VUL.AX,SELL,3766.0000,356.3900
2025-10-15T21:00:00+00:00,VYGR,SELL,1508.0000,218.7700
2025-10-15T21:00:00+00:00,WBT.AX,SELL,1915.0000,305.2600
2025-11-13T21:00:00+00:00,AL3.AX,BUY,1719.0000,362.8100
2025-11-13T21:00:00+00:00,ALCLS.PA,BUY,740.0000,360.9500
2025-11-13T21:00:00+00:00,ALMDT.PA,BUY,236.0000,268.9200
2025-11-13T21:00:00+00:00,AXE.AX,BUY,686.0000,193.6300
2025-11-13T21:00:00+00:00,AZN.L,SELL,494.0000,218.5300
2025-11-13T21:00:00+00:00,BGO.L,BUY,1643.0000,156.1400
2025-11-13T21:00:00+00:00,BRK-B,SELL,393.0000,237.3900
2025-11-13T21:00:00+00:00,BRNT.L,SELL,1027.0000,241.6300
2025-11-13T21:00:00+00:00,DBMG.L,SELL,2444.0000,153.5400
2025-11-13T21:00:00+00:00,EDIT,BUY,3492.0000,251.4300
2025-11-13T21:00:00+00:00,EMV.AX,SELL,730.0000,158.1700
2025-11-13T21:00:00+00:00,FTC.L,BUY,4.0000,1744.9700
2025-11-13T21:00:00+00:00,GSIT,SELL,2024.0000,481.0200
2025-11-13T21:00:00+00:00,HSBA.L,SELL,2955.0000,405.1900
2025-11-13T21:00:00+00:00,IBTM.L,BUY,334.0000,109.1500
2025-11-13T21:00:00+00:00,IDN,SELL,1805.0000,402.7500
2025-11-13T21:00:00+00:00,IITU.L,SELL,713.0000,281.3100
2025-11-13T21:00:00+00:00,IPWR,BUY,4927.0000,139.6000
2025-11-13T21:00:00+00:00,ISF.L,SELL,4230.0000,182.0200
2025-11-13T21:00:00+00:00,LTBR,BUY,1024.0000,780.4300
2025-11-13T21:00:00+00:00,MOLN.SW,SELL,2656.0000,122.1800
2025-11-13T21:00:00+00:00,PLTR,BUY,154.0000,2598.1800
2025-11-13T21:00:00+00:00,PRQR,BUY,1315.0000,361.6600
2025-11-13T21:00:00+00:00,QSI,BUY,5216.0000,212.0900
2025-11-13T21:00:00+00:00,RR.L,BUY,40.0000,1712.9100
2025-11-13T21:00:00+00:00,SEYE.ST,BUY,588.0000,263.6300
2025-11-13T21:00:00+00:00,SGLN.L,SELL,466.0000,260.6400
2025-11-13T21:00:00+00:00,SHEL.L,SELL,2051.0000,268.2500
2025-11-13T21:00:00+00:00,SLX.AX,SELL,451.0000,1281.3000
2025-11-13T21:00:00+00:00,SMGB.L,SELL,1414.0000,310.8100
2025-11-13T21:00:00+00:00,VUL.AX,BUY,637.0000,329.2600
2025-11-13T21:00:00+00:00,VYGR,BUY,3477.0000,167.0200
2025-11-13T21:00:00+00:00,WBT.AX,BUY,137.0000,304.1700
2025-12-12T21:00:00+00:00,AL3.AX,BUY,324.0000,341.8300
2025-12-12T21:00:00+00:00,ALCLS.PA,SELL,1441.0000,458.8000
2025-12-12T21:00:00+00:00,ALMDT.PA,SELL,125.0000,269.9500
2025-12-12T21:00:00+00:00,AXE.AX,BUY,45.0000,190.8800
2025-12-12T21:00:00+00:00,AZN.L,SELL,65.0000,217.7200
2025-12-12T21:00:00+00:00,BGO.L,SELL,485.0000,159.6500
2025-12-12T21:00:00+00:00,BRK-B,BUY,424.0000,226.5700
2025-12-12T21:00:00+00:00,BRNT.L,BUY,1589.0000,230.2100
2025-12-12T21:00:00+00:00,DBMG.L,SELL,240.0000,152.2300
2025-12-12T21:00:00+00:00,EDIT,BUY,124.0000,245.5300
2025-12-12T21:00:00+00:00,EMV.AX,BUY,728.0000,149.1800
2025-12-12T21:00:00+00:00,FTC.L,SELL,136.0000,1919.4600
2025-12-12T21:00:00+00:00,GSIT,BUY,1564.0000,360.4400
2025-12-12T21:00:00+00:00,HSBA.L,SELL,77.0000,402.2300
2025-12-12T21:00:00+00:00,IBTM.L,BUY,541.0000,107.6700
2025-12-12T21:00:00+00:00,IDN,SELL,362.0000,424.8800
2025-12-12T21:00:00+00:00,IITU.L,BUY,502.0000,274.6100
2025-12-12T21:00:00+00:00,IPWR,SELL,1824.0000,154.9400
2025-12-12T21:00:00+00:00,ISF.L,BUY,297.0000,179.7300
2025-12-12T21:00:00+00:00,LTBR,BUY,521.0000,658.1900
2025-12-12T21:00:00+00:00,MOLN.SW,SELL,438.0000,123.7100
2025-12-12T21:00:00+00:00,PLTR,SELL,199.0000,2716.3500
2025-12-12T21:00:00+00:00,PRQR,SELL,417.0000,382.4700
2025-12-12T21:00:00+00:00,QSI,BUY,968.0000,192.9700
2025-12-12T21:00:00+00:00,RR.L,BUY,63.0000,1676.2200
2025-12-12T21:00:00+00:00,SEYE.ST,BUY,480.0000,247.5300
2025-12-12T21:00:00+00:00,SGLN.L,SELL,1713.0000,261.9900
2025-12-12T21:00:00+00:00,SHEL.L,BUY,1910.0000,252.0200
2025-12-12T21:00:00+00:00,SLX.AX,BUY,164.0000,1163.9900
2025-12-12T21:00:00+00:00,SMGB.L,SELL,2655.0000,315.6800
2025-12-12T21:00:00+00:00,VUL.AX,BUY,5084.0000,190.1600
2025-12-12T21:00:00+00:00,VYGR,SELL,1194.0000,180.6100
2025-12-12T21:00:00+00:00,WBT.AX,SELL,302.0000,313.2100
2026-01-15T21:00:00+00:00,AL3.AX,SELL,390.0000,383.0200
2026-01-15T21:00:00+00:00,ALCLS.PA,BUY,1148.0000,395.0100
2026-01-15T21:00:00+00:00,ALMDT.PA,SELL,1700.0000,355.3500
2026-01-15T21:00:00+00:00,AXE.AX,SELL,858.0000,216.8800
2026-01-15T21:00:00+00:00,AZN.L,BUY,116.0000,227.1500
2026-01-15T21:00:00+00:00,BGO.L,BUY,1901.0000,149.1200
2026-01-15T21:00:00+00:00,BRK-B,BUY,898.0000,222.5700
2026-01-15T21:00:00+00:00,BRNT.L,BUY,420.0000,240.7600
2026-01-15T21:00:00+00:00,DBMG.L,BUY,899.0000,159.5600
2026-01-15T21:00:00+00:00,EDIT,BUY,2681.0000,202.0400
2026-01-15T21:00:00+00:00,EMV.AX,BUY,387.0000,153.7300
2026-01-15T21:00:00+00:00,FTC.L,SELL,248.0000,2550.3400
2026-01-15T21:00:00+00:00,GSIT,SELL,1358.0000,482.2600
2026-01-15T21:00:00+00:00,HSBA.L,SELL,1200.0000,447.4500
2026-01-15T21:00:00+00:00,IBTM.L,BUY,9480.0000,107.9300
2026-01-15T21:00:00+00:00,IDN,BUY,904.0000,385.0400
2026-01-15T21:00:00+00:00,IITU.L,BUY,1849.0000,276.3700
2026-01-15T21:00:00+00:00,IPWR,BUY,5676.0000,118.6900
2026-01-15T21:00:00+00:00,ISF.L,SELL,472.0000,190.4400
2026-01-15T21:00:00+00:00,LTBR,SELL,239.0000,745.6000
2026-01-15T21:00:00+00:00,MOLN.SW,BUY,2018.0000,117.9700
2026-01-15T21:00:00+00:00,PLTR,BUY,348.0000,2610.0000
2026-01-15T21:00:00+00:00,PRQR,BUY,3421.0000,258.3500
2026-01-15T21:00:00+00:00,QSI,BUY,1348.0000,183.2800
2026-01-15T21:00:00+00:00,RR.L,SELL,514.0000,1946.0400
2026-01-15T21:00:00+00:00,SEYE.ST,SELL,784.0000,285.2300
2026-01-15T21:00:00+00:00,SGLN.L,SELL,1873.0000,281.5800
2026-01-15T21:00:00+00:00,SHEL.L,BUY,1248.0000,257.6500
2026-01-15T21:00:00+00:00,SLX.AX,BUY,652.0000,926.4300
2026-01-15T21:00:00+00:00,SMGB.L,SELL,8066.0000,362.5700
2026-01-15T21:00:00+00:00,VUL.AX,SELL,763.0000,214.2100
2026-01-15T21:00:00+00:00,VYGR,BUY,2808.0000,156.5500
2026-01-15T21:00:00+00:00,WBT.AX,SELL,731.0000,366.9800
2026-02-13T21:00:00+00:00,AL3.AX,BUY,831.0000,335.9000
2026-02-13T21:00:00+00:00,ALCLS.PA,BUY,416.0000,366.7900
2026-02-13T21:00:00+00:00,ALMDT.PA,SELL,1654.0000,463.0000
2026-02-13T21:00:00+00:00,AXE.AX,BUY,538.0000,205.1400
2026-02-13T21:00:00+00:00,AZN.L,SELL,771.0000,244.8300
2026-02-13T21:00:00+00:00,BGO.L,BUY,1427.0000,135.9600
2026-02-13T21:00:00+00:00,BRK-B,SELL,77.0000,221.8700
2026-02-13T21:00:00+00:00,BRNT.L,SELL,2771.0000,254.9000
2026-02-13T21:00:00+00:00,DBMG.L,SELL,4597.0000,164.4300
2026-02-13T21:00:00+00:00,EDIT,BUY,2333.0000,167.9200
2026-02-13T21:00:00+00:00,EMV.AX,SELL,685.0000,159.1500
2026-02-13T21:00:00+00:00,FTC.L,SELL,42.0000,2644.3000
2026-02-13T21:00:00+00:00,GSIT,BUY,1326.0000,379.0500
2026-02-13T21:00:00+00:00,HSBA.L,SELL,238.0000,448.1000
2026-02-13T21:00:00+00:00,IBTM.L,SELL,415.0000,107.1800
2026-02-13T21:00:00+00:00,IDN,BUY,1526.0000,307.7900
2026-02-13T21:00:00+00:00,IITU.L,BUY,2452.0000,257.7500
2026-02-13T21:00:00+00:00,IPWR,SELL,420.0000,120.0400
2026-02-13T21:00:00+00:00,ISF.L,SELL,4397.0000,194.6800
2026-02-13T21:00:00+00:00,LTBR,BUY,1160.0000,546.1500
2026-02-13T21:00:00+00:00,MOLN.SW,SELL,1625.0000,126.8000
2026-02-13T21:00:00+00:00,PLTR,BUY,1360.0000,1911.7200
2026-02-13T21:00:00+00:00,PRQR,BUY,821.0000,235.6200
2026-02-13T21:00:00+00:00,QSI,BUY,3292.0000,145.7400
2026-02-13T21:00:00+00:00,RR.L,SELL,39.0000,1942.9800
2026-02-13T21:00:00+00:00,SEYE.ST,BUY,1279.0000,246.0400
2026-02-13T21:00:00+00:00,SGLN.L,SELL,7742.0000,300.9900
2026-02-13T21:00:00+00:00,SHEL.L,SELL,2055.0000,269.4700
2026-02-13T21:00:00+00:00,SLX.AX,SELL,126.0000,963.9200
2026-02-13T21:00:00+00:00,SMGB.L,SELL,1070.0000,363.4700
2026-02-13T21:00:00+00:00,VUL.AX,BUY,2229.0000,177.6600
2026-02-13T21:00:00+00:00,VYGR,BUY,2057.0000,137.1200
2026-02-13T21:00:00+00:00,WBT.AX,SELL,550.0000,396.2300
2026-03-16T21:00:00+00:00,AL3.AX,BUY,1323.0000,297.2900
2026-03-16T21:00:00+00:00,ALCLS.PA,BUY,840.0000,340.7800
2026-03-16T21:00:00+00:00,ALMDT.PA,BUY,1049.0000,404.0100
2026-03-16T21:00:00+00:00,AXE.AX,BUY,2022.0000,183.4400
2026-03-16T21:00:00+00:00,AZN.L,BUY,794.0000,235.0500
2026-03-16T21:00:00+00:00,BGO.L,BUY,2407.0000,125.4400
2026-03-16T21:00:00+00:00,BRK-B,BUY,374.0000,225.6600
2026-03-16T21:00:00+00:00,BRNT.L,SELL,13387.0000,398.8300
2026-03-16T21:00:00+00:00,DBMG.L,BUY,380.0000,171.5700
2026-03-16T21:00:00+00:00,EDIT,SELL,4261.0000,249.1500
2026-03-16T21:00:00+00:00,EMV.AX,BUY,2429.0000,143.7500
2026-03-16T21:00:00+00:00,FTC.L,BUY,102.0000,2489.9300
2026-03-16T21:00:00+00:00,GSIT,SELL,2309.0000,620.1100
2026-03-16T21:00:00+00:00,HSBA.L,BUY,1223.0000,444.6700
2026-03-16T21:00:00+00:00,IBTM.L,BUY,5802.0000,108.8100
2026-03-16T21:00:00+00:00,IDN,BUY,31.0000,320.9600
2026-03-16T21:00:00+00:00,IITU.L,BUY,1105.0000,262.8700
2026-03-16T21:00:00+00:00,IPWR,BUY,1011.0000,119.6900
2026-03-16T21:00:00+00:00,ISF.L,BUY,7497.0000,193.3500
2026-03-16T21:00:00+00:00,LTBR,BUY,710.0000,493.0500
2026-03-16T21:00:00+00:00,MOLN.SW,BUY,1418.0000,123.6000
2026-03-16T21:00:00+00:00,PLTR,SELL,646.0000,2284.2200
2026-03-16T21:00:00+00:00,PRQR,SELL,1602.0000,292.0200
2026-03-16T21:00:00+00:00,QSI,BUY,1150.0000,142.7300
2026-03-16T21:00:00+00:00,RR.L,BUY,419.0000,1880.3000
2026-03-16T21:00:00+00:00,SEYE.ST,BUY,3789.0000,186.1500
2026-03-16T21:00:00+00:00,SGLN.L,BUY,3016.0000,305.7100
2026-03-16T21:00:00+00:00,SHEL.L,SELL,4724.0000,323.3900
2026-03-16T21:00:00+00:00,SLX.AX,BUY,781.0000,770.3500
2026-03-16T21:00:00+00:00,SMGB.L,BUY,4707.0000,361.8100
2026-03-16T21:00:00+00:00,VUL.AX,BUY,2810.0000,154.3000
2026-03-16T21:00:00+00:00,VYGR,SELL,3562.0000,179.6500
2026-03-16T21:00:00+00:00,WBT.AX,BUY,582.0000,378.8500
2026-04-16T21:00:00+00:00,AL3.AX,SELL,2598.0000,440.3000
2026-04-16T21:00:00+00:00,ALCLS.PA,SELL,1113.0000,413.0400
2026-04-16T21:00:00+00:00,ALMDT.PA,SELL,36.0000,419.0400
2026-04-16T21:00:00+00:00,AXE.AX,BUY,441.0000,183.3800
2026-04-16T21:00:00+00:00,AZN.L,SELL,30.0000,243.2000
2026-04-16T21:00:00+00:00,BGO.L,BUY,3843.0000,108.7700
2026-04-16T21:00:00+00:00,BRK-B,BUY,1248.0000,212.5900
2026-04-16T21:00:00+00:00,BRNT.L,BUY,1594.0000,388.4700
2026-04-16T21:00:00+00:00,DBMG.L,BUY,7218.0000,166.5200
2026-04-16T21:00:00+00:00,EDIT,SELL,2030.0000,320.7100
2026-04-16T21:00:00+00:00,EMV.AX,BUY,910.0000,141.0100
2026-04-16T21:00:00+00:00,FTC.L,SELL,137.0000,2966.4400
2026-04-16T21:00:00+00:00,GSIT,BUY,2506.0000,397.0800
2026-04-16T21:00:00+00:00,HSBA.L,SELL,1839.0000,497.6200
2026-04-16T21:00:00+00:00,IBTM.L,BUY,9616.0000,106.8700
2026-04-16T21:00:00+00:00,IDN,SELL,2886.0000,520.6200
2026-04-16T21:00:00+00:00,IITU.L,SELL,1551.0000,281.3100
2026-04-16T21:00:00+00:00,IPWR,BUY,595.0000,120.0900
2026-04-16T21:00:00+00:00,ISF.L,SELL,88.0000,199.5400
2026-04-16T21:00:00+00:00,LTBR,BUY,52.0000,503.4800
2026-04-16T21:00:00+00:00,MOLN.SW,BUY,1327.0000,119.7600
2026-04-16T21:00:00+00:00,PLTR,BUY,596.0000,2083.9600
2026-04-16T21:00:00+00:00,PRQR,SELL,403.0000,315.7800
2026-04-16T21:00:00+00:00,QSI,SELL,727.0000,153.4700
2026-04-16T21:00:00+00:00,RR.L,BUY,82.0000,1911.1800
2026-04-16T21:00:00+00:00,SEYE.ST,SELL,516.0000,199.5300
2026-04-16T21:00:00+00:00,SGLN.L,BUY,8837.0000,290.0000
2026-04-16T21:00:00+00:00,SHEL.L,BUY,1314.0000,320.5000
2026-04-16T21:00:00+00:00,SLX.AX,SELL,287.0000,870.2500
2026-04-16T21:00:00+00:00,SMGB.L,SELL,9090.0000,412.2900
2026-04-16T21:00:00+00:00,VUL.AX,SELL,1739.0000,177.9000
2026-04-16T21:00:00+00:00,VYGR,BUY,2165.0000,160.7200
2026-04-16T21:00:00+00:00,WBT.AX,BUY,1207.0000,331.1900
2026-05-18T21:00:00+00:00,AL3.AX,BUY,898.0000,401.5100
2026-05-18T21:00:00+00:00,ALCLS.PA,BUY,1040.0000,372.4600
2026-05-18T21:00:00+00:00,ALMDT.PA,SELL,13.0000,440.6400
2026-05-18T21:00:00+00:00,AXE.AX,BUY,1592.0000,173.1400
2026-05-18T21:00:00+00:00,AZN.L,BUY,1311.0000,224.3500
2026-05-18T21:00:00+00:00,BGO.L,BUY,1815.0000,106.1400
2026-05-18T21:00:00+00:00,BRK-B,BUY,11.0000,222.8800
2026-05-18T21:00:00+00:00,BRNT.L,SELL,3581.0000,465.8000
2026-05-18T21:00:00+00:00,DBMG.L,BUY,2060.0000,171.8300
2026-05-18T21:00:00+00:00,EDIT,BUY,2963.0000,247.0400
2026-05-18T21:00:00+00:00,EMV.AX,SELL,493.0000,151.9800
2026-05-18T21:00:00+00:00,FTC.L,SELL,385.0000,5516.7800
2026-05-18T21:00:00+00:00,GSIT,SELL,1745.0000,566.1000
2026-05-18T21:00:00+00:00,HSBA.L,BUY,951.0000,500.1400
2026-05-18T21:00:00+00:00,IBTM.L,BUY,11598.0000,106.0300
2026-05-18T21:00:00+00:00,IDN,BUY,4966.0000,275.1400
2026-05-18T21:00:00+00:00,IITU.L,SELL,2978.0000,318.1100
2026-05-18T21:00:00+00:00,IPWR,SELL,8994.0000,214.1600
2026-05-18T21:00:00+00:00,ISF.L,BUY,10634.0000,195.1600
2026-05-18T21:00:00+00:00,LTBR,BUY,709.0000,465.0700
2026-05-18T21:00:00+00:00,MOLN.SW,BUY,3538.0000,108.1900
2026-05-18T21:00:00+00:00,PLTR,BUY,448.0000,2012.0300
2026-05-18T21:00:00+00:00,PRQR,BUY,2730.0000,249.4000
2026-05-18T21:00:00+00:00,QSI,BUY,4324.0000,128.5300
2026-05-18T21:00:00+00:00,RR.L,BUY,723.0000,1777.2500
2026-05-18T21:00:00+00:00,SEYE.ST,SELL,3090.0000,273.6700
2026-05-18T21:00:00+00:00,SGLN.L,BUY,10871.0000,276.9400
2026-05-18T21:00:00+00:00,SHEL.L,BUY,2672.0000,311.5100
2026-05-18T21:00:00+00:00,SLX.AX,BUY,358.0000,816.1200
2026-05-18T21:00:00+00:00,SMGB.L,SELL,12741.0000,507.1100
2026-05-18T21:00:00+00:00,VUL.AX,BUY,137.0000,184.9500
2026-05-18T21:00:00+00:00,VYGR,BUY,2515.0000,146.1300
2026-05-18T21:00:00+00:00,WBT.AX,SELL,2791.0000,536.5900
2026-06-17T21:00:00+00:00,AL3.AX,BUY,2299.0000,306.8100
2026-06-17T21:00:00+00:00,ALCLS.PA,BUY,1897.0000,302.3900
2026-06-17T21:00:00+00:00,ALMDT.PA,BUY,123.0000,440.8900
2026-06-17T21:00:00+00:00,AXE.AX,SELL,1597.0000,196.3800
2026-06-17T21:00:00+00:00,AZN.L,BUY,416.0000,220.4500
2026-06-17T21:00:00+00:00,BGO.L,SELL,320.0000,109.6500
2026-06-17T21:00:00+00:00,BRK-B,BUY,336.0000,222.2400
2026-06-17T21:00:00+00:00,BRNT.L,BUY,7931.0000,361.0800
2026-06-17T21:00:00+00:00,DBMG.L,BUY,4470.0000,169.2400
2026-06-17T21:00:00+00:00,EDIT,BUY,238.0000,246.8000
2026-06-17T21:00:00+00:00,EMV.AX,BUY,2353.0000,137.2400
2026-06-17T21:00:00+00:00,FTC.L,BUY,66.0000,4966.4400
2026-06-17T21:00:00+00:00,GSIT,BUY,1264.0000,458.4200
2026-06-17T21:00:00+00:00,HSBA.L,SELL,1135.0000,537.3100
2026-06-17T21:00:00+00:00,IBTM.L,BUY,1235.0000,107.5600
2026-06-17T21:00:00+00:00,IDN,BUY,642.0000,263.8000
2026-06-17T21:00:00+00:00,IITU.L,SELL,684.0000,330.4700
2026-06-17T21:00:00+00:00,IPWR,BUY,515.0000,210.0800
2026-06-17T21:00:00+00:00,ISF.L,BUY,342.0000,198.6900
2026-06-17T21:00:00+00:00,LTBR,BUY,1197.0000,394.7100
2026-06-17T21:00:00+00:00,MOLN.SW,SELL,919.0000,114.5200
2026-06-17T21:00:00+00:00,PLTR,BUY,365.0000,1927.8000
2026-06-17T21:00:00+00:00,PRQR,SELL,765.0000,273.4000
2026-06-17T21:00:00+00:00,QSI,SELL,1474.0000,140.8300
2026-06-17T21:00:00+00:00,RR.L,SELL,955.0000,2134.0500
2026-06-17T21:00:00+00:00,SEYE.ST,BUY,138.0000,275.4400
2026-06-17T21:00:00+00:00,SGLN.L,BUY,7619.0000,265.8200
2026-06-17T21:00:00+00:00,SHEL.L,BUY,3481.0000,289.9900
2026-06-17T21:00:00+00:00,SLX.AX,SELL,75.0000,851.6300
2026-06-17T21:00:00+00:00,SMGB.L,SELL,11562.0000,613.2600
2026-06-17T21:00:00+00:00,VUL.AX,BUY,795.0000,179.1400
2026-06-17T21:00:00+00:00,VYGR,BUY,70.0000,148.5400
2026-06-17T21:00:00+00:00,WBT.AX,SELL,707.0000,634.8900
2026-07-16T21:00:00+00:00,AL3.AX,BUY,800.0000,269.4300
2026-07-16T21:00:00+00:00,ALCLS.PA,BUY,1220.0000,255.2500
2026-07-16T21:00:00+00:00,ALMDT.PA,BUY,1250.0000,351.9700
2026-07-16T21:00:00+00:00,AXE.AX,BUY,6676.0000,127.8600
2026-07-16T21:00:00+00:00,AZN.L,BUY,211.0000,206.6400
2026-07-16T21:00:00+00:00,BGO.L,SELL,3459.0000,121.0500
2026-07-16T21:00:00+00:00,BRK-B,SELL,598.0000,221.1800
2026-07-16T21:00:00+00:00,BRNT.L,SELL,2812.0000,376.9100
2026-07-16T21:00:00+00:00,DBMG.L,SELL,6122.0000,169.6700
2026-07-16T21:00:00+00:00,EDIT,SELL,1676.0000,276.3800
2026-07-16T21:00:00+00:00,EMV.AX,SELL,2471.0000,149.0500
2026-07-16T21:00:00+00:00,FTC.L,BUY,175.0000,3624.1600
2026-07-16T21:00:00+00:00,GSIT,BUY,1888.0000,334.6900
2026-07-16T21:00:00+00:00,HSBA.L,SELL,1746.0000,558.5400
2026-07-16T21:00:00+00:00,IBTM.L,SELL,7135.0000,106.2500
2026-07-16T21:00:00+00:00,IDN,BUY,674.0000,236.9300
2026-07-16T21:00:00+00:00,IITU.L,SELL,475.0000,319.6100
2026-07-16T21:00:00+00:00,IPWR,BUY,4054.0000,153.9400
2026-07-16T21:00:00+00:00,ISF.L,SELL,8475.0000,200.5600
2026-07-16T21:00:00+00:00,LTBR,BUY,1727.0000,303.3100
2026-07-16T21:00:00+00:00,MOLN.SW,SELL,1376.0000,115.8600
2026-07-16T21:00:00+00:00,PLTR,SELL,384.0000,1967.2000
2026-07-16T21:00:00+00:00,PRQR,SELL,379.0000,271.0800
2026-07-16T21:00:00+00:00,QSI,BUY,2195.0000,121.1500
2026-07-16T21:00:00+00:00,RR.L,SELL,200.0000,2116.2400
2026-07-16T21:00:00+00:00,SEYE.ST,SELL,350.0000,272.3900
2026-07-16T21:00:00+00:00,SGLN.L,BUY,5598.0000,243.2500
2026-07-16T21:00:00+00:00,SHEL.L,SELL,3293.0000,301.9400
2026-07-16T21:00:00+00:00,SLX.AX,BUY,652.0000,679.0400
2026-07-16T21:00:00+00:00,SMGB.L,BUY,3651.0000,553.2500
2026-07-16T21:00:00+00:00,VUL.AX,BUY,3486.0000,139.9500
2026-07-16T21:00:00+00:00,VYGR,BUY,2778.0000,123.6800
2026-07-16T21:00:00+00:00,WBT.AX,BUY,702.0000,523.3100
2026-08-14T21:00:00+00:00,AL3.AX,BUY,2901.0000,218.0300
2026-08-14T21:00:00+00:00,ALCLS.PA,SELL,1040.0000,296.0400
2026-08-14T21:00:00+00:00,ALMDT.PA,SELL,439.0000,390.3100
2026-08-14T21:00:00+00:00,AXE.AX,BUY,1658.0000,123.8300
2026-08-14T21:00:00+00:00,AZN.L,BUY,1651.0000,188.7900
2026-08-14T21:00:00+00:00,BGO.L,BUY,3406.0000,109.6500
2026-08-14T21:00:00+00:00,BRK-B,BUY,264.0000,226.9200
2026-08-14T21:00:00+00:00,BRNT.L,SELL,140.0000,395.7200
2026-08-14T21:00:00+00:00,DBMG.L,BUY,4577.0000,170.9400
2026-08-14T21:00:00+00:00,EDIT,BUY,614.0000,271.6300
2026-08-14T21:00:00+00:00,EMV.AX,SELL,242.0000,157.8900
2026-08-14T21:00:00+00:00,FTC.L,BUY,75.0000,3436.2400
2026-08-14T21:00:00+00:00,GSIT,SELL,1617.0000,438.1600
2026-08-14T21:00:00+00:00,HSBA.L,BUY,332.0000,574.0300
2026-08-14T21:00:00+00:00,IBTM.L,BUY,10868.0000,105.5000
2026-08-14T21:00:00+00:00,IDN,BUY,4409.0000,178.2000
2026-08-14T21:00:00+00:00,IITU.L,SELL,426.0000,337.8800
2026-08-14T21:00:00+00:00,IPWR,SELL,2787.0000,191.5000
2026-08-14T21:00:00+00:00,ISF.L,BUY,3646.0000,204.5700
2026-08-14T21:00:00+00:00,LTBR,SELL,999.0000,357.3100
2026-08-14T21:00:00+00:00,MOLN.SW,BUY,298.0000,119.5400
2026-08-14T21:00:00+00:00,PLTR,SELL,1095.0000,2556.2000
2026-08-14T21:00:00+00:00,PRQR,SELL,934.0000,312.8300
2026-08-14T21:00:00+00:00,QSI,BUY,3373.0000,109.8700
2026-08-14T21:00:00+00:00,RR.L,SELL,358.0000,2375.1400
2026-08-14T21:00:00+00:00,SEYE.ST,SELL,926.0000,314.1800
2026-08-14T21:00:00+00:00,SGLN.L,SELL,5272.0000,264.6000
2026-08-14T21:00:00+00:00,SHEL.L,SELL,510.0000,320.0200
2026-08-14T21:00:00+00:00,SLX.AX,SELL,225.0000,752.4800
2026-08-14T21:00:00+00:00,SMGB.L,BUY,2294.0000,558.7700
2026-08-14T21:00:00+00:00,VUL.AX,SELL,378.0000,149.2000
2026-08-14T21:00:00+00:00,VYGR,SELL,695.0000,133.5300
2026-08-14T21:00:00+00:00,WBT.AX,BUY,2650.0000,360.4700
2026-09-15T21:00:00+00:00,AL3.AX,SELL,4026.0000,308.1900
2026-09-15T21:00:00+00:00,ALCLS.PA,BUY,9039.0000,147.0500
2026-09-15T21:00:00+00:00,ALMDT.PA,BUY,1826.0000,302.1200
2026-09-15T21:00:00+00:00,AXE.AX,BUY,3139.0000,105.5800
2026-09-15T21:00:00+00:00,AZN.L,SELL,1072.0000,199.5900
2026-09-15T21:00:00+00:00,BGO.L,SELL,745.0000,109.6500
2026-09-15T21:00:00+00:00,BRK-B,SELL,755.0000,232.4700
2026-09-15T21:00:00+00:00,BRNT.L,SELL,6711.0000,494.6100
2026-09-15T21:00:00+00:00,DBMG.L,SELL,7350.0000,176.1200
2026-09-15T21:00:00+00:00,EDIT,BUY,431.0000,253.1400
2026-09-15T21:00:00+00:00,EMV.AX,SELL,187.0000,154.9200
2026-09-15T21:00:00+00:00,FTC.L,BUY,128.0000,2885.9100
2026-09-15T21:00:00+00:00,GSIT,BUY,2520.0000,305.1700
2026-09-15T21:00:00+00:00,HSBA.L,SELL,274.0000,565.0100
2026-09-15T21:00:00+00:00,IBTM.L,SELL,3158.0000,103.9300
2026-09-15T21:00:00+00:00,IDN,BUY,1943.0000,153.9900
2026-09-15T21:00:00+00:00,IITU.L,SELL,445.0000,332.0500
2026-09-15T21:00:00+00:00,IPWR,BUY,3072.0000,153.6700
2026-09-15T21:00:00+00:00,ISF.L,SELL,3448.0000,203.2100
2026-09-15T21:00:00+00:00,LTBR,BUY,1899.0000,279.2900
2026-09-15T21:00:00+00:00,MOLN.SW,SELL,579.0000,118.9900
2026-09-15T21:00:00+00:00,PLTR,SELL,91.0000,2532.5400
2026-09-15T21:00:00+00:00,PRQR,BUY,124.0000,299.5700
2026-09-15T21:00:00+00:00,QSI,SELL,37.0000,106.8200
2026-09-15T21:00:00+00:00,RR.L,BUY,258.0000,2188.9500
2026-09-15T21:00:00+00:00,SEYE.ST,BUY,7327.0000,167.4900
2026-09-15T21:00:00+00:00,SGLN.L,SELL,1283.0000,259.4700
2026-09-15T21:00:00+00:00,SHEL.L,SELL,4224.0000,352.0700
2026-09-15T21:00:00+00:00,SLX.AX,BUY,553.0000,636.0800
2026-09-15T21:00:00+00:00,SMGB.L,BUY,2923.0000,520.2300
2026-09-15T21:00:00+00:00,VUL.AX,BUY,4842.0000,115.1700
2026-09-15T21:00:00+00:00,VYGR,BUY,590.0000,126.0900
2026-09-15T21:00:00+00:00,WBT.AX,BUY,3217.0000,247.5600
