date,equity_own_weights,equity_own_weights_8020,equity_equal_weight,equity_hrp_optimised,equity_own_weights_engine,equity_own_weights_8020_engine,equity_equal_weight_engine,equity_hrp_optimised_engine
2020-12-10,200000.000000,200000.000000,200000.000000,200000.000000,100000000.000000,100000000.000000,100000000.000000,100000000.000000
2020-12-11,200000.000000,200000.000000,200000.000000,200000.000000,100000000.000000,100000000.000000,100000000.000000,100000000.000000
2020-12-14,200000.000000,200000.000000,200000.000000,200000.000000,100000000.000000,100000000.000000,100000000.000000,100000000.000000
2020-12-15,200000.000000,200000.000000,200000.000000,200000.000000,100000000.000000,100000000.000000,100000000.000000,100000000.000000
2020-12-16,200000.000000,200000.000000,200000.000000,200000.000000,100000000.000000,100000000.000000,100000000.000000,100000000.000000
2020-12-17,200000.000000,200000.000000,200000.000000,200000.000000,100000000.000000,100000000.000000,100000000.000000,100000000.000000
2020-12-18,200000.000000,200000.000000,200000.000000,200000.000000,100000000.000000,100000000.000000,100000000.000000,100000000.000000
2020-12-21,200000.000000,200000.000000,200000.000000,200000.000000,100000000.000000,100000000.000000,100000000.000000,100000000.000000
2020-12-22,200000.000000,200000.000000,200000.000000,200000.000000,100000000.000000,100000000.000000,100000000.000000,100000000.000000
2020-12-23,200000.000000,200000.000000,200000.000000,200000.000000,100000000.000000,100000000.000000,100000000.000000,100000000.000000
2020-12-24,200000.000000,200000.000000,200000.000000,200000.000000,100000000.000000,100000000.000000,100000000.000000,100000000.000000
2020-12-29,200000.000000,200000.000000,200000.000000,200000.000000,100000000.000000,100000000.000000,100000000.000000,100000000.000000
2020-12-30,200000.000000,200000.000000,200000.000000,200000.000000,100000000.000000,100000000.000000,100000000.000000,100000000.000000
2020-12-31,200000.000000,200000.000000,200000.000000,200000.000000,100000000.000000,100000000.000000,100000000.000000,100000000.000000
2021-01-04,200000.000000,200000.000000,200000.000000,200000.000000,100000000.000000,100000000.000000,100000000.000000,100000000.000000
2021-01-05,200000.000000,200000.000000,200000.000000,200000.000000,100000000.000000,100000000.000000,100000000.000000,100000000.000000
2021-01-06,200000.000000,200000.000000,200000.000000,200000.000000,100000000.000000,100000000.000000,100000000.000000,100000000.000000
2021-01-07,200000.000000,200000.000000,200000.000000,200000.000000,100000000.000000,100000000.000000,100000000.000000,100000000.000000
2021-01-08,200000.000000,200000.000000,200000.000000,200000.000000,100000000.000000,100000000.000000,100000000.000000,100000000.000000
2021-01-11,200000.000000,200000.000000,200000.000000,200000.000000,100000000.000000,100000000.000000,100000000.000000,100000000.000000
2021-01-12,200000.000000,200000.000000,200000.000000,200000.000000,100000000.000000,100000000.000000,100000000.000000,100000000.000000
2021-01-13,200000.000000,200000.000000,200000.000000,200000.000000,100000000.000000,100000000.000000,100000000.000000,100000000.000000
2021-01-14,200000.000000,200000.000000,200000.000000,200000.000000,100000000.000000,100000000.000000,100000000.000000,100000000.000000
2021-01-15,200000.000000,200000.000000,200000.000000,200000.000000,100000000.000000,100000000.000000,100000000.000000,100000000.000000
2021-01-18,200000.000000,200000.000000,200000.000000,200000.000000,100000000.000000,100000000.000000,100000000.000000,100000000.000000
2021-01-19,200000.000000,200000.000000,200000.000000,200000.000000,100000000.000000,100000000.000000,100000000.000000,100000000.000000
2021-01-20,200000.000000,200000.000000,200000.000000,200000.000000,100000000.000000,100000000.000000,100000000.000000,100000000.000000
2021-01-21,200000.000000,200000.000000,200000.000000,200000.000000,100000000.000000,100000000.000000,100000000.000000,100000000.000000
2021-01-22,200000.000000,200000.000000,200000.000000,200000.000000,100000000.000000,100000000.000000,100000000.000000,100000000.000000
2021-01-25,200000.000000,200000.000000,200000.000000,200000.000000,100000000.000000,100000000.000000,100000000.000000,100000000.000000
2021-01-26,200000.000000,200000.000000,200000.000000,200000.000000,100000000.000000,100000000.000000,100000000.000000,100000000.000000
2021-01-27,200000.000000,200000.000000,200000.000000,200000.000000,100000000.000000,100000000.000000,100000000.000000,100000000.000000
2021-01-28,200000.000000,200000.000000,200000.000000,200000.000000,100000000.000000,100000000.000000,100000000.000000,100000000.000000
2021-01-29,200000.000000,200000.000000,200000.000000,200000.000000,100000000.000000,100000000.000000,100000000.000000,100000000.000000
2021-02-01,200000.000000,200000.000000,200000.000000,200000.000000,100000000.000000,100000000.000000,100000000.000000,100000000.000000
2021-02-02,200000.000000,200000.000000,200000.000000,200000.000000,100000000.000000,100000000.000000,100000000.000000,100000000.000000
2021-02-03,200000.000000,200000.000000,200000.000000,200000.000000,100000000.000000,100000000.000000,100000000.000000,100000000.000000
2021-02-04,200000.000000,200000.000000,200000.000000,200000.000000,100000000.000000,100000000.000000,100000000.000000,100000000.000000
2021-02-05,200000.000000,200000.000000,200000.000000,200000.000000,100000000.000000,100000000.000000,100000000.000000,100000000.000000
2021-02-08,200000.000000,200000.000000,200000.000000,200000.000000,100000000.000000,100000000.000000,100000000.000000,100000000.000000
2021-02-09,200000.000000,200000.000000,200000.000000,200000.000000,100000000.000000,100000000.000000,100000000.000000,100000000.000000
2021-02-10,200000.000000,200000.000000,200000.000000,200000.000000,100000000.000000,100000000.000000,100000000.000000,100000000.000000
2021-02-11,200000.000000,200000.000000,200000.000000,200000.000000,100000000.000000,100000000.000000,100000000.000000,100000000.000000
2021-02-12,200000.000000,200000.000000,200000.000000,200000.000000,100000000.000000,100000000.000000,100000000.000000,100000000.000000
2021-02-15,200000.000000,200000.000000,200000.000000,200000.000000,100000000.000000,100000000.000000,100000000.000000,100000000.000000
2021-02-16,200000.000000,200000.000000,200000.000000,200000.000000,100000000.000000,100000000.000000,100000000.000000,100000000.000000
2021-02-17,200000.000000,200000.000000,200000.000000,200000.000000,100000000.000000,100000000.000000,100000000.000000,100000000.000000
2021-02-18,200000.000000,200000.000000,200000.000000,200000.000000,100000000.000000,100000000.000000,100000000.000000,100000000.000000
2021-02-19,200000.000000,200000.000000,200000.000000,200000.000000,100000000.000000,100000000.000000,100000000.000000,100000000.000000
2021-02-22,200000.000000,200000.000000,200000.000000,200000.000000,100000000.000000,100000000.000000,100000000.000000,100000000.000000
2021-02-23,200000.000000,200000.000000,200000.000000,200000.000000,100000000.000000,100000000.000000,100000000.000000,100000000.000000
2021-02-24,200000.000000,200000.000000,200000.000000,200000.000000,100000000.000000,100000000.000000,100000000.000000,100000000.000000
2021-02-25,200000.000000,200000.000000,200000.000000,200000.000000,100000000.000000,100000000.000000,100000000.000000,100000000.000000
2021-02-26,200000.000000,200000.000000,200000.000000,200000.000000,100000000.000000,100000000.000000,100000000.000000,100000000.000000
2021-03-01,200000.000000,200000.000000,200000.000000,200000.000000,100000000.000000,100000000.000000,100000000.000000,100000000.000000
2021-03-02,200000.000000,200000.000000,200000.000000,200000.000000,100000000.000000,100000000.000000,100000000.000000,100000000.000000
2021-03-03,200000.000000,200000.000000,200000.000000,200000.000000,100000000.000000,100000000.000000,100000000.000000,100000000.000000
2021-03-04,200000.000000,200000.000000,200000.000000,200000.000000,100000000.000000,100000000.000000,100000000.000000,100000000.000000
2021-03-05,200000.000000,200000.000000,200000.000000,200000.000000,100000000.000000,100000000.000000,100000000.000000,100000000.000000
2021-03-08,200000.000000,200000.000000,200000.000000,200000.000000,100000000.000000,100000000.000000,100000000.000000,100000000.000000
2021-03-09,200000.000000,200000.000000,200000.000000,200000.000000,100000000.000000,100000000.000000,100000000.000000,100000000.000000
2021-03-10,200000.000000,200000.000000,200000.000000,200000.000000,100000000.000000,100000000.000000,100000000.000000,100000000.000000
2021-03-11,200000.000000,200000.000000,200000.000000,200000.000000,100000000.000000,100000000.000000,100000000.000000,100000000.000000
2021-03-12,200000.000000,200000.000000,200000.000000,200000.000000,100000000.000000,100000000.000000,100000000.000000,100000000.000000
2021-03-15,200000.000000,200000.000000,200000.000000,200000.000000,100000000.000000,100000000.000000,100000000.000000,100000000.000000
2021-03-16,200000.000000,200000.000000,200000.000000,200000.000000,100000000.000000,100000000.000000,100000000.000000,100000000.000000
2021-03-17,200000.000000,200000.000000,200000.000000,200000.000000,100000000.000000,100000000.000000,100000000.000000,100000000.000000
2021-03-18,200000.000000,200000.000000,200000.000000,200000.000000,100000000.000000,100000000.000000,100000000.000000,100000000.000000
2021-03-19,200000.000000,200000.000000,200000.000000,200000.000000,100000000.000000,100000000.000000,100000000.000000,100000000.000000
2021-03-22,200000.000000,200000.000000,200000.000000,200000.000000,100000000.000000,100000000.000000,100000000.000000,100000000.000000
2021-03-23,200000.000000,200000.000000,200000.000000,200000.000000,100000000.000000,100000000.000000,100000000.000000,100000000.000000
2021-03-24,200000.000000,200000.000000,200000.000000,200000.000000,100000000.000000,100000000.000000,100000000.000000,100000000.000000
2021-03-25,200000.000000,200000.000000,200000.000000,200000.000000,100000000.000000,100000000.000000,100000000.000000,100000000.000000
2021-03-26,200000.000000,200000.000000,200000.000000,200000.000000,100000000.000000,100000000.000000,100000000.000000,100000000.000000
2021-03-29,200000.000000,200000.000000,200000.000000,200000.000000,100000000.000000,100000000.000000,100000000.000000,100000000.000000
2021-03-30,200000.000000,200000.000000,200000.000000,200000.000000,100000000.000000,100000000.000000,100000000.000000,100000000.000000
2021-03-31,200000.000000,200000.000000,200000.000000,200000.000000,100000000.000000,100000000.000000,100000000.000000,100000000.000000
2021-04-01,200000.000000,200000.000000,200000.000000,200000.000000,100000000.000000,100000000.000000,100000000.000000,100000000.000000
2021-04-06,200000.000000,200000.000000,200000.000000,200000.000000,100000000.000000,100000000.000000,100000000.000000,100000000.000000
2021-04-07,200000.000000,200000.000000,200000.000000,200000.000000,100000000.000000,100000000.000000,100000000.000000,100000000.000000
2021-04-08,200000.000000,200000.000000,200000.000000,200000.000000,100000000.000000,100000000.000000,100000000.000000,100000000.000000
2021-04-09,200000.000000,200000.000000,200000.000000,200000.000000,100000000.000000,100000000.000000,100000000.000000,100000000.000000
2021-04-12,200000.000000,200000.000000,200000.000000,200000.000000,100000000.000000,100000000.000000,100000000.000000,100000000.000000
2021-04-13,200000.000000,200000.000000,200000.000000,200000.000000,100000000.000000,100000000.000000,100000000.000000,100000000.000000
2021-04-14,200000.000000,200000.000000,200000.000000,200000.000000,100000000.000000,100000000.000000,100000000.000000,100000000.000000
2021-04-15,200000.000000,200000.000000,200000.000000,200000.000000,100000000.000000,100000000.000000,100000000.000000,100000000.000000
2021-04-16,200000.000000,200000.000000,200000.000000,200000.000000,100000000.000000,100000000.000000,100000000.000000,100000000.000000
2021-04-19,200000.000000,200000.000000,200000.000000,200000.000000,100000000.000000,100000000.000000,100000000.000000,100000000.000000
2021-04-20,200000.000000,200000.000000,200000.000000,200000.000000,100000000.000000,100000000.000000,100000000.000000,100000000.000000
2021-04-21,200000.000000,200000.000000,200000.000000,200000.000000,100000000.000000,100000000.000000,100000000.000000,100000000.000000
2021-04-22,200000.000000,200000.000000,200000.000000,200000.000000,100000000.000000,100000000.000000,100000000.000000,100000000.000000
2021-04-23,200000.000000,200000.000000,200000.000000,200000.000000,100000000.000000,100000000.000000,100000000.000000,100000000.000000
2021-04-26,200000.000000,200000.000000,200000.000000,200000.000000,100000000.000000,100000000.000000,100000000.000000,100000000.000000
2021-04-27,200000.000000,200000.000000,200000.000000,200000.000000,100000000.000000,100000000.000000,100000000.000000,100000000.000000
2021-04-28,200000.000000,200000.000000,200000.000000,200000.000000,100000000.000000,100000000.000000,100000000.000000,100000000.000000
2021-04-29,200000.000000,200000.000000,200000.000000,200000.000000,100000000.000000,100000000.000000,100000000.000000,100000000.000000
2021-04-30,200000.000000,200000.000000,200000.000000,200000.000000,100000000.000000,100000000.000000,100000000.000000,100000000.000000
2021-05-04,200000.000000,200000.000000,200000.000000,200000.000000,100000000.000000,100000000.000000,100000000.000000,100000000.000000
2021-05-05,200000.000000,200000.000000,200000.000000,200000.000000,100000000.000000,100000000.000000,100000000.000000,100000000.000000
2021-05-06,200000.000000,200000.000000,200000.000000,200000.000000,100000000.000000,100000000.000000,100000000.000000,100000000.000000
2021-05-07,200000.000000,200000.000000,200000.000000,200000.000000,100000000.000000,100000000.000000,100000000.000000,100000000.000000
2021-05-10,200000.000000,200000.000000,200000.000000,200000.000000,100000000.000000,100000000.000000,100000000.000000,100000000.000000
2021-05-11,200000.000000,200000.000000,200000.000000,200000.000000,100000000.000000,100000000.000000,100000000.000000,100000000.000000
2021-05-12,200000.000000,200000.000000,200000.000000,200000.000000,100000000.000000,100000000.000000,100000000.000000,100000000.000000
2021-05-13,200000.000000,200000.000000,200000.000000,200000.000000,100000000.000000,100000000.000000,100000000.000000,100000000.000000
2021-05-14,200000.000000,200000.000000,200000.000000,200000.000000,100000000.000000,100000000.000000,100000000.000000,100000000.000000
2021-05-17,200000.000000,200000.000000,200000.000000,200000.000000,100000000.000000,100000000.000000,100000000.000000,100000000.000000
2021-05-18,200000.000000,200000.000000,200000.000000,200000.000000,100000000.000000,100000000.000000,100000000.000000,100000000.000000
2021-05-19,200000.000000,200000.000000,200000.000000,200000.000000,100000000.000000,100000000.000000,100000000.000000,100000000.000000
2021-05-20,200000.000000,200000.000000,200000.000000,200000.000000,100000000.000000,100000000.000000,100000000.000000,100000000.000000
2021-05-21,200000.000000,200000.000000,200000.000000,200000.000000,100000000.000000,100000000.000000,100000000.000000,100000000.000000
2021-05-24,200000.000000,200000.000000,200000.000000,200000.000000,100000000.000000,100000000.000000,100000000.000000,100000000.000000
2021-05-25,200000.000000,200000.000000,200000.000000,200000.000000,100000000.000000,100000000.000000,100000000.000000,100000000.000000
2021-05-26,200000.000000,200000.000000,200000.000000,200000.000000,100000000.000000,100000000.000000,100000000.000000,100000000.000000
2021-05-27,200000.000000,200000.000000,200000.000000,200000.000000,100000000.000000,100000000.000000,100000000.000000,100000000.000000
2021-05-28,200000.000000,200000.000000,200000.000000,200000.000000,100000000.000000,100000000.000000,100000000.000000,100000000.000000
2021-06-01,200000.000000,200000.000000,200000.000000,200000.000000,100000000.000000,100000000.000000,100000000.000000,100000000.000000
2021-06-02,200000.000000,200000.000000,200000.000000,200000.000000,100000000.000000,100000000.000000,100000000.000000,100000000.000000
2021-06-03,200000.000000,200000.000000,200000.000000,200000.000000,100000000.000000,100000000.000000,100000000.000000,100000000.000000
2021-06-04,200000.000000,200000.000000,200000.000000,200000.000000,100000000.000000,100000000.000000,100000000.000000,100000000.000000
2021-06-07,200000.000000,200000.000000,200000.000000,200000.000000,100000000.000000,100000000.000000,100000000.000000,100000000.000000
2021-06-08,200000.000000,200000.000000,200000.000000,200000.000000,100000000.000000,100000000.000000,100000000.000000,100000000.000000
2021-06-09,200000.000000,200000.000000,200000.000000,200000.000000,100000000.000000,100000000.000000,100000000.000000,100000000.000000
2021-06-10,200000.000000,200000.000000,200000.000000,200000.000000,100000000.000000,100000000.000000,100000000.000000,100000000.000000
2021-06-11,200000.000000,200000.000000,200000.000000,200000.000000,100000000.000000,100000000.000000,100000000.000000,100000000.000000
2021-06-14,200000.000000,200000.000000,200000.000000,200000.000000,100000000.000000,100000000.000000,100000000.000000,100000000.000000
2021-06-15,200000.000000,200000.000000,200000.000000,200000.000000,100000000.000000,100000000.000000,100000000.000000,100000000.000000
2021-06-16,200000.000000,200000.000000,200000.000000,200000.000000,100000000.000000,100000000.000000,100000000.000000,100000000.000000
2021-06-17,200000.000000,200000.000000,200000.000000,200000.000000,100000000.000000,100000000.000000,100000000.000000,100000000.000000
2021-06-18,200000.000000,200000.000000,200000.000000,200000.000000,100000000.000000,100000000.000000,100000000.000000,100000000.000000
2021-06-21,200000.000000,200000.000000,200000.000000,200000.000000,100000000.000000,100000000.000000,100000000.000000,100000000.000000
2021-06-22,200000.000000,200000.000000,200000.000000,200000.000000,100000000.000000,100000000.000000,100000000.000000,100000000.000000
2021-06-23,200000.000000,200000.000000,200000.000000,200000.000000,100000000.000000,100000000.000000,100000000.000000,100000000.000000
2021-06-24,200000.000000,200000.000000,200000.000000,200000.000000,100000000.000000,100000000.000000,100000000.000000,100000000.000000
2021-06-25,200000.000000,200000.000000,200000.000000,200000.000000,100000000.000000,100000000.000000,100000000.000000,100000000.000000
2021-06-28,200000.000000,200000.000000,200000.000000,200000.000000,100000000.000000,100000000.000000,100000000.000000,100000000.000000
2021-06-29,200000.000000,200000.000000,200000.000000,200000.000000,100000000.000000,100000000.000000,100000000.000000,100000000.000000
2021-06-30,200000.000000,200000.000000,200000.000000,200000.000000,100000000.000000,100000000.000000,100000000.000000,100000000.000000
2021-07-01,200000.000000,200000.000000,200000.000000,200000.000000,100000000.000000,100000000.000000,100000000.000000,100000000.000000
2021-07-02,200000.000000,200000.000000,200000.000000,200000.000000,100000000.000000,100000000.000000,100000000.000000,100000000.000000
2021-07-05,200000.000000,200000.000000,200000.000000,200000.000000,100000000.000000,100000000.000000,100000000.000000,100000000.000000
2021-07-06,200000.000000,200000.000000,200000.000000,200000.000000,100000000.000000,100000000.000000,100000000.000000,100000000.000000
2021-07-07,200000.000000,200000.000000,200000.000000,200000.000000,100000000.000000,100000000.000000,100000000.000000,100000000.000000
2021-07-08,200000.000000,200000.000000,200000.000000,200000.000000,100000000.000000,100000000.000000,100000000.000000,100000000.000000
2021-07-09,200000.000000,200000.000000,200000.000000,200000.000000,100000000.000000,100000000.000000,100000000.000000,100000000.000000
2021-07-12,200000.000000,200000.000000,200000.000000,200000.000000,100000000.000000,100000000.000000,100000000.000000,100000000.000000
2021-07-13,200000.000000,200000.000000,200000.000000,200000.000000,100000000.000000,100000000.000000,100000000.000000,100000000.000000
2021-07-14,200000.000000,200000.000000,200000.000000,200000.000000,100000000.000000,100000000.000000,100000000.000000,100000000.000000
2021-07-15,200000.000000,200000.000000,200000.000000,200000.000000,100000000.000000,100000000.000000,100000000.000000,100000000.000000
2021-07-16,200000.000000,200000.000000,200000.000000,200000.000000,100000000.000000,100000000.000000,100000000.000000,100000000.000000
2021-07-19,200000.000000,200000.000000,200000.000000,200000.000000,100000000.000000,100000000.000000,100000000.000000,100000000.000000
2021-07-20,200000.000000,200000.000000,200000.000000,200000.000000,100000000.000000,100000000.000000,100000000.000000,100000000.000000
2021-07-21,200000.000000,200000.000000,200000.000000,200000.000000,100000000.000000,100000000.000000,100000000.000000,100000000.000000
2021-07-22,200000.000000,200000.000000,200000.000000,200000.000000,100000000.000000,100000000.000000,100000000.000000,100000000.000000
2021-07-23,200000.000000,200000.000000,200000.000000,200000.000000,100000000.000000,100000000.000000,100000000.000000,100000000.000000
2021-07-26,200000.000000,200000.000000,200000.000000,200000.000000,100000000.000000,100000000.000000,100000000.000000,100000000.000000
2021-07-27,200000.000000,200000.000000,200000.000000,200000.000000,100000000.000000,100000000.000000,100000000.000000,100000000.000000
2021-07-28,200000.000000,200000.000000,200000.000000,200000.000000,100000000.000000,100000000.000000,100000000.000000,100000000.000000
2021-07-29,200000.000000,200000.000000,200000.000000,200000.000000,100000000.000000,100000000.000000,100000000.000000,100000000.000000
2021-07-30,200000.000000,200000.000000,200000.000000,200000.000000,100000000.000000,100000000.000000,100000000.000000,100000000.000000
2021-08-02,200000.000000,200000.000000,200000.000000,200000.000000,100000000.000000,100000000.000000,100000000.000000,100000000.000000
2021-08-03,200000.000000,200000.000000,200000.000000,200000.000000,100000000.000000,100000000.000000,100000000.000000,100000000.000000
2021-08-04,200000.000000,200000.000000,200000.000000,200000.000000,100000000.000000,100000000.000000,100000000.000000,100000000.000000
2021-08-05,200000.000000,200000.000000,200000.000000,200000.000000,100000000.000000,100000000.000000,100000000.000000,100000000.000000
2021-08-06,200000.000000,200000.000000,200000.000000,200000.000000,100000000.000000,100000000.000000,100000000.000000,100000000.000000
2021-08-09,200000.000000,200000.000000,200000.000000,200000.000000,100000000.000000,100000000.000000,100000000.000000,100000000.000000
2021-08-10,200000.000000,200000.000000,200000.000000,200000.000000,100000000.000000,100000000.000000,100000000.000000,100000000.000000
2021-08-11,200000.000000,200000.000000,200000.000000,200000.000000,100000000.000000,100000000.000000,100000000.000000,100000000.000000
2021-08-12,200000.000000,200000.000000,200000.000000,200000.000000,100000000.000000,100000000.000000,100000000.000000,100000000.000000
2021-08-13,200000.000000,200000.000000,200000.000000,200000.000000,100000000.000000,100000000.000000,100000000.000000,100000000.000000
2021-08-16,200000.000000,200000.000000,200000.000000,200000.000000,100000000.000000,100000000.000000,100000000.000000,100000000.000000
2021-08-17,200000.000000,200000.000000,200000.000000,200000.000000,100000000.000000,100000000.000000,100000000.000000,100000000.000000
2021-08-18,200000.000000,200000.000000,200000.000000,200000.000000,100000000.000000,100000000.000000,100000000.000000,100000000.000000
2021-08-19,200000.000000,200000.000000,200000.000000,200000.000000,100000000.000000,100000000.000000,100000000.000000,100000000.000000
2021-08-20,200000.000000,200000.000000,200000.000000,200000.000000,100000000.000000,100000000.000000,100000000.000000,100000000.000000
2021-08-23,200000.000000,200000.000000,200000.000000,200000.000000,100000000.000000,100000000.000000,100000000.000000,100000000.000000
2021-08-24,200000.000000,200000.000000,200000.000000,200000.000000,100000000.000000,100000000.000000,100000000.000000,100000000.000000
2021-08-25,200000.000000,200000.000000,200000.000000,200000.000000,100000000.000000,100000000.000000,100000000.000000,100000000.000000
2021-08-26,200000.000000,200000.000000,200000.000000,200000.000000,100000000.000000,100000000.000000,100000000.000000,100000000.000000
2021-08-27,200000.000000,200000.000000,200000.000000,200000.000000,100000000.000000,100000000.000000,100000000.000000,100000000.000000
2021-08-31,200000.000000,200000.000000,200000.000000,200000.000000,100000000.000000,100000000.000000,100000000.000000,100000000.000000
2021-09-01,200000.000000,200000.000000,200000.000000,200000.000000,100000000.000000,100000000.000000,100000000.000000,100000000.000000
2021-09-02,200000.000000,200000.000000,200000.000000,200000.000000,100000000.000000,100000000.000000,100000000.000000,100000000.000000
2021-09-03,200000.000000,200000.000000,200000.000000,200000.000000,100000000.000000,100000000.000000,100000000.000000,100000000.000000
2021-09-06,200000.000000,200000.000000,200000.000000,200000.000000,100000000.000000,100000000.000000,100000000.000000,100000000.000000
2021-09-07,200000.000000,200000.000000,200000.000000,200000.000000,100000000.000000,100000000.000000,100000000.000000,100000000.000000
2021-09-08,200000.000000,200000.000000,200000.000000,200000.000000,100000000.000000,100000000.000000,100000000.000000,100000000.000000
2021-09-09,200000.000000,200000.000000,200000.000000,200000.000000,100000000.000000,100000000.000000,100000000.000000,100000000.000000
2021-09-10,200000.000000,200000.000000,200000.000000,200000.000000,100000000.000000,100000000.000000,100000000.000000,100000000.000000
2021-09-13,200000.000000,200000.000000,200000.000000,200000.000000,100000000.000000,100000000.000000,100000000.000000,100000000.000000
2021-09-14,200000.000000,200000.000000,200000.000000,200000.000000,100000000.000000,100000000.000000,100000000.000000,100000000.000000
2021-09-15,200000.000000,200000.000000,200000.000000,200000.000000,100000000.000000,100000000.000000,100000000.000000,100000000.000000
2021-09-16,200000.000000,200000.000000,200000.000000,200000.000000,100000000.000000,100000000.000000,100000000.000000,100000000.000000
2021-09-17,200146.730000,200491.130000,202399.010000,199746.280000,100073365.750000,100245562.580000,101199506.010000,99873138.620000
2021-09-20,198151.000000,197875.290000,196756.270000,200603.990000,99075502.450000,98937647.440000,98378132.910000,100301994.160000
2021-09-21,199849.920000,199561.840000,198472.760000,201799.410000,99924959.230000,99780921.580000,99236380.690000,100899704.610000
2021-09-22,201888.520000,201394.950000,199333.290000,202015.460000,100944259.760000,100697474.970000,99666643.380000,101007730.820000
2021-09-23,203207.490000,203004.810000,202884.270000,201143.760000,101603746.700000,101502405.630000,101442136.200000,100571878.490000
2021-09-24,203113.530000,202573.810000,200855.840000,201369.560000,101556763.410000,101286904.960000,100427917.920000,100684780.230000
2021-09-27,204571.570000,203867.830000,201618.200000,200724.120000,102285784.170000,101933915.680000,100809101.030000,100362060.070000
2021-09-28,202080.770000,201068.890000,197066.450000,200288.300000,101040385.120000,100534445.960000,98533226.610000,100144151.010000
2021-09-29,202903.150000,201586.820000,196325.980000,202012.530000,101451573.830000,100793408.460000,98162991.190000,101006266.170000
2021-09-30,203034.120000,201815.310000,196925.250000,202261.290000,101517059.360000,100907656.320000,98462626.380000,101130644.220000
2021-10-01,202196.590000,201140.280000,197237.880000,201837.940000,101098293.590000,100570138.620000,98618937.550000,100918971.310000
2021-10-04,200320.550000,198979.400000,193698.620000,200672.920000,100160277.020000,99489698.360000,96849310.960000,100336460.050000
2021-10-05,201382.460000,199819.530000,193563.070000,200397.530000,100691228.940000,99909764.210000,96781534.010000,100198762.950000
2021-10-06,201297.410000,200108.100000,195711.560000,201281.440000,100648705.470000,100054051.540000,97855781.330000,100640721.290000
2021-10-07,203319.960000,202215.960000,198344.190000,201564.480000,101659981.250000,101107979.900000,99172095.430000,100782238.400000
2021-10-08,203618.100000,202631.110000,199583.440000,201321.750000,101809052.310000,101315556.860000,99791718.420000,100660873.940000
2021-10-11,204384.730000,203080.950000,198508.010000,201432.040000,102192363.540000,101540473.950000,99254003.940000,100716019.310000
2021-10-12,203669.740000,202498.760000,198561.340000,201165.590000,101834868.610000,101249379.700000,99280672.080000,100582792.940000
2021-10-13,204724.170000,203899.630000,201559.600000,201902.540000,102362086.900000,101949814.800000,100779798.990000,100951267.830000
2021-10-14,205912.750000,205013.420000,202180.400000,202337.190000,102956373.350000,102506708.610000,101090200.010000,101168594.280000
2021-10-15,206301.960000,205400.620000,202763.770000,201396.310000,103150978.680000,102700308.390000,101381886.710000,100698154.830000
2021-10-18,206267.120000,205570.830000,203800.170000,201244.300000,103133558.230000,102785414.560000,101900086.350000,100622150.900000
2021-10-19,206912.850000,206421.780000,205777.930000,200830.490000,103456426.360000,103210890.920000,102888966.820000,100415243.040000
2021-10-20,206478.390000,205745.220000,203826.930000,200830.990000,103239194.540000,102872611.760000,101913463.400000,100415493.110000
2021-10-21,206265.770000,205611.380000,204114.700000,200974.550000,103132886.430000,102805688.000000,102057349.820000,100487274.520000
2021-10-22,206804.770000,206145.900000,204613.390000,202295.230000,103402386.280000,103072951.790000,102306696.200000,101147613.160000
2021-10-25,207936.550000,207050.360000,204444.880000,202718.380000,103968275.720000,103525179.120000,102222442.480000,101359190.570000
2021-10-26,208482.910000,207661.540000,205498.720000,202673.180000,104241453.590000,103830771.310000,102749361.800000,101336588.460000
2021-10-27,207999.590000,207245.190000,205252.100000,203617.620000,103999795.340000,103622592.890000,102626047.840000,101808811.270000
2021-10-28,208049.090000,207559.080000,206912.120000,203302.060000,104024544.680000,103779540.270000,103456061.640000,101651030.680000
2021-10-29,207810.560000,206884.940000,203902.300000,203184.350000,103905280.090000,103442468.560000,101951147.800000,101592173.580000
2021-11-01,210550.240000,210105.580000,209615.860000,204635.720000,105275121.990000,105052788.490000,104807928.040000,102317861.360000
2021-11-02,211249.620000,210785.550000,210177.660000,206154.300000,105624811.930000,105392773.360000,105088832.290000,103077148.580000
2021-11-03,210177.610000,209912.710000,210356.660000,204659.290000,105088803.920000,104956357.000000,105178328.800000,102329643.070000
2021-11-04,213365.700000,212909.660000,211916.740000,207485.030000,106682848.990000,106454830.290000,105958367.710000,103742517.460000
2021-11-05,216320.690000,215582.640000,213039.130000,208930.710000,108160347.490000,107791318.020000,106519567.250000,104465353.190000
2021-11-08,216752.740000,216054.030000,213772.560000,208067.130000,108376367.840000,108027016.510000,106886282.060000,104033564.070000
2021-11-09,216258.690000,215615.740000,213264.560000,208360.820000,108129346.810000,107807870.890000,106632278.590000,104180410.050000
2021-11-10,215014.690000,213938.350000,209266.510000,208550.070000,107507344.360000,106969177.350000,104633257.470000,104275036.070000
2021-11-11,216546.760000,215446.220000,210579.700000,209567.320000,108273380.360000,107723110.590000,105289852.360000,104783659.980000
2021-11-12,216569.510000,215506.600000,210399.290000,208729.850000,108284753.230000,107753301.680000,105199643.720000,104364924.080000
2021-11-15,216401.140000,215136.610000,209176.400000,208430.970000,108200569.670000,107568303.700000,104588200.360000,104215486.680000
2021-11-16,216073.050000,214283.460000,205514.840000,207104.520000,108036525.020000,107141728.910000,102757417.530000,103552261.730000
2021-11-17,214937.800000,213178.050000,204374.920000,206270.160000,107468902.430000,106589022.540000,102187460.140000,103135080.400000
2021-11-18,213968.100000,211937.720000,201433.180000,205739.840000,106984052.390000,105968862.050000,100716591.860000,102869920.060000
2021-11-19,212629.950000,210447.340000,198998.170000,205820.640000,106314976.410000,105223669.580000,99499086.650000,102910321.210000
2021-11-22,212779.730000,210398.020000,198063.360000,205769.510000,106389863.530000,105199008.530000,99031678.190000,102884755.990000
2021-11-23,211534.240000,209075.340000,196845.450000,204983.180000,105767117.710000,104537669.580000,98422723.860000,102491590.270000
2021-11-24,212857.830000,210373.140000,197953.930000,205804.870000,106428917.380000,105186568.290000,98976965.080000,102902436.450000
2021-11-25,213687.660000,211181.000000,198590.780000,206274.430000,106843829.890000,105590498.760000,99295388.870000,103137217.400000
2021-11-26,207289.590000,205083.710000,193587.520000,204711.360000,103644792.870000,102541856.120000,96793759.150000,102355680.570000
2021-11-29,208283.680000,205618.800000,191738.900000,204735.820000,104141842.220000,102809401.210000,95869449.550000,102367912.390000
2021-11-30,208249.260000,205788.690000,192634.210000,205397.810000,104124629.600000,102894343.380000,96317103.850000,102698905.690000
2021-12-01,208593.130000,205686.460000,190195.890000,205023.190000,104296563.150000,102843228.540000,95097946.160000,102511594.430000
2021-12-02,206647.500000,203790.750000,188915.550000,204482.860000,103323748.900000,101895375.160000,94457776.840000,102241430.600000
2021-12-03,206268.450000,202862.690000,185085.930000,205264.060000,103134222.960000,101431347.440000,92542963.470000,102632028.130000
2021-12-06,206663.670000,203030.300000,184541.990000,205496.440000,103331836.660000,101515148.950000,92270992.840000,102748221.600000
2021-12-07,211963.710000,208558.960000,190898.270000,207266.020000,105981853.390000,104279478.260000,95449132.710000,103633008.200000
2021-12-08,212162.840000,209200.520000,193787.780000,206947.910000,106081421.710000,104600259.530000,96893891.930000,103473955.290000
2021-12-09,211355.100000,208315.500000,192465.500000,207743.070000,105677548.070000,104157751.710000,96232752.140000,103871534.900000
2021-12-10,209898.170000,206788.940000,190632.280000,207438.050000,104949083.420000,103394469.070000,95316137.780000,103719022.570000
2021-12-13,208098.170000,204954.190000,188555.920000,207323.680000,104049084.590000,102477095.760000,94277960.960000,103661840.800000
2021-12-14,206805.650000,203671.080000,187628.820000,206766.600000,103402824.190000,101835539.190000,93814409.310000,103383298.000000
2021-12-15,206586.070000,203531.840000,187748.220000,206541.960000,103293032.710000,101765920.020000,93874109.420000,103270980.190000
2021-12-16,208028.810000,204802.040000,188334.370000,207494.100000,104014403.080000,102401021.100000,94167183.450000,103747049.960000
2021-12-17,207744.600000,204724.320000,189146.430000,207855.750000,103872301.410000,102362160.570000,94573214.400000,103927873.630000
2021-12-20,205379.200000,202566.050000,187788.960000,207102.260000,102689598.430000,101283023.360000,93894480.380000,103551128.200000
2021-12-21,208279.590000,205469.480000,190986.790000,207768.440000,104139796.330000,102734741.690000,95493393.750000,103884219.920000
2021-12-22,209294.640000,206517.840000,192185.620000,207589.240000,104647318.880000,103258920.880000,96092810.330000,103794621.880000
2021-12-23,210639.430000,207785.050000,193000.710000,207635.350000,105319713.760000,103892524.950000,96500355.260000,103817672.970000
2021-12-24,210416.530000,207669.400000,193433.990000,207617.880000,105208263.530000,103834701.160000,96716994.280000,103808938.910000
2021-12-29,209656.040000,206394.180000,189798.320000,206748.350000,104828021.820000,103197089.640000,94899159.390000,103374176.410000
2021-12-30,210355.190000,207228.350000,191300.640000,207003.050000,105177593.490000,103614173.080000,95650322.260000,103501525.470000
2021-12-31,209546.960000,206481.920000,190803.400000,207107.670000,104773482.140000,103240959.940000,95401702.380000,103553834.870000
2022-01-04,211081.030000,208149.710000,193429.430000,206488.750000,105540517.090000,104074856.700000,96714713.880000,103244375.950000
2022-01-05,210208.540000,206745.830000,189408.240000,205811.530000,105104270.250000,103372914.720000,94704118.090000,102905765.560000
2022-01-06,208067.790000,204321.700000,185889.310000,204072.800000,104033895.500000,102160850.900000,92944656.210000,102036400.810000
2022-01-07,207434.500000,203703.700000,185623.770000,203583.690000,103717251.490000,101851851.600000,92811883.560000,101791843.350000
2022-01-10,206216.070000,202690.970000,185678.550000,203210.650000,103108033.290000,101345485.560000,92839272.990000,101605326.820000
2022-01-11,208646.990000,205134.990000,188170.760000,204539.910000,104323494.060000,102567497.090000,94085377.860000,102269956.120000
2022-01-12,209268.740000,205721.010000,188607.560000,204621.690000,104634370.980000,102860506.140000,94303781.200000,102310843.560000
2022-01-13,209127.940000,205669.150000,188865.950000,204192.230000,104563969.400000,102834577.360000,94432975.910000,102096115.940000
2022-01-14,209308.270000,205973.690000,189862.660000,204856.150000,104654137.150000,102986846.860000,94931329.120000,102428075.400000
2022-01-17,209929.000000,206153.200000,188059.680000,205000.550000,104964500.260000,103076597.680000,94029842.480000,102500275.190000
2022-01-18,208263.960000,204231.840000,184975.620000,204622.630000,104131981.340000,102115922.490000,92487809.170000,102311316.280000
2022-01-19,206949.510000,202912.910000,183660.540000,204120.440000,103474753.320000,101456454.350000,91830269.530000,102060220.800000
2022-01-20,207317.550000,203550.800000,185534.200000,204621.660000,103658775.760000,101775401.010000,92767098.040000,102310829.110000
2022-01-21,204109.480000,199971.480000,180000.340000,203607.190000,102054738.010000,99985741.090000,90000172.390000,101803595.370000
2022-01-24,199791.000000,195588.750000,175138.440000,201475.320000,99895500.320000,97794374.270000,87569220.600000,100737659.770000
2022-01-25,200981.880000,196269.560000,173701.010000,201628.140000,100490941.480000,98134778.520000,86850505.410000,100814068.740000
2022-01-26,202939.220000,198038.420000,174706.200000,202311.520000,101469610.740000,99019208.290000,87353101.890000,101155757.600000
2022-01-27,201289.820000,195962.520000,171026.890000,202426.300000,100644911.140000,97981259.030000,85513442.690000,101213150.730000
2022-01-28,200673.200000,195529.690000,171675.880000,202042.890000,100336599.870000,97764844.400000,85837938.730000,101021442.750000
2022-01-31,203269.660000,198366.580000,175428.360000,202818.480000,101634831.550000,99183291.860000,87714178.500000,101409240.770000
2022-02-01,205623.580000,201050.930000,179671.030000,203264.740000,102811789.000000,100525465.660000,89835513.710000,101632368.500000
2022-02-02,204865.920000,200123.300000,177789.780000,203389.280000,102432962.320000,100061651.190000,88894890.800000,101694640.060000
2022-02-03,202763.640000,197678.260000,173698.450000,201188.000000,101381819.600000,98839129.930000,86849223.620000,100594000.060000
2022-02-04,203292.420000,198431.180000,175665.220000,201241.880000,101646209.070000,99215591.190000,87832609.760000,100620940.940000
2022-02-07,205605.730000,201047.800000,179680.570000,202787.360000,102802862.820000,100523899.280000,89840285.100000,101393678.530000
2022-02-08,205005.560000,200289.280000,178155.420000,202412.100000,102502780.670000,100144640.740000,89077709.440000,101206049.790000
2022-02-09,208087.240000,203469.020000,181784.530000,204025.550000,104043618.780000,101734511.450000,90892267.200000,102012774.350000
2022-02-10,207711.180000,202836.650000,180094.880000,203099.190000,103855589.920000,101418326.060000,90047441.240000,101549594.240000
2022-02-11,205426.940000,199949.880000,174486.680000,201714.410000,102713472.340000,99974940.360000,87243342.050000,100857206.160000
2022-02-14,204178.900000,198471.330000,171778.530000,201518.390000,102089449.850000,99235666.630000,85889263.160000,100759194.260000
2022-02-15,205544.260000,199924.980000,173913.390000,202341.330000,102772130.300000,99962489.380000,86956697.040000,101170662.960000
2022-02-16,205810.030000,200250.370000,174557.230000,202178.270000,102905014.490000,100125183.680000,87278614.680000,101089135.090000
2022-02-17,202257.040000,196549.890000,169817.840000,201706.550000,101128519.890000,98274945.470000,84908920.410000,100853276.850000
2022-02-18,200236.310000,194513.030000,167728.540000,201160.330000,100118154.580000,97256517.460000,83864269.970000,100580166.220000
2022-02-21,199229.380000,193388.000000,166350.870000,200945.020000,99614692.140000,96694001.580000,83175434.860000,100472508.800000
2022-02-22,199802.130000,193565.940000,164627.050000,200847.500000,99901065.140000,96782972.010000,82313524.450000,100423748.020000
2022-02-23,199855.640000,193629.130000,164645.570000,201117.370000,99927822.500000,96814563.570000,82322784.080000,100558683.690000
2022-02-24,199268.490000,192850.050000,162890.420000,201764.100000,99634244.670000,96425024.120000,81445210.730000,100882050.560000
2022-02-25,202421.320000,196069.800000,166564.970000,203041.400000,101210659.980000,98034900.740000,83282486.410000,101520701.260000
2022-02-28,203289.970000,197210.000000,168873.440000,204303.860000,101644985.810000,98605000.080000,84436721.730000,102151928.250000
2022-03-01,203813.300000,197980.020000,170653.280000,206904.420000,101906650.390000,98990008.390000,85326640.230000,103452211.570000
2022-03-02,205745.290000,199678.600000,171703.260000,206869.320000,102872645.480000,99839298.290000,85851629.340000,103434661.870000
2022-03-03,203262.360000,197141.710000,168704.740000,205746.680000,101631181.770000,98570856.800000,84352368.280000,102873340.290000
2022-03-04,200707.190000,194368.790000,164662.080000,206537.450000,100353594.060000,97184396.290000,82331039.240000,103268725.830000
2022-03-07,203163.800000,196513.110000,165695.880000,207341.720000,101581900.670000,98256555.210000,82847942.280000,103670859.930000
2022-03-08,205835.200000,199273.830000,168968.600000,209054.310000,102917597.590000,99636914.630000,84484301.060000,104527157.470000
2022-03-09,207529.530000,201963.560000,176138.390000,208644.750000,103764762.530000,100981781.020000,88069195.560000,104322372.740000
2022-03-10,205081.520000,199552.420000,173857.450000,208093.300000,102540758.630000,99776211.640000,86928727.070000,104046647.880000
2022-03-11,205844.240000,200113.070000,173495.860000,209097.380000,102922121.530000,100056536.570000,86747929.370000,104548688.210000
2022-03-14,202581.320000,196770.780000,169983.550000,207474.750000,101290660.850000,98385389.410000,84991774.460000,103737376.340000
2022-03-15,202144.940000,196116.860000,168367.480000,206690.870000,101072470.670000,98058431.780000,84183742.020000,103345433.380000
2022-03-16,204667.370000,198914.400000,172362.970000,206605.150000,102333683.140000,99457199.020000,86181486.920000,103302576.350000
2022-03-17,207495.250000,202036.740000,176965.300000,208048.500000,103747626.730000,101018370.020000,88482648.110000,104024250.870000
2022-03-18,209201.670000,204142.520000,180699.130000,208353.010000,104600833.890000,102071261.580000,90349563.720000,104176503.550000
2022-03-21,210749.590000,205337.710000,180542.530000,209201.420000,105374794.480000,102668856.320000,90271266.230000,104600708.220000
2022-03-22,212093.990000,206896.440000,183172.180000,208869.770000,106046993.830000,103448218.820000,91586090.830000,104434882.850000
2022-03-23,212448.030000,206965.330000,182011.940000,209870.720000,106224016.140000,103482665.890000,91005969.740000,104935360.750000
2022-03-24,214027.360000,208560.240000,183679.720000,210730.660000,107013680.620000,104280121.650000,91839858.980000,105365327.630000
2022-03-25,215323.730000,209340.850000,182600.580000,210200.400000,107661867.230000,104670427.050000,91300291.950000,105100200.480000
2022-03-28,214113.820000,208269.450000,181885.590000,210752.360000,107056911.030000,104134727.300000,90942794.300000,105376178.640000
2022-03-29,215874.610000,210148.200000,184402.020000,210429.870000,107937306.950000,105074101.660000,92201010.950000,105214934.110000
2022-03-30,216619.090000,210667.820000,184106.800000,211728.070000,108309545.020000,105333910.430000,92053400.640000,105864035.710000
2022-03-31,214691.180000,208698.120000,181890.240000,211019.160000,107345588.900000,104349061.510000,90945122.450000,105509581.860000
2022-04-01,213731.370000,208183.660000,183426.620000,210780.140000,106865687.320000,104091830.130000,91713311.070000,105390071.550000
2022-04-04,216119.400000,210612.750000,186044.440000,211485.820000,108059701.840000,105306375.230000,93022219.430000,105742911.170000
2022-04-05,214277.320000,208899.760000,185012.110000,210875.380000,107138657.770000,104449881.750000,92506057.470000,105437691.530000
2022-04-06,211754.670000,206459.250000,182938.030000,210480.930000,105877337.410000,103229626.110000,91469016.980000,105240462.870000
2022-04-07,210625.410000,205393.570000,182132.220000,210395.590000,105312702.810000,102696786.800000,91066110.370000,105197796.080000
2022-04-08,211925.510000,206429.650000,182224.870000,211726.710000,105962756.690000,103214826.140000,91112434.390000,105863356.130000
2022-04-11,210053.570000,204460.990000,179919.200000,210799.270000,105026785.370000,102230496.660000,89959601.090000,105399636.740000
2022-04-12,210300.190000,204452.610000,178477.530000,211097.490000,105150097.330000,102226304.310000,89238763.970000,105548747.150000
2022-04-13,211783.370000,206081.220000,180726.310000,211892.650000,105891684.180000,103040611.780000,90363153.930000,105946327.330000
2022-04-14,210562.670000,204749.220000,178996.840000,211135.000000,105281336.880000,102374610.670000,89498422.460000,105567500.210000
2022-04-19,212331.320000,206148.640000,178888.230000,211734.520000,106165661.390000,103074318.020000,89444113.640000,105867258.190000
2022-04-20,212042.940000,206002.110000,179338.440000,211085.680000,106021471.230000,103001054.150000,89669218.340000,105542841.800000
2022-04-21,211746.160000,205482.060000,177808.710000,210949.750000,105873079.690000,102741032.380000,88904356.180000,105474877.120000
2022-04-22,209492.210000,203183.890000,174971.120000,211336.000000,104746102.890000,101591943.310000,87485560.660000,105667998.130000
2022-04-25,207383.870000,201472.530000,174899.830000,212073.610000,103691933.950000,100736267.090000,87449913.950000,106036804.060000
2022-04-26,206046.870000,199665.250000,170881.350000,212967.630000,103023433.280000,99832625.030000,85440675.170000,106483814.250000
2022-04-27,206061.590000,199307.240000,168982.560000,213818.460000,103030793.980000,99653622.030000,84491281.640000,106909232.340000
2022-04-28,209053.800000,201806.580000,169289.470000,215343.400000,104526902.420000,100903289.650000,84644735.000000,107671699.100000
2022-04-29,208891.770000,201572.000000,168664.800000,214562.050000,104445884.080000,100785999.110000,84332401.620000,107281023.370000
2022-05-03,209234.170000,202044.270000,169710.740000,213984.790000,104617087.150000,101022135.740000,84855368.830000,106992395.810000
2022-05-04,208582.560000,201346.140000,169075.900000,213153.410000,104291278.890000,100673067.660000,84537950.090000,106576702.690000
2022-05-05,209266.400000,201675.190000,167352.390000,214392.290000,104633197.700000,100837597.470000,83676194.820000,107196145.760000
2022-05-06,208952.590000,200922.100000,164610.130000,214989.600000,104476293.200000,100461052.280000,82305065.340000,107494797.970000
2022-05-09,201030.000000,192716.650000,154998.920000,212379.870000,100515000.090000,96358325.500000,77499460.190000,106189936.040000
2022-05-10,200553.530000,192157.760000,154057.600000,212747.150000,100276767.110000,96078879.730000,77028799.550000,106373575.460000
2022-05-11,201571.070000,192715.340000,152452.940000,212925.240000,100785536.290000,96357670.850000,76226472.190000,106462620.870000
2022-05-12,200686.420000,191753.150000,151238.450000,213900.330000,100343210.230000,95876577.280000,75619225.750000,106950165.320000
2022-05-13,205551.560000,196700.620000,156782.630000,215066.520000,102775781.180000,98350308.980000,78391315.290000,107533262.000000
2022-05-16,204692.690000,195863.520000,156045.320000,215143.850000,102346343.070000,97931762.440000,78022658.500000,107571927.050000
2022-05-17,205583.020000,197203.050000,159487.150000,212651.190000,102791509.580000,98601524.230000,79743573.470000,106325593.840000
2022-05-18,203839.680000,195512.680000,157748.190000,212405.460000,101919839.210000,97756338.940000,78874094.110000,106202732.110000
2022-05-19,203341.580000,195422.900000,159425.160000,212377.100000,101670792.030000,97711451.420000,79712578.100000,106188549.530000
2022-05-20,202597.080000,194824.140000,159539.150000,212694.040000,101298540.050000,97412072.110000,79769575.120000,106347019.670000
2022-05-23,203370.170000,195510.300000,159967.010000,212062.930000,101685086.570000,97755148.950000,79983506.800000,106031466.460000
2022-05-24,201507.920000,193376.040000,156691.180000,212452.630000,100753962.040000,96688021.340000,78345589.690000,106226313.650000
2022-05-25,202575.640000,194270.730000,157056.910000,211925.250000,101287819.130000,97135362.570000,78528454.140000,105962625.410000
2022-05-26,205080.280000,196584.520000,158600.790000,212044.760000,102540140.900000,98292259.110000,79300393.210000,106022382.500000
2022-05-27,208104.970000,199991.500000,163473.160000,213111.770000,104052485.100000,99995752.140000,81736581.470000,106555883.290000
2022-05-30,209529.210000,201559.130000,165484.620000,212777.420000,104764607.030000,100779565.730000,82742310.760000,106388709.130000
2022-05-31,208155.450000,200164.960000,164046.020000,212427.330000,104077727.470000,100082479.630000,82023011.070000,106213666.720000
2022-06-01,208090.010000,199743.800000,162131.250000,212980.760000,104045004.930000,99871900.440000,81065623.960000,106490379.500000
2022-06-06,210414.080000,201903.280000,163679.180000,213158.340000,105207041.420000,100951640.690000,81839590.200000,106579171.020000
2022-06-07,209864.750000,201399.110000,163537.790000,213259.020000,104932374.090000,100699556.170000,81768896.080000,106629508.330000
2022-06-08,210376.500000,201740.640000,163119.540000,213405.150000,105188250.210000,100870319.870000,81559770.960000,106702573.980000
2022-06-09,207876.820000,199283.150000,160735.250000,212073.190000,103938412.080000,99641574.520000,80367625.760000,106036593.670000
2022-06-10,204639.870000,196096.970000,157510.180000,212269.430000,102319936.330000,98048483.140000,78755091.640000,106134717.480000
2022-06-13,201506.340000,192544.960000,152367.410000,211114.090000,100753168.060000,96272481.000000,76183703.670000,105557047.010000
2022-06-14,202858.010000,193311.140000,150902.220000,212030.680000,101429007.440000,96655569.510000,75451108.640000,106015340.330000
2022-06-15,204438.830000,195018.720000,153207.310000,212266.400000,102219413.960000,97509360.090000,76603653.320000,106133201.330000
2022-06-16,197854.100000,188974.190000,149335.510000,208090.590000,98927051.300000,94487095.150000,74667756.990000,104045294.330000
2022-06-17,198081.030000,189282.850000,149888.370000,208550.250000,99040515.930000,94641426.490000,74944184.140000,104275126.400000
2022-06-20,199972.870000,191092.940000,151537.510000,209703.320000,99986436.060000,95546472.010000,75768757.190000,104851661.630000
2022-06-21,202327.130000,193451.360000,153967.550000,210735.900000,101163563.910000,96725681.540000,76983773.490000,105367948.990000
2022-06-22,200285.420000,191382.520000,151848.100000,209796.490000,100142711.460000,95691261.960000,75924052.220000,104898247.340000
2022-06-23,200346.780000,191947.950000,154408.210000,211165.130000,100173391.920000,95973976.240000,77204103.140000,105582564.550000
2022-06-24,203621.330000,195006.210000,156855.440000,212341.370000,101810664.940000,97503105.620000,78427717.550000,106170682.810000
2022-06-27,204075.840000,195620.940000,157964.360000,212337.890000,102037920.370000,97810470.630000,78982178.940000,106168946.320000
2022-06-28,204732.430000,196068.060000,157626.560000,214652.890000,102366215.900000,98034030.180000,78813281.070000,107326443.970000
2022-06-29,204105.680000,195257.950000,156326.820000,216245.220000,102052840.430000,97628976.070000,78163409.550000,108122609.110000
2022-06-30,202359.980000,193865.590000,156196.530000,215958.290000,101179989.680000,96932796.110000,78098266.720000,107979144.310000
2022-07-01,202590.160000,194450.630000,158402.210000,217924.510000,101295077.880000,97225315.720000,79201103.750000,108962253.850000
2022-07-04,203539.400000,195743.480000,161212.260000,218518.350000,101769700.340000,97871742.500000,80606127.810000,109259175.460000
2022-07-05,202555.770000,195685.930000,164562.080000,219419.580000,101277884.330000,97842964.090000,82281039.340000,109709790.200000
2022-07-06,203310.440000,196213.400000,164194.020000,218829.790000,101655220.190000,98106700.490000,82097012.030000,109414895.130000
2022-07-07,206613.650000,199392.870000,166999.710000,218778.450000,103306827.100000,99696434.610000,83499857.140000,109389227.380000
2022-07-08,206837.990000,199569.010000,166916.610000,218345.800000,103418995.300000,99784503.080000,83458306.580000,109172900.670000
2022-07-11,205563.720000,197897.610000,163640.110000,219677.380000,102781860.610000,98948803.940000,81820055.490000,109838689.700000
2022-07-12,205160.910000,197423.850000,162860.930000,219262.490000,102580452.540000,98711922.670000,81430467.070000,109631243.730000
2022-07-13,204998.950000,197684.570000,164662.120000,219378.740000,102499472.780000,98842286.070000,82331057.980000,109689372.260000
2022-07-14,203105.520000,195818.240000,162641.420000,219058.920000,101552758.490000,97909118.780000,81320709.290000,109529462.360000
2022-07-15,206411.330000,198957.350000,165226.470000,220492.380000,103205665.380000,99478673.900000,82613235.850000,110246189.030000
2022-07-18,207627.480000,200283.050000,166971.800000,219763.220000,103813739.230000,100141526.290000,83485901.970000,109881611.610000
2022-07-19,209638.820000,202860.940000,171806.730000,220609.670000,104819408.290000,101430467.920000,85903363.150000,110304835.110000
2022-07-20,212442.220000,206131.860000,176858.350000,222050.900000,106221109.800000,103065927.710000,88429177.340000,111025450.120000
2022-07-21,213654.760000,207618.130000,179420.130000,222599.800000,106827377.680000,103809064.960000,89710064.510000,111299898.400000
2022-07-22,212100.450000,205820.810000,176512.130000,222733.000000,106050224.250000,102910404.070000,88256067.060000,111366501.460000
2022-07-25,211038.480000,204551.920000,174554.190000,221664.130000,105519241.870000,102275957.510000,87277092.660000,110832063.450000
2022-07-26,210451.290000,204248.660000,175354.410000,222471.790000,105225643.650000,102124331.170000,87677203.950000,111235896.490000
2022-07-27,212443.700000,206152.900000,176960.030000,222451.230000,106221850.370000,103076447.570000,88480016.120000,111225614.220000
2022-07-28,212922.510000,206672.010000,177472.480000,222636.470000,106461255.060000,103336004.170000,88736241.030000,111318232.890000
2022-07-29,214210.480000,207895.350000,178654.680000,222914.660000,107105240.950000,103947675.760000,89327341.230000,111457329.330000
2022-08-01,213930.740000,207475.130000,177499.240000,221242.770000,106965368.290000,103737565.360000,88749622.220000,110621384.090000
2022-08-02,214537.170000,208146.180000,178368.110000,221667.760000,107268585.920000,104073088.140000,89184053.660000,110833878.420000
2022-08-03,217417.610000,211404.980000,183267.880000,222359.890000,108708803.760000,105702487.750000,91633940.820000,111179946.650000
2022-08-04,217084.270000,211286.400000,183658.640000,223006.900000,108542136.280000,105643202.220000,91829321.790000,111503450.960000
2022-08-05,217431.870000,211635.580000,184138.430000,223252.660000,108715935.860000,105817792.120000,92069216.130000,111626331.280000
2022-08-08,216880.020000,211424.950000,185230.770000,223912.990000,108440009.470000,105712477.190000,92615387.230000,111956496.180000
2022-08-09,215194.790000,209759.390000,183791.400000,224268.500000,107597396.780000,104879696.600000,91895701.670000,112134250.500000
2022-08-10,215843.220000,210799.310000,186506.400000,222776.450000,107921610.340000,105399654.580000,93253198.900000,111388224.680000
2022-08-11,217100.780000,212372.270000,189220.600000,222926.980000,108550388.080000,106186136.690000,94610302.500000,111463489.330000
2022-08-12,219242.120000,214540.260000,191560.650000,224452.240000,109621060.520000,107270128.760000,95780324.690000,112226119.480000
2022-08-15,219942.860000,215468.610000,193469.990000,225897.440000,109971431.610000,107734302.910000,96734997.320000,112948719.590000
2022-08-16,218942.850000,214029.110000,190294.610000,225085.440000,109471426.880000,107014555.000000,95147305.230000,112542722.080000
2022-08-17,216175.570000,210787.040000,185128.200000,223839.840000,108087784.750000,105393519.190000,92564100.300000,111919918.580000
2022-08-18,217914.900000,212068.910000,184229.350000,225175.260000,108957450.620000,106034456.650000,92114677.280000,112587627.830000
2022-08-19,217263.510000,211230.710000,182492.330000,226382.600000,108631753.770000,105615356.210000,91246162.510000,113191301.730000
2022-08-22,215239.730000,209131.280000,180131.030000,225825.250000,107619867.280000,104565638.350000,90065512.690000,112912622.630000
2022-08-23,215788.830000,209852.650000,181678.690000,225787.910000,107894416.790000,104926324.730000,90839344.070000,112893953.720000
2022-08-24,216050.330000,210427.540000,183673.480000,225944.570000,108025166.460000,105213771.140000,91836742.490000,112972287.320000
2022-08-25,217777.410000,212231.290000,185924.370000,226555.950000,108888705.030000,106115644.490000,92962187.430000,113277975.900000
2022-08-26,214897.080000,209067.260000,181372.380000,225600.410000,107448541.590000,104533629.850000,90686189.540000,112800206.970000
2022-08-30,214307.220000,209217.850000,184854.370000,227310.200000,107153608.220000,104608924.570000,92427185.610000,113655100.560000
2022-08-31,213722.220000,209044.110000,186276.130000,227245.700000,106861108.260000,104522057.490000,93138066.210000,113622849.910000
2022-09-01,209722.360000,204663.110000,180292.470000,225798.800000,104861180.700000,102331553.860000,90146236.150000,112899401.820000
2022-09-02,212733.360000,207199.080000,180567.750000,226711.080000,106366677.570000,103599540.450000,90283873.470000,113355537.870000
2022-09-05,212481.470000,206880.530000,180040.150000,227297.360000,106240736.450000,103440266.160000,90020075.560000,113648681.500000
2022-09-06,211562.470000,206026.400000,179423.290000,225849.680000,105781234.680000,103013197.510000,89711642.710000,112924840.720000
2022-09-07,211732.530000,206490.480000,181045.180000,226911.360000,105866263.550000,103245241.210000,90522589.400000,113455678.140000
2022-09-08,213100.670000,207855.540000,182427.320000,227307.460000,106550333.920000,103927767.680000,91213657.950000,113653728.980000
2022-09-09,214527.180000,209214.950000,183528.430000,226976.280000,107263592.080000,104607473.750000,91764214.920000,113488140.550000
2022-09-12,215085.330000,209630.640000,183574.200000,226098.390000,107542665.960000,104815320.870000,91787102.040000,113049195.880000
2022-09-13,211993.770000,206538.740000,180175.480000,225540.270000,105996885.330000,103269370.490000,90087737.500000,112770133.210000
2022-09-14,211406.060000,205947.530000,179696.730000,225275.880000,105703031.060000,102973764.260000,89848362.510000,112637940.070000
2022-09-15,210760.640000,205344.670000,179399.960000,224509.860000,105380319.560000,102672335.890000,89699980.690000,112254928.610000
2022-09-16,210220.440000,204554.900000,177436.710000,225143.040000,105110218.250000,102277450.030000,88718356.590000,112571521.050000
2022-09-20,209942.430000,204034.610000,175830.230000,224271.320000,104971217.160000,102017306.770000,87915115.690000,112135661.310000
2022-09-21,211058.090000,204880.790000,175230.660000,225553.110000,105529043.110000,102440392.590000,87615331.570000,112776557.190000
2022-09-22,208670.870000,202444.200000,172707.690000,225170.080000,104335435.050000,101222098.830000,86353842.840000,112585038.120000
2022-09-23,207767.630000,201084.010000,169130.010000,227083.480000,103883815.640000,100542003.020000,84565003.050000,113541741.560000
2022-09-26,210845.360000,203962.960000,171187.500000,230162.630000,105422679.630000,101981480.390000,85593749.720000,115081313.600000
2022-09-27,210822.670000,204130.430000,172111.870000,229351.170000,105411333.270000,102065214.670000,86055934.150000,114675583.880000
2022-09-28,212140.470000,205650.410000,174606.240000,230769.320000,106070237.210000,102825206.950000,87303117.680000,115384659.040000
2022-09-29,207510.520000,201030.060000,170424.010000,226391.510000,103755259.050000,100515027.700000,85212002.620000,113195756.500000
2022-09-30,205856.660000,199299.570000,168199.790000,224321.210000,102928330.160000,99649787.480000,84099896.600000,112160606.380000
2022-10-03,205619.850000,198971.020000,167637.870000,223131.790000,102809923.100000,99485512.110000,83818935.650000,111565896.680000
2022-10-04,209153.820000,202705.100000,172319.550000,223634.420000,104576912.490000,101352547.850000,86159774.490000,111817209.490000
2022-10-05,208853.590000,202146.600000,170526.150000,223809.790000,104426796.990000,101073301.830000,85263074.450000,111904893.630000
2022-10-06,210365.030000,203527.330000,170987.250000,224857.220000,105182514.290000,101763666.230000,85493625.620000,112428610.620000
2022-10-07,208736.860000,201781.570000,169084.750000,225519.440000,104368431.200000,100890786.950000,84542374.700000,112759720.420000
2022-10-10,206319.160000,199441.770000,167266.920000,224310.590000,103159580.310000,99720886.770000,83633458.230000,112155295.800000
2022-10-11,203905.580000,196964.100000,164657.980000,223227.540000,101952791.850000,98482048.040000,82328992.320000,111613770.010000
2022-10-12,203363.920000,196409.080000,164008.240000,223028.100000,101681957.590000,98204540.110000,82004121.710000,111514047.670000
2022-10-13,202562.580000,195668.700000,163893.020000,219571.760000,101281291.260000,97834347.550000,81946509.010000,109785879.200000
2022-10-14,200780.310000,193928.340000,162085.340000,219288.880000,100390153.780000,96964169.980000,81042668.920000,109644438.340000
2022-10-17,201383.170000,194755.270000,164259.930000,218339.550000,100691583.830000,97377636.040000,82129963.530000,109169775.110000
2022-10-18,201688.860000,195170.970000,165179.270000,218627.430000,100844428.080000,97585482.630000,82589637.240000,109313712.940000
2022-10-19,202285.610000,195421.220000,163805.990000,218906.510000,101142805.360000,97710611.020000,81902995.090000,109453255.430000
2022-10-20,203804.490000,196589.540000,163356.170000,219060.600000,101902242.720000,98294767.680000,81678086.960000,109530299.610000
2022-10-21,204594.020000,197415.710000,164516.080000,219492.950000,102297009.090000,98707852.780000,82258041.610000,109746473.400000
2022-10-24,204671.330000,197363.630000,163883.320000,219228.680000,102335664.990000,98681814.930000,81941661.070000,109614338.770000
2022-10-25,204815.810000,197881.010000,165948.820000,218348.430000,102407905.880000,98940506.160000,82974412.140000,109174214.410000
2022-10-26,204178.550000,197347.260000,165953.830000,217543.760000,102089272.720000,98673628.900000,82976916.990000,108771882.490000
2022-10-27,204107.130000,197309.660000,166191.630000,218060.300000,102053564.810000,98654831.780000,83095814.350000,109030151.510000
2022-10-28,204607.380000,197773.020000,166739.820000,217710.190000,102303690.300000,98886507.780000,83369910.740000,108855094.870000
2022-10-31,205048.620000,197911.950000,165531.890000,218285.430000,102524311.860000,98955976.410000,82765942.580000,109142716.470000
2022-11-01,207245.630000,199989.330000,167180.410000,219823.030000,103622815.130000,99994663.350000,83590203.080000,109911516.510000
2022-11-02,206543.290000,199208.440000,166049.900000,220033.030000,103271645.220000,99604218.550000,83024948.580000,110016516.470000
2022-11-03,206700.750000,199148.080000,165000.320000,222186.950000,103350375.960000,99574042.140000,82500161.030000,111093473.050000
2022-11-04,210171.510000,202488.990000,167925.250000,224726.870000,105085752.840000,101244493.890000,83962626.410000,112363432.820000
2022-11-07,207927.150000,200426.080000,166460.840000,222752.260000,103963576.240000,100213039.200000,83230421.690000,111376128.930000
2022-11-08,208661.960000,201118.710000,166698.740000,222177.460000,104330982.440000,100559357.360000,83349372.000000,111088731.690000
2022-11-09,207365.340000,199530.500000,163722.280000,222703.440000,103682669.780000,99765249.280000,81861137.510000,111351718.670000
2022-11-10,210360.510000,202801.220000,168351.180000,223436.610000,105180257.140000,101400607.650000,84175591.370000,111718306.310000
2022-11-11,211262.500000,203680.110000,168994.800000,221225.810000,105631249.960000,101840053.380000,84497402.030000,110612905.800000
2022-11-14,213256.310000,205971.290000,172318.630000,223383.040000,106628153.480000,102985646.940000,86159312.990000,111691519.730000
2022-11-15,213363.580000,206030.610000,172241.440000,222303.050000,106681790.690000,103015304.360000,86120721.160000,111151527.180000
2022-11-16,209918.140000,202510.860000,168360.440000,221671.050000,104959068.640000,101255429.340000,84180221.700000,110835522.710000
2022-11-17,209541.090000,202239.560000,168380.940000,222070.540000,104770546.780000,101119782.310000,84190468.630000,111035269.970000
2022-11-18,208617.540000,201623.910000,169124.210000,220932.890000,104308768.040000,100811952.780000,84562104.490000,110466443.650000
2022-11-21,207944.220000,201083.440000,169043.920000,221422.160000,103972109.970000,100541721.370000,84521959.190000,110711077.760000
2022-11-22,209830.140000,202914.950000,170846.280000,222287.570000,104915071.710000,101457476.000000,85423137.980000,111143787.290000
2022-11-23,209544.800000,202884.520000,171867.630000,220191.000000,104772400.430000,101442258.120000,85933814.350000,110095501.150000
2022-11-24,209867.710000,203217.490000,172210.480000,220555.740000,104933857.080000,101608745.100000,86105239.930000,110277870.360000
2022-11-25,208634.680000,201917.670000,170665.240000,219936.390000,104317337.760000,100958833.080000,85332622.000000,109968193.190000
2022-11-28,207107.830000,200083.800000,167541.800000,219738.900000,103553917.470000,100041902.170000,83770899.150000,109869448.850000
2022-11-29,207664.550000,200377.380000,166933.380000,220996.680000,103832274.660000,100188689.200000,83466689.830000,110498339.710000
2022-11-30,209936.800000,202810.630000,170185.560000,222073.090000,104968397.860000,101405315.980000,85092780.240000,111036545.800000
2022-12-01,209583.150000,202549.800000,170114.220000,220599.840000,104791575.660000,101274899.030000,85057107.830000,110299919.640000
2022-12-02,207801.720000,200719.340000,168109.470000,219165.380000,103900861.550000,100359667.960000,84054734.040000,109582687.690000
2022-12-05,207402.770000,200261.230000,167210.550000,219386.270000,103701386.360000,100130613.570000,83605273.860000,109693135.740000
2022-12-06,205034.420000,197587.570000,163403.560000,218188.840000,102517212.000000,98793786.390000,81701782.060000,109094420.500000
2022-12-07,204457.710000,197219.290000,163834.170000,219318.080000,102228852.540000,98609643.380000,81917082.570000,109659039.960000
2022-12-08,204793.380000,197504.200000,163802.980000,218907.040000,102396690.840000,98752099.550000,81901489.550000,109453520.480000
2022-12-09,205435.840000,198248.650000,164971.030000,219227.030000,102717920.370000,99124323.740000,82485513.930000,109613514.380000
2022-12-12,204839.120000,197629.310000,164493.050000,218532.300000,102419557.970000,98814653.440000,82246526.160000,109266149.200000
2022-12-13,206690.910000,199188.810000,164644.220000,218806.340000,103345456.490000,99594405.510000,82322112.240000,109403167.580000
2022-12-14,205576.660000,198057.590000,163460.070000,218239.100000,102788331.330000,99028796.970000,81730034.430000,109119552.370000
2022-12-15,203022.010000,195851.790000,162664.410000,218104.620000,101511003.860000,97925893.850000,81332207.260000,109052310.960000
2022-12-16,202537.830000,195343.830000,161985.180000,218375.560000,101268912.740000,97671917.240000,80992589.520000,109187780.270000
2022-12-19,201801.170000,194559.730000,161003.620000,217782.750000,100900586.760000,97279867.010000,80501811.840000,108891375.760000
2022-12-20,201874.940000,194344.690000,159593.700000,218191.750000,100937467.500000,97172347.300000,79796849.330000,109095875.240000
2022-12-21,204629.920000,196834.820000,161044.100000,219699.450000,102314959.960000,98417410.280000,80522052.320000,109849726.560000
2022-12-22,204288.500000,197259.150000,164809.270000,220739.040000,102144248.630000,98629576.050000,82404637.180000,110369521.810000
2022-12-23,204395.560000,197239.560000,164317.680000,220381.310000,102197777.690000,98619780.400000,82158840.160000,110190655.260000
2022-12-28,203229.340000,195993.850000,162810.080000,220058.110000,101614667.820000,97996924.990000,81405037.540000,110029056.770000
2022-12-29,205270.100000,198237.090000,165895.250000,221133.690000,102635051.400000,99118546.040000,82947622.650000,110566844.650000
2022-12-30,205518.120000,198971.410000,168597.140000,221634.150000,102759062.170000,99485706.480000,84298570.960000,110817076.770000
2023-01-03,207324.870000,200426.250000,168714.340000,223359.210000,103662436.360000,100213124.250000,84357169.750000,111679607.490000
2023-01-04,208680.260000,201856.280000,170391.830000,224231.460000,104340130.210000,100928142.290000,85195915.880000,112115732.120000
2023-01-05,209629.530000,203035.320000,172474.440000,225443.300000,104814766.140000,101517662.000000,86237219.890000,112721650.640000
2023-01-06,211633.930000,205361.600000,176244.400000,226992.170000,105816963.260000,102680800.200000,88122197.720000,113496086.030000
2023-01-09,212741.250000,206397.290000,176642.600000,226424.920000,106370622.660000,103198647.120000,88321300.900000,113212461.930000
2023-01-10,212639.520000,206925.120000,179833.730000,226673.800000,106319758.770000,103462559.360000,89916864.640000,113336901.540000
2023-01-11,215061.170000,209383.170000,182496.430000,227592.730000,107530584.990000,104691585.320000,91248212.560000,113796364.670000
2023-01-12,217053.280000,211359.170000,184233.340000,228533.920000,108526639.840000,105679584.100000,92116669.580000,114266960.550000
2023-01-13,218647.510000,213224.230000,187256.620000,229640.020000,109323753.570000,106612116.050000,93628310.330000,114820010.930000
2023-01-16,218784.050000,213445.800000,187769.000000,229610.350000,109392024.560000,106722898.260000,93884499.980000,114805174.950000
2023-01-17,218567.460000,213126.390000,187083.470000,229037.180000,109283731.010000,106563194.700000,93541734.180000,114518591.600000
2023-01-18,216952.430000,211264.940000,184147.200000,227696.300000,108476212.560000,105632469.210000,92073600.690000,113848149.450000
2023-01-19,214045.480000,208225.300000,180423.610000,226508.250000,107022737.630000,104112651.870000,90211803.940000,113254125.210000
2023-01-20,214897.890000,208901.880000,180385.110000,225741.290000,107448944.340000,104450940.220000,90192555.370000,112870644.640000
2023-01-23,218030.990000,211839.320000,182226.790000,225783.400000,109015496.310000,105919661.950000,91113396.570000,112891700.770000
2023-01-24,218470.190000,212328.800000,182636.550000,226153.030000,109235096.980000,106164397.770000,91318273.700000,113076516.250000
2023-01-25,218093.020000,212064.810000,183110.840000,226315.140000,109046512.330000,106032406.000000,91555420.940000,113157567.530000
2023-01-26,218581.170000,212465.260000,183040.100000,225690.060000,109290585.960000,106232629.680000,91520047.900000,112845028.270000
2023-01-27,219225.040000,213301.330000,184667.940000,225640.850000,109612521.990000,106650666.280000,92333972.160000,112820422.570000
2023-01-30,218058.230000,212037.540000,183002.310000,225366.030000,109029113.330000,106018767.890000,91501155.680000,112683016.540000
2023-01-31,218804.050000,212761.290000,183633.290000,225557.770000,109402026.380000,106380647.140000,91816642.610000,112778883.320000
2023-02-01,220990.180000,215147.810000,186694.790000,225671.180000,110495091.590000,107573903.130000,93347396.440000,112835590.020000
2023-02-02,224525.310000,218545.280000,189287.490000,226494.840000,112262653.830000,109272639.480000,94643743.350000,113247420.050000
2023-02-03,225493.500000,219334.050000,189294.960000,227567.610000,112746751.210000,109667022.620000,94647480.260000,113783806.060000
2023-02-06,224768.540000,218631.740000,188812.540000,228015.190000,112384271.360000,109315872.410000,94406270.980000,114007595.390000
2023-02-07,226959.440000,221457.220000,194574.780000,229874.320000,113479717.670000,110728608.550000,97287388.100000,114937161.000000
2023-02-08,226961.890000,221648.170000,195615.260000,229909.000000,113480942.530000,110824084.580000,97807629.440000,114954500.480000
2023-02-09,226202.110000,220510.970000,192917.870000,230187.590000,113101053.730000,110255484.400000,96458933.860000,115093792.860000
2023-02-10,224166.540000,218480.780000,191172.010000,230331.560000,112083267.820000,109240392.190000,95586004.180000,115165778.650000
2023-02-13,225015.250000,219082.570000,190832.490000,229954.330000,112507623.100000,109541282.750000,95416245.420000,114977162.830000
2023-02-14,226559.420000,220300.940000,190930.800000,229138.900000,113279709.870000,110150472.290000,95465402.330000,114569449.000000
2023-02-15,229264.930000,222723.520000,192243.240000,230183.280000,114632467.090000,111361762.370000,96121620.680000,115091639.430000
2023-02-16,229789.370000,223202.910000,192482.370000,230741.670000,114894686.680000,111601455.070000,96241183.790000,115370835.320000
2023-02-17,227649.550000,221310.110000,191709.370000,230579.400000,113824776.320000,110655053.660000,95854687.480000,115289701.590000
2023-02-20,227646.350000,221404.510000,192226.360000,231018.370000,113823175.500000,110702253.870000,96113177.960000,115509185.340000
2023-02-21,224504.610000,218285.420000,189244.630000,229129.620000,112252306.260000,109142711.040000,94622317.020000,114564809.930000
2023-02-22,222598.430000,216271.540000,186637.030000,227959.590000,111299215.520000,108135770.180000,93318514.770000,113979794.700000
2023-02-23,225727.110000,219098.780000,188396.390000,228735.800000,112863556.940000,109549388.760000,94198194.970000,114367899.220000
2023-02-24,226237.900000,219460.060000,188187.980000,229086.140000,113118948.290000,109730028.760000,94093988.890000,114543069.860000
2023-02-27,227199.480000,220182.280000,188019.840000,229415.730000,113599740.000000,110091137.510000,94009921.070000,114707864.220000
2023-02-28,225874.600000,218997.920000,187427.970000,227979.990000,112937299.220000,109498959.210000,93713984.830000,113989993.940000
2023-03-01,227310.440000,220308.570000,188075.060000,229670.470000,113655217.710000,110154287.090000,94037528.600000,114835234.910000
2023-03-02,228097.320000,220889.430000,187905.170000,230194.580000,114048657.690000,110444714.300000,93952584.340000,115097289.780000
2023-03-03,230126.400000,222984.490000,190325.830000,230911.320000,115063198.820000,111492244.160000,95162917.400000,115455660.660000
2023-03-06,230834.820000,223401.770000,189482.130000,231004.110000,115417408.750000,111700885.890000,94741064.080000,115502054.950000
2023-03-07,230374.630000,223082.700000,189796.990000,231506.130000,115187315.980000,111541352.020000,94898496.490000,115753065.580000
2023-03-08,232218.950000,224944.280000,191691.530000,232758.420000,116109477.030000,112472137.940000,95845762.690000,116379207.950000
2023-03-09,231026.470000,223661.700000,189868.360000,231690.340000,115513232.730000,111830848.520000,94934178.390000,115845172.040000
2023-03-10,225988.630000,218643.250000,184793.510000,228767.090000,112994312.600000,109321625.620000,92396754.450000,114383546.460000
2023-03-13,222562.060000,215283.150000,181676.300000,227158.540000,111281027.590000,107641572.660000,90838149.850000,113579269.410000
2023-03-14,224759.650000,217180.820000,182220.730000,227168.830000,112379825.450000,108590410.370000,91110365.730000,113584412.790000
2023-03-15,220669.190000,213413.990000,179315.930000,226541.560000,110334592.880000,106706993.860000,89657962.750000,113270780.250000
2023-03-16,222702.110000,215334.400000,180841.800000,226737.290000,111351056.620000,107667200.830000,90420901.150000,113368645.930000
2023-03-17,221770.270000,214467.820000,179869.820000,226390.350000,110885137.160000,107233909.770000,89934908.360000,113195175.240000
2023-03-20,220896.860000,213060.060000,176380.060000,225325.240000,110448430.480000,106530029.250000,88190031.170000,112662621.400000
2023-03-21,223554.940000,215628.620000,178827.600000,225918.710000,111777472.230000,107814307.700000,89413800.390000,112959354.520000
2023-03-22,223907.030000,215819.640000,178304.940000,225870.960000,111953517.450000,107909822.450000,89152468.140000,112935480.480000
2023-03-23,224039.110000,215958.670000,178231.520000,226446.690000,112019554.370000,107979333.160000,89115762.480000,113223344.380000
2023-03-24,221569.680000,213662.990000,176677.150000,226469.340000,110784840.370000,106831497.350000,88338573.860000,113234668.530000
2023-03-27,222125.690000,214320.940000,178025.920000,226305.010000,111062846.910000,107160470.400000,89012959.450000,113152504.680000
2023-03-28,220805.230000,212804.030000,175843.190000,224865.290000,110402616.840000,106402015.650000,87921594.940000,112432646.440000
2023-03-29,222976.320000,214505.820000,175536.330000,225485.860000,111488161.040000,107252910.370000,87768167.450000,112742931.000000
2023-03-30,224671.850000,216294.240000,177565.660000,225737.450000,112335926.940000,108147120.700000,88782827.670000,112868722.620000
2023-03-31,225026.340000,216812.490000,178835.840000,226190.840000,112513168.520000,108406246.730000,89417918.910000,113095419.140000
2023-04-03,227038.180000,218796.850000,180969.960000,228011.690000,113519088.780000,109398427.250000,90484979.330000,114005844.640000
2023-04-04,224887.490000,216570.200000,178311.460000,226929.000000,112443745.540000,108285099.480000,89155731.310000,113464501.430000
2023-04-05,222923.210000,214550.640000,176269.320000,227239.210000,111461605.380000,107275321.240000,88134659.060000,113619606.420000
2023-04-06,224776.650000,216374.820000,178090.250000,228369.940000,112388326.820000,108187407.750000,89045124.810000,114184972.050000
2023-04-11,226296.870000,217879.370000,179566.240000,228523.380000,113148435.050000,108939684.560000,89783118.430000,114261688.410000
2023-04-12,225975.310000,217690.570000,180076.360000,229286.920000,112987656.210000,108845283.210000,90038177.520000,114643458.510000
2023-04-13,226988.640000,218945.140000,182427.340000,230439.650000,113494320.000000,109472568.390000,91213668.720000,115219823.780000
2023-04-14,227497.660000,219169.900000,181576.630000,229602.800000,113748828.460000,109584950.780000,90788315.810000,114801402.260000
2023-04-17,227968.760000,219782.890000,182851.730000,230036.570000,113984381.310000,109891446.490000,91425862.840000,115018284.570000
2023-04-18,228600.740000,220136.510000,182116.660000,230618.620000,114300370.410000,110068252.780000,91058331.930000,115309307.990000
2023-04-19,226896.910000,218752.460000,182088.620000,229147.290000,113448456.050000,109376229.360000,91044309.120000,114573644.880000
2023-04-20,226064.050000,217546.570000,179151.940000,228803.840000,113032025.140000,108773282.860000,89575968.270000,114401921.660000
2023-04-21,225703.580000,217247.090000,179248.340000,228328.380000,112851790.260000,108623543.220000,89624172.210000,114164189.930000
2023-04-24,225441.250000,217317.940000,180793.830000,228664.330000,112720626.310000,108658971.800000,90396914.530000,114332164.840000
2023-04-25,223651.660000,215471.030000,178617.400000,228549.240000,111825828.660000,107735514.930000,89308699.110000,114274621.560000
2023-04-26,222626.410000,214026.090000,175383.400000,226643.450000,111313204.200000,107013046.310000,87691699.360000,113321722.730000
2023-04-27,221791.120000,213331.790000,175366.660000,225827.330000,110895560.560000,106665894.430000,87683332.110000,112913663.980000
2023-04-28,222344.750000,213727.080000,175107.440000,225740.740000,111172374.710000,106863539.720000,87553720.690000,112870372.190000
2023-05-02,222287.530000,213583.190000,174302.170000,226997.800000,111143764.370000,106791594.890000,87151083.690000,113498899.260000
2023-05-03,221438.380000,212981.990000,174738.020000,227087.890000,110719187.840000,106490992.730000,87369007.670000,113543944.140000
2023-05-04,220048.420000,211558.670000,173051.930000,226622.610000,110024210.510000,105779332.700000,86525965.120000,113311306.880000
2023-05-05,221253.160000,212822.350000,174816.500000,225934.670000,110626581.090000,106411175.010000,87408251.660000,112967334.420000
2023-05-09,224474.470000,216131.540000,178842.630000,226960.610000,112237233.740000,108065769.440000,89421313.550000,113480303.020000
2023-05-10,226191.870000,217904.630000,180890.850000,227038.240000,113095934.400000,108952317.030000,90445423.940000,113519119.530000
2023-05-11,224935.930000,216374.660000,178130.390000,227586.020000,112467964.010000,108187330.010000,89065194.000000,113793008.930000
2023-05-12,227591.510000,220299.700000,187223.990000,231947.030000,113795757.040000,110149849.730000,93611993.710000,115973517.240000
2023-05-15,228524.030000,221424.720000,189153.830000,232014.790000,114262015.280000,110712361.120000,94576914.830000,116007395.080000
2023-05-16,227284.880000,219200.120000,182780.720000,229566.620000,113642440.820000,109600057.930000,91390359.880000,114783310.530000
2023-05-17,229195.000000,221057.890000,184643.020000,229550.370000,114597497.740000,110528944.190000,92321507.570000,114775186.230000
2023-05-18,234402.180000,226552.000000,191452.050000,231878.150000,117201090.100000,113276001.260000,95726026.770000,115939076.430000
2023-05-19,235395.110000,228083.000000,195254.970000,233479.620000,117697556.850000,114041502.300000,97627484.730000,116739811.980000
2023-05-22,236258.710000,229147.690000,197124.580000,233780.460000,118129352.660000,114573843.470000,98562288.740000,116890231.890000
2023-05-23,236777.800000,229695.270000,197889.010000,233705.810000,118388901.290000,114847637.130000,98944506.680000,116852907.030000
2023-05-24,233620.010000,226333.530000,193532.080000,232229.540000,116810002.850000,113166763.830000,96766040.320000,116114769.740000
2023-05-25,236378.590000,228480.950000,192676.180000,231490.730000,118189296.740000,114240473.550000,96338088.920000,115745364.690000
2023-05-26,240051.520000,231913.600000,195036.930000,232530.400000,120025758.510000,115956801.080000,97518462.630000,116265198.350000
2023-05-30,241215.200000,233251.270000,196793.370000,232550.150000,120607598.590000,116625636.590000,98396686.770000,116275073.440000
2023-05-31,238855.590000,231265.110000,196585.740000,233355.150000,119427793.350000,115632552.600000,98292869.860000,116677575.470000
2023-06-01,239387.820000,232202.330000,199366.230000,232604.600000,119693912.070000,116101165.160000,99683114.960000,116302302.280000
2023-06-02,240841.080000,233611.120000,200697.980000,233633.870000,120420538.130000,116805562.260000,100348989.480000,116816933.850000
2023-06-05,241948.400000,234741.180000,202155.980000,234303.050000,120974199.750000,117370588.990000,101077992.090000,117151524.950000
2023-06-06,242939.260000,236033.210000,204764.710000,235240.250000,121469630.460000,118016606.320000,102382354.930000,117620124.800000
2023-06-07,242068.540000,235007.150000,203064.410000,233957.150000,121034270.860000,117503576.750000,101532207.030000,116978573.070000
2023-06-08,241291.660000,234188.660000,202201.030000,233365.780000,120645828.380000,117094329.810000,101100515.550000,116682890.300000
2023-06-09,240346.080000,233196.210000,200891.530000,232526.690000,120173041.570000,116598104.080000,100445766.900000,116263347.480000
2023-06-12,241980.310000,234767.060000,201998.690000,233222.210000,120990154.330000,117383529.900000,100999344.340000,116611105.970000
2023-06-13,243665.780000,236546.910000,204296.690000,232802.730000,121832890.830000,118273456.580000,102148346.770000,116401363.740000
2023-06-14,242777.770000,235565.850000,202801.250000,231822.330000,121388884.120000,117782926.270000,101400626.400000,115911163.540000
2023-06-15,243138.020000,235852.070000,203054.240000,231648.400000,121569008.760000,117926034.240000,101527118.970000,115824198.670000
2023-06-16,242282.050000,235026.980000,202385.000000,231795.520000,121141024.550000,117513489.960000,101192498.960000,115897758.670000
2023-06-19,241705.290000,234438.780000,201833.550000,230871.270000,120852646.320000,117219391.270000,100916776.870000,115435634.640000
2023-06-20,241321.770000,234292.080000,202676.970000,231429.260000,120660884.070000,117146040.180000,101338482.680000,115714631.640000
2023-06-21,240104.070000,233201.810000,202159.040000,231699.350000,120052035.940000,116600904.740000,101079519.630000,115849676.450000
2023-06-22,238026.610000,231075.520000,199690.780000,230423.100000,119013306.820000,115537762.340000,99845392.390000,115211549.990000
2023-06-23,237119.880000,230151.190000,198626.320000,230308.590000,118559938.110000,115075593.460000,99313158.600000,115154295.880000
2023-06-26,236998.370000,229492.600000,195517.060000,229401.240000,118499182.630000,114746300.200000,97758528.950000,114700620.900000
2023-06-27,236676.260000,228837.860000,193549.790000,227852.400000,118338129.370000,114418930.320000,96774895.590000,113926200.390000
2023-06-28,239401.710000,231601.140000,196341.590000,229471.950000,119700853.390000,115800569.830000,98170796.460000,114735977.190000
2023-06-29,239076.710000,231108.020000,195141.560000,229455.900000,119538353.100000,115554011.410000,97570780.210000,114727948.240000
2023-06-30,240172.500000,232280.910000,196850.670000,229817.870000,120086251.560000,116140454.220000,98425336.550000,114908933.050000
2023-07-03,241118.930000,233388.960000,198264.090000,229027.210000,120559465.640000,116694480.070000,99132044.080000,114513606.480000
2023-07-04,240986.530000,233310.510000,198493.860000,229097.990000,120493263.580000,116655254.320000,99246928.630000,114548994.730000
2023-07-05,239766.380000,232119.400000,197539.890000,228279.560000,119883189.160000,116059700.830000,98769947.350000,114139779.650000
2023-07-06,235525.080000,227943.090000,193607.620000,225142.220000,117762540.880000,113971546.920000,96803809.580000,112571110.850000
2023-07-07,236074.650000,228552.240000,194483.140000,224180.450000,118037325.980000,114276119.560000,97241569.990000,112090224.900000
2023-07-10,236903.310000,229426.700000,195638.210000,224246.350000,118451654.830000,114713350.420000,97819103.470000,112123176.980000
2023-07-11,236515.390000,229231.160000,196331.770000,224238.360000,118257696.070000,114615581.890000,98165887.450000,112119179.440000
2023-07-12,238560.800000,231163.650000,197746.550000,225094.890000,119280399.800000,115581825.130000,98873274.240000,112547443.310000
2023-07-13,239198.430000,232223.150000,200628.930000,225832.200000,119599215.420000,116111574.190000,100314465.340000,112916098.460000
2023-07-14,238721.030000,231686.060000,199494.270000,225349.380000,119360516.860000,115843032.110000,99747133.620000,112674689.770000
2023-07-17,240117.400000,233543.060000,203524.740000,225650.530000,120058698.670000,116771530.480000,101762372.090000,112825265.090000
2023-07-18,241990.510000,235414.580000,205468.610000,227062.080000,120995256.960000,117707290.180000,102734304.950000,113531037.820000
2023-07-19,245164.910000,238181.270000,206367.820000,229523.510000,122582453.380000,119090637.210000,103183910.620000,114761754.130000
2023-07-20,243916.280000,236709.960000,204232.430000,230349.620000,121958137.750000,118354979.130000,102116214.890000,115174809.900000
2023-07-21,244454.170000,237551.120000,206445.560000,231381.540000,122227082.510000,118775557.920000,103222777.830000,115690771.490000
2023-07-24,245130.420000,238145.010000,206793.920000,231831.780000,122565209.650000,119072505.170000,103396961.650000,115915889.370000
2023-07-25,245123.960000,237984.150000,205835.990000,231330.430000,122561978.940000,118992072.990000,102917993.950000,115665217.150000
2023-07-26,245585.290000,238298.340000,206050.340000,231610.220000,122792646.910000,119149170.590000,103025168.380000,115805109.250000
2023-07-27,247107.090000,239588.340000,206086.510000,231546.940000,123553543.960000,119794169.980000,103043257.180000,115773470.480000
2023-07-28,250061.210000,242491.660000,209132.850000,233359.030000,125030604.750000,121245828.810000,104566425.640000,116679517.440000
2023-07-31,251360.910000,243951.880000,211506.740000,234485.520000,125680452.550000,121975937.670000,105753370.290000,117242757.940000
2023-08-01,251669.900000,243991.520000,210423.340000,234208.790000,125834952.010000,121995759.310000,105211669.100000,117104393.640000
2023-08-02,248092.060000,240456.540000,207032.770000,232249.200000,124046031.490000,120228271.840000,103516384.450000,116124597.500000
2023-08-03,248345.800000,240484.300000,206312.460000,231519.610000,124172899.720000,120242151.400000,103156229.970000,115759802.900000
2023-08-04,249248.430000,241284.040000,206761.990000,231833.350000,124624212.710000,120642018.410000,103380993.100000,115916675.130000
2023-08-07,247959.740000,239308.270000,202006.100000,231376.910000,123979867.570000,119654137.200000,101003048.580000,115688454.220000
2023-08-08,246310.880000,237764.510000,200917.780000,231589.230000,123155441.650000,118882255.410000,100458890.440000,115794612.980000
2023-08-09,245435.710000,236856.350000,199825.950000,231566.070000,122717855.430000,118428177.260000,99912974.920000,115783037.210000
2023-08-10,246143.910000,237454.110000,199951.860000,231715.000000,123071957.140000,118727054.750000,99975927.850000,115857501.740000
2023-08-11,244937.270000,236695.340000,201296.530000,231458.620000,122468637.350000,118347668.320000,100648263.340000,115729311.240000
2023-08-14,245159.910000,236648.910000,200073.710000,230944.940000,122579957.110000,118324456.380000,100036853.340000,115472467.510000
2023-08-15,242657.030000,234074.980000,196951.770000,228677.520000,121328513.620000,117037487.600000,98475883.230000,114338762.060000
2023-08-16,241500.810000,232928.270000,195902.030000,227798.610000,120750407.290000,116464137.120000,97951013.980000,113899304.990000
2023-08-17,238779.210000,230237.810000,193300.030000,226265.560000,119389606.070000,115118906.000000,96650015.890000,113132779.790000
2023-08-18,238413.400000,230058.840000,193855.510000,225843.410000,119206700.650000,115029421.400000,96927754.560000,112921703.470000
2023-08-21,239441.560000,230956.960000,194158.560000,225466.450000,119720781.640000,115478480.030000,97079279.000000,112733227.120000
2023-08-22,240594.940000,232220.870000,195716.460000,226314.560000,120297471.000000,116110435.070000,97858228.050000,113157277.530000
2023-08-23,243017.940000,234752.870000,198676.380000,228553.270000,121508970.810000,117376435.970000,99338190.180000,114276637.180000
2023-08-24,242449.850000,234301.780000,198574.930000,229307.780000,121224927.120000,117150889.010000,99287464.660000,114653887.740000
2023-08-25,242859.710000,234649.020000,198883.260000,229546.350000,121429856.110000,117324507.720000,99441629.100000,114773174.580000
2023-08-29,246775.300000,237884.790000,199259.320000,231418.310000,123387647.660000,118942396.300000,99629658.650000,115709154.460000
2023-08-30,247546.950000,238735.980000,200633.480000,231032.760000,123773472.690000,119367991.760000,100316738.570000,115516382.310000
2023-08-31,247299.700000,238487.380000,200068.930000,231278.560000,123649851.600000,119243692.260000,100034465.150000,115639278.150000
2023-09-01,248595.770000,239882.220000,201998.130000,232040.170000,124297882.720000,119941112.490000,100999064.520000,116020084.330000
2023-09-04,248887.590000,240196.720000,202421.930000,232030.400000,124443796.420000,120098357.910000,101210962.700000,116015202.080000
2023-09-05,249196.180000,240065.690000,200510.590000,231942.110000,124598088.430000,120032846.940000,100255294.970000,115971056.310000
2023-09-06,248658.670000,239471.170000,199665.700000,231490.270000,124329333.210000,119735587.050000,99832852.070000,115745135.280000
2023-09-07,248333.780000,239139.760000,199680.300000,231375.420000,124166889.860000,119569878.220000,99840151.810000,115687711.400000
2023-09-08,248728.620000,239360.070000,199110.740000,231978.420000,124364308.030000,119680034.470000,99555371.620000,115989207.610000
2023-09-11,248208.160000,238647.330000,197701.760000,230513.270000,124104082.480000,119323665.540000,98850877.730000,115256637.170000
2023-09-12,249190.460000,239577.100000,198465.200000,231348.520000,124595231.460000,119788552.120000,99232598.200000,115674261.680000
2023-09-13,249457.020000,239651.680000,197718.680000,231061.150000,124728511.230000,119825839.190000,98859342.440000,115530576.960000
2023-09-14,252190.230000,242247.840000,199832.080000,233065.890000,126095112.680000,121123919.940000,99916038.020000,116532945.180000
2023-09-15,251769.200000,242022.380000,200554.300000,234212.400000,125884601.030000,121011192.400000,100277150.600000,117106197.590000
2023-09-18,251191.340000,241300.930000,199213.140000,234117.100000,125595668.240000,120650464.800000,99606571.750000,117058549.060000
2023-09-19,251050.610000,241061.330000,198551.350000,233938.970000,125525303.070000,120530663.270000,99275675.770000,116969483.770000
2023-09-20,250782.220000,240698.770000,197761.410000,234418.000000,125391111.160000,120349387.180000,98880705.720000,117208998.200000
2023-09-21,248899.840000,239006.600000,196887.110000,233481.220000,124449919.650000,119503298.790000,98443556.340000,116740610.850000
2023-09-22,250276.560000,240229.100000,197422.190000,234578.410000,125138279.600000,120114552.460000,98711094.260000,117289205.880000
2023-09-25,249839.750000,239546.300000,195854.950000,234634.990000,124919872.540000,119773151.110000,97927476.660000,117317493.420000
2023-09-26,249115.700000,238745.720000,194749.660000,234341.140000,124557848.800000,119372861.270000,97374829.150000,117170567.920000
2023-09-27,250073.930000,239479.460000,194754.610000,233768.150000,125036966.980000,119739732.470000,97377305.510000,116884074.480000
2023-09-28,250648.020000,239818.400000,194270.910000,231847.400000,125324010.750000,119909200.830000,97135455.650000,115923699.230000
2023-09-29,251006.270000,240368.130000,195408.270000,232582.950000,125503137.300000,120184066.240000,97704135.350000,116291473.610000
2023-10-02,249637.270000,238785.830000,192830.940000,231218.550000,124818636.260000,119392913.030000,96415471.240000,115609277.470000
2023-10-03,248074.730000,237107.660000,190601.130000,230227.010000,124037365.250000,118553827.520000,95300566.210000,115113505.010000
2023-10-04,246713.220000,235582.020000,188507.440000,228537.540000,123356610.110000,117791009.110000,94253719.500000,114268770.810000
2023-10-05,246036.380000,235069.670000,188666.230000,228563.600000,123018191.700000,117534834.490000,94333113.270000,114281799.480000
2023-10-06,247516.900000,236404.550000,189477.370000,228415.660000,123758448.760000,118202277.090000,94738683.710000,114207829.000000
2023-10-09,248424.140000,236751.080000,187583.040000,229241.430000,124212068.470000,118375537.980000,93791521.450000,114620716.830000
2023-10-10,251189.920000,239539.370000,190427.430000,230453.680000,125594958.500000,119769685.070000,95213716.350000,115226840.850000
2023-10-11,250347.740000,238574.170000,188933.280000,230152.890000,125173871.480000,119287087.170000,94466640.140000,115076446.930000
2023-10-12,251927.780000,239616.880000,187610.660000,231070.430000,125963888.620000,119808437.780000,93805331.840000,115535214.460000
2023-10-13,252439.760000,239946.800000,187153.720000,232705.100000,126219879.510000,119973400.320000,93576860.960000,116352551.070000
2023-10-16,252689.370000,240192.860000,187458.390000,231747.850000,126344686.380000,120096431.030000,93729193.760000,115873927.340000
2023-10-17,252629.260000,239952.140000,186686.410000,231399.090000,126314629.530000,119976070.930000,93343203.710000,115699544.600000
2023-10-18,251542.890000,239067.980000,186224.440000,231168.800000,125771443.940000,119533992.430000,93112219.930000,115584400.290000
2023-10-19,250914.670000,238229.280000,184427.170000,230436.740000,125457336.230000,119114638.460000,92213586.160000,115218371.100000
2023-10-20,248087.070000,235678.360000,182856.590000,229851.990000,124043535.360000,117839178.380000,91428296.920000,114925996.180000
2023-10-23,247020.220000,234703.770000,182238.650000,227933.710000,123510110.420000,117351883.130000,91119326.180000,113966857.430000
2023-10-24,246971.930000,234759.230000,182770.790000,228230.300000,123485966.520000,117379614.700000,91385397.230000,114115151.160000
2023-10-25,246133.530000,233561.140000,180228.670000,228602.330000,123066762.860000,116780571.140000,90114335.030000,114301164.380000
2023-10-26,244499.940000,232024.600000,179062.280000,228095.320000,122249972.470000,116012301.990000,89531137.800000,114047661.490000
2023-10-27,243537.360000,230680.000000,176046.270000,226979.210000,121768678.240000,115339999.100000,88023135.830000,113489603.500000
2023-10-30,242862.520000,230138.080000,176097.810000,227473.890000,121431260.050000,115069039.850000,88048903.450000,113736944.350000
2023-10-31,243944.690000,231077.440000,176573.360000,227800.540000,121972347.110000,115538718.330000,88286682.060000,113900268.130000
2023-11-01,247196.000000,235496.070000,185381.160000,230917.460000,123597998.130000,117748032.640000,92690578.990000,115458729.750000
2023-11-02,252627.410000,240913.110000,190936.780000,233460.240000,126313703.460000,120456557.200000,95468390.800000,116730118.570000
2023-11-03,252614.510000,241480.330000,193730.990000,233449.160000,126307253.240000,120740163.700000,96865493.750000,116724579.720000
2023-11-06,252131.020000,241320.830000,194732.770000,232557.810000,126065511.300000,120660416.050000,97366387.160000,116278906.040000
2023-11-07,252954.810000,242054.530000,194952.880000,233356.210000,126477403.050000,121027264.000000,97476438.470000,116678103.990000
2023-11-08,252299.970000,241099.270000,192864.800000,232970.490000,126149982.980000,120549633.490000,96432398.120000,116485245.980000
2023-11-09,253582.560000,242054.720000,192537.070000,233619.250000,126791279.120000,121027360.640000,96268535.210000,116809623.790000
2023-11-10,254864.000000,243069.590000,192570.720000,233114.870000,127431999.910000,121534795.290000,96285360.220000,116557437.090000
2023-11-13,255885.410000,243996.880000,193293.510000,233512.750000,127942706.960000,121998438.390000,96646755.560000,116756376.020000
2023-11-14,256257.820000,244919.170000,196268.790000,232996.480000,128128911.320000,122459585.720000,98134392.530000,116498241.270000
2023-11-15,257362.690000,246358.700000,198769.930000,234035.580000,128681345.900000,123179350.270000,99384964.910000,117017788.800000
2023-11-16,256836.950000,245934.840000,198715.600000,234617.060000,128418474.370000,122967418.590000,99357802.260000,117308528.220000
2023-11-17,258572.950000,247576.390000,200073.390000,234962.720000,129286475.070000,123788196.560000,100036697.270000,117481360.910000
2023-11-20,259809.390000,249040.020000,202581.070000,234553.990000,129904696.730000,124520012.500000,101290536.250000,117276993.850000
2023-11-21,257761.760000,247010.980000,200465.630000,234924.090000,128880881.790000,123505490.850000,100232816.090000,117462045.960000
2023-11-22,257064.030000,246120.580000,198503.330000,234615.390000,128532014.130000,123060290.780000,99251663.340000,117307696.780000
2023-11-23,256716.990000,245605.730000,197576.010000,233821.970000,128358496.000000,122802865.880000,98788005.200000,116910985.270000
2023-11-24,255910.900000,244925.440000,197451.970000,232834.060000,127955449.250000,122462718.030000,98725984.870000,116417030.930000
2023-11-27,255335.150000,244473.240000,197277.210000,232417.370000,127667575.810000,122236618.440000,98638606.450000,116208685.170000
2023-11-28,256289.120000,245394.540000,198261.470000,232852.820000,128144558.390000,122697270.280000,99130733.310000,116426408.130000
2023-11-29,256750.280000,246026.910000,199477.210000,233943.170000,128375139.140000,123013455.930000,99738605.230000,116971582.850000
2023-11-30,256630.280000,245817.940000,199102.380000,233614.990000,128315137.510000,122908967.530000,99551188.400000,116807496.440000
2023-12-01,258572.740000,247863.510000,201576.950000,234739.150000,129286371.990000,123931755.180000,100788474.440000,117369576.560000
2023-12-04,256176.210000,245843.510000,201028.830000,234160.360000,128088106.710000,122921754.260000,100514416.840000,117080179.700000
2023-12-05,255813.280000,245232.700000,199414.220000,234268.580000,127906637.630000,122616348.540000,99707109.650000,117134288.050000
2023-12-06,256213.650000,245828.080000,200470.880000,235542.380000,128106823.030000,122914041.220000,100235437.750000,117771188.470000
2023-12-07,256999.580000,246968.750000,202941.900000,235949.450000,128499789.060000,123484376.660000,101470949.480000,117974723.730000
2023-12-08,258435.680000,248097.470000,202922.250000,235896.690000,129217838.080000,124048736.960000,101461126.340000,117948343.310000
2023-12-11,259462.520000,249005.500000,203335.870000,235833.620000,129731261.140000,124502750.090000,101667936.570000,117916810.570000
2023-12-12,260048.470000,249452.220000,203191.610000,236647.930000,130024234.050000,124726111.440000,101595805.050000,118323964.880000
2023-12-13,261042.200000,250603.030000,205028.440000,237735.180000,130521100.180000,125301513.720000,102514221.290000,118867589.890000
2023-12-14,262945.370000,252887.610000,208658.050000,239046.930000,131472685.250000,126443803.260000,104329023.510000,119523466.900000
2023-12-15,263339.320000,253565.280000,209949.410000,239601.460000,131669658.450000,126782637.950000,104974704.870000,119800732.280000
2023-12-18,264713.060000,255422.900000,214078.840000,241334.270000,132356529.030000,127711448.010000,107039422.430000,120667132.860000
2023-12-19,265344.290000,256197.230000,215520.340000,241570.150000,132672144.540000,128098616.790000,107760168.470000,120785074.010000
2023-12-20,265863.060000,256563.620000,215115.120000,242227.300000,132931531.620000,128281811.470000,107557559.490000,121113651.030000
2023-12-21,266242.440000,256909.410000,215346.080000,242578.700000,133121220.190000,128454705.620000,107673041.130000,121289348.330000
2023-12-22,266214.170000,256731.300000,214533.900000,242379.720000,133107085.160000,128365652.200000,107266947.580000,121189859.680000
2023-12-27,266962.990000,257702.030000,216326.780000,242669.330000,133481497.220000,128851015.540000,108163388.470000,121334662.520000
2023-12-28,267195.500000,258053.060000,217046.310000,243094.200000,133597750.650000,129026530.250000,108523156.520000,121547101.130000
2023-12-29,266512.000000,257097.730000,215048.320000,242703.750000,133256000.720000,128548863.980000,107524159.410000,121351873.310000
2024-01-02,265784.360000,256960.630000,217486.120000,244057.780000,132892178.800000,128480316.270000,108743061.240000,122028891.560000
2024-01-03,263553.190000,254732.690000,215677.550000,242498.180000,131776594.030000,127366344.030000,107838773.140000,121249090.120000
2024-01-04,263158.850000,254074.600000,213948.480000,241802.850000,131579425.980000,127037298.880000,106974242.340000,120901424.660000
2024-01-05,262180.500000,252763.500000,211308.420000,240872.140000,131090251.050000,126381748.870000,105654210.420000,120436071.320000
2024-01-08,262869.450000,253468.050000,212032.770000,240637.720000,131434726.750000,126734027.390000,106016384.100000,120318861.220000
2024-01-09,262976.320000,253208.230000,210287.930000,240417.610000,131488158.490000,126604113.120000,105143963.200000,120208805.420000
2024-01-10,263121.390000,253431.960000,210920.880000,240885.610000,131560697.020000,126715982.410000,105460440.560000,120442803.900000
2024-01-11,260818.620000,250955.960000,207631.030000,239550.550000,130409310.300000,125477982.240000,103815514.770000,119775276.250000
2024-01-12,262218.720000,252158.980000,207931.140000,240782.030000,131109361.510000,126079491.940000,103965567.880000,120391017.440000
2024-01-15,261975.720000,252034.890000,208172.510000,241215.540000,130987859.830000,126017443.070000,104086253.890000,120607770.750000
2024-01-16,262808.060000,252935.240000,209072.230000,241608.440000,131404031.850000,126467622.030000,104536112.640000,120804221.610000
2024-01-17,260460.760000,250686.080000,207303.420000,239802.030000,130230379.450000,125343042.400000,103651710.840000,119901013.930000
2024-01-18,261259.530000,250210.800000,201459.520000,237746.200000,130629764.690000,125105401.450000,100729761.990000,118873102.160000
2024-01-19,262704.500000,251571.510000,202416.550000,238150.010000,131352251.430000,125785757.100000,101208273.190000,119075004.720000
2024-01-22,265099.550000,253898.020000,204534.800000,238899.920000,132549776.470000,126949009.030000,102267399.650000,119449957.550000
2024-01-23,265112.890000,253878.110000,204256.750000,239215.790000,132556442.760000,126939057.020000,102128373.080000,119607895.400000
2024-01-24,265889.890000,254497.600000,204182.100000,239337.510000,132944945.130000,127248798.180000,102091049.870000,119668753.840000
2024-01-25,266674.040000,255054.440000,203739.270000,240163.130000,133337018.620000,127527220.820000,101869635.420000,120081563.860000
2024-01-26,265908.880000,254165.760000,202691.900000,240834.880000,132954438.300000,127082877.750000,101345948.250000,120417440.820000
2024-01-29,267113.090000,255508.250000,204647.170000,241697.710000,133556546.480000,127754125.470000,102323584.590000,120848853.500000
2024-01-30,267598.090000,255690.820000,203604.740000,242338.760000,133799043.390000,127845408.600000,101802368.360000,121169379.920000
2024-01-31,264906.190000,253250.350000,202124.030000,241792.490000,132453095.920000,126625176.400000,101062015.780000,120896244.750000
2024-02-01,266153.060000,254508.040000,203388.490000,242994.450000,133076531.080000,127254019.850000,101694244.950000,121497223.840000
2024-02-02,267015.340000,255182.560000,203237.070000,242582.640000,133507667.980000,127591278.970000,101618532.680000,121291321.050000
2024-02-05,268110.060000,256052.350000,203133.510000,243159.670000,134055032.180000,128026176.010000,101566756.270000,121579833.240000
2024-02-06,273889.900000,261547.300000,208281.240000,245396.570000,136944948.240000,130773647.990000,104140621.350000,122698284.620000
2024-02-07,275251.910000,262866.290000,209597.750000,245263.820000,137625957.330000,131433144.880000,104798876.360000,122631909.910000
2024-02-08,276381.890000,263836.920000,209570.660000,244630.390000,138190944.780000,131918457.580000,104785329.700000,122315193.120000
2024-02-09,277379.980000,265346.700000,213023.760000,245377.850000,138689988.950000,132673350.350000,106511878.680000,122688926.980000
2024-02-12,278290.440000,266201.220000,213402.380000,244663.570000,139145219.250000,133100612.450000,106701190.280000,122331784.610000
2024-02-13,274765.820000,262728.590000,210408.520000,243057.560000,137382909.610000,131364292.590000,105204258.470000,121528780.570000
2024-02-14,277696.750000,265597.820000,213176.540000,244981.400000,138848374.770000,132798908.770000,106588270.840000,122490701.140000
2024-02-15,279672.750000,267745.600000,216090.080000,246132.410000,139836376.880000,133872799.600000,108045041.810000,123066205.070000
2024-02-16,280034.670000,267898.660000,215413.730000,246890.660000,140017334.240000,133949328.890000,107706865.140000,123445327.930000
2024-02-19,280243.870000,268034.770000,215545.670000,247165.880000,140121934.870000,134017387.470000,107772837.360000,123582938.330000
2024-02-20,278260.340000,266690.230000,216700.480000,246896.920000,139130168.000000,133345113.760000,108350238.430000,123448459.240000
2024-02-21,276672.510000,265448.990000,216631.910000,246135.600000,138336254.110000,132724493.920000,108315955.130000,123067799.550000
2024-02-22,281729.630000,270027.500000,219235.630000,247399.550000,140864815.030000,135013750.450000,109617813.630000,123699775.970000
2024-02-23,281305.500000,269934.330000,220527.660000,247899.510000,140652751.010000,134967164.110000,110263830.970000,123949754.120000
2024-02-26,282503.710000,271415.540000,223044.720000,247645.940000,141251856.170000,135707772.490000,111522357.720000,123822971.490000
2024-02-27,283228.830000,272120.380000,223784.670000,247660.820000,141614414.410000,136060188.060000,111892335.640000,123830411.640000
2024-02-28,284231.330000,273770.810000,228085.050000,248471.080000,142115665.470000,136885405.480000,114042526.420000,124235542.440000
2024-02-29,285730.600000,275063.960000,228338.490000,249440.460000,142865302.070000,137531980.410000,114169245.550000,124720228.890000
2024-03-01,289827.470000,278804.040000,230292.490000,251506.790000,144913733.210000,139402020.240000,115146244.140000,125753393.300000
2024-03-04,290296.510000,279227.880000,230100.190000,251265.730000,145148253.820000,139613938.740000,115050095.390000,125632866.530000
2024-03-05,287376.690000,275821.440000,224896.910000,250210.910000,143688345.580000,137910718.110000,112448456.130000,125105455.030000
2024-03-06,291193.310000,279463.530000,227883.890000,251422.250000,145596653.600000,139731765.620000,113941943.060000,125711126.200000
2024-03-07,294392.030000,283247.700000,233792.120000,252292.700000,147196017.310000,141623851.620000,116896059.980000,126146350.690000
2024-03-08,292063.990000,281342.920000,233582.110000,251109.830000,146031996.620000,140671462.030000,116791053.880000,125554915.550000
2024-03-11,289486.450000,278563.720000,230302.430000,250741.730000,144743226.340000,139281860.020000,115151212.670000,125370865.090000
2024-03-12,290620.150000,279252.060000,229232.830000,251373.990000,145310075.270000,139626031.570000,114616414.800000,125686995.270000
2024-03-13,291361.080000,280371.320000,232056.160000,252301.330000,145680540.470000,140185659.240000,116028080.200000,126150662.930000
2024-03-14,290236.300000,279025.400000,229830.670000,251744.150000,145118149.760000,139512702.180000,114915335.320000,125872072.680000
2024-03-15,290682.790000,279759.910000,231701.110000,252650.970000,145341397.230000,139879953.650000,115850556.000000,126325484.710000
2024-03-18,290969.420000,279651.840000,230102.510000,252635.640000,145484710.700000,139825921.570000,115051253.580000,126317820.230000
2024-03-19,290845.430000,279171.310000,228362.280000,253127.630000,145422715.670000,139585656.050000,114181141.050000,126563817.340000
2024-03-20,291892.930000,280112.550000,228930.970000,253927.250000,145946464.060000,140056275.690000,114465486.490000,126963627.060000
2024-03-21,296586.730000,284114.170000,229661.350000,255827.050000,148293366.500000,142057083.200000,114830672.510000,127913525.730000
2024-03-22,297924.830000,285837.910000,233022.280000,258653.570000,148962417.100000,142918954.150000,116511141.150000,129326784.810000
2024-03-25,299741.770000,288463.390000,238961.440000,260100.210000,149870886.040000,144231696.520000,119480720.880000,130050106.030000
2024-03-26,298989.900000,287075.390000,235118.940000,259287.810000,149494948.540000,143537693.620000,117559469.300000,129643906.690000
2024-03-27,298764.960000,287381.220000,237667.410000,260109.810000,149382478.640000,143690608.360000,118833702.990000,130054907.370000
2024-03-28,299440.790000,287763.570000,236645.810000,261233.230000,149720394.840000,143881784.300000,118322903.590000,130616615.380000
2024-04-02,300961.740000,289199.520000,237637.600000,262291.060000,150480871.140000,144599758.670000,118818797.960000,131145530.200000
2024-04-03,301806.550000,289667.670000,236544.370000,262028.960000,150903276.270000,144833835.570000,118272186.280000,131014479.890000
2024-04-04,301302.810000,289206.580000,236233.040000,261569.500000,150651404.230000,144603288.210000,118116518.510000,130784748.830000
2024-04-05,301763.480000,289457.100000,235767.990000,262760.550000,150881737.860000,144728548.260000,117883996.560000,131380273.780000
2024-04-08,302144.480000,289692.770000,235388.820000,262443.350000,151072240.010000,144846383.720000,117694411.420000,131221677.170000
2024-04-09,301102.050000,288896.120000,235549.010000,262699.500000,150551026.040000,144448057.970000,117774504.860000,131349750.900000
2024-04-10,302466.770000,289902.470000,234876.980000,263322.660000,151233386.250000,144951233.440000,117438488.670000,131661331.570000
2024-04-11,304314.760000,292101.240000,238599.980000,264897.720000,152157381.140000,146050618.130000,119299989.210000,132448858.560000
2024-04-12,306239.820000,293833.560000,239434.990000,267471.730000,153119910.880000,146916782.170000,119717496.740000,133735867.160000
2024-04-15,303861.240000,291027.440000,234896.820000,265575.510000,151930617.680000,145513720.690000,117448412.350000,132787753.040000
2024-04-16,301709.070000,288651.560000,231396.640000,264473.930000,150854536.760000,144325781.910000,115698321.630000,132236964.410000
2024-04-17,299473.340000,286161.720000,228044.290000,263614.790000,149736668.450000,143080858.810000,114022142.660000,131807396.170000
2024-04-18,297581.300000,283969.210000,224822.400000,262649.240000,148790647.690000,141984605.830000,112411200.780000,131324618.290000
2024-04-19,296364.260000,283089.910000,225393.570000,263730.810000,148182129.680000,141544952.960000,112696782.770000,131865404.550000
2024-04-22,298020.790000,284835.020000,227978.380000,265155.670000,149010396.220000,142417510.960000,113989189.550000,132577835.250000
2024-04-23,300110.920000,286948.090000,230237.620000,264943.670000,150055459.220000,143474044.580000,115118810.820000,132471834.970000
2024-04-24,300671.870000,287660.550000,231349.130000,264722.590000,150335933.860000,143830272.610000,115674564.670000,132361295.070000
2024-04-25,299197.540000,285963.680000,229093.090000,263681.430000,149598768.070000,142981842.380000,114546545.070000,131840716.060000
2024-04-26,303525.080000,289954.210000,231533.550000,265389.550000,151762538.960000,144977105.570000,115766777.230000,132694777.210000
2024-04-29,303317.200000,290482.430000,234969.520000,264731.890000,151658599.200000,145241213.450000,117484760.890000,132365942.750000
2024-04-30,301834.300000,288732.350000,232181.000000,263789.360000,150917151.890000,144366176.940000,116090500.990000,131894679.070000
2024-05-01,299705.810000,287117.870000,232884.080000,263777.750000,149852905.600000,143558935.260000,116442038.830000,131888876.350000
2024-05-02,300346.180000,287644.660000,232981.230000,263991.150000,150173092.270000,143822331.820000,116490615.980000,131995575.440000
2024-05-03,303029.130000,290324.750000,235540.210000,264677.410000,151514566.210000,145162372.920000,117770105.440000,132338705.090000
2024-05-07,304676.280000,291742.930000,235648.870000,266830.670000,152338137.800000,145871463.400000,117824434.110000,133415333.480000
2024-05-08,306320.780000,293491.910000,237966.550000,268026.650000,153160387.710000,146745954.360000,118983274.220000,134013325.950000
2024-05-09,306906.770000,294041.660000,238336.010000,268529.080000,153453387.100000,147020832.100000,119168007.390000,134264537.670000
2024-05-10,307526.640000,294529.570000,238089.270000,269318.210000,153763321.150000,147264783.610000,119044632.920000,134659103.650000
2024-05-13,306529.850000,293441.610000,236798.470000,268431.360000,153264927.330000,146720807.400000,118399235.550000,134215678.550000
2024-05-14,307366.180000,294480.710000,238457.790000,268314.170000,153683091.610000,147240356.590000,119228892.740000,134157087.060000
2024-05-15,308855.470000,295855.900000,239191.500000,268606.440000,154427734.400000,147927950.250000,119595752.390000,134303217.960000
2024-05-16,309113.410000,296154.860000,239418.400000,268416.080000,154556707.400000,148077428.710000,119709198.790000,134208040.790000
2024-05-17,308627.430000,295709.620000,239225.520000,268470.760000,154313714.290000,147854807.730000,119612759.290000,134235378.450000
2024-05-20,310524.320000,297679.620000,241311.510000,268571.960000,155262160.660000,148839808.850000,120655756.450000,134285980.340000
2024-05-21,309672.790000,296635.220000,239620.830000,268724.470000,154836396.170000,148317611.030000,119810415.420000,134362235.890000
2024-05-22,309070.320000,296667.030000,242159.190000,267560.140000,154535159.210000,148333514.780000,121079593.050000,133780072.330000
2024-05-23,308375.480000,295638.770000,239781.890000,265921.020000,154187738.570000,147819383.820000,119890945.280000,132960508.020000
2024-05-24,308608.900000,295792.450000,239682.590000,265686.720000,154304448.750000,147896227.470000,119841297.320000,132843359.800000
2024-05-28,309293.040000,296081.600000,238123.480000,265233.420000,154646520.060000,148040797.630000,119061738.520000,132616708.110000
2024-05-29,307930.950000,294775.450000,237170.700000,264467.590000,153965476.470000,147387723.800000,118585347.660000,132233793.650000
2024-05-30,308563.460000,295637.420000,239244.400000,265410.710000,154281729.820000,147818708.540000,119622201.270000,132705356.850000
2024-05-31,306896.050000,294102.810000,238579.350000,265847.440000,153448023.060000,147051407.490000,119289673.500000,132923722.130000
2024-06-03,307591.440000,295262.740000,241460.270000,265975.940000,153795721.830000,147631369.800000,120730136.150000,132987971.070000
2024-06-04,305741.910000,293590.970000,240524.430000,264744.180000,152870952.520000,146795483.750000,120262216.060000,132372089.920000
2024-06-05,310249.420000,297669.920000,242554.260000,266409.420000,155124710.760000,148834960.090000,121277130.400000,133204709.170000
2024-06-06,311953.380000,298945.610000,242226.940000,267200.240000,155976691.410000,149472802.660000,121113468.150000,133600119.700000
2024-06-07,310657.810000,297668.960000,241171.900000,266054.370000,155328903.210000,148834477.830000,120585948.070000,133027186.510000
2024-06-10,312357.000000,299233.140000,242182.200000,266457.290000,156178500.670000,149616571.730000,121091101.690000,133228645.770000
2024-06-11,312180.040000,299309.540000,243293.480000,266150.860000,156090020.410000,149654767.720000,121646741.350000,133075430.960000
2024-06-12,315218.730000,302579.290000,247260.800000,267590.940000,157609362.910000,151289646.110000,123630398.130000,133795472.330000
2024-06-13,314148.620000,301062.020000,243731.560000,266948.720000,157074307.980000,150531010.820000,121865780.480000,133474357.770000
2024-06-14,314929.540000,301378.750000,242128.300000,268377.630000,157464771.920000,150689375.500000,121064151.590000,134188814.800000
2024-06-17,317307.100000,303513.880000,243464.240000,268684.920000,158653550.780000,151756937.970000,121732119.030000,134342461.270000
2024-06-18,320105.590000,306010.240000,244595.290000,269796.550000,160052796.120000,153005122.310000,122297646.490000,134898276.410000
2024-06-19,321700.690000,308081.460000,248560.810000,270382.630000,160850346.310000,154040731.620000,124280405.810000,135191317.090000
2024-06-20,323396.650000,309721.290000,249918.080000,271856.590000,161698324.350000,154860643.540000,124959038.890000,135928294.450000
2024-06-21,320226.840000,306877.740000,248509.630000,271668.570000,160113418.600000,153438868.310000,124254815.910000,135834285.670000
2024-06-24,318692.790000,305157.670000,246424.130000,271246.660000,159346395.310000,152578834.810000,123212062.730000,135623331.330000
2024-06-25,318340.340000,304905.640000,246584.600000,271060.290000,159170172.430000,152452818.130000,123292301.840000,135530143.510000
2024-06-26,317601.350000,304265.480000,246305.780000,271042.090000,158800673.960000,152132740.870000,123152888.610000,135521046.520000
2024-06-27,319335.810000,306261.750000,249326.430000,271737.800000,159667905.430000,153130873.090000,124663213.820000,135868899.250000
2024-06-28,320334.050000,307175.350000,249752.510000,271658.590000,160167022.520000,153587673.340000,124876254.040000,135829297.380000
2024-07-01,320569.840000,307407.180000,250099.470000,270939.230000,160284921.160000,153703587.590000,125049732.700000,135469615.680000
2024-07-02,320162.900000,306933.250000,249296.400000,270463.170000,160081449.710000,153466626.160000,124648197.830000,135231585.000000
2024-07-03,322618.270000,309941.140000,254120.220000,271274.000000,161309136.140000,154970568.180000,127060109.630000,135636998.620000
2024-07-04,325156.540000,313039.580000,259474.930000,272423.960000,162578272.200000,156519790.880000,129737466.780000,136211978.780000
2024-07-05,326680.820000,315556.720000,265901.850000,273582.430000,163340411.700000,157778360.850000,132950927.440000,136791216.930000
2024-07-08,325809.250000,314215.760000,262617.370000,272080.240000,162904624.870000,157107879.740000,131308687.030000,136040117.540000
2024-07-09,323555.020000,311331.870000,257173.490000,271258.450000,161777510.750000,155665936.050000,128586743.010000,135629225.850000
2024-07-10,327109.240000,315233.900000,262440.390000,272712.980000,163554619.590000,157616947.710000,131220194.900000,136356491.880000
2024-07-11,325130.730000,313607.480000,262275.180000,272897.990000,162565362.940000,156803739.820000,131137588.460000,136448993.260000
2024-07-12,325329.450000,314008.800000,263639.130000,272169.620000,162664727.290000,157004401.700000,131819563.670000,136084808.260000
2024-07-15,325092.160000,313625.570000,262710.170000,272193.380000,162546077.970000,156812784.920000,131355083.730000,136096689.310000
2024-07-16,325218.900000,313727.070000,262748.180000,273095.740000,162609447.920000,156863533.820000,131374090.790000,136547872.490000
2024-07-17,320118.350000,308185.090000,256046.450000,271764.080000,160059175.960000,154092545.420000,128023227.110000,135882039.820000
2024-07-18,317438.020000,305294.910000,252500.640000,271352.660000,158719011.980000,152647455.340000,126250320.210000,135676329.240000
2024-07-19,317133.250000,305479.860000,254781.610000,270556.080000,158566626.270000,152739931.220000,127390806.720000,135278039.920000
2024-07-22,318279.170000,307133.180000,258508.800000,270992.330000,159139583.740000,153566589.790000,129254401.640000,135496166.410000
2024-07-23,319805.020000,308636.920000,259753.430000,271086.200000,159902510.690000,154318461.630000,129876715.570000,135543101.360000
2024-07-24,315587.730000,304666.970000,256859.830000,270449.910000,157793862.590000,152333486.290000,128429915.360000,135224954.070000
2024-07-25,312526.010000,301726.160000,254636.380000,269563.170000,156263003.580000,150863078.430000,127318192.350000,134781585.880000
2024-07-26,315214.610000,304587.630000,258248.020000,271376.230000,157607303.880000,152293814.090000,129124008.900000,135688114.220000
2024-07-29,314952.350000,304442.490000,258683.370000,271593.140000,157476172.650000,152221242.580000,129341684.680000,135796572.180000
2024-07-30,313354.250000,302696.330000,256399.370000,271783.140000,156677126.520000,151348164.820000,128199684.900000,135891571.030000
2024-07-31,319285.610000,308234.210000,260148.580000,274408.300000,159642806.240000,154117105.180000,130074288.860000,137204147.710000
2024-08-01,316809.060000,305325.160000,255507.150000,274701.870000,158404528.960000,152662579.540000,127753573.910000,137350936.650000
2024-08-02,307845.310000,296519.510000,247883.310000,272951.330000,153922652.630000,148259757.190000,123941653.400000,136475665.160000
2024-08-05,301392.370000,289582.620000,238706.840000,269585.550000,150696183.420000,144791308.760000,119353418.150000,134792776.480000
2024-08-06,305171.220000,293184.940000,241889.020000,270696.750000,152585608.960000,146592468.910000,120944511.310000,135348372.700000
2024-08-07,309085.480000,297092.260000,245975.980000,272390.870000,154542737.650000,148546128.110000,122987990.610000,136195437.120000
2024-08-08,311944.130000,300532.370000,252051.560000,273190.300000,155972065.010000,150266187.030000,126025780.520000,136595148.450000
2024-08-09,312980.490000,301229.980000,251389.860000,273609.100000,156490245.170000,150614990.790000,125694928.760000,136804548.390000
2024-08-12,314696.920000,302873.640000,252569.730000,274598.530000,157348462.250000,151436818.210000,126284866.740000,137299264.830000
2024-08-13,316984.210000,305106.490000,254603.750000,275257.190000,158492104.180000,152553246.190000,127301874.270000,137628597.130000
2024-08-14,317895.530000,305843.300000,254682.550000,275747.550000,158947763.220000,152921648.620000,127341274.320000,137873773.020000
2024-08-15,321742.170000,309645.680000,258291.040000,276238.550000,160871083.970000,154822842.370000,129145521.720000,138119275.920000
2024-08-16,321526.650000,309218.840000,256948.100000,276025.490000,160763327.090000,154609421.110000,128474052.490000,138012742.930000
2024-08-19,321933.690000,309676.030000,257627.970000,275926.060000,160966845.490000,154838014.220000,128813983.790000,137963032.400000
2024-08-20,319936.750000,307882.980000,256517.840000,275001.390000,159968375.840000,153941489.040000,128258922.000000,137500696.680000
2024-08-21,320205.060000,308543.430000,258714.080000,274541.680000,160102527.570000,154271715.760000,129357038.770000,137270841.520000
2024-08-22,317780.460000,305845.680000,255059.950000,273042.170000,158890229.640000,152922838.990000,127529974.860000,136521084.450000
2024-08-23,317864.020000,305942.580000,255342.320000,272984.560000,158932010.000000,152971287.620000,127671162.090000,136492280.780000
2024-08-27,316376.560000,304869.830000,256212.310000,272870.540000,158188281.200000,152434915.180000,128106156.610000,136435268.010000
2024-08-28,314737.740000,303202.180000,254472.470000,272946.290000,157368869.440000,151601089.720000,127236233.680000,136473144.860000
2024-08-29,317658.200000,305906.350000,256254.900000,274040.220000,158829100.000000,152953173.470000,128127451.370000,137020111.650000
2024-08-30,316937.050000,305169.230000,255586.360000,274407.630000,158468525.440000,152584612.910000,127793177.650000,137203815.040000
2024-09-02,315698.230000,303511.880000,252000.430000,273265.940000,157849115.350000,151755940.980000,126000216.060000,136632969.270000
2024-09-03,310651.150000,298695.340000,248403.620000,273030.800000,155325576.710000,149347670.370000,124201811.550000,136515398.500000
2024-09-04,308924.770000,296761.530000,245736.840000,272598.550000,154462386.860000,148380766.790000,122868421.740000,136299275.870000
2024-09-05,307699.860000,295670.710000,244785.360000,271638.640000,153849927.600000,147835357.010000,122392677.990000,135819319.830000
2024-09-06,303639.150000,291605.190000,240746.120000,271031.250000,151819573.860000,145802596.280000,120373057.660000,135515626.540000
2024-09-09,307667.690000,295119.040000,242499.570000,272246.120000,153833842.770000,147559518.210000,121249785.440000,136123058.450000
2024-09-10,308016.370000,295451.870000,242453.490000,272532.280000,154008185.120000,147725935.680000,121226747.230000,136266138.180000
2024-09-11,309311.830000,296703.710000,243276.730000,273024.560000,154655913.320000,148351854.610000,121638365.450000,136512279.360000
2024-09-12,313785.610000,300964.860000,246384.100000,273530.680000,156892806.810000,150482431.340000,123192050.940000,136765341.900000
2024-09-13,315060.080000,302057.100000,246480.060000,273075.990000,157530039.310000,151028551.040000,123240030.470000,136537995.190000
2024-09-16,313314.510000,300083.670000,243841.240000,272531.670000,156657255.400000,150041833.880000,121920619.490000,136265834.720000
2024-09-17,314027.550000,300481.590000,242885.850000,272702.460000,157013775.290000,150240792.930000,121442925.270000,136351228.300000
2024-09-18,312503.930000,299001.500000,241724.250000,271425.850000,156251966.510000,149500748.410000,120862123.850000,135712923.820000
2024-09-19,317042.900000,303436.300000,245731.420000,271626.300000,158521451.260000,151718150.330000,122865711.120000,135813149.760000
2024-09-20,315009.660000,301686.220000,245112.230000,270931.610000,157504832.250000,150843108.440000,122556113.300000,135465804.880000
2024-09-23,314759.070000,300828.310000,241778.040000,269848.560000,157379533.750000,150414155.450000,120889019.350000,134924278.530000
2024-09-24,315083.190000,300889.180000,240489.820000,270036.740000,157541595.220000,150444592.010000,120244911.240000,135018371.110000
2024-09-25,315348.670000,301075.900000,240168.140000,269711.790000,157674336.740000,150537949.120000,120084069.870000,134855894.070000
2024-09-26,316172.110000,302041.080000,241565.140000,269360.870000,158086057.140000,151020538.970000,120782570.370000,134680433.760000
2024-09-27,315982.960000,302445.070000,244264.980000,269810.410000,157991477.510000,151222535.550000,122132491.290000,134905205.320000
2024-09-30,315228.110000,301967.230000,245176.570000,269406.050000,157614054.650000,150983617.100000,122588285.520000,134703026.070000
2024-10-01,315339.280000,301495.220000,242421.250000,271994.940000,157669639.380000,150747607.550000,121210622.860000,135997472.370000
2024-10-02,317760.010000,303922.730000,244938.000000,271927.620000,158880005.490000,151961367.300000,122469000.920000,135963812.450000
2024-10-03,321533.030000,307496.280000,247810.160000,274095.240000,160766513.040000,153748140.480000,123905080.200000,137047620.810000
2024-10-04,324178.950000,310687.440000,253285.370000,274087.180000,162089475.620000,155343719.720000,126642687.090000,137043592.480000
2024-10-07,325068.860000,311816.970000,255335.220000,274013.240000,162534428.760000,155908486.070000,127667608.220000,137006618.420000
2024-10-08,324108.000000,310904.790000,254601.970000,272658.600000,162053998.590000,155452396.030000,127300985.840000,136329300.030000
2024-10-09,325653.070000,312019.000000,254044.680000,272864.540000,162826535.430000,156009501.370000,127022341.290000,136432268.270000
2024-10-10,327116.380000,313551.870000,255876.090000,273549.820000,163558191.660000,156775935.340000,127938046.300000,136774910.510000
2024-10-11,328262.910000,314510.440000,256097.140000,274067.780000,164131456.090000,157255221.550000,128048567.860000,137033887.760000
2024-10-14,329541.090000,316006.600000,258360.100000,274244.670000,164770547.230000,158003297.640000,129180052.340000,137122337.410000
2024-10-15,324983.370000,311924.930000,256371.440000,273758.260000,162491683.080000,155962465.910000,128185720.200000,136879128.540000
2024-10-16,330063.110000,318883.810000,270813.100000,277863.610000,165031555.960000,159441904.610000,135406551.730000,138931806.240000
2024-10-17,332759.560000,321401.840000,272469.000000,278064.270000,166379781.040000,160700921.710000,136234498.060000,139032136.020000
2024-10-18,334078.190000,323936.150000,280094.880000,278695.740000,167039093.630000,161968074.190000,140047442.440000,139347870.470000
2024-10-21,334227.790000,324708.850000,283565.480000,278824.880000,167113896.110000,162354422.940000,141782738.150000,139412442.000000
2024-10-22,334096.950000,323528.910000,277987.310000,278568.300000,167048473.310000,161764455.690000,138993655.160000,139284148.420000
2024-10-23,332216.450000,321357.540000,274570.210000,277598.880000,166108223.820000,160678770.090000,137285107.090000,138799442.290000
2024-10-24,332902.040000,321953.010000,274634.330000,277946.130000,166451018.590000,160976507.110000,137317163.070000,138973063.170000
2024-10-25,335038.090000,324232.410000,277376.490000,278013.860000,167519045.830000,162116206.670000,138688243.090000,139006928.390000
2024-10-28,335158.220000,325238.820000,282164.890000,277732.720000,167579108.360000,162619410.640000,141082443.380000,138866359.420000
2024-10-29,336500.820000,327184.890000,286422.980000,277472.550000,168250410.860000,163592442.820000,143211487.530000,138736276.310000
2024-10-30,334335.510000,324837.700000,283238.060000,277667.980000,167167756.020000,162418847.930000,141619030.500000,138833988.520000
2024-10-31,331366.370000,321956.010000,280811.410000,277908.550000,165683184.310000,160978006.500000,140405706.550000,138954277.240000
2024-11-01,332182.170000,322362.340000,279566.460000,276851.500000,166091087.350000,161181169.040000,139783231.450000,138425748.930000
2024-11-04,331315.840000,321035.510000,276198.680000,276342.610000,165657921.010000,160517757.260000,138099338.850000,138171306.080000
2024-11-05,335656.670000,325311.440000,280510.540000,275402.850000,167828336.090000,162655719.060000,140255271.260000,137701425.120000
2024-11-06,338872.860000,328649.960000,284767.250000,276400.710000,169436430.600000,164324981.800000,142383626.390000,138200353.960000
2024-11-07,341794.130000,332070.000000,289878.950000,276877.920000,170897063.040000,166035001.430000,144939476.950000,138438960.080000
2024-11-08,341435.120000,331856.220000,290337.130000,277655.450000,170717559.020000,165928110.980000,145168563.150000,138827726.190000
2024-11-11,341954.380000,333091.490000,295218.170000,277636.030000,170977187.950000,166545745.480000,147609083.000000,138818017.490000
2024-11-12,341242.070000,332345.800000,294307.860000,278478.620000,170621033.960000,166172897.590000,147153927.790000,139239308.560000
2024-11-13,341866.240000,332897.970000,294974.810000,279090.290000,170933120.610000,166448983.330000,147487406.020000,139545142.600000
2024-11-14,341861.920000,332731.670000,294062.680000,279251.600000,170930959.790000,166365837.110000,147031342.110000,139625799.890000
2024-11-15,341144.820000,331345.950000,290164.870000,279510.280000,170572408.200000,165672974.330000,145082432.880000,139755138.820000
2024-11-18,342074.950000,332123.520000,289986.820000,280797.560000,171037473.320000,166061757.510000,144993408.400000,140398782.500000
2024-11-19,340915.360000,330452.620000,286006.310000,280675.880000,170457680.650000,165226307.600000,143003152.900000,140337940.140000
2024-11-20,342420.000000,333202.460000,294133.760000,281725.490000,171209998.860000,166601229.850000,147066879.400000,140862747.410000
2024-11-21,345683.810000,336074.390000,295225.850000,283093.390000,172841903.770000,168037197.280000,147612925.300000,141546697.310000
2024-11-22,350669.420000,341342.380000,302025.090000,286207.010000,175334711.480000,170671189.130000,151012545.060000,143103502.670000
2024-11-25,348988.640000,339572.050000,299959.620000,285534.220000,174494318.280000,169786025.210000,149979812.030000,142767108.190000
2024-11-26,347707.760000,337601.650000,295223.440000,285379.160000,173853878.930000,168800822.800000,147611718.780000,142689577.730000
2024-11-27,343978.030000,333883.350000,291929.260000,283869.630000,171989015.620000,166941677.200000,145964630.250000,141934815.710000
2024-11-28,345210.390000,334930.030000,292007.540000,283942.880000,172605197.320000,167465012.770000,146003770.500000,141971441.850000
2024-11-29,347771.490000,338080.180000,297670.510000,284625.500000,173885744.750000,169040087.980000,148835254.570000,142312752.050000
2024-12-02,348439.120000,337964.720000,293755.080000,285328.060000,174219559.980000,168982361.360000,146877537.570000,142664029.430000
2024-12-03,350948.320000,339997.950000,294226.470000,285376.360000,175474160.350000,169998974.690000,147113233.580000,142688181.040000
2024-12-04,351432.030000,340750.360000,295769.810000,284626.430000,175716016.640000,170375178.360000,147884906.260000,142313215.180000
2024-12-05,349260.970000,338256.840000,292199.980000,283352.550000,174630483.420000,169128421.330000,146099989.800000,141676274.080000
2024-12-06,350141.480000,339607.120000,295813.260000,283791.960000,175070738.670000,169803558.030000,147906627.800000,141895981.800000
2024-12-09,351098.750000,341424.140000,301265.510000,283778.600000,175549375.030000,170712071.950000,150632756.700000,141889300.130000
2024-12-10,350094.270000,341279.860000,304747.700000,283953.330000,175047134.700000,170639931.430000,152373852.390000,141976665.200000
2024-12-11,351749.210000,342319.550000,302967.180000,284612.770000,175874607.370000,171159773.270000,151483592.310000,142306386.170000
2024-12-12,350123.110000,339921.140000,297275.660000,283748.220000,175061553.680000,169960569.950000,148637830.040000,141874107.610000
2024-12-13,352267.990000,341356.430000,295525.090000,283730.080000,176133996.850000,170678215.280000,147762545.160000,141865037.870000
2024-12-16,352379.930000,341371.800000,295088.810000,282377.200000,176189964.950000,170685899.280000,147544404.790000,141188599.860000
2024-12-17,349662.920000,338507.150000,291520.860000,281233.940000,174831459.280000,169253576.370000,145760428.470000,140616972.040000
2024-12-18,349269.250000,337643.380000,288278.660000,280629.140000,174634625.160000,168821692.450000,144139328.880000,140314570.370000
2024-12-19,346541.930000,335012.000000,286637.340000,279928.330000,173270966.470000,167505997.700000,143318668.120000,139964167.310000
2024-12-20,348977.310000,337177.640000,287821.760000,280775.000000,174488654.440000,168588821.490000,143910881.650000,140387498.330000
2024-12-23,350326.660000,338635.550000,289658.510000,281476.440000,175163331.070000,169317776.010000,144829255.010000,140738219.860000
2024-12-24,352619.860000,340966.500000,292288.790000,281534.060000,176309928.280000,170483249.950000,146144393.070000,140767030.850000
2024-12-27,355637.630000,346610.380000,309272.530000,281819.290000,177818816.760000,173305190.030000,154636265.530000,140909644.660000
2024-12-30,353081.160000,343568.460000,304057.870000,282292.930000,176540582.400000,171784228.870000,152028933.640000,141146465.300000
2024-12-31,354238.050000,344646.410000,304762.300000,283310.060000,177119025.960000,172323203.940000,152381147.570000,141655028.150000
2025-01-02,361419.910000,352918.010000,317533.180000,287190.030000,180709954.210000,176459002.940000,158766589.530000,143595015.340000
2025-01-03,364517.170000,356785.240000,325120.560000,287427.980000,182258585.770000,178392618.600000,162560279.410000,143713989.280000
2025-01-06,364848.700000,356975.210000,324206.280000,286382.330000,182424348.300000,178487603.150000,162103141.520000,143191166.330000
2025-01-07,362119.610000,353983.860000,319838.370000,286307.420000,181059806.500000,176991931.140000,159919183.110000,143153711.520000
2025-01-08,360856.400000,351492.160000,311980.430000,288232.720000,180428198.350000,175746081.670000,155990215.380000,144116361.020000
2025-01-09,362921.640000,353234.770000,312480.990000,290014.730000,181460821.240000,176617384.720000,156240493.010000,145007366.300000
2025-01-10,362945.650000,352956.320000,310908.330000,290404.060000,181472824.360000,176478161.360000,155454164.760000,145202028.420000
2025-01-13,360856.550000,350038.270000,304495.890000,290133.550000,180428276.640000,175019134.910000,152247945.280000,145066773.420000
2025-01-14,360130.470000,349132.220000,302799.750000,289268.590000,180065235.770000,174566109.670000,151399876.450000,144634294.500000
2025-01-15,364764.430000,354155.190000,309502.220000,291269.200000,182382215.360000,177077596.060000,154751112.290000,145634599.330000
2025-01-16,368167.880000,357401.630000,311963.750000,293004.860000,184083938.370000,178700812.770000,155981876.910000,146502430.110000
2025-01-17,371987.320000,361351.010000,316666.880000,295075.670000,185993659.550000,180675504.800000,158333442.200000,147537832.810000
2025-01-20,371284.300000,360463.670000,314957.200000,293679.000000,185642149.070000,180231835.690000,157478602.190000,146839499.870000
2025-01-21,370464.170000,359484.330000,313311.170000,293090.830000,185232083.600000,179742162.510000,156655583.050000,146545412.720000
2025-01-22,374200.000000,363138.870000,316393.910000,293038.350000,187100001.390000,181569433.250000,158196955.550000,146519175.730000
2025-01-23,374907.550000,364853.170000,322914.000000,292978.140000,187453775.670000,182426584.240000,161457001.660000,146489068.650000
2025-01-24,370348.230000,359478.220000,314047.080000,290717.350000,185174113.740000,179739107.810000,157023540.010000,145358675.500000
2025-01-27,359799.120000,348855.330000,303897.740000,289789.410000,179899560.220000,174427664.240000,151948868.920000,144894703.350000
2025-01-28,360481.950000,348730.650000,300373.270000,289706.250000,180240977.130000,174365326.780000,150186634.810000,144853124.130000
2025-01-29,361426.490000,349237.810000,298888.600000,290284.590000,180713243.380000,174618904.400000,149444298.280000,145142293.260000
2025-01-30,365383.060000,353250.600000,303031.840000,291514.270000,182691529.160000,176625300.290000,151515918.010000,145757136.980000
2025-01-31,369069.960000,356629.890000,304848.430000,292933.100000,184534978.970000,178314945.000000,152424213.180000,146466551.980000
2025-02-03,365995.230000,353663.730000,302505.710000,291944.760000,182997615.490000,176831863.440000,151252854.210000,145972378.640000
2025-02-04,370132.480000,357312.190000,304756.420000,291133.010000,185066237.760000,178656093.750000,152378208.260000,145566504.580000
2025-02-05,370729.480000,358269.600000,307123.820000,292293.900000,185364738.860000,179134798.620000,153561910.180000,146146951.280000
2025-02-06,374987.080000,361706.270000,307841.100000,294736.980000,187493539.060000,180853136.560000,153920551.790000,147368491.000000
2025-02-07,375998.840000,363221.970000,311414.260000,294781.990000,187999421.060000,181610983.240000,155707130.260000,147390996.670000
2025-02-10,380801.150000,367228.320000,312079.730000,296694.200000,190400573.990000,183614159.490000,156039865.150000,148347100.330000
2025-02-11,379919.690000,365710.190000,307787.290000,296176.700000,189959843.740000,182855097.410000,153893645.540000,148088349.480000
2025-02-12,380972.630000,367938.100000,315543.230000,295600.040000,190486315.590000,183969051.920000,157771616.040000,147800017.780000
2025-02-13,381480.350000,368604.060000,317077.960000,295337.020000,190740174.220000,184302030.190000,158538979.180000,147668508.000000
2025-02-14,378796.290000,365764.460000,313521.800000,293930.880000,189398146.130000,182882230.780000,156760898.110000,146965438.020000
2025-02-17,380138.410000,367098.810000,314889.370000,294128.730000,190069207.400000,183549402.990000,157444684.030000,147064367.490000
2025-02-18,383445.210000,370506.690000,318862.270000,295601.410000,191722602.760000,185253346.550000,159431136.110000,147800704.240000
2025-02-19,384035.940000,372673.760000,327368.420000,295920.900000,192017969.780000,186336881.680000,163684209.420000,147960450.140000
2025-02-20,379862.430000,367542.360000,317925.400000,294851.540000,189931213.500000,183771182.060000,158962699.990000,147425771.940000
2025-02-21,375794.140000,363136.240000,311897.630000,294030.220000,187897070.800000,181568119.770000,155948816.620000,147015109.620000
2025-02-24,371817.060000,358891.960000,306644.420000,294133.560000,185908528.720000,179445980.700000,153322207.750000,147066778.750000
2025-02-25,367524.500000,354497.590000,302405.380000,293939.350000,183762250.630000,177248795.270000,151202687.560000,146969673.710000
2025-02-26,369660.810000,356129.090000,301646.130000,293713.820000,184830405.150000,178064546.630000,150823064.370000,146856907.770000
2025-02-27,370166.740000,356195.160000,300716.910000,294954.550000,185083368.340000,178097582.320000,150358454.720000,147477276.330000
2025-02-28,369742.180000,355933.140000,301649.370000,296159.910000,184871092.410000,177966567.970000,150824685.150000,148079956.090000
2025-03-03,369445.950000,354924.490000,297641.140000,295556.870000,184722974.160000,177462243.970000,148820570.140000,147778436.840000
2025-03-04,363636.810000,349328.150000,292937.320000,293413.080000,181818402.730000,174664075.230000,146468659.630000,146706541.130000
2025-03-05,364124.070000,350437.670000,296861.420000,291470.410000,182062036.790000,175218836.870000,148430708.590000,145735206.870000
2025-03-06,359323.880000,345026.390000,288610.750000,288716.940000,179661941.340000,172513192.890000,144305375.890000,144358471.500000
2025-03-07,359115.070000,344784.870000,288514.580000,289239.930000,179557534.840000,172392433.280000,144257291.080000,144619965.070000
2025-03-10,352015.220000,337477.640000,279641.010000,286806.860000,176007611.060000,168738819.690000,139820505.880000,143403431.580000
2025-03-11,349911.880000,335159.040000,276476.650000,284641.370000,174955941.100000,167579520.090000,138238322.980000,142320686.170000
2025-03-12,354379.750000,339261.920000,279165.550000,285089.340000,177189873.530000,169630961.660000,139582775.780000,142544668.720000
2025-03-13,354138.340000,338881.520000,278169.400000,286487.540000,177069168.470000,169440759.880000,139084698.750000,143243771.990000
2025-03-14,359631.540000,344162.940000,282898.420000,288897.350000,179815772.190000,172081468.180000,141449207.830000,144448673.520000
2025-03-17,361617.980000,346483.180000,286831.020000,289590.000000,180808990.370000,173241587.640000,143415509.900000,144794999.180000
2025-03-18,361165.150000,345652.990000,284287.040000,289992.000000,180582576.500000,172826496.790000,142143520.830000,144995999.530000
2025-03-19,363256.390000,347994.900000,287713.530000,290775.880000,181628194.930000,173997452.240000,143856764.220000,145387938.880000
2025-03-20,362953.930000,347693.760000,287428.250000,291490.050000,181476965.650000,173846878.860000,143714125.890000,145745026.230000
2025-03-21,363619.890000,348540.200000,289075.370000,291574.740000,181809944.510000,174270102.100000,144537682.810000,145787368.200000
2025-03-24,366457.290000,350728.590000,288591.990000,291099.880000,183228645.810000,175364297.260000,144295993.680000,145549939.030000
2025-03-25,365752.980000,349606.150000,285871.390000,291092.810000,182876491.940000,174803076.830000,142935693.480000,145546406.570000
2025-03-26,364637.560000,348857.770000,286777.660000,291906.250000,182318777.690000,174428886.450000,143388830.060000,145953123.660000
2025-03-27,362813.280000,347211.170000,285981.140000,291465.600000,181406638.570000,173605586.590000,142990568.800000,145732798.860000
2025-03-28,358866.700000,343435.650000,282659.030000,291404.510000,179433351.300000,171717826.460000,141329515.510000,145702256.280000
2025-03-31,357014.590000,341195.500000,278831.280000,291388.750000,178507293.390000,170597748.020000,139415641.390000,145694373.730000
2025-04-01,359750.390000,343526.950000,279528.140000,292592.850000,179875193.520000,171763476.550000,139764069.500000,146296423.220000
2025-04-02,359009.630000,342634.960000,278025.650000,291257.350000,179504815.840000,171317481.420000,139012825.710000,145628674.760000
2025-04-03,345070.510000,329020.900000,265749.450000,286034.100000,172535256.080000,164510448.340000,132874726.760000,143017048.030000
2025-04-04,330165.430000,314551.120000,251848.420000,280020.790000,165082713.310000,157275558.160000,125924211.050000,140010395.040000
2025-04-07,326166.080000,310103.620000,245270.380000,276594.450000,163083041.490000,155051807.770000,122635187.890000,138297226.130000
2025-04-08,333243.440000,317223.550000,252552.030000,280026.410000,166621721.870000,158611776.880000,126276015.160000,140013207.270000
2025-04-09,331371.430000,315647.840000,252473.100000,276828.850000,165685717.140000,157823918.090000,126236547.930000,138414427.450000
2025-04-10,337401.500000,321282.040000,256256.820000,279174.150000,168700747.580000,160641021.560000,128128409.060000,139587072.660000
2025-04-11,338300.430000,322977.120000,261090.480000,278344.810000,169150212.560000,161488559.440000,130545238.360000,139172403.660000
2025-04-14,342217.610000,327283.030000,267496.730000,280329.910000,171108807.400000,163641515.390000,133748366.250000,140164955.220000
2025-04-15,344404.960000,329008.600000,267346.100000,281079.550000,172202480.040000,164504302.050000,133673049.380000,140539776.040000
2025-04-16,342289.540000,326481.930000,262976.480000,282243.420000,171144769.480000,163240962.850000,131488241.300000,141121710.980000
2025-04-17,341413.050000,325973.100000,264134.490000,282042.680000,170706526.800000,162986551.160000,132067244.490000,141021341.790000
2025-04-22,341744.780000,326424.100000,264879.820000,281294.810000,170872390.340000,163212048.630000,132439907.550000,140647404.530000
2025-04-23,347708.920000,332744.000000,273042.330000,282481.030000,173854457.740000,166371999.090000,136521165.330000,141240513.550000
2025-04-24,352862.390000,337978.970000,278524.640000,284130.650000,176431195.200000,168989484.440000,139262321.920000,142065324.630000
2025-04-25,353088.850000,337676.200000,276357.540000,283146.780000,176544422.690000,168838098.350000,138178768.310000,141573387.740000
2025-04-28,352833.010000,337655.910000,277439.380000,283061.510000,176416504.170000,168827955.400000,138719690.370000,141530756.650000
2025-04-29,354106.040000,339057.070000,279279.830000,283525.420000,177053019.910000,169528534.410000,139639912.660000,141762711.570000
2025-04-30,354246.360000,339206.760000,279468.380000,284701.640000,177123182.030000,169603380.730000,139734190.470000,142350822.080000
2025-05-01,355955.290000,341194.350000,282433.830000,283929.400000,177977644.800000,170597177.490000,141216913.470000,141964698.570000
2025-05-02,361437.370000,346832.080000,288991.800000,284788.800000,180718687.340000,173416041.410000,144495902.290000,142394397.980000
2025-05-06,357409.460000,342252.800000,281312.560000,284262.360000,178704730.930000,171126399.240000,140656279.420000,142131180.800000
2025-05-07,357043.440000,342005.960000,281335.940000,285072.100000,178521719.040000,171002981.350000,140667970.230000,142536051.630000
2025-05-08,361948.800000,346779.850000,285569.930000,285212.320000,180974398.090000,173389922.590000,142784964.730000,142606158.790000
2025-05-09,362432.220000,347134.810000,285494.610000,285224.690000,181216109.240000,173567403.140000,142747304.270000,142612342.900000
2025-05-12,367884.470000,352337.830000,289472.650000,284617.870000,183942237.020000,176168913.220000,144736327.300000,142308934.240000
2025-05-13,372970.470000,357289.330000,294017.430000,284352.100000,186485233.450000,178644665.390000,147008713.330000,142176050.730000
2025-05-14,371284.080000,355594.950000,292148.380000,281935.870000,185642040.630000,177797472.940000,146074189.230000,140967932.800000
2025-05-15,372153.440000,356385.760000,292635.910000,283589.230000,186076719.730000,178192878.570000,146317953.840000,141794615.620000
2025-05-16,372125.070000,356193.140000,292071.230000,284060.090000,186062533.130000,178096570.670000,146035615.250000,142030043.920000
2025-05-19,370210.690000,354252.620000,290073.380000,282497.850000,185105343.490000,177126309.250000,145036690.200000,141248926.980000
2025-05-20,372343.330000,356926.450000,294671.300000,283543.830000,186171664.650000,178463226.860000,147335652.440000,141771913.480000
2025-05-21,371119.060000,355466.800000,292090.750000,281901.830000,185559531.430000,177733399.390000,146045376.650000,140950914.080000
2025-05-22,369151.930000,353805.900000,291777.750000,281129.840000,184575962.550000,176902947.920000,145888872.800000,140564920.250000
2025-05-23,369655.620000,355828.360000,300083.580000,281611.430000,184827809.020000,177914179.360000,150041789.770000,140805714.240000
2025-05-27,371894.130000,358353.550000,303580.580000,282340.540000,185947064.420000,179176773.840000,151790288.580000,141170270.270000
2025-05-28,372741.980000,359051.190000,303635.500000,282458.480000,186370990.300000,179525593.680000,151817749.410000,141229239.650000
2025-05-29,372491.730000,358572.480000,302212.140000,282696.440000,186245865.990000,179286239.200000,151106068.790000,141348219.210000
2025-05-30,371952.880000,357734.550000,300754.610000,283380.690000,185976440.370000,178867274.660000,150377303.030000,141690343.770000
2025-06-02,373647.530000,359340.480000,301916.480000,282876.190000,186823765.900000,179670242.400000,150958240.020000,141438096.230000
2025-06-03,377015.770000,362424.440000,303713.580000,283531.700000,188507882.600000,181212219.020000,151856789.720000,141765848.220000
2025-06-04,377221.600000,363005.910000,305534.770000,283440.510000,188610797.900000,181502953.250000,152767382.580000,141720253.490000
2025-06-05,375745.920000,361371.150000,302871.340000,282743.770000,187872961.770000,180685573.510000,151435669.430000,141371886.410000
2025-06-06,378223.730000,363992.840000,306428.520000,283189.010000,189111862.970000,181996418.530000,153214259.820000,141594504.280000
2025-06-09,379152.000000,364502.040000,305348.860000,282680.700000,189575999.560000,182251019.330000,152674429.460000,141340349.380000
2025-06-10,380578.740000,365653.400000,305343.140000,283689.590000,190289370.830000,182826701.420000,152671567.820000,141844796.920000
2025-06-11,382444.200000,367169.830000,305428.190000,283460.970000,191222100.560000,183584914.230000,152714095.400000,141730484.270000
2025-06-12,383563.400000,368600.070000,308179.770000,284538.230000,191781702.360000,184300036.960000,154089886.400000,142269115.550000
2025-06-13,381745.870000,365779.960000,301398.250000,283492.040000,190872933.060000,182889981.770000,150699123.840000,141746018.690000
2025-06-16,384426.190000,368761.690000,305548.370000,283958.030000,192213097.100000,184380845.010000,152774184.290000,141979016.280000
2025-06-17,385117.260000,368960.190000,303569.930000,285017.090000,192558631.330000,184480096.250000,151784964.440000,142508545.360000
2025-06-18,386708.450000,370360.750000,304271.640000,286566.260000,193354226.550000,185180376.440000,152135818.140000,143283128.300000
2025-06-19,385799.680000,369433.240000,303549.120000,286569.880000,192899840.710000,184716618.160000,151774562.370000,143284938.260000
2025-06-20,384314.370000,367912.390000,301653.300000,285580.040000,192157184.440000,183956194.790000,150826647.950000,142790020.890000
2025-06-23,384503.520000,367647.160000,299633.140000,286089.140000,192251761.090000,183823580.730000,149816567.620000,143044571.190000
2025-06-24,384470.780000,368848.060000,305587.390000,284041.050000,192235391.610000,184424028.400000,152793692.690000,142020525.570000
2025-06-25,384593.570000,368829.210000,304708.620000,283476.580000,192296784.650000,184414606.000000,152354310.360000,141738292.410000
2025-06-26,384482.310000,369019.820000,306104.010000,282500.890000,192241155.730000,184509907.500000,153052005.340000,141250446.080000
2025-06-27,384875.110000,370004.890000,309245.340000,282941.090000,192437553.020000,185002444.740000,154622669.530000,141470544.690000
2025-06-30,385504.980000,370635.360000,309935.980000,283506.990000,192752488.820000,185317680.790000,154967991.720000,141753496.160000
2025-07-01,385119.840000,370762.690000,312151.990000,284583.150000,192559917.580000,185381342.720000,156075996.640000,142291575.800000
2025-07-02,388970.790000,374423.380000,314709.390000,285707.680000,194485392.590000,187211689.000000,157354697.130000,142853839.790000
2025-07-03,392880.080000,379689.180000,325573.600000,286358.380000,196440042.130000,189844587.600000,162786801.780000,143179191.840000
2025-07-04,393194.520000,380468.630000,328428.770000,286898.630000,196597259.050000,190234313.600000,164214384.080000,143449313.350000
2025-07-07,392538.770000,379478.270000,326102.080000,285875.970000,196269383.230000,189739136.910000,163051040.280000,142937983.370000
2025-07-08,395056.980000,381790.750000,327559.940000,286822.170000,197528490.970000,190895374.180000,163779971.020000,143411083.200000
2025-07-09,398310.610000,385928.600000,335513.170000,288053.670000,199155306.820000,192964297.530000,167756585.040000,144026833.030000
2025-07-10,401585.610000,389844.640000,341890.170000,289603.550000,200792806.230000,194922319.580000,170945083.320000,144801772.590000
2025-07-11,402022.220000,389309.250000,337188.500000,290036.830000,201011111.980000,194654623.150000,168594247.920000,145018417.240000
2025-07-14,404241.920000,391908.940000,341708.790000,291045.480000,202120961.480000,195954471.970000,170854396.980000,145522741.460000
2025-07-15,406057.450000,393808.600000,343542.000000,291178.640000,203028726.010000,196904301.850000,171771001.170000,145589317.910000
2025-07-16,404190.890000,392749.830000,346096.880000,290636.740000,202095447.030000,196374915.560000,173048441.200000,145318367.500000
2025-07-17,408306.740000,396531.300000,348370.980000,291654.630000,204153369.100000,198265649.830000,174185491.980000,145827314.480000
2025-07-18,408319.170000,396652.210000,348976.890000,292022.920000,204159586.890000,198326106.520000,174488445.040000,146011457.510000
2025-07-21,409137.850000,397546.990000,350000.340000,292356.970000,204568927.450000,198773495.540000,175000170.450000,146178487.240000
2025-07-22,406283.290000,394451.260000,345944.410000,292048.380000,203141646.600000,197225630.890000,172972207.470000,146024189.600000
2025-07-23,406661.160000,395321.610000,349674.530000,291599.610000,203330581.190000,197660807.140000,174837267.340000,145799806.920000
2025-07-24,408655.220000,397357.890000,352035.650000,291926.310000,204327610.300000,198678946.890000,176017822.790000,145963154.860000
2025-07-25,409971.380000,398896.580000,354653.500000,293591.440000,204985688.680000,199448287.900000,177326750.840000,146795719.910000
2025-07-28,411464.950000,400247.860000,355346.920000,293922.170000,205732477.310000,200123927.710000,177673459.170000,146961085.150000
2025-07-29,413572.890000,401205.880000,351424.640000,295570.140000,206786442.850000,200602940.770000,175712320.490000,147785067.830000
2025-07-30,413092.360000,400253.620000,348514.740000,295740.950000,206546177.890000,200126811.470000,174257369.530000,147870475.980000
2025-07-31,414817.040000,401768.010000,349364.890000,296828.020000,207408521.290000,200884006.030000,174682445.300000,148414010.940000
2025-08-01,410101.560000,396498.140000,341490.170000,296459.300000,205050777.540000,198249068.360000,170745084.320000,148229650.850000
2025-08-04,413439.100000,400024.860000,345523.440000,296582.880000,206719549.850000,200012432.370000,172761718.610000,148291440.260000
2025-08-05,413936.950000,400470.620000,346149.330000,296661.370000,206968473.450000,200235309.820000,173074663.350000,148330686.030000
2025-08-06,414046.250000,400227.430000,344794.350000,296044.070000,207023127.160000,200113714.380000,172397173.260000,148022035.100000
2025-08-07,412786.500000,398496.890000,340512.630000,294250.390000,206393251.740000,199248444.930000,170256314.310000,147125192.960000
2025-08-08,412246.780000,397439.790000,337194.790000,293136.850000,206123391.080000,198719893.390000,168597395.500000,146568426.700000
2025-08-11,412757.490000,397702.360000,336355.150000,293678.110000,206378747.140000,198851182.000000,168177576.120000,146839053.090000
2025-08-12,414239.640000,399826.560000,341674.720000,292732.540000,207119820.170000,199913280.350000,170837358.420000,146366269.220000
2025-08-13,414872.490000,401374.510000,347419.690000,293035.890000,207436243.490000,200687256.800000,173709842.520000,146517944.870000
2025-08-14,415833.190000,402720.700000,350549.350000,293463.720000,207916595.810000,201360351.970000,175274674.690000,146731861.060000
2025-08-15,413678.500000,401218.390000,351924.820000,292968.850000,206839251.190000,200609192.860000,175962408.140000,146484424.310000
2025-08-18,413747.420000,401206.570000,351544.720000,293609.880000,206873708.680000,200603283.490000,175772358.240000,146804939.330000
2025-08-19,411441.570000,398608.890000,347506.360000,294215.660000,205720782.810000,199304445.340000,173753181.930000,147107828.670000
2025-08-20,409688.390000,396291.410000,342957.620000,294671.760000,204844194.890000,198145705.160000,171478809.910000,147335882.460000
2025-08-21,411934.820000,398681.060000,346049.930000,295593.880000,205967411.300000,199340531.260000,173024963.970000,147796941.380000
2025-08-22,415052.920000,402152.970000,350970.810000,296277.670000,207526461.520000,201076486.020000,175485405.280000,148138835.230000
2025-08-26,415854.960000,402989.710000,351919.740000,296841.770000,207927479.060000,201494852.580000,175959870.060000,148420885.460000
2025-08-27,415915.580000,403148.660000,352407.780000,297487.000000,207957788.190000,201574331.620000,176203888.330000,148743500.110000
2025-08-28,416651.730000,404096.050000,354311.130000,297913.910000,208325866.910000,202048022.600000,177155565.080000,148956953.540000
2025-08-29,415629.610000,403322.520000,354794.460000,298090.070000,207814806.240000,201661260.120000,177397231.310000,149045033.450000
2025-09-01,416395.840000,403845.970000,354432.560000,298330.440000,208197922.000000,201922983.790000,177216280.550000,149165221.810000
2025-09-02,415726.810000,402748.620000,351263.270000,299825.870000,207863404.640000,201374308.100000,175631634.220000,149912933.930000
2025-09-03,417820.330000,405114.490000,355046.180000,301035.010000,208910167.320000,202557247.020000,177523092.370000,150517506.270000
2025-09-04,418419.180000,405461.740000,354151.660000,301835.940000,209209588.810000,202730871.790000,177075830.240000,150917972.320000
2025-09-05,418818.020000,406752.560000,358797.940000,301472.740000,209409008.970000,203376281.640000,179398970.000000,150736372.450000
2025-09-08,423048.320000,411037.510000,362981.910000,302820.600000,211524157.860000,205518754.160000,181490955.180000,151410299.470000
2025-09-09,423848.700000,411700.020000,363108.310000,302620.590000,211924351.620000,205850011.450000,181554153.410000,151310292.610000
2025-09-10,426288.280000,413782.470000,363717.040000,303544.020000,213144142.100000,206891233.530000,181858517.500000,151772010.750000
2025-09-11,428127.270000,415929.920000,367244.270000,304193.010000,214063636.540000,207964959.830000,183622132.890000,152096505.340000
2025-09-12,429417.020000,417352.070000,369206.010000,304224.130000,214708510.580000,208676037.350000,184603002.660000,152112065.070000
2025-09-15,430238.930000,418221.070000,369965.570000,303935.290000,215119464.410000,209110534.930000,184982783.440000,151967645.720000
2025-09-16,429618.550000,418188.920000,372428.110000,303097.120000,214809275.120000,209094458.340000,186214052.930000,151548560.780000
2025-09-17,429095.220000,417993.160000,373572.840000,303151.090000,214547611.820000,208996578.960000,186786422.160000,151575543.370000
2025-09-18,436609.170000,426256.410000,384769.930000,304844.980000,218304583.200000,213128204.250000,192384964.830000,152422490.420000
2025-09-19,439604.270000,429940.850000,391876.390000,306726.750000,219802132.670000,214970426.120000,195938193.780000,153363374.820000
2025-09-22,442791.000000,433473.520000,396877.130000,307428.660000,221395501.160000,216736761.600000,198438565.470000,153714328.950000
2025-09-23,445598.800000,435669.070000,396030.140000,307992.690000,222799399.350000,217834537.030000,198015068.480000,153996342.640000
2025-09-24,445620.320000,435621.410000,395729.980000,308830.880000,222810161.210000,217810706.560000,197864990.830000,154415439.750000
2025-09-25,445651.440000,435149.170000,392793.070000,309239.260000,222825721.070000,217574584.400000,196396536.450000,154619632.360000
2025-09-26,448077.150000,438093.510000,398473.500000,309616.500000,224038573.710000,219046753.310000,199236751.580000,154808251.280000
2025-09-29,447800.360000,437183.900000,394169.340000,309924.230000,223900178.670000,218591951.450000,197084671.190000,154962114.480000
2025-09-30,447845.340000,437005.630000,393178.110000,309789.980000,223922671.660000,218502814.600000,196589057.040000,154894991.550000
2025-10-01,451417.030000,441027.480000,399944.800000,310876.510000,225708517.090000,220513738.120000,199972398.320000,155438254.920000
2025-10-02,455391.170000,445940.820000,408546.650000,312379.790000,227695585.050000,222970411.550000,204273325.350000,156189897.240000
2025-10-03,458017.230000,449786.640000,417716.200000,313521.610000,229008617.150000,224893319.690000,208858101.220000,156760803.470000
2025-10-06,462478.340000,453825.440000,419555.930000,314714.560000,231239169.790000,226912721.330000,209777962.990000,157357280.710000
2025-10-07,462488.790000,453902.920000,420101.940000,315844.910000,231244395.690000,226951460.360000,210050969.880000,157922454.500000
2025-10-08,468527.760000,460471.660000,428774.430000,318684.150000,234263881.310000,230235830.950000,214387215.910000,159342073.360000
2025-10-09,468664.880000,460504.950000,428177.250000,319575.690000,234332440.590000,230252473.250000,214088623.510000,159787846.150000
2025-10-10,459900.240000,452351.200000,422613.340000,316644.940000,229950120.050000,226175599.020000,211306668.440000,158322471.710000
2025-10-13,463977.640000,456590.340000,427063.800000,317800.330000,231988817.550000,228295168.140000,213531898.390000,158900163.930000
2025-10-14,464915.760000,457446.000000,427466.320000,320126.860000,232457879.390000,228722998.400000,213733160.220000,160063429.000000
2025-10-15,469898.080000,464655.540000,444230.660000,320558.680000,234949039.000000,232327769.700000,222115332.170000,160279341.730000
2025-10-16,471065.250000,465628.880000,443639.440000,320510.770000,235532625.760000,232814440.910000,221819718.440000,160255386.300000
2025-10-17,466174.350000,460178.790000,435500.520000,320007.780000,233087174.840000,230089392.920000,217750258.980000,160003887.690000
2025-10-20,477059.620000,473592.800000,460859.400000,323030.700000,238529810.810000,236796398.600000,230429701.530000,161515348.650000
2025-10-21,472794.370000,468601.690000,453021.740000,322015.570000,236397182.900000,234300842.940000,226510870.370000,161007787.160000
2025-10-22,469399.240000,465369.710000,451119.320000,321256.330000,234699622.100000,232684854.550000,225559658.980000,160628165.610000
2025-10-23,476708.240000,472055.790000,454439.170000,324036.610000,238354117.900000,236027893.940000,227219584.970000,162018305.320000
2025-10-24,478136.470000,473403.730000,455814.090000,324408.060000,239068233.570000,236701862.970000,227907042.660000,162204029.320000
2025-10-27,481741.510000,477717.900000,463383.350000,324221.920000,240870754.720000,238858947.770000,231691672.760000,162110958.210000
2025-10-28,483168.980000,478327.600000,459789.310000,324806.900000,241584492.300000,239163799.340000,229894654.450000,162403450.520000
2025-10-29,489688.850000,484587.770000,464956.790000,326787.240000,244844424.570000,242293886.450000,232478395.780000,163393618.890000
2025-10-30,489910.140000,484730.820000,464750.040000,327483.970000,244955068.930000,242365412.130000,232375018.370000,163741984.580000
2025-10-31,489119.080000,484073.290000,464982.530000,327183.010000,244559539.370000,242036645.970000,232491263.160000,163591504.470000
2025-11-03,489852.320000,484014.160000,461071.280000,326955.120000,244926158.790000,242007080.560000,230535638.040000,163477562.010000
2025-11-04,484411.110000,476942.580000,446006.960000,327425.260000,242205556.340000,238471292.350000,223003480.990000,163712628.670000
2025-11-05,485745.360000,478247.050000,447204.520000,327741.370000,242872682.090000,239123523.200000,223602261.190000,163870685.970000
2025-11-06,478037.200000,469991.500000,436620.730000,326306.120000,239018601.300000,234995751.790000,218310367.260000,163153061.040000
2025-11-07,472841.290000,464178.730000,428359.270000,324313.540000,236420643.660000,232089366.620000,214179634.110000,162156767.540000
2025-11-10,483595.400000,475331.540000,441348.360000,327068.750000,241797699.870000,237665768.090000,220674182.230000,163534375.280000
2025-11-11,484120.610000,475220.270000,438540.560000,327995.480000,242060305.190000,237610136.750000,219270282.000000,163997738.740000
2025-11-12,487490.200000,478807.370000,442456.270000,330647.100000,243745102.380000,239403682.620000,221228132.970000,165323550.000000
2025-11-13,480368.650000,471416.440000,434113.070000,328439.310000,240184326.290000,235708220.780000,217056536.450000,164219654.670000
2025-11-14,478645.590000,469754.200000,432957.240000,327894.070000,239322793.980000,234877100.260000,216478618.930000,163947034.100000
2025-11-17,475552.550000,467033.560000,432008.700000,326729.110000,237776277.120000,233516781.770000,216004350.470000,163364552.900000
2025-11-18,469653.250000,461136.120000,426173.310000,326063.460000,234826624.630000,230568060.370000,213086656.240000,163031729.220000
2025-11-19,471122.950000,462607.180000,427145.980000,327925.680000,235561472.660000,231303590.290000,213572990.280000,163962842.180000
2025-11-20,471492.160000,463329.660000,429460.120000,328504.760000,235746081.840000,231664828.160000,214730057.940000,164252378.010000
2025-11-21,462728.730000,453498.360000,415104.280000,327007.720000,231364365.760000,226749180.980000,207552140.010000,163503860.900000
2025-11-24,469393.680000,460383.600000,422722.810000,328291.140000,234696839.930000,230191800.720000,211361404.690000,164145568.320000
2025-11-25,469085.020000,460484.560000,425006.240000,328105.050000,234542511.070000,230242278.320000,212503121.230000,164052524.730000
2025-11-26,474096.010000,465104.340000,427398.610000,328492.310000,237048003.720000,232552170.530000,213699303.240000,164246154.800000
2025-11-27,473093.890000,464057.940000,426164.820000,328157.730000,236546945.150000,232028967.640000,213082408.420000,164078867.250000
2025-11-28,477007.540000,468202.690000,431138.600000,329179.000000,238503768.460000,234101342.670000,215569298.810000,164589500.050000
2025-12-01,474593.680000,464303.580000,419898.230000,327494.980000,237296840.240000,232151788.190000,209949116.670000,163747488.090000
2025-12-02,475516.630000,464933.060000,419244.110000,327721.570000,237758312.950000,232466529.020000,209622055.570000,163860783.320000
2025-12-03,476610.810000,466856.920000,425010.990000,325491.340000,238305406.750000,233428457.730000,212505493.230000,162745668.570000
2025-12-04,477710.310000,468327.890000,428075.330000,325145.940000,238855154.840000,234163945.570000,214037664.980000,162572969.000000
2025-12-05,478569.580000,469108.350000,428470.990000,325342.530000,239284787.690000,234554175.730000,214235495.860000,162671266.220000
2025-12-08,478400.960000,468819.110000,427527.500000,324390.420000,239200478.990000,234409556.030000,213763749.990000,162195210.310000
2025-12-09,479343.970000,469735.720000,428019.750000,324482.260000,239671985.480000,234867861.270000,214009876.110000,162241128.970000
2025-12-10,480361.850000,471109.140000,431260.250000,324405.840000,240180923.190000,235554571.960000,215630124.590000,162202917.920000
2025-12-11,478995.920000,469991.050000,431383.290000,324120.060000,239497958.560000,234995526.710000,215691646.610000,162060031.140000
2025-12-12,475936.830000,466416.010000,425375.350000,324267.790000,237968412.580000,233208005.320000,212687673.810000,162133894.530000
2025-12-15,475913.450000,465523.290000,420753.590000,324529.010000,237956724.540000,232761642.900000,210376796.370000,162264503.900000
2025-12-16,471745.380000,461582.810000,417806.440000,322767.860000,235872689.350000,230791403.830000,208903222.360000,161383928.410000
2025-12-17,469882.540000,459283.980000,413673.350000,323667.130000,234941269.690000,229641991.670000,206836675.690000,161833567.370000
2025-12-18,475931.080000,464846.540000,416954.690000,325069.240000,237965538.630000,232423269.360000,208477346.590000,162534621.870000
2025-12-19,481630.620000,470972.120000,425065.130000,326430.460000,240815312.150000,235486057.920000,212532563.750000,163215228.710000
2025-12-22,484194.110000,474416.810000,432551.420000,325975.180000,242097056.360000,237208405.080000,216275710.960000,162987590.050000
2025-12-23,484182.520000,474013.950000,430296.610000,325413.680000,242091262.210000,237006973.250000,215148304.130000,162706838.500000
2025-12-24,484154.770000,474219.820000,431450.120000,324694.470000,242077383.870000,237109911.780000,215725060.330000,162347235.050000
2025-12-29,481589.130000,472460.950000,433461.890000,325795.210000,240794563.640000,236230475.210000,216730942.570000,162897605.650000
2025-12-30,482482.150000,472265.960000,428061.750000,326251.190000,241241075.670000,236132977.950000,214030876.180000,163125592.930000
2025-12-31,481372.430000,471573.340000,429518.650000,326267.280000,240686214.980000,235786671.950000,214759326.460000,163133637.660000
2026-01-02,483565.780000,474154.580000,433120.580000,325639.450000,241782890.000000,237077289.390000,216560290.780000,162819725.660000
2026-01-05,491713.460000,482679.750000,442867.110000,327162.010000,245856728.020000,241339876.480000,221433554.130000,163581005.250000
2026-01-06,494416.810000,484013.310000,438011.380000,327740.410000,247208407.240000,242006655.220000,219005687.600000,163870203.510000
2026-01-07,494549.050000,485236.400000,444317.300000,328905.020000,247274524.050000,242618201.530000,222158651.510000,164452509.110000
2026-01-08,492031.660000,482979.970000,443498.760000,329130.020000,246015831.710000,241489987.150000,221749381.590000,164565010.770000
2026-01-09,498285.210000,488314.000000,444264.250000,330613.210000,249142605.180000,244157001.840000,222132124.010000,165306603.410000
2026-01-12,501095.290000,491073.800000,446498.820000,330902.450000,250547646.190000,245536898.760000,223249408.230000,165451227.150000
2026-01-13,504598.920000,494057.030000,446856.170000,332721.090000,252299460.750000,247028516.010000,223428082.530000,166360545.770000
2026-01-14,502809.560000,492761.350000,448222.080000,332747.610000,251404780.440000,246380674.450000,224111038.920000,166373802.810000
2026-01-15,505174.950000,493810.760000,442110.630000,332361.740000,252587477.300000,246905381.220000,221055316.350000,166180869.060000
2026-01-16,505092.010000,494385.460000,445763.180000,331883.880000,252546005.310000,247192727.560000,222881591.350000,165941941.700000
2026-01-19,502266.770000,491751.880000,443957.470000,330086.220000,251133382.610000,245875938.160000,221978736.410000,165043111.810000
2026-01-20,503442.810000,492650.950000,442778.090000,329648.380000,251721406.270000,246325474.710000,221389045.060000,164824190.790000
2026-01-21,506743.910000,495903.790000,444811.900000,330864.180000,253371953.890000,247951893.130000,222405950.350000,165432088.400000
2026-01-22,509757.110000,500783.300000,458106.300000,331338.070000,254878553.400000,250391651.970000,229053152.280000,165669036.110000
2026-01-23,510069.380000,501204.080000,459045.710000,330550.560000,255034687.600000,250602039.510000,229522855.630000,165275281.730000
2026-01-26,505915.320000,496236.840000,450515.630000,328608.840000,252957660.430000,248118420.930000,225257812.780000,164304419.820000
2026-01-27,510062.700000,500660.630000,455936.540000,328931.310000,255031351.750000,250330315.040000,227968269.390000,164465653.240000
2026-01-28,510724.710000,500603.680000,451223.750000,328439.840000,255362353.980000,250301837.580000,225611874.970000,164219921.170000
2026-01-29,509693.510000,499617.060000,450689.210000,329174.830000,254846756.790000,249808531.430000,225344604.590000,164587413.730000
2026-01-30,505968.860000,495681.690000,446646.860000,329178.570000,252984431.720000,247840844.860000,223323428.050000,164589283.300000
2026-02-02,502961.940000,493126.490000,447289.800000,329610.580000,251480968.520000,246563244.410000,223644899.070000,164805291.990000
2026-02-03,505588.250000,495038.860000,445805.740000,329704.320000,252794126.170000,247519431.770000,222902867.550000,164852162.440000
2026-02-04,498690.440000,487397.890000,435376.550000,331391.760000,249345222.460000,243698944.010000,217688275.210000,165695879.450000
2026-02-05,494032.970000,481595.430000,424131.550000,331195.020000,247016482.770000,240797717.180000,212065772.790000,165597510.030000
2026-02-06,502000.620000,489315.780000,430739.170000,332576.270000,251000312.370000,244657888.960000,215369584.690000,166288134.100000
2026-02-09,509735.380000,497773.240000,441909.720000,333852.670000,254867691.370000,248886619.540000,220954858.900000,166926335.620000
2026-02-10,507381.460000,495651.120000,440978.300000,334030.220000,253690730.810000,247825558.380000,220489151.020000,167015111.590000
2026-02-11,510613.970000,497954.320000,439202.750000,335530.270000,255306986.410000,248977161.490000,219601376.490000,167765137.400000
2026-02-12,502917.500000,490433.920000,432612.160000,333910.530000,251458750.590000,245216958.520000,216306079.230000,166955262.760000
2026-02-13,505065.860000,491928.930000,430922.730000,335047.320000,252532927.560000,245964465.220000,215461365.040000,167523661.160000
2026-02-16,505330.510000,492305.610000,432075.520000,335679.640000,252665253.940000,246152805.580000,216037762.160000,167839819.400000
2026-02-17,505993.250000,492285.740000,429453.020000,337346.040000,252996627.190000,246142872.280000,214726511.330000,168673021.140000
2026-02-18,514433.720000,500162.100000,434580.240000,339793.920000,257216857.820000,250081048.430000,217290119.930000,169896959.360000
2026-02-19,516487.570000,502698.990000,439346.040000,341138.630000,258243783.960000,251349494.740000,219673017.560000,170569315.270000
2026-02-20,518190.990000,503979.260000,438567.590000,341469.240000,259095496.040000,251989628.270000,219283795.200000,170734618.040000
2026-02-23,518183.290000,503366.730000,434793.890000,342111.400000,259091643.200000,251683363.010000,217396946.940000,171055698.670000
2026-02-24,518807.730000,504698.570000,439072.630000,341939.280000,259403867.310000,252349285.370000,219536315.710000,170969637.850000
2026-02-25,527487.680000,514246.610000,452391.660000,344727.580000,263743838.370000,257123303.270000,226195830.380000,172363791.410000
2026-02-26,527233.110000,514359.320000,454803.990000,346093.350000,263616554.570000,257179657.850000,227401995.290000,173046675.060000
2026-02-27,529145.410000,515620.070000,453427.300000,348528.060000,264572705.040000,257810034.820000,226713648.380000,174264030.090000
2026-03-02,532681.740000,518975.930000,455891.280000,347182.640000,266340867.850000,259487965.000000,227945638.040000,173591321.700000
2026-03-03,523006.770000,508827.910000,444686.740000,342742.370000,261503383.020000,254413954.130000,222343370.500000,171371184.650000
2026-03-04,527018.210000,512706.400000,448266.090000,343694.700000,263509106.250000,256353197.810000,224133044.220000,171847347.780000
2026-03-05,524345.760000,509947.260000,445541.190000,342436.810000,262172880.090000,254973631.280000,222770593.480000,171218403.150000
2026-03-06,525894.470000,510840.420000,443741.230000,341508.230000,262947235.720000,255420208.820000,221870615.080000,170754112.730000
2026-03-09,526344.360000,511314.020000,445346.750000,341425.760000,263172178.880000,255657009.400000,222673376.640000,170712880.420000
2026-03-10,530233.840000,516266.430000,453407.420000,342941.280000,265116918.170000,258133216.070000,226703709.480000,171470638.260000
2026-03-11,531209.570000,517409.470000,455583.400000,342161.050000,265604786.280000,258704735.360000,227791700.620000,171080525.560000
2026-03-12,529864.720000,514878.790000,448514.700000,342193.210000,264932357.590000,257439395.790000,224257348.450000,171096603.970000
2026-03-13,527548.490000,511857.200000,442303.590000,341767.460000,263774245.370000,255928600.620000,221151794.620000,170883729.190000
2026-03-16,529350.370000,513268.860000,442452.570000,342253.750000,264675183.570000,256634431.540000,221226284.930000,171126875.470000
2026-03-17,531323.560000,515078.680000,443622.440000,343475.750000,265661780.970000,257539341.540000,221811220.680000,171737872.520000
2026-03-18,529587.960000,512988.000000,440127.310000,342103.750000,264793979.950000,256493999.130000,220063655.730000,171051877.050000
2026-03-19,518089.700000,501720.510000,430975.330000,337157.680000,259044852.370000,250860253.790000,215487664.190000,168578841.500000
2026-03-20,512703.010000,496536.630000,426118.080000,334604.470000,256351503.630000,248268312.950000,213059038.350000,167302234.140000
2026-03-23,509478.950000,493885.070000,426712.870000,332695.410000,254739477.160000,246942534.130000,213356433.650000,166347707.160000
2026-03-24,509057.710000,492434.070000,420397.540000,332733.200000,254528854.190000,246217034.140000,210198770.940000,166366600.060000
2026-03-25,515614.200000,499635.520000,429750.870000,335347.010000,257807101.850000,249817761.920000,214875436.090000,167673507.420000
2026-03-26,508416.050000,492740.310000,424985.750000,333634.230000,254208026.660000,246370155.870000,212492872.610000,166817114.610000
2026-03-27,506669.230000,489583.740000,415599.380000,334216.180000,253334614.600000,244791869.070000,207799691.320000,167108087.930000
2026-03-30,507847.680000,490355.880000,415227.120000,338130.480000,253923840.200000,245177939.500000,207613561.900000,169065239.220000
2026-03-31,514661.020000,498134.160000,427338.590000,339910.650000,257330510.340000,249067079.620000,213669293.510000,169955325.450000
2026-04-01,523964.770000,507648.660000,436701.620000,341106.500000,261982384.060000,253824331.010000,218350808.940000,170553247.810000
2026-04-02,524555.120000,508178.290000,437529.380000,342617.350000,262277559.530000,254089146.070000,218764687.600000,171308673.310000
2026-04-07,524287.370000,507349.310000,434164.120000,341447.880000,262143685.160000,253674652.930000,217082060.160000,170723938.690000
2026-04-08,530967.970000,515434.840000,447011.300000,341944.770000,265483983.120000,257717420.140000,223505649.310000,170972384.610000
2026-04-09,532858.510000,516907.380000,446194.270000,342640.150000,266429253.750000,258453688.680000,223097133.370000,171320074.700000
2026-04-10,533609.660000,517037.270000,443009.510000,341703.110000,266804829.130000,258518635.950000,221504756.170000,170851552.920000
2026-04-13,535916.380000,519966.380000,449043.010000,341771.880000,267958190.390000,259983190.270000,224521507.230000,170885939.190000
2026-04-14,537371.130000,522121.850000,453654.800000,340720.560000,268685563.560000,261060926.730000,226827399.740000,170360278.550000
2026-04-15,538869.480000,524083.420000,457459.960000,340229.120000,269434739.560000,262041711.120000,228729978.430000,170114560.340000
2026-04-16,543691.000000,529830.290000,466891.090000,341923.530000,271845499.010000,264915143.960000,233445544.650000,170961767.270000
2026-04-17,547068.100000,534421.640000,476574.660000,343130.570000,273534052.110000,267210821.950000,238287329.200000,171565282.540000
2026-04-20,545684.630000,532661.730000,473340.050000,343275.400000,272842314.710000,266330864.730000,236670025.450000,171637698.190000
2026-04-21,543516.680000,530635.870000,471521.860000,342267.380000,271758338.410000,265317932.510000,235760930.650000,171133689.330000
2026-04-22,549008.920000,537223.200000,482777.510000,343299.130000,274504461.940000,268611599.860000,241388757.110000,171649563.310000
2026-04-23,549097.080000,536021.000000,475285.700000,343294.310000,274548540.210000,268010501.520000,237642849.300000,171647154.180000
2026-04-24,552899.380000,539650.540000,477107.820000,342824.770000,276449691.490000,269825268.240000,238553910.270000,171412385.860000
2026-04-27,548947.080000,535339.070000,471776.970000,340790.080000,274473540.810000,267669536.110000,235888484.270000,170395041.290000
2026-04-28,543941.730000,530099.120000,466529.920000,340846.960000,271970867.080000,265049557.770000,233264958.930000,170423477.820000
2026-04-29,545650.750000,530917.050000,462871.660000,340180.350000,272825373.880000,265458524.350000,231435829.160000,170090173.450000
2026-04-30,550425.060000,536156.720000,470340.530000,339681.430000,275212529.000000,268078357.990000,235170267.230000,169840714.510000
2026-05-01,552044.320000,537640.960000,470732.540000,338922.270000,276022157.680000,268820477.920000,235366271.310000,169461133.430000
2026-05-05,556304.620000,543498.450000,482479.980000,339771.660000,278152308.750000,271749226.970000,241239989.090000,169885828.100000
2026-05-06,563873.820000,550832.750000,487559.920000,340801.340000,281936912.450000,275416376.560000,243779961.080000,170400668.990000
2026-05-07,562472.900000,549715.970000,487563.190000,340461.120000,281236452.290000,274857985.930000,243781597.390000,170230561.840000
2026-05-08,563232.490000,549516.850000,482717.910000,340039.090000,281616247.410000,274758424.490000,241358956.380000,170019542.510000
2026-05-11,571427.950000,559251.190000,498868.550000,340525.450000,285713973.420000,279625592.750000,249434275.040000,170262725.660000
2026-05-12,567395.460000,555228.050000,495942.140000,341994.550000,283697731.350000,277614023.450000,247971071.830000,170997277.480000
2026-05-13,572204.970000,559605.540000,497597.990000,342342.460000,286102486.390000,279802767.660000,248798993.760000,171171231.930000
2026-05-14,577937.380000,566126.470000,507222.060000,344514.510000,288968690.630000,283063236.420000,253611030.360000,172257253.300000
2026-05-15,571796.970000,559010.690000,496703.270000,344601.940000,285898482.980000,279505347.200000,248351635.170000,172300967.680000
2026-05-18,568208.020000,554764.860000,490921.150000,344106.750000,284104008.270000,277382429.330000,245460575.170000,172053372.740000
2026-05-19,564202.830000,550564.690000,486046.020000,342068.200000,282101414.020000,275282342.500000,243023011.310000,171034098.100000
2026-05-20,570909.460000,556738.730000,489224.600000,343059.020000,285454728.940000,278369367.300000,244612301.980000,171529509.550000
2026-05-21,573265.810000,559938.090000,496132.270000,343819.450000,286632903.300000,279969043.300000,248066136.310000,171909725.620000
2026-05-22,577494.210000,564306.550000,500621.920000,344160.780000,288747107.370000,282153274.910000,250310959.260000,172080390.020000
2026-05-26,582460.490000,570134.760000,509421.060000,345312.210000,291230242.560000,285067380.970000,254710532.170000,172656105.890000
2026-05-27,582645.250000,572394.930000,520963.570000,345919.160000,291322623.740000,286197466.010000,260481786.680000,172959580.680000
2026-05-28,587467.050000,576447.950000,521274.830000,346031.100000,293733526.750000,288223974.190000,260637414.080000,173015550.090000
2026-05-29,590848.830000,579568.450000,523598.460000,345974.400000,295424413.380000,289784224.160000,261799228.070000,172987201.390000
2026-06-01,592051.410000,580567.490000,523571.060000,345666.030000,296025707.010000,290283746.320000,261785530.120000,172833014.020000
2026-06-02,592942.950000,579934.190000,515174.960000,345788.200000,296471476.210000,289967092.780000,257587478.820000,172894102.440000
2026-06-03,590227.570000,576047.280000,505613.400000,345701.380000,295113784.920000,288023638.200000,252806698.730000,172850691.040000
2026-06-04,587116.310000,573558.440000,506369.090000,346086.080000,293558155.960000,286779218.980000,253184543.130000,173043038.520000
2026-06-05,573804.070000,558733.130000,486401.230000,345091.320000,286902037.470000,279366567.000000,243200614.590000,172545661.880000
2026-06-08,577903.980000,562907.580000,490664.110000,346108.730000,288951988.970000,281453789.340000,245332053.480000,173054366.670000
2026-06-09,563558.470000,548516.040000,476390.700000,343115.640000,281779235.680000,274258019.780000,238195352.330000,171557822.280000
2026-06-10,559367.090000,543164.280000,466102.710000,342507.910000,279683546.110000,271582140.590000,233051357.420000,171253957.290000
2026-06-11,564874.460000,548554.770000,470818.280000,344327.170000,282437231.250000,274277383.050000,235409139.730000,172163587.310000
2026-06-12,573252.600000,556233.250000,473718.940000,344670.380000,286626300.460000,278116624.550000,236859471.160000,172335191.920000
2026-06-15,581900.030000,565319.900000,483648.240000,345704.610000,290950012.850000,282659948.860000,241824122.420000,172852304.260000
2026-06-16,578360.490000,561641.600000,480007.010000,345710.890000,289180242.940000,280820801.980000,240003507.300000,172855444.640000
2026-06-17,581448.450000,565078.540000,484574.310000,346506.060000,290724224.620000,282539267.760000,242287156.520000,173253031.790000
2026-06-18,585642.480000,569827.060000,490736.970000,348608.930000,292821237.620000,284913528.700000,245368485.370000,174304464.980000
2026-06-19,586940.430000,571406.940000,493971.600000,348754.400000,293470216.810000,285703472.310000,246985798.470000,174377198.320000
2026-06-22,585084.570000,569019.500000,488842.740000,348127.690000,292542285.230000,284509751.760000,244421367.960000,174063845.710000
2026-06-23,575522.780000,559236.450000,479337.810000,348579.170000,287761388.290000,279618225.860000,239668904.440000,174289586.960000
2026-06-24,571375.070000,554654.750000,473431.580000,349998.010000,285687534.190000,277327376.790000,236715790.940000,174999004.680000
2026-06-25,571065.980000,553724.310000,469349.130000,349361.820000,285532991.780000,276862157.050000,234674566.340000,174680909.150000
2026-06-26,569255.090000,552113.360000,469081.240000,349961.060000,284627544.020000,276056678.610000,234540618.280000,174980529.530000
2026-06-29,571345.780000,555544.130000,478536.910000,349630.310000,285672887.600000,277772064.030000,239268453.310000,174815153.740000
2026-06-30,578730.730000,562426.780000,482288.340000,349854.800000,289365366.430000,281213388.350000,241144167.810000,174927398.810000
2026-07-01,576502.160000,560787.710000,483788.110000,348407.180000,288251078.520000,280393857.090000,241894056.470000,174203590.230000
2026-07-02,573292.240000,557831.890000,483553.610000,348355.900000,286646119.290000,278915943.380000,241776804.510000,174177951.860000
2026-07-03,576597.500000,560552.640000,483367.510000,348633.080000,288298749.620000,280276318.920000,241683755.570000,174316538.200000
2026-07-06,577135.800000,560721.580000,481795.770000,348259.210000,288567898.490000,280360791.130000,240897882.880000,174129603.100000
2026-07-07,568220.080000,551899.230000,474956.980000,347041.210000,284110038.960000,275949614.420000,237478488.270000,173520607.100000
2026-07-08,567515.960000,550973.270000,473381.330000,345597.270000,283757982.280000,275486636.260000,236690667.140000,172798633.450000
2026-07-09,574139.520000,557672.060000,478086.380000,345597.500000,287069759.120000,278836029.290000,239043188.720000,172798751.490000
2026-07-10,570951.160000,554489.410000,474672.080000,344397.920000,285475580.800000,277244705.180000,237336038.120000,172198958.940000
2026-07-13,567992.830000,550299.370000,466056.860000,344285.400000,283996416.260000,275149684.470000,233028429.450000,172142699.470000
2026-07-14,572845.090000,554292.740000,465978.270000,344743.850000,286422547.200000,277146368.160000,232989135.920000,172371925.530000
2026-07-15,566391.210000,548752.960000,465266.110000,343203.140000,283195604.180000,274376479.530000,232633054.000000,171601569.570000
2026-07-16,562081.870000,542851.850000,453000.420000,342574.290000,281040934.050000,271425925.930000,226500209.250000,171287145.340000
2026-07-17,558672.020000,538953.080000,447699.160000,343130.640000,279336008.180000,269476541.160000,223849581.320000,171565319.890000
2026-07-20,561117.470000,540971.420000,447452.340000,342841.260000,280558735.360000,270485712.230000,223726170.940000,171420628.440000
2026-07-21,570088.940000,549841.740000,455071.590000,344236.590000,285044470.860000,274920869.340000,227535797.460000,172118294.480000
2026-07-22,574598.940000,554158.800000,458159.580000,345391.700000,287299471.280000,277079401.890000,229079789.210000,172695851.710000
2026-07-23,570930.800000,550307.010000,454187.750000,345355.970000,285465400.770000,275153507.360000,227093876.640000,172677982.820000
2026-07-24,569214.590000,547986.080000,449878.700000,345826.540000,284607295.180000,273993039.930000,224939348.500000,172913271.670000
2026-07-27,564885.790000,544728.800000,452162.450000,346606.350000,282442893.520000,272364401.450000,226081224.670000,173303176.040000
2026-07-28,559491.630000,539174.930000,446335.270000,347825.430000,279745815.770000,269587462.820000,223167637.440000,173912714.860000
2026-07-29,556460.620000,535547.670000,441138.530000,347743.060000,278230310.250000,267773833.270000,220569265.840000,173871529.720000
2026-07-30,561732.190000,540506.680000,443867.310000,344458.750000,280866094.390000,270253342.210000,221933655.170000,172229375.590000
2026-07-31,560485.530000,539535.030000,444183.130000,343545.520000,280242766.270000,269767513.570000,222091566.870000,171772760.120000
2026-08-03,562480.940000,542424.370000,449975.570000,343847.300000,281240468.160000,271212186.510000,224987784.900000,171923650.260000
2026-08-04,577039.300000,556257.820000,460939.450000,345320.660000,288519649.660000,278128908.440000,230469727.260000,172660331.930000
2026-08-05,578691.810000,557925.130000,462110.810000,345129.260000,289345904.650000,278962565.090000,231055403.330000,172564630.290000
2026-08-06,579768.290000,559080.430000,463478.130000,345883.560000,289884145.500000,279540215.680000,231739062.530000,172941777.670000
2026-08-07,585649.270000,564645.900000,467933.140000,345569.870000,292824632.700000,282322949.150000,233966570.680000,172784935.800000
2026-08-10,585446.370000,564166.080000,467108.580000,345568.160000,292723183.940000,282083038.240000,233554290.120000,172784079.250000
2026-08-11,587329.060000,566771.890000,472241.220000,345176.570000,293664529.090000,283385946.820000,236120608.160000,172588285.430000
2026-08-12,591098.850000,570486.660000,474730.430000,345803.070000,295549423.830000,285243328.670000,237365213.350000,172901537.320000
2026-08-13,592377.050000,571475.460000,474575.360000,345881.420000,296188523.140000,285737728.980000,237287680.280000,172940709.450000
2026-08-14,588489.290000,567719.970000,471491.400000,344228.690000,294244645.140000,283859983.430000,235745702.300000,172114345.210000
2026-08-17,591877.410000,570523.760000,471298.970000,343672.440000,295938704.850000,285261879.310000,235649484.070000,171836220.340000
2026-08-18,585195.390000,564196.600000,468026.030000,343993.810000,292597696.210000,282098298.340000,234013015.960000,171996903.520000
2026-08-19,586219.720000,565971.430000,473101.780000,343738.140000,293109859.070000,282985712.520000,236550891.820000,171869071.610000
2026-08-20,585013.040000,564379.930000,469809.050000,342390.430000,292506520.000000,282189965.000000,234904526.730000,171195217.310000
2026-08-21,588949.100000,568082.980000,472354.540000,342620.520000,294474551.310000,284041491.420000,236177271.690000,171310261.720000
2026-08-24,585646.340000,564819.420000,469342.000000,343125.720000,292823171.940000,282409712.120000,234671001.040000,171562858.640000
2026-08-25,588474.770000,568902.820000,478456.810000,344463.350000,294237385.260000,284451412.260000,239228402.920000,172231677.220000
2026-08-26,587444.660000,566689.420000,471412.020000,344335.790000,293722331.630000,283344710.340000,235706009.930000,172167893.830000
2026-08-27,589524.530000,568534.560000,472149.230000,344283.700000,294762263.530000,284267282.160000,236074613.170000,172141850.210000
2026-08-28,589799.680000,568034.600000,468618.360000,344357.660000,294899838.670000,284017300.770000,234309182.240000,172178832.140000
2026-09-01,582893.980000,561168.990000,462961.910000,343541.810000,291446991.430000,280584494.180000,231480956.780000,171770906.970000
2026-09-02,583378.220000,561278.380000,461492.800000,343875.500000,291689109.160000,280639190.900000,230746402.470000,171937750.140000
2026-09-03,588166.850000,565577.620000,464170.110000,345077.160000,294083424.070000,282788812.030000,232085054.930000,172538578.410000
2026-09-04,588755.790000,566407.230000,465257.340000,344532.010000,294377894.460000,283203614.490000,232628669.210000,172266007.350000
2026-09-07,590352.310000,567775.180000,465763.680000,343772.980000,295176153.840000,283887587.630000,232881841.040000,171886489.820000
2026-09-08,590071.100000,567180.310000,463353.850000,343433.020000,295035547.830000,283590154.690000,231676925.680000,171716512.400000
2026-09-09,588017.160000,565227.410000,461852.710000,342289.130000,294008580.690000,282613706.620000,230926356.670000,171144567.310000
2026-09-10,585101.730000,561533.720000,455539.780000,341491.860000,292550866.640000,280766860.410000,227769889.270000,170745927.760000
2026-09-11,586608.170000,561850.760000,450937.410000,341802.620000,293304087.490000,280925378.490000,225468705.000000,170901309.050000
2026-09-14,579853.670000,553822.580000,439407.900000,342073.290000,289926833.030000,276911289.020000,219703948.250000,171036643.500000
2026-09-15,578440.150000,551792.680000,435060.640000,341763.970000,289220075.140000,275896340.390000,217530318.970000,170881982.530000
2026-09-16,581115.110000,553681.520000,433434.610000,342455.210000,290557554.920000,276840757.640000,216717306.540000,171227606.510000
