,IITU.L,VMID.L,IWQU.L,VWRP.L,CSP1.L,ISF.L,EMIM.L,WLDS.L,SMEA.L,IJPA.L,SMGB.L,XDWH.L,SGLN.L,SSLN.L,BRNT.L,COPA.L,ICOM.L,YCA.L,RR.L,PLTR,SPCX,AZN.L,SHEL.L,HSBA.L,ULVR.L,MSFT,ASML.AS,SIE.DE,BRK-B,IHYU.L,IHYG.L,GHYS.L,IEMB.L,IBTM.L,T36N,T56,DBMG.L,IPWR,VYGR,AL3.AX,ONWD.BR,LTBR,ARA.TO,SLX.AX,NYXH,ALMU,WBT.AX,VUL.AX,IDN,GELN.L,EDIT,SEYE.ST,QSI,CRBU,ALCLS.PA,GUTS,PRME,PRQR,ALMDT.PA,CU6.AX,LAES,IMSR,EMV.AX,SLDP,HYT.AX,MSCL.TO,2498.HK,GFUZ,AXE.AX,MOLN.SW,LIS.AX,GSIT,BIOA,AISP,FTC.L,BTQ,BGO.L
IITU.L,0.051655088485881615,0.01698046952914372,0.024430525397098175,0.024987728928359935,0.028558167977320966,0.010845367671042782,0.022828354022800333,0.023257040995384386,0.017247185339344256,0.01775715799456369,0.06538486443591085,0.007723856055173291,0.001218295374828987,0.011230704969611243,0.0004941883510885566,0.010489914848864164,0.0011033810206010585,0.02503185025896328,0.02925203550376019,0.04807121764146351,0.06953275106553557,0.002209597566097802,0.004049081539919371,0.016418990376308368,-0.005195354487258775,0.029258758513986502,0.05967125233257087,0.03396495092488544,0.0026586355089697807,0.006337971553101382,0.004923615954046249,0.006282830567273998,0.006091419692061925,-0.0008826048927586129,0.0008139970524428814,0.0012210097095920619,0.0028147463854592382,0.03409024642488745,0.01019000332797017,0.013235691790548818,0.01959243083775828,0.04316073500300796,0.011077916472562205,0.02736474030529163,0.014834610893288833,0.023012098813053026,0.028552516270538304,0.029439346746629097,0.017975063941256995,0.005238991663902133,0.02786455806712983,0.03220565913913544,0.042009399061619115,0.02353613325792191,0.04635286836560588,0.03280638573281075,0.02137602569108927,0.017307858159001707,0.03138955156852716,0.020830791666779827,0.027811178703735603,0.0927284767005867,0.0034164450380026906,0.032844012925198174,0.007663159532408988,0.0031824903708486834,0.02017239068328258,0.02157209507583386,0.011154266039788774,0.016025794519989412,0.018691700637048586,0.05000839885647174,0.027321742767098922,0.00704093650616267,0.017209135673143278,0.058755093914919565,0.009920677101426257
VMID.L,0.01698046952914372,0.024120382303192932,0.016846824500358418,0.013800221993150483,0.013254908328868508,0.014589221819292633,0.012873596809564881,0.018363829806496763,0.017019673850449717,0.015119231723342228,0.022930395572934935,0.010933147627511791,-0.0008507094366909133,0.010359589249000841,-0.0020322277889490707,0.00920279138137547,0.0006382151747562154,0.0186049697596925,0.02903326784617892,0.021833401897615783,0.00859333588324173,0.010100384130099452,0.009093081001786185,0.015783066553792476,0.0045290313327234115,0.008728125537926006,0.0305370769811709,0.027569797688912673,0.006579410240742169,0.005162283092093374,0.005578272255295226,0.005879529102196016,0.006275763540985656,-0.0036794935258511957,0.002905119535359369,0.005625360575921692,-0.002248761770903972,0.019394286669833637,0.011463004411665265,0.008444084312634591,0.014725794562029673,0.02512661654524901,0.004763504935763432,0.018918977288463635,0.010315607770367309,0.005441792107506239,0.016899123624227907,0.020224838474869618,0.01329403027652987,0.003794966637414924,0.024321295775167548,0.024189219408596016,0.03703223491813368,0.019468054096021925,0.03583748373552401,0.02278354613915632,0.02220453817385272,0.016216834664318773,0.024194211495689583,0.013804910074901668,0.012337023101214251,0.05141753177245007,0.005417825653553411,0.02489747619775943,0.010166243220528115,0.005400131178469306,0.015338742397745055,0.004797962473177514,0.009700277316309746,0.011485884829265124,0.011020281540463864,0.022084888026014028,0.017492279994393747,0.009557113834824063,0.01364063532284588,0.03971356068832302,0.010800418368310274
IWQU.L,0.024430525397098175,0.016846824500358418,0.028569996244877792,0.016625477973408773,0.017576813708873183,0.013107811338325167,0.013513888160218462,0.018620976238642072,0.016919757459975426,0.02363548689684243,0.032182565110509154,0.020092734582600507,-0.003143595443409507,0.0043642160483991724,0.011173504423488273,0.017294246753406305,0.009192456749964314,0.018478906819405023,0.024268125380445017,0.03400477819688109,0.03106793895343241,0.009482840764332864,0.009616545902440548,0.014096505955686291,0.002524669836712124,0.020383986307686678,0.041921320229694546,0.030515109851459617,0.01574784333200409,0.012356225895655193,0.007749173164557348,0.006303024753445201,0.013454996013489954,-0.004843806456225617,0.0010237759194361928,0.0018541403560680767,0.004520848396761852,0.026624338181649908,0.017493968205276773,0.005371865043642808,0.009630190950740757,0.03305861607756858,0.008253955403066653,0.01539855679679484,0.013262783459559764,0.012657730508161217,0.01175196800624423,0.01770803959341055,0.019691012782089002,-0.0005539187841399291,0.032808881393388195,0.02299149943254633,0.040486868052863376,0.026991209681298728,0.03592795936528699,0.026067565013395508,0.028383883846225557,0.02307464693530234,0.028005472595986312,0.006702446986598533,0.010175663418356136,0.049828740182594276,0.004035968442162077,0.029057608436083286,0.015335412774372505,0.007819620861327028,0.01635123310218556,0.012668736583208318,0.006576746179813968,0.01106382578583457,0.005984147242121337,0.04054113227511277,0.020859961104892716,0.01072120580162363,0.010905195262229267,0.030118117103775027,0.008505119872562838
VWRP.L,0.024987728928359935,0.013800221993150483,0.016625477973408773,0.016982536450060235,0.01808104291135839,0.011076731329570214,0.015720322033026392,0.01808216258808272,0.014982721860167827,0.013636129930854488,0.032254349656640376,0.009406385826356077,0.0007315240424650238,0.0070385456643841885,0.0020292693725601977,0.00809854906921661,0.0015989097107885605,0.01675456029553389,0.022056185175662633,0.024535819500763292,0.0322002533032456,0.007302739976998533,0.00794355238884911,0.014363865403873782,0.0019600089996047866,0.0112785297139883,0.03246601859394736,0.023818558886530564,0.006061570781264216,0.0047366414410459695,0.004180138061795901,0.004650234784290114,0.005151924130480842,-0.0005677977062837711,0.0006577130585470471,0.0010680582053941823,0.0021914563416906476,0.018200198230291235,0.008784423214121161,0.006835597980863292,0.012543837291039348,0.024347322361803987,0.00584143576232438,0.01864290965223809,0.009742806453076304,0.009945322643077799,0.015966499207167324,0.019832724983168803,0.012048476231388352,0.0019855052580533654,0.02083073209328161,0.020717521059869987,0.0300889491508705,0.017179540170526673,0.031240073115439155,0.01732202250375309,0.017922975190413103,0.016287359567996554,0.020033636198383935,0.013483334848525265,0.013841863006320291,0.04723007274051236,0.005030006705530103,0.021599033104472764,0.009258843044602217,0.0028059027172546245,0.014276600041512325,0.010371324611520103,0.007524626663929383,0.008824831671479743,0.011302152504337297,0.029708790774812338,0.013438308728630277,0.005149299030671645,0.01266415083284313,0.032721074717104684,0.009262120617657897
CSP1.L,0.028558167977320966,0.013254908328868508,0.017576813708873183,0.01808104291135839,0.020943801838148566,0.010162150881056077,0.013687879892317466,0.01884603973281392,0.013981067461681054,0.011614205998497856,0.03398081392517307,0.009848187264878487,-0.0008652491044208086,0.004486888208085231,0.003419017086194272,0.004926935015354224,0.001273605042690028,0.016071590907191416,0.02021135287505583,0.026952523110591133,0.03294537178931171,0.006551749117470681,0.007990503305584444,0.012130719986003478,0.0014223129092319582,0.013462894713237111,0.032488689858203815,0.02191620006552393,0.006910225746089486,0.004868177285123134,0.00399131216684726,0.004741170311235762,0.0047689263320813,-0.00014394855076869847,0.00018095429681704733,0.00035022402867189364,0.00255558636982903,0.016996364840860905,0.006208426976017424,0.00727801594598684,0.012401309500309429,0.022118733798603324,0.0026196882819620225,0.020469176979769646,0.007976169981744163,0.007140571714004141,0.016209415177161676,0.02054558127445359,0.011885094318238877,0.002219990847565209,0.01904693222156134,0.020739609758067233,0.027815327063261435,0.01614858288109221,0.029757241540464493,0.015576971628698453,0.015245133400685508,0.014693156587670914,0.019929664081517667,0.013779402727334931,0.013444029591767824,0.03854031085581101,0.004950373493263294,0.018883403465379648,0.009858333500460288,0.0017024479846361536,0.012991888446347515,0.0066180032283283,0.008409980996325147,0.009717841453208684,0.011532971414356672,0.02656654446230229,0.012354228014386041,0.004693846584417844,0.011443379000407601,0.030202368597751078,0.009358409389589588
ISF.L,0.010845367671042782,0.014589221819292633,0.013107811338325167,0.011076731329570214,0.010162150881056077,0.015566771116675978,0.011171532096918176,0.013220431948096646,0.015583453798355969,0.011986915346964918,0.01547880632348863,0.010534433184955309,0.0005237243552809036,0.0071949802051345345,0.004569483421521975,0.010720230194802444,0.003273123032443354,0.014925006819850706,0.025425505952609215,0.008391237785239099,0.0015578425031457746,0.015139176801546906,0.014896646395268987,0.020034313755383955,0.00797626256419105,0.0041232312184560985,0.020516732266898683,0.021270125674101165,0.006721524829352328,0.0038903919906459407,0.0037709406570849606,0.003907519831474803,0.0048596418927022164,-0.0027394775959753374,0.0009611807338421644,0.0018621325095016235,0.0011831591812980554,0.009150473352158527,0.00819917083102787,0.0005458285643337997,0.00915660377754007,0.016497131299550605,0.00337298960086387,0.010329981619105682,0.008750751831898374,0.003277874631102476,0.008524828469923952,0.015197953809268217,0.01044443303515772,0.00247789607385282,0.010965702903732832,0.013935967066621327,0.019756461408130477,0.008895072135154343,0.02314291292653678,0.013281128345283756,0.014188725545263868,0.013408118421015917,0.016661237423713546,0.01104344847410697,0.001924479607078563,0.030311743628352178,0.004251135007104838,0.014033126913334975,0.01197325243767354,0.0047837512188684895,0.010617042817094155,0.0011876843551683375,0.004339528368381349,0.006163427175228434,0.009296284029502298,0.02081981978917732,0.01087150968754148,0.002577433094117595,0.010408390362306265,0.022945065259465307,0.009109466826000676
EMIM.L,0.022828354022800333,0.012873596809564881,0.013513888160218462,0.015720322033026392,0.013687879892317466,0.011171532096918176,0.02935751477611186,0.016076303607839126,0.014771969510091876,0.01605119566944786,0.03854693364891142,0.00431785432128796,0.0076648022138485605,0.014904478640388689,-0.0036843457263676595,0.017974101353669864,0.002371760248377179,0.020501230177630957,0.024839537288847573,0.025194441956639092,0.04640523107084466,0.004001503042438095,0.004646023721320289,0.020747646646687996,-0.00045918977948676846,0.009449456647636927,0.036498815274027624,0.027605466274997763,-2.442809544663894e-06,0.0035888475387699523,0.0032456805749806607,0.003478021732292275,0.005071451612363198,-0.0006134410911675155,0.0011796329021988314,0.0013086017388462296,0.0023184629062201817,0.02704915477504261,0.014619300040106536,0.005856403419014909,0.014805916750726466,0.03819744698296232,0.0175422996091196,0.020481674098588268,0.016504149208803977,0.022457309365849394,0.01919914835260303,0.023364476484684864,0.012326501724414414,0.004160254163244612,0.028292683296840967,0.019029864326902235,0.03861608209074199,0.02235156404206621,0.035608596627972985,0.025106839504609405,0.02681645483405745,0.021087500017229893,0.021787434138208474,0.016812457533011874,0.022465003612513544,0.08903392026846918,0.007282411123429476,0.034700155438892794,0.005324619495124134,0.005998722053124503,0.02384261996657585,0.021963496463831535,0.0081327497629285,0.00808931061196146,0.013934391008622864,0.04253520631901866,0.011508752820234334,0.009602090682050186,0.016748299947169833,0.04934359132811456,0.008351478959834808
WLDS.L,0.023257040995384386,0.018363829806496763,0.018620976238642072,0.01808216258808272,0.01884603973281392,0.013220431948096646,0.016076303607839126,0.024719748592371863,0.017067367454913558,0.016569222834259444,0.03215835717758374,0.011328674902109391,0.00014480712230788474,0.008216746647601275,0.004322012739192763,0.00965936794480713,0.0028651334799960236,0.020218873628765892,0.026103987660324873,0.02796255226813703,0.02533954663644133,0.007697793426111802,0.01119529377129644,0.015461586275855968,0.002227533616728543,0.007816313918941699,0.034050517402763034,0.027703273703538214,0.00832322404192668,0.005982235655358335,0.0053332063491490925,0.005865107093103859,0.006251225237697916,-0.001677879566018071,0.0009084841060697672,0.001783797475107193,0.0014738123698050058,0.023821668389271043,0.014679694242866323,0.007840577340345857,0.016500462166081732,0.035869260373063726,0.0058114658973712485,0.022345403182979492,0.010111894409942698,0.009737362006748237,0.015828882574152717,0.021070751745799265,0.017214902095306666,0.0012504436972920882,0.03432881353824187,0.025612110640426705,0.04973154854744995,0.029151401897751127,0.034832281245400776,0.026460401832443088,0.03289556055935306,0.01946507393749592,0.023652304305187506,0.01349062090231419,0.016429042407251047,0.057664261437641244,0.006127837816206813,0.035406896884459964,0.00929714462124977,0.0005871348802781011,0.016098252366816588,0.011837161409575272,0.009237962914713706,0.010047197511397616,0.011311085887527375,0.032226538489181174,0.018734345537555434,0.00703545649016179,0.012438825460894469,0.038099236589833566,0.011391211022588716
SMEA.L,0.017247185339344256,0.017019673850449717,0.016919757459975426,0.014982721860167827,0.013981067461681054,0.015583453798355969,0.014771969510091876,0.017067367454913558,0.020353402573370923,0.015406542039057603,0.025447862669234066,0.012025207848032099,-4.9533146400238085e-05,0.009901425807790779,-0.001032911410104286,0.011377154094547037,0.0007803603059899241,0.015945463378281594,0.027963396594981052,0.016390474217330434,0.020978220439646512,0.013132206486199418,0.010129671647429,0.019775240928560627,0.00663087404452783,0.007754358889449896,0.033101229016520045,0.0311021330971157,0.008188648369893976,0.00456322306767856,0.005282084552584585,0.005508351694558125,0.00626007828633462,-0.0025686400048039668,0.001235306698256124,0.002047040269335397,0.00013047330627839456,0.01688582338344813,0.012513118676905317,0.005043716307771716,0.014577368582774194,0.023474365749338005,0.004512566261051599,0.014599436892777557,0.010717357509777889,0.007080035704414941,0.012651017198856803,0.019245930201131946,0.013254905220171094,0.0016685095376635672,0.021472410710380245,0.02256935109866727,0.030367984567218353,0.01632428318371618,0.03215094194270146,0.018516665785386174,0.017093379080889926,0.020227434846403672,0.024769464388416013,0.014680754865770248,0.011196673232218818,0.04723999519272011,0.004202332661975608,0.019333294853401024,0.010883183089295867,0.0073554122059343524,0.015012477768513076,0.008624363660729141,0.008174831882891876,0.008227568492395835,0.009676815629654643,0.026600908757047334,0.014705391335445902,0.006153712952936053,0.012849076487239526,0.028924660010786862,0.011129218966387902
IJPA.L,0.01775715799456369,0.015119231723342228,0.02363548689684243,0.013636129930854488,0.011614205998497856,0.011986915346964918,0.01605119566944786,0.016569222834259444,0.015406542039057603,0.03634125299956832,0.029510261729923923,0.016006904048517116,0.00213833933759175,0.007132551316524108,0.004841661182593807,0.020912354762536813,0.007831407530007314,0.018664686243242235,0.02680547012793732,0.0270520265562289,0.039325684230310146,0.007349214603510118,0.0051998604536535875,0.01715254470841304,0.0003848525688253202,0.015757766767990875,0.03789131622437541,0.03196403994390924,0.012915388092548758,0.011475419168955222,0.007355718234929991,0.005253089320925202,0.013323688579357328,-0.003905755721496462,0.0022966437728705793,0.00386002167082386,0.004496477439995273,0.027716202358622925,0.01945266001133452,0.006016242629395605,0.009935748650320587,0.036267171884451936,0.012569269225835424,0.010522932908939037,0.017560316371999143,0.01584632208250194,0.01237419788663825,0.012245891767099082,0.018930679208576842,-0.0024024844962607364,0.03275569886325348,0.01779028025911357,0.04629133123222877,0.027795207842905997,0.03457030577631787,0.0314128657477383,0.03284962297257873,0.025403036634755398,0.025750149379140417,0.003982435558294351,0.024851623556275387,0.06938713079801671,0.007457999536779385,0.033714943511168334,0.006394190088302046,0.00783022531841612,0.01725576195285114,0.03386137750521721,0.0030974802607763867,0.008115717763650353,0.001120155077229288,0.045187582114886445,0.02778486937938327,0.017384345030750634,0.01409274347005561,0.03251945975908958,0.008598097910344804
SMGB.L,0.06538486443591085,0.022930395572934935,0.032182565110509154,0.032254349656640376,0.03398081392517307,0.01547880632348863,0.03854693364891142,0.03215835717758374,0.025447862669234066,0.029510261729923923,0.11125685981076272,0.007716262180896029,0.007167427987130914,0.022691316837114787,-0.0018899423754614175,0.024370072249369497,0.002589450178258611,0.03719894652778745,0.04695789216692325,0.05879525542569117,0.11301495162293448,1.3536665639952874e-06,0.003604091948142845,0.027621593376711648,-0.011365465005766698,0.028179605924450096,0.10504294594575059,0.05405418060557093,0.0001310233004534504,0.008142785737982938,0.006605028799091509,0.008453031820562965,0.00878734004790917,-0.0022684870889598642,0.0026143353126454848,0.004012574633719415,0.003635487971050719,0.0623421654248426,0.0215110248877297,0.012642796002882588,0.02516387755583794,0.07347411451227936,0.02838734033144922,0.035547959366377446,0.02732028354583938,0.0444133624297022,0.04218234375441416,0.03874445413371916,0.023463298830338306,0.004795409299330245,0.04454994787456201,0.044387071021355765,0.07031741344126602,0.03390885195681105,0.06631778449177778,0.05056756807033097,0.040609576206485455,0.024354553704802502,0.042758468587290155,0.028807505887602183,0.05094491126911585,0.17848681196628313,0.003387582352847852,0.06413865981462165,0.013994935946672168,0.005766427839610656,0.032466818294209186,0.04753255192826898,0.01460452473314824,0.021507903433200082,0.024142267800361383,0.08949331165383073,0.03039864802999965,0.01830017096538622,0.026085025997742657,0.0911927806914177,0.011867097370819233
XDWH.L,0.007723856055173291,0.010933147627511791,0.020092734582600507,0.009406385826356077,0.009848187264878487,0.010534433184955309,0.00431785432128796,0.011328674902109391,0.012025207848032099,0.016006904048517116,0.007716262180896029,0.026037413951590562,-0.0039304650891405285,-0.0018946567136610116,0.007725840327852588,0.009532877125397202,0.006900652505338768,0.0071376625998688555,0.011125813500309688,0.011161811984439232,-0.0002630598643712058,0.020531454390348935,0.007148739961024922,0.0069582019529663185,0.007750293058788306,0.007641285077682897,0.017601925605868398,0.016709774937298597,0.014691345665314048,0.009965222567581518,0.005676852643089113,0.0041710205323864085,0.010794149971078894,-0.0027540499516913804,0.0010098913514519298,0.0020140343707683588,0.003593478836279001,0.010618352711069248,0.01563299362299321,0.00013116227209553058,0.005948295714451474,0.010596546731035364,-0.0011531165672597067,0.0032242175031969847,0.010903057691813923,0.0011018488310620461,0.003005786743207226,0.008108613714018364,0.012680333388490122,-0.0027891026763860417,0.027501747844360755,0.011889667824605874,0.02733095037144019,0.022683598095932872,0.028323764068112718,0.024377410071075155,0.02648259059909263,0.023767983881275115,0.017101810335389954,0.0027200786927629055,-0.003382866978329258,0.008621006435304107,0.004841763469473044,0.01204712080208456,0.015622837787354597,0.012254075553635467,0.010018808379530831,-0.008159003830143978,0.003297722828456623,0.008247727435574987,0.002143970571502349,0.02183523819379848,0.01773563871532989,0.0015861450851589716,0.005435647921769474,0.003574504210498821,0.006876578085802908
SGLN.L,0.001218295374828987,-0.0008507094366909133,-0.003143595443409507,0.0007315240424650238,-0.0008652491044208086,0.0005237243552809036,0.0076648022138485605,0.00014480712230788474,-4.9533146400238085e-05,0.00213833933759175,0.007167427987130914,-0.0039304650891405285,0.03467436121656533,0.030698083250398606,-0.0031380682459834965,0.012321723202265562,0.0061295923920685206,0.01167670127543598,0.004275539706957257,0.0010108501362484984,0.0151764025343347,-0.0008102844270132183,-0.004088364331882496,0.002049235338634138,-0.002310439514722028,-9.130766832876558e-05,0.0016135614162184476,-0.00027259017231205814,-0.00791999488157382,-0.001394564399437897,-0.0014752247154271702,-0.0011549569560942643,-0.0008638166344977212,0.004337571746820341,0.003512875305462949,0.006145532408198535,0.0018108677938645545,0.003453381274485343,0.008025338685268023,0.0008200009814516822,0.0015609157039770788,0.02355107555269349,0.01757186628262404,0.0007909441338724675,0.013125617374626301,0.009177007131581386,-0.0006581452460497109,0.006862344943443315,0.0016608623612217304,0.0054592964119082365,0.003930331670945067,0.0017390098798161602,0.015243037737104748,0.0040748948485505535,0.003508502024851007,0.006035777972124038,0.005763424022188185,0.0072948402760639516,-0.004201437875689103,-0.004298008303896586,0.01787811015903795,0.04593390687486161,0.0009500851539289067,0.009339541992992577,0.00301669880345969,0.014171657110910589,-0.0004387041336341814,0.013136191759498917,0.0011887786395177566,-0.0010431045549267614,-0.0009339076062798942,0.017926905679732253,0.016448781824899714,0.00263502885784445,0.006031498169827433,0.08095440378142306,0.0032645982767385306
SSLN.L,0.011230704969611243,0.010359589249000841,0.0043642160483991724,0.0070385456643841885,0.004486888208085231,0.0071949802051345345,0.014904478640388689,0.008216746647601275,0.009901425807790779,0.007132551316524108,0.022691316837114787,-0.0018946567136610116,0.030698083250398606,0.15568030084032605,-0.009034349804681738,0.026328863723567165,0.006864662226291468,0.02920555829789348,0.021280243077397225,0.011083124082964978,0.053376786388469905,0.0004740158633816851,0.001877944443939671,0.010924253082953042,-0.006112164812874729,-0.0012818706843673805,0.025520296976824185,0.013918677385566994,-0.009553933687511442,-0.0047192921966589104,0.0013984246239332374,0.0032587174019916513,-0.0026852890067875536,-0.004866454050550581,0.004075860190272584,0.006838691806305593,-0.0041685610752535025,0.004764836348737282,0.01133669205087083,0.021861959157607955,0.021098729209429352,0.03903885822677302,0.032054635851446654,0.040150700932998495,0.02248293222558225,0.021176716040747744,0.02212425446656199,0.045145911054207385,-0.01355675986161909,0.007156324790891885,0.022950108377119877,0.019829202007162042,0.03316487403747807,0.015229098239605438,0.012304673971743504,0.03461605821014103,0.023986805956181356,0.007757998532663808,0.01629730686152093,0.021506992326098456,0.041488679808229414,0.08528271518686387,0.014368324619630946,0.00825807196895689,0.0036867226539934236,0.022460680300173626,0.02450648502541357,0.012063478627410827,0.012708256213706245,0.013842721176813347,0.01795690013709464,0.004608574056462389,0.032642352675828025,0.02039136708269484,0.02218414209082703,0.10926730960440587,0.0143979585488016
BRNT.L,0.0004941883510885566,-0.0020322277889490707,0.011173504423488273,0.0020292693725601977,0.003419017086194272,0.004569483421521975,-0.0036843457263676595,0.004322012739192763,-0.001032911410104286,0.004841661182593807,-0.0018899423754614175,0.007725840327852588,-0.0031380682459834965,-0.009034349804681738,0.1428934872592784,0.01939246542569259,0.05318298336777082,0.016342998257866538,-0.00950530960035291,0.014067473807962735,-0.041814866886864796,-0.0016741301855117993,0.05940792868423163,-0.0049008376344832644,-0.007756407603760499,0.003692528872817383,0.001178864401350475,-0.007695553531338018,0.012355809150266468,0.009671958101059731,0.002085538171134122,0.0010059886280789397,0.006071927980963054,-0.00607902367038025,-0.00821405124031124,-0.014760100716985332,0.019117921010410193,-0.002092059303983527,-0.005890687638902083,-0.0032227407706629397,-0.010235911359951656,0.005751849355594727,-0.0053749541875857156,-0.005588900325126409,-0.00639497485661082,0.03047832410544185,-0.021004555697515942,0.0005787937399464191,0.018515346880473682,-0.010118692565338365,-0.023433322697737707,-0.0006692886623040233,0.006191860059793835,-0.014766337065724491,-0.0042161643866989226,-0.037095589570584175,0.006127060426297545,-0.014139953091519875,0.0030758546685753043,-0.006981309887224688,0.00706138194499136,-0.07610603008490763,-0.0015058069174975466,0.015629272391418238,0.023572470079723185,0.01961962960515072,-0.002964878639346586,-0.0020813447931600816,0.0026685448526111094,-0.00441091990559671,-0.02034584544524717,0.0016914108521094593,-0.04378508783041657,-0.0014791808878197978,-0.00548451709390819,-0.07560516859818697,0.004158717620114211
COPA.L,0.010489914848864164,0.00920279138137547,0.017294246753406305,0.00809854906921661,0.004926935015354224,0.010720230194802444,0.017974101353669864,0.00965936794480713,0.011377154094547037,0.020912354762536813,0.024370072249369497,0.009532877125397202,0.012321723202265562,0.026328863723567165,0.01939246542569259,0.07226108051578305,0.021811155658800655,0.023673503521403103,0.016457640569561813,0.02209494163461021,0.026055199289867808,0.002328983547185953,0.011596215281905747,0.018935762313529524,-0.005170147883035077,0.010906335326706084,0.028648873105781326,0.02841326328796827,0.006543840254105299,0.008075914099651405,0.004394804914783223,0.0026856973337614333,0.009615335479554645,-0.00628353232067899,0.0007495555937574867,0.000677144197432496,0.005059163173332784,0.02875565437869365,0.015868347828380674,0.009311180050072105,0.002291996984371966,0.04980325640620838,0.02909342317286822,0.0022974168925920906,0.01697569173004504,0.0331835428081992,-0.005581406935746134,0.020400846023318164,0.008572347534129623,0.005429994175026994,0.01999891550208241,0.01210698895984736,0.03714737233094313,0.018960832935325776,0.026438728131673105,0.01981782709402539,0.042725624693034016,0.023017062124159618,0.009750579364578476,0.0062875706208980475,0.01139161243196321,0.08429947712990056,0.0037625273917684934,0.028287572686533667,0.015582506867759019,0.006541908564418529,0.013901648664105336,0.02871410822142788,0.00020780188670589504,0.0069521114088571066,0.011573476021736837,0.06075645079558842,0.021758624968561888,0.01670783713955106,0.01677110587046068,0.07437866715582356,0.00978544977180296
ICOM.L,0.0011033810206010585,0.0006382151747562154,0.009192456749964314,0.0015989097107885605,0.001273605042690028,0.003273123032443354,0.002371760248377179,0.0028651334799960236,0.0007803603059899241,0.007831407530007314,0.002589450178258611,0.006900652505338768,0.0061295923920685206,0.006864662226291468,0.05318298336777082,0.021811155658800655,0.03263198666436568,0.012281856637859327,-0.0031563662316798947,0.009808265175443556,-0.008523753376874825,-0.0005589253104140051,0.02192474002994701,0.0007817203070727692,-0.004785052908982358,0.0064180464732403065,0.004535574805461168,0.0011703416733360272,0.007851789316415246,0.007043838684276713,0.0019793581248314404,0.0006199556984051292,0.005995471275234331,-0.0034956936154456214,-0.0028674839130395434,-0.005411413060510564,0.010195218262000386,0.007712403645365297,0.0018572606044557592,0.0004108386599686897,-0.002708158848526105,0.016097993960322778,0.005731953663249892,-0.004014425891515926,0.008914075814530416,0.0174431133204457,-0.01132722014966048,0.00577120500721972,0.011414468794215598,-0.004087013732284174,-0.00044494767538151727,-0.0009711941639812933,0.012926823248419681,0.0019279263597986604,-8.07656974246861e-05,0.0004464624883929073,0.011547873334728067,0.001985042361993829,0.004353196902892031,-0.0008196830705210531,0.00887031117754968,-0.003532218922214457,0.0005507646975522552,0.012881472455055734,0.014259556195552577,0.016556925492957304,0.004511284192623685,0.006318710069380975,-0.0007877459421854469,-0.005232460221115407,-0.006341578398144466,0.019972842799309422,-0.004970456900774373,0.0026388862369011476,0.0008589535792453728,-0.010571107479231106,0.0007666431588582777
YCA.L,0.02503185025896328,0.0186049697596925,0.018478906819405023,0.01675456029553389,0.016071590907191416,0.014925006819850706,0.020501230177630957,0.020218873628765892,0.015945463378281594,0.018664686243242235,0.03719894652778745,0.0071376625998688555,0.01167670127543598,0.02920555829789348,0.016342998257866538,0.023673503521403103,0.012281856637859327,0.13338739994097626,0.03280436522993676,0.03763894517363335,0.056988837519375855,0.005616244450357763,0.02154787587691103,0.017957716906688927,-0.0069285250728387485,0.014219292012224962,0.03993634844827275,0.028382992741767837,0.005403107398872315,0.0052404954086286756,0.003863467636468768,0.005268003261712159,0.00471173381063165,-0.0054995553519403256,0.0005030590602388468,0.0002987381723683272,0.004920849173573654,0.027331513890090274,0.02305046791367291,0.011870206803387413,0.0017780059141553686,0.10397661936833041,0.020111211513068425,0.06389031805854985,0.011986822752663773,0.03844597643230151,0.03281467438960349,0.0334184058497174,0.03127306328852622,-0.005114193447313885,0.025666819896538573,0.038096397811137786,0.04607721796167112,0.023948016716175212,0.05838870916521808,0.03568943719823575,0.030364404425081364,0.031446519109908706,0.03537775475729307,0.01886964111128442,0.03896320774051617,0.09127093674194128,0.010101584045312868,0.044187140530210924,0.024536574043383833,0.020801152291232073,0.026814803043917354,0.01119194124066012,0.010243187214546177,0.016800366682001924,0.011287182224292164,0.050884078553628656,0.023956701995501123,0.006799371080721737,0.010237096925683668,0.07706438722299334,0.023376533528959353
RR.L,0.02925203550376019,0.02903326784617892,0.024268125380445017,0.022056185175662633,0.02021135287505583,0.025425505952609215,0.024839537288847573,0.026103987660324873,0.027963396594981052,0.02680547012793732,0.04695789216692325,0.011125813500309688,0.004275539706957257,0.021280243077397225,-0.00950530960035291,0.016457640569561813,-0.0031563662316798947,0.03280436522993676,0.1749794737913589,0.023743452451207743,0.06284058747941942,0.008704300370249657,0.015892248516568452,0.04095910249902251,0.001924660397808066,0.011491850690531083,0.048780873647018747,0.052585014095317614,0.00834911942313665,0.006829173313719008,0.007446376527373133,0.007745137935500415,0.008246628975962202,-0.008495554242978763,0.00013654470201325875,0.0007384975148741757,0.0017196879581266593,0.04106108143384141,0.019111269153705077,0.008554875025008884,0.014068519363239678,0.05672144918927331,0.011929263204363712,0.02484058074476444,0.027246929069959416,0.011784045287272026,0.03436980717911019,0.0183902695339785,0.016432529377097854,0.005478600092831161,0.029366022995320804,0.03387370432220098,0.047026390099711754,0.019850697918662317,0.05581171563495748,0.04419036658626051,0.036187286616139555,0.03569887235155858,0.04801084982207211,0.03419728489481898,0.023782375222595444,0.1300660171200735,0.0050459268878375405,0.039041697985018796,0.022309322064272524,0.006202145290614124,0.02911739061137105,0.020016091271012636,0.006020917511350834,0.017077329362414906,0.012364526630279381,0.05860997247133548,0.04373596498594853,0.01757427946484639,0.03721624001510218,0.11933718533184244,0.018584418595538388
PLTR,0.04807121764146351,0.021833401897615783,0.03400477819688109,0.024535819500763292,0.026952523110591133,0.008391237785239099,0.025194441956639092,0.02796255226813703,0.016390474217330434,0.0270520265562289,0.05879525542569117,0.011161811984439232,0.0010108501362484984,0.011083124082964978,0.014067473807962735,0.02209494163461021,0.009808265175443556,0.03763894517363335,0.023743452451207743,0.45167148108179667,0.26705336183993145,-0.005224222965061081,-5.0420956266224024e-05,0.011931184648503186,-0.01672575419864445,0.08517278089981636,0.06334120983562327,0.03748246219168705,0.03112442659452875,0.016600765456792562,0.010375745568914123,0.008296012855468136,0.015611991089912425,-0.0038621972988736692,0.0030532023749876127,0.004423896563461357,0.0071394589527513565,0.11900098982919538,0.13055309158150136,0.015467294643608853,0.009134833586315096,0.21609875454993613,0.06433780978983383,0.03207269192743807,0.054899811351668465,0.11911800496269345,-0.009698040150542132,0.004539500202308266,0.107358657218427,-0.008804990205237322,0.1808725399740609,0.045729561313265416,0.228019985347648,0.16993455325343637,0.07129717925946605,0.05627837779662302,0.13681256997460164,0.0725820139361025,0.0433531078480649,0.001206004390341772,0.1004159060949924,0.2233638391282169,0.01023489261763826,0.18210434629038574,-0.026311983557912807,0.03626475140849861,0.010418539473308177,-0.00016069528001858049,0.006527196217096189,0.019825455314116294,0.017732797564182827,0.13113454806846175,0.09732060169035552,0.09103412349079201,0.016856930425610962,0.23930152004351923,-0.0033861282937955386
SPCX,0.06953275106553557,0.00859333588324173,0.03106793895343241,0.0322002533032456,0.03294537178931171,0.0015578425031457746,0.04640523107084466,0.02533954663644133,0.020978220439646512,0.039325684230310146,0.11301495162293448,-0.0002630598643712058,0.0151764025343347,0.053376786388469905,-0.041814866886864796,0.026055199289867808,-0.008523753376874825,0.056988837519375855,0.06284058747941942,0.26705336183993145,0.8185926363238047,-0.029676261194027456,-0.06673328122111978,0.03141842208186897,-0.03499925400905978,0.04283480932854097,0.07708741781862505,0.060467107688065125,0.024556323472188574,0.01120518311664174,0.008155755085883164,0.009946081436930546,0.017946646370774012,0.005904578109004976,0.006985144898056167,0.008460448950848262,0.008498740669033113,0.11220905485990339,0.0502255488411237,-0.019978345761309434,0.011179397822903206,0.09747365467948951,0.16876314866741776,0.03302141007319391,0.23104320517166937,0.21429376410315248,0.1554062111932521,0.11386272122500697,0.08004738331635095,0.04505891608279722,0.004973538767615226,0.05913095900476956,0.21183806483398568,0.09452832134483424,0.1136337437828043,-0.015509905519920318,0.033642524093415636,0.05104080550912651,0.11545611715680075,0.08805021247365685,0.15606633275208495,0.30182998489836865,0.04315491131957401,0.16379693923157052,-0.22930488674989746,-0.05465465972587873,0.0751702192050428,-0.07793919447927622,-0.021083094592218223,0.011079546083804098,-0.07894273773494989,0.222621632011273,0.3215681694181436,0.12072613149246939,0.1333102821840264,0.40711188579195745,0.0013289891573540886
AZN.L,0.002209597566097802,0.010100384130099452,0.009482840764332864,0.007302739976998533,0.006551749117470681,0.015139176801546906,0.004001503042438095,0.007697793426111802,0.013132206486199418,0.007349214603510118,1.3536665639952874e-06,0.020531454390348935,-0.0008102844270132183,0.0004740158633816851,-0.0016741301855117993,0.002328983547185953,-0.0005589253104140051,0.005616244450357763,0.008704300370249657,-0.005224222965061081,-0.029676261194027456,0.06208935389934709,0.007936977058490693,0.008998873487583678,0.013879406321182817,-0.0041799027106191435,0.00760444133827988,0.012634430570361083,0.0065958232688279935,0.0029712736816536376,0.0027215730475777596,0.0028187579786221224,0.004042632365904119,0.0010716066954596865,0.002081464809299667,0.004327574392277928,-0.0004820470658964919,-0.009407725027958593,0.012201176170919908,-0.0034823972881955143,0.002986665530265114,-0.00448608197729782,-0.005670342860424974,-0.0007799380118848369,0.004800491048548113,-0.010510990255301028,0.0027205382924362738,0.009808913748503859,-0.0014314345153593018,0.0012935148588340056,0.004752319128055058,0.007428227838965437,0.002925061361044756,0.0007915697798875011,0.027971896593743148,0.01056544184825152,0.012482398219878923,0.01799977363568168,0.014840488675346972,0.014325621907142653,-0.00606314418241361,-0.005930511692143174,0.009091204559427286,-0.0009417685190390072,0.00807297611684283,0.006368261181795384,0.01282540159029043,-0.019052464375698117,-0.002154650965941183,0.008391198243091806,0.005405463384545458,0.002579509038313809,0.008719871779512531,-0.008818065316946554,0.003566054017127023,-0.019124574658993247,0.002526529301894081
SHEL.L,0.004049081539919371,0.009093081001786185,0.009616545902440548,0.00794355238884911,0.007990503305584444,0.014896646395268987,0.004646023721320289,0.01119529377129644,0.010129671647429,0.0051998604536535875,0.003604091948142845,0.007148739961024922,-0.004088364331882496,0.001877944443939671,0.05940792868423163,0.011596215281905747,0.02192474002994701,0.02154787587691103,0.015892248516568452,-5.0420956266224024e-05,-0.06673328122111978,0.007936977058490693,0.06376253902848786,0.014156477143039884,0.0024348791095188246,-0.0024337943792643486,0.008538086915859656,0.007358710319848173,0.009564339473003537,0.003956688629776482,0.00220288790852988,0.0023294372315397797,0.0021132226589588485,-0.005615960083111519,-0.005340481329084096,-0.009114128935077539,0.00936179071250224,-0.0010496511262435176,-0.0019717892856178218,-0.0038266536936351087,-0.0025263283893237672,0.00634742511724364,-0.008457448939815768,0.008458236232933444,-0.007558667123147011,0.007411281961641468,-0.004243475346793583,0.008025247994043255,0.01366353729669706,-0.003044113957746942,-0.013041674589778842,0.0035435318357984425,-0.003095220858973855,-0.0076173568690241925,0.00999346259383539,-0.02617284843940542,0.003274156329020731,-0.0020083938724397006,0.013326442881690045,0.003742069932931896,-0.004366933580836023,-0.029393987403543043,-0.0006238158497692966,0.0048571602495696455,0.022812807897775435,0.0057900034620409525,0.001279060178069643,-0.0126652962648246,0.005873438881508662,-0.0010299188988895788,-0.00010396050971701347,0.01859594848155188,-0.026523225849258196,-2.3510750831964328e-05,0.004462651314194628,-0.01901748216207453,0.007076896488420031
HSBA.L,0.016418990376308368,0.015783066553792476,0.014096505955686291,0.014363865403873782,0.012130719986003478,0.020034313755383955,0.020747646646687996,0.015461586275855968,0.019775240928560627,0.01715254470841304,0.027621593376711648,0.0069582019529663185,0.002049235338634138,0.010924253082953042,-0.0049008376344832644,0.018935762313529524,0.0007817203070727692,0.017957716906688927,0.04095910249902251,0.011931184648503186,0.03141842208186897,0.008998873487583678,0.014156477143039884,0.06369155593073043,0.0031205247016465624,0.006438220030340709,0.030462165787648935,0.032047139497889544,0.006169621218348072,0.003683996377832544,0.0032062038291564886,0.003183588637249774,0.004413362395537132,-0.004776988659881387,-0.000922160508714063,-0.0017906004804565032,0.004366976080809953,0.012391303056510003,0.01879305610779887,0.00390494877605984,0.009489999568691487,0.027953447316446903,0.006950892511899303,0.017723270013901758,0.012928437523565973,0.008561848614940363,0.02020445994510006,0.020778553899803397,0.015923053050833434,0.003969982960286796,0.014591036939393946,0.01883638063118695,0.020927282086794594,0.004898905412212112,0.02408835586950251,0.03172543982799966,0.022046181080804382,0.014630127781841524,0.01524398308266313,0.017192448915896358,-0.0021774709442332085,0.06841850502528678,0.003916055117337407,0.021504459741314284,0.014416674822388106,0.016352146669321208,0.026375134506055338,0.002640397885533166,0.00369927527909959,0.007645767267760069,0.02276572113635976,0.035980403643118164,0.021141014215902268,0.016989469235317974,0.013377643823411955,0.05466813127664773,0.01421020483020843
ULVR.L,-0.005195354487258775,0.0045290313327234115,0.002524669836712124,0.0019600089996047866,0.0014223129092319582,0.00797626256419105,-0.00045918977948676846,0.002227533616728543,0.00663087404452783,0.0003848525688253202,-0.011365465005766698,0.007750293058788306,-0.002310439514722028,-0.006112164812874729,-0.007756407603760499,-0.005170147883035077,-0.004785052908982358,-0.0069285250728387485,0.001924660397808066,-0.01672575419864445,-0.03499925400905978,0.013879406321182817,0.0024348791095188246,0.0031205247016465624,0.03992095985494777,-0.005216199466765362,-0.008242580363137873,0.000267056335750239,0.005986706099310425,0.0009516061508160899,0.0017386108649390171,0.0009825789391367488,0.0018336713667692192,0.0010494866396607658,0.00047847150354182673,0.0011417029171236846,0.0003276487629742314,-0.01710591132501596,-0.004461389748015078,-0.008344626094806958,0.006773107696970788,-0.018052751856864654,-0.006722081950470658,-0.0036907944391622568,-0.0054843482736660525,-0.021436127050411164,-0.005174599431376039,0.0038621139370095957,0.0009338784708835966,-0.0017983244458938097,-0.002795767492390849,-0.004768000940910169,-0.010940463610004158,-0.006813480616676072,-0.007161114861309936,-0.016549733321290692,-0.0036350949904362766,-0.0014816449910753794,-0.003622345135069415,-0.0016901980962649825,-0.01837716992848249,-0.028873400912150286,0.0034743375172133226,-0.014782698450137355,0.0015681763167500677,0.002163430448668332,-0.0052963656791706025,-0.006321707420207273,-0.001494066837619603,0.001944111427582327,0.005739124074353329,-0.013366838587481368,0.005073730921466565,-0.01650782811727826,-1.4151445687601134e-09,-0.047482849256141796,0.004680838354721233
MSFT,0.029258758513986502,0.008728125537926006,0.020383986307686678,0.0112785297139883,0.013462894713237111,0.0041232312184560985,0.009449456647636927,0.007816313918941699,0.007754358889449896,0.015757766767990875,0.028179605924450096,0.007641285077682897,-9.130766832876558e-05,-0.0012818706843673805,0.003692528872817383,0.010906335326706084,0.0064180464732403065,0.014219292012224962,0.011491850690531083,0.08517278089981636,0.04283480932854097,-0.0041799027106191435,-0.0024337943792643486,0.006438220030340709,-0.005216199466765362,0.08598189403871759,0.03331350016475743,0.020003590657150405,0.0204427879301878,0.010907563300381923,0.006048725048408236,0.0036904158282232927,0.010905153278452775,-0.0023540979641809125,0.0010567290463866436,0.0016483317870710982,0.005614173999284886,0.05456511605947072,0.04233560227359946,0.004734030728033956,0.006748274528170407,0.059601709575966264,0.018185228775921027,-0.004211140500172678,0.025356198162459556,0.030670884841407682,-0.0037150711609438185,-0.00376414910118227,0.04479063810012283,0.003079217837672666,0.06434392814268691,0.021937455999218328,0.06339537261785863,0.06399266332898011,0.02905700806414676,0.060192209483162055,0.03396038744427693,0.03350687663225303,0.0211158041498882,-0.003755506900534113,0.046543709506126976,0.08658862811607052,-0.00025417012792179557,0.04990636588920263,0.00819283877489088,0.017784307607448556,0.004691501916340867,0.034133911914739315,-0.00831061197166195,0.005125018438343903,-0.0019978380361160646,0.05700895274688765,0.02685055850147042,0.012245070935385717,0.004796599011296041,0.11733891708755714,0.0019365092044927017
ASML.AS,0.05967125233257087,0.0305370769811709,0.041921320229694546,0.03246601859394736,0.032488689858203815,0.020516732266898683,0.036498815274027624,0.034050517402763034,0.033101229016520045,0.03789131622437541,0.10504294594575059,0.017601925605868398,0.0016135614162184476,0.025520296976824185,0.001178864401350475,0.028648873105781326,0.004535574805461168,0.03993634844827275,0.048780873647018747,0.06334120983562327,0.07708741781862505,0.00760444133827988,0.008538086915859656,0.030462165787648935,-0.008242580363137873,0.03331350016475743,0.16206522608527849,0.0696935282098837,0.0070394730759860994,0.012503055752149411,0.01301195779111437,0.010982815468539114,0.013771178190999031,-0.006995729904479364,0.0033634249729175437,0.006379584947424511,0.0026148975323262904,0.062433818885629655,0.025529074485314447,0.009077337088048492,0.027136189732698903,0.08577538912389077,0.022249480443760968,0.03321837363939381,0.031301420876017116,0.03729073382579495,0.03438739768111601,0.03822886105722555,0.03167747596717639,-0.0012705848208064033,0.051250494930714416,0.05121173031180007,0.09476775609339275,0.04114870913082788,0.08270450407220495,0.04702832741161905,0.04644799387476435,0.016591375283780723,0.04820187888284292,0.01987087806442272,0.052747993373100585,0.18727101310290103,0.005307124578413874,0.06563496165848931,0.021799463567733164,0.013226608645539626,0.03817725001391837,0.022961019628424,0.01905057469004076,0.024658337382907635,0.02234887576682236,0.09226874048792894,0.020017827189522785,0.020965270175926802,0.02314208279513366,0.08153254055378514,0.009421570281737766
SIE.DE,0.03396495092488544,0.027569797688912673,0.030515109851459617,0.023818558886530564,0.02191620006552393,0.021270125674101165,0.027605466274997763,0.027703273703538214,0.0311021330971157,0.03196403994390924,0.05405418060557093,0.016709774937298597,-0.00027259017231205814,0.013918677385566994,-0.007695553531338018,0.02841326328796827,0.0011703416733360272,0.028382992741767837,0.052585014095317614,0.03748246219168705,0.060467107688065125,0.012634430570361083,0.007358710319848173,0.032047139497889544,0.000267056335750239,0.020003590657150405,0.0696935282098837,0.09516089892810875,0.01085858418063414,0.009276797933794788,0.011071344422499947,0.008392710976864129,0.01159917083695922,-0.008003911999368273,0.001260344145675126,0.002033233525268248,0.000704850756672227,0.05065166040648185,0.022991355410662818,0.013445911306487736,0.02759142855451508,0.054047502971308295,0.013552556666139564,0.026766437460641175,0.024902183144315092,0.03198739544992055,0.029064404127380362,0.030296246702496483,0.0179923554155009,0.005525905723623934,0.0396294350570562,0.04292888287608003,0.06291128296542693,0.03713493609062028,0.06026725718518826,0.04823506896277263,0.035231892116364544,0.03184078870499906,0.049269191242939075,0.018651973061137788,0.03102852477115385,0.12250251507192103,0.004709333975481379,0.046982200612470985,0.02036375660427497,0.01132152413145171,0.022719713541323412,0.028617090860627026,0.016389202610447417,0.011146052787796953,0.004515692392147132,0.0694231427755953,0.02663774802820361,0.014454097993945692,0.023985623196963634,0.07966214920305162,0.014849359997208388
BRK-B,0.0026586355089697807,0.006579410240742169,0.01574784333200409,0.006061570781264216,0.006910225746089486,0.006721524829352328,-2.442809544663894e-06,0.00832322404192668,0.008188648369893976,0.012915388092548758,0.0001310233004534504,0.014691345665314048,-0.00791999488157382,-0.009553933687511442,0.012355809150266468,0.006543840254105299,0.007851789316415246,0.005403107398872315,0.00834911942313665,0.03112442659452875,0.024556323472188574,0.0065958232688279935,0.009564339473003537,0.006169621218348072,0.005986706099310425,0.0204427879301878,0.0070394730759860994,0.01085858418063414,0.039850659246219305,0.010057261285209534,0.005645592025154982,0.0035166102310890067,0.010187561280608916,-0.002991251398039305,-0.00105129707520998,-0.0022575795190183153,0.006158186888765956,0.016281703861343942,0.027859604948000823,0.0028694929402568446,0.0012865887454865752,0.011717637659716196,0.0003351975757729814,-0.001950008691200453,0.008451962940519473,0.0063006227127881745,-0.00777842865645005,-0.00015322422526845475,0.021551514216932403,-0.006342926629860735,0.0358465107664052,0.004722162595075502,0.02582496315309917,0.03266684683961838,0.008002506599333506,0.009779137266691001,0.024891595561605365,0.024187454691122448,0.007779381889639126,-0.004000271408039804,0.005551507685338797,-0.012977122428336199,0.001015492677326819,0.01293191597437366,0.01664252095150367,0.005219427236005109,-0.002402718801297916,0.010361916466820801,-0.003410085289211575,0.001652729243082037,-0.005406478092462862,0.018466256782027984,0.0187542801707365,0.010374121447471098,-0.0025601485344106073,0.0026734647033526075,0.0029461411586923407
IHYU.L,0.006337971553101382,0.005162283092093374,0.012356225895655193,0.0047366414410459695,0.004868177285123134,0.0038903919906459407,0.0035888475387699523,0.005982235655358335,0.00456322306767856,0.011475419168955222,0.008142785737982938,0.009965222567581518,-0.001394564399437897,-0.0047192921966589104,0.009671958101059731,0.008075914099651405,0.007043838684276713,0.0052404954086286756,0.006829173313719008,0.016600765456792562,0.01120518311664174,0.0029712736816536376,0.003956688629776482,0.003683996377832544,0.0009516061508160899,0.010907563300381923,0.012503055752149411,0.009276797933794788,0.010057261285209534,0.01025280793008765,0.00449691051149148,0.0027722711674495635,0.0099772906625228,-0.00014610689234457552,0.000946596817862019,0.0017670938467801995,0.004147559205458244,0.011824210188495048,0.011839123259399982,0.001221418079451327,0.0022664005601699165,0.014330436345666876,0.005626220602923095,-0.001254990818894402,0.007052388870494785,0.007857445626475019,-0.003005010900495551,-1.8920547242812936e-05,0.013577827937873283,-0.0024818653181455613,0.01719451731824656,0.0065415392645922,0.021718550585185965,0.015554496509242562,0.014227660371813836,0.00999222601105235,0.015815297619662043,0.013063363105055636,0.010792094147119194,-0.003461713714233848,0.003173084601687748,0.018473791312352272,-0.0005687769630539612,0.017470636142005617,0.006231211053600392,0.006218473852497309,0.003485576123560626,0.008499467318952484,-0.0011148705303729435,0.0034867479237475065,-0.0027841108014189917,0.018536846333430418,0.009352388928571124,0.008865034144730227,0.0030823003948236205,0.005898492486485616,0.0023738544304948003
IHYG.L,0.004923615954046249,0.005578272255295226,0.007749173164557348,0.004180138061795901,0.00399131216684726,0.0037709406570849606,0.0032456805749806607,0.0053332063491490925,0.005282084552584585,0.007355718234929991,0.006605028799091509,0.005676852643089113,-0.0014752247154271702,0.0013984246239332374,0.002085538171134122,0.004394804914783223,0.0019793581248314404,0.003863467636468768,0.007446376527373133,0.010375745568914123,0.008155755085883164,0.0027215730475777596,0.00220288790852988,0.0032062038291564886,0.0017386108649390171,0.006048725048408236,0.01301195779111437,0.011071344422499947,0.005645592025154982,0.00449691051149148,0.005873248476867081,0.002708513870242002,0.005165855304068542,-0.001008178329068196,0.0008340918983524943,0.0014717506874599607,0.0004855358759528007,0.007370146687397714,0.003942630454592509,0.0030875906794097007,0.005483555381838806,0.007115825101860303,0.0018004433544274406,0.002525694426916185,0.005059307791263569,0.003944479450857027,-0.0002549182580039882,0.005849107456480871,0.007714284030812221,-0.0005101545808138375,0.010341738320400303,0.008452690666238178,0.017993987516699186,0.009642076707026543,0.016216210395583564,0.0075296738031888615,0.008601536316985023,0.008135347165070764,0.00884541632339075,0.0007046941519362566,0.004567473419474386,0.014586281457549533,0.0029493228680979523,0.010445824139210469,0.0035678133376134133,0.004070281426125916,0.0012287324626375383,0.004406219838619375,0.0025380747247492107,0.0047051207181331885,-0.00021376218957980893,0.008414466872048922,0.0056527072772431936,0.001362523322885899,0.004136930001987112,0.0030474091550993336,0.003213954965647991
GHYS.L,0.006282830567273998,0.005879529102196016,0.006303024753445201,0.004650234784290114,0.004741170311235762,0.003907519831474803,0.003478021732292275,0.005865107093103859,0.005508351694558125,0.005253089320925202,0.008453031820562965,0.0041710205323864085,-0.0011549569560942643,0.0032587174019916513,0.0010059886280789397,0.0026856973337614333,0.0006199556984051292,0.005268003261712159,0.007745137935500415,0.008296012855468136,0.009946081436930546,0.0028187579786221224,0.0023294372315397797,0.003183588637249774,0.0009825789391367488,0.0036904158282232927,0.010982815468539114,0.008392710976864129,0.0035166102310890067,0.0027722711674495635,0.002708513870242002,0.00394844199802517,0.0032709855352308125,-0.0007479315035445226,0.001661933276831424,0.002951734115785976,-0.002010444689278197,0.00602507647950974,0.00529281606504777,0.0016590077961357935,0.004140320478116839,0.00738269846425825,0.001942083014129388,0.005378715704618337,0.0018814095012329311,-0.0020146358823870236,0.004993630877535267,0.006643821704889067,0.004050395744210178,7.560331022171103e-05,0.009294981287377298,0.006752758919084245,0.01378721071409885,0.008183345210088021,0.014698949945632641,0.0053904788961644,0.006768189589521297,0.004202809621333207,0.007667559297737577,0.004919102324109398,0.001889290482446914,0.01182922165658077,0.0010255932450487322,0.006891895495845263,0.0032596323879928242,0.0023102773600156045,0.00561997653618297,-0.0011186978105412844,0.0013248072179881925,0.0034996593695429752,0.003725554473101243,0.007368658416542056,0.006792624447993738,0.0009615961466070535,0.0031312057028410924,0.007118796927699374,0.0023652233727629304
IEMB.L,0.006091419692061925,0.006275763540985656,0.013454996013489954,0.005151924130480842,0.0047689263320813,0.0048596418927022164,0.005071451612363198,0.006251225237697916,0.00626007828633462,0.013323688579357328,0.00878734004790917,0.010794149971078894,-0.0008638166344977212,-0.0026852890067875536,0.006071927980963054,0.009615335479554645,0.005995471275234331,0.00471173381063165,0.008246628975962202,0.015611991089912425,0.017946646370774012,0.004042632365904119,0.0021132226589588485,0.004413362395537132,0.0018336713667692192,0.010905153278452775,0.013771178190999031,0.01159917083695922,0.010187561280608916,0.0099772906625228,0.005165855304068542,0.0032709855352308125,0.01352694627783003,0.0011711634404133104,0.002932344059777191,0.005137021905151241,0.0023628640849345413,0.012928294300371138,0.01215511130035294,0.0048482123387532,0.003057191412633181,0.012926920110700207,0.007303519671709982,-0.0006773293397575016,0.006900635013807589,0.006830485787907596,0.0012391169050497608,0.00259597370250655,0.011461885309386712,-0.0013793029184561328,0.01931591994997859,0.008583314497927524,0.021385286460089345,0.01607913906978444,0.01674606983295191,0.011119221277555246,0.01654434867332283,0.015499474710803401,0.01281576154276197,-0.0008613629903996361,0.0039658231859452525,0.022122996197104214,0.0005721006366563023,0.01685868847192273,0.0056584763118453785,0.005687267478662862,0.0036862842557405908,0.007813359644930915,0.0014562155402997427,0.003908085627293537,-0.003794612134492621,0.018168286677143618,0.011595588087515572,0.007641706416387229,0.005120037194359583,0.006677314009474418,0.0028660445840353547
IBTM.L,-0.0008826048927586129,-0.0036794935258511957,-0.004843806456225617,-0.0005677977062837711,-0.00014394855076869847,-0.0027394775959753374,-0.0006134410911675155,-0.001677879566018071,-0.0025686400048039668,-0.003905755721496462,-0.0022684870889598642,-0.0027540499516913804,0.004337571746820341,-0.004866454050550581,-0.00607902367038025,-0.00628353232067899,-0.0034956936154456214,-0.0054995553519403256,-0.008495554242978763,-0.0038621972988736692,0.005904578109004976,0.0010716066954596865,-0.005615960083111519,-0.004776988659881387,0.0010494866396607658,-0.0023540979641809125,-0.006995729904479364,-0.008003911999368273,-0.002991251398039305,-0.00014610689234457552,-0.001008178329068196,-0.0007479315035445226,0.0011711634404133104,0.009134709591971778,0.003919288634828104,0.007147958831634064,-0.0007214914500809331,-0.0050535032844661095,-0.001764122414507427,0.0024444309243206452,-0.0006976327026129625,-0.010990774158380949,-3.4217316342973804e-05,-0.0039022624986798245,-0.0023579463503030384,-0.0025351108436764574,-0.0014479619493352942,-0.003975020176368654,-0.002304010029954056,-0.00035120169586291947,-0.0031711306729978106,-0.0036971191079315712,-0.003301871921713517,-0.003148991921053646,-0.0026668611738934036,-0.009233957664442977,-0.006038110044058263,0.0020008106024798386,-0.007434285152159199,-0.0023474991122853246,-0.00185647362972732,-0.006819849223533271,-5.7326258967465635e-05,-0.005062420095062664,-0.0051986502236514315,-0.001930340786880901,-0.00591952051930723,0.00029508521912881064,-0.001685430539513638,-0.0019499593717847677,-0.004324891087059798,-0.005693334547788646,0.002508340862906001,-0.0025478080735185185,-0.002267317938668027,-0.004624193737231512,-0.001985890322842191
T36N,0.0008139970524428814,0.002905119535359369,0.0010237759194361928,0.0006577130585470471,0.00018095429681704733,0.0009611807338421644,0.0011796329021988314,0.0009084841060697672,0.001235306698256124,0.0022966437728705793,0.0026143353126454848,0.0010098913514519298,0.003512875305462949,0.004075860190272584,-0.00821405124031124,0.0007495555937574867,-0.0028674839130395434,0.0005030590602388468,0.00013654470201325875,0.0030532023749876127,0.006985144898056167,0.002081464809299667,-0.005340481329084096,-0.000922160508714063,0.00047847150354182673,0.0010567290463866436,0.0033634249729175437,0.001260344145675126,-0.00105129707520998,0.000946596817862019,0.0008340918983524943,0.001661933276831424,0.002932344059777191,0.003919288634828104,0.010787112177056357,0.01951765068018678,-0.004969004273180817,0.0009057559901856925,0.00416002807946513,0.0027812639388580503,0.001647898221782573,0.002537444919611544,0.005491305248844161,0.001257231586120234,0.0013461129041007374,-0.001686441842313802,0.006324604228865314,0.003443810699991994,0.00014332659279604634,0.0014897629342208825,0.009606513004533896,0.0019634762154294508,0.01082828221034189,0.006659746237247203,0.0054622532448952215,0.0020297804597016605,0.005830656439023455,0.0034269334130963653,0.0018222987942775448,0.00027660330881360776,0.00040779386343915854,0.015910826924437613,-0.0009467439296516431,0.002647283555309236,0.0009359336703854508,-0.0011595031214083245,0.00044258222945706556,0.0020778348480842857,0.0024771638452286034,0.0022405442228686486,-0.0022669395179369797,0.0009509559074324484,0.009656533994038874,0.0033836968312971126,0.00028961829007546555,0.01323464631483793,0.00037004472605319433
T56,0.0012210097095920619,0.005625360575921692,0.0018541403560680767,0.0010680582053941823,0.00035022402867189364,0.0018621325095016235,0.0013086017388462296,0.001783797475107193,0.002047040269335397,0.00386002167082386,0.004012574633719415,0.0020140343707683588,0.006145532408198535,0.006838691806305593,-0.014760100716985332,0.000677144197432496,-0.005411413060510564,0.0002987381723683272,0.0007384975148741757,0.004423896563461357,0.008460448950848262,0.004327574392277928,-0.009114128935077539,-0.0017906004804565032,0.0011417029171236846,0.0016483317870710982,0.006379584947424511,0.002033233525268248,-0.0022575795190183153,0.0017670938467801995,0.0014717506874599607,0.002951734115785976,0.005137021905151241,0.007147958831634064,0.01951765068018678,0.03949528283538053,-0.009156563803585954,0.0051863423740706755,0.009560873395359926,0.005921769762136128,0.003449549041234964,0.004499637693187359,0.008815347827418303,0.0053290502956655226,0.0015615066443854897,-0.0011734261352708865,0.011042452525575081,0.005605227610142571,0.0009725790311939256,0.004356724783096916,0.017023119899344942,0.003389702145565698,0.02048125578868776,0.0109989416100372,0.010453011667547522,0.006749829971405337,0.009952192029045862,0.004802595658945842,0.004439051271559598,0.0024358923257452817,0.003974670121367415,0.02914936953789962,-0.0024978797949108227,0.006149221671285884,-0.0020365096418150357,-0.0021590776876681023,-0.0009429949200991312,0.003171152384404091,0.005547166519869889,0.002935646212601839,-0.006939490904644846,0.002015467802025819,0.018560664965793852,0.005528735514157861,-0.001057253016186361,0.029359636259954587,0.00021884366271432808
DBMG.L,0.0028147463854592382,-0.002248761770903972,0.004520848396761852,0.0021914563416906476,0.00255558636982903,0.0011831591812980554,0.0023184629062201817,0.0014738123698050058,0.00013047330627839456,0.004496477439995273,0.003635487971050719,0.003593478836279001,0.0018108677938645545,-0.0041685610752535025,0.019117921010410193,0.005059163173332784,0.010195218262000386,0.004920849173573654,0.0017196879581266593,0.0071394589527513565,0.008498740669033113,-0.0004820470658964919,0.00936179071250224,0.004366976080809953,0.0003276487629742314,0.005614173999284886,0.0026148975323262904,0.000704850756672227,0.006158186888765956,0.004147559205458244,0.0004855358759528007,-0.002010444689278197,0.0023628640849345413,-0.0007214914500809331,-0.004969004273180817,-0.009156563803585954,0.023339982661474662,0.005592626034874253,0.005462309733559262,-0.0008939839089862131,-0.0032355271559260297,0.0091393547471809,0.00947453188592887,-0.0033811534010428673,0.006430772546985155,0.01578667456547351,-0.007523337085803847,-0.002370039742556308,0.008406400066492547,-0.00538696653709011,0.001983259072121364,-0.0035895646282228244,0.0010371896183623865,0.006857433455651632,-0.007259579396226135,0.006379099225105084,0.015803702734818115,0.008350518752007395,0.004646082872334788,-0.0034795188995561574,0.0013956566646683502,0.004158286827363687,-0.0012002284312281864,0.011535554020723357,0.010177493120881276,0.002062007662968013,0.003908288349726667,0.0005353401450433774,-0.0020496865584292835,-0.004878309471217392,-0.0062286314061583605,0.01980078161658531,0.0010311212535253707,0.009649676886036353,0.0015189074125174246,0.005948373984958141,0.0008608809096376719
IPWR,0.03409024642488745,0.019394286669833637,0.026624338181649908,0.018200198230291235,0.016996364840860905,0.009150473352158527,0.02704915477504261,0.023821668389271043,0.01688582338344813,0.027716202358622925,0.0623421654248426,0.010618352711069248,0.003453381274485343,0.004764836348737282,-0.002092059303983527,0.02875565437869365,0.007712403645365297,0.027331513890090274,0.04106108143384141,0.11900098982919538,0.11220905485990339,-0.009407725027958593,-0.0010496511262435176,0.012391303056510003,-0.01710591132501596,0.05456511605947072,0.062433818885629655,0.05065166040648185,0.016281703861343942,0.011824210188495048,0.007370146687397714,0.00602507647950974,0.012928294300371138,-0.0050535032844661095,0.0009057559901856925,0.0051863423740706755,0.005592626034874253,0.7654064036084436,0.10180152383097307,-0.0005855457089358638,-0.005519313478966429,0.18246155452290586,0.025736914305104414,0.009522371269531314,0.06361043650873009,0.11063008110406211,0.05597922197863963,-0.011510435281910751,0.025768942627025594,-0.012712930622787999,0.15466178003926473,0.06680491350344323,0.23005528949453974,0.13026140473316034,0.09085739460088478,0.04789923112831297,0.11835787924528277,0.10114708990183974,0.06843260111154367,0.02750548800019794,0.20036290863192957,0.4858137061003184,0.020984701613698798,0.20271142946803994,-0.008124397957867688,0.056268038669684745,0.053736353329025224,0.03870497234340099,0.024389144598581852,0.01633474879089513,0.0020477515827115773,0.1437506395248906,0.10702457447944741,0.08034448819598858,0.035072436703088364,0.30949004422470594,0.011997184665032181
VYGR,0.01019000332797017,0.011463004411665265,0.017493968205276773,0.008784423214121161,0.006208426976017424,0.00819917083102787,0.014619300040106536,0.014679694242866323,0.012513118676905317,0.01945266001133452,0.0215110248877297,0.01563299362299321,0.008025338685268023,0.01133669205087083,-0.005890687638902083,0.015868347828380674,0.0018572606044557592,0.02305046791367291,0.019111269153705077,0.13055309158150136,0.0502255488411237,0.012201176170919908,-0.0019717892856178218,0.01879305610779887,-0.004461389748015078,0.04233560227359946,0.025529074485314447,0.022991355410662818,0.027859604948000823,0.011839123259399982,0.003942630454592509,0.00529281606504777,0.01215511130035294,-0.001764122414507427,0.00416002807946513,0.009560873395359926,0.005462309733559262,0.10180152383097307,0.6474698902329321,-0.010373940700549046,0.008286859262726794,0.184782643465516,0.06533423808473493,-0.008994831229044282,0.003609901975741592,0.08614095288125637,-0.02023253724741659,0.004933534930990612,0.06790026695335001,0.0063438744535825944,0.24761668864367767,0.0019467884658578996,0.1940106421933871,0.17142058254993675,0.03657691951760071,0.1462129000141453,0.19071501056465057,0.14903873232886103,0.05354862196859937,-0.02532509343643569,0.16132421422016052,0.2340325522541163,0.0007683246311869299,0.14375399268116804,-0.0139780666114281,0.01635906665443968,0.028201008460011764,-0.006556174188925552,-0.013469953913383952,0.032940120510053975,0.019792604573837122,0.11822750822233782,0.13758245927087584,0.061047588907132064,-0.003536600439067844,0.25144302350039205,-0.009007326380928864
AL3.AX,0.013235691790548818,0.008444084312634591,0.005371865043642808,0.006835597980863292,0.00727801594598684,0.0005458285643337997,0.005856403419014909,0.007840577340345857,0.005043716307771716,0.006016242629395605,0.012642796002882588,0.00013116227209553058,0.0008200009814516822,0.021861959157607955,-0.0032227407706629397,0.009311180050072105,0.0004108386599686897,0.011870206803387413,0.008554875025008884,0.015467294643608853,-0.019978345761309434,-0.0034823972881955143,-0.0038266536936351087,0.00390494877605984,-0.008344626094806958,0.004734030728033956,0.009077337088048492,0.013445911306487736,0.0028694929402568446,0.001221418079451327,0.0030875906794097007,0.0016590077961357935,0.0048482123387532,0.0024444309243206452,0.0027812639388580503,0.005921769762136128,-0.0008939839089862131,-0.0005855457089358638,-0.010373940700549046,0.940747721265242,0.010788553633311368,-0.03123347973721039,0.023989570522062256,0.07750489729927433,-0.0026202332486863628,-0.021451209516452307,0.024063350851138414,0.08111784674688413,-0.021446458408844123,0.001088199550923021,0.008087445070501405,0.03898694852180166,0.008483477703847234,-0.013177233650853366,0.0320697914144249,-0.0004926018767455143,0.007545182127116622,-0.025950496023868057,0.048410645494494295,0.04767198296967039,-0.06288365130797771,0.01454548065235645,0.03382177184518648,0.011713899762005597,-0.05826869937049675,-0.012398315399579501,-0.021810265211030022,0.029919360117167313,0.04285307341063616,0.00798956177984662,0.041371673910520546,-0.029586530312458753,-0.01163074066466108,0.001803868248046536,0.039490417604890096,-0.043490056544467415,0.03240141966285595
ONWD.BR,0.01959243083775828,0.014725794562029673,0.009630190950740757,0.012543837291039348,0.012401309500309429,0.00915660377754007,0.014805916750726466,0.016500462166081732,0.014577368582774194,0.009935748650320587,0.02516387755583794,0.005948295714451474,0.0015609157039770788,0.021098729209429352,-0.010235911359951656,0.002291996984371966,-0.002708158848526105,0.0017780059141553686,0.014068519363239678,0.009134833586315096,0.011179397822903206,0.002986665530265114,-0.0025263283893237672,0.009489999568691487,0.006773107696970788,0.006748274528170407,0.027136189732698903,0.02759142855451508,0.0012865887454865752,0.0022664005601699165,0.005483555381838806,0.004140320478116839,0.003057191412633181,-0.0006976327026129625,0.001647898221782573,0.003449549041234964,-0.0032355271559260297,-0.005519313478966429,0.008286859262726794,0.010788553633311368,0.4180085004439684,0.029723657744105243,-0.012785799476092909,0.004177969415142384,0.02821048988557815,0.04429620270020023,0.020639447802273198,0.029977268704912505,0.0195529950825846,-0.006986940785665977,0.014896053718366858,0.030638111991886433,0.029474841479077314,0.024764865466476493,0.0582867736539609,-0.006726440291770533,0.029011981843819534,0.02639185375829128,0.047606321574183944,0.003193344339781662,0.015193616073952702,0.0626245067532816,0.0025422829382712457,0.013968444921193014,-0.015564881167395978,-0.017340686993561727,0.006616492830961148,0.03141407936955204,0.011688086405404918,0.005431379408513541,0.02803155541404191,-0.0030732081379982717,0.029747411888652712,-0.007767663325815473,0.036281388050888916,0.12439761876881608,0.01700959599172188
LTBR,0.04316073500300796,0.02512661654524901,0.03305861607756858,0.024347322361803987,0.022118733798603324,0.016497131299550605,0.03819744698296232,0.035869260373063726,0.023474365749338005,0.036267171884451936,0.07347411451227936,0.010596546731035364,0.02355107555269349,0.03903885822677302,0.005751849355594727,0.04980325640620838,0.016097993960322778,0.10397661936833041,0.05672144918927331,0.21609875454993613,0.09747365467948951,-0.00448608197729782,0.00634742511724364,0.027953447316446903,-0.018052751856864654,0.059601709575966264,0.08577538912389077,0.054047502971308295,0.011717637659716196,0.014330436345666876,0.007115825101860303,0.00738269846425825,0.012926920110700207,-0.010990774158380949,0.002537444919611544,0.004499637693187359,0.0091393547471809,0.18246155452290586,0.184782643465516,-0.03123347973721039,0.029723657744105243,1.1870551843645256,0.09478735325622148,0.033023724413560086,0.04566104397146166,0.20531325064484607,-0.01527913608717757,0.006852482749541374,0.1388814653558305,0.059009818109351346,0.22505394081660737,0.07008304278348401,0.33955546768015155,0.19115480084742556,0.09746746291461084,0.24903487434800448,0.2334546678815862,0.19543377667513,0.08740112747842177,-0.0071241509591941235,0.258660212341365,0.6294258489361998,0.0008359723955151193,0.2742368605417346,-0.019326936775346415,0.09627227150149018,0.08272659762534068,0.08810121956199064,0.02294024355905447,0.033099303119751095,0.04836641362166309,0.2554706429551239,0.24570851837925653,0.12189386878774859,0.011006991081950652,0.561092088165272,0.0033465955031872713
ARA.TO,0.011077916472562205,0.004763504935763432,0.008253955403066653,0.00584143576232438,0.0026196882819620225,0.00337298960086387,0.0175422996091196,0.0058114658973712485,0.004512566261051599,0.012569269225835424,0.02838734033144922,-0.0011531165672597067,0.01757186628262404,0.032054635851446654,-0.0053749541875857156,0.02909342317286822,0.005731953663249892,0.020111211513068425,0.011929263204363712,0.06433780978983383,0.16876314866741776,-0.005670342860424974,-0.008457448939815768,0.006950892511899303,-0.006722081950470658,0.018185228775921027,0.022249480443760968,0.013552556666139564,0.0003351975757729814,0.005626220602923095,0.0018004433544274406,0.001942083014129388,0.007303519671709982,-3.4217316342973804e-05,0.005491305248844161,0.008815347827418303,0.00947453188592887,0.025736914305104414,0.06533423808473493,0.023989570522062256,-0.012785799476092909,0.09478735325622148,0.7997958799662209,0.031357353463631187,0.03324339077406935,0.10214253593272832,0.02196697824939792,0.03163928215040675,0.02160211387593057,0.016536676364038848,0.052367307364617935,0.03628551835732728,0.04922490031693136,0.06327635827378471,-0.004565387898137716,0.04022255610106215,0.10636105046673067,0.06029179979789294,0.015044685582074963,0.00762310513883059,0.1720939660537698,0.4069014092035988,0.023662308719658732,0.09454959099123589,0.029363092799407145,-0.017629642375742244,0.00237114442815675,0.03672074687943523,-0.0076895884860839,-0.01322126696070727,-0.005525013904594072,0.12677991609539818,0.07238851231026437,0.08997296750168483,-0.003238746445465881,0.31608395533013267,0.0009366610950727234
SLX.AX,0.02736474030529163,0.018918977288463635,0.01539855679679484,0.01864290965223809,0.020469176979769646,0.010329981619105682,0.020481674098588268,0.022345403182979492,0.014599436892777557,0.010522932908939037,0.035547959366377446,0.0032242175031969847,0.0007909441338724675,0.040150700932998495,-0.005588900325126409,0.0022974168925920906,-0.004014425891515926,0.06389031805854985,0.02484058074476444,0.03207269192743807,0.03302141007319391,-0.0007799380118848369,0.008458236232933444,0.017723270013901758,-0.0036907944391622568,-0.004211140500172678,0.03321837363939381,0.026766437460641175,-0.001950008691200453,-0.001254990818894402,0.002525694426916185,0.005378715704618337,-0.0006773293397575016,-0.0039022624986798245,0.001257231586120234,0.0053290502956655226,-0.0033811534010428673,0.009522371269531314,-0.008994831229044282,0.07750489729927433,0.004177969415142384,0.033023724413560086,0.031357353463631187,0.5315968249630284,0.017210395637909076,0.02121028022601045,0.1657006425136885,0.1388115720878796,0.035197358069193406,-0.021244860940670192,0.012525454009479828,0.016512796294098946,0.055457307784482865,0.008088332772015622,0.06212965089448237,0.028155156860283973,0.018269138805193756,0.009728161680657658,0.031656135033938784,0.13162551537006606,0.03732778993201265,-0.0667877223136728,0.04827976160438155,0.011927358280546575,-0.001694010663290924,0.03811860960412506,0.05796839540228256,-0.0365711348097251,0.09826091388459816,0.03945536986198207,0.05764127837803086,0.02781304942992995,-0.03117178877922263,-0.019492627621873128,0.018832124105211782,0.05009775098406484,0.01995235019380369
NYXH,0.014834610893288833,0.010315607770367309,0.013262783459559764,0.009742806453076304,0.007976169981744163,0.008750751831898374,0.016504149208803977,0.010111894409942698,0.010717357509777889,0.017560316371999143,0.02732028354583938,0.010903057691813923,0.013125617374626301,0.02248293222558225,-0.00639497485661082,0.01697569173004504,0.008914075814530416,0.011986822752663773,0.027246929069959416,0.054899811351668465,0.23104320517166937,0.004800491048548113,-0.007558667123147011,0.012928437523565973,-0.0054843482736660525,0.025356198162459556,0.031301420876017116,0.024902183144315092,0.008451962940519473,0.007052388870494785,0.005059307791263569,0.0018814095012329311,0.006900635013807589,-0.0023579463503030384,0.0013461129041007374,0.0015615066443854897,0.006430772546985155,0.06361043650873009,0.003609901975741592,-0.0026202332486863628,0.02821048988557815,0.04566104397146166,0.03324339077406935,0.017210395637909076,0.5642003292662825,0.05690811261067789,0.008105255491209544,0.012829192931277978,0.014565122370658334,-0.019809457553029097,0.05002930279741365,0.01830049184720689,0.11146433340912443,0.08185027683654689,0.04799903282760122,0.02899649398270014,0.07001666396376574,0.030717221510488425,0.009226332370088332,-0.003405013219498624,0.11108254568068421,0.20019141590312825,0.029030441353876675,0.09938494712818541,0.04360959275838045,0.041964218215613185,-0.015435076428535052,0.010523471881751945,0.020381114525971064,0.0011542856297473525,0.009427549468077383,0.022785912510394433,0.09454631322719904,0.04733200306427146,0.02606294373948872,0.3870307305301339,0.0011990909314752544
ALMU,0.023012098813053026,0.005441792107506239,0.012657730508161217,0.009945322643077799,0.007140571714004141,0.003277874631102476,0.022457309365849394,0.009737362006748237,0.007080035704414941,0.01584632208250194,0.0444133624297022,0.0011018488310620461,0.009177007131581386,0.021176716040747744,0.03047832410544185,0.0331835428081992,0.0174431133204457,0.03844597643230151,0.011784045287272026,0.11911800496269345,0.21429376410315248,-0.010510990255301028,0.007411281961641468,0.008561848614940363,-0.021436127050411164,0.030670884841407682,0.03729073382579495,0.03198739544992055,0.0063006227127881745,0.007857445626475019,0.003944479450857027,-0.0020146358823870236,0.006830485787907596,-0.0025351108436764574,-0.001686441842313802,-0.0011734261352708865,0.01578667456547351,0.11063008110406211,0.08614095288125637,-0.021451209516452307,0.04429620270020023,0.20531325064484607,0.10214253593272832,0.02121028022601045,0.05690811261067789,1.481642813592158,-0.00693183194035879,-0.037356307324201254,0.02944078362053066,0.03881445761898001,0.055803493870536916,0.04215089534033501,0.18308724072443916,0.11389559277182107,0.018191498713749137,0.1501380765233984,0.11853545506962612,0.04130586766340404,0.03291400100226055,-0.049345643676275766,0.29232973357456515,0.4280556967249538,-0.019227342022619553,0.16005058728595556,-0.020233835220579265,0.017235639678714984,-0.014160146770436201,0.05799716698732142,0.07275057491147635,-0.031064890065945164,0.03951279289224678,0.16706443162440449,0.07451578432739157,0.10471324724727955,0.00736764259052381,0.3682225798145289,-0.03849544700350964
WBT.AX,0.028552516270538304,0.016899123624227907,0.01175196800624423,0.015966499207167324,0.016209415177161676,0.008524828469923952,0.01919914835260303,0.015828882574152717,0.012651017198856803,0.01237419788663825,0.04218234375441416,0.003005786743207226,-0.0006581452460497109,0.02212425446656199,-0.021004555697515942,-0.005581406935746134,-0.01132722014966048,0.03281467438960349,0.03436980717911019,-0.009698040150542132,0.1554062111932521,0.0027205382924362738,-0.004243475346793583,0.02020445994510006,-0.005174599431376039,-0.0037150711609438185,0.03438739768111601,0.029064404127380362,-0.00777842865645005,-0.003005010900495551,-0.0002549182580039882,0.004993630877535267,0.0012391169050497608,-0.0014479619493352942,0.006324604228865314,0.011042452525575081,-0.007523337085803847,0.05597922197863963,-0.02023253724741659,0.024063350851138414,0.020639447802273198,-0.01527913608717757,0.02196697824939792,0.1657006425136885,0.008105255491209544,-0.00693183194035879,0.6161354686013636,0.11875139580135011,-0.00720983339429164,0.008821784569575693,-0.011375731729159094,0.02699969152945914,0.034583282713627574,-0.008100755950288101,0.04199006318099588,0.028499737102820347,0.009541983837235785,0.0058697848178291675,0.055469042470269875,0.12253917315375465,0.013291991543164574,0.07570705725768212,0.03409763464102183,0.002910741338575453,0.04156102530169625,0.027308631017153286,0.09096323699154317,0.01484367015822012,0.12164135738978225,0.03237754297094285,0.0993473241468733,0.011856432446105847,0.04134635416391076,-0.025644602953155154,0.04188518787393835,0.1127499649626867,0.021572250169281083
VUL.AX,0.029439346746629097,0.020224838474869618,0.01770803959341055,0.019832724983168803,0.02054558127445359,0.015197953809268217,0.023364476484684864,0.021070751745799265,0.019245930201131946,0.012245891767099082,0.03874445413371916,0.008108613714018364,0.006862344943443315,0.045145911054207385,0.0005787937399464191,0.020400846023318164,0.00577120500721972,0.0334184058497174,0.0183902695339785,0.004539500202308266,0.11386272122500697,0.009808913748503859,0.008025247994043255,0.020778553899803397,0.0038621139370095957,-0.00376414910118227,0.03822886105722555,0.030296246702496483,-0.00015322422526845475,-1.8920547242812936e-05,0.005849107456480871,0.006643821704889067,0.00259597370250655,-0.003975020176368654,0.003443810699991994,0.005605227610142571,-0.002370039742556308,-0.011510435281910751,0.004933534930990612,0.08111784674688413,0.029977268704912505,0.006852482749541374,0.03163928215040675,0.1388115720878796,0.012829192931277978,-0.037356307324201254,0.11875139580135011,0.48905986675456775,0.01432948029045753,0.0008809974928911899,0.018745635057342527,0.0440950618191943,0.0405041937000066,-0.007983293502831813,0.06434586069568637,0.07647127618926569,0.028015907449471807,-0.0039539814634734285,0.040029100899515876,0.1055918585869237,0.016446435168036296,0.015359513806781286,0.06214622970074904,0.016287525980335827,0.022367960820786632,0.012062710223115782,-0.02052157867726953,-0.019701523203516782,0.10865709150545408,0.04791581386399985,0.10414858005448915,0.029307383979827014,-0.0008180488873138438,-0.03203170877149921,0.03981313533061043,-0.0026350371705460736,0.01610473410014068
IDN,0.017975063941256995,0.01329403027652987,0.019691012782089002,0.012048476231388352,0.011885094318238877,0.01044443303515772,0.012326501724414414,0.017214902095306666,0.013254905220171094,0.018930679208576842,0.023463298830338306,0.012680333388490122,0.0016608623612217304,-0.01355675986161909,0.018515346880473682,0.008572347534129623,0.011414468794215598,0.03127306328852622,0.016432529377097854,0.107358657218427,0.08004738331635095,-0.0014314345153593018,0.01366353729669706,0.015923053050833434,0.0009338784708835966,0.04479063810012283,0.03167747596717639,0.0179923554155009,0.021551514216932403,0.013577827937873283,0.007714284030812221,0.004050395744210178,0.011461885309386712,-0.002304010029954056,0.00014332659279604634,0.0009725790311939256,0.008406400066492547,0.025768942627025594,0.06790026695335001,-0.021446458408844123,0.0195529950825846,0.1388814653558305,0.02160211387593057,0.035197358069193406,0.014565122370658334,0.02944078362053066,-0.00720983339429164,0.01432948029045753,0.6862185074559395,-0.01599631849454867,0.11375686256810258,0.014827735567085429,0.12051376847851408,0.07488529376575728,0.047264665460035674,0.040858564437081114,0.07574034511299985,0.08012053258449972,0.022989389264577043,-0.018333173818548567,0.044321764944343645,0.09825673589124198,0.01944822967508323,0.07822942338445868,-0.03699810610416532,0.05291455482421188,0.006249511483695252,0.01988142322182347,0.01643709469184246,0.0035878867817876244,-0.0038049808075398973,0.09241535639663985,0.03592217279255944,0.058163538206783175,-0.006048503260555721,0.13051978427300526,-0.0014509709799671643
GELN.L,0.005238991663902133,0.003794966637414924,-0.0005539187841399291,0.0019855052580533654,0.002219990847565209,0.00247789607385282,0.004160254163244612,0.0012504436972920882,0.0016685095376635672,-0.0024024844962607364,0.004795409299330245,-0.0027891026763860417,0.0054592964119082365,0.007156324790891885,-0.010118692565338365,0.005429994175026994,-0.004087013732284174,-0.005114193447313885,0.005478600092831161,-0.008804990205237322,0.04505891608279722,0.0012935148588340056,-0.003044113957746942,0.003969982960286796,-0.0017983244458938097,0.003079217837672666,-0.0012705848208064033,0.005525905723623934,-0.006342926629860735,-0.0024818653181455613,-0.0005101545808138375,7.560331022171103e-05,-0.0013793029184561328,-0.00035120169586291947,0.0014897629342208825,0.004356724783096916,-0.00538696653709011,-0.012712930622787999,0.0063438744535825944,0.001088199550923021,-0.006986940785665977,0.059009818109351346,0.016536676364038848,-0.021244860940670192,-0.019809457553029097,0.03881445761898001,0.008821784569575693,0.0008809974928911899,-0.01599631849454867,0.5176242356109306,-0.023143842162333433,0.006962414439810624,-0.07142624140406223,-0.0016074894052623594,0.0004852664377619373,0.03768568738747492,0.002640120595636393,0.05258925495358113,-0.005402958298960902,0.014460006687828073,-0.018046551722975493,0.07796114978163027,-0.004733947287927906,-0.007826615732001933,0.02574107407405773,-0.015099765293115441,0.025049232257878126,-0.01110446790219038,0.007014100049427542,-0.012613474848770618,0.0014086291360110837,0.06527583663553432,0.029165872787553622,-0.0407476875935085,0.02969742596820929,0.04080710614923248,0.015443937694527954
EDIT,0.02786455806712983,0.024321295775167548,0.032808881393388195,0.02083073209328161,0.01904693222156134,0.010965702903732832,0.028292683296840967,0.03432881353824187,0.021472410710380245,0.03275569886325348,0.04454994787456201,0.027501747844360755,0.003930331670945067,0.022950108377119877,-0.023433322697737707,0.01999891550208241,-0.00044494767538151727,0.025666819896538573,0.029366022995320804,0.1808725399740609,0.004973538767615226,0.004752319128055058,-0.013041674589778842,0.014591036939393946,-0.002795767492390849,0.06434392814268691,0.051250494930714416,0.0396294350570562,0.0358465107664052,0.01719451731824656,0.010341738320400303,0.009294981287377298,0.01931591994997859,-0.0031711306729978106,0.009606513004533896,0.017023119899344942,0.001983259072121364,0.15466178003926473,0.24761668864367767,0.008087445070501405,0.014896053718366858,0.22505394081660737,0.052367307364617935,0.012525454009479828,0.05002930279741365,0.055803493870536916,-0.011375731729159094,0.018745635057342527,0.11375686256810258,-0.023143842162333433,0.8778028468317727,0.07947853053683512,0.3562707743661345,0.39707810952995864,0.10825954201373067,0.1988285353493179,0.42748849512955733,0.22438093196445252,0.01737480936193987,-0.0030886128360268425,0.13378203499393804,0.3833966377885003,0.011646995549350123,0.24430313030048717,-0.019332747610604318,-0.010240356724506017,0.06348363851764594,0.032631147509430775,0.01633465048562331,0.03838512682135757,0.013086001603981559,0.1803750061342747,0.2076016677268196,0.027253522888888666,-0.003187211215607906,0.32399519335071436,-0.0038338556006433976
SEYE.ST,0.03220565913913544,0.024189219408596016,0.02299149943254633,0.020717521059869987,0.020739609758067233,0.013935967066621327,0.019029864326902235,0.025612110640426705,0.02256935109866727,0.01779028025911357,0.044387071021355765,0.011889667824605874,0.0017390098798161602,0.019829202007162042,-0.0006692886623040233,0.01210698895984736,-0.0009711941639812933,0.038096397811137786,0.03387370432220098,0.045729561313265416,0.05913095900476956,0.007428227838965437,0.0035435318357984425,0.01883638063118695,-0.004768000940910169,0.021937455999218328,0.05121173031180007,0.04292888287608003,0.004722162595075502,0.0065415392645922,0.008452690666238178,0.006752758919084245,0.008583314497927524,-0.0036971191079315712,0.0019634762154294508,0.003389702145565698,-0.0035895646282228244,0.06680491350344323,0.0019467884658578996,0.03898694852180166,0.030638111991886433,0.07008304278348401,0.03628551835732728,0.016512796294098946,0.01830049184720689,0.04215089534033501,0.02699969152945914,0.0440950618191943,0.014827735567085429,0.006962414439810624,0.07947853053683512,0.3974083666629062,0.10487952181960358,0.04149703304343951,0.08190949522766651,0.0781604321454255,0.07120061566162389,0.05618267238626653,0.0689975957373612,0.026533906096476177,0.03417263729221514,0.12474700904118066,0.009291749659311663,0.05683592343466315,0.017908697213247705,0.006620665363491429,0.05069142481414572,0.038195527932410614,0.023024157378430124,0.014070017161213623,0.015090903721385008,0.02138572632404212,0.025595913511417108,0.009370214889162884,0.013761419112238337,0.152146976143327,0.0130256704779085
QSI,0.042009399061619115,0.03703223491813368,0.040486868052863376,0.0300889491508705,0.027815327063261435,0.019756461408130477,0.03861608209074199,0.04973154854744995,0.030367984567218353,0.04629133123222877,0.07031741344126602,0.02733095037144019,0.015243037737104748,0.03316487403747807,0.006191860059793835,0.03714737233094313,0.012926823248419681,0.04607721796167112,0.047026390099711754,0.228019985347648,0.21183806483398568,0.002925061361044756,-0.003095220858973855,0.020927282086794594,-0.010940463610004158,0.06339537261785863,0.09476775609339275,0.06291128296542693,0.02582496315309917,0.021718550585185965,0.017993987516699186,0.01378721071409885,0.021385286460089345,-0.003301871921713517,0.01082828221034189,0.02048125578868776,0.0010371896183623865,0.23005528949453974,0.1940106421933871,0.008483477703847234,0.029474841479077314,0.33955546768015155,0.04922490031693136,0.055457307784482865,0.11146433340912443,0.18308724072443916,0.034583282713627574,0.0405041937000066,0.12051376847851408,-0.07142624140406223,0.3562707743661345,0.10487952181960358,1.9970994657465047,0.3344361734200398,0.11155892369250797,0.20863448912656618,0.32485397453304166,0.18266921740627062,0.03293880237990132,0.029521053796198557,0.7217440505549537,0.46574157344036926,0.04297895263452295,0.503496086541262,-0.014445553261195206,0.06066338455324799,0.13706289787688475,0.06223109301102929,0.07238588126723972,0.006805677081561616,0.012140734212384766,0.20222753581143305,-0.13611872063295538,0.08877435972783201,0.012691398350795254,0.5550952740322371,0.002996941140546919
CRBU,0.02353613325792191,0.019468054096021925,0.026991209681298728,0.017179540170526673,0.01614858288109221,0.008895072135154343,0.02235156404206621,0.029151401897751127,0.01632428318371618,0.027795207842905997,0.03390885195681105,0.022683598095932872,0.0040748948485505535,0.015229098239605438,-0.014766337065724491,0.018960832935325776,0.0019279263597986604,0.023948016716175212,0.019850697918662317,0.16993455325343637,0.09452832134483424,0.0007915697798875011,-0.0076173568690241925,0.004898905412212112,-0.006813480616676072,0.06399266332898011,0.04114870913082788,0.03713493609062028,0.03266684683961838,0.015554496509242562,0.009642076707026543,0.008183345210088021,0.01607913906978444,-0.003148991921053646,0.006659746237247203,0.0109989416100372,0.006857433455651632,0.13026140473316034,0.17142058254993675,-0.013177233650853366,0.024764865466476493,0.19115480084742556,0.06327635827378471,0.008088332772015622,0.08185027683654689,0.11389559277182107,-0.008100755950288101,-0.007983293502831813,0.07488529376575728,-0.0016074894052623594,0.39707810952995864,0.04149703304343951,0.3344361734200398,0.7145750513109911,0.07672155200727579,0.24006700944638526,0.32005576175740835,0.2055905507879761,0.017184106592657254,-0.017056809221303218,0.12408091280749005,0.3120436343076566,0.020674731843991434,0.24086415153999716,0.012552933684439,0.03553471326321826,0.01040412658471992,-0.004376037819252772,-0.00305626019654987,0.01854464392281044,0.04631438402804931,0.15773806285264566,0.15838988533742362,0.07887960572978714,0.011024616265367888,0.28438516695863136,-0.012759720653219373
ALCLS.PA,0.04635286836560588,0.03583748373552401,0.03592795936528699,0.031240073115439155,0.029757241540464493,0.02314291292653678,0.035608596627972985,0.034832281245400776,0.03215094194270146,0.03457030577631787,0.06631778449177778,0.028323764068112718,0.003508502024851007,0.012304673971743504,-0.0042161643866989226,0.026438728131673105,-8.07656974246861e-05,0.05838870916521808,0.05581171563495748,0.07129717925946605,0.1136337437828043,0.027971896593743148,0.00999346259383539,0.02408835586950251,-0.007161114861309936,0.02905700806414676,0.08270450407220495,0.06026725718518826,0.008002506599333506,0.014227660371813836,0.016216210395583564,0.014698949945632641,0.01674606983295191,-0.0026668611738934036,0.0054622532448952215,0.010453011667547522,-0.007259579396226135,0.09085739460088478,0.03657691951760071,0.0320697914144249,0.0582867736539609,0.09746746291461084,-0.004565387898137716,0.06212965089448237,0.04799903282760122,0.018191498713749137,0.04199006318099588,0.06434586069568637,0.047264665460035674,0.0004852664377619373,0.10825954201373067,0.08190949522766651,0.11155892369250797,0.07672155200727579,1.2990341818168314,0.0884481117809974,0.05932879924628991,0.05229110159835095,0.04053124217224545,0.02907040767113083,0.02947819387850934,0.13703976261870893,0.00045571782115800267,0.09447117895811036,-0.04137882949144517,0.018091552040035788,0.014154788841082021,0.0371137955071401,0.02997308188867464,0.019090933233194874,0.036023819121665066,0.05433796809177796,0.009822158743460764,0.003907957834680573,0.02611826033307516,0.1587736488733666,0.022038379876486353
GUTS,0.03280638573281075,0.02278354613915632,0.026067565013395508,0.01732202250375309,0.015576971628698453,0.013281128345283756,0.025106839504609405,0.026460401832443088,0.018516665785386174,0.0314128657477383,0.05056756807033097,0.024377410071075155,0.006035777972124038,0.03461605821014103,-0.037095589570584175,0.01981782709402539,0.0004464624883929073,0.03568943719823575,0.04419036658626051,0.05627837779662302,-0.015509905519920318,0.01056544184825152,-0.02617284843940542,0.03172543982799966,-0.016549733321290692,0.060192209483162055,0.04702832741161905,0.04823506896277263,0.009779137266691001,0.00999222601105235,0.0075296738031888615,0.0053904788961644,0.011119221277555246,-0.009233957664442977,0.0020297804597016605,0.006749829971405337,0.006379099225105084,0.04789923112831297,0.1462129000141453,-0.0004926018767455143,-0.006726440291770533,0.24903487434800448,0.04022255610106215,0.028155156860283973,0.02899649398270014,0.1501380765233984,0.028499737102820347,0.07647127618926569,0.040858564437081114,0.03768568738747492,0.1988285353493179,0.0781604321454255,0.20863448912656618,0.24006700944638526,0.0884481117809974,1.2309025160616056,0.2194956437561048,0.11184211517899054,0.038559616562588515,0.04677569093040383,0.26120188738491845,0.3144266680846637,0.017263980096242828,0.14668413698293933,0.08507822388915989,0.006048167562396983,-0.02044192225568834,0.05244595087448671,0.026815066909532375,0.021524405662610147,0.06208997635994133,0.19376815436378483,0.12535938217157022,0.06790824325772216,0.058314405108039785,0.2139357279453199,-0.03315886457191752
PRME,0.02137602569108927,0.02220453817385272,0.028383883846225557,0.017922975190413103,0.015245133400685508,0.014188725545263868,0.02681645483405745,0.03289556055935306,0.017093379080889926,0.03284962297257873,0.040609576206485455,0.02648259059909263,0.005763424022188185,0.023986805956181356,0.006127060426297545,0.042725624693034016,0.011547873334728067,0.030364404425081364,0.036187286616139555,0.13681256997460164,0.033642524093415636,0.012482398219878923,0.003274156329020731,0.022046181080804382,-0.0036350949904362766,0.03396038744427693,0.04644799387476435,0.035231892116364544,0.024891595561605365,0.015815297619662043,0.008601536316985023,0.006768189589521297,0.01654434867332283,-0.006038110044058263,0.005830656439023455,0.009952192029045862,0.015803702734818115,0.11835787924528277,0.19071501056465057,0.007545182127116622,0.029011981843819534,0.2334546678815862,0.10636105046673067,0.018269138805193756,0.07001666396376574,0.11853545506962612,0.009541983837235785,0.028015907449471807,0.07574034511299985,0.002640120595636393,0.42748849512955733,0.07120061566162389,0.32485397453304166,0.32005576175740835,0.05932879924628991,0.2194956437561048,0.8217836366953453,0.21004162124005962,0.020380224410605316,0.01712637841060656,0.17014095392480044,0.39358959997452075,0.004376575911840963,0.2513760401019899,-0.009459146771055528,0.06452212307813487,0.07496514699341508,0.03856268879998696,0.02109519879150107,0.006581656735602348,-0.008955386258969453,0.2269978194842463,0.2399094276429245,0.07786876222263908,-0.0018380556746162042,0.3223807284374146,0.004190281679453056
PRQR,0.017307858159001707,0.016216834664318773,0.02307464693530234,0.016287359567996554,0.014693156587670914,0.013408118421015917,0.021087500017229893,0.01946507393749592,0.020227434846403672,0.025403036634755398,0.024354553704802502,0.023767983881275115,0.0072948402760639516,0.007757998532663808,-0.014139953091519875,0.023017062124159618,0.001985042361993829,0.031446519109908706,0.03569887235155858,0.0725820139361025,0.05104080550912651,0.01799977363568168,-0.0020083938724397006,0.014630127781841524,-0.0014816449910753794,0.03350687663225303,0.016591375283780723,0.03184078870499906,0.024187454691122448,0.013063363105055636,0.008135347165070764,0.004202809621333207,0.015499474710803401,0.0020008106024798386,0.0034269334130963653,0.004802595658945842,0.008350518752007395,0.10114708990183974,0.14903873232886103,-0.025950496023868057,0.02639185375829128,0.19543377667513,0.06029179979789294,0.009728161680657658,0.030717221510488425,0.04130586766340404,0.0058697848178291675,-0.0039539814634734285,0.08012053258449972,0.05258925495358113,0.22438093196445252,0.05618267238626653,0.18266921740627062,0.2055905507879761,0.05229110159835095,0.11184211517899054,0.21004162124005962,1.0385481001854078,0.061770031631697954,0.0035233309895709476,0.10092972361378966,0.26203377155059826,0.025535841064105846,0.11334294291490196,-0.02095207548447931,0.028331487499523765,0.007201615682196173,0.048936807119817974,0.003092406558934711,0.00095035459944182,0.009854942206565923,0.0984620451333256,0.09940518270560722,0.05649633734075015,0.03373886237222807,0.2650296431164998,0.021418195839202937
ALMDT.PA,0.03138955156852716,0.024194211495689583,0.028005472595986312,0.020033636198383935,0.019929664081517667,0.016661237423713546,0.021787434138208474,0.023652304305187506,0.024769464388416013,0.025750149379140417,0.042758468587290155,0.017101810335389954,-0.004201437875689103,0.01629730686152093,0.0030758546685753043,0.009750579364578476,0.004353196902892031,0.03537775475729307,0.04801084982207211,0.0433531078480649,0.11545611715680075,0.014840488675346972,0.013326442881690045,0.01524398308266313,-0.003622345135069415,0.0211158041498882,0.04820187888284292,0.049269191242939075,0.007779381889639126,0.010792094147119194,0.00884541632339075,0.007667559297737577,0.01281576154276197,-0.007434285152159199,0.0018222987942775448,0.004439051271559598,0.004646082872334788,0.06843260111154367,0.05354862196859937,0.048410645494494295,0.047606321574183944,0.08740112747842177,0.015044685582074963,0.031656135033938784,0.009226332370088332,0.03291400100226055,0.055469042470269875,0.040029100899515876,0.022989389264577043,-0.005402958298960902,0.01737480936193987,0.0689975957373612,0.03293880237990132,0.017184106592657254,0.04053124217224545,0.038559616562588515,0.020380224410605316,0.061770031631697954,0.7560531173775618,0.01984070410719012,0.0004536300918922782,0.0234387537438546,0.002090767827232883,0.009374096296094776,0.016978385624311202,-0.011215749262884055,0.03163484665709254,0.03103644143221229,0.04020009194085285,0.015639086167294432,-0.024091969763145035,-0.0075540784716235715,0.007398293989968257,0.015579365523699186,0.02216468364871576,0.155788326176662,0.015954752289777586
CU6.AX,0.020830791666779827,0.013804910074901668,0.006702446986598533,0.013483334848525265,0.013779402727334931,0.01104344847410697,0.016812457533011874,0.01349062090231419,0.014680754865770248,0.003982435558294351,0.028807505887602183,0.0027200786927629055,-0.004298008303896586,0.021506992326098456,-0.006981309887224688,0.0062875706208980475,-0.0008196830705210531,0.01886964111128442,0.03419728489481898,0.001206004390341772,0.08805021247365685,0.014325621907142653,0.003742069932931896,0.017192448915896358,-0.0016901980962649825,-0.003755506900534113,0.01987087806442272,0.018651973061137788,-0.004000271408039804,-0.003461713714233848,0.0007046941519362566,0.004919102324109398,-0.0008613629903996361,-0.0023474991122853246,0.00027660330881360776,0.0024358923257452817,-0.0034795188995561574,0.02750548800019794,-0.02532509343643569,0.04767198296967039,0.003193344339781662,-0.0071241509591941235,0.00762310513883059,0.13162551537006606,-0.003405013219498624,-0.049345643676275766,0.12253917315375465,0.1055918585869237,-0.018333173818548567,0.014460006687828073,-0.0030886128360268425,0.026533906096476177,0.029521053796198557,-0.017056809221303218,0.02907040767113083,0.04677569093040383,0.01712637841060656,0.0035233309895709476,0.01984070410719012,0.5195198914076998,-0.026348270211197528,0.009970838127690028,0.02078504217841272,0.02071631782999999,0.02657991888483298,0.05375275058734819,0.06572832296867526,-0.011699051510755941,0.04939837474821855,0.011532150568409385,0.0646361815270391,0.01717301493055036,-0.0748771611139008,-0.001152746026239933,0.03562258949000542,0.039478372406883164,0.02407203633748815
LAES,0.027811178703735603,0.012337023101214251,0.010175663418356136,0.013841863006320291,0.013444029591767824,0.001924479607078563,0.022465003612513544,0.016429042407251047,0.011196673232218818,0.024851623556275387,0.05094491126911585,-0.003382866978329258,0.01787811015903795,0.041488679808229414,0.00706138194499136,0.01139161243196321,0.00887031117754968,0.03896320774051617,0.023782375222595444,0.1004159060949924,0.15606633275208495,-0.00606314418241361,-0.004366933580836023,-0.0021774709442332085,-0.01837716992848249,0.046543709506126976,0.052747993373100585,0.03102852477115385,0.005551507685338797,0.003173084601687748,0.004567473419474386,0.001889290482446914,0.0039658231859452525,-0.00185647362972732,0.00040779386343915854,0.003974670121367415,0.0013956566646683502,0.20036290863192957,0.16132421422016052,-0.06288365130797771,0.015193616073952702,0.258660212341365,0.1720939660537698,0.03732778993201265,0.11108254568068421,0.29232973357456515,0.013291991543164574,0.016446435168036296,0.044321764944343645,-0.018046551722975493,0.13378203499393804,0.03417263729221514,0.7217440505549537,0.12408091280749005,0.02947819387850934,0.26120188738491845,0.17014095392480044,0.10092972361378966,0.0004536300918922782,-0.026348270211197528,2.978219381240904,0.5533133500742534,-0.017999669674831777,0.35971102056948423,-0.00794684335459285,0.13340356392858685,-0.006034035675347056,0.07100120607495998,0.027282559013640434,-0.004158596664470594,-0.025933322065113153,0.1524995008446634,0.07605304232378762,0.2827007640448136,0.02617932786954053,0.5859956649056485,0.000332756287779331
IMSR,0.0927284767005867,0.05141753177245007,0.049828740182594276,0.04723007274051236,0.03854031085581101,0.030311743628352178,0.08903392026846918,0.057664261437641244,0.04723999519272011,0.06938713079801671,0.17848681196628313,0.008621006435304107,0.04593390687486161,0.08528271518686387,-0.07610603008490763,0.08429947712990056,-0.003532218922214457,0.09127093674194128,0.1300660171200735,0.2233638391282169,0.30182998489836865,-0.005930511692143174,-0.029393987403543043,0.06841850502528678,-0.028873400912150286,0.08658862811607052,0.18727101310290103,0.12250251507192103,-0.012977122428336199,0.018473791312352272,0.014586281457549533,0.01182922165658077,0.022122996197104214,-0.006819849223533271,0.015910826924437613,0.02914936953789962,0.004158286827363687,0.4858137061003184,0.2340325522541163,0.01454548065235645,0.0626245067532816,0.6294258489361998,0.4069014092035988,-0.0667877223136728,0.20019141590312825,0.4280556967249538,0.07570705725768212,0.015359513806781286,0.09825673589124198,0.07796114978163027,0.3833966377885003,0.12474700904118066,0.46574157344036926,0.3120436343076566,0.13703976261870893,0.3144266680846637,0.39358959997452075,0.26203377155059826,0.0234387537438546,0.009970838127690028,0.5533133500742534,1.2201233485456993,0.021737879536062665,0.5243256943613789,-0.044153703168177,0.08389249149186762,0.041770764635381555,0.14898324730649556,0.05160260181236251,0.03194049494903821,0.1235898855154591,0.5790238465809885,0.32348388801997296,0.3841271745697124,0.0642030163123317,0.7144663471545486,0.01429653539874744
EMV.AX,0.0034164450380026906,0.005417825653553411,0.004035968442162077,0.005030006705530103,0.004950373493263294,0.004251135007104838,0.007282411123429476,0.006127837816206813,0.004202332661975608,0.007457999536779385,0.003387582352847852,0.004841763469473044,0.0009500851539289067,0.014368324619630946,-0.0015058069174975466,0.0037625273917684934,0.0005507646975522552,0.010101584045312868,0.0050459268878375405,0.01023489261763826,0.04315491131957401,0.009091204559427286,-0.0006238158497692966,0.003916055117337407,0.0034743375172133226,-0.00025417012792179557,0.005307124578413874,0.004709333975481379,0.001015492677326819,-0.0005687769630539612,0.0029493228680979523,0.0010255932450487322,0.0005721006366563023,-5.7326258967465635e-05,-0.0009467439296516431,-0.0024978797949108227,-0.0012002284312281864,0.020984701613698798,0.0007683246311869299,0.03382177184518648,0.0025422829382712457,0.0008359723955151193,0.023662308719658732,0.04827976160438155,0.029030441353876675,-0.019227342022619553,0.03409763464102183,0.06214622970074904,0.01944822967508323,-0.004733947287927906,0.011646995549350123,0.009291749659311663,0.04297895263452295,0.020674731843991434,0.00045571782115800267,0.017263980096242828,0.004376575911840963,0.025535841064105846,0.002090767827232883,0.02078504217841272,-0.017999669674831777,0.021737879536062665,0.30223705210915336,0.005261399083762011,-0.01652347041138242,-0.033641439300102376,0.01588811763356526,-0.02427696952514611,0.04161628841750266,0.010978694847294773,0.020116351011672855,0.010309795360116007,-0.018918683856896885,-0.018648503853967567,0.020943987881567226,0.005562492068471633,0.023283596443521612
SLDP,0.032844012925198174,0.02489747619775943,0.029057608436083286,0.021599033104472764,0.018883403465379648,0.014033126913334975,0.034700155438892794,0.035406896884459964,0.019333294853401024,0.033714943511168334,0.06413865981462165,0.01204712080208456,0.009339541992992577,0.00825807196895689,0.015629272391418238,0.028287572686533667,0.012881472455055734,0.044187140530210924,0.039041697985018796,0.18210434629038574,0.16379693923157052,-0.0009417685190390072,0.0048571602495696455,0.021504459741314284,-0.014782698450137355,0.04990636588920263,0.06563496165848931,0.046982200612470985,0.01293191597437366,0.017470636142005617,0.010445824139210469,0.006891895495845263,0.01685868847192273,-0.005062420095062664,0.002647283555309236,0.006149221671285884,0.011535554020723357,0.20271142946803994,0.14375399268116804,0.011713899762005597,0.013968444921193014,0.2742368605417346,0.09454959099123589,0.011927358280546575,0.09938494712818541,0.16005058728595556,0.002910741338575453,0.016287525980335827,0.07822942338445868,-0.007826615732001933,0.24430313030048717,0.05683592343466315,0.503496086541262,0.24086415153999716,0.09447117895811036,0.14668413698293933,0.2513760401019899,0.11334294291490196,0.009374096296094776,0.02071631782999999,0.35971102056948423,0.5243256943613789,0.005261399083762011,0.7857712616013603,0.009206312766296626,0.044420398945694474,0.0680465241382218,0.08413294500951737,0.037638859310842994,0.011633112429817231,0.036914937690645855,0.14996113517035722,0.06909270395870007,0.10111902139844287,0.02618267249621819,0.6452601269407283,0.00012204400264372945
HYT.AX,0.007663159532408988,0.010166243220528115,0.015335412774372505,0.009258843044602217,0.009858333500460288,0.01197325243767354,0.005324619495124134,0.00929714462124977,0.010883183089295867,0.006394190088302046,0.013994935946672168,0.015622837787354597,0.00301669880345969,0.0036867226539934236,0.023572470079723185,0.015582506867759019,0.014259556195552577,0.024536574043383833,0.022309322064272524,-0.026311983557912807,-0.22930488674989746,0.00807297611684283,0.022812807897775435,0.014416674822388106,0.0015681763167500677,0.00819283877489088,0.021799463567733164,0.02036375660427497,0.01664252095150367,0.006231211053600392,0.0035678133376134133,0.0032596323879928242,0.0056584763118453785,-0.0051986502236514315,0.0009359336703854508,-0.0020365096418150357,0.010177493120881276,-0.008124397957867688,-0.0139780666114281,-0.05826869937049675,-0.015564881167395978,-0.019326936775346415,0.029363092799407145,-0.001694010663290924,0.04360959275838045,-0.020233835220579265,0.04156102530169625,0.022367960820786632,-0.03699810610416532,0.02574107407405773,-0.019332747610604318,0.017908697213247705,-0.014445553261195206,0.012552933684439,-0.04137882949144517,0.08507822388915989,-0.009459146771055528,-0.02095207548447931,0.016978385624311202,0.02657991888483298,-0.00794684335459285,-0.044153703168177,-0.01652347041138242,0.009206312766296626,1.0045075039296263,0.049575746866724044,-0.006271191018377423,0.11779990868517332,-0.014852965179986825,0.029570535559728727,-0.003939373937911503,0.004905216811761309,0.014100540533130038,-0.02857842057454879,0.0529321322365276,0.08675614862532813,0.02213112627004591
MSCL.TO,0.0031824903708486834,0.005400131178469306,0.007819620861327028,0.0028059027172546245,0.0017024479846361536,0.0047837512188684895,0.005998722053124503,0.0005871348802781011,0.0073554122059343524,0.00783022531841612,0.005766427839610656,0.012254075553635467,0.014171657110910589,0.022460680300173626,0.01961962960515072,0.006541908564418529,0.016556925492957304,0.020801152291232073,0.006202145290614124,0.03626475140849861,-0.05465465972587873,0.006368261181795384,0.0057900034620409525,0.016352146669321208,0.002163430448668332,0.017784307607448556,0.013226608645539626,0.01132152413145171,0.005219427236005109,0.006218473852497309,0.004070281426125916,0.0023102773600156045,0.005687267478662862,-0.001930340786880901,-0.0011595031214083245,-0.0021590776876681023,0.002062007662968013,0.056268038669684745,0.01635906665443968,-0.012398315399579501,-0.017340686993561727,0.09627227150149018,-0.017629642375742244,0.03811860960412506,0.041964218215613185,0.017235639678714984,0.027308631017153286,0.012062710223115782,0.05291455482421188,-0.015099765293115441,-0.010240356724506017,0.006620665363491429,0.06066338455324799,0.03553471326321826,0.018091552040035788,0.006048167562396983,0.06452212307813487,0.028331487499523765,-0.011215749262884055,0.05375275058734819,0.13340356392858685,0.08389249149186762,-0.033641439300102376,0.044420398945694474,0.049575746866724044,0.9998302414220904,0.03289450146543803,0.021220200611716644,-0.00854203528784991,-0.0040884801717405665,0.018988165846308892,0.01694508149745969,-0.07772803967907352,0.0121453392299819,0.012701476577928889,0.1260839450746288,0.008588674456884476
2498.HK,0.02017239068328258,0.015338742397745055,0.01635123310218556,0.014276600041512325,0.012991888446347515,0.010617042817094155,0.02384261996657585,0.016098252366816588,0.015012477768513076,0.01725576195285114,0.032466818294209186,0.010018808379530831,-0.0004387041336341814,0.02450648502541357,-0.002964878639346586,0.013901648664105336,0.004511284192623685,0.026814803043917354,0.02911739061137105,0.010418539473308177,0.0751702192050428,0.01282540159029043,0.001279060178069643,0.026375134506055338,-0.0052963656791706025,0.004691501916340867,0.03817725001391837,0.022719713541323412,-0.002402718801297916,0.003485576123560626,0.0012287324626375383,0.00561997653618297,0.0036862842557405908,-0.00591952051930723,0.00044258222945706556,-0.0009429949200991312,0.003908288349726667,0.053736353329025224,0.028201008460011764,-0.021810265211030022,0.006616492830961148,0.08272659762534068,0.00237114442815675,0.05796839540228256,-0.015435076428535052,-0.014160146770436201,0.09096323699154317,-0.02052157867726953,0.006249511483695252,0.025049232257878126,0.06348363851764594,0.05069142481414572,0.13706289787688475,0.01040412658471992,0.014154788841082021,-0.02044192225568834,0.07496514699341508,0.007201615682196173,0.03163484665709254,0.06572832296867526,-0.006034035675347056,0.041770764635381555,0.01588811763356526,0.0680465241382218,-0.006271191018377423,0.03289450146543803,0.7350593627563686,0.007793950738539753,-0.04651789278302346,-0.0154983209894045,-0.02346756764124522,0.06193614866973053,0.007949606261058615,0.035870505378837694,-0.007941271882735221,-0.007813061146347569,-0.012483808641052
GFUZ,0.02157209507583386,0.004797962473177514,0.012668736583208318,0.010371324611520103,0.0066180032283283,0.0011876843551683375,0.021963496463831535,0.011837161409575272,0.008624363660729141,0.03386137750521721,0.04753255192826898,-0.008159003830143978,0.013136191759498917,0.012063478627410827,-0.0020813447931600816,0.02871410822142788,0.006318710069380975,0.01119194124066012,0.020016091271012636,-0.00016069528001858049,-0.07793919447927622,-0.019052464375698117,-0.0126652962648246,0.002640397885533166,-0.006321707420207273,0.034133911914739315,0.022961019628424,0.028617090860627026,0.010361916466820801,0.008499467318952484,0.004406219838619375,-0.0011186978105412844,0.007813359644930915,0.00029508521912881064,0.0020778348480842857,0.003171152384404091,0.0005353401450433774,0.03870497234340099,-0.006556174188925552,0.029919360117167313,0.03141407936955204,0.08810121956199064,0.03672074687943523,-0.0365711348097251,0.010523471881751945,0.05799716698732142,0.01484367015822012,-0.019701523203516782,0.01988142322182347,-0.01110446790219038,0.032631147509430775,0.038195527932410614,0.06223109301102929,-0.004376037819252772,0.0371137955071401,0.05244595087448671,0.03856268879998696,0.048936807119817974,0.03103644143221229,-0.011699051510755941,0.07100120607495998,0.14898324730649556,-0.02427696952514611,0.08413294500951737,0.11779990868517332,0.021220200611716644,0.007793950738539753,0.5183540334552483,0.01742936427624487,-0.01927744665202838,-0.004983149256429235,0.06691092439899439,-0.03211146645280931,0.019061030481658053,0.05081557706640527,0.06473512175706597,0.04543125789753745
AXE.AX,0.011154266039788774,0.009700277316309746,0.006576746179813968,0.007524626663929383,0.008409980996325147,0.004339528368381349,0.0081327497629285,0.009237962914713706,0.008174831882891876,0.0030974802607763867,0.01460452473314824,0.003297722828456623,0.0011887786395177566,0.012708256213706245,0.0026685448526111094,0.00020780188670589504,-0.0007877459421854469,0.010243187214546177,0.006020917511350834,0.006527196217096189,-0.021083094592218223,-0.002154650965941183,0.005873438881508662,0.00369927527909959,-0.001494066837619603,-0.00831061197166195,0.01905057469004076,0.016389202610447417,-0.003410085289211575,-0.0011148705303729435,0.0025380747247492107,0.0013248072179881925,0.0014562155402997427,-0.001685430539513638,0.0024771638452286034,0.005547166519869889,-0.0020496865584292835,0.024389144598581852,-0.013469953913383952,0.04285307341063616,0.011688086405404918,0.02294024355905447,-0.0076895884860839,0.09826091388459816,0.020381114525971064,0.07275057491147635,0.12164135738978225,0.10865709150545408,0.01643709469184246,0.007014100049427542,0.01633465048562331,0.023024157378430124,0.07238588126723972,-0.00305626019654987,0.02997308188867464,0.026815066909532375,0.02109519879150107,0.003092406558934711,0.04020009194085285,0.04939837474821855,0.027282559013640434,0.05160260181236251,0.04161628841750266,0.037638859310842994,-0.014852965179986825,-0.00854203528784991,-0.04651789278302346,0.01742936427624487,0.6802193970148415,0.01621294789432672,0.05280173669715284,0.0004974511391420785,0.036017245648751715,-0.012220720979495302,0.005104404880046744,0.0082362875017825,0.02346012886413295
MOLN.SW,0.016025794519989412,0.011485884829265124,0.01106382578583457,0.008824831671479743,0.009717841453208684,0.006163427175228434,0.00808931061196146,0.010047197511397616,0.008227568492395835,0.008115717763650353,0.021507903433200082,0.008247727435574987,-0.0010431045549267614,0.013842721176813347,-0.00441091990559671,0.0069521114088571066,-0.005232460221115407,0.016800366682001924,0.017077329362414906,0.019825455314116294,0.011079546083804098,0.008391198243091806,-0.0010299188988895788,0.007645767267760069,0.001944111427582327,0.005125018438343903,0.024658337382907635,0.011146052787796953,0.001652729243082037,0.0034867479237475065,0.0047051207181331885,0.0034996593695429752,0.003908085627293537,-0.0019499593717847677,0.0022405442228686486,0.002935646212601839,-0.004878309471217392,0.01633474879089513,0.032940120510053975,0.00798956177984662,0.005431379408513541,0.033099303119751095,-0.01322126696070727,0.03945536986198207,0.0011542856297473525,-0.031064890065945164,0.03237754297094285,0.04791581386399985,0.0035878867817876244,-0.012613474848770618,0.03838512682135757,0.014070017161213623,0.006805677081561616,0.01854464392281044,0.019090933233194874,0.021524405662610147,0.006581656735602348,0.00095035459944182,0.015639086167294432,0.011532150568409385,-0.004158596664470594,0.03194049494903821,0.010978694847294773,0.011633112429817231,0.029570535559728727,-0.0040884801717405665,-0.0154983209894045,-0.01927744665202838,0.01621294789432672,0.4448203233617692,0.03755678543078836,-0.003118034428939041,0.041226716872982586,-0.00620047737893132,0.006702901935128977,-0.006577419554931251,0.00751031535268015
LIS.AX,0.018691700637048586,0.011020281540463864,0.005984147242121337,0.011302152504337297,0.011532971414356672,0.009296284029502298,0.013934391008622864,0.011311085887527375,0.009676815629654643,0.001120155077229288,0.024142267800361383,0.002143970571502349,-0.0009339076062798942,0.01795690013709464,-0.02034584544524717,0.011573476021736837,-0.006341578398144466,0.011287182224292164,0.012364526630279381,0.017732797564182827,-0.07894273773494989,0.005405463384545458,-0.00010396050971701347,0.02276572113635976,0.005739124074353329,-0.0019978380361160646,0.02234887576682236,0.004515692392147132,-0.005406478092462862,-0.0027841108014189917,-0.00021376218957980893,0.003725554473101243,-0.003794612134492621,-0.004324891087059798,-0.0022669395179369797,-0.006939490904644846,-0.0062286314061583605,0.0020477515827115773,0.019792604573837122,0.041371673910520546,0.02803155541404191,0.04836641362166309,-0.005525013904594072,0.05764127837803086,0.009427549468077383,0.03951279289224678,0.0993473241468733,0.10414858005448915,-0.0038049808075398973,0.0014086291360110837,0.013086001603981559,0.015090903721385008,0.012140734212384766,0.04631438402804931,0.036023819121665066,0.06208997635994133,-0.008955386258969453,0.009854942206565923,-0.024091969763145035,0.0646361815270391,-0.025933322065113153,0.1235898855154591,0.020116351011672855,0.036914937690645855,-0.003939373937911503,0.018988165846308892,-0.02346756764124522,-0.004983149256429235,0.05280173669715284,0.03755678543078836,0.755811026868367,-0.04309930623393405,-0.021844539434768,0.000358692603139253,-0.006996958834573797,0.03163273303626801,0.01896445032440119
GSIT,0.05000839885647174,0.022084888026014028,0.04054113227511277,0.029708790774812338,0.02656654446230229,0.02081981978917732,0.04253520631901866,0.032226538489181174,0.026600908757047334,0.045187582114886445,0.08949331165383073,0.02183523819379848,0.017926905679732253,0.004608574056462389,0.0016914108521094593,0.06075645079558842,0.019972842799309422,0.050884078553628656,0.05860997247133548,0.13113454806846175,0.222621632011273,0.002579509038313809,0.01859594848155188,0.035980403643118164,-0.013366838587481368,0.05700895274688765,0.09226874048792894,0.0694231427755953,0.018466256782027984,0.018536846333430418,0.008414466872048922,0.007368658416542056,0.018168286677143618,-0.005693334547788646,0.0009509559074324484,0.002015467802025819,0.01980078161658531,0.1437506395248906,0.11822750822233782,-0.029586530312458753,-0.0030732081379982717,0.2554706429551239,0.12677991609539818,0.02781304942992995,0.022785912510394433,0.16706443162440449,0.011856432446105847,0.029307383979827014,0.09241535639663985,0.06527583663553432,0.1803750061342747,0.02138572632404212,0.20222753581143305,0.15773806285264566,0.05433796809177796,0.19376815436378483,0.2269978194842463,0.0984620451333256,-0.0075540784716235715,0.01717301493055036,0.1524995008446634,0.5790238465809885,0.010309795360116007,0.14996113517035722,0.004905216811761309,0.01694508149745969,0.06193614866973053,0.06691092439899439,0.0004974511391420785,-0.003118034428939041,-0.04309930623393405,2.3147697110814613,0.20818992459143792,0.12598016628651543,0.052259761356267566,0.2047813280431135,0.010305112565282631
BIOA,0.027321742767098922,0.017492279994393747,0.020859961104892716,0.013438308728630277,0.012354228014386041,0.01087150968754148,0.011508752820234334,0.018734345537555434,0.014705391335445902,0.02778486937938327,0.03039864802999965,0.01773563871532989,0.016448781824899714,0.032642352675828025,-0.04378508783041657,0.021758624968561888,-0.004970456900774373,0.023956701995501123,0.04373596498594853,0.09732060169035552,0.3215681694181436,0.008719871779512531,-0.026523225849258196,0.021141014215902268,0.005073730921466565,0.02685055850147042,0.020017827189522785,0.02663774802820361,0.0187542801707365,0.009352388928571124,0.0056527072772431936,0.006792624447993738,0.011595588087515572,0.002508340862906001,0.009656533994038874,0.018560664965793852,0.0010311212535253707,0.10702457447944741,0.13758245927087584,-0.01163074066466108,0.029747411888652712,0.24570851837925653,0.07238851231026437,-0.03117178877922263,0.09454631322719904,0.07451578432739157,0.04134635416391076,-0.0008180488873138438,0.03592217279255944,0.029165872787553622,0.2076016677268196,0.025595913511417108,-0.13611872063295538,0.15838988533742362,0.009822158743460764,0.12535938217157022,0.2399094276429245,0.09940518270560722,0.007398293989968257,-0.0748771611139008,0.07605304232378762,0.32348388801997296,-0.018918683856896885,0.06909270395870007,0.014100540533130038,-0.07772803967907352,0.007949606261058615,-0.03211146645280931,0.036017245648751715,0.041226716872982586,-0.021844539434768,0.20818992459143792,1.1267362955210147,0.1296692375296441,-0.006831931738152382,0.2794933849472977,-0.005224529821482299
AISP,0.00704093650616267,0.009557113834824063,0.01072120580162363,0.005149299030671645,0.004693846584417844,0.002577433094117595,0.009602090682050186,0.00703545649016179,0.006153712952936053,0.017384345030750634,0.01830017096538622,0.0015861450851589716,0.00263502885784445,0.02039136708269484,-0.0014791808878197978,0.01670783713955106,0.0026388862369011476,0.006799371080721737,0.01757427946484639,0.09103412349079201,0.12072613149246939,-0.008818065316946554,-2.3510750831964328e-05,0.016989469235317974,-0.01650782811727826,0.012245070935385717,0.020965270175926802,0.014454097993945692,0.010374121447471098,0.008865034144730227,0.001362523322885899,0.0009615961466070535,0.007641706416387229,-0.0025478080735185185,0.0033836968312971126,0.005528735514157861,0.009649676886036353,0.08034448819598858,0.061047588907132064,0.001803868248046536,-0.007767663325815473,0.12189386878774859,0.08997296750168483,-0.019492627621873128,0.04733200306427146,0.10471324724727955,-0.025644602953155154,-0.03203170877149921,0.058163538206783175,-0.0407476875935085,0.027253522888888666,0.009370214889162884,0.08877435972783201,0.07887960572978714,0.003907957834680573,0.06790824325772216,0.07786876222263908,0.05649633734075015,0.015579365523699186,-0.001152746026239933,0.2827007640448136,0.3841271745697124,-0.018648503853967567,0.10111902139844287,-0.02857842057454879,0.0121453392299819,0.035870505378837694,0.019061030481658053,-0.012220720979495302,-0.00620047737893132,0.000358692603139253,0.12598016628651543,0.1296692375296441,1.687211361498664,-0.021337518174488476,0.48863860911891577,-0.008435396345128746
FTC.L,0.017209135673143278,0.01364063532284588,0.010905195262229267,0.01266415083284313,0.011443379000407601,0.010408390362306265,0.016748299947169833,0.012438825460894469,0.012849076487239526,0.01409274347005561,0.026085025997742657,0.005435647921769474,0.006031498169827433,0.02218414209082703,-0.00548451709390819,0.01677110587046068,0.0008589535792453728,0.010237096925683668,0.03721624001510218,0.016856930425610962,0.1333102821840264,0.003566054017127023,0.004462651314194628,0.013377643823411955,-1.4151445687601134e-09,0.004796599011296041,0.02314208279513366,0.023985623196963634,-0.0025601485344106073,0.0030823003948236205,0.004136930001987112,0.0031312057028410924,0.005120037194359583,-0.002267317938668027,0.00028961829007546555,-0.001057253016186361,0.0015189074125174246,0.035072436703088364,-0.003536600439067844,0.039490417604890096,0.036281388050888916,0.011006991081950652,-0.003238746445465881,0.018832124105211782,0.02606294373948872,0.00736764259052381,0.04188518787393835,0.03981313533061043,-0.006048503260555721,0.02969742596820929,-0.003187211215607906,0.013761419112238337,0.012691398350795254,0.011024616265367888,0.02611826033307516,0.058314405108039785,-0.0018380556746162042,0.03373886237222807,0.02216468364871576,0.03562258949000542,0.02617932786954053,0.0642030163123317,0.020943987881567226,0.02618267249621819,0.0529321322365276,0.012701476577928889,-0.007941271882735221,0.05081557706640527,0.005104404880046744,0.006702901935128977,-0.006996958834573797,0.052259761356267566,-0.006831931738152382,-0.021337518174488476,0.40730857717819996,0.00023334236885666018,0.026584104578435006
BTQ,0.058755093914919565,0.03971356068832302,0.030118117103775027,0.032721074717104684,0.030202368597751078,0.022945065259465307,0.04934359132811456,0.038099236589833566,0.028924660010786862,0.03251945975908958,0.0911927806914177,0.003574504210498821,0.08095440378142306,0.10926730960440587,-0.07560516859818697,0.07437866715582356,-0.010571107479231106,0.07706438722299334,0.11933718533184244,0.23930152004351923,0.40711188579195745,-0.019124574658993247,-0.01901748216207453,0.05466813127664773,-0.047482849256141796,0.11733891708755714,0.08153254055378514,0.07966214920305162,0.0026734647033526075,0.005898492486485616,0.0030474091550993336,0.007118796927699374,0.006677314009474418,-0.004624193737231512,0.01323464631483793,0.029359636259954587,0.005948373984958141,0.30949004422470594,0.25144302350039205,-0.043490056544467415,0.12439761876881608,0.561092088165272,0.31608395533013267,0.05009775098406484,0.3870307305301339,0.3682225798145289,0.1127499649626867,-0.0026350371705460736,0.13051978427300526,0.04080710614923248,0.32399519335071436,0.152146976143327,0.5550952740322371,0.28438516695863136,0.1587736488733666,0.2139357279453199,0.3223807284374146,0.2650296431164998,0.155788326176662,0.039478372406883164,0.5859956649056485,0.7144663471545486,0.005562492068471633,0.6452601269407283,0.08675614862532813,0.1260839450746288,-0.007813061146347569,0.06473512175706597,0.0082362875017825,-0.006577419554931251,0.03163273303626801,0.2047813280431135,0.2794933849472977,0.48863860911891577,0.00023334236885666018,2.059982971524869,0.008130684954450827
BGO.L,0.009920677101426257,0.010800418368310274,0.008505119872562838,0.009262120617657897,0.009358409389589588,0.009109466826000676,0.008351478959834808,0.011391211022588716,0.011129218966387902,0.008598097910344804,0.011867097370819233,0.006876578085802908,0.0032645982767385306,0.0143979585488016,0.004158717620114211,0.00978544977180296,0.0007666431588582777,0.023376533528959353,0.018584418595538388,-0.0033861282937955386,0.0013289891573540886,0.002526529301894081,0.007076896488420031,0.01421020483020843,0.004680838354721233,0.0019365092044927017,0.009421570281737766,0.014849359997208388,0.0029461411586923407,0.0023738544304948003,0.003213954965647991,0.0023652233727629304,0.0028660445840353547,-0.001985890322842191,0.00037004472605319433,0.00021884366271432808,0.0008608809096376719,0.011997184665032181,-0.009007326380928864,0.03240141966285595,0.01700959599172188,0.0033465955031872713,0.0009366610950727234,0.01995235019380369,0.0011990909314752544,-0.03849544700350964,0.021572250169281083,0.01610473410014068,-0.0014509709799671643,0.015443937694527954,-0.0038338556006433976,0.0130256704779085,0.002996941140546919,-0.012759720653219373,0.022038379876486353,-0.03315886457191752,0.004190281679453056,0.021418195839202937,0.015954752289777586,0.02407203633748815,0.000332756287779331,0.01429653539874744,0.023283596443521612,0.00012204400264372945,0.02213112627004591,0.008588674456884476,-0.012483808641052,0.04543125789753745,0.02346012886413295,0.00751031535268015,0.01896445032440119,0.010305112565282631,-0.005224529821482299,-0.008435396345128746,0.026584104578435006,0.008130684954450827,0.2397195161934027
