,GBPUSD=X,GBPEUR=X,GBPCAD=X,GBPAUD=X,GBPHKD=X,GBPJPY=X,GBPCHF=X,GBPSEK=X
2016-09-16,1.3247665166854858,1.1778000593185425,1.7427899837493896,1.7628999948501587,10.275580406188965,135.1020050048828,1.2862999439239502,11.220000267028809
2016-09-19,1.3016257286071775,1.1661399602890017,1.7176300287246704,1.7350300550460815,10.09689998626709,133.12100219726562,1.274839997291565,11.147649765014648
2016-09-20,1.3044612407684326,1.166599988937378,1.721660017967224,1.7303099632263184,10.116979598999023,132.82000732421875,1.2773900032043457,11.163820266723633
2016-09-21,1.2985326051712036,1.163699984550476,1.7113699913024902,1.7179800271987915,10.071000099182127,131.83200073242188,1.2710800170898438,11.158300399780272
2016-09-22,1.3036110401153564,1.1647000312805176,1.7052099704742432,1.7076400518417358,10.107580184936523,130.8459930419922,1.2684500217437744,11.147899627685549
2016-09-23,1.3087291717529297,1.167099952697754,1.7071800231933594,1.7107800245285034,10.145600318908691,131.927001953125,1.2678799629211426,11.178680419921877
2016-09-26,1.297858476638794,1.1543999910354614,1.7064000368118286,1.704200029373169,10.0649995803833,130.92999267578125,1.257789969444275,11.069109916687012
2016-09-27,1.2969495058059692,1.1524699926376345,1.715190052986145,1.6987899541854858,10.055500030517578,130.1199951171875,1.256420016288757,11.075770378112791
2016-09-28,1.301236271858215,1.1598000526428225,1.718369960784912,1.696239948272705,10.08917999267578,130.6699981689453,1.2627099752426147,11.180509567260742
2016-09-29,1.3039510250091553,1.1613999605178833,1.7029000520706177,1.6948299407958984,10.110079765319824,131.60499572753906,1.2649999856948853,11.161199569702148
2016-09-30,1.2963443994522097,1.1553000211715698,1.7050100564956665,1.699480056762695,10.053179740905762,131.1699981689453,1.252400040626526,11.112879753112791
2016-10-03,1.293159246444702,1.1507999897003174,1.6979199647903442,1.691580057144165,10.027199745178224,131.31199645996094,1.256700038909912,11.095410346984863
2016-10-04,1.2848516702651978,1.1464999914169312,1.6860899925231934,1.6725300550460815,9.968379974365234,130.86700439453125,1.2518099546432495,11.017419815063477
2016-10-05,1.273236632347107,1.1354999542236328,1.6796000003814695,1.672510027885437,9.873900413513184,130.9499969482422,1.245569944381714,10.943079948425291
2016-10-06,1.2755101919174194,1.1378999948501587,1.6805299520492554,1.6732699871063232,9.893280029296877,131.94700622558594,1.2421000003814695,10.956780433654783
2016-10-07,1.2402331829071045,1.1122499704360962,1.638399958610535,1.6353800296783447,9.610980033874512,128.57899475097656,1.215000033378601,10.697870254516602
2016-10-10,1.2434717416763306,1.1104999780654907,1.6475399732589722,1.635890007019043,9.645079612731934,128.08900451660156,1.2155200242996216,10.730050086975098
2016-10-11,1.2341108322143557,1.1074999570846558,1.6245299577713013,1.6236000061035156,9.572500228881836,127.94000244140624,1.2117700576782229,10.67080020904541
2016-10-12,1.2278977632522583,1.1098999977111816,1.6233500242233276,1.6216399669647217,9.521080017089844,126.80799865722656,1.2122700214385986,10.816280364990234
2016-10-13,1.218769073486328,1.1065000295639038,1.6177200078964231,1.6126999855041504,9.453180313110352,127.10700225830078,1.2065000534057615,10.793780326843262
2016-10-14,1.222195029258728,1.1059999465942385,1.613379955291748,1.6157100200653076,9.47998046875,126.76000213623048,1.2058600187301636,10.750410079956056
2016-10-17,1.2183235883712769,1.1104999780654907,1.6003999710083008,1.6031800508499146,9.447580337524414,126.7020034790039,1.2061400413513184,10.76966953277588
2016-10-18,1.2218962907791138,1.1092900037765503,1.6025999784469604,1.599310040473938,9.478779792785645,126.875,1.207129955291748,10.749899864196776
2016-10-19,1.230466365814209,1.1205999851226809,1.61257004737854,1.6031700372695925,9.545980453491213,127.78500366210938,1.2180700302124023,10.868370056152344
2016-10-20,1.2289540767669678,1.1195000410079956,1.614009976387024,1.5907000303268433,9.53477954864502,127.06700134277344,1.215620040893555,10.857399940490724
2016-10-21,1.2256402969360352,1.1211999654769895,1.6210399866104126,1.6056900024414062,9.50819969177246,127.59500122070312,1.2162100076675415,10.866600036621094
2016-10-24,1.2219113111495972,1.1224000453948977,1.6310399770736694,1.6068400144577026,9.477680206298828,126.9499969482422,1.2143000364303589,10.891440391540527
2016-10-25,1.2217471599578855,1.1237000226974487,1.6308300495147705,1.6089999675750732,9.475500106811523,127.43900299072266,1.2143399715423584,10.89173984527588
2016-10-26,1.217581868171692,1.1181999444961548,1.6255600452423096,1.5914100408554075,9.443079948425291,126.79900360107422,1.2109500169754028,10.869000434875488
2016-10-27,1.2235409021377563,1.1211999654769895,1.636080026626587,1.5994999408721924,9.48960018157959,127.9250030517578,1.2151999473571775,10.896109580993652
2016-10-28,1.2171372175216677,1.1162999868392944,1.628980040550232,1.6034599542617798,9.436699867248535,128.02699279785156,1.2093100547790527,11.047510147094728
2016-10-31,1.2215979099273682,1.111600041389465,1.6367499828338623,1.6073800325393677,9.469679832458496,127.6959991455078,1.2057900428771973,10.999019622802734
2016-11-01,1.223690629005432,1.11489999294281,1.6416800022125244,1.6082500219345093,9.486599922180176,128.25100708007812,1.2102899551391602,11.054200172424316
2016-11-02,1.2238553762435913,1.1066999435424805,1.6386499404907229,1.6005500555038452,9.488900184631348,127.37000274658205,1.1931699514389038,10.966500282287598
2016-11-03,1.230466365814209,1.1085000038146973,1.647779941558838,1.6076699495315552,9.540679931640623,127.18699645996094,1.1971900463104248,10.977760314941406
2016-11-04,1.2468827962875366,1.1229000091552734,1.6694999933242798,1.6221699714660645,9.667499542236328,128.46400451660156,1.2144999504089355,11.18000030517578
2016-11-07,1.248907208442688,1.124899983406067,1.6679500341415403,1.6262400150299072,9.683979988098145,130.10000610351562,1.2164000272750854,11.189849853515623
2016-11-08,1.2399256229400637,1.1217000484466553,1.657729983329773,1.6063499450683594,9.61478042602539,129.4810028076172,1.207550048828125,11.17494010925293
2016-11-09,1.2388503551483154,1.1239999532699585,1.6465799808502195,1.5990300178527832,9.604999542236328,130.0780029296875,1.2130000591278076,11.114879608154297
2016-11-10,1.242081642150879,1.1369999647140503,1.6654000282287598,1.6234099864959717,9.629899978637695,131.44000244140625,1.222540020942688,11.242070198059082
2016-11-11,1.2553352117538452,1.1527999639511108,1.690600037574768,1.648900032043457,9.736000061035156,134.11000061035156,1.239240050315857,11.341400146484377
2016-11-14,1.2573871612548828,1.1612000465393066,1.7003799676895142,1.665220022201538,9.75327968597412,134.35299682617188,1.2439700365066528,11.450389862060549
2016-11-15,1.2520345449447632,1.1642999649047852,1.6945500373840332,1.6539000272750854,9.710780143737791,135.43600463867188,1.248170018196106,11.44884967803955
2016-11-16,1.2456402778625488,1.160899996757507,1.6755000352859497,1.6486300230026243,9.658499717712402,135.77699279785156,1.2469700574874878,11.436490058898926
2016-11-17,1.2442454099655151,1.1617000102996826,1.6700600385665894,1.6597900390625,9.648880004882812,135.3300018310547,1.2450499534606934,11.4158296585083
2016-11-18,1.2410026788711548,1.1680999994277954,1.6793700456619265,1.6771399974822998,9.624679565429688,136.8000030517578,1.2497999668121338,11.463170051574709
2016-11-21,1.2324377298355105,1.164199948310852,1.6645900011062622,1.6826499700546265,9.557680130004885,136.7310028076172,1.2458300590515137,11.41117000579834
2016-11-22,1.2493752241134644,1.1740000247955322,1.6748000383377075,1.6941299438476562,9.68929958343506,138.2209930419922,1.2589399814605713,11.502829551696776
2016-11-23,1.2423903942108154,1.1680999994277954,1.6684800386428833,1.676740050315857,9.63387966156006,137.89199829101562,1.255769968032837,11.44186019897461
2016-11-24,1.2433171272277832,1.1787999868392944,1.6782100200653076,1.6855499744415283,9.6427001953125,139.93299865722656,1.2646700143814087,11.540599822998049
2016-11-25,1.2452834844589231,1.1787999868392944,1.67985999584198,1.6786400079727173,9.656780242919922,141.0500030517578,1.265910029411316,11.50984001159668
2016-11-28,1.248127818107605,1.1760200262069702,1.6868200302124023,1.6760599613189695,9.679499626159668,140.57699584960938,1.2634899616241455,11.518070220947266
2016-11-29,1.2411566972732544,1.1680999994277954,1.6630699634552002,1.6554800271987915,9.622980117797852,138.5760040283203,1.2560499906539917,11.410799980163574
2016-11-30,1.249219298362732,1.1727999448776243,1.6773899793624878,1.66867995262146,9.686880111694336,140.46099853515625,1.2634899616241455,11.456299781799316
2016-12-01,1.2517211437225342,1.181399941444397,1.6802699565887451,1.694000005722046,9.706500053405762,143.5449981689453,1.272699952125549,11.548959732055664
2016-12-02,1.2589701414108276,1.180500030517578,1.6749800443649292,1.6961100101470947,9.762479782104492,143.38400268554688,1.2719999551773071,11.60006046295166
2016-12-05,1.266784906387329,1.1970000267028809,1.6878900527954102,1.7021299600601196,9.826780319213867,143.7899932861328,1.2845699787139893,11.70298957824707
2016-12-06,1.2728476524353027,1.183109998703003,1.6889300346374512,1.7027900218963623,9.868379592895508,144.88400268554688,1.2813600301742554,11.610600471496582
2016-12-07,1.2671059370040894,1.1818000078201294,1.6818000078201294,1.6956100463867188,9.82509994506836,144.49000549316406,1.2795000076293943,11.56698989868164
2016-12-08,1.262785792350769,1.173449993133545,1.6699899435043335,1.686669945716858,9.793479919433594,143.58599853515625,1.2712299823760986,11.451009750366213
2016-12-09,1.258494853973389,1.1845099925994873,1.659980058670044,1.6864500045776367,9.757280349731444,143.5050048828125,1.2780499458312988,11.47506046295166
2016-12-12,1.2597631216049194,1.194100022315979,1.6533000469207764,1.6911699771881104,9.773679733276367,145.3730010986328,1.2823100090026855,11.585630416870115
2016-12-13,1.2675877809524536,1.190999984741211,1.6635899543762207,1.690410017967224,9.832679748535156,145.75799560546875,1.2841399908065796,11.610179901123049
2016-12-14,1.2663036584854126,1.1912000179290771,1.6627899408340454,1.6892499923706057,9.818599700927734,145.8730010986328,1.2809900045394895,11.60219955444336
2016-12-15,1.253824234008789,1.1921000480651855,1.665310025215149,1.6916799545288086,9.72480010986328,146.92799377441406,1.2810900211334229,11.630209922790527
2016-12-16,1.2423903942108154,1.192199945449829,1.6561299562454224,1.6859400272369385,9.638699531555176,146.88900756835938,1.279129981994629,11.679909706115724
2016-12-19,1.248907208442688,1.1950000524520874,1.6660399436950684,1.7128100395202637,9.69760036468506,147.11000061035156,1.282099962234497,11.681900024414062
2016-12-20,1.2390038967132568,1.1902999877929688,1.6603200435638428,1.7084300518035889,9.620100021362305,144.97900390625,1.2723499536514282,11.60912036895752
2016-12-21,1.2365524768829346,1.1895999908447266,1.6529799699783323,1.7007700204849243,9.600279808044434,145.7449951171875,1.2720400094985962,11.558270454406738
2016-12-22,1.2354830503463743,1.184399962425232,1.6588900089263916,1.7072700262069702,9.586199760437012,145.26300048828125,1.2678899765014648,11.3927001953125
2016-12-23,1.2285012006759644,1.176800012588501,1.655949950218201,1.7010600566864014,9.535699844360352,144.35699462890625,1.2596900463104248,11.322199821472168
2016-12-28,1.227596402168274,1.1730999946594238,1.6658999919891355,1.7070000171661377,9.523880004882812,144.1929931640625,1.2613500356674194,11.316490173339844
2016-12-29,1.2224938869476318,1.1730999946594238,1.656000018119812,1.7013100385665894,9.482080459594728,143.1179962158203,1.2567700147628784,11.23208999633789
2016-12-30,1.2288031578063965,1.1614999771118164,1.6555999517440796,1.6978800296783447,9.525779724121094,142.8300018310547,1.2494200468063354,11.132630348205566
2017-01-03,1.228199481964111,1.173799991607666,1.6502699851989746,1.706760048866272,9.52530002593994,144.25999450683594,1.2575700283050537,11.19320011138916
2017-01-04,1.2245597839355469,1.1750099658966064,1.6429599523544312,1.6934700012207031,9.496000289916992,144.0279998779297,1.2560399770736694,11.20259952545166
2017-01-05,1.2326807975769043,1.173609972000122,1.6389399766921997,1.691349983215332,9.557979583740234,144.322998046875,1.2571200132369995,11.20911979675293
2017-01-06,1.2425447702407837,1.1710000038146973,1.6433500051498413,1.6927000284194946,9.632579803466797,143.17300415039062,1.2540899515151978,11.174779891967772
2017-01-09,1.2260912656784058,1.1638000011444092,1.622599959373474,1.6764999628067017,9.50487995147705,143.58700561523438,1.247040033340454,11.105660438537598
2017-01-10,1.2173447608947754,1.1494799852371216,1.6080000400543213,1.6542199850082395,9.439780235290527,141.16600036621094,1.2341500520706177,10.994420051574709
2017-01-11,1.2174336910247805,1.1531000137329102,1.6119699478149414,1.6536600589752195,9.437899589538574,141.0330047607422,1.237460017204285,11.052359580993652
2017-01-12,1.2214486598968506,1.152500033378601,1.607200026512146,1.6399999856948853,9.469980239868164,140.5570068359375,1.2370799779891968,11.011030197143556
2017-01-13,1.2165449857711792,1.145699977874756,1.5994999408721924,1.624359965324402,9.43220043182373,139.46800231933594,1.2289799451828003,10.88341999053955
2017-01-16,1.2039345502853394,1.1325199604034424,1.5801899433135986,1.605389952659607,9.335180282592772,137.4980010986328,1.215559959411621,10.743639945983888
2017-01-17,1.204021453857422,1.1354299783706665,1.5861300230026243,1.611109972000122,9.336380004882812,137.42799377441406,1.217280030250549,10.771610260009766
2017-01-18,1.2388043403625488,1.15802001953125,1.6179800033569336,1.6403000354766846,9.606749534606934,139.8249969482422,1.2423100471496582,11.020600318908691
2017-01-19,1.225970983505249,1.1533900499343872,1.6260000467300415,1.6325000524520874,9.507399559020996,140.6750030517578,1.2354300022125244,10.972049713134766
2017-01-20,1.2338367700576782,1.1572799682617188,1.643380045890808,1.6304099559783936,9.56879997253418,141.843994140625,1.2414000034332275,11.042799949645996
2017-01-23,1.2386969327926636,1.1560399532318115,1.6474000215530396,1.6355600357055664,9.608180046081545,140.95899963378906,1.2395000457763672,10.996660232543944
2017-01-24,1.2517211437225342,1.1632399559020996,1.6568200588226318,1.6505999565124512,9.708279609680176,141.15199279785156,1.2481000423431396,11.054699897766112
2017-01-25,1.2533055543899536,1.1680400371551514,1.6483800411224363,1.6505999565124512,9.721579551696776,142.66299438476562,1.2545000314712524,11.091259956359863
2017-01-26,1.2634079456329346,1.17493999004364,1.651010036468506,1.6679799556732178,9.799570083618164,143.12399291992188,1.2620899677276611,11.13319969177246
2017-01-27,1.2595410346984863,1.178920030593872,1.6485600471496582,1.671970009803772,9.770139694213867,144.14599609375,1.25927996635437,11.135700225830078
2017-01-30,1.2591921091079712,1.1749999523162842,1.6533299684524536,1.666800022125244,9.76873016357422,144.36900329589844,1.2559000253677368,11.12240982055664
2017-01-31,1.25,1.1669800281524658,1.6376999616622925,1.6521899700164795,9.694879531860352,142.0540008544922,1.2429200410842896,11.02383041381836
2017-02-01,1.2589701414108276,1.1652599573135376,1.6411399841308594,1.6606999635696411,9.764619827270508,141.91000366210938,1.2449400424957275,11.0024995803833
2017-02-02,1.2661433219909668,1.1755000352859497,1.651569962501526,1.6691999435424805,9.820679664611816,143.4080047607422,1.2568299770355225,11.072839736938477
2017-02-03,1.252003192901611,1.1632399559020996,1.6312199831008911,1.6353700160980225,9.71347999572754,141.19700622558594,1.242400050163269,10.952289581298828
2017-02-06,1.2484238147735596,1.1576299667358398,1.624500036239624,1.6262099742889404,9.684009552001951,140.60400390625,1.2386599779129028,10.942899703979492
2017-02-07,1.2468360662460327,1.1603699922561646,1.6312799453735352,1.630560040473938,9.67117977142334,139.41000366210938,1.235949993133545,11.006099700927734
2017-02-08,1.2496250867843628,1.1701500415802002,1.648169994354248,1.6395000219345093,9.694279670715332,140.4290008544922,1.2467299699783323,11.09195041656494
2017-02-09,1.252803087234497,1.17153000831604,1.646649956703186,1.6413899660110474,9.720100402832031,140.23699951171875,1.2467700242996216,11.074049949645996
2017-02-10,1.2498124837875366,1.1725000143051147,1.6411999464035034,1.638759970664978,9.695079803466797,141.75999450683594,1.2514400482177734,11.124290466308594
2017-02-13,1.248455047607422,1.175439953804016,1.637369990348816,1.6274399757385254,9.683810234069824,142.1699981689453,1.2538100481033323,11.149999618530272
2017-02-14,1.2523010969161987,1.1814199686050415,1.6366300582885742,1.638450026512146,9.715200424194336,142.37600708007812,1.2590399980545044,11.190199851989746
2017-02-15,1.2470382452011108,1.178670048713684,1.631060004234314,1.6257799863815308,9.67490005493164,142.5229949951172,1.2547600269317627,11.140350341796877
2017-02-16,1.246976017951965,1.175570011138916,1.629390001296997,1.6145999431610107,9.67506980895996,142.281005859375,1.2527199983596802,11.11732006072998
2017-02-17,1.2489228248596191,1.169800043106079,1.6327600479125977,1.6222000122070312,9.689209938049316,141.48500061035156,1.245300054550171,11.06091022491455
2017-02-20,1.2433944940567017,1.169950008392334,1.6271799802780151,1.6213200092315674,9.64937973022461,140.3780059814453,1.245650053024292,11.068779945373535
2017-02-21,1.2473337650299072,1.1754900217056274,1.6344300508499146,1.622230052947998,9.678409576416016,141.2740020751953,1.2511999607086182,11.145000457763672
2017-02-22,1.248704433441162,1.1844099760055542,1.641379952430725,1.6265599727630615,9.690279960632324,141.92599487304688,1.2600799798965454,11.20139980316162
2017-02-23,1.2453765869140625,1.1801700592041016,1.6393200159072876,1.6179200410842896,9.664179801940918,141.2220001220703,1.258929967880249,11.17551040649414
2017-02-24,1.255618929862976,1.1861200332641602,1.6448099613189695,1.6277199983596802,9.74158000946045,141.46499633789062,1.2631399631500244,11.288080215454102
2017-02-27,1.2399563789367676,1.1747699975967407,1.626539945602417,1.6163400411605835,9.621479988098145,139.08700561523438,1.2507599592208862,11.212599754333496
2017-02-28,1.2439358234405518,1.175089955329895,1.6401000022888184,1.6202199459075928,9.65250015258789,140.22300720214844,1.255489945411682,11.270899772644045
2017-03-01,1.2378076314926147,1.1710799932479858,1.647449970245361,1.6195299625396729,9.607150077819824,139.95199584960938,1.2458100318908691,11.196900367736816
2017-03-02,1.227219820022583,1.164720058441162,1.638409972190857,1.6022599935531616,9.525850296020508,140.0240020751953,1.2397300004959106,11.115599632263184
2017-03-03,1.227475881576538,1.1680500507354736,1.6433000564575195,1.6209499835968018,9.52657985687256,140.33700561523438,1.243530035018921,11.145999908447266
2017-03-06,1.23001229763031,1.1576999425888062,1.645799994468689,1.6190999746322632,9.547380447387695,140.01499938964844,1.239300012588501,11.04290008544922
2017-03-07,1.224289894104004,1.1569299697875977,1.6402299404144287,1.6127899885177612,9.50271987915039,139.42799377441406,1.2386599779129028,11.040399551391602
2017-03-08,1.220449924468994,1.154530048370361,1.636549949645996,1.6068300008773804,9.474599838256836,139.0260009765625,1.236199975013733,10.99594020843506
2017-03-09,1.217730164527893,1.1542999744415283,1.6420199871063232,1.6171799898147583,9.453889846801758,139.25999450683594,1.2348099946975708,11.012999534606934
2017-03-10,1.2157316207885742,1.148959994316101,1.6417299509048462,1.61899995803833,9.437780380249023,139.96299743652344,1.23048996925354,10.9931001663208
2017-03-13,1.2171372175216677,1.1384799480438232,1.638129949569702,1.613700032234192,9.450519561767578,139.6230010986328,1.2285799980163574,10.946800231933594
2017-03-14,1.220598816871643,1.145699977874756,1.6416200399398804,1.613029956817627,9.476099967956545,140.2480010986328,1.2295000553131104,10.91077995300293
2017-03-15,1.2157464027404783,1.1454700231552124,1.637470006942749,1.6068600416183472,9.441909790039062,139.3820037841797,1.2270300388336182,10.89665985107422
2017-03-16,1.2284257411956787,1.1434999704360962,1.6328099966049194,1.593559980392456,9.536999702453612,139.26600646972656,1.22802996635437,10.899359703063965
2017-03-17,1.2351168394088743,1.1463700532913208,1.6450899839401243,1.609830021858215,9.587289810180664,139.97799682617188,1.2298699617385864,10.880499839782717
2017-03-20,1.2384514808654783,1.1526700258255005,1.6512199640274048,1.6066399812698364,9.611820220947266,139.5229949951172,1.235100030899048,10.92990016937256
2017-03-21,1.2367054224014282,1.151600003242493,1.6496599912643433,1.600059986114502,9.60138988494873,139.21600341796875,1.2353800535202026,10.908900260925291
2017-03-22,1.2482056617736816,1.154289960861206,1.6672500371932983,1.6263400316238403,9.69130039215088,139.1999969482422,1.239789962768555,10.976699829101562
2017-03-23,1.2475050687789917,1.155869960784912,1.6629600524902344,1.6265900135040283,9.686710357666016,138.9199981689453,1.237470030784607,10.974740028381348
2017-03-24,1.251877784729004,1.1604000329971311,1.6707500219345093,1.6395699977874756,9.72189998626709,138.9340057373047,1.2431399822235107,11.046199798583984
2017-03-27,1.2514548301696775,1.1533000469207764,1.6673699617385864,1.6393699645996094,9.718040466308594,138.31900024414062,1.236340045928955,10.98799991607666
2017-03-28,1.2557923793792725,1.1561199426651,1.6809600591659546,1.645799994468689,9.75277042388916,139.09100341796875,1.2376999855041504,11.031399726867676
2017-03-29,1.2421433925628662,1.1481399536132812,1.6612000465393066,1.6229000091552734,9.648900032043455,138.14599609375,1.232149958610535,10.965800285339355
2017-03-30,1.244044065475464,1.155900001525879,1.6579999923706057,1.6218199729919434,9.66366958618164,138.26699829101562,1.239709973335266,11.03380012512207
2017-03-31,1.2478474378585815,1.1674400568008425,1.6634000539779663,1.6301900148391724,9.694700241088867,139.45899963378906,1.2482099533081057,11.141400337219238
2017-04-03,1.2540757656097412,1.1751699447631836,1.6709200143814087,1.643489956855774,9.743000030517578,139.50999450683594,1.25655996799469,11.231639862060549
2017-04-04,1.249219298362732,1.1705000400543213,1.6714999675750732,1.642359972000122,9.70656967163086,138.2760009765625,1.2509900331497192,11.190299987792969
2017-04-05,1.2439976930618286,1.164680004119873,1.6665300130844116,1.6435199975967407,9.664400100708008,137.88900756835938,1.245859980583191,11.187899589538574
2017-04-06,1.248907208442688,1.1699999570846558,1.677489995956421,1.6496000289916992,9.700510025024414,137.83399963378906,1.253100037574768,11.20199966430664
2017-04-07,1.246867299079895,1.171239972114563,1.6730200052261353,1.6533000469207764,9.686670303344728,138.25999450683594,1.253350019454956,11.248290061950684
2017-04-10,1.2375165224075315,1.1692999601364136,1.6590299606323242,1.648300051689148,9.61266040802002,137.6300048828125,1.2490400075912476,11.231499671936035
2017-04-11,1.2425447702407837,1.172260046005249,1.6547000408172607,1.6550999879837036,9.652640342712402,137.54600524902344,1.2522900104522705,11.27361011505127
2017-04-12,1.2492347955703735,1.177109956741333,1.664389967918396,1.664639949798584,9.70602035522461,136.88400268554688,1.2577400207519531,11.30720043182373
2017-04-13,1.2549885511398315,1.1759999990463257,1.6617000102996826,1.6645100116729736,9.751219749450684,136.65699768066406,1.257449984550476,11.2568998336792
2017-04-18,1.2557765245437622,1.1796000003814695,1.6732200384140017,1.654039978981018,9.75881004333496,137.0070037841797,1.260890007019043,11.29990005493164
2017-04-19,1.2844555377960205,1.1971299648284912,1.7187299728393557,1.6991300582885742,9.98429012298584,139.39700317382812,1.2796299457550049,11.508359909057615
2017-04-20,1.2782330513000488,1.19281005859375,1.7231500148773191,1.7050299644470217,9.936079978942873,139.09800720214844,1.2752900123596191,11.462750434875488
2017-04-21,1.2801966667175293,1.194659948348999,1.7249200344085691,1.7024699449539185,9.951939582824709,140.00599670410156,1.2786400318145752,11.503499984741213
2017-04-24,1.2826268672943115,1.1794300079345703,1.7288000583648682,1.6972099542617798,9.971779823303224,141.04299926757812,1.2733900547027588,11.333600044250488
2017-04-25,1.2776614427566528,1.1758500337600708,1.7307000160217283,1.690150022506714,9.9373197555542,140.06900024414062,1.2722400426864624,11.3193998336792
2017-04-26,1.283235788345337,1.1741100549697876,1.7416000366210938,1.7025200128555298,9.98328971862793,142.48199462890625,1.2747600078582764,11.252400398254396
2017-04-27,1.2848351001739502,1.1775200366973877,1.7495800256729126,1.7171000242233276,9.99450969696045,142.84100341796875,1.275730013847351,11.24899959564209
2017-04-28,1.2893576622009275,1.186710000038147,1.7569500207901,1.7266299724578855,10.031359672546388,143.38699340820312,1.2820199728012085,11.39466953277588
2017-05-02,1.2897402048110962,1.1821199655532837,1.7634199857711792,1.7121399641036987,10.031200408935549,144.21200561523438,1.2838000059127808,11.4028902053833
2017-05-03,1.2941633462905884,1.1830999851226809,1.7736799716949463,1.715499997138977,10.069080352783203,144.9029998779297,1.2824300527572632,11.38479995727539
2017-05-04,1.287166953086853,1.1820499897003174,1.7663999795913696,1.732759952545166,10.014989852905272,145.16700744628906,1.2793999910354614,11.380900382995604
2017-05-05,1.2924906015396118,1.176959991455078,1.777269959449768,1.7437299489974976,10.058879852294922,145.44000244140625,1.2744899988174438,11.414170265197754
2017-05-08,1.296562910079956,1.1823500394821167,1.7722400426864624,1.7482999563217163,10.091039657592772,146.0919952392578,1.283310055732727,11.435099601745604
2017-05-09,1.2943308353424072,1.184380054473877,1.7720099687576294,1.7514100074768066,10.073980331420898,146.50999450683594,1.2917399406433103,11.438579559326172
2017-05-10,1.2948503494262695,1.1892900466918943,1.7749600410461426,1.7634299993515017,10.078579902648926,147.20700073242188,1.303380012512207,11.496159553527832
2017-05-11,1.2930588722229004,1.1894999742507937,1.7721999883651731,1.757099986076355,10.067099571228027,147.82400512695312,1.3044999837875366,11.538700103759766
2017-05-12,1.2891582250595093,1.1861799955368042,1.7661399841308594,1.7467700242996216,10.03849983215332,146.68099975585938,1.2989599704742432,11.44478988647461
2017-05-15,1.2886598110198977,1.179010033607483,1.7669999599456787,1.7427200078964231,10.040470123291016,145.93299865722656,1.2896499633789062,11.385930061340332
2017-05-16,1.2903059720993042,1.1748600006103516,1.7581199407577517,1.7387700080871582,10.045479774475098,146.5959930419922,1.2844300270080566,11.387100219726562
2017-05-17,1.2916892766952517,1.1642199754714966,1.758139967918396,1.740630030632019,10.057869911193848,145.49000549316406,1.271239995956421,11.336199760437012
2017-05-18,1.2970168590545654,1.1624000072479248,1.7634999752044678,1.745129942893982,10.096400260925291,144.11099243164062,1.2697299718856812,11.325400352478027
2017-05-19,1.2958402633666992,1.1659499406814575,1.7624499797821045,1.7459900379180908,10.08253002166748,144.3560028076172,1.2690000534057615,11.395520210266112
2017-05-22,1.3012192249298096,1.1612000465393066,1.7585099935531616,1.7459700107574463,10.12578010559082,144.79100036621094,1.2657999992370603,11.351070404052734
2017-05-23,1.2995283603668213,1.156149983406067,1.7531700134277344,1.7393100261688232,10.11627960205078,144.0919952392578,1.2644799947738647,11.294859886169434
2017-05-24,1.2956557273864746,1.1588599681854248,1.75163996219635,1.7339600324630735,10.08907985687256,145.0489959716797,1.264840006828308,11.282500267028809
2017-05-25,1.2980270385742188,1.1555099487304688,1.740689992904663,1.7307000160217283,10.10610008239746,144.7259979248047,1.2620400190353394,11.235600471496582
2017-05-26,1.293326497077942,1.1533600091934204,1.743340015411377,1.7342499494552612,10.07408046722412,144.46499633789062,1.2582000494003296,11.23507022857666
2017-05-30,1.281410574913025,1.1513299942016602,1.7263000011444092,1.7223800420761108,9.986700057983398,142.4499969482422,1.254699945449829,11.184499740600586
2017-05-31,1.2809016704559326,1.1464999914169312,1.725200057029724,1.7171200513839722,9.98169994354248,141.9739990234375,1.249699950218201,11.182939529418944
2017-06-01,1.2875481843948364,1.1452800035476685,1.7364000082015991,1.733620047569275,10.031200408935549,142.6199951171875,1.246269941329956,11.187199592590332
2017-06-02,1.2888258695602417,1.1490999460220337,1.7415499687194824,1.7461999654769895,10.038999557495115,143.593994140625,1.2514599561691284,11.183300018310549
2017-06-05,1.2870012521743774,1.140820026397705,1.737190008163452,1.7324600219726562,10.024979591369627,142.15499877929688,1.2391200065612793,11.097339630126951
2017-06-06,1.2907389402389526,1.1465500593185425,1.7393200397491455,1.7237800359725952,10.057040214538574,142.46400451660156,1.245300054550171,11.1673002243042
2017-06-07,1.2906723022460938,1.144700050354004,1.735569953918457,1.718440055847168,10.057900428771973,141.31700134277344,1.2418999671936035,11.188599586486816
2017-06-08,1.2962098121643066,1.151569962501526,1.7510000467300415,1.7187800407409668,10.101980209350586,142.43099975585938,1.250380039215088,11.257789611816406
2017-06-09,1.2722970247268677,1.137279987335205,1.7201800346374512,1.689869999885559,9.918009757995604,139.73399353027344,1.2329000234603882,11.108400344848633
2017-06-12,1.2739177942276,1.1372900009155271,1.7139899730682373,1.6920000314712524,9.931480407714844,140.48300170898438,1.2342000007629397,11.097299575805664
2017-06-13,1.2669775485992432,1.1312999725341797,1.6863000392913818,1.678500056266785,9.88047981262207,139.25599670410156,1.2275999784469604,11.081740379333496
2017-06-14,1.2750548124313354,1.1370999813079834,1.6878999471664429,1.6916899681091309,9.94077968597412,140.27000427246094,1.2347999811172483,11.078180313110352
2017-06-15,1.2754452228546145,1.1374200582504272,1.6886999607086182,1.680400013923645,9.945980072021484,139.5780029296875,1.23881995677948,11.102840423583984
2017-06-16,1.275835633277893,1.1443699598312378,1.690969944000244,1.6816400289535522,9.950599670410156,141.53599548339844,1.2438000440597534,11.150099754333496
2017-06-19,1.277955174446106,1.1402499675750732,1.6880700588226318,1.6763999462127686,9.966230392456056,141.75999450683594,1.243000030517578,11.108139991760254
2017-06-20,1.273236632347107,1.142300009727478,1.683609962463379,1.676699995994568,9.928059577941896,142.13999938964844,1.24249005317688,11.135000228881836
2017-06-21,1.263248324394226,1.1341999769210815,1.6760900020599363,1.667330026626587,9.851810455322266,140.6269989013672,1.231060028076172,11.08650016784668
2017-06-22,1.2675718069076538,1.134600043296814,1.6891599893569946,1.6786799430847168,9.885979652404783,141.08200073242188,1.2325400114059448,11.086199760437012
2017-06-23,1.267812728881836,1.1368000507354736,1.6773300170898438,1.6810699701309204,9.886659622192385,141.0850067138672,1.231950044631958,11.094799995422363
2017-06-26,1.2743399143218994,1.1378400325775146,1.689710021018982,1.6837799549102783,9.937700271606444,141.72999572753906,1.2350399494171145,11.101869583129885
2017-06-27,1.2724589109420776,1.1374000310897827,1.686669945716858,1.677459955215454,9.923399925231934,142.3000030517578,1.2370500564575195,11.089699745178224
2017-06-28,1.281295657157898,1.1300699710845947,1.6889499425888062,1.6887600421905518,9.993379592895508,143.73500061035156,1.2305799722671509,11.02810001373291
2017-06-29,1.2941465377807615,1.1368499994277954,1.687199950218201,1.694700002670288,10.098549842834473,145.38800048828125,1.2414000034332275,11.048700332641602
2017-06-30,1.3011176586151123,1.1370999813079834,1.6903599500656128,1.692929983139038,10.154040336608888,145.7220001220703,1.2431600093841553,11.004730224609377
2017-07-03,1.301642656326294,1.1393799781799316,1.688639998435974,1.6928900480270386,10.161310195922852,146.11300659179688,1.2479599714279177,10.963899612426758
2017-07-04,1.2948671579360962,1.1382999420166016,1.6819000244140625,1.6888699531555176,10.11273956298828,146.80999755859375,1.247099995613098,10.984519958496094
2017-07-05,1.2934937477111816,1.138399958610535,1.6723999977111816,1.6993800401687622,10.100279808044434,146.11900329589844,1.24714994430542,11.011170387268066
2017-07-06,1.2931759357452393,1.13959002494812,1.675860047340393,1.701449990272522,10.095009803771973,146.35699462890625,1.2469600439071655,10.980999946594238
2017-07-07,1.2973533868789673,1.1351900100708008,1.683169960975647,1.7110899686813354,10.12880039215088,146.74600219726562,1.2452800273895264,10.942529678344728
2017-07-10,1.2891249656677246,1.1302000284194946,1.6601999998092651,1.6950000524520874,10.06820011138916,146.9340057373047,1.2419999837875366,10.857799530029297
2017-07-11,1.2891249656677246,1.1302000284194946,1.6601999998092651,1.6950000524520874,10.06820011138916,146.9340057373047,1.2419999837875366,10.857799530029297
2017-07-12,1.2859586477279663,1.120669960975647,1.6600500345230105,1.6832599639892578,10.044899940490724,146.26600646972656,1.238669991493225,10.795000076293944
2017-07-13,1.2893743515014648,1.1290099620819092,1.6436100006103516,1.6788899898529053,10.069080352783203,146.1230010986328,1.2441600561141968,10.840450286865234
2017-07-14,1.294716238975525,1.1352200508117676,1.6475600004196167,1.6721999645233154,10.108719825744627,146.83599853515625,1.2517900466918943,10.814000129699709
2017-07-17,1.311131477355957,1.1423699855804443,1.6571600437164309,1.6753000020980835,10.230879783630373,147.3470001220703,1.2626999616622925,10.888319969177246
2017-07-18,1.3053126335144043,1.1374200582504272,1.6569600105285645,1.6751699447631836,10.18418025970459,146.9219970703125,1.2567399740219116,10.827980041503906
2017-07-19,1.303865909576416,1.1288199424743652,1.6468700170516968,1.6465100049972534,10.175789833068848,146.01100158691406,1.245169997215271,10.82553005218506
2017-07-20,1.3032711744308472,1.1301699876785278,1.6417800188064575,1.6368399858474731,10.173999786376951,145.78199768066406,1.24399995803833,10.820599555969238
2017-07-21,1.2965459823608398,1.1148500442504885,1.6329699754714966,1.6311899423599243,10.124199867248535,145.0500030517578,1.233299970626831,10.655599594116213
2017-07-24,1.3004746437072754,1.1131500005722046,1.6299099922180176,1.6407400369644165,10.153570175170898,144.26600646972656,1.2284400463104248,10.702199935913086
2017-07-25,1.3031013011932373,1.119320034980774,1.629080057144165,1.643489956855774,10.17024040222168,144.90499877929688,1.234279990196228,10.70300006866455
2017-07-26,1.3027619123458862,1.1185699701309204,1.6291699409484863,1.6420600414276123,10.172100067138672,145.87600708007812,1.24098002910614,10.690910339355469
2017-07-27,1.311475396156311,1.117900013923645,1.632789969444275,1.6391600370407104,10.24038028717041,145.72799682617188,1.2475800514221191,10.718779563903809
2017-07-28,1.3076680898666382,1.118399977684021,1.6396199464797974,1.6398500204086304,10.21051025390625,145.2689971923828,1.2598999738693235,10.734569549560549
2017-07-31,1.3144922256469729,1.118839979171753,1.637779951095581,1.6460000276565552,10.26319980621338,145.2480010986328,1.2737699747085571,10.65530014038086
2017-08-01,1.3195397853851318,1.115880012512207,1.6502599716186523,1.649580001831055,10.305100440979004,145.6020050048828,1.2762500047683716,10.657719612121582
2017-08-02,1.3207945823669434,1.1181299686431885,1.6569000482559204,1.6599700450897217,10.318229675292969,145.843994140625,1.2749700546264648,10.709850311279297
2017-08-03,1.3228389024734497,1.1160199642181396,1.662600040435791,1.662500023841858,10.338740348815918,146.4929962158203,1.2837799787521362,10.715900421142578
2017-08-04,1.314405918121338,1.1060999631881714,1.651859998703003,1.6515400409698486,10.274299621582031,144.4429931640625,1.2720400094985962,10.633600234985352
2017-08-07,1.3046995401382446,1.107550024986267,1.6492899656295776,1.6451300382614136,10.199139595031738,144.5279998779297,1.268839955329895,10.62339973449707
2017-08-08,1.3037809133529663,1.1046099662780762,1.651900053024292,1.6465599536895752,10.194600105285645,144.3780059814453,1.2687000036239624,10.617300033569336
2017-08-09,1.2986170053482056,1.1046199798583984,1.645230054855347,1.6445399522781372,10.15839958190918,142.9709930419922,1.263450026512146,10.612600326538086
2017-08-10,1.3014055490493774,1.1061999797821045,1.6520299911499023,1.648710012435913,10.167200088500977,143.1699981689453,1.2537399530410769,10.63463020324707
2017-08-11,1.2976733446121216,1.102300047874451,1.6529300212860107,1.6492999792099,10.143449783325195,141.57000732421875,1.2479599714279177,10.554100036621094
2017-08-14,1.300593018531799,1.0997200012207031,1.6481499671936035,1.645359992980957,10.167659759521484,142.0540008544922,1.251979947090149,10.561100006103516
2017-08-15,1.2965123653411863,1.100749969482422,1.649899959564209,1.6502900123596191,10.137829780578612,142.4969940185547,1.2606099843978882,10.521699905395508
2017-08-16,1.2867032289505005,1.0958000421524048,1.6407899856567385,1.6440399885177612,10.065119743347168,142.29400634765625,1.251039981842041,10.384900093078612
2017-08-17,1.2891582250595093,1.094599962234497,1.6273399591445925,1.6251399517059326,10.081700325012209,141.7989959716797,1.2442400455474854,10.399299621582031
2017-08-18,1.2865046262741089,1.0981299877166748,1.6317299604415894,1.6335099935531616,10.064499855041504,140.65199279785156,1.2379300594329834,10.47410011291504
2017-08-21,1.2873657941818235,1.0946999788284302,1.6200599670410156,1.6237900257110596,10.0701904296875,140.7239990234375,1.243000030517578,10.441800117492676
2017-08-22,1.289823293685913,1.0918500423431396,1.6194700002670288,1.6246099472045898,10.088500022888184,140.4949951171875,1.2410099506378174,10.415040016174316
2017-08-23,1.2823965549468994,1.0901700258255005,1.6112200021743774,1.6203999519348145,10.035499572753906,140.718994140625,1.2420300245285034,10.384900093078612
2017-08-24,1.28037691116333,1.083459973335266,1.6058000326156616,1.6183500289916992,10.018099784851074,139.4290008544922,1.2349400520324707,10.309860229492188
2017-08-25,1.280393362045288,1.0850000381469729,1.601889967918396,1.6205099821090698,10.015999794006348,140.19000244140625,1.2353999614715576,10.328630447387695
2017-08-29,1.2927078008651731,1.080399990081787,1.6174700260162354,1.631060004234314,10.11180019378662,140.53700256347656,1.2310400009155271,10.30799961090088
2017-08-30,1.292657732963562,1.0794999599456787,1.6170799732208252,1.624109983444214,10.110369682312012,141.85699462890625,1.2348599433898926,10.260499954223633
2017-08-31,1.292056441307068,1.0865299701690674,1.631350040435791,1.634060025215149,10.10884952545166,142.69000244140625,1.244989991188049,10.299400329589844
2017-09-01,1.2941633462905884,1.0863100290298462,1.6136000156402588,1.6295000314712524,10.12320041656494,142.49099731445312,1.2414000034332275,10.269149780273438
2017-09-04,1.2965123653411863,1.0909199714660645,1.6046500205993652,1.6277400255203247,10.14321994781494,142.32899475097656,1.2454899549484253,10.34179973602295
2017-09-05,1.2924071550369265,1.0861999988555908,1.6040899753570557,1.6263699531555176,10.112030029296877,141.9040069580078,1.239050030708313,10.28952980041504
2017-09-06,1.304121017456055,1.093400001525879,1.6126999855041504,1.628749966621399,10.205100059509276,141.62100219726562,1.2436599731445312,10.376099586486816
2017-09-07,1.3049719333648682,1.0937700271606443,1.5959800481796265,1.6289499998092651,10.20868968963623,142.36000061035156,1.2466000318527222,10.39441967010498
2017-09-08,1.3104785680770874,1.089319944381714,1.5867300033569336,1.626139998435974,10.236499786376951,141.87399291992188,1.2441600561141968,10.376500129699709
2017-09-11,1.3197661638259888,1.0980299711227417,1.6031999588012695,1.6390999555587769,10.308270454406738,142.8000030517578,1.2503199577331543,10.479599952697754
2017-09-12,1.3169677257537842,1.1010600328445437,1.5943100452423096,1.6411900520324707,10.287659645080566,144.05299377441406,1.2590999603271484,10.541099548339844
2017-09-13,1.3289213180541992,1.1099900007247925,1.617650032043457,1.6569199562072754,10.381839752197266,146.47000122070312,1.2753000259399414,10.584699630737305
2017-09-14,1.3206027746200562,1.110859990119934,1.606600046157837,1.6548399925231934,10.31488037109375,145.94000244140625,1.272420048713684,10.604599952697754
2017-09-15,1.3399077653884888,1.1237900257110596,1.629480004310608,1.6743799448013306,10.466779708862305,147.2760009765625,1.2878799438476562,10.703229904174805
2017-09-18,1.3575152158737185,1.1370899677276611,1.655949950218201,1.6975599527359009,10.611000061035156,150.9199981689453,1.303920030593872,10.816490173339844
2017-09-19,1.3516618013381958,1.129899978637695,1.659500002861023,1.6955000162124634,10.56439971923828,150.67999267578125,1.2993600368499756,10.753700256347656
2017-09-20,1.3515340089797974,1.1267000436782837,1.6607799530029297,1.6880199909210205,10.546099662780762,150.8000030517578,1.3007400035858154,10.74590015411377
2017-09-21,1.3489633798599243,1.1361299753189087,1.665050029754639,1.6823899745941162,10.520930290222168,151.79400634765625,1.3104699850082395,10.826199531555176
2017-09-22,1.3579760789871216,1.1366499662399292,1.6732399463653564,1.712149977684021,10.59689998626709,152.6909942626953,1.3172600269317627,10.816780090332031
2017-09-25,1.3507307767868042,1.132200002670288,1.6674100160598757,1.6957999467849731,10.547300338745115,151.86900329589844,1.311079978942871,10.794500350952148
2017-09-26,1.347781538963318,1.136299967765808,1.6669800281524658,1.6979600191116333,10.529080390930176,150.61099243164062,1.3021199703216553,10.829859733581545
2017-09-27,1.3448090553283691,1.1405999660491943,1.6620899438858032,1.7065500020980835,10.50119972229004,151.06100463867188,1.3032599687576294,10.923410415649414
2017-09-28,1.3398897647857666,1.140239953994751,1.67221999168396,1.7066500186920166,10.461560249328612,151.2100067138672,1.3020000457763672,10.911479949951172
2017-09-29,1.343021035194397,1.1398299932479858,1.6700799465179443,1.7115999460220337,10.488809585571287,151.031005859375,1.3034000396728516,10.894399642944336
2017-10-02,1.3394052982330322,1.133800029754639,1.670199990272522,1.7074099779129028,10.456000328063965,150.8300018310547,1.2964999675750732,10.909170150756836
2017-10-03,1.3275628089904783,1.1312700510025024,1.6614999771118164,1.6959199905395508,10.367259979248049,149.69400024414062,1.2933800220489502,10.841480255126951
2017-10-04,1.3241175413131714,1.1270500421524048,1.6537100076675415,1.6896599531173706,10.342000007629396,149.4149932861328,1.2883700132369995,10.764200210571287
2017-10-05,1.323276400566101,1.125300049781799,1.6514899730682373,1.6832200288772583,10.330699920654297,149.29800415039062,1.2905000448226929,10.714300155639648
2017-10-06,1.3112690448760986,1.119439959526062,1.6479300260543823,1.6830400228500366,10.23799991607666,147.85000610351562,1.2826800346374512,10.663900375366213
2017-10-09,1.3084039688110352,1.1140999794006348,1.6400200128555298,1.681399941444397,10.21049976348877,147.2449951171875,1.2792600393295288,10.61050033569336
2017-10-10,1.314405918121338,1.1192200183868408,1.6492999792099,1.6937899589538574,10.257309913635254,148.04100036621094,1.2873799800872805,10.675200462341309
2017-10-11,1.3211086988449097,1.1180499792099,1.6526600122451782,1.6965399980545044,10.307900428771973,148.39999389648438,1.2872999906539917,10.654800415039062
2017-10-12,1.32397723197937,1.1156699657440186,1.6479899883270264,1.6963800191879272,10.332590103149414,148.84800720214844,1.288140058517456,10.64430046081543
2017-10-13,1.326435923576355,1.1208900213241575,1.6545900106430054,1.694100022315979,10.35509967803955,148.86000061035156,1.2929999828338623,10.77182960510254
2017-10-16,1.3288860321044922,1.1247600317001345,1.6581000089645386,1.685130000114441,10.372969627380373,148.64999389648438,1.294700026512146,10.786410331726074
2017-10-17,1.3252933025360107,1.1232999563217163,1.6596399545669556,1.6893399953842163,10.34712028503418,148.67799377441406,1.292549967765808,10.734299659729004
2017-10-18,1.319487452507019,1.120650053024292,1.6484999656677246,1.6801600456237793,10.30049991607666,148.01800537109375,1.290060043334961,10.754599571228027
2017-10-19,1.321300745010376,1.1200900077819824,1.6468700170516968,1.68464994430542,10.315210342407228,149.30799865722656,1.2960000038146973,10.748929977416992
2017-10-20,1.3150626420974731,1.109820008277893,1.6411099433898926,1.669399976730347,10.256890296936035,148.16799926757812,1.2834999561309814,10.683950424194336
2017-10-23,1.3189828395843506,1.1221100091934204,1.6666500568389893,1.6893999576568604,10.289690017700195,150.4149932861328,1.300510048866272,10.785869598388672
2017-10-24,1.3206549882888794,1.1230000257492063,1.6686999797821045,1.6901799440383911,10.300370216369627,149.66099548339844,1.2999999523162842,10.822099685668944
2017-10-25,1.3131976127624512,1.1160999536514282,1.66349995136261,1.6884900331497192,10.244739532470703,149.5850067138672,1.300719976425171,10.795900344848633
2017-10-26,1.327351450920105,1.1228300333023071,1.698259949684143,1.722000002861023,10.356599807739258,150.7169952392578,1.3123699426651,10.89680004119873
2017-10-27,1.3130252361297607,1.1281100511550903,1.6870900392532349,1.713979959487915,10.241410255432127,149.822998046875,1.310230016708374,10.978799819946287
2017-10-30,1.313404560089111,1.131669998168945,1.68503999710083,1.7132799625396729,10.247110366821287,149.3730010986328,1.3105900287628174,10.987540245056152
2017-10-31,1.3212482929229736,1.133739948272705,1.6941800117492676,1.716249942779541,10.303629875183104,149.27999877929688,1.3140599727630615,11.029199600219728
2017-11-01,1.3292216062545776,1.1406699419021606,1.7133599519729614,1.7353299856185913,10.367899894714355,151.05999755859375,1.3259799480438232,11.129340171813965
2017-11-02,1.3255391120910645,1.1396000385284424,1.7063100337982178,1.7264800071716309,10.339300155639648,151.29800415039062,1.328629970550537,11.12969970703125
2017-11-03,1.30532968044281,1.119420051574707,1.6716300249099731,1.6919900178909302,10.183799743652344,148.81900024414062,1.3040000200271606,10.953700065612791
2017-11-06,1.30804443359375,1.1260299682617188,1.6689800024032593,1.7089999914169312,10.20380973815918,149.3000030517578,1.3080999851226809,11.023099899291992
2017-11-07,1.3175057172775269,1.1341999769210815,1.674399971961975,1.7131799459457395,10.27589988708496,149.8300018310547,1.314229965209961,11.054699897766112
2017-11-08,1.317210674285889,1.1353000402450562,1.68094003200531,1.720770001411438,10.277999877929688,149.83799743652344,1.3149299621582031,11.041000366210938
2017-11-09,1.3113033771514893,1.1309399604797363,1.6688599586486816,1.7075300216674805,10.222999572753906,149.36399841308594,1.3109099864959717,10.989709854125977
2017-11-10,1.3144404888153076,1.128469944000244,1.66635000705719,1.710819959640503,10.249409675598145,149.01499938964844,1.306399941444397,11.00529956817627
2017-11-13,1.312026023864746,1.1250100135803225,1.664800047874451,1.7156100273132324,10.2360200881958,149.14599609375,1.307379961013794,10.963330268859863
2017-11-14,1.312335968017578,1.124400019645691,1.6709599494934082,1.7229199409484863,10.235300064086914,149.02499389648438,1.3070000410079956,11.000399589538574
2017-11-15,1.3157894611358645,1.1153000593185425,1.67576003074646,1.7239400148391724,10.265999794006348,149.17799377441406,1.301740050315857,11.039999961853027
2017-11-16,1.3157894611358645,1.1153000593185425,1.67576003074646,1.7239400148391724,10.265999794006348,149.17799377441406,1.301740050315857,11.039999961853027
2017-11-17,1.3200448751449585,1.120710015296936,1.683840036392212,1.739400029182434,10.30795955657959,149.18499755859375,1.3113000392913818,11.081899642944336
2017-11-20,1.3202714920043943,1.124899983406067,1.6889100074768066,1.7479100227355957,10.311440467834473,147.90699768066406,1.3064899444580078,11.162500381469728
2017-11-21,1.3245033025741575,1.1280499696731567,1.696560025215149,1.7527600526809692,10.342729568481444,149.0229949951172,1.315000057220459,11.2298002243042
2017-11-22,1.3245558738708496,1.1283899545669556,1.6918100118637085,1.746000051498413,10.345020294189451,148.78500366210938,1.3122999668121338,11.165719985961914
2017-11-23,1.3316820859909058,1.1267999410629272,1.69159996509552,1.7487000226974487,10.399800300598145,148.22300720214844,1.3078099489212036,11.103899955749512
2017-11-24,1.330672025680542,1.1227200031280518,1.6913700103759766,1.7448300123214722,10.392120361328123,148.0290069580078,1.305999994277954,11.03600025177002
2017-11-27,1.3324450254440308,1.1171300411224363,1.6936999559402466,1.7502000331878662,10.402620315551758,148.75999450683594,1.3062399625778198,11.036700248718262
2017-11-28,1.3322319984436035,1.118880033493042,1.6993800401687622,1.7512400150299072,10.39009952545166,148.05799865722656,1.307070016860962,11.041489601135254
2017-11-29,1.3365410566329956,1.1279200315475464,1.7124899625778198,1.757159948348999,10.427599906921388,149.19000244140625,1.3151999711990356,11.150110244750977
2017-11-30,1.3417235612869265,1.1319600343704224,1.7258100509643557,1.7731800079345703,10.47562026977539,150.24899291992188,1.3206599950790403,11.226499557495115
2017-12-01,1.3529969453811646,1.1370500326156616,1.74399995803833,1.7886199951171875,10.565999984741213,152.2790069580078,1.3309099674224854,11.339630126953123
2017-12-04,1.349400281906128,1.1375800371170044,1.71589994430542,1.7777999639511108,10.53849983215332,152.2830047607422,1.324970006942749,11.313400268554688
2017-12-05,1.347527265548706,1.135200023651123,1.7078800201416016,1.7718199491500854,10.531000137329102,151.57000732421875,1.3265899419784546,11.343250274658203
2017-12-06,1.341525673866272,1.1333999633789062,1.7027599811553955,1.7639000415802002,10.480649948120115,150.8560028076172,1.324429988861084,11.217610359191896
2017-12-07,1.3392258882522583,1.1340999603271484,1.712049961090088,1.7694799900054932,10.45829963684082,150.35299682617188,1.3245899677276611,11.271300315856934
2017-12-08,1.348435878753662,1.1451599597930908,1.733330011367798,1.794659972190857,10.52457046508789,152.57400512695312,1.340999960899353,11.440600395202637
2017-12-11,1.3392080068588257,1.137809991836548,1.7221100330352783,1.7835999727249146,10.453009605407717,152.03500366210938,1.3295999765396118,11.32859992980957
2017-12-12,1.334935188293457,1.1331599950790403,1.7153700590133667,1.7725800275802612,10.418800354003906,151.51100158691406,1.3231600522994995,11.343600273132324
2017-12-13,1.331948161125183,1.1341700553894043,1.7139099836349487,1.7625000476837158,10.396340370178224,151.21099853515625,1.3204799890518188,11.209699630737305
2017-12-14,1.340967893600464,1.132599949836731,1.7183799743652344,1.7561999559402466,10.46269989013672,151.17999267578125,1.3213399648666382,11.273699760437012
2017-12-15,1.3432915210723877,1.140679955482483,1.7184300422668457,1.7523800134658811,10.488269805908203,150.96400451660156,1.3282999992370603,11.335180282592772
2017-12-18,1.3317352533340454,1.1338599920272827,1.7143000364303589,1.7408599853515625,10.400970458984377,150.0970001220703,1.3197400569915771,11.32069969177246
2017-12-19,1.3380789756774902,1.1352299451828003,1.72107994556427,1.7450799942016602,10.4552001953125,150.60899353027344,1.3184499740600586,11.281299591064451
2017-12-20,1.3386881351470947,1.1303999423980713,1.7237199544906616,1.7487000226974487,10.465700149536133,151.2239990234375,1.319000005722046,11.24839973449707
2017-12-21,1.3372023105621338,1.1253999471664429,1.714859962463379,1.742799997329712,10.458060264587402,151.4080047607422,1.3186399936676023,11.218099594116213
2017-12-22,1.338043212890625,1.1282999515533447,1.7041499614715576,1.7360600233078003,10.460630416870115,151.61099243164062,1.3224999904632568,11.216500282287598
2017-12-27,1.337470531463623,1.1276999711990356,1.6964000463485718,1.730080008506775,10.445300102233888,151.3699951171875,1.3234000205993652,11.165929794311523
2017-12-28,1.3403927087783811,1.1261500120162964,1.6952400207519531,1.7238600254058838,10.469050407409668,151.73300170898438,1.3211899995803833,11.079719543457031
2017-12-29,1.344085931777954,1.1252000331878662,1.6883000135421753,1.7242900133132937,10.504199981689451,151.69400024414062,1.3151899576187134,11.082260131835938
2018-01-02,1.3511322736740112,1.124699950218201,1.6960099935531616,1.7319999933242798,10.555890083312988,152.3489990234375,1.3166999816894531,11.050000190734863
2018-01-03,1.359619379043579,1.126870036125183,1.699779987335205,1.7352999448776243,10.624500274658203,152.59100341796875,1.3203999996185305,11.090860366821287
2018-01-04,1.3511322736740112,1.1249099969863892,1.6950900554656982,1.7262200117111206,10.561019897460938,152.13600158691406,1.3201500177383425,11.05239963531494
2018-01-05,1.3552889823913574,1.1228400468826294,1.6921000480651855,1.7230000495910645,10.593660354614258,152.83399963378906,1.3204400539398191,11.020159721374512
2018-01-08,1.3575890064239502,1.127500057220459,1.6824699640274048,1.7270699739456177,10.613739967346191,153.60499572753906,1.3234599828720093,11.057100296020508
2018-01-09,1.3571282625198364,1.1332000494003296,1.6844799518585205,1.7296199798583984,10.61299991607666,153.51600646972656,1.3259999752044678,11.131600379943848
2018-01-10,1.353234887123108,1.13427996635437,1.6877700090408323,1.7324299812316897,10.583609580993652,152.57000732421875,1.3312599658966064,11.14309024810791
2018-01-11,1.351278305053711,1.1300699710845947,1.693060040473938,1.7218400239944458,10.568599700927734,150.5760040283203,1.320989966392517,11.071599960327148
2018-01-12,1.3541878461837769,1.1244200468063354,1.6950000524520874,1.7170699834823608,10.593119621276855,150.69700622558594,1.3210699558258057,11.001099586486816
2018-01-15,1.3733056783676147,1.1262500286102295,1.7110099792480469,1.7363200187683103,10.741080284118652,152.5399932861328,1.3293999433517456,11.0481595993042
2018-01-16,1.379824161529541,1.1244100332260132,1.714050054550171,1.7324299812316897,10.792699813842772,152.5709991455078,1.3286199569702148,11.053899765014648
2018-01-17,1.3798813819885254,1.1240999698638916,1.7141200304031372,1.730929970741272,10.794099807739258,152.30299377441406,1.3232799768447876,11.07900047302246
2018-01-18,1.382800817489624,1.1347999572753906,1.7196600437164309,1.7343100309371948,10.808910369873049,153.98199462890625,1.3342599868774414,11.129179954528809
2018-01-19,1.3894678354263306,1.1351900100708008,1.7240500450134275,1.734910011291504,10.859999656677246,154.23500061035156,1.3318400382995603,11.139599800109863
2018-01-22,1.3891589641571045,1.1331000328063965,1.73389995098114,1.7358399629592896,10.857000350952148,153.74400329589844,1.3353999853134155,11.1466703414917
2018-01-23,1.3984841108322144,1.1408599615097046,1.7408000230789185,1.7460999488830566,10.931900024414062,155.16200256347656,1.3451000452041626,11.219599723815918
2018-01-24,1.401738166809082,1.1383099555969238,1.7395000457763672,1.750849962234497,10.956080436706545,154.29200744628906,1.3403799533843994,11.207550048828123
2018-01-25,1.4220906496047974,1.1471999883651731,1.7561899423599243,1.7662999629974363,11.11520004272461,155.44700622558594,1.3453999757766724,11.274499893188477
2018-01-26,1.4150274991989136,1.1417200565338137,1.751389980316162,1.7621300220489502,11.06052017211914,155.22999572753906,1.3324899673461914,11.20359992980957
2018-01-29,1.4149274826049805,1.138350009918213,1.7420599460601809,1.743340015411377,11.059579849243164,153.7050018310547,1.3208400011062622,11.132570266723633
2018-01-30,1.4076577425003052,1.1367100477218628,1.7359100580215454,1.7383999824523926,11.0024995803833,153.2989959716797,1.3191800117492676,11.094200134277344
2018-01-31,1.4155884981155396,1.1406199932098389,1.7457000017166138,1.747249960899353,11.069700241088867,153.90699768066406,1.322790026664734,11.162890434265137
2018-02-01,1.420051097869873,1.1432000398635864,1.746500015258789,1.7618000507354736,11.10509967803955,155.0540008544922,1.3222500085830688,11.187450408935549
2018-02-02,1.4266760349273682,1.1403299570083618,1.748960018157959,1.7744799852371216,11.154890060424805,156.07699584960938,1.3209099769592283,11.18673038482666
2018-02-05,1.411133885383606,1.1335999965667725,1.7541999816894531,1.7848999500274658,11.03452968597412,155.25799560546875,1.3137099742889404,11.152199745178224
2018-02-06,1.3943694829940796,1.1272799968719482,1.747689962387085,1.7704399824142456,10.902039527893066,152.11099243164062,1.2982800006866455,11.125300407409668
2018-02-07,1.395868182182312,1.1272200345993042,1.7450400590896606,1.767850041389465,10.911620140075684,152.98599243164062,1.3063499927520752,11.091719627380373
2018-02-08,1.3879250288009644,1.1308000087738037,1.7439600229263306,1.7754900455474854,10.84910011291504,151.53799438476562,1.3081300258636477,11.21269989013672
2018-02-09,1.3934950828552246,1.1364500522613523,1.7541500329971311,1.7892400026321411,10.89583969116211,151.23500061035156,1.3028099536895752,11.292149543762209
2018-02-12,1.3827433586120603,1.128290057182312,1.7402299642562866,1.7678699493408203,10.80799961090088,150.39999389648438,1.2990399599075315,11.181699752807615
2018-02-13,1.3852334022521973,1.1253999471664429,1.7418999671936035,1.7622699737548828,10.830699920654297,150.5330047607422,1.2997000217437744,11.154999732971191
2018-02-14,1.3886960744857788,1.1238000392913818,1.747789978981018,1.7660399675369265,10.857399940490724,149.60000610351562,1.2983700037002563,11.13010025024414
2018-02-15,1.401581048965454,1.124079942703247,1.7493400573730469,1.7675800323486328,10.961600303649902,149.3679962158203,1.2998100519180298,11.13259983062744
2018-02-16,1.4104173183441162,1.127869963645935,1.760349988937378,1.7753000259399414,11.027959823608398,149.6529998779297,1.300439953804016,11.178400039672852
2018-02-19,1.403154373168945,1.1303600072860718,1.761680006980896,1.7732800245285034,10.973179817199709,149.07000732421875,1.3007899522781372,11.174200057983398
2018-02-20,1.3992668390274048,1.1283999681472778,1.7583199739456177,1.7690000534057615,10.943059921264648,149.2989959716797,1.3003300428390503,11.181400299072266
2018-02-21,1.4001091718673706,1.1348999738693235,1.7706700563430786,1.77646005153656,10.952899932861328,150.3260040283203,1.3107999563217163,11.33549976348877
2018-02-22,1.3910139799118042,1.1324599981307983,1.76610004901886,1.7835999727249146,10.883299827575684,149.5959930419922,1.3054300546646118,11.293100357055664
2018-02-23,1.3953033685684204,1.131700038909912,1.7735400199890137,1.779579997062683,10.914899826049805,149.0189971923828,1.3015999794006348,11.328669548034668
2018-02-26,1.3968042135238647,1.1367000341415403,1.7664999961853027,1.781890034675598,10.926400184631348,149.55599975585938,1.3087300062179563,11.423800468444824
2018-02-27,1.3966480493545532,1.1339399814605713,1.7714300155639648,1.7790199518203735,10.924920082092283,149.52999877929688,1.3107000589370728,11.384099960327148
2018-02-28,1.390607833862305,1.1369600296020508,1.7755999565124512,1.7842999696731567,10.88418960571289,149.38699340820312,1.306149959564209,11.437100410461426
2018-03-01,1.375421166419983,1.1280699968338013,1.7651000022888184,1.7711999416351318,10.76259994506836,146.66600036621094,1.29885995388031,11.404800415039062
2018-03-02,1.377543330192566,1.1223100423812866,1.7671500444412231,1.773900032043457,10.780349731445312,146.23699951171875,1.2966400384902954,11.354700088500977
2018-03-05,1.3795006275177002,1.1197999715805054,1.777590036392212,1.7786699533462524,10.799099922180176,145.59300231933594,1.2925599813461304,11.37582015991211
2018-03-06,1.3852334022521973,1.1222000122070312,1.7974799871444702,1.7831000089645386,10.84630012512207,147.13999938964844,1.301200032234192,11.437399864196776
2018-03-07,1.390008568763733,1.1193599700927734,1.7996200323104858,1.785040020942688,10.88673973083496,146.6719970703125,1.3039100170135498,11.406100273132324
2018-03-08,1.390627145767212,1.1200400590896606,1.794100046157837,1.7762000560760498,10.89169979095459,147.63299560546875,1.3114999532699585,11.437199592590332
2018-03-09,1.3805670738220217,1.1216200590133667,1.7800899744033811,1.7718600034713743,10.821200370788574,146.8699951171875,1.3133399486541748,11.41450023651123
2018-03-12,1.38554048538208,1.1255500316619873,1.774999976158142,1.7620400190353394,10.857000350952148,148.09800720214844,1.3172399997711182,11.415539741516112
2018-03-13,1.3907625675201416,1.1269700527191162,1.7858599424362185,1.7663999795913696,10.901869773864746,147.77000427246094,1.3171199560165403,11.45347023010254
2018-03-14,1.397233486175537,1.1268999576568604,1.809599995613098,1.7777400016784668,10.950679779052734,148.74000549316406,1.3178999423980713,11.473299980163574
2018-03-15,1.3971552848815918,1.1288399696350098,1.8096699714660645,1.772699952125549,10.95287036895752,148.30799865722656,1.3193299770355225,11.427769660949709
2018-03-16,1.3938642740249634,1.132200002670288,1.8187999725341797,1.7890000343322754,10.928899765014648,148.16299438476562,1.3257999420166016,11.400400161743164
2018-03-19,1.3943500518798828,1.1352699995040894,1.8254799842834473,1.806939959526062,10.935099601745604,147.76100158691406,1.3281999826431274,11.425100326538086
2018-03-20,1.4025245904922483,1.1367499828338623,1.834589958190918,1.8193999528884888,10.998000144958496,148.6529998779297,1.3336800336837769,11.448699951171877
2018-03-21,1.4004818201065063,1.1430000066757202,1.8307100534439087,1.8208999633789065,10.98419952392578,149.07000732421875,1.3385800123214722,11.504150390625
2018-03-22,1.414627194404602,1.1454299688339231,1.8240300416946411,1.819169998168945,11.095080375671388,149.82200622558594,1.3415900468826294,11.577300071716309
2018-03-23,1.4114724397659302,1.1449400186538696,1.82492995262146,1.8344299793243408,11.075300216674805,148.1300048828125,1.3354899883270264,11.626999855041504
2018-03-26,1.4147672653198242,1.145050048828125,1.822110056877136,1.8351800441741943,11.099129676818848,148.33900451660156,1.3398100137710571,11.660400390625
2018-03-27,1.423892855644226,1.142850041389465,1.827489972114563,1.8359899520874023,11.170909881591797,150.2050018310547,1.345270037651062,11.645580291748049
2018-03-28,1.417635440826416,1.1423799991607666,1.8250999450683592,1.84375,11.121700286865234,149.49400329589844,1.3416199684143066,11.657999992370604
2018-03-29,1.4080342054367063,1.14368999004364,1.8187299966812136,1.8380299806594849,11.047280311584473,150.36700439453125,1.346750020980835,11.762499809265137
2018-04-03,1.4046719074249268,1.142590045928955,1.8149299621582031,1.8353400230407717,11.023320198059082,148.5970001220703,1.3411999940872192,11.799200057983398
2018-04-04,1.406865477561951,1.1456899642944336,1.801200032234192,1.8312699794769287,11.040860176086426,149.7270050048828,1.348180055618286,11.79967975616455
2018-04-05,1.4088078737258911,1.1464999914169312,1.7962000370025637,1.8247699737548828,11.056329727172852,150.41900634765625,1.3524500131607056,11.81820011138916
2018-04-06,1.400874137878418,1.143339991569519,1.78849995136261,1.8265999555587769,10.994429588317873,149.9429931640625,1.347540020942688,11.796990394592283
2018-04-09,1.4091651439666748,1.148229956626892,1.8007700443267822,1.83433997631073,11.058489799499512,150.72000122070312,1.3515199422836304,11.824399948120115
2018-04-10,1.4138271808624268,1.1468000411987305,1.7952500581741333,1.8355000019073489,11.094599723815918,150.87899780273438,1.351199984550476,11.812800407409668
2018-04-11,1.4182183742523191,1.1470400094985962,1.7858699560165403,1.8265600204467771,11.130970001220703,151.88999938964844,1.3560999631881714,11.765390396118164
2018-04-12,1.4189025163650513,1.1466000080108645,1.7827999591827393,1.8274400234222412,11.13640022277832,151.55999755859375,1.3581899404525757,11.806699752807615
2018-04-13,1.4238117933273315,1.1542999744415283,1.792099952697754,1.8351399898529053,11.174710273742676,152.64599609375,1.3699100017547607,11.96547031402588
2018-04-16,1.4246840476989746,1.1548000574111938,1.79544997215271,1.8326300382614136,11.18299961090088,153.1219940185547,1.3719700574874878,12.067899703979492
2018-04-17,1.4342057704925537,1.1579099893569946,1.8021700382232664,1.8450599908828735,11.256950378417969,153.50999450683594,1.3758000135421753,12.063790321350098
2018-04-18,1.429653882980347,1.1550999879837036,1.795300006866455,1.840690016746521,11.222000122070312,152.98199462890625,1.381790041923523,12.008939743041992
2018-04-19,1.4204343557357788,1.1469999551773071,1.7932599782943726,1.823099970817566,11.147850036621094,152.4199981689453,1.375300049781799,11.917699813842772
2018-04-20,1.4086490869522097,1.1408400535583496,1.78371000289917,1.8236600160598757,11.052200317382812,151.32000732421875,1.3683099746704102,11.837470054626465
2018-04-23,1.4001679420471191,1.1406999826431274,1.7871999740600586,1.8278000354766848,10.983200073242188,151.03599548339844,1.3662999868392944,11.835399627685549
2018-04-24,1.3938252925872805,1.1415599584579468,1.7902599573135376,1.833459973335266,10.930379867553713,151.57699584960938,1.3632400035858154,11.869890213012695
2018-04-25,1.3993842601776123,1.1432000398635864,1.7937999963760376,1.8398200273513792,10.982199668884276,152.26600646972656,1.3695000410079956,11.903470039367676
2018-04-26,1.3939224481582642,1.1448999643325806,1.788699984550476,1.8406000137329104,10.93649959564209,152.41700744628906,1.3693000078201294,11.923239707946776
2018-04-27,1.391943335533142,1.149359941482544,1.79135000705719,1.8419400453567505,10.920339584350586,152.14300537109375,1.3765300512313845,12.0449800491333
2018-04-30,1.37710702419281,1.135599970817566,1.768149971961975,1.8178999423980713,10.805899620056152,150.23300170898438,1.3604999780654907,11.936200141906738
2018-05-01,1.3772207498550415,1.1397600173950195,1.7671500444412231,1.8281999826431272,10.80869960784912,150.5760040283203,1.3640700578689575,12.040300369262695
2018-05-02,1.3609329462051392,1.1348199844360352,1.7480299472808838,1.8186500072479248,10.681900024414062,149.5489959716797,1.356160044670105,12.0310697555542
2018-05-03,1.3573862314224243,1.135699987411499,1.7482000589370728,1.812880039215088,10.652299880981444,149.06199645996094,1.3562099933624268,12.10120964050293
2018-05-04,1.3572388887405396,1.1319400072097778,1.7439099550247192,1.8028099536895752,10.651949882507324,148.05999755859375,1.3534899950027466,11.952509880065918
2018-05-08,1.3570362329483032,1.1369400024414062,1.7475800514221191,1.8047599792480469,10.64999008178711,147.8179931640625,1.359320044517517,11.977399826049805
2018-05-09,1.35534405708313,1.141950011253357,1.7541999816894531,1.8194299936294556,10.639300346374512,147.74000549316406,1.3567999601364136,11.93869972229004
2018-05-10,1.3544628620147705,1.143180012702942,1.7402299642562866,1.815969944000244,10.63051986694336,148.74000549316406,1.3617700338363647,11.79438018798828
2018-05-11,1.352338194847107,1.1346800327301023,1.7264000177383425,1.7965099811553955,10.613300323486328,147.95599365234375,1.3559999465942385,11.689200401306152
2018-05-14,1.355380892753601,1.1336699724197388,1.7318600416183472,1.7944799661636353,10.635890007019045,148.1529998779297,1.354889988899231,11.634099960327148
2018-05-15,1.3562448024749756,1.136620044708252,1.735919952392578,1.8019399642944336,10.64490032196045,148.81199645996094,1.3564499616622925,11.713199615478516
2018-05-16,1.3500195741653442,1.141939997673035,1.7375400066375732,1.8075000047683716,10.597100257873535,148.88499450683594,1.3516000509262085,11.73840045928955
2018-05-17,1.354830026626587,1.146299958229065,1.7311999797821045,1.8014999628067017,10.6326904296875,149.4739990234375,1.3552500009536743,11.772700309753418
2018-05-18,1.3515340089797974,1.1455999612808228,1.734220027923584,1.7999500036239624,10.605460166931152,149.72999572753906,1.3532500267028809,11.805899620056152
2018-05-21,1.3477089405059814,1.14520001411438,1.7353700399398804,1.7911900281906128,10.57876968383789,149.41000366210938,1.3449100255966189,11.8016996383667
2018-05-22,1.3431833982467651,1.1390999555587769,1.7159299850463867,1.7711999416351318,10.540120124816896,149.0500030517578,1.3387000560760498,11.649499893188477
2018-05-23,1.3441040515899658,1.139899969100952,1.722390055656433,1.7733299732208252,10.548399925231934,148.81100463867188,1.333109974861145,11.666569709777832
2018-05-24,1.337130784988403,1.141669988632202,1.71589994430542,1.7667900323867798,10.491900444030762,146.89100646972656,1.3291499614715576,11.694100379943848
2018-05-25,1.3383476734161377,1.1413999795913696,1.724120020866394,1.7673799991607666,10.501500129699709,146.2830047607422,1.3264600038528442,11.721400260925291
2018-05-29,1.3315579891204834,1.1449799537658691,1.7295299768447876,1.7641899585723877,10.443269729614258,145.62899780273438,1.322460055351257,11.745100021362305
2018-05-30,1.32538104057312,1.1486899852752686,1.7268999814987185,1.7713700532913208,10.397259712219238,143.64599609375,1.312980055809021,11.885199546813965
2018-05-31,1.328356385231018,1.13864004611969,1.7124600410461426,1.7544100284576416,10.422269821166992,144.3939971923828,1.313040018081665,11.702670097351074
2018-06-01,1.3289390802383425,1.1364099979400637,1.7200499773025513,1.7572699785232544,10.425999641418455,144.51800537109375,1.308750033378601,11.71030044555664
2018-06-04,1.3356484174728394,1.1440999507904053,1.729599952697754,1.76433002948761,10.475099563598633,146.35000610351562,1.3200000524520874,11.773119926452637
2018-06-05,1.3316465616226196,1.1380000114440918,1.721060037612915,1.7401000261306765,10.44696044921875,146.4149932861328,1.315739989280701,11.653599739074709
2018-06-06,1.3406083583831787,1.1431299448013306,1.7344900369644165,1.7582800388336182,10.518500328063965,147.27000427246094,1.319409966468811,11.715100288391112
2018-06-07,1.3421558141708374,1.138990044593811,1.7372699975967407,1.7510700225830078,10.531009674072266,147.79600524902344,1.3232100009918213,11.708499908447266
2018-06-08,1.3419216871261597,1.13756000995636,1.7418400049209597,1.7618999481201172,10.52649974822998,147.16400146484375,1.3157600164413452,11.67650032043457
2018-06-11,1.341381549835205,1.1380000114440918,1.739199995994568,1.76419997215271,10.522780418395996,146.7790069580078,1.3208199739456177,11.663100242614746
2018-06-12,1.3374348878860474,1.1357100009918213,1.7366399765014648,1.7584500312805176,10.491660118103027,147.61300659179688,1.3189300298690796,11.5871000289917
2018-06-13,1.3372559547424316,1.1382700204849243,1.7405600547790527,1.7656199932098389,10.491999626159668,147.697998046875,1.3196300268173218,11.547499656677246
2018-06-14,1.3382760286331177,1.1335999965667725,1.735700011253357,1.7675000429153442,10.501290321350098,147.5,1.3174999952316284,11.514100074768066
2018-06-15,1.3256621360778809,1.1460200548171997,1.7382999658584597,1.7754499912261963,10.404319763183594,146.65899658203125,1.3214499950408936,11.591039657592772
2018-06-18,1.3275099992752075,1.1446000337600708,1.7519500255584717,1.784209966659546,10.418999671936035,146.84300231933594,1.3242499828338623,11.680669784545898
2018-06-19,1.3258730173110962,1.139799952507019,1.7514499425888062,1.7907500267028809,10.405949592590332,146.00900268554688,1.3180400133132937,11.687589645385742
2018-06-20,1.317332148551941,1.1366499662399292,1.7490099668502808,1.7829899787902832,10.339400291442873,144.98699951171875,1.309440016746521,11.712989807128906
2018-06-21,1.3175230026245115,1.13756000995636,1.7526899576187134,1.7867599725723269,10.334799766540527,145.33999633789062,1.3116999864578247,11.693479537963867
2018-06-22,1.3247840404510498,1.1411999464035034,1.763700008392334,1.795199990272522,10.392450332641602,145.65199279785156,1.3135099411010742,11.77472972869873
2018-06-25,1.3262423276901243,1.1371999979019165,1.7609800100326538,1.7828799486160278,10.40410041809082,145.78700256347656,1.3100500106811523,11.747779846191406
2018-06-26,1.3278449773788452,1.1347299814224243,1.7654999494552612,1.791949987411499,10.418899536132812,145.572998046875,1.310520052909851,11.74158000946045
2018-06-27,1.3221042156219482,1.1347299814224243,1.7584799528121948,1.7885600328445437,10.376049995422363,145.55499267578125,1.309939980506897,11.735210418701172
2018-06-28,1.3120431900024414,1.1345100402832031,1.7486300468444824,1.7867599725723269,10.295660018920898,144.60000610351562,1.307669997215271,11.765700340270996
2018-06-29,1.307514190673828,1.1306699514389038,1.732990026473999,1.7796299457550049,10.260000228881836,144.44700622558594,1.3042000532150269,11.805399894714355
2018-07-02,1.3207770586013794,1.1305999755859375,1.7359000444412231,1.7850500345230105,10.362000465393066,146.21499633789062,1.3075000047683716,11.818659782409668
2018-07-03,1.314405918121338,1.128600001335144,1.732699990272522,1.790850043296814,10.310199737548828,145.7030029296875,1.3050999641418457,11.774999618530272
2018-07-04,1.3194352388381958,1.1315499544143677,1.7337000370025637,1.7880699634552002,10.349499702453612,145.66799926757812,1.308709979057312,11.649530410766602
2018-07-05,1.3229262828826904,1.1342899799346924,1.7380399703979492,1.792099952697754,10.374919891357422,146.18099975585938,1.3125,11.610569953918455
2018-07-06,1.3225764036178589,1.1307200193405151,1.7370100021362305,1.789929986000061,10.375499725341797,146.1959991455078,1.3130899667739868,11.590669631958008
2018-07-09,1.329787254333496,1.1309000253677368,1.741029977798462,1.7878600358963013,10.433099746704102,146.80299377441406,1.3150999546051023,11.58864974975586
2018-07-10,1.325556755065918,1.1273599863052368,1.7376699447631836,1.774209976196289,10.401900291442873,147.05099487304688,1.313889980316162,11.552499771118164
2018-07-11,1.3257324695587158,1.1304099559783936,1.7422000169754028,1.78780996799469,10.405400276184082,146.90899658203125,1.315709948539734,11.599149703979492
2018-07-12,1.3210039138793943,1.13100004196167,1.743939995765686,1.7929999828338623,10.365400314331056,147.85000610351562,1.3147000074386597,11.643070220947266
2018-07-13,1.3180439472198486,1.1295000314712524,1.7349200248718262,1.779379963874817,10.342100143432615,148.4770050048828,1.321300029754639,11.694669723510742
2018-07-16,1.3227688074111938,1.13250994682312,1.7401800155639648,1.7827600240707395,10.380510330200195,148.64999389648438,1.3255499601364136,11.761289596557615
2018-07-17,1.3236442804336548,1.1303000450134275,1.7386599779129028,1.7850600481033323,10.387619972229004,148.7270050048828,1.319249987602234,11.670430183410645
2018-07-18,1.3106160163879397,1.1243000030517578,1.7302099466323853,1.7763299942016602,10.284879684448242,148.0989990234375,1.3108899593353271,11.586339950561523
2018-07-19,1.3078221082687378,1.1229000091552734,1.721909999847412,1.767490029335022,10.264030456542969,147.49400329589844,1.305899977684021,11.587599754333496
2018-07-20,1.3023037910461426,1.1172499656677246,1.7266900539398191,1.7686599493026731,10.221190452575684,146.3179931640625,1.3004800081253052,11.583869934082031
2018-07-23,1.314716935157776,1.1195000410079956,1.7245500087738037,1.7686599493026731,10.318490028381348,145.99200439453125,1.3026100397109983,11.627030372619627
2018-07-24,1.3102725744247437,1.1203900575637815,1.7255100011825562,1.7752699851989746,10.28090000152588,146.03399658203125,1.301200032234192,11.604909896850586
2018-07-25,1.3152183294296265,1.1254099607467651,1.729300022125244,1.7709399461746216,10.316699981689451,146.27000427246094,1.3064299821853638,11.597339630126951
2018-07-26,1.3199577331542969,1.1244900226593018,1.7206100225448608,1.769469976425171,10.35459041595459,146.29400634765625,1.3079400062561035,11.543700218200684
2018-07-27,1.3108737468719482,1.125789999961853,1.7131400108337402,1.7762000560760498,10.286120414733888,145.68899536132812,1.3026000261306765,11.547900199890137
2018-07-30,1.3111830949783323,1.1243900060653689,1.7127100229263306,1.7716699838638306,10.289329528808594,145.447998046875,1.3031200170516968,11.578900337219238
2018-07-31,1.3135426044464111,1.1218299865722656,1.7110799551010132,1.7731900215148926,10.30801010131836,145.7790069580078,1.2977099418640137,11.496000289916992
2018-08-01,1.3121638298034668,1.1222200393676758,1.7077800035476685,1.7680000066757202,10.296099662780762,146.64999389648438,1.2991299629211426,11.529800415039062
2018-08-02,1.3126115798950195,1.1252199411392212,1.7059999704360962,1.7723499536514282,10.301400184631348,146.5050048828125,1.3015700578689575,11.552599906921388
2018-08-03,1.3018121719360352,1.1232999563217163,1.6953200101852417,1.7687400579452517,10.216099739074709,145.3800048828125,1.2956500053405762,11.567440032958984
2018-08-06,1.3003562688827517,1.1245499849319458,1.692139983177185,1.7582199573516846,10.205260276794434,144.6269989013672,1.2930999994277954,11.596699714660645
2018-08-07,1.2944984436035156,1.1195000410079956,1.682669997215271,1.752400040626526,10.157099723815918,144.09100341796875,1.289430022239685,11.565299987792969
2018-08-08,1.2946659326553345,1.115530014038086,1.6902999877929688,1.7434099912643433,10.161199569702148,144.12100219726562,1.2881200313568115,11.529500007629396
2018-08-09,1.2881617546081543,1.1091599464416504,1.676300048828125,1.7340799570083618,10.109000205993652,142.8000030517578,1.2789000272750854,11.52560043334961
2018-08-10,1.2828407287597656,1.11312997341156,1.6734800338745115,1.7399400472640991,10.069009780883787,142.49099731445312,1.2750699520111084,11.552519798278809
2018-08-13,1.2758845090866089,1.119770050048828,1.6776000261306765,1.7506599426269531,10.013580322265623,141.14300537109375,1.2688000202178955,11.6628999710083
2018-08-14,1.2762752771377563,1.119339942932129,1.67562997341156,1.756469964981079,10.017239570617676,141.21800231933594,1.2676000595092771,11.638799667358398
2018-08-15,1.271779179573059,1.12090003490448,1.6601999998092651,1.7576199769973757,9.98285961151123,141.4720001220703,1.2642600536346436,11.631699562072754
2018-08-16,1.2693899869918823,1.118980050086975,1.6678999662399292,1.7544599771499634,9.962499618530272,140.34800720214844,1.2606300115585327,11.688480377197266
2018-08-17,1.2714558839797974,1.1175999641418457,1.6728099584579468,1.7510000467300415,9.978400230407717,141.0800018310547,1.2676000595092771,11.684300422668455
2018-08-20,1.2747135162353516,1.1140999794006348,1.6643999814987185,1.7441099882125854,10.005599975585938,140.8000030517578,1.268470048904419,11.666069984436035
2018-08-21,1.2804261445999146,1.1141899824142456,1.6697399616241455,1.7451800107955933,10.049639701843262,140.77200317382812,1.268180012702942,11.70995044708252
2018-08-22,1.290555715560913,1.1148600578308103,1.6820499897003174,1.7534600496292114,10.12950038909912,142.11000061035156,1.270300030708313,11.730609893798828
2018-08-23,1.2904725074768066,1.1138299703598022,1.6779999732971191,1.7594000101089478,10.128700256347656,142.6909942626953,1.2685999870300293,11.694299697875977
2018-08-24,1.281065821647644,1.1096999645233154,1.6780699491500854,1.7682000398635864,10.054070472717283,142.63699340820312,1.2632100582122805,11.707900047302246
2018-08-28,1.2896735668182373,1.1037399768829346,1.671679973602295,1.7548799514770508,10.122570037841797,143.3249969482422,1.2629499435424805,11.721429824829102
2018-08-29,1.2867693901062012,1.1003999710083008,1.6636500358581543,1.7527899742126465,10.09984016418457,143.02499389648438,1.256500005722046,11.751469612121582
2018-08-30,1.303593993186951,1.1130000352859497,1.6820499897003174,1.782729983329773,10.230170249938965,145.61500549316406,1.2647000551223757,11.903800010681152
2018-08-31,1.301100730895996,1.1153099536895752,1.689479947090149,1.7915600538253784,10.21133041381836,144.4080047607422,1.2601900100708008,11.862299919128418
2018-09-03,1.292306900024414,1.1140199899673462,1.687790036201477,1.7970999479293823,10.142239570617676,143.61700439453125,1.2525999546051023,11.820619583129885
2018-09-04,1.2869019508361816,1.107699990272522,1.6850099563598633,1.7851999998092651,10.100330352783203,142.94700622558594,1.247189998626709,11.701600074768066
2018-09-05,1.2858428955078125,1.1094000339508057,1.6938799619674685,1.789870023727417,10.091710090637209,143.30499267578125,1.2521599531173706,11.675100326538086
2018-09-06,1.2914891242980957,1.1097400188446045,1.700600028038025,1.7944899797439575,10.133999824523926,143.9149932861328,1.2538299560546875,11.682499885559082
2018-09-07,1.2925406694412231,1.1122299432754517,1.7001500129699707,1.7973999977111816,10.143699645996094,142.80599975585938,1.247730016708374,11.774399757385254
2018-09-10,1.2930254936218262,1.118299961090088,1.702299952507019,1.8171900510787964,10.14799976348877,143.3800048828125,1.2522000074386597,11.701899528503418
2018-09-11,1.302643060684204,1.1234899759292605,1.7144800424575806,1.8321199417114256,10.224370002746582,144.7779998779297,1.2695800065994265,11.804659843444824
2018-09-12,1.3015578985214231,1.1223000288009644,1.6999900341033936,1.8303099870681765,10.215089797973633,145.24899291992188,1.2662700414657593,11.776339530944824
2018-09-13,1.304546356201172,1.1219600439071655,1.696020007133484,1.819169998168945,10.23740005493164,145.0850067138672,1.2655099630355835,11.713299751281738
2018-09-14,1.311131477355957,1.1213099956512451,1.7050700187683103,1.8239099979400637,10.289299964904783,146.85699462890625,1.2667200565338137,11.735960006713867
2018-09-17,1.307326316833496,1.1240999698638916,1.7043999433517456,1.8294299840927124,10.257010459899902,146.34800720214844,1.2640999555587769,11.823780059814451
2018-09-18,1.3146305084228516,1.1265000104904177,1.7167999744415283,1.8392000198364256,10.31309986114502,146.8249969482422,1.2654600143432615,11.727499961853027
2018-09-19,1.3168463706970217,1.1273000240325928,1.7080199718475342,1.8223199844360352,10.328060150146484,147.83799743652344,1.268839955329895,11.719050407409668
2018-09-20,1.3141123056411743,1.1255099773406982,1.6974300146102903,1.8101600408554075,10.309100151062012,147.593994140625,1.271049976348877,11.654199600219728
2018-09-21,1.327087163925171,1.1268600225448608,1.7129900455474854,1.8212900161743164,10.407400131225586,149.28399658203125,1.2723000049591064,11.639060020446776
2018-09-24,1.30804443359375,1.1130000352859497,1.6890300512313845,1.7972300052642822,10.21339988708496,147.17100524902344,1.2533999681472778,11.48390007019043
2018-09-25,1.311733365058899,1.1160099506378174,1.698449969291687,1.8086400032043457,10.246399879455566,147.93600463867188,1.2650099992752075,11.534760475158691
2018-09-26,1.3179919719696045,1.1200000047683716,1.7075799703598022,1.8180400133132937,10.291850090026855,148.8699951171875,1.2719000577926636,11.613829612731934
2018-09-27,1.3172800540924072,1.1210800409317017,1.716920018196106,1.8147599697113037,10.287400245666504,148.43899536132812,1.2710000276565552,11.595100402832031
2018-09-28,1.3078734874725342,1.1232000589370728,1.7044299840927124,1.8144999742507937,10.217100143432615,148.21099853515625,1.2773799896240234,11.573360443115234
2018-10-01,1.3039000034332275,1.1233799457550049,1.6741700172424316,1.804900050163269,10.205499649047852,148.36099243164062,1.2794300317764282,11.587809562683104
2018-10-02,1.3043591976165771,1.126539945602417,1.6710699796676636,1.8046599626541135,10.20930004119873,148.61500549316406,1.2828099727630615,11.664999961853027
2018-10-03,1.2981956005096436,1.1233999729156494,1.6639000177383425,1.8058199882507324,10.168100357055664,147.41200256347656,1.2768900394439695,11.690710067749023
2018-10-04,1.294062852859497,1.1274900436401367,1.6664999723434448,1.8234800100326536,10.141719818115234,148.14300537109375,1.283229947090149,11.724200248718262
2018-10-05,1.3024225234985352,1.1306500434875488,1.6825100183486938,1.8391799926757812,10.202199935913086,148.33200073242188,1.2908999919891355,11.791999816894531
2018-10-08,1.31271493434906,1.1391099691390991,1.6995099782943726,1.861039996147156,10.284099578857422,149.26499938964844,1.3012399673461914,11.903459548950195
2018-10-09,1.309311866760254,1.1389000415802002,1.6960999965667725,1.850849986076355,10.248600006103516,148.06900024414062,1.2990700006484983,11.88974952697754
2018-10-10,1.3157029151916504,1.143100023269653,1.7015999555587769,1.8487999439239504,10.305749893188477,148.65699768066406,1.3046400547027588,11.956100463867188
2018-10-11,1.3206725120544434,1.1449999809265137,1.723399996757507,1.8694599866867063,10.349780082702637,148.03399658203125,1.3050700426101685,12.051690101623535
2018-10-12,1.3234164714813232,1.1417299509048462,1.7244000434875488,1.857450008392334,10.36775016784668,148.32200622558594,1.3099700212478638,11.87440013885498
2018-10-15,1.3103927373886108,1.133999943733215,1.706470012664795,1.8435900211334229,10.264900207519531,147.0070037841797,1.2982900142669678,11.750399589538574
2018-10-16,1.315477967262268,1.1355600357055664,1.709089994430542,1.8435100317001345,10.30459976196289,147.11099243164062,1.2982300519943235,11.768500328063965
2018-10-17,1.318721890449524,1.1390299797058103,1.7057299613952637,1.8472100496292112,10.333149909973145,148.13900756835938,1.3059300184249878,11.745599746704102
2018-10-18,1.3104442358016968,1.1390999555587769,1.7063299417495728,1.8423000574111936,10.26990032196045,147.55499267578125,1.3035999536514282,11.744999885559082
2018-10-19,1.3024225234985352,1.136639952659607,1.7027900218963623,1.8348300457000732,10.205050468444824,146.0570068359375,1.2963900566101074,11.76729965209961
2018-10-22,1.3065404891967771,1.1351100206375122,1.711400032043457,1.836680054664612,10.243000030517578,146.9510040283203,1.3016799688339231,11.743200302124023
2018-10-23,1.2965964078903198,1.1305999755859375,1.698140025138855,1.8331300020217896,10.162699699401855,146.18600463867188,1.2914400100708008,11.665499687194824
2018-10-24,1.2981280088424685,1.131350040435791,1.6979999542236328,1.8302299976348877,10.174920082092283,145.93899536132812,1.2911800146102903,11.711400032043455
2018-10-25,1.2888258695602417,1.1303900480270386,1.6812000274658203,1.824470043182373,10.103400230407717,144.33700561523438,1.284500002861023,11.741499900817873
2018-10-26,1.2824623584747314,1.1270999908447266,1.6761499643325806,1.8108999729156496,10.05430030822754,144.072998046875,1.2819000482559204,11.6875
2018-10-29,1.2831040620803833,1.1256099939346311,1.6802200078964231,1.807600021362305,10.058099746704102,143.58200073242188,1.2798999547958374,11.71049976348877
2018-10-30,1.2802459001541138,1.1252800226211548,1.6806299686431885,1.8124300241470337,10.040200233459473,143.79200744628906,1.2822799682617188,11.71150016784668
2018-10-31,1.2708903551101685,1.1196999549865725,1.666200041770935,1.790120005607605,9.968390464782717,143.6699981689453,1.2770999670028689,11.656000137329102
2018-11-01,1.276943564414978,1.128250002861023,1.6799999475479126,1.8027100563049316,10.013099670410156,144.0970001220703,1.2868000268936155,11.69320011138916
2018-11-02,1.3003731966018677,1.1402499675750732,1.7020699977874756,1.8045799732208252,10.18651008605957,146.5399932861328,1.3030400276184082,11.762999534606934
2018-11-05,1.3005592823028564,1.1410200595855713,1.7037299871444702,1.8067100048065183,10.172240257263184,147.13600158691406,1.3035999536514282,11.76360034942627
2018-11-06,1.3058068752288818,1.1443699598312378,1.7115999460220337,1.8102999925613403,10.227399826049805,147.85400390625,1.3110400438308716,11.824700355529783
2018-11-07,1.311251878738403,1.1462700366973877,1.7197400331497192,1.8101400136947632,10.269370079040527,148.63900756835938,1.313230037689209,11.843700408935549
2018-11-08,1.3128528594970703,1.148110032081604,1.721709966659546,1.8042700290679932,10.277310371398926,149.06500244140625,1.315150022506714,11.837900161743164
2018-11-09,1.3066771030426023,1.1492600440979004,1.7172000408172607,1.7980200052261353,10.226719856262209,148.88400268554688,1.3141100406646729,11.781900405883787
2018-11-12,1.2938451766967771,1.1424399614334106,1.7068300247192385,1.7902100086212158,10.131239891052246,147.28599548339844,1.3014099597930908,11.749500274658203
2018-11-13,1.2857933044433594,1.1452200412750244,1.701799988746643,1.7914999723434448,10.074899673461914,146.1580047607422,1.2985999584197998,11.754300117492676
2018-11-14,1.3014055490493774,1.1504499912261963,1.7209299802780151,1.7995400428771973,10.190389633178713,148.08200073242188,1.3089900016784668,11.765700340270996
2018-11-15,1.2986170053482056,1.1476000547409058,1.7201499938964844,1.7951699495315552,10.168279647827148,147.46299743652344,1.3062399625778198,11.793999671936035
2018-11-16,1.276650071144104,1.1269999742507937,1.6812000274658203,1.7552000284194946,9.994799613952637,144.92999267578125,1.285249948501587,11.571700096130373
2018-11-19,1.2833181619644165,1.1242400407791138,1.6869699954986572,1.7535699605941772,10.047470092773438,144.65199279785156,1.2823699712753296,11.556099891662598
2018-11-20,1.2859750986099243,1.1224499940872192,1.693600058555603,1.762539982795715,10.068300247192385,144.6020050048828,1.2768700122833252,11.56719970703125
2018-11-21,1.2789195775985718,1.1244800090789795,1.7015199661254885,1.7720999717712402,10.014470100402832,144.1479949951172,1.2720500230789185,11.629799842834473
2018-11-22,1.277726650238037,1.1218600273132324,1.6894999742507937,1.7592999935150146,10.006179809570312,144.39700317382812,1.2700999975204468,11.540599822998049
2018-11-23,1.287597894668579,1.129140019416809,1.698099970817566,1.775990009307861,10.08139991760254,145.4499969482422,1.2803000211715698,11.636199951171877
2018-11-26,1.2812299728393557,1.129699945449829,1.694540023803711,1.771289944648743,10.027099609375,144.6649932861328,1.2776999473571775,11.644000053405762
2018-11-27,1.2812299728393557,1.1305099725723269,1.698099970817566,1.7734999656677246,10.021300315856934,145.4250030517578,1.2789100408554075,11.640299797058104
2018-11-28,1.2743724584579468,1.1276899576187134,1.6940499544143677,1.7624000310897827,9.97070026397705,144.9550018310547,1.2718000411987305,11.592499732971191
2018-11-29,1.2824130058288574,1.127940058708191,1.7019000053405762,1.7556999921798706,10.03376007080078,145.60400390625,1.273300051689148,11.586999893188477
2018-11-30,1.2784454822540283,1.1219799518585205,1.6965999603271484,1.7458399534225464,9.997599601745604,144.9600067138672,1.2731599807739258,11.587599754333496
2018-12-03,1.2753475904464722,1.1239999532699585,1.690160036087036,1.729300022125244,9.973299980163574,145.0399932861328,1.2731000185012815,11.5600004196167
2018-12-04,1.2725884914398191,1.1206200122833252,1.6793400049209597,1.7296500205993652,9.945940017700195,144.53500366210938,1.2697700262069702,11.465100288391112
2018-12-05,1.2720541954040527,1.1213099956512451,1.6860599517822266,1.7316399812698364,9.925029754638672,143.34100341796875,1.268489956855774,11.468999862670898
2018-12-06,1.2727665901184082,1.1213899850845337,1.7004899978637695,1.751389980316162,9.943599700927734,143.87899780273438,1.2688599824905396,11.419500350952148
2018-12-07,1.2778573036193848,1.1232999563217163,1.7114299535751345,1.7670400142669678,9.979379653930664,143.99000549316406,1.2690199613571167,11.483400344848633
2018-12-10,1.2721028327941897,1.1156200170516968,1.6951299905776978,1.7710700035095217,9.94124984741211,143.0800018310547,1.2588200569152832,11.496700286865234
2018-12-11,1.2561235427856443,1.1059499979019165,1.6825499534606934,1.746340036392212,9.813300132751465,142.13999938964844,1.2424399852752686,11.41409969329834
2018-12-12,1.249297261238098,1.1031999588012695,1.6711900234222412,1.7317899465560913,9.76393985748291,141.63699340820312,1.240399956703186,11.345999717712402
2018-12-13,1.2628655433654783,1.1102399826049805,1.6855599880218506,1.7492300271987915,9.867250442504885,143.05099487304688,1.2533400058746338,11.472700119018556
2018-12-14,1.2655024528503418,1.1132999658584597,1.6891100406646729,1.7512999773025513,9.886099815368652,143.68800354003906,1.257099986076355,11.454400062561035
2018-12-17,1.25855815410614,1.113029956817627,1.6846799850463867,1.7537399530410769,9.831159591674805,142.69200134277344,1.255229949951172,11.399399757385254
2018-12-18,1.2615749835968018,1.111299991607666,1.6919000148773191,1.7574000358581543,9.855600357055664,142.3249969482422,1.252150058746338,11.420100212097168
2018-12-19,1.2655024528503418,1.1123900413513184,1.702399969100952,1.760570049285889,9.89463996887207,142.3699951171875,1.2555999755859375,11.460100173950195
2018-12-20,1.262785792350769,1.1085000038146973,1.7012300491333008,1.7749199867248535,9.88290023803711,141.94500732421875,1.2549599409103394,11.473099708557127
2018-12-21,1.2669775485992432,1.10562002658844,1.7098400592803955,1.78016996383667,9.916399955749512,140.82000732421875,1.250040054321289,11.357399940490724
2018-12-24,1.2648941278457642,1.1121100187301636,1.7196600437164309,1.794039964675903,9.907580375671388,140.45700073242188,1.2568800449371338,11.435099601745604
2018-12-27,1.2648781538009644,1.1131800413131714,1.7163699865341189,1.7875399589538574,9.90036964416504,140.6959991455078,1.2573599815368652,11.495800018310549
2018-12-28,1.2646220922470093,1.1059000492095947,1.7217899560928345,1.797379970550537,9.902299880981444,140.20599365234375,1.248129963874817,11.395099639892578
2018-12-31,1.269357681274414,1.1089999675750732,1.728950023651123,1.8013499975204468,9.937549591064451,140.02699279785156,1.2481000423431396,11.39799976348877
2019-01-02,1.2754288911819458,1.1126400232315063,1.7376099824905396,1.8094799518585205,9.989740371704102,139.85800170898438,1.2523399591445925,11.306400299072266
2019-01-03,1.2521913051605225,1.1057000160217283,1.7058000564575195,1.809249997138977,9.806699752807615,134.48399353027344,1.2375600337982178,11.309700012207031
2019-01-04,1.2628813982009888,1.1085100173950195,1.7020000219345093,1.802389979362488,9.888219833374023,136.14100646972656,1.2465800046920776,11.36769962310791
2019-01-07,1.2734960317611694,1.1159299612045288,1.702340006828308,1.7874699831008911,9.97480010986328,138.18299865722656,1.2551900148391724,11.40060043334961
2019-01-08,1.278608798980713,1.113620042800903,1.6996999979019165,1.7892999649047852,10.017000198364258,138.8560028076172,1.2517000436782837,11.366100311279297
2019-01-09,1.2737879753112793,1.1117500066757202,1.6873799562454224,1.7781699895858765,9.983989715576172,138.54200744628906,1.2490999698638916,11.350000381469728
2019-01-10,1.279967188835144,1.1073999404907229,1.6907999515533447,1.78357994556427,10.030309677124023,138.46299743652344,1.2464900016784668,11.34409999847412
2019-01-11,1.2753963470458984,1.1081000566482544,1.687999963760376,1.774399995803833,9.995969772338867,138.08999633789062,1.2547999620437622,11.339400291442873
2019-01-14,1.2849836349487305,1.121150016784668,1.7046799659729004,1.7835999727249146,10.073399543762209,139.35800170898438,1.2642300128936768,11.482600212097168
2019-01-15,1.2874983549118042,1.1220799684524536,1.7092299461364746,1.788140058517456,10.095809936523438,139.343994140625,1.2629799842834473,11.514300346374512
2019-01-16,1.2872166633605957,1.1275800466537476,1.7066999673843384,1.7858099937438965,10.095210075378418,139.83900451660156,1.270799994468689,11.536999702453612
2019-01-17,1.28857684135437,1.1303499937057495,1.7082300186157229,1.796280026435852,10.104700088500977,140.49000549316406,1.2755199670791626,11.58199977874756
2019-01-18,1.2983977794647217,1.139559984207153,1.7237000465393066,1.8056199550628664,10.182140350341797,141.70799255371094,1.2903000116348269,11.704999923706056
2019-01-21,1.2853471040725708,1.130620002746582,1.7060799598693848,1.794039964675903,10.079899787902832,140.91900634765625,1.2790000438690186,11.597100257873535
2019-01-22,1.2891747951507568,1.1334999799728394,1.713739991188049,1.8006099462509155,10.112600326538086,141.34500122070312,1.2854399681091309,11.615400314331056
2019-01-23,1.295773148536682,1.140120029449463,1.7305999994277954,1.819219946861267,10.165900230407717,141.68899536132812,1.2917799949645996,11.688300132751465
2019-01-24,1.308215618133545,1.1488800048828125,1.7451499700546265,1.830299973487854,10.262240409851074,143.2310028076172,1.3008999824523926,11.788900375366213
2019-01-25,1.3121638298034668,1.159739971160889,1.7514899969100952,1.8504300117492676,10.293129920959473,143.78199768066406,1.306089997291565,11.896300315856934
2019-01-28,1.3208470344543457,1.1572099924087524,1.7458000183105469,1.8396600484848025,10.361260414123535,144.48800659179688,1.3106000423431396,11.94130039215088
2019-01-29,1.3160146474838257,1.1512800455093384,1.7449400424957275,1.8363699913024905,10.324170112609863,143.74000549316406,1.30485999584198,11.912699699401855
2019-01-30,1.30804443359375,1.1435199975967407,1.7347999811172483,1.8271100521087649,10.259200096130373,143.05999755859375,1.3004000186920166,11.852299690246582
2019-01-31,1.3117163181304932,1.141800045967102,1.723399996757507,1.8079400062561035,10.286199569702148,142.91000366210938,1.3032000064849854,11.84980010986328
2019-02-01,1.3109424114227295,1.1450300216674805,1.720579981803894,1.8026200532913208,10.284700393676758,142.6820068359375,1.3028899431228638,11.853799819946287
2019-02-04,1.3077365159988403,1.1414799690246582,1.7128100395202637,1.803699970245361,10.258440017700195,143.10499572753906,1.3016799688339231,11.839200019836426
2019-02-05,1.3031013011932373,1.139299988746643,1.7089999914169312,1.805799961090088,10.223699569702148,143.2899932861328,1.299970030784607,11.854000091552734
2019-02-06,1.2957228422164917,1.135450005531311,1.7005399465560913,1.7885199785232544,10.1635103225708,142.43899536132812,1.2951600551605225,11.803000450134276
2019-02-07,1.2934435606002808,1.137760043144226,1.7088099718093872,1.8188999891281128,10.146699905395508,142.21800231933594,1.2960599660873413,11.89579963684082
2019-02-08,1.2949174642562866,1.141909956932068,1.723420023918152,1.8248900175094604,10.15999984741211,142.1230010986328,1.2978700399398804,11.989700317382812
2019-02-11,1.293677806854248,1.1422699689865112,1.717210054397583,1.821709990501404,10.148799896240234,142.00999450683594,1.2926199436187744,11.990500450134276
2019-02-12,1.2864052057266235,1.1402000188827517,1.711050033569336,1.821020007133484,10.093449592590332,142.0,1.2914199829101562,11.96679973602295
2019-02-13,1.2892080545425415,1.137320041656494,1.7052500247955322,1.8143999576568604,10.11695957183838,142.47000122070312,1.296929955482483,11.926799774169922
2019-02-14,1.2856775522232056,1.1411999464035034,1.704319953918457,1.8122999668121336,10.089400291442873,142.59100341796875,1.2965999841690063,11.913399696350098
2019-02-15,1.2798361778259275,1.132949948310852,1.7016899585723877,1.8015400171279907,10.042099952697754,141.4550018310547,1.285979986190796,11.888400077819824
2019-02-18,1.290555715560913,1.1420999765396118,1.70864999294281,1.8060699701309204,10.12716007232666,142.677001953125,1.2961000204086304,11.964699745178224
2019-02-19,1.2924071550369265,1.1423699855804443,1.7100000381469729,1.812000036239624,10.142000198364258,142.89999389648438,1.2981200218200684,11.954099655151367
2019-02-20,1.3061310052871704,1.1515100002288818,1.725160002708435,1.8222500085830688,10.25,144.41000366210938,1.307669997215271,12.15659999847412
2019-02-21,1.30451238155365,1.149590015411377,1.718019962310791,1.8196500539779663,10.237170219421388,144.48800659179688,1.3047499656677246,12.139300346374512
2019-02-22,1.3041380643844604,1.1497000455856323,1.7246700525283811,1.8344299793243408,10.232660293579102,144.3679962158203,1.305109977722168,12.2121000289917
2019-02-25,1.306557536125183,1.1518000364303589,1.715510010719299,1.825279951095581,10.251999855041504,144.71400451660156,1.305999994277954,12.186400413513184
2019-02-26,1.31271493434906,1.1549099683761597,1.730679988861084,1.830180048942566,10.302000045776367,145.76100158691406,1.3127100467681885,12.215499877929688
2019-02-27,1.3258028030395508,1.163450002670288,1.7450599670410156,1.842900037765503,10.404419898986816,146.56100463867188,1.3251800537109375,12.297200202941896
2019-02-28,1.3318239450454712,1.1701899766921997,1.7505500316619873,1.8628699779510496,10.452560424804688,147.63600158691406,1.3323099613189695,12.33839988708496
2019-03-01,1.3264886140823364,1.166200041770935,1.746150016784668,1.867460012435913,10.410200119018556,147.70399475097656,1.3228100538253784,12.250800132751465
2019-03-04,1.32397723197937,1.1636300086975098,1.758389949798584,1.8640999794006348,10.389490127563477,148.14999389648438,1.3217999935150146,12.249600410461426
2019-03-05,1.3178529739379885,1.1622999906539917,1.7541099786758425,1.858049988746643,10.34292984008789,147.2969970703125,1.3161699771881104,12.311800003051758
2019-03-06,1.3156682252883911,1.1633700132369995,1.7564599514007568,1.8561300039291384,10.325860023498535,147.13999938964844,1.3211499452590942,12.240900039672852
2019-03-07,1.3182177543640137,1.1650099754333496,1.7718299627304075,1.8741999864578247,10.34568977355957,147.1269989013672,1.323699951171875,12.243900299072266
2019-03-08,1.3092432022094729,1.1685999631881714,1.7598700523376465,1.8638999462127688,10.2746000289917,146.12899780273438,1.323300004005432,12.371399879455566
2019-03-11,1.2988362312316897,1.1562199592590332,1.7427699565887451,1.8449699878692627,10.194290161132812,144.25900268554688,1.3091000318527222,12.238499641418455
2019-03-12,1.3248542547225952,1.1763499975204468,1.7736999988555908,1.8725500106811523,10.396559715270996,147.4739990234375,1.3380199670791626,12.408599853515623
2019-03-13,1.3066771030426023,1.157099962234497,1.7446000576019287,1.849820017814636,10.25409984588623,145.40499877929688,1.316140055656433,12.236300468444824
2019-03-14,1.3285682201385498,1.172330021858215,1.7657999992370603,1.8743200302124023,10.42671012878418,147.71299743652344,1.3323999643325806,12.343899726867676
2019-03-15,1.3258554935455322,1.172320008277893,1.766450047492981,1.8756200075149536,10.406279563903809,148.156005859375,1.330180048942566,12.330300331115724
2019-03-18,1.329716444015503,1.1745699644088743,1.7734999656677246,1.8770999908447263,10.436800003051758,148.32899475097656,1.33270001411438,12.282999992370604
2019-03-19,1.326435923576355,1.1698399782180786,1.7684999704360962,1.867799997329712,10.409640312194824,147.69700622558594,1.3276000022888184,12.23610019683838
2019-03-20,1.3271400928497314,1.1684000492095947,1.767300009727478,1.8717000484466553,10.414859771728516,147.83799743652344,1.3252400159835815,12.20680046081543
2019-03-21,1.320533037185669,1.1554399728775024,1.754699945449829,1.8511699438095093,10.363659858703612,146.1199951171875,1.3085600137710571,12.038999557495115
2019-03-22,1.313232183456421,1.1539000272750854,1.754699945449829,1.8474199771881104,10.303999900817873,145.48199462890625,1.3021999597549438,12.04259967803955
2019-03-25,1.3206549882888794,1.1687999963760376,1.7723000049591064,1.864799976348877,10.36201000213623,145.36500549316406,1.3125300407409668,12.23349952697754
2019-03-26,1.3215277194976809,1.167739987373352,1.7699700593948364,1.856950044631958,10.36948013305664,145.447998046875,1.311229944229126,12.20709991455078
2019-03-27,1.321143627166748,1.17139995098114,1.7674700021743774,1.8507000207901,10.368000030517578,146.02000427246094,1.3125900030136108,12.199199676513672
2019-03-28,1.3152703046798706,1.1689000129699707,1.7637499570846558,1.8564900159835815,10.323320388793944,145.322998046875,1.3081599473953247,12.190099716186523
2019-03-29,1.30565345287323,1.1621999740600586,1.752900004386902,1.843000054359436,10.24608039855957,144.42100524902344,1.2985899448394775,12.121899604797363
2019-04-01,1.3022867441177368,1.160159945487976,1.7381199598312378,1.83050000667572,10.221209526062012,144.53399658203125,1.2958600521087646,12.077300071716309
2019-04-02,1.3068991899490356,1.1660000085830688,1.739300012588501,1.8377000093460083,10.258700370788574,145.63299560546875,1.3056999444961548,12.134499549865724
2019-04-03,1.312766671180725,1.1714999675750732,1.7514400482177734,1.85971999168396,10.302889823913574,146.10400390625,1.3101199865341189,12.237099647521973
2019-04-04,1.3176966905593872,1.1716200113296509,1.7579699754714966,1.8511099815368652,10.342399597167969,146.76300048828125,1.3138799667358398,12.1850004196167
2019-04-05,1.3077024221420288,1.1647800207138062,1.7470699548721311,1.8385000228881836,10.262399673461914,145.96400451660156,1.307129979133606,12.133299827575684
2019-04-08,1.3038150072097778,1.1620700359344482,1.742799997329712,1.835800051689148,10.23246955871582,145.63099670410156,1.303719997406006,12.11680030822754
2019-04-09,1.306335687637329,1.1601999998092651,1.7388499975204468,1.8339899778366089,10.24899959564209,145.5760040283203,1.3048499822616575,12.099499702453612
2019-04-10,1.305721640586853,1.1588200330734253,1.73989999294281,1.831570029258728,10.237719535827637,145.05799865722656,1.3050299882888794,12.081100463867188
2019-04-11,1.3099292516708374,1.1614400148391724,1.7437000274658203,1.8274500370025637,10.262299537658691,145.3300018310547,1.3125900030136108,12.128600120544434
2019-04-12,1.3056023120880127,1.1592899560928345,1.746440052986145,1.832900047302246,10.238840103149414,145.72000122070312,1.309000015258789,12.118000030517578
2019-04-15,1.3083868026733398,1.157389998435974,1.7442699670791626,1.8244500160217283,10.25940990447998,146.5679931640625,1.31141996383667,12.116700172424316
2019-04-16,1.3102725744247437,1.1584999561309814,1.7513799667358398,1.825999975204468,10.270469665527344,146.61000061035156,1.3147799968719482,12.139800071716309
2019-04-17,1.3046314716339111,1.1557899713516235,1.74249005317688,1.8204699754714968,10.230199813842772,146.03199768066406,1.3143099546432495,12.074999809265137
2019-04-18,1.3039339780807495,1.1540900468826294,1.740440011024475,1.817370057106018,10.228099822998049,146.02000427246094,1.317620038986206,12.053199768066406
2019-04-23,1.2981449365615845,1.1526999473571775,1.7322399616241455,1.819409966468811,10.18560028076172,145.28900146484375,1.3180099725723269,12.074799537658691
2019-04-24,1.2938116788864136,1.1526000499725342,1.737280011177063,1.8230199813842771,10.145819664001465,144.73699951171875,1.319659948348999,12.10509967803955
2019-04-25,1.2904890775680542,1.1568299531936646,1.74098002910614,1.8394999504089355,10.118969917297363,144.6999969482422,1.3165899515151978,12.170900344848633
2019-04-26,1.289607048034668,1.1578400135040283,1.7381000518798828,1.8374700546264648,10.113829612731934,143.88800048828125,1.3152199983596802,12.291899681091309
2019-04-29,1.2920230627059937,1.1586099863052368,1.7384999990463257,1.8339699506759644,10.132610321044922,144.1999969482422,1.316830039024353,12.286800384521484
2019-04-30,1.2932428121566772,1.1560699939727783,1.7398300170898438,1.8328800201416016,10.142399787902832,144.46499633789062,1.3184000253677368,12.29669952392578
2019-05-01,1.3039849996566772,1.1624799966812134,1.7456200122833252,1.849110007286072,10.23050022125244,145.29800415039062,1.328629970550537,12.378499984741213
2019-05-02,1.3053126335144043,1.1653000116348269,1.7539299726486206,1.8608200550079343,10.238100051879885,145.4770050048828,1.3278800249099731,12.447699546813965
2019-05-03,1.3033220767974854,1.1663099527359009,1.7547999620437622,1.863010048866272,10.221409797668455,145.30799865722656,1.3283799886703491,12.480799674987791
2019-05-07,1.3099292516708374,1.1691499948501587,1.761330008506775,1.8729699850082395,10.276399612426758,145.11500549316406,1.3323800563812256,12.52810001373291
2019-05-08,1.3068820238113403,1.1675000190734863,1.7598999738693235,1.864459991455078,10.255499839782717,144.05999755859375,1.3321000337600708,12.53159999847412
2019-05-09,1.3012022972106934,1.1618499755859375,1.7528599500656128,1.8605799674987793,10.210909843444824,143.1580047607422,1.3275099992752075,12.503999710083008
2019-05-10,1.3009653091430664,1.1595100164413452,1.7513999938964844,1.8618099689483645,10.20895004272461,142.83900451660156,1.3207800388336182,12.553000450134276
2019-05-13,1.3010668754577637,1.1576100587844849,1.7481499910354614,1.8622299432754517,10.209099769592283,142.62600708007812,1.3143999576568604,12.506799697875977
2019-05-14,1.2963106632232666,1.153939962387085,1.747120022773743,1.8661799430847168,10.173800468444824,141.48300170898438,1.3031400442123413,12.483699798583984
2019-05-15,1.2906556129455566,1.1518399715423584,1.7371699810028076,1.8602999448776243,10.13018035888672,141.54100036621094,1.3018100261688232,12.396100044250488
2019-05-16,1.2847524881362915,1.1462500095367432,1.7266900539398191,1.854550004005432,10.083620071411133,140.63600158691406,1.2950999736785889,12.33489990234375
2019-05-17,1.2797706127166748,1.1449999809265137,1.7226099967956543,1.8567700386047363,10.044230461120604,140.60000610351562,1.2924000024795532,12.336999893188477
2019-05-20,1.2731555700302124,1.14014995098114,1.7118200063705444,1.8442000150680544,9.992110252380373,140.23599243164062,1.2865899801254272,12.272000312805176
2019-05-21,1.2729123830795288,1.1396499872207642,1.7090400457382202,1.8392499685287476,9.990889549255373,140.08999633789062,1.283400058746338,12.300100326538086
2019-05-22,1.2729123830795288,1.138100028038025,1.7031199932098389,1.845900058746338,9.973099708557127,140.4929962158203,1.284540057182312,12.257100105285645
2019-05-23,1.2664159536361694,1.1351200342178345,1.7014299631118774,1.841230034828186,9.938929557800291,139.572998046875,1.2776999473571775,12.190799713134766
2019-05-24,1.2664639949798584,1.1318999528884888,1.7057000398635864,1.8349000215530396,9.938329696655272,138.7220001220703,1.269870042800903,12.173100471496582
2019-05-28,1.2682307958602903,1.1325000524520874,1.7037999629974363,1.8319000005722048,9.952099800109863,138.86000061035156,1.2731399536132812,12.142999649047852
2019-05-29,1.2659670114517212,1.1332000494003296,1.7071199417114258,1.827419996261597,9.934700012207031,138.39100646972656,1.274500012397766,12.127599716186523
2019-05-30,1.2629451751708984,1.133870005607605,1.7065600156784058,1.8249000310897827,9.912010192871094,138.3350067138672,1.273300051689148,12.056900024414062
2019-05-31,1.2609704732894895,1.132699966430664,1.7052799463272097,1.82574999332428,9.894929885864258,137.87899780273438,1.2696599960327148,12.020299911499023
2019-06-03,1.2639508247375488,1.1310299634933472,1.7086900472640991,1.8235000371932983,9.904219627380373,136.76100158691406,1.2632700204849243,11.988699913024902
2019-06-04,1.2664159536361694,1.1259499788284302,1.70209002494812,1.8164000511169431,9.922619819641112,136.79100036621094,1.256809949874878,11.960200309753418
2019-06-05,1.2702767848968506,1.1286100149154663,1.700950026512146,1.8168200254440308,9.959070205688477,137.49000549316406,1.2605600357055664,11.984299659729004
2019-06-06,1.2688584327697754,1.1297999620437622,1.7029000520706177,1.8201299905776975,9.947369575500488,137.43699645996094,1.2611000537872314,11.975299835205078
2019-06-07,1.269841194152832,1.1258100271224976,1.6955900192260742,1.8201500177383425,9.953200340270996,137.68899536132812,1.2585300207138062,11.957599639892578
2019-06-10,1.2722970247268677,1.1233999729156494,1.6880500316619873,1.8184000253677368,9.975939750671388,137.94000244140625,1.2594000101089478,11.966500282287598
2019-06-11,1.2691160440444946,1.121209979057312,1.6833300590515137,1.8229999542236328,9.952210426330566,137.50799560546875,1.255270004272461,11.947699546813965
2019-06-12,1.2724426984786987,1.123020052909851,1.6894999742507937,1.8277100324630735,9.970800399780272,138.00999450683594,1.262539982795715,12.018699645996094
2019-06-13,1.2693415880203247,1.1236000061035156,1.6923099756240845,1.831439971923828,9.930290222167969,137.69700622558594,1.2625000476837158,12.01949977874756
2019-06-14,1.268005609512329,1.1239500045776367,1.6896799802780151,1.8343000411987305,9.92430019378662,137.33700561523438,1.259809970855713,12.018400192260742
2019-06-17,1.2596044540405271,1.122599959373474,1.6888099908828735,1.830399990081787,9.859600067138672,136.73800659179688,1.2580599784851074,11.941200256347656
2019-06-18,1.2541544437408447,1.1172300577163696,1.6818000078201294,1.830180048942566,9.823369979858398,136.125,1.2523599863052368,11.880999565124512
2019-06-19,1.2566603422164917,1.1217999458312988,1.6805200576782229,1.8263499736785889,9.841699600219728,136.427001953125,1.2574100494384766,11.972999572753906
2019-06-20,1.2656625509262085,1.1259000301361084,1.6789400577545166,1.837630033493042,9.897600173950195,136.79800415039062,1.2561099529266355,11.995200157165527
2019-06-21,1.270793318748474,1.124959945678711,1.675220012664795,1.8357000350952148,9.92990016937256,136.32200622558594,1.2466399669647217,11.95139980316162
2019-06-24,1.2750873565673828,1.1196999549865725,1.683019995689392,1.8357000350952148,9.961799621582031,136.8179931640625,1.2437700033187866,11.911800384521484
2019-06-25,1.2739664316177368,1.1171000003814695,1.6793700456619265,1.8288099765777588,9.948399543762209,136.71499633789062,1.2381000518798828,11.813899993896484
2019-06-26,1.2690677642822266,1.116000056266785,1.6718000173568726,1.823300004005432,9.910699844360352,135.97999572753906,1.236989974975586,11.78052043914795
2019-06-27,1.269841194152832,1.1157000064849854,1.6655900478363037,1.8169499635696411,9.914979934692385,136.7550048828125,1.2406200170516968,11.752400398254396
2019-06-28,1.267748475074768,1.1144399642944336,1.6594500541687012,1.809399962425232,9.90369987487793,136.54600524902344,1.237589955329895,11.75
2019-07-01,1.2694543600082395,1.1172499656677246,1.6615999937057495,1.8071000576019287,9.915940284729004,137.57000732421875,1.2431299686431885,11.796500205993652
2019-07-02,1.2644623517990112,1.1201399564743042,1.6606299877166748,1.8150999546051023,9.877440452575684,137.01800537109375,1.2481800317764282,11.830400466918944
2019-07-03,1.25982666015625,1.1156200170516968,1.6497000455856323,1.8006999492645264,9.825180053710938,135.77999877929688,1.2409000396728516,11.753499984741213
2019-07-04,1.2582731246948242,1.114300012588501,1.642199993133545,1.789199948310852,9.80947971343994,135.57000732421875,1.2400000095367432,11.707300186157228
2019-07-05,1.2583048343658447,1.1147199869155884,1.6416499614715576,1.7908600568771362,9.794919967651367,135.63699340820312,1.2388700246810913,11.725199699401855
2019-07-08,1.2525520324707031,1.1154899597167969,1.6376999616622925,1.7933000326156616,9.763299942016602,135.86300659179688,1.241529941558838,11.815799713134766
2019-07-09,1.2516427040100098,1.1157000064849854,1.6396900415420532,1.794800043106079,9.759819984436035,136.0500030517578,1.24399995803833,11.841099739074709
2019-07-10,1.2458575963974,1.111799955368042,1.6352800130844116,1.7985999584197998,9.726099967956545,135.7010040283203,1.2377500534057615,11.79889965057373
2019-07-11,1.2508130073547363,1.1104999780654907,1.635010004043579,1.7971700429916382,9.775540351867676,135.5050048828125,1.2355999946594238,11.768500328063965
2019-07-12,1.2523481845855713,1.1128000020980835,1.6362799406051636,1.7958500385284424,9.79319953918457,135.98199462890625,1.2403899431228638,11.746100425720217
2019-07-15,1.2571974992752075,1.1152000427246094,1.6383600234985352,1.791200041770935,9.836629867553713,135.55999755859375,1.2373100519180298,11.774499893188477
2019-07-16,1.251799464225769,1.111449956893921,1.6331599950790403,1.778090000152588,9.796339988708496,135.05499267578125,1.2320799827575684,11.697999954223633
2019-07-17,1.2412029504776,1.1067399978637695,1.6240099668502808,1.7688599824905396,9.702199935913086,134.27999877929688,1.2261600494384766,11.652700424194336
2019-07-18,1.2434717416763306,1.1072700023651123,1.6227999925613403,1.7732000350952148,9.714200019836426,134.1840057373047,1.2266000509262085,11.637900352478027
2019-07-19,1.2541857957839966,1.113569974899292,1.6347600221633911,1.774580001831055,9.800209999084473,134.6929931640625,1.2322800159454346,11.68340015411377
2019-07-22,1.2512825727462769,1.1152000427246094,1.6327999830245972,1.7762999534606934,9.767399787902832,134.86000061035156,1.2296700477600098,11.744400024414062
2019-07-23,1.2474894523620603,1.113029956817627,1.637410044670105,1.774399995803833,9.741000175476074,134.57000732421875,1.2253999710083008,11.74250030517578
2019-07-24,1.243904948234558,1.1152100563049316,1.6340500116348269,1.7773000001907349,9.711899757385254,134.58999633789062,1.2254600524902344,11.779199600219728
2019-07-25,1.2485953569412231,1.120100021362305,1.640570044517517,1.788599967956543,9.754799842834473,135.06300354003906,1.229099988937378,11.760600090026855
2019-07-26,1.2453454732894895,1.1168999671936035,1.6387200355529783,1.7913299798965454,9.732970237731934,135.2899932861328,1.2339999675750732,11.765899658203123
2019-07-29,1.2376697063446045,1.111899971961975,1.6297399997711182,1.791700005531311,9.674320220947266,134.4409942626953,1.2292499542236328,11.763400077819824
2019-07-30,1.2217471599578855,1.0963000059127808,1.6080700159072876,1.770300030708313,9.55370044708252,132.98199462890625,1.2113699913024902,11.588199615478516
2019-07-31,1.2161602973937988,1.0894999504089355,1.5987900495529177,1.7687300443649292,9.512100219726562,132.01800537109375,1.203969955444336,11.63070011138916
2019-08-01,1.215376853942871,1.0976200103759766,1.6035399436950684,1.7750500440597534,9.511940002441406,132.24400329589844,1.208050012588501,11.742799758911133
2019-08-02,1.2124298810958862,1.093999981880188,1.6019699573516846,1.781999945640564,9.486599922180176,130.24000549316406,1.2002700567245483,11.709199905395508
2019-08-05,1.215214490890503,1.0936000347137451,1.6040699481964111,1.788699984550476,9.514100074768066,129.4810028076172,1.1937099695205688,11.699799537658691
2019-08-06,1.2158203125,1.081210017204285,1.6063799858093262,1.7973999977111816,9.535400390625,128.36700439453125,1.179960012435913,11.635299682617188
2019-08-07,1.2169743776321411,1.0858700275421145,1.615939974784851,1.7990599870681765,9.536179542541504,129.38800048828125,1.187199950218201,11.647199630737305
2019-08-08,1.2143291234970093,1.0837299823760986,1.6163300275802612,1.7967699766159058,9.520000457763672,128.83999633789062,1.1837600469589231,11.689800262451172
2019-08-09,1.2143733501434326,1.0853999853134155,1.6062999963760376,1.7826600074768066,9.520759582519531,128.55799865722656,1.182629942893982,11.648799896240234
2019-08-12,1.2021976709365845,1.0724300146102903,1.5887900590896606,1.7736999988555908,9.425000190734863,126.66600036621094,1.1676900386810305,11.46720027923584
2019-08-13,1.207875370979309,1.0766899585723877,1.5985599756240845,1.787600040435791,9.474149703979492,127.2300033569336,1.170300006866455,11.543499946594238
2019-08-14,1.2064181566238403,1.079200029373169,1.5936199426651,1.7743300199508667,9.462200164794922,128.5800018310547,1.1771999597549438,11.505399703979492
2019-08-15,1.2060399055480957,1.082200050354004,1.6049000024795532,1.7855199575424194,9.46090030670166,127.6999969482422,1.1735999584197998,11.605199813842772
2019-08-16,1.209160566329956,1.0881600379943848,1.6095999479293823,1.785159945487976,9.481929779052734,128.25799560546875,1.1805700063705444,11.649900436401367
2019-08-19,1.2161011695861816,1.0958000421524048,1.612969994544983,1.791200041770935,9.536060333251951,129.3699951171875,1.190400004386902,11.75119972229004
2019-08-20,1.2131506204605105,1.094290018081665,1.616569995880127,1.795300006866455,9.512689590454102,129.25399780273438,1.1900500059127808,11.740300178527832
2019-08-21,1.21623432636261,1.095829963684082,1.6196399927139282,1.7950299978256226,9.537599563598633,129.24200439453125,1.1893099546432495,11.781800270080566
2019-08-22,1.213224172592163,1.0936599969863892,1.6114399433135986,1.7874499559402466,9.514300346374512,129.31399536132812,1.1907999515533447,11.664400100708008
2019-08-23,1.2251899242401123,1.1052000522613523,1.6283999681472778,1.8137999773025513,9.604700088500977,130.4199981689453,1.2050000429153442,11.850799560546877
2019-08-27,1.222195029258728,1.1008700132369995,1.6195600032806396,1.805340051651001,9.587340354919434,129.51800537109375,1.1965800523757937,11.819700241088867
2019-08-28,1.2283201217651367,1.107300043106079,1.631719946861267,1.8184399604797363,9.637109756469728,129.875,1.2049200534820557,11.878000259399414
2019-08-29,1.2218515872955322,1.1021000146865845,1.62568998336792,1.812809944152832,9.582200050354004,129.593994140625,1.1989400386810305,11.874099731445312
2019-08-30,1.218650221824646,1.101699948310852,1.618579983711243,1.8090900182724,9.559679985046388,129.69200134277344,1.2013399600982666,11.910699844360352
2019-09-02,1.21592378616333,1.1059999465942385,1.6188000440597534,1.8073999881744385,9.534509658813477,129.02000427246094,1.2028299570083618,11.934100151062012
2019-09-03,1.2066656351089478,1.1002899408340454,1.6083999872207642,1.7974300384521484,9.461370468139648,128.1179962158203,1.195039987564087,11.859999656677246
2019-09-04,1.2090436220169067,1.101789951324463,1.6125199794769287,1.7871999740600586,9.482500076293944,127.97000122070312,1.1930899620056152,11.870599746704102
2019-09-05,1.2248897552490234,1.1096500158309937,1.6190999746322632,1.8012100458145142,9.601799964904783,130.197998046875,1.200899958610535,11.915200233459473
2019-09-06,1.232392191886902,1.1168500185012815,1.6302900314331057,1.8090900182724,9.658419609069824,131.94000244140625,1.2153199911117554,11.936100006103516
2019-09-09,1.228305101394653,1.1145100593566897,1.6174499988555908,1.7939200401306152,9.629389762878418,131.3560028076172,1.2138999700546265,11.843799591064451
2019-09-10,1.2345373630523682,1.117319941520691,1.6255700588226318,1.798200011253357,9.676289558410645,132.49899291992188,1.2250399589538574,11.920700073242188
2019-09-11,1.2354830503463743,1.1178900003433228,1.623860001564026,1.801169991493225,9.684599876403809,132.9149932861328,1.224869966506958,11.952099800109863
2019-09-12,1.233471393585205,1.1198400259017944,1.6260499954223633,1.794319987297058,9.666489601135254,133.23199462890625,1.2255799770355225,11.931599617004396
2019-09-13,1.2329391241073608,1.115039944648743,1.6287200450897217,1.7962499856948853,9.646980285644531,133.36599731445312,1.2211699485778809,11.875900268554688
2019-09-16,1.2497344017028809,1.1274199485778809,1.6513999700546265,1.8166300058364868,9.776479721069336,134.65699768066406,1.2330000400543213,11.991900444030762
2019-09-17,1.2428536415100098,1.12909996509552,1.645210027694702,1.8105700016021729,9.715999603271484,134.3979949951172,1.2338000535964966,12.003600120544434
2019-09-18,1.2502655982971191,1.1287699937820437,1.655329942703247,1.8205499649047852,9.779060363769531,135.1179962158203,1.2408499717712402,12.083399772644045
2019-09-19,1.247053861618042,1.130519986152649,1.657960057258606,1.8268500566482544,9.76220989227295,135.197998046875,1.243149995803833,12.119999885559082
2019-09-20,1.25250506401062,1.1334999799728394,1.6601799726486206,1.8436100482940672,9.805299758911133,135.30599975585938,1.2432600259780884,12.131799697875977
2019-09-23,1.2471938133239746,1.1315699815750122,1.6541999578475952,1.84211003780365,9.77499008178711,134.24000549316406,1.2359000444412231,12.081000328063965
2019-09-24,1.243456244468689,1.130910038948059,1.648710012435913,1.8350800275802612,9.745840072631836,133.77499389648438,1.2306300401687622,12.07069969177246
2019-09-25,1.2485953569412231,1.1332000494003296,1.6526999473571775,1.8363499641418457,9.788100242614746,133.7830047607422,1.2309000492095947,12.075499534606934
2019-09-26,1.2359564304351809,1.128000020980835,1.6384899616241455,1.829360008239746,9.68850040435791,133.08599853515625,1.2248300313949585,12.04170036315918
2019-09-27,1.2331976890563965,1.1286699771881104,1.6356799602508545,1.8250999450683592,9.663430213928224,132.8459930419922,1.2243000268936155,12.034799575805664
2019-09-30,1.2293167114257812,1.1232000589370728,1.6270099878311155,1.8181899785995483,9.637709617614746,132.67999267578125,1.2181899547576904,12.028900146484377
2019-10-01,1.2289994955062866,1.1269999742507937,1.6269999742507937,1.8202999830245972,9.631400108337402,132.7899932861328,1.2259000539779663,12.093099594116213
2019-10-02,1.2292261123657229,1.1239900588989258,1.6246099472045898,1.8321900367736816,9.638649940490724,132.41700744628906,1.2200700044631958,12.134300231933594
2019-10-03,1.230436086654663,1.1224299669265747,1.6397700309753418,1.833739995956421,9.649009704589844,131.8419952392578,1.2262500524520874,12.146400451660156
2019-10-04,1.2342326641082764,1.1243900060653689,1.6458499431610107,1.8295600414276123,9.676830291748049,131.83799743652344,1.2318099737167358,12.162799835205078
2019-10-07,1.2334411144256592,1.1228300333023071,1.6411099433898926,1.823519945144653,9.670809745788574,131.6719970703125,1.225909948348999,12.139100074768066
2019-10-08,1.2288031578063965,1.119860053062439,1.6345100402832031,1.8251099586486816,9.636810302734377,131.78199768066406,1.2223199605941772,12.178999900817873
2019-10-09,1.2219561338424685,1.1145000457763672,1.627619981765747,1.8160799741744995,9.584600448608398,130.68699645996094,1.2126599550247192,12.144800186157228
2019-10-10,1.2212995290756226,1.111600041389465,1.6286499500274658,1.8178000450134275,9.578900337219238,130.8780059814453,1.2124600410461426,12.148200035095217
2019-10-11,1.2433171272277832,1.1290299892425537,1.651819944381714,1.8381999731063845,9.749429702758787,134.11000061035156,1.2383699417114258,12.229100227355955
2019-10-14,1.261899709701538,1.1438000202178955,1.6655999422073364,1.8564599752426147,9.895709991455078,136.8419952392578,1.258999943733215,12.378499984741213
2019-10-15,1.2611771821975708,1.143589973449707,1.667639970779419,1.8611600399017336,9.891730308532717,136.66700744628906,1.2580100297927856,12.381099700927734
2019-10-16,1.2760635614395142,1.15625,1.68464994430542,1.8893500566482544,10.009429931640623,138.83200073242188,1.27400004863739,12.512200355529783
2019-10-17,1.2823801040649414,1.1574000120162964,1.6926300525665283,1.897510051727295,10.05780029296875,139.33399963378906,1.274829983711243,12.531499862670898
2019-10-18,1.286860466003418,1.1563899517059326,1.6901899576187134,1.8852499723434448,10.092900276184082,139.69000244140625,1.270400047302246,12.488499641418455
2019-10-21,1.2900229692459106,1.1562600135803225,1.693969964981079,1.8837300539016724,10.11559009552002,139.83599853515625,1.2704299688339231,12.461700439453123
2019-10-22,1.297168254852295,1.163059949874878,1.6971999406814575,1.8877700567245483,10.17117977142334,140.85400390625,1.2786400318145752,12.502799987792969
2019-10-23,1.2884771823883057,1.1575700044631958,1.6864999532699585,1.877519965171814,10.102959632873535,139.7429962158203,1.2745599746704102,12.425100326538086
2019-10-24,1.2923235893249512,1.1604900360107422,1.6888999938964844,1.885890007019043,10.13029956817627,140.35699462890625,1.2795100212097168,12.4552001953125
2019-10-25,1.2840267419815063,1.1561299562454224,1.6779799461364746,1.8834999799728391,10.062700271606444,139.4199981689453,1.2739499807357788,12.397600173950195
2019-10-28,1.283202886581421,1.157099962234497,1.6756000518798828,1.879899978637695,10.053400039672852,139.4770050048828,1.2756099700927734,12.416099548339844
2019-10-29,1.2857435941696167,1.158270001411438,1.6783299446105957,1.8796199560165403,10.07800006866455,140.08299255371094,1.2788699865341189,12.47920036315918
2019-10-30,1.2866700887680054,1.1575700044631958,1.684010028839111,1.8763370513916016,10.08446979522705,140.052001953125,1.2788000106811523,12.481900215148926
2019-10-31,1.290172815322876,1.156730055809021,1.6984200477600098,1.870270013809204,10.113269805908203,140.3419952392578,1.2760299444198608,12.44540023803711
2019-11-01,1.2939623594284058,1.1596699953079224,1.7036999464035034,1.8770999908447263,10.139630317687988,139.73199462890625,1.276270031929016,12.48449993133545
2019-11-04,1.2937614917755127,1.1584999561309814,1.6999900341033936,1.8707799911499023,10.138580322265623,139.9969940185547,1.2752799987792969,12.365900039672852
2019-11-05,1.2891582250595093,1.1581699848175049,1.6949100494384766,1.8705300092697144,10.101539611816406,140.08399963378906,1.2737300395965576,12.396100044250488
2019-11-06,1.288062334060669,1.1627999544143677,1.694100022315979,1.8691500425338743,10.08778953552246,140.5749969482422,1.278380036354065,12.431500434875488
2019-11-07,1.2856775522232056,1.1612999439239502,1.6951600313186646,1.8693499565124512,10.061790466308594,140.01400756835938,1.2759300470352173,12.366700172424316
2019-11-08,1.2779992818832395,1.1598000526428225,1.6888200044631958,1.8580299615859983,10.031620025634766,140.08099365234375,1.2751699686050415,12.34160041809082
2019-11-11,1.2796396017074585,1.1606299877166748,1.6919900178909302,1.8656100034713743,10.01544952392578,139.74400329589844,1.2757799625396729,12.41349983215332
2019-11-12,1.2858428955078125,1.1647299528121948,1.7007900476455688,1.8764100074768064,10.05799961090088,140.13400268554688,1.2762999534606934,12.4576997756958
2019-11-13,1.285214900970459,1.1669299602508545,1.7010600566864014,1.8783199787139893,10.060879707336426,140.0659942626953,1.275670051574707,12.481200218200684
2019-11-14,1.2853800058364868,1.1673400402069092,1.7027000188827517,1.8791199922561648,10.060919761657717,139.8300018310547,1.2719600200653076,12.503199577331545
2019-11-15,1.2881784439086914,1.168789982795715,1.7066400051116943,1.8975199460983276,10.082189559936523,139.7449951171875,1.2735899686813354,12.467000007629396
2019-11-18,1.2921231985092163,1.16867995262146,1.7082500457763672,1.8954700231552124,10.110879898071287,140.42999267578125,1.277760028839111,12.442999839782717
2019-11-19,1.2950851917266846,1.169350028038025,1.7095099687576294,1.9009699821472168,10.135080337524414,140.6909942626953,1.2808799743652344,12.47920036315918
2019-11-20,1.2929502725601196,1.1669299602508545,1.7157000303268433,1.8942400217056272,10.119359970092772,140.197998046875,1.2802799940109253,12.45639991760254
2019-11-21,1.2927078008651731,1.1664999723434448,1.719499945640564,1.9012000560760496,10.11520004272461,140.19000244140625,1.2800999879837036,12.455900192260742
2019-11-22,1.2919896841049194,1.167389988899231,1.7152279615402222,1.9026000499725344,10.102290153503418,140.25,1.2822999954223633,12.423999786376951
2019-11-25,1.2853471040725708,1.1657600402832031,1.7083699703216553,1.8918999433517456,10.05370044708252,139.6999969482422,1.281999945640564,12.371500015258787
2019-11-26,1.289723515510559,1.171180009841919,1.7155799865722656,1.9031699895858765,10.091099739074709,140.55499267578125,1.2853800058364868,12.43280029296875
2019-11-27,1.2860909700393677,1.1666699647903442,1.7064499855041504,1.894950032234192,10.067190170288086,140.29800415039062,1.2828999757766724,12.327099800109863
2019-11-28,1.2929919958114624,1.1748499870300293,1.7176899909973145,1.9104000329971311,10.120800018310549,141.3699951171875,1.2905999422073364,12.386099815368652
2019-11-29,1.29128897190094,1.1725000143051147,1.7145999670028689,1.9076900482177737,10.105779647827148,141.3939971923828,1.2891700267791748,12.332599639892578
2019-12-02,1.29128897190094,1.1717699766159058,1.7152099609375,1.908720016479492,10.107799530029297,141.4239959716797,1.2913199663162231,12.358799934387209
2019-12-03,1.294062852859497,1.1680699586868286,1.7213000059127808,1.897439956665039,10.128299713134766,141.0659942626953,1.2826199531555176,12.34409999847412
2019-12-04,1.2997816801071167,1.172719955444336,1.727560043334961,1.8976399898529053,10.175950050354004,141.1999969482422,1.2830400466918943,12.378100395202637
2019-12-05,1.311131477355957,1.182770013809204,1.729390025138855,1.9138000011444092,10.262499809265137,142.66600036621094,1.2954599857330322,12.44909954071045
2019-12-06,1.3158414363861084,1.1848100423812866,1.7336900234222412,1.9256999492645264,10.300230026245115,143.07400512695312,1.2988899946212769,12.483400344848633
2019-12-09,1.3139568567276,1.1880300045013428,1.740820050239563,1.9221700429916384,10.28600025177002,142.7169952392578,1.30131995677948,12.480299949645996
2019-12-10,1.314578652381897,1.187999963760376,1.7398990392684937,1.9257800579071045,10.28969955444336,142.70399475097656,1.2984700202941897,12.524900436401367
2019-12-11,1.3131287097930908,1.183650016784668,1.7371000051498413,1.9276200532913208,10.274800300598145,142.80599975585938,1.29229998588562,12.453200340270996
2019-12-12,1.32000994682312,1.1855700016021729,1.7386800050735474,1.9212499856948853,10.306650161743164,143.27200317382812,1.2967599630355835,12.387900352478027
2019-12-13,1.347527265548706,1.204509973526001,1.7721799612045288,1.945289969444275,10.516719818115234,147.41900634765625,1.3271199464797974,12.585800170898438
2019-12-16,1.335327386856079,1.200260043144226,1.760450005531311,1.942399978637695,10.41370964050293,146.0709991455078,1.3137999773025513,12.52589988708496
2019-12-17,1.3272457122802734,1.1915600299835205,1.746880054473877,1.9306800365448,10.34136962890625,145.42300415039062,1.3047399520874023,12.429800033569336
2019-12-18,1.3122154474258425,1.1765899658203125,1.7266199588775637,1.9151400327682495,10.21679973602295,143.68800354003906,1.285730004310608,12.30500030517578
2019-12-19,1.3087291717529297,1.176699995994568,1.715399980545044,1.9087599515914917,10.190170288085938,143.3515625,1.282099962234497,12.324299812316896
2019-12-20,1.3017443418502808,1.1699999570846558,1.7079269886016846,1.8890000581741333,10.146900177001951,142.36000061035156,1.273300051689148,12.245100021362305
2019-12-23,1.3005423545837402,1.1736600399017334,1.7095199823379517,1.8836499452590945,10.138890266418455,142.38099670410156,1.2774100303649902,12.228300094604492
2019-12-24,1.2944984436035156,1.1664999723434448,1.7015399932861328,1.868839979171753,10.077500343322754,141.53811645507812,1.2698999643325806,12.20740032196045
2019-12-27,1.300220966339111,1.1708500385284424,1.7040200233459473,1.8713500499725344,10.121540069580078,142.46299743652344,1.2755999565124512,12.226499557495115
2019-12-30,1.3091918230056765,1.1706600189208984,1.7114200592041016,1.874699950218201,10.194239616394045,143.2480010986328,1.274649977684021,12.208800315856934
2019-12-31,1.3113033771514893,1.170390009880066,1.7124799489974976,1.8727600574493408,10.210800170898438,142.76400756835938,1.2700300216674805,12.253199577331545
2020-01-02,1.3250298500061035,1.180899977684021,1.7191100120544434,1.8876500129699707,10.324899673461914,144.04800415039062,1.282189965248108,12.38129997253418
2020-01-03,1.3152703046798706,1.1768900156021118,1.7065999507904053,1.8825900554656985,10.24020004272461,142.70799255371094,1.2771899700164795,12.311699867248535
2020-01-06,1.308010220527649,1.1716899871826172,1.698580026626587,1.8833600282669067,10.1768798828125,141.2010040283203,1.2705299854278564,12.306699752807615
2020-01-07,1.317002534866333,1.1763499975204468,1.7073800563812256,1.898460030555725,10.233799934387209,142.7729949951172,1.2755099534988403,12.383700370788574
2020-01-08,1.31137216091156,1.175510048866272,1.7050399780273438,1.9112900495529177,10.197400093078612,141.63900756835938,1.270300030708313,12.416500091552734
2020-01-09,1.3105130195617676,1.1791199445724487,1.7083100080490112,1.9063600301742551,10.18964958190918,142.875,1.2753299474716189,12.385499954223633
2020-01-10,1.3070186376571655,1.176200032234192,1.7065999507904053,1.9070099592208865,10.149860382080078,143.11000061035156,1.2718499898910522,12.397700309753418
2020-01-13,1.3045634031295776,1.17330002784729,1.7039799690246582,1.8902000188827517,10.130579948425291,142.91200256347656,1.2692500352859497,12.39449977874756
2020-01-14,1.2988194227218628,1.1662499904632568,1.6956299543380735,1.8824000358581543,10.092639923095703,142.8470001220703,1.2607799768447876,12.29170036315918
2020-01-15,1.3022528886795044,1.1701200008392334,1.7013399600982666,1.8882999420166016,10.125880241394045,143.04600524902344,1.259310007095337,12.32450008392334
2020-01-16,1.304121017456055,1.1691900491714478,1.7004499435424805,1.8877099752426147,10.133299827575684,143.28700256347656,1.2566399574279783,12.320899963378906
2020-01-17,1.3078734874725342,1.1741399765014648,1.7048900127410889,1.895300030708313,10.162099838256836,144.0570068359375,1.2616699934005735,12.40530014038086
2020-01-20,1.3007283210754397,1.1722999811172483,1.6991000175476074,1.889989972114563,10.10319995880127,143.30999755859375,1.259269952774048,12.378199577331545
2020-01-21,1.3005592823028564,1.1718000173568726,1.696329951286316,1.891070008277893,10.10260009765625,143.26199340820312,1.2592099905014038,12.373299598693848
2020-01-22,1.3048017024993896,1.1763999462127686,1.7051000595092771,1.9052799940109253,10.135499954223633,143.3860626220703,1.2635999917984009,12.413900375366213
2020-01-23,1.3144749402999878,1.1844199895858765,1.727180004119873,1.9206700325012207,10.213299751281738,144.21499633789062,1.2714699506759644,12.48069953918457
2020-01-24,1.311991572380066,1.186609983444214,1.722059965133667,1.9177000522613523,10.196599960327148,143.71499633789062,1.2717000246047974,12.499899864196776
2020-01-27,1.3061821460723877,1.1845300197601318,1.7188080549240112,1.9202300310134888,10.154069900512695,142.10299682617188,1.266950011253357,12.497900009155272
2020-01-28,1.3060115575790403,1.18503999710083,1.7222000360488892,1.9313100576400757,10.155920028686523,142.23899841308594,1.2665400505065918,12.564900398254396
2020-01-29,1.3024563789367676,1.1815099716186523,1.714359998703003,1.925379991531372,10.126190185546877,142.12899780273438,1.267109990119934,12.51099967956543
2020-01-30,1.3022021055221558,1.1820000410079956,1.7185300588607788,1.9282000064849856,10.121500015258787,141.91099548339844,1.2668999433517456,12.522100448608398
2020-01-31,1.3089004755020142,1.1862900257110596,1.7283899784088137,1.9504599571228027,10.16219997406006,142.46099853515625,1.2683000564575195,12.616399765014648
2020-02-03,1.31816565990448,1.188480019569397,1.7451800107955933,1.9691799879074097,10.235830307006836,142.84271240234375,1.2697700262069702,12.696800231933594
2020-02-04,1.2997479438781738,1.1746000051498413,1.727720022201538,1.9424699544906616,10.093500137329102,141.15199279785156,1.2550699710845947,12.537500381469728
2020-02-05,1.3032711744308472,1.179710030555725,1.730730056762695,1.935629963874817,10.119099617004396,142.61000061035156,1.2629400491714478,12.490300178527832
2020-02-06,1.2997140884399414,1.1812000274658203,1.7262699604034424,1.9245799779891968,10.0871000289917,142.69000244140625,1.264799952507019,12.454700469970703
2020-02-07,1.2930254936218262,1.1773699522018433,1.717769980430603,1.92058002948761,10.037619590759276,142.16329956054688,1.2601100206375122,12.4375
2020-02-10,1.2891582250595093,1.177209973335266,1.7155699729919434,1.9318599700927737,10.009810447692873,141.3280029296875,1.2588800191879272,12.450300216674805
2020-02-11,1.2918227910995483,1.1836999654769895,1.720020055770874,1.9306000471115112,10.029899597167969,141.75999450683594,1.2620999813079834,12.471799850463867
2020-02-12,1.2956557273864746,1.1861000061035156,1.7218400239944458,1.9282699823379517,10.059969902038574,142.30499267578125,1.2640899419784546,12.477800369262695
2020-02-13,1.295756459236145,1.191290020942688,1.7174700498580933,1.9299999475479128,10.06439971923828,142.3179931640625,1.2665599584579468,12.48740005493164
2020-02-14,1.3046824932098389,1.2030999660491943,1.7301130294799805,1.940850019454956,10.131799697875977,143.16000366210938,1.276829957962036,12.612199783325195
2020-02-17,1.3052955865859983,1.2036900520324707,1.7284599542617798,1.9404200315475464,10.137450218200684,143.28900146484375,1.281209945678711,12.65590000152588
2020-02-18,1.3008975982666016,1.1998000144958496,1.7211999893188477,1.938130021095276,10.102179527282717,142.8300018310547,1.2753900289535522,12.600600242614746
2020-02-19,1.300220966339111,1.2038999795913696,1.722499966621399,1.9416999816894531,10.098170280456545,142.88699340820312,1.278010010719299,12.711600303649902
2020-02-20,1.2928247451782229,1.1956700086593628,1.708840012550354,1.934499979019165,10.045599937438965,143.74000549316406,1.2713700532913208,12.633000373840332
2020-02-21,1.2883278131484983,1.1937999725341797,1.707990050315857,1.947669982910156,10.022199630737305,144.21499633789062,1.267199993133545,12.637100219726562
2020-02-24,1.29537034034729,1.1948699951171875,1.7165900468826294,1.9600600004196167,10.092240333557127,144.49400329589844,1.2678200006484983,12.609700202941896
2020-02-25,1.292657732963562,1.1912000179290771,1.717419981956482,1.9548300504684448,10.07129955291748,143.28399658203125,1.2663700580596924,12.576600074768066
2020-02-26,1.3003394603729248,1.195039987564087,1.7266700267791748,1.9684699773788452,10.128100395202637,143.3939971923828,1.2691099643707275,12.637299537658691
2020-02-27,1.2906889915466309,1.1855100393295288,1.722190022468567,1.9713799953460691,10.056730270385742,142.42999267578125,1.2600699663162231,12.561800003051758
2020-02-28,1.2888922691345217,1.171910047531128,1.7253199815750122,1.95864999294281,10.045729637145996,141.3280029296875,1.2485400438308716,12.454299926757812
2020-03-02,1.2807048559188845,1.158750057220459,1.7168899774551392,1.9652299880981443,9.97957992553711,137.91099548339844,1.2344199419021606,12.316699981689451
2020-03-03,1.2767152786254885,1.1455299854278564,1.7010799646377563,1.9498000144958496,9.933170318603516,138.4929962158203,1.2232099771499634,12.174699783325195
2020-03-04,1.2820841073989868,1.1469199657440186,1.714900016784668,1.9471999406814575,9.961370468139648,137.22000122070312,1.224910020828247,12.1225004196167
2020-03-05,1.2874983549118042,1.1552000045776367,1.7228399515151978,1.942360043525696,10.003499984741213,138.6009979248047,1.2311999797821045,12.187700271606444
2020-03-06,1.295068383216858,1.1537200212478638,1.7344199419021606,1.9574700593948364,10.062729835510254,137.58299255371094,1.2246999740600586,12.224900245666504
2020-03-09,1.3099292516708374,1.149999976158142,1.784000039100647,1.9802299737930296,10.174960136413574,136.1179962158203,1.2145999670028689,12.284199714660645
2020-03-10,1.3075313568115234,1.1468900442123413,1.7855199575424194,1.9813400506973269,10.158430099487305,134.78900146484375,1.213539958000183,12.375300407409668
2020-03-11,1.2909722328186035,1.1404600143432615,1.7724000215530396,1.9861899614334104,10.026769638061523,135.56500244140625,1.2092299461364746,12.279399871826172
2020-03-12,1.2818212509155271,1.1381200551986694,1.7653599977493286,1.978209972381592,9.957030296325684,133.99200439453125,1.2034000158309937,12.221099853515623
2020-03-13,1.257023572921753,1.1233899593353271,1.751729965209961,2.002729892730713,9.770950317382812,131.46192932128906,1.1868499517440796,12.242300033569336
2020-03-16,1.239987015724182,1.1112300157546997,1.710569977760315,2.0070300102233887,9.623490333557127,132.25399780273438,1.1729899644851685,12.012100219726562
2020-03-17,1.2266627550125122,1.0986000299453735,1.7177400588989258,2.010590076446533,9.523799896240234,130.20599365234375,1.1617499589920044,11.9975004196167
2020-03-18,1.2121652364730835,1.1002399921417236,1.725540041923523,2.0225698947906494,9.40764045715332,130.1300048828125,1.162950038909912,11.968999862670898
2020-03-19,1.1625338792800903,1.0603300333023071,1.6788899898529053,1.9997600317001345,9.024089813232422,125.96199798583984,1.1232600212097168,11.865400314331056
2020-03-20,1.149438500404358,1.078089952468872,1.6657700538635254,2.000730037689209,8.917750358581543,127.86299896240234,1.135849952697754,11.980899810791016
2020-03-23,1.162304162979126,1.086490035057068,1.6801300048828125,2.019850015640259,9.012969970703123,128.35000610351562,1.1446000337600708,12.130200386047363
2020-03-24,1.1595547199249268,1.076840043067932,1.6779299974441528,1.9724299907684328,8.990460395812988,128.46299743652344,1.1379499435424805,11.928899765014648
2020-03-25,1.1792036294937134,1.0913699865341189,1.702430009841919,1.9729599952697752,9.140250205993652,131.00399780273438,1.155500054359436,11.927300453186035
2020-03-26,1.1851149797439575,1.088070034980774,1.6845500469207764,2.005000114440918,9.185990333557127,131.36500549316406,1.1563400030136108,11.942399978637695
2020-03-27,1.2200626134872437,1.1038800477981567,1.7117899656295776,2.005670070648194,9.454580307006836,133.06399536132812,1.1726200580596924,12.122900009155272
2020-03-30,1.245319128036499,1.1176799535751345,1.7486599683761597,2.01436996459961,9.649999618530272,133.7259979248047,1.1833399534225464,12.350600242614746
2020-03-31,1.2371643781661987,1.1214100122451782,1.7538800239562988,2.005110025405884,9.591569900512695,133.63600158691406,1.1872400045394895,12.41349983215332
2020-04-01,1.2408487796783447,1.125,1.7462999820709229,2.021120071411133,9.616900444030762,133.35299682617188,1.192579984664917,12.288900375366213
2020-04-02,1.238236665725708,1.130259990692139,1.7517999410629272,2.0324900150299072,9.597000122070312,132.78799438476562,1.196179986000061,12.412400245666504
2020-04-03,1.2394952774047852,1.1424000263214111,1.7507699728012085,2.043869972229004,9.605660438537598,133.83099365234375,1.2072999477386477,12.517900466918944
2020-04-06,1.2220158576965332,1.1304199695587158,1.7410999536514282,2.0379199981689453,9.470600128173828,132.7779998779297,1.1937999725341797,12.432299613952637
2020-04-07,1.2240501642227173,1.1329699754714966,1.7270300388336182,2.000339984893799,9.486089706420898,133.5279998779297,1.196769952774048,12.37720012664795
2020-04-08,1.2338672876358032,1.132259964942932,1.7288299798965454,2.0049901008605957,9.563159942626951,134.03700256347656,1.1956100463867188,12.389900207519531
2020-04-09,1.23931086063385,1.1405999660491943,1.7348999977111816,1.9872000217437744,9.604700088500977,134.93499755859375,1.2040300369262695,12.4798002243042
2020-04-14,1.2523951530456543,1.1465500593185425,1.73717999458313,1.95632004737854,9.707590103149414,134.76199340820312,1.2103400230407717,12.5068998336792
2020-04-15,1.26262629032135,1.1491999626159668,1.7522900104522705,1.9620699882507324,9.785479545593262,135.21200561523438,1.2117300033569336,12.536100387573242
2020-04-16,1.252097249031067,1.1480000019073486,1.7676199674606323,1.9843000173568728,9.703740119934082,134.71800231933594,1.2082300186157229,12.574899673461914
2020-04-17,1.2487823963165283,1.149799942970276,1.7528200149536133,1.9634699821472168,9.677120208740234,134.77000427246094,1.2101000547409058,12.490699768066406
2020-04-20,1.248751163482666,1.1488800048828125,1.7539000511169434,1.9692200422286987,9.676730155944824,134.4290008544922,1.2083300352096558,12.46780014038086
2020-04-21,1.2442762851715088,1.1450400352478027,1.7577199935913086,1.960510015487671,9.641200065612791,133.9429931640625,1.2041399478912354,12.465399742126465
2020-04-22,1.22986102104187,1.132599949836731,1.7450300455093384,1.9542200565338137,9.530579566955566,132.4720001220703,1.1925899982452393,12.415399551391602
2020-04-23,1.232392191886902,1.1401100158691406,1.7478400468826294,1.9565399885177612,9.548919677734377,132.84100341796875,1.1985000371932983,12.462900161743164
2020-04-24,1.235223650932312,1.1461000442504885,1.736799955368042,1.936669945716858,9.572699546813965,132.96600341796875,1.205780029296875,12.431500434875488
2020-04-27,1.2366595268249512,1.1426399946212769,1.744670033454895,1.932960033416748,9.58430004119873,132.92575073242188,1.2037999629974363,12.406200408935549
2020-04-28,1.2422668933868408,1.1474599838256836,1.74344003200531,1.9260400533676147,9.62675952911377,133.25799560546875,1.2120399475097656,12.428000450134276
2020-04-29,1.2435646057128906,1.147779941558838,1.7387299537658691,1.9122200012207031,9.636899948120115,132.73300170898438,1.210819959640503,12.277199745178224
2020-04-30,1.2471472024917605,1.1464799642562866,1.7301599979400637,1.9024900197982788,9.664380073547363,132.94400024414062,1.2145400047302246,12.26930046081543
2020-05-01,1.2581465244293213,1.149340033531189,1.7552200555801392,1.9366400241851809,9.751680374145508,134.94900512695312,1.215749979019165,12.27869987487793
2020-05-04,1.2454230785369873,1.1362199783325195,1.7601799964904783,1.9528299570083616,9.653340339660645,132.9149932861328,1.1986500024795532,12.340299606323242
2020-05-05,1.244555115699768,1.1410000324249268,1.752619981765747,1.936560034751892,9.64900016784668,132.76300048828125,1.201550006866455,12.264599800109863
2020-05-06,1.244420289993286,1.1477999687194824,1.7472399473190308,1.9341100454330444,9.646900177001951,132.4499969482422,1.2102099657058716,12.216400146484377
2020-05-07,1.232559323310852,1.1411399841308594,1.745360016822815,1.9282599687576296,9.55430030822754,130.8489990234375,1.2019599676132202,12.137200355529783
2020-05-11,1.2417423725128174,1.1450999975204468,1.7285000085830688,1.8993799686431885,9.623860359191896,132.72999572753906,1.205399990081787,12.145600318908691
2020-05-12,1.2333498001098633,1.1406999826431274,1.7288999557495115,1.9014999866485596,9.556429862976074,132.63099670410156,1.1995999813079834,12.17140007019043
2020-05-13,1.2254902124404907,1.1296299695968628,1.7251800298690796,1.898069977760315,9.495100021362305,131.2729949951172,1.1881799697875977,11.98110008239746
2020-05-14,1.224155068397522,1.131019949913025,1.724519968032837,1.896239995956421,9.48703956604004,130.88099670410156,1.189579963684082,12.006500244140623
2020-05-15,1.22339129447937,1.1318000555038452,1.716099977493286,1.8903000354766848,9.481019973754885,131.32000732421875,1.19035005569458,11.98069953918457
2020-05-18,1.2085760831832886,1.1168999671936035,1.7028599977493286,1.8806899785995483,9.366299629211426,129.55299377441406,1.174489974975586,11.913900375366213
2020-05-19,1.2200031280517578,1.117609977722168,1.7000999450683594,1.8696000576019287,9.455229759216309,130.97000122070312,1.1853899955749512,11.83080005645752
2020-05-20,1.2255953550338743,1.121500015258789,1.7074999809265137,1.8737000226974487,9.497759819030762,132.11399841308594,1.1900399923324585,11.867600440979004
2020-05-21,1.223690629005432,1.1143300533294678,1.7013499736785889,1.8560999631881712,9.48289966583252,131.6300048828125,1.180400013923645,11.72599983215332
2020-05-22,1.2223445177078247,1.116000056266785,1.704509973526001,1.8611500263214111,9.476980209350586,131.54299926757812,1.1862499713897705,11.756999969482422
2020-05-26,1.220137119293213,1.1191999912261963,1.7045600414276123,1.8633500337600708,9.460729598999023,131.3780059814453,1.185230016708374,11.80090045928955
2020-05-27,1.23350191116333,1.1230000257492063,1.6996500492095947,1.855239987373352,9.560810089111328,132.55099487304688,1.1904900074005127,11.858099937438965
2020-05-28,1.2264822721481323,1.1131399869918823,1.686900019645691,1.8522800207138064,9.508330345153809,132.197998046875,1.187059998512268,11.765700340270996
2020-05-29,1.2321492433547974,1.1119799613952637,1.696969985961914,1.857200026512146,9.551569938659668,132.61399841308594,1.1877100467681885,11.72659969329834
2020-06-01,1.23479962348938,1.1104300022125244,1.70100998878479,1.853790044784546,9.571579933166504,132.9499969482422,1.1859500408172607,11.62399959564209
2020-06-02,1.248704433441162,1.122189998626709,1.6957999467849731,1.8402899503707888,9.677490234375,134.27999877929688,1.1999900341033936,11.703399658203123
2020-06-03,1.2581465244293213,1.1245299577713013,1.699560046195984,1.8193600177764893,9.749899864196776,136.85000610351562,1.2096699476242063,11.729700088500977
2020-06-04,1.2575136423110962,1.11899995803833,1.6965700387954712,1.8147000074386597,9.743300437927246,137.0399932861328,1.2086800336837769,11.67590045928955
2020-06-05,1.2609069347381592,1.1120799779891968,1.702180027961731,1.8166300058364868,9.770600318908691,137.60800170898438,1.2047799825668335,11.595800399780272
2020-06-08,1.2725722789764404,1.124079942703247,1.7041200399398804,1.8171199560165403,9.86093044281006,139.49000549316406,1.223039984703064,11.642900466918944
2020-06-09,1.2735283374786377,1.1263600587844849,1.7026100158691406,1.8128600120544431,9.868670463562012,138.04800415039062,1.2193700075149536,11.702699661254885
2020-06-10,1.2711325883865356,1.121559977531433,1.705600023269653,1.8313100337982176,9.8497896194458,137.00100708007812,1.2088199853897097,11.69540023803711
2020-06-11,1.2710679769515991,1.118190050125122,1.7065399885177612,1.823830008506775,9.849080085754396,135.95899963378906,1.19937002658844,11.692899703979492
2020-06-12,1.257703423500061,1.1136000156402588,1.7148200273513794,1.8407399654388428,9.744879722595217,134.2899932861328,1.1871000528335571,11.727299690246582
2020-06-15,1.2508755922317505,1.1115700006484983,1.7056699991226196,1.832640051841736,9.69342041015625,134.22000122070312,1.1899900436401367,11.689499855041504
2020-06-16,1.2637752294540403,1.1145199537277222,1.7101900577545166,1.815989971160889,9.79306983947754,135.77000427246094,1.1993299722671509,11.703700065612791
2020-06-17,1.258510708808899,1.1169300079345703,1.7029800415039062,1.8249800205230713,9.752059936523438,135.14500427246094,1.1967899799346924,11.785599708557127
2020-06-18,1.2552721500396729,1.1163400411605835,1.703909993171692,1.8253999948501587,9.726869583129885,134.16200256347656,1.1907199621200562,11.710599899291992
2020-06-19,1.2426837682724,1.1085100173950195,1.6887400150299072,1.811900019645691,9.629400253295898,132.94000244140625,1.1825000047683716,11.693599700927734
2020-06-22,1.234811782836914,1.104580044746399,1.6813700199127195,1.809620022773743,9.56855010986328,131.8990020751953,1.175860047340393,11.684499740600586
2020-06-23,1.250156283378601,1.108180046081543,1.6877299547195437,1.803320050239563,9.687479972839355,133.62399291992188,1.1835700273513794,11.683300018310549
2020-06-24,1.2524893283843994,1.1070400476455688,1.695940017700195,1.804419994354248,9.7053804397583,133.28799438476562,1.1829299926757812,11.630499839782717
2020-06-25,1.2412954568862915,1.1031800508499146,1.693410038948059,1.810189962387085,9.619999885559082,132.85400390625,1.176800012588501,11.63640022277832
2020-06-26,1.2425447702407837,1.107200026512146,1.6941499710083008,1.803500056266785,9.6283597946167,133.10000610351562,1.1781200170516968,11.581600189208984
2020-06-29,1.234217405319214,1.0995700359344482,1.6880500316619873,1.798509955406189,9.563599586486816,132.31700134277344,1.1697399616241455,11.519800186157228
2020-06-30,1.2310571670532229,1.0944199562072754,1.6810200214385986,1.7911299467086792,9.539790153503418,132.43099975585938,1.1706600189208984,11.479999542236328
2020-07-01,1.238927125930786,1.1024999618530271,1.681439995765686,1.7951300144195557,9.599900245666504,133.78550720214844,1.1729999780654907,11.534799575805664
2020-07-02,1.2464786767959597,1.1076899766921997,1.6940799951553345,1.8034000396728516,9.659509658813477,133.81900024414062,1.178719997406006,11.60319995880127
2020-07-03,1.2466403245925903,1.1092000007629397,1.6914600133895874,1.801480054855347,9.660470008850098,133.99099731445312,1.1786099672317505,11.618300437927246
2020-07-06,1.247551679611206,1.1088000535964966,1.689900040626526,1.7953699827194214,9.6673002243042,134.19700622558594,1.1787899732589722,11.629799842834473
2020-07-07,1.249547004699707,1.1044299602508545,1.69159996509552,1.7908999919891355,9.682849884033203,134.13499450683594,1.1767499446868896,11.54290008544922
2020-07-08,1.2542802095413208,1.1122699975967407,1.7058000564575195,1.8065099716186523,9.719900131225586,134.91200256347656,1.1818699836730957,11.599200248718262
2020-07-09,1.2613521814346311,1.1124199628829956,1.7048200368881226,1.8051999807357788,9.774800300598145,135.2899932861328,1.18340003490448,11.565199851989746
2020-07-10,1.2605094909667969,1.1165800094604492,1.711719989776611,1.811239957809448,9.767829895019531,135.1300048828125,1.185230016708374,11.633999824523926
2020-07-13,1.2627506256103516,1.1163699626922607,1.716920018196106,1.81659996509552,9.786999702453612,134.98800659179688,1.1875,11.60830020904541
2020-07-14,1.255177617073059,1.106220006942749,1.7082300186157229,1.808899998664856,9.727899551391602,134.63800048828125,1.1819000244140625,11.527799606323242
2020-07-15,1.25692880153656,1.101430058479309,1.7091699838638306,1.7987699508666992,9.741399765014648,134.78399658203125,1.1806999444961548,11.423299789428713
2020-07-16,1.2591001987457275,1.1028000116348269,1.7000999450683594,1.7967000007629397,9.759099960327148,134.58999633789062,1.1890000104904177,11.415900230407717
2020-07-17,1.255950093269348,1.1026599407196045,1.7042700052261353,1.7997000217437744,9.737059593200684,134.718994140625,1.1871700286865234,11.40310001373291
2020-07-20,1.2571184635162354,1.0985100269317627,1.7062900066375732,1.7948600053787231,9.745929718017578,134.61199951171875,1.179479956626892,11.334699630737305
2020-07-21,1.266175389289856,1.1050299406051636,1.712309956550598,1.8027000427246096,9.814220428466797,135.7100067138672,1.1885700225830078,11.35260009765625
2020-07-22,1.273074507713318,1.1036499738693235,1.7118099927902222,1.783959984779358,9.866339683532717,135.99000549316406,1.1870700120925903,11.290900230407717
2020-07-23,1.2729934453964231,1.1005100011825562,1.7077800035476685,1.7829999923706057,9.866729736328123,136.4149932861328,1.1834499835968018,11.293899536132812
2020-07-24,1.273074507713318,1.0977400541305542,1.7062000036239624,1.7926000356674194,9.867170333862305,136.0030059814453,1.1778500080108645,11.275099754333496
2020-07-27,1.2795906066894531,1.0978000164031982,1.716539978981018,1.802449941635132,9.917099952697754,135.60699462890625,1.1783499717712402,11.298999786376951
2020-07-28,1.2889753580093384,1.0950900316238403,1.7188999652862549,1.8002699613571167,9.989950180053713,135.63999938964844,1.1850600242614746,11.227299690246582
2020-07-29,1.292373776435852,1.102749943733215,1.728700041770935,1.805240035057068,10.015379905700684,135.8280029296875,1.186210036277771,11.328100204467772
2020-07-30,1.298246145248413,1.1016900539398191,1.7317899465560913,1.809999942779541,10.060040473937988,136.3509979248047,1.1844199895858765,11.333100318908691
2020-07-31,1.311785101890564,1.1048200130462646,1.7592999935150146,1.8208800554275513,10.16522979736328,137.3000030517578,1.191849946975708,11.388400077819824
2020-08-03,1.3101695775985718,1.1118600368499756,1.7550899982452393,1.8330169916152952,10.152669906616213,138.68600463867188,1.1966700553894043,11.497599601745604
2020-08-04,1.3078734874725342,1.111930012702942,1.751729965209961,1.837299942970276,10.135600090026855,138.63999938964844,1.2000000476837158,11.436200141906738
2020-08-05,1.3086093664169312,1.1074299812316897,1.739740014076233,1.823169946670532,10.14048957824707,138.19200134277344,1.1940699815750122,11.406900405883787
2020-08-06,1.31268048286438,1.10548996925354,1.741070032119751,1.8231300115585327,10.17230987548828,138.54100036621094,1.1918100118637085,11.356599807739258
2020-08-07,1.3138015270233154,1.1059999465942385,1.7496099472045898,1.81673002243042,10.182499885559082,138.69900512695312,1.195449948310852,11.41409969329834
2020-08-10,1.3052273988723757,1.1076699495315552,1.747099995613098,1.8235299587249756,10.114319801330566,138.14599609375,1.1911100149154663,11.418499946594238
2020-08-11,1.3077194690704346,1.1139899492263794,1.7457000017166138,1.827299952507019,10.13368034362793,138.57000732421875,1.197119951248169,11.437800407409668
2020-08-12,1.3050740957260132,1.1118899583816528,1.736989974975586,1.8263299465179443,10.11338996887207,139.0019989013672,1.1971399784088137,11.434800148010254
2020-08-13,1.3048017024993896,1.1059000492095947,1.7277300357818604,1.8210099935531616,10.110400199890137,139.3300018310547,1.1895400285720823,11.329099655151367
2020-08-14,1.3070528507232666,1.1060099601745603,1.727720022201538,1.8282099962234497,10.129400253295898,139.822998046875,1.1888699531555176,11.340299606323242
2020-08-17,1.3107001781463623,1.10562002658844,1.7366900444030762,1.822029948234558,10.15719985961914,139.63699340820312,1.1907000541687012,11.368800163269045
2020-08-18,1.310787796974182,1.1035300493240356,1.7327899932861328,1.816499948501587,10.157090187072754,138.92300415039062,1.1880600452423096,11.379199981689451
2020-08-19,1.325398564338684,1.1092000007629397,1.7436800003051758,1.8266299962997437,10.270609855651855,139.45599365234375,1.1964000463485718,11.438199996948242
2020-08-20,1.311079978942871,1.1066999435424805,1.7314000129699707,1.8241100311279297,10.15999984741211,139.02999877929688,1.1991000175476074,11.396900177001951
2020-08-21,1.3220343589782717,1.1136499643325806,1.741358995437622,1.8344999551773071,10.244799613952637,139.67799377441406,1.198930025100708,11.500699996948242
2020-08-24,1.309414625167847,1.1097500324249268,1.7256200313568115,1.8282999992370603,10.147199630737305,138.6199951171875,1.1938999891281128,11.494000434875488
2020-08-25,1.307138204574585,1.108139991760254,1.7275400161743164,1.8231199979782104,10.129349708557127,138.5330047607422,1.1918400526046753,11.485099792480469
2020-08-26,1.3152183294296265,1.1111799478530884,1.7309000492095947,1.8265000581741333,10.19202995300293,139.88999938964844,1.1937999725341797,11.49590015411377
2020-08-27,1.3219819068908691,1.1162699460983276,1.7366199493408203,1.824120044708252,10.243599891662598,139.90499877929688,1.1992299556732178,11.501999855041504
2020-08-28,1.3199577331542969,1.1167000532150269,1.731950044631958,1.8150899410247805,10.229100227355955,140.7050018310547,1.1995699405670166,11.516300201416016
2020-09-01,1.3364516496658323,1.1193100214004517,1.742300033569336,1.8111399412155151,10.356499671936035,141.65899658203125,1.207900047302246,11.556099891662598
2020-09-02,1.339943766593933,1.123710036277771,1.7490099668502808,1.815600037574768,10.383319854736328,141.88099670410156,1.218369960784912,11.62320041656494
2020-09-03,1.335131287574768,1.1266299486160278,1.7412999868392944,1.8207900524139404,10.345629692077637,141.77999877929688,1.2165299654006958,11.63479995727539
2020-09-04,1.3262248039245603,1.120020031929016,1.7423900365829468,1.8284000158309937,10.27688980102539,140.67100524902344,1.2065000534057615,11.597900390625
2020-09-07,1.3245735168457031,1.1191500425338743,1.7317500114440918,1.8186500072479248,10.264960289001465,140.80299377441406,1.210010051727295,11.57229995727539
2020-09-08,1.3162224292755127,1.1131000518798828,1.7235009670257568,1.8077490329742432,10.199299812316896,139.89599609375,1.2055100202560425,11.541799545288086
2020-09-09,1.2968486547470093,1.1018699407577517,1.7166199684143066,1.798509955406189,10.048990249633787,137.4010009765625,1.190369963645935,11.444600105285645
2020-09-10,1.2999167442321775,1.1009000539779663,1.7095199823379517,1.7862399816513062,10.07353973388672,138.0749969482422,1.1855900287628174,11.364399909973145
2020-09-11,1.2808295488357544,1.0830899477005005,1.6891100406646729,1.763759970664978,9.925479888916016,135.9340057373047,1.1657700538635254,11.222999572753906
2020-09-14,1.2806557416915894,1.0813000202178955,1.6879600286483765,1.758800029754639,9.92434024810791,135.9239959716797,1.1639100313186646,11.227499961853027
2020-09-15,1.2849671840667725,1.0822999477386477,1.6929500102996826,1.7637499570846558,9.957369804382324,135.8280029296875,1.1669000387191772,11.264800071716309
2020-09-16,1.2884771823883057,1.087299942970276,1.6993999481201172,1.7656899690628052,9.984450340270996,135.7740020751953,1.1705100536346436,11.317500114440918
2020-09-17,1.2959998846054075,1.0978200435638428,1.7080800533294678,1.7761600017547607,10.042240142822266,136.14300537109375,1.1799499988555908,11.401200294494627
2020-09-18,1.297555446624756,1.095039963722229,1.7061400413513184,1.7741299867630005,10.054800033569336,135.82000732421875,1.1784100532531738,11.383600234985352
2020-09-21,1.2932761907577517,1.091629981994629,1.7065600156784058,1.7730200290679932,10.021269798278809,135.17799377441406,1.1781699657440186,11.337599754333496
2020-09-22,1.2820513248443604,1.089400053024292,1.7049599885940552,1.7731200456619265,9.93422031402588,134.19500732421875,1.1729999780654907,11.339300155639648
2020-09-23,1.2744048833847046,1.0880999565124512,1.6943399906158447,1.776170015335083,9.875249862670898,133.83799743652344,1.1721800565719604,11.356900215148926
2020-09-24,1.2717468738555908,1.090690016746521,1.7015299797058103,1.798359990119934,9.8545503616333,133.90699768066406,1.1747000217437744,11.45580005645752
2020-09-25,1.2757054567337036,1.0927000045776367,1.7029600143432615,1.807520031929016,9.88523006439209,134.45700073242188,1.1820600032806396,11.598799705505373
2020-09-28,1.2766826152801514,1.0970799922943115,1.707900047302246,1.812800049781799,9.893600463867188,134.74899291992188,1.184630036354065,11.645999908447266
2020-09-29,1.2873492240905762,1.1021699905395508,1.7192599773406982,1.8141200542449951,9.975529670715332,135.7050018310547,1.189039945602417,11.62090015411377
2020-09-30,1.2866535186767578,1.0953999757766724,1.7217700481414795,1.8007999658584597,9.970199584960938,135.9250030517578,1.1827800273895264,11.53320026397705
2020-10-01,1.2917560338974,1.1016199588775637,1.7176899909973145,1.8015799522399905,10.009650230407717,136.19900512695312,1.1892999410629272,11.5600004196167
2020-10-02,1.2886265516281128,1.0968999862670898,1.7118699550628662,1.7941999435424805,9.985899925231934,135.99000549316406,1.1840800046920776,11.488100051879885
2020-10-05,1.2931090593338013,1.1031700372695925,1.7185699939727783,1.8021199703216553,10.0204496383667,136.4199981689453,1.1869100332260132,11.53279972076416
2020-10-06,1.2992581129074097,1.1018400192260742,1.722390055656433,1.805999994277954,10.06818962097168,137.3249969482422,1.1887799501419067,11.54860019683838
2020-10-07,1.2883278131484983,1.0973999500274658,1.7162200212478638,1.8119900226593015,9.984140396118164,136.09500122070312,1.1819000244140625,11.530699729919434
2020-10-08,1.2917560338974,1.0977400541305542,1.7125400304794312,1.8097699880599976,10.009819984436035,136.8699951171875,1.1843600273132324,11.466899871826172
2020-10-09,1.29404616355896,1.09961998462677,1.7067999839782717,1.8034100532531736,10.027440071105955,137.18299865722656,1.1864700317382812,11.456899642944336
2020-10-12,1.3031693696975708,1.1027100086212158,1.7110600471496582,1.803500056266785,10.098429679870604,137.6490020751953,1.1863399744033811,11.46560001373291
2020-10-13,1.3065747022628784,1.1054999828338623,1.7129100561141968,1.812119960784912,10.124420166015623,137.61000061035156,1.187399983406067,11.4931001663208
2020-10-14,1.2935272455215454,1.1014900207519531,1.6995899677276611,1.805299997329712,10.023509979248049,136.40499877929688,1.183750033378601,11.420299530029297
2020-10-15,1.301236271858215,1.1075999736785889,1.7102700471878052,1.8212499618530271,10.08279037475586,136.74600219726562,1.1883200407028198,11.484100341796877
2020-10-16,1.2902060747146606,1.1019500494003296,1.705489993095398,1.82000994682312,9.997730255126951,135.91700744628906,1.1792700290679932,11.452099800109863
2020-10-19,1.292774677276611,1.103350043296814,1.7032999992370603,1.8222500085830688,10.018400192260742,136.2790069580078,1.1828700304031372,11.434100151062012
2020-10-20,1.2948671579360962,1.1001800298690796,1.70770001411438,1.835669994354248,10.033720016479492,136.552001953125,1.1789400577545166,11.431599617004396
2020-10-21,1.2954038381576538,1.0947999954223633,1.6994099617004397,1.837299942970276,10.037759780883787,136.61300659179688,1.174489974975586,11.321800231933594
2020-10-22,1.3131976127624512,1.1076600551605225,1.7268699407577517,1.8476500511169431,10.175860404968262,137.4429931640625,1.1892399787902832,11.478500366210938
2020-10-23,1.307805061340332,1.1067500114440918,1.7177499532699585,1.834980010986328,10.13383960723877,137.1959991455078,1.1867899894714355,11.462300300598145
2020-10-26,1.3054660558700562,1.1016199588775637,1.7160600423812866,1.8299700021743777,10.115400314331056,136.62600708007812,1.1806800365447998,11.317500114440918
2020-10-27,1.301574945449829,1.1020499467849731,1.718649983406067,1.8286900520324707,10.086179733276367,136.4340057373047,1.1817599534988403,11.377400398254396
2020-10-28,1.303186297416687,1.1059000492095947,1.71875,1.8292200565338137,10.09850025177002,136.2100067138672,1.184309959411621,11.383399963378906
2020-10-29,1.2989881038665771,1.1055400371551514,1.7284899950027466,1.8408199548721311,10.066240310668944,135.48899841308594,1.1826499700546265,11.492600440979004
2020-10-30,1.2931926250457764,1.107200026512146,1.721619963645935,1.837299942970276,10.02344036102295,135.19200134277344,1.1835399866104126,11.531299591064451
2020-11-02,1.2926744222640991,1.1102099418640137,1.7278499603271484,1.8443700075149536,10.020380020141602,135.1699981689453,1.1854499578475952,11.518099784851074
2020-11-03,1.2923903465270996,1.1098999977111816,1.708299994468689,1.8319400548934937,10.014300346374512,135.3249969482422,1.187000036239624,11.50529956817627
2020-11-04,1.3121638298034668,1.1153099536895752,1.7188999652862549,1.822710037231445,10.170729637145996,137.14700317382812,1.1946200132369995,11.518199920654297
2020-11-05,1.2966804504394531,1.1049599647521973,1.7018799781799316,1.805649995803833,10.054400444030762,135.3979949951172,1.1816999912261963,11.385899543762209
2020-11-06,1.3139395713806152,1.1117099523544312,1.7183899879455566,1.8085600137710571,10.186849594116213,136.0850067138672,1.1880899667739868,11.422200202941896
2020-11-09,1.318061351776123,1.1081500053405762,1.7162799835205078,1.8087199926376345,10.217900276184082,136.07899475097656,1.18517005443573,11.354100227355955
2020-11-10,1.3169677257537842,1.1136399507522583,1.7128499746322632,1.8089599609375,10.208419799804688,138.4340057373047,1.201859951019287,11.35550022125244
2020-11-11,1.3261544704437256,1.1219300031661987,1.7278499603271484,1.82096004486084,10.281220436096191,139.5709991455078,1.2132699489593506,11.419699668884276
2020-11-12,1.3224189281463623,1.1224000453948977,1.7267299890518188,1.8149399757385256,10.253310203552246,139.38800048828125,1.2121000289916992,11.418800354003906
2020-11-13,1.3121638298034668,1.1115200519561768,1.7235000133514404,1.8122199773788452,10.174699783325195,137.89100646972656,1.2002999782562256,11.337900161743164
2020-11-16,1.3220518827438354,1.116000056266785,1.7348699569702148,1.8131999969482424,10.249199867248535,138.3719940185547,1.2057000398635864,11.460000038146973
2020-11-17,1.322209119796753,1.114740014076233,1.7285200357437134,1.8060100078582764,10.250080108642578,138.1929931640625,1.206130027770996,11.376099586486816
2020-11-18,1.3259083032608032,1.117319941520691,1.736899971961975,1.8168200254440308,10.27614974975586,138.0919952392578,1.20770001411438,11.426639556884766
2020-11-19,1.325644612312317,1.1188199520111084,1.7343599796295166,1.815459966659546,10.275830268859863,137.71099853515625,1.2087500095367432,11.401300430297852
2020-11-20,1.3249244689941406,1.1163899898529053,1.7335200309753418,1.8224400281906128,10.270099639892578,137.5399932861328,1.2069000005722046,11.39900016784668
2020-11-23,1.3305126428604126,1.1210999488830566,1.7404099702835083,1.8186099529266355,10.313139915466309,138.11199951171875,1.2113200426101685,11.452899932861328
2020-11-24,1.332906723022461,1.124899983406067,1.7424800395965576,1.8267600536346436,10.33209991455078,139.32081604003906,1.2160600423812866,11.494199752807615
2020-11-25,1.3363267183303833,1.1230499744415283,1.736549973487854,1.813820004463196,10.35731029510498,139.6529998779297,1.2171299457550049,11.405799865722656
2020-11-26,1.3385447263717651,1.1229000091552734,1.7403700351715088,1.817399978637695,10.373900413513184,139.7239990234375,1.215559959411621,11.367300033569336
2020-11-27,1.3354523181915283,1.121019959449768,1.738620042800903,1.814970016479492,10.349340438842772,139.197998046875,1.2103300094604492,11.383999824523926
2020-11-30,1.333191156387329,1.1135499477386477,1.7307000160217283,1.8014400005340576,10.33199977874756,138.74600219726562,1.2054100036621094,11.327199935913086
2020-12-01,1.3336889743804932,1.117069959640503,1.7324800491333008,1.8126100301742551,10.336420059204102,139.09100341796875,1.2111999988555908,11.416799545288086
2020-12-02,1.3422638177871704,1.1117700338363647,1.7354999780654907,1.8183799982070925,10.403759956359863,139.99000549316406,1.2072199583053589,11.373900413513184
2020-12-03,1.3370771408081057,1.1035000085830688,1.726830005645752,1.8029600381851196,10.36299991607666,139.6439971923828,1.195940017700195,11.315999984741213
2020-12-04,1.345496654510498,1.107100009918213,1.7307499647140503,1.8086600303649905,10.427650451660156,139.67999267578125,1.1984399557113647,11.353699684143066
2020-12-07,1.3417415618896484,1.106760025024414,1.7144700288772583,1.8052300214767456,10.39756965637207,139.7949981689453,1.196300029754639,11.344900131225586
2020-12-08,1.3357375860214231,1.1023999452590942,1.7098599672317505,1.8003000020980835,10.3503999710083,138.8990020751953,1.1894700527191162,11.215900421142578
2020-12-09,1.3365589380264282,1.1032999753952026,1.7126799821853638,1.8038699626922607,10.35949993133545,139.16799926757812,1.1875,11.300200462341309
2020-12-10,1.3367018699645996,1.1063799858093262,1.7142200469970703,1.7972700595855713,10.35849952697754,139.3560028076172,1.188730001449585,11.35200023651123
2020-12-11,1.3305658102035522,1.0954999923706057,1.6948000192642212,1.7675399780273438,10.312190055847168,138.6020050048828,1.1785900592803955,11.232799530029297
2020-12-14,1.3318239450454712,1.0974899530410769,1.6979299783706665,1.7635400295257568,10.32174015045166,138.40699768066406,1.183210015296936,11.223899841308594
2020-12-15,1.3330844640731812,1.0970799922943115,1.7006399631500244,1.7684199810028076,10.33156967163086,138.6280059814453,1.1817799806594849,11.196599960327148
2020-12-16,1.3444474935531616,1.1060800552368164,1.7072399854660034,1.7792799472808838,10.420379638671877,139.3040008544922,1.1904900074005127,11.26159954071045
2020-12-17,1.3502929210662842,1.106950044631958,1.7208110094070437,1.783400058746338,10.466139793395996,139.70399475097656,1.1953699588775637,11.2746000289917
2020-12-18,1.3570178747177124,1.1064900159835815,1.727370023727417,1.7817000150680542,10.518190383911133,139.93899536132812,1.200410008430481,11.235099792480469
2020-12-21,1.3401951789855957,1.096989989280701,1.716770052909851,1.7662700414657593,10.388680458068848,138.63800048828125,1.186710000038147,11.101200103759766
2020-12-22,1.3449536561965942,1.0991699695587158,1.728410005569458,1.7752799987792969,10.426050186157228,138.97000122070312,1.190989971160889,11.096799850463867
2020-12-23,1.339943766593933,1.0993000268936155,1.7273900508880615,1.7742700576782229,10.38755989074707,138.69500732421875,1.1896100044250488,11.156999588012695
2020-12-24,1.350530028343201,1.1074999570846558,1.7345000505447388,1.7816100120544434,10.467399597167969,139.8209991455078,1.1989699602127075,11.192099571228027
2020-12-29,1.3466018438339231,1.101699948310852,1.7288099527359009,1.7743699550628662,10.440839767456056,139.61900329589844,1.1958999633789062,10.830599784851074
2020-12-30,1.3499903678894043,1.1015000343322754,1.7304600477218628,1.7738399505615234,10.465200424194336,139.7899932861328,1.1934399604797363,11.074999809265137
2020-12-31,1.36306631565094,1.1080299615859983,1.7375199794769287,1.7724900245666504,10.56509017944336,140.5330047607422,1.2014800310134888,11.168399810791016
2021-01-04,1.3684196472167969,1.1168999671936035,1.7407499551773071,1.7741999626159668,10.608099937438965,141.2570037841797,1.2082600593566897,11.214500427246094
2021-01-05,1.3571596145629885,1.1073999404907229,1.7342000007629397,1.7694000005722046,10.520380020141602,139.93299865722656,1.1957900524139404,11.194100379943848
2021-01-06,1.3629549741744995,1.1079200506210327,1.7272599935531616,1.754699945449829,10.56521987915039,139.9290008544922,1.1967600584030151,11.14459991455078
2021-01-07,1.3625277280807495,1.1040500402450562,1.7253799438476562,1.742959976196289,10.563300132751465,140.33999633789062,1.1962100267410278,11.111599922180176
2021-01-08,1.3569625616073608,1.1057599782943726,1.7208800315856934,1.746340036392212,10.518710136413574,140.8179931640625,1.200950026512146,11.10990047454834
2021-01-11,1.3516253232955933,1.1089799404144287,1.7204999923706057,1.7513999938964844,10.479430198669434,140.6719970703125,1.1995799541473389,11.163200378417969
2021-01-12,1.3524113893508911,1.1119199991226196,1.7271300554275513,1.7544100284576416,10.486149787902832,140.80999755859375,1.2029500007629397,11.222200393676758
2021-01-13,1.3670539855957031,1.119510054588318,1.7368099689483645,1.757699966430664,10.59829044342041,141.802001953125,1.2110999822616575,11.265000343322754
2021-01-14,1.364926815032959,1.1220799684524536,1.732759952545166,1.7616000175476074,10.581009864807127,141.70199584960938,1.2106399536132812,11.374500274658203
2021-01-15,1.3683634996414185,1.1258000135421753,1.7303999662399292,1.759529948234558,10.607500076293944,142.0500030517578,1.2152899503707886,11.370800018310549
2021-01-18,1.357533574104309,1.1247299909591677,1.7326099872589111,1.7653800249099731,10.523719787597656,141.03700256347656,1.2110899686813354,11.40999984741211
2021-01-19,1.3581236600875854,1.1243300437927246,1.7312300205230713,1.7670400142669678,10.52810001373291,140.82699584960938,1.2098000049591064,11.40019989013672
2021-01-20,1.3644241094589231,1.1239299774169922,1.7357699871063232,1.7690600156784058,10.575949668884276,141.7449951171875,1.2115600109100342,11.3681001663208
2021-01-21,1.3668484687805176,1.1280100345611572,1.7256499528884888,1.7621400356292725,10.593609809875488,141.52099609375,1.2153300046920776,11.39459991455078
2021-01-22,1.3729474544525146,1.1282800436019895,1.7362300157546997,1.7688000202178955,10.640859603881836,142.0749969482422,1.2153799533843994,11.348899841308594
2021-01-25,1.3688204288482666,1.1247299909591677,1.741449952125549,1.773990035057068,10.610079765319824,142.05450439453125,1.2118300199508667,11.356300354003906
2021-01-26,1.3678992986679075,1.1261600255966189,1.741919994354248,1.7725000381469729,10.601699829101562,141.91099548339844,1.2144299745559692,11.32919979095459
2021-01-27,1.374154806137085,1.129639983177185,1.7440400123596191,1.7725000381469729,10.650099754333496,142.33999633789062,1.218000054359436,11.402600288391112
2021-01-28,1.3669419288635254,1.1292400360107422,1.7517399787902832,1.7867900133132937,10.59469985961914,142.33999633789062,1.2153600454330444,11.43630027770996
2021-01-29,1.3725008964538574,1.1323100328445437,1.76010000705719,1.7892999649047852,10.639220237731934,143.11900329589844,1.2195500135421753,11.45139980316162
2021-02-01,1.3697690963745115,1.1296600103378296,1.7533799409866333,1.7973999977111816,10.618149757385254,143.37600708007812,1.2207900285720823,11.47480010986328
2021-02-02,1.3678767681121826,1.1330000162124634,1.7563899755477903,1.7913999557495115,10.601799964904783,143.4459991455078,1.2261199951171875,11.510499954223633
2021-02-03,1.3659336566925049,1.134600043296814,1.7464599609375,1.7954000234603882,10.587739944458008,143.43899536132812,1.2260500192642212,11.469300270080566
2021-02-04,1.364908218383789,1.1334799528121948,1.7444599866867063,1.7877399921417236,10.578450202941896,143.27200317382812,1.2261500358581543,11.460399627685549
2021-02-05,1.3676148653030396,1.1426000595092771,1.7534500360488892,1.7989599704742432,10.600970268249512,144.36399841308594,1.2360999584197998,11.5625
2021-02-08,1.373871684074402,1.140089988708496,1.7525999546051023,1.7888699769973757,10.649319648742676,144.7830047607422,1.2350000143051147,11.5024995803833
2021-02-09,1.374570369720459,1.1403800249099731,1.7507100105285645,1.7828999757766724,10.654760360717772,144.60699462890625,1.23511004447937,11.529899597167969
2021-02-10,1.3817994594573977,1.139989972114563,1.75409996509552,1.784719944000244,10.708720207214355,144.44000244140625,1.232800006866455,11.49820041656494
2021-02-11,1.3832597732543943,1.141080021858215,1.7561299800872805,1.7901699542999268,10.721360206604004,144.67100524902344,1.231060028076172,11.503999710083008
2021-02-12,1.381024718284607,1.1382999420166016,1.7539000511169434,1.7816699743270874,10.706680297851562,144.65199279785156,1.2291799783706665,11.48900032043457
2021-02-15,1.3871549367904663,1.1440800428390503,1.759529948234558,1.7862999439239502,10.750699996948242,145.70700073242188,1.2368299961090088,11.513999938964844
2021-02-16,1.3914785385131836,1.146399974822998,1.7578400373458862,1.7868000268936155,10.785400390625,146.61000061035156,1.238029956817627,11.51889991760254
2021-02-17,1.388811707496643,1.148360013961792,1.76488995552063,1.7945899963378906,10.766400337219238,147.35000610351562,1.24058997631073,11.523099899291992
2021-02-18,1.3866355419158936,1.1509699821472168,1.7608599662780762,1.7866400480270386,10.748089790344238,146.7689971923828,1.2457599639892578,11.538299560546877
2021-02-19,1.3967455625534058,1.1550500392913818,1.771209955215454,1.7981799840927124,10.827699661254885,147.56100463867188,1.2510299682617188,11.603099822998049
2021-02-22,1.403114914894104,1.1570099592208862,1.7676600217819214,1.778630018234253,10.87755012512207,148.03500366210938,1.258080005645752,11.597999572753906
2021-02-23,1.4071228504180908,1.1562999486923218,1.773959994316101,1.7775599956512451,10.910300254821776,147.6999969482422,1.26010000705719,11.632800102233888
2021-02-24,1.412030577659607,1.1617100238800049,1.7778400182724,1.7851799726486206,10.946700096130373,148.64013671875,1.2776299715042114,11.686800003051758
2021-02-25,1.4148274660110474,1.1623300313949585,1.7697700262069702,1.7731800079345703,10.965700149536133,149.8828887939453,1.282539963722229,11.701199531555176
2021-02-26,1.40081524848938,1.1518700122833252,1.7659499645233154,1.7798000574111938,10.860939979553224,148.9709930419922,1.2682100534439087,11.632699966430664
2021-03-01,1.397252917289734,1.1555999517440796,1.7737300395965576,1.802150011062622,10.836270332336426,148.79200744628906,1.2677199840545654,11.760499954223633
2021-03-02,1.392951726913452,1.1559300422668457,1.7607300281524658,1.792009949684143,10.801230430603027,148.81300354003906,1.274340033531189,11.729299545288086
2021-03-03,1.3954981565475464,1.1545499563217163,1.763219952583313,1.7831599712371826,10.823659896850586,148.93699645996094,1.276769995689392,11.699299812316896
2021-03-04,1.3926994800567627,1.1555500030517578,1.7644000053405762,1.7949399948120115,10.800359725952148,149.0800018310547,1.2810399532318115,11.739700317382812
2021-03-05,1.3894098997116089,1.1608200073242188,1.7612799406051636,1.8003000020980835,10.779459953308104,149.9739990234375,1.2907700538635254,11.809499740600586
2021-03-08,1.385367751121521,1.1615400314331057,1.7498199939727783,1.7968900203704834,10.754679679870604,150.18299865722656,1.2885299921035769,11.80109977722168
2021-03-09,1.3823610544204712,1.1662299633026123,1.7495399713516235,1.805240035057068,10.737600326538086,150.57200622558594,1.2938400506973269,11.8572998046875
2021-03-10,1.389043211936951,1.1672600507736206,1.7558799982070925,1.7996400594711304,10.779600143432615,150.7899932861328,1.288789987564087,11.80210018157959
2021-03-11,1.3931456804275513,1.1680999994277954,1.7579200267791748,1.801699995994568,10.811100006103516,151.04800415039062,1.295240044593811,11.81190013885498
2021-03-12,1.3989927768707275,1.167289972305298,1.752940058708191,1.7962900400161743,10.85256004333496,151.8520050048828,1.2934499979019165,11.817399978637695
2021-03-15,1.392951726913452,1.1655100584030151,1.7367199659347534,1.7943099737167358,10.811659812927246,151.97808837890625,1.2944799661636353,11.816800117492676
2021-03-16,1.3899120092391968,1.1650999784469604,1.7339799404144287,1.793280005455017,10.790379524230955,151.66229248046875,1.2892600297927856,11.831199645996094
2021-03-17,1.3902212381362915,1.1679500341415403,1.729640007019043,1.7947100400924685,10.79403018951416,151.54400634765625,1.2858599424362185,11.816200256347656
2021-03-18,1.3975849151611328,1.1661399602890017,1.7313300371170044,1.788509964942932,10.850529670715332,152.1580047607422,1.28849995136261,11.802000045776367
2021-03-19,1.3925055265426636,1.1682900190353394,1.7392499446868896,1.7956899404525757,10.811639785766602,151.66900634765625,1.2911299467086792,11.854999542236328
2021-03-22,1.3832597732543943,1.1639100313186646,1.7320799827575684,1.791059970855713,10.740039825439451,150.5780029296875,1.2863999605178833,11.836199760437012
2021-03-23,1.3862512111663818,1.161509990692139,1.735419988632202,1.7895599603652954,10.764209747314451,150.77200317382812,1.2797499895095823,11.796500205993652
2021-03-24,1.373041749000549,1.1595300436019895,1.7284499406814575,1.8053499460220337,10.663370132446287,148.98500061035156,1.2830599546432495,11.812000274658203
2021-03-25,1.3688879013061523,1.1586400270462036,1.720870018005371,1.8026100397109983,10.632929801940918,148.9040069580078,1.2805299758911133,11.788999557495115
2021-03-26,1.374910593032837,1.167289972305298,1.732100009918213,1.8103100061416624,10.680299758911133,150.08999633789062,1.2916100025177002,11.88599967956543
2021-03-29,1.3791011571884155,1.169819951057434,1.735360026359558,1.805609941482544,10.713089942932127,151.3979949951172,1.2956199645996094,11.920700073242188
2021-03-30,1.3775053024291992,1.1703100204467771,1.7340999841690063,1.8031500577926636,10.705559730529783,151.28746032714844,1.2933000326156616,11.965700149536133
2021-03-31,1.3746649026870728,1.1724300384521484,1.734820008277893,1.8065199851989744,10.687800407409668,151.58399963378906,1.2945400476455688,12.000699996948242
2021-04-01,1.3786258697509766,1.1751999855041504,1.7317099571228027,1.8148900270462036,10.716400146484377,152.65199279785156,1.300920009613037,12.031100273132324
2021-04-06,1.3914011716842651,1.1770000457763672,1.7417099475860596,1.816918969154358,10.815899848937988,153.29299926757812,1.3021999597549438,12.100799560546877
2021-04-07,1.383125901222229,1.164199948310852,1.7382299900054932,1.8036199808120728,10.753499984741213,151.81500244140625,1.287600040435791,11.910599708557127
2021-04-08,1.3743815422058103,1.157099962234497,1.732759952545166,1.8046000003814695,10.696999549865724,150.9219970703125,1.2768000364303589,11.854700088500977
2021-04-09,1.373437762260437,1.152400016784668,1.7248400449752808,1.7935800552368164,10.67943000793457,150.11000061035156,1.268929958343506,11.720100402832031
2021-04-12,1.3712154626846311,1.1522300243377686,1.718109965324402,1.798110008239746,10.663800239562988,150.3990020751953,1.2686599493026731,11.71030044555664
2021-04-13,1.3753834962844849,1.154530048370361,1.727620005607605,1.803099989891052,10.692500114440918,150.4250030517578,1.2684999704360962,11.790900230407717
2021-04-14,1.3759700059890747,1.15093994140625,1.7244000434875488,1.799100041389465,10.693739891052246,149.8509979248047,1.266160011291504,11.707799911499023
2021-04-15,1.3779228925704956,1.149500012397766,1.7243900299072266,1.783400058746338,10.699199676513672,150.01600646972656,1.2710000276565552,11.657400131225586
2021-04-16,1.3785498142242432,1.151350021362305,1.7290600538253784,1.7780799865722656,10.705100059509276,149.79800415039062,1.270699977874756,11.640199661254885
2021-04-19,1.3818453550338743,1.154099941253662,1.7295600175857544,1.791200041770935,10.737330436706545,150.21600341796875,1.2719099521636963,11.66860008239746
2021-04-20,1.3993842601776123,1.1617499589920044,1.7519099712371826,1.8015999794006348,10.864629745483398,151.22000122070312,1.2798999547958374,11.74209976196289
2021-04-21,1.3938837051391602,1.158270001411438,1.7576899528503418,1.8047800064086912,10.817429542541504,150.7030029296875,1.276710033416748,11.7608003616333
2021-04-22,1.3931845426559448,1.1572200059890747,1.741819977760315,1.7964400053024292,10.812800407409668,150.5030059814453,1.27701997756958,11.707300186157228
2021-04-23,1.3840255737304688,1.1517399549484253,1.7300599813461304,1.7958600521087646,10.737689971923828,149.40899658203125,1.269129991531372,11.666999816894531
2021-04-26,1.3866355419158936,1.1467000246047974,1.7312500476837158,1.7905700206756592,10.759730339050291,149.54299926757812,1.266939997673035,11.63479995727539
2021-04-27,1.3895643949508667,1.149999976158142,1.722249984741211,1.78193998336792,10.782119750976562,150.33200073242188,1.270799994468689,11.650400161743164
2021-04-28,1.390356421470642,1.1499099731445312,1.7247400283813477,1.7897599935531616,10.791029930114746,151.18299865722656,1.2707200050354004,11.638400077819824
2021-04-29,1.395673394203186,1.1497000455856323,1.7166199684143066,1.7885899543762207,10.830900192260742,151.3990020751953,1.2682199478149414,11.627400398254396
2021-04-30,1.3952839374542236,1.1504700183868408,1.7123700380325315,1.7935999631881714,10.829460144042969,151.91000366210938,1.267799973487854,11.672699928283691
2021-05-04,1.3903758525848389,1.1528799533843994,1.707170009613037,1.791700005531311,10.796680450439451,151.65699768066406,1.267259955406189,11.704700469970703
2021-05-05,1.388811707496643,1.1557899713516235,1.708209991455078,1.79993999004364,10.787240028381348,151.81199645996094,1.268589973449707,11.773900032043455
2021-05-06,1.3909753561019895,1.1582399606704712,1.7062699794769287,1.7942999601364136,10.80576992034912,151.88600158691406,1.2699600458145142,11.795700073242188
2021-05-07,1.389854073524475,1.1513999700546265,1.6889599561691284,1.784309983253479,10.792499542236328,151.51199340820312,1.2610700130462646,11.70419979095459
2021-05-10,1.4041197299957275,1.1535199880599976,1.7010200023651123,1.7865699529647827,10.902440071105955,152.39999389648438,1.2642199993133545,11.654800415039062
2021-05-11,1.413127899169922,1.163830041885376,1.708299994468689,1.8021899461746216,10.972430229187012,153.79800415039062,1.272130012512207,11.7746000289917
2021-05-12,1.4138271808624268,1.1638699769973757,1.7098400592803955,1.803040027618408,10.980079650878906,153.64999389648438,1.277340054512024,11.759699821472168
2021-05-13,1.4063708782196045,1.1641099452972412,1.704300045967102,1.8183000087738037,10.919400215148926,154.19400024414062,1.277760028839111,11.846599578857422
2021-05-14,1.4050863981246948,1.1629899740219116,1.70933997631073,1.8184399604797363,10.91012954711914,153.8209991455078,1.272480010986328,11.805100440979004
2021-05-17,1.4101786613464355,1.1604599952697754,1.707800030708313,1.812690019607544,10.951459884643556,154.2790069580078,1.270900011062622,11.732399940490724
2021-05-18,1.4148674011230469,1.163699984550476,1.706279993057251,1.8198299407958984,10.986650466918944,154.53799438476562,1.277959942817688,11.782299995422363
2021-05-19,1.41880202293396,1.1605700254440308,1.7126599550247192,1.821300029754639,11.016280174255373,154.44200134277344,1.2732900381088257,11.751500129699709
2021-05-20,1.4106162786483765,1.1589299440383911,1.7111999988555908,1.826949954032898,10.952099800109863,154.11000061035156,1.2751699686050415,11.782500267028809
2021-05-21,1.4185603857040403,1.1601899862289429,1.7109700441360474,1.8255300521850584,11.009790420532228,154.4029998779297,1.2730400562286377,11.77560043334961
2021-05-24,1.4142870903015137,1.160599946975708,1.706629991531372,1.829699993133545,10.979999542236328,154.00999450683594,1.269129991531372,11.76099967956543
2021-05-25,1.415608525276184,1.1588300466537476,1.7055399417877195,1.82614004611969,10.98972988128662,154.06900024414062,1.2696399688720703,11.76949977874756
2021-05-26,1.4143872261047363,1.154670000076294,1.7060999870300293,1.8246899843215945,10.977800369262695,153.8470001220703,1.2664999961853027,11.678099632263184
2021-05-27,1.4116119146347046,1.157639980316162,1.7120699882507324,1.8236000537872312,10.956720352172852,154.08599853515625,1.2671300172805786,11.739299774169922
2021-05-28,1.4203739166259766,1.1647900342941284,1.7142900228500366,1.834280014038086,11.021400451660156,155.9459991455078,1.2739299535751345,11.752400398254396
2021-06-01,1.422677516937256,1.1629600524902344,1.7157299518585205,1.8371700048446655,11.04010009765625,155.76400756835938,1.2780499458312988,11.78030014038086
2021-06-02,1.4157087802886963,1.1585299968719482,1.708340048789978,1.824679970741272,10.982990264892578,154.98399353027344,1.2695599794387815,11.701199531555176
2021-06-03,1.4171934127807615,1.1605600118637085,1.7061200141906738,1.829599976539612,10.993000030517578,155.29600524902344,1.2727700471878052,11.718099594116213
2021-06-04,1.4109944105148315,1.162999987602234,1.7082899808883667,1.8401949405670168,10.945899963378906,155.5500030517578,1.2746599912643433,11.73859977722168
2021-06-07,1.4164307117462158,1.1640000343322754,1.7102899551391602,1.8295700550079343,10.986530303955078,155.22999572753906,1.2736799716949463,11.722700119018556
2021-06-08,1.41765558719635,1.1627299785614014,1.7131999731063845,1.8275200128555296,10.99862003326416,154.89100646972656,1.272480010986328,11.71090030670166
2021-06-09,1.414987564086914,1.1622999906539917,1.7137800455093384,1.8286499977111816,10.978099822998049,154.88299560546875,1.2687000036239624,11.699399948120115
2021-06-10,1.4112334251403809,1.1583000421524048,1.7095099687576294,1.8255900144577024,10.948599815368652,154.6739959716797,1.2641700506210327,11.663000106811523
2021-06-11,1.4170126914978027,1.1639699935913086,1.7137900590896606,1.8286199569702148,10.995240211486816,155.01199340820312,1.2676299810409546,11.6899995803833
2021-06-14,1.411930799484253,1.1656999588012695,1.7165600061416626,1.8313000202178955,10.956850051879885,154.8820037841797,1.267300009727478,11.742300033569336
2021-06-15,1.4109944105148315,1.1639000177383425,1.713170051574707,1.829439997673035,10.951189994812012,155.25399780273438,1.2688699960708618,11.737199783325195
2021-06-16,1.4081531763076782,1.1610000133514404,1.7152999639511108,1.8318500518798828,10.930299758911133,154.99400329589844,1.2651599645614624,11.718600273132324
2021-06-17,1.3990709781646729,1.1661399602890017,1.7174999713897705,1.8361200094223025,10.859160423278809,154.92999267578125,1.271090030670166,11.833399772644045
2021-06-18,1.3938642740249634,1.1698800325393677,1.7204999923706057,1.844249963760376,10.821149826049805,153.75799560546875,1.2789499759674072,11.914999961853027
2021-06-21,1.381711721420288,1.1638200283050537,1.7200599908828735,1.841629981994629,10.72702980041504,152.25100708007812,1.2744799852371216,11.891599655151367
2021-06-22,1.392540454864502,1.16881000995636,1.722000002861023,1.8478699922561648,10.811070442199709,153.67999267578125,1.2790700197219849,11.88510036468506
2021-06-23,1.3949919939041138,1.1685500144958496,1.71711003780365,1.846310019493103,10.832819938659668,154.343994140625,1.281350016593933,11.829099655151367
2021-06-24,1.3967455625534058,1.1706700325012207,1.7184699773788452,1.8441100120544431,10.844630241394045,155.02000427246094,1.282379984855652,11.843999862670898
2021-06-25,1.3916915655136108,1.1665899753570557,1.71465003490448,1.835360050201416,10.802559852600098,154.35000610351562,1.2776299715042114,11.793399810791016
2021-06-28,1.389506459236145,1.1634299755096436,1.707730054855347,1.8298100233078003,10.783709526062012,153.96299743652344,1.2735799551010132,11.794699668884276
2021-06-29,1.387905836105347,1.1632000207901,1.711719989776611,1.833639979362488,10.772939682006836,153.47999572753906,1.2761900424957275,11.807700157165527
2021-06-30,1.3842746019363403,1.162700057029724,1.715649962425232,1.8419400453567505,10.744190216064451,152.97300720214844,1.2744799852371216,11.791099548339844
2021-07-01,1.3829153776168823,1.1662800312042236,1.7137600183486938,1.8439600467681885,10.736300468444824,153.66799926757812,1.2791600227355957,11.821900367736816
2021-07-02,1.3759511709213257,1.1614400148391724,1.711609959602356,1.84292995929718,10.684749603271484,153.5019989013672,1.2739100456237793,11.806400299072266
2021-07-05,1.383125901222229,1.1663000583648682,1.7053600549697876,1.8389029502868652,10.740240097045898,153.71400451660156,1.2748899459838867,11.822400093078612
2021-07-06,1.3856172561645508,1.1677199602127075,1.7094199657440186,1.837000012397766,10.759860038757324,153.64199829101562,1.2775499820709229,11.84119987487793
2021-07-07,1.3805670738220217,1.1675399541854858,1.7195899486541748,1.841599941253662,10.72070026397705,152.66200256347656,1.2763400077819824,11.860939979553224
2021-07-08,1.3801099061965942,1.1699600219726562,1.7223600149154663,1.8436100482940672,10.718839645385742,152.66000366210938,1.277359962463379,11.89840030670166
2021-07-09,1.3790820837020874,1.1638000011444092,1.7278599739074707,1.855049967765808,10.710100173950195,151.39999389648438,1.2613400220870972,11.851799964904783
2021-07-12,1.3899506330490112,1.170590043067932,1.730049967765808,1.8556100130081177,10.795069694519045,153.17999267578125,1.270359992980957,11.930100440979004
2021-07-13,1.3886960744857788,1.1704000234603882,1.729550004005432,1.856899976730347,10.783499717712402,153.1699981689453,1.270359992980957,11.918299674987791
2021-07-14,1.3806052207946775,1.1720000505447388,1.728119969367981,1.855139970779419,10.720890045166016,152.65199279785156,1.268239974975586,11.94540023803711
2021-07-15,1.385809302330017,1.1709500551223757,1.7341699600219729,1.8519999980926511,10.761500358581545,152.36900329589844,1.2671400308609009,11.944199562072754
2021-07-16,1.3829728364944458,1.1706199645996094,1.741232991218567,1.8627599477767944,10.740500450134276,151.79400634765625,1.2691199779510498,11.980299949645996
2021-07-19,1.376386642456055,1.1647000312805176,1.736449956893921,1.862779974937439,10.690930366516112,151.1999969482422,1.2640000581741333,11.942399978637695
2021-07-20,1.3669979572296145,1.1590800285339355,1.7424169778823853,1.8622000217437744,10.620200157165527,149.71800231933594,1.2557200193405151,11.88290023803711
2021-07-21,1.3633265495300293,1.1572099924087524,1.72802996635437,1.8577899932861328,10.596579551696776,149.85899353027344,1.255929946899414,11.853899955749512
2021-07-22,1.3714035749435425,1.162500023841858,1.723389983177185,1.8647799491882324,10.659099578857422,151.16600036621094,1.2581199407577517,11.909299850463867
2021-07-23,1.377389669418335,1.169819951057434,1.7302600145339966,1.866000056266785,10.702099800109863,151.69400024414062,1.2656999826431274,11.954700469970703
2021-07-26,1.3757808208465576,1.1683000326156616,1.7288399934768677,1.8667999505996704,10.687199592590332,152.06900024414062,1.2649400234222412,11.955599784851074
2021-07-27,1.3829153776168823,1.1711000204086304,1.7337000370025637,1.8717999458312988,10.755800247192385,152.4929962158203,1.2657500505447388,11.922100067138672
2021-07-28,1.3882719278335571,1.1742899417877195,1.7477699518203735,1.88441002368927,10.80309009552002,152.4239959716797,1.269269943237305,11.969200134277344
2021-07-29,1.3906852006912231,1.173840045928955,1.7409000396728516,1.8847999572753904,10.819600105285645,152.79800415039062,1.2649600505828855,11.947699546813965
2021-07-30,1.3964334726333618,1.174299955368042,1.7382299900054932,1.887869954109192,10.849470138549805,152.76699829101562,1.2646000385284424,11.944299697875977
2021-08-02,1.3896223306655884,1.170889973640442,1.7322399616241455,1.892500042915344,10.799050331115724,152.4199981689453,1.2587499618530271,11.946200370788574
2021-08-03,1.389274835586548,1.1697499752044678,1.73635995388031,1.887060046195984,10.797789573669434,151.7779998779297,1.257449984550476,11.9350004196167
2021-08-04,1.391788363456726,1.1724200248718262,1.7441099882125854,1.8813999891281128,10.821900367736816,151.6739959716797,1.257789969444275,11.97029972076416
2021-08-05,1.389043211936951,1.1732800006866455,1.7423399686813354,1.8812899589538576,10.799019813537598,152.1230010986328,1.258999943733215,11.95680046081543
2021-08-06,1.3927576541900637,1.1768900156021118,1.7409499883651731,1.8812099695205688,10.830089569091797,152.8459930419922,1.262619972229004,11.994600296020508
2021-08-09,1.3868471384048462,1.1801999807357788,1.7432299852371216,1.89028000831604,10.788800239562988,152.8699951171875,1.2696000337600708,12.035200119018556
2021-08-10,1.384907364845276,1.1797699928283691,1.7410600185394287,1.8889800310134888,10.77649974822998,152.72500610351562,1.2749099731445312,12.051799774169922
2021-08-11,1.3836042881011963,1.1804499626159668,1.7319899797439575,1.883800029754639,10.765700340270996,153.0050048828125,1.2769500017166138,12.063199996948242
2021-08-12,1.386693239212036,1.1806000471115112,1.734220027923584,1.8808000087738037,10.784899711608888,153.01699829101562,1.2775800228118896,12.037599563598633
2021-08-13,1.3811582326889038,1.1767699718475342,1.729099988937378,1.8812099695205688,10.746600151062012,152.46200561523438,1.2748899459838867,11.99250030517578
2021-08-16,1.3863856792449951,1.1750999689102173,1.7350000143051147,1.8818999528884888,10.787699699401855,151.95452880859375,1.269029974937439,11.974200248718262
2021-08-17,1.3842746019363403,1.1748000383377075,1.7396800518035889,1.885550022125244,10.77400016784668,151.25999450683594,1.262850046157837,11.968199729919434
2021-08-18,1.3740416765213013,1.1729999780654907,1.734820008277893,1.893249988555908,10.705300331115724,150.4969940185547,1.2567399740219116,12.036499977111816
2021-08-19,1.3743815422058103,1.1742500066757202,1.7401599884033203,1.9005399942398071,10.702489852905272,150.94700622558594,1.2609800100326538,12.005900382995604
2021-08-20,1.36308491230011,1.167240023612976,1.7487900257110596,1.9072400331497192,10.61680030822754,149.61000061035156,1.25246000289917,12.00179958343506
2021-08-23,1.3625277280807495,1.1643999814987185,1.7472399473190308,1.9084800481796265,10.614800453186035,149.61000061035156,1.2495900392532349,11.996399879455566
2021-08-24,1.37247633934021,1.1683199405670166,1.7360899448394775,1.9036099910736084,10.690899848937988,150.5030059814453,1.2517000436782837,11.956000328063965
2021-08-25,1.3725517988204956,1.1677199602127075,1.7287700176239014,1.8932100534439087,10.688159942626951,150.58799743652344,1.253250002861023,11.92169952392578
2021-08-26,1.3766520023345947,1.169160008430481,1.7326699495315552,1.8914999961853027,10.712980270385742,151.3679962158203,1.2575299739837646,11.953399658203123
2021-08-27,1.3702384233474731,1.165410041809082,1.7378100156784058,1.8926500082015991,10.66808032989502,150.76100158691406,1.257599949836731,11.926199913024902
2021-08-31,1.376045823097229,1.16621994972229,1.734529972076416,1.886929988861084,10.713600158691406,151.26199340820312,1.261680006980896,11.86520004272461
2021-09-01,1.3753398656845093,1.1644099950790403,1.7349400520324707,1.8792099952697752,10.695899963378906,151.3459930419922,1.2587100267410278,11.854499816894531
2021-09-02,1.3771638870239258,1.162700057029724,1.7375999689102173,1.869439959526062,10.708499908447266,151.58999633789062,1.260599970817566,11.86180019378662
2021-09-03,1.383680820465088,1.1651899814605713,1.7367600202560425,1.8702199459075928,10.75174045562744,152.11500549316406,1.2652599811553955,11.85949993133545
2021-09-06,1.3859245777130127,1.1659400463104248,1.7364699840545654,1.8614599704742432,10.769100189208984,152.11199951171875,1.2664200067520142,11.84340000152588
2021-09-07,1.3839489221572876,1.1654000282287598,1.734410047531128,1.8608200550079343,10.756500244140623,151.9770050048828,1.2660900354385376,11.840800285339355
2021-09-08,1.3779798746109009,1.1633700132369995,1.7424399852752686,1.8653199672698977,10.711999893188477,151.97000122070312,1.2668499946594238,11.837200164794922
2021-09-09,1.3767657279968262,1.164690017700195,1.7474100589752195,1.87007999420166,10.703510284423828,151.72999572753906,1.2690600156784058,11.871700286865234
2021-09-10,1.3839681148529053,1.1703599691390991,1.7523499727249146,1.8776999711990356,10.762689590454102,151.91000366210938,1.2683299779891968,11.91543960571289
2021-09-13,1.3840830326080322,1.17153000831604,1.7545900344848633,1.8787200450897217,10.763070106506348,152.10000610351562,1.2705999612808228,11.948100090026855
2021-09-14,1.3838149309158323,1.17139995098114,1.7501200437545776,1.8785200119018557,10.764699935913086,152.19700622558594,1.2760000228881836,11.902899742126465
2021-09-15,1.381024718284607,1.1699299812316897,1.752400040626526,1.8869999647140503,10.740799903869627,151.47000122070312,1.270490050315857,11.888799667358398
2021-09-16,1.3848881721496582,1.1716099977493286,1.747249960899353,1.8862600326538088,10.77495002746582,151.46600341796875,1.2735899686813354,11.881999969482422
2021-09-17,1.3797005414962769,1.1727099418640137,1.749619960784912,1.8921400308609009,10.738100051879885,151.3509979248047,1.2795100212097168,11.893500328063965
2021-09-20,1.3729662895202637,1.170300006866455,1.75246000289917,1.889919996261597,10.68319034576416,150.97900390625,1.279520034790039,11.908100128173828
2021-09-21,1.366269588470459,1.164929986000061,1.748960018157959,1.881809949874878,10.637860298156738,149.4949951171875,1.2673499584197998,11.846500396728516
2021-09-22,1.3657469749450684,1.1647000312805176,1.750830054283142,1.889780044555664,10.633099555969238,149.05352783203125,1.2612600326538086,11.865799903869627
2021-09-23,1.3617113828659058,1.1649399995803833,1.740839958190918,1.8824800252914429,10.600350379943848,149.52499389648438,1.2612600326538086,11.83769989013672
2021-09-24,1.3722503185272217,1.1686700582504272,1.737280011177063,1.8802000284194944,10.68136978149414,151.36599731445312,1.268630027770996,11.838700294494627
2021-09-27,1.3669044971466064,1.1657899618148804,1.7288800477981567,1.880929946899414,10.640589714050291,151.38999938964844,1.2634600400924685,11.80500030517578
2021-09-28,1.3701633214950562,1.1713199615478516,1.7297799587249756,1.881700038909912,10.662220001220703,152.01800537109375,1.2681399583816528,11.927800178527832
2021-09-29,1.354224443435669,1.1586999893188477,1.7165199518203735,1.8691999912261963,10.537400245666504,150.97999572753906,1.2580000162124634,11.822500228881836
2021-09-30,1.3426424264907837,1.157099962234497,1.7123700380325315,1.8702800273895264,10.45199966430664,150.27999877929688,1.2543400526046753,11.814499855041504
2021-10-01,1.346982717514038,1.1635700464248655,1.7081700563430786,1.863029956817627,10.485960006713867,150.11099243164062,1.255810022354126,11.801600456237791
2021-10-04,1.3570915460586548,1.169029951095581,1.7132099866867063,1.8651800155639648,10.563810348510742,150.54800415039062,1.2613500356674194,11.856499671936035
2021-10-05,1.3607479333877563,1.1712700128555298,1.7128599882125854,1.866039991378784,10.59564971923828,150.9759979248047,1.258470058441162,11.87559986114502
2021-10-06,1.3627691268920898,1.175029993057251,1.7144399881362915,1.8690999746322632,10.607680320739746,151.9029998779297,1.2649799585342407,11.910599708557127
2021-10-07,1.3592127561569214,1.176169991493225,1.7106000185012815,1.8666000366210935,10.581500053405762,151.41299438476562,1.2609100341796875,11.963800430297852
2021-10-08,1.3620266914367676,1.178130030632019,1.7087600231170654,1.861299991607666,10.60200023651123,152.05999755859375,1.264549970626831,11.959099769592283
2021-10-11,1.361655831336975,1.1771899461746216,1.6996899843215942,1.866479992866516,10.598509788513184,152.86199951171875,1.2632800340652466,11.904199600219728
2021-10-12,1.3590649366378784,1.1759999990463257,1.6961599588394165,1.8493900299072263,10.571599960327148,154.10000610351562,1.2604000568389893,11.919899940490724
2021-10-13,1.3578838109970093,1.1773699522018433,1.693809986114502,1.851040005683899,10.56464958190918,154.125,1.2632999420166016,11.92930030822754
2021-10-14,1.366923213005066,1.1785399913787842,1.700029969215393,1.8512400388717651,10.632189750671388,154.85899353027344,1.2630499601364136,11.873000144958496
2021-10-15,1.3668859004974363,1.1790000200271606,1.691290020942688,1.8434799909591677,10.632140159606934,155.57000732421875,1.2633700370788574,11.805800437927246
2021-10-18,1.376159429550171,1.1865299940109253,1.70264995098114,1.8533300161361697,10.70279026031494,157.3209991455078,1.270799994468689,11.843700408935549
2021-10-19,1.373645305633545,1.1826599836349487,1.6993499994277954,1.8522499799728391,10.68257999420166,156.97300720214844,1.2682000398635864,11.895299911499023
2021-10-20,1.3793197870254517,1.1854000091552734,1.7039799690246582,1.8449000120162964,10.72249984741211,157.9600067138672,1.2728899717330933,11.89840030670166
2021-10-21,1.3822999000549316,1.1858999729156494,1.7035000324249268,1.839050054550171,10.74403953552246,158.0959930419922,1.2698999643325806,11.870400428771973
2021-10-22,1.379120111465454,1.1862900257110596,1.7059799432754517,1.8478000164031985,10.722559928894045,157.00100708007812,1.2661800384521484,11.865099906921388
2021-10-25,1.3762730360031128,1.182270050048828,1.7024600505828855,1.842489957809448,10.696049690246582,156.3800048828125,1.261379957199097,11.812100410461426
2021-10-26,1.37644362449646,1.1855299472808838,1.7036499977111816,1.8370399475097656,10.699769973754885,156.57000732421875,1.2660499811172483,11.84529972076416
2021-10-27,1.3766140937805176,1.1869699954986572,1.7055799961090088,1.8321900367736816,10.703800201416016,157.1699981689453,1.2659000158309937,11.855799674987791
2021-10-28,1.3732868432998655,1.1837400197982788,1.698519945144653,1.83092999458313,10.680720329284668,156.2220001220703,1.2607300281524658,11.791199684143066
2021-10-29,1.380071759223938,1.1806999444961548,1.7031400203704834,1.8316199779510496,10.731300354003906,156.7169952392578,1.2575500011444092,11.74240016937256
2021-11-01,1.36832594871521,1.1838899850845337,1.694219946861267,1.8198599815368652,10.644829750061035,156.29600524902344,1.2534500360488892,11.762399673461914
2021-11-02,1.365541934967041,1.176900029182434,1.689460039138794,1.8155499696731567,10.625980377197266,155.7790069580078,1.2415800094604492,11.627400398254396
2021-11-03,1.3617392778396606,1.1756999492645264,1.6893999576568604,1.8309099674224856,10.595199584960938,155.1580047607422,1.2452000379562378,11.671600341796877
2021-11-04,1.3694878816604614,1.1788599491119385,1.6949100494384766,1.8333499431610107,10.657859802246094,156.18800354003906,1.247879981994629,11.678099632263184
2021-11-05,1.3508602380752563,1.1686999797821045,1.6817200183868408,1.8230899572372437,10.511199951171877,153.75900268554688,1.2323999404907229,11.592900276184082
2021-11-08,1.349127173423767,1.1660699844360352,1.6796300411224363,1.824049949645996,10.500149726867676,153.07699584960938,1.2302600145339966,11.556300163269045
2021-11-09,1.3564507961273191,1.170199990272522,1.6875499486923218,1.8291800022125244,10.56346035003662,153.60400390625,1.2386000156402588,11.630900382995604
2021-11-10,1.3560001850128174,1.1691999435424805,1.6862200498580933,1.8378700017929075,10.562640190124512,153.10000610351562,1.235260009765625,11.628000259399414
2021-11-11,1.3412736654281616,1.1676100492477417,1.6742199659347534,1.8282599449157717,10.448780059814451,152.73500061035156,1.230870008468628,11.66469955444336
2021-11-12,1.3366482257843018,1.1673599481582642,1.6819000244140625,1.832890033721924,10.412440299987791,152.3990020751953,1.2310800552368164,11.641799926757812
2021-11-15,1.341705560684204,1.1724900007247925,1.6829899549484253,1.8296200037002563,10.45287036895752,152.91099548339844,1.2356799840927124,11.750699996948242
2021-11-16,1.3408420085906982,1.1793999671936035,1.6777700185775757,1.8255200386047363,10.44260025024414,153.0,1.2406699657440186,11.804400444030762
2021-11-17,1.3424620628356934,1.1858999729156494,1.686859965324402,1.8385599851608276,10.454500198364258,154.24400329589844,1.2489500045776367,11.944499969482422
2021-11-18,1.34916353225708,1.1914000511169434,1.7008899450302124,1.855679988861084,10.505800247192385,154.0070037841797,1.2523599863052368,11.95009994506836
2021-11-19,1.3499648571014404,1.1871000528335571,1.7012499570846558,1.8550100326538088,10.513629913330078,154.25999450683594,1.249619960784912,11.965299606323242
2021-11-22,1.3434540033340454,1.1913299560546875,1.6997599601745603,1.8575799465179443,10.46562957763672,153.322998046875,1.2483400106430054,12.031399726867676
2021-11-23,1.3397642374038696,1.1916699409484863,1.701580047607422,1.853600025177002,10.436800003051758,153.77499389648438,1.249400019645691,12.04640007019043
2021-11-24,1.337595820426941,1.1893800497055054,1.6953099966049194,1.8518999814987185,10.42378044128418,153.99600219726562,1.2483899593353271,12.086299896240234
2021-11-25,1.333066701889038,1.1897799968719482,1.6875900030136108,1.8508299589157104,10.394269943237305,153.822998046875,1.2449599504470823,12.161399841308594
2021-11-26,1.331416130065918,1.1875,1.6857500076293943,1.855679988861084,10.37909984588623,153.177001953125,1.2449699640274048,12.12679958343506
2021-11-29,1.334098219871521,1.1812399625778198,1.69746994972229,1.8675600290298464,10.402400016784668,151.69900512695312,1.2330399751663208,12.201899528503418
2021-11-30,1.3315047025680542,1.178920030593872,1.6957600116729736,1.863070011138916,10.38397979736328,151.5050048828125,1.228600025177002,12.06429958343506
2021-12-01,1.3295927047729492,1.1733499765396118,1.69828999042511,1.86584997177124,10.365900039672852,150.6269989013672,1.2224199771881104,12.0
2021-12-02,1.3280000686645508,1.172600030899048,1.7007800340652466,1.8675999641418457,10.347379684448242,149.85000610351562,1.2222800254821775,12.06659984588623
2021-12-03,1.3299994468688965,1.1762299537658691,1.7041000127792358,1.8763400316238403,10.362199783325195,150.302001953125,1.2232099771499634,12.035499572753906
2021-12-06,1.3237318992614746,1.170740008354187,1.6963399648666382,1.8858699798583984,10.31721019744873,149.61099243164062,1.215620040893555,12.106499671936035
2021-12-07,1.326435923576355,1.1749999523162842,1.6923600435256958,1.8813600540161133,10.34611988067627,150.46499633789062,1.2272000312805176,12.060199737548828
2021-12-08,1.3246086835861206,1.1749199628829956,1.6748199462890625,1.8594800233840945,10.329059600830078,150.36000061035156,1.2244900465011597,12.04930019378662
2021-12-09,1.3210039138793943,1.164270043373108,1.6710799932479858,1.8424500226974487,10.299090385437012,150.1490020751953,1.2153899669647217,11.9306001663208
2021-12-10,1.3224014043807983,1.1705000400543213,1.6801600456237793,1.850200057029724,10.31011962890625,150.0050048828125,1.2214900255203247,11.985699653625488
2021-12-13,1.3257148265838623,1.171779990196228,1.6860899925231934,1.8497999906539917,10.33749008178711,150.45199584960938,1.2210400104522705,12.005200386047363
2021-12-14,1.3213530778884888,1.1709200143814087,1.6921900510787964,1.8526999950408936,10.307689666748049,150.06399536132812,1.2187000513076782,12.011899948120115
2021-12-15,1.323050618171692,1.17507004737854,1.7021199464797974,1.8621400594711304,10.31980037689209,150.46600341796875,1.2225300073623655,12.089500427246094
2021-12-16,1.3263126611709597,1.174530029296875,1.702299952507019,1.8503999710083008,10.347200393676758,151.36399841308594,1.2259199619293213,12.039600372314451
2021-12-17,1.3323739767074585,1.1753000020980835,1.702139973640442,1.8566099405288696,10.395859718322754,151.42300415039062,1.2239500284194946,12.032500267028809
2021-12-20,1.3229438066482544,1.1765199899673462,1.7062499523162842,1.858739972114563,10.321000099182127,150.16299438476562,1.2213599681854248,12.104499816894531
2021-12-21,1.3210004568099976,1.1712299585342407,1.7086100578308103,1.857830047607422,10.30270004272461,150.1320037841797,1.2174500226974487,12.078900337219238
2021-12-22,1.3269639015197754,1.1754100322723389,1.7144299745559692,1.8559999465942385,10.350119590759276,151.23399353027344,1.2245999574661257,12.11110019683838
2021-12-23,1.3352025747299194,1.1784600019454956,1.7154500484466553,1.8507299423217771,10.412489891052246,152.33299255371094,1.227270007133484,12.122599601745604
2021-12-24,1.3406623601913452,1.18340003490448,1.7184799909591677,1.8532600402832031,10.45419979095459,153.4320068359375,1.2315000295639038,12.16569995880127
2021-12-29,1.3433277606964111,1.1871000528335571,1.7213729619979858,1.8566410541534424,10.47439956665039,154.14999389648438,1.231850028038025,12.152099609375
2021-12-30,1.349879264831543,1.188040018081665,1.7251800298690796,1.8590999841690063,10.522459983825684,155.1199951171875,1.2332700490951538,12.181599617004396
2021-12-31,1.349837303161621,1.1917999982833862,1.719789981842041,1.861250042915344,10.524120330810549,155.29400634765625,1.2330700159072876,12.210599899291992
2022-01-04,1.3483266830444336,1.1924999952316284,1.7189600467681885,1.8734699487686155,10.512749671936035,155.48300170898438,1.238010048866272,12.270899772644045
2022-01-05,1.353143334388733,1.198699951171875,1.7188299894332886,1.8688700199127195,10.544119834899902,157.16299438476562,1.239449977874756,12.30720043182373
2022-01-06,1.3555645942687988,1.198099970817566,1.7294199466705322,1.8770500421524048,10.56470012664795,157.39700317382812,1.2434300184249878,12.352100372314451
2022-01-07,1.353363037109375,1.198050022125244,1.7226200103759766,1.8892300128936768,10.556110382080078,156.7899932861328,1.2468600273132324,12.37619972229004
2022-01-10,1.3592311143875122,1.1970100402832031,1.718850016593933,1.8931699991226196,10.598569869995115,157.13699340820312,1.248810052871704,12.309200286865234
2022-01-11,1.3580313920974731,1.198199987411499,1.7197500467300415,1.8911199569702148,10.585399627685549,156.5279998779297,1.258999943733215,12.35770034790039
2022-01-12,1.3633265495300293,1.1991000175476074,1.7144500017166138,1.8904999494552612,10.627400398254396,157.2209930419922,1.258870005607605,12.317700386047363
2022-01-13,1.3709993362426758,1.197849988937378,1.7136000394821167,1.8820899724960327,10.677599906921388,157.13499450683594,1.2526999711990356,12.258899688720703
2022-01-14,1.3713659048080444,1.1968799829483032,1.7150399684906006,1.8831599950790403,10.67770004272461,156.4770050048828,1.249269962310791,12.24209976196289
2022-01-17,1.367353081703186,1.1981899738311768,1.7147899866104126,1.8946199417114256,10.64268970489502,156.28199768066406,1.2503600120544434,12.340999603271484
2022-01-18,1.364800214767456,1.195989966392517,1.7078800201416016,1.8925100564956665,10.630990028381348,156.34500122070312,1.247249960899353,12.305700302124023
2022-01-19,1.3600261211395264,1.2003400325775146,1.6994099617004397,1.8919600248336792,10.596810340881348,155.78700256347656,1.247089982032776,12.416500091552734
2022-01-20,1.360858917236328,1.199560046195984,1.702239990234375,1.8857300281524656,10.60165023803711,155.59300231933594,1.24590003490448,12.399800300598145
2022-01-21,1.359767198562622,1.2017600536346436,1.6994400024414062,1.8839199542999268,10.585869789123535,154.9770050048828,1.2465900182724,12.539600372314451
2022-01-24,1.3555830717086792,1.1951500177383425,1.702620029449463,1.885794997215271,10.555489540100098,154.2310028076172,1.2369999885559082,12.46269989013672
2022-01-25,1.3489269018173218,1.1910500526428225,1.7027900218963623,1.8851399421691897,10.502300262451172,153.77499389648438,1.2328599691390991,12.493000030517578
2022-01-26,1.3510775566101074,1.194700002670288,1.7044299840927124,1.8866599798202517,10.516300201416016,153.83599853515625,1.2395999431610107,12.501500129699709
2022-01-27,1.3468012809753418,1.1979700326919556,1.7045700550079346,1.8910200595855713,10.485679626464844,154.48199462890625,1.2443000078201294,12.533499717712402
2022-01-28,1.3388315439224243,1.2011100053787231,1.7058700323104858,1.9023900032043457,10.427339553833008,154.38800048828125,1.246000051498413,12.570199966430664
2022-01-31,1.3403388261795044,1.2017300128936768,1.7100000381469729,1.9155000448226929,10.445070266723633,154.4759979248047,1.2479300498962402,12.628199577331545
2022-02-01,1.3445378541946411,1.1971700191497805,1.7096799612045288,1.9017000198364256,10.4824800491333,154.76499938964844,1.246340036392212,12.544099807739258
2022-02-02,1.352539300918579,1.199620008468628,1.7159700393676758,1.895609974861145,10.54074001312256,155.1540069580078,1.2454999685287476,12.513699531555176
2022-02-03,1.3565024137496948,1.2003599405288696,1.720770001411438,1.9046299457550049,10.573800086975098,155.1300048828125,1.2464100122451782,12.475899696350098
2022-02-04,1.359841227531433,1.188979983329773,1.723960041999817,1.903689980506897,10.596619606018066,156.3040008544922,1.251469969749451,12.36400032043457
2022-02-07,1.3533447980880735,1.1813199520111084,1.7247300148010254,1.9113099575042725,10.538909912109377,155.92300415039062,1.2518999576568604,12.3725004196167
2022-02-08,1.353780746459961,1.182800054550171,1.714400053024292,1.89900004863739,10.547459602355955,155.7480010986328,1.2494900226593018,12.350600242614746
2022-02-09,1.3547565937042236,1.1860899925231934,1.721119999885559,1.8957899808883667,10.557239532470703,156.4929962158203,1.253059983253479,12.371899604797363
2022-02-10,1.3533265590667725,1.1847699880599976,1.7152999639511108,1.8854000568389893,10.542920112609863,156.42599487304688,1.250640034675598,12.335700035095217
2022-02-11,1.3551788330078125,1.187190055847168,1.725250005722046,1.8920799493789673,10.56410026550293,157.23399353027344,1.2542099952697754,12.621700286865234
2022-02-14,1.3569625616073608,1.193869948387146,1.7263599634170532,1.8990999460220337,10.584429740905762,156.8280029296875,1.2547099590301514,12.624099731445312
2022-02-15,1.3532898426055908,1.1967999935150146,1.7222900390625,1.8972100019454956,10.558799743652344,156.33700561523438,1.250980019569397,12.700499534606934
2022-02-16,1.3541145324707031,1.1922099590301514,1.722749948501587,1.8940999507904053,10.5626802444458,156.55099487304688,1.2530200481414795,12.578700065612791
2022-02-17,1.3584926128387451,1.1942700147628784,1.724009990692139,1.8876999616622925,10.595199584960938,156.74000549316406,1.2520999908447266,12.601099967956545
2022-02-18,1.3618782758712769,1.1979899406433103,1.730139970779419,1.8940000534057615,10.620800018310549,156.39999389648438,1.25246000289917,12.712300300598145
2022-02-21,1.359342098236084,1.200950026512146,1.7338299751281738,1.8952529430389404,10.601280212402344,156.2480010986328,1.2516499757766724,12.779800415039062
2022-02-22,1.3596007823944092,1.2019000053405762,1.7337499856948853,1.8918299674987793,10.605199813842772,155.77200317382812,1.244740009307861,12.838700294494627
2022-02-23,1.3589357137680054,1.1993499994277954,1.7347300052642822,1.8802200555801392,10.600560188293455,156.39199829101562,1.2522000074386597,12.678899765014648
2022-02-24,1.3545730113983154,1.1979899406433103,1.7245700359344482,1.8738000392913816,10.571410179138184,155.61300659179688,1.2426400184631348,12.723899841308594
2022-02-25,1.337327480316162,1.1949100494384766,1.7126100063323977,1.867400050163269,10.439889907836914,154.5240020751953,1.2376999855041504,12.701499938964844
2022-02-28,1.337327480316162,1.195889949798584,1.7053600549697876,1.8606200218200684,10.439539909362791,154.552001953125,1.2390799522399902,12.746299743652344
2022-03-01,1.3422818183898926,1.1965999603271484,1.700070023536682,1.8483500480651855,10.48680019378662,154.45599365234375,1.2312999963760376,12.689800262451172
2022-03-02,1.3335111141204834,1.1977699995040894,1.6964600086212158,1.8363100290298464,10.42169952392578,153.1269989013672,1.2248400449752808,12.841819763183594
2022-03-03,1.33969247341156,1.205430030822754,1.694000005722046,1.8366199731826784,10.467100143432615,154.73300170898438,1.233060002326965,12.956199645996094
2022-03-04,1.3350956439971924,1.2059999704360962,1.6909799575805664,1.819540023803711,10.43292999267578,154.156005859375,1.2249399423599243,13.005999565124512
2022-03-07,1.3212482929229736,1.214859962463379,1.679669976234436,1.7865500450134275,10.323869705200195,151.85899353027344,1.215620040893555,13.107500076293944
2022-03-08,1.311229586601257,1.2066800594329834,1.6780999898910522,1.7890299558639526,10.25059986114502,151.27000427246094,1.2133599519729614,13.090299606323242
2022-03-09,1.3099292516708374,1.2018500566482544,1.6883599758148191,1.8020999431610107,10.241060256958008,151.57200622558594,1.2175500392913818,13.017000198364258
2022-03-10,1.3185653686523438,1.1905800104141235,1.6872899532318115,1.8018200397491455,10.307700157165527,152.8159942626953,1.2215499877929688,12.75979995727539
2022-03-11,1.3103240728378296,1.1896100044250488,1.671180009841919,1.7787200212478638,10.249540328979492,152.20899963378906,1.217650055885315,12.66670036315918
2022-03-14,1.3050298690795898,1.1936299800872805,1.6618599891662598,1.7883800268173218,10.215660095214844,153.36500549316406,1.219789981842041,12.68589973449707
2022-03-15,1.3011853694915771,1.188599944114685,1.6679400205612185,1.8069499731063845,10.185400009155272,153.76800537109375,1.2207200527191162,12.511099815368652
2022-03-16,1.304648518562317,1.1892399787902832,1.6654200553894043,1.8139599561691284,10.209980010986328,154.30299377441406,1.22707998752594,12.536700248718262
2022-03-17,1.3141123056411743,1.192139983177185,1.6666899919509888,1.8025599718093872,10.27593994140625,156.17100524902344,1.2369099855422974,12.384599685668944
2022-03-18,1.3160406351089478,1.185479998588562,1.6618800163269043,1.7825599908828735,10.28730010986328,155.88900756835938,1.231559991836548,12.386199951171877
2022-03-21,1.316083908081055,1.1916099786758425,1.658810019493103,1.7759100198745728,10.295599937438965,156.93699645996094,1.2276500463485718,12.397700309753418
2022-03-22,1.3168290853500366,1.1952799558639526,1.6575100421905518,1.780519962310791,10.304610252380373,157.4770050048828,1.2297500371932983,12.502099990844728
2022-03-23,1.3266470432281494,1.2027000188827517,1.6690200567245483,1.7775800228118896,10.382399559020996,160.95799255371094,1.2381700277328491,12.532999992370604
2022-03-24,1.3206027746200562,1.1997599601745603,1.6582200527191162,1.760890007019043,10.331080436706545,159.93800354003906,1.229099988937378,12.472200393676758
2022-03-25,1.3195745944976809,1.1984599828720093,1.65201997756958,1.7565200328826904,10.321399688720703,161.41700744628906,1.2264200448989868,12.403599739074709
2022-03-28,1.317627191543579,1.1994199752807615,1.6448299884796145,1.7522399425506592,10.31309986114502,161.05999755859375,1.2265000343322754,12.40089988708496
2022-03-29,1.3103584051132202,1.1918200254440308,1.6400400400161743,1.7470200061798096,10.257949829101562,162.01199340820312,1.2232099771499634,12.424200057983398
2022-03-30,1.3093804121017456,1.1803799867630005,1.6361099481582642,1.7421200275421145,10.249699592590332,161.197998046875,1.2190099954605105,12.208499908447266
2022-03-31,1.3138878345489502,1.176900029182434,1.639389991760254,1.7507699728012085,10.28159999847412,160.26300048828125,1.2123899459838867,12.149200439453123
2022-04-01,1.314699649810791,1.186900019645691,1.6426600217819214,1.7545000314712524,10.2979097366333,160.05799865722656,1.2136199474334717,12.34179973602295
2022-04-04,1.3103755712509155,1.186400055885315,1.6412700414657593,1.7502199411392212,10.265549659729004,160.6510009765625,1.2131999731063845,12.28159999847412
2022-04-05,1.3114582300186155,1.194759964942932,1.637369990348816,1.7382800579071045,10.273639678955078,161.00999450683594,1.2144900560379028,12.3548002243042
2022-04-06,1.3077365159988403,1.1989799737930298,1.6325000524520874,1.7237399816513062,10.243670463562012,161.6959991455078,1.215510010719299,12.323699951171877
2022-04-07,1.307206630706787,1.1991499662399292,1.6418100595474243,1.7413699626922607,10.242199897766112,161.68899536132812,1.219290018081665,12.39680004119873
2022-04-08,1.3069332838058472,1.2028199434280396,1.6448899507522583,1.7474700212478638,10.241049766540527,162.1719970703125,1.221150040626526,12.366299629211426
2022-04-11,1.303220272064209,1.1971399784088137,1.639080047607422,1.7499899864196775,10.214739799499512,162.08599853515625,1.2173999547958374,12.300000190734863
2022-04-12,1.3024225234985352,1.197100043296814,1.6460800170898438,1.7561999559402466,10.20699977874756,163.38999938964844,1.2129000425338743,12.384699821472168
2022-04-13,1.3002548217773438,1.2009400129318235,1.6424000263214111,1.744230031967163,10.19003963470459,163.0570068359375,1.2125699520111084,12.378899574279783
2022-04-14,1.312026023864746,1.203969955444336,1.648460030555725,1.760540008544922,10.283889770507812,164.46800231933594,1.225200057029724,12.42169952392578
2022-04-19,1.3009822368621826,1.2065600156784058,1.6391500234603882,1.7681399583816528,10.201120376586914,165.30999755859375,1.2288899421691897,12.48349952697754
2022-04-20,1.301371693611145,1.2055000066757202,1.6400699615478516,1.7598700523376465,10.204270362854004,168.28399658203125,1.238860011100769,12.403599739074709
2022-04-21,1.3068820238113403,1.2044299840927124,1.6317600011825562,1.7552800178527832,10.250359535217283,167.24600219726562,1.2402900457382202,12.343500137329102
2022-04-22,1.302626132965088,1.20209002494812,1.6397299766540527,1.76951003074646,10.217430114746094,167.23300170898438,1.2421799898147583,12.38599967956543
2022-04-25,1.2830876111984253,1.1867200136184692,1.6320699453353882,1.773360013961792,10.066670417785645,164.9949951171875,1.2259800434112549,12.215299606323242
2022-04-26,1.2739989757537842,1.188979983329773,1.6223900318145752,1.7745599746704102,9.996549606323242,162.7310028076172,1.220729947090149,12.372699737548828
2022-04-27,1.2583998441696167,1.1822099685668943,1.611299991607666,1.7615000009536743,9.871789932250977,160.13600158691406,1.2107199430465698,12.379300117492676
2022-04-28,1.2541857957839966,1.1881799697875977,1.607010006904602,1.7599899768829346,9.840530395507812,161.01699829101562,1.2147200107574463,12.342300415039062
2022-04-29,1.2463854551315308,1.1864999532699585,1.595770001411438,1.753100037574768,9.778679847717283,163.0050048828125,1.2111200094223022,12.314800262451172
2022-05-03,1.249828219413757,1.1891599893569946,1.6087499856948853,1.7729400396347046,9.807390213012695,162.5749969482422,1.2218199968338013,12.386699676513672
2022-05-04,1.2500405311584473,1.187440037727356,1.604140043258667,1.7599400281906128,9.808839797973633,162.63600158691406,1.2233699560165403,12.333100318908691
2022-05-05,1.261813759803772,1.1878399848937988,1.606879949569702,1.7395100593566897,9.901920318603516,163.0229949951172,1.227810025215149,12.286999702453612
2022-05-06,1.2364147901535034,1.1729799509048462,1.5855000019073486,1.736199975013733,9.70400047302246,161.1009979248047,1.2179399728775024,12.2947998046875
2022-05-09,1.2326656579971311,1.1702500581741333,1.5922199487686155,1.7495399713516235,9.67492961883545,161.1529998779297,1.219380021095276,12.29069995880127
2022-05-10,1.2338824272155762,1.1677099466323853,1.6048200130462646,1.773360013961792,9.684269905090332,160.8419952392578,1.2249699831008911,12.44569969177246
2022-05-11,1.2309207916259766,1.168779969215393,1.603700041770935,1.774829983711243,9.661069869995115,160.42100524902344,1.225419998168945,12.397600173950195
2022-05-12,1.2234212160110474,1.1636899709701538,1.5896400213241575,1.7657500505447388,9.602849960327148,158.8159942626953,1.2165000438690186,12.32900047302246
2022-05-13,1.220613718032837,1.1756000518798828,1.589020013809204,1.7756199836730957,9.58018970489502,156.9080047607422,1.2240500450134275,12.393799781799316
2022-05-16,1.2258507013320925,1.1785399913787842,1.5820800065994265,1.764680027961731,9.621930122375488,158.64300537109375,1.2284799814224243,12.340800285339355
2022-05-17,1.2324832677841189,1.1805299520492554,1.5837299823760986,1.767449975013733,9.673830032348633,158.8800048828125,1.2343699932098389,12.39430046081543
2022-05-18,1.2484394311904907,1.1835800409317017,1.5990400314331057,1.7757500410079956,9.79977035522461,161.58999633789062,1.2407900094985962,12.390199661254885
2022-05-19,1.2345831394195557,1.178730010986328,1.590459942817688,1.7739499807357788,9.68887996673584,157.8699951171875,1.2182400226593018,12.402299880981444
2022-05-20,1.2462146282196045,1.1779099702835083,1.5974600315093994,1.7695599794387815,9.779129981994627,159.2790069580078,1.211400032043457,12.36769962310791
2022-05-23,1.2504063844680786,1.1828800439834597,1.602220058441162,1.7702699899673462,9.812529563903809,159.9149932861328,1.2190300226211548,12.420499801635742
2022-05-24,1.256754994392395,1.176419973373413,1.6067099571228027,1.772699952125549,9.863670349121094,160.63999938964844,1.213770031929016,12.34850025177002
2022-05-25,1.2542959451675415,1.1680999994277954,1.608060002326965,1.7652000188827517,9.843480110168455,158.97000122070312,1.2043399810791016,12.233699798583984
2022-05-26,1.258610486984253,1.1775799989700315,1.6132899522781372,1.7749199867248535,9.877889633178713,160.00799560546875,1.2100399732589722,12.405400276184082
2022-05-27,1.261734127998352,1.1754599809646606,1.611449956893921,1.7769999504089355,9.902600288391112,160.2689971923828,1.20933997631073,12.438199996948242
2022-05-30,1.262833595275879,1.1766300201416016,1.606619954109192,1.7632999420166016,9.911100387573242,160.72300720214844,1.209480047225952,12.401300430297852
2022-05-31,1.264702081680298,1.173799991607666,1.6003400087356567,1.7573200464248655,9.924830436706545,161.59500122070312,1.211740016937256,12.33530044555664
2022-06-01,1.2608909606933594,1.1745699644088743,1.5932899713516235,1.7550899982452393,9.893619537353516,162.26499938964844,1.2094199657440186,12.311599731445312
2022-06-06,1.249230146408081,1.1645900011062622,1.5719900131225586,1.7337499856948853,9.800180435180664,163.26800537109375,1.2020000219345093,12.196000099182127
2022-06-07,1.2523481845855713,1.1711000204086304,1.5755200386047363,1.742069959640503,9.825519561767578,165.5189971923828,1.2164100408554075,12.26830005645752
2022-06-08,1.2587324380874634,1.176609992980957,1.5778700113296509,1.7431299686431885,9.874409675598145,167.20199584960938,1.2252800464630127,12.337300300598145
2022-06-09,1.254028558731079,1.169700026512146,1.5736000537872314,1.7439500093460083,9.840490341186523,168.56300354003906,1.2269200086593628,12.32129955291748
2022-06-10,1.249297261238098,1.1763399839401243,1.5868099927902222,1.7600799798965454,9.804699897766112,167.8990020751953,1.2247799634933472,12.380970001220703
2022-06-13,1.2274909019470217,1.170050024986267,1.5707099437713623,1.7488399744033811,9.63403034210205,165.46499633789062,1.214400053024292,12.341400146484377
2022-06-14,1.2144765853881836,1.165969967842102,1.5652899742126465,1.749459981918335,9.532509803771973,162.97999572753906,1.210379958152771,12.377300262451172
2022-06-15,1.201258897781372,1.150629997253418,1.5547000169754028,1.7436800003051758,9.428179740905762,162.49600219726562,1.2005399465560913,12.223199844360352
2022-06-16,1.2174336910247805,1.1642099618911743,1.5671000480651855,1.7349400520324707,9.554439544677734,163.24000549316406,1.2106800079345703,12.376700401306152
2022-06-17,1.2354830503463743,1.1712100505828855,1.6000800132751465,1.7544599771499634,9.694700241088867,163.5850067138672,1.194200038909912,12.534600257873535
2022-06-20,1.2228227853775024,1.1653900146484375,1.58951997756958,1.758810043334961,9.597729682922363,165.4010009765625,1.1854699850082395,12.446700096130373
2022-06-21,1.225174903869629,1.1644999980926514,1.5902999639511108,1.7575900554656982,9.616999626159668,165.48800659179688,1.184880018234253,12.387100219726562
2022-06-22,1.2266627550125122,1.1644999980926514,1.5857399702072144,1.7614200115203855,9.627989768981934,167.1020050048828,1.1848599910736084,12.396200180053713
2022-06-23,1.225084900856018,1.1596399545669556,1.587980031967163,1.7740299701690674,9.61540985107422,166.58399963378906,1.1781400442123413,12.378100395202637
2022-06-24,1.2260762453079224,1.1653300523757937,1.5919500589370728,1.775820016860962,9.622599601745604,165.28399658203125,1.1785199642181396,12.477800369262695
2022-06-27,1.228244662284851,1.1622899770736694,1.5839500427246094,1.76882004737854,9.639860153198242,165.8730010986328,1.1756700277328491,12.42549991607666
2022-06-28,1.2267379760742188,1.159000039100647,1.5781999826431274,1.7714999914169312,9.625069618225098,166.1199951171875,1.1729999780654907,12.370599746704102
2022-06-29,1.218976974487305,1.158229947090149,1.5690100193023682,1.7652299404144287,9.563050270080566,165.79800415039062,1.166100025177002,12.373499870300291
2022-06-30,1.2131799459457395,1.16103994846344,1.5625900030136108,1.7630499601364136,9.516369819641112,165.66299438476562,1.1573200225830078,12.41230010986328
2022-07-01,1.2160863876342771,1.1605099439620972,1.5654089450836182,1.7627500295639038,9.542699813842772,165.0919952392578,1.1612900495529177,12.44279956817627
2022-07-04,1.2102727890014648,1.1598299741744995,1.5594700574874878,1.7753000259399414,9.494500160217283,163.4219970703125,1.1600500345230105,12.471199989318848
2022-07-05,1.211445689201355,1.1610100269317627,1.5574400424957275,1.7622599601745603,9.503870010375977,164.52499389648438,1.1639100313186646,12.516400337219238
2022-07-06,1.19491446018219,1.1647299528121948,1.5573300123214722,1.7588499784469604,9.374750137329102,161.89999389648438,1.157189965248108,12.56470012664795
2022-07-07,1.1923214197158811,1.1706199645996094,1.5539100170135498,1.757349967956543,9.35496997833252,162.0800018310547,1.1566100120544434,12.564499855041504
2022-07-08,1.2028049230575562,1.1828099489212036,1.5594899654388428,1.75600004196167,9.438179969787598,163.44200134277344,1.171149969100952,12.651599884033203
2022-07-11,1.2016630172729492,1.181879997253418,1.5556399822235107,1.7551599740982056,9.430520057678224,163.7689971923828,1.1747599840164185,12.660400390625
2022-07-12,1.1900936365127563,1.1843299865722656,1.546339988708496,1.7647099494934082,9.339400291442873,163.49000549316406,1.1694300174713137,12.655099868774414
2022-07-13,1.1877753734588623,1.183940052986145,1.5476399660110474,1.760210037231445,9.322540283203123,162.37100219726562,1.166059970855713,12.568499565124512
2022-07-14,1.186380386352539,1.1823500394821167,1.542080044746399,1.7619199752807615,9.31085968017578,163.24200439453125,1.1633399724960327,12.558500289916992
2022-07-15,1.1839643716812134,1.1806000471115112,1.5517799854278564,1.7525399923324585,9.292810440063477,164.51499938964844,1.163599967956543,12.516599655151367
2022-07-18,1.1888344287872314,1.1773699522018433,1.5464400053024292,1.7447999715805054,9.33102035522461,164.4149932861328,1.159600019454956,12.439499855041504
2022-07-19,1.194828748703003,1.177590012550354,1.5503900051116943,1.7543599605560305,9.378129959106444,165.10299682617188,1.1677199602127075,12.417499542236328
2022-07-20,1.2003505229949951,1.1730600595474243,1.5446200370788574,1.7401299476623535,9.421369552612305,165.85899353027344,1.1627399921417236,12.271900177001951
2022-07-21,1.1971746683120728,1.175469994544983,1.541949987411499,1.7379499673843384,9.394399642944336,165.6529998779297,1.1627999544143677,12.26710033416748
2022-07-22,1.1996161937713623,1.1735299825668335,1.544819951057434,1.7326300144195557,9.414469718933104,164.447998046875,1.159000039100647,12.22920036315918
2022-07-25,1.1986957788467407,1.1750099658966064,1.549049973487854,1.7357699871063232,9.407859802246094,163.37399291992188,1.1544599533081057,12.260499954223633
2022-07-26,1.2055164575576782,1.179029941558838,1.5485999584197998,1.7338000535964966,9.46111011505127,164.44900512695312,1.1622400283813477,12.27910041809082
2022-07-27,1.2036880254745483,1.1881599426269531,1.5494500398635864,1.7324399948120115,9.447059631347656,164.8509979248047,1.1580599546432495,12.410400390625
2022-07-28,1.2163082361221311,1.1916099786758425,1.5587199926376345,1.7386000156402588,9.545989990234377,165.5229949951172,1.165310025215149,12.428600311279297
2022-07-29,1.2173447608947754,1.194249987602234,1.5589200258255005,1.7393100261688232,9.554630279541016,163.57699584960938,1.161810040473938,12.42990016937256
2022-08-01,1.2167373895645142,1.1919900178909302,1.5591700077056885,1.7452600002288818,9.549790382385254,162.27999877929688,1.1592999696731567,12.372699737548828
2022-08-02,1.2254151105880735,1.194100022315979,1.57368004322052,1.7441699504852295,9.618399620056152,161.17799377441406,1.1641700267791748,12.398300170898438
2022-08-03,1.214299559593201,1.195539951324463,1.5646599531173706,1.762060046195984,9.530710220336914,161.9429931640625,1.163640022277832,12.451899528503418
2022-08-04,1.2138278484344482,1.1948800086975098,1.5600500106811523,1.7490999698638916,9.526800155639648,162.58999633789062,1.1666100025177002,12.402299880981444
2022-08-05,1.215849757194519,1.1862900257110596,1.5646100044250488,1.7467800378799438,9.542610168457031,161.22799682617188,1.1598999500274658,12.286199569702148
2022-08-08,1.2059526443481443,1.1855000257492063,1.5608999729156494,1.7470099925994873,9.465900421142578,162.85899353027344,1.1603200435638428,12.305999755859377
2022-08-09,1.208473801612854,1.1849499940872192,1.5535600185394287,1.728950023651123,9.485269546508787,162.93299865722656,1.1536600589752195,12.251999855041504
2022-08-10,1.207423210144043,1.1821000576019287,1.5550999641418457,1.7354899644851685,9.474599838256836,163.1919403076172,1.151729941368103,12.272700309753418
2022-08-11,1.2212995290756226,1.185539960861206,1.5595500469207764,1.723729968070984,9.579899787902832,162.17999267578125,1.1506600379943848,12.270400047302246
2022-08-12,1.2196162939071655,1.1814899444580078,1.5564899444580078,1.7166999578475952,9.564020156860352,162.14500427246094,1.1481000185012815,12.26959991455078
2022-08-15,1.2127974033355713,1.1825400590896606,1.549780011177063,1.7040799856185913,9.506030082702637,161.63699340820312,1.1421300172805786,12.375499725341797
2022-08-16,1.205690860748291,1.1863199472427368,1.555690050125122,1.717020034790039,9.448699951171877,160.51300048828125,1.1404000520706177,12.46909999847412
2022-08-17,1.209818959236145,1.1893999576568604,1.5536799430847168,1.7231999635696411,9.485289573669434,162.44647216796875,1.1487200260162354,12.50790023803711
2022-08-18,1.2045146226882937,1.1833499670028689,1.555590033531189,1.7377400398254397,9.443900108337402,162.50900268554688,1.145740032196045,12.51580047607422
2022-08-19,1.193274736404419,1.1825300455093384,1.544600009918213,1.7263100147247314,9.358630180358888,162.00999450683594,1.1412999629974363,12.53660011291504
2022-08-22,1.1818095445632937,1.177549958229065,1.5357999801635742,1.7183500528335571,9.27180004119873,161.9409942626953,1.1330000162124634,12.520700454711914
2022-08-23,1.1766505241394043,1.1836800575256348,1.5351699590682983,1.710309982299805,9.230999946594238,161.8470001220703,1.134660005569458,12.597999572753906
2022-08-24,1.18327796459198,1.186869978904724,1.5329500436782837,1.7090599536895752,9.282400131225586,161.74400329589844,1.1408699750900269,12.574799537658691
2022-08-25,1.1791757345199585,1.1827800273895264,1.5292400121688845,1.7071499824523926,9.25100040435791,161.62899780273438,1.1394799947738647,12.51010036468506
2022-08-26,1.1824007034301758,1.185670018196106,1.529360055923462,1.6974999904632568,9.27589988708496,161.4499969482422,1.1391500234603882,12.510000228881836
2022-08-30,1.172250509262085,1.1708500385284424,1.52400004863739,1.6969200372695925,9.198040008544922,162.4510040283203,1.1337499618530271,12.486300468444824
2022-08-31,1.1659767627716064,1.1629400253295898,1.525879979133606,1.700039982795715,9.150779724121094,161.72799682617188,1.135390043258667,12.439900398254396
2022-09-01,1.1598505973815918,1.1551799774169922,1.5238399505615234,1.698269963264465,9.101469993591309,161.52999877929688,1.1354800462722778,12.38290023803711
2022-09-02,1.154894471168518,1.160290002822876,1.518049955368042,1.6992700099945068,9.062569618225098,161.75799560546875,1.1331000328063965,12.457799911499023
2022-09-05,1.1474601030349731,1.1578500270843506,1.5079200267791748,1.689769983291626,9.005000114440918,161.18800354003906,1.128250002861023,12.426899909973145
2022-09-06,1.156644344329834,1.1619999408721924,1.51842999458313,1.697909951210022,9.075400352478027,162.39999389648438,1.1317299604415894,12.464300155639648
2022-09-07,1.151185154914856,1.162919998168945,1.5137200355529783,1.7100600004196167,9.03530979156494,164.77699279785156,1.133239984512329,12.43630027770996
2022-09-08,1.1519808769226074,1.152340054512024,1.5123000144958496,1.7061400413513184,9.041319847106934,166.01300048828125,1.1252700090408323,12.330400466918944
2022-09-09,1.1521600484848022,1.1505000591278076,1.5066499710083008,1.7024999856948853,9.042099952697754,165.69000244140625,1.1157000064849854,12.320500373840332
2022-09-12,1.16193950176239,1.1535799503326416,1.5126999616622925,1.6970000267028809,9.11709976196289,165.6699981689453,1.1152399778366089,12.291500091552734
2022-09-13,1.1689754724502563,1.1539100408554075,1.516759991645813,1.6951299905776978,9.173999786376951,166.66000366210938,1.113569974899292,12.244600296020508
2022-09-14,1.1506155729293823,1.1527899503707886,1.5139199495315552,1.705880045890808,9.030879974365234,166.13699340820312,1.1047099828720093,12.293399810791016
2022-09-15,1.1544944047927856,1.1563700437545776,1.5189000368118286,1.7096500396728516,9.060270309448242,164.96600341796875,1.110419988632202,12.342100143432615
2022-09-16,1.1452654600143433,1.1464300155639648,1.5172200202941897,1.712299942970276,8.988380432128906,164.16900634765625,1.1014200448989868,12.302200317382812
2022-09-20,1.1443217992782593,1.1408300399780271,1.5151000022888184,1.6986500024795532,8.980250358581543,163.8769989013672,1.1031299829483032,12.316100120544434
2022-09-21,1.138057827949524,1.1412700414657593,1.5209100246429443,1.6998399496078491,8.932169914245605,163.41200256347656,1.096709966659546,12.395600318908691
2022-09-22,1.1255937814712524,1.1448400020599363,1.5167700052261353,1.702489972114563,8.833800315856934,162.4080047607422,1.0893499851226809,12.485899925231934
2022-09-23,1.126417875289917,1.144700050354004,1.5172799825668335,1.694640040397644,8.840649604797363,160.26600646972656,1.098760008811951,12.463600158691406
2022-09-26,1.0797386169433594,1.114429950714111,1.4660199880599976,1.652959942817688,8.47346019744873,154.91700744628906,1.0604900121688845,12.196999549865724
2022-09-27,1.077284336090088,1.1191999912261963,1.476639986038208,1.6637200117111206,8.45380973815918,155.58099365234375,1.0683900117874146,12.193099975585938
2022-09-28,1.072754144668579,1.1176300048828125,1.4717400074005127,1.6664199829101562,8.418660163879395,155.18299865722656,1.0635700225830078,12.18570041656494
2022-09-29,1.0835996866226196,1.1159100532531738,1.4762799739837646,1.6654900312423706,8.50333023071289,156.43499755859375,1.0591200590133667,12.161800384521484
2022-09-30,1.1169440746307373,1.1360700130462646,1.5270500183105469,1.7154300212860107,8.765600204467773,161.28700256347656,1.0886800289154053,12.437100410461426
2022-10-03,1.114057183265686,1.1373399496078491,1.5355700254440308,1.7349599599838257,8.74209976196289,161.2899932861328,1.0977799892425537,12.36680030822754
2022-10-04,1.1334141492843628,1.152609944343567,1.5442399978637695,1.7428900003433228,8.895899772644043,163.7779998779297,1.1247400045394895,12.47249984741211
2022-10-05,1.1451343297958374,1.146780014038086,1.546149969100952,1.7575900554656982,8.987770080566406,164.625,1.120569944381714,12.416600227355955
2022-10-06,1.13553786277771,1.1455600261688232,1.5439499616622925,1.7430299520492554,8.91193962097168,164.0019989013672,1.1140400171279907,12.401900291442873
2022-10-07,1.1162084341049194,1.1400799751281738,1.5336099863052368,1.7399200201034546,8.760470390319824,161.86599731445312,1.1049699783325195,12.439499855041504
2022-10-10,1.1072726249694824,1.1372400522232056,1.5202699899673462,1.7406599521636963,8.690329551696777,161.0800018310547,1.1010799407958984,12.428899765014648
2022-10-11,1.107640504837036,1.140529990196228,1.5255099534988403,1.7593899965286257,8.693340301513672,161.3260040283203,1.106950044631958,12.50790023803711
2022-10-12,1.0967799425125122,1.1304999589920044,1.5124000310897827,1.7500200271606443,8.608010292053223,159.9600067138672,1.0939199924468994,12.444700241088867
2022-10-13,1.11055588722229,1.1437699794769287,1.5340499877929688,1.768929958343506,8.715909957885742,162.9149932861328,1.107409954071045,12.578900337219238
2022-10-14,1.1303905248641968,1.156790018081665,1.5551700592041016,1.794510006904602,8.871749877929688,166.45799255371094,1.1318600177764893,12.711999893188477
2022-10-17,1.124416708946228,1.1543200016021729,1.557629942893982,1.8070000410079956,8.824729919433594,167.09800720214844,1.1283700466156006,12.674699783325195
2022-10-18,1.1353960037231443,1.1532000303268433,1.556399941444397,1.8025000095367432,8.910530090332031,169.11199951171875,1.1302200555801392,12.64490032196045
2022-10-19,1.134429931640625,1.1499099731445312,1.55663001537323,1.795609951019287,8.902970314025879,169.24099731445312,1.1269899606704712,12.563799858093262
2022-10-20,1.1211013793945312,1.147729992866516,1.5438300371170044,1.7893199920654297,8.79856014251709,167.93899536132812,1.1261800527572632,12.583999633789062
2022-10-21,1.1221455335617063,1.147379994392395,1.5452899932861328,1.7878400087356567,8.806170463562012,168.49400329589844,1.126170039176941,12.653499603271484
2022-10-24,1.1344685554504397,1.1504100561141968,1.5478800535202026,1.7800300121307373,8.9037504196167,167.6699981689453,1.1318999528884888,12.690699577331545
2022-10-25,1.1307740211486816,1.1436200141906738,1.5484299659729004,1.7862399816513062,8.875109672546387,168.33999633789062,1.1298199892044067,12.59060001373291
2022-10-26,1.146223783493042,1.1502799987792969,1.560610055923462,1.7947900295257568,8.996299743652344,169.5989990234375,1.1400099992752075,12.572999954223633
2022-10-27,1.1638191938400269,1.1530799865722656,1.5769799947738647,1.792050004005432,9.134050369262695,170.052001953125,1.1462299823760986,12.615799903869627
2022-10-28,1.1566041707992554,1.1601799726486206,1.568519949913025,1.7926900386810305,9.077569961547852,169.1320037841797,1.1452699899673462,12.670299530029297
2022-10-31,1.159595012664795,1.164639949798584,1.577720046043396,1.811269998550415,9.100110054016112,171.37600708007812,1.1552599668502808,12.714099884033203
2022-11-01,1.146815299987793,1.159909963607788,1.5608500242233276,1.7890299558639526,9.001090049743652,170.55099487304688,1.1481800079345703,12.642499923706056
2022-11-02,1.1489498615264893,1.162999987602234,1.5645699501037598,1.7959500551223757,9.01764965057373,169.92599487304688,1.1483700275421145,12.656100273132324
2022-11-03,1.1384334564208984,1.159500002861023,1.5611900091171265,1.7955399751663208,8.936100006103516,168.33900451660156,1.1420199871063232,12.657400131225586
2022-11-04,1.1171187162399292,1.145650029182434,1.5349700450897217,1.776239991188049,8.768400192260742,165.7429962158203,1.1319799423217771,12.497699737548828
2022-11-07,1.1331573724746704,1.141160011291504,1.5309799909591677,1.7596039772033691,8.893730163574219,166.375,1.1293400526046753,12.386699676513672
2022-11-08,1.1517950296401978,1.149500012397766,1.5540000200271606,1.778730034828186,9.040220260620115,168.83799743652344,1.1388800144195557,12.489700317382812
2022-11-09,1.1552680730819702,1.1458499431610107,1.5492199659347534,1.7744100093841553,9.066610336303713,167.80599975585938,1.1371300220489502,12.414600372314451
2022-11-10,1.1368157863616943,1.134469985961914,1.5370800495147705,1.7671799659729004,8.922220230102539,166.14999389648438,1.1177899837493896,12.35949993133545
2022-11-11,1.1695632934570312,1.1473699808120728,1.5588799715042114,1.7700300216674805,9.17360019683838,165.70599365234375,1.1285300254821775,12.391799926757812
2022-11-14,1.1799131631851196,1.1422499418258667,1.568600058555603,1.7612199783325195,9.244839668273926,164.63999938964844,1.1137700080871582,12.264200210571287
2022-11-15,1.175249695777893,1.1385799646377563,1.565600037574768,1.755660057067871,9.206500053405762,164.6269989013672,1.1083600521087646,12.32830047607422
2022-11-16,1.1880435943603516,1.1468000411987305,1.5767899751663208,1.754639983177185,9.288979530334473,165.0679931640625,1.1200900077819824,12.42739963531494
2022-11-17,1.191525936126709,1.1461800336837769,1.5886900424957275,1.7677500247955322,9.321319580078123,165.97799682617188,1.1250900030136108,12.490300178527832
2022-11-18,1.1860145330429075,1.1444499492645264,1.579859972000122,1.77252995967865,9.280940055847168,166.50799560546875,1.1299699544906616,12.574199676513672
2022-11-21,1.1886366605758667,1.1503000259399414,1.5896899700164795,1.7784899473190308,9.292380332946776,166.67799377441406,1.1328999996185305,12.626099586486816
2022-11-22,1.1827600002288818,1.154189944267273,1.5901299715042114,1.789520025253296,9.228520393371582,168.0290069580078,1.1334500312805176,12.658699989318848
2022-11-23,1.1894567012786863,1.15339994430542,1.5891799926757812,1.7885500192642212,9.296449661254885,167.87600708007812,1.1311800479888916,12.643500328063965
2022-11-24,1.2073503732681274,1.1588399410247805,1.6105300188064575,1.7899500131607056,9.436960220336914,168.11099243164062,1.1357500553131104,12.59179973602295
2022-11-25,1.2113430500030518,1.163640022277832,1.6148600578308103,1.7899099588394165,9.4541597366333,167.86599731445312,1.1424399614334106,12.591699600219728
2022-11-28,1.2054728269577026,1.1625800132751465,1.616260051727295,1.7958199977874756,9.411609649658203,167.98599243164062,1.1418800354003906,12.602499961853027
2022-11-29,1.1960291862487793,1.156149983406067,1.61326003074646,1.7974900007247925,9.344759941101074,165.8939971923828,1.134559988975525,12.615300178527832
2022-11-30,1.1946860551834106,1.1570600271224976,1.6222000122070312,1.7868800163269043,9.330639839172363,165.74400329589844,1.139870047569275,12.65590000152588
2022-12-01,1.207749843597412,1.1579999923706057,1.619480013847351,1.775689959526062,9.42389965057373,165.83999633789062,1.139639973640442,12.649999618530272
2022-12-02,1.2259259223937988,1.1642500162124634,1.6468700170516968,1.799739956855774,9.535889625549316,165.66200256347656,1.1477500200271606,12.619799613952637
2022-12-05,1.2297248840332031,1.1660499572753906,1.653290033340454,1.8047000169754028,9.57190990447998,165.00999450683594,1.151360034942627,12.682600021362305
2022-12-06,1.2192445993423462,1.1613800525665283,1.6565699577331543,1.8181500434875488,9.47117042541504,166.59100341796875,1.1487900018692017,12.683799743652344
2022-12-07,1.213300704956055,1.1589800119400024,1.6557199954986572,1.811079978942871,9.43301010131836,166.05599975585938,1.1427500247955322,12.630800247192385
2022-12-08,1.2212398052215576,1.1613999605178833,1.6669299602508545,1.8151799440383911,9.514169692993164,166.51800537109375,1.148229956626892,12.673999786376951
2022-12-09,1.2236007452011108,1.1587899923324585,1.663540005683899,1.805340051651001,9.522669792175291,167.1199951171875,1.144919991493225,12.62969970703125
2022-12-12,1.2239153385162354,1.1629799604415894,1.6710100173950195,1.8045599460601809,9.52853012084961,167.29600524902344,1.1441700458526611,12.643799781799316
2022-12-13,1.2270842790603638,1.1638599634170532,1.6720900535583496,1.8167200088500977,9.539799690246582,168.68699645996094,1.1480000019073486,12.667099952697754
2022-12-14,1.235666275024414,1.1624000072479248,1.674530029296875,1.805649995803833,9.605799674987791,167.50900268554688,1.1476900577545166,12.623900413513184
2022-12-15,1.2419428825378418,1.1631100177764893,1.6823300123214722,1.8106499910354616,9.654109954833984,168.07699584960938,1.147729992866516,12.621500015258787
2022-12-16,1.2189176082611084,1.1458200216293335,1.664680004119873,1.8176000118255615,9.476030349731444,167.87399291992188,1.1307499408721924,12.605299949645996
2022-12-19,1.2160272598266602,1.1486599445343018,1.6632000207901,1.8181300163269043,9.457880020141602,166.04800415039062,1.1363199949264526,12.498600006103516
2022-12-20,1.2153326272964478,1.1450599431991575,1.657539963722229,1.812209963798523,9.452460289001465,166.45899963378906,1.128309965133667,12.621600151062012
2022-12-21,1.2189176082611084,1.1469899415969849,1.6575900316238403,1.8222500085830688,9.491499900817873,160.73699951171875,1.1286699771881104,12.69569969177246
2022-12-22,1.2077397108078003,1.1383099555969238,1.643880009651184,1.7983499765396118,9.410490036010742,159.84300231933594,1.1186000108718872,12.576800346374512
2022-12-23,1.203992486000061,1.1353000402450562,1.6416499614715576,1.8022799491882324,9.38290023803711,159.32000732421875,1.120460033416748,12.593500137329102
2022-12-28,1.2027326822280884,1.1304700374603271,1.6258000135421753,1.7871999740600586,9.37969970703125,160.51699829101562,1.1173499822616575,12.589900016784668
2022-12-29,1.2028483152389526,1.1314899921417236,1.6350599527359009,1.7822699546813965,9.37462043762207,161.197998046875,1.1156500577926636,12.579700469970703
2022-12-30,1.2056326866149902,1.1307499408721924,1.6332999467849731,1.781309962272644,9.394610404968262,160.2259979248047,1.1123000383377075,12.600199699401855
2023-01-03,1.206287145614624,1.1296000480651855,1.6354700326919556,1.7723400592803955,9.414199829101562,157.7570037841797,1.1143499612808228,12.600700378417969
2023-01-04,1.1969740390777588,1.1347099542617798,1.6361900568008425,1.7792999744415283,9.349740028381348,157.07400512695312,1.1201599836349487,12.64430046081543
2023-01-05,1.2057054042816162,1.136579990386963,1.6257100105285645,1.7651100158691406,9.42230987548828,159.4290008544922,1.1205500364303589,12.663599967956545
2023-01-06,1.1912277936935425,1.1318399906158447,1.614590048789978,1.762910008430481,9.302929878234863,158.75900268554688,1.114789962768555,12.721699714660645
2023-01-09,1.2116365432739258,1.1368399858474731,1.6276099681854248,1.7573000192642212,9.457369804382324,159.74400329589844,1.1228100061416626,12.739399909973145
2023-01-10,1.2184869050979614,1.1348999738693235,1.631780028343201,1.7630000114440918,9.507800102233888,160.48899841308594,1.121870040893555,12.667799949645996
2023-01-11,1.2154507637023926,1.1316900253295898,1.6325700283050537,1.762869954109192,9.488340377807615,160.5070037841797,1.1210099458694458,12.655799865722656
2023-01-12,1.215953350067139,1.1292099952697754,1.632390022277832,1.7595499753952026,9.496419906616213,160.33599853515625,1.1316399574279783,12.715900421142578
2023-01-13,1.2217769622802734,1.1248300075531006,1.634220004081726,1.7532700300216677,9.53872013092041,157.7949981689453,1.132599949836731,12.710100173950195
2023-01-16,1.2226732969284058,1.129330039024353,1.637619972229004,1.7530399560928345,9.548480033874512,156.5050048828125,1.1328699588775637,12.659600257873535
2023-01-17,1.2207776308059692,1.1270500421524048,1.6354700326919556,1.7521300315856934,9.533320426940918,156.62100219726562,1.1295299530029297,12.68560028076172
2023-01-18,1.228471040725708,1.138350009918213,1.6447399854660034,1.7574800252914429,9.60280990600586,157.53399658203125,1.1323699951171875,12.802300453186035
2023-01-19,1.234766125679016,1.143380045890808,1.666200041770935,1.7778700590133667,9.658900260925291,158.697998046875,1.1307200193405151,12.74779987335205
2023-01-20,1.239326238632202,1.143779993057251,1.6675699949264526,1.792490005493164,9.701800346374512,159.0760040283203,1.1345200538635254,12.77589988708496
2023-01-23,1.240633249282837,1.141690015792847,1.6586300134658811,1.7765300273895264,9.709630012512209,160.45799255371094,1.1410900354385376,12.74880027770996
2023-01-24,1.2379761934280396,1.138550043106079,1.6546599864959717,1.7608100175857544,9.693479537963867,161.62600708007812,1.1408499479293823,12.668800354003906
2023-01-25,1.232923984527588,1.132200002670288,1.6482900381088257,1.7491899728775024,9.65427017211914,160.50900268554688,1.1368199586868286,12.582500457763672
2023-01-26,1.2412492036819458,1.136299967765808,1.660290002822876,1.7460399866104126,9.716750144958496,160.38800048828125,1.1379799842834473,12.648599624633787
2023-01-27,1.2415266036987305,1.1395100355148315,1.6525499820709229,1.7447500228881836,9.717920303344728,161.13299560546875,1.1420199871063232,12.743000030517578
2023-01-30,1.2400301694869995,1.1404500007629397,1.6493799686431885,1.744339942932129,9.706110000610352,160.9980010986328,1.141690015792847,12.759599685668944
2023-01-31,1.2353609800338743,1.1381200551986694,1.6525800228118896,1.7495299577713013,9.675800323486328,161.1199951171875,1.1426199674606323,12.83650016784668
2023-02-01,1.2308903932571411,1.1332299709320068,1.6372900009155271,1.745169997215271,9.649100303649902,160.10000610351562,1.1275500059127808,12.84529972076416
2023-02-02,1.2390038967132568,1.1245700120925903,1.643880009651184,1.7332700490951538,9.707799911499023,159.30099487304688,1.1237000226974487,12.763799667358398
2023-02-03,1.222299575805664,1.120300054550171,1.6275099515914917,1.7272000312805176,9.58650016784668,157.32000732421875,1.1159000396728516,12.68570041656494
2023-02-06,1.2045146226882937,1.1160399913787842,1.6137700080871582,1.7402100563049316,9.449410438537598,158.9810028076172,1.11558997631073,12.663599967956545
2023-02-07,1.2026747465133667,1.1208200454711914,1.616230010986328,1.7455899715423584,9.435839653015137,159.47999572753906,1.1157900094985962,12.760199546813965
2023-02-08,1.2054582834243774,1.1230000257492063,1.613700032234192,1.7303800582885742,9.459799766540527,157.94000244140625,1.1106499433517456,12.738800048828123
2023-02-09,1.2071462869644165,1.1263699531555176,1.6228400468826294,1.7420799732208252,9.47332000732422,158.5749969482422,1.1114100217819214,12.77589988708496
2023-02-10,1.2116806507110596,1.128000020980835,1.6292999982833862,1.7458000183105469,9.509679794311523,159.33299255371094,1.117050051689148,12.526399612426758
2023-02-13,1.2052258253097534,1.1285799741744995,1.6096500158309937,1.7431999444961548,9.459150314331056,158.52699279785156,1.113219976425171,12.588199615478516
2023-02-14,1.215214490890503,1.1323699951171875,1.6202399730682373,1.743690013885498,9.537969589233398,160.79800415039062,1.116420030593872,12.597000122070312
2023-02-15,1.2174336910247805,1.1338800191879272,1.623870015144348,1.7421200275421145,9.554160118103027,161.89100646972656,1.121760010719299,12.604700088500977
2023-02-16,1.2039779424667358,1.125749945640564,1.6117600202560425,1.742460012435913,9.444069862365724,161.14599609375,1.1113799810409546,12.53719997406006
2023-02-17,1.197533130645752,1.1225800514221191,1.6131600141525269,1.7448300123214722,9.397890090942385,160.531005859375,1.109179973602295,12.517399787902832
2023-02-20,1.2029786109924316,1.1257799863815308,1.6216700077056885,1.7510900497436523,9.435709953308104,161.5500030517578,1.1130499839782717,12.581299781799316
2023-02-21,1.2039200067520142,1.1268199682235718,1.619480013847351,1.7422399520874023,9.43019962310791,161.70199584960938,1.111340045928955,12.45300006866455
2023-02-22,1.2109322547912598,1.1367000341415403,1.638800024986267,1.7645100355148315,9.498470306396484,163.43600463867188,1.1230499744415283,12.554400444030762
2023-02-23,1.204993486404419,1.1357500553131104,1.631600022315979,1.768399953842163,9.451020240783691,162.54299926757812,1.1215699911117554,12.550200462341309
2023-02-24,1.2017786502838137,1.1338499784469604,1.6273000240325928,1.7646900415420532,9.429059982299805,161.75999450683594,1.1219099760055542,12.530599594116213
2023-02-27,1.1952428817749023,1.1322100162506104,1.6244699954986572,1.7742600440979004,9.378250122070312,162.9949951171875,1.1233500242233276,12.526599884033203
2023-02-28,1.2061562538146973,1.1367700099945068,1.6369500160217283,1.7888699769973757,9.461000442504885,164.38099670410156,1.1282600164413452,12.523799896240234
2023-03-01,1.2033549547195437,1.137539982795715,1.6417299509048462,1.7875699996948242,9.44402027130127,164.04600524902344,1.1333400011062622,12.594499588012695
2023-03-02,1.2029930353164673,1.1272000074386597,1.6342999935150146,1.779039978981018,9.438380241394045,163.78599548339844,1.1297800540924072,12.545599937438965
2023-03-03,1.1951572895050049,1.127369999885559,1.6245399713516235,1.7747700214385986,9.37987995147705,163.35899353027344,1.1255199909210205,12.550800323486328
2023-03-06,1.2028483152389526,1.1318299770355225,1.63604998588562,1.7806299924850464,9.4406099319458,163.58900451660156,1.1267000436782837,12.60260009765625
2023-03-07,1.202645778656006,1.125249981880188,1.637220025062561,1.785920023918152,9.438469886779783,163.50799560546875,1.1188100576400757,12.558899879455566
2023-03-08,1.1827740669250488,1.121090054512024,1.6259700059890747,1.7947100400924685,9.28324031829834,162.47500610351562,1.1142499446868896,12.686100006103516
2023-03-09,1.185016632080078,1.1231800317764282,1.635040044784546,1.7968499660491943,9.301199913024902,162.59100341796875,1.1148500442504885,12.704899787902832
2023-03-10,1.192250370979309,1.1262099742889404,1.6486599445343018,1.8092399835586548,9.357339859008787,162.59100341796875,1.1119500398635864,12.786800384521484
2023-03-13,1.2079336643218994,1.1303399801254272,1.6621400117874146,1.8203400373458865,9.47681999206543,162.9980010986328,1.1090799570083618,12.857799530029297
2023-03-14,1.2171372175216677,1.1346999406814575,1.6714999675750732,1.827080011367798,9.545570373535156,161.98199462890625,1.1100499629974363,12.90410041809082
2023-03-15,1.215214490890503,1.1325900554656982,1.663140058517456,1.8163599967956543,9.534899711608888,163.29299926757812,1.1111400127410889,12.719900131225586
2023-03-16,1.20692777633667,1.140220046043396,1.6608099937438965,1.823070049285889,9.471179962158203,160.38699340820312,1.123479962348938,12.790800094604492
2023-03-17,1.2110495567321775,1.1408400535583496,1.6610499620437622,1.8172099590301511,9.504980087280272,161.48599243164062,1.1250900030136108,12.717900276184082
2023-03-20,1.218769073486328,1.1410900354385376,1.6706199645996094,1.8151400089263916,9.564290046691896,161.1959991455078,1.129289984703064,12.740500450134276
2023-03-21,1.2276264429092407,1.1449700593948364,1.6777399778366089,1.8271600008010864,9.625300407409668,161.26800537109375,1.1403700113296509,12.72249984741211
2023-03-22,1.2225087881088257,1.1345200538635254,1.6754599809646606,1.830180048942566,9.590089797973633,161.7760009765625,1.126230001449585,12.633000373840332
2023-03-23,1.227973222732544,1.1291999816894531,1.6839900016784668,1.8328399658203125,9.634949684143066,161.06199645996094,1.1254299879074097,12.640399932861328
2023-03-24,1.228154182434082,1.1333800554275513,1.6842399835586548,1.8375600576400757,9.638299942016602,160.68600463867188,1.1253999471664429,12.687999725341797
2023-03-27,1.224600315093994,1.1360299587249756,1.680899977684021,1.839900016784668,9.610150337219238,159.8300018310547,1.125,12.738100051879885
2023-03-28,1.229755163192749,1.137789964675903,1.6787999868392944,1.8461699485778809,9.652079582214355,161.3699951171875,1.1250799894332886,12.746899604797363
2023-03-29,1.2330456972122192,1.1373000144958496,1.676010012626648,1.838420033454895,9.678210258483888,161.5749969482422,1.134809970855713,12.767499923706056
2023-03-30,1.2313603162765503,1.1352699995040894,1.6698499917984009,1.8418899774551392,9.663689613342283,163.2209930419922,1.1304600238800049,12.800600051879885
2023-03-31,1.238727569580078,1.135599970817566,1.674710035324097,1.844249963760376,9.7224702835083,164.9600067138672,1.1312700510025024,12.827500343322754
2023-04-03,1.228697419166565,1.1368999481201172,1.6588000059127808,1.845039963722229,9.643580436706545,163.8280029296875,1.1271799802780151,12.806400299072266
2023-04-04,1.2423131465911863,1.138700008392334,1.668720006942749,1.8297799825668335,9.74722957611084,164.33999633789062,1.1337300539016724,12.87380027770996
2023-04-05,1.249843716621399,1.140570044517517,1.6796300411224363,1.849079966545105,9.810150146484377,164.2259979248047,1.1319500207901,12.836999893188477
2023-04-06,1.2463078498840332,1.142850041389465,1.6766799688339231,1.8553500175476072,9.78240966796875,163.10699462890625,1.1294000148773191,12.975799560546877
2023-04-11,1.239218831062317,1.139989972114563,1.673069953918457,1.8636900186538696,9.725850105285645,165.36700439453125,1.12608003616333,13.022600173950195
2023-04-12,1.2431007623672483,1.1385200023651123,1.673159956932068,1.8681000471115112,9.75702953338623,166.04400634765625,1.1224100589752195,12.982999801635742
2023-04-13,1.2492660284042358,1.135849952697754,1.678820013999939,1.8652499914169312,9.8023099899292,166.2429962158203,1.11899995803833,12.90839958190918
2023-04-14,1.2525300979614258,1.133190035820007,1.6706299781799316,1.8460899591445925,9.830829620361328,165.91700744628906,1.1134400367736816,12.85200023651123
2023-04-17,1.2400178909301758,1.128790020942688,1.657359957695007,1.8492000102996824,9.732330322265623,166.11099243164062,1.1095199584960938,12.812299728393556
2023-04-18,1.2375471591949463,1.1324000358581543,1.657349944114685,1.8468400239944456,9.71306037902832,166.3509979248047,1.1118600368499756,12.808899879455566
2023-04-19,1.2425447702407837,1.131999969482422,1.6637200117111206,1.8445099592208865,9.75240993499756,166.52699279785156,1.113219976425171,12.802900314331056
2023-04-20,1.2428845167160034,1.134809970855713,1.6738799810409546,1.8530100584030151,9.755149841308594,167.40699768066406,1.1152700185775757,12.868499755859377
2023-04-21,1.244090557098389,1.1342099905014038,1.6765999794006348,1.8448400497436523,9.764439582824709,166.6820068359375,1.11011004447937,12.82229995727539
2023-04-24,1.2449734210968018,1.1323299407958984,1.685189962387085,1.8596400022506712,9.76830005645752,166.72999572753906,1.1102299690246582,12.825400352478027
2023-04-25,1.25,1.1301000118255615,1.6913399696350098,1.864459991455078,9.809760093688965,167.58399963378906,1.108739972114563,12.800100326538086
2023-04-26,1.2414803504943848,1.1307499408721924,1.6905800104141235,1.8705400228500368,9.743969917297363,165.9770050048828,1.1070899963378906,12.79360008239746
2023-04-27,1.2471472024917605,1.128999948501587,1.699779987335205,1.8868000507354736,9.788269996643066,166.41000366210938,1.1109600067138672,12.86620044708252
2023-04-28,1.249750018119812,1.1327600479125977,1.6993900537490845,1.8845000267028809,9.809260368347168,167.07000732421875,1.1169899702072144,12.855199813842772
2023-05-02,1.2485953569412231,1.1381200551986694,1.6916500329971311,1.8847899436950684,9.799790382385254,171.68499755859375,1.118299961090088,12.899200439453123
2023-05-03,1.2476606369018557,1.133039951324463,1.698799967765808,1.869889974594116,9.793190002441406,170.2429962158203,1.1129800081253052,12.854000091552734
2023-05-04,1.256897211074829,1.135450005531311,1.7132699489593506,1.8921300172805784,9.864800453186035,169.07000732421875,1.1099400520324707,12.888099670410156
2023-05-05,1.2583364248275757,1.1414799690246582,1.701640009880066,1.8788000345230105,9.873370170593262,168.8280029296875,1.1140999794006348,12.872099876403809
2023-05-09,1.2612725496292114,1.1469299793243408,1.6864800453186035,1.8599200248718264,9.898590087890623,170.3419952392578,1.1222000122070312,12.82759952545166
2023-05-10,1.2624667882919312,1.1512999534606934,1.687999963760376,1.8655600547790527,9.898719787597656,170.7779998779297,1.1237200498580933,12.864999771118164
2023-05-11,1.2626996040344238,1.1495399475097656,1.6884299516677856,1.861799955368042,9.889289855957031,169.3000030517578,1.1228599548339844,12.900400161743164
2023-05-12,1.2508130073547363,1.1461700201034546,1.6878600120544434,1.866819977760315,9.801639556884766,168.19000244140625,1.11844003200531,12.918800354003906
2023-05-15,1.2450973987579346,1.147189974784851,1.6876599788665771,1.8731199502944944,9.76360034942627,169.09800720214844,1.118299961090088,12.93120002746582
2023-05-16,1.2525207996368408,1.1518000364303589,1.6865299940109253,1.8687599897384644,9.816949844360352,170.3800048828125,1.1214499473571775,12.957500457763672
2023-05-17,1.2484394311904907,1.1488699913024902,1.6823899745941162,1.8751100301742551,9.784640312194824,170.3040008544922,1.118939995765686,12.99489974975586
2023-05-18,1.2482805252075195,1.1516499519348145,1.680899977684021,1.8754500150680544,9.772470474243164,171.76600646972656,1.121500015258789,13.04010009765625
2023-05-19,1.2412338256835938,1.1518000364303589,1.6752099990844729,1.8726600408554075,9.713800430297852,172.04800415039062,1.123039960861206,13.109299659729004
2023-05-22,1.2461059093475342,1.1512900590896606,1.6808099746704102,1.8713699579238892,9.739740371704102,171.56500244140625,1.1191799640655518,13.087599754333496
2023-05-23,1.243440866470337,1.1500799655914309,1.6787400245666504,1.869729995727539,9.733369827270508,172.41400146484375,1.1168500185012815,13.133899688720703
2023-05-24,1.241726994514465,1.1528899669647217,1.6762299537658691,1.8771100044250488,9.730429649353027,172.08700561523438,1.1190999746322632,13.187700271606444
2023-05-25,1.2371032238006592,1.149799942970276,1.6809200048446655,1.8900400400161743,9.685999870300291,172.29600524902344,1.1184699535369873,13.252599716186523
2023-05-26,1.2318304777145386,1.1485300064086914,1.6803100109100342,1.8954700231552124,9.650609970092772,172.4239959716797,1.1146199703216553,13.329999923706056
2023-05-30,1.234933853149414,1.1532200574874878,1.6797900199890137,1.8910599946975708,9.665889739990234,173.4199981689453,1.1168500185012815,13.368300437927246
2023-05-31,1.241187572479248,1.1564500331878662,1.687749981880188,1.9040700197219849,9.72262954711914,173.49200439453125,1.1245100498199463,13.48289966583252
2023-06-01,1.244694471359253,1.1638699769973757,1.6885099411010742,1.912600040435791,9.746569633483888,173.15499877929688,1.1325700283050537,13.491900444030762
2023-06-02,1.2525991201400757,1.163599967956543,1.6839699745178225,1.9039100408554075,9.80875015258789,173.77699279785156,1.1342400312423706,13.535799980163574
2023-06-05,1.2430236339569092,1.1618599891662598,1.6690000295639038,1.8838599920272827,9.74120044708252,174.26300048828125,1.1306999921798706,13.443300247192385
2023-06-06,1.2433171272277832,1.1605900526046753,1.6717000007629397,1.8797500133514404,9.744029998779297,173.26699829101562,1.1262500286102295,13.489700317382812
2023-06-07,1.2428536415100098,1.1616499423980713,1.6650899648666382,1.86054003238678,9.747699737548828,173.38699340820312,1.1271899938583374,13.563899993896484
2023-06-08,1.2445859909057615,1.16211998462677,1.6638599634170532,1.868690013885498,9.75586986541748,174.08799743652344,1.131790041923523,13.550399780273438
2023-06-09,1.255950093269348,1.164690017700195,1.6780699491500854,1.8707000017166135,9.841919898986816,174.3769989013672,1.1288599967956543,13.567700386047363
2023-06-12,1.25809907913208,1.1701099872589111,1.6777600049972534,1.8651200532913208,9.860830307006836,175.3280029296875,1.1362199783325195,13.613900184631348
2023-06-13,1.2515331506729126,1.162719964981079,1.6720800399780271,1.85276997089386,9.804439544677734,174.5229949951172,1.1369099617004397,13.535499572753906
2023-06-14,1.260684370994568,1.168370008468628,1.6784499883651731,1.861850023269653,9.874670028686523,176.6790008544922,1.1411700248718262,13.469400405883787
2023-06-15,1.26708984375,1.1679999828338623,1.6881500482559204,1.8637499809265137,9.921039581298828,177.32400512695312,1.1402699947357178,13.560799598693848
2023-06-16,1.278576135635376,1.1679699420928955,1.6901400089263916,1.858180046081543,10.000639915466309,179.3260040283203,1.1397600173950195,13.55430030822754
2023-06-19,1.2830382585525513,1.172600030899048,1.6928999423980713,1.8667000532150269,10.03439998626709,181.97999572753903,1.1476000547409058,13.654899597167969
2023-06-20,1.2794759273529053,1.1711299419403076,1.690000057220459,1.8672000169754028,10.000900268554688,181.531005859375,1.1461000442504885,13.741299629211426
2023-06-21,1.276535987854004,1.1688499450683594,1.6879700422286987,1.8801000118255615,9.988470077514648,180.39700317382812,1.1458699703216553,13.767000198364258
2023-06-22,1.277204513549805,1.1615999937057495,1.680780053138733,1.8782800436019895,9.9968900680542,180.93800354003903,1.139299988746643,13.596500396728516
2023-06-23,1.2747135162353516,1.1633800268173218,1.6756000518798828,1.8851499557495115,9.978699684143066,182.2989959716797,1.140720009803772,13.626399993896484
2023-06-26,1.2729610204696655,1.167050004005432,1.6756999492645264,1.905400037765503,9.966440200805664,182.70799255371097,1.1402100324630735,13.646499633789062
2023-06-27,1.2711971998214722,1.165019989013672,1.6715999841690063,1.904039978981018,9.952890396118164,182.3520050048828,1.138260006904602,13.633500099182127
2023-06-28,1.2744698524475098,1.163040041923523,1.6818499565124512,1.9072999954223633,9.982279777526855,183.3509979248047,1.1389700174331665,13.669400215148926
2023-06-29,1.264254450798035,1.1581000089645386,1.6752300262451172,1.91526997089386,9.902700424194336,182.5189971923828,1.133440017700195,13.625699996948242
2023-06-30,1.261463642120361,1.1606099605560305,1.6713000535964966,1.9055099487304688,9.887120246887209,182.6300048828125,1.1341400146484375,13.700499534606934
2023-07-03,1.2693254947662354,1.1634000539779663,1.6817599534988403,1.9062999486923216,9.947139739990234,183.27699279785156,1.136199951171875,13.695799827575684
2023-07-04,1.269293189048767,1.162999987602234,1.6814600229263306,1.901710033416748,9.944100379943848,183.4900054931641,1.1369999647140503,13.759900093078612
2023-07-05,1.2717629671096802,1.1682000160217283,1.6813000440597534,1.8997199535369873,9.959199905395508,183.61000061035156,1.140089988708496,13.754799842834473
2023-07-06,1.2704542875289917,1.1699999570846558,1.687790036201477,1.9091999530792236,9.93529987335205,183.52999877929688,1.1414400339126587,13.910499572753906
2023-07-07,1.2742749452590942,1.1699700355529783,1.702839970588684,1.9222300052642824,9.963700294494627,183.41099548339844,1.1406699419021606,13.925700187683104
2023-07-10,1.2838947772979736,1.1705199480056765,1.7046799659729004,1.919510006904602,10.04850959777832,182.56900024414065,1.1412299871444702,13.907299995422363
2023-07-11,1.2864713668823242,1.16881000995636,1.707550048828125,1.9265999794006348,10.069649696350098,181.7330017089844,1.1386100053787231,13.840200424194336
2023-07-12,1.2934770584106443,1.1742899417877195,1.7105799913406372,1.9325000047683716,10.122779846191406,181.1970062255859,1.1362299919128418,13.785300254821776
2023-07-13,1.29962956905365,1.1663999557495115,1.7131400108337402,1.913159966468811,10.169930458068848,179.73199462890625,1.126170039176941,13.472000122070312
2023-07-14,1.3128528594970703,1.1696200370788574,1.7213000059127808,1.905679941177368,10.26708984375,181.2530059814453,1.1277999877929688,13.394100189208984
2023-07-17,1.3090204000473022,1.1658200025558472,1.7311999797821045,1.9142099618911743,10.228389739990234,181.531005859375,1.1282999515533447,13.398200035095217
2023-07-18,1.307172417640686,1.1631699800491333,1.7253799438476562,1.9191299676895144,10.21347999572754,181.3300018310547,1.124400019645691,13.390600204467772
2023-07-19,1.303508996963501,1.1605000495910645,1.716130018234253,1.912670016288757,10.184000015258787,181.20899963378903,1.1175999641418457,13.303799629211426
2023-07-20,1.2939791679382324,1.1544500589370728,1.7027900218963623,1.910789966583252,10.100099563598633,180.58200073242188,1.10985004901886,13.28600025177002
2023-07-21,1.2872332334518433,1.1560100317001345,1.6957499980926514,1.898990035057068,10.057290077209473,180.01400756835938,1.1150699853897097,13.317299842834473
2023-07-24,1.2853471040725708,1.1552499532699585,1.6997699737548828,1.9109400510787964,10.047200202941896,182.18499755859375,1.1133500337600708,13.392900466918944
2023-07-25,1.281262755393982,1.1580599546432495,1.6877800226211548,1.9028400182724,10.010310173034668,181.27999877929688,1.114490032196045,13.335800170898438
2023-07-26,1.2893908023834229,1.166759967803955,1.7002400159835815,1.8995399475097656,10.070199966430664,181.68099975585935,1.1145000457763672,13.37399959564209
2023-07-27,1.292724609375,1.166599988937378,1.7067899703979492,1.912160038948059,10.084320068359377,181.4429931640625,1.1136800050735474,13.443400382995604
2023-07-28,1.2793776988983154,1.165249943733215,1.692270040512085,1.906149983406067,9.982219696044922,177.65199279785156,1.1112099885940552,13.44480037689209
2023-07-31,1.2853965759277344,1.165869951248169,1.703160047531128,1.9296300411224363,10.020930290222168,180.91700744628903,1.117990016937256,13.535499572753906
2023-08-01,1.283400535583496,1.1669100522994995,1.6932200193405151,1.910640001296997,10.007229804992676,182.6479949951172,1.118630051612854,13.503100395202637
2023-08-02,1.2795741558074951,1.1623300313949585,1.6973700523376465,1.9330300092697144,9.972319602966309,182.89700317382812,1.1164400577545166,13.523500442504885
2023-08-03,1.2720379829406738,1.1622200012207031,1.697219967842102,1.9443700313568115,9.923399925231934,182.31500244140625,1.1159199476242063,13.617799758911133
2023-08-04,1.2716336250305176,1.1610699892044067,1.697540044784546,1.9378600120544431,9.927300453186035,181.31399536132812,1.111600041389465,13.569299697875977
2023-08-07,1.2747948169708252,1.158560037612915,1.7048900127410889,1.9391100406646729,9.957240104675291,180.85400390625,1.1143100261688232,13.503199577331545
2023-08-08,1.2782002687454224,1.1615999937057495,1.709030032157898,1.9446500539779663,9.978460311889648,182.14700317382812,1.11572003364563,13.535900115966797
2023-08-09,1.2741613388061523,1.162600040435791,1.7106499671936035,1.950500011444092,9.95578956604004,182.52000427246097,1.115630030632019,13.659299850463867
2023-08-10,1.2720056772232056,1.15857994556427,1.7064000368118286,1.9459799528121948,9.947319984436035,182.8070068359375,1.1154199838638306,13.569000244140623
2023-08-11,1.2670094966888428,1.1535700559616089,1.7032400369644165,1.9452500343322752,9.906120300292969,183.51300048828125,1.1108700037002563,13.559900283813477
2023-08-14,1.2695027589797974,1.159890055656433,1.7060500383377075,1.9543100595474243,9.923210144042969,183.8370056152344,1.1127899885177612,13.746600151062012
2023-08-15,1.2685203552246094,1.1624000072479248,1.7071800231933594,1.9548699855804443,9.918140411376951,184.4499969482422,1.1136800050735474,13.699299812316896
2023-08-16,1.2701315879821775,1.1647299528121948,1.7132200002670288,1.966670036315918,9.9364595413208,184.9290008544922,1.115939974784851,13.793999671936035
2023-08-17,1.2728151082992554,1.1703200340270996,1.722830057144165,1.984279990196228,9.966469764709473,186.2270050048828,1.1201200485229492,13.899900436401367
2023-08-18,1.275022268295288,1.1722300052642822,1.7267199754714966,1.9897500276565552,9.98073959350586,185.7449951171875,1.1195900440216064,13.935999870300291
2023-08-21,1.2741937637329102,1.1715199947357178,1.725350022315979,1.9864000082015991,9.979490280151367,185.1359405517578,1.1241300106048584,13.972299575805664
2023-08-22,1.2760798931121826,1.170799970626831,1.728279948234558,1.9893699884414673,10.002039909362791,186.5989990234375,1.1209399700164795,13.972000122070312
2023-08-23,1.2731555700302124,1.1737099885940552,1.7246999740600586,1.9814000129699707,9.978249549865724,185.572998046875,1.1204899549484253,13.914400100708008
2023-08-24,1.2720541954040527,1.1706600189208984,1.7201600074768066,1.9627599716186523,9.972769737243652,184.02200317382812,1.116070032119751,13.879300117492676
2023-08-25,1.2592872381210327,1.1660200357437134,1.7108700275421145,1.9632999897003176,9.873209953308104,183.9290008544922,1.114709973335266,13.859800338745115
2023-08-29,1.2611136436462402,1.1648800373077393,1.7151999473571775,1.9615999460220337,9.89402961730957,184.6959991455078,1.114150047302246,13.830100059509276
2023-08-30,1.2636793851852417,1.1625499725341797,1.7132400274276731,1.9509199857711792,9.914010047912598,184.468994140625,1.110550045967102,13.745800018310549
2023-08-31,1.271179437637329,1.162909984588623,1.720420002937317,1.9619200229644775,9.97264003753662,185.69400024414065,1.1161500215530396,13.771900177001951
2023-09-01,1.2672826051712036,1.1682000160217283,1.7119499444961548,1.9530500173568728,9.937299728393556,184.33200073242188,1.119230031967163,13.875699996948242
2023-09-04,1.2591445446014404,1.1683800220489502,1.7115999460220337,1.9513599872589111,9.877679824829102,183.8800048828125,1.1145000457763672,13.89680004119873
2023-09-05,1.2623074054718018,1.1696100234985352,1.7164499759674072,1.954319953918457,9.89013957977295,184.92999267578125,1.1167700290679932,13.884400367736816
2023-09-06,1.2570552825927734,1.171970009803772,1.7141499519348145,1.971560001373291,9.856900215148926,185.35499572753903,1.1178799867630005,13.945599555969238
2023-09-07,1.2498750686645508,1.165410041809082,1.7046600580215454,1.958490014076233,9.80126953125,184.6080017089844,1.113960027694702,13.886099815368652
2023-09-08,1.2475050687789917,1.1660000085830688,1.7069000005722046,1.955899953842163,9.775650024414062,183.77999877929688,1.1134999990463257,13.895299911499023
2023-09-11,1.2489992380142212,1.1652100086212158,1.7018799781799316,1.951859951019287,9.790379524230955,183.71499633789065,1.113919973373413,13.852800369262695
2023-09-12,1.2508755922317505,1.163699984550476,1.6982500553131104,1.9449100494384768,9.795539855957031,183.4510040283203,1.1146199703216553,13.866499900817873
2023-09-13,1.2491724491119385,1.1613999605178833,1.6927900314331057,1.943060040473938,9.775799751281738,183.7989959716797,1.1134300231933594,13.862299919128418
2023-09-14,1.248953938484192,1.1635899543762207,1.6924699544906616,1.944759964942932,9.773309707641602,184.0110015869141,1.1158299446105957,13.901900291442873
2023-09-15,1.2401869297027588,1.1659400463104248,1.6759099960327148,1.9278500080108645,9.708379745483398,182.87399291992188,1.111299991607666,13.87399959564209
2023-09-18,1.2397565841674805,1.1619900465011597,1.6762399673461914,1.9247599840164185,9.699299812316896,183.30799865722656,1.1118299961090088,13.833000183105469
2023-09-19,1.2383747100830078,1.1580599546432495,1.669600009918213,1.9227999448776243,9.680890083312988,182.77000427246097,1.111050009727478,13.798999786376951
2023-09-20,1.2393569946289062,1.1601300239562988,1.6656899452209473,1.917009949684143,9.691880226135254,183.08900451660156,1.111989974975586,13.824799537658691
2023-09-21,1.2328935861587524,1.1572999954223633,1.661180019378662,1.9152599573135376,9.644269943237305,182.83399963378903,1.108669996261597,13.746399879455566
2023-09-22,1.2294225692749023,1.1530200242996216,1.656440019607544,1.9174699783325195,9.61359977722168,181.49899291992188,1.1117700338363647,13.731900215148926
2023-09-25,1.2241849899291992,1.1495100259780884,1.6496800184249878,1.9005099534988403,9.572739601135254,181.69200134277344,1.1103800535202026,13.61240005493164
2023-09-26,1.2213143110275269,1.153010010719299,1.6424299478530884,1.9014400243759155,9.545570373535156,181.72999572753903,1.113759994506836,13.511899948120115
2023-09-27,1.2146830558776855,1.1491299867630005,1.6420400142669678,1.8997199535369873,9.499099731445312,181.02000427246097,1.1121000051498413,13.36460018157959
2023-09-28,1.2135332822799685,1.1550500392913818,1.6380300521850586,1.911389946937561,9.49040985107422,181.4069976806641,1.1173499822616575,13.42389965057373
2023-09-29,1.2204796075820925,1.1553900241851809,1.6463700532913208,1.8989499807357788,9.554780006408691,182.2480010986328,1.116320013999939,13.330599784851074
2023-10-02,1.2193039655685425,1.1538000106811523,1.6548700332641602,1.8939599990844729,9.549099922180176,182.30999755859375,1.1161199808120728,13.31879997253418
2023-10-03,1.209116816520691,1.1535600423812866,1.6534700393676758,1.9000799655914309,9.468390464782717,181.17300415039065,1.109760046005249,13.362799644470217
2023-10-04,1.2078461647033691,1.153499960899353,1.655650019645691,1.914080023765564,9.459019660949709,180.1820068359375,1.1123199462890625,13.37660026550293
2023-10-05,1.2137395143508911,1.1550899744033811,1.6680599451065063,1.9175699949264529,9.500940322875977,180.78900146484375,1.1122900247573853,13.428000450134276
2023-10-06,1.218769073486328,1.155500054359436,1.6704100370407104,1.913509964942932,9.542449951171877,180.9219970703125,1.1119799613952637,13.422499656677246
2023-10-09,1.222090482711792,1.1563600301742554,1.6693899631500244,1.9185199737548828,9.570039749145508,182.2740020751953,1.110659956932068,13.410699844360352
2023-10-10,1.225039839744568,1.1578500270843506,1.6635199785232544,1.9076499938964844,9.588950157165527,181.68299865722656,1.108199954032898,13.410900115966797
2023-10-11,1.229135513305664,1.1588200330734253,1.6692609786987305,1.9104520082473757,9.608750343322754,182.6360015869141,1.1115299463272097,13.359299659729004
2023-10-12,1.2316333055496216,1.1591800451278689,1.6740399599075315,1.9186899662017824,9.629480361938477,183.53399658203125,1.1095399856567385,13.424699783325195
2023-10-13,1.2183235883712769,1.156149983406067,1.6668599843978882,1.928320050239563,9.530509948730469,182.47000122070312,1.1058900356292725,13.379199981689451
2023-10-16,1.215376853942871,1.155019998550415,1.658120036125183,1.9256999492645264,9.507329940795898,181.7599945068359,1.096500039100647,13.379300117492676
2023-10-17,1.2211503982543943,1.1570299863815308,1.6625399589538574,1.926640033721924,9.546259880065918,182.656005859375,1.0995800495147705,13.336299896240234
2023-10-18,1.2178784608840942,1.1514999866485596,1.662500023841858,1.9139089584350584,9.527649879455566,182.36000061035156,1.0961300134658811,13.28969955444336
2023-10-19,1.214343786239624,1.1521199941635132,1.66457998752594,1.9165600538253784,9.504199981689451,181.78700256347656,1.091249942779541,13.384400367736816
2023-10-20,1.2137248516082764,1.1464600563049316,1.6645400524139404,1.9188799858093264,9.49450969696045,181.76800537109375,1.0822399854660034,13.289400100708008
2023-10-23,1.216397047042847,1.148300051689148,1.6669299602508545,1.9243600368499756,9.517600059509276,182.29600524902344,1.0860999822616575,13.352100372314451
2023-10-24,1.2250248193740845,1.147979974746704,1.6765600442886353,1.9328999519348145,9.583419799804688,183.447998046875,1.0911500453948977,13.442999839782717
2023-10-25,1.216189980506897,1.1477199792861938,1.671049952507019,1.9118900299072263,9.51399040222168,182.2310028076172,1.0859700441360474,13.524299621582031
2023-10-26,1.210345983505249,1.1452900171279907,1.670330047607422,1.9225900173187256,9.466179847717283,181.6499938964844,1.085170030593872,13.48740005493164
2023-10-27,1.213710069656372,1.14874005317688,1.6765300035476685,1.915869951248169,9.490099906921388,182.4720001220703,1.0906599760055542,13.527799606323242
2023-10-30,1.2113723754882812,1.146780014038086,1.6792500019073486,1.9108599424362185,9.47387981414795,181.36900329589844,1.09306001663208,13.513999938964844
2023-10-31,1.2165746688842771,1.1460200548171997,1.6821800470352173,1.91034996509552,9.513139724731444,181.38299560546875,1.097390055656433,13.555399894714355
2023-11-01,1.215214490890503,1.148300051689148,1.6861000061035156,1.917099952697754,9.505999565124512,183.8350067138672,1.105299949645996,13.576000213623049
2023-11-02,1.218219757080078,1.150570034980774,1.684999942779541,1.8968000411987305,9.528109550476074,183.4069976806641,1.103060007095337,13.596099853515623
2023-11-03,1.2191851139068604,1.1482800245285034,1.6755000352859497,1.8964200019836424,9.538180351257324,183.43899536132812,1.10453999042511,13.548800468444824
2023-11-06,1.237378716468811,1.1527999639511108,1.6900700330734253,1.8986400365829468,9.67969036102295,184.8939971923828,1.112460017204285,13.460599899291992
2023-11-07,1.2345526218414309,1.1516499519348145,1.6908600330352783,1.9021799564361572,9.653280258178713,185.1419982910156,1.110010027885437,13.47480010986328
2023-11-08,1.2291808128356934,1.1490999460220337,1.692139983177185,1.911229968070984,9.610440254211426,184.83900451660156,1.1060800552368164,13.41919994354248
2023-11-09,1.2285012006759644,1.1469099521636963,1.6943199634552002,1.917199969291687,9.598999977111816,185.3070068359375,1.104099988937378,13.37399959564209
2023-11-10,1.2217023372650146,1.1451400518417358,1.68681001663208,1.9199899435043335,9.537859916687012,184.86700439453125,1.1031800508499146,13.341300010681152
2023-11-13,1.2228227853775024,1.1437900066375732,1.687250018119812,1.9211299419403076,9.550729751586914,185.20599365234375,1.1028800010681152,13.304699897766112
2023-11-14,1.228063702583313,1.1473000049591064,1.6945500373840332,1.9248600006103516,9.58862018585205,186.1999969482422,1.1064300537109375,13.304499626159668
2023-11-15,1.24945330619812,1.148460030555725,1.7114800214767456,1.922410011291504,9.751099586486816,187.9980010986328,1.1102999448776243,13.227100372314451
2023-11-16,1.2422360181808472,1.1443400382995603,1.6995199918746948,1.9075000286102295,9.697999954223633,187.82400512695312,1.1018699407577517,13.083200454711914
2023-11-17,1.2414957284927368,1.1437699794769287,1.7070399522781372,1.9187599420547483,9.68535041809082,187.0749969482422,1.1029499769210815,13.13640022277832
2023-11-20,1.2454540729522705,1.141759991645813,1.708459973335266,1.911919951438904,9.70751953125,186.72799682617188,1.1032600402832031,13.107399940490724
2023-11-21,1.2509069442749023,1.1427299976348877,1.716539978981018,1.9064300060272217,9.746439933776855,185.5679931640625,1.1061400175094604,13.056599617004396
2023-11-22,1.2544218301773071,1.1489299535751345,1.718250036239624,1.9122799634933472,9.77810001373291,185.83399963378903,1.1080399751663208,13.10789966583252
2023-11-23,1.2490007877349854,1.1467000246047974,1.7100199460983276,1.908750057220459,9.735799789428713,186.6629943847656,1.1040699481964111,13.084600448608398
2023-11-24,1.2533526420593262,1.1492999792099,1.716339945793152,1.9102699756622312,9.772199630737305,187.5279998779297,1.1084599494934082,13.139200210571287
2023-11-27,1.2600330114364624,1.151600003242493,1.717360019683838,1.9142800569534304,9.816530227661133,188.44900512695312,1.1115599870681765,13.173299789428713
2023-11-28,1.2634397745132446,1.1528500318527222,1.718500018119812,1.910390019416809,9.839529991149902,187.54200744628903,1.1118299961090088,13.160300254821776
2023-11-29,1.2712295055389404,1.1548999547958374,1.7238999605178833,1.909559965133667,9.907679557800291,186.92999267578125,1.1145999431610107,13.104900360107422
2023-11-30,1.2696397304534912,1.1568299531936646,1.7252399921417236,1.9183000326156616,9.906299591064451,186.65899658203125,1.1083999872207642,13.144700050354004
2023-12-01,1.2631685733795166,1.1596200466156006,1.712299942970276,1.911679983139038,9.864139556884766,186.927001953125,1.104789972305298,13.243300437927246
2023-12-04,1.271310329437256,1.1674799919128418,1.71465003490448,1.9021199941635132,9.93278980255127,186.0919952392578,1.1031899452209473,13.17490005493164
2023-12-05,1.2634079456329346,1.16566002368927,1.7101000547409058,1.9091099500656128,9.87320041656494,186.1199951171875,1.1022499799728394,13.171600341796877
2023-12-06,1.2594457864761353,1.166790008544922,1.711590051651001,1.921239972114563,9.846369743347168,185.35699462890625,1.101930022239685,13.196900367736816
2023-12-07,1.2558711767196655,1.1663199663162231,1.7067400217056274,1.916669964790344,9.807490348815918,184.8159942626953,1.0982799530029297,13.14780044555664
2023-12-08,1.258954405784607,1.1665300130844116,1.711740016937256,1.9089499711990356,9.831680297851562,181.5989990234375,1.1019500494003296,13.06719970703125
2023-12-11,1.2554770708084106,1.1660799980163574,1.7049000263214111,1.9079099893569944,9.803529739379885,182.0070037841797,1.1042499542236328,13.1318998336792
2023-12-12,1.2554612159729004,1.165969967842102,1.704409956932068,1.912019968032837,9.798500061035156,183.3719940185547,1.10247004032135,13.162500381469728
2023-12-13,1.257071018218994,1.1640100479125977,1.7074999809265137,1.914639949798584,9.81527042388916,182.59800720214844,1.0999599695205688,13.1072998046875
2023-12-14,1.2622915506362915,1.159719944000244,1.704800009727478,1.8936599493026731,9.857999801635742,180.2100067138672,1.099269986152649,13.006400108337402
2023-12-15,1.2771391868591309,1.161479949951172,1.7119799852371216,1.9050300121307373,9.967900276184082,181.66099548339844,1.1072200536727903,13.074899673461914
2023-12-18,1.2672343254089355,1.1629799604415894,1.6956000328063965,1.891510009765625,9.88613986968994,180.32899475097656,1.1031999588012695,13.006500244140623
2023-12-19,1.2651821374893188,1.1579999923706057,1.6949399709701538,1.8871400356292725,9.860639572143556,180.5449981689453,1.096940040588379,12.921500205993652
2023-12-20,1.2732689380645752,1.15910005569458,1.6973999738693235,1.882949948310852,9.928890228271484,183.16400146484375,1.0953600406646729,12.92990016937256
2023-12-21,1.2641266584396362,1.154979944229126,1.6878999471664429,1.874959945678711,9.86732006072998,181.40899658203125,1.090019941329956,12.84630012512207
2023-12-22,1.268499493598938,1.1523100137710571,1.6847599744796753,1.866099953651428,9.905200004577637,180.11399841308594,1.0859500169754028,12.798100471496582
2023-12-27,1.272718071937561,1.152400016784668,1.679419994354248,1.8648799657821655,9.934539794921877,181.26300048828125,1.0861599445343018,12.712599754333496
2023-12-28,1.2800819873809814,1.151900053024292,1.689620018005371,1.8666900396347048,9.99567985534668,180.9499969482422,1.0783300399780271,12.719200134277344
2023-12-29,1.2733986377716064,1.1503599882125854,1.6841200590133667,1.864840030670166,9.94577980041504,180.04100036621094,1.073889970779419,12.706600189208984
2024-01-02,1.2728800773620603,1.1531100273132324,1.6855299472808838,1.8687599897384644,9.939200401306152,179.61399841308594,1.0712000131607056,12.796600341796877
2024-01-03,1.2623074054718018,1.153540015220642,1.681439995765686,1.865540027618408,9.864080429077148,179.427001953125,1.0729999542236328,12.880999565124512
2024-01-04,1.2674272060394287,1.1598999500274658,1.691580057144165,1.8816399574279783,9.893699645996094,181.2030029296875,1.075899958610535,13.027199745178224
2024-01-05,1.2684078216552734,1.158560037612915,1.6937899589538574,1.8911199569702148,9.903499603271484,183.60499572753903,1.078279972076416,12.946200370788574
2024-01-08,1.271779179573059,1.1622099876403809,1.6989599466323853,1.893440008163452,9.93340015411377,184.0379943847656,1.08187997341156,13.04699993133545
2024-01-09,1.274518609046936,1.1633000373840332,1.700899958610535,1.8969000577926636,9.946599960327148,183.7899932861328,1.0806299448013306,13.032899856567385
2024-01-10,1.2712942361831665,1.1625699996948242,1.7018799781799316,1.901319980621338,9.934060096740724,183.57699584960935,1.0834200382232666,13.023500442504885
2024-01-11,1.274518609046936,1.161180019378662,1.704990029335022,1.9012000560760496,9.965700149536133,185.7310028076172,1.0836999416351318,13.020299911499023
2024-01-12,1.2777756452560425,1.1634600162506104,1.7093000411987305,1.907289981842041,9.987299919128418,185.3070068359375,1.087299942970276,13.091300010681152
2024-01-15,1.273658275604248,1.1635299921035769,1.7077900171279907,1.9039299488067627,9.958970069885254,184.85699462890625,1.086750030517578,13.086600303649902
2024-01-16,1.271617412567139,1.1614999771118164,1.7083899974822998,1.9118900299072263,9.946370124816896,185.36700439453125,1.0883699655532837,13.12320041656494
2024-01-17,1.26385498046875,1.1616499423980713,1.7044999599456787,1.9178800582885744,9.89009952545166,186.07699584960935,1.0885000228881836,13.184599876403809
2024-01-18,1.2676842212677002,1.1644799709320068,1.7113900184631348,1.9349100589752195,9.91530990600586,187.74200439453125,1.095460057258606,13.23449993133545
2024-01-19,1.2709871530532837,1.1681699752807615,1.7139300107955933,1.9312700033187864,9.940099716186523,188.22300720214844,1.103219985961914,13.318599700927734
2024-01-22,1.2699863910675049,1.1658999919891355,1.7057199478149414,1.925439953804016,9.9268798828125,188.10299682617188,1.102910041809082,13.277899742126465
2024-01-23,1.2706964015960691,1.1680699586868286,1.7124899625778198,1.933650016784668,9.932169914245604,188.2310028076172,1.104320049285889,13.29599952697754
2024-01-24,1.269196629524231,1.1688300371170044,1.7077499628067017,1.926730036735535,9.925880432128906,188.12600708007812,1.1035499572753906,13.29360008239746
2024-01-25,1.271876335144043,1.1686999797821045,1.7201000452041626,1.9339499473571775,9.941399574279783,187.68800354003903,1.0975500345230105,13.271400451660156
2024-01-26,1.270825743675232,1.171489953994751,1.7126400470733645,1.9302300214767456,9.934240341186523,187.70700073242188,1.1016900539398191,13.260700225830078
2024-01-29,1.2697607278823853,1.1708999872207642,1.708209991455078,1.9299800395965576,9.919770240783691,188.0800018310547,1.0971699953079224,13.282099723815918
2024-01-30,1.2713264226913452,1.1729999780654907,1.7048799991607666,1.921910047531128,9.932029724121094,187.4620056152344,1.094920039176941,13.271599769592283
2024-01-31,1.269551157951355,1.170300006866455,1.70114004611969,1.9247699975967407,9.923060417175291,187.07899475097656,1.0939799547195437,13.208800315856934
2024-02-01,1.2678449153900146,1.173359990119934,1.7031999826431274,1.931980013847351,9.9091796875,186.3459930419922,1.0931799411773682,13.180999755859377
2024-02-02,1.27472984790802,1.1718000173568726,1.705600023269653,1.9384000301361084,9.966899871826172,186.63699340820312,1.093019962310791,13.230600357055664
2024-02-05,1.2621959447860718,1.170740008354187,1.7001099586486816,1.9401799440383911,9.871000289916992,187.427001953125,1.094249963760376,13.261099815368652
2024-02-06,1.2534469366073608,1.166800022125244,1.6972600221633911,1.9340900182724,9.802570343017578,186.30099487304688,1.0912799835205078,13.29010009765625
2024-02-07,1.2606525421142578,1.1717100143432615,1.7000800371170044,1.9301999807357788,9.860199928283691,186.27999877929688,1.0956000089645386,13.236499786376951
2024-02-08,1.2627378702163696,1.1717300415039062,1.6995999813079834,1.9362200498580933,9.871379852294922,186.98399353027344,1.1038000583648682,13.223400115966797
2024-02-09,1.2620525360107422,1.170930027961731,1.698519945144653,1.9420599937438965,9.86970043182373,188.35400390625,1.1022499799728394,13.2121000289917
2024-02-12,1.2637271881103516,1.1702100038528442,1.7005399465560913,1.936579942703247,9.880829811096191,188.49200439453125,1.1046099662780762,13.195899963378906
2024-02-13,1.2627538442611694,1.172070026397705,1.6985599994659424,1.9336199760437012,9.869600296020508,188.63299560546875,1.105739951133728,13.130499839782717
2024-02-14,1.2590652704238892,1.1754000186920166,1.707919955253601,1.9507700204849243,9.844799995422363,189.72900390625,1.1171000003814695,13.317999839782717
2024-02-15,1.2568340301513672,1.1710100173950195,1.7014700174331665,1.933769941329956,9.824799537658691,189.19500732421875,1.1124800443649292,13.209199905395508
2024-02-16,1.259921908378601,1.1691999435424805,1.6963499784469604,1.9305700063705444,9.851900100708008,188.89100646972656,1.1083699464797974,13.164799690246582
2024-02-19,1.2611136436462402,1.1692500114440918,1.6995999813079834,1.928789973258972,9.86180019378662,189.27099609375,1.1105300188064575,13.136500358581545
2024-02-20,1.258764147758484,1.1680699586868286,1.699139952659607,1.9272199869155884,9.84298038482666,189.1139984130859,1.1110999584197998,13.07610034942627
2024-02-21,1.2627378702163696,1.1677500009536743,1.7071800231933594,1.926460027694702,9.873920440673828,189.3090057373047,1.1132899522781372,13.07830047607422
2024-02-22,1.2638070583343506,1.1678999662399292,1.7056299448013306,1.928320050239563,9.882800102233888,189.9900054931641,1.111109972000122,13.088500022888184
2024-02-23,1.266367793083191,1.1694999933242798,1.7071199417114258,1.930490016937256,9.904930114746094,190.53900146484375,1.1144100427627563,13.063799858093262
2024-02-26,1.2672665119171145,1.17113995552063,1.7115999460220337,1.9300700426101685,9.914030075073242,190.70700073242188,1.1166900396347046,13.073200225830078
2024-02-27,1.268455982208252,1.1689900159835815,1.7125999927520752,1.939560055732727,9.923399925231934,190.9669952392578,1.1161099672317505,13.0378999710083
2024-02-28,1.268166422843933,1.169399976730347,1.71589994430542,1.937690019607544,9.921409606933594,190.83399963378903,1.114449977874756,13.068699836730955
2024-02-29,1.2663036584854126,1.1680500507354736,1.718850016593933,1.9492700099945068,9.909449577331545,190.66900634765625,1.112460017204285,13.081600189208984
2024-03-01,1.2625465393066406,1.1684199571609497,1.713629961013794,1.9427000284194944,9.882479667663574,189.4830017089844,1.1166599988937378,13.092100143432615
2024-03-04,1.26603102684021,1.167580008506775,1.7157000303268433,1.9393099546432495,9.910260200500488,190.02999877929688,1.118250012397766,13.047900199890137
2024-03-05,1.269196629524231,1.169029951095581,1.7224500179290771,1.949970006942749,9.92860984802246,190.9320068359375,1.1232399940490725,13.152000427246094
2024-03-06,1.27048659324646,1.170240044593811,1.7263000011444092,1.9532500505447388,9.939499855041504,190.6199951171875,1.122439980506897,13.184000015258787
2024-03-07,1.2735446691513062,1.1683599948883057,1.7208000421524048,1.9393099546432495,9.963179588317873,190.09100341796875,1.123420000076294,13.098899841308594
2024-03-08,1.281558394432068,1.1698999404907229,1.7237399816513062,1.935089945793152,10.0201997756958,189.46499633789065,1.124060034751892,13.09529972076416
2024-03-11,1.2855123281478882,1.1746699810028076,1.7333699464797974,1.940500020980835,10.052450180053713,188.6709747314453,1.1279900074005127,13.123900413513184
2024-03-12,1.2819806337356567,1.1723999977111816,1.7276500463485718,1.937790036201477,10.026100158691406,188.0970001220703,1.1245399713516235,13.117799758911133
2024-03-13,1.2795906066894531,1.170889973640442,1.7263799905776978,1.9364399909973145,10.01099967956543,188.8719940185547,1.122589945793152,13.090100288391112
2024-03-14,1.2802129983901978,1.168720006942749,1.7238600254058838,1.931399941444397,10.014249801635742,188.94000244140625,1.1244200468063354,13.074899673461914
2024-03-15,1.2745835781097412,1.171049952507019,1.725350022315979,1.9371299743652344,9.96957015991211,188.99899291992188,1.126979947090149,13.187399864196776
2024-03-18,1.2731393575668335,1.169819951057434,1.724519968032837,1.941230058670044,9.95736026763916,189.6300048828125,1.1248699426651,13.192299842834473
2024-03-19,1.272718071937561,1.1703599691390991,1.7224199771881104,1.940629959106445,9.950200080871582,189.8040008544922,1.1294699907302856,13.270299911499023
2024-03-20,1.2719409465789795,1.1708199977874756,1.7263200283050537,1.948830008506775,9.948200225830078,192.0959930419922,1.1300599575042725,13.266400337219238
2024-03-21,1.2798361778259275,1.1700999736785889,1.723960041999817,1.9396799802780151,10.0110502243042,192.93600463867188,1.1333099603652954,13.26609992980957
2024-03-22,1.2661913633346558,1.1653000116348269,1.712589979171753,1.926480054855347,9.901300430297852,191.9750061035156,1.1365000009536743,13.246500015258787
2024-03-25,1.25979483127594,1.159600019454956,1.7041000127792358,1.933500051498413,9.858799934387209,190.67771911621097,1.131100058555603,13.306900024414062
2024-03-26,1.2637910842895508,1.1659599542617798,1.7166399955749512,1.9323999881744385,9.883399963378906,191.28399658203125,1.1366599798202517,13.35949993133545
2024-03-27,1.2628495693206787,1.1657500267028809,1.7149800062179563,1.9311699867248535,9.878399848937988,191.2180023193359,1.1411199569702148,13.365799903869627
2024-03-28,1.261670470237732,1.166759967803955,1.714020013809204,1.934340000152588,9.870200157165527,190.80999755859375,1.142300009727478,13.421600341796877
2024-04-02,1.2545477151870728,1.1683499813079834,1.7029600143432615,1.9337689876556396,9.817259788513184,190.1719970703125,1.1354800462722778,13.553000450134276
2024-04-03,1.2576876878738403,1.167870044708252,1.7058299779891968,1.9305200576782229,9.844730377197266,190.5800018310547,1.1416300535202026,13.505599975585938
2024-04-04,1.2651821374893188,1.1672300100326538,1.7107599973678589,1.9259999990463257,9.90371036529541,191.7610015869141,1.142300009727478,13.461199760437012
2024-04-05,1.26401948928833,1.1663600206375122,1.7119300365447998,1.9186899662017824,9.894829750061035,191.22999572753903,1.1394699811935425,13.456700325012209
2024-04-08,1.2625305652618408,1.1656299829483032,1.717460036277771,1.9214500188827517,9.883999824523926,191.5,1.1402000188827517,13.443599700927734
2024-04-09,1.2658709287643433,1.165249943733215,1.717620015144348,1.916300058364868,9.9128999710083,192.18499755859375,1.1454700231552124,13.358799934387209
2024-04-10,1.2677645683288574,1.1673799753189087,1.7206300497055054,1.9124599695205688,9.926389694213867,192.3999938964844,1.1447700262069702,13.374500274658203
2024-04-11,1.2537612915039062,1.1669000387191772,1.716099977493286,1.9265400171279907,9.822500228881836,191.7400054931641,1.1446199417114258,13.441100120544434
2024-04-12,1.2554770708084106,1.1703399419784546,1.7182799577713013,1.919409990310669,9.839139938354492,192.31700134277344,1.1422200202941897,13.461700439453123
2024-04-15,1.2461835145950315,1.1699999570846558,1.7145229578018188,1.924100041389465,9.76669979095459,191.0099945068359,1.138700008392334,13.53159999847412
2024-04-16,1.2447409629821775,1.1713800430297852,1.715809941291809,1.9319100379943848,9.74370002746582,191.92999267578125,1.1348400115966797,13.543399810791016
2024-04-17,1.2431007623672483,1.1703200340270996,1.7176799774169922,1.938390016555786,9.734729766845703,192.2899932861328,1.1343799829483032,13.609800338745115
2024-04-18,1.2453765869140625,1.1671700477600098,1.7148900032043457,1.9337600469589231,9.750570297241213,192.20199584960935,1.1339399814605713,13.62619972229004
2024-04-19,1.2437657117843628,1.1683399677276611,1.712299942970276,1.935629963874817,9.738789558410645,192.27099609375,1.1344000101089478,13.645099639892578
2024-04-22,1.2375777959823608,1.1610499620437622,1.7001999616622925,1.9257400035858152,9.69143009185791,191.3650054931641,1.1273599863052368,13.519000053405762
2024-04-23,1.2350252866744995,1.158900022506714,1.6918799877166748,1.914199948310852,9.676409721374512,191.18299865722656,1.1261199712753296,13.43939971923828
2024-04-24,1.2453300952911377,1.1634000539779663,1.70114004611969,1.9191099405288696,9.756500244140623,192.69500732421875,1.135210037231445,13.455400466918944
2024-04-25,1.2459505796432495,1.1644099950790403,1.7074099779129028,1.917580008506775,9.75564956665039,193.43699645996097,1.139299988746643,13.554499626159668
2024-04-26,1.2509069442749023,1.1659200191497805,1.7083499431610107,1.9174200296401975,9.790559768676758,194.61700439453125,1.1413899660110474,13.61240005493164
2024-04-29,1.2510477304458618,1.1682699918746948,1.7081600427627563,1.9122099876403809,9.792619705200195,197.91099548339844,1.142799973487854,13.664299964904783
2024-04-30,1.2559815645217896,1.172029972076416,1.7164100408554075,1.9139200448989868,9.827489852905272,196.3179931640625,1.1437900066375732,13.730299949645996
2024-05-01,1.2490164041519165,1.170889973640442,1.7206900119781494,1.9284499883651731,9.770669937133787,196.98199462890625,1.148419976234436,13.760499954223633
2024-05-02,1.2539342641830444,1.1698499917984009,1.7205100059509275,1.919469952583313,9.806599617004396,195.2030029296875,1.1488100290298462,13.686200141906738
2024-05-03,1.2540600299835205,1.168619990348816,1.7135800123214722,1.908120036125183,9.797860145568848,191.9129943847656,1.1406199932098389,13.616000175476074
2024-05-07,1.2559815645217896,1.1663899421691897,1.7169100046157837,1.8961000442504885,9.818510055541992,193.7169952392578,1.1387100219726562,13.575900077819824
2024-05-08,1.25014066696167,1.1627999544143677,1.7167400121688845,1.8971199989318848,9.775400161743164,193.4470062255859,1.1356699466705322,13.584600448608398
2024-05-09,1.2493284940719604,1.1624300479888916,1.714900016784668,1.899469971656799,9.764610290527344,194.15899658203125,1.134310007095337,13.626999855041504
2024-05-10,1.2525677680969238,1.161620020866394,1.7130600214004517,1.892449975013733,9.786270141601562,194.6230010986328,1.1345499753952026,13.57979965209961
2024-05-13,1.2522854804992676,1.1626499891281128,1.7126799821853638,1.8970199823379517,9.785470008850098,195.11900329589844,1.1350799798965454,13.580599784851074
2024-05-14,1.2561867237091064,1.1637500524520874,1.7165600061416626,1.8999600410461424,9.81266975402832,196.2400054931641,1.1404399871826172,13.61050033569336
2024-05-15,1.2585265636444092,1.1636699438095093,1.7181700468063354,1.8997100591659544,9.830180168151855,196.9470062255859,1.1411399841308594,13.600199699401855
2024-05-16,1.2690032720565796,1.165249943733215,1.7253700494766235,1.8937300443649292,9.906999588012695,195.7669982910156,1.1426299810409546,13.513099670410156
2024-05-17,1.2672007083892822,1.1659300327301023,1.7251399755477903,1.896199941635132,9.884539604187012,196.88400268554688,1.148059964179993,13.573100090026855
2024-05-20,1.2706480026245115,1.1685800552368164,1.7290199995040894,1.8961900472640991,9.913559913635254,197.8999938964844,1.1548199653625488,13.594599723815918
2024-05-21,1.2710840702056885,1.1702300310134888,1.7314499616622925,1.9047000408172607,9.911359786987305,198.7460021972656,1.1567100286483765,13.571599960327148
2024-05-22,1.2711325883865356,1.1709400415420532,1.733739972114563,1.9064699411392212,9.919779777526855,198.60499572753903,1.1581499576568604,13.590100288391112
2024-05-23,1.2721028327941897,1.1749000549316406,1.7413400411605835,1.9217000007629397,9.926369667053224,199.33900451660156,1.1641499996185305,13.655400276184082
2024-05-24,1.2694060802459717,1.173699975013733,1.743090033531189,1.9227800369262695,9.91133975982666,199.22300720214844,1.1604700088500977,13.628399848937988
2024-05-28,1.2772371768951416,1.1758099794387815,1.7405799627304075,1.9188799858093264,9.969969749450684,200.3090057373047,1.1663000583648682,13.54930019378662
2024-05-29,1.275835633277893,1.1756199598312378,1.741070032119751,1.919000029563904,9.965020179748535,200.63099670410156,1.1639399528503418,13.495100021362305
2024-05-30,1.2697993516921997,1.175469994544983,1.7416000366210938,1.9198600053787231,9.920880317687988,200.11900329589844,1.1593400239944458,13.553299903869627
2024-05-31,1.27304208278656,1.1748000383377075,1.7417500019073486,1.9197700023651123,9.949000358581545,199.78599548339844,1.149809956550598,13.474599838256836
2024-06-03,1.2743724584579468,1.1742500066757202,1.735640048980713,1.91471004486084,9.964699745178224,200.31100463867188,1.1486599445343018,13.411100387573242
2024-06-04,1.2810165882110596,1.1742000579833984,1.74576997756958,1.914680004119873,10.01729965209961,199.9199981689453,1.1464899778366089,13.329899787902832
2024-06-05,1.277302384376526,1.1736799478530884,1.7466399669647217,1.9216599464416504,9.978870391845703,198.1199951171875,1.1366000175476074,13.31070041656494
2024-06-06,1.2794759273529053,1.17645001411438,1.7512600421905518,1.9222300052642824,9.98960018157959,199.48500061035156,1.141950011253357,13.28969955444336
2024-06-07,1.2793285846710205,1.1743899583816528,1.7483400106430054,1.9179099798202517,9.988699913024902,199.1649932861328,1.1378999948501587,13.287799835205078
2024-06-10,1.2729448080062866,1.180899977684021,1.7513600587844849,1.9336600303649905,9.941900253295898,199.61000061035156,1.1404000520706177,13.43929958343506
2024-06-11,1.2726370096206665,1.1822799444198608,1.7512099742889404,1.9258500337600708,9.940699577331545,199.843994140625,1.1409599781036377,13.33329963684082
2024-06-12,1.274047613143921,1.1861599683761597,1.7522799968719482,1.9279899597167969,9.952899932861328,200.14300537109375,1.143720030784607,13.354700088500977
2024-06-13,1.27962327003479,1.1829999685287476,1.755660057067871,1.9203499555587769,9.990099906921388,200.63099670410156,1.1440000534057615,13.281399726867676
2024-06-14,1.2755101919174194,1.187800049781799,1.752940058708191,1.9229799509048464,9.96218967437744,200.4199981689453,1.140239953994751,13.368399620056152
2024-06-17,1.2683112621307373,1.1849900484085083,1.7418700456619265,1.9177600145339968,9.906970024108888,199.8029937744141,1.1296299695968628,13.34220027923584
2024-06-18,1.2715997695922852,1.1836899518966677,1.74344003200531,1.9207500219345093,9.930299758911133,200.4889984130859,1.129420042037964,13.31029987335205
2024-06-19,1.2707449197769165,1.1832300424575806,1.7429800033569336,1.907670021057129,9.92039966583252,200.56199645996097,1.1236000061035156,13.262999534606934
2024-06-20,1.2721998691558838,1.1830999851226809,1.7433099746704102,1.905609965324402,9.928999900817873,200.927001953125,1.1249799728393557,13.278200149536133
2024-06-21,1.266047120094299,1.1824599504470823,1.7323600053787231,1.90064001083374,9.880510330200195,201.20599365234375,1.128559947013855,13.284700393676758
2024-06-24,1.2639029026031494,1.1823899745941162,1.7314599752426147,1.9047600030899048,9.860950469970703,202.0189971923828,1.1301000118255615,13.285200119018556
2024-06-25,1.268343448638916,1.1815400123596191,1.7320499420166016,1.9057999849319456,9.90159034729004,202.51300048828125,1.1327400207519531,13.282899856567385
2024-06-26,1.268399715423584,1.1843199729919434,1.7327200174331665,1.9088200330734253,9.90410041809082,202.5399932861328,1.135540008544922,13.330400466918944
2024-06-27,1.262179970741272,1.18149995803833,1.7294299602508545,1.8992999792099,9.854599952697754,202.71600341796875,1.132099986076355,13.349300384521484
2024-06-28,1.26457417011261,1.180840015411377,1.7321900129318235,1.9012500047683716,9.873700141906738,203.18899536132812,1.1361600160598757,13.432900428771973
2024-07-01,1.2648621797561646,1.1781599521636963,1.7293100357055664,1.8950999975204468,9.875969886779783,203.47999572753903,1.138659954071045,13.364800453186035
2024-07-02,1.26457417011261,1.1776800155639648,1.7369999885559082,1.900179982185364,9.878049850463867,204.22900390625,1.1420199871063232,13.42549991607666
2024-07-03,1.269035577774048,1.180469989776611,1.7353399991989136,1.902400016784668,9.912400245666504,204.8999938964844,1.146630048751831,13.414400100708008
2024-07-04,1.2747784852981567,1.1812200546264648,1.7378400564193726,1.899399995803833,9.954290390014648,206.00900268554688,1.1481900215148926,13.362199783325195
2024-07-05,1.2755752801895142,1.1798399686813354,1.7365200519561768,1.8966000080108645,9.960700035095217,205.80799865722656,1.148210048675537,13.396200180053713
2024-07-08,1.2806508541107178,1.1828800439834597,1.746749997138977,1.8980000019073489,10.005200386047363,205.70899963378903,1.1461999416351318,13.437299728393556
2024-07-09,1.281558394432068,1.1831799745559692,1.7466200590133667,1.9005299806594849,10.00790023803711,206.1419982910156,1.1505500078201294,13.561200141906738
2024-07-10,1.2787723541259766,1.1824599504470823,1.743340015411377,1.8969999551773071,9.989359855651855,206.31199645996097,1.1477500200271606,13.490300178527832
2024-07-11,1.285264492034912,1.1863499879837036,1.7499799728393557,1.9035500288009644,10.037919998168944,207.7030029296875,1.155769944190979,13.55150032043457
2024-07-12,1.292373776435852,1.1884700059890747,1.7604600191116333,1.909119963645935,10.088939666748049,204.4340057373047,1.1578199863433838,13.56149959564209
2024-07-15,1.2966804504394531,1.191140055656433,1.769569993019104,1.915060043334961,10.1225004196167,205.2689971923828,1.162919998168945,13.691200256347656
2024-07-16,1.2970000505447388,1.1897000074386597,1.7737200260162354,1.9175299406051636,10.123849868774414,205.08200073242188,1.1613199710845947,13.746999740600586
2024-07-17,1.29776930809021,1.190000057220459,1.7738499641418457,1.927590012550354,10.132200241088867,205.48199462890625,1.1591999530792236,13.73289966583252
2024-07-18,1.3007453680038452,1.1886999607086182,1.779229998588562,1.9324300289154053,10.153809547424316,202.48599243164065,1.1476199626922607,13.717000007629396
2024-07-19,1.2951691150665283,1.1879299879074097,1.7742999792099,1.9312599897384644,10.114259719848633,203.51499938964844,1.1490600109100342,13.717000007629396
2024-07-22,1.2933096885681152,1.1865400075912476,1.7727400064468384,1.9312700033187864,10.099260330200195,203.5850067138672,1.1484099626541138,13.7701997756958
2024-07-23,1.2932428121566772,1.1874799728393557,1.7794699668884275,1.947460055351257,10.094820022583008,202.88699340820312,1.15038001537323,13.866299629211426
2024-07-24,1.2901561260223389,1.189039945602417,1.7784600257873535,1.9510799646377563,10.0733003616333,200.9499969482422,1.1500799655914309,13.893400192260742
2024-07-25,1.289989709854126,1.1900399923324585,1.7814300060272217,1.961899995803833,10.072609901428224,198.5,1.1415799856185913,13.897500038146973
2024-07-26,1.2856775522232056,1.1847000122070312,1.7760000228881836,1.965499997138977,10.034600257873535,197.57400512695312,1.1321099996566772,13.914999961853027
2024-07-29,1.2868356704711914,1.1855499744415283,1.7794899940490725,1.9631999731063845,10.044899940490724,198.33900451660156,1.1380200386047363,13.917200088500977
2024-07-30,1.286041259765625,1.1885499954223633,1.7816799879074097,1.9628299474716189,10.043339729309082,197.81199645996097,1.1394799947738647,13.93529987335205
2024-07-31,1.2836971282958984,1.1868300437927246,1.777899980545044,1.9623500108718872,10.02869987487793,195.97000122070312,1.13224995136261,13.81779956817627
2024-08-01,1.2853139638900757,1.187000036239624,1.7747199535369873,1.9631600379943848,10.040960311889648,192.46099853515625,1.1285799741744995,13.751500129699709
2024-08-02,1.27289617061615,1.179919958114624,1.7667299509048462,1.9597400426864624,9.94579029083252,189.91000366210935,1.111009955406189,13.656700134277344
2024-08-05,1.278788685798645,1.1720000505447388,1.7752399444580078,1.9656000137329104,9.980389595031738,186.16400146484375,1.0947200059890747,13.540200233459473
2024-08-06,1.2788705825805664,1.1677299737930298,1.7653199434280396,1.9626400470733645,9.964940071105955,186.43600463867188,1.093109965324402,13.470999717712402
2024-08-07,1.2684721946716309,1.1605000495910645,1.7485699653625488,1.9470000267028809,9.886799812316896,183.58200073242188,1.0814000368118286,13.36400032043457
2024-08-08,1.2680377960205078,1.1600699424743652,1.743649959564209,1.945930004119873,9.879260063171388,185.2729949951172,1.0893499851226809,13.273799896240234
2024-08-09,1.2747459411621094,1.167739987373352,1.7507100105285645,1.9336700439453125,9.934419631958008,188.21299743652344,1.1049400568008425,13.397100448608398
2024-08-12,1.2750385999679563,1.1681599617004397,1.7508000135421753,1.941100001335144,9.941399574279783,187.4669952392578,1.1025999784469604,13.408100128173828
2024-08-13,1.2771228551864624,1.1676700115203855,1.7546900510787964,1.939069986343384,9.949790000915527,187.68699645996097,1.1041799783706665,13.43560028076172
2024-08-14,1.2866700887680054,1.1699399948120115,1.7638100385665894,1.9380199909210205,10.020050048828123,189.08999633789065,1.1131600141525269,13.458000183105469
2024-08-15,1.2828736305236816,1.164680004119873,1.7587000131607056,1.9432899951934817,9.992899894714355,188.8650054931641,1.1092000007629397,13.424500465393066
2024-08-16,1.2859420776367188,1.1718699932098389,1.765910029411316,1.9446200132369995,10.02513027191162,191.8800048828125,1.1219300031661987,13.553899765014648
2024-08-19,1.294716238975525,1.1742700338363647,1.7708100080490112,1.9400500059127808,10.090370178222656,191.54600524902344,1.123170018196106,13.509900093078612
2024-08-20,1.299038648605347,1.1714999675750732,1.770400047302246,1.928599953651428,10.117349624633787,190.5590057373047,1.1204299926757812,13.38860034942627
2024-08-21,1.3035430908203125,1.1712299585342407,1.774809956550598,1.9316999912261963,10.150460243225098,189.44500732421875,1.1126099824905396,13.299099922180176
2024-08-22,1.309346079826355,1.173609972000122,1.778349995613098,1.9395999908447263,10.201889991760254,189.99400329589844,1.114259958267212,13.331700325012209
2024-08-23,1.3097747564315796,1.178030014038086,1.7814300060272217,1.952299952507019,10.210180282592772,191.42999267578125,1.1154799461364746,13.404500007629396
2024-08-27,1.3191741704940796,1.1812000274658203,1.778309941291809,1.9476200342178345,10.284139633178713,190.62600708007812,1.1173900365829468,13.47070026397705
2024-08-28,1.3257501125335691,1.185920000076294,1.782539963722229,1.9529099464416504,10.34160041809082,190.8520050048828,1.1156699657440186,13.456100463867188
2024-08-29,1.319365620613098,1.1858700513839722,1.777750015258789,1.9449199438095093,10.289910316467283,190.5449981689453,1.1105600595474243,13.451299667358398
2024-08-30,1.3166210651397705,1.1881200075149536,1.7757200002670288,1.937119960784912,10.264229774475098,190.7429962158203,1.1146999597549438,13.454299926757812
2024-09-02,1.3128528594970703,1.1886800527572632,1.771239995956421,1.9398000240325928,10.23740005493164,192.18299865722656,1.115399956703186,13.48419952392578
2024-09-03,1.314198613166809,1.187199950218201,1.7736599445343018,1.936110019683838,10.244999885559082,192.7899932861328,1.1187599897384644,13.469599723815918
2024-09-04,1.3114066123962402,1.1868000030517578,1.77593994140625,1.953179955482483,10.225179672241213,190.58799743652344,1.1145000457763672,13.5024995803833
2024-09-05,1.3144749402999878,1.1862000226974487,1.775149941444397,1.9569799900054932,10.24573040008545,188.3919982910156,1.1119999885559082,13.501999855041504
2024-09-06,1.317748785018921,1.1858899593353271,1.7787400484085083,1.9548300504684448,10.268600463867188,188.94400024414065,1.111850023269653,13.506199836730955
2024-09-09,1.3133355379104614,1.1844199895858765,1.7809799909591677,1.968559980392456,10.236599922180176,187.11300659179688,1.1082500219345093,13.52340030670166
2024-09-10,1.307138204574585,1.184000015258789,1.7724000215530396,1.9632099866867063,10.18910026550293,187.14100646972656,1.110100030899048,13.565699577331545
2024-09-11,1.3080273866653442,1.1868000030517578,1.780110001564026,1.9658299684524536,10.197879791259766,186.0249938964844,1.1073499917984009,13.565299987792969
2024-09-12,1.3039510250091553,1.1835999488830566,1.7701300382614136,1.9534900188446045,10.166150093078612,185.92300415039065,1.1116100549697876,13.544300079345703
2024-09-13,1.313232183456421,1.185349941253662,1.782670021057129,1.951900005340576,10.246600151062012,185.8090057373047,1.116000056266785,13.497699737548828
2024-09-16,1.3137997388839722,1.184620022773743,1.7831000089645386,1.9565000534057615,10.242329597473145,184.9199981689453,1.1134999990463257,13.41219997406006
2024-09-17,1.3210737705230713,1.1869399547576904,1.7947700023651123,1.9565000534057615,10.293180465698242,185.98500061035156,1.1157100200653076,13.445500373840332
2024-09-18,1.3167423009872437,1.1837300062179563,1.7892999649047852,1.946969985961914,10.26200008392334,186.9889984130859,1.1143100261688232,13.400099754333496
2024-09-19,1.3201146125793457,1.1878399848937988,1.7967100143432615,1.9516899585723877,10.287830352783203,188.39100646972656,1.118579983711243,13.475299835205078
2024-09-20,1.328179955482483,1.1900700330734253,1.801259994506836,1.95032000541687,10.35060977935791,189.72999572753903,1.1259299516677856,13.49619960784912
2024-09-23,1.331398367881775,1.1928399801254272,1.805830001831055,1.9549299478530884,10.371190071105955,191.71636962890625,1.1327199935913086,13.53219985961914
2024-09-24,1.334988713264465,1.2013599872589111,1.8060699701309204,1.9532300233840945,10.39321994781494,191.7469940185547,1.131100058555603,13.606800079345703
2024-09-25,1.3427324295043943,1.199720025062561,1.801929950714111,1.944350004196167,10.448599815368652,191.9550018310547,1.129870057106018,13.53339958190918
2024-09-26,1.3315792083740234,1.1962300539016724,1.7952100038528442,1.951889991760254,10.366849899291992,192.6499938964844,1.132599949836731,13.556599617004396
2024-09-27,1.341381549835205,1.1993999481201172,1.807170033454895,1.9455699920654297,10.432129859924316,194.552001953125,1.1349200010299685,13.568699836730955
2024-09-30,1.338329792022705,1.1980899572372437,1.807829976081848,1.9335999488830569,10.402700424194336,191.08299255371097,1.125730037689209,13.4931001663208
2024-10-01,1.3376137018203735,1.2007999420166016,1.8092000484466553,1.9339599609375,10.397199630737305,192.21299743652344,1.1306099891662598,13.57979965209961
2024-10-02,1.327404260635376,1.1995400190353394,1.7909300327301023,1.9292099475860596,10.314550399780272,190.781005859375,1.123280048370361,13.635199546813965
2024-10-03,1.326611876487732,1.2007399797439575,1.7913199663162231,1.9259999990463257,10.295980453491213,194.43499755859375,1.1273800134658811,13.61139965057373
2024-10-04,1.3130252361297607,1.1894999742507937,1.7784600257873535,1.9164700508117676,10.19441032409668,192.781005859375,1.118280053138733,13.52180004119873
2024-10-07,1.3125253915786743,1.1961300373077393,1.7821199893951416,1.929800033569336,10.191710472106934,195.31399536132812,1.1269099712371826,13.612600326538086
2024-10-08,1.3084723949432373,1.1920000314712524,1.7820299863815308,1.9363000392913816,10.160690307617188,193.82699584960935,1.1180599927902222,13.54259967803955
2024-10-09,1.309483289718628,1.1929800510406494,1.787719964981079,1.942870020866394,10.179070472717283,193.99099731445312,1.1224000453948977,13.521100044250488
2024-10-10,1.306830883026123,1.1942600011825562,1.7913800477981567,1.9452099800109863,10.156160354614258,194.91000366210935,1.1243900060653689,13.57919979095459
2024-10-11,1.3062163591384888,1.194540023803711,1.7953399419784546,1.937540054321289,10.147250175476074,194.2220001220703,1.1187700033187866,13.57009983062744
2024-10-14,1.3049037456512451,1.194499969482422,1.7982200384140017,1.9384599924087524,10.140990257263184,194.85299682617188,1.119860053062439,13.56089973449707
2024-10-15,1.3067454099655151,1.1976100206375122,1.8032399415969849,1.943269968032837,10.142000198364258,195.5529937744141,1.1266000270843506,13.61740016937256
2024-10-16,1.3065917491912842,1.200369954109192,1.8005000352859497,1.9552799463272097,10.14840030670166,194.80799865722656,1.1269099712371826,13.613499641418455
2024-10-17,1.29902184009552,1.1961699724197388,1.7867900133132937,1.9488699436187744,10.09280014038086,194.26400756835935,1.124060034751892,13.645299911499023
2024-10-18,1.301574945449829,1.2015000581741333,1.7950999736785889,1.9425499439239504,10.116339683532717,195.3489990234375,1.1271100044250488,13.721699714660645
2024-10-21,1.3052616119384766,1.2008700370788574,1.8011000156402588,1.9436999559402464,10.140999794006348,195.2519989013672,1.128890037536621,13.73169994354248
2024-10-22,1.298296570777893,1.2002500295639038,1.7958500385284424,1.9512200355529783,10.09138011932373,195.48321533203125,1.1235599517822266,13.706100463867188
2024-10-23,1.2982797622680664,1.202370047569275,1.793660044670105,1.942389965057373,10.08899974822998,196.2100067138672,1.123610019683838,13.686699867248535
2024-10-24,1.291372299194336,1.1978199481964111,1.7867599725723269,1.946269989013672,10.032039642333984,197.2729949951172,1.1192400455474854,13.680399894714355
2024-10-25,1.2973365783691406,1.1984200477600098,1.7969199419021606,1.9551399946212769,10.078909873962402,196.88699340820312,1.1232099533081057,13.70110034942627
2024-10-28,1.295823574066162,1.2000999450683594,1.8004499673843384,1.9622100591659544,10.06838035583496,198.17999267578125,1.125290036201477,13.74940013885498
2024-10-29,1.2974711656570437,1.1992599964141846,1.801830053329468,1.970829963684082,10.08119010925293,198.71600341796875,1.121940016746521,13.807600021362305
2024-10-30,1.3014055490493774,1.2025799751281738,1.810099959373474,1.983199954032898,10.11180019378662,199.4499969482422,1.1282999515533447,13.838700294494627
2024-10-31,1.2959579229354858,1.1933000087738037,1.802209973335266,1.9713799953460691,10.069740295410156,198.5249938964844,1.122689962387085,13.833700180053713
2024-11-01,1.2897733449935913,1.1849299669265747,1.7971899509429932,1.9609400033950808,10.0246000289917,196.0070037841797,1.1136800050735474,13.732500076293944
2024-11-04,1.2953401803970337,1.1910899877548218,1.802839994430542,1.9649200439453125,10.071969985961914,197.25100708007812,1.1237599849700928,13.843899726867676
2024-11-05,1.2954542636871338,1.191290020942688,1.8006600141525269,1.9673000574111936,10.068120002746582,197.2550048828125,1.1194499731063845,13.886099815368652
2024-11-06,1.3043591976165771,1.192739963531494,1.8042399883270264,1.963860034942627,10.13510036468506,197.5030059814453,1.124750018119812,13.938199996948242
2024-11-07,1.2883278131484983,1.2003799676895142,1.796820044517517,1.9616600275039673,10.017200469970703,198.79600524902344,1.128000020980835,13.97700023651123
2024-11-08,1.2982292175292969,1.2024699449539185,1.8000400066375732,1.944100022315979,10.086999893188477,198.8459930419922,1.132930040359497,13.87119960784912
2024-11-11,1.2917059659957886,1.2054200172424316,1.796339988708496,1.9615399837493896,10.041749954223633,197.49200439453125,1.131440043449402,13.97439956665039
2024-11-12,1.2874983549118042,1.2069000005722046,1.792019963264465,1.9566999673843384,10.008399963378906,197.55499267578125,1.1331299543380735,13.946399688720703
2024-11-13,1.2739177942276,1.1997499465942385,1.7762500047683716,1.950700044631958,9.906999588012695,196.99200439453125,1.1236200332641602,13.88700008392334
2024-11-14,1.27068030834198,1.2027599811553955,1.7778500318527222,1.95701003074646,9.886199951171877,197.48699951171875,1.1254500150680542,13.95580005645752
2024-11-15,1.266784906387329,1.202929973602295,1.7811100482940674,1.9621700048446655,9.85509967803955,198.20799255371097,1.1276999711990356,13.92870044708252
2024-11-18,1.261765956878662,1.1977699995040894,1.7772400379180908,1.9520699977874756,9.823880195617676,195.14100646972656,1.1212400197982788,13.8548002243042
2024-11-19,1.2679253816604614,1.1964000463485718,1.777400016784668,1.9484000205993652,9.8681001663208,196.0279998779297,1.1197799444198608,13.828700065612791
2024-11-20,1.2694543600082395,1.1966899633407593,1.7714600563049316,1.940500020980835,9.879719734191896,196.39700317382812,1.119670033454895,13.84570026397705
2024-11-21,1.2655344009399414,1.1998000144958496,1.7669999599456787,1.9428000450134275,9.847100257873535,196.4960021972656,1.117900013923645,13.94760036468506
2024-11-22,1.2584789991378784,1.2019599676132202,1.7591500282287598,1.9328800439834597,9.793720245361328,194.05999755859375,1.1160600185394287,13.92140007019043
2024-11-25,1.2593823671340942,1.2016199827194214,1.7510000467300415,1.9255499839782717,9.800869941711426,194.1179962158203,1.121340036392212,13.811200141906738
2024-11-26,1.2533055543899536,1.1994999647140503,1.7667200565338137,1.9387799501419067,9.752650260925291,193.4499969482422,1.1138399839401243,13.84749984741211
2024-11-27,1.2573871612548828,1.1984000205993652,1.7668499946594238,1.941789984703064,9.784119606018066,192.37600708007812,1.1142699718475342,13.807299613952637
2024-11-28,1.2677645683288574,1.2000000476837158,1.7780300378799438,1.950899958610535,9.863380432128906,191.85899353027344,1.1184200048446655,13.838000297546388
2024-11-29,1.2696800231933594,1.20169997215271,1.778149962425232,1.9508399963378904,9.879799842834473,191.91000366210935,1.1200900077819824,13.85669994354248
2024-12-02,1.270163893699646,1.204390048980713,1.7796399593353271,1.9531500339508057,9.88243007659912,190.37399291992188,1.1202399730682373,13.877599716186523
2024-12-03,1.265854835510254,1.2053699493408203,1.7777700424194336,1.954740047454834,9.848710060119627,189.24099731445312,1.1217999458312988,13.905099868774414
2024-12-04,1.2674272060394287,1.2057600021362305,1.7826299667358398,1.954200029373169,9.863300323486328,189.6479949951172,1.1233700513839722,13.937999725341797
2024-12-05,1.2701154947280884,1.2081400156021118,1.7873200178146362,1.9748400449752808,9.885640144348145,191.2270050048828,1.1223900318145752,13.873700141906738
2024-12-06,1.2759333848953247,1.205299973487854,1.7889800071716309,1.978060007095337,9.928139686584473,191.63699340820312,1.1207000017166138,13.844499588012695
2024-12-09,1.2749296426773071,1.206570029258728,1.8035800457000732,1.9918899536132812,9.917349815368652,191.1699981689453,1.1201200485229492,13.92360019683838
2024-12-10,1.2749085426330566,1.207710027694702,1.8069599866867063,1.980329990386963,9.910719871520996,193.0330047607422,1.1200599670410156,13.90779972076416
2024-12-11,1.2780042886734009,1.2134100198745728,1.811390042304993,2.0037999153137207,9.934410095214844,193.9949951171875,1.127959966659546,14.007399559020996
2024-12-12,1.2766337394714355,1.2149200439453125,1.8058899641036987,1.9995499849319456,9.923609733581545,194.33599853515625,1.127400040626526,13.991700172424316
2024-12-13,1.2677323818206787,1.210260033607483,1.802330017089844,1.989490032196045,9.855429649353027,193.427001953125,1.1307200193405151,13.958100318908691
2024-12-16,1.2627378702163696,1.2013499736785889,1.7962100505828855,1.9829800128936768,9.81704044342041,193.7539978027344,1.1259700059890747,13.859100341796877
2024-12-17,1.269035577774048,1.2066099643707275,1.805999994277954,1.9901000261306765,9.865489959716797,195.53599548339844,1.1344900131225586,13.802599906921388
2024-12-18,1.2710840702056885,1.211069941520691,1.8187999725341797,2.004800081253052,9.875470161437988,195.1929931640625,1.1343599557876587,13.922499656677246
2024-12-19,1.2567708492279053,1.2137999534606934,1.81728994846344,2.0248401165008545,9.765729904174805,194.3769989013672,1.1331499814987185,13.984100341796877
2024-12-20,1.2497968673706057,1.2057199478149414,1.7994999885559082,2.005229949951172,9.709400177001951,197.0099945068359,1.1231000423431396,13.780200004577637
2024-12-23,1.256991982460022,1.204699993133545,1.8050400018692017,2.0100600719451904,9.769120216369627,196.7429962158203,1.1224499940872192,13.853599548339844
2024-12-24,1.2534469366073608,1.204300045967102,1.8014299869537354,2.007129907608032,9.737330436706545,196.95492553710935,1.126039981842041,13.844200134277344
2024-12-27,1.2529758214950562,1.2020200490951538,1.80525004863739,2.0131399631500244,9.73095989227295,197.625,1.1261199712753296,13.841300010681152
2024-12-30,1.257880687713623,1.2060099840164185,1.8116600513458252,2.020509958267212,9.764630317687988,198.5720062255859,1.1343200206756592,13.827799797058104
2024-12-31,1.254909873008728,1.205780029296875,1.8006399869918823,2.0176799297332764,9.740790367126465,196.99899291992188,1.1333500146865845,13.83329963684082
2025-01-02,1.2519248723983765,1.2092399597167969,1.7991299629211426,2.0207700729370117,9.723509788513184,197.40499877929688,1.1363099813461304,13.845000267028809
2025-01-03,1.2380222082138062,1.2055599689483645,1.7830599546432495,1.996340036392212,9.62600040435791,194.7975311279297,1.1289600133895874,13.797699928283691
2025-01-06,1.2426837682724,1.2057700157165527,1.7943099737167358,1.9976600408554075,9.664139747619627,195.68600463867188,1.129889965057373,13.811800003051758
2025-01-07,1.2510946989059448,1.2047499418258667,1.7936899662017822,2.005079984664917,9.726530075073242,197.33900451660156,1.1322200298309326,13.822500228881836
2025-01-08,1.247785210609436,1.205899953842163,1.7922099828720093,2.0011301040649414,9.702380180358888,197.3999938964844,1.1346900463104248,13.86359977722168
2025-01-09,1.2359870672225952,1.1982100009918213,1.7770099639892578,1.9896800518035889,9.613900184631348,195.51300048828125,1.1258599758148191,13.782899856567385
2025-01-10,1.2299367189407349,1.1943000555038452,1.7710700035095217,1.986930012702942,9.569820404052734,194.3800048828125,1.1217000484466553,13.72350025177002
2025-01-13,1.220494508743286,1.1912800073623655,1.7591899633407593,1.982740044593811,9.502300262451172,192.6840057373047,1.1188100576400757,13.686699867248535
2025-01-14,1.2233314514160156,1.1916699409484863,1.7568600177764893,1.975499987602234,9.522000312805176,192.49400329589844,1.1202399730682373,13.720100402832031
2025-01-15,1.221344232559204,1.1845300197601318,1.7522200345993042,1.9720699787139893,9.507200241088867,192.97799682617188,1.1141200065612793,13.64109992980957
2025-01-16,1.2243348360061646,1.1891000270843506,1.753600001335144,1.9633599519729616,9.530179977416992,191.2879943847656,1.1166199445724487,13.644100189208984
2025-01-17,1.223690629005432,1.1876599788665771,1.761299967765808,1.970080018043518,9.527600288391112,190.0780029296875,1.114789962768555,13.638699531555176
2025-01-20,1.2171002626419067,1.1841800212860107,1.761579990386963,1.964400053024292,9.473540306091309,190.22900390625,1.1130900382995603,13.598400115966797
2025-01-21,1.233136773109436,1.183210015296936,1.7634899616241455,1.9631099700927737,9.592530250549316,191.4250030517578,1.1172000169754028,13.567399978637695
2025-01-22,1.2335399389266968,1.1853400468826294,1.7690500020980835,1.9697200059890747,9.602290153503418,192.13999938964844,1.118299961090088,13.558899879455566
2025-01-23,1.231420874595642,1.183019995689392,1.7723699808120728,1.96288001537323,9.58903980255127,192.6199951171875,1.11598002910614,13.549599647521973
2025-01-24,1.2353914976119995,1.1858700513839722,1.776010036468506,1.965870022773743,9.62110996246338,192.8760681152344,1.1209299564361572,13.59529972076416
2025-01-27,1.2459352016448977,1.1900999546051023,1.792099952697754,1.9796199798583984,9.701279640197754,194.0279998779297,1.129729986190796,13.647100448608398
2025-01-28,1.2460592985153198,1.1928600072860718,1.7941700220108032,1.989199995994568,9.703499794006348,193.0070037841797,1.1263600587844849,13.681599617004396
2025-01-29,1.244168043136597,1.192770004272461,1.7912499904632568,1.9891599416732788,9.68982982635498,193.5019989013672,1.124690055847168,13.67360019683838
2025-01-30,1.245530128479004,1.194640040397644,1.7933299541473389,1.995959997177124,9.704019546508787,193.25799560546875,1.1287200450897217,13.69200038909912
2025-01-31,1.2423903942108154,1.1947699785232544,1.800379991531372,1.9987499713897705,9.678230285644531,191.4250030517578,1.1298500299453735,13.723099708557127
2025-02-03,1.2291958332061768,1.1990400552749634,1.808769941329956,2.000190019607544,9.580400466918944,190.9470062255859,1.1247700452804563,13.793499946594238
2025-02-04,1.2431780099868774,1.2036700248718262,1.7923200130462646,1.9992899894714355,9.685879707336426,193.0240020751953,1.133190035820007,13.777799606323242
2025-02-05,1.2478163242340088,1.2027900218963623,1.7883700132369995,1.995859980583191,9.714570045471191,192.2949981689453,1.129420042037964,13.694899559020996
2025-02-06,1.2504063844680786,1.20209002494812,1.7898499965667725,1.989330053329468,9.735159873962402,190.8000030517578,1.1269500255584717,13.636099815368652
2025-02-07,1.2437502145767212,1.197350025177002,1.7787729501724243,1.9795700311660769,9.682600021362305,188.01300048828125,1.125499963760376,13.549400329589844
2025-02-10,1.2391574382781982,1.2016199827194214,1.775820016860962,1.9796799421310425,9.652509689331056,188.14599609375,1.1284600496292114,13.60319995880127
2025-02-11,1.2360633611679075,1.1996099948883057,1.771720051765442,1.970900058746338,9.625940322875977,187.55099487304688,1.1262400150299072,13.506699562072754
2025-02-12,1.245159387588501,1.2012699842453003,1.7786500453948977,1.976940035820007,9.70125961303711,190.1750030517578,1.1367700099945068,13.514399528503418
2025-02-13,1.2450664043426514,1.1979600191116333,1.7802200317382812,1.981760025024414,9.697199821472168,192.03599548339844,1.1370899677276611,13.526900291442873
2025-02-14,1.2563445568084717,1.2008399963378906,1.7829400300979614,1.9887499809265137,9.783550262451172,192.1970062255859,1.1347299814224243,13.487799644470217
2025-02-17,1.2584155797958374,1.1996500492095947,1.7848399877548218,1.979609966278076,9.793160438537598,191.29600524902344,1.132290005683899,13.46619987487793
2025-02-18,1.262148141860962,1.2036099433898926,1.790220022201538,1.9854999780654907,9.81846046447754,191.125,1.1366000175476074,13.49470043182373
2025-02-19,1.2625784873962402,1.2082300186157229,1.7913199663162231,1.98717999458313,9.81449031829834,191.8159942626953,1.140779972076416,13.529800415039062
2025-02-20,1.2584155797958374,1.207370042800903,1.7914299964904783,1.984279990196228,9.786399841308594,190.26600646972656,1.1380900144577026,13.49590015411377
2025-02-21,1.267040133476257,1.206570029258728,1.7958699464797974,1.978600025177002,9.851280212402344,189.27000427246097,1.13782000541687,13.467599868774414
2025-02-24,1.2649900913238523,1.2076200246810913,1.7976800203323364,1.98566997051239,9.827679634094238,188.96600341796875,1.1364799737930298,13.437899589538574
2025-02-25,1.261781930923462,1.2060400247573853,1.8012700080871582,1.9906799793243408,9.807849884033203,189.07000732421875,1.1321799755096436,13.459600448608398
2025-02-26,1.2674431800842283,1.204200029373169,1.8122400045394895,1.9950000047683716,9.85044002532959,188.9250030517578,1.1308799982070925,13.421299934387209
2025-02-27,1.2682307958602903,1.2089999914169312,1.81810998916626,2.009299993515014,9.856659889221191,188.74099731445312,1.1340999603271484,13.489500045776367
2025-02-28,1.259890079498291,1.2119200229644775,1.819599986076355,2.021440029144287,9.797160148620604,188.98699951171875,1.13372004032135,13.55270004272461
2025-03-03,1.260398268699646,1.2102500200271606,1.8200299739837649,2.0259900093078613,9.802120208740234,190.0189971923828,1.1375199556350708,13.519399642944336
2025-03-04,1.270147681236267,1.211300015449524,1.840540051460266,2.0429999828338623,9.876700401306152,189.62399291992188,1.138949990272522,13.347100257873535
2025-03-05,1.2794268131256104,1.2041000127792358,1.8417500257492063,2.040800094604492,9.942560195922852,191.6289978027344,1.1380599737167358,13.32009983062744
2025-03-06,1.2891913652420044,1.194100022315979,1.8482799530029297,2.033780097961426,10.01669979095459,191.93099975585935,1.1480900049209597,13.132399559020996
2025-03-07,1.288530349731445,1.1943600177764893,1.841349959373474,2.034709930419922,10.015600204467772,190.8300018310547,1.1381100416183472,13.088600158691406
2025-03-10,1.2932428121566772,1.1907000541687012,1.858330011367798,2.051379919052124,10.049249649047852,190.88299560546875,1.134559988975525,13.022600173950195
2025-03-11,1.2875481843948364,1.187749981880188,1.857640027999878,2.0502700805664062,10.00076961517334,189.3430023193359,1.1329200267791748,13.029600143432615
2025-03-12,1.294481635093689,1.185979962348938,1.8681600093841553,2.0561299324035645,10.057470321655272,191.62600708007812,1.1435199975967407,12.956100463867188
2025-03-13,1.2964283227920532,1.190809965133667,1.8617600202560425,2.0487000942230225,10.070879936218262,192.218994140625,1.1430699825286863,13.080100059509276
2025-03-14,1.2958402633666992,1.1935499906539917,1.8690799474716189,2.060699939727783,10.06898021697998,191.6909942626953,1.1435600519180298,13.204700469970703
2025-03-17,1.2930588722229004,1.188230037689209,1.8578799962997437,2.043800115585327,10.04951000213623,192.1289978027344,1.143090009689331,13.09000015258789
2025-03-18,1.2985326051712036,1.189170002937317,1.8561999797821045,2.0345799922943115,10.08810043334961,193.96400451660156,1.1442400217056274,13.096799850463867
2025-03-19,1.3000519275665283,1.1883100271224976,1.8585000038146973,2.0435900688171387,10.099900245666504,194.27699279785156,1.1396700143814087,13.062299728393556
2025-03-20,1.3010668754577637,1.1919000148773191,1.8629300594329832,2.044290065765381,10.10849952697754,193.18299865722656,1.1401000022888184,13.124199867248535
2025-03-21,1.2967981100082395,1.194309949874878,1.8572399616241455,2.0569698810577393,10.07777976989746,192.68699645996097,1.1429500579833984,13.109999656677246
2025-03-24,1.2924572229385376,1.1927000284194946,1.852329969406128,2.0552399158477783,10.045709609985352,193.44200134277344,1.1410900354385376,13.066900253295898
2025-03-25,1.2924238443374634,1.1962000131607056,1.8500800132751465,2.055910110473633,10.045869827270508,194.8500061035156,1.140720009803772,13.04800033569336
2025-03-26,1.2943308353424072,1.19992995262146,1.8475799560546875,2.0524399280548096,10.064000129699709,194.0800018310547,1.1425199508666992,12.992799758911133
2025-03-27,1.2877637147903442,1.1987500190734863,1.840790033340454,2.0482099056243896,10.012240409851074,193.76400756835935,1.1385400295257568,12.970600128173828
2025-03-28,1.295202612876892,1.1990400552749634,1.852970004081726,2.055219888687134,10.07030963897705,195.36099243164065,1.1416499614715576,12.936200141906738
2025-03-31,1.2938284873962402,1.1952600479125977,1.8512799739837649,2.0592100620269775,10.063030242919922,193.56500244140625,1.139580011367798,12.94849967956543
2025-04-01,1.292089819908142,1.1942100524902344,1.8592900037765503,2.0703001022338867,10.051019668579102,193.68800354003903,1.1418700218200684,12.971799850463867
2025-04-02,1.292306900024414,1.196969985961914,1.846879959106445,2.054569959640503,10.055399894714355,193.55599975585935,1.141909956932068,12.933600425720217
2025-04-03,1.3046314716339111,1.196269989013672,1.854580044746399,2.0822999477386475,10.153820037841797,192.9029998779297,1.1438000202178955,12.85990047454834
2025-04-04,1.308866262435913,1.1850800514221191,1.843109965324402,2.0697100162506104,10.178709983825684,191.3820037841797,1.1245100498199463,12.812999725341797
2025-04-07,1.2910722494125366,1.175189971923828,1.8383400440216064,2.1559898853302,10.031530380249023,187.7429962158203,1.0993499755859375,12.921899795532228
2025-04-08,1.2734960317611694,1.166509985923767,1.8129199743270872,2.1229898929595947,9.891300201416016,188.18499755859375,1.0946500301361084,12.820500373840332
2025-04-09,1.2790995836257937,1.164620041847229,1.8227200508117676,2.14736008644104,9.935830116271973,186.51499938964844,1.0814599990844729,12.793499946594238
2025-04-10,1.2825446128845217,1.1710200309753418,1.808500051498413,2.0908799171447754,9.952980041503906,189.03500366210935,1.0971100330352783,12.772700309753418
2025-04-11,1.2992074489593506,1.1539299488067627,1.8121000528335571,2.087270021438598,10.076720237731934,186.7400054931641,1.0661900043487549,12.763099670410156
2025-04-14,1.3085237741470337,1.1534299850463867,1.815279960632324,2.0764200687408447,10.146249771118164,188.0019989013672,1.0703400373458862,12.77929973602295
2025-04-15,1.3174536228179932,1.1615999937057495,1.831089973449707,2.0844600200653076,10.216670036315918,188.6699981689453,1.074910044670105,12.873499870300291
2025-04-16,1.323101282119751,1.1715199947357178,1.846529960632324,2.0874500274658203,10.262269973754885,189.36000061035156,1.0858700275421145,13.060999870300291
2025-04-17,1.3233989477157593,1.1611599922180176,1.834079027175903,2.0774500370025635,10.27145004272461,187.7740020751953,1.0768799781799316,12.906499862670898
2025-04-22,1.3379716873168943,1.1620700359344482,1.8506699800491333,2.08309006690979,10.378950119018556,188.4530029296875,1.0820000171661377,12.73390007019043
2025-04-23,1.327316164970398,1.1691999435424805,1.8378499746322632,2.0815699100494385,10.296199798583984,189.3800048828125,1.0964499711990356,12.741900444030762
2025-04-24,1.326453447341919,1.1709500551223757,1.8402099609375,2.0838100910186768,10.291640281677246,189.9680023193359,1.100659966468811,12.84689998626709
2025-04-25,1.3326226472854614,1.1718300580978394,1.846619963645935,2.081860065460205,10.338029861450195,190.3919982910156,1.1043399572372437,12.8100004196167
2025-04-28,1.3290096521377563,1.171589970588684,1.8430999517440796,2.0826199054718018,10.308329582214355,191.1580047607422,1.10099995136261,12.866900444030762
2025-04-29,1.3436164855957031,1.1775699853897097,1.8581299781799316,2.0898399353027344,10.42099952697754,191.01499938964844,1.1032700538635254,12.88889980316162
2025-04-30,1.3410794734954834,1.1774300336837769,1.8541899919509888,2.1002399921417236,10.402999877929688,190.8249969482422,1.1042100191116333,12.93239974975586
2025-05-01,1.3323917388916016,1.176419973373413,1.8372000455856323,2.0774600505828857,10.33197021484375,190.5290069580078,1.100409984588623,12.847999572753906
2025-05-02,1.328638792037964,1.1760599613189695,1.8395700454711912,2.0801498889923096,10.304590225219728,193.2330017089844,1.101199984550476,12.95400047302246
2025-05-06,1.329256892204285,1.1748700141906738,1.836899995803833,2.057080030441284,10.30150032043457,190.9199981689453,1.092560052871704,12.843099594116213
2025-05-07,1.335594892501831,1.1773600578308103,1.838850021362305,2.0525999069213867,10.351110458374023,191.01600646972656,1.1025999784469604,12.782999992370604
2025-05-08,1.3294159173965454,1.175510048866272,1.838850021362305,2.0665700435638428,10.312620162963867,191.18600463867188,1.0951600074768066,12.844400405883787
2025-05-09,1.323539137840271,1.179069995880127,1.8427799940109253,2.0702099800109863,10.289549827575684,193.24899291992188,1.1008199453353882,12.895299911499023
2025-05-12,1.3289036750793457,1.1832599639892578,1.8504600524902344,2.0694499015808105,10.333800315856934,193.72999572753903,1.1078100204467771,12.904800415039062
2025-05-13,1.3177834749221802,1.1875499486923218,1.8413300514221191,2.067960023880005,10.26572036743164,195.4199981689453,1.1132500171661377,12.94379997253418
2025-05-14,1.3304418325424194,1.1892999410629272,1.8534899950027464,2.055310010910034,10.371820449829102,196.2570037841797,1.116760015487671,12.930299758911133
2025-05-15,1.3263479471206665,1.186079978942871,1.854040026664734,2.063889980316162,10.349309921264648,194.49899291992188,1.1157499551773071,12.93220043182373
2025-05-16,1.3306896686553955,1.1887099742889404,1.856619954109192,2.0769898891448975,10.38379955291748,193.7310028076172,1.1107100248336792,12.947699546813965
2025-05-19,1.3305498361587524,1.189219951629639,1.85631000995636,2.0758299827575684,10.395359992980955,193.30799865722656,1.1115100383758545,12.946999549865724
2025-05-20,1.3360053300857544,1.18927001953125,1.8645600080490112,2.069380044937134,10.44849967956543,193.6779937744141,1.1155099868774414,12.938300132751465
2025-05-21,1.3397821187973022,1.18681001663208,1.8633400201797483,2.0850400924682617,10.487099647521973,193.3489990234375,1.1075299978256226,12.905200004577637
2025-05-22,1.3419036865234375,1.1841800212860107,1.8599799871444704,2.0857698917388916,10.50391960144043,192.8849945068359,1.107069969177246,12.843199729919434
2025-05-23,1.3419216871261597,1.1894299983978271,1.8596199750900269,2.093519926071167,10.504199981689451,193.04299926757812,1.1116100549697876,12.93299961090088
2025-05-27,1.3565207719802856,1.1910400390625,1.8631500005722048,2.092910051345825,10.629409790039062,193.5,1.1128300428390503,12.89490032196045
2025-05-28,1.3513330221176147,1.1916999816894531,1.8661400079727173,2.0957999229431152,10.590660095214844,194.8179931640625,1.1178100109100342,12.99820041656494
2025-05-29,1.3431472778320312,1.1954799890518188,1.8602399826049805,2.090290069580078,10.521490097045898,195.67599487304688,1.118149995803833,13.01959991455078
2025-05-30,1.3498992919921875,1.1864900588989258,1.8638099431991575,2.0943000316619873,10.58469009399414,194.0970001220703,1.1096299886703491,12.889699935913086
2025-06-02,1.346728801727295,1.1862499713897705,1.848430037498474,2.0900299549102783,10.560099601745604,193.66700744628903,1.107300043106079,12.899399757385254
2025-06-03,1.3556748628616333,1.183590054512024,1.858590006828308,2.0859999656677246,10.633999824523926,193.1020050048828,1.106060028076172,12.899100303649902
2025-06-04,1.353143334388733,1.1885000467300415,1.8555799722671509,2.092519998550415,10.614419937133787,194.6150054931641,1.1133999824523926,13.008000373840332
2025-06-05,1.355215549468994,1.1864099502563477,1.853710055351257,2.087820053100586,10.628990173339844,193.41900634765625,1.1084599494934082,12.978300094604492
2025-06-06,1.3579576015472412,1.1856499910354614,1.8559900522232056,2.0859200954437256,10.654390335083008,194.9320068359375,1.1125600337982178,12.991399765014648
2025-06-09,1.3538211584091189,1.186669945716858,1.8533400297164917,2.0825700759887695,10.62180995941162,195.8710021972656,1.1117700338363647,13.03219985961914
2025-06-10,1.3556748628616333,1.186210036277771,1.8570400476455688,2.079669952392578,10.636500358581545,195.93699645996097,1.113219976425171,12.991499900817873
2025-06-11,1.3508219718933103,1.1809899806976318,1.8463399410247805,2.0693700313568115,10.600090026855469,195.61199951171875,1.110260009765625,12.946399688720703
2025-06-12,1.3567416667938232,1.1787400245666504,1.8533999919891355,2.084009885787964,10.64739990234375,195.6230010986328,1.110450029373169,12.935999870300291
2025-06-13,1.3627691268920898,1.1745699644088743,1.8525999784469604,2.087209939956665,10.694250106811523,195.0959930419922,1.1021000146865845,12.854299545288086
2025-06-16,1.3557006120681765,1.1739000082015991,1.8540359735488892,2.0728049278259277,10.646100044250488,196.7455139160156,1.1002800464630127,12.874799728393556
2025-06-17,1.3565576076507568,1.1742700338363647,1.841339945793152,2.084089994430542,10.647029876708984,196.31300354003903,1.1037800312042236,12.868900299072266
2025-06-18,1.3430029153823853,1.1694799661636353,1.8375500440597536,2.0722599029541016,10.54069995880127,195.22000122070312,1.096940040588379,12.822500228881836
2025-06-19,1.3416515588760376,1.168820023536682,1.837329983711243,2.061530113220215,10.529899597167969,194.45599365234375,1.098680019378662,12.930899620056152
2025-06-20,1.3476725816726685,1.1706600189208984,1.845620036125183,2.077620029449463,10.577500343322754,195.69200134277344,1.1000900268554688,12.97469997406006
2025-06-23,1.3435983657836914,1.167799949645996,1.8457759618759155,2.084009885787964,10.545510292053224,196.44900512695312,1.098639965057373,13.00749969482422
2025-06-24,1.3545364141464231,1.1677000522613523,1.8593300580978391,2.090830087661743,10.631600379943848,197.64500427246097,1.1005799770355225,12.97249984741211
2025-06-25,1.361488938331604,1.1723699569702148,1.8687800168991089,2.0963099002838135,10.686530113220217,197.3430023193359,1.096150040626526,12.95460033416748
2025-06-26,1.369187831878662,1.1716899871826172,1.8772499561309817,2.0988800525665283,10.745030403137209,198.3719940185547,1.1002899408340454,12.946599960327148
2025-06-27,1.37247633934021,1.1737500429153442,1.872130036354065,2.096299886703491,10.771530151367188,198.5659942626953,1.0990500450134275,13.045000076293944
2025-06-30,1.3719680309295654,1.1697800159454346,1.876889944076538,2.0996999740600586,10.767829895019531,198.23699951171875,1.095080018043518,12.98960018157959
2025-07-01,1.3730605840682983,1.1648499965667725,1.8680700063705444,2.087739944458008,10.777669906616213,197.44400024414065,1.088539958000183,12.97719955444336
2025-07-02,1.374721646308899,1.1642299890518188,1.875440001487732,2.0886900424957275,10.786800384521484,197.11000061035156,1.0867899656295776,13.018500328063965
2025-07-03,1.3650014400482178,1.1566799879074097,1.8545600175857544,2.073460102081299,10.713950157165527,195.9029998779297,1.0805200338363647,12.979100227355955
2025-07-04,1.366829752922058,1.1610100269317627,1.8550200462341309,2.0777900218963623,10.725379943847656,197.7330017089844,1.085279941558838,13.073599815368652
2025-07-07,1.3651504516601562,1.1587400436401367,1.856969952583313,2.0835299491882324,10.714900016784668,197.2519989013672,1.083940029144287,13.04599952697754
2025-07-08,1.3623607158660889,1.160670042037964,1.8615200519561768,2.0938000679016113,10.69262981414795,198.73699951171875,1.0858800411224363,12.94950008392334
2025-07-09,1.358529567718506,1.1586300134658811,1.8562999963760376,2.082050085067749,10.663040161132812,199.4830017089844,1.081130027770996,12.93369960784912
2025-07-10,1.3593051433563232,1.1586400270462036,1.8602499961853027,2.0796399116516113,10.66938018798828,198.5800018310547,1.07778000831604,12.913900375366213
2025-07-11,1.3579576015472412,1.1604100465774536,1.854300022125244,2.0592200756073,10.657859802246094,198.63299560546875,1.0818099975585938,12.897500038146973
2025-07-14,1.3493820428848269,1.155019998550415,1.8466049432754517,2.051500082015991,10.59140968322754,198.74200439453125,1.0751099586486816,12.911800384521484
2025-07-15,1.3428045511245728,1.1509599685668943,1.840170979499817,2.05167007446289,10.540019989013672,198.4459991455078,1.0713399648666382,12.910699844360352
2025-07-16,1.3393335342407229,1.1537799835205078,1.8370200395584104,2.0543930530548096,10.511500358581545,199.22900390625,1.0733100175857544,13.010899543762209
2025-07-17,1.3411099910736084,1.1524900197982788,1.8357499837875368,2.055540084838867,10.52612018585205,198.47300720214844,1.0740400552749634,13.027199745178224
2025-07-18,1.3432555198669434,1.156350016593933,1.8449699878692627,2.0669798851013184,10.541399955749512,199.3800048828125,1.0784000158309937,13.066100120544434
2025-07-21,1.341597557067871,1.153380036354065,1.841040015220642,2.059969902038574,10.5275297164917,199.11599731445312,1.0747599601745603,12.95419979095459
2025-07-22,1.348945140838623,1.15339994430542,1.8446600437164309,2.065999984741211,10.586700439453123,198.82899475097656,1.0765199661254885,12.905400276184082
2025-07-23,1.352155327796936,1.1518000364303589,1.8394299745559692,2.062809944152832,10.613269805908203,198.4680023193359,1.073070049285889,12.863300323486328
2025-07-24,1.3579576015472412,1.1532800197601318,1.846959948539734,2.0569798946380615,10.658430099487305,198.6999969482422,1.0755800008773804,12.905699729919434
2025-07-25,1.3510043621063232,1.1490999460220337,1.842710018157959,2.0481700897216797,10.603610038757324,198.5870056152344,1.0737799406051636,12.869500160217283
2025-07-28,1.344085931777954,1.1429699659347534,1.8412400484085083,2.0448999404907227,10.547100067138672,198.6280059814453,1.0687600374221802,12.770299911499023
2025-07-29,1.336023211479187,1.151600003242493,1.8348300457000732,2.048460006713867,10.485719680786133,198.3580017089844,1.073099970817566,12.83139991760254
2025-07-30,1.3353630304336548,1.1559799909591677,1.8391900062561035,2.0501201152801514,10.481900215148926,198.20899963378903,1.0755599737167358,12.881199836730955
2025-07-31,1.3257676362991333,1.1598700284957886,1.8327200412750244,2.056220054626465,10.405099868774414,197.8179931640625,1.0780400037765503,12.964500427246094
2025-08-01,1.32098650932312,1.1562399864196775,1.8303099870681765,2.054490089416504,10.367799758911133,199.14700317382812,1.0749800205230713,12.92389965057373
2025-08-04,1.3289920091629028,1.1469299793243408,1.8308900594711304,2.0541601181030273,10.430560111999512,195.79600524902344,1.0684599876403809,12.82009983062744
2025-08-05,1.3297518491744995,1.147819995880127,1.830399990081787,2.053499937057495,10.436429977416992,195.18299865722656,1.0731500387191772,12.822799682617188
2025-08-06,1.3299463987350464,1.1484800577163696,1.8313100337982176,2.054460048675537,10.437700271606444,196.2310028076172,1.0730799436569214,12.857799530029297
2025-08-07,1.3357912302017212,1.1452800035476685,1.8351600170135496,2.054879903793335,10.48390007019043,196.6080017089844,1.0766500234603882,12.825599670410156
2025-08-08,1.345152735710144,1.1519500017166138,1.8471200466156008,2.0612099170684814,10.557479858398438,197.5070037841797,1.0836999416351318,12.852700233459473
2025-08-11,1.3444474935531616,1.1541399955749512,1.8488399982452393,2.062609910964966,10.552339553833008,198.4900054931641,1.0855300426483154,12.860400199890137
2025-08-12,1.3435261249542236,1.1563700437545776,1.850409984588623,2.0622599124908447,10.545260429382324,198.9900054931641,1.0907599925994873,12.94320011138916
2025-08-13,1.3504207134246826,1.1563700437545776,1.8593300580978391,2.0678799152374268,10.597299575805664,199.52099609375,1.0885000228881836,12.885199546813965
2025-08-14,1.358529567718506,1.1597700119018557,1.8681700229644775,2.073430061340332,10.66219997406006,199.85699462890625,1.0931700468063354,12.951800346374512
2025-08-15,1.3530701398849487,1.1612199544906616,1.868880033493042,2.082289934158325,10.59939956665039,199.8209991455078,1.0925500392913818,12.964400291442873
2025-08-18,1.3556381464004517,1.1578999757766724,1.8726099729537964,2.0816400051116943,10.606080055236816,199.62600708007812,1.093309998512268,12.943599700927734
2025-08-19,1.3508219718933103,1.1576199531555176,1.8642899990081787,2.0796899795532227,10.562950134277344,199.80099487304688,1.090559959411621,12.911700248718262
2025-08-20,1.348679542541504,1.1583399772644043,1.8696999549865725,2.089319944381714,10.518500328063965,199.23399353027344,1.089359998703003,12.950200080871582
2025-08-21,1.3466380834579468,1.1556899547576904,1.868090033531189,2.092010021209717,10.517499923706056,198.3509979248047,1.082610011100769,12.903900146484377
2025-08-22,1.3419395685195925,1.155419945716858,1.865139961242676,2.088099956512451,10.483539581298828,199.08799743652344,1.0849900245666504,12.900400161743164
2025-08-26,1.3453518152236938,1.1582399606704712,1.864390015602112,2.0754899978637695,10.509289741516112,198.86199951171875,1.0845799446105957,12.899499893188477
2025-08-27,1.3478723764419556,1.1579500436782837,1.8643800020217896,2.074769973754883,10.503580093383787,198.72000122070312,1.0832600593566897,12.88259983062744
2025-08-28,1.3503841161727903,1.1592600345611572,1.8609100580215456,2.073620080947876,10.51078987121582,198.92300415039065,1.0822700262069702,12.865900039672852
2025-08-29,1.35111403465271,1.1563999652862549,1.8576300144195557,2.0680899620056152,10.53009033203125,198.32400512695312,1.082949995994568,12.805800437927246
2025-09-01,1.3503841161727903,1.1550300121307373,1.8551000356674192,2.063390016555786,10.52595043182373,198.6280059814453,1.0810500383377075,12.767200469970703
2025-09-02,1.3547931909561155,1.1563199758529663,1.8624099493026731,2.0659799575805664,10.561909675598145,199.2610015869141,1.083940029144287,12.711199760437012
2025-09-03,1.3383476734161377,1.15024995803833,1.8446500301361084,2.0528900623321533,10.447999954223633,198.7949981689453,1.0776300430297852,12.660799980163574
2025-09-04,1.3441582918167114,1.1526399850845337,1.853860020637512,2.053539991378784,10.483750343322754,198.89700317382812,1.0803600549697876,12.660440444946287
2025-09-05,1.3444474935531616,1.153249979019165,1.857200026512146,2.0611300468444824,10.48583984375,199.468994140625,1.0822999477386477,12.70829963684082
2025-09-08,1.34929096698761,1.151900053024292,1.8666199445724487,2.058379888534546,10.52089023590088,200.1540069580078,1.078279972076416,12.658100128173828
2025-09-09,1.3553073406219482,1.1514999866485596,1.8689759969711304,2.054194927215576,10.560529708862305,199.7100067138672,1.0743800401687622,12.67080020904541
2025-09-10,1.352109670639038,1.155210018157959,1.8720500469207764,2.053189992904663,10.53030014038086,199.28599548339844,1.0778000354766846,12.660980224609377
2025-09-11,1.3534730672836304,1.1563899517059326,1.875849962234497,2.044569969177246,10.54146957397461,199.40499877929688,1.0808500051498413,12.640999794006348
2025-09-12,1.3576626777648926,1.156890034675598,1.8780499696731567,2.0365400314331055,10.57338047027588,199.86599731445312,1.0805200338363647,12.635499954223633
2025-09-15,1.35534405708313,1.1557300090789795,1.875,2.038209915161133,10.54306983947754,200.12600708007812,1.0797300338745115,12.626099586486816
2025-09-16,1.3602666854858398,1.15625,1.8735500574111936,2.038170099258423,10.58191967010498,200.5,1.0808299779891968,12.620200157165527
2025-09-17,1.365392804145813,1.1500699520111084,1.875730037689209,2.041100025177002,10.622540473937988,199.8979949951172,1.072950005531311,12.590900421142578
2025-09-18,1.36297345161438,1.1521999835968018,1.8767399787902832,2.048569917678833,10.599180221557615,200.2010040283203,1.0744099617004397,12.650699615478516
2025-09-19,1.3556013107299805,1.1497600078582764,1.8694900274276731,2.04813003540039,10.541850090026855,200.54800415039065,1.0742199420928955,12.665300369262695
2025-09-22,1.3464748859405518,1.1470999717712402,1.8556599617004397,2.0432400703430176,10.466730117797852,199.39300537109375,1.0716999769210815,12.67609977722168
2025-09-23,1.3514974117279053,1.1448999643325806,1.868280053138733,2.0472500324249268,10.49903964996338,199.63900756835935,1.0707000494003296,12.645000457763672
2025-09-24,1.3524478673934937,1.144569993019104,1.8713639974594116,2.049420118331909,10.513799667358398,199.6080017089844,1.0701600313186646,12.622200012207031
2025-09-25,1.3452396392822266,1.145359992980957,1.8687000274658203,2.0422298908233643,10.462369918823242,200.1000061035156,1.068969964981079,12.64459991455078
2025-09-26,1.333653450012207,1.1434099674224854,1.8590400218963623,2.039949893951416,10.376870155334473,199.8509979248047,1.0669000148773191,12.617600440979004
2025-09-29,1.3408241271972656,1.1453499794006348,1.868690013885498,2.0461599826812744,10.430330276489258,200.31399536132812,1.069200038909912,12.609000205993652
2025-09-30,1.3437248468399048,1.145259976387024,1.869740009307861,2.042249917984009,10.456089973449709,199.64599609375,1.071300029754639,12.64465045928955
2025-10-01,1.3443390130996704,1.1450999975204468,1.8717000484466553,2.0333399772644043,10.461139678955078,198.94900512695312,1.0705100297927856,12.658699989318848
2025-10-02,1.3480178117752075,1.1487200260162354,1.8789199590682983,2.037400007247925,10.487759590148926,198.2599945068359,1.0741100311279297,12.635000228881836
2025-10-03,1.3446643352508545,1.1467700004577637,1.877150058746338,2.0378201007843018,10.46407985687256,197.86000061035156,1.071679949760437,12.632100105285645
2025-10-06,1.3433817625045776,1.1468499898910522,1.8758100271224976,2.037209987640381,10.450900077819824,200.9600067138672,1.0707800388336182,12.605999946594238
2025-10-07,1.3484903573989868,1.1514500379562378,1.8804600238800049,2.037879943847656,10.49374008178711,202.7050018310547,1.0718499422073364,12.649200439453123
2025-10-08,1.3421016931533811,1.151479959487915,1.872470021247864,2.0393800735473633,10.44540023803711,204.05799865722656,1.0717099905014038,12.61740016937256
2025-10-09,1.3401411771774292,1.1522599458694458,1.8700000047683716,2.035059928894043,10.42714023590088,204.59800720214844,1.0740100145339966,12.635700225830078
2025-10-10,1.3304948806762695,1.1501799821853638,1.8650000095367432,2.027590036392212,10.352760314941406,203.5039978027344,1.072460055351257,12.678799629211426
2025-10-13,1.3336178064346311,1.149359941482544,1.8665900230407717,2.051990032196045,10.376720428466797,202.77200317382812,1.069890022277832,12.682100296020508
2025-10-14,1.3332622051239014,1.152609944343567,1.8717199563980105,2.047369956970215,10.371009826660156,203.2239990234375,1.0722299814224243,12.674799919128418
2025-10-15,1.3321610689163208,1.1480400562286377,1.8706599473953247,2.0519299507141113,10.354660034179688,202.11599731445312,1.0676100254058838,12.70829963684082
2025-10-16,1.3404465913772583,1.1509000062942505,1.8823699951171875,2.0595901012420654,10.42078971862793,202.36000061035156,1.0676300525665283,12.692399978637695
2025-10-17,1.3445558547973633,1.1491700410842896,1.8883700370788576,2.0740299224853516,10.447380065917969,201.83799743652344,1.064579963684082,12.659600257873535
2025-10-20,1.342588186264038,1.151610016822815,1.8816100358963013,2.0646800994873047,10.427450180053713,202.58200073242188,1.065369963645935,12.656700134277344
2025-10-21,1.3405184745788574,1.1511399745941162,1.8806999921798704,2.057039976119995,10.411970138549805,202.10400390625,1.0621800422668457,12.62119960784912
2025-10-22,1.336523175239563,1.1520500183105469,1.87362003326416,2.0585999488830566,10.385259628295898,202.9929962158203,1.0646899938583374,12.598899841308594
2025-10-23,1.3351848125457764,1.150089979171753,1.867609977722168,2.0576601028442383,10.37460994720459,202.8780059814453,1.0628199577331543,12.561800003051758
2025-10-24,1.332746982574463,1.1470600366592407,1.8639400005340576,2.045459985733032,10.356209754943848,203.3719940185547,1.059540033340454,12.495800018310549
2025-10-27,1.3322391510009766,1.1452900171279907,1.8641899824142456,2.0387399196624756,10.349849700927734,203.9069976806641,1.060420036315918,12.498299598693848
2025-10-28,1.3341000080108645,1.1449099779129028,1.8664900064468384,2.0338900089263916,10.361599922180176,203.69500732421875,1.0599499940872192,12.50759983062744
2025-10-29,1.3279330730438232,1.138990044593811,1.8508000373840332,2.016400098800659,10.313940048217772,201.47000122070312,1.052690029144287,12.437020301818848
2025-10-30,1.3195397853851318,1.1368999481201172,1.8389999866485596,2.006089925765991,10.25238037109375,201.5039978027344,1.0556199550628662,12.409700393676758
2025-10-31,1.3159106969833374,1.137060046195984,1.8396899700164795,2.0059399604797363,10.222800254821776,202.50900268554688,1.0547200441360474,12.40507984161377
2025-11-03,1.3134735822677612,1.1392500400543213,1.8404899835586548,2.0062999725341797,10.205180168151855,202.5189971923828,1.0570399761199951,12.469400405883787
2025-11-04,1.3135254383087158,1.1402299404144287,1.8458600044250488,2.0086400508880615,10.207480430603027,202.54100036621097,1.0614299774169922,12.456700325012209
2025-11-05,1.3021697998046875,1.1333999633789062,1.8359299898147583,2.0074799060821533,10.122159957885742,199.9199981689453,1.0550600290298462,12.476300239562988
2025-11-06,1.3052598237991333,1.1352399587631226,1.8402199745178225,2.004849910736084,10.14675998687744,201.08999633789065,1.0567599534988403,12.466899871826172
2025-11-07,1.3140950202941897,1.1377099752426147,1.8539899587631223,2.0264101028442383,10.215869903564451,200.97000122070312,1.059209942817688,12.563309669494627
2025-11-10,1.3142677545547483,1.1383299827575684,1.8454500436782837,2.0207700729370117,10.218589782714844,202.12600708007812,1.060439944267273,12.535940170288086
2025-11-11,1.3172974586486816,1.1397099494934082,1.847239971160889,2.0155398845672607,10.23859977722168,203.03500366210935,1.0604300498962402,12.530699729919434
2025-11-12,1.3152875900268557,1.134600043296814,1.843000054359436,2.014130115509033,10.220540046691896,202.63800048828125,1.052539944648743,12.42650032043457
2025-11-13,1.3127838373184204,1.1324299573898315,1.839069962501526,2.0083200931549072,10.20044994354248,203.09800720214844,1.0472899675369265,12.397700309753418
2025-11-14,1.3152183294296265,1.1307400465011597,1.845770001411438,2.014389991760254,10.218210220336914,203.35899353027344,1.0432000160217283,12.367300033569336
2025-11-17,1.3160146474838257,1.1328699588775637,1.8444199562072752,2.0141000747680664,10.225859642028809,203.41900634765625,1.0451200008392334,12.433199882507324
2025-11-18,1.3156163692474363,1.134960055351257,1.8483699560165403,2.026129961013794,10.226110458374023,204.26600646972656,1.04735004901886,12.467499732971191
2025-11-19,1.3147515058517456,1.1351900100708008,1.8386000394821167,2.019740104675293,10.233799934387209,204.50100708007812,1.051959991455078,12.451299667358398
2025-11-20,1.3061821460723877,1.131600022315979,1.8339799642562864,2.01242995262146,10.170599937438965,205.04100036621097,1.0518699884414673,12.455599784851074
2025-11-21,1.308489441871643,1.1343499422073364,1.8437399864196775,2.028599977493286,10.18220043182373,205.9040069580078,1.053879976272583,12.47659969329834
2025-11-24,1.3096375465393066,1.138010025024414,1.8457900285720823,2.026360034942627,10.191320419311523,205.2030029296875,1.059030055999756,12.492600440979004
2025-11-25,1.3106160163879397,1.1376299858093262,1.8490400314331057,2.026789903640747,10.196800231933594,205.66900634765625,1.0596599578857422,12.499640464782717
2025-11-26,1.315870761871338,1.137719988822937,1.8554500341415403,2.033479928970337,10.230409622192385,205.5590057373047,1.0630799531936646,12.538399696350098
2025-11-27,1.3244997262954712,1.1415499448776243,1.8589799404144287,2.029939889907837,10.300200462341309,206.9320068359375,1.0641299486160278,12.559760093688965
2025-11-28,1.3241175413131714,1.1414300203323364,1.8566999435424805,2.025710105895996,10.298100471496582,206.9250030517578,1.0652400255203247,12.539899826049805
2025-12-01,1.32397723197937,1.1411199569702148,1.8491400480270384,2.020580053329468,10.305859565734863,206.4239959716797,1.0634599924087524,12.49032974243164
2025-12-02,1.320934176445007,1.1379400491714478,1.849009990692139,2.018980026245117,10.286490440368652,205.4739990234375,1.0629199743270874,12.483699798583984
2025-12-03,1.3219469785690308,1.1363999843597412,1.84660005569458,2.0107600688934326,10.28931999206543,205.9620056152344,1.061229944229126,12.448049545288086
2025-12-04,1.3348817825317385,1.1435999870300293,1.861799955368042,2.0209999084472656,10.38860034942627,207.0330047607422,1.0674599409103394,12.51580047607422
2025-12-05,1.332178831100464,1.1441199779510498,1.8595800399780271,2.0162100791931152,10.366009712219238,206.6649932861328,1.0706700086593628,12.554200172424316
2025-12-08,1.3324593305587769,1.1446499824523926,1.8431600332260132,2.0078799724578857,10.371159553527832,206.9770050048828,1.0723400115966797,12.523799896240234
2025-12-09,1.3326793909072876,1.1445000171661377,1.8454099893569944,2.0106000900268555,10.36740016937256,207.6699981689453,1.07492995262146,12.517399787902832
2025-12-10,1.3303532600402832,1.1439800262451172,1.8418300151824951,2.0033700466156006,10.353400230407717,208.63400268554688,1.072160005569458,12.44279956817627
2025-12-11,1.3388315439224243,1.1439000368118286,1.84607994556427,2.005810022354126,10.413840293884276,208.56900024414065,1.0701299905776978,12.401599884033203
2025-12-12,1.339046597480774,1.1406999826431274,1.844390034675598,2.0097498893737793,10.42031955718994,208.30999755859375,1.0642499923706057,12.379300117492676
2025-12-15,1.3367732763290403,1.1387900114059448,1.8403199911117551,2.01082992553711,10.40466022491455,208.3699951171875,1.06413996219635,12.383700370788574
2025-12-16,1.3380612134933472,1.138200044631958,1.8422199487686155,2.0143799781799316,10.410889625549316,207.4069976806641,1.0649700164794922,12.418299674987791
2025-12-17,1.342499852180481,1.1425399780273438,1.846459984779358,2.023859977722168,10.443599700927734,207.7760009765625,1.0674899816513062,12.485799789428713
2025-12-18,1.3374598026275637,1.1389100551605225,1.8434100151062012,2.025779962539673,10.403800010681152,207.94900512695312,1.063439965248108,12.437999725341797
2025-12-19,1.3385393619537354,1.141450047492981,1.843940019607544,2.0236198902130127,10.413269996643066,208.2429962158203,1.062399983406067,12.422499656677246
2025-12-22,1.3377031087875366,1.1423499584197998,1.8443599939346311,2.023200035095215,10.406379699707031,210.875,1.0642999410629272,12.3951997756958
2025-12-23,1.346989989280701,1.1446000337600708,1.8517500162124632,2.0227699279785156,10.477259635925291,211.23599243164065,1.0658799409866333,12.429800033569336
2025-12-24,1.3513604402542114,1.145400047302246,1.8492599725723269,2.0160000324249268,10.50827980041504,210.95599365234375,1.0640100240707395,12.380499839782717
2025-12-29,1.349727988243103,1.1463700532913208,1.844630002975464,2.010020017623902,10.487110137939451,211.16700744628903,1.065060019493103,12.34119987487793
2025-12-30,1.3510993719100952,1.147439956665039,1.848610043525696,2.0176401138305664,10.500049591064451,210.7550048828125,1.065600037574768,12.402000427246094
2025-12-31,1.346719741821289,1.1462299823760986,1.8439199924468992,2.010819911956787,10.477299690246582,210.61000061035156,1.0662200450897217,12.381799697875977
2026-01-02,1.347363829612732,1.1465400457382202,1.847599983215332,2.017250061035156,10.488439559936523,211.16000366210935,1.0670299530029297,12.391900062561035
2026-01-05,1.3437970876693726,1.1480300426483154,1.8472100496292112,2.0103800296783447,10.468179702758787,210.95700073242188,1.0660799741744995,12.397899627685549
2026-01-06,1.3533997535705566,1.15516996383667,1.8638399839401243,2.0157101154327393,10.53423023223877,211.95799255371097,1.0719300508499146,12.417799949645996
2026-01-07,1.3500559329986572,1.1549700498580933,1.865049958229065,2.0039501190185547,10.512100219726562,211.51199340820312,1.074139952659607,12.421099662780762
2026-01-08,1.3459312915802002,1.152519941329956,1.8647220134735107,2.0020101070404053,10.476900100708008,210.91000366210935,1.0734800100326538,12.360899925231934
2026-01-09,1.3438005447387695,1.1524699926376345,1.8627300262451172,2.005500078201294,10.468070030212402,210.7729949951172,1.0734599828720093,12.385199546813965
2026-01-12,1.3394231796264648,1.1522300243377686,1.8635200262069704,2.00314998626709,10.438549995422363,211.8159942626953,1.073519945144653,12.34570026397705
2026-01-13,1.3465656042099,1.1538000106811523,1.8682299852371216,2.0072200298309326,10.497099876403809,212.7259979248047,1.0735900402069092,12.344499588012695
2026-01-14,1.3426783084869385,1.1531100273132324,1.8642250299453735,2.008699893951416,10.47266960144043,213.70799255371097,1.0753999948501587,12.381699562072754
2026-01-15,1.344266653060913,1.1540600061416626,1.866189956665039,2.0110599994659424,10.480899810791016,212.8979949951172,1.074820041656494,12.355199813842772
2026-01-16,1.3381328582763672,1.152400016784668,1.8583799600601196,1.996530055999756,10.43220043182373,212.218994140625,1.0749000310897827,12.32859992980957
2026-01-19,1.3404287099838257,1.1528700590133667,1.8628100156784055,2.004040002822876,10.450400352478027,211.13999938964844,1.0704400539398191,12.323450088500977
2026-01-20,1.3418315649032593,1.1526000499725342,1.8616199493408203,1.999709963798523,10.460590362548828,212.23699951171875,1.0703999996185305,12.350099563598633
2026-01-21,1.344085931777954,1.1459699869155884,1.8587000370025637,1.9964200258255005,10.481249809265137,212.56399536132812,1.0611499547958374,12.26010036468506
2026-01-22,1.3419395685195925,1.149500012397766,1.8571699857711792,1.9864699840545657,10.461030006408691,212.6199951171875,1.06850004196167,12.23449993133545
2026-01-23,1.3501288890838623,1.1484899520874023,1.8608700037002563,1.973520040512085,10.524399757385254,213.9720001220703,1.065000057220459,12.15310001373291
2026-01-26,1.3662508726119995,1.1520400047302246,1.8716800212860107,1.9759900569915771,10.647870063781738,211.9810028076172,1.062749981880188,12.165399551391602
2026-01-27,1.3677457571029663,1.151579976081848,1.875309944152832,1.9778800010681152,10.663419723510742,211.08200073242188,1.0629899501800537,12.22480010986328
2026-01-28,1.3824374675750732,1.15024995803833,1.878640055656433,1.9758700132369995,10.782130241394045,210.75,1.0549299716949463,12.145099639892578
2026-01-29,1.382533073425293,1.1541600227355957,1.8711800575256348,1.963520050048828,10.78365993499756,211.63900756835935,1.0585099458694458,12.18570041656494
2026-01-30,1.380643367767334,1.1536999940872192,1.862481951713562,1.9588700532913208,10.775139808654783,211.42999267578125,1.0552699565887451,12.153599739074709
2026-02-02,1.3679141998291016,1.1542999744415283,1.86489999294281,1.9690899848937988,10.681340217590332,212.2819976806641,1.0579899549484253,12.198200225830078
2026-02-03,1.367315649986267,1.1587799787521362,1.8692799806594849,1.965399980545044,10.678019523620604,212.5229949951172,1.0650099515914917,12.250900268554688
2026-02-04,1.3697504997253418,1.1591399908065796,1.8679200410842896,1.9503599405288696,10.70032024383545,213.3939971923828,1.0624200105667114,12.177729606628418
2026-02-05,1.3644611835479736,1.1560200452804563,1.8649300336837769,1.9504899978637695,10.656909942626951,214.08999633789065,1.0604599714279177,12.256699562072754
2026-02-06,1.3520822525024414,1.148010015487671,1.8538299798965456,1.9548699855804443,10.56425952911377,211.9969940185547,1.0514400005340576,12.243900299072266
2026-02-09,1.3608959913253784,1.1506999731063845,1.8587199449539185,1.934599995613098,10.631170272827148,213.9830017089844,1.0556700229644775,12.247099876403809
2026-02-10,1.368344783782959,1.149359941482544,1.8555999994277952,1.9313900470733645,10.691920280456545,213.6000061035156,1.0495500564575195,12.196229934692385
2026-02-11,1.3634566068649292,1.1467100381851196,1.8475799560546875,1.9270000457763672,10.657899856567385,210.61000061035156,1.047860026359558,12.113900184631348
2026-02-12,1.362399697303772,1.1470600366592407,1.8491599559783936,1.9118800163269043,10.646479606628418,208.79800415039065,1.0504800081253052,12.113900184631348
2026-02-13,1.3620266914367676,1.1473599672317505,1.853469967842102,1.921280026435852,10.643369674682615,208.1060028076172,1.047600030899048,12.12757968902588
2026-02-16,1.3647778034210205,1.1499500274658203,1.858240008354187,1.9300700426101685,10.66574001312256,208.4960021972656,1.04830002784729,12.160099983215332
2026-02-17,1.3627691268920898,1.1499099731445312,1.858139991760254,1.926480054855347,10.64881992340088,209.32000732421875,1.0488100051879885,12.17590045928955
2026-02-18,1.3564472198486328,1.1444200277328491,1.8497400283813477,1.9147599935531616,10.600099563598633,207.72799682617188,1.044649958610535,12.158100128173828
2026-02-19,1.349582314491272,1.1446900367736816,1.8482600450515747,1.9157299995422363,10.544329643249512,208.7530059814453,1.0423500537872314,12.184269905090332
2026-02-20,1.3461124897003174,1.143710017204285,1.842120051383972,1.907570004463196,10.518110275268556,208.84500122070312,1.043619990348816,12.206600189208984
2026-02-23,1.3533265590667725,1.1434500217437744,1.8469500541687012,1.902899980545044,10.573410034179688,208.86700439453125,1.0442399978637695,12.168760299682615
2026-02-24,1.34969162940979,1.1443400382995603,1.8479000329971311,1.9112800359725952,10.55165958404541,208.6909942626953,1.0448299646377563,12.229499816894531
2026-02-25,1.3497462272644043,1.1460000276565552,1.8488099575042725,1.911679983139038,10.55780029296875,210.3719940185547,1.0441999435424805,12.20580005645752
2026-02-26,1.3558034896850586,1.147439956665039,1.8538529872894287,1.903839945793152,10.600199699401855,211.76600646972656,1.046779990196228,12.222100257873535
2026-02-27,1.3491452932357788,1.1429599523544312,1.8449100255966189,1.8994300365448,10.55430030822754,210.26499938964844,1.0430599451065063,12.208700180053713
2026-03-02,1.3406623601913452,1.1399799585342407,1.832200050354004,1.8993500471115112,10.487019538879396,209.98199462890625,1.0316100120544434,12.1487398147583
2026-03-03,1.3410578966140747,1.1464899778366089,1.8330700397491455,1.8869999647140503,10.48738956451416,210.8730010986328,1.0441299676895142,12.27649974822998
2026-03-04,1.3353630304336548,1.149829983711243,1.8256700038909912,1.8962600231170657,10.420280456542969,210.66000366210935,1.0439499616622925,12.34780979156494
2026-03-05,1.3369520902633667,1.1489299535751345,1.8240100145339968,1.8891799449920657,10.449769973754885,209.85400390625,1.041540026664734,12.262100219726562
2026-03-06,1.3357375860214231,1.1506199836730957,1.825809955596924,1.9047900438308716,10.443599700927734,210.4149932861328,1.0426900386810305,12.3193998336792
2026-03-09,1.330105543136597,1.1542099714279177,1.8088200092315672,1.909160017967224,10.396120071411133,210.7180023193359,1.0389599800109863,12.32960033416748
2026-03-10,1.3424980640411377,1.1554700136184692,1.8238199949264529,1.8989700078964231,10.497900009155272,211.8699951171875,1.0439000129699707,12.270999908447266
2026-03-11,1.3419036865234375,1.155619978904724,1.8221999406814575,1.8847500085830688,10.497079849243164,212.15899658203125,1.0447100400924685,12.298299789428713
2026-03-12,1.338186502456665,1.15910005569458,1.8200900554656985,1.876979947090149,10.47085952758789,212.8710021972656,1.046049952507019,12.371100425720217
2026-03-13,1.335250735282898,1.1588200330734253,1.820180058479309,1.886970043182373,10.449609756469728,212.56100463867188,1.0484999418258667,12.47760009765625
2026-03-16,1.3247665166854858,1.1583600044250488,1.8162399530410769,1.8907099962234497,10.367910385131836,211.3699951171875,1.0463500022888184,12.5177001953125
2026-03-17,1.3314337730407717,1.1577399969100952,1.822029948234558,1.8835300207138064,10.42430019378662,211.8220062255859,1.0491600036621094,12.394479751586914
2026-03-18,1.335951805114746,1.1575299501419067,1.8284900188446045,1.8788100481033323,10.46720027923584,212.23699951171875,1.0482800006866455,12.38539981842041
2026-03-19,1.32650625705719,1.1570099592208862,1.8211400508880615,1.8868900537490845,10.39363956451416,211.94000244140625,1.0513700246810913,12.4612398147583
2026-03-20,1.342570185661316,1.1595699787139893,1.844050049781799,1.8958100080490112,10.51587963104248,212.01300048828125,1.0589799880981443,12.472399711608888
2026-03-23,1.3331555128097534,1.153120040893555,1.8275699615478516,1.902109980583191,10.442150115966797,212.2599945068359,1.0501999855041504,12.458800315856934
2026-03-24,1.342426061630249,1.1564899682998655,1.842859983444214,1.915987968444824,10.51580047607422,212.73599243164065,1.0559799671173096,12.525699615478516
2026-03-25,1.3416335582733154,1.155060052871704,1.8454099893569944,1.9172500371932983,10.50119972229004,212.9320068359375,1.057070016860962,12.48069953918457
2026-03-26,1.336362361907959,1.1557899713516235,1.8459800481796265,1.9245500564575195,10.447540283203123,212.98399353027344,1.057610034942627,12.49370002746582
2026-03-27,1.333564519882202,1.1557999849319458,1.8466999530792236,1.9358999729156496,10.435259819030762,212.9620056152344,1.059559941291809,12.565299987792969
2026-03-30,1.3238370418548584,1.1513999700546265,1.83965003490448,1.9321600198745728,10.368080139160156,212.0970001220703,1.058650016784668,12.546500205993652
2026-03-31,1.3172800540924072,1.1497100591659546,1.8346699476242063,1.9241600036621096,10.321399688720703,210.5449981689453,1.0534600019454956,12.594200134277344
2026-04-01,1.324327826499939,1.1442099809646606,1.8406399488449097,1.9136500358581543,10.379599571228027,209.9409942626953,1.0562599897384644,12.504630088806152
2026-04-02,1.3302648067474363,1.1476500034332275,1.84552001953125,1.9210100173950195,10.424500465393066,211.04100036621097,1.0559899806976318,12.51669979095459
2026-04-07,1.3234164714813232,1.146630048751831,1.840809941291809,1.9132000207901,10.370880126953123,211.322998046875,1.0560699701309204,12.50214958190918
2026-04-08,1.3401771783828735,1.1467000246047974,1.8550100326538088,1.8935099840164185,10.497989654541016,212.69500732421875,1.0592000484466553,12.505499839782717
2026-04-09,1.3394052982330322,1.148650050163269,1.854509949684143,1.9025100469589231,10.489399909973145,212.47000122070312,1.059880018234253,12.479599952697754
2026-04-10,1.3430029153823853,1.148669958114624,1.8559999465942385,1.8978999853134155,10.519700050354004,213.66600036621097,1.0619800090789795,12.472900390625
2026-04-13,1.339441180229187,1.1471999883651731,1.8581000566482544,1.90802001953125,10.490469932556152,213.8679962158203,1.0614999532699585,12.49530029296875
2026-04-14,1.3515340089797974,1.1485899686813354,1.8626999855041504,1.9036400318145752,10.58139991760254,215.18600463867188,1.0584100484848022,12.408599853515623
2026-04-15,1.357533574104309,1.1505199670791626,1.868489980697632,1.9040100574493408,10.633700370788574,215.56500244140625,1.0599600076675415,12.453200340270996
2026-04-16,1.3573696613311768,1.1492999792099,1.8631999492645264,1.8912800550460815,10.630599975585938,215.54400634765625,1.0603200197219849,12.422499656677246
2026-04-17,1.3526124954223633,1.1478999853134155,1.8526999950408936,1.8891199827194216,10.580229759216309,215.31900024414065,1.0592000484466553,12.434300422668455
2026-04-20,1.348435878753662,1.1484299898147583,1.8479100465774536,1.889899969100952,10.558279991149902,214.583251953125,1.0565600395202637,12.40019989013672
2026-04-21,1.3531250953674316,1.1481800079345703,1.8459199666976929,1.8859399557113647,10.594400405883787,214.93099975585935,1.0532599687576294,12.342300415039062
2026-04-22,1.3509680032730105,1.15024995803833,1.8447500467300415,1.887619972229004,10.577810287475586,215.28700256347656,1.0542800426483154,12.398309707641602
2026-04-23,1.3500378131866455,1.1532200574874878,1.8449699878692627,1.8858699798583984,10.573599815368652,215.2969970703125,1.0593500137329102,12.42650032043457
2026-04-24,1.3466380834579468,1.1524900197982788,1.8443299531936648,1.8886499404907229,10.54580020904541,215.11900329589844,1.058590054512024,12.467000007629396
2026-04-27,1.3515102863311768,1.1541999578475952,1.8480900526046753,1.8917399644851685,10.588800430297852,215.64700317382812,1.0626399517059326,12.491000175476074
2026-04-28,1.3538211584091189,1.1545000076293943,1.8440099954605105,1.8825299739837649,10.608819961547852,215.73399353027344,1.0630600452423096,12.468159675598145
2026-04-29,1.3524478673934937,1.1541099548339844,1.8494999408721924,1.8816100358963013,10.596099853515623,215.7760009765625,1.0667099952697754,12.516260147094728
2026-04-30,1.3488596677780151,1.1540000438690186,1.843500018119812,1.8921899795532229,10.5693998336792,216.05499267578125,1.0662000179290771,12.550600051879885
2026-05-01,1.3602666854858398,1.159690022468567,1.8467700481414795,1.888890027999878,10.653599739074709,213.53500366210935,1.0629500150680542,12.560500144958496
2026-05-05,1.353143334388733,1.1572699546813965,1.8430299758911133,1.8877999782562256,10.598710060119627,212.6820068359375,1.0607500076293943,12.572099685668944
2026-05-06,1.3568705320358276,1.1581000089645386,1.8457399606704712,1.883440017700195,10.631400108337402,213.9470062255859,1.060130000114441,12.53909969329834
2026-05-07,1.3591758012771606,1.1569499969482422,1.8530000448226929,1.8784300088882449,10.647259712219238,212.69200134277344,1.0584900379180908,12.55370044708252
2026-05-08,1.3555645942687988,1.1555299758911133,1.8515299558639529,1.8803800344467163,10.618399620056152,212.5800018310547,1.057600021362305,12.575300216674805
2026-05-11,1.3594714403152466,1.1552200317382812,1.859779953956604,1.8789399862289429,10.642339706420898,213.22999572753903,1.057229995727539,12.561129570007324
2026-05-12,1.360470175743103,1.154960036277771,1.860610008239746,1.8772499561309817,10.650099754333496,213.8939971923828,1.0585500001907349,12.54069995880127
2026-05-13,1.3537001609802246,1.1531000137329102,1.85371994972229,1.870069980621338,10.595470428466797,213.40499877929688,1.056339979171753,12.57800006866455
2026-05-14,1.352630853652954,1.1544899940490725,1.8537399768829343,1.8646399974823,10.589659690856934,213.51800537109375,1.0572799444198608,12.610300064086914
2026-05-15,1.339136242866516,1.148210048675537,1.8375699520111084,1.8561099767684937,10.48781967163086,212.07400512695312,1.0500199794769287,12.589699745178224
2026-05-18,1.330849051475525,1.1459699869155884,1.83118999004364,1.866569995880127,10.421460151672363,211.41700744628903,1.047760009765625,12.583200454711914
2026-05-19,1.3432012796401978,1.1520999670028689,1.845039963722229,1.873039960861206,10.518099784851074,213.37600708007812,1.0535800457000732,12.594369888305664
2026-05-20,1.3396027088165283,1.1540700197219849,1.8410600423812864,1.8852800130844116,10.492039680480955,213.03500366210935,1.0564899444580078,12.589900016784668
2026-05-21,1.3433998823165894,1.15556001663208,1.8467899560928345,1.878849983215332,10.519729614257812,213.42999267578125,1.0571500062942505,12.547900199890137
2026-05-22,1.3432555198669434,1.1561100482940674,1.8500659465789795,1.878980040550232,10.522390365600586,213.58200073242188,1.056339979171753,12.5447998046875
2026-05-26,1.3496370315551758,1.159809947013855,1.8631800413131712,1.8824700117111208,10.572850227355955,214.50900268554688,1.0569900274276731,12.546099662780762
2026-05-27,1.345532774925232,1.156209945678711,1.8575700521469116,1.8762799501419067,10.543399810791016,214.2610015869141,1.0562700033187866,12.499199867248535
2026-05-28,1.3416515588760376,1.1547499895095823,1.856850028038025,1.880579948425293,10.50819969177246,214.06300354003903,1.056879997253418,12.479499816894531
2026-05-29,1.3444474935531616,1.1537100076675415,1.8529399633407593,1.8766599893569944,10.530960083007812,214.1199951171875,1.05348002910614,12.43589973449707
2026-06-01,1.345152735710144,1.1546900272369385,1.8557599782943728,1.8730599880218504,10.539480209350586,214.33799743652344,1.051509976387024,12.43649959564209
2026-06-02,1.3460001945495603,1.1567599773406982,1.8627400398254397,1.8785200119018557,10.548359870910645,214.8719940185547,1.0582000017166138,12.52610969543457
2026-06-03,1.3454241752624512,1.1575900316238403,1.86217999458313,1.8752199411392212,10.542840003967283,215.19000244140625,1.0603899955749512,12.550399780273438
2026-06-04,1.3427144289016724,1.1565099954605105,1.86503005027771,1.8819400072097776,10.520750045776367,214.7429962158203,1.0619800090789795,12.606900215148926
2026-06-05,1.3427000045776367,1.1558400392532349,1.8667199611663816,1.8823000192642212,10.51509952545166,214.72999572753903,1.0590200424194336,12.583499908447266
2026-06-08,1.333564519882202,1.1572999954223633,1.8595399856567385,1.893309950828552,10.445599555969238,213.80099487304688,1.0620800256729126,12.621800422668455
2026-06-09,1.3333333730697632,1.1565699577331543,1.8608299493789673,1.8941099643707275,10.448100090026855,213.57400512695312,1.0641200542449951,12.588899612426758
2026-06-10,1.3372201919555664,1.1591700315475464,1.86529004573822,1.903439998626709,10.479280471801758,214.45599365234375,1.0685299634933472,12.68000030517578
2026-06-11,1.3362016677856443,1.1582800149917605,1.862720012664795,1.9098399877548216,10.46951961517334,214.48699951171875,1.0687899589538574,12.718199729919434
2026-06-12,1.341381549835205,1.1584999561309814,1.8739800453186035,1.9032100439071655,10.511300086975098,214.7749938964844,1.0663700103759766,12.663800239562988
2026-06-15,1.344971776008606,1.15910005569458,1.8780499696731567,1.900920033454895,10.536890029907228,215.1320037841797,1.067759990692139,12.624500274658203
2026-06-16,1.341599464416504,1.157289981842041,1.8765000104904177,1.896849989891052,10.509900093078612,214.9499969482422,1.065629959106445,12.605600357055664
2026-06-17,1.3426424264907837,1.1563400030136108,1.8784099817276,1.8999199867248535,10.515040397644045,215.36099243164065,1.0646400451660156,12.56999969482422
2026-06-18,1.3301233053207395,1.1558500528335571,1.8754299879074097,1.895050048828125,10.42096996307373,213.6080017089844,1.063230037689209,12.649499893188477
2026-06-19,1.320201754570007,1.1520999670028689,1.8667999505996704,1.882349967956543,10.34568977355957,212.927001953125,1.0625499486923218,12.65470027923584
2026-06-22,1.3207945823669434,1.1520999670028689,1.871760010719299,1.8859800100326536,10.349300384521484,213.2050018310547,1.0671099424362185,12.659480094909668
2026-06-23,1.3247138261795044,1.1592199802398682,1.875499963760376,1.893499970436096,10.383899688720703,214.02699279785156,1.0713599920272827,12.745599746704102
2026-06-24,1.32000994682312,1.159600019454956,1.8753399848937988,1.9085999727249143,10.34969997406006,213.3000030517578,1.0686700344085691,12.851699829101562
2026-06-25,1.3166556358337402,1.1591999530792236,1.8735899925231936,1.9081599712371824,10.318900108337402,212.947998046875,1.0696200132369995,12.84119987487793
2026-06-26,1.318791389465332,1.160670042037964,1.8724299669265747,1.9109699726104736,10.338700294494627,213.3699951171875,1.0690200328826904,12.847800254821776
2026-06-29,1.319713830947876,1.15910005569458,1.8721599578857424,1.913540005683899,10.348369598388672,213.50100708007812,1.0688999891281128,12.844300270080566
2026-06-30,1.325398564338684,1.1605900526046753,1.8832199573516848,1.9256000518798828,10.390830039978027,214.5930023193359,1.070199966430664,12.869799613952637
2026-07-01,1.325065016746521,1.160920023918152,1.8822400569915771,1.916820049285889,10.391169548034668,215.47999572753903,1.071429967880249,12.860600471496582
2026-07-02,1.3279330730438232,1.1670299768447876,1.887410044670105,1.9269100427627563,10.414870262145996,215.82699584960935,1.0744400024414062,12.897809982299805
2026-07-03,1.3338704109191897,1.1676700115203855,1.8924800157546997,1.9285199642181396,10.460490226745604,215.3470001220703,1.0728100538253784,12.918399810791016
2026-07-06,1.335309624671936,1.1674599647521973,1.8963099718093872,1.9248000383377075,10.472999572753906,215.57899475097656,1.0731600522994995,12.87320041656494
2026-07-07,1.3397893905639648,1.1706199645996094,1.9027700424194336,1.9256800413131712,10.50393009185791,217.1020050048828,1.0783100128173828,12.89330005645752
2026-07-08,1.3348907232284546,1.17044997215271,1.895550012588501,1.9279299974441528,10.465609550476074,216.68600463867188,1.0796200037002563,12.946900367736816
2026-07-09,1.339620590209961,1.1721999645233154,1.896880030632019,1.930459976196289,10.498749732971191,217.6929931640625,1.0820900201797483,12.9798002243042
2026-07-10,1.3415615558624268,1.1728999614715576,1.900089979171753,1.9318100214004517,10.510330200195312,217.7779998779297,1.0817400217056274,12.957799911499023
2026-07-13,1.3386881351470947,1.1737699508666992,1.895699977874756,1.9281200170516968,10.493980407714844,216.69900512695312,1.0834399461746216,12.951339721679688
2026-07-14,1.3347926139831543,1.17261004447937,1.888659954071045,1.929319977760315,10.461700439453123,216.79800415039065,1.0873899459838867,12.968600273132324
2026-07-15,1.339710354804993,1.1725900173187256,1.8824299573898315,1.9201799631118777,10.49923038482666,217.27699279785156,1.08378005027771,12.93589973449707
2026-07-16,1.354129195213318,1.180340051651001,1.9005000591278076,1.9316999912261963,10.610899925231934,219.38699340820312,1.0893499851226809,12.98330020904541
2026-07-17,1.3478904962539673,1.1775000095367432,1.8913899660110471,1.9251500368118288,10.564959526062012,218.82000732421875,1.089400053024292,12.992899894714355
2026-07-20,1.3446282148361206,1.1765300035476685,1.8842999935150144,1.9262800216674805,10.540510177612305,218.4929962158203,1.0869300365447998,12.997699737548828
2026-07-21,1.3431652784347534,1.1765999794006348,1.889919996261597,1.9185199737548828,10.529399871826172,218.2270050048828,1.0878499746322632,13.008700370788574
2026-07-22,1.3379179239273071,1.1732699871063232,1.8867900371551511,1.9108099937438965,10.490519523620604,218.31300354003903,1.0870200395584106,12.984800338745115
2026-07-23,1.337524175643921,1.1720000505447388,1.883579969406128,1.913349986076355,10.485199928283691,218.1179962158203,1.088919997215271,12.968899726867676
2026-07-24,1.3312742710113523,1.1700999736785889,1.8749200105667112,1.910539984703064,10.43630027770996,218.10597229003903,1.0873500108718872,12.987700462341309
2026-07-27,1.335131287574768,1.1713000535964966,1.880360007286072,1.9086300134658811,10.469260215759276,218.43499755859375,1.0896999835968018,12.912619590759276
2026-07-28,1.3289920091629028,1.168869972229004,1.8767600059509275,1.9020099639892576,10.421070098876951,217.6419982910156,1.088879942893982,12.9197998046875
2026-07-29,1.3287270069122314,1.1668699979782104,1.8739999532699585,1.904919981956482,10.417200088500977,217.70899963378903,1.0887099504470823,12.87658977508545
2026-07-30,1.3367303609848022,1.1656399965286257,1.8756200075149536,1.9206600189208984,10.481969833374023,218.2790069580078,1.0871700048446655,12.884329795837402
2026-07-31,1.346094250679016,1.1680999994277954,1.8858100175857544,1.9160100221633911,10.55679988861084,215.6080017089844,1.0844999551773071,12.838800430297852
2026-08-03,1.34916353225708,1.168660044670105,1.890220046043396,1.9147499799728391,10.579389572143556,212.58200073242188,1.088629961013794,12.816140174865724
2026-08-04,1.3427000045776367,1.166820049285889,1.8859200477600095,1.9187300205230713,10.527700424194336,211.5169982910156,1.0879600048065186,12.844400405883787
2026-08-05,1.3450984954833984,1.1663000583648682,1.8917499780654907,1.90871000289917,10.547849655151367,212.1060028076172,1.088230013847351,12.797599792480469
2026-08-06,1.3469645977020264,1.1651999950408936,1.8867000341415403,1.9084500074386597,10.563969612121582,212.2779998779297,1.086400032043457,12.767809867858888
2026-08-07,1.345532774925232,1.1674799919128418,1.885390043258667,1.912879943847656,10.554109573364258,213.13900756835935,1.0929499864578247,12.797900199890137
2026-08-10,1.34907066822052,1.1673200130462646,1.8818700313568115,1.9097700119018557,10.583160400390623,212.99899291992188,1.0901999473571775,12.790630340576172
2026-08-11,1.3511322736740112,1.1701200008392334,1.8824399709701536,1.914870023727417,10.599169731140137,215.02200317382812,1.0940300226211548,12.815170288085938
2026-08-12,1.3509862422943115,1.170240044593811,1.88031005859375,1.9122899770736697,10.59980010986328,215.156005859375,1.0955899953842163,12.85260009765625
2026-08-13,1.3497827053070068,1.1705000400543213,1.881250023841858,1.9106199741363523,10.589699745178224,215.0469970703125,1.0975099802017212,12.925250053405762
2026-08-14,1.3490725755691528,1.169100046157837,1.8786900043487549,1.9097000360488892,10.585370063781738,215.0679931640625,1.0981500148773191,12.890689849853516
2026-08-17,1.3546648025512695,1.1703799962997437,1.8790099620819092,1.911829948425293,10.62889003753662,215.6699981689453,1.1008000373840332,12.890600204467772
2026-08-18,1.3550318479537964,1.1698100566864014,1.878999948501587,1.9061800241470337,10.628199577331545,215.90199279785156,1.0983500480651855,12.877900123596191
2026-08-19,1.3536745309829712,1.1692800521850586,1.8812700510025024,1.9114099740982056,10.616000175476074,215.96600341796875,1.099410057067871,12.900799751281738
2026-08-20,1.3599891662597656,1.16497004032135,1.877810001373291,1.9092299938201904,10.662079811096191,215.24400329589844,1.0849299430847168,12.836429595947266
2026-08-21,1.364349603652954,1.167269945144653,1.8799999952316284,1.9163099527359009,10.700200080871582,216.75799560546875,1.090790033340454,12.922249794006348
2026-08-24,1.3653554916381836,1.1687500476837158,1.8829400539398191,1.903730034828186,10.702679634094238,216.95399475097656,1.093119978904724,12.925609588623049
2026-08-25,1.3638285398483276,1.168779969215393,1.8874599933624268,1.9060300588607788,10.685500144958496,217.0189971923828,1.0937000513076782,12.944000244140623
2026-08-26,1.3647032976150513,1.1688799858093262,1.887940049171448,1.9044899940490725,10.695730209350586,217.2830047607422,1.094099998474121,12.896889686584473
2026-08-27,1.3596932888031006,1.1663000583648682,1.88618004322052,1.8930799961090088,10.656399726867676,216.5,1.094349980354309,12.944600105285645
2026-08-28,1.3597116470336914,1.1663999557495115,1.8830499649047852,1.8896900415420532,10.657489776611328,216.5970001220703,1.0927000045776367,12.93124008178711
2026-09-01,1.3550136089324951,1.1658999919891355,1.8766000270843504,1.889359951019287,10.619810104370115,216.4279937744141,1.0950700044631958,12.97410011291504
2026-09-02,1.3515340089797974,1.1658999919891355,1.8775700330734253,1.8908599615097048,10.59634017944336,216.4470062255859,1.0970300436019895,12.998849868774414
2026-09-03,1.348363161087036,1.1638000011444092,1.8663660287857056,1.8821300268173216,10.573200225830078,214.27200317382812,1.0960899591445925,12.986200332641602
2026-09-04,1.353179931640625,1.163390040397644,1.865380048751831,1.8785300254821775,10.605629920959473,210.58799743652344,1.092360019683838,12.895899772644045
2026-09-07,1.3517167568206787,1.1638799905776978,1.869770050048828,1.8757100105285645,10.598099708557127,211.14100646972656,1.0947500467300415,12.940500259399414
2026-09-08,1.3546831607818604,1.1650099754333496,1.8698699474334717,1.875890016555786,10.619000434875488,208.4199981689453,1.095810055732727,12.991999626159668
2026-09-09,1.3544628620147705,1.1647000312805176,1.8656100034713743,1.8755099773406985,10.618800163269045,207.8520050048828,1.0956499576568604,12.97463035583496
2026-09-10,1.355197191238403,1.1646300554275513,1.87007999420166,1.8763240575790403,10.625300407409668,208.072998046875,1.097390055656433,12.989789962768556
2026-09-11,1.3509314060211182,1.1635299921035769,1.8687700033187864,1.887660026550293,10.59235954284668,208.67599487304688,1.0984899997711182,13.082679748535156
2026-09-14,1.3525760173797607,1.1665600538253784,1.8754500150680544,1.891029953956604,10.60509967803955,207.51300048828125,1.1044399738311768,13.119620323181152
2026-09-15,1.350092530250549,1.1689900159835815,1.8764300346374512,1.8913999795913696,10.588139533996582,208.4290008544922,1.1032400131225586,13.173480033874512
2026-09-16,1.3473457098007202,1.1676199436187744,1.8755500316619873,1.8905500173568728,10.567410469055176,209.17300415039065,1.1033600568771362,13.17360019683838
