,2498.HK,ACWI,AISP,AL3.AX,ALCLS.PA,ALMDT.PA,ALMU,ARA.TO,ASML.AS,AXE.AX,AZN.L,BGO.L,BIOA,BRK-B,BRNT.L,BTQ,COPA.L,CRBU,CSP1.L,CU6.AX,DBMF,DBMG.L,EDIT,EMIM.L,EMV.AX,FTC.L,GELN.L,GFUZ,GHYS.L,GLTL.L,GSIT,GUTS,HSBA.L,HYT.AX,IBTM.L,ICOM.L,IDN,IEMB.L,IGLT.L,IHYG.L,IHYU.L,IITU.L,IJPA.L,IMSR,IPWR,ISF.L,IWQU.L,LAES,LIS.AX,LTBR,MOLN.SW,MSCL.TO,MSFT,NYXH,ONWD.BR,PLTR,PRME,PRQR,QSI,RR.L,SEYE.ST,SGLN.L,SHEL.L,SIE.DE,SLDP,SLX.AX,SMEA.L,SMGB.L,SPCX,SSLN.L,ULVR.L,VMID.L,VUL.AX,VWRP.L,VYGR,WBT.AX,WLDS.L,XDWH.L,YCA.L,^FTSE,^GSPC,T36N,T56
2016-09-16,,204.0540257628219,,,195.191136087543,85.83197322110956,,,463.9682355673688,42.69746281246557,1850.2033937870483,54.545454545455016,,16790.3412359857,35.521181533446736,,85.40319809929524,,162.56824783118023,,,,86.59606232231448,114.27863981512029,,0.0035143545810863,,,116.52836554073444,151.70928989418186,126.62225512804292,,3181.091160240246,430.213208014531,103.11014757159262,,0.5385176242371897,202.0844295585771,146.27585018891662,131.25486472521428,152.40510482385417,82.05533838083619,162.98681016430547,,116.93458879765156,165.96369714845173,130.8618443665695,,,0.0889653708234213,124.51929554036,8.511352390490066,418.0426250636421,,,,,45.68516958872089,,406.19827629256895,,67.23421095521869,132.1259180104732,350.74006972036756,,108.90704390128164,142.84566284375947,,,46.00199575911819,6792.593501987656,121.43137877851996,,,91.80706981757338,13.492039214296222,,260.936029392064,,672.7117598684232,262.24680409114836,146.27585018891662,151.70928989418186
2016-09-23,,211.1978087708389,,,196.89280951223407,86.52253814967507,,,500.43505527592754,39.176615727482314,1877.4389687691933,53.66568914956058,,16994.92093712561,36.97892220664826,,90.56639479109916,,166.94825919406634,,,,87.47573890593351,119.59392538791656,,0.0033972094283834,,,117.83145043959264,155.21559841421458,129.02461911984037,,3223.752558923321,406.37654014140486,104.61808708732512,,0.5328668904842673,207.90780505157193,148.3647470182326,133.27030588044465,156.36791120364543,83.75493829900563,172.84394755672815,,122.2976944278496,170.83096816361126,134.8681639739592,,,0.0975187378688223,127.60696037925456,8.68889015381094,424.49585468858334,,,,,64.13540300957806,,403.4065933202696,,69.35229275277048,137.01130780624555,362.3141817774237,,112.22496427360912,148.57315173869733,,,48.21186587391532,7014.7315522043755,122.31668035193258,,,90.2601267511661,13.03414520574728,,269.3644321376966,,692.6716694078968,268.6285772781757,148.3647470182326,155.21559841421458
2016-09-30,,213.1073251724685,,,189.93938971625136,84.58356041285526,,,507.8336853235598,37.61735454445603,1817.1575628087128,57.47800586510314,,17094.57114328933,38.708505616346194,,91.43163104934877,,166.18651808747742,,,,82.32629866115492,118.22383624958704,,0.0036314997337891,,,117.72766008943744,153.65228265580396,135.41030009891085,,3248.451479810766,409.0785676151052,104.42139758456985,,0.53177427852593,209.40619436448625,147.56131965987856,134.52894441924226,158.05680627912295,83.62648100721032,173.43559314058794,,120.66533471485404,170.83096816361132,136.03413491939205,,,0.0873998344641313,129.44309090752617,7.249957280676589,429.8198756465221,,,,,56.82500300631804,,402.0105904608567,,68.08484621527965,140.61106870839356,359.121808297452,,112.97115630673387,147.30708008793775,,,47.06515724357739,7059.158985862637,121.97761850546048,,,79.01663968248762,12.68345167295897,,267.3611130066158,,691.6591282894758,271.6434671409465,147.56131965987856,153.65228265580396
2016-10-07,,221.46736167652267,,,186.9655607652655,85.93647010731236,,,513.018575791135,39.72172106712094,1846.9351247891907,64.51612903225865,,17874.156170651862,42.43780823306573,,91.22421397773404,,172.79885408217274,,,,89.75343843833237,124.314955430835,,0.0035534029653205,,,118.3965038632354,148.98463925335432,151.1120166651518,,3477.4764978280728,386.4660961221491,108.09289161847973,,0.5493698932039116,217.95479458221104,144.77614091412943,139.82913875405848,165.75649536001652,87.67786440641979,179.09285302658273,,121.00148058893792,174.3935931005907,140.57520093718716,,,0.0850537477065607,132.3601701132324,7.544708486931769,450.82594719897975,,,,,62.423585408425055,,432.99902370105247,,67.62550317484674,151.96133522639087,374.81171229970454,,115.4424888163202,152.0699320115461,,,42.148644294513375,7184.715179254107,122.69812593969776,,,81.42247468251792,12.2715885090409,,276.9864381520113,,706.2055039943631,282.03059327640506,144.77614091412943,148.98463925335432
2016-10-14,,221.86747658959715,,,171.61188911546031,84.5919803795764,,,500.82186846108607,38.92945513256449,1796.458525822282,61.87683284457533,,18095.28448805149,42.5167125197058,,92.57057552297836,,175.04175845157337,,,,87.06184183386327,124.314955430835,,0.0035924513495548,,,118.60894010296836,146.3493233757023,153.3422513735807,,3478.0376967795723,312.9367489698328,110.27940541689838,,0.5443607890228269,220.4572969716669,143.27642142333897,140.98084490725049,168.2665136250155,88.98221343873513,180.8473765048414,,123.7775435096002,173.7914664257847,141.61039757572485,,,0.0857762648988108,129.86800566127127,6.1293686082392025,454.4719452974518,,,,,57.56161040143872,,426.8571076527533,,68.9950259435449,153.13676735770454,379.2698255386243,,118.82839417246116,152.69293279126532,,,42.48579513379085,6852.474473700663,122.69812593969776,,,77.25080834240482,13.341053098275603,,274.3529782362042,,703.1178042763179,283.43440214591186,143.27642142333897,146.3493233757023
2016-10-21,,222.88378269418044,,,160.87139264316713,85.15018400500028,,,515.2976338262848,38.53015308361135,1798.2742308210916,50.73313782991248,,17971.832252802506,42.57916121499734,,87.91462874170422,,174.703206848645,,,,98.96117286678808,125.8666226477383,,0.0035924513495548,,,118.91628093342794,147.75632459713566,157.45311252891736,,3561.7056753545144,393.61205138286175,110.371192517645,,0.5232102294413293,220.64362845688905,143.91916126682153,139.59791047614257,168.9518137176164,89.21937000138954,183.20608648287657,,123.42960556165892,173.8667303459971,140.35712279731706,,,0.0695969242080602,130.62895442693105,6.100405007161768,470.87391723153127,,,,,57.67013570026292,,424.08435386994086,,69.66702779899306,152.5123190379442,378.03451856344174,,117.577079323856,152.77330515085703,,,42.57977998209543,6734.644387892506,122.48620723323268,,,86.63676951944167,13.424305523689515,,271.773143560807,,703.8095238095258,283.721578996394,143.91916126682153,147.75632459713566
2016-10-28,,222.55902378747376,,,150.83019382378578,84.91954502887002,,,517.7747298838514,38.58373976503513,1676.6219959008438,51.026392961877285,,18147.79559200282,41.960457579674326,,92.95525239970712,,175.69770218224718,,,,85.212022702393,125.58600198085152,,0.0033191126599148,,,118.1361191557768,143.04402233253026,160.3825722313724,,3550.90215128823,433.57544755833646,110.07616326553388,,0.5400370677245776,219.8080328110424,141.3749984693747,139.8259514150999,168.59824897743653,90.46442687747032,184.82718417326384,,128.51782741812565,173.56565935204063,140.81574755329572,,,0.0957624512553461,128.1569518119581,6.070670115630964,475.83252668582185,,,,,49.45280941088157,,412.56958498808586,,70.07533272382234,152.1449964969087,369.3499477954395,,131.70983739548262,153.1350420985575,,,42.81971055847512,6708.444195836238,120.72732643086852,,,85.4901773713769,12.515879007003456,,266.6277849902545,,701.3834390664181,283.7355423427874,141.3749984693747,143.04402233253026
2016-11-04,,212.71348140143343,,,138.52895290776297,85.52198477785915,,,494.0865427397845,38.77442674920275,1586.199886960122,48.38709677419398,,17585.691364556606,36.30903207145646,,95.05855979126946,,167.37144869772686,,,,84.00464577467146,118.38890723010871,,0.003084822354509,,,116.82402028481307,145.6570002596725,148.5203098834098,,3382.0281124744033,311.69054405578856,107.4733311894507,,0.5882267029763207,213.96064049664943,142.95505660959935,138.64801403703265,162.64219172552558,85.13833750849182,178.4964349006053,,115.26045905727878,166.0389610686641,135.39308449697495,,,0.0872112744705546,121.46910697996248,5.923330632327108,455.4816222485309,,,,,36.75839142568248,,400.2121343705089,,69.87118026140772,148.1411807996216,358.3142676105017,,130.19070353960447,145.90031847693152,,,44.49402243495974,6465.829684796778,118.24793011039505,,,78.3889636638103,10.996898044612438,,255.63956166632173,,671.0074992167938,271.59651906681074,142.95505660959935,145.6570002596725
2016-11-11,,215.67516192718008,,,155.3053141143659,104.17854769589584,,,475.0720046775439,43.773866086974934,1570.9479649701211,44.57478005865142,,19174.299771655264,35.176266718179484,,107.29376371656778,,171.32827055695253,,,,103.11626284353636,111.45592604820052,,0.0028895804333376,,,115.29914838022066,140.09603478376425,150.18098512516372,,3524.7467258214906,344.9675499587327,104.12027108251414,,0.7087817683887705,203.13715469482273,139.7101771596569,134.28115763274192,157.84964291278385,84.9901161646183,175.6150412972241,,106.04869628084568,167.74500961694145,136.27791395132297,,,0.0793621654720867,111.19504443838454,5.849402715803655,454.8036230845369,,,,,42.2294638939629,,415.9397624645188,,65.49891502469436,145.79305036834978,373.5437059133242,,209.58578574991495,145.23713151741651,,,45.195670347552806,6164.753711801604,119.34988313239748,,,83.16060411412481,13.523291176822976,,264.7730520790839,,674.7268072525083,280.0232765924415,139.7101771596569,140.09603478376425
2016-11-18,,218.5427044032969,,,151.25205924903935,101.08117073197388,,,506.5876749484301,46.11053063981176,1570.040112470716,41.05571847507367,,19498.337267838557,37.19991310015861,,104.19159943217902,,177.19473505144617,,,,97.03437316785624,114.88940244305026,,0.0030067255860405,,,116.46939555593802,138.26471473582734,155.204960460633,,3603.7818096725496,376.8432788525063,104.57014412572056,,0.8203142573077973,206.07313479611813,138.79103085021677,131.91377812740998,161.97952247874093,88.09288537549403,177.59175238161723,,104.10402761508348,169.04964038201476,138.31250998092946,,,0.0818528185102277,105.06703045222578,7.360646990607335,473.5398953886682,,,,,42.272206248565446,,369.3184828508185,,65.8136500709169,148.48599537258812,363.53790123221887,,160.26634587249177,145.7596438490694,,,40.13569438067373,6079.984480750466,120.9392370534616,,,96.14814839949358,12.409216223480222,,264.3110228852998,,679.278175908523,285.54094974671625,138.79103085021677,138.26471473582734
2016-11-25,,220.6818127686336,,,146.92157167336285,98.92353269869731,,,500.20620233487784,47.91230649126203,1562.0510104759535,43.98826979472179,,19484.275068132272,37.78840120815014,,112.4862145262197,,177.42219940966373,,,,97.2094228292221,115.74777154176272,,0.0028895804333376,,,117.29685025048602,139.02404318395477,163.01592596576555,,3644.721023179754,414.15721298727686,103.1940458426966,,0.8561161524148405,205.3267978672156,139.46687342149508,131.84704281552388,163.91452705285485,87.895256916996,176.90430385390647,,105.93283958572198,170.83096816361132,139.72451918426518,,,0.067976204161486,102.19320388195896,7.358500174606427,473.319575386424,,,,,43.01377172755696,,374.0930716100429,,63.72959368376754,150.43090009787142,362.60248519588225,,156.31068193300212,145.84003154104556,,,40.02331076758123,6183.266174441527,120.79089800087203,,,95.74913639815186,19.48276619237884,,261.93644513208375,,685.7944666353403,288.66104639576184,139.46687342149508,139.02404318395477
2016-12-02,,216.79753734374637,,,137.2420332428525,100.01940908244772,,,477.1519501539217,48.026802052340074,1472.5367540346372,43.40175953079216,,19419.88116606157,41.62907059013733,,111.26334181510563,,173.20088411065026,,,,97.7247778231606,113.73390557939888,,0.0029286288175719,,,117.13135209679125,140.2076989780176,158.88550478103883,,3565.685592283272,372.6285040267538,101.2853763751426,,0.8213410547392475,202.88829959875935,139.8994122546117,131.24319972065393,162.27568169631252,84.12055215345538,175.28562049318214,,98.53279328630026,168.271887684642,137.24682786728852,,,0.0667200007108961,96.09619822622967,8.855926220859338,458.2737208577865,,,,,39.03719341100456,,371.2844738261916,,62.13890574745354,153.19864913000532,356.8523114844866,,150.92749190082432,143.2274852151657,,,39.74061262362872,6061.4715732491395,119.43465061498352,,,91.52418343753232,14.023333226680382,,255.56735520453577,,674.756911810779,282.76229591599264,139.8994122546117,140.2076989780176
2016-12-09,,224.01092452645327,,,143.35658393994078,98.73146529645506,,,492.6739860276042,45.855978553321705,1554.2434789810718,41.34897360703848,,20093.92525115089,41.64479236621077,,111.30536190636404,,179.17843584985476,,,,100.4038930806942,117.67910201386572,,0.0029676772018062,,,118.82171313659695,138.37637893008068,166.90752963719146,,3831.2214991065457,374.7629245043644,101.76502963281496,,0.8503135473706511,205.1041601442772,139.08840323158554,132.31167284769128,164.9299001852621,88.02371420879136,180.98704300679623,,93.76171256342758,173.89181321503233,139.82253334357816,,,0.0589841318899716,93.10439672437688,10.425275427563044,479.49279979618194,,,,,38.613153020431994,,375.2164058254421,107.04913158116749,62.0028041058438,156.15340823187796,385.56140717076767,,151.7920063592363,149.23633869821248,,,41.19587539878161,6088.753588828475,121.9776185054605,,,97.79368988360116,12.781448077677004,,257.321672303275,,697.1629268483729,291.5902305679986,139.08840323158554,138.37637893008068
2016-12-16,,225.1462952985649,,,140.88372679858173,94.32175879463426,,,513.8273768235713,45.869849455975384,1598.1835399522658,39.00293255131999,,20342.045116520283,42.90264739133839,,108.41168784193754,,181.2203252050167,,,,108.39652085401654,115.61571475734542,,0.0035534029653205,,,118.54984199381003,138.46571369325616,178.92856327941792,,3791.988360906435,337.3886348218049,101.5896998820204,,0.896821425505072,206.4355918054152,139.14247187479253,131.97994001222455,165.97206222343615,89.14031379307681,179.5789811149748,,83.53113714124602,175.0095616200884,141.53271417586387,,,0.0587004863102377,98.85573552557844,8.95672446378316,488.2946723527212,,,,,39.11367521701467,,379.1483628004404,91.25788543396304,61.29677683999319,162.69876067273512,385.74628965883494,,148.0419660056744,150.74357342490055,,,39.005648439000545,6142.343373503233,121.86855628734884,,,97.89429526826348,12.344444363132771,,263.4910048982559,,702.9173030231851,295.17911408878973,139.14247187479253,138.46571369325616
2016-12-23,,227.9673979337524,,,141.59462084836235,95.5560796114778,,,540.1997233419035,39.40047345874624,1600.3623859508375,39.58944281524961,,20641.951811913383,43.02462142018515,,105.25187434905064,,184.6746095286456,,,,110.07314814558724,115.64872895344976,,0.003748644886492,,,118.98721129029175,141.6593590616068,190.3162760400254,,3675.9939804769297,371.5441634536186,103.65715341511144,,0.8743362572929554,210.5078124614489,140.9537250157996,133.89583111863317,169.07070768097782,90.9486190132473,182.5974160614232,,85.70694544536744,177.61258883790748,143.5465336460783,,,0.0567139600030758,106.04384585678768,7.464748600094312,501.2660793417914,,,,,38.65689020525242,,382.2376630154648,97.94046967700844,61.95176599024016,165.5787157467123,389.948398905155,,148.60719440933852,153.77812830198243,,,38.249298953036906,6377.163467810005,123.4057854671985,,,91.29481053314544,11.797767339977874,,265.59430451103185,,708.5914982769445,299.27253006709896,140.9537250157996,141.6593590616068
2016-12-30,,227.1818688136131,,,143.1066576804526,106.4962872976074,,,551.4521396329777,37.0454388024595,1611.438186443576,39.58944281524961,,20344.77600364812,43.92151821944253,,105.22601052069932,,183.25163482258716,,,,104.5695640319406,118.45493562231736,,0.0037876932707263,,,119.6728052711119,144.3616717519244,187.24934673798325,,3735.1284385479375,372.2400432883629,103.82917200985688,,0.8969529111482777,211.59536196761732,142.6298117050588,135.65959436156436,169.42016521431432,90.55336209625123,180.1608055866435,,81.25385772094674,177.20824078606955,143.33032036898678,,,0.0604093714913063,128.71380727133638,7.466326668888636,492.42597706795993,,,,,44.040049047835154,,375.21640582544205,103.0429937705564,63.15966805952673,167.7480325556821,400.3985622763191,,148.88552673173626,154.48151677367784,,,39.46114685917128,6416.137330919074,124.08900024592336,,,88.42662268663679,13.570944445623669,,267.62483500483665,,716.0701558583983,295.90009868300785,142.6298117050588,144.3616717519244
2017-01-06,,229.26380780071884,,,157.88282939858806,107.3608415057588,,,540.5674438448083,41.422733981243645,1652.4731194166748,48.97360703812359,,20172.86226228681,43.794750514336265,,108.39821857598268,,185.034320606757,,,,111.56891625944544,120.7494222515679,,0.003748644886492,,,120.0156067707628,140.1183727342741,180.69839554835264,,3803.928805783552,298.70327433580934,104.32204970174968,,0.8838077127480362,211.6231907831489,140.00754954102564,135.60868624945124,168.44877398693922,91.38339800325777,183.43884299502392,,87.41677682564762,179.76072064118657,143.38120610164944,,,0.0576451014848121,113.7564241398126,6.017586284198737,492.46589679591335,,,,,44.441835017000386,,365.3867007060556,103.19266908033566,63.84017626757551,169.6181332530699,394.26000153026007,,170.13547397128582,157.11414852326334,,,39.96836335126315,6419.0605152322105,125.9464980611091,,,81.27099912553135,12.29514533962493,,270.4894199808993,,722.8170523966187,297.61407221809014,140.00754954102564,140.1183727342741
2017-01-13,,235.40460493477536,,,155.73075460546417,113.1668898763322,,,569.0168157695462,45.70488626121936,1673.716867902748,48.38709677419397,,20413.59943693619,43.4474677809144,,115.14348159514095,,187.2930945825449,,,,122.08822363211873,124.36447672499148,,0.0042172254973035,,,120.27566370280697,139.93970320792323,187.00071343594936,,3855.102735906202,311.2703167713468,105.5029815826484,,1.0212986929619736,216.56663237013825,140.0616181842326,138.28013281794827,172.32858259535897,93.39921069239436,188.4096368537518,,74.86015055994231,182.99555133055833,146.3933046566759,,,0.0567360996037631,116.60828933676449,6.182557559667822,501.8701925207727,,,,,42.66813804673512,,371.5653510876003,110.67261050325274,65.72008019231023,170.66538964360709,404.530182467859,,191.08291099983077,159.78698178502924,,,40.71849695628228,6592.49596327013,126.18134652383866,,,83.49866262835504,13.72759470241139,,276.43106401679916,,735.6190280388494,303.6622281078269,140.0616181842326,139.93970320792323
2017-01-20,,231.3024956008178,,,145.13477810933065,116.60140893160016,,,591.8655075312298,45.53528834278897,1568.2244074719065,58.06451612903274,,19917.409808106982,42.83856694500639,,113.52978657967586,,184.7063487414201,,,,117.55385127566636,122.06999009574092,,0.0042562738815378,,,120.19291913520028,139.22504214138354,183.4776096030491,,3857.3772716187113,193.82193628343396,103.61745992247418,,0.9355221293683188,212.66242028849177,139.52094206470207,137.1779860862366,169.5402666993719,92.41106839990424,184.75938864533217,,58.607413266698906,179.63435994687606,143.74956396022483,,,0.0490802774296774,103.94970588797088,7.52184505563778,495.1523524413899,,,,,38.93727576812227,,386.7311996830449,105.17973705947183,65.47339596689254,166.28935401171975,402.5467188187693,,194.2990866015184,157.11414852326334,,,41.03127899277485,6549.624224502607,124.79357006779988,,,76.38366867835224,13.67665547737364,,269.1751014837801,,721.6441004855913,298.9682100941802,139.52094206470207,139.22504214138354
2017-01-27,,229.20419030969592,,,147.60243836223611,113.1257099432928,,,577.9447294385014,47.48666601782787,1539.3546979908328,69.20821114369559,,20021.213894158143,41.61020200521896,,111.21291114769993,,183.4526498368259,,,,115.15485416521554,123.42357213601828,,0.0042562738815378,,,120.5593580748181,138.22004735423965,187.09938141140927,,3909.6881225521897,189.0041165514736,102.07927651285202,,0.913248204642442,208.92790442281057,139.06136375371244,134.62228635749145,167.20884870915177,93.12253205672552,182.3077415417577,,54.04836556307718,179.63435994687606,142.4046956737436,,,0.0511805151388769,102.21630182966616,5.998568549702257,508.5498956168008,,,,,35.9505509047673,,385.3269882062371,103.0145869910523,63.61901109995964,163.8956251190634,402.58793871245945,,281.33336374496423,156.3906746278623,,,40.566578155112055,6301.163344836872,125.07112861683268,,,79.6326092160868,15.11492933652333,,263.68187192424324,,720.2506265664182,295.8816192730545,139.06136375371244,138.22004735423965
2017-02-03,,231.1870751186949,,,158.84792290393727,113.1038872457669,,,590.381877183813,44.136023335988966,1582.5684769625025,57.1847507331383,,20085.397454875943,42.75137507756234,,111.88248238741735,,184.25670989378085,,,,116.60699441710672,125.07428194123452,,0.0038267416549606,,,120.90215957446893,140.1849143507743,177.55476146438264,,3896.041949413405,231.88094586283395,103.00219059662048,,0.9059417116874712,212.41268472354267,140.27788244452125,136.4878732219411,168.77521276643253,93.3102754736135,184.40045072201764,,54.85709475541003,179.50799925256553,143.21132061765576,,,0.0509685669194153,104.12700942409532,7.577917264855515,495.2786985261758,,,,,34.84381415429483,,376.90149456365856,102.55762463530314,65.44787690909072,164.04523317485445,418.3577701637072,,230.88639137096624,157.3151100870115,,,41.97211388270884,6369.368606215911,126.6937616801636,,,84.60813045882567,13.180670402981882,,270.2165186241864,,720.6315593671702,298.01713967268006,140.27788244452125,140.1849143507743
2017-02-10,,233.02678645849696,,,180.50651330404324,112.49834318732606,,,600.0612848970675,52.22399993297252,1680.0718353985817,60.11730205278643,,20129.193978636937,42.826310980537,,116.3893085159273,,185.5580176175369,,,,117.63488894959193,126.34532849125102,,0.0038657900391949,,,121.13857906654611,142.3492338871707,168.6609018103779,,3905.7082056234344,231.4012747178897,103.09150095505436,,0.9139433050405104,213.34118657335904,141.44033249212313,135.58675642423174,168.70262539296047,94.51581027667984,185.9761380391725,,55.437416746088374,181.35286230452135,144.60598019147412,,,0.0557468971246981,104.1520819456488,6.025469640550616,498.6400358067851,,,,,37.114057529934,,411.44607594245093,102.69058039753529,66.19643593794436,162.0629264356234,419.9676721641974,,296.7977568481637,156.49116307592865,,,42.79484703469709,6507.62375826138,128.70070407459767,,,82.23148481316348,13.15340474197724,,273.14197784596337,,727.6992285401026,300.96691898740147,141.44033249212313,142.3492338871707
2017-02-17,,235.7993369583416,,,183.64049893843531,111.508342009746,,,609.1472400213038,53.39282027463032,1724.0265640717769,56.011730205279065,,20703.588745802135,41.78539678839043,,112.15843156245438,,189.16570813624267,,,,164.9456268506469,127.63288213931968,,0.0040219835761321,,,121.18585394648012,143.27357922668838,207.7076598170288,,4022.839506863771,233.76349606396815,103.7630094588028,,0.8985488442765035,213.3973958141923,142.06210642019445,136.25416345689908,168.96707113868592,96.57114503883092,185.05989172671008,,60.07979373111342,183.02083272435408,146.59096329720666,,,0.0542224947890674,106.74850290870172,6.056615890234577,506.8723823137849,,,,,37.582645856049446,,374.0930716100429,106.3039123072947,66.87694414599314,159.56674478659943,424.2791400155321,,276.1569686279918,158.34003399422707,,,43.72648557733525,7463.962559079535,128.48720251045708,,,84.95338725742592,12.829486320549252,,278.55687933646306,,731.8295739348395,305.7404225365242,142.06210642019445,143.27357922668838
2017-02-24,,235.14305031235972,,,164.25591347883855,112.81823325489069,,,585.5758634353648,51.31177721396153,1729.279310948165,61.29032258064567,,20794.748108800817,42.09541431419353,,111.5603005396639,,189.5836077711074,,,,148.4286472499627,127.73192472763262,,0.0039438868076635,,,121.7650749382082,146.2044296739219,203.93989719259,,3792.055467924632,232.97074837851343,103.89532446592308,,0.8235331908737882,213.82163730470847,143.81930123053374,134.67907788866603,169.13423147904777,96.68972332015812,185.7775940768163,,58.55456697164948,182.31321592119295,146.5681006378728,,,0.0534147417612778,113.96813800496946,6.012244991024763,504.16927660666937,,,,,35.62305926083709,,428.85896760491306,99.0833753219335,67.40433800723092,157.89110355256352,422.431521750018,,255.5618456607388,157.01366007519695,,,44.36672131462005,7416.784438931116,127.86803657206184,,,83.48144613829774,12.32933846136915,,280.4984037956267,,726.1854832393508,306.20275486549144,143.81930123053374,146.2044296739219
2017-03-03,,241.91800492851849,,,183.91563224447313,113.88965495033176,,,595.9202655142041,54.070185811594754,1793.6254601839228,59.237536656892,,21953.828459537464,42.333796925823016,,114.118107965505,,194.97927394277872,,,,142.0278342683288,128.88742159128398,,0.0039829351918978,,,122.21425844543263,145.28009293464555,210.7321273309088,,3894.102172421584,233.94376754739713,104.43451796255124,,0.7967024224444378,217.8860256970336,143.2786251110033,136.77526334598463,173.53397585203462,99.20948616600792,188.83986098574067,,63.59443215422868,185.64912591107944,151.48114922028176,,,0.0525174954245346,119.67635796344229,6.0177691908837625,512.7756853285576,,,,,37.78942879541051,,432.7907497496758,96.05810028334636,67.0215521402035,162.8037789887142,439.5366662634478,,248.73294178475896,161.99758965102808,,,42.88211824596589,7586.82168602693,129.87498711105846,,,97.41615790612632,11.463720829506236,,290.59451000245963,,739.2781759085234,315.31110107282166,143.2786251110033,145.28009293464555
2017-03-10,,243.63407031435068,,,195.3605621027969,117.1521439468695,,,609.4804832270856,49.0403233509512,1785.7463398693403,57.47800586510312,,22077.58767787935,39.99107223956482,,110.7889580988601,,196.11659573386623,,,,163.19710606492646,129.3331132386923,,0.0037095965022577,,,120.3584082704136,144.42337129282353,216.736264550716,,3887.6879505031825,234.22554416122443,104.6594645791424,,0.8175856121072458,218.10183496713108,142.71091982613888,138.06822875813023,172.3944767566674,100.93873517786568,191.0319725177255,,73.91475061442658,184.9415091079183,153.25800879901558,,,0.0578452655421984,128.32250639212555,6.023524420491473,523.2086934407507,,,,,45.422006581073326,,423.803476608532,93.48098852587351,66.19643593794439,160.9758067334023,440.75038589477424,,235.19740386737524,164.18809676093687,,,41.00915009240059,7932.794567115323,130.5795487883724,,,85.7994817828902,11.018430049163625,,293.8307612022885,,736.150385729952,316.9517303446237,142.71091982613888,144.42337129282353
2017-03-17,,242.59871103633864,,,200.006003818331,117.22063073660512,,,622.3830908713495,51.24141785119457,1837.3358181195836,61.58357771261048,,21462.82604387688,39.18284706974342,,113.41212483658276,,193.32354500970695,,,,142.9439944304866,132.15582700561214,,0.0032800642756805,,,120.86669890527772,145.00954654241502,282.44295525796264,,3843.370311003825,235.5597429664075,103.74978502458234,,0.7982636244472461,216.87023864320088,143.0353213728415,138.98142431623353,170.8233401631472,99.95059288537551,190.3873805241739,,85.49284532330188,186.97592245627368,152.65276945418944,,,0.0569373812976426,121.26921899585152,6.0112216034788855,514.521032758358,,,,,40.68528815428954,,433.9142587953109,94.00910623018672,66.55370274717,161.69937908446323,446.41311908463433,,268.3404431814602,164.6101359769079,,,42.24412241109173,7941.640352455331,131.24141666850824,,,76.71882440822945,13.389782074150984,,289.9580856393877,,744.3609022556413,312.7200726993267,143.0353213728415,145.00954654241502
2017-03-24,,237.73011214444776,,,188.22092758253137,124.04042100538814,,,636.336676724954,44.022962905445254,1849.1544985914584,75.07331378299182,,20665.74670337948,37.76749903081132,,107.5900868583279,,189.19744734901712,,,,121.80453658188082,132.05678441729913,,0.0031629191229776,,,120.4175153980533,146.11424754317838,254.3526724904973,,3780.392987410696,231.28695126176703,103.49506828851322,,0.7459560537292085,215.44439825901495,143.4137915627511,137.30104987018578,167.80063184368225,98.51778656126484,188.60390098923637,,82.65641237820648,185.26849306819227,149.74630319618493,,,0.052534089784211,127.27752572100589,7.398623319127571,508.49309045525945,,,,,38.37614434462135,,424.92698565416686,93.46432297630682,67.0045394350023,158.65275865894344,441.0156985201174,,234.1982683164491,163.42443668574,,,42.79932380442029,7898.394191070565,130.80276715420948,,,78.75748766430745,11.786889552072951,,283.888566067944,,735.5187774122829,304.0872851227504,143.4137915627511,146.11424754317838
2017-03-31,,239.17848743883843,,,197.450283400926,125.21886116979589,,,639.9587195655533,43.64368290980536,1843.1513593041573,89.44281524926761,,20489.101333404134,39.676721640878725,,112.25508898683154,,190.09672504429577,,,,141.61256894247262,130.34004621987424,,0.0031629191229776,,,121.49319477693976,147.76004132840285,258.74305721325163,,3795.554425625211,193.84808625189413,103.28666735717955,,0.8382976851513534,215.81292772242065,144.30590870685728,136.58941060271462,170.52449400805017,99.03755037209736,186.8578034950765,,78.80145519718744,184.88623345388376,150.1790503944338,,,0.0694019903171901,127.28006313691446,7.431315180708357,517.0439943440131,,,,,44.25298157845458,,423.522799153107,90.520652634884,66.72382979918218,159.64291029723736,452.63324198617295,,211.99124377717524,163.7459874536447,,,43.83986166751211,7744.082086521654,131.1036594871419,,,90.49454955935332,12.310657406459232,,285.95494955759773,,734.1253034931101,307.5084515065031,144.30590870685728,147.76004132840285
2017-04-07,,238.76108530141363,,,192.51979617729816,122.79640302789086,,,635.574991802093,43.657368381444016,1798.503010854856,87.39002932551394,,20442.467185635214,41.31769018895368,,112.34333058712218,,191.07006090271489,,,,132.70740338651302,132.05678441729913,,0.0030067255860405,,,121.75325170898394,148.68437806767918,243.46920555873663,,3815.9637665246023,305.8217060471956,104.92078343733375,,0.948246081225718,217.2543138042417,144.95471180026252,136.27509323397328,170.89938156720078,99.28458594521987,185.87739616096587,,67.21588391166739,185.70172374191193,150.0423663368092,,,0.065278708404022,120.03214472981234,7.388584735450753,516.0362021234432,,,,,42.95913412448922,,447.67589591394767,83.11652199135779,68.37406220370046,163.41310307381812,451.16474020287313,,185.80265869571548,164.0072359532789,,,44.661602342415954,7942.623117770603,132.7155897267379,,,85.64066804501608,11.239410611011058,,284.2450321322749,,736.7819450971201,306.81497404750945,144.95471180026252,148.68437806767918
2017-04-14,,235.29874964191083,,,186.16010690951052,122.29936715543306,,,623.0439382103567,41.50472475363529,1779.5556024793125,86.2170087976547,,19910.503075824956,41.58343575918565,,107.32340105626784,,188.70019968221607,,,,129.19904016303624,130.96731594585643,,0.0031629191229776,,,121.80077310369816,149.72146397098825,225.62942384774587,,3754.735743826431,265.79179836085876,104.63299552072552,,1.0187560376822316,216.5115739776763,145.54945656299998,135.85180582964995,169.8094048263727,97.87549407114628,183.2490690096651,,65.81656904295268,185.37043518701455,149.3245042630263,,,0.066931677307842,145.683266740331,7.4389179732196355,506.9984485211128,,,,,43.561160639521034,,465.3694650318349,86.61964289511968,68.79087348113033,160.44264815893632,442.86446652956056,,199.9306097686232,162.3995127785244,,,45.04698696097575,7928.862608351673,134.7788584657325,,,76.1156898936244,10.717170616062948,,282.4056324416288,,734.5965010181728,301.3885073536966,145.54945656299998,149.72146397098825
2017-04-21,,232.25022349352545,,,181.1065731873265,112.01176264930136,,,611.3014574431857,35.12838481441017,1713.1458741135436,84.16422287390102,,19579.557701131533,37.97729859392501,,105.21011583349436,,185.17714706424243,,,,117.44036057306492,127.76493892373688,,0.0035534029653205,,,121.90975722909111,149.78909626892522,229.59342541485455,,3638.69392034849,222.74175664157855,102.770631762919,,0.9392124293601362,213.00241182051565,145.73869165795475,133.79302877475567,166.52827240696774,96.8478236744998,182.4105933138255,,55.77604118231999,179.8658874084619,146.48342887760674,,,0.0635792054074347,148.34042270299764,7.166274277146951,508.1110696608208,,,,,41.409366527647904,,453.0120643657537,84.34727167822935,67.31927448122485,151.7597799462049,431.813308144692,,197.3523056128174,159.14389558160417,,,43.63548423048008,7740.151025260575,134.0266276334015,,,68.88739939688998,11.351407720349837,,274.909564403731,,713.2431175595262,297.95816544411093,145.73869165795475,149.78909626892522
2017-04-28,,235.2105974500861,,,192.68872368465736,122.61698923846711,,,620.2044440569782,35.23409732612428,1739.97240280367,78.88563049853441,,19654.584746899985,37.36152857443983,,104.46258904227554,,185.5315682735581,,,,115.74628650418364,128.40871574777125,,0.0033581610441491,,,122.7695547615762,148.16585231650728,231.12827565134788,,3711.5844235606,219.62502227892764,100.94797159273774,,0.9014546335664966,212.36879988504415,144.92768263492863,135.55394445111918,166.33879027996556,97.97430830039532,182.89844525415157,,62.184885162988046,182.31235827254648,147.46268774467842,,,0.0737328866104656,150.9841953792307,7.03562988499736,520.1525629999635,,,,,41.97171423137296,,456.10136458077824,88.92812046904565,65.65202937150538,152.52143505258482,456.38071414022,,164.93890346843253,164.46944601666112,,,42.24884502376246,7807.969012034819,135.98243599616325,,,69.05943365450415,10.331592797413514,,280.28841051939753,,722.1954789317068,300.313990707414,144.92768263492863,148.16585231650728
2017-05-05,,237.34166223351505,,,201.9518292188076,118.37789315842492,,,632.2990838149216,33.11439202895112,1727.9661242290683,80.35190615835846,,19765.97221351569,35.372906828839376,,100.04100134823427,,185.684974468635,,,,114.11810468223976,128.22713766919745,,0.0033191126599148,,,122.5273616568754,146.15934720879142,220.51836835077057,,3840.454690875344,181.22600623175623,100.47824170822474,,1.0388113105674093,211.33116386620537,143.81930123053377,137.04867057676927,165.23858408017156,98.91304347826092,184.97615337386063,,56.1818733156904,184.73333582983372,148.7026064945207,,,0.0634782467362704,141.44587650763162,6.9551899006634486,522.9846668996878,,,,,45.287934703649846,,479.41202936337623,85.42615197115524,63.567972984356,157.4721932440545,461.5600831403525,,144.97070643954356,168.91077783713376,,,39.479545623959176,7901.625645989151,136.43377449556183,,,60.90742266062898,9.37775680669701,,282.48428893696314,,731.5689125156667,301.4821842272407,143.81930123053377,146.15934720879142
2017-05-12,,237.918595348411,,,194.07152498849925,113.4761394980361,,,631.7305296969284,31.87603068038019,1942.0155594418968,77.71260997067515,,19432.74251070096,36.329327095302986,,100.29959976808564,,187.02860114275703,,,,118.46638412750204,132.41994057444666,,0.0041781771130692,,,123.03597272019198,147.78259116120938,247.57295508119049,,3954.163875886234,180.91060082750525,101.39974527966888,,1.106784416942323,212.7335022926239,144.74959633661803,136.2378197345289,166.55932473126893,101.01284584980245,184.90915628909715,,54.91892083226496,188.4539898540965,149.01307927133186,,,0.0697035060718937,147.26793163427635,6.999020566764812,519.6250920216099,,,,,43.69160195058808,,485.0290750765912,83.94468816232731,63.99329061438649,163.3750203184991,451.0334452716418,,150.2140297326446,169.9959733478508,,,39.54916470457697,8128.489994300139,137.03555916142662,,,61.99109367659427,8.510400798308716,,283.92252258926436,,745.4034989818321,301.2045071695274,144.74959633661803,147.78259116120938
2017-05-19,,237.56555770911936,,,191.1066794200879,120.55662915507706,,,626.5656605664938,31.89027066416475,1920.6293757308863,74.48680351906222,,19323.067017169917,38.03514657070146,,103.9400020223711,,184.30960858173836,,,,109.42415984730698,130.53813139650015,,0.0042172254973035,,,123.12074123074474,148.5265636389987,224.24421177561857,,3926.634679476895,180.99141904631264,100.83875329079474,,1.2062363627982695,211.74874567589464,145.04973854536755,138.45928669731956,166.12927454026115,99.45652173913048,186.14972235399745,,54.4022428876772,190.18689699479168,148.8329656534077,,,0.0944687446152338,148.18979477308545,7.013674268500834,514.6046393396355,,,,,43.04016711032722,,478.0077929108204,77.17713663750496,64.46114000742001,164.15855372849444,452.3292990637798,,152.113829902689,170.69936181954614,,,40.6864220393772,8198.828137390274,137.57287743999308,,,60.48670936128514,8.088477716074003,,282.7603540649338,,748.9423754699272,298.5020715551059,145.04973854536755,148.5265636389987
2017-05-26,,240.1431054873954,,,194.52636257608333,119.82514979890738,,,629.987077104367,27.34975402134925,1961.150565920169,74.48680351906222,,19651.199214552245,37.07443723954984,,104.14202438387652,,190.5939727110967,,,,95.6185072940907,134.7309343017494,,0.0040610319603663,,,123.52036816866836,150.6007182451342,224.967016980702,,3982.687315772959,218.6600301113688,102.89573410725664,,1.2519657682702343,213.1722049297871,146.08659060961293,140.3108409871577,166.86591755910794,103.45849802371544,186.80792198633077,,59.4207190623472,192.1746438783593,150.4484227716985,,,0.0876037769090868,145.33873010239307,7.090556038089145,532.8957506611735,,,,,42.69685172695391,,490.3651935769015,75.2162131563364,66.44312016336205,164.1585537284945,449.77361052635854,,153.14357179199294,173.8143043886041,,,41.944764613572616,8540.611409582418,139.20628827665408,,,59.08752144359014,8.14323305508737,,284.9734932106789,,756.6516388627844,303.36306616459774,146.08659060961293,150.6007182451342
2017-06-02,,243.8370096172208,,,193.2843534645504,122.32442887037028,,,627.8361694523076,29.524816758441226,2012.5524460676843,74.48680351906222,,19791.23065750554,35.64653053861882,,104.50569217776632,,190.4458563848155,,,,87.29089430279137,133.8560581049848,,0.0037876932707263,,,124.10164455465494,149.1578385542033,246.4849999560323,,4002.748403339189,180.9696603202027,102.81558511556736,,1.2843254472394026,215.32692531684103,145.4590252679521,141.09363390524362,168.3907716275676,103.50790513833996,193.01245085746004,,58.68919222691722,191.99626850169545,152.74821993018836,,,0.1141815627909889,154.93022946118978,7.0978440439503885,548.5154130318699,,,,,42.417489567939384,,500.75665321910526,74.53865151199336,66.50266463156633,161.7558553500321,463.7970224430508,,152.09554283040768,174.73873984775335,,,41.69911287724155,8663.454840671813,138.86241835218948,,,62.2056063791402,8.513179076372582,,291.38144480295546,,756.6516388627844,307.35220118002695,145.4590252679521,149.1578385542033
2017-06-09,,245.5956646200825,,,196.46532251205403,123.9912750916548,,,639.4277682780139,29.288508447438826,2002.4221485203636,89.73607038123247,,20495.63315127976,35.057889430033676,,105.86336128854764,,193.6197776622692,,,,97.82123602018282,136.2991086167048,,0.0037095965022577,,,123.7625612733692,149.60873200743816,247.64531755025084,,4104.823132148202,224.40255534106657,103.60031151163008,,1.2065061011052085,217.99097200835593,145.70459521978407,142.6263877236017,170.0445872300215,105.5592895025322,194.1389659932444,,54.695512067343145,191.7414287588231,154.2832547118259,,,0.1110588091990842,156.47359054233542,5.748817130767266,544.4913514519817,,,,,42.53452636309197,,510.3056808830666,75.38545558806446,66.70681709398096,163.26723013648424,468.25550168313697,,140.12344566277122,174.69855366795753,,,42.08399973971007,8576.275310515948,136.90660998942766,,,58.388266558627066,8.357093454019585,,293.32210395734154,,754.6165217731855,310.4132737917473,145.70459521978407,149.60873200743816
2017-06-16,,245.0623826671454,,,182.25546384584428,122.73176208099352,,,614.7962941707674,27.59215743389816,1982.5367496311785,101.75953079178976,,20496.496256203453,34.086637863317165,,105.5697427488824,,191.49854027517097,,,,101.02498621759936,133.14625288874177,,0.0038657900391949,,,123.81100174212428,148.5942131374183,227.46940357234507,,4054.670773356986,187.91727668386088,103.76059930441843,,1.212584001532829,217.33489982749683,145.1861639833645,142.05918849420678,169.21806602223268,101.1857707509882,192.84933602247384,,50.749457749117354,190.46893426768375,153.65618006799056,,,0.0791076993877568,156.405717866613,7.310153629032083,540.5102694876855,,,,,42.84937373672994,,509.7439263602493,75.61793630943437,65.75410560271268,163.92603453057873,447.9125884101295,,140.80921185817678,173.25160587715544,,,40.6496245098014,8473.245861319489,137.2289911181262,,,65.64666735819584,8.840009011031832,,293.4794903796923,,748.2205513784486,309.72797576939126,145.1861639833645,148.5942131374183
2017-06-23,,246.6260456271998,,,188.70076092370164,122.65876156089826,,,640.2312411107775,26.374639352456946,2026.4347056695683,100.2932551319657,,20231.777666895,33.07097558927538,,106.23780352307703,,193.15426920824268,,,,112.09299472840904,135.3912182238358,,0.0037876932707263,,,123.4113840432754,149.9919931627361,231.2506395982274,,4016.3189695754695,187.98100032618507,104.1846807143548,,1.2613541999245608,218.26866771233773,145.75915706810784,142.85914962142525,170.02916153648707,104.02766894917252,195.17840285934565,,51.07060774106608,189.20412548986428,154.80391069702338,,,0.088853138997246,163.17384048328174,8.843518892032671,553.3329210502334,,,,,42.68497239939942,,529.122609192101,77.54575747827965,66.09435970673708,160.16697416427468,451.6192843209028,,142.76043153685472,173.8545059007845,,,40.525306890911146,8491.07781178625,136.46881517166815,,,69.82938018674845,9.285153854332362,,304.95323529400457,,744.2706864818322,312.34771659653273,145.75915706810784,149.9919931627361
2017-06-30,,240.12977248661383,,,203.9811417123748,122.42862847522024,,,608.5926273435066,21.926519291555923,1926.632515018188,100.00000000000092,,19967.368510836455,33.93851888566067,,107.65915307605664,,188.4991846679772,,,,102.10441272000551,132.78309673159413,,0.0039829351918978,,,123.82311416908172,144.58118572150394,224.19036093312383,,4199.227572225783,149.33119142415904,101.2060629228924,,1.1982634448765803,211.1101994170416,142.64861128396535,142.44991877618733,166.05653498680584,99.33399305984445,188.2673089579071,,48.83318961358963,186.62289594702847,150.1334202534894,,,0.0865787501045197,153.09570929775046,7.312791617097739,521.9060684696685,,,,,44.13882632421049,,500.4757759576967,83.56620261955848,64.12088590339565,157.72552258615963,435.5755044398696,,137.98003588994288,169.7950117841025,,,39.94026744799004,8232.510911521746,133.85530283968225,,,58.73370223181493,8.341987946838689,,291.83573714800116,,733.1027764724337,302.49388843325653,142.64861128396535,144.58118572150394
2017-07-07,,240.27490825325592,,,201.9757848657461,114.90804370411324,,,622.4393857505822,26.51458901750201,1924.7565339909063,113.48973607038228,,20234.57865307782,33.17747150030391,,103.81877517507117,,189.90099989885255,,,,104.84168344859918,132.7500825354898,,0.0041000803446006,,,123.09652561590453,142.77759470808172,234.56678002872923,,4296.582151055787,147.74632310810745,101.25615986416952,,1.1862936163465332,209.43383904222435,141.81640258101217,142.1845002678287,165.96724978360606,100.49407114624512,186.5482023778639,,49.4413083462547,187.75864324770615,149.78558459756368,,,0.0853242340486319,152.053975429126,7.34402963415078,527.4449282580603,,,,,44.26689515886976,,526.0333089770766,86.66204383873861,62.96402194971272,158.42308017990675,438.12102836471183,,142.12586486050196,171.40273495885694,,,38.40942162441859,8278.082255713794,134.63935737009066,,,61.4680272816091,7.819063032671898,,290.37077493883817,,736.93232103697,303.5931523640686,141.81640258101217,142.77759470808172
2017-07-14,,245.84934447148848,,,208.02232767771076,114.80594465101066,,,649.6706047080205,30.21468841831963,1875.418232973401,112.02346041055824,,20077.940676348888,34.45082951174642,,108.1914484131629,,189.23976629938304,,,,105.78902082421293,137.04192802905206,,0.0041391287288349,,,124.10164455465495,143.18339709594483,226.7320077522839,,4330.213804858299,151.18242838373723,100.31783070247018,,1.086555185510397,212.62608257497425,141.88462050430755,143.23077895518287,167.7041557770493,102.29841993731485,189.64228021427417,,55.85160617405853,188.35232289164344,152.6420724880679,,,0.0663867052396811,148.93209340560202,7.50276170189206,553.7810445380284,,,,,45.21008403657905,,513.6758583594998,87.86886252698764,62.89597112890783,158.88811857573816,436.11555219817336,,135.86340810495278,172.56833349393466,,,38.09141618406591,8459.121965081787,134.79181149454487,,,64.03060692601716,8.445402352471328,,294.5375729871412,,739.6892132675465,308.4877451253985,141.88462050430755,143.18339709594483
2017-07-21,,246.937429618634,,,209.247847671188,115.18890221858976,,,715.9441662657113,31.60651783428453,1933.0108505109456,149.56011730205418,,20270.840611360007,34.23019925710112,,108.03876382675035,,192.43484705201985,,,,96.60234202741448,139.25387916804183,,0.0041781771130692,,,124.63447123281178,146.13679737598497,234.42661121989056,,4337.29384976463,154.9833313795971,101.91399303143189,100.90267601130763,1.0819305632492937,213.7197949512406,143.7400356051283,146.32152880516054,168.00718403294348,104.71936855391566,191.98636682491096,,61.1400442053956,190.15918357162852,153.40657222718986,,,0.0592619385580829,149.32466603278002,7.56979629655985,560.6737575289158,,,,,43.44264591223027,,517.8885177656712,83.79227662797891,64.65678611723405,161.13580415559005,428.0261484900169,,145.16421475940118,174.1760413363046,,,39.83409971584206,8674.352847331365,137.29642921022435,,,64.006021458697,8.20206155779486,,296.78705203716027,,747.1578849467446,309.71461896786,143.7400356051283,146.13679737598497
2017-07-28,,245.1654863450412,,,196.66461044330464,117.53801007298168,,,704.1813606558059,35.21209647534555,1681.4417947524844,135.48387096774323,,20410.45336296542,36.15618778788795,,115.35985126148468,,190.22368189539375,,,,103.77252510767045,137.94981842192098,,0.0042172254973035,,,124.7555677851622,145.16736097109558,204.9040831478699,,4387.446208555846,154.16486156266754,100.35455758944391,101.61663430115222,1.0328841872385028,211.75264311426437,143.1670425203849,146.14040821213436,167.0503981177013,102.8418981981844,191.13520380865197,,68.94949585714029,188.12000593095829,151.0573477175304,,,0.0527825202893888,142.82652162696832,7.539094714757957,550.2548526275833,,,,,44.340011516381594,,521.8204497649217,82.46342142106663,64.83541952184689,163.96478773023122,425.9315990680732,,144.3975998775218,172.60851967373043,,,40.14613815329584,8573.303620312854,137.07863166948496,,,59.28738580281912,8.612008011969627,,289.4764119472737,,738.6867070018827,307.0257645599402,143.1670425203849,145.16736097109558
2017-08-04,,245.1065066358531,,,182.99904333877265,120.26834976067131,,,712.0119738300513,38.08488391019009,1701.139595538941,144.2815249266876,,20996.69121822478,36.14051732846659,,114.76850055728325,,192.04339676113392,,,,102.75870344688684,139.4684714427199,,0.0041000803446006,,,124.86456114962988,146.10407736444745,201.0302601461418,,4582.477906915286,153.0736434530378,101.149301335644,99.58128194103504,0.7470606401382661,211.6518537167808,143.71274427237267,148.4339478593244,166.00617408095044,104.22529740767057,192.46432045192185,,54.32439174221222,192.146733470527,151.66041894452417,,,0.0544935307977976,139.934090198494,7.483231074318218,544.7359679932083,,,,,43.69259569605368,,540.3565008125474,87.02219450518628,64.56321623862735,169.19646968333478,415.0411884011907,,139.50050670522293,176.20578839464557,,,40.482293480390794,8699.57649953972,139.21299771997087,,,56.25816107343729,8.100996638165192,,287.2980635991638,,753.0526511591509,306.03634251708456,143.71274427237267,146.10407736444745
2017-08-11,,243.9288327048588,,,169.58322318534178,120.0708655774424,,,700.1605955832354,31.88471703247827,1670.4629807939696,129.03225806451738,,20726.04985653725,35.91907773746365,,116.24835862795302,,190.49875507277315,,,,133.9177871028341,137.07494222515635,,0.0038657900391949,,,123.68990518977392,149.2005654439291,189.03709650866685,,4390.59774496324,153.28154645399428,102.38816119205524,101.19222757720216,0.8030215806284191,213.64448836249343,145.34988075411707,148.17908014987626,165.92632846450897,103.18774800055594,191.52417939279803,,51.99383270313547,187.99094445381647,151.31516248844136,,,0.0526872708724038,141.33515508541566,5.982709687512227,550.3934539023364,,,,,42.468719452332074,,511.1481128613092,80.43160879066335,66.43461381076148,168.2510528222555,407.6982142167792,,137.7498266397572,172.80948123747868,,,41.42461860350044,8733.52094969106,136.5123746798159,,,57.37791644229843,6.760005922475841,,287.1841719577864,,732.832080200504,305.53828253384904,145.34988075411707,149.2005654439291
2017-08-18,,246.00939625438244,,,174.05567841861983,124.7252938302418,,,713.0372393344301,29.66773319715055,1694.4682654176052,125.21994134897484,,21170.675108867024,35.884201943969416,,117.25756228587696,,191.72600463338856,,,,109.7258863226315,141.1687025420926,,0.0041000803446006,,,123.66568957493377,147.99384914561188,180.29331287197715,,4387.022485057847,116.07232568749929,103.44002371884172,101.07638985572896,0.7539165829935296,216.8496658122528,144.85874085045316,149.0028526429614,167.8627300904487,105.1877470355732,194.4036102925612,,54.32665968921388,188.6878795812971,152.11032515976976,,,0.0516262507410187,141.9564491226025,6.060439344051381,558.051738155215,,,,,40.77709486999258,,506.0928216709116,85.42679974920955,67.31076812862426,166.63552749070692,417.116543590761,,137.1224662375491,174.85932905190978,,,41.56684026618546,8892.257177384136,137.10041557762227,,,56.6164263646633,7.280370476847923,,289.0185216390706,,734.2355889724337,306.19999823125255,144.85874085045316,147.99384914561188
2017-08-25,,249.82908204078652,,,200.26140932639987,123.43632704317744,,,724.4609302764328,28.63300870608796,1714.0916330067678,134.89736070381363,,21516.115276131528,36.578017525000725,,122.02498588451688,,192.05397649872543,,,,118.10249446019544,144.22251568174264,,0.0039829351918978,,,124.44071859686608,149.47379111123252,184.34215689879076,,4426.351798853348,195.00602778900452,103.3565424041668,102.35400447372324,0.8107288063587866,219.3180063286692,145.62273163011105,150.84770504611876,169.78910333662105,105.53359683794476,195.381381731544,,56.240075800137255,190.72705722196736,153.90304604995316,,,0.0533983297931677,145.39656172113234,7.716666138299503,563.2678835404799,,,,,38.81531581268222,,509.1821718374319,84.77888880230223,67.14914742921269,168.8420986752611,420.45735560955944,,138.22248638553376,176.3263622664175,,,41.24858594778716,9006.068401627288,137.53600235097437,,,59.88419328156872,8.714788350644769,,293.40228863234137,,742.0050125313312,309.88121206034396,145.62273163011105,149.47379111123252
2017-09-01,,249.6038712138578,,,241.64746119070375,124.21911905586065,,,737.5453840482456,30.373593624318246,1749.9090418102885,139.88269794721543,,21421.1149726342,36.87813527568165,,124.88961921018128,,193.1965881586088,,,,125.96107631558988,144.25552987784698,,0.0038657900391949,,,124.87667357658736,149.38271588879806,190.41007717290185,,4467.4691063105865,193.93016784307775,102.85232219313134,103.00480855092466,0.8113933529625839,218.2701704006578,145.45902526795223,151.0963858290095,168.82540089615185,107.09091005589192,194.01835689428225,,61.74356072454417,191.52723207841655,153.71355173078146,,,0.0538364559300561,148.8726972159596,7.660665563276385,565.8457986306037,,,,,45.2293986963713,,516.7651585745241,83.78051621836717,68.25497326729194,167.22657334371252,419.57146434654425,,141.38733851464983,175.904338382831,,,42.4087188170985,8963.13986241347,138.23293786508705,,,65.63963861730721,7.298286407495712,,296.6281608066279,,745.7142857142886,310.78804853884265,145.45902526795223,149.38271588879806
2017-09-08,,246.4235508242707,,,211.51621088292063,119.33377590885486,,,741.3535923250138,29.802193359874146,1825.163703924068,139.58944281525066,,20542.25553534614,37.44010352533501,,119.22360711282896,,189.27679538095344,,,,121.37217254581478,141.43281611092723,,0.0039438868076635,,,124.58603076405662,151.56846911475756,186.05717047064883,,4346.501296724204,4.858271964705669,101.73701305194469,101.79712807244144,0.8410504349108955,216.5610507058501,146.57773051327706,150.77585080793037,166.23669409383686,104.6936758893282,193.16298698666768,,63.260555643312834,190.2108113134002,152.1634036029371,,,0.0566443650875871,143.33042173006544,7.790392849801629,559.1034271825174,,,,,45.50906040032853,,501.037530480514,83.8350203912469,68.32302408809682,168.48747116345783,424.07911645363174,,135.7761643392473,174.75884060384342,,,44.125792190959714,8999.080776800916,137.14397508577014,,,94.95575918343874,8.227532889271544,,297.5122969197908,,739.609032346494,305.044957602536,146.57773051327706,151.56846911475756
2017-09-15,,244.144445244144,,,225.19359886830705,111.07052087085908,,,733.1860441548912,37.565375128062925,1798.3006473214282,131.96480938416556,,20593.636634618982,37.61645156607562,,112.58416455454122,,186.36736754328743,,,,123.72882621538336,139.13832948167666,,0.0037876932707263,,,125.04621059769283,144.2370787315972,195.54231269539764,,4218.978359032541,4.718302073323864,97.8100487486455,99.6830674994336,0.9093225115011312,211.19535424790624,142.21204363721907,146.1598273506138,163.18457679168387,102.71739130434796,188.96812581825037,,54.64530367744317,185.6700178324398,150.338479994192,,,0.0539423471679721,136.7024779425747,6.068807487644748,556.6541612097237,,,,,49.86714544510152,,497.3864757426723,85.20567226903766,65.17567362587123,165.68985412589808,425.90282916477975,,126.13113917286285,171.04099801115638,,,42.886843893734735,8682.604730277806,135.55409042494267,,,104.0731739967894,7.990492457361236,,292.1456683180959,,723.3583959899777,303.047949845623,142.21204363721907,144.2370787315972
2017-09-22,,241.31761043453403,,,210.64744827943676,108.62669510135864,,,741.4322949210355,34.32747541059646,1871.6501281158712,160.41055718475232,,20542.15480241204,37.60864081092931,,111.08619561172392,,187.30896418893204,,,,133.21808928183313,139.35292175635473,,0.0039048384234292,,,125.070426212533,143.34911702638934,189.3878256092093,,4332.795285099095,3.691371297416942,97.87349536304568,98.23660128846647,0.8913208977933718,207.5357359096588,142.02104594230462,144.668550027537,161.2710073059018,102.24901282269036,187.206621253769,,61.27071412647339,188.36277886359133,148.89953699156,,,0.0513066239066851,128.73069466704956,5.910091061720519,542.6838989564902,,,,,50.423568836429254,,501.0375304805142,83.95771882381845,64.16341766639869,172.58538907762983,421.9894063579704,,125.21760354745012,173.21141969735953,,,41.11482006845731,8513.884358149186,136.59969369314788,,,109.91117876113807,6.945979082268961,,285.2818745146861,,732.8922403665441,299.2537917789202,142.02104594230462,143.34911702638934
2017-09-29,,244.46655677847355,,,213.65821077863987,107.43574523583636,,,766.5012929548492,37.35098495711893,1888.034687462163,147.21407624633576,,20937.652149309808,38.35954569591949,,112.32318213435124,,190.1866528138234,,,,141.53976097123095,138.39551006932933,,0.0040219835761321,,,125.42161268170146,143.91832413848783,200.89195662081525,,4392.385374915939,2.5386309093164456,98.35100603724484,98.96602802989884,0.8594665103292355,209.51772442784,142.04833727506028,144.21096489048162,163.63381544209034,104.1007905138341,190.4329686922028,,58.348448288844615,190.2189497605113,151.12519961632245,,,0.0533324627857261,126.86574952010967,7.401591821092351,549.3167948842616,,,,,39.883470275549065,,498.2289576724109,85.2899715942649,64.1719240189993,177.19554673107336,430.3800844699961,,121.51879531384937,174.5578790400953,,,40.84505144248508,8623.702653920123,139.11997815457025,,,130.75836202052088,7.8167333148068,,288.16733296287384,,739.1277999686744,304.65880145576654,142.04833727506028,143.91832413848783
2017-10-06,,252.4964493037574,,,223.5038806434767,105.1736328402158,,,776.9409782953935,39.209607386727406,1963.860903971743,146.33431085044134,,21925.43449760822,38.267931865696,,118.12456500785557,,198.08971679468317,,,,151.0048844391553,144.86629250577695,,0.0040219835761321,,,125.62747774460463,143.03036243327995,204.62441148006576,,4510.374043720524,2.4643586825255577,100.85878799106962,100.51632172085787,0.7610738646575471,214.57242382680835,141.65269621885352,147.27732822097389,167.73742506455093,108.44861660079064,196.01874055933715,,56.06951754624817,194.2450308058963,155.65667908564123,,,0.0531341514017443,128.91509845974568,6.000861865964491,574.0232904226991,,,,,39.16473362700875,,516.4842813131155,86.05778180103918,65.29476256227979,181.05704630404315,439.6897920260172,,117.87715026741547,178.85852090032125,,,40.27269263949864,8749.494486834923,141.53069484477072,,,134.70515236315933,7.949377399258715,,299.86873987382614,,754.1754288063937,315.74796259636224,141.65269621885352,143.03036243327995
2017-10-13,,251.7673269609538,,,220.28733669221216,106.04079129179782,,,802.449771548806,37.12809745871992,1953.5729248473272,139.29618768328586,,21667.794073993555,39.00731044998124,,121.8510179355088,,194.9528245987997,,,,139.489514042196,145.57609772201997,,0.0042953222657721,,,125.46960968128144,143.96386174970502,205.92188296381963,,4448.749846843476,2.564854772515583,99.493034905858,101.7533722497746,0.7191342468150693,212.8621524121453,142.0756181992221,147.33377448938623,165.67981332661375,108.17786657763104,198.30512954092544,,52.006894974013285,194.84632447978385,156.22354796471012,,,0.051544794434649,117.3543710628991,5.976707454727445,578.5849119368766,,,,,37.05166607401911,,512.8332265752738,99.83849833443551,65.44787690909074,180.11137293923423,440.22245764992186,,124.6629166306664,178.43649701673476,,,41.662315347665704,8990.09486448342,142.18815163283952,,,129.9499016869739,7.019985699806755,,295.5060346100933,,755.4285616384738,312.60774960724734,142.0756181992221,143.96386174970502
2017-10-20,,255.10561853966976,,,230.98485874212824,105.88263004309258,,,811.5468645017633,40.7654280980656,1966.9091940826809,140.76246334310994,,22049.979084596227,39.683840240188786,,122.90484296338612,,197.62420834065657,,,,144.54891365293636,145.6586332122808,,0.0049200964135208,,,125.76648869341692,144.41922917646608,202.05868686001423,,4506.541308166398,2.484494040470717,99.57651622053298,102.06264761091968,0.7284013600833747,214.2538406547375,142.2939072268922,149.0389582456633,167.58220080581913,110.00592981873775,199.7043766706218,,49.6958000142248,194.4541743502968,157.18820324588762,,,0.052980873859926,128.07490756210402,7.532249818183449,593.5299024482604,,,,,36.95219742110113,,520.1353860024533,89.29634274106574,65.0480783368621,182.3179441237884,429.7806747005857,,122.67383436024826,178.25562087669218,,,41.35649279115642,8308.225751142567,141.4211103533029,,,149.81713343547912,8.459567336191974,,300.4414420454805,,754.2055333646643,318.0332290588606,142.2939072268922,144.41922917646608
2017-10-27,,255.02912950181133,,,257.9627294960016,102.17235052902774,,,824.1957969717596,42.11176962363305,1913.5641171412676,134.31085043988406,,22031.623847224917,41.613792183822525,,118.99236787766118,,199.4227637312137,,,,134.3418223431842,145.70815450643727,,0.004685806108115,,,125.46960968128144,144.07770143504248,193.6102947201364,,4504.735393893024,2.4198732723734304,99.93047617950764,102.59380862492108,0.6898499430017627,213.9863696713816,142.32118815105412,147.0179372870183,167.37199724783258,113.48814229249022,203.6393719979866,,44.93387846398728,194.11431409606735,157.89171826929464,,,0.0520712512830334,134.6180547330674,5.861572424139752,632.1650551968349,,,,,32.803906748077374,,544.4008679715456,86.72403272219142,64.8609385796487,183.3818266591984,439.5938131304215,,112.01544456218544,177.83359699310563,,,40.49348085205166,8446.995513219566,141.48685436008523,,,146.6069020157406,10.841502543645976,,294.005629613386,,752.3809523809549,319.25155192227015,142.32118815105412,144.07770143504248
2017-11-03,,257.9945611172631,,,218.10336076462332,104.87413390200496,,,853.891811236808,52.40946520521403,1973.767846832291,137.536656891497,,22006.39665367169,42.713393676822186,,123.82126135305244,,200.63414368544187,,,,151.2067501476556,147.47441399801866,,0.0047639028765836,,,125.74175270807795,145.6031810118803,228.01590083351164,,4443.331736594198,2.918243477464105,100.81203356336836,104.3986323940518,0.6785648149500458,215.3987931365084,143.16704252038502,148.70878403468296,168.4848747999616,116.10671936758902,207.28723653340552,,47.74846158288902,195.52606094487243,159.62556596338365,,,0.0563689595650357,138.99083534348634,5.915782980543312,638.395801198404,,,,,33.42034370906869,,551.4563645867431,77.1483089802638,64.90347034265173,191.8928869424788,456.6090533528863,,115.36243851453044,179.9236309873326,,,41.374396834951206,8609.33774274172,143.85373892572323,,,110.3583903833955,16.69326238943209,,294.6900441298089,,757.9348273026341,321.97601351982394,143.16704252038502,145.6031810118803
2017-11-10,,255.4441266557249,,,196.45440172629404,104.33203641428548,,,822.3205339580478,96.43325979990108,1855.6466050334477,131.67155425220076,,21434.91938241617,44.45336675368951,,118.86424928299569,,198.3277608904922,,,,146.8459139640202,145.7906899966981,,0.0048419996450522,,,124.5047458136308,144.646908547141,223.61205426749137,,4462.595679511556,2.8861241686016657,99.45629782829415,104.66807150659248,0.7165494798435543,211.69594651065125,142.26661589413655,146.2078506873466,165.31288198395913,114.99604839581283,205.85046225097096,,46.95713584816514,192.49342370286183,157.8425468036329,,,0.0584551594371904,133.27542711278898,5.934527805831022,631.9365276348831,,,,,29.827815165451643,,523.7987696680573,71.22738297151905,64.76736870104196,190.5531830089994,426.5070651043487,,121.57419740622665,175.74356299887864,,,41.165293750150326,8500.663882507355,140.30341207726627,,,88.24577651420053,21.288615295561893,,289.27456555855423,,745.1629072681728,319.05978708647814,142.26661589413655,144.646908547141
2017-11-17,,254.35961233475388,,,182.44331992721047,100.33853017714026,,,827.2026328279235,77.06462261400809,1895.6554127395084,147.50733137830062,,21039.467513953925,43.08199122618846,,118.35959888336993,,198.43884813520307,,,,150.24088396051846,147.22680752723625,,0.0046077093396464,,,124.9376963391646,145.7170206972178,225.19294834904295,,4404.202001811406,2.952250765492762,99.6764535447338,103.03708606356234,0.6831453104621622,212.24764599821177,143.0173441872979,147.0967092745092,165.3492475674169,115.1679841897234,204.0568983191057,,34.15151152905812,191.49997989948733,157.46115958732642,,,0.0508077885472173,125.35966850597526,5.872885925860119,621.353680137646,,,,,25.936239587882216,,501.78579289912335,67.28455587534522,65.22671174147487,186.97677663877136,421.9323038163842,,114.05769710882308,175.32153911529207,,,41.367932075961065,8351.741533393724,138.55017725550346,,,83.67139376498076,19.22952198381249,,290.1208388158041,,739.9198190789498,317.28073201400906,143.0173441872979,145.7170206972178
2017-11-24,,255.8058932126429,,,184.49133752125869,96.55317889012449,,,841.6580898364952,82.73439668480509,1898.7037028504467,146.04105571847657,,21021.295990455936,43.240723216120166,,121.46311367096251,,198.2166736457813,,,,153.503320641253,148.5638824694614,,0.0040219835761321,,,125.42012827298994,147.72062347830845,235.38693392105276,,4428.884054978042,2.943063239048562,98.76919938071664,102.99895381727691,0.6897373066679631,211.86968320577185,144.00329458934186,147.4086954869275,164.90264101702508,115.66205533596847,207.08460681827967,,37.9715068796788,192.4149968682903,158.8292954655645,,,0.0504020221323148,129.34405701474552,5.846739856129633,622.8245763779072,,,,,27.18155600764212,,500.374713654047,76.05326167877777,64.58022894382853,186.97677663877136,418.0611596197568,,154.048874110933,177.25079772556666,,,41.28016310860099,8575.125975895524,139.55829104007242,,,92.29695862391084,26.411569785571576,,291.0865840108412,,742.8170523966191,317.62351221014103,144.00329458934186,147.72062347830845
2017-12-01,,252.25496878443985,,,183.60912698647445,93.95178122414208,,,768.9086631104858,60.531333850596845,1816.3998698551231,151.0263929618784,,22057.569958757456,43.02174090716632,,115.47696575633412,,196.7672495957441,,,,174.7863556353402,141.5483657972924,,0.0040219835761321,,,125.16035795766967,148.0393780714178,208.7366946552689,,4393.366148742002,2.1201296684047155,97.74389904322462,101.10647957045045,0.6605828879420658,208.20956337798003,144.3593241086999,145.23983368548753,161.0408928590093,111.31422924901192,202.227372439055,,38.23945308040776,189.80066267171028,156.0677073118081,,,0.0495703712548356,120.34560322754766,5.670298560242436,619.9048015322837,,,,,25.91677338227067,,472.99936470132104,67.4413299101276,63.8486826201761,189.09651335788473,409.1730177221847,,153.85540432506704,173.67362976074176,,,39.75155415234209,8281.305759023653,139.09806627235042,,,91.02617657831271,22.85600181991442,,287.58462629273936,,731.8796992481227,317.1600301735609,144.3593241086999,148.0393780714178
2017-12-08,,253.3558765206384,,,187.2336609084039,89.94774909394732,,,777.7634227469113,71.81864600686531,1822.877486340867,146.6275659824062,,22346.03942097241,42.67108407636621,,111.87213179601518,,201.1895799089963,,,,146.54917369735963,142.58831297457863,,0.0035143545810863,,,125.04902242961032,146.49113403167695,192.92952116641936,,4413.83415698466,2.1129943141934446,98.33749560060892,98.1330056681252,0.6984845652553116,209.1701194277366,143.2364384724807,144.02323823823667,162.29122077950126,113.3162064985796,202.39020415010137,,35.90062846470453,192.12742648931837,158.00891834198296,,,0.0478064697106736,122.09968859709151,5.705203502086742,621.2634394173095,,,,,24.57112149729395,,473.2816106672809,89.40667709227749,62.43662808847491,188.57657793621544,414.0018969078859,,176.51653803026613,175.44212831944856,,,38.30822538298697,8415.134465391875,140.10618005691938,,,87.09627713704654,25.678234511538665,,287.59035848523615,,741.2531328320828,319.35052004320835,143.2364384724807,146.49113403167695
2017-12-15,,255.6047032660503,,,206.0377785106055,88.62512457185274,,,775.5009645269699,70.60966357009443,1859.8380039359893,135.48387096774331,,22584.63237714224,42.83450007035782,,120.32203358581,,204.3106024984925,,,,147.3461673287103,144.50313634862945,,0.0034362578126177,,,124.97480503597988,150.40728174224623,206.1007205278609,,4523.9993368103815,2.163974873035539,98.82652932981895,98.72746123450582,0.6295517404412846,210.7666342722037,145.42743356175126,144.4675477479438,162.8969982034173,115.2667984189724,204.90134794031377,,31.98382741031416,194.6488395194208,159.55986343794967,,,0.0513827537823435,120.5820695347524,5.754671536167199,643.5760771241099,,,,,23.43195886427817,,469.04827254223613,80.28668028869815,63.01506006531636,194.25587254214176,420.1377300669126,,215.46963482330472,175.8239506908547,,,38.692614489364246,8444.315630543839,141.18003784827062,,,93.71562965359878,23.752830671291104,,292.5746044838416,,750.9373531484987,323.5126777028726,145.42743356175126,150.40728174224623
2017-12-22,,259.10852245619225,,,209.47992021183168,88.50124696173994,,,790.1917041736912,71.2734361350163,1883.081216031891,142.22873900293405,,22689.267121268884,43.83589513342323,,120.79398180633906,,204.4851681687525,,,,168.21930464988486,145.98877517332406,,0.0031238707387433,,,125.07376785256292,147.31079366276455,222.44118882221545,,4584.800777731982,2.229827345603988,97.70005243942282,100.48046464151082,0.7368587466710972,211.31572869134644,143.373373706656,146.16173158697822,163.5517469073697,115.29249108355984,207.20915211380748,,29.712391257797144,196.59742482840872,161.08776413871053,,,0.0491510732300905,127.48515298272844,5.802893333746475,636.1318322607312,,,,,25.381016511889733,,485.1347867547197,76.53392270658962,63.474403105749275,196.1756340990746,428.3950556351113,,178.7884212058374,178.2154346968962,,,39.14960617780876,8307.46764432772,143.82006344866377,,,103.89948175466093,23.547977209706005,,293.04002663352964,,761.1729519110303,325.69558782321207,143.373373706656,147.31079366276455
2017-12-29,,258.2660431400333,,,217.2563963098048,89.9443237963609,,,782.3966572434324,83.7199411191678,1951.286707264127,152.7859237536673,,22621.49840098702,45.13216462708945,,124.25928219996956,,203.09922254426436,,,,181.0108579646065,147.73852756685326,,0.0030457739702747,,,125.18509394300864,149.17779229561475,219.78446308779183,,4616.706855421268,2.245048155294437,97.10309019202832,102.7479511278482,0.7633649032961409,211.04739357027947,144.60581170921094,146.76942122130546,163.16253892265738,113.71146341557568,207.25204017139424,,31.964923637646788,200.46828558296536,161.92321993621565,,,0.0591036878936587,129.67289025917407,5.857371540488102,633.4940871296133,,,,,26.499439915577327,,478.0792901395221,85.74188653393337,64.22296213460292,198.37536088306013,424.82050851171726,,176.29730191505317,177.532146981291,,,40.81645778312071,8302.436123802132,145.47570496915787,,,105.33604285835996,25.864059226376018,,292.4501983297537,,770.7067473370956,323.05564540560744,144.60581170921094,149.17779229561475
2018-01-05,,263.37916534149224,,,234.699030993494,93.13781640277482,,,820.2318341059101,83.78261998380076,1982.912717165108,151.61290322580808,,22796.680322178538,45.581871880439024,,123.2321337129988,,205.2416194065456,,,,196.2217779709236,152.82271376691926,,0.0037095965022577,,,125.97677760044574,148.38090581284132,220.15831503317176,,4596.238847178609,2.2925759381214865,96.45216368554166,102.091248382882,0.7807128093194915,210.58185624989116,144.2771650576925,147.88602712556195,163.3271105667688,116.8478260869566,211.2194719742094,,31.25420785198227,200.5472794612216,162.67057185154107,,,0.0590955780858176,126.70184602386804,5.844217345443072,647.7207310178819,,,,,27.095288046404914,,487.6748498636357,81.54080192687898,65.10762280506631,202.3748641266702,440.2642615865015,,178.28643963912754,180.69734910676672,,,41.51512219426432,8236.024830787444,146.82229475319093,,,112.39461351743148,31.491498957918445,,294.8914809648859,,774.355909304514,328.7183351935745,144.2771650576925,148.38090581284132
2018-01-12,,267.3980600049606,,,219.0486018240119,98.20732514437822,,,805.5942644072786,81.06908987272215,1955.4781061666667,129.91202346041197,,23805.21372434512,46.77175923346753,,119.35387543868949,,206.95553689637063,,,,187.08551991141945,152.60812149224117,,0.0035534029653205,,,125.69227129978653,146.741586550666,226.09241392148817,,4766.0017700297785,2.254488256635113,94.99515956794198,102.94538799450832,0.7517510910351366,209.2597115758974,143.34599083881642,147.19950458330948,162.8041325892606,116.79841897233209,216.0856539943098,,29.82735441306696,202.0482274360904,164.74961633159398,,,0.0730880619173233,132.5317362068658,5.834218374696567,658.6116993672117,,,,,25.28231238007244,,485.8685359153814,84.46274199941365,65.07359739466386,205.854431948611,448.13693385308466,,167.72078272680258,181.591641097973,,,41.427107383956745,8017.671908811233,146.7891832701456,,,115.76106462600109,33.331768416392755,,301.0531486330715,,779.8095335996269,334.1534161465536,143.34599083881642,146.741586550666
2018-01-19,,263.1037462744954,,,217.69303933107545,98.86053326327774,,,891.7178513536802,77.26406900145335,1921.5658786824815,126.39296187683424,,23541.897870621127,45.263163610701554,,116.32336020532168,,206.21495526496471,,,,173.21846626551334,153.28491251237983,,0.0035924513495548,,,125.64278989149496,146.92373699553497,226.22775203346887,,4746.135978164346,2.1629953119434076,93.45383822537885,100.51938284235314,0.6778578276746681,203.64257537188308,143.1542794214733,146.01973070480182,158.48777182175084,117.16996143929109,211.9325128609508,,26.78360235294474,200.8106031034091,162.30379878877088,,,0.0688891136345287,122.93944687499716,5.735912643446841,644.754470645583,,,,,23.845519099764203,,503.9305711099535,80.49488070139863,64.45263365481935,201.3349932833316,448.4532183094525,,147.5521082668827,181.65192803385895,,,41.23043606104488,8267.2182366171,145.40948200306724,,,114.60188435014862,29.133163549108172,,296.97525872853356,,775.0175242794514,328.48117758992987,143.1542794214733,146.92373699553497
2018-01-26,,263.86407349866556,,,232.97343567378385,96.52225104574784,,,880.7742403933398,67.13401353317168,1941.379764403578,112.60997067448804,,23543.76312220258,45.706440502687165,,114.22220953692248,,205.39502560162245,,,,201.19811181045884,154.77055133707444,,0.0035143545810863,,,126.00152302339828,145.64871862309752,212.96199035250933,,4638.980410508152,2.01273648715944,91.21437808251709,101.10210947286008,0.6854405107992886,200.31515267934785,142.46959280310818,145.1711002583775,156.34223311392185,116.28063337604992,210.85863150331764,,26.727448494275425,199.20433531486515,161.1678515945241,,,0.1375903883251481,128.96262520635375,5.646372631035861,661.66846050802,,,,,23.883092612340395,,483.0463774252283,80.37635855946488,63.96777155658457,200.77506282922624,436.372174685484,,152.1763599297987,180.31551140297603,,,42.09842252596413,8037.797072082228,145.16665323269692,,,131.69900860008332,28.194608980304036,,300.6417573447724,,768.4711779448648,329.7291992338017,142.46959280310818,145.64871862309752
2018-02-02,,251.4154349942443,,,219.0497769070477,96.83713424951884,,,841.1594852587143,63.91940882861395,1918.8986248354113,117.88856304985468,,22483.872988264357,44.082684805111455,,113.28960714072282,,201.7079870509804,,,,192.84063432865636,148.20072631231375,,0.003155109565297,,,125.0861405640392,143.7986396955409,198.73709565138947,,4516.173463339651,2.0034581468205435,90.31048960851004,98.2637756713707,0.7304108815305383,196.7302380495696,141.31931385156065,144.52537855043695,153.3613930975069,113.85968475944912,203.62869385855032,,26.085076832569285,193.49020906499587,155.75545395485085,,,0.0894566207863386,133.52962668068332,5.654217562699297,640.3582838166571,,,,,24.57833058234085,,488.23914101592425,78.6175754728163,62.96402194971263,191.61620040135912,429.18248568986417,,140.65522196716358,175.12057755154385,,,41.453958897001705,8128.358009723292,140.6633062759062,,,112.15106703904024,25.97025608504124,,287.8133617905594,,746.2055039943635,314.43076053527415,141.31931385156065,143.7986396955409
2018-02-09,,244.09820570409536,,,212.03793364370816,94.99087437845732,,,785.5921745939195,56.47649373686045,1817.542978646726,101.17302052786036,,21577.239545548036,41.93147564287204,,112.12094240768693,,191.13353932826368,,,,191.4100167408121,141.11918124793607,,0.0029676772018062,,,123.24299349623104,143.68395118967678,205.86618109889,,4405.406067136704,1.5453890134523858,92.3172436796923,97.23138209787548,0.6701464709400277,196.76373402866875,141.07831118260853,143.99029140833335,153.73569520414307,108.40908849663413,195.13517782408192,,24.534961363471123,184.37921747410724,148.69421212906877,,,0.0719609759163929,127.42095122195292,5.6374883932997,629.8904239620874,,,,,22.984052015592923,,459.4529135977527,71.61907896709086,63.712580978566265,179.37772047591224,401.18315968004595,,132.34133305636476,167.90595468600802,,,39.56383333377855,7613.166050442993,135.07826982047365,,,111.27161265198896,26.58685460630564,,272.2554433423014,,711.0175340695514,305.3005282179844,141.07831118260853,143.68395118967678
2018-02-16,,252.19694650613195,,,240.01641435123213,95.71350211577948,,,837.8149997002854,60.98549680298044,1857.10861717711,99.70674486803632,,22163.38814731116,42.37711945058193,,118.41541572524656,,199.1212412098556,,,,189.8432131888257,149.6203367447997,,0.0031707286806583,,,124.46763711681558,143.59219688491663,205.50119542945188,,4579.984883859925,1.557523687317724,90.6207815251328,98.65613739361171,0.7274641441144367,196.08689403797305,141.15499574954578,145.72656192072398,154.69453367464558,115.34189819818428,201.9444052502672,,25.74221909110954,190.38299330158296,155.72681308239697,,,0.0674042080105833,135.1328486833945,5.617633148676891,652.2957443584626,,,,,27.40655426833274,,469.7256026266502,73.3740760219667,64.49516541782235,183.73719070693744,419.94820008502705,,133.38050112444586,172.7592370134454,,,40.721975178724854,7717.567579549566,138.91936185327236,,,117.0721708260801,26.376940696360094,,285.4453648439687,,731.2982651942383,314.6113058001937,141.15499574954578,143.59219688491663
2018-02-23,,255.34285673356075,,,234.67373247397057,96.38320926386923,,,849.7176211177301,57.94202462311502,1862.0065721754677,99.1202346041067,,22290.23039134913,44.27467900383284,,115.83686469547872,,198.9519654083914,,,,203.64507749027828,149.35622317596514,,0.0033191126599148,,,124.10890398491226,144.87673090104235,210.65292648001196,,4443.131631808012,1.5537777717557886,91.06260296053092,100.09898380712336,0.7927928168099316,197.176701469403,141.89445855107874,144.82567559610126,155.9307311812147,116.25494071146242,203.67395990132647,,26.671586140043654,189.67201625327672,156.4347922323811,,,0.0690676776288887,132.77050684179363,5.575854133355769,674.125367733714,,,,,27.70342252943459,,472.32203461690585,73.07587065654452,63.57647933695652,183.37182731401603,416.7953121888784,,131.2616124131771,172.01567769433862,,,40.174482934614595,7634.33207142391,139.2836050088278,,,175.7377828805034,24.225124135678808,,284.8459010537975,,726.2556293076468,319.7744399513762,141.89445855107874,144.87673090104235
2018-03-02,,252.41282180490313,,,231.1552241675343,94.18374929123202,,,834.1295419990727,58.12755293195851,1855.73718977757,115.83577712610102,,22419.48939702487,43.06462377082474,,113.419286715551,,197.4496426703966,,,,218.16748917473177,146.1703532518978,,0.0032035294783312,,,123.7996522613005,146.2988876241362,213.0993674742493,,4330.118461029673,1.647830984023109,92.5027374575599,100.82098010517988,0.8088328693183072,199.61043530690793,142.60652803728345,145.9962754743563,157.69548562940145,116.69960474308296,199.48191698804743,,28.992190175178685,185.1428463932513,154.83159668294329,,,0.0784665569219923,128.77742729213193,5.59601629880531,675.4846325443197,,,,,26.457127455482876,,461.3719151137785,70.21427332723547,64.10387319819432,182.6411005281731,390.9022134145664,,129.8780474646354,168.44855244136653,,,39.77243866248818,7536.885351599113,136.4469395405558,,,186.30000146359637,21.369608141723777,,282.7914706894834,,708.7618949718071,317.2890397430335,142.60652803728345,146.2988876241362
2018-03-09,,259.25430275628264,,,247.7533772853342,93.03860372208608,,,914.943516430359,57.0304660664049,1875.133091571064,108.50439882698068,,23659.2336185153,43.93955838597516,,117.07331760893666,,203.9244420764022,,,,252.7861066595191,150.6107626279295,,0.0030770127968284,,,124.22023007535805,144.9914194069065,238.707692076176,,4335.031995655109,1.649728211954652,91.7067877943673,100.60016012323976,0.7548055578675427,199.78598184680052,142.05877665309364,146.88137753757618,158.43748784815398,121.59090909090904,203.16383388802427,,27.832907178498008,189.3823666756703,159.94514611107527,,,0.0698049121133899,128.3743129694902,5.5553374230097745,699.2848784411605,,,,,27.199156888400537,,522.5571484313531,71.35389594138246,63.746606388968715,183.61540290929705,401.473905932939,,144.4750879402749,172.39751539812923,,,39.866174632747125,7906.37036748542,141.14895539561863,,,166.12279050277934,21.394212010594867,,290.43655024327455,,724.2606516290755,327.80739934869797,142.05877665309364,144.9914194069065
2018-03-16,,254.4319310673179,,,249.9666042579755,93.36103816407898,,,933.1784309674764,53.602523149477555,1907.0677581603536,99.7067448680363,,22775.445051334,44.00038634577654,,112.09124506724211,,202.1999448489857,,,,215.9537447919702,149.62033674479972,,0.0029364383752525,,,124.23260278683432,148.61563569338335,230.04045965151008,,4344.2450136573,1.6339225149606014,91.76075205345953,98.8912781144732,0.8223653419660304,197.86082127180185,143.7568069888309,145.52867815211667,156.27374554743994,120.72727369225542,202.1882683289545,,25.179661348410185,187.99483107658332,157.80404261283618,,,0.0621316561543787,128.63515651151212,5.437101715670812,678.6955353588152,,,,,24.95882317965793,,508.8976583956599,66.24330772396229,63.08311088612116,179.71819338480165,403.2159090952822,,150.245440891459,170.9706530310328,,,39.838825363610894,7688.130665464835,139.20634207471258,,,133.51503993685847,20.77376609885244,,289.06908520054367,,718.205523574564,320.65337704273895,143.7568069888309,148.61563569338335
2018-03-23,,239.1128828479411,,,238.2291830583404,91.92932799102036,,,866.1133292094139,59.01972562407023,1876.1126825707363,95.0146627565993,,20915.53718665858,45.66355480498079,,106.87590639135816,,190.42998677842812,,,,212.58662315708852,142.1921426213266,,0.0027802448383153,,,123.51513652302768,149.80840665457686,212.9725302375504,,4094.265050222123,1.2919870460735046,90.54320597281964,97.47264430986438,0.5395111959310476,193.92723048303253,144.07175698268523,143.06201322131565,153.39547104915567,111.88340017446885,193.37406625597217,,25.722975947536312,181.78582100331644,151.1322480644665,,,0.0539753208949203,127.45903032954588,5.418838370712447,617.6590560710516,,,,,23.473771697349672,,486.0943628050936,60.01919994828957,63.78063179937116,178.5409113409437,377.44581245189306,,118.61514849042256,164.31872867694565,,,39.9688611073544,7581.548431518811,136.07850073382352,,,118.07232464389077,18.63856558791524,,273.3145917513315,,693.9248022399777,297.8117273075612,144.07175698268523,149.80840665457686
2018-03-30,,245.2027139542442,,,231.31693386496437,92.0298047732851,,,849.2944911421919,64.51407586777474,1918.2350955566085,99.12023460410668,,21731.368402326018,45.61666738502317,,107.13688329724782,,191.55672883192415,,,,186.3972308066572,144.70122152525528,,0.0027646257229541,,,123.89861507788358,151.29938348132686,195.3061628637272,,4086.894935723301,1.2894565350699874,91.83495162313255,97.54842732452684,0.5123639404121553,196.82525956697395,145.09878691023286,143.71091326036222,154.64100848179757,111.66007905138338,199.74513630425972,,24.496497848146443,185.50060947907104,152.58408005428032,,,0.054107121529106,125.91185868373957,5.437310908806083,648.2151529531448,,,,,24.119369223324995,,491.96440628529626,56.727126021019295,63.023566417916896,181.34203068667472,385.60621370311986,,106.19636048379726,167.65474889822656,,,39.361692764059065,8030.208675538074,137.466603595309,,,113.8176285708736,19.410839033146846,100.40555804401974,275.6489443478185,,707.4285812186745,304.6071778104216,145.09878691023286,151.29938348132686
2018-04-06,,243.43114604719963,,,213.80945837684772,94.02503523941353,,,855.1244724023322,64.91777537749694,1955.459553544123,92.08211143695118,,21405.548976950697,44.73541710805608,,111.53034930520349,,190.85317628208864,,,,180.51151448540517,142.39022779795255,,0.0027333868964004,,,124.26971148364956,149.2578983263602,192.59554891328256,,4083.2095035952266,1.0812698719592964,91.33578994600212,97.83735941230412,0.5550369471121451,198.2047949338519,143.94851840617403,143.94650532947944,155.76344492864865,110.91897233201576,198.44004857065136,,27.21346288222409,188.92352819552195,153.6360480026302,,,0.0539188534891509,125.8380424244737,5.529214828098514,644.104310600008,,,,,24.045551322230683,,489.93246622696046,59.31641120020215,63.25323793813335,188.60870261255667,389.3758181514796,,96.34998137237548,168.13705971769906,,,39.3462775007206,8148.972212911576,138.03295193504118,,,105.753964815721,19.532303164742533,71.25248431675068,275.7081535317881,,720.1604107926095,301.94408935743326,143.94851840617403,149.2578983263602
2018-04-13,,244.24419266944085,,,217.6423729074227,90.40454518573112,,,880.1077109141223,67.4253538596265,1963.1003633415603,100.00000000000114,,21223.380953996937,47.30408550052571,,109.73359166037363,,190.94839392041223,,,,192.89492664275485,141.76295807197042,,0.0027646257229541,,,125.46613388809422,148.29450437689496,200.1794899409827,,4208.506698376486,1.0762380586705018,89.9934560192371,99.19486804692517,0.5460952833937099,194.39414094929927,143.56508512399913,143.3659831580934,154.73911094099353,112.30237154150193,196.36500212511703,,29.53755686057361,191.17893548437303,152.85638380326313,,,0.0539648770325453,125.43992235254598,4.1385804603079706,653.7446489548745,,,,,26.76088917410737,,489.25513614254584,61.19754535885198,63.10862994392298,193.1148511252544,387.0074058684619,,97.64526954734364,169.1318401569716,,,39.89924202673662,7977.4254990823565,140.54263580854555,,,112.31677449304344,19.4414073530919,71.26242395371932,274.1055293173986,,728.2807115444892,302.9917756420411,143.56508512399913,148.29450437689496
2018-04-20,,247.69363516630025,,,217.69347907191064,90.28834534221184,,,840.2517949623103,73.50394571536073,1949.777925746029,110.26392961876957,,21792.663709712466,48.28823194007917,,114.7394116896122,,194.6513020774416,,,,193.67856202915556,142.7863981512045,,0.0027490063096772,,,124.98619843377548,146.32183057541238,203.65150820363183,,4306.778890399854,1.083012997310267,90.78603999241956,100.63325836879513,0.5946517740094591,194.6935766273945,142.6886870882909,144.97515003000942,155.83434576293442,113.48814229249004,200.24758197805744,,26.354460425247407,194.09769785818028,153.50961218978986,,,0.0494609825855308,125.58660495878163,5.5440628998292505,674.4117635815601,,,,,27.83297011976062,,488.9164711003385,62.02079607945108,63.81465720977357,202.73608713885224,404.4192344343395,,105.2785198128792,172.5080312256638,,,41.35848381552148,7861.7077510151,143.38546775772946,,,112.1937215171294,22.009267740020285,73.17593915823552,276.9171563764379,,738.6666862468702,307.8488198317309,142.6886870882909,146.32183057541238
2018-04-27,,250.4934384790412,,,214.11704396985385,89.03204355223191,,,847.7433152876083,78.37250661380712,1991.7044205319664,98.24046920821225,,21734.634366401413,49.50866331356796,,112.24593555050332,,198.19022430180257,,,,187.58503897031196,145.19643446682025,,0.0029364383752525,,,124.60730506538818,147.30816747615367,196.230820638311,,4419.791686299531,1.0722648139643245,92.23292645472884,101.4659285025168,0.5960298963585052,195.1797708629801,143.23643847248078,143.7643508600272,157.15778207987725,115.2173913043478,203.06400833062943,,26.51860265642772,198.05130064259615,155.7399151004705,,,0.0514579994396956,124.83665292767957,4.140313069994577,688.3969839976693,,,,,30.150606967278783,,477.7827839277726,53.17453740011501,64.1038731981943,205.53720648458324,390.9688395741889,,102.49646358603916,174.8693717637623,,,39.953445844015945,8224.087161051835,143.76304461396094,,,114.09170673488612,22.597904767062104,73.56361343960259,283.3320512412796,,752.1002702067699,311.5167100087144,143.23643847248078,147.30816747615367
2018-05-04,,256.2244309822034,,,219.9486692780138,90.4021977450084,,,873.4920417170741,77.21351910876683,2039.508461315933,93.84164222874006,,22110.689567831538,51.2675534176111,,115.11605158557596,,200.8245789620891,,,,192.49823573274423,145.4275338395505,,0.0027646257229541,,,124.51888601327046,148.1109957673747,206.7171225771657,,4387.853523794865,1.1831879941454728,94.11825836979604,104.44509709692558,0.5758343866426777,197.40672789717888,143.78418985667057,145.7832761513235,161.28533880316644,120.50395256916988,207.40899504752176,,28.088376092139672,199.56373728014225,159.44133072269605,,,0.0527737747379306,126.00350477205636,5.670591203768569,701.1363847146836,,,,,34.58331810090731,,475.73366740531986,49.107097099078125,64.81840681664552,209.3126282114381,410.7604691704408,,99.39635545031584,177.18046807782758,,,39.672486811284706,8153.796525598887,145.20665803421386,,,117.95162405723303,22.6761017043802,75.55665521973137,283.94768622195875,,758.6065260808301,318.70556346584016,143.78418985667057,148.1109957673747
2018-05-11,,262.38717124800615,,,209.4768713077748,89.58927128552013,,,901.8487412717242,77.48429024544583,2068.504354906207,102.3460410557196,,22605.958209707267,53.5972280828963,,115.53321685768844,,206.18850592098593,,,,205.9584587485118,148.2832618025746,,0.0028427224914226,,,125.06197518027224,146.7576503977649,204.99639758458187,,4519.292355698924,1.187337178922667,93.83832971167458,105.402732185467,0.554211536811069,199.37955269845492,143.07212037046588,145.6518866059224,162.44831709770855,125.19762845849796,210.57009481039807,,27.518969831709267,204.4460371834968,163.89453678885891,,,0.0529650198839873,122.18366784677632,4.296078412273199,722.4596322356014,,,,,36.75032835840946,,475.8476590660224,51.52176625450397,65.2182053888742,218.5263273078697,433.6473289293129,,97.9637594775194,180.01406139116122,,,40.50317799053687,8478.432532084189,147.68304573922683,,,114.84723569101808,26.479264966383692,76.28727304614085,290.2799045453628,,774.3959997650406,327.5825542931247,143.07212037046588,146.7576503977649
2018-05-18,,260.61937677387346,,,224.30766841203095,83.23841971038215,,,903.6668482752314,74.47218342390323,2053.6145717112017,101.75953079178998,,22251.687070756263,55.114235943167834,,115.6019610991093,,206.48473857354824,,,,204.14788904459772,144.96533509408997,,0.0028427224914226,,,124.35469985055964,145.88600200288775,206.21674411998967,,4548.044766633349,1.3167364457035653,93.69103197626788,106.044923940036,0.6494360857577149,197.02813764356512,142.50566653828974,143.67619809498876,162.20944803618616,124.30830039525682,209.98628665926452,,27.98307282801617,206.11768875854784,163.6865464199581,,,0.0515511762900142,120.75481270477854,4.276706373893043,716.0571167291126,,,,,41.266576433169824,,487.9144761152658,62.83442274288332,64.0868604929931,223.4629160271741,437.0999782086072,,94.22101599036112,179.83320058350324,,,39.60585426721446,8475.359677047778,149.2488128890751,,,118.38639543884608,25.60276648884959,76.28727304614085,293.58822899657105,,779.8295543546396,326.0050323554642,142.50566653828974,145.88600200288775
2018-05-25,,262.3236899022329,,,232.67940855142348,82.55951862605895,,,922.8054287372582,72.92718561184857,2146.479798480054,101.75953079179,,22252.01593308586,53.65759665903164,,116.74095232026114,,209.67981932618503,,,,216.09753748763663,147.93661274347917,,0.0028427224914226,,,124.34206718084228,149.6249155454008,208.80312486934605,,4547.423984786055,1.3410018056905415,95.88830241055034,107.47988810812392,0.682786871418622,202.360809087636,144.54618295064793,143.3960439907856,164.11592781052587,127.17391304347817,209.3579891490235,,27.806641521835942,204.87057795979177,165.27556262358277,,,0.0544917600829322,118.30501618516638,5.735679843308272,738.1207668713461,,,,,48.68745735527824,,480.0596306817974,59.04648774683437,65.48190231949309,210.5455088783279,431.24353654855526,,95.95735956830706,178.70780356060587,,,40.2794062765344,8566.503587266574,150.28157022922016,,,126.05303036619698,26.49514169261845,76.28727304614085,295.3604172234345,,774.9673989661685,330.23155486657635,144.54618295064793,149.6249155454008
2018-06-01,,264.79685180650233,,,231.8964734926078,76.1932776842841,,,926.3191199052636,70.41317766195829,2124.145123687545,99.70674486803632,,22187.941524024252,54.12138836066529,,117.56745230352053,,209.48938404953785,,,,220.4870571717353,146.89666556619295,,0.0028427224914226,,,123.96317381245498,150.35893248313775,213.0739835556744,,4497.779617312941,1.3487169297728785,95.98383545498343,107.65148475087214,0.702700241067654,201.60457878909693,145.18040859871903,143.9293128044189,164.9510271178201,128.70553359683788,210.33539441237576,,27.548165235040862,204.28683844118427,166.49348881255682,,,0.0553675311909146,118.91495476579765,5.749251813389704,761.7109976178792,,,,,47.78557277503645,,476.41670624613727,56.32692695093253,64.9630148108559,215.27640640099443,423.61514535218606,,98.33036843015589,176.6680137904121,,,39.672237933239074,8491.745120123862,149.4487085123288,95.4970015272178,,130.9887100206279,27.91651658247844,78.71271984396142,297.79492263122467,,772.1102561090256,334.1936758686136,145.18040859871903,150.35893248313775
2018-06-08,,265.35686614631265,,,227.15499520515877,69.19659296550532,,,944.7454570544026,61.44932019085929,2097.5002484964816,92.66862170088082,,22405.36246271333,53.68087957728975,,124.45968695496936,,211.8645351388324,,,,231.3336280480606,146.25288874215863,,0.0028427224914226,,,124.60730506538822,146.872338903629,211.28911942999952,,4529.428128830931,1.3451727339822577,95.39357139439832,106.02636013611225,0.6899284693224152,199.09351972213145,143.36048372226327,143.60499330898145,164.30991775039627,129.19960474308294,210.39537666093747,,26.37977282188829,204.1276235036793,166.49224275594824,,,0.0548318703556388,116.5564716791634,5.677329963251332,760.6284964814095,,,,,58.43394338507763,,475.5061396456136,52.39649803387645,64.80139411144432,214.45364161444363,426.1829100385139,,98.07197315818502,176.74838615000374,,,40.394026756939446,8429.276202855932,150.22604272583771,89.95459927356995,,142.1787741281399,29.5306105938836,79.25943779669007,298.36342907977524,,770.0350975094015,336.33523247039847,143.36048372226327,146.872338903629
2018-06-15,,267.44918147154505,,,236.9309575187424,68.88202106748939,,,983.1515782035414,60.98034559763499,2115.132886490568,90.61583577712712,,22188.405076354,51.98402524670625,,117.85807082976602,,213.5308438094957,,,,223.95848668586584,143.71079564212562,,0.0033581610441491,,,125.35246876834913,149.6937268988848,218.6397552483841,,4485.368525444663,1.223663716134768,96.31137583413684,105.16057557115472,0.6560639369509543,199.84257571632017,144.69784423359297,143.51429879568894,166.99680107287392,131.02766798418963,210.6384578667905,,26.70332680383162,202.86974398937693,167.7196787472354,,,0.0510836883093412,108.20312012403828,8.533337160242075,758.5936482968576,,,,,55.81821736568939,,540.7358427640224,51.46325103178682,64.35906377621261,207.46014092876257,444.671891374393,,75.69604895698905,178.14508971677265,,,41.61084615379017,8328.915597798765,149.55974657447862,87.51772267632312,,138.77563513214753,27.630660811491143,79.64711207805718,304.77708985621075,,765.3032483552662,340.53762874733405,144.69784423359297,149.6937268988848
2018-06-22,,264.6899789439277,,,234.51726735645912,67.00514791890537,,,950.8465930474912,57.43787241941547,2048.9125349127794,96.48093841642336,,21873.123151956323,53.028549641768294,,113.86942455545044,,213.3827274832146,,,,235.2823904878776,141.38329481677076,,0.0036314997337891,,,125.01146377321018,149.41846398460436,199.7355653163065,,4473.578215423678,0.9901634768042792,96.6320961430882,104.24497232237924,0.5929666400624386,200.9247651885968,144.49104295583604,143.69541306554956,167.04193669287395,129.74308300395248,208.75251119595157,,24.437177905543745,204.3201631448417,166.72796076394235,,,0.050626033256234,108.61036066042382,19.624368354652557,761.2192198474371,,,,,59.60668704098212,,535.1577934666124,57.31769992524397,63.91673344098091,214.6593328110813,434.1562403839319,,69.51589726833924,176.55748263049287,,,39.675221434688495,8466.142982209405,149.666309528451,91.7481797886897,,147.4301557158175,26.08454977506756,80.02484672245565,305.5696653536604,,770.1553688909805,337.7255175796553,144.49104295583604,149.41846398460436
2018-06-29,,264.834673098895,,,223.0978151903617,68.42480727726603,,,918.3050518626626,63.73443642321083,2058.3166085096254,114.36950146627692,,21896.89310771064,57.14032140384012,,115.37342953705443,,213.1288137810183,,,,216.95493227495865,140.3103334433802,,0.0034362578126177,,,123.83687602299251,150.49655519010588,213.4432289741612,,4410.281571144163,0.6658818365012349,97.57719127595578,106.02118215939043,0.7050187782859475,202.9627560344212,145.09767756873134,143.98188307873488,168.2517851604454,128.55731225296432,208.11366927786796,,24.528547870553048,203.21891411384564,167.764080749458,,,0.0498006904495319,114.10913934741242,22.825291086638543,757.4472623569658,,,,,61.66098877914996,,562.4792458633807,55.063422095627736,63.380833227142496,216.30486238418268,426.59464800808627,,71.92215168945681,176.07515647863576,,,38.71822464727915,8585.961885379067,148.53239494402,89.05840462581635,,127.46005612991569,27.565762540888056,79.15009705010345,306.1151918506922,,765.6040002349654,337.6513357940389,145.09767756873134,150.49655519010588
2018-07-06,,264.6164092513539,,,224.7202899912931,68.81957809554196,,,903.9249961556534,57.606983968704505,2037.941115716459,102.3460410557196,,21753.060995712844,54.97194363562533,,105.91238796914048,,213.10236443703948,,,,227.11491150595688,139.45196434466774,,0.0032019675072119,,,124.29155577378027,151.2879207558609,207.36459808510608,,4358.154833794804,0.6620500610865208,97.26670627846794,102.83986394737973,0.6485034535385358,203.6574648886334,145.37343013721545,145.04106563105,166.3192336808259,129.49604743082992,202.38615760824413,,24.477968300636192,202.68172426274504,167.10232772655286,,,0.0492335333444613,107.90433808731596,19.925906350123856,768.1851653246038,,,,,59.28865483932718,,560.9992271390096,55.258778176225206,63.159668059526666,215.39982111897697,433.58361511978904,,75.08369070729638,177.15032460988448,,,38.63070455796471,8620.78071813189,147.0616687893681,86.8097306448551,,127.04027043741112,24.91557735587442,79.18985559797797,308.34733828651605,100.0,763.6792175751909,338.89588389551307,145.37343013721545,151.2879207558609
2018-07-13,,268.40772714867916,,,223.3288967144504,64.71248796964906,,,926.027405271701,60.84566323907888,2155.8838720768995,98.82697947214184,,22223.55127617704,54.14574955151545,,106.276596826889,,217.7257097645304,,,,227.65565615778831,141.5648728953445,,0.0031707286806583,,,124.9104216872788,150.85209218333625,204.4173232794845,,4395.388109399642,0.6659753850388441,97.60789721034632,101.0147547884266,0.6902640116607125,205.7782717043059,145.2631291098218,145.61333332470426,167.6819582613014,133.74505928853745,203.4456772627416,,23.643932446674366,203.80982622880288,170.06269549547014,,,0.0484147805961461,112.87774643749296,34.19984663651204,803.3636302027238,,,,,59.07357605179847,,563.9590621158856,71.11583468449153,62.810907602901665,217.66242428199135,439.93586476779,,82.72209455614515,178.05465931294353,,,38.18092426264724,8598.250500118414,148.77938895345218,94.3103874550401,,118.35313679957956,24.22784746004219,79.91550597586901,314.4037172002679,98.03921568627452,768.1102658991256,345.17361063950773,145.2631291098218,150.85209218333625
2018-07-20,,272.13782546767226,,,236.607566329906,52.13632116973057,,,1032.016817056806,64.1297450531878,2189.9736388654655,91.93548387096877,,23177.659479480084,53.08767087882599,,107.56109760402448,,220.0003533467056,,,,220.3762631762371,142.835919445361,,0.003155109565297,,,125.1251288929553,151.94164611430358,208.88277053971237,,4437.585746000497,0.737018358334048,98.14698471361388,101.83473509416775,0.6924516938789562,207.43201663958004,145.81462372790523,147.1538853651031,169.87536650705528,135.5237154150197,208.2104065526011,,25.323664206637847,204.18586568206663,172.97177608311813,,,0.050499937413975,99.72596659604386,22.908571063031737,819.5514289647655,,,,,58.93950879726307,,563.5038041246069,66.51450361056169,62.63227419828886,218.4851890685421,445.3696291582201,,83.22348096421626,180.35571291515603,,,37.11552287577736,8933.127174742407,149.40809474802566,93.12492858172988,,122.46874182022358,22.2734399975875,80.7753485627342,318.50409315062785,98.03921568627452,769.8044916979977,349.4103652970725,145.81462372790523,151.94164611430358
2018-07-27,,272.438658712219,,,233.35537407347303,44.94859437557388,,,1010.3293710085724,52.82763573141095,2246.789916846409,99.12023460410666,,23163.040303017413,54.61204366472546,,106.85790718828744,,221.6613721485731,,,,179.37615197252123,145.49356223175914,,0.003155109565297,,,125.41562248103222,150.7488751531101,200.1564143401584,,4516.396255115361,0.7338896583338609,97.55331582408816,102.96134819940266,0.6451204908398779,208.42490540268625,145.37343013721548,146.64916605136685,169.44396429769589,134.46245155786798,212.7954020689628,,20.77275083051309,204.8573529959423,172.713248059034,,,0.0452024843516573,99.56365979384404,15.87421319626417,824.9963593925493,,,,,55.60541516576005,,565.7804484067657,73.17862317056317,62.38558997287118,213.8365680245306,457.052125423037,,84.6717149804829,182.2246845895447,,,37.07623656574523,8836.863398021978,148.8916480562271,90.97999241466307,,120.04151263572768,21.76042097364515,80.5516901411789,321.2959913520443,106.8627450980392,772.0601307957421,349.23099776209074,145.37343013721548,150.7488751531101
2018-08-03,,274.40985077264514,,,229.8561049218606,57.661740416287174,,,1001.4030185823634,57.131064199328584,2290.675593631689,100.0000000000011,,23594.10185549426,53.621663380368965,,107.60171720509004,,223.42289845755988,,,,174.42146596203995,144.81677121162048,,0.0038267416549606,,,125.93344630859934,149.68014206833175,199.5541049837248,,4441.929703905688,0.5136552864229252,98.44723439963816,103.87856809599828,0.7081068046317939,208.30526906687527,144.7943550028412,147.07175526056906,171.2239135645985,135.1284584980236,209.36876798426073,,18.82561096379895,203.9172707565163,172.9639037462954,,,0.0450169393247631,98.19587842059836,16.04107165823733,833.5163075659775,,,,,58.961766838392,,622.7001493363606,73.05500912312598,62.57272973008459,209.3524999378292,425.297568285271,,81.41058385959661,181.55143958579228,,,37.08568482618482,9024.283996478587,147.38724245764791,93.12071082707146,,126.8390485116444,19.751021995827006,80.75049236041495,326.337090639371,106.8627450980392,767.8295837249401,354.34788248734475,144.7943550028412,149.68014206833175
2018-08-10,,275.735306010487,,,230.11376745879764,52.73337848482728,,,984.9929231986084,52.15050847247154,2419.8832466552894,95.0146627565993,,24707.08875871259,54.06695826004102,,109.19299803821336,,228.25783853688105,,,,182.92562985012205,144.33806536810775,,0.0046467577238807,,,125.81978118885428,151.57658317621627,192.95856153277396,,4476.060206543455,0.5221574631264684,100.9106333442929,105.16041325104663,0.6748391927421278,207.8246714212952,145.8146237279052,148.26082971849158,173.9253466670313,139.22924901185763,209.62620074664065,,16.509642469846064,204.884205931004,175.02661381353482,,,0.0441599192247988,102.22191045006184,19.205039991163,853.3586752871988,,,,,63.2773987891939,,594.2401976356299,72.81836722066154,63.448884047947395,211.20736424261608,423.059708450859,,84.59718934247893,180.5767752349944,,,37.11900413331805,9032.545165694755,147.25252468193875,91.08992234673944,,120.73662659023935,20.50513415607583,82.24155166407155,329.2826979613479,110.41666666666669,768.6215538847143,358.6931280798631,145.8146237279052,151.57658317621627
2018-08-17,,277.85963038071185,,,226.6243865217648,53.528645630543195,,,939.8840865072256,51.82110551389864,2349.7474459908085,89.14956011730304,,25110.4896982378,53.84946255805504,,105.93339595347317,,229.45334888472195,,,,185.93349159229697,139.99669858038902,,0.0041391287288349,,,125.73137177264016,151.4146925076685,189.14055760670888,,4371.601565353246,0.563973212531938,101.49748216361655,103.89478603407424,0.649359473787882,209.61036278824037,145.86977424160204,147.68184459810746,175.5339392600892,138.53754940711454,209.09122258596005,,16.205341239207655,202.6817242627451,176.3689907024637,,,0.0450674689785799,102.56851046278722,17.734829493699998,853.0982708234903,,,,,66.44987508306167,,582.5717946012135,68.7244942888513,61.90923422723705,206.32564523503288,419.3092072730985,,76.7530244830793,179.1097266881021,,,35.389993718560966,9118.254442706952,146.08491352263246,90.5145628575212,,129.53194969807754,18.677641304225297,81.81908154341659,334.33353839977815,113.18627151788452,757.7543957550154,364.0572225878903,145.86977424160204,151.4146925076685
2018-08-24,,279.30986853194173,,,233.9667691454428,55.936397396293934,,,961.5721642285782,46.06873536922412,2332.3125576900334,87.39002932551418,,24902.96451302054,56.57912142344911,,105.13873473087736,,229.797190356446,,,,189.48280814560337,143.5127104654996,,0.0040219835761321,,,126.08500943749644,150.11956715928673,192.64651671689217,,4304.481191591048,0.5584872182075622,100.87651216864086,104.13434842805842,0.6163310629177579,209.5794408401563,144.98738706022257,148.84599438719073,175.11554242168822,139.97035573122517,209.31816224658743,,16.178248020969257,203.24578344264063,177.4261817072763,,,0.0493039912389488,106.77502530864348,16.2059691139805,853.1524731514237,,,,,65.52034364074397,,574.8875823330329,79.36376569061984,62.71733772429495,213.9194303579401,430.97052043011826,,81.43544710263019,181.98352151361615,,,35.29078850149439,9158.52776050431,147.7465127008031,91.39162084918298,,143.07406058278102,18.916316223128323,82.86779145248101,336.91487836412597,125.98039215686276,759.6491228070203,364.43985122646586,144.98738706022257,150.11956715928673
2018-08-31,,276.20641454556943,,,231.31889550283864,62.51109205306592,,,963.647721575538,46.04365488240268,2296.25403870434,98.53372434017706,,24606.739810581144,56.907755343031106,,103.51976322559732,,229.75487140607993,,,,199.76945953982727,141.20171673819686,,0.0048029512608179,,,126.02185572481342,149.84203273687942,199.9484607409383,,4195.95966616863,0.4850626028416573,99.83246875007868,102.3301908662332,0.6684487214630482,203.9394419272479,144.98738706022257,147.76760334826167,172.3189050833819,141.67589029304582,208.5256986497205,,15.347773333425431,199.24371249444815,176.06119596298612,,,0.0505466320786116,109.60377044586907,14.633201292513473,870.4696939085484,,,,,64.93585212722076,,572.0416883988931,78.49194055984599,61.83267705383154,208.74564269178347,427.7332130987498,,78.58753784955535,179.20015709193115,,,35.372590465955575,9070.75248397692,147.80263368671655,88.46535925762323,,142.50974108469896,18.66966782854371,82.6491004794441,333.5308741771124,120.9558823529412,745.1027471021331,362.17706617934135,144.98738706022257,149.84203273687942
2018-09-07,,272.8749879338784,,,210.2017384638018,57.62902157582981,,,874.7786347185892,43.02537851320727,2238.798156804059,98.24046920821225,,25401.048342712744,56.07682635298977,,100.03712615642752,,229.0830580690189,,,,185.28927013034783,137.90029712776436,,0.0057401124824409,,,125.71873910292284,148.66253349759776,197.54006046714835,,4109.392995275332,0.4834865828209028,99.4435060898233,101.59406161326211,0.6139602385709634,204.8983325693512,144.4358924421392,147.91654008569645,172.93931890109516,138.90909187407348,204.88949958077396,,14.513087958788098,195.214788611194,174.9663741473314,,,0.0503776097786287,102.59081012299134,15.995500137966618,844.0962807831571,,,,,135.0040818225298,,552.1198234443148,83.13734728749482,61.79014529082849,203.90564777828217,414.4391469785477,,74.77164216517338,175.31149640343892,,,34.235578974102864,8767.155222493799,144.33351391462105,86.44894856775376,,127.41893814311824,19.436087589775603,81.57554384792402,332.20883536608915,111.61764556286384,729.5940045426091,360.8262394184707,144.4358924421392,148.66253349759776
2018-09-14,,272.8678780904727,,,215.44957247708152,51.34583793020803,,,858.7462437487627,46.35779129515337,2236.816919497153,95.60117302052888,,25313.472201689485,56.642480324925,,102.72779040178474,,228.84501397320992,,,,195.70498744265117,137.90029712776436,,0.0069818512202576,,,126.09763247131016,146.83548040650496,181.15264951201843,,4130.0939539743995,0.4981181539098208,97.99003980039964,100.10375889079396,0.6113684463494812,203.44018979930553,143.22260217857868,147.2473036898708,171.66306236878376,139.22924901185755,206.36998416792983,,14.35345639440992,196.05652384755527,174.32663176986773,,,0.0491666626175593,125.4201674992898,14.499404642217522,871.807746159307,,,,,175.20685713926903,,558.4948526252783,95.46496341867164,61.12664978798094,206.07530067054137,415.3383446528617,,73.68485813901455,176.84887459807,,,34.30519805472065,8803.297484208968,146.2196484292897,83.4885911554526,,127.10840599298814,19.1535897214403,81.69979641992951,332.27211095554946,113.23529411764706,732.2305764411054,359.83482781975937,143.22260217857868,146.83548040650496
2018-09-21,,274.0264694279246,,,219.8482481947147,37.022430821198235,,,877.8641193856104,45.292057874839486,2246.723106031684,99.41348973607148,,25488.80489428737,56.29756893601987,,105.55239247774362,,231.20958532491295,,,,179.57098343597283,141.03664575767522,,0.0068725156252354,,,126.46390280588376,146.21104118965815,192.39773312438163,,4268.098303333741,0.5205247768715189,97.60789721034628,100.96574660204,0.8305246253476595,202.2576095594669,143.11231167006997,147.32768873925127,169.30461348590046,139.82213438735164,210.58077642379556,,15.731205934924814,201.0877980441789,174.2411716976318,,,0.0475942046340173,113.14761383224317,14.43236649839004,868.087673764197,,,,,168.1070633480654,,564.7558901455393,115.6431052054269,61.16067519838337,214.33667129875903,416.7708253623617,,75.54778483623873,181.2500049063623,,,34.58019008455299,8816.722237790822,147.8812304765123,81.90238880168572,,117.03248107546987,18.364912124245897,81.87375191670992,332.4039941811082,115.19607843137254,750.8972626879728,358.5300317707212,143.11231167006997,146.21104118965815
2018-09-28,,276.45134771043627,,,220.7472176773155,39.44573915631204,,,876.4757397194197,62.509624273429395,2362.82361221639,93.25513196481042,,25111.47053857062,60.53504921923927,,107.10303903285372,,230.45842395591563,,,,192.62096027318609,140.6569825024755,,0.0090592251423558,,,126.362870355856,145.74849264135906,195.7917167999041,,4201.605068921047,0.5224726330894003,98.01733049352872,103.9959741602542,0.7691787055275047,206.80223126268237,142.64353756308935,147.0562430499088,172.35632748729722,140.3418981981841,214.74908121898895,,14.736218644962683,201.71330448933097,176.07232716426023,,,0.0458040483865461,111.68234166250704,14.504849349147788,881.6885598595595,,,,,163.39895175081924,,562.0237854002357,111.3436418777689,61.05859896717606,220.01114809389847,418.50818121015465,,84.64798806802644,179.60209555181203,,,34.51703576292534,8707.261981413612,145.99202047592544,78.78350916673553,,123.3818660884232,16.385465109085263,81.39662090262522,340.3779621513085,120.09803921568624,752.9022752193013,361.8487890144256,142.64353756308935,145.74849264135906
2018-10-05,,272.71113453667095,,,224.915568296351,38.68854501434829,,,867.2372213940106,48.775826961241606,2330.727567844508,89.14956011730305,,25846.65936961493,62.329520607737464,,107.55129203580827,,227.3850101855813,,,,173.67105647454093,132.71706833938543,,0.0078096768468584,,,126.05974409806176,142.41815897388912,195.7563170274861,,4145.148744183135,0.6443215244245193,96.50244192300303,106.2352206258162,0.738547835278448,204.4299441560577,140.82361268663354,146.18587486554438,171.89393267823127,136.95652173913024,210.59515198067288,,12.77683127019458,196.70921972977877,173.88274366420825,,,0.0454957964569048,105.48935470341966,14.69382046812366,868.0379721053145,,,,,150.68484133103095,,546.5416222930048,128.08687717390873,61.33080225039558,216.7983928495916,397.1371409709219,,74.81292033094815,174.19614209239435,,,35.310680534556056,8370.619100117605,143.04029563645344,84.48511868147884,,109.1640501859713,13.740747861335215,78.81212569351128,336.39615289102426,115.4411764705882,733.6842105263188,359.82059899070254,140.82361268663354,142.41815897388912
2018-10-12,,258.3780663278114,,,212.85360986119537,33.290039382681634,,,800.5160888583907,42.74477433505488,2197.588420820408,68.91495601173098,,23969.27700730753,58.30742023984362,,105.84515773935809,,216.44556151595745,,,,163.4380842550381,130.10894684714378,,0.0067163220882982,,,125.3415281817638,142.21001256827347,180.87315744584205,,3993.753081486077,0.6379910674794829,96.43420998401989,103.9581673941878,0.7874011868413541,200.99469499926175,141.1269352525236,144.16738938663872,168.28106549244438,130.23715415019743,198.03342606606537,,11.956870427808502,188.30564197708128,163.54016198418438,,,0.0437900315822125,89.79617760659181,14.336870518417882,834.7644298651558,,,,,145.20672397196523,,498.50162876590406,107.8768164482687,61.92624693243827,206.78461026993375,372.23836024690706,,74.07705491111345,166.35851844713932,,,35.22340932328724,8118.653910498501,136.16422640573134,87.00027828398498,,103.95221456661838,13.205431175452148,74.80119067086626,318.7435386116095,110.80882502537143,701.3433486058926,339.57781113156386,141.1269352525236,142.21001256827347
2018-10-19,,261.94475549214064,,,209.837378167457,25.722394975206225,,,828.0010736322289,42.14767216309397,2351.332435836333,69.50146627566059,,24712.49620403048,58.73358295800577,,107.55129203580827,,220.21194809853588,,,,167.10596267874246,130.30703202376978,,0.0067944188567668,,,125.23788340500994,144.84652782448464,175.24037677474325,,3939.774865752568,0.4337840615600615,97.24965089680236,105.23299777621388,0.7816297495382802,203.6476161372862,142.42294602718695,144.40664036263885,171.14367325755856,132.01581027667964,202.59910445614017,,13.473749782566498,189.88301110808104,167.05424167165748,,,0.0479955670648438,94.03815057762466,13.066937342671029,841.1755242858382,,,,,163.23484079343643,,496.338621818682,113.40798208351733,62.85343936590472,210.37288236097777,375.1796182774535,,74.99028402591279,168.14710242955178,,,35.24504046757023,8489.37305399448,135.64399867574164,81.29799453356064,,100.5854688484676,13.77332391640007,75.74552254193064,328.98744914624945,110.90686274509802,706.7468475877223,345.1325888552549,142.42294602718695,144.84652782448464
2018-10-26,,256.1507201384732,,,195.23753096842432,23.94472208070072,,,792.3415267525015,35.87172695852094,2280.4041402490893,66.86217008797728,,23740.777950205866,57.734811147618714,,105.02424395145236,,213.30337945127823,,,,160.38495278663217,127.78144602178897,,0.0048732384716058,,,123.94222978758611,147.85308015485913,173.62712627064457,,3841.9788845615594,0.4639338827083507,99.74717101710912,105.44588966454351,0.7437921998615337,206.41979967119,144.35316141215142,144.75283813256573,172.01253832482365,128.9288547199232,193.7958028977434,,12.315108053639138,186.86423663060617,163.56157258835825,,,0.0451884210866913,86.70388892335727,11.79966072434966,840.9023648062364,,,,,152.0827975469765,,489.2296888762547,108.62041153202556,64.58022894382847,201.36047803928577,378.2796094443164,,72.44722742575719,164.54983370863673,,,35.43524399639382,8605.029423020871,131.7875160776743,68.64358919748888,,93.0398533288598,13.544882994379773,72.69383595570062,316.3652952208351,111.27450980392156,695.699257910404,336.68933614911134,144.35316141215142,147.85308015485913
2018-11-02,,260.4854575596349,,,210.6118861697761,21.203101805046227,,,820.4429529488717,39.997523115949214,2271.290448637321,77.71260997067535,,24366.894614398956,53.68100038545569,,107.72078780526608,,216.3291844024509,,,,170.4743843403452,133.8395510069325,,0.0061696447090181,,,124.7066606770409,146.34979957848202,170.66486833204874,,4102.979278540349,0.4655586718784877,97.89450675596656,102.788961686954,0.73971175187352,202.73405010355447,143.38805371966922,143.8796197266368,170.46155540591317,129.0770760637967,196.03981268993792,,11.982614733697664,190.91645870431068,165.50999886429273,,,0.0450667544589702,91.26904728359251,11.619969171634953,823.1172929454248,,,,,190.2453392619113,,477.2134014549258,115.72492806855333,63.42336499014556,200.48427206356573,383.6311614013744,,69.15456225371572,168.770103209271,,,35.74603804361946,8498.508581452037,139.24036309465052,68.88399276464443,,92.74219009790792,11.532873674010457,75.05964019177766,319.77916386177026,116.44607992733228,711.1879797149155,340.09128782554205,143.38805371966922,146.34979957848202
2018-11-09,,261.5017351711459,,,210.92361543151176,21.03687174182784,,,810.3906145279341,45.87822859571562,2445.639331645071,70.38123167155503,,25782.458033392824,51.544574134943765,,103.07798252634856,,220.926080385963,,,,175.4080041541549,130.32353912182197,,0.0062477414774867,,,124.875092088687,145.2859440930599,161.88906470356602,,4024.869702704066,0.4672572347300113,97.7273161189679,101.29411865532649,0.7668157003024302,201.8729845256921,142.9744301263854,142.7931912220273,170.22082065090075,130.7312252964425,196.1208484372903,,12.735229527244016,191.56917118570203,167.23955773141944,,,0.045845986253361,92.079264432501,11.5175870208123,845.4582954869794,,,,,161.26648195385437,,465.99829823933766,107.10101852280798,62.16442480525534,201.77771898010485,379.36319356059727,,71.18653548773695,168.48873862116218,,,34.58565933136061,8638.083984775798,137.49872662729692,69.13531187487072,,80.41523820874558,11.16156145192151,75.33299679817608,330.01187740890066,121.1274539723116,712.3107573621586,345.6531880614592,142.9744301263854,145.2859440930599
2018-11-16,,265.3640288913167,,,173.6003180338903,23.946847075909147,,,802.0753957901062,44.05983021251328,2458.3192504092704,68.62170087976615,,26242.28100535228,50.66060909223184,,109.72249040277056,,219.3708589600107,,,,179.59563560543512,134.58237041927984,,0.0055448705612695,,,122.86683491271168,144.86965128182868,168.60369493636006,,4152.512539525812,0.4786564733523412,99.80775490580363,104.29003932883822,0.7377602287695328,205.2977079210832,143.1549971710241,143.36663300880318,171.50287789541295,129.0513833992093,198.9319936323239,,8.294850036157584,189.4206744836929,168.58555931450528,,,0.0377434527412908,90.71602671985298,11.764216380645598,858.9824745281577,,,,,176.65172792004878,,460.16189137810966,101.7767419546256,63.51693486875227,203.93520612380777,383.0761253561488,,65.6308878842482,168.55908360128558,,,34.45040018375699,8901.612382638115,133.698794085494,70.82194154845132,,83.17511455917291,11.857333938483084,74.4333956634364,332.8711447910823,117.64705882352943,703.1478598840882,348.09146446794784,143.1549971710241,144.86965128182868
2018-11-23,,255.0534289761256,,,168.2765847613693,25.49489005622521,,,782.9986919465977,41.22205303838061,2453.168033411314,61.58357771261065,,24668.22325356992,43.994434031690474,,108.78957301717278,,213.1711327313844,,,,172.35026640477005,132.73357543743765,,0.0050762899504579,,,122.23195752293616,145.65598116722322,163.99966718474403,,4153.147422319438,0.4730532554958589,100.38160236337517,101.98405647646562,0.6879094760297537,201.8444737369148,143.21049579994963,142.40377149992025,169.29901329084888,122.20948713099042,196.446647338464,,9.164245773842351,188.19685103046012,162.76120979708986,,,0.0379282478662784,83.67201761174479,11.64713576476474,810.6247069561091,,,,,167.25856934436507,,464.85394564467913,106.79899779130824,63.789138151971784,194.91189933021175,379.3317277905989,,66.66434097745656,166.02692496738192,,,34.375314891429696,8844.323559140394,133.698794085494,69.99289025674777,,78.75851991057735,11.300013330557483,73.51888270327788,324.6735724010672,118.6274509803922,697.0325716635368,332.0506431710411,143.21049579994963,145.65598116722322
2018-11-30,,265.9434698293278,,,176.38768038804918,24.555115654735463,,,813.0805158042841,44.88673099194561,2423.845721269102,59.53079178885695,,26185.030276953603,44.134943825707005,,109.56839937502464,,221.61376332941128,,,,192.96757654061184,136.38164410696552,,0.0049981931819894,,,122.905702939626,142.44128243123316,164.88344910713138,,4218.556241512541,0.5065502313461326,101.0764435977807,102.5099542577665,0.6896992379016208,204.68940311527257,142.1280925517937,142.77313509216373,172.4671152572168,128.3596837944662,201.7011280670186,,6.86322390605906,188.7951680385408,167.95127580975523,,,0.040237096309475,89.1326890034701,10.200253283372996,878.3709980511787,,,,,164.6549136783258,,486.1396468262197,110.54683552851404,63.79764450457238,200.80034836453032,388.8149315741757,,65.98275864508659,167.91599739786068,,,34.32434345364545,8840.156632328339,132.97499823261035,64.08148066256459,,76.05338713930682,11.92090536420884,75.27832642488272,339.95136208880325,117.64705882352943,699.7694431391008,350.63874401276814,142.1280925517937,142.44128243123316
2018-12-07,,255.8164474872043,,,164.31333750790472,17.118328887742592,,,771.0557745963373,39.68006520573959,2348.558703606665,53.37243401759588,,24593.375770840044,47.122214029488624,,105.4027231471872,,215.42461683837644,,,,175.89444831389355,134.8464839881144,,0.0059744027878467,,,122.42630754256028,149.5644983144721,160.0221905601838,,4088.3734859199594,0.500472895440557,102.26906941322336,104.80440876056636,0.6743345138171405,206.4242879338748,145.48632072871357,141.85391225839797,172.1970433628833,124.75296442687728,195.2441571002621,,6.700642266543658,183.27436778045768,163.20647205359572,,,0.0382173596087488,90.752051776291,8.667313355899097,830.672081260668,,,,,155.4829681053362,,451.1212565438434,110.88395681473855,65.26924350447784,198.47038651641867,370.4950871282688,,63.38026222700216,164.00723595327818,,,34.92454928185938,8877.655169092814,128.5643613221255,68.58871318305727,,71.61653100278915,10.095321918697117,73.24055390842923,326.53615883803263,117.15686274509804,679.5087817199275,334.6478225486772,145.48632072871357,149.5644983144721
2018-12-14,,256.1978553525571,,,154.27610636923183,14.544918817343314,,,791.8309979204088,44.15794909120894,2428.996938267058,54.54545454545513,,24241.971353455265,45.64372176175242,,106.4317491377739,,215.39287762560187,,,,177.98704780588017,136.10102344007876,111.34364996571615,0.0021398514262476,,,122.94457096654035,150.35083702224637,157.47885158324976,,4149.972233158643,0.4797224156453373,103.80047569387408,102.9395040334197,0.7189225911841717,209.6316467632967,145.7916161243064,144.05794503416715,174.54862295050037,126.4090918740734,195.23178994304936,,6.216167508110769,185.31442712062284,163.19347315351294,,,0.0339596122995667,85.62887051206192,8.781843300434398,848.4643216152339,,,,,157.08819086145945,,462.67947726335734,115.83828787031392,65.8561818339199,198.47038651641867,383.4278171073136,,62.122762294551414,165.32355182807095,,,35.15105561926566,8999.523273521349,127.6143738725112,62.10719895382372,,67.53061219489864,10.186054941153229,72.52484790743861,326.8389742718319,116.17647058823532,686.2356085526343,333.6631860966486,145.7916161243064,150.35083702224637
2018-12-21,,241.5790105593304,,,131.5123073679437,13.222038812522992,,,735.9044134715222,41.125260984371785,2338.2562696107525,50.73313782991258,,23257.30503057901,41.01391911755455,,106.30783453417668,,202.21052458657732,,,,113.66660830868337,132.9976890062722,99.87281761749745,0.0018430837656501,,,120.31439570477846,148.87068872559306,138.84183839213085,,4153.147422319437,0.4719424957718738,103.57923927448384,99.3167893869487,0.6516547390113085,208.1115732798196,144.97287900639884,143.83418590177362,169.05847012579935,117.31818278316436,184.76764119287537,,5.970125460334449,181.584542630869,155.78339329842132,,,0.0313503721916344,97.52497364336692,7.229477403822168,785.132688664546,,,,,133.4566772570507,,463.4806614690978,114.47087641050284,66.33253757955406,192.031219227092,378.26920143336577,,57.52026502712361,160.56068457207817,,,35.41336700916335,8754.744619609264,125.65786617367247,61.099972658642145,,58.76804432633547,10.020862136555458,67.94234346967748,310.60896156113097,106.86274509803926,673.8045308583986,309.7745703021243,144.97287900639884,148.87068872559306
2018-12-28,,248.26133281353404,,,132.68438721924872,10.147887946477018,,,755.8565443755132,45.89456551814572,2319.632638925834,52.199413489736635,,24511.139519394073,39.67948589112083,,106.50584108940048,,202.84530884206808,,,,129.71735386083137,133.67448002641086,100.51195656620058,0.0018430837656501,,,120.8715271556728,149.84203273687936,147.31735234634542,,4129.016062216664,0.4674236218254231,103.94221005534985,98.0567245694196,0.6592070195314939,210.02108911397332,145.7083575936176,143.912979618679,170.6622435385616,118.28063241106705,188.29466250168713,,6.029095196868414,182.73641896945804,158.0326310991016,,,0.0288342741971876,99.02503709419358,7.17930199846693,803.8916297463219,,,,,135.97587553482094,,467.8294455767645,114.09215943853052,67.23421095521869,194.9542622729047,375.13016980981206,,56.96950549740826,160.70135919994036,,,36.86912450530938,8593.294990578233,125.9760844303054,63.97293556988646,,61.507773320053026,10.752000574978082,68.63319800828067,314.79636621340694,111.76470588235296,675.0877192982482,319.22818643282585,145.7083575936176,149.84203273687936
2019-01-04,,253.31472291669647,,,142.82483007960474,10.144283220277195,,,737.9599024835564,42.90626120131598,2412.7507923504263,52.78592375366627,,23709.269297363844,43.26610510397465,,102.38653779792736,,204.5486465943016,,,,145.44357515773171,134.7969626939579,114.55151256946606,0.0017337483195856,,,122.03761738836472,149.88827965156744,166.62165823451082,,4169.02336812341,0.4661243489205173,104.46766633196944,99.2254838619548,0.7235883132841607,213.23663701881247,145.59733916116556,143.54540881039023,173.3373481555102,117.5158112416624,193.68922400347017,,6.468648813830762,185.01273605570205,159.91043463269796,,,0.0324832709650002,94.0503046989246,10.1678901838248,817.3485166627223,,,,,161.61192901678433,,472.52134718835663,120.75825847319666,67.38732530202965,200.63089659375856,381.2030331523477,,67.46324170615421,163.21341707775383,,,37.85446607403748,8649.542320156943,128.3237452247534,60.34672704773263,,63.9563045155906,14.02122117873121,69.9999952600682,317.9664543679134,109.31372549019606,685.4536242951153,325.60954646712634,145.59733916116556,149.88827965156744
2019-01-11,,256.8434136032373,,,148.8000644200969,14.663912946757174,,,777.3255979055219,41.84016435865552,2263.3654994096955,61.29032258064583,,23607.71321246547,45.46450448431414,,101.38186008662896,,208.7011935989702,,,,162.639205375819,137.22350610762578,119.5906637121841,0.0017962256747774,,,124.2920519148674,149.47198684033626,195.53974504145916,,4112.504846022733,0.4734771514979675,103.37528315908298,99.88935307342882,0.7070605683822261,211.48627641902604,145.37531288356195,145.4525957308184,174.71765559039858,120.4545454545453,193.51691285955883,,7.5913179969663345,187.4810353215819,162.12673753641425,,,0.0357383605992783,93.64091649318084,8.787618490976019,816.2360620166727,,,,,133.4416765922263,,498.3847131734938,128.47832961471437,67.10661566620954,200.08017833875033,374.9620649415499,,57.70730858620367,165.27330760403777,,,37.791311752409825,8541.214587811577,134.06754453364326,52.54170869014318,,60.85442713567326,12.14792223854932,72.01788850258444,321.33858530144363,107.59803921568628,693.5539042919825,330.6049189748959,145.37531288356195,149.47198684033626
2019-01-18,,258.3905250241271,,,132.72443453827628,11.34806014201134,,,767.1411079152654,42.25838879403675,2207.0983598935586,57.3020509960371,,24157.055251276917,45.8614511495317,,103.73526643778794,,214.08099016425427,,,,159.39214589396872,139.25387916804172,125.46362631775251,0.001702509493032,,,125.03057408139686,148.38501671994985,222.3733806243751,,4139.176512492674,0.3918235806908575,102.05474300550163,99.92936860036204,0.771705353849143,210.52366978842383,144.84798062306513,142.52721041864555,173.0670014409857,123.7154150197627,195.10788452885177,,8.342334919795046,188.85231269151515,163.36442051783987,,,0.0371112631194255,81.51585147842421,10.039884462869544,840.071164333375,,,,,131.2478490790485,,512.2319443922796,117.93175861754878,66.34104393215466,200.1225412814433,375.93794064052554,,56.70952396493934,166.4087626711725,,,37.282356149096664,8453.718636118474,135.27556281509206,51.63323955182489,,54.25855605100692,9.879619317024591,73.4393608675971,322.22403225975904,110.95588534486058,698.576421522559,334.0606008868421,144.84798062306513,148.38501671994985
2019-01-25,,256.2043451850678,,,124.57945485431144,11.53844660292699,,,814.7796316749652,42.90693565455113,2128.2451150786897,54.83870967741994,,23701.385279586004,44.70045632415226,,102.64696872125998,,209.4788043119464,,,,129.4824014679219,138.27996038296416,141.0216591384995,0.002061754657779,,,124.92691941959032,150.55897460548218,250.58588059828116,,4051.5413691740073,0.3823351716452064,100.36777179040196,98.68204815544829,0.7788814825335906,210.21809354269624,145.70835759361748,140.04717410160669,171.4555365493534,121.91304444324344,192.914900443259,,8.462338224859604,184.57393399301372,161.4568911171412,,,0.0352331996632099,86.09103571257253,8.46907474234861,827.0904013755114,,,,,128.2717212856574,,497.1259711158626,119.89247037887364,65.86468818652052,190.76033094630375,368.5148547741021,,62.25327926384605,163.88666208150616,,,37.05062944292839,8281.85311676131,134.81971276571824,55.4211765892737,,54.92430545024967,9.23869348908475,72.31112912285191,316.90574307316865,114.09313725490196,682.6265859962432,329.8195053054545,145.70835759361748,150.55897460548218
2019-02-01,,259.70624184425424,,,137.91131209698278,15.516766080668011,,,830.9110016694061,42.3287147704811,2211.4570819687515,54.25219941349033,,24477.002959518817,45.09936223698656,,105.29062602269688,,214.33490386645065,,,,130.4485492125839,141.0201386596231,143.17110552866424,0.0024990965909947,,,125.64600757266264,151.83745462175972,216.8483394934541,,4057.891747495597,0.4415351022213345,101.50163613257185,99.13244772813135,0.7490343725530838,211.98493300549347,146.62424378039586,142.59741849073225,172.6883000396646,124.60474308300384,193.09464121849535,,7.847072831633907,190.2235900614484,165.14477021309705,,,0.0332792064369144,88.99010133514317,8.621220664648071,793.949379886099,,,,,140.43844500907184,,514.9784618584498,146.77389584582806,67.1746664870144,201.98651075993257,371.4198280068496,,60.354145066662745,167.06189158645012,,,38.577745130913506,8468.301453256658,136.2328670472982,56.89108376443565,,68.63802684763931,9.483726573628752,73.71768966244574,323.26851480359664,117.13235144521678,703.7794682017569,335.3015275087195,146.62424378039586,151.83745462175972
2019-02-08,,262.1227607300584,,,134.06765426181337,13.343459121218784,,,844.8618908165606,40.68255442799316,2257.0255400275946,48.9736070381237,,23800.276728774126,45.39052518823266,,108.23704177527516,,215.08606523544805,,,,120.75194097840738,139.65004952129362,135.1384214311803,0.0025147160042715,,,125.60713954574834,154.354294957674,228.12975576735727,,4076.3079996667384,0.4361468482262026,103.25082910159664,99.00847314755993,0.7583038716349476,213.89260920981457,148.09520095483336,142.861520434039,174.65293759155287,126.95158102766784,189.8101741936173,,7.780625345989137,191.64972187402407,166.40354019077714,,,0.0296682338702284,89.23437807880184,7.172511576495777,826.3754969442683,,,,,128.01847073953718,,515.894035527163,153.4022521630511,67.7871238742583,204.52828732150888,356.465393431777,,77.15220763380798,166.3183322673435,,,38.02055574831801,8700.581229004581,134.8652908148297,59.60268020239343,,70.6071439570147,10.182596163195964,74.01590247116341,322.43554094817364,116.17647058823532,708.8922501566442,339.62027048712093,148.09520095483336,154.354294957674
2019-02-15,,270.8976896724594,,,137.02859823294082,16.47624887310906,,,880.7060368978103,41.78167359957272,2472.9804064803757,48.093841642229265,,24604.48772921487,48.98360625735224,,108.64951581288642,,223.25891252489149,,,,124.21625539396186,141.5978870914488,148.03217394790934,0.0023272836407807,,,126.34566171227785,154.09794912089183,237.19738198042984,,4228.7170793848845,0.4417998056823983,103.74862423226983,101.06249243024732,0.8455292928313445,217.14294699234443,147.73439634301454,145.05972589535529,178.04562793835473,131.79347826086945,199.33534257977408,,12.340378239791658,196.53146596314127,173.07979860273878,,,0.0320529450293446,90.76538089053652,8.716922621293435,856.2901959636939,,,,,120.8113333437958,,555.8334116570313,156.63923388521144,68.32302408809672,208.4168305303502,371.45434535598065,,92.36167346709354,171.77451461840985,,,37.76470911741047,8925.242612559832,137.55484784109044,58.65019443262002,,71.50579799772267,9.901993637467346,77.21669783171818,337.3914399885899,113.2352941176471,725.4837288533861,352.2157784788467,147.73439634301454,154.09794912089183
2019-02-22,,268.45120629498734,,,134.0511296835934,14.67126962221024,,,866.7041439697506,43.281173084959846,2440.488114647114,51.3196480938422,,23748.445916868714,49.17383403522183,,112.13997745516626,,221.79890873726276,,,,120.6266933471524,142.70386266094366,131.3092170654795,0.002452238500122,,,126.86392513625788,153.84160328410965,231.35449110542777,,4060.668927017089,0.4579830601878,102.1515359170416,101.01589521049632,0.8297733253326103,214.10664374283735,147.70664702855177,143.51429242818625,175.3356462562113,132.04051383399198,197.23753090248096,,10.2080193135235,195.6538618377645,172.4362379569483,,,0.0294584716307099,87.84501014210447,10.034237731748815,865.3868575270378,,,,,106.28064603683652,,561.7843606362093,151.8610443428952,67.97426363147173,206.22432674383043,370.76220986180624,,90.70569750564354,171.32234726688037,,,38.23164682238583,8801.30969435388,139.58341881784622,62.68087326668355,,85.8037357944674,0.3630463074301099,76.7544691631887,331.00433083137085,115.07352941176477,719.6591576597771,347.7781815682794,147.70664702855177,153.84160328410965
2019-03-01,,264.7064261558211,,,147.62969453218506,14.31905618475466,,,847.0965307743742,41.411229545037095,2509.801264530557,54.54545454545513,,23489.376101161783,46.76488050158019,,110.20986874484004,,219.1328148642016,,,,141.0954610408075,139.12182238362445,124.38006735360344,0.0031238707387433,,,127.23318127699636,150.4741705513652,225.21811431975817,,3999.449380824008,0.4498826481083946,100.27788889053042,97.91158639898808,0.7916204675110903,210.1875329459768,145.76386680984342,142.508033798103,172.90314667243445,131.00296442687738,191.79492070551817,,10.60624862621014,193.62436463457303,170.44069359101255,,,0.0299438813762523,86.8656657979156,15.574119924186745,862.766081702721,,,,,119.89276559014829,,517.8395723275622,149.82068137702473,65.77111830791384,202.09726079273435,369.71168647467147,,116.51718534471524,170.86012187111348,,,37.48201097345795,8366.495762149338,140.5179253307143,66.56457058827193,,106.09046534156288,0.3024943274853083,75.95426913806706,326.55758707646896,118.87254901960792,712.4511473997519,343.26755195510515,145.76386680984342,150.4741705513652
2019-03-08,,262.6722966369818,,,135.48071184603464,14.00097002467623,,,828.8120268969534,37.06477379568032,2544.2877028566313,60.410557184751376,,23279.75803717203,47.11683705028127,,109.9949649887108,,217.48766566872143,,,,136.6649753527767,138.42852426543362,126.15612228073184,0.0027021480698468,,,126.71492773806888,153.0259655214253,221.6651345359705,,4063.92527739962,0.4507419281481648,102.60092931712674,98.36380780569264,0.8265377865250056,211.9894996364414,147.20707466981818,141.35676531935908,174.08916782246453,130.23715415019754,190.02685469093555,,9.613584660899887,194.09060228819547,170.06561531684576,,,0.0298409528344015,77.32690301040104,15.452703300963702,858.4391882681483,,,,,123.83396001453978,,504.5645937335945,149.28744246652334,66.49415827896567,200.0337278171864,362.1016428204573,,106.43916916392304,170.07636103982645,,,36.407161326148504,8740.393871829698,137.80557058511553,66.69170953684636,,112.76456879256634,0.255218805169554,74.67196591041052,321.39735978306436,114.43627301384429,712.2105067355914,340.26937974689406,147.20707466981818,153.0259655214253
2019-03-15,,267.2434111097996,,,147.38381424576465,14.004502255128193,,,885.6796105705738,41.78087673957805,2545.50487126814,60.11730205278657,,23637.108868213192,47.98990305139276,,109.18567661625929,,220.87847156680115,,,,145.04422682128282,140.37636183558877,122.31007016413652,0.0024834771777178,,,127.8486246533147,152.71135603454354,220.2873139726981,,4048.2946365619846,0.40077534352166,100.96926984428367,98.79517143390922,0.7980443374360652,211.8963700068716,147.20707466981816,142.25456201180697,173.76037300001076,135.00494071146238,192.36838372775475,,9.447491348394532,197.4508033763511,173.30102201887146,,,0.0299581801338041,82.28940650673702,12.59602588560241,889.1048979230277,,,,,126.44731506253422,,513.6052285678608,170.56268022769814,65.35430703048401,204.8056478231412,371.72730255542155,,92.1258057213735,172.56833349393423,,,36.9825036305844,8934.694985102587,141.3042727522318,57.99060347104415,,126.46875825324976,0.2441129426878138,75.29820569881996,328.92634922535774,113.23529411764714,724.6415844298268,345.73311063044406,147.20707466981816,152.71135603454354
2019-03-22,,267.11638036484106,,,137.82870465065872,14.764047476762729,,,887.0921881795423,38.51181483847688,2576.745527163526,56.30498533724402,,23425.13404670626,48.04362040444364,,107.69163545971578,,220.7991235348648,,,,136.31014040836988,139.6170353251893,124.17707806190586,0.0025303354175483,,,127.73848539698736,160.32012291281634,225.51338755029656,,3992.2855689839216,0.4068929978618301,102.9431700629872,99.86907419960929,0.8911701145896664,214.5251104643771,151.2036429523864,144.39900512725805,175.29460461186972,136.61067193675882,194.02291252464053,,9.400068224824649,196.89678876704193,173.2254306729296,,,0.0292544720241952,86.14902079498104,12.680373406030506,906.4799184206354,,,,,126.14898654464076,,517.2673197027444,160.3489527431666,66.33253757955411,205.62246295929563,367.25421319333094,,96.99621157016996,170.93046685123682,,,37.23238022349494,9094.33707936952,137.46368304808522,62.24013731065434,,116.70849796756568,0.2446206698138654,74.3190827283995,327.1730874971703,111.44608142329204,722.5664258302027,346.36413390201733,151.2036429523864,160.32012291281634
2019-03-29,,271.71735530136095,,,142.13817973029276,14.513474212642294,,,880.2304605273097,38.60417471072736,2489.1094015349126,64.51612903225877,,23601.05000949885,49.296115353170194,,111.92729482619434,,225.4965270254964,,,,148.25865775510653,142.83591944536096,119.80706939555908,0.0026709095412086,,,128.4640581445805,158.071291811446,220.8533798890047,,4059.366307363333,0.407868817502108,104.59557012047202,100.22382757268404,1.0835926459721517,217.25867709592453,150.17674892045645,144.02311715268894,177.28687180702636,138.75988142292485,196.86181363471923,,8.11059080454056,199.1682520466464,175.54459368159422,,,0.0274294144523305,83.79186899793595,14.103770941618626,918.6741292609704,,,,,117.32283807168533,,516.8096091958763,171.91779175984902,66.35805663735597,207.51403485354797,367.1572202671539,,111.1186598947765,174.12579711227104,,,36.36265464735441,9231.922998338328,138.6164410958063,57.330802586127035,,125.02876308219916,0.2323016055295719,76.23260267284749,331.4690424707655,109.9264705882354,729.7443804824584,352.5652451543402,150.17674892045645,158.071291811446
2019-04-05,,277.2325893881878,,,154.9404519844549,14.867494461860929,,,941.9456066075844,42.06353781800568,2493.1666295732743,72.43401759530873,,24084.87585936562,50.83903787732923,,110.28936408049891,,230.76523634606963,,,,166.37072208854823,147.52393529217505,118.5405739945358,0.0026084321860169,,,129.20258031110993,155.25150538641165,228.45355278986105,,4253.444710661484,0.4088671435788293,104.05629382051538,101.1647880697584,1.1677108342060678,217.63153834204877,148.59477331356692,144.73363419617783,178.02501238361984,142.71245059288526,198.5076652314179,,9.71745886089641,204.09897868806115,178.91289448067783,,,0.0428224277468962,96.44049620225768,12.735752487640772,932.400087079981,,,,,129.4694338179777,,530.3133667157894,187.51371109690015,66.2219549957462,212.8448283737137,390.0184604908872,,134.016864758764,178.72788898431153,,,36.58866322866942,9246.627115203744,141.97218941283077,59.161454862147544,,135.85520336792226,0.2652131417504472,78.01192566838961,332.7445305187677,106.61764705882362,746.5563811873456,359.25826415250737,148.59477331356692,155.25150538641165
2019-04-12,,278.80835724045374,,,152.57840834454916,18.817878385465946,,,943.2397077915604,41.066809443863846,2429.468149370995,63.343108504399545,,24738.07407851076,52.11654095401336,,112.05547728655812,,230.05639392743825,,,,158.20939860955184,146.50049521294102,123.5962799211648,0.0026084321860169,,,129.7448411707499,153.352220626499,230.24228287155057,,4289.916073448066,0.4101163366405588,102.99156124393916,101.77741632729769,1.0529372416873295,216.90157226956495,147.42910094742174,145.9152950528205,178.91849004868342,142.76185770750976,197.50569798733463,,9.733089756203745,204.04357384569337,180.02782852846465,,,0.0418938378347026,93.13225510294214,11.324752240100016,942.1568863873754,,,,,110.7293537777006,,510.2864075918802,180.8084233419706,65.77111830791391,213.14576026598115,398.4643293422595,,151.88428862546385,178.61735782439234,,,36.272897690727426,9166.805588546507,143.20912250138468,57.64671807293524,,134.9631916956177,0.3081979627852318,77.81311870922177,327.2873335275741,108.08823529411777,745.5739446271951,361.6609777339521,147.42910094742174,153.352220626499
2019-04-19,,279.5421734312761,,,155.93135768515413,17.05137246339835,,,971.3464910869316,41.985169600968376,2359.278104307338,69.2082111436958,,24702.67313419941,52.285843047151495,,111.93027924776544,,231.5957457470033,,,,156.6510099898142,147.96962693958352,119.91880638177528,0.0024209998225261,,,129.87751614795303,153.53865719498964,229.9676292897777,,4340.715059914818,0.4136209077995461,103.76936481691158,100.75641351051496,1.085021560527173,217.37836998430717,147.59562859609971,147.02908233395482,178.71931874155592,145.8250988142291,198.83637446191017,,14.61831541882757,204.90230663443305,180.55048453042212,,,0.04294618702171,90.55440094803744,12.784267416805726,962.2374324583836,,,,,96.04869803640037,,519.441635429089,185.58741415954415,65.39683879348708,212.0710035078832,410.4338260161733,,149.66076072164603,180.4260425628949,,,36.00561481011338,9459.832973562146,144.17117574493005,54.7193649204179,,125.45528000222907,0.382814414525931,77.98707420600213,310.5557654877502,107.59803921568638,747.8596393327088,361.8272900649135,147.59562859609971,153.53865719498964
2019-04-26,,283.5628648126807,,,156.84332427006566,16.316300754600928,,,987.3299398288073,43.209564829352495,2351.1636482306144,67.44868035190694,,25480.24201896172,52.97047529328489,,111.50269559091548,,235.7165535388974,,,,170.4241654238516,147.11125784087108,120.16763748215035,0.0024990965909947,,,129.66523820891845,154.72715031508548,234.8246623169115,,4333.551248074731,0.4090963283647721,104.89631914741292,100.93444945561134,1.0691049010478042,219.6119861874437,148.3727364486629,146.0770289415003,181.10301811415744,148.54249011857692,200.89671167473963,,10.604578301206724,203.98818591050977,183.44299124235368,,,0.050492209675305,88.45165979448014,12.801478545369074,1024.3458029112555,,,,,98.2290749641357,,528.1480997549519,170.78445960608266,66.43461381076146,209.70653864006775,404.4948793664019,,130.60908055360102,180.6270041266431,,,36.11078703007883,9635.228382701982,144.6522111046976,54.120792390513785,,141.332837391596,0.4077519394439122,79.09045448835987,324.97662725217407,103.67647058823542,744.681723840854,370.2358627947214,148.3727364486629,154.72715031508548
2019-05-03,,281.89934991879824,,,155.26471402702907,16.101393590565245,,,983.6614295250276,43.17073576679161,2329.2546168234617,64.80938416422362,,25727.604284774672,52.490062719685824,,107.55973665479831,,232.29400842804316,,,,152.35085211032185,145.49356223175914,123.13793737184466,0.0024990965909947,,,129.4396796129761,153.03761113961727,231.49933818221223,,4432.543981700729,0.4034880291093168,103.04687298619577,99.00097535950148,1.193161565538665,218.1583021978256,147.0960562373661,144.46041355522172,179.008797959501,146.41798418972317,200.64547593453773,,9.07689649861649,203.01866034421872,181.82940837489468,,,0.048462048768661,86.1109102942399,12.679650675357324,1005.8411997829044,,,,,94.7379728876544,,538.6419341880769,170.65058209082022,64.99704022125843,211.03923702010917,403.3115672166147,,127.1009822250874,178.3762100808483,,,35.27761010546848,9747.421750626188,143.50690463114654,53.378850753243135,,147.30574481652036,0.4149291731104483,78.04671676774568,325.65885518862297,106.12745098039228,739.9097842261924,367.0575799032176,147.0960562373661,153.03761113961727
2019-05-10,,275.45558819019305,,,147.0665066834085,16.195820071679602,,,935.635915172297,41.53690039851009,2309.374199435489,64.80938416422362,,24644.673310360165,52.053729272982174,,105.39409179821452,,226.16305049376163,,100.52711343647788,76.29474390291482,148.79292096098317,137.80125453945146,126.29773900409762,0.0024990965909947,,,128.51757485610443,155.1000234520668,227.0692406504332,,4246.280898821397,0.4037481082199275,104.71656389730607,97.62513448522506,1.139869891295893,217.23524350086976,148.53926409734083,144.07771294775023,178.0802118911186,140.14328063241095,191.67796831592503,,9.535215192903568,198.03252886043617,175.98186132797937,,,0.0415426458228407,84.54434661361242,11.292680696117555,993.8265555334845,,,,,94.48513262292406,,529.6471164102294,162.66296894663793,65.89020724432244,208.6317818819698,410.5099325226605,,120.308153181827,175.02008910347726,,,35.61177744329651,9761.186684451255,141.33082058380052,53.41325753368707,,160.15986462625818,0.3385446344224097,76.41649780659651,318.1301748195142,101.9607843137256,722.1353187656658,359.70304717847085,148.53926409734083,155.1000234520668
2019-05-17,,276.59796668577144,,,151.16908877221334,15.910012627782088,,,988.0254950927252,46.64758257643945,2383.6214725375085,60.410557184751426,,24363.635434810385,54.26636721527667,,106.46598928971788,,235.5684372126162,,104.7362555003026,79.48925934091568,139.1936724765923,137.40508418619956,125.09616015857408,0.0023897611449302,,,128.54411592501623,157.34885455343718,214.01055295679677,,4314.417553823476,0.4048440233303033,107.54444646978698,100.74127788133424,1.3059399221437549,221.25836900993187,149.68367714215768,146.51212124492096,181.25500235929184,146.41798418972317,197.24874730299885,,8.912952312827976,202.88015669189136,181.37826788156127,,,0.0493538900013916,80.07885908109785,11.481415374951762,1021.4708047902344,,,,,99.242965108433,,540.2562164305295,170.78001775931233,66.8088933251883,221.24363093241595,417.26588685262647,,129.25147939153388,180.0140613911613,,,34.850951187609645,10157.182086315152,142.52194036485298,53.55823999882764,,147.6173914073809,0.3778935908047834,78.43935849763116,328.1876545057785,101.9607843137256,736.701764176067,362.8848390444952,149.68367714215768,157.34885455343718
2019-05-24,,277.5628846738825,,,138.60517590295595,11.4248571202885,,,931.5613075021218,44.39410254482488,2470.4461525584497,57.77126099706811,,24428.255460811713,50.83914427412367,,106.18077716556796,,231.754441810876,,104.97832783771833,79.672979397702,135.78008250631063,136.20006602839172,128.14997371597696,0.0023585224673343,,,128.55074613101823,159.84238587339777,220.94768218267967,,4345.390235648915,0.433767518746091,108.59492455489776,99.89301395116868,1.338649223782045,224.20074901468828,151.0799801403231,147.7353302462444,182.61572493900977,141.5760869565216,198.31227069909815,,9.627745230089417,201.0518983368607,181.02679644088,,,0.0421602120577356,81.1932218268338,10.14583391654345,1017.454011173198,,,,,107.00048733180732,,512.1191072252358,167.11114073875902,67.50641423843827,216.96881314231808,413.45046412877434,,129.04812487041906,179.49156439189292,,,35.01654310579894,10341.41582026433,139.91064300323575,49.11566489928682,,162.4352973508141,0.3791571454662431,76.97316013622559,334.3128872809868,108.8235294117648,729.5940045426084,362.4055462096025,151.0799801403231,159.84238587339777
2019-05-31,,273.3128657056442,,,128.9113476674131,13.50159303248838,,,924.8940531353034,42.92211344970816,2366.5811147763893,57.4780058651033,,24015.252405200215,48.86751301397406,,104.46435854337044,,228.56465092703493,,105.0543559715219,79.73068071627836,129.02563386957954,139.58402112908504,114.65648996191372,0.0024209998225261,,,127.59547009923288,161.19402432560022,244.8664848939933,,4251.154126691756,0.4359414116973483,110.38073943678926,100.40066733276085,1.5351876755975828,225.5496928750456,151.8339850376861,146.7725748267546,182.59217154511873,140.6867588932805,196.33881492529173,,9.11782058226382,198.00481798566025,177.58367267971818,,,0.0387291638746219,79.57230782841222,10.148333329768048,1001.1639833873822,,,,,106.24045252922114,,495.8595835211693,165.09998877586995,68.72282266032545,214.70054247818447,398.31584775435255,,134.95276452268777,176.51728111831255,,,34.84548194080201,10242.945832536456,138.65079889193362,54.468210715508405,,147.51856338340176,0.3159190957153467,75.92445022716117,327.7034322743293,102.94117647058832,717.964931860904,354.45351368809725,151.8339850376861,161.19402432560022
2019-06-07,,281.7036939125741,,,122.14050588700422,12.085962977425844,,,955.2885581220536,52.11860655830938,2445.697061524443,57.1847507331385,,24860.96517138791,47.65678060863784,,102.71634173778648,,235.25104508487084,,105.18480438746094,79.82968414079127,139.72095663183407,140.04621987454556,122.88658661944524,0.0023741417316534,,,129.10135690274043,163.943901482343,234.09604189542463,,4289.375956553555,0.4372826534843509,110.34221635027374,98.16767605611986,1.9284619607440017,228.01907733069405,153.5374763999193,149.05268030791942,183.95567897703276,146.6156126482212,200.14960142884556,,8.482286701167515,202.9909494694427,183.4468700082882,,,0.0358947046037025,82.64617303989155,10.206328841093576,1056.2253598825191,,,,,95.49638562730726,,524.3426433121704,166.60525998150754,70.28799153883763,220.1094956003492,411.8153385471912,,126.57784815206293,181.65192803385867,,,35.877567055636774,10406.002819588784,140.7352563242767,49.5136849732179,,158.9136718446686,0.2940223649546513,77.35586222914247,337.94196851595603,102.45098039215694,735.0275591322074,367.48863807390586,153.5374763999193,163.943901482343
2019-06-14,,282.22782246341023,,,122.52510491813662,12.005914821842548,,,941.6740143006016,49.46778397123096,2521.567225841807,55.71847507331445,,24818.32415408271,47.39159124829445,,103.49174742130968,,238.72119901488688,,106.16967654279853,80.57714983735752,135.67744321792853,141.4988445031358,115.685366855469,0.0021710901038435,,,129.28047368931314,162.48739912770316,234.14223846941184,,4254.449084285598,0.4339093995636998,111.56077477596791,99.53479172760706,1.668906605688362,228.2192561902829,152.69969673160935,149.27050493708091,184.56591463016392,147.80138339920936,199.63315043151607,,7.754870580198485,203.5270396453443,184.21343039913435,,,0.0354331429979346,79.47383712678575,8.778881129826056,1066.206768186804,,,,,95.89593046875612,,514.1947594647529,169.8985130918017,71.39381737691689,219.41156616523116,411.62624855508767,,148.27944128566938,182.24477001325033,,,36.15156357328659,10532.0017081245,139.60140536209974,50.82593119192743,,163.0449580157387,0.3241718950089838,78.38966031278805,340.4878936740559,99.01960784313736,736.4210330513805,369.7676330774658,152.69969673160935,162.48739912770316
2019-06-21,,288.91655615878904,,,119.04254011662044,11.695257118840663,,,982.9635058036396,48.30652627057594,2587.7000428671035,48.68035190615895,,24890.62161968073,49.88498221787325,,106.24299786665394,,243.14352932813912,,105.1841429114067,79.8291821155721,142.23291007001373,146.74810168372343,115.59713958281344,0.0021086127486517,,,130.8725936606542,162.16114402262943,252.02686225954437,,4280.8087450363555,0.4335784792066683,110.97250961294962,100.64149246515107,1.7188612972837007,231.6306036781639,152.67176470599605,151.08118903041284,186.2923635598105,152.34683794466392,202.81512918490273,,7.380726727610469,205.3256665141533,188.60825918606537,,,0.0333058268129205,76.98437953891282,8.854657646258469,1100.1735359851505,,,,,86.99477892802246,,508.5443357809866,163.85156679332144,73.30774671205404,225.43120754312417,418.0569697393151,,151.6526199726532,185.2793402227167,,,36.786330063763785,10394.356237243011,141.2391939687976,59.251693652941995,,186.1105001632461,0.3271637415657092,79.27434962210889,348.052340214087,100.2450980392158,742.6065162907288,377.0692337717714,152.67176470599605,162.16114402262943
2019-06-28,,289.4926492217284,,,124.58278622443724,11.704753905625942,,,1020.2273365444292,62.6858151818113,2612.0434110972737,51.90615835777187,,25792.528193448852,50.78763415981767,,106.56192082283866,,240.75779850125303,,105.89084370289343,80.36553051014266,154.50256826085257,146.91317266424505,115.69254456155072,0.0026084321860169,,,130.77972016436686,161.28724260984552,250.8757382450002,,4328.915447679688,0.3421293996233092,111.27364153472725,102.46883467782834,1.830478923580412,232.72354193527713,152.3087335965945,152.81271282780818,186.2871587731187,150.691699604743,203.45343042762912,,7.398453555546579,206.11258399446925,187.75842777330055,,,0.0338994473335207,76.28981306173864,8.938804549762933,1078.5808893868716,,,,,79.27611115856705,,484.5585823294545,164.01654796041143,74.01377397790463,224.427933980142,417.4536165106575,,139.70916756687083,186.51526840553328,,,36.615020020721246,10364.708984955883,142.10726584011547,60.112931566754725,,183.12639658425675,0.2891968660061327,79.56261805392614,346.4197554901264,100.24509803921585,744.4210624216811,376.8603428500886,152.3087335965945,161.28724260984552
2019-07-05,,295.14739355573363,,,132.00250670991065,11.298303178105709,,,1030.9623334849607,69.09248029885137,2648.152740638693,48.387096774194134,,26239.661262095444,49.99901973618607,,105.3493058301497,,248.49687654944455,,108.0121128385084,81.97546120364822,151.38360973627783,149.71937933311264,134.5038454688414,0.0024990965909947,,,131.20428616488792,164.53816582196063,256.0028670589841,,4431.717963721041,0.3703621044783817,112.82484494243042,101.75445005353625,1.7518466742251892,235.5722090947859,153.87258613665404,153.4212539054157,187.9041544308215,156.1017786561264,207.77300273489016,,8.415783361531128,209.6255471989486,191.0355063680468,,,0.0346713466762054,73.27979229924348,9.035726276879965,1111.8226362447306,,,,,81.01209038550361,,498.05050134786154,164.68958279468325,74.44759796053572,225.60568990190367,408.73046600731067,,180.46463124709095,189.2684893592753,,,36.58816850767626,10683.412112831056,143.47501966675543,55.52937258740116,,186.53421693664893,0.3187537058241099,81.58051129644238,353.7347138982473,102.45098039215704,757.2030173088992,385.96787091726736,153.87258613665404,164.53816582196063
2019-07-12,,297.58493177918143,,,133.98103905842004,12.126211352917723,,,1026.5131140168612,63.158787872681266,2565.7910114599504,61.87683284457552,,26223.612476114533,52.26696752986486,,106.73229466215506,,249.86166269874963,,107.38101890024944,81.49649439805528,157.09791376989878,148.4648398811483,130.93653951537527,0.0025771933594632,,,130.899134729566,162.53401715961067,248.92305915651107,,4371.7498963996695,0.3693330095840215,111.8023855904247,104.51584306062612,1.7601791309936314,235.27484729207777,152.69969673160935,153.3364519880244,188.63293859056463,158.39920948616592,207.6388919380959,,8.214217664966839,208.33276644781577,193.16155796580284,,,0.0332764239538598,72.77177035027425,9.065380150551436,1132.1078280120776,,,,,79.98641021925705,,488.2487219103336,160.00177580053892,74.85590288536498,225.78017226068317,398.4044092955426,,179.96318893324909,187.5200915566586,,,36.41710734267935,10594.47132281196,142.68682239643186,60.56649151355846,,173.66449052174647,0.3609126370385191,81.34691797785023,350.57558152710135,105.88235294117663,752.481203007521,390.833078556855,152.69969673160935,162.53401715961067
2019-07-19,,294.64787337311884,,,125.96928039902818,12.62273568617281,,,1108.6010770383036,66.82077195570668,2592.568716513138,64.51612903225885,,25190.861663667143,48.731774094009154,,109.23923991226263,,250.2531129896356,,108.09565927013762,82.03886851126161,150.5551517624004,150.11554968636452,124.42630660822768,0.0025303354175483,,,130.7929906988227,165.06250311371707,240.56898047412415,,4367.136875324986,0.3488424991740203,113.0454470500662,102.40086210258356,1.7671871241082198,236.22739534296912,154.3194026699491,152.80113245342528,187.84412386709172,160.02964426877463,206.57052262402811,,8.51579488236621,208.360880445336,192.87854101311825,,,0.0347852154627312,73.14545097310346,9.073808689471948,1111.8931247721457,,,,,75.29016879094898,,497.7045507621541,158.73309478059682,76.18289389106009,221.50535447058525,397.5697597177869,,153.2694975591877,187.85168503641617,,,39.2403586466182,10611.41233359252,143.3127445384533,59.541227881346,,165.38557364612728,0.3417825818206638,81.36182980326907,350.0099685921765,110.29411764705898,752.7518992794508,385.4485090027679,154.3194026699491,165.06250311371707
2019-07-26,,299.2982734075032,,,126.60359581294946,10.974208850877137,,,1154.604730403136,86.34293838178395,2801.5159604887663,77.1260997067458,,25853.74784543478,50.14324869716992,,107.46225010974794,,254.6331243525218,,110.5100815679904,83.87128689662154,166.43662835606722,149.75239352921693,120.06121876440967,0.0024990965909947,,,131.336961142091,165.49362212122813,248.53477621744537,,4365.15998121198,0.3455806187415758,113.9208454543252,102.32069984769365,1.8408798119850136,239.31612914158737,154.71037645791046,153.3611946799818,190.28343886887137,163.6610671936758,208.19082760579707,,8.746312915321129,209.82225941588695,194.75782265874477,,,0.0350321449528423,68.83956210451178,9.051881573719845,1158.472920408038,,,,,75.11516088818142,,500.7028404463458,157.2951078660838,76.38704635347474,222.2905250850931,402.1187413930314,,148.26371166690382,189.8713893829043,,,39.537974297817925,10374.23818266466,145.20209572844553,69.39350941122787,100.95259302892484,157.58784376225796,0.2921141299244105,82.81808852770605,351.5522206773675,105.39215686274524,756.8020148026337,394.6074634441446,154.71037645791046,165.49362212122813
2019-08-02,,297.77313843501184,,,119.50578360554212,10.484406157076997,,,1117.4590215957471,72.32887383682525,2937.4330997738844,68.32844574780141,,25640.929322409655,50.253734590624155,,105.80274527468272,,251.766015465222,,113.19088301839652,85.905872921441,163.0538311968363,145.55959062396772,130.34501078138112,0.0022648062855889,,,130.45465786613516,168.82892158639638,248.54804169009256,,4257.744041879442,0.3473899785111707,118.19279394151532,103.05298586950416,1.6495411842410297,245.293734942407,156.44178919281055,155.37157010642838,194.08626526575136,159.5108695652173,209.57445260868397,,9.233311056791916,205.6067035705117,193.024226851463,,,0.0375944005244489,71.74655182788848,12.346049819156075,1152.5438422347618,,,,,79.61388446320899,,477.63962189003354,164.91461946849498,79.40680152669118,209.6841746632736,374.6374880108262,,156.22263091933505,187.8215415684732,,,38.94572649686791,10460.00289572826,141.12202146304384,69.75683367593024,99.78917446941549,149.6962575704074,0.2836327611817987,81.69979641992947,357.6009626567347,100.98039215686288,742.5664258302025,392.7543861533843,156.44178919281055,168.82892158639638
2019-08-09,,295.1235499932229,,,114.68983861117545,10.878285582253133,,,1092.1063196016974,72.30209277421217,3012.140321175274,68.0351906158366,,25142.640746963163,47.620568619911566,,106.13253280101952,,251.33224622396995,,113.60005854138792,86.21641542754503,161.9453471485504,143.34763948497792,125.4709377430726,0.0023429030540575,,,130.26228066755843,171.91559724275865,244.4830263838717,,4098.927246742731,0.347261351141876,120.17469721107956,103.4147630462334,1.3795686119330586,247.23500633831108,158.22905532599094,156.51305495537312,193.64334365159615,158.42391304347817,208.08157543212337,,7.59906173643103,202.59962078998987,191.25059942774683,,,0.036998032012747,68.86883276013235,13.851864890769988,1157.507806835621,,,,,77.66756062414557,,449.38709327338256,161.17412348138726,83.03901408715151,207.02331869188612,364.69804462790546,,138.21480702600894,186.49518298182764,,,40.87836771452014,10404.503247624534,139.88177078625998,61.01462738938551,99.14108999718344,144.18918022323163,0.3669185448637031,81.59542312186124,358.31717524310795,98.03921568627464,727.2080102600271,390.33372091199215,158.22905532599094,171.91559724275865
2019-08-16,,293.3486906341602,,,105.5410223010486,9.713954564535843,,,1088.5401287175737,63.53700234045965,2973.2131914634456,74.19354838709766,,25336.027047310483,47.761310047977254,,106.668051659123,,248.3487602231635,,119.63763016600213,90.7986118634003,167.88161704964904,141.58137999339655,122.08253302622644,0.0022648062855889,,,130.01019112515618,176.90359089098862,256.58616641337414,,3988.965753313112,0.3467750463411641,120.54586527960409,102.7918677695366,1.3888307455546238,246.43484802598573,160.0721748574515,155.9447992531233,194.42120903793332,158.00395256916994,208.87295042515825,,7.031285037183299,199.59252085632735,190.91927610299,,,0.0333879298621696,69.86783954066152,12.287525808942776,1153.1055764468608,,,,,75.17091904012962,,434.7420569106781,149.3427681762679,82.80934256693506,201.6123229582806,350.85700192198516,,114.71896215464376,183.17926351663692,,,41.2600221974936,10695.859471228743,137.65627573240445,64.41085200306968,97.96204568557674,151.15904470214656,0.2864615067683158,79.94035269832465,358.99920980606356,98.03921568627464,713.5037789786988,387.9910832179168,160.0721748574515,176.90359089098862
2019-08-23,,286.2596773306502,,,104.19212504083669,10.17466434783547,,,1064.7022921526925,62.53374851357422,2996.5694692905427,77.71260997067543,,24684.045044232866,47.34577417471328,,103.42561009536033,,245.37585395994847,,117.13280387196686,88.8975816428771,155.47526485989866,139.31990756025036,118.5738578051212,0.0023741417316534,,,131.2905294551733,174.07511869144284,247.77692400011537,,3916.8278086350106,0.3412994434720528,119.57942202177716,100.66928643563844,1.4557132816890683,243.33962885572495,159.0668349943009,154.9993791917907,193.5824007899844,156.62055335968373,205.0451328919104,,0.9285318289513634,199.08665758551044,187.79925867360893,,,0.0345455193124477,70.81915832367517,13.663873101864866,1115.1134179353123,,,,,69.86059982293497,,432.4356683979012,146.00439074495196,82.85187432993811,201.03578089966695,354.9046281659768,,114.6717202021187,182.9179996846182,,,40.99224156078828,10693.72523614185,141.28429659134588,63.39380002729711,96.93916953684864,136.7902257859725,0.2688247730069912,79.65207952657559,353.34450188522857,98.03921568627464,711.278195488724,377.40455924603407,159.0668349943009,174.07511869144284
2019-08-30,,294.7006375667009,,,102.47550162578727,17.351882273175452,,,1135.991573678441,68.39624449199312,2998.618265591165,75.95307917888657,,25603.195066112028,47.88350860299437,,104.42272420077042,,250.40651918471264,,120.99030178764684,91.82521783496573,161.31202939232406,142.68735556289153,117.29746504915228,0.0023897611449302,,,131.85440063889945,177.25568814195748,255.8062483009994,,3950.225042993491,0.3421880152841409,120.6684125073878,102.67693927582738,1.5950780064473535,246.56824292646297,160.9099545257614,156.05076132615903,195.12976803193516,159.4614624505928,209.13385048603112,,0.972990387716963,202.09374036603225,191.93471768806168,,,0.0368681868508276,75.89293515677053,15.274191201073004,1158.6663432847968,,,,,65.16041568785715,,444.6592557595633,143.50440673789524,83.69400323739845,201.8340699039012,367.1745709317241,,123.8141367634066,185.51044525440784,,,44.19864365107248,11090.737790986082,142.2695409684175,58.40542549872863,98.836569526078,125.06662713814384,0.2629511591038975,80.2783287948486,356.36416900506464,98.529411764706,722.5263353696764,390.0046728291892,160.9099545257614,177.25568814195748
2019-09-06,,297.31312031719006,,,104.48247811412878,16.61307670084057,,,1203.9675602213092,74.09592970489493,2972.803432203321,74.4868035190625,,25481.997489244593,48.905875878506954,,106.515216811937,,253.48522282384272,,118.67736368930048,90.06982057104115,157.13633041931067,145.8402112908545,134.73357676141808,0.0022648062855889,,,132.02024689101628,177.1265864135493,254.76066905832147,,4014.34756988934,0.3421880152841409,119.20825395325258,102.59118876405635,1.544770403793961,245.76291175572223,160.40728459418614,154.06452629889304,193.64307126407292,162.82114624505925,210.27536656895327,,0.969751658395834,204.62307387325745,194.07289736750312,,,0.0385705390431913,74.59306533516738,18.19737520110842,1156.0520778087684,,,,,65.59884267362128,,453.7691340256763,143.99991155966174,82.34149317390153,200.4148894519292,368.56559949659993,,148.57696200754566,188.48472852798824,,,43.61832985592024,11077.930431391587,144.7036767362801,51.53420047519075,100.17958594080253,112.87582704994372,0.2569892778912603,80.97911823048861,357.09888978324386,98.03921568627464,730.0551182644133,392.5414979992113,160.40728459418614,177.1265864135493
2019-09-13,,301.50228267584447,,,104.9279690647854,20.16975198590192,,,1257.5330283095775,77.4955055906845,2805.9035636416206,75.36656891495694,,26575.465262360045,48.54049867416745,,109.04609579165788,,253.36355584154032,,112.2798987869686,85.21448423772726,163.74485198207827,147.3423572136013,146.87170487632508,0.0022648062855889,,,132.2325349525028,170.06123510217213,261.2697082388847,,4190.871848310782,0.3446340585959708,115.13940388001932,103.7420093731163,1.579842947720815,241.40777152375676,156.637270760318,154.64205511495567,193.7433346544361,160.44960474308294,217.85145185477967,,1.0772964809731065,206.9969357421788,195.480979451054,,,0.0364409103462932,81.03271139477768,21.25073534653301,1140.752348546087,,,,,63.6886435222541,,479.60005981710265,152.77935378311034,79.934195387929,202.45496135163896,386.5949711927617,,146.0761956608894,189.20820242338928,,,43.614848598379545,10481.344481581791,148.76057263049492,51.90257949716839,100.5934211473198,118.9132346577866,0.2455533939242959,82.19681618781499,355.72422120357714,98.03921568627466,738.5964912280725,396.1451996098472,156.637270760318,170.06123510217213
2019-09-20,,295.0830212508497,,,97.24852017587294,18.055556212573237,,,1234.050434244462,72.70854644547784,2936.7446173123644,87.68328445747906,,25487.969918010785,51.14755000009023,,103.77243649058651,,252.28442260720604,,114.12294704103122,86.61326004792971,157.96318080076458,145.4440409376026,172.65175467998122,0.0023429030540575,,,132.31877824278814,175.69473739244336,249.18818756763673,,4111.86733114367,0.3357808357552631,115.5000675951334,103.19484228959368,1.5999624219168336,239.6401304172983,159.62535832415634,151.81711039061062,191.33986873387855,159.95553359683788,215.417490394253,,1.135352493349448,206.1142872591463,192.17369359010848,,,0.0353517721266179,86.8950348965522,17.86974898949352,1140.2683735413543,,,,,62.07649543512685,,457.113323020848,146.08967370047446,80.14685420294423,207.8655868247824,384.57591912359914,,144.05933179059076,187.8918865485966,,,42.97461286109472,10234.813042021746,148.41283515937258,55.62619304561862,100.07027120539064,123.38849291199728,0.2489443820675597,81.68986152289261,353.7069687167144,99.0196078431374,736.3308172775714,387.97037537600426,159.62535832415634,175.69473739244336
2019-09-27,,296.35181975496687,,,87.76193712177253,19.926178238539812,,,1236.0418335894262,87.57046543439375,3025.252617499259,78.59237536656987,,25803.680738546223,50.03135552347562,,105.25515132645693,,253.8925427211159,,117.13172332682268,88.89676156645957,144.3541620368849,145.65863321228073,191.685943767126,0.002452238500122,,,131.72836599015028,179.00442647977638,258.8074192625324,,4169.978600463643,0.3391863138759759,117.94067877364812,103.38154915143944,1.5925117851049515,241.9354801302279,161.5382972667037,151.58743260746377,193.59104057399577,161.4871541501976,217.391291988496,,0.6575283321387477,208.6483521114863,193.9976375571676,,,0.0390733635450313,88.45259344323622,16.62596010704589,1143.9183308355032,,,,,55.5255665046094,,456.65215812269304,165.8542622442853,80.72528617978567,213.6310074109189,383.6602668742116,,136.75408674151734,189.1881016672992,,,42.10612864008422,10496.286076263184,147.39027278755574,63.0013021266774,100.5699974121896,117.9891976159389,0.2547349468133908,81.77434606716002,352.8475867051395,95.58823529411782,744.4812225877218,390.0568074560291,161.5382972667037,179.00442647977638
2019-10-04,,294.65103146000035,,,82.6242052199876,16.60168198618835,,,1229.4647705464808,83.1296157436298,2867.495302351322,79.1788856304995,,25860.34035302936,47.67649819453015,,102.68967309763262,,249.613038865349,,118.88510476582624,90.2274850228476,139.71079430484986,144.09045889732525,195.9207457218197,0.0024678579133988,,,131.0251693783152,180.24848791257756,258.59039436117666,,4020.3592351463008,0.3383594464273152,119.70897927584498,102.7026097289672,1.552208825700956,242.4602708397882,162.47381771876738,151.23760636468552,192.20128628103,160.17786561264816,216.2772121775611,,0.674136785922155,201.30238455257276,190.33501694993373,,,0.0390405982831498,93.28287520112404,18.025336703318644,1146.1955185082572,,,,,55.30004075712428,,420.903982207654,157.50674516222745,81.524883324243,205.6924667577002,376.97204107463216,,132.92274434634135,184.3247612956245,,,42.307024819575545,10248.68654462312,143.69675428711722,62.84771772830797,98.82875962863254,116.43909353757748,0.2475983386423185,80.23359331859207,348.6426908910534,95.5882352941178,717.3333235432356,388.4428087216891,162.47381771876738,180.24848791257756
2019-10-11,,296.2224306596778,,,82.78415844441608,17.728643438843466,,,1295.1144775227074,78.53196632519118,2833.895043021111,78.59237536656987,,25671.388312515915,49.2026143146803,,104.90762106860684,,247.01042341783688,,115.3815942960224,87.56850651528538,128.56522751178557,143.67778144602116,263.63984189649676,0.002452238500122,,,131.74826673060812,171.3991903291257,232.8218044674104,,4110.0134820471485,0.3367690849091073,114.2710048160288,102.98106059721744,1.6021151335824706,239.71141771186265,157.5029824542413,151.39258471522805,191.8492321174152,159.26383399209482,218.499637118802,,0.5305019184783429,203.97883056304408,193.69601949579896,,,0.0319469722061938,91.63673050813628,19.45687305949241,1150.6718136784666,,,,,56.49489850146951,,428.514818181126,155.71477494403837,77.69702465396864,203.16455157762493,390.5106191913897,,161.8909514052799,185.40997213872603,,,42.2918584342827,9918.91019130856,148.55910922348804,54.0993019285991,98.17287121616128,103.99518152978938,0.2399495630382757,79.77136465006261,351.548913868257,94.60784313725505,726.5263255795765,387.989802521159,157.5029824542413,171.3991903291257
2019-10-18,,288.09505186721066,,,79.71708790166733,16.822974499303154,,,1220.05791430942,76.57205171975974,2774.8897095631824,80.64516129032356,,24883.80257492675,46.91384998145277,,102.02774012198464,,243.78889332122128,,110.48360037989724,83.85118908027383,121.38491672755718,142.241663915483,270.7497915028072,0.0025303354175483,,,131.99003975477146,170.8593233982622,218.59926435970303,,4070.767058072896,0.3283643717832701,112.63926090816818,99.5472212647411,1.603965588732988,231.97447551399975,157.4471290559611,148.13966788809986,185.96410385201423,155.45948616600785,210.9573518113398,,0.7006436269678489,201.3308503571644,187.092594675306,,,0.0288419873058015,88.2033729644497,14.627054216004437,1093.66944724057,,,,,55.355689807053466,,410.2948821873539,150.79639580922515,77.18664349793205,198.68526327608816,383.7327675237967,,140.87746215931435,184.2845597834441,,,41.89205406456695,9874.086381800966,149.65780940935463,54.39756528401928,97.0172506396848,97.62638565039016,0.2434458936369103,78.99104863881001,343.80806923517866,93.13725490196092,716.8521401159171,376.8718684958412,157.4471290559611,170.8593233982622
2019-10-25,,292.4146485004048,,,86.2539567573452,15.756848144054148,,,1273.0528145273202,68.43113916429371,3025.2526174992577,76.53958944281618,,25301.88180199157,48.85847792178661,,104.08859062024922,,247.1056410561604,,111.12339296239116,84.33675769518489,129.23683069210182,144.55265764278576,266.4339156140125,0.002811483664869,,,132.1808153575889,172.33811036223918,222.55000047031288,,4177.6791606254765,0.3286694607938938,112.6882883480942,101.00713430069072,1.5856557461789034,233.04355531718733,158.20113395332405,147.91543888621703,186.91077870189693,159.0662055335968,214.35865340294492,,0.7069025595736464,206.14275306373796,190.77075633377453,,,0.0019439464195279,89.28102635615646,11.78679217698269,1122.5657650862368,,,,,62.35883055896353,,413.6799045870284,150.82253584266155,78.24993757300825,206.2690088163138,401.63085821878167,,146.10504669961443,186.9674510894473,,,43.54672278603552,9885.825649315444,148.5824909460147,46.19839218054775,98.42273431956072,100.1002383287194,0.2436720834224425,80.17892294529874,347.2071624208453,92.64705882352956,734.2857142857166,382.30125874331014,158.20113395332405,172.33811036223918
2019-11-01,,294.5174635448819,,,96.02657628493644,17.842035463505784,,,1279.3050197585376,76.90451179534375,3058.8528768294677,77.71260997067544,,25585.334575665293,47.68187541341138,,101.83207874782474,,247.89912137552383,,110.72787134394736,84.03657777798968,131.73206781880722,145.06437768240278,259.7039795791915,0.0025615739461864,,,132.0854275561802,171.70434963722334,228.01133056610075,,3984.1550720923383,0.3297900622461782,112.2470841328226,100.30217039414708,1.7345452944456334,232.0117395272689,158.00565238581655,147.77772378053612,185.1208266524556,160.3013833992094,216.46529600781383,,0.6476949204286568,205.7156617245175,191.3187813158943,,,0.0021771366447519,88.20416712658337,14.511064696353454,1137.613551189388,,,,,64.44056561318064,,420.5281828073513,149.77271872182845,77.74806276957229,200.50358823017737,402.4758788766701,,143.19380971928342,187.4095603967395,,,43.531307522697055,9924.313885121592,149.4941819392396,48.011472495792184,98.7975259960568,106.45028045032878,0.2508535043006468,80.58648124053485,353.5099361653376,91.17647058823545,732.0701656484986,384.9334674595136,158.00565238581655,171.70434963722334
2019-11-08,,300.6506255514943,,,102.73514863844046,16.96742399765779,,,1296.9710954053628,74.91876002358102,2981.81813592606,74.78005865102732,,26562.647126262113,49.27214561368343,,104.59003956546351,,252.86101830594325,,111.18813560447,84.38589392448809,126.93472670720422,148.86101023440014,253.1093624913907,0.0024366192358029,,,132.07179775698162,167.39707256529044,223.599618624814,,4030.167650925897,0.3331748871770442,112.17004864580716,101.55501250966913,1.960056887438666,232.75363545072275,155.40852795699317,148.046412046296,187.1996330499238,164.64920948616592,221.1188163291021,,0.5303099535152468,207.50944187356515,194.603211504578,,,0.0018009699582934,87.97513600079043,13.175027809383158,1169.7753150814417,,,,,58.764133858528936,,450.82295366169944,154.60518353988263,76.42957811647778,207.6438398791617,436.4076445442556,,141.21912444418408,190.00200596652917,,,40.381097238959086,10059.880605023583,150.8967910128669,43.486561296025656,100.67931214760144,99.17087070802629,0.2855077466852042,81.85387264277259,358.1295431317447,90.68627450980406,737.7844513627842,393.0672405190061,155.40852795699317,167.39707256529044
2019-11-15,,299.12523126180196,,,108.17393971375522,15.874806675118473,,,1323.9488154744245,73.35959819284639,2969.9351173824493,78.00586510264024,,26165.80092316645,50.06872648993333,,102.13246541235152,,253.4905126926383,,110.91987159549396,84.18229577903722,140.4977336361291,145.9557609772196,241.79689409022384,0.0024209998225261,,,132.26257335979915,168.6763419323475,218.08752090415905,,3881.9800626384704,0.3262410622327678,111.82886212462589,99.95202369778208,2.0970226579499656,230.9619231379095,156.25909032991197,146.51139817002158,186.3162239177228,166.47727272727263,219.371539568702,,0.5801406523621891,205.9434402964235,195.0380209500634,,,0.0016498372152703,85.74215614111573,11.588853444790088,1192.4153419659488,,,,,59.07139271324235,,425.5193524430533,148.7560971274293,75.70653814542597,207.90393948082024,437.61737859153095,,124.78941662405124,189.15795819935613,,,40.52207451141596,9829.63352046898,151.3409367307017,45.85705195128949,100.343552086714,85.07913186328199,0.260719127159106,81.71967569386669,361.1706766442731,88.2352941176472,732.1202909617817,393.41315951029486,156.25909032991197,168.6763419323475
2019-11-22,,297.04818415777015,,,105.84421909579962,15.219560875547474,,,1294.128299165259,70.45422227633908,3039.594191603616,75.36656891495693,,25877.28421900689,49.70525667949775,,101.83118486630048,,254.05123878498844,,111.22555504661422,84.41429329514332,149.27509537803317,145.3945196434461,223.0649296914929,0.0027177674831236,,,131.94234065582182,168.58244813819513,209.6885802818238,,3923.255961371841,0.3253699708627251,113.01615769752236,99.20253408243876,2.093938853729246,229.29306758523936,156.34341008123792,146.88549110104253,184.8905320948255,166.03260869565207,217.78484192347673,,0.6463420371064366,206.93998675460455,193.23345782467996,,,0.0015259726134662,83.74379094072061,10.089474812640916,1189.9275709995418,,,,,71.80492692100106,,425.5193524430533,159.73530381473137,76.06380495465159,205.5168275240431,437.304017834981,,117.72885160122122,189.04742703943697,,,41.251569449236506,9718.813184554432,151.85522761611642,52.26812400833301,100.49191035214712,94.13614797829231,0.2568896151114002,81.59045567334277,363.8395238924031,96.17646909227572,734.5162711466187,390.974235663285,156.34341008123792,168.58244813819513
2019-11-29,,298.9830661918206,,,109.75566101667472,16.30410880189446,,,1309.1590903048188,70.26624002623964,3055.9845620085966,75.36656891495694,,26169.293043972557,48.92048692734398,,102.01161358979058,,255.42660467188503,,111.9759684780058,84.98381726347557,185.65281864569872,143.69428854407334,223.9729321772435,0.0026240513013782,,,132.80765096634502,170.75369959549457,210.37716729700412,,3899.572973869426,0.3245018358204041,111.91038168529124,97.66930989938486,2.11369799251152,229.2733995354588,156.87738514217784,147.4727344573683,185.92219795841615,168.10770750988138,218.0019810272845,,0.6115464029748106,207.65180565330533,196.14245715367292,,,0.0013517087769655,81.28550192749415,8.651288918567158,1204.8197963463945,,,,,73.04129272765702,,412.98346951377533,159.9889734242811,75.34927133620036,199.16620892205097,444.274554867133,,110.70532660339089,189.06752779552713,,,40.74410407909901,9851.151517217157,154.28640954305897,48.87062642404351,100.67931214760144,90.09213438096936,0.2687023838923099,82.37077168459538,370.65124988559546,94.60784313725506,736.4912280701777,395.04632150592846,156.87738514217784,170.75369959549457
2019-12-06,,294.6529973289331,,,115.62554008959631,15.565250185745436,,,1324.930077489423,69.60908259614091,2974.0327099836945,82.11143695014763,,25950.27961464637,50.24492310081956,,102.34984552823154,,252.31087195118468,,109.12576070307468,82.82066082910848,186.03944553138197,142.9844833278304,198.05240231821327,0.0028583416067839,,,132.95073786670346,168.54724020393928,204.75948560746477,,3802.134644515747,0.3214669674054949,109.9965269392891,97.09680697813508,2.244828623754408,226.04580082971145,156.11857170554708,146.07314802150472,182.88316267818072,164.64920948616597,218.59554789374704,,0.5656449623364154,204.6337004741706,193.4723070712572,,,0.0013745980258447,81.57585303372844,8.55602760234309,1185.228710864813,,,,,69.74796028236608,,416.4656190746806,170.6150304131268,74.10734385651135,196.4638180275862,438.4573435358335,,111.33163149393803,186.7262880135188,,,40.68095279256948,9793.051354049558,155.54875503406925,54.86871011398053,99.5627351011462,90.61488330637738,0.2599990291815569,81.86878446819144,367.1540353667755,94.31372249827682,725.7844807330849,388.2835746703465,156.11857170554708,168.54724020393928
2019-12-13,,291.4563736926313,,,123.09883638115318,16.430971904873168,,,1340.6661990573157,60.956879170762214,2957.23258031859,80.93841642228838,,25654.25830561656,49.65099729934547,,101.93225954837884,,248.84600788996437,,107.29104405348043,81.42820826452095,175.67207453625505,144.73423572135962,207.8508637268252,0.0028271030781458,,,133.82966757993464,168.50030226106816,199.66934766392092,,3888.069725911405,0.3182296380214365,108.2988823588304,95.94701062422962,2.3675261092313127,223.58289640218183,155.92184348725954,144.5149670837438,180.0002967603431,164.40217391304344,212.64944180004807,,0.5523443560321878,207.6608940207689,190.83224835345763,,,0.0012919402843539,86.87674398859465,8.370199426149355,1178.561531953277,,,,,80.56566150786871,,398.35848780762313,161.63141623867875,73.69053257908146,193.8965466778447,434.90498103009594,,111.8553983265542,186.7865749494048,,,40.665786407276634,9780.140752494097,159.84652690593592,49.523553314929295,98.75848842324186,85.19290674961894,0.2481880999449655,80.91451296015842,358.3756112779357,94.8039185767082,737.1829476033856,381.9122339811671,155.92184348725954,168.50030226106816
2019-12-20,,305.29220206622364,,,147.7637125402209,19.222290566555724,,,1405.4400756252664,81.87860736497227,3199.4003030521744,77.1260997067458,,26667.295329420853,52.356659134959656,,106.92442759317557,,259.88596406670763,,111.6926608977794,84.76880184584114,193.95363385875467,151.8818091779459,224.670901698316,0.0029989160283598,,,134.44288378598276,168.07778914158754,201.56015308934957,,4061.294110871044,0.3277124953724681,109.9823580890209,100.5749358355896,2.13982551995382,232.94133273790857,155.80942429941413,149.24409956757563,187.65337467237995,172.2332015810276,220.47198234984631,,0.5764190876561399,214.32258538537812,200.8623296224845,,,0.0016882232050257,86.57651574388746,10.132604866245524,1242.7496578811797,,,,,79.7510044394238,,403.8138958814395,181.1176007312934,75.40881580440463,201.0578825481763,449.10133545271015,,132.12804050470223,193.3380261878101,,,40.90273348220689,9397.112157652078,161.11664568221465,52.64443212688237,102.82657524023028,91.8582708303983,0.2587391103739819,84.09045685832572,379.7948164346113,95.58823529411782,760.1503759398519,401.88424423114685,155.80942429941413,168.07778914158754
2019-12-27,,308.285139037657,,,143.97815588795973,18.920209713991415,,,1416.6273374458694,85.40617596171727,3173.5854696643296,80.05865102639395,,26678.484237168323,53.91026954609989,,107.73339978758015,,260.53661792858566,,112.19842965927536,85.15265349355418,185.47348385402316,153.13634862991026,214.5310082138222,0.0029989160283598,,,134.77673589266806,169.08712504321286,201.7963066426248,,4045.0541828128344,0.3308033806032541,110.0142542259988,101.97277052691832,2.2163125090587306,234.46489808522296,156.42771911168003,149.37592782552557,187.78256178765875,173.7154150197628,219.8949474250244,,0.5212465860139489,216.447423583728,202.4168216105392,,,0.0017041122820218,88.96219542704156,8.70500316374279,1256.457287135305,,,,,79.92938580715638,,407.06384880720566,185.77159060899925,77.05054185632231,204.07555238032856,449.1551185460242,,140.2139403956447,194.9055478503842,,,42.796340302970755,9502.55250314598,164.55066254629256,53.14095850302542,103.20917085696554,91.44111910349204,0.2707352857372607,84.16997395407472,381.4933875978742,100.00000000000016,766.406005247496,404.7033735563086,156.42771911168003,169.08712504321286
2020-01-03,,304.10644104694063,,,136.53034074132756,18.6320109823323,,,1414.9015808181337,87.6345570613659,3155.146302958726,67.7419354838718,,26377.892861156583,54.24297551274916,,105.04657048151458,,259.92299314827795,,111.18388650309004,84.38266908204986,174.5629575729527,153.35094090458838,222.3894524193331,0.002811483664869,,,134.72904719020903,170.5659120071899,198.64086404240712,,4022.048099895318,0.3288283187440124,110.6415665517294,100.90523260892184,2.254945132169727,231.33625467813692,157.1584223909075,148.74986136305043,185.88495246334992,174.5553359683794,216.79599652688415,,0.5612898511682235,215.9305719963315,199.4728800433599,,,0.0016261679988806,89.05453728628058,10.140483894823973,1239.4241071586578,,,,,77.58735909891608,,393.367318171921,181.69076581004876,78.8028504920479,207.04818236423975,439.7451482598058,,135.97736218576725,194.1519304870401,,,43.717286194941174,9375.593178436691,163.20998460658512,51.17294189198272,102.99835724079358,86.63380089569698,0.2659528110488699,83.74254586476492,374.45155287476246,99.26470588235313,764.1503661497518,399.4343786785126,157.1584223909075,170.5659120071899
2020-01-10,,308.49370219229456,,,142.27710288326193,17.20886765280213,,,1419.1658771657285,83.8091331831426,3132.609543651879,68.91495601173105,,26596.06432266997,52.46105397592581,,107.2555320312832,,264.12843884090415,,112.37088380862048,85.2835370403855,185.84149377588056,155.2327500825349,213.5268281037249,0.0028895804333376,,,135.13784759775046,168.8993374549081,207.5613787518078,,3955.735404489734,0.1854957476070659,110.93219022097163,100.793263581935,2.7291504404327833,233.51060871516248,156.42771911168006,148.80898752700028,187.45543354944735,179.3478260869565,218.50688498854663,,0.5532590257794849,214.66714142648263,203.40540803112796,,,0.0016433539461821,105.79475794153656,11.589125438035508,1268.6367388407791,,,,,74.61273221594656,,396.1531874917368,184.1315435744311,79.53439681570033,203.8953929873643,438.6418162197974,,140.94792615708351,194.24236089086912,,,43.00594114386291,9262.621239340766,159.9641374748863,53.77686044657383,104.27109053571482,93.96727587326708,0.253170057672705,84.00596283419473,382.50224690155943,96.56862745098056,760.6917195332104,405.74601835317463,156.42771911168006,168.8993374549081
2020-01-17,,313.2620359113786,,,145.14671807208364,17.239061008936318,,,1433.8292951634446,103.3681640266642,3228.083451260889,62.46334310850517,,26998.55413042927,51.68499463397005,,108.1946636472075,,268.33388453353035,,113.99619935713156,86.51706528262868,185.47788063504944,157.24661604489867,245.10610284761495,0.0033581610441491,,,135.13103789639644,172.34985827926462,236.0850726825338,,4019.341307552776,0.2099720404686425,111.1306622838892,99.394996256648,2.960265420820571,234.2092365887713,158.50743120328477,149.46455171967162,187.65745192109827,183.0533596837944,217.82670072222737,,0.5991649248245436,217.16527787892855,206.04104264578945,,,0.0016595670422066,110.50314148475373,11.600748877903596,1313.0696146298153,,,,,67.89289612115391,,392.2066446605537,176.0045173095503,79.58543493130398,202.54419754013188,443.5782323985821,,135.06549130572972,196.71423258888683,,,43.350549219214926,9468.12292237513,162.2926795923039,54.109115594179514,105.69219401048176,89.92790284311621,0.2484446277617246,85.32305716120737,389.0318827300215,97.94117796654812,769.3834684367193,413.4616625226627,158.50743120328477,172.34985827926462
2020-01-24,,308.2845453724497,,,131.6961310535002,18.574155191389043,,,1417.4519730606637,115.60323473045892,3138.346173293621,63.3431085043996,,26523.315593092455,48.097548028336035,,101.51064590344704,,266.87917061469733,,113.1943547177347,85.90850775698793,171.07680556031542,152.95477055133648,242.24309933458184,0.003475306196852,,,134.75629639211544,176.3285160258693,240.71850652340552,,3920.5495820278265,0.2075194263455491,111.92455053555948,96.3271212473842,3.021235158531163,232.6795554764253,160.1936761374305,147.36410661893103,185.774336028702,186.1166007905138,217.5812652401765,,0.5488558541246854,214.8681441342867,205.00697596543404,,,0.0014199905086859,121.10466518525044,11.485082577086716,1292.8114023351186,,,,,69.44754973324146,,381.8762426846866,172.83708014619626,80.09581608734054,197.0042962064792,441.9902385891913,,123.47624792880828,194.3528920507883,,,42.795095912742624,9627.359242206674,161.44593374145143,66.44122343521495,104.81767612718676,79.24440009791748,0.2517587778073321,84.23458870426849,381.94691226766435,93.13725490196096,760.5012531328346,407.9365409885182,160.1936761374305,176.3285160258693
2020-01-31,,300.6973286321629,,,121.35908173230632,17.062497575841416,,,1331.920832626274,132.16429342365026,3042.052747164362,64.80938416422367,,26301.177916348264,46.68616645922351,,95.82317253122362,,258.36777172232553,,111.62024188280836,84.71383965691479,159.86730404761246,142.14262132717016,238.17438679395107,0.0033191126599148,,,134.0613221838571,177.4552057388775,229.9456319882139,,3733.792061352521,0.2040339322500889,112.40301422206002,93.88194736184478,2.590496490082581,234.8014822718178,160.81197094969636,146.67876030021978,185.42035329795337,179.57015810276675,211.2125160611671,,0.5348956633886739,206.36875628940777,200.2009605938161,,,0.0014440722464158,116.06086393881094,10.012641552012164,1336.61547401923,,,,,59.31748604328101,,388.8405418064968,162.14864530720988,80.17237326074603,179.654948863227,418.5642841087581,,113.19947936381293,187.51004884480585,,,42.923890301356096,9755.394368506642,156.97700129414193,62.138676715172224,100.66369235271044,71.87284118165935,0.2414184966507698,80.85983310700153,372.4881778074065,91.66666666666686,730.4260651629096,400.2205754650956,160.81197094969636,177.4552057388775
2020-02-07,,313.2351230526642,,,133.1651523697732,17.95584667037421,,,1470.2748381372428,118.11401752919866,3148.9999140568593,63.636363636364415,,26974.047201747515,45.6552920550587,,98.2704530484758,,272.4494024566285,,115.08879445727598,87.34628697720933,161.34022072656683,150.26411356883403,249.3452675410146,0.0029676772018062,,,135.21961599645118,175.3276327668005,221.28819503346463,,3933.405813158594,0.2072082436753634,114.30622610648663,94.70143711591427,2.7617850707789326,238.51109122577537,159.4910722947224,148.82972182473878,189.3746470491999,192.21837944664023,220.3280354049522,,0.6083851608221679,211.53730721485192,207.0314228620983,,,0.0014827844688195,110.12533422652136,10.074544038521015,1461.598355205191,,,,,68.24545026880739,,398.70670534424977,169.09258874271924,80.7593115901881,179.8531197970651,425.4042577835192,,118.29279838639732,195.49838982977593,,,42.644673414944286,10105.069184168506,159.42315398050977,67.95967857913008,105.95767095156596,85.48577472400308,0.2420710047475325,84.31908272839947,390.62509508998346,94.31372249827687,748.5413729636615,417.96958011350983,159.4910722947224,175.3276327668005
2020-02-14,,314.53030588663415,,,138.7550372288081,19.25424447039143,,,1513.2132485104523,104.92662866758091,2991.242598908923,59.82404692082184,,26664.850339450753,46.75163296492961,,98.8583831121536,,273.2428827759919,,115.81157706906656,87.89484061989289,162.7507663595321,151.46913172664188,265.9485310980749,0.003131680296424,,,135.7510638037986,174.92624056912584,220.73329843997183,,3955.0589129033647,0.2050441872164153,113.29968612571427,94.48561541790524,2.97979343863556,237.5161524681874,159.40676326428022,146.0867638575753,188.8393961050976,193.33003952569163,214.39284432173164,,0.6442282912125659,210.30260133225477,207.08057629173703,,,0.0012546511957332,114.26978053768876,10.00266977996176,1460.040126323033,,,,,72.4607751073415,,393.01910063529425,171.90449312435433,80.81034970579178,176.56318418931144,410.0022026175965,,118.70606705816384,194.60409783856977,,,42.485546255745135,9910.327481975432,161.51649290488018,81.66061375405901,106.02013821671738,84.78735490076531,0.2518268746420871,84.71172919821674,387.8345695410396,95.8823559330961,742.7669270833356,420.764128558565,159.40676326428022,174.92624056912584
2020-02-21,,314.2990749890179,,,145.24730837034377,18.27389672403644,,,1483.6163969860113,100.5887476692892,3151.048710357483,60.70381231671627,,27304.57500368723,47.91637893475899,,100.76152173184632,,271.88867636427835,,118.76689202462848,90.13776782608912,151.97313909909082,149.50478705843454,263.544968528103,0.0036158803205123,,,135.60797690344015,178.78673568349006,219.7906005282824,,3804.164532273396,0.2043262042543183,114.83076559614952,96.68811480510784,2.830963672910169,241.9463148480069,160.9805890105806,147.21095603398103,190.74241163673292,190.78557312252963,209.67563126088984,,0.6552245825775119,210.5610183630833,207.19463207102024,,,0.0014460726231646,119.74368733587606,8.684769382330058,1428.5282354816,,,,,77.49542604117612,,374.67977273309793,149.7796276304097,84.1788653356332,173.24115786581672,408.08256702614506,,118.29040575704464,194.41317898667435,,,44.53380346598493,9961.97054636534,161.5047390259265,113.28630517891264,105.34082606911592,84.27484104507931,0.263186714475025,84.30417090298062,391.34095725659506,97.05882352941198,742.2456042449896,420.7592939956198,160.9805890105806,178.78673568349006
2020-02-28,,282.4950910702459,,,123.11071800750553,16.40827137920011,,,1315.6513820507034,89.49592721194571,2840.9701660309593,51.90615835777189,,24556.571327478618,41.2942039729414,,97.39428422240113,,240.58323283099304,,110.9556443046714,84.2094453667664,136.24294967110134,138.8246946186855,202.04091570948353,0.0028895804333376,,,132.16718555839037,180.9944107848912,191.76465095811125,,3545.005065918099,0.1806051307555527,119.35311649244916,90.05283431431643,2.5280939050605853,235.78759634230255,162.32958710207393,144.82272701182492,184.54814057385371,168.37944664031616,192.68028752858095,,0.5211331852067685,187.73325177570516,183.29827298246613,,,0.0012349384858451,106.21180556707802,8.597535444275275,1295.3384936356235,,,,,60.75242948305062,,359.82259439180655,132.4818728135016,82.75830445133137,152.46469777689535,367.7967913911242,,101.2901551550262,175.54260143513017,,,41.23118269518171,9044.505869417908,143.35853543435374,71.39866885930604,94.5342334433748,72.12831732203459,0.2282366196740395,75.1640134898458,347.51516738035934,89.11764855478343,659.7092829730597,372.2481145711481,162.32958710207393,180.9944107848912
2020-03-06,,281.03116790539684,,,110.65345263841202,15.204955068017597,,,1353.6313176399126,97.4516006278158,3028.305260876687,49.26686217008858,,24396.8228725933,37.57132833575151,,97.36663015044084,,238.9592431106959,,115.56877442529908,87.71056629934455,146.53603264517713,136.97589963684328,194.83797428493455,0.0025771933594632,,,130.83175633866807,191.44253331868947,190.56358059831996,,3341.3311255982103,0.1807139968154405,121.02596017698032,89.67377367239415,2.1106243939606606,236.71250238743903,167.95041784373817,144.82635332191313,182.48449188297877,167.66304347826085,192.6000936641482,,0.5607004777808892,185.03413014119477,185.02389819286333,,,0.0011871497657668,102.71974954235844,7.127022570532045,1285.6599842211158,,,,,67.79668226247367,,341.3672455881226,129.6504992926647,85.26767846851119,146.75667127562244,349.38406332267925,,104.62060211012042,173.84444785654665,,,41.93581410922421,9439.25408911965,139.2424167490417,66.6789261286713,93.6597096028735,72.24534575305506,0.2192394042155928,73.26043318236644,362.4208085430019,89.21568627450999,647.8797090382225,372.74899511013786,167.95041784373817,191.44253331868947
2020-03-13,,256.6266644246648,,,79.77685976769784,12.612494558918511,,,1195.453176434831,90.10069477433206,2641.09031036967,39.88269794721456,,23966.18885014253,29.60240921552155,,97.17402288098134,,217.04331668987783,,113.34154459623215,86.0202170630764,121.8727650143377,125.22284582370372,157.50247875263582,0.0022648062855889,,,119.62364288893356,195.0314825221055,158.54107849977655,,3152.2056778713372,0.1766300285244521,125.0344036292763,85.2539045551699,1.8492850316464853,209.3988111051595,163.6785959144511,133.25682199534376,172.38087723488954,153.75494071146247,169.6611084117847,,0.4212180708821694,153.79017695465217,162.67707897953588,,,0.0010791880198655,78.0215047307633,5.645276753567627,1302.1085840913618,,,,,51.573748127931,,278.5723777581792,92.60974065389648,81.8311120178649,103.75381067245888,286.4854663165772,,79.88771567935939,144.76487874218063,,,37.830598062441936,8360.203331887762,116.73312842772934,63.62033048814734,82.78284577174173,51.36276606569881,0.1726179175390123,60.57653686363448,325.72409163425806,74.50980392156879,537.9548970081469,350.2640769513065,163.6785959144511,195.0314825221055
2020-03-20,,242.4641217787454,,,70.19358504077007,12.308013882488456,,,1239.3437770561425,90.19075606460764,2881.5315593346095,55.71847507331446,,22694.329602551297,27.891148405964056,,93.5437100089377,,212.5839572950553,,122.7774104259278,93.18153844562852,131.42008309684235,119.72598217233364,143.32718993846464,0.0017962256747774,,,105.26771119972938,182.80069368861777,176.6088748876369,,3383.2839289164804,0.1768065813058726,131.3890788949964,87.82799752170403,1.401714545383189,213.3100882024745,162.61063507168743,129.51531237290976,169.06684709224618,155.31126482213443,189.0428458639196,,0.4158950268291832,148.8779704180881,167.6789973699499,,,0.000865478399794,83.23739814816695,4.452445179904414,1231.4053226998171,,,,,51.40460884497512,,208.58102707396685,103.72630708130228,84.38301779804776,97.47682205022733,287.36991343311485,,67.17275540670461,144.46342873036608,,,30.295705967464244,8976.18385268067,100.83314493876496,62.130658048267485,82.26750572725807,51.19874242752528,0.1578949997605082,58.827037518930055,339.9888340761723,78.43137254901977,520.3809328007535,325.6689828381851,162.61063507168743,182.80069368861777
2020-03-27,,254.73686642939205,,,74.31289103632903,12.93727526518392,,,1292.019698957661,79.68651175129226,2845.5699116633314,64.51612903225886,,22587.6065537028,25.44493825467112,,88.09575452853542,,216.9904180019203,,118.78343175966168,90.15032060717913,129.52318235251005,117.82766589633496,145.83365091846815,0.0017962256747774,,,114.8542320255154,188.51468690059173,215.05436354335143,,3156.9421514722617,0.176371100739154,127.19987985057624,84.23114059287174,1.2844402795205263,214.41881790229328,165.19621206682876,132.31561346703938,175.3030261660409,158.1274703557313,197.47575297272596,,0.4860560226651231,158.35360119755762,171.3020768916126,,,0.0008005545535418,87.92689445120865,4.332745252672379,1264.438629686587,,,,,64.99445986494563,,211.65693574482123,93.20644582721226,87.10505063024286,117.72102978133988,305.62560176444293,,74.98436911300418,151.35651616038172,,,34.334787226267544,8527.212155981782,109.46961114058236,52.68098369167704,83.74326061252468,63.264838811336055,0.1367031994826194,61.028825895195325,345.15709566618204,89.21568627450998,552.4110079887234,338.3055785377992,165.19621206682876,188.51468690059173
2020-04-03,,243.87290514305928,,,68.21681464484885,12.599483538971972,,,1241.1108895015352,83.24213650029532,2987.3257088791834,73.02052785923844,,22070.125679181936,28.40167728994763,,87.46438167939398,,214.99613746592016,,116.44161427847254,88.37300542436934,124.93757458827926,119.77550346649008,162.75029788391214,0.0019055611208419,,,113.90715331629136,187.52300570132823,241.6237363426945,,2687.680835730957,0.1730747272998068,130.4321515219953,81.99437348433845,0.6822708649457554,208.64696208565817,166.26417290959245,129.33564158259864,168.59750471114893,156.74407114624515,178.0396960298528,,0.4393796973504513,154.95283190873218,165.08007808104452,,,0.000715040245323,94.96181909417604,4.236278872939011,1278.952019308735,,,,,40.09605653061289,,146.0183558791624,111.49525129116644,87.85360965909652,134.9919147310172,309.0034610761799,,78.27969412287973,149.0956640703496,,,34.51206427220897,8756.03590229649,104.74832406345271,53.216857038873144,83.10298603773816,55.9424666969846,0.1458130785841457,58.69284057002415,346.4786434636547,93.13725490196096,542.9072681704276,326.0807977112039,166.26417290959245,187.52300570132823
2020-04-10,,269.36128868269253,,,74.34781904260417,15.626327087767171,,,1392.9026397917607,88.21014255438111,2977.7080589205857,67.448680351907,,23991.86817996782,29.12572312192075,,90.27050025372324,,236.84858546118917,,117.5472999705961,89.2121621835156,141.37422929596687,127.0386266094415,191.9230560199119,0.0021867095171203,,,125.32649226588656,191.85572481128725,224.89026099287457,,2901.8426671315174,0.1780103835593705,126.88090766488128,84.4185388677269,1.3421069327062771,218.29861236986443,168.28767540727438,140.02311904374062,186.01381790181077,170.08399209486174,193.66114599020997,,0.493155042228983,167.0153770573124,182.0456833595761,,,0.0006932543810279,91.77285264606266,5.700040615697723,1373.188337081575,,,,,42.68637531776876,,203.2417947338019,122.8659973126321,89.69098182082821,138.53418843116418,329.804927112202,,93.3939570664313,159.01326366559425,,,36.39248966184879,8944.734711354142,121.35012330989964,64.11752025959282,90.161626155281,70.95358835333883,0.1769663007338922,66.30715232007806,372.09778799997906,97.1568612491385,585.7343554198013,365.5966724121422,168.28767540727438,191.85572481128725
2020-04-17,,273.61286582014753,,,97.921057093714,15.354595224192211,,,1467.6950648600207,84.02468443059632,3332.724790000993,70.08797653959031,,23485.620683709745,25.797347385885143,,92.82153631332856,,239.62047671016543,,117.68551014220054,89.3170563686451,152.15757645706017,127.4347969626934,236.5962344613265,0.0021086127486517,,,122.59807049364905,191.56058031049287,211.0000356852528,,2803.72743319294,0.2252022287940446,127.7669475228763,81.83405397888562,1.5437521373416516,213.3313575714363,167.9504178437382,136.73158386561585,182.79018101459573,175.02470355731234,192.06440565894832,,0.4821461227659404,165.76552652981772,182.369078262891,,,0.0008219745450017,102.88733173321158,5.641766049430538,1473.8482990298114,,,,,44.8389289573797,,194.1300638173655,120.7689365783898,90.16733756646236,125.74161452959736,323.827592072555,,99.41180470336664,157.998397802616,,,36.353206386914785,8925.214418079107,117.75861127960336,72.01477217495848,91.04395393602152,69.66414837572285,0.2185694578952865,65.2385678770082,387.3921219879281,110.78431372549038,580.1503759398516,373.8444302837096,167.9504178437382,191.56058031049287
2020-04-24,,272.9041143966635,,115.23815166613858,102.35275411589112,16.189088477726138,,,1453.4551367820784,87.84981849561653,3430.573924362377,67.15542521994217,,23162.250141303582,20.39769159515922,,92.52102407114896,,239.7315639548764,,121.11033069084684,91.91631340229624,160.301359547889,126.8075272367112,230.9862073399352,0.002061754657779,,,120.08012602899537,194.3113292195996,215.41925301056875,,2721.175222727674,0.2283186234844389,129.35473484213318,79.81571821942825,1.596389194941641,211.95831655706044,168.73734143777216,137.02531750022928,179.37489722225789,175.1482213438736,195.62092054188824,,0.622157698978265,164.83539901841235,181.69663778133008,,,0.0014569906290602,117.77631440283048,7.117256097636261,1456.2379521298587,,,,,47.4769642924484,,180.0273051947105,125.80408729955757,92.48106547382817,126.56753379035815,316.52015517087705,,104.09199017046524,157.29500933092066,,,36.722180229953594,8875.328343909912,116.92614641069316,60.97649067527438,90.85655809777349,77.19553004962806,0.2308269689951626,66.13319682329768,393.4390479035597,108.08823529411788,576.6616737155408,372.9754343378224,168.73734143777216,194.3113292195996
2020-05-01,,267.9719802420149,,122.01875522368545,110.0106428946817,23.539963086441094,,,1474.492870651476,98.49976665090963,3429.7376069746733,69.50146627566068,,22270.857109663066,21.187115079307492,,90.37499931213289,,239.8585208059745,,117.31383485652913,89.0349745524467,139.6982210357915,125.38791680422526,245.79681713449563,0.0027802448383153,,,121.50998557580417,194.606473720394,217.688807438056,,2723.2053169845813,0.2283221510594347,127.06166325700548,79.09812902782409,1.936830521318783,212.279907026029,169.35562552915422,135.57879661793095,178.31840956262957,177.69268774703565,193.2247730905173,,0.4641287200332333,164.8935353142577,181.6176533279697,,,0.0012507407710863,112.12163173812564,7.0425642832755315,1429.8697915870737,,,,,42.9251329826223,,181.7103695244193,137.12853991662996,90.01422321965134,113.0224601543302,341.58649036113593,,105.74587619223904,158.5610963140647,,,35.592383166326044,8890.51123435699,119.95871385478402,67.39610865183354,90.84093830288248,71.72166764230727,0.2123638200750535,67.23160965713699,380.3113853871029,106.86274509803944,577.7543957550146,365.4016017349057,169.35562552915422,194.606473720394
2020-05-08,,278.52237798737656,,122.54903845755568,116.4560710588768,25.42387580267792,,,1513.959952979066,171.11850896234904,3579.0202606798616,68.91495601173105,,21589.49584891173,25.38146781719445,,94.68799801925532,,248.3593399607548,,119.21594367682953,90.47857419794924,154.80262717280806,129.51469131726586,254.3007338439446,0.0026552901279318,,,121.56577552395687,196.02316372136903,221.30460763303424,,2792.5626375273696,0.2293144198988114,129.27676290199295,82.87939375841513,2.308712107094176,220.2123892000587,170.31116718407245,136.58270206065214,182.76633412818904,188.3152173913044,199.1539316155565,,0.5130395019783772,169.98015073835776,188.2226019542497,,,0.0025754229576707,129.48014510665718,7.082349746512195,1535.0514751154333,,,,,47.579591553428976,,166.62098164530863,133.89531922107545,92.0217224333952,121.18988395518711,341.6854317797299,,114.50274093929409,161.9473454269943,,,35.913866829121304,8855.808050634878,120.63658069752135,70.91229431581817,93.88614897114284,74.59450831399134,0.2287426423149939,69.8459237771568,395.7706062734319,110.04901960784336,595.0877192982477,379.63859254052,170.31116718407245,196.02316372136903
2020-05-15,,279.00330445667123,,111.11999198747846,156.7373237527786,21.063334007975445,,,1484.5119364352313,253.64998245655943,3625.8540343912928,71.55425219941434,,21220.920622153273,25.758529264228255,,93.91129984608396,,247.1585397441181,,120.64659464086652,91.56436235185494,170.0705416989523,131.11587982832555,274.5774688785616,0.0027333868964004,,,120.58232070536604,193.44951232125337,213.86252831415047,,2704.597255375541,0.2339193820298746,131.56857546692362,82.60423781593276,2.2047987212581437,224.61898684566083,169.1612554559858,136.07985842075556,181.6488935305729,187.40118577075103,201.48199105827888,,0.5045185532719991,166.4921858761177,186.6214244270888,,,0.0024468755370845,128.2915758767245,7.203106016453488,1542.8487070818362,,,,,50.19303139527982,,144.91553798637503,133.2506369819491,95.7134794620598,113.87891841196632,351.9828194297214,,118.494902785741,159.98794334877664,,,38.95517475730749,9042.815849657372,116.46234325898796,73.98032038979481,93.72217686802504,82.8222444910751,0.2144167025601304,69.16500887552223,399.64245729900625,103.6764705882355,581.4335643797014,380.16175350437106,169.1612554559858,193.44951232125337
2020-05-22,,287.6928901514443,,112.86039374873307,172.9224776449945,29.92631376138445,,,1632.8555738500977,296.40452212527805,3761.755609893215,90.90909090909196,,21951.872835640337,27.951776205765412,,95.99717265846796,,255.3366769023572,,118.8562515001899,90.205586925536,194.95841285252217,132.66754704522884,357.45688645393324,0.0029208192598912,,,124.75331643806295,194.8425857181914,228.31537814747796,,2564.5292181186933,0.2375831125359231,130.7926185893439,84.06321774255903,2.30505332942937,232.2519095193068,169.83925043290355,140.94855582142677,187.7759903790617,194.9604743083005,206.1758073218975,,0.4764852511045235,171.84040576116848,194.31693811045747,,,0.002201114352735,118.62206312956828,7.252084331983537,1551.3705002187062,,,,,47.52544130553654,,162.8486379012011,150.25898286296297,94.6586917395842,119.86961495037508,387.8805078673786,,125.508710490352,166.1173707035954,,,40.74982220395228,9007.791587856926,121.92095377052765,80.14829590077156,96.47067696262546,90.63823733378248,0.2241800182336056,73.07653804861745,402.11824271994374,107.59803921568654,600.832060620303,392.677733870372,169.83925043290355,194.8425857181914
2020-05-29,,295.34099312153165,,116.63482745687988,152.15388194849712,27.202969598497884,,,1645.4992331738297,360.8836613520459,3587.8015932507537,90.90909090909194,,23103.021873037193,28.100404166256173,,96.43572183784472,,258.5687867365642,,116.4725327233278,88.39647088310448,173.9378288417335,133.60845163420208,412.2585497891829,0.0030457739702747,,,126.07854588561771,195.0314825221056,226.79977922969871,,2504.306805483833,0.1428530481132044,129.07265195732666,83.55319703028742,1.9972126847233465,230.9529922868077,170.12175732039913,145.35453223900373,189.31267234331335,193.7747035573123,213.9465398684061,,0.5328547022444441,174.04944307763785,197.20456061859596,,,0.0019487246765861,117.93026317480202,7.284306838055659,1536.845126943461,,,,,49.83626616961145,,157.62542646252376,149.8333253151241,93.4337769650964,116.77225448196576,409.78666303598646,,120.60678211401456,172.02572040619134,,,42.16107605640232,9482.80688922952,126.77305805179842,120.47814733804915,98.24314242155194,83.75640071594886,0.2439134289452834,75.24353532552664,407.5433827296253,106.86274509803948,609.1829671835862,401.2655389913992,170.12175732039913,195.0314825221056
2020-06-05,,305.5089892004843,,122.85290026848745,137.38720536811778,37.41335853975468,,,1800.0855139640169,354.7527556685327,3523.823313091387,89.44281524926788,,24410.614477860006,32.08916227964146,,99.99387660846436,,267.05373628495727,,110.73388829845928,84.04114432713119,167.39644008013522,143.08352591614326,382.0022975712773,0.0027333868964004,,,130.79359472011166,186.12993230439025,220.74414030651727,,2861.919958070159,0.1460433241170761,122.92225495258975,84.26668925535901,2.269522219758617,232.51221200752292,165.43225075333095,150.6909374823693,192.2455408850585,197.15909090909096,216.81964963869248,,0.5926882168851642,185.90852006111277,205.100580186187,,,0.0018397280264242,110.6078641253014,8.714412959051025,1534.165597556424,,,,,46.68508929153843,,206.54974520763156,165.20834682003724,87.78555883829159,136.98854455835715,451.37770418481466,,167.33604316209156,182.38544464111263,,,42.13372678726609,9651.360899284971,135.54966031092954,116.3260233985287,102.42054397395222,81.30502499113028,0.2329549677253117,80.04970292477486,405.74604133865864,102.45098039215712,650.0551182644135,411.3851843509552,165.43225075333095,186.12993230439025
2020-06-12,,293.2264028652147,,110.54579589191052,132.043182016165,47.86412018186311,,,1716.3004761258758,336.10229953952813,3429.319448280818,85.0439882697957,,22100.64062656149,29.599706370471505,,101.37303865986291,,255.5853007357578,,111.65213160905512,84.73804226667804,169.90014375911903,140.27731924727564,345.84190679831323,0.0026240513013782,,,127.06898242988358,194.028002027919,194.74962946079987,,2573.6641260266206,0.1201087129230491,127.0201370545715,83.5265000986792,2.2912365017011203,229.53167015293712,169.5002529444447,146.8756689076599,186.66162016787888,195.40513833992105,211.88553681364724,,1.2990560581838733,175.06013265342114,194.0058795658593,,,0.0018084605648327,111.70894320284278,7.208482450377093,1542.510109012761,,,,,46.10150301009246,,190.06750008469496,158.95404257648804,91.93665890738912,125.2297184069759,409.3151091992381,,151.2373963911363,173.58319935691262,,,42.23840428623841,9421.514431078738,127.65824118279984,150.25606325302897,98.43834815724544,82.25806678642145,0.2299037301977523,74.51788968756733,386.6660198121371,100.7352941176473,612.050144893486,392.7251832846182,169.5002529444447,194.028002027919
2020-06-19,,301.4721989390774,,115.92809896716813,136.53462318375526,69.58978424550945,,,1843.634446718075,349.98801798401826,3549.7491521102143,102.63929618768448,,22183.839602596,32.81995682373198,,104.02897656291752,,268.40794269667083,,112.5554912374092,85.4236442813132,204.8917731445319,145.01485638824624,416.2350194795482,0.0027646257229541,,,128.60347207594634,189.65984900480925,202.18037401801377,,2648.4346182559702,0.1220204788772563,128.5648921936778,85.6074388095909,2.293127760256005,235.84154524804117,167.52274783811905,148.89366593757023,190.9276675386191,207.55928853754955,218.97089412562795,,1.4048422313605973,180.5344246560691,202.22949709745728,,,0.0018012078847945,120.9175576953404,7.319806460853402,1622.7714264440897,,,,,57.323552942256306,,193.95603246513429,167.50709173538235,93.72299295351714,127.58519667074704,433.13941514332913,,162.4747900292491,181.0188845422867,,,41.995487173311155,10139.511797987872,131.83475857034435,164.65368001321227,103.12329177109648,91.5569139064079,0.1875085392407463,78.56361580956846,407.2889338340911,98.77450980392182,630.8371025219323,404.84672690667855,167.52274783811905,189.65984900480925
2020-06-26,,296.1080159649857,,112.82842149209438,151.69939250556467,69.26586881712784,,,1827.7636987442563,368.7701772811848,3535.9499152130966,102.93255131964928,,21649.315691541266,31.27555353402642,,105.5581822720462,,260.504878715811,,112.73827367919355,85.56236645396068,184.27030408675424,144.37107956421193,410.2235716600728,0.0025771933594632,,,127.1457069121867,192.97728832565852,212.05926458073833,,2572.9874279409846,0.1471065575081625,129.57326401744697,83.34790586430043,2.4191816870580816,236.16260367997023,168.99175132348853,147.93866391414582,187.5141397504912,205.38537549407127,215.13893154983367,,1.3855193426145265,176.8458559565262,196.62831308249153,,,0.0017977702572488,84.5441593251995,7.296432006760647,1632.766422399985,,,,,54.21903787307991,,165.40232348855827,158.80767781642692,95.1690728956208,122.3920212382795,425.3815118639123,,204.03940575116775,178.8484781884681,,,42.72299412186478,9892.153198881417,127.30025033651908,213.66824177247432,100.74177941275286,87.58597585123941,0.1784672006222708,75.93936205258002,397.26002021724065,100.00000000000028,617.473664630328,393.2997418604538,168.99175132348853,192.97728832565852
2020-07-03,,305.5683434232071,,112.95493611547312,152.72011688327112,68.53269924966878,,,1880.4973567983332,317.6698057179939,3537.204391294653,106.45161290322704,,22006.77771400348,32.85443775456138,,106.399864482124,,265.53554394057517,,112.31369516986436,85.24013389869667,193.914850202796,148.82799603829574,522.1093375965208,0.0023897611449302,,,127.91992281801856,191.8439255163641,206.6262882849145,,2594.9787734789415,0.1472715082401993,127.97845312859091,86.15245093854877,2.424408281319829,238.7045059020716,168.53975108003146,148.80104589338077,188.4931959689896,209.48616600790527,211.2289843561565,,1.4078472034440326,176.93369305962668,200.89972969051456,,,0.0014837398245359,80.43761752353237,7.308035646640184,1709.9349301455106,,,,,50.68100094536523,,152.750432560473,162.91368736342403,94.76076797079152,120.46312297813049,442.1261228828349,,252.2268127263407,180.05426290334165,,,43.175011284494815,9452.161159872509,128.94698820042302,196.65719290281655,102.34246882832234,88.26749072844993,0.1985188838990629,76.95824831080678,406.7807816314102,105.14705882352968,617.2731633771953,407.8187308102348,168.53975108003146,191.8439255163641
2020-07-10,,308.0926814213643,,144.96293803825665,138.67020703921952,73.92089366885305,,,1950.577629689224,259.0288123474369,3556.439691211848,98.53372434017707,,22257.09606283811,32.607950665673805,,112.26010838019012,,265.2234416816256,,112.5824535103216,85.4441072155065,206.48511505027952,151.76625949158063,528.7952479424033,0.0026552901279318,,,128.26866852978293,193.22519961837895,199.91003981557796,,2556.409254089588,0.1464779327550014,126.62321580197744,86.85104908202443,2.553222597163153,235.66926470840937,169.50025294444478,147.45376822784263,187.4388663089344,210.7707509881424,211.66727965978671,,1.5001899975308692,175.2357711244295,200.32716385267867,,,0.0014385254850321,110.24384189341215,5.777230218838654,1751.6480986497104,,,,,43.72083320914359,,154.78171442680835,170.9107115872288,94.59064091877936,115.58524974667904,447.3219663736804,,242.0343224921421,179.57195208386906,,,44.968666254055215,9178.534364415718,128.12362382051373,181.871353659155,102.5298587093641,87.35264380063914,0.1875768721141399,75.83995620303021,399.66713617906464,109.31372549019638,611.0676593828343,410.3694970652758,169.50025294444478,193.22519961837895
2020-07-17,,312.56905088467306,,145.89246130137957,140.6067741934345,63.02427433841462,,,1886.83606349912,234.90703010680417,3841.6239204189583,86.21700879765496,,23297.850173698585,32.784034622898474,,113.11805869326444,,272.4599821942201,,112.8773915866802,85.66794956244921,203.168804629144,151.74975239352847,528.99922001308,0.0035143545810863,,,129.51718413790906,190.84042700798676,196.49894494060533,,2568.250747840795,0.1474171703827184,127.68523359604748,86.87533550023824,2.3550669332947227,237.8573870978963,168.28550026955338,150.43571998803395,190.0308168017225,210.67193675889345,214.36877107889464,,1.789900087989949,180.7978823625817,204.79730712158295,,,0.0014941527796295,102.9081846637536,5.802484595048354,1669.2304554075397,,,,,42.64846176903443,,153.4468547310458,179.4014020825584,96.036720860883,120.85260660747596,470.3327947203388,,259.58830584038463,186.06310105400385,,,45.89930928451085,9579.123609180744,129.1617808873744,181.31077132328736,105.09095700851024,88.14511147256096,0.1887796420677119,78.70278020699281,417.7815612644159,110.7843137254905,630.6064967105286,416.9915636028114,168.28550026955338,190.84042700798676
2020-07-24,,307.9654938406761,,153.7938083588903,131.14859719910166,62.48723460549365,,,1835.264414114152,258.8458956055102,3617.909019208101,86.51026392961977,,23437.505009295655,32.48757540301495,,110.87705044028206,,267.51395487018806,,113.28948656807492,85.9807077825393,185.8214598515913,149.88445031363412,575.8855310560526,0.0031238707387433,,,130.9191380677669,191.70226192052377,183.6528594412789,,2468.7823242302093,0.1480010484571955,125.39671352655176,87.72663741205282,2.2635721434826883,237.58420120046696,168.6809991355113,152.31253483029198,190.4271819597572,205.38537549407133,211.18414222694284,,1.8442520735185035,176.2603705630365,201.79301996723513,,,0.0020814361210307,93.92278527296584,5.795921011677077,1633.952380435686,,,,,43.809832924682865,,155.59415749886875,180.4206393240526,98.8438172190842,115.23285117138626,475.13704140399176,,242.7660159136685,182.72709616510744,,,53.83674037260808,10240.206050945771,128.803799145179,176.82807167217285,103.13889965157492,80.72892486432568,0.2128028761317721,77.92246419574023,408.73058882174973,111.51960784313756,613.9147673872204,410.2216054084866,168.6809991355113,191.70226192052377
2020-07-31,,300.8529271896938,,173.03456438824455,124.36818814717137,60.45829627846169,,,1694.3235718668043,203.8607343426869,3566.89365855815,84.4574780058661,,22893.202852642346,31.43536406215994,,107.6461479974192,,262.0812596169464,,111.17932773911372,84.37920922213549,177.19949283935603,147.2103004291838,537.0195910887727,0.0027646257229541,,,131.10746373212453,193.31964802033607,161.82449949069402,,2315.5196035501453,0.145702449731588,122.52891300802231,85.95378850212468,2.236493630552911,232.48022579850303,169.7262584544412,150.34074073250622,185.7874750441986,205.3359683794467,199.74063814193772,,2.1035096407329106,170.0249546958904,195.59600577273616,,,0.0022164990525062,94.45176842988204,8.431478286242006,1614.960020385033,,,,,43.527315114130474,,134.4111046582766,170.90315285335876,99.94964305716346,104.01188282623322,453.42288746821487,,231.96634969610705,175.5928456591633,,,57.65304239449334,10010.35958273954,126.34561414916044,151.89487075490777,100.39821541162624,71.97486373814776,0.1833104557047102,75.5268363088255,398.01097282528355,107.35294117647088,591.2581257832103,404.9860775880127,169.7262584544412,193.31964802033607
2020-08-07,,306.92731549361594,,195.10857597155243,138.69874856661997,59.58041280060866,,,1771.0143547046105,221.35357433382467,3541.804136927025,87.97653958944385,,24457.59354893595,32.35046057636603,,105.06149090200694,,271.8728067578913,,111.71342657014247,84.78456188908473,209.16737611012204,151.13898976559847,519.3050887540613,0.0026552901279318,,,132.39084539712752,191.22478431645968,172.02774443023668,,2202.8560835178164,0.1460352839814123,123.3084382811042,88.18649715789006,2.413048114252615,235.72478999967532,168.53975108003146,152.10848906874384,187.08971229946124,217.19367588932812,204.27283371928317,,1.6143609284595253,174.03553321481414,201.09811011801463,,,0.0023542123411454,94.2758143743786,7.065146201567711,1671.2357699317176,,,,,44.38520210252622,,146.59858941340352,178.89350691462823,103.60737467542565,107.07214692036584,484.8020965078491,,227.21221900326557,178.96905206024005,,,67.85131200007385,10020.379471995746,131.47676772406356,198.42757805417375,103.5761585932224,72.64341370526125,0.203414777126487,78.96122972790423,398.9881156680429,105.63725490196106,604.7318491541376,414.27359400908233,168.53975108003146,191.22478431645968
2020-08-14,,311.6998158056583,,222.6068831587484,132.76390706915896,65.07016835766694,,,1773.2572122316376,259.44417222986044,3533.1433076856547,87.97653958944383,,24757.56404827948,32.735043749294455,,106.69626250584956,,273.68723175483564,,109.5791732803458,83.16477691165292,211.51938357837463,151.10597556949415,548.9831865701517,0.0027021480698468,,,131.50502830924117,186.0783444558768,178.02678326203946,,2309.4295272786853,0.1451182770530904,121.71362739224816,89.10121132548234,2.0575416852349195,235.08809432982065,166.05374435274956,152.21422912644977,185.99629686041015,214.5256916996049,212.78199779113916,,1.7476971665340637,176.26037056303647,204.93106403939217,,,0.0018197507092452,112.08807175161544,7.154660427542151,1651.5613632293366,,,,,44.52987635515619,,149.21028545150446,178.70897069818878,98.70771557747446,109.72164165432862,485.9685243469342,,213.53355994043568,181.88303306554988,,,63.95445240395558,10024.795218227497,132.7893856536176,193.7819021830597,104.56780706658108,73.54052428921966,0.195616373718042,79.88568232503137,404.68953861601705,104.16666666666694,610.5263157894759,419.09278780905873,166.05374435274956,186.0783444558768
2020-08-21,,309.8587088955432,,246.8904885344534,142.16563547493786,64.82571472444518,,,1758.8486907507042,261.3652671307659,3556.7509947433327,85.0439882697957,,24067.431195763344,31.769437628060704,,107.81003930831773,,274.9832496097959,,108.87779437313527,82.63246754480389,216.06922643016904,151.089468471442,593.9952393759211,0.0027802448383153,,,131.99328082001094,186.6831044266961,172.0793251106995,,2220.449201248034,0.2410345200073984,122.41448427641646,88.26922172360548,1.9826875160816313,232.5065327248979,166.47749929572498,151.51952663070384,184.87908017054284,221.9367588932807,208.8725689551951,,1.5436597219153831,173.9477139793099,203.06522778901152,,,0.0019085816039912,120.61267534132136,7.098622458151471,1669.0987204147923,,,,,44.94419092542143,,149.9067076220773,176.21651469848547,98.69070287227323,104.51375325575944,481.4718358724141,,233.73270357882583,179.63223901975505,,,64.29682361199501,9954.15134196846,131.3813022845106,186.3414356330184,104.69274159688388,77.02957573457415,0.2241876716788793,78.94135045396699,396.7993445864699,106.8627450980395,601.6942257988743,417.3299411009947,166.47749929572498,186.6831044266961
2020-08-28,,318.9305492131501,,318.24199997734917,141.41003416625767,65.0514485383652,,,1771.3837982070909,269.84106707597033,3515.859108232713,85.33724340176052,,25397.54400368507,32.82895552440036,,110.89802123669996,,278.2312290503903,,109.52970817533225,83.12723552216973,209.69134068244855,152.27797953119764,598.7673822876944,0.002811483664869,,,132.6140477612365,182.59204064898967,184.1587005110395,,2233.9823369636997,0.2679732732932501,119.45728835741828,90.83091666814202,1.8673871520231125,232.52118096868065,164.58474086738005,151.53005382573113,186.1987609768876,227.47035573122537,211.37933378445908,,1.3913649115583746,172.7181910794623,208.9193130386136,,,0.0016169673010274,105.41222393679568,7.13718626644591,1796.4251439605357,,,,,45.600592604698136,,139.92452318283674,205.86082860230204,98.07824548502936,103.67074936784088,489.5992221738804,,208.02532868424765,179.9236309873322,,,65.48927724115894,9845.978158429589,133.36216918684983,203.74327383083775,105.59849906996088,75.98768997555881,0.4071971578477679,78.88170789222345,400.8812080298799,109.80392156862776,597.854646381581,431.6255005674263,164.58474086738005,182.59204064898967
2020-09-04,,310.5271162136839,,337.4656795409385,127.2579878438787,65.8626246192609,,,1699.770469542355,253.7777060146849,3359.879747315914,85.33724340176052,,25250.92665414591,30.454088237155,,110.4349057451789,,271.71940056281437,,108.5208459682011,82.36156264949705,181.89652692973516,148.72895344998273,674.3949927623777,0.0026709095412086,,,132.5652182530098,185.7107441935674,182.72880033490907,,2163.6100725420897,0.2660225271311868,121.155800966325,89.05329708261817,1.8615847988159913,232.30640136198656,165.79949354227142,151.1413206614338,184.185215806871,214.2292490118578,208.69434185140935,,1.2022805898107776,168.15141215728113,201.89672680495417,,,0.0013195112246644,88.0376555546125,5.6755377633593715,1673.4319712089737,,,,,41.63771444846155,,126.22799254755206,203.42334370895665,96.76826718453547,100.99186119905536,477.7425054114997,,206.51098135193476,176.65795574617468,,,64.20333651978169,9770.919543869924,130.28347704190796,234.55371531858415,103.41219244731084,69.2619177591718,0.5346300550514869,77.19184636933078,386.9916649608473,102.69607843137284,581.3634183114056,419.6605834406446,165.79949354227142,185.7107441935674
2020-09-11,,316.57397576367663,,424.266107275296,138.03494627580008,80.98248069701145,,,1773.2979820273056,350.7716160521839,3553.378468020808,96.4809384164234,,26099.163936014036,29.570220967337097,,114.9378387792176,,279.03528910734525,,112.15733106098382,85.12146183864405,185.3763098634322,154.53945196434387,780.4028583253648,0.0025459545329096,,,132.30016810634905,188.59226993550925,184.56911939681163,,2184.924719994411,0.2757719876331475,125.19646870250372,91.65920948769792,1.9181758242858375,240.28437556229423,167.63575059311728,156.69326120879344,190.16406014348797,219.66403162055343,220.2311570451988,,1.2283563001795694,174.70883784380803,208.95316870183555,,,0.0012638949019182,89.66730233809136,7.318202944228182,1650.0878490931796,,,,,43.88948464753265,,121.87540236652312,226.9134663456284,101.4297484096696,101.47893697245816,500.2661917622734,,203.1940195340037,186.59565609750948,,,64.34182804688035,10667.212212009754,131.54836225168552,370.0106641720373,106.99616689518506,66.65591368366198,0.5880178820823386,80.12922002052395,405.2887186928273,104.65686274509837,604.7218143013805,423.6308018026092,167.63575059311728,188.59226993550925
2020-09-18,,312.8848271990246,,395.8870884073176,161.62438373753014,88.93012508913412,,,1759.364997625498,302.2247021150409,3687.0148394008743,96.1876832844586,,25795.839548465818,31.35900291900492,,115.05480708586256,,274.30614640393924,,109.65886828670652,83.22526119189114,206.84398743010016,155.0016507098044,885.752123357784,0.0025459545329096,,,132.2722731322727,188.65156438616825,182.18996540068193,,2057.0366287812208,0.3738546242045421,123.45146873934937,91.97659322508532,2.026269368846287,235.62395082218384,167.40974508312084,154.96655627874006,188.161318720314,213.63636363636377,221.33146274713283,,1.4666857955262491,174.00147854066486,206.74926831033977,,,0.0013173014032248,91.45691368227614,7.245155598673531,1599.7587580931563,,,,,46.558117165786456,,104.55163153007226,229.42252364475317,100.28989716118788,96.9079779843776,496.8340645092761,,205.61357690876812,185.13866559485456,,,64.77992017934757,10464.111067765029,131.7750903946024,313.54655484354817,105.94205115667496,76.31364871547127,0.5778616758730525,80.82504200764555,407.4004365539254,104.16666666666696,602.2155486372201,415.47903572983074,167.40974508312084,188.65156438616825
2020-09-25,,313.02606085567345,,403.10003938633514,143.0144991620686,75.94801222497017,,,1755.9874535620122,310.9036368428266,3615.3486465472097,100.29325513196594,,25304.59785891523,30.755404714572844,,112.80221876550311,,273.5338255597589,,108.95205214282817,82.68882525097733,182.5213690310307,150.181578078573,818.6224456736289,0.0024990965909947,,,129.78920536737033,189.39863465739433,164.65577224669929,,1917.307043816823,0.7094336990256007,126.21557845035264,91.01439843616656,2.1238095343003938,234.30390125932155,167.91824670407703,152.2564320818746,187.8103879445622,219.6640316205535,221.66664887329688,,1.494178619076796,169.42015891869104,204.81281994109892,,,0.0015631744364944,84.81094593380064,7.258684859658699,1687.4904360323214,,,,,43.28661399761092,,89.81046118758817,206.04493767214785,97.584877034194,94.11669958777776,472.6729630018113,,200.04500023168737,177.67283694153738,,,54.17065579729233,10514.886605808988,127.61844508760392,386.8422022764202,104.78643653740478,77.0190255951643,0.5671869242153801,78.73757130634897,400.732647989796,97.45098188811684,585.7343554198014,419.920521695843,167.91824670407703,189.39863465739433
2020-10-02,,315.09224587215596,,373.1662001454188,143.58868853414606,80.78303783367514,,,1821.5803200102168,272.98284580142735,3554.2215997014373,94.42815249266972,,25137.762817047256,28.686050880114134,,111.75476712534667,,276.178759957637,,109.726803190028,83.27682017805718,166.3145648577079,153.08682733575355,811.9138422295324,0.0025459545329096,,,131.0865398408487,185.73446559265625,161.276800063033,,2085.4562963838243,0.714700514248407,123.5515911513734,89.36233271578102,2.1336162839321733,233.82084872861023,166.16674710774782,153.5497400962526,188.12897392371536,221.64031620553376,220.28687216146983,,1.4322377646428728,171.40047487943534,207.7874668821695,,,0.0014352102638738,84.88531994019417,7.220904856796579,1657.46705846773,,,96.69382704571684,,40.70994899956354,,65.92879340288185,213.0231346785804,98.02720736942572,87.40076747062933,495.20715633403086,,199.74667774484175,179.55185132777885,,,57.122452611799034,10689.287919375143,130.17850288324158,381.0538023332109,105.45794474476703,69.56192416936976,0.4717351507151112,80.417493192273,402.7352551311097,97.5490196078434,591.6892328477463,422.0064972289717,166.16674710774782,185.73446559265625
2020-10-09,,325.19892083908053,,345.78176659090684,154.98314556757103,91.83213436781044,,,1863.6516542641,280.16488376354243,3551.270638819228,93.84164222874008,,25565.89611402102,30.931321914213584,,114.92966925193257,,283.7750115483429,,109.36441778581111,83.00178888884828,202.44922014530303,157.97292835919362,814.1277225704698,0.0024209998225261,,,132.67681943506423,184.91624921828972,183.25761636314576,,2093.576053913666,0.5639366157851058,122.29290784128187,92.9623768562402,2.1897217062608014,236.5797103748061,165.6865015638091,154.46207330143292,189.8709289614564,227.717391304348,222.07979757898872,,1.6600491304559273,174.9177352490194,213.39719787301993,,,0.0011356718848366,87.22842963285228,7.242354223548526,1727.5322665369206,,,104.13849802386048,,41.13687607654183,,129.53611075622587,240.9711647375795,98.48655040985864,95.20324136239772,520.4822145010112,,221.79303587169832,183.97306705977675,,,58.195068426894046,10700.326780988958,135.55102693378086,413.5720881055914,108.27671604475816,76.32287539992902,0.5486492029046024,84.0258421081321,414.70233862630914,99.01960784313756,603.177964442358,436.39391867747054,165.6865015638091,184.91624921828972
2020-10-16,,324.70965501245024,,396.7271371433526,148.69997920446926,83.88241219280341,,,1873.881283268927,277.60956407387306,3464.0065098738833,90.61583577712712,,25193.778449569934,30.824599626658173,,114.70801074964764,,288.44596569499566,,109.37098610201195,83.00677389224973,206.54949422115183,157.77484318256765,913.842443299528,0.0025303354175483,,,132.6550723827106,189.55279661028243,210.26609299326697,,2072.9381045469804,0.6073837769791492,123.34419862379664,93.19859886081817,2.202451891551682,236.436514252205,167.918246704077,153.71346858290963,190.32328050832456,232.9051383399211,220.75999492613656,,1.5125613109738076,172.2576141781959,214.475471853039,,,0.001002365747664,88.09093143464185,7.247917092895048,1763.584534379352,,,101.9290921225512,,37.74970101854947,,128.78167813490924,306.8494786727843,97.7550040862062,91.2130195293916,516.5882902457734,,214.49563475942008,182.51607655712183,,,58.299991768813875,10742.270826569422,133.9404764669021,396.1399650132877,109.15904978270493,81.17741389668807,0.5698443595115266,84.38369747859332,413.0057514552039,97.2548989688652,593.4436188126588,438.5323963947906,167.918246704077,189.55279661028243
2020-10-23,,320.3012421498387,,354.14151134198397,142.6813562645044,79.86086433208919,,,1786.7447249890763,278.15469737845984,3348.497469627389,90.0293255131975,,24948.58028165396,29.97494263356068,,116.04809523458238,,281.88123851946216,,108.96114138408356,82.69572350270413,198.32157628023648,157.85737867282845,912.638108444699,0.0027646257229541,,,132.61949762674675,184.60792531251337,201.7611520018326,,2174.774868207661,0.6024286417413643,121.22731073918536,92.2438613182752,2.497663017083436,230.48919624842705,165.54524273179328,153.6537104696593,188.05879523039124,223.616600790514,218.81517296457304,,1.3545537882775365,170.54331754057418,209.5006065381555,,,0.0009508433269577,82.50590319974998,7.196187110461776,1712.6842481228482,,,98.27910546816896,,35.299396004430335,,141.4333884254699,303.5740356687912,96.76826718453547,91.02568533207636,508.3218086281153,,204.02664446382045,179.9437317434224,,,59.25499753185819,10362.560999608228,136.06784714640102,406.4567771687231,107.2147963660088,71.93304168890457,1.0914126896338845,83.25049354539792,403.908387990087,96.07843137254932,587.4987272869695,430.343637468334,165.54524273179328,184.60792531251337
2020-10-30,,307.0250600687753,,307.24963256932864,126.69400745402616,67.23460881245614,,,1760.0687469389115,252.54840042321263,3273.880315891514,89.14956011730307,,23948.262833152818,26.82138914692724,,114.15147293752864,,269.03743708336606,,108.6808620144845,82.48300633622205,189.42016308961848,154.04423902277898,1014.4960810346738,0.0024209998225261,,,131.0609410715121,185.580303639768,175.34321059591008,,2196.089515659982,0.601667963834978,121.9567802625174,90.6618109727746,2.2438540335971155,231.37733851298043,165.77124824178978,151.3668760651429,187.93352054998337,211.8577075098816,217.434026638576,,1.2797833587097522,162.50383691850968,200.8397141591508,,,0.0008951504190525,110.12731967369392,7.180010881460587,1621.816982741013,,,106.09239114690232,,31.51353902482724,,120.61496533087843,266.9393663732522,96.49606390131596,90.42621933085914,466.59855735424287,,191.57772509190943,168.92082054898606,,,56.53666653474105,9808.193706900853,129.79389313220938,419.4749883202024,102.67041303455797,70.10774311803316,0.973245420065828,79.57256243082668,386.2388112965122,93.13725490196109,559.1277999686737,410.6629396103598,165.77124824178978,185.580303639768
2020-11-06,,324.567830893671,,330.279376082037,130.42293834322217,68.17566394953467,,,1913.3189186154168,270.81534635045193,3571.9273649946936,96.1876832844586,,24381.47802038632,27.772727302594294,,116.14184479670932,,283.66921417242776,,109.478966784267,83.08872549930861,183.71775820578787,161.98415318586902,1094.0401257137974,0.0022491868723121,,,134.01436252404537,184.34706229904052,148.28419538045193,,2285.74653977627,0.6112291033882074,120.27257397319256,91.0283856338034,2.7452783543381547,234.48057380208,165.43225075333095,154.1765534277203,189.48778839017297,227.66798418972348,226.05990739368104,,1.377013383399953,172.16894708385524,212.39028296808007,,,0.0009257552419412,115.43645321252912,7.193506805458198,1763.736888428193,,,142.55576734531164,,35.30269841571258,,117.63848471461289,288.9056310627379,98.55460123066352,94.4164354468793,501.3468409009549,,178.69846580628214,180.88826795866183,,,61.691373984061606,10442.920674316094,135.02218508742916,436.4507393288046,108.43287825043042,71.27264339223284,1.1864537707453455,83.67793111457132,413.38564802812766,95.4901975743914,592.4812030075209,433.7791946089371,165.43225075333095,184.34706229904052
2020-11-13,,333.0228474405216,,311.5017710012005,147.0506869805464,70.6153490148494,,,1990.0787513842613,293.027788793022,3639.3778994452023,100.8797653958956,,26585.29714863087,29.90511487246705,,116.68907435558182,,288.31900884389745,,108.52949887546689,82.36812974688293,176.3639653821554,163.55232750082448,1212.0901611721365,0.002811483664869,,,134.31326214489505,181.89241317594107,175.63638694970476,,2521.8999232140513,0.6099946636941601,119.86297170639992,92.3154610371472,2.840626694734858,236.56749211535123,164.1673857239386,155.38049190140362,189.74232325638795,226.18577075098827,230.55326824535564,,1.291255920082622,183.81437320994507,217.0590673650584,,,0.0009511309224347,117.50366213938102,5.737743182199303,1709.2054320685256,,,163.08237848099307,,34.25629497982743,100.0,158.46357167379264,285.320328577867,95.492314294444,110.35692087816726,521.7408871819895,,195.99475510301977,189.951761742496,,,58.01580339168573,10576.54644098512,145.5629112641699,639.6352189480248,110.68165213823194,55.57429972491956,1.3682440299773144,86.65009586512056,418.6157002966448,96.07843137254932,633.2230478540122,443.73690797803295,164.1673857239386,181.89241317594107
2020-11-20,,331.1576973464471,,298.94948749202536,161.6563606913375,78.9698158689093,,,2028.2929502766576,299.8711081017188,3506.1630939054503,106.74486803519184,,26281.780670546847,30.437687006237883,,120.44482025058691,,286.85371518747303,,107.77756176545908,81.79744938734594,169.8251717547283,165.56619346318826,1258.791552826803,0.0025771933594632,,,135.38788908328883,183.1730973148461,154.8977041506122,,2577.3856557487234,0.6065738781750607,119.1215670020229,91.495314055603,3.118795010921068,234.93179336097424,164.7915997729866,155.8134392829262,188.9449086311831,226.18577075098827,233.20322532363272,,1.7675112845745848,184.93753183182815,217.0542068805274,,,0.0010272937746471,111.21951912962906,7.1307223751909605,1649.259583704315,,,185.5339993030759,,35.010005106280246,99.23735252573051,168.1709548274591,291.17090357290914,93.63792942751112,117.8352159409774,503.5648311268096,,203.67471153211284,190.61494870201105,,,57.822115570223296,9924.003585933797,147.54605901816907,733.2459572005633,111.01740028470677,53.62284021441531,1.47831242467281,87.7932346953528,407.1042032273425,93.13725490196109,636.7418546365938,436.07879772100426,164.7915997729866,183.1730973148461
2020-11-27,,336.38503203262246,,339.9627807691893,179.83168721158825,83.8598154684499,,,2048.999540460579,303.94622453614534,3275.566579252777,103.2258064516141,,26596.06183657761,32.66098319000983,,123.24718242099684,,291.2972049759082,,107.46715048254312,81.56186369782337,185.7974360133504,168.9336414658294,1241.8529611306471,0.0024990965909947,,,136.2703515279293,185.3905686353096,190.3588765238119,,2739.445038543528,0.609070400945402,118.78325483787631,91.84920388662064,2.992168539252164,234.0259643321428,165.6995415769546,156.47579095355255,188.6259341514041,228.65612648221352,237.58428088959303,,2.238416670151504,186.14935754805197,218.29233940181345,,,0.0011377062933082,117.33355921202876,7.109805344705286,1673.899792809039,,,280.5186846314191,,33.98971115136236,98.45502891304348,182.055542028489,286.8520656201074,89.06151172838311,126.79023531270244,515.6719589832016,,211.56517781502956,193.90072469925877,,,55.35540634743425,10213.5277751009,145.35858933983206,767.0841497701159,113.09439217194496,54.030366738257584,1.3103415423233782,90.0894567327177,405.6035769773614,96.37255201152756,638.3558995144134,442.4685385916084,165.6995415769546,185.3905686353096
2020-12-04,,338.66991559704957,,312.11489330216847,220.9009530676825,79.22618552705329,,,2142.439050439799,305.00662086501825,3354.8209572321225,105.27859237536777,,26374.7178481368,32.943428706307245,,126.27122482505828,,292.2864104407147,,107.10665683066986,81.28826814824383,202.94562889839625,169.69296797622883,1093.9796266895676,0.0024990965909947,,,137.3022692125972,182.10586957948817,205.7629422146028,,2859.8898638132496,0.6111953031980071,116.46546174810312,90.52324709034714,3.0025978911241964,233.46308789789236,164.22413343962663,159.8588645012485,188.2874217097254,231.3241106719368,235.0034413638395,,1.794455274430579,191.0853635874891,219.0234290838605,,,0.0012468395643721,117.9565705853788,8.570561893241642,1654.688209015082,,,240.07325167088433,,32.586814761028734,113.51319052684612,220.27621006127148,325.3379425411444,90.43954084968188,132.75393897038649,525.0287538298951,,244.14875981055437,194.96583478627025,,,57.961347661262664,9634.479396766696,152.7142519745508,731.9596305239696,113.43015223283234,51.28163275771072,1.2160472938237086,90.96917859352013,410.0864028829851,102.2058823529415,656.6616737155413,446.5006623397877,164.22413343962663,182.10586957948817
2020-12-11,,340.4845097601926,,289.6665298772982,241.0243434188626,69.80033933943199,,,2139.6562972430347,317.9359780140145,3439.977256975888,103.8123167155437,,26098.87623128046,33.933270743573985,,127.74890182432316,,294.2277922887572,,108.19686150575907,82.11567563707271,368.4373785527605,172.92835919445264,924.7464533480376,0.0024990965909947,,,137.1741740290352,191.0350674061271,201.9357196968731,,2710.6871251477382,0.625414151523053,119.68661048246312,92.40233870856224,2.9519499721491647,236.6226148988065,168.36661927317047,160.23098488098415,190.58675613695496,231.02766798418975,236.9442533184203,,1.682704025739989,191.1212127972248,219.6669333944621,,,0.0012744247317408,119.3930136145572,8.75235988063498,1664.6697158141055,,,276.86659726790344,,35.60860440050502,101.26207529770058,197.8680735291268,340.0732625722796,92.73625605184648,132.03451036403467,527.6846760151944,,253.44933831672265,196.58360067287748,98.23199434216288,,56.978242959847115,9843.82751583407,148.33931261787689,1012.7160741453864,114.63261432236298,51.216081019028515,1.2814314459933416,92.86281926403085,413.41417997513065,106.1274509803925,656.3207824248142,447.158391688081,168.36661927317047,191.0350674061271
2020-12-18,,338.7833555824395,,279.99609758228144,207.58528532223,71.95264136170634,,,2207.3677774115017,303.8345824984081,3165.11632909007,98.53372434017707,,25255.550091447403,34.75092855170509,,128.87156932553395,,292.57206335568543,,108.27366481622246,82.17396527359354,375.7827706435008,172.1360184879488,997.8704708196803,0.0024990965909947,,,138.12069492466185,187.31160389073,198.27291525354977,,2623.736686874732,0.6204436809183185,116.82536737094432,93.29448002408068,2.9682451743642524,233.18687047287355,166.69259954269452,159.62012694959077,187.52994608764195,235.2272727272728,236.53937926340768,,1.7881386606813112,190.79434661383743,218.56827386545675,,,0.0010963004883795,117.76298617589592,7.156110099701622,1673.0147095866548,,,259.1936614069356,,35.24003610524528,97.86908865912773,192.7099690153723,340.34396512231,92.82131957785256,130.74709842534514,546.2752689351536,,242.4552381764182,197.1563572285635,99.3475966791378,,61.76099306467941,9683.475375634604,152.3203536916071,816.2923030580758,114.2734424407579,55.18294461709296,1.224412036851023,93.7574529502521,408.6706634700846,119.3627450980396,654.5564105576462,443.94130639960264,166.69259954269452,187.31160389073
2020-12-25,,339.6904303889145,,283.69458419529604,243.04217531698237,70.05939241979485,,,2227.7170136074774,306.74339895085103,3044.9700646001033,97.65395894428264,,25728.97037989432,34.034395598955875,,126.478787541581,,290.58836255727687,,107.20683928011933,81.36430131047267,489.67433100391486,168.99966985803798,1004.3590743285632,0.0023585224673343,,,137.9000793135017,186.51709082132632,201.1489640135168,,2611.895193123524,0.6204750243664809,116.01197714861983,93.53002265167984,3.0655989739160723,234.021691897344,166.33793443728456,159.52121846822342,189.12899920429956,234.58498023715416,234.26951091617843,,2.2179068441746868,190.4674985665087,219.33604594257017,,,0.0012555855405988,117.1968101051691,7.1266934058810865,1713.043978480839,,,278.2894543464352,,37.86263031157897,100.07984960112252,195.7540983845848,359.86274150121545,91.68146832937089,125.67321952925576,546.0213758545206,,255.0398624569204,195.4381028938899,96.816284486622,,61.67521512168441,9598.845587833484,155.74654093589126,875.639851984276,113.37548890792011,50.395827897662016,1.5255742569883075,94.0208699196819,408.4614911415265,123.28431372549058,651.839608787596,445.3103678878939,166.33793443728456,186.51709082132632
2021-01-01,,340.81138973209335,,266.6377827714067,225.8054238382905,70.02588087711898,,,2249.5686106333715,302.50432968947143,3087.5482144719863,97.65395894428264,,26093.269305887436,33.844087666536886,,124.3866954058376,,291.8526411994626,,108.02473218289228,81.98503861629918,407.222807642694,173.48960052822613,1009.5267999936864,0.0027021480698468,,,138.27013930548412,189.43420770896432,201.4771011532642,,2563.5142742398716,0.6236675526065729,115.61248717932114,93.5412547406208,3.354964442853396,233.7275486353824,167.6289206162665,159.66252223404376,187.58979923091687,236.5612648221345,238.95835365728607,,1.813499512636353,189.04122451334723,220.0218621470999,,,0.0014032746076168,112.74556431341666,8.537167842394023,1694.774387850973,,,233.9978777437438,,34.03034165859259,98.8963248662494,188.1437878642338,374.61140175985054,92.1408113698038,122.85229997045764,547.3527156760213,,321.3428006993273,196.92523686448783,99.27583467811904,,63.35922110155614,9781.468350200945,155.14333979889437,967.8091517757746,114.19535538071544,44.73886877434643,1.634307155869604,93.42942123062852,408.6748686910954,122.05882352941217,647.6691729323329,447.5308678512439,167.6289206162665,189.43420770896432
2021-01-08,,352.6086920887396,,278.1479669398271,230.9056327505316,71.18658526980151,,,2359.0853278379645,333.6045734678061,3149.51839299839,102.05278592375484,,26454.806783130654,36.897146217563815,,130.68332866399064,,300.05193783288473,,111.45689850282751,84.58987070050233,528.4860985270975,182.7005612413327,1050.916590994948,0.0024990965909947,,,138.6971449691009,184.5842220075504,215.510935413455,,2786.1343154627243,0.633006454988457,114.68392452165996,96.554440244234,3.452756078756616,231.8370324250224,165.64279386126657,160.42639759078816,188.9090137849672,238.33992094861665,244.64742264442324,,1.810508322841188,201.2240130332019,225.0844223523466,,,0.0019694224618768,113.93035906903904,8.6197174829435,1680.9664931993225,,,251.51894051471007,,34.83452948583209,100.51565562978593,181.46363156855332,393.2249358121221,91.00096012132208,138.98268919071836,575.3085652273563,,557.0281539335807,203.57717655095945,104.31237114306462,,63.73938535135395,9910.641415999107,159.41399574920766,1437.8612971596133,117.8183733586109,52.35679679539986,1.897698467890532,97.8131187092218,423.38971268133304,122.0588235294122,689.0526119987491,457.7554537138128,165.64279386126657,184.5842220075504
2021-01-15,,344.9182199723448,,268.60174253304893,232.26030116607913,73.51527068167819,,,2427.3634591211157,319.383339940787,3200.527859676587,102.63929618768448,,26173.85809993708,36.5000851358063,,127.09434014719156,,296.65584206600926,,108.25909532636231,82.1629078040246,440.5350792542726,182.43644767249813,994.146169882031,0.0025771933594632,,,137.97836332319127,184.7502356129199,205.30775878474049,,2728.6184886711444,0.6282612675903618,114.71631470970192,96.4892515234128,3.5967988022851354,227.44457060287905,165.6144145916625,156.85168065123588,187.4982675378828,234.38735177865615,241.06825751084847,,1.9900014668008783,197.0046046015527,220.00576013532768,,,0.0017778703482202,112.0524423821952,8.572295413608913,1614.0572627485774,,,253.77833057868077,,35.27069104759261,100.16345946220548,179.09597682613028,382.521077939579,89.36774042200501,140.38369086262617,545.83713228738,,581.9500374545659,199.33682162661947,108.64430978163855,,60.38803001007903,9785.923084732856,156.06019890016404,2274.854643363052,116.61591126908029,52.98017412499917,2.398378578560013,97.52484553747274,420.2432575074739,114.95098039215728,675.258164943611,447.2439995426824,165.6144145916625,184.7502356129199
2021-01-22,,349.73413496296894,,270.90505706940996,234.9306612862323,73.75234043591642,,,2572.3453329457675,443.04437347030665,3278.5175401349866,112.90322580645297,,26022.78604902998,36.37009608596913,,127.0231712273311,,300.13657573361684,,109.9871994230861,83.47444709914652,379.2075809571807,184.8794981842182,933.8149978111708,0.0024990965909947,,,138.5903989827993,183.63556507938452,213.27209421682616,,2756.3614581881116,0.6249686244942881,114.26284109366662,94.92163417929731,3.4300718636898675,227.14761007592543,165.10369597399054,157.1480170343293,187.0891182728262,241.600790513834,240.91488198592455,,3.085222483773213,195.81603986790833,222.32499870340533,,,0.0022527939861816,113.37800338156086,11.391348336791788,1709.2810131036913,,,321.3920981958722,,43.35796220585753,100.89311190488212,174.10698774340315,395.0518418126125,90.16733756646232,134.41998720494212,603.8390568866478,,517.3919430906557,199.76888822205885,112.18684152188943,,60.56505514287671,9750.28927579964,155.8913033181344,2846.234958268024,117.74810215322024,56.15784697915021,2.6958293257245236,97.70377796263516,423.25650566944006,107.84313725490232,671.187979714914,454.4120320519081,165.10369597399054,183.63556507938452
2021-01-29,,337.4239980868685,,267.80130767341797,211.00201629814768,72.89398641531294,,,2433.341867296572,429.324624376153,3157.949709804705,117.30205278592516,,25466.862034245925,36.40630537830896,,125.10181779901411,,290.974522979367,,107.1562564968496,81.3259116625107,353.89223047463247,177.28623308022352,919.9109750976572,0.0026240513013782,,,138.3484233151737,184.1810486936708,194.14345357514463,,2589.9038475855677,0.6178083816705779,114.0324962229932,95.9130736657339,3.3815451341726503,228.0863168987279,165.21719140536658,155.93467581354156,186.75227142692503,234.9308300395257,235.26752538195495,,3.774014053400396,187.1989455489867,214.9918110985251,,,0.002092090006305,116.18064215530676,9.832253421117809,1755.3168455764944,,,347.1532287608315,,37.336994475661974,98.89387238224316,155.0812114425256,336.41975036500986,89.99721051445013,126.6577062536708,579.6702621736365,,404.1640331952511,192.39348997257068,103.9470220480566,,65.57381686412215,9442.947165335408,153.0200600153931,2744.153410969453,113.78152017419818,46.9170030412713,1.8721226031012088,95.5367759457942,413.3710810660703,106.3725490196082,642.3558897243124,439.50479811649535,165.21719140536658,184.1810486936708
2021-02-05,,353.79367530110864,,262.71446718755897,197.8838677899805,76.37100042377499,,,2524.193199655564,481.4708831631271,3066.89148829652,121.99413489736216,,26375.492320740592,39.35752476876594,,126.53360795310992,,302.4217990533835,,111.45227836805786,84.5863642634129,370.8448170004562,185.86992406734797,892.6549106832224,0.0024678579133988,,,139.41592661501053,176.74110305482634,200.2642874349465,,2655.8778841994385,0.6144908912840507,113.26589548898976,99.28610176593614,3.8771739408957777,229.99108911507813,161.41518104243073,155.84173128487217,189.25193024022295,244.1699604743083,243.8630899776773,,4.971089869913799,189.8137843357926,223.56349384824813,,,0.0024037532249741,129.57622219789687,12.689412339334464,1839.3541879154852,,,337.2028996635852,,40.377573453796685,100.02407240315598,158.80181543852763,353.0296069928246,87.61543178627942,127.39607418583591,613.901131012256,,434.0109788094619,196.8348064606588,105.89770536428728,,63.45445034008891,8863.898787001206,159.65527252235887,3126.738291757622,118.06042656456486,46.460982085181136,1.948215765366028,99.7514853761255,417.8990048649435,110.78431372549058,650.5563713972449,461.5704932588816,161.41518104243073,176.74110305482634
2021-02-12,,357.2178991476828,,265.2639472769849,206.28840375320956,106.6910618255307,,,2725.1354430706183,448.52542034108166,3149.518392998392,137.8299120234621,,26930.200713927235,40.51757969000544,,131.44927255717346,,302.85556829463553,,113.31505542883762,86.00011319086242,332.1590863525283,190.16176956091016,878.7846518356105,0.0026552901279318,,,139.821583081367,175.96713118989143,210.94981723375267,,2718.8068826775793,0.6204541422204517,112.2761550261764,99.71616257275107,4.181978473810624,226.54484923597192,161.0747055718228,156.50610464838329,187.50412061353,247.5296442687748,248.5734618898293,,4.708117871013097,192.63662557819796,224.19861091892216,,,0.0029566884754154,147.71496394649637,11.276583799435988,1842.4765131467943,,,312.9416420099329,,40.86518636531191,99.14900119909365,157.04298656994712,373.59331694586785,87.70049531228551,128.56987328047634,619.5486717076994,,422.05880253265474,198.9348831667386,113.40683286988332,,64.74362040586314,8821.583384685384,159.32955716231177,2571.0153153125902,119.08330271329292,44.52764759268625,1.6727224438852963,101.24254467978216,419.2702732148665,114.70588235294156,660.6315593671698,462.73337715022126,161.0747055718228,175.96713118989143
2021-02-19,,351.3275721842314,,259.17801045846704,183.766192091566,118.77362532342886,,,2681.5453910380256,458.7426435639492,3046.234762121052,129.61876832844732,,26560.101581076964,40.52458592640447,,139.94073340480364,,299.60758885404124,,112.2664921622388,85.20430932107645,320.2015249503753,187.7847474413987,784.601310139153,0.002811483664869,,,139.81447030201525,170.34685049642405,208.84121297520076,,2868.686525927991,0.6147574355293521,109.66324767309388,100.27598680521524,4.097605723127634,220.9851679162748,158.09552085108288,154.35578965074524,185.09169949865927,242.3418972332017,244.8150902737567,,4.115746986244093,194.0331927674418,222.3573866200245,,,0.0024539809323001,134.50907952301108,11.16637857867586,1795.955242782922,,,281.20219369776845,,39.219170486567094,194.82997095063004,166.85183640169393,365.8001991849166,84.65522108126726,133.39922027642564,603.5482884711263,,427.0812239734428,197.81952885569405,112.17380067273604,,64.45396278192732,8696.866070249658,159.41399574920766,2350.3915085191666,117.88084062376228,41.15650791162451,1.5247749877086425,99.56261805392631,407.92291390387385,116.91176470588276,664.0601503759415,454.2554697436275,158.09552085108288,170.34685049642405
2021-02-26,,338.1706161516485,,258.166443204365,158.45741458095114,115.19656527530351,,,2533.0003801209787,561.9699492426688,2985.160816935336,121.99413489736216,,26336.205183435275,42.18997773878818,,141.7264130700525,,294.58221349807275,,109.65382265829372,83.22143182770846,247.88878643353945,176.75800594255432,779.8143765382895,0.0027333868964004,,,138.46941657858903,166.58411681416584,194.45815558889035,,2883.9113036081153,0.6211060119016797,108.48995182792818,99.91477840333756,3.4820017819459834,215.3281753804929,155.65542319409897,153.82500780204865,182.9597743069555,233.44861660079056,234.6169925848847,,3.7085300692788663,190.22978924699157,216.17880121789335,,,0.0020949955451543,118.88134354415024,13.99954734963772,1726.902132087979,,,231.07610588842604,,36.0304245960084,135.76669957590352,182.1400932926627,348.4338590187054,82.18837882709043,137.94389257411623,584.6570106333094,,431.4916753334136,193.09686311188153,105.93031993072914,,63.81795190122198,8399.862325584269,158.78666141242434,2248.946366874388,114.32028991101826,34.52217429231309,1.5472191613024775,97.80317433232148,393.3334825305432,108.5784313725494,649.9649024906031,441.8567219406174,155.65542319409897,166.58411681416584
2021-03-05,,342.60505002761647,,226.0579506441597,127.55525337958548,112.85531422811036,,,2314.164770246351,515.4781990645698,2947.765713829019,126.09970674486956,,27947.85372753792,44.84771329166058,,139.82651454468746,,289.51451919173826,,113.6470030579773,86.25204382418747,237.21663534486763,175.63552327500727,796.4200794125474,0.0026552901279318,,,138.4480565221236,169.62050012212234,191.51364636170837,,2961.050135887558,0.6140335023900203,109.2457558325843,100.75844785102647,3.126930063911811,215.0056254457242,157.41455908634688,152.86155871378713,183.72943953135743,223.96245059288543,233.14008620226977,,3.4493491811390484,194.92461631767512,213.15263208255493,,,0.0019364480291037,102.98806987151464,14.036667071187296,1735.233835103099,,,233.4603591923465,,36.80311994211253,126.2709774848973,183.5776067130954,348.07431071059045,81.60994685024897,147.83521553918607,585.3169928201642,,382.14305926933355,194.38303551873128,97.3773458673978,,60.634674223494535,8755.38817441506,158.95555699445393,2078.3373937503993,113.26617417250814,33.946163256531754,1.364060250753939,95.5914463190876,386.7549464017343,108.3333333333337,664.7117794486229,449.082858566412,157.41455908634688,169.62050012212234
2021-03-12,,348.3474431254794,,230.2168247294075,146.52554773103506,130.051690482083,,,2400.170074065653,608.4737653842449,2987.7397895633576,129.0322580645177,,28509.670152887036,45.04266824567298,,141.44891903543103,,302.257813120715,,114.85742950413722,87.17069325682478,261.90692111279486,176.95609111918026,849.2826717281505,0.0026552901279318,,,138.7683161994388,166.8460804356652,189.9365279034815,,2972.400015891161,0.6154042448685477,108.00767961133477,100.7447139488024,3.2115109752944746,213.72799378911827,155.93915094901894,152.78442215870115,182.98527616961547,232.608695652174,236.6124036535796,,3.5187179878195125,199.0971038084527,220.84230053516407,,,0.0023756975191432,108.03875073003675,15.513793316507371,1754.2280820484802,,,260.6139095857814,,39.15617239044536,132.52599079206507,194.23203369997876,375.3453620242975,81.83961837046543,151.195970051207,610.292857423004,,384.7775149226747,200.45217593766404,101.49399850291545,,60.919360356713966,8888.148275482097,163.1779649534321,2034.5357072200557,117.18590868126972,34.93293597621101,1.5396525254939497,102.4552657087266,395.89640731799966,109.31372549019645,677.8446115288236,457.77814760882166,155.93915094901894,166.8460804356652
2021-03-19,,348.3522850076757,,252.2265007710665,152.54400295642444,118.39011426062842,,,2493.6429664228012,565.6101440285786,3056.0825642059376,121.40762463343252,,27647.790495802517,42.08939931048767,,141.54688070805977,,302.38476997181317,,114.35413725614217,86.78872115142488,255.8495720357131,177.51733245295378,836.790993001452,0.0027333868964004,,,138.0139380791551,166.6674771342823,201.48179837164744,,2989.39912052904,0.6156099061079761,107.57939104147786,99.1752441893939,2.5990227359429245,216.49562813562423,156.0242779343109,152.20438982390638,182.697338179709,232.31225296442693,244.68877511175177,,3.285240957492108,197.47890817054176,222.07643360718677,,,0.0025134097952942,120.03554778596153,15.63590664475826,1722.0316544941645,,,236.54002829405815,,44.73178105041142,122.07989895879771,197.86807352912697,366.8975831287996,83.34524278077333,142.87045766859205,620.4902574141627,,425.89147715818206,200.81391288536457,104.2797503548436,,62.590934574696654,8892.648095506656,162.6900095637838,2235.968157847786,117.65439529828669,33.93194629589134,1.7791585252278652,102.24651911259014,402.3291976110024,127.20588235294164,672.5513980263173,456.38391098531423,156.0242779343109,166.6674771342823
2021-03-26,,355.04482077420954,,224.8079763345916,142.66036079607224,109.33975826536486,,,2776.430464219428,535.4112863664357,3125.284996391191,127.5659824046936,,28646.44498233728,42.9362147946816,,142.0064050631252,,305.6115899372245,,114.791012087552,87.12028596255522,233.09617631504227,173.85275668537375,814.1927566705455,0.0026552901279318,,,139.05297940237992,169.59668029220245,188.40478113166245,,2932.851402665915,0.6106382397991025,108.76348361599082,100.20706302584476,2.457380462108127,218.86287556020844,157.49967524811882,152.91930579762328,186.69565874209593,235.62252964426892,245.0319325812941,,2.664906898101103,198.8273984387777,226.90512806533928,,,0.0020062019727279,116.72758398876238,15.700450096013377,1790.4812633087854,,,222.42699003409564,,65.74735292535773,118.81240109214572,179.6033231192124,369.9619981723272,83.53238253798676,138.49764703603395,619.3088544005676,,459.57115144746376,201.72829030027648,106.68057939447527,,59.91040268953408,9099.66344582828,163.12585195560496,2121.778062338859,117.841797093741,29.89981714713113,1.7186944181616135,100.93439223409592,408.61592738459905,124.5098039215691,675.7493832236858,469.4817494023134,157.49967524811882,169.59668029220245
2021-04-02,,358.0251968502537,,227.8574366175942,153.39215376718693,108.5081279789723,,,2823.898674762017,482.9262931283828,3082.7319480288297,129.0322580645177,,28728.355347315977,42.04401039954058,,138.9663105576742,,310.3724718534051,,114.82848655979004,87.14872709813108,245.9635642651086,178.3426873555619,824.7783453949555,0.0026552901279318,,,139.52268346051738,167.50098948941385,190.05059239887473,,2936.3205904089587,0.6090972451042647,108.14444550536602,99.03753074661677,2.529251918262422,218.49426949408985,156.36475340491887,152.6641595761945,187.29042831148905,242.49011857707532,241.12751352432645,,2.984728723354105,198.64760705237416,229.749558405532,,,0.002095915204896,115.8922254523984,15.703986487557442,1829.9804118907923,,,226.64136220143385,,52.39204450265215,121.86393605858864,184.2033350981646,389.3370644010883,83.004988676749,134.83136196986626,630.4539982129011,,423.14900467041394,203.45658734680296,111.65840092933468,,58.139125498393554,9050.16028877728,164.89342164721822,2065.054209529779,119.36439944926803,30.00483501177064,1.596125984322809,101.62026984431712,410.91976935561433,135.539215686275,675.4185267857158,473.5565994486621,156.36475340491887,167.50098948941385
2021-04-09,,366.23783941884807,,219.5854081315252,148.41877825565655,115.53390166023716,,,2913.501340736227,511.6599712237546,3132.162256732582,131.9648093841658,,29709.12933357251,42.072925304073,,141.76640912345664,,320.20633794471604,,116.23115800612057,88.2132802830322,227.4663691330632,178.21063057114466,882.5420130495132,0.0026552901279318,,,140.2201159091667,168.91796957774065,195.90249916285373,,3034.845395265943,0.616334081332706,109.29613690838907,100.57588280488451,2.5592334335277886,220.4702177823372,157.0173359000508,155.63903105514393,188.77476202728084,254.19960474308328,244.17825087891535,,2.487123348758923,203.92169500766872,235.8902668220482,,,0.0021235867195111,118.81389832298142,15.766534320818664,1939.2164093719764,,,237.06285073685984,,50.09715789307835,113.3312685724901,189.20922669211825,439.6351917597104,84.40003050324898,133.26556304221037,641.1008452372243,,421.0402323227181,209.36495238178333,114.94649923195246,,60.31219504851675,9295.428218732335,169.0823523282425,2203.945254614537,122.4955070750163,29.559285098286527,1.5419788420123604,103.62822818979652,413.8486543508586,131.37254901960836,693.3132636278212,488.2262627289832,157.0173359000508,168.91796957774065
2021-04-16,,370.2658043961952,,210.424610414906,142.49796532272472,117.20195624608483,,,2921.059602818141,521.9199416593538,3172.1363324669214,131.96480938416582,,30277.70436615376,44.44065664842721,,145.63737299908323,,323.7082310875066,,116.9242471916355,88.73929819106809,199.11338849329485,179.8613403763609,1003.1275427304604,0.0024990965909947,,,140.4994767780355,169.21565385951664,177.67749353043897,,2965.8086862248274,0.6217068545786252,109.11978666790026,102.92517564847564,2.384024130397875,222.5574808900408,157.30106365497082,156.08487954628657,188.77670369473387,256.6699604743086,244.89488929026015,,2.142099954437075,207.188045417868,238.70203353680287,,,0.0017384920302148,124.00670748644472,15.728053925518326,1968.9514641862197,,,220.75909338227,,48.06874799342882,102.02453282931216,176.82978876178782,442.6529387801445,85.47183093092579,134.88865696144305,667.0970463935677,,435.50832860478977,212.17846027141132,113.4133657380184,,62.49769636052894,9369.68346798692,171.1647083699017,2684.567698224183,123.6823493696559,28.21228808087429,1.508489580537323,104.5924440747299,424.42138282584017,124.26470588235344,703.7092731829591,493.0921486714713,157.30106365497082,169.21565385951664
2021-04-23,,368.3199144499176,,190.0657278401215,141.91553095865947,122.04403781269606,,,3016.4261761696444,493.7853125556492,3251.224826392926,124.92668621701031,,30143.50859902389,43.42691210449741,,150.2189933821401,,323.22156315829716,,116.6364646209909,88.52088649320385,211.13928034313307,180.4555959062387,954.873353265016,0.0025771933594632,,,140.34707848597833,170.2039678553178,172.41609322132018,,2907.179328670426,0.615551592866601,109.1017957801374,104.4985306215785,2.4469880745928463,221.89786938472315,157.8685299883308,155.7434210183435,187.8146990911459,255.28656126482244,240.6022359258099,,2.192649299939202,204.94056163747487,238.62972788563857,,,0.0017022090469881,116.49590625642968,15.718963538978226,1964.245355035781,,,229.08428745521775,,49.39472390807938,100.18148816758712,172.09449217962205,424.42951819292335,85.21664035290752,129.48469964768813,653.073209607774,,402.6876646445059,211.79662256762063,110.94728890016552,,62.459411632875586,9256.049656736595,170.12353034907207,2488.403752566195,123.42468828322347,28.778536815399903,1.5201069015084432,104.51291749911734,430.46781995761035,120.34313725490244,695.5990072838362,490.51931920648536,157.8685299883308,170.2039678553178
2021-04-30,,364.0267888483824,,182.98580177623964,141.00263200958037,114.94577502357876,,,2949.453104980405,488.6586369232335,3316.12897086481,124.04692082111586,,30226.793421863484,44.01955405677429,,153.5245895253776,,324.4488127189126,,115.84397958061878,87.91943240648834,210.0030388774386,179.39914163090037,1032.8185103826952,0.002811483664869,,,140.30353928054572,168.07253822304594,156.92797760823848,,3141.6963354031973,0.6163272403708631,108.8426632923538,105.52637898456008,2.8638603978017607,219.6890647714912,156.50661728237887,155.82409997303117,186.12141521665515,251.6798418972335,233.9901998285022,,2.0491869113617716,206.01934653603564,236.340017038242,,,0.0016495841825512,113.804966693775,15.881351088267834,1881.4724478100748,99.64684492874102,,223.64433618524427,,49.233623437562954,98.89721909164238,176.9312683425484,427.49811295930493,84.97846248009043,130.32489410309284,634.949629572947,,385.354611877444,211.17363712028595,109.9882514143815,,61.85920276956352,9521.568831514503,171.40683892682952,2872.720581535244,123.37002495831128,29.463232695376867,1.475497932021037,104.93041069139026,419.89189119990175,123.77450980392204,698.7267974624076,486.6777804450989,156.50661728237887,168.07253822304594
2021-05-07,,370.68070961075034,,206.01113686767732,121.74141832856895,117.19687192733872,,,2970.2939887562893,439.1932478698559,3324.725546291549,130.4985337243417,,32108.51506341186,45.330815361407105,,163.660253445076,,324.47526206289143,,118.37727381728328,89.84206828461069,194.30395088823525,179.79531198415225,1041.41008818844,0.0027333868964004,,,140.98568302710476,168.9775100679372,157.0070248230637,,3130.595104019392,0.6195361377877846,108.21642003986548,110.11797150101374,2.335797039796584,222.44724331445528,157.30106365497082,155.9641426004288,187.41984449852697,247.8260869565221,240.0989128089222,,1.7611311295830352,210.75404204204992,241.42265385333147,,,0.0015258889451697,114.155207998426,16.101476928267655,1890.9202594378944,96.49319558013435,,192.45797078103303,,49.505433514898904,99.37913941131738,180.51656192997612,396.9442818300973,87.0710252198404,136.54993200199502,659.3901155154863,,385.5676182172747,214.5297427652725,108.41597048587052,,65.44278560819612,9614.951397941972,173.46497637078272,2682.161057814772,123.73701269456816,26.44867967423127,1.3562410442859496,104.46321457434236,428.7564475391862,129.90196078431424,714.7569118107784,494.5888588360961,157.30106365497082,168.9775100679372
2021-05-14,,361.0863029591344,99.4213472209356,180.48620491337843,113.73909822887327,124.73108916700856,,,2854.7266121611706,416.7738657269598,3380.17345779402,128.44574780058807,,31733.13945139039,44.80764556609817,,159.04861640398474,,316.9266192913472,,117.13496430371993,88.8992212959188,187.18270670729817,171.739848134697,933.5548175397316,0.002811483664869,,,140.72443672146602,165.6791631384813,156.09730097337024,,3113.94283345885,0.6079081738554686,106.86509845451228,107.4378065221536,2.344704250268141,218.777567309868,155.4993437466194,154.13155784507697,184.85557119135265,238.53754940711497,229.94782028244688,,1.879851570184691,208.44662170283232,235.68586324735296,,,0.0017056587185539,105.99717462846544,15.909503167251504,1838.489140780996,95.4471277520273,,193.5524548626936,,50.383578931082354,95.27711796208683,182.03862661458243,387.07331638806744,86.69674570541353,136.68213200812394,653.723753831748,,323.7809129186329,212.3191348992735,102.17901639021947,,65.09370076312089,9662.204644980697,170.05089302933146,2228.502222958136,120.68399212886231,27.679468354855285,1.153784984551689,101.22265592598131,422.5307007412902,129.65686274509855,706.1253230733098,482.4364506952446,155.4993437466194,165.6791631384813
2021-05-21,,358.16194410519705,97.71949462854168,168.99810909070692,118.5211110917736,140.5399768015941,,,2847.525013703753,389.73784673229414,3496.6570548263426,124.6334310850455,,31113.819370941896,43.42303179589545,,151.68910889292997,,315.81574684423833,,115.11271809338696,87.36444374733748,185.34895613367587,172.53218884120082,895.370812370477,0.0027333868964004,,,139.8536193936846,166.25071187211338,166.1257080271654,,3083.7610694883056,0.6055471474259716,106.41624523901298,105.0600774265194,2.268751720905948,216.85664410411843,155.86970810933835,154.56385597414314,182.9565439022713,239.130434782609,230.87139958141995,,2.5018573040626584,207.99712494675373,235.1489296420056,,,0.0019986603399983,120.21312308821514,15.89434593564561,1803.302251147566,94.5405372206861,,198.11085855328187,,50.3721471212882,93.24866542285208,177.91214300357882,384.79577514460897,87.92166047990133,134.73641502952498,616.2047134778397,97.13646462833503,336.5461378978067,213.1229964866508,104.2797503548436,,66.45373429974104,9712.505444847777,170.7409660402449,2267.512428339961,120.70741586399258,25.612839699499258,1.2276652550595364,101.33200615243156,425.2276005850817,131.12745098039267,703.5689320958663,475.7944400532983,155.86970810933835,166.25071187211338
2021-05-28,,362.8600330335803,100.46960837129711,164.61339834161777,114.79579970468146,135.54404697070052,,,2981.494133868374,446.9038201625981,3458.4022941773505,124.92668621701031,,31257.68383319039,45.1732631209884,,157.0712582029441,,318.62995704358065,,117.08692155613592,88.86275940023701,189.2370670986133,177.68240343347546,875.4663625381655,0.002811483664869,,,140.85506541080687,169.29899601042658,163.3007888845666,,3159.0422741184157,0.6026585402342471,106.6153366549297,107.3382985940364,2.116302980736756,218.2664297378865,157.1517678560412,154.59929846327228,183.31289645862557,242.98418972332044,233.32051502660377,,2.421977699660392,208.26683031642884,236.8613008125239,,,0.0017668903244106,128.528006720478,15.863564160405854,1834.1298679785125,94.4198280288182,,218.8356244538774,,48.51945450876553,95.93471606846232,180.99009029792467,445.7475616216065,88.72125762435864,129.6120320600179,609.4341692844672,96.62394782375448,345.40763984581724,215.23311590458343,109.10752124130964,,66.04473054763135,9596.704278815234,172.71436610229316,2622.646502180314,122.38619233960446,25.580137270758534,1.306296161938005,102.84293525016186,423.0322333544312,130.63725490196128,704.0200599154151,480.7039203933623,157.1517678560412,169.29899601042658
2021-06-04,,368.320582178283,97.78653482017832,167.6513287295928,106.15558046197728,128.59761823425475,,,3017.441542986435,403.4419800491728,3462.2707531193832,125.51319648093995,,31800.297605406173,46.81705121016385,,153.4952533937716,,319.9153951609494,,117.8285100455269,89.4255857059499,188.9239024910952,181.1158798283252,860.1859061879701,0.0032019675072119,,,141.2614460922354,168.19161920343907,159.3889760237641,,3080.291881745262,0.6007214188407821,106.96282701005886,109.4857283084487,2.144573513380555,220.28988585242465,156.89535590670067,155.16819909581997,185.05334562941076,244.9604743083007,237.5430678856985,,2.491685349178846,209.5254248914629,239.4488254040331,,,0.0021119294885072,120.56907930884218,15.91928189667366,1854.5303248191044,95.04747853360398,,230.65692428927417,,50.01607182206064,94.03105254108262,181.49744949368687,447.0859992690313,88.78930844516353,134.23552912583182,615.3493054700106,97.46680365451247,337.3419020379786,216.47910213163732,110.62761388609026,,65.40896854497163,9702.287847357851,173.92503736031003,2749.3183743098866,123.04988469231492,25.44794650291731,1.230837700921357,103.53876671714706,422.6560176915294,135.29411764705938,708.6716791979965,486.86672098438,156.89535590670067,168.19161920343907
2021-06-11,,368.257275954766,97.37121966708898,154.35403355560678,111.79332597050946,119.9888253765137,,,3098.659895996312,414.4536698468637,3584.7719529504234,128.4457478005881,,31048.21462194168,47.216283258431815,,153.4516654333257,,322.3698942821803,,117.5232150051252,89.19388297296538,209.0735677883794,180.6536810828647,944.03938500055,0.0036705481180234,,,141.80570830622915,170.91839923005634,153.47400969342192,,3031.7232533426536,0.6045239260500168,108.15009584939264,109.71160215614564,2.1496072366067756,220.75006106409788,158.34836057567617,155.7603423515043,185.1096183309153,249.1106719367592,235.767688265204,,2.6049443633598717,211.41330760897915,239.6646804676009,,,0.0020870040347355,118.4241905697269,15.868192036001547,1898.9337596083412,110.38369547002029,,235.79436250398737,,52.68742756046557,91.38227970885497,189.3107062728789,428.50096088826984,88.36399081513304,136.816986357509,618.0915202692029,124.21166007810602,327.22805525078155,218.85048538158864,110.62761388609024,,67.25881835617639,9703.423020780285,172.78700342203385,2991.049979638959,123.88537096000124,28.469729392714022,1.2288502651760909,104.7912462939659,430.61519984740386,131.3725490196084,715.1980047775703,486.81034928435565,158.34836057567617,170.91839923005634
2021-06-18,,366.56591072821215,99.50225927707888,142.3682640291273,112.45567565440317,116.49902083821668,,,3030.332652298071,430.5100264567506,3603.68441888925,125.80645161290478,,30157.435997337325,48.49642496879073,,142.6650978733841,,324.7027264211088,,116.15208090476064,88.153264959896,203.7985402553344,181.3799933971598,936.0386571774884,0.003475306196852,,,141.56623160330673,172.65688343007912,144.04152802784068,,2979.3383913772473,0.5994005895963666,110.50653932957655,106.89809574318927,2.248565507421899,223.75041361504864,158.63325791132715,154.55474292033026,187.8923198957158,255.23715415019797,234.59522764890667,,2.682936167129394,208.25644971183544,239.63427724276607,,,0.0019724334992452,91.7713171528475,15.80630624098676,1941.997762714395,112.21687816402554,,246.51196379908757,,60.13887809737388,87.84995821404642,181.8356803557415,384.3053984802501,85.40378011012089,136.60506902042923,601.3849913782739,107.59724078676533,329.6599517848247,216.63987751558972,112.00417008527504,,63.06160545035645,9779.487933587508,169.40663571470074,2733.1627674630627,124.30701010675772,27.473992077989152,1.0794630673468015,103.5288223402466,435.2875193386014,125.00000000000054,703.5087719298259,485.45838157075315,158.63325791132715,172.65688343007912
2021-06-25,,376.4398755011539,100.0694100462222,128.75206967783305,113.91549892188526,119.52655972626684,,,3134.2818712571443,471.9220327718772,3653.1147275930025,124.63343108504554,,30682.86945156479,50.110550675124784,,146.87520907351325,,330.5057124900534,,118.67631219156694,90.06902254006668,238.24993864529307,184.153185869923,909.324310106994,0.0032800642756805,,,141.81296114945357,169.8229232534255,154.93305583395914,,2966.502354379503,0.6023038997278672,109.18171923290517,108.75326623517957,2.430629130669604,223.59830129231275,157.60761011396488,154.94563533205243,188.86075148550717,260.0296442687751,238.58828073207073,,2.9545329287588538,211.71224099436955,245.9424132044169,,,0.0022354488300315,93.6932972705692,15.860233408236066,1986.939599092419,112.39207112512852,,260.61871275351984,,56.582295947825486,109.9361727648103,180.1106823149746,381.7664571701699,85.08053871129772,143.94487766730546,617.6055086479806,106.74856469586544,329.51326732463997,219.63424621287575,114.88779052364542,,62.44971145929227,9670.4988447776,172.11694814602126,2692.218396912458,126.29811099371425,26.65889775284588,1.240575764277088,106.14314120019824,441.6356887869937,128.9215686274515,715.3985060307028,499.5490221200024,157.60761011396488,169.8229232534255
2021-07-02,,382.6203344378338,100.4852533381558,146.03198819644487,112.38999642086968,124.7039098745666,,,3134.644906504399,570.694698847414,3773.466783567356,123.16715542522148,,31116.36491391116,51.332134692007955,,148.37921757619043,,337.59942654516243,,121.10154321267736,91.90964417273642,315.89186575422764,183.29481677121055,914.9251860496826,0.0035924513495548,,,142.24837534986588,171.7519297543945,145.37732926116476,,2890.8741039296387,0.5998299121810465,110.846794214616,112.93821235696596,2.4438707030689018,226.35905069925175,158.63325791132712,155.73812409220903,192.12851141893896,268.5276679841901,238.8566307535184,,2.832208441736152,211.31814557457727,251.15667174812504,,,0.0022544488430036,95.08676137545396,15.88840355506175,2105.4439039087692,126.77179728410376,,240.56707938454224,,52.25309340257681,121.03908321004246,173.48125935833426,384.60162384540513,85.91416126615749,142.23032613546837,606.4800989996528,105.60468397638672,340.31385335858056,219.09163312513272,117.33429364420984,,62.54294967345996,9695.475770135215,172.94714316630996,2694.6501019973184,127.68017093845998,25.538190282447403,1.2031375979259695,106.26241684382173,451.284087209486,133.33333333333388,714.1152686403519,513.7195254733191,158.63325791132712,171.7519297543945
2021-07-09,,381.7516762851191,100.7765918864536,145.0778850917381,114.71724276884444,124.64427393660424,,,3150.440209432569,541.9526478422786,3717.159214522212,129.91202346041217,,31198.102474051822,50.98110641442632,,150.6207398982126,,338.78435715541184,,119.28103427303994,90.52797450597164,278.8348757226206,179.23407065037864,890.3975718764567,0.0035924513495548,,,142.34997052022297,173.70473791607682,143.97086426212311,,2873.1813311370834,0.5959109106761294,111.3825062107486,111.09641308452824,2.359854220813959,226.08802847083643,159.5876759407083,155.43734979006655,191.67390805323495,271.245059288538,240.3528276364242,,2.637100833436878,211.53034653089645,251.9223075216451,,,0.0020657117942035,90.89333345647935,15.738977797793174,2102.858108125248,149.1259220701753,,228.72698008477008,,51.01328988330444,130.5872267884757,170.80919167898995,374.2559177763954,86.88388546262699,141.4404834233229,600.6382950269846,103.82600214056303,348.440101771186,218.87058613767888,115.61847627010306,,62.15831168903705,9752.24066138503,174.38774994986125,2790.961391843636,127.58646408352654,24.181463819818745,1.124588561807222,105.19880458920204,453.9470888134352,132.8431372549025,713.9749275532592,514.5799652532611,159.5876759407083,173.70473791607682
2021-07-16,,376.5382600307487,100.2858774454651,169.1442783973273,103.53748052427012,119.11507626924156,,,3165.3889161607467,730.6839656723321,3584.771952950422,128.4457478005881,,30823.06459918519,49.56371589825403,,149.2620308926875,,338.57276240358163,,118.38311631190986,89.84650242795821,242.67155264336552,181.04985143611657,828.2138182453726,0.0034362578126177,,,142.15403302273316,175.89568986933855,137.6621913799447,,2797.8999147645573,0.5934444301104908,112.03406305394984,111.89287500406137,2.2025166768483784,226.16209627625156,160.48512319746868,154.50188440247382,190.52876118042963,272.28260869565264,237.50531249488583,,2.3058939371879785,208.2261432189895,251.1676416748355,,,0.0018637191771591,87.37262394505626,15.618099303295118,2118.1423502641137,141.54334631729347,,209.28056345344524,,44.72067950765063,106.4998545352076,157.3812174320018,354.2829682274001,87.25816497705381,134.7942063912154,581.6755989657084,101.99931621768896,336.6910463513717,217.24276220683424,113.29592343428769,,62.3828300371764,9895.289099620046,170.859463028563,3113.072195226988,127.43030187785422,21.029874288067813,1.3247217196237826,103.06162622319872,451.5385586560011,126.960784313726,702.5664258302018,508.15431217168634,160.48512319746868,175.89568986933855
2021-07-23,,383.456373115116,101.83660826987683,158.29741579044767,104.57249857344388,118.04302258597404,,,3433.6217167631025,754.2818325314513,3644.9479809376,125.51319648094,,31013.708301884508,49.81319203751203,,151.3925322047828,100.0,344.1271246391257,,119.9294762456668,91.0201075489514,234.74590347695784,177.41828986464083,835.9962519952383,0.0034362578126177,,,142.32093700123917,179.99182849364936,147.6504219599518,,2786.4516375609965,0.5924139776569225,112.59873902347938,113.76793846100963,2.351114630070103,227.3022749228107,162.479426283299,154.8019705363879,191.6328905957408,278.6067193675894,239.8595886095236,,3.5233836566278915,208.89303407866063,256.19819487410547,,,0.0020025911369234,93.0394223721358,15.717146289339304,2194.2987049508174,138.75237371206097,,214.45532790825865,,44.01994840482171,116.67012820882888,161.72754981307284,369.43522121406113,86.93492357823065,131.4999576769263,605.2843751594212,102.51547785672062,332.67676455138843,220.15675854452863,116.72755818250133,,60.13417440353652,9409.379930353243,174.11915908701997,3031.057685430196,128.71085102742725,19.31940262116205,1.4757452674589524,104.20476505343098,461.7470517324604,134.3137254901966,704.5213130482467,520.1927681589885,162.479426283299,179.99182849364936
2021-07-30,,377.11901287435734,98.80617785156146,146.03272103012102,99.89483137178236,125.061932275489,,,3421.593290352378,819.2790352063629,3553.8242814141604,126.09970674486964,,30568.79314081526,50.46742199154804,,152.4144031303022,97.91099403983884,339.9481282904782,,118.4135827959797,89.8696248724438,237.32751318388736,173.52261472433054,802.0084495025127,0.0034362578126177,,,142.5604137041616,180.63481854783456,145.90259956773258,,2757.65742164222,0.5855511992417194,112.06663923913204,112.91749175512987,2.5831018340009506,223.9419723069104,162.69310471910558,154.43486988166651,189.3468121131502,273.1719367588938,234.52962712262223,,3.3063335040633177,209.31743599129896,252.5678342621347,,,0.001978519123404,95.17145473512734,15.645081446868394,2128.807917059319,134.51621216038745,,210.5608191750315,,41.36332709591754,89.59046041335914,168.62756778150109,396.9684555584186,87.03699980943796,139.01314040887388,589.6215664296494,100.50951228359372,328.8228937699583,219.6141454567856,117.295146209633,,60.90842186309872,9425.274431643373,174.4609986162985,3226.4018141909155,127.09455373137936,19.23916650714735,1.6543998306653132,104.25446797820588,457.73774051131034,137.74509803921623,704.992461622808,511.1761621638711,162.69310471910558,180.63481854783456
2021-08-06,,381.2248341342559,99.47844348528665,150.0390019039533,104.4670546438416,115.23182295925578,,,3558.319352081475,835.8822207161463,3506.113287795756,126.09970674486964,,31457.861983231647,47.91846272659567,,148.94837449622744,135.67980256638987,343.6087174971415,,116.46772939060178,88.3928254084889,316.0022900122758,174.44701221525165,786.5557237711785,0.0035924513495548,,,142.6112168258617,180.1383097809821,140.6919793883806,,2843.6932353212146,0.5876242065221314,111.69742038069556,111.38794248524673,2.4892000617638868,224.31204520323664,162.22301433395842,154.4368931887143,189.71892210228748,277.37154150197676,236.75419673656083,,3.7908121556579943,212.015379931359,255.46936900289745,,,0.002032441612368,92.13650536862208,15.620638127900628,2168.512948802887,153.90087021375874,,212.18622826152657,,49.64011962851382,83.15187695870496,190.12246550288205,375.3791317953181,84.34899238764531,142.84679476254234,627.3130445987858,100.47002104612758,319.78122024245437,222.34726565443745,121.14431211480574,,59.67568641172014,9379.34479572441,178.68518512646472,4377.670303258584,128.40633055632188,20.269748916489373,1.7553089954229593,105.22862824003974,459.7416162965982,128.92156862745148,714.0852130325824,517.3365797625038,162.22301433395842,180.1383097809821
2021-08-13,,387.4511332573863,100.41763579910454,146.54971577672188,95.15401491727692,113.90575535301926,,,3556.544863417917,1299.0431827188097,3650.016366016346,124.6334310850456,,31973.052046441146,48.45007630495673,,151.9741362318276,148.06303406315925,346.53930480999054,,117.12886995709626,88.89459601027185,359.1832382596443,173.58864311653923,923.7456941857886,0.0035143545810863,,,142.90148557744112,181.96791277611092,148.0536553370871,,2855.141512524774,0.5876242065221314,111.78791346615245,112.93771671013091,2.472381301029229,226.09464481579397,163.10621346349515,154.61618474310427,190.8526240161604,277.2233201581032,241.65685633968783,,3.395475724472102,215.6227221802555,259.8226337142848,,,0.002000401014725,92.67393398789852,15.727690672034395,2212.334692201649,128.03453721708104,,244.17090378032248,,50.2969013921332,76.63832177548318,188.0254057722469,348.34269317698937,85.04651330089531,142.25508497767282,635.5154638446021,101.10891537733896,318.0802579228458,226.0651082471245,118.35203983830093,,55.87430493218023,9532.91711810285,181.41991998955004,4793.962045452925,129.42920670504995,18.278654202254923,1.7806565786381352,105.82504437761148,468.7480678422499,127.94117647058876,723.6792175751889,525.3830093742198,163.10621346349515,181.96791277611092
2021-08-20,,386.0048790651467,101.32863595552617,141.107947287846,94.61317246312068,114.6430587317354,,,3623.291276065518,902.866694080988,3782.1377749452545,125.80645161290484,,32102.148838251953,45.58295689628469,,144.28581500422823,161.54288921868633,349.935400576866,,117.570387889382,89.2296846885474,350.7028653439939,169.29679762297707,902.1172242926456,0.0038657900391949,,,142.21208898765764,182.7452066625126,142.66561443234943,,2784.34877088746,0.5796042954359847,114.2819082036739,110.26954584728426,2.434594747629542,229.23650978117797,163.7899822844489,155.5787889736367,193.15963009122424,282.9545454545459,236.84583548462928,,3.1031060258314422,212.25788738052412,261.7763021414274,,,0.0019274028654801,93.6087611592298,0.6008189783139347,2334.2609231394185,127.09714976780306,,238.5652921248858,,44.806008952510865,81.06465003774657,186.30040773148,336.12520281827494,86.96894898863309,135.7056639552362,624.7451718653723,102.03433637618886,300.3170896289227,224.3368112005981,117.45824392895896,,55.44217980261189,9479.052160010751,181.12690669494393,3943.1606721438966,129.32770782428986,18.020445816957185,1.5750938187785375,104.25446797820584,482.711881254809,121.32352941176518,710.5664062500009,529.2119793313835,163.7899822844489,182.7452066625126
2021-08-27,,391.36689391754544,100.69507007241228,124.85478247083977,107.78377415319498,121.77035805630231,,,3795.7003307700343,991.5480054199852,3710.229073692145,124.3401759530808,,32083.444114320275,49.44653902293699,,150.09875073326242,166.1814222459658,352.1783049462667,98.36243228159712,118.43226904859014,89.88380674645452,378.6283482351078,174.61208319577335,893.920272299678,0.0039048384234292,,,142.9232551801575,180.24592919322183,157.35876570780724,,2775.914673718222,0.584072338177011,112.62769195035712,114.6474735892529,2.497934210081807,229.2473852211289,162.59338956481403,155.8831234760845,193.5225280630156,284.140316205534,241.7175748759913,,3.579309201905062,214.2282904709563,263.79403203730914,,,0.0020394431529342,96.83559636015354,0.5512667619822123,2286.674454438463,124.08716859426616,,254.12297231262917,,52.71274450474549,93.82322176134286,197.42836308631175,316.133008489283,87.24115227185261,141.6898142955699,635.2082026340702,102.2244486267559,327.99242262514497,225.7234720555142,122.98407977366162,,56.40762630318016,9271.61487954022,183.56862826342316,4249.407645660199,130.60825697386295,19.17125310323427,1.6754151158393749,107.58448809921632,478.62162396538554,124.50980392156912,716.5914786967429,534.4733273144221,162.59338956481403,180.24592919322183
2021-09-03,,392.4475374508768,100.1310139895391,119.3326300578332,114.9324072415917,125.46066883733324,,,3895.1725445367665,926.2519300338212,3685.9707166429025,123.46041055718636,,31249.617102669257,49.96547904744868,,149.39981102460263,182.8657518264562,351.97728993202793,95.83037547803733,117.78131093536506,89.38976408629782,390.51331221776337,178.73885770881392,904.6413040357752,0.0038267416549606,,,143.10467591815538,177.87821089013107,145.90626390392617,,2702.1151973967408,0.5910772784024553,111.7589605392747,114.94872771133602,2.4823565102858742,228.54048209094552,161.48227474038376,156.13778658857186,192.3031127464766,285.8201581027674,251.0514760521293,,3.7478935663266313,214.31922845162663,262.9299719073886,,,0.0020359701659334,96.35183690826302,0.5195716554740626,2275.1880709964066,129.53863042505736,,260.7571923210976,,55.15388902137277,91.47197998831386,188.904813755197,346.606813596361,87.73452072268798,139.72108095514284,643.9088447570114,101.43585514446008,511.576850807471,225.44212279978984,123.38204965689064,,57.468556990523055,9118.043603672597,184.5941468512587,4619.41039793894,131.3968838568763,20.525995962262776,1.7974943558662615,108.3101337371756,479.24919769955113,150.00000000000057,715.6290628916049,532.3397054468788,161.48227474038376,177.87821089013107
2021-09-10,,386.3663589327916,100.00669907464923,118.8572553416281,108.46690392346036,159.11160170115423,,,3933.303924086527,966.493448277219,3540.420574347449,127.27272727272891,,30767.64925603153,49.777845801842616,,153.22272933234103,175.9366886671949,348.24264256222403,90.74341504640036,116.1459728597984,88.14862927793705,378.13290698882304,177.22020468801503,870.4938759667241,0.0035924513495548,,,143.3223830183615,177.7944947383244,146.4122838139045,,2638.506948633106,0.5887226567592414,111.78791346615245,114.8777063859234,2.473153389095238,228.12826109495057,161.19737740473278,155.6722860294768,192.29988182804632,282.21343873517844,257.27781026333736,,3.375464678590259,210.98470014474137,259.6164196659395,,,0.0019767356133924,94.07354188433592,0.5078951433528525,2233.6991045715627,126.16301526020844,,257.18006066007035,,65.43675912560167,86.36694092926841,184.64304554097976,332.14313929604685,86.13532643377336,138.2786550344718,656.8010271737929,102.13042382760436,541.9176654089741,222.1864902704851,123.2189394940063,,57.39470698312955,9074.493056160354,181.24900022491073,5263.024091069407,130.3583879132572,20.336854699831733,2.13951271755266,107.03776540655588,468.1732125682512,150.9803921568633,704.6817238408529,523.2108993138526,161.19737740473278,177.7944947383244
2021-09-17,,384.12243197943326,100.93911666963436,117.95018407291352,104.66454915989544,139.8066735897583,,,3918.988068355716,1046.31038331485,3492.77023014358,126.97947214076412,,30769.428635101423,51.37044766684328,,147.68312326252183,150.29931160359828,347.62901778191633,90.71794045443228,116.75157242179752,88.6082472049915,362.6614196934191,174.57906899966906,888.099101369831,0.0035143545810863,,,143.60539892671656,174.94845577188164,156.2795842564015,,2643.0754447447916,0.5842297597488507,112.18247303968148,116.08451347983764,2.5389015175940752,227.82906745892984,159.6873910949998,155.6467146562956,192.98671435096145,281.0276679841904,258.1662180917057,,3.543797404894311,208.85298849490388,256.50577430100736,,,0.0016419963745314,95.17740315140428,0.4874922821114405,2272.128733176621,128.77864395829675,,281.8294354251846,,67.80045580475026,84.70888383941649,187.7209928353257,314.43014167772066,84.6041829656636,141.90422526168146,670.9207291388099,102.54887626474591,608.8097433155172,219.5337577648095,122.98407977366163,,54.96778182646385,8980.51638508985,180.55793957138928,4983.067300663527,129.62441244074353,19.22522699742373,1.9215768735310612,106.73955733776997,465.65191405531345,177.94117647058886,698.1052729479957,521.8170144441646,159.6873910949998,174.94845577188164
2021-09-24,,386.92197665340893,101.17389637491898,104.73460336472996,101.60444153032482,137.2108968611299,,,3978.268719518353,1025.5342294115808,3831.520858938355,124.6334310850456,,31060.55720944985,53.469590828370904,,147.89600434897886,149.08568538932312,349.68677674346554,84.58123650774483,117.51557983574476,89.18808828462087,338.7254605133335,174.51304060746037,908.9903783138386,0.0034362578126177,,,143.380438983286,171.62407789532318,147.3920640472971,,2638.8585034069006,0.5879398462568312,112.14988580798008,117.71353682087162,2.6549100953591904,225.7064185291924,157.9210037040629,155.7441571411737,193.88644147935335,283.5474308300401,256.9605296604732,,3.56083249338302,211.55380223374328,256.6947850561855,,,0.0016212539684797,92.00670070004396,0.551434940896038,2280.5032054447283,126.86038655006466,,281.87909044174825,,62.69575541648042,85.26557033037541,224.0813653214473,309.74876696474854,85.09755141649894,149.0384164431635,666.2158202665022,104.54911716502008,510.5632821020109,221.64389251512665,124.26931269809756,,54.129633411137135,9145.54904738915,180.38551119291893,4399.855948898073,130.08510703193383,18.27300341154563,1.7752729782922243,107.9323990927771,468.18003194957834,166.91176470588294,706.9172932330835,527.3117541787136,157.9210037040629,171.62407789532318
2021-10-01,,385.7949552920583,103.1781555324349,102.17652361262944,95.17596401136068,149.60268865198674,,,3418.0197585704855,960.2675190944276,3800.331542732187,109.97067448680497,,31397.235503623888,55.63159568412188,,148.43048964439507,139.7893905481676,343.4341518268816,84.68328910993618,119.02289927756482,90.33206374419888,234.57882745913577,173.58864311653934,1000.4850351480608,0.0032800642756805,,,142.85069352878412,166.82882839776804,161.17763883961877,,2731.6348592292597,0.5933584221744533,112.89917120672789,122.19898330136888,2.5202328562359004,227.97863024180973,155.7842410822704,155.86218339403496,196.92025305763784,274.85177865612707,250.5392347756681,,3.549011747031393,210.9706824251974,252.17207963266452,,79.97808958943222,0.0015475981337912,92.42958775221946,0.5246495261384866,2243.7312321244817,124.72424385500824,,244.634717785088,,67.15152505364192,83.11830520711923,241.63582317943911,313.31456250771004,86.18636454937699,160.5973827713709,622.735916271785,106.19519280839437,437.9784203932333,216.70016445147587,117.73878395201564,,52.7778007096303,9106.582217240926,175.72990738765174,4290.279265126106,127.83633314413234,16.526253227291942,1.7468436669691667,106.38170196730876,457.5044674431009,164.4607843137261,704.4711877349631,525.334379385128,155.7842410822704,166.82882839776804
2021-10-08,,384.1464461798491,103.40605115977635,109.32470070755602,71.19609067426448,138.78168848317983,,,3386.985961351475,811.5846430650812,3850.580996619903,105.57184750733276,,31999.832815849113,58.29195806140355,,150.03459485961855,118.7261972959035,347.84061253374654,76.96389270196025,118.30039117226346,89.783718437372,206.99291052851743,174.51304060746045,921.3017341017857,0.0033581610441491,,,142.19757222816574,162.41626827506917,135.69213626074466,,2948.816132362355,0.5939099127627666,111.11827347098678,123.96393968189416,2.4747403424950063,224.09837466605916,153.24861784331182,152.9563299740695,194.0740619631605,278.11264822134444,242.5650844721552,,3.129952505482984,213.08835762312535,252.88480457945948,,104.13323746623182,0.0015637041007783,95.48290847514946,0.6004258913393404,2263.081938576323,114.83996488383708,,233.67930405324032,,62.842015903624485,81.22514428341634,243.02257745547112,280.411681178425,85.60793257253553,166.52304657805658,614.861169687918,104.08732880243994,426.3513943460789,217.9059491663495,117.6474482337084,,53.86259940856873,8862.472058325804,172.35523500997704,3900.23632151621,128.92167655801185,34.75388152481356,2.241624654528035,106.75943661170726,455.03609273221343,161.02941176470645,711.3383556547625,523.6218076452982,153.24861784331182,162.41626827506917
2021-10-15,,391.0061810778542,101.78060442102628,113.94217774330691,80.53659031590429,158.70860762149434,,,3606.883697885419,924.6177990134512,3809.861611572961,102.6392961876846,,31893.92782466164,59.30842842244984,,165.5628594308658,128.67735614905757,349.6920666122612,75.3115887393819,120.02924038743213,91.0958232378485,220.2160469998911,177.0221195113891,920.8743213043192,0.0032800642756805,,,142.44287682906838,167.10388011362096,137.11030111286436,,3051.784144729472,0.5996509433584257,110.48843408457368,125.52865721145582,2.5187216571603592,224.99214696994983,155.41386585141476,153.38562205108536,194.0343226568703,280.83003952569237,245.44213296719653,,3.3047599666156113,217.4158150606023,257.7951492170106,,98.13051523359351,0.0020775270034358,93.9295924565302,0.5773928164289421,2326.622727026001,108.07439723205536,,237.80281138550353,,63.668993475135,83.55978603665365,244.4769933871304,289.8829127561285,85.52286904652942,172.70212030473877,630.4750271653425,104.23484719785904,484.281800108303,222.00562946282724,119.52635088358284,,55.50856346863645,8832.674755927248,175.77918337766255,3897.479731644278,130.22564944271514,25.58276724315014,2.2244934640118488,108.33001301111288,458.76066708858394,180.14705882353,725.2130325814543,531.2692164177715,155.41386585141476,167.10388011362096
2021-10-22,,392.32430167154513,100.87770598847712,110.12342391119614,80.38742780088253,168.72913993219814,,,3659.985592983585,887.8639688686039,3896.931785981848,121.99413489736231,,32170.452954237477,58.70144703042263,,155.08957487393374,126.67909287593436,355.19353015984774,77.18466401028095,119.80406041479743,90.924923589416,217.11435452208008,176.3618355893026,909.4100260613792,0.0035924513495548,,,141.78526673341332,166.6016379430723,128.09017992585365,,3056.001086067363,0.5982490019633349,109.56903228982536,122.56944275202284,2.4876596554113632,221.50441020469736,154.8725565664232,152.14369106383606,191.57657141974593,285.968379446641,240.67049006992357,,3.1920763861528525,216.40299351771773,260.16053818091865,,97.90109304565016,0.0024328823118841,92.79929780367254,0.5651751499815106,2343.5054506125034,95.9840399229398,99.96711994647544,239.91609686577195,,59.500516573451876,78.00349465800731,228.47844394423885,323.0784293632115,86.56064406380379,170.47998894149455,619.0597824846818,105.15683689146536,481.4178662815918,223.91478731701167,121.75104757651434,,58.06204614660307,8923.213638974743,175.0401938737703,4503.913750215671,131.44373132713673,23.43867464302222,2.238647251586211,108.7276269294486,463.5786768340524,193.6274509803928,722.265673950502,535.2153083979904,154.8725565664232,166.6016379430723
2021-10-29,,393.5485655493175,101.22341952850672,109.30435176304223,81.85361770572686,154.2895385451448,,,3730.56978670899,849.1769236642521,3939.3839108180223,113.48973607038276,,31900.41286504233,58.22464662450394,,150.33704617355033,135.21465387872712,361.74238772899395,77.52195090552122,121.34522792554624,92.09458793691932,210.654202021345,174.24892703862577,920.574713196084,0.0036705481180234,,,142.30248625675895,175.7137797813032,139.56504103384304,,3103.0922662794046,0.6035337728067686,110.92280531337452,122.57950839928256,2.581780864090251,223.4142728552677,158.94665150142524,152.818909780342,191.59165065439063,291.10671936758956,240.55081998699632,,3.047372103883262,217.50788463749225,263.2953536716659,,98.76592498079756,0.0031356641298893,88.69214192365489,0.4971673775264305,2512.0240652088446,105.27876150686716,101.70183608598042,253.9806297904451,,61.78024751200613,77.56476982291146,222.96518025184264,290.47112724062316,86.18636454937698,163.83310622588365,625.1996512537829,125.1784981920066,461.2123745936371,225.3617351078138,123.8452486730034,,57.34349273749587,8966.763139976169,176.69060126002518,4245.084988887664,132.69305280134037,22.37189769276606,2.206355308162404,109.28429399900944,466.5187471453624,172.30392156862803,725.5739446271938,541.9635595471118,158.94665150142524,175.7137797813032
2021-11-05,,408.5873478779157,103.4123136694076,126.01809598388856,92.65245961509466,149.5233314758865,,,3975.920297639214,952.4894913374344,4032.51867448922,114.662756598242,,32689.028370083575,58.97192836556816,,153.4683492452023,140.20035696940417,376.1043815094721,74.07697568428094,123.5641184636674,93.7786080939442,219.78090514809776,177.1541762958064,871.4023798006565,0.0036705481180234,,,143.0857060027594,179.4925750607807,157.4182784739663,,3073.2210496730904,0.606357635426979,113.70999676405478,124.69875648237712,2.7147505263941905,229.95626617421897,161.45377848593668,155.54265745288214,197.276067772082,308.10276679841957,252.23221619991665,,3.5141871108373746,219.56419260573733,274.6791001885781,,99.22803897718045,0.0034177052693633,86.39794746701325,0.514525281458496,2600.705386794168,102.92806627772023,100.35665114672072,260.67593267952594,,68.75742338034702,77.66901374146303,241.7372898575194,325.5517598148165,89.23163878039522,164.06701666893764,655.4826494657032,119.19213204202698,484.43259925770974,232.47588485766775,137.42823877670364,,56.88749352613578,9026.011265973084,180.48402558637312,4237.673419081933,137.214012397661,23.99214675491065,2.1120565561453564,114.60238371169848,479.5993086978639,174.50980392156922,732.2305764411035,564.7619377779546,161.45377848593668,179.4925750607807
2021-11-12,,413.1246178829248,104.29746463882312,114.6005057213198,80.2855667192298,150.85091638789962,,,3990.204938173162,897.9925845712105,3812.460721256807,112.60997067448832,,32819.702193891404,59.281932043414365,,158.52619020347944,137.0185281307042,376.1255409846552,72.99228764041446,125.3304555419932,95.1191641929935,224.4870070231609,182.04027731924643,869.8722088104043,0.0036705481180234,,,142.6940961297592,177.1128868807097,164.6449855751581,,3051.784144729472,0.6031155690209613,113.49160732311309,126.1711121839694,1.8950437138467395,230.1367330731125,159.9385742162209,155.2953259079564,198.31738769693212,309.7332015810283,253.1455039831247,,3.447427424970242,220.9452924561812,277.5045920056155,,85.91968958238255,0.0047023715910967,72.26862029452414,0.4850719429311231,2633.519533603822,101.89442254531312,99.99341146905022,231.3272476048541,,64.44830670178689,81.17756999945513,242.31228490354823,367.86874321829,92.17483678020618,161.68933236907512,668.9468466800195,126.8105586107626,474.85922317116297,233.5008087648833,139.8421148872679,,59.59587547162396,9061.884053129354,180.23770201617023,3580.898155300703,137.80744545939342,21.567287388132524,2.127468141065511,114.39363711556192,485.4303119161783,181.6176470588242,736.6315691572689,568.9831763702118,159.9385742162209,177.1128868807097
2021-11-19,,407.1773958169152,103.26862979427048,113.233956204322,68.36906596343964,146.0689944352566,,,4035.37076820735,890.1559732439868,3672.975168223664,110.2639296187698,,31814.19742596685,56.30168976845573,,155.3660506924899,133.04110699237268,377.299891857313,64.63754899948276,122.42988367767175,92.91778408771232,207.31753910307975,178.34268735556208,840.9491193048789,0.0034362578126177,,,142.30988235501104,178.8587919707956,162.19613817509767,,3034.212840843405,0.595923739592707,113.3495872781177,123.3794303221222,1.609148402512249,227.6362058979062,160.9682234691169,152.6381646351767,195.7661292729546,316.2549407114631,250.1750969238116,,3.597202788370115,217.56927059954063,275.4730335434511,,85.76586197077887,0.0034266711984892,51.321612347176945,0.4359588557970331,2661.882795248146,92.52118535619806,98.0169823245854,214.79897669483972,,63.56712637449933,74.57235371594072,230.00049572616476,360.31968282421445,91.6474429189684,158.55643626876457,687.965881310548,140.86157263546346,455.3968897814597,229.86333853178792,143.80545044032465,,59.18761835365115,8907.979451459263,179.6711596840321,3410.876319470541,137.00319878148906,20.78592551677609,1.9731360516479044,112.00794412568406,478.1787497957449,171.568627450981,724.1704358552638,565.1882754700241,160.9682234691169,178.8587919707956
2021-11-26,,400.4157148907596,104.81494005665778,116.73036619751603,66.40316482923171,146.5879641095384,,,3639.581800439668,691.774686722239,3643.518591806728,106.4516129032272,,32614.568569384723,53.40092379561754,,154.17193609620878,112.07406623918146,371.8777763416628,59.17301709384443,121.06350193936608,91.88077286522731,192.4854822653955,171.47573456586252,874.6421721137857,0.0032800642756805,,,140.3148750478296,182.91262071936228,157.48732084215223,,2910.1592638130073,0.5957085932254458,114.85713338954795,122.25515765438976,1.5111555483980217,224.33134643623129,163.02752197490884,150.71773696649478,195.36037604263757,309.6837944664038,242.5273978596208,,3.32235413934919,212.38246589048288,270.3407936613339,,82.03567482856798,0.0032196879719667,55.94062797425482,0.5389600147094887,2593.3241991177397,87.93613735305644,85.44201923241934,213.92595503324685,,59.64157504105171,65.73591661137735,205.57985072755844,318.47120642062225,89.50384206361474,153.31521973181964,643.5986950417204,129.54051431789435,444.8862543154463,221.6438925151267,139.30389365784808,,56.427269458196186,9145.201187492215,172.67545377191234,3433.090283082923,134.07511274608612,19.602142451513966,2.0562195432994232,107.7137175996038,478.0828097482343,163.23529411764767,706.1654135338354,560.4567337808346,163.02752197490884,182.91262071936228
2021-12-03,,396.8093725118054,104.92658639209397,108.44839478981947,63.50872092241009,144.16840457022195,,,3650.872965917845,650.0917034577535,3548.217903398991,106.74486803519206,,31996.529808138628,52.5439247188906,,153.68802606036397,108.32251333604924,370.2273372773869,59.19413361202919,119.78475713236428,90.91027342251697,165.01022762283247,174.31495543083446,819.1630131557363,0.0032800642756805,173.20261437908496,,141.51188168704647,185.53145098434555,146.2146070771484,,3020.1557977345515,0.5891493530009924,116.5030434743928,118.50869440452804,1.4916708074926517,229.8205486728932,164.0428675130319,153.1732292064703,197.47760114350305,309.53557312253025,243.8906115967551,,2.4910074100391406,214.65361535971468,266.9509520597274,,69.7265148886465,0.0025737343089578,67.75038524384289,0.4098413505566169,2543.563330989561,85.59058431639932,87.36861998126093,193.2781428711994,,54.80579642067725,57.41792541953566,211.2283990231683,316.43914374467363,89.07852443358426,162.6942331012908,655.5811365953949,116.06172594057044,426.34467515613903,222.2467772063713,141.0490653861084,,53.368558277404624,8977.40986842816,173.5622336592695,3309.1646598207653,133.59881027441745,16.99379464633993,1.867832647656407,106.74950171467042,468.3466800210479,155.88235294117706,714.0150180137854,554.1923080306296,164.0428675130319,185.53145098434555
2021-12-10,,411.95935231038214,105.63780573779722,106.43281707547054,67.98081315845342,150.0619485431705,,100.0,3689.2106028726366,644.8816553665322,3549.084273293607,114.95601173020684,,33433.11373996568,55.502029174723866,,155.63033488151484,111.30633097931484,381.86504862805066,51.16230664491578,122.1719447720097,92.7220221477008,173.68149110165817,177.9465170023102,833.8360616524318,0.0033581610441491,117.6470588235294,,142.22860419601818,186.11740930670092,142.84513289359205,,3083.060936950597,0.5974729659319689,115.97503561696615,119.43637772267031,1.7002737051648338,232.97954061794815,164.6291998028067,154.787704079158,199.88575651307497,324.35770750988206,249.80931692774175,,2.477864307803938,219.68694579746855,276.4110446068708,,63.50951602555415,0.002523552531731,70.18163441926258,0.4230382045189144,2712.8515994130885,85.95093890591589,80.16185063751135,193.97898916602915,,56.5404668270559,61.36334569039884,207.67692336087387,338.1718762562318,89.55488017921839,163.52179487304437,679.0207426140227,123.25511039701578,401.23763440175446,229.1800661485672,143.31615728234678,,52.28003247797799,9293.32053747063,175.6560121959192,3863.167991430163,137.54977245854852,18.96181799934165,1.874826995916533,108.98607645035996,485.2367844090515,159.31372549019667,731.0074992167929,578.6955209590858,164.6291998028067,186.11740930670092
2021-12-17,,401.71156056224174,105.16973000760888,95.45882521241784,66.13274024367716,147.3441714994873,,80.20080532712971,3550.77834052415,654.1311982315575,3687.7034564321343,111.43695014662909,,33808.008390549585,54.53423755038471,,154.04089465834295,100.08468476770643,378.16214047102136,48.266433279945154,121.42181057624558,92.15271010439017,177.55117381362345,173.9187850775826,824.7791556908599,0.0036705481180234,117.6470588235294,,142.64976463840668,182.11140532576397,130.0773557396231,,3130.855012216772,0.5954102105723686,116.25543074805572,118.88530835466378,1.5221015875615709,230.06317298909784,162.54130477800655,154.3066175818344,198.603557536784,315.56324110672006,247.6757990643316,,2.2163383148148657,218.79835758595928,271.14768943317716,,60.46284959375562,0.0023315775826464,88.58384103905695,0.4066821725473241,2545.2398909781837,85.65545110507435,66.92472590308823,193.74689410783665,,61.58808298839067,62.19987968040422,193.30189237798857,277.7477625927295,90.2694137976696,156.94072271938694,662.1889595474623,97.27137729320174,413.6404162050863,226.76848138643555,139.581161025058,,54.068718991920136,9215.78971146642,174.62748712207528,4077.472789069106,136.20675604382404,19.139958189441963,1.778157743470436,107.68389394876615,493.6425479789518,160.5392156862751,728.8120202850885,563.2254885564021,162.54130477800655,182.11140532576397
2021-12-24,,409.94885529393247,104.94693018984908,99.17327309291758,65.16018605432367,144.62523254554372,,87.99311522806286,3744.3487318623943,652.4394075234308,3730.155581268308,111.1436950146643,,33831.73775805873,55.65265967430027,,155.35907028665153,102.21144683853552,379.23069396776424,51.07783074939122,121.5054299564114,92.21617277607128,177.5308167758765,173.02740178276585,804.6074411338685,0.0036314997337891,102.9411764705882,,143.1152678466877,177.10093525049322,130.35768542706506,,3146.6691857142328,0.5964864571688062,114.21259797407576,120.82780917655369,1.5518961546997625,228.1757888365967,159.85277374865873,153.61803428331012,198.9121525233896,319.9604743083012,244.73872262484457,,2.340806557181707,222.10459283206404,273.7122193885148,,60.57214052449669,0.0027127180071491,96.48117789582496,0.3884290241394953,2625.2678097190924,91.15779285162746,73.5459377438763,192.01778983461057,,67.82670276640323,81.16599220361692,205.6813303083191,299.02506297433945,89.45280394801107,161.96519030174017,670.7727804946744,112.96028457053326,419.56794699588846,229.5619038523579,143.80545044032465,,54.11446399074615,9147.515288168885,178.4662588914345,3471.1105681459985,136.55032004495064,18.71614520067085,1.820097330028329,108.72762692944858,495.9887562362708,170.58823529411825,739.0576539003769,574.8222327484385,159.85277374865873,177.10093525049322
2021-12-31,,408.4013758519054,103.9152584322492,98.74754055038972,64.01262138461574,147.5687388594388,,87.92608949822292,3738.05793331259,643.9149229175538,3759.178972737938,114.36950146627728,,33977.44293783819,56.81918828943691,,156.19893766848443,94.35056244642742,382.53157209631615,50.18044952946966,121.50061108758436,92.21251551037956,155.72279700013067,174.77715417629508,825.804335027555,0.0035924513495548,93.13725490196076,,143.2260965750689,176.98134596127335,127.29476093201671,,3153.3461524948643,0.593925850988591,113.55714990725888,120.0065337118575,1.3717652836841945,228.3674712320266,159.19494470609465,152.93011576649926,196.8595196602275,320.9486166007913,241.67892032892047,,2.7032005383858326,222.44449710304016,274.84020397182593,,62.26466417409428,0.0022210144954665,93.6982429253169,0.3593825468002102,2609.452001537433,98.71003718659482,79.66644211824462,182.7117616109344,,65.53678413570118,77.43270174450288,207.81220796408752,308.5632406146776,89.53786747401715,159.77807392933013,676.2598085374316,91.6106017592948,457.308536900066,230.28536241537435,143.36508535378874,,55.11522082281273,9131.315526765227,180.00177893631016,3472.906141629541,137.03442645685865,17.123155784497392,1.8379901203479976,109.0457237520353,497.5441629377109,166.66666666666728,740.3007518797001,573.4496948162171,159.19494470609465,176.98134596127335
2022-01-07,,401.5612256873335,103.96214251289469,97.28506472628284,59.9983261651682,152.43056354385513,,79.24730691806352,3498.6114000238595,623.1005543898207,3638.320372439034,117.3020527859254,,36244.14964919742,59.75272991485067,,154.77689837023766,81.13339857404242,372.5019808595623,53.11165620604481,122.37256790138088,92.87428445538208,147.0686346130448,172.33410366457505,728.5737115718138,0.0035924513495548,94.77124183006534,,142.19904235208983,169.25634134546877,122.57563328158628,,3389.855859902633,0.5851296602830647,110.20705484586684,122.58738540101668,1.4066905417779612,221.65784098501084,155.87719206372853,151.76179309644883,194.2790660711174,303.5573122529651,239.53861939996776,,2.298217676453611,225.47263056920747,266.0506734307687,,59.846351506334415,0.0024257252359478,79.05108211776817,0.3480283768901901,2430.237424098603,95.24246121657865,74.74441623056661,165.72346850343197,,57.36870563087485,63.29603465944304,215.01663886943703,295.06049256234917,87.54738096547449,171.08804472249008,668.325566247883,80.60385437990936,436.9857104842628,229.28053926424897,137.8196757917976,,53.09555727193733,9105.857249320945,178.91205381444877,3276.7170992309225,134.004829626283,17.64573081267186,1.880414075646824,106.79920463944532,473.220459816596,176.9607843137262,750.4059954573942,561.2574523603946,155.87719206372853,169.25634134546877
2022-01-14,,397.0117100706589,101.65705635127156,97.59864513237136,53.545806909097706,146.9424046061242,,80.82214394598091,3382.470481848741,755.2221985810937,3701.132189798679,110.55718475073472,,36254.90882678172,61.42397602082041,,154.00219464033626,71.45218833206376,366.6513859714559,58.979758928491286,119.16207093662769,90.43768764728104,127.58747479618567,175.17332452954696,776.604722128912,0.0035924513495548,84.96732026143789,,142.12516029134906,170.83483237870507,130.43815877643908,,3630.934063422089,0.5870157174800483,109.6936157113658,123.11972612884144,1.4992818920636428,216.57024745679257,156.62082157385473,151.31675024917516,192.14426977028907,298.46837944664105,238.67689536877603,,2.0981645634803057,227.51198075717443,258.8058833987888,,54.89303298550268,0.0021234977560124,145.33950360331158,0.3603779008018304,2369.0078383047176,97.07593300750304,64.94033588065699,158.11606482255308,,54.44116210983171,56.557554571808296,211.8033940691972,257.6872979366684,88.24490187872446,179.36363838754252,641.280632386047,85.6328690833946,462.1831070359096,227.29099371808832,139.3201947192898,,55.14679798362654,9110.48545067428,174.55319111744294,3303.7814579889045,132.75552006649193,18.284787935902756,2.1087870770456014,104.8409492187408,461.2079997658583,165.1960784313732,756.1904761904768,552.2101715782893,156.62082157385473,170.83483237870507
2022-01-21,,381.42649472121184,102.20807831963955,97.5592745688052,52.60310357071586,143.16427562199542,,79.71031484456277,3301.0664662726176,684.2323859814223,3791.2346588387218,110.55718475073472,,34430.97797049192,63.48964275410407,,159.85247120597552,63.682409196209655,357.22483977741837,53.596334666167536,120.44033962234477,91.40782573920517,105.6771684774251,174.71112578408645,730.6272856047668,0.0035924513495548,78.4313725490196,,141.4527692737298,169.17264344042587,120.90662619604704,,3552.2147507085824,0.5867789197295462,110.45466757220396,126.76179602060304,1.211425034064462,219.1699470547785,155.7341876476125,150.12607406253295,192.63998402625177,289.97035573122594,234.8394545839187,,2.04485867932338,226.12150957643183,254.42623934476325,,53.15617584513232,0.001885548844329,141.4904768342321,0.338227957266244,2280.075340697797,88.87194020890124,62.81765365761544,134.7631749605448,,41.17915567521639,52.74245238190901,202.46808550807933,231.75274442418123,89.79305805203543,178.06319276495952,632.8091034546263,79.28775930200061,411.0411598487868,224.4372996486645,130.2844417007781,,58.05707465588669,8505.28049703893,171.01160336661326,3107.7988656929892,130.76441917953542,17.750794653033203,2.2349205619081856,101.79920226947938,457.1827073383564,159.80392156862808,751.2882303414794,525.2801986077365,155.7341876476125,169.17264344042587
2022-01-28,,385.09434302366896,103.37826548776314,89.71121781761865,46.95436360743129,123.9556082728873,,77.56311917889742,2971.150568225152,593.5905456335049,3797.7324330483393,104.98533724340328,,35849.289092989646,65.74844510429905,,154.04235918061022,64.99342471212,351.3107664637629,48.76355230420788,124.65050465317948,94.6031175548755,103.07196772208704,168.04225817101286,645.1509094153845,0.0033581610441491,66.66666666666666,,139.64988012846243,166.96036931720445,116.4217943068594,,3713.167851406264,0.5810819620472456,111.39780068791296,131.37641038104303,1.1675028521299666,221.599539100556,154.6187379271544,148.32252286804243,193.0397797163762,285.9189723320165,227.63121980968552,,1.8146879812638204,225.31813377134725,250.52831052420993,,45.42330506618217,0.0018001991387806,129.58753213077023,0.3224604650619457,2411.4001664286666,85.0259543963902,64.01413974537773,128.57532254582637,,42.89546853125504,44.83772916489826,191.1371709917262,222.3669259043279,88.21087646832204,186.71315130863837,606.0765650531893,63.1962036158338,346.4974413986413,219.91559546860012,120.53105622852048,,53.710182851307174,8763.331780829338,166.42981486527054,2884.8656220053135,127.45372561298464,17.964663990633607,1.9239941155244944,98.11629422652616,455.614913121368,154.90196078431435,748.4812127976197,537.6076279441203,154.6187379271544,166.96036931720445
2022-02-04,,386.6562015005848,102.83469910473735,89.6499565050408,43.552481526830626,132.40807765718975,,71.26713729188019,2991.3887600873795,637.9539197466347,3587.6377336040077,108.50439882698102,,35531.167529282335,67.61910355785594,,155.46584635838784,65.78916162560076,357.383535841291,47.73575902948341,122.7713951453626,93.17697316692372,109.04824270227226,171.4757345658626,611.5709978360313,0.0036705481180234,83.33333333333331,,138.19426936484274,163.105980741662,118.44384429225204,,3830.544247162574,0.5806851572264407,109.1656189666187,131.89036280568956,1.1524121585465583,217.21449486775705,152.04461479491448,147.99142163525744,189.10462757317237,289.476284584981,230.2692038996028,,2.006923063213145,227.17209534567075,250.95545449916025,,51.967803383276504,0.0018887714155779,127.72573873057416,0.2903957339508282,2356.27565811937,86.18319183285638,62.63168310450058,128.87956603580798,,44.01950078002209,43.26598725048584,192.11805855543696,234.42568010840048,88.39801622553544,200.68314637752115,587.9180963855645,67.94237620634958,364.750506679828,221.7443656308084,124.66727013776824,,53.72013190293612,8829.29104678323,166.87560978828472,2993.901851368828,129.33551176452926,20.32135881422103,2.293393239008146,99.88071487651298,457.2537295331151,151.9607843137261,753.52379973371,537.5040391541506,152.04461479491448,163.105980741662
2022-02-11,,383.2178806261781,102.65986284513188,83.26159454772645,43.01353622198196,131.66050789356976,,69.38785658173295,3024.0417847885533,630.6076420968406,3686.403901590209,113.19648093841803,,36123.14715302258,67.62957697604534,,157.7101892670707,66.70056885937433,357.0344045007712,48.69573563131916,125.35177917620533,95.13534769966826,94.2338302025818,174.44701221525187,654.7286707745823,0.0038267416549606,73.52941176470587,,137.44799628648278,158.25148295723866,119.12518596923452,,3986.5775114682287,0.5842483114965012,107.5888853121413,131.57356018509333,1.1327170151735388,215.06501291339697,149.52769561122855,147.91543180279928,188.4742645504356,288.88339920948687,232.8529728326943,,1.8950519723940704,231.6215918083638,251.86571685863964,,46.95130827744029,0.0022022499182198,121.75942231839475,0.3188382217821584,2280.1443249175923,88.68978400059453,78.4076411846766,131.221841148184,,11.32797313477536,43.70884850388131,204.4636785606341,237.51617827737084,89.55488017921833,200.88018432192715,644.6531950129561,77.36371740075501,383.9005629354516,223.63343806128717,126.89196683069972,,54.64902975197423,9059.569952452684,169.2531764126206,3110.820494398912,130.31154044299694,20.957696683389017,2.2568910834162623,102.42544205788886,459.1636476874007,162.74509803921632,768.0200501253141,529.5394491667412,149.52769561122855,158.25148295723866
2022-02-18,,377.12334255472496,101.73402869093292,86.64290339898646,36.95945039979794,121.0869985036499,,63.729234747470855,3001.516074990261,587.7829363707262,3812.460721256807,112.02346041055876,,35456.6208956978,66.92842684174438,,158.8134780911528,61.97240963170172,347.0048132640173,47.64678283674038,121.8408418117862,92.4707325732547,88.36380300722287,171.73984813469727,605.6156410594123,0.0036314997337891,70.19607942867901,,137.11549882679918,163.05790624119456,118.26668026764352,,3826.327305824681,0.5836560108080536,108.68859608309172,133.9454845157188,1.0094274367884026,213.9860959427282,152.27343058913027,146.10769457945509,186.4436637449661,278.21146245059356,229.03341881568537,,1.9994777944901916,227.48108894139136,244.42286869359444,,45.62451902523446,0.0021017676126051,112.09234800555234,0.2929307856012234,2218.833732971563,86.99012234176544,81.27503285032812,109.59262440018114,,9.893627908371313,43.00623212711084,197.96954020720744,204.8415154168913,92.44704006342565,194.5912160565152,615.8064609252322,77.08703788201923,405.474597083518,218.56913612586436,121.692326424649,,56.735331917116106,8927.651420544898,164.0770198742187,2979.6846360698446,127.07112999624933,21.355612620139706,1.9451477493768257,100.19880221923614,446.4684699993452,152.20588235294176,753.2431175595245,518.6142441790846,152.27343058913027,163.05790624119456
2022-02-25,,384.1245380603819,104.03022085085512,77.33183001146307,34.15418405350853,113.87048183092432,,67.44734848676399,3107.9076153811375,564.7789752559547,3962.469377982259,109.97067448680504,,36616.80517028194,69.9748512688976,,160.23840680055034,62.28967341364867,352.1677252086754,43.93225720410235,127.40535499249611,96.69390275644037,100.05021689914572,168.1743149554302,555.8892419616927,0.003475306196852,68.62745098039213,,138.06127489078537,158.3956881235912,111.28011924967012,,3781.3445962815863,0.5919698436038903,109.7518794903884,137.2341213732078,1.018967726709007,212.70875851260703,150.21413208333834,147.10838189731135,192.40442123838667,283.7450592885382,231.3270265968408,,1.8981764366475424,227.3883946345697,249.14751479867027,,35.89510305983828,0.0022620783099929,111.85732785738212,0.3031469495127068,2333.1780947569496,84.5584395714148,73.53860721552788,116.16188901501847,,8.753910401584932,43.89505731953288,179.40038976305186,201.10202451768612,93.3997515546939,198.91657011806777,587.416126183668,80.82976619249133,397.541969642601,216.7001644514757,125.7437374837246,,57.78332701628247,8743.625974730261,160.58495649473736,2872.353444567841,127.68797487869932,24.23492940533376,1.748667184443988,100.67594271318444,462.4651588297915,156.37254901960844,750.8270676691734,532.4801826900917,150.21413208333834,158.3956881235912
2022-03-04,,371.53384968468,104.41875208723032,86.58099933836316,29.09569619088119,99.20997330642398,,73.89910624293003,2789.220274780423,567.9247852178148,3823.265339800782,108.21114369501616,,37378.85620375012,85.49332108742873,,175.09407377952692,56.45153686822425,351.93497098166216,42.31319068098557,129.90404289416057,98.59027426293213,95.23624335929888,161.7365467150869,624.0949317014217,0.0033191126599148,68.62745098039213,,136.93816158684928,165.20879092839274,111.18816585832988,,3286.888062028974,0.607540642788466,114.1252078618812,154.9153359879828,0.8975901528444621,202.3790638932247,154.01810192260666,142.82579646624106,191.50345263020571,279.15019762845907,224.3440778918829,,1.8786873789865184,212.2786002600439,243.9494099080347,,35.95157277103592,0.0029703424370667,117.52225938728928,0.2668190343830864,2278.515739172966,83.74517958780426,72.55363532001205,111.18243556228238,,7.461535123497836,39.79043847230106,152.59518751079594,186.6916903752299,98.52057582026092,182.3012469436775,507.98395211141616,71.63909191399738,386.8953018685699,198.13102157936152,121.54226955447643,,60.02452237874968,7975.431206972939,149.06861284382987,3101.620621705779,125.25181110985608,23.636615331106476,1.8341061219336148,99.16500413559054,459.72220115371505,165.93137254902027,700.4611626723063,526.5849860721149,154.01810192260666,165.20879092839274
2022-03-11,,369.2905937250419,106.3927801931925,84.87762633072735,36.84053945766313,110.40766731005787,,84.20002896192842,2876.4016611283323,574.9688521767769,4085.814728269645,104.98533724340318,,38233.00186511063,85.85006516469971,,169.68753312158185,59.19342191620284,352.10424678312637,37.607615295413744,136.82361785654908,103.84186442229787,90.99454813678985,158.20402773192413,619.0713414606165,0.0032019675072119,63.7254901960784,,135.24610116996308,156.4851209335809,113.57340109240413,,3469.203732996378,0.6214831465524973,112.6213067093522,154.5068099124844,0.7310355025563111,207.01068830580928,149.3560946761042,143.61446601884515,191.7227845533308,276.4328063241112,221.07629274673604,,1.9326762083329976,218.14947857873503,246.1856847187752,,35.187513816727964,0.0036373171675663,117.16074560544892,0.2921704133723562,2243.17950759403,81.83566382905167,64.24172444294913,117.72888316436972,,8.209453572534558,41.55623938094168,158.14225622564518,200.7488813030459,100.85131643282796,195.24747424517685,578.9348441522101,83.25137225790465,462.33619813992874,205.78778441695857,119.94389448410035,,61.22742281563384,7930.999514148766,155.4335621420096,3298.5936999152486,125.54071178607047,36.38555775635123,1.822399466820776,100.79522783667149,467.3683181061155,211.76470588235375,717.3533932487474,521.1014874389609,149.3560946761042,156.4851209335809
2022-03-18,,391.76332407356784,106.03950831029904,81.0124001330804,36.43260074405716,114.01742832229336,,83.40746975995388,3243.2373237933407,555.8012071194023,4200.7902155018155,107.33137829912168,,39909.66427731022,82.82505904935013,,171.26343363033067,62.65589818562073,364.16514763745056,38.94270252852285,133.52402010709778,101.33764484738592,110.45172444369294,165.2360515021453,675.6506433446485,0.0032800642756805,66.33986928104572,,136.4209420635037,155.4757764443621,124.07787318616744,,3623.623667982965,0.6201443549137092,110.279887347815,151.85197503557356,0.8344504129104094,210.32997297004815,148.8984739982102,145.95183432692943,193.08513905718976,289.08102766798476,231.45191128729184,,2.048428292868721,226.3016308058635,257.32869891204695,,40.54836605473772,0.0032126366713379,100.35736528495632,0.2789292085907884,2395.797646714055,83.82642731983387,64.38700888017472,131.93399781878782,,8.895504156903087,49.75179078895089,157.5841636908428,209.6170941819389,97.10852128855971,193.0798328257871,620.9355220175928,92.780614122905,466.72552859628007,216.92122677131408,127.00939669087217,,60.222932812882824,7998.816167974536,162.4588244626835,3521.6134118901396,130.2724969129756,50.48520140206699,1.9392579479198928,104.08547992994386,487.4334441347828,193.62745098039292,742.325834116542,550.7767157147233,148.8984739982102,155.4757764443621
2022-03-25,,394.86102276236903,105.75552336732392,85.95036235521395,34.27547374149368,112.7825565294815,,50.8516866755933,3262.289833323934,557.9758679619982,4336.0295817097685,112.3167155425235,,41703.35652477175,91.66213880976048,,169.84530696470537,58.97034426494273,370.7669038945542,42.39419841390807,141.63145829197992,107.49076015010628,112.55583193302016,164.21261142291118,734.6432374334371,0.0030457739702747,65.35947712418297,,135.83721402858944,151.48644548537976,112.49597902269586,,3737.901531696424,0.6293378355764385,107.19197373568564,160.64477868779358,0.8352529475927091,205.9953130361068,146.3815548145242,144.31088908666337,191.10525571962995,296.59090909090963,231.53411968181453,,1.82741309453154,228.570567779028,259.2872955887408,,37.931089932104335,0.0031492042502005,101.2009567977692,0.265628991850497,2415.229366577369,83.85217570369419,60.19449899587267,133.1202259815654,,7.490712085042187,47.00175285990066,186.2665769036664,192.36756946901943,98.43551229425483,209.8542470553271,579.6261693151783,98.3220973664096,499.148575424626,215.3938912885359,130.56172151154647,,61.139156092182525,7919.307300569108,161.38970740498212,3616.2816162239687,131.77949138802424,61.01462776927528,1.8454320802853228,104.16500650555642,485.4857521190935,207.5980392156871,750.2155290570182,559.1403428657112,146.3815548145242,151.48644548537976
2022-04-01,,398.1089868757136,106.58359224455124,74.82549474683422,37.97865599149199,132.64011404479405,,46.6665663775349,3222.360877743377,582.9060077605894,4438.6705339131995,113.78299120234756,,41055.27555388036,84.23269793671257,,171.04882574743817,59.18900802323903,374.1947388742043,43.162384604478994,139.51147985229346,105.88180902631036,121.7653433760068,168.4384285242647,712.6071914822451,0.0035143545810863,63.7254901960784,,137.05638641348256,154.94706694951907,108.11430775442705,,3825.4184560151,0.6300624085563944,108.46281977212357,155.28330017617964,0.7834762454912991,211.39295035182565,148.2120375261004,146.7346841484338,193.50873266898645,299.30830039525756,229.4282119993273,,2.0827368892562346,230.528674576736,262.42312088994476,,37.28431142901544,0.0029510734550925,100.8791010879543,0.2746676935336642,2470.005949129102,82.09206746984731,59.918075090192325,142.47335037359318,,7.560490550496754,49.499481950419785,168.0525727354723,194.57011442306887,97.58487703419388,210.74914789564835,577.6125249169942,95.13525042483585,474.1899339276366,220.01608391666653,126.65057424222002,,58.917348936489525,8203.434176356799,163.52796048981455,3776.3154187046994,133.4972994792448,54.03988135789549,1.81346904375227,105.42743045927574,493.9807904429089,207.6470618154497,755.6791882048879,561.559517274637,148.2120375261004,154.94706694951907
2022-04-08,,394.4534382912117,107.21695830672876,71.37018735879447,35.310636733319335,128.26686714996342,,41.49608811307748,2983.698003615948,548.6728271580818,4814.873852289726,107.91788856305128,,41442.43223783629,82.36982958847496,,171.63241576144665,53.34126564691793,375.6230034490584,42.25262149180003,145.20500702972947,110.20289398595412,111.1608266702858,167.249917464509,689.2180066015632,0.0033581610441491,66.66666666666663,,135.34216025092007,150.28483966439077,106.4850902353517,,3833.374339383176,0.6325971273897174,106.70038212923316,157.8540146362181,0.7942653193878703,208.2504193355429,146.03834203373813,143.42787732670493,191.64528422115345,292.73715415019825,222.9697954935127,,1.8960196298631835,234.66245980976632,262.71877074008466,,36.04784773275171,0.0028440530711164,103.54938459325004,0.398291853693792,2384.708547390851,82.11447011268852,59.74413906210319,131.60982233237,,7.85893248476768,41.359199238071696,159.44445923750362,187.69119830653312,99.15004591270603,215.57166909071276,531.2799252858397,96.99968716933128,532.8630996441206,219.7548200846478,119.97650905054228,,58.76021583675352,8272.4194109298,163.37878489468042,3364.696124237173,133.04442074270625,54.556786042596215,2.0877186689535225,103.47911941547169,515.7732089911173,231.96079029756524,768.8822153038852,557.7412929796371,146.03834203373813,150.28483966439077
2022-04-15,,385.7328021599766,107.23759923694402,65.62053121961243,33.45429488441023,123.10076699217416,,41.40621978545692,2925.346677844958,550.6506983539114,4641.309323671047,106.15835777126242,,40256.25084622546,87.26853777216024,,170.2886807677141,52.36229209632467,367.8257368441138,41.04281384427373,148.76014960841255,112.90105852392593,100.5917262370152,164.4437107956414,684.1013545814643,0.0035143545810863,66.33986928104571,,134.58258538004998,145.95906054233544,98.43459321159216,,3778.4053744943617,0.6279008203594827,105.88471144827352,163.35982024776806,0.6628825223300024,204.2225328441877,143.69303469571406,142.45187132536375,191.41484228280655,282.9051383399215,218.8416503722978,,1.9370872617340316,233.0462377494448,257.24456323910664,,34.40407229092325,0.0028812642670383,97.27929576025085,0.4086772578929084,2238.3497535960632,83.89306413465822,58.759294988382926,128.2085994401501,,6.624701396805525,42.81826173453068,158.00695871975114,185.00712587336903,99.83055412075484,217.9580713315694,525.8287731021837,95.86830941576434,617.9671781137783,217.36335141099076,116.73407860707812,,61.21598656592733,8018.693251365326,162.98097698451264,3191.4421267874354,130.7956468549048,57.98535835562648,1.8548065775843696,103.29025209327244,502.7394411736891,230.88235294117737,763.5488623903514,543.7315074019931,143.69303469571406,145.95906054233544
2022-04-22,,377.5941336223195,107.90145402631994,63.062164399719315,31.015795559441635,117.86763047532374,,37.14379797948963,2995.4737921690908,535.8184444860121,4528.536431979724,107.03812316715688,,39514.02999832646,87.16208129628689,,169.1186485962917,50.4724450652928,365.58283247471314,38.516630845821375,151.98106468160424,115.34556212341978,88.67569855026301,161.2743479696262,664.4279547142204,0.003475306196852,65.35947712418296,,133.5433920961564,146.65599411871503,109.11637571767557,,3784.914613217162,0.6247178577307755,106.5802207249659,162.4343014373264,0.7015107387122317,202.76022604935747,143.52142285005215,141.95436874701076,189.6932396294529,281.86758893280694,215.02558413984,,1.911579623909869,230.74624621435024,252.5660438677884,,31.719494560060195,0.0024611933943665,85.09126776020457,0.4334688632426326,2207.7732552335706,76.58227233289394,61.32913387375621,124.35103408275634,,6.34184831663451,42.41355159051699,154.86136267245828,180.90957883235453,99.72847788954748,217.56033762476,532.2327006849277,86.1329123076051,549.7344178385368,217.68488684651095,117.2559987750562,,58.08765630451797,8280.60428074093,161.5388830001164,3122.5772593985066,129.90550917671877,48.975372632422776,1.9535597820292487,102.95228547661203,489.90043725754583,211.47058524337555,754.0551574248125,532.59289128276,143.52142285005215,146.65599411871503
2022-04-29,,383.5518675977494,112.54037956077374,54.66623017382975,29.556597963917326,110.507513546016,,38.82508002429293,2911.5693744650252,525.6420515306305,4708.268228112773,106.4516129032272,,39730.35311993733,92.9917964396121,,168.16949339238306,50.109033725926544,364.4931195027874,37.4372700009608,161.28730095267196,122.40850155069958,84.10168824426079,165.03796632551925,634.6614475981418,0.003475306196852,66.33986928104572,,132.1502824883221,146.451714161828,109.57372050882572,,3625.7934142238983,0.6305655649693072,109.21659282783872,170.18274890226914,0.6849305273508398,209.0716268569761,143.693034695714,141.46313977047478,197.8785916579543,286.11660079051444,226.11223734230865,,1.871605772868776,231.46110819187408,259.78322340087277,,29.482733874633237,0.0025359697694271,42.244653819319126,0.3873130232359372,2336.7811637835393,76.22656875481242,61.19353285309279,113.01054200010503,,6.1406578290532075,46.67161852685845,140.85839337944122,140.96895889568793,100.74924020162064,216.06883622422467,537.1282005743986,92.17632545293148,505.59811473433314,216.7805521434519,117.68006280015044,,55.93820588794469,8696.856052727073,160.1713768132872,3006.447147274622,130.10071491241231,50.15884581052131,1.8285632281282749,102.82305597622454,500.02732501656817,194.41176769780256,756.3508869830833,538.4022887872878,143.693034695714,146.451714161828
2022-05-06,,382.00833600304816,113.67969302774604,49.14921276570553,27.67683089894669,100.2771737314432,,34.440364932510455,2837.523468004428,472.4671926764193,4547.038234522833,107.03812316715688,,39560.705305777396,97.67390801895368,,163.88278327687286,50.03529373952341,362.2713746085698,32.71299442236189,166.54723148335543,126.40050966738742,87.46929205837795,160.81214922416572,637.535871661945,0.003475306196852,66.99346405228755,,130.67432697627643,142.42633649501988,105.05453545867124,,3630.8564497553866,0.6367034509560474,109.36953663685844,173.82494031247558,0.6839707206237399,207.68765472049887,142.1485608163701,140.67930354037895,197.4626041232401,285.02964426877526,225.01603146707453,,2.3075965631378894,226.64353451366037,253.19511735520817,,27.90911139433164,0.0025820211117886,37.163061031729,0.3664325064430389,2331.943683043721,74.4048447842165,62.216291546074075,103.8441728984226,,5.716757852928573,42.536535143224214,135.81867095767385,111.18586792341505,101.49779923047429,228.64716470207296,528.8344278167006,85.36707058511016,471.8159179210936,213.1430819103565,120.15266006258004,,53.645541331601976,8411.560062349872,153.28416494276576,2749.3239059475573,128.53906902686407,42.837424108593126,1.7912469445329502,100.7554598089334,492.6696667768016,189.11764107498544,740.6415942199257,541.6156875896188,142.1485608163701,142.42633649501988
2022-05-13,,380.59181568977914,114.9165293878474,55.451618599017834,25.94044477535867,98.90584019035208,,30.398988715293022,2835.518458792577,419.9800848113954,4531.17954662874,104.10557184750874,,39002.13717770712,96.35294465565578,,160.44283695742118,62.02273089580627,356.55831630915304,31.98674300862436,167.3490159497272,127.00902152489564,76.99128653139063,159.19445361505382,576.5477245723114,0.0032019675072119,64.05228758169932,,130.77222532632922,147.9417119804722,94.86090975830892,,3626.516736546537,0.622568187903751,112.1733734915073,170.88858643709136,0.5614836859242045,210.41626235950935,145.31389625173793,142.52924683338907,198.5008569707803,274.50592885375545,226.01838654112885,,2.2209671405635816,227.60704166113888,251.42452183896705,,25.92503271908936,0.0021005068449815,36.55374363053591,0.2761603990793904,2245.112088722054,62.17387949521878,59.93975062037911,92.53921663867372,,5.609801194150629,39.17016087601812,141.8054501153383,114.15428954102828,98.29941065264508,229.0448984088823,534.2837237823333,90.41325552534389,468.54972440576034,213.5852065500332,118.06497939066767,,49.71884368589116,8762.333943531545,153.9803430126317,2485.2653361105395,127.2429119968126,45.06894499949329,1.5089674518895104,99.4135187594651,493.54572796361606,178.52941774854548,743.6792175751888,535.3947863529801,145.31389625173793,147.9417119804722
2022-05-20,,367.7968866144312,112.09592593447898,67.51170353671804,30.8167768428206,104.05797565549412,,27.937632816078484,2697.943509568735,439.47914630498855,4622.807521127942,92.3753665689162,,37424.2473477555,94.59726972597544,,162.6805260363533,56.075628919116994,337.01225110883377,28.886656675890737,161.05432887440756,122.23168810763836,70.00964514282207,158.86431165401058,586.6247035343278,0.0031629191229776,66.33986928104572,,130.1246139522301,144.37294122533098,94.9967614520156,,3549.487654815649,0.6247002240588875,110.99935496500956,171.46299218634488,0.5821098994947105,204.8195192776425,143.13002601418137,140.54991150420412,193.9340245972187,257.41106719367644,223.73362892719348,,2.6706206857827706,227.23406442100153,238.8171800419433,,28.06753816870945,0.0020754986299103,38.96958223615775,0.2669632449911305,2132.0939118274505,62.35165545659377,53.3421251445658,87.81253580437219,,5.9731179671535415,41.7757584367336,140.8922113045745,111.84449565708914,98.18032171623652,234.3227002196355,528.6422829086981,97.0708919277335,457.4963225276831,210.9324740443576,111.7562570722187,,52.55602001999281,8313.286419037848,153.7317106975981,2620.221378153757,122.55797434016787,43.527148462152574,1.7845163551523031,96.838958447388,484.6101116109294,182.9411824544278,740.8521303258156,508.42803520199294,143.13002601418137,144.37294122533098
2022-05-27,,382.3143055835334,111.39847189724182,59.10245657231471,31.52654392003787,111.54540501729696,,27.69509013155699,2922.7893567228357,431.64407751818976,4660.692164430497,90.61583577712732,,38794.796052665086,97.16328271600813,,161.76836805008224,57.1919559153496,354.9713556704261,30.89650724984899,156.8562861966768,119.0455965146139,73.28989718546775,160.84516342027004,603.5333401808418,0.003084822354509,63.7254901960784,,133.70153470082502,142.51044853578807,108.8290487920328,,3850.733192218574,0.6220847194658923,110.43436876572932,172.9748435250552,0.5876559699091263,208.4554711467952,142.58405023358608,143.26748089268446,198.87789673428128,274.7035573122535,225.94413947932904,,3.2468571456769615,233.3881414572417,249.67501747826964,,27.722788812481575,0.0020858084865586,39.30406776428095,0.2876582519635914,2278.3005815725337,59.688464596844234,54.87872525235029,94.99777771117948,,5.952166774965602,44.63022696491999,146.9804700429996,112.5939584236144,97.48280080298656,238.68522427679545,560.9542754843587,100.81091832268598,457.38158302806465,218.70981075372657,119.48068302442933,,53.13832180441198,8216.359298256551,158.00824532140763,2630.2369074352932,127.547432467918,40.896248852362106,1.7030012893534687,100.7355805349962,495.1848070262197,185.09804220760637,760.4511278195498,535.2393342793397,142.58405023358608,142.51044853578807
2022-06-03,,378.0234367047563,111.47296489644474,59.84027172569776,26.783820714496706,106.46010242819315,,27.681213060047956,2866.104309935337,479.52184900452545,4599.900527503142,95.894428152494,,37981.332357271946,99.87253771634862,,162.19701005399608,55.75760889636542,355.7436765146066,35.237431135348125,160.5915094062596,121.8804326941628,68.88080522136633,163.7834268735549,571.8547484457338,0.0029676772018062,63.7254901960784,,132.73011189446805,136.51443805596003,118.02603565625438,,3830.4810500926224,0.6298506154933846,109.82900881521832,171.79647512876704,0.5308333468804483,205.9158809841171,139.2507676847209,142.03994815192053,198.27537036328368,277.3715415019768,224.0683905716698,,2.9826752892024446,231.77191939692017,247.2221355061651,,27.37865330769107,0.0018827864105867,38.01465467349102,0.2909369204989553,2272.982483123105,54.192017815667235,51.51255657760927,90.87215774956644,,6.472930507624721,45.081397607699714,150.05841733734547,110.2576835244018,97.89110572781584,236.77975399895547,564.6962021769616,95.15553119082423,475.8537294998122,217.1422890911525,120.0026031924074,,51.55054057525551,8758.915333029474,157.28719832920947,2663.0718987341515,127.9300280846533,41.46473441548885,1.6901847117146644,100.42742808930988,484.34703521645855,182.64706181544952,755.187969924813,528.2541140216917,139.2507676847209,136.51443805596003
2022-06-10,,364.8244304534569,112.62213189854558,55.94120905643284,22.681432859225087,122.35961592117133,,29.448673775572782,2671.329256420837,438.8198920182477,4339.553734575125,90.0293255131977,,35816.77229767789,103.96804408198348,,162.8828592521763,46.88461577284576,344.25408149022394,33.34479840602884,167.37428971542295,127.02820297172428,70.53399609618609,162.49587322548624,545.7948962274021,0.0030457739702747,63.7254901960784,,127.92575036562816,132.87357388516742,114.66541806855555,,3609.881426760762,0.6280649335639983,109.41077213268264,176.15960973085046,0.5421758888042807,201.8644730977607,136.08990027103448,138.11534386701638,191.73749692818444,263.2411067193681,217.24915268509451,,2.974027209910577,225.02731245333885,238.43130112259936,,21.794940523147737,0.0018821612275344,36.79668192578236,0.2298050017787112,2130.454123505893,64.22422951024839,44.31327005576057,89.54725515661109,,6.754008363858455,36.46359239199582,148.80693476184678,100.760619554484,100.28989716118777,234.47313208367552,529.4398092753903,78.14461382078287,636.3089328684969,209.68648781730369,112.46738154494622,,51.50031577160815,8604.068321065042,152.8614786255509,2270.6123827717397,124.15865184132475,36.86582152906146,1.535882211472117,98.27534737775132,472.4027384641444,184.80392156862817,733.5839598997503,507.1084926958723,136.08990027103448,132.87357388516742
2022-06-17,,348.88923158276924,114.69317432741056,58.36521868454982,21.36245200047336,107.91765500861952,,26.251187935669556,2434.0189518182788,385.5768417291104,4371.711629471479,81.2316715542533,,33283.4648597475,99.0833581080187,,153.80230910784306,37.91341297478621,327.27889252464223,31.29344217927297,168.0107551105053,127.51124642797112,72.34795459179121,157.80785737867214,441.30351327571634,0.002811483664869,63.7254901960784,,125.69675890650991,129.79745674951872,102.12994344207527,,3679.3161759214017,0.6300767928811856,109.74096134442564,168.93755608611,0.5677021326116113,199.64863116440628,134.94048795972586,135.60921798325626,190.12812238281808,251.9762845849807,209.1804621965906,,2.8138153633642857,215.84632854251885,227.62584150951125,,20.253668419689863,0.0017970657613941,35.784115151900245,0.1738213897058654,2108.8036278577197,52.84477429710528,43.871544557700034,90.3292521596694,,6.552411979218613,31.711467766935876,148.33340639389823,96.47505958817048,100.10275740397434,204.98848673183608,478.7215118321698,71.57460601778291,733.1873518486669,201.03497520520307,104.0448844127198,,52.106485567622855,8494.138610523256,147.01189637631177,1902.371165278359,118.51330530110336,34.51669057795601,1.3976301527553197,92.50994082195164,458.3705446219726,163.03921867819454,703.3884515977453,483.06764422242645,134.94048795972586,129.79745674951872
2022-06-24,,370.36081105455816,114.52140398031209,42.87775170150389,24.849163959782093,117.53286985307564,,24.73617200580463,2640.7409906376297,377.9395029787024,4747.0339096316675,84.45747800586624,,34814.92338793839,98.57026965518727,,145.35910116447533,40.33822859489502,343.23842668143885,31.983139935051163,165.9293338168763,125.93155813172017,86.97996621379338,159.3925387916797,479.59493196179983,0.0033191126599148,62.74509803921566,,127.06728984558212,132.89760196787626,108.6645569931963,,3886.173558031058,0.6224980601328575,110.1518644698187,162.1425330355932,0.6374357435081189,202.8588633158731,137.09562782222338,137.03646230522995,194.61246664486293,265.3656126482218,216.10058656393392,,3.1512713623737394,221.9251722317533,240.40823839315263,,21.82914711485926,0.0017850368251722,39.06639510223896,0.1591793844270733,2297.023947056514,49.84824750173151,43.93315391627326,112.56274997140277,,6.125273191004429,31.3048403134212,136.88412268823836,98.54434001884955,98.84381721908412,209.35101078899595,476.4937515431984,72.35454248464855,713.5569195634919,206.89308068376585,108.08977504721872,,49.755143459375695,8834.565979369338,148.72514636799258,2218.987036273045,123.1201558977057,40.068303908533835,1.4885903879797455,95.95426913806718,492.144486867342,161.3725550034473,722.6866972117805,518.1539312486569,137.09562782222338,132.89760196787626
2022-07-01,,365.4861260452212,115.81562228459696,43.19567066940412,23.485627221424483,110.2692417652777,,26.88101233182448,2358.563589749581,341.45887394751395,4737.342489251944,99.41348973607172,,35002.53427620398,100.11357065346482,,140.2179017921515,37.060691412600065,341.5562484043883,38.66433895286943,168.12886467158222,127.60088531649392,81.96537246469858,159.1944536150538,501.0453704846304,0.0036705481180234,59.47712418300653,,125.0416213094901,135.90161652034868,104.06409616798152,,3865.198755763417,0.6271135992631519,114.7672134658893,157.83929802538273,0.6986998965699918,203.7387698682267,139.07836351115034,135.36738298802763,193.5855666519678,258.745059288538,215.45902990199895,,2.9507513700737187,220.9172957918471,235.48775389663257,,21.532854869659037,0.0017476428963275,36.79820706567484,0.2017239777242129,2245.646479351619,39.872726172145434,41.70931914298863,103.24126925260356,,7.165501419176683,26.210659240128052,145.5767874503804,94.49786795533124,99.6264016583402,212.7106557525559,447.6066204088535,64.10662748385239,795.0890458035309,205.08441127764772,100.54801430984328,,47.04626375779624,8983.50291950929,144.97112036494886,1928.6837559805329,122.72974442631865,42.64175625262829,1.743910761241637,95.03478872939024,494.8470133452506,160.68626852596572,718.6666862468683,510.87045138887913,139.07836351115034,135.90161652034868
2022-07-08,,373.7646764948313,116.61798975927384,59.8092596175131,22.626718562303733,106.09873546320902,,25.587724751403663,2394.0502975145228,376.13856151114226,4865.093030621023,100.58651026393098,,35813.70166193268,97.56631914968426,,138.42921073473113,47.64433284238557,353.9133819112749,39.53172084588901,170.7782067582721,129.61159535387046,98.73364505294686,161.1092769891046,587.888609819273,0.0043734190342407,58.03921768088743,,126.6907718720458,130.8428571140881,107.681521911912,,3802.9965676482143,0.1890463052845261,112.8777868466601,157.68302783626504,0.726407933291573,202.59066273215032,136.36288816133214,134.1801581131456,198.7412158621372,273.7648221343879,221.98138638816215,,2.953148319693462,221.9251722317533,246.0630168886227,,25.294882365041133,0.0019285968839017,37.26357287565544,0.1704190950850845,2341.115782142389,37.471348025043135,36.98805633600351,114.51536612256766,,7.621086850313441,32.241762779759924,147.35251883018745,97.925218636101,96.15580979729144,204.938342777156,456.7343993036724,71.87233643666524,958.5033166290684,205.7676836608684,107.5091337273753,,45.792146040180306,9068.610436324934,147.1882594980081,2031.6635865157973,125.86085205206692,46.58714759828458,1.7846728901239728,97.69880103425317,512.3446030340465,171.27450681200284,721.4235784774447,526.5100260552748,136.36288816133214,130.8428571140881
2022-07-15,,374.246726384463,118.71577993519249,50.93824407760624,19.976577512550303,103.63038024317872,,23.34638328818645,2502.0208526111387,355.60560807893,4894.167291760192,109.09090909091054,,36079.15214050969,93.9011256847105,,130.00671486967295,51.040045695823146,353.38439503169934,43.210657376295075,173.87169768818512,131.95939079129582,100.23793268170186,156.91647408385535,553.051858906713,0.0042953222657721,58.16993464052286,,127.1953045777344,131.64793081394475,110.64887994498436,,3716.9267294287833,0.1894195404753721,116.03661302032236,156.00277937472126,0.8022855313587749,201.76405861504497,137.41171675591372,134.2250544519172,203.12354498695743,275.2964426877475,220.71104467432957,,2.693483651404041,220.79130162485336,246.2496230970311,,27.1880801926494,0.0019783831052805,32.8798825176139,0.1712658180928142,2281.159658479381,43.30315715399451,38.63420066650994,103.41125333232944,,7.462517869482325,32.41830750104538,151.8510641310593,90.80933828639314,95.4072507684378,199.5328220142168,458.7809846213362,72.41853365630588,1029.777824475966,205.3858459570777,110.72547002897429,,44.02559146171052,9238.823311223025,146.48280701122283,2049.860754074066,124.89262731383847,49.417574678747286,1.71311950098649,96.55566220402096,515.6516761639282,169.7058883367808,717.6942355889737,529.9200453875657,137.41171675591372,131.64793081394475
2022-07-22,,379.49475534100816,117.28628011707625,61.37367902141813,22.45613322286602,108.27925247912408,,20.39266881313091,2825.917330144968,494.96072509620353,4742.628718549975,113.78299120234756,,36561.021623571934,95.45531863480274,,133.25067260042184,53.11795148993927,359.77455653697285,43.34297288282373,167.840364566279,127.38192904790492,105.26584257667052,159.1614394189494,574.3025221457464,0.0049591447977551,58.16993464052286,,130.78727777217077,135.79347639687165,125.29209692996636,,3726.3292574421384,0.1915961961004914,115.87885756972862,159.78874468698018,0.8486149121034627,205.6553120977874,139.42318281989972,139.81407190673656,204.824715061301,283.745059288538,226.7789456627869,,2.5297113535935245,224.3189268365576,250.58279149973455,,34.95826877115101,0.0021711981680023,33.122278214817506,0.2120461569514809,2283.3186755085835,46.40833182856888,39.42219660080893,111.09404812221264,,7.31911957263678,33.54527968601754,156.60327612713195,108.1864917080238,95.52633970484634,204.537191139716,486.07462404402753,69.1147985708707,1141.3399222571238,210.7114117245192,116.87108218453896,,44.85851950827523,9247.09773558727,154.1672317500759,2575.6274448415247,127.45372561298458,44.364765543993336,1.9468170487036536,100.586481240535,511.3151521789888,175.58824127795728,729.4636493577708,536.3371439897359,139.42318281989972,135.79347639687165
2022-07-29,,388.18688510013857,115.695903297082,58.873598552871584,21.91197311307412,105.8356654750324,,18.861006336673498,2951.7392954419456,453.247495842242,4776.989208987176,112.60997067448828,,37877.0653594897,98.8192658127616,,138.1035291989702,56.296203409933945,366.1964572550209,44.2649917614046,163.15038407439454,123.82248276216136,103.47267888499827,158.23704192802833,530.8794980780953,0.0049200964135208,55.22875816993462,,132.34606769801107,136.92297963468434,126.5160049432869,,3715.480084783508,0.1908603498040807,115.93388723897404,164.37777706851233,0.7901634493754408,208.63494494545333,140.57258416960022,139.59354516319354,204.4537762353152,289.77272727272776,227.3600885246458,,2.9700699345544583,228.94893372541873,253.40427010736363,,35.05616751896152,0.0026261837894253,33.99101374990549,0.2140929280634683,2426.192744076857,48.23086791875248,38.77720211151214,115.15022251626256,,7.602640443735586,35.456909793922186,150.97164324542894,104.59388307365542,96.2068479128951,218.52735449543567,491.7775623974055,73.68709199864143,1203.186981559954,213.8464703820519,117.8105459530345,,47.84985151085966,9464.593343814371,156.9638606956451,2787.289357441644,129.09345855857526,46.94151867857263,1.863692136292504,102.077531064328,508.1532852435359,183.13725789388107,744.200491463034,551.0274760825581,140.57258416960022,136.92297963468434
2022-08-05,,388.7074787439622,115.83816248865575,69.89525756781411,28.265256127359965,104.27082128126428,,22.819361190361462,3000.0626431273863,512.2969151797033,4786.6806293669,106.1583577712624,,36847.49583617901,90.26465517961614,,137.76376203662042,59.35029570748939,371.43342736281966,42.630587238913215,163.66472460557057,124.21283992813888,126.45570391779307,160.69659953780052,525.3259362840948,0.0042953222657721,52.6143790849673,,131.90930546985896,136.24400745220683,124.22970930959488,,3919.444619056575,0.1900441456929121,115.20012845898056,159.3193531183106,0.8735449267862893,208.72398629085188,139.12146455454308,140.27172012574414,204.1603373565068,298.5671936758899,224.90713053102377,,2.923952562089899,229.7363492091022,253.61135671180955,,35.59975271957065,0.0024732101607365,36.28324244935301,0.2014635404787835,2447.9525874825845,47.64693764051026,40.01823480006785,127.54503983965702,,7.6483227663560065,41.72674957726534,140.36794959758583,113.28667112695096,97.73799138100485,215.6190051239958,495.5334889137992,76.80327817827468,1150.413095922991,213.5249196141472,122.579589465856,,47.83592648069685,9477.712141202248,156.0820450871635,2832.300267165339,130.6551044441235,48.612644620143456,2.061152617680183,103.15108769584808,503.5766800481315,173.62745696423178,745.8346060463672,553.6952770856177,139.12146455454308,136.24400745220683
2022-08-12,,399.6718984086947,115.7153803543058,103.23866030893012,31.365642077579594,110.0243491242966,,22.60107842814942,2978.865346813606,530.5818826233087,4753.156261472263,100.87976539589572,,37925.99877382492,92.82938010409514,,141.46862206084765,68.57836157600974,381.0080898831384,45.95080920589887,161.69971391101598,122.72150109841844,121.8456906313376,163.60184879498107,517.8266081874128,0.0041391287288349,51.633986928104555,,133.49068555487813,133.53508400836472,115.63021340507692,,3981.646365717809,0.1933741062291082,114.5764290174779,164.92783495735324,0.8478435955614538,212.7890641082083,137.98642291156804,141.9408604669438,205.5068935063702,305.28656126482275,230.81321179406712,,3.5202339976934636,232.69701989334567,259.4952019871458,,34.10657515233211,0.0026620762995692,34.22747289259017,0.2263398078387182,2518.026930628513,47.879787726277705,38.60510141533272,110.049591977219,,7.787700927287858,45.62700093973272,143.76722524275976,132.1388243464307,98.18032171623652,224.30239535791765,512.2019752224896,85.0347604742277,1192.9382471254603,216.9413121950198,123.05584177468046,,48.32300509677951,9321.38142102413,158.601529238333,3435.866247667611,133.77059227498077,42.448409491366505,1.9927531160802827,107.17692980398016,507.7414605696759,176.47058823529494,751.969915021931,569.9569547964647,137.98642291156804,133.53508400836472
2022-08-19,,400.2057036351185,118.63000845759866,83.6521030468853,28.996805256018064,104.2219896000913,,25.154538862697994,2932.6666441767397,543.0559397938468,4991.879008734406,100.00000000000126,,38214.323329674306,94.21510425047032,,144.3657909127373,71.15316582369812,389.67289497058704,46.426128780564305,169.58477560233052,128.7058444445314,97.66444365137284,164.46021789369348,518.2661767755618,0.0041391287288349,51.633986928104555,,130.29028277981956,129.00006704282197,118.8047659800664,,3939.155471484139,0.1922976274138454,116.3888140997635,167.52941987843138,0.8363309547613129,210.4896346099179,134.59566865097662,138.5669158454365,205.73557201315745,310.8695652173919,231.4643766527825,,3.2328243377646255,234.58681705418604,263.46677297689433,,30.40808270539972,0.0021789470746337,34.37458979071648,0.1920691516436918,2528.198722114555,47.286090166257395,38.57114607802752,96.58888051057193,,7.561633427550128,39.28849278401681,137.42529980913392,109.80388662623156,98.16330901103528,227.6947792154753,495.0957508041212,80.98339759411,1234.4906589700597,216.92122677131408,122.46868003026032,,45.853309337442894,9556.474116882286,155.2506107039643,2901.888477918917,135.47278057131032,41.59857830186657,1.919299951281302,107.07753343429393,516.1633212726248,170.29411465514016,756.9323210369686,575.5063615773341,134.59566865097662,129.00006704282197
2022-08-26,,391.1160188381313,119.23629792060548,85.07184922175651,27.242238000623647,100.53170097196796,,23.00200738934554,2797.7308395124473,470.6869650063264,5042.463382689581,91.49560117302168,,37616.14866221953,96.63764750557094,,147.6071833745783,73.02097205255407,380.64837880502694,58.36700834381327,170.8755369660852,129.68546381607206,99.29916073904398,166.65566193463107,503.4120013963323,0.0041000803446006,51.63398692810457,,129.6577238515619,125.19065094646292,111.10907493204184,,3837.888149097289,0.1955613089115431,116.3154449395264,172.7131647470593,0.9626599769117798,213.09201631340127,132.35432670169382,137.60662560689704,206.9777451137543,299.55533596838,230.62113767999983,,3.403292964707525,231.0591918424818,259.818725334027,,27.11811866392484,0.002225756246867,33.81329276650889,0.222272296684612,2390.417952818243,41.6456026998576,38.62601549372321,90.94814235300107,,7.397662674408223,36.16781800195338,132.7238211521015,101.55531843551762,97.80604220180967,236.35295294148068,469.5973934006057,81.36918871572209,1349.694914161335,211.41478486383005,118.47599012305004,,45.8157651737302,9391.789688721614,149.68255303653632,2921.847570646937,133.11469194809692,43.64019129424154,1.8602702459336664,105.367792637464,510.3233302016869,194.01960185929929,744.5914591165424,557.3362110088265,132.35432670169382,125.19065094646292
2022-09-02,,386.9924263832905,122.32427637208424,74.16718829196269,29.358180428758907,100.792394093818,,24.21099496395119,2654.6795323912283,482.7352470736888,4711.44633908817,116.42228739003082,,36879.71942204907,95.47296949797384,,140.67315329207287,71.94657182446316,377.4532980523902,47.16489468265689,179.2941508568217,136.0747449647556,101.66417836347878,165.33509409045806,504.57517047491615,0.0041000803446006,51.307189542483655,,128.69383875854234,116.78575652759662,100.58031815018282,,3925.213125526923,0.1953576053598448,116.61627753015816,169.42358428490036,0.9717062371358468,215.10871400832136,127.49807119610344,139.63719803545794,209.10822842472467,291.60079051383457,228.59008187192623,,3.680835391622368,226.58668727436816,258.03104357069356,,25.188826819787757,0.0021573896831046,32.56311610347628,0.170999807117261,2337.530828381156,40.129392949755385,39.71158952615642,86.78155540438142,,7.363468552678344,35.18926765916752,126.9568907645045,115.79315633907508,98.19733442143772,235.34030104370223,489.1029153206895,77.42666054092624,1329.458189631801,210.6109386088374,112.37604582663904,,42.71428946046393,9322.574652206087,147.26385055807026,2735.9216110732536,132.1386632696293,48.88905204193662,1.8160975669472852,103.77732748425753,512.541910565449,202.74510103113613,729.9448817355899,551.8509166895851,127.49807119610344,116.78575652759662
2022-09-09,,400.6053404318908,122.86330554340717,67.85760444335357,29.76842547008834,98.52237476911952,,24.04569808240851,2753.3041962598263,513.1063863337661,4659.087074818779,118.18181818181968,,38045.62610637705,92.95090678265107,,145.26223961517783,84.02089265618191,381.70106269538246,47.44608584639607,180.87843456445623,137.2771322174237,108.77703315793428,164.7738527566845,495.196196785369,0.0041000803446006,51.307189542483655,,129.68032550115743,112.8312257933102,94.6990191637303,,3852.5645856139136,0.1949869737454552,115.94122079611662,167.95634919238037,1.0401061074226456,217.3675020093074,125.5440768438437,141.9699569717602,212.30678669767573,292.8853754940717,228.57807148317912,,3.799864370034919,229.07490866840155,262.39268518458243,,27.51283548102863,0.002182133206335,34.523987652912076,0.155884746260808,2419.9426856831265,37.96199748571381,41.42494542095276,91.57198963250951,,7.534314865900374,38.03927528381388,132.6561723991545,122.82523334509509,98.2653852422426,232.90993648903412,493.8292251874655,81.29445250105279,1409.634516276276,213.0827949744706,114.24842805193674,,44.73917641519945,9434.751459816354,150.1864517889841,3157.863947499469,133.28647394866027,50.63365011595127,1.7775231906931803,105.31808971268906,524.9060801193336,215.49019907035185,736.9523907424823,573.3319030300074,125.5440768438437,112.8312257933102
2022-09-16,,385.8360541972235,123.853154539555,69.00263182206542,28.53245865792797,92.2021983231765,,22.49393542786777,2580.501559066683,503.9481629259596,4491.359940125303,116.129032258066,,36806.73501046163,93.46179251797872,,144.3961628324278,83.78976499641513,367.6882002554242,46.43743753496649,182.6889950124848,138.65125150704574,99.78832810370956,161.7365467150867,497.38615226807815,0.0040610319603663,49.99999999999999,,126.61546368117192,113.5084520410129,93.324848978537,,3886.32021044643,0.1938710103771165,116.24939814016142,167.82771940224285,0.9658778043108794,213.2593933693167,125.51534646878464,140.19473042328391,207.38429933456416,276.53162055336026,224.6543577546732,,3.5400630015979573,225.72580568999427,250.32718192467848,,26.883728147267117,0.00192678364846,37.97420275145234,0.1466514461806459,2252.9767754715017,35.40843909881458,57.64868877822258,92.00500481282988,,7.232511361984065,33.97759064094795,128.14071168437584,119.66659645210382,97.210597519767,232.55550832481168,472.6440235873973,75.60682335469957,1259.5413173409167,209.12378930585507,107.15031127872314,,45.28592506027094,9413.270029414562,147.14389160471896,2903.8527385715124,129.32770782429003,48.92773984620462,1.6276384502301826,102.48508935956411,511.84152597364977,198.33333632525375,725.4837288533845,549.2684339090977,125.51534646878464,113.5084520410129
2022-09-23,,372.76846402486274,125.92550519625148,73.59513515983711,22.43048517991387,87.13505311633433,,21.800953373808156,2457.404461827794,493.4837952690698,4444.325346798561,116.71554252199564,,36463.91507229166,89.89766623310747,,140.1878770285493,74.47722857506645,368.1801580534296,48.41092937204296,190.99477744565417,144.95489956764985,89.40394757979396,161.4064047540434,512.7223386024328,0.0039829351918978,48.69281045751633,,125.064211468669,102.7332473021558,85.66131798280249,,3742.49131173923,0.1958913468930141,118.53873314720506,163.74089994081908,0.775668655015164,209.9087816821555,118.2740752154,138.18787307607738,207.69038489630267,280.9288537549413,222.11737049486163,,3.0352277576596745,218.90204868186572,243.1237158680974,,25.73420762837138,0.0017462603638273,35.64642910640609,0.1262781950609824,2226.841603833669,32.83796901687319,50.010599369593265,88.97545105996213,,7.451575006226014,31.244779803499785,121.56202206677568,106.30525457227075,99.89860494155964,224.25176276302875,466.2205942497492,69.08422599538282,1234.9024751545346,203.1149511551929,106.53053496786112,,45.296119954847406,9610.1760583235,140.89757868206507,2750.731770530241,128.8826330279907,42.174662078738315,1.517549590334096,100.20874659613648,498.00595715254826,184.70587636910324,703.6190574091489,532.4920331262418,118.2740752154,102.7332473021558
2022-09-30,,366.60384241136654,126.9935919171826,72.70320635221209,21.914907149226742,75.2262612958144,,22.00530385889769,2428.191329653652,487.50306825306967,4412.377321142661,117.30205278592528,,36670.19964785365,91.2491991719104,,145.74221121180167,79.71824223247074,358.74832199059614,47.08846147755498,193.1839587115145,146.6163719637653,86.75990937351405,154.04423902277898,464.71732520601546,0.003475306196852,49.99999999999999,,124.220814884881,108.06643168236155,94.69441616898573,,3429.1493025314376,0.1935172614989337,116.42917665472372,165.71405822357917,0.9042497088951162,206.41666339583745,119.6533634120054,138.7354118107364,209.02497458314215,271.6897233201587,220.62645288085335,,2.8036339183469603,215.23508064131005,244.27587459482268,,24.951538372706512,0.0018460892424696,39.01422601160377,0.1335651260397222,2198.345562458167,32.67563524219085,43.42595995392138,98.58188767650724,,7.3565728758570605,32.69884237721198,117.6892180536532,107.6078331749309,99.45627460632797,227.49224883591972,482.00277352897336,66.6300401495489,1111.7461524387206,199.69855857432032,103.14457430058026,,45.34211686681717,9472.939216474411,134.57508459667756,2717.394554655078,125.50166825604924,45.20497365504039,1.4503478949307786,98.49900579930654,510.40203556092945,198.92156264361313,691.1077498433593,521.3617228285245,119.6533634120054,108.06643168236155
2022-10-07,,372.4543986117047,127.33401510447312,70.17083501037894,23.74459030094568,70.32588516839019,,22.938264370638866,2495.822828097879,471.4570317265695,4450.53746289832,113.78299120234747,,36971.961971182034,102.92779810067336,,143.11118391841498,76.82190577232166,360.1660068278587,43.88677277152761,193.48216227185105,146.84269263974082,85.11479448644918,157.2466160448985,461.47249103751744,0.0036705481180234,50.65359477124181,,124.47684434918573,95.94886118358254,93.75938546549438,,3426.9479266318035,0.1907934365814056,115.6110315843736,171.84576074741688,0.7719913747604449,208.02263563908664,114.42355822260676,137.73087176951034,211.60782855088735,271.93675889328125,223.5765911791378,,2.8054816617135896,218.1367606103073,245.9734908246826,,23.90410120122247,0.0019404814395821,39.025916593976305,0.1329938054563591,2212.4511086292705,31.659163360683905,50.21326298637192,98.88952604377228,,8.16286599096985,33.91022397283318,119.3973135831936,107.58707679122624,101.5998754616816,237.51750262392596,487.2368112945959,65.02611616172132,1048.2815320116574,202.1905156960436,104.1884146365364,,49.166373880868214,9373.88904157454,136.6064046911059,2596.9857590636734,126.39180593423522,47.52706625085589,1.4368084027946249,99.71172682825096,511.67295687927094,203.52941774854577,700.8621651785724,529.5680818421185,114.42355822260676,95.94886118358254
2022-10-14,,361.1258884041201,125.60970539369282,68.76776745502157,23.13566629085794,68.43513247794311,,21.607411653652957,2185.8819467981502,468.9881905866947,4356.468276244836,104.10557184750866,,37000.68806623476,96.61529609844342,,143.12681787590046,69.81034675171223,352.43221864846316,42.2000461716893,194.3729885007946,147.51878246939853,79.70450453865912,150.181578078573,425.0625514803004,0.0035534029653205,49.34640522875816,,123.45842624427404,89.90217189619219,63.363585239259656,,3366.7744473357834,0.1849893947289501,113.32170777360042,165.821356043082,0.8083986911620463,200.49295754855677,112.32589007183547,135.34358237828127,205.74153552605776,262.25296442687807,214.83682115928735,,2.6203937189823203,214.1828241394804,238.95360203834332,,22.951906740208024,0.0019481380345669,35.5206493249707,0.1430727841199845,2131.717383248605,32.081949133166425,50.61447649567673,90.220345628368,,8.695519140415508,30.782499163105378,118.46717226120336,105.8823988157853,97.44877539258412,229.871980795699,487.21493042026856,58.57780164225349,1034.2237393087084,199.5478259022208,95.67458178600276,,44.73072366694236,9265.293017219,134.1688205777919,2258.219502066246,123.19824295774806,43.3091144045233,1.4130965275893672,98.13120605194491,505.59950625674776,203.6274479884738,687.5989779135347,514.7935399252575,112.32589007183547,89.90217189619219
2022-10-21,,378.969975669317,127.04335229289164,70.49292899495809,21.841878315219052,77.4249281854642,,21.06601401075497,2548.145405593106,452.8617322626568,4312.983463546527,105.57184750733268,,38617.62706960602,97.04693823739495,,145.0906569367257,72.50442943747892,358.90172818567294,41.65152274710249,195.06462216284933,148.04369571237595,82.83006683680905,151.9313304721022,423.4404777159677,0.0033972094283834,48.0392156862745,,123.85194573931896,101.39088154223386,72.7586209395681,,3506.5676395234204,0.1856795453677587,111.73678612170956,162.03785373089934,0.8286250454941323,200.0503569804675,117.18213461581766,136.74230084059363,209.40203809995705,269.76284584980294,217.15551947056431,,3.114190491778548,217.53092539390076,244.955132820497,,19.42380449237584,0.0018536507891022,37.42754374088258,0.1319885775814002,2274.779908437803,29.78801280460025,47.86558645531265,100.05604913213544,102.44200193578364,8.936566345230176,31.363737971180186,124.43703600496096,93.75536374312718,97.1765721093646,237.3656048392592,503.8493767146049,64.42990140232445,1055.9801285782607,203.25562578305497,99.06054245328356,,43.82320504904349,9412.076798232603,135.61613675045322,2099.7748407733807,125.22057152007396,40.05505801959743,1.4919631311817605,98.19085335362024,511.1736447550133,211.8627510818791,698.7168115601514,543.1336922751507,117.18213461581766,101.39088154223386
2022-10-28,,379.0058435608058,123.44417835323486,66.64063845092195,22.85594616576376,79.5753912898864,,20.41928197681784,2634.3674399001407,410.0384398418192,4492.247385282411,107.9178885630512,,39737.58561195638,97.5107461862923,,140.04597903386568,71.2929367914562,363.79485682174743,47.17122462274744,186.99940751951624,141.92262583679496,87.20748755838275,143.92538791680346,460.6853252287367,0.003748644886492,45.42483660130717,,127.70230964642096,111.19861230450223,60.6440225648662,,3244.960203403521,0.1851771989855924,110.3976785874755,158.16955764741914,0.7935421315462275,201.70314398040517,123.73376725170368,138.72355288947662,209.3260544041677,276.23517786561325,215.38124131031503,,2.9612428782187683,219.79487179062755,248.2575800147538,,18.470265351560165,0.002025183004977,36.52025152662943,0.1182125520234066,2150.03661739533,30.202818895907768,49.50378935759358,101.17355548038763,117.61564534549684,8.880393741298862,35.25207816940646,130.20395348987765,92.49933039597704,93.87610730032804,244.9098614777084,519.744477098636,67.89284133975654,1070.972758039578,206.3102967486115,100.91336340485115,,45.823723200994095,9351.215469699637,141.35461722797544,2513.6062350700645,125.47824452091898,39.23040836891656,1.8682487263820535,100.18886732219924,522.9455262958959,214.11764107498564,706.5363604323319,547.777485726788,123.73376725170368,111.19861230450223
2022-11-04,,387.7396352518189,127.87154119578796,65.77961713707433,21.481041909654166,82.35140177289536,,18.813234220520023,2586.713815595274,413.83587253267666,4766.467938828888,111.43695014662896,,39472.45443260783,105.15973737061547,,156.40182156725743,70.564168829637,361.0229655727712,57.2007579352788,194.46269354196463,147.5868638348024,81.5018789002398,155.4308352591606,511.7698628404701,0.003748644886492,43.46405228758168,,126.4754443613576,107.46176275362252,64.44858231191807,,3595.7269465729846,0.1868921551475088,111.79548816766147,172.1731175664968,0.7641868627347427,209.4124499822557,122.18206391991946,140.4668874938927,212.6213740592469,262.84584980237213,225.1101846607216,,3.155287604015293,228.91447355134696,251.80079776833443,,18.413988509468822,0.0018862786854059,36.261595768493194,0.10469015051146,2089.37591199323,29.973912243251643,48.75037029413357,96.14171315914548,132.02398311170523,9.14484680454883,29.72157317795855,143.93634067378716,88.72845336172342,98.29941065264502,255.84650197371525,533.8931101301413,74.59877524708595,1026.8466160543194,214.5498435213629,102.1203014601333,,47.585801009740656,9674.617080402346,144.553954852036,2505.392730504185,127.45372561298454,38.09755760060569,1.9730943940900283,102.05765179039076,535.1846620109636,210.588238286038,735.3182761591488,548.1654732575826,122.18206391991946,107.46176275362252
2022-11-11,,394.01447693350735,122.38263690480171,55.626741301640855,21.287973577361907,85.75620582198142,,18.86149095692744,3067.257107769653,385.1944492245691,4702.571887517088,112.903225806453,,40620.61103850068,98.68993778604904,,156.5747181539603,74.90491298354723,367.10631468789086,68.45389017639711,174.00133938002975,132.05778195503572,89.42278630850477,157.16408055463765,531.3862175330755,0.0034362578126177,38.56209150326795,,129.22239246146663,112.61354460990344,65.68369196546723,,3450.430314636263,0.1875478471826111,109.83268119192478,164.3968701968225,0.7127855028689475,207.82764516938653,124.9981120248566,143.528543394298,207.6636792430708,276.6798418972338,231.62291259447096,,3.0914094983554543,228.46805226592392,258.27098227749616,,18.250461558624817,0.0020143423327721,36.65975069674957,0.0911900710404864,2227.5348364100237,29.71956347400797,53.05824755451836,97.38908041712808,131.71681608188368,8.583692834399963,35.997028807586354,151.039291998376,94.73249515442376,99.16705861790722,241.11349294037785,578.1774058721525,68.10835869084266,1077.4521915430364,221.98552870673703,112.15422695544758,,51.19474209314442,9402.529859068089,154.7105650102758,2728.3798211990543,130.13975844243353,40.035433325350986,2.121929283243169,104.80119067086626,524.7882792173789,211.5686304429007,733.6340852130334,554.4651512850883,124.9981120248566,112.61354460990344
2022-11-18,,385.6657195503512,120.92668132189944,58.51086219623718,19.586165907259527,77.03361076929036,,17.28165775257105,3186.0427451440187,408.69189142336336,4845.450557811529,112.903225806453,,40191.669357317405,90.22242826335842,,146.5441586492119,64.61487510549011,363.2552902045803,65.86515176390117,171.42695536927553,130.1039611191041,73.09593225346308,155.166721690326,647.1180079336108,0.003748644886492,36.92810457516338,,128.33503973240116,115.10477764382328,58.20146153519724,,3514.2726791167897,0.1872833337454617,109.07031165929996,159.19996692213877,0.7096570685374463,205.52664133822404,126.53989789736522,143.3640692278093,204.2214832836243,274.9011857707515,227.97909268972356,,3.290880065001991,230.63634251922696,255.67940750994987,,18.224721501412994,0.0018300819043224,36.72780919988754,0.0899790980621474,2150.310603940502,28.379257111849665,52.13625761153177,84.39027974364576,119.3116174538128,11.733148175175751,33.81800951207224,144.57898447276304,90.0892584242842,97.61890244459624,239.52990855877783,626.4598014872909,55.23402999380812,1115.6481700972145,220.47829398004893,112.1672802481593,,50.27504059140215,9736.634663965571,152.19679973422822,2580.7663144780113,128.6327758817975,38.8328882879572,2.3281308881166174,102.36580423607708,524.2155502344942,193.33333034141472,740.4010025062665,542.9961191352196,126.53989789736522,115.10477764382328
2022-11-25,,383.4650345077636,118.45731222058096,57.94272259187088,20.391103931032543,86.7798015266831,,18.857918585082928,3148.306646439303,422.5789304962401,4860.537125482371,117.30205278592518,,40195.89808879561,87.26809316847645,,141.9233429840959,60.96457859978077,364.2233361942037,69.45645209751174,165.5332413496646,125.6309449706063,65.55455567144399,152.45955760977137,692.101289306961,0.003748644886492,35.94771241830063,,130.26407764246798,116.56807534418984,64.95007238494105,,3610.0365617545526,0.1854648153517029,108.40981965413374,158.29572009801203,0.7940783870806151,206.061043876405,127.29241757123746,142.51812872747496,201.8795399099895,274.25889328063295,229.69967230037497,,3.022251489337955,234.175775522579,254.55489795318468,,18.27335650392353,0.0018291453590089,35.8160682098426,0.1071656300963922,2160.0728854204012,27.929336070129096,50.71649795968667,81.39584697805007,124.70502404325154,12.21719994424111,29.602455192395837,153.6437109247734,92.92489143814647,95.9856827452792,241.82866008045525,614.0825682974137,53.144705333127405,1033.3062319068606,222.0056294628272,112.71529455800253,,50.84515949197792,9912.547078920496,154.22812951475476,2458.479052789537,128.8201657628392,38.795414976589605,2.178553805772595,102.91251744887391,524.9878695408531,193.23530010148676,750.5463854949883,539.791288823063,127.29241757123746,116.56807534418984
2022-12-02,,385.04052680697714,117.3403935660731,54.70846037304772,19.04168949615525,80.93917248239946,,18.17256351824723,3149.9459479297743,408.4322425473863,4959.930983078504,114.07624633431224,,39557.594904350895,87.55801874496595,,148.14557860298115,66.1600491063763,361.4831841580019,68.72644318854893,159.77842355857382,121.26334368802648,66.19554247450839,156.85044569164654,637.3343282958579,0.003748644886492,34.31372549019606,,130.8967959545351,113.327049517088,68.71832720671247,,3658.1018017686374,0.0509596628739573,108.12039082768898,155.45445772151385,0.7028999614277335,208.0707609805954,126.1346941467437,143.45515194378083,201.4055409145752,271.9367588932811,225.97709797030964,,2.927068029879837,236.4397219193058,254.7914165308652,,19.071008977069624,0.001781567077054,37.853794523648816,0.0938238138463357,2199.317410971165,23.533147744912515,49.2507771371796,84.62575169298093,103.40857308724668,12.16196003741871,26.97529686996384,152.6290054359293,92.11197781611055,96.87034341574258,241.67540997901008,626.0304644071815,37.50894707137779,949.4320531693276,222.88987874218057,111.31915219797096,,53.869810801695614,10067.97664694998,153.08550893473313,2524.480721503579,128.60153629201545,44.8736514325681,2.226470330212866,102.35585985917665,527.3585250183633,190.68627450980475,757.5138040413539,539.4085602039909,126.1346941467437,113.327049517088
2022-12-09,,375.5388197047514,117.68047018712412,51.63002279164465,19.3437868182924,79.37972170499525,,17.04359460979247,3179.1056453461943,395.36341999270735,5038.026156904038,112.90322580645298,,38409.24795678188,78.6931425075442,,151.04692100040296,61.87132237226387,352.8765676273066,63.61945299298157,161.27708384400287,122.4007473074642,61.14503184003854,155.7609772202038,624.2385990570469,0.0048419996450522,33.33333333333332,,130.50327645949017,112.25073956205378,69.7588075264741,,3641.223989352379,0.0508015879768951,107.99423070579763,151.58941872812196,0.6878580289060727,208.1037670727455,125.55582691400971,143.4005081611314,201.3887292774012,266.79841897233246,226.14544283072763,,2.4727068695340595,233.7931314867998,251.381819554912,,16.10415670815504,0.0016334348866662,35.908401188822495,0.0928836249089465,2120.548001467723,26.986714444624184,48.35822960778566,78.69875878056352,100.5648925801148,13.448707950356535,24.313047574148168,159.05549503640896,64.12508477653982,97.1425466989621,233.5531546024168,623.0966837849209,32.37680813137508,964.2114091197412,220.71945705597744,111.13648076135657,,55.07121190010977,9941.464233442792,149.30216738890556,2337.6269117196025,126.399621788887,41.26462628096652,2.471335416725487,99.33399218385247,528.4672003365919,180.00000598383969,749.5338443765667,522.2071980541251,125.55582691400971,112.25073956205378
2022-12-16,,369.3440178740023,118.25015147844891,51.281771240632914,18.66783459605889,77.53033809004899,,18.608951225410337,3010.145160457119,351.6686378345614,4950.169086350313,113.78299120234745,,37752.68402286496,80.90748144064285,,146.21278728701154,53.73089297534898,345.9098104232956,66.31512462145605,161.16650673055062,122.31682514692496,66.70604938785645,154.4073951799265,583.7413947195836,0.0043343706500064,33.00653594771241,,130.06345016451667,109.29995223732227,52.67235192937867,,3612.237937654183,0.0416834578092518,109.94972958103784,152.60018315852946,0.6576198496422908,207.1412479972165,123.93500087054954,142.7429131172107,201.44945809863128,259.239130434783,222.8209968246516,,2.5492268278099255,229.62175159120025,245.78098123801624,,15.773370703235296,0.0016768081071316,35.67021568663363,0.0853944151387933,2122.36349195861,26.947818848958665,49.31180908421147,76.66775611243067,100.8315833343145,14.134623859336434,21.246695004532345,147.69076259492255,79.55313412464724,97.55085162379136,229.15998502765564,600.1156329244191,27.50994452796998,1049.2532534851389,217.12218833506233,107.12421713685784,,54.40188778246744,9978.81569556193,146.65203211826685,2315.020250234598,124.23673890136718,41.49313668338415,2.4349233195850433,97.9075476303896,517.4999213034423,176.3725430357698,735.0476288377196,513.2852944213945,123.93500087054954,109.29995223732227
2022-12-23,,374.5389885929274,119.8350161071112,52.44609986621348,17.54020372651328,78.24875408979473,,18.230347938693253,2905.387389702313,351.70247452108174,4986.554337791756,112.02346041055856,,39047.51928387741,85.64290183174818,,149.70333093174324,43.18108991483519,347.57611909395877,68.62958551734489,164.4316794931432,124.79491798382104,58.1296361399504,155.52987784747353,539.3796276833693,0.0043343706500064,33.00653594771241,,129.9168413995255,105.6477559674054,50.24290945026141,,3744.692687638859,0.0398252676703039,109.09999173105984,153.78717450012212,0.6824162235813843,209.38858433174985,121.67743080795864,145.78394904895316,203.20228032045492,257.1146245059293,227.4404846643379,,2.9351577392001267,233.79552496890747,248.53757519603988,,14.33911027160526,0.0015210747254105,34.84031388238205,0.0865923788148082,2096.3370295804652,25.02041198528407,49.6047624317957,70.75626063416651,108.01861075093844,24.85876476475909,22.833772378541767,155.04739351739255,71.50550325925131,98.77576639827916,241.77757671330676,612.6349288894986,29.378659285149677,1061.7232141717625,220.4180070441629,104.83429131104263,,56.556060811711475,10154.728110516857,148.67323309967296,2207.100824700266,125.16592010957436,39.38645986313128,2.229969324493784,98.91649899157947,527.7597819632587,185.09804220760657,749.1729323308274,518.6310805035209,121.67743080795864,105.6477559674054
2022-12-30,,373.23794274710656,119.79082962506092,57.48546991170691,18.018861405341873,88.40894172561889,,20.57380809128428,2843.149697241175,367.8038866315737,4977.6798862206715,107.9178885630512,,39301.01937906841,85.94259559869143,,151.13072565371544,43.96239251170359,347.9146706968872,70.1460539588245,165.3197994152011,125.46895387018218,58.24755617580371,156.999009574116,595.6337686405352,0.0043343706500064,33.333333333333314,,129.06034809649933,104.99471241718534,53.25275098131813,,3784.319245389464,0.0380555424056592,108.15378515489996,154.2816915474039,0.664866192805032,207.4297099097832,121.44587949847538,145.9148511087853,200.58299393579796,254.74308300395305,226.86609917520295,,2.6852277349764417,233.2818180264092,248.43657125981773,,14.50791354624316,0.0014589952637521,35.91209061878579,0.0832509402027834,2103.0436655817302,23.977307730676497,51.20382861540911,72.12038327982154,112.4091636699329,33.89383727208376,20.158917083588634,157.61798161597628,69.58596273307414,100.1367828143767,237.63982397428757,620.3639907498997,29.80810975662664,1149.669109772606,222.2668779624613,103.54253796203,,57.054326799455026,10077.615698457408,148.82673561078167,2208.658910374669,125.509484110701,43.152975929749246,2.182356720813569,99.3489040092713,526.8795655441422,183.6274539723124,747.0376135651633,517.2088575782512,121.44587949847538,104.99471241718534
2023-01-06,,387.4977357360434,121.2393972985619,57.34077393992091,24.388554511539525,87.03222188178707,,21.78779147913435,3109.342979631324,368.6212693411566,5227.939420525223,110.85043988269932,,41036.900475941584,83.37789379470276,,155.19701008331418,48.745025593991826,351.74453570501475,68.73036067225297,163.8127538193463,124.3251862451582,59.81592184289828,163.1891713436769,600.22393286026,0.0040610319603663,33.0065359477124,,131.41377670156342,106.34917413910642,59.81599826438083,,4172.510722520601,0.0361908120596063,110.539718676331,150.394546599467,0.7603838569745588,213.17705281276145,122.6036139639433,147.91255553225844,207.72807626754877,254.15019762845895,228.42950550229992,,2.698141598878647,241.05146161793976,255.38703334893876,,15.575545482296585,0.0015335778459927,34.37766371144221,0.1033555710305177,1996.3213127467516,25.67757623666966,50.41434012176166,72.76510651076606,102.68553716323234,33.09843157049607,19.176297064309164,174.02243647922998,67.1541115273098,102.34843449053518,240.0918255974101,650.8409109618068,23.873548601030357,1288.725964122977,230.08440085162613,107.25470028974196,,55.88424791361285,10124.606212083978,153.94369419065092,2379.786919807735,127.73482234895968,49.8322344212206,2.490105835847146,101.3121268784942,532.4298601064021,192.64705882353033,771.8796992481208,531.0407747808096,122.6036139639433,106.34917413910642
2023-01-13,,389.17734235045367,118.79429271445824,57.656049860492395,32.544482363901125,79.47695369806004,,25.0602115366046,3430.530078171642,361.5337666505353,5172.030375627399,117.8885630498549,,39878.99498112532,86.52282815134859,,163.37682566616064,49.87488739880793,356.5847656531317,65.86881312681192,159.15638688107765,120.7912508626637,54.62667502852503,166.32551997358772,559.3638363748302,0.0039829351918978,33.0065359477124,,133.03417325558473,109.469258799248,61.66163750348351,,4338.354723892035,0.043212883417673,110.32820994671184,151.0678434432871,0.8594658184323423,211.3956668422861,124.28231679380022,149.7669820104701,205.57953171305843,263.241106719368,230.98023836703595,,3.0162527821406027,245.70682423153633,255.13671117292213,,17.273364823413292,0.0016654816989517,35.89822212677913,0.1248061017826143,2070.1489406304077,26.07868346055215,49.56995801433416,77.15344397667707,95.28224447260337,31.005320207748326,24.02323346067408,183.93275298905712,71.03003136097462,103.87957795864496,249.3379150512678,685.2029329406026,31.730314224741907,1489.2709575323984,235.65112969499617,113.91571218870796,,56.40638191295193,10158.34344247136,157.2953055740019,2453.136609765921,130.0851070319338,75.25281579921239,2.79715745307857,104.51291749911718,522.7457441480374,196.66667265050648,786.3759496397249,531.5884687354963,124.28231679380022,109.469258799248
2023-01-20,,383.5808881207948,117.1121255764666,51.267751430678246,25.747673347343248,67.54220306427484,,34.6345293662216,3293.9122013620276,365.5098357098866,4969.6928798066965,123.1671554252215,,38352.59991777075,87.2951062560814,,163.73688349427283,43.51629173768871,348.1950337430623,62.315210465448864,157.2341605018602,119.33238305762627,51.425598484981506,165.6322218553969,543.9253063576408,0.0038657900391949,33.0065359477124,,132.58663504757965,109.29995223732236,66.77750308447472,,4348.627960720095,0.0422673784371711,108.53226552057396,150.29789007237423,0.8117220508444476,209.34000563567312,124.22442896642944,147.4867967680706,200.8714401144592,260.2766798418976,231.7306259197148,,2.831944430090615,243.36309386939163,250.3962033092335,,17.12069282853227,0.0016309518552844,37.15207876443297,0.1111909825332534,2049.2805226229657,26.176843732156925,48.016241455568434,76.71662226420256,97.05234373983932,25.041174277576367,24.111708583571097,180.279797746002,69.58673350140107,103.0629681089864,241.41999314326807,671.2013689903955,35.048421405077946,1595.9274124628298,232.5160710374634,111.61273307018102,,56.86884588330218,9854.71276987591,155.73463164556995,2361.3198020158193,128.01591908493486,63.03848374551888,3.216415801783221,102.72365012667464,509.45142930980296,192.45098338407723,779.0075285870934,520.5909266256028,124.22442896642944,109.29995223732236
2023-01-27,,390.1602778209663,117.01997400307148,54.92785150572461,26.222098969161056,67.99266238477682,,30.501225401862047,3472.5755870139815,378.5638751295763,4713.221229402385,133.43108504398992,,38198.14420852338,86.58353196902564,,161.94956414486393,49.557360941243935,359.4307150652486,60.76501406617806,156.73490089318852,118.95347151145178,61.02741891134291,168.4384285242645,558.8082318903985,0.0037876932707263,33.0065359477124,,133.11132770763953,109.16692433487852,58.88723409184472,,4406.600064116481,0.0411384326990452,108.29849390614754,149.40068554933936,0.8554785567763333,209.88111191163503,124.45598027591268,148.60473761016164,201.36859716228597,273.4683794466406,235.79708266834928,,3.168105900409664,243.2346622347881,256.19484575178063,,17.35771455236251,0.0015515753639033,34.40969747018653,0.1122015964361234,2113.2634840942337,24.7306061110256,46.07226657252355,82.36238974686688,102.52043559993469,25.708447598862467,23.42713652934313,186.3680435817468,80.41889405112398,103.33517139220592,242.18624365049385,686.1575198160565,39.202896871662226,1676.275425474842,234.4855311599184,118.9326687145859,,56.52125430650072,9689.644150339,158.11401816599505,2621.8573155650806,131.0923633857709,61.89630281712767,3.2495781372975334,105.0099372670027,508.1284414748072,200.00000000000097,778.466184993735,532.4813882765663,124.45598027591268,109.16692433487852
2023-02-03,,398.42284008500417,119.09515613557534,63.08678702690786,21.784052489197837,75.2814359195358,,27.42179963632741,3642.623956423472,385.4943956206872,4693.697435946001,127.56598240469366,,38716.18244568403,82.96436389348885,,158.34825751293002,52.47743518379803,378.35257574766865,63.20930541244954,157.63189322539097,119.63424108623428,72.9339687875233,168.96665566193374,546.2234416710546,0.0033581610441491,32.02614379084966,,134.95548747870689,111.71039714649866,61.02802959528769,,4378.714924312755,0.0438651297098787,110.83657601367788,145.87725241480985,0.8918884015457254,214.2309454100704,126.42412224262362,152.87780847767502,206.7359539581568,296.2450592885379,237.46765001792625,,3.0991247037151894,247.5047691364061,266.40952986574445,,17.534085406464673,0.0015426865204224,34.6340204107687,0.0987374884521508,2234.645859471719,24.64566676058263,46.862275785021815,93.18721522449228,125.97419954546064,28.462099341644947,26.620704479561724,184.47393010995256,83.16226515466171,102.28038366973034,246.63049659240332,700.4347609205493,42.13465823318105,1715.5395672662578,242.40354249714957,129.48199395330158,,55.95958511908391,10051.108031756286,162.2843421413392,2590.9217179201114,136.33949451436598,56.52015120127083,3.9751279678157294,111.12325481636314,516.0147045770894,200.98039215686367,792.1603814223064,549.616246149198,126.42412224262362,111.71039714649866
2023-02-10,,397.2767362996156,120.2571317281956,71.43845887974524,20.689938908575034,75.76444863666325,,30.936475507330936,3468.128620453058,378.336191356069,5054.000169731987,131.96480938416585,,39230.18345907209,88.48617250447298,,158.24645845174354,47.225678877819995,370.5129901923579,57.11368110733678,159.7479566692187,121.24022093595087,63.77210664489634,165.2690656982494,527.2633959409411,0.0042172254973035,32.02614379084966,,132.85669329064115,107.6065425325306,59.72517117371985,,4480.715889369716,0.0411136903656942,109.3263461585337,148.55614931051846,0.8567041005990486,208.9269288382062,123.55873551312632,150.0068778323372,203.77338977562073,288.0928853754944,238.4941805846138,,3.131278749385685,246.6057868860131,261.66656023471563,,16.884681357469482,0.0015263510662745,34.59836440808127,0.1517369493271127,2295.6759129522193,23.37951942813553,42.74637354448912,83.94402404786476,118.710667072274,26.432842225401632,23.34654215766336,181.76804450547496,82.67350085214385,102.11025661771816,259.4013383794996,719.4942835778642,38.65053893540048,1755.914603530263,237.94212525297124,124.24973898080896,,52.68183090715684,9958.332848636484,158.34428169248213,2549.077050566136,133.637841890026,54.270290237190686,4.165728449828593,107.56460882527892,515.8556983873341,200.7843167174106,790.2255639097752,548.2646802336012,123.55873551312632,107.6065425325306
2023-02-17,,401.5716723507726,121.79748241825864,54.9253334107339,21.228281361078217,68.81773861388388,,32.222439610219624,3476.8972374788077,375.49372878319656,5096.5975372731855,139.2961876832862,,39482.29364524569,86.12346992850055,,162.36541567462234,48.27693648424562,370.4918307171748,59.31550998549604,163.17894252957416,123.84415711398258,67.1038745909199,164.01452624628513,502.904329146715,0.0041391287288349,28.431372549019596,,131.9461930485679,105.29123847757204,54.54263082267404,,4557.767181081995,0.0434219109437622,108.92930583955383,147.7496755024766,0.8467442333217828,209.30489740289008,122.05368512440768,151.00983516563048,204.13957305644703,288.04347826086996,236.6167297229016,,3.2314346240527807,250.68324633572576,263.4316827688428,,14.811237054163987,0.0016312311631941,33.849984970444105,0.1609178551940958,2284.053129567465,22.688209096206503,42.12355578890821,104.04909035164408,114.20490513444445,28.497381359360435,22.51332324486192,190.19011425582917,91.56483493374596,101.46377382007184,262.02464489089795,721.4798838918746,42.1790128247472,1778.897733508346,242.66479099678375,124.06706754419456,,50.53585871302611,10206.537599785768,158.6257159759468,2180.0313292282153,133.77059227498066,52.917242247924264,3.9075414584805888,108.73757130634884,519.4455623369,203.1372519100424,802.4461054981209,553.199852249953,122.05368512440768,105.29123847757204
2023-02-24,,388.9041334907832,121.36720883722016,57.28293461751671,19.660746452775435,68.03454990594592,,27.42533714715716,3265.793961419723,335.04662092051177,4996.8498099310855,142.22873900293433,,38804.186552974854,86.06975222280127,,157.51054522330935,40.73241861892832,363.58326206991734,62.22406264934164,162.31760658841793,123.19044884764092,59.68605047797776,159.42555298778402,454.9950455784076,0.0042953222657721,28.431372549019596,,131.05111663255778,103.63745120206303,53.42352954937527,,4664.90543638693,0.0406735912276823,108.44321398134468,146.46740820900084,0.8204080215682894,209.0628332551835,120.92490009311229,148.09671966839804,203.7799934093401,282.55928853754966,231.26193135964792,,2.9783286934597055,247.34423939110977,256.4221898141525,,13.729266150091584,0.0015238767468588,33.52369934973866,0.1557215182682078,2198.0190885629772,25.114708822035148,38.66730939836769,91.1721197135551,103.36207129695816,26.74253307317653,20.334076772789963,230.0681315764316,78.49841821296016,100.57911314960846,257.6936590249327,694.7615128508443,38.85126728734334,1860.4213484892953,238.2837614445816,122.31863560364592,,50.23625203746136,10197.09394433669,155.8113926609483,2240.0263833620484,131.12359106114033,50.31734260417421,4.670169624402914,106.64015148822,508.4420561464579,192.94117946250856,789.8446311090232,536.5086126511566,120.92490009311229,103.63745120206303
2023-03-03,,400.2407953188058,122.15947544578842,55.47817515625144,19.391739764932783,79.29789016699155,99.91108887370557,31.027121757460545,3343.562839646701,306.1320305908175,4854.59714867539,148.09384164223056,,40101.111525200504,89.19635511287144,,163.3192760056564,43.14722109830372,367.7622584185646,63.29296754429416,163.56060387021108,124.13381781591784,59.35428194934943,163.88246946186786,433.02183816577656,0.004412467418475,27.777777777777768,,131.79187237054515,101.11389446086008,47.81967269767997,,4673.111105797648,0.0381957752204657,107.84580769909893,150.22771965694938,0.9054364541635458,210.1710719143321,119.82506449598932,149.7315591229996,206.6814937289103,287.84584980237173,238.37010344990415,,2.9517926583916845,250.1053431718419,262.4936538665669,,13.423766819584104,0.0017441954780171,34.74129901685157,0.1483770001522267,2264.0279164686763,24.817600652952283,40.99505103185627,94.3969450410161,100.57803656436958,27.445137635103272,24.002684477988232,253.0681914711924,91.81051184733742,102.07623120731574,266.04627462357996,726.5154038571146,38.11944345821446,1226.0246994199667,241.94131710138268,124.13230912063663,,50.23426404819445,10085.184316535286,157.57673985746658,2118.74040022334,133.14593153787885,52.16608510856784,4.562768760488701,108.3797159358876,509.07682782081986,198.921562643613,796.701764176066,549.7540712227301,119.82506449598932,101.11389446086008
2023-03-10,,384.00830277727175,122.6976755235294,50.79311361605187,18.209863076597905,78.3810848414245,101.1663559243824,26.114603132527613,3279.9982419826633,279.6907578327436,4815.882816814663,143.40175953079356,,39064.129375963086,86.98207615551009,,161.75177697680996,36.66899052130032,357.95484167123266,61.040687869576395,156.89564645068734,119.07546885847252,51.995217607778855,158.40211290854995,424.77182904903543,0.0041391287288349,28.10457516339868,,131.42150038850795,105.0339835099355,46.69116891725941,,4478.87042193073,0.0462840740839061,109.3560262302936,146.10519624747542,0.7395618372381917,211.08455961029193,121.8510832490969,149.44455449294637,205.5680317095965,284.5355731225298,240.6125442122698,,2.8092637217974925,244.0694286678793,258.6313361568061,,10.712961450620364,0.0015057134387283,34.1155614753211,0.1312107249077515,2209.984522125006,25.55837289289265,40.91329447911944,83.49450108238284,84.73314803764167,26.493087582427695,17.711721703308424,253.84614567874257,105.85582823189144,101.99116768130962,262.3855603797284,729.3404907284603,35.008241577234585,1347.6936024155946,235.83199050265412,124.26279227352074,,40.41565790122236,9899.074802315856,153.2273231126129,2160.821585392663,129.34331570476832,53.79554478474652,5.745204007432979,103.4294164906966,500.42012203095663,189.705882352942,776.7819450971186,526.0233231972829,121.8510832490969,105.0339835099355
2023-03-17,,378.9666083647833,118.82910676196065,53.46007799421891,16.54722121476074,75.89740758678171,57.196528302666735,30.34514351932559,3341.643823489284,269.67048718559636,4868.102148161691,138.4164222873917,,37175.9376519069,76.38729140159877,,153.61330392949336,34.56658215688188,353.9504109928453,56.25841014070323,146.4318373286504,111.13399307224844,54.71830622282554,154.3083525916137,419.75281854546864,0.0038267416549606,26.470588235294105,,130.27950146853107,109.9831017757867,45.659937217135685,,4097.191438424425,0.0351093963997189,111.0295247899912,141.25038376496838,0.7677950820671815,206.5035416498376,125.26638777715576,145.613963603265,201.32293880037668,292.49011857707524,230.81047677867025,,2.7481671138453514,231.84948141824196,253.46257190340023,,9.77714502835344,0.0014263323198929,31.699861355961765,0.1451156636372071,2445.592842538264,29.849534588685582,35.90100155004628,88.12564638713827,74.02202966208414,29.63844880884448,18.972095643353825,237.27257538446145,91.23573543327936,106.60161079084006,228.30482636302557,670.4913782523332,32.829187658714744,1225.565459501037,225.7837589914001,128.04018373411637,,52.1238888202282,9846.76989151341,146.27848114766851,2048.73667163838,126.7822174056222,55.77752087648096,4.97620840169869,98.31013847710724,495.2900204615345,177.5490255916828,735.3784363251888,525.2402796104926,125.26638777715576,109.9831017757867
2023-03-24,,380.12043846843414,119.6940429792662,52.15359888421296,17.470396455772168,73.51968220296021,93.99990869092188,28.68035549547833,3378.3101279603707,257.9877888167168,4987.84647694022,134.89736070381394,,37333.87171525994,76.22230542952308,,157.9882186515755,31.81740714243028,353.7335263722193,51.685950064761485,143.27747315821117,108.73999807594063,48.09002985597057,156.9164740838553,427.5885831198897,0.0037876932707263,25.980392156862735,,130.7424752765123,109.92185593371866,45.62837549258335,,4035.971825591425,0.0368906129217615,111.35234794364692,139.8145899832692,0.7995257766798776,205.80213171810576,125.26638777715576,148.08948357413843,198.1210380361063,294.5652173913045,231.75770692489291,,2.515273529401587,234.46540992532465,252.15672662177903,,10.328108842013526,0.0013770128552515,31.518269037177316,0.1577963183980555,2421.3713658080014,33.065877002443735,38.97079624594887,90.42717376112408,66.57692695266712,30.754399279947307,17.30207579098274,242.75198244368343,85.41857116359468,107.62237310291324,226.91272376325108,690.7257596131954,31.33514852269715,1382.6470845642928,228.93890307263848,128.0336633095397,,55.18235112297414,10210.473960380992,146.5614695759981,1890.752665116828,127.37565046735456,51.18120731697595,3.235167003297671,97.76341578444678,493.2759779333104,177.45098039215765,742.4060150375948,525.1123066410072,125.26638777715576,109.92185593371866
2023-03-31,,390.1431395071933,117.40004953169758,51.96441483257834,16.452013615880222,78.72319894841571,100.152596799146,28.843561243014044,3520.9464441375167,248.3872891187754,5056.271807670807,122.287390029327,,38234.92196071176,80.64881722768084,,157.00936681365334,36.17890247850739,362.57818699872377,51.327371306645055,145.37094090019642,110.32882898716248,46.337362635480304,159.02938263453208,419.8180111329587,0.0037095965022577,25.490196078431364,,132.94157142964062,107.99856078366766,51.53041077551502,,4154.63251272442,0.0367567944361893,108.78830001980776,141.9405037376816,0.8088788386121324,206.08034378848012,123.81922521580796,149.9463632788615,201.3850918248349,300.9881422924903,236.22673262448131,,2.5524241622868753,241.79649486669032,258.36352331135015,,11.1664435765704,0.0014966743852363,31.125437532517218,0.2066715932486118,2466.8450490972346,34.93491504148249,38.52575039605327,92.38870982061158,72.42697342614579,18.990563321102567,18.86982942923725,252.019668057215,90.12472688012424,105.95512799319371,238.0495445614474,731.9404059622631,34.38004423628704,1353.3409047712846,238.0626991247433,131.13256975096635,,56.88301979151058,10193.444041238432,150.0344861821596,1907.484772093261,130.72537564951404,53.08532901319778,3.229917555694649,101.27235885075604,501.96063132139824,180.98039814070245,765.0827263471188,538.7650357068117,123.81922521580796,107.99856078366766
2023-04-07,,388.1955817664505,120.47973149513894,53.068693874582216,16.55400884183772,79.69971693535138,99.54344974372373,25.05188940129521,3396.7630829728464,229.67558622968377,5266.949799657091,121.7008797653974,,38462.67907951412,85.71453623353868,,152.50968116546352,35.823417421022356,360.9489074096309,47.95907487205828,141.95962729161,107.73982300417372,43.959209830720184,157.4777154176288,420.39750950170986,0.003748644886492,24.509803921568626,,132.45546188256466,109.92185593371866,59.55464210359678,,4254.398200673935,0.0386861135173387,110.41727280989068,142.59583784367425,0.7685849183953734,205.6455672036273,124.97695968127584,148.23461078243673,199.85514181199443,296.1462450592887,231.45779671268292,,2.595163509059848,244.89685603890788,256.9450143465515,,14.3642379744866,0.0014295198182451,30.54539856081674,0.1843114115765702,2479.9061673290785,36.25635897820622,38.1184495616153,87.91464081933341,70.11363665306088,19.761211237132738,16.836929011856167,250.210092946914,92.84490828254224,107.11199194687666,249.237924715191,687.6334239302317,31.21929588624847,1252.1119504468572,238.88666146821063,126.25913722712588,,59.38155505315912,10479.298320589736,149.2112524708662,1919.5225321394344,130.07729117728198,54.67859834380033,3.287957471618392,98.906554614679,514.8630053316758,177.35293519263251,776.1002604166677,534.929125620439,124.97695968127584,109.92185593371866
2023-04-14,,390.6690340816246,116.67828868866432,55.468282968775696,17.00278546390351,77.60058646831226,116.93278353848122,27.028307820485217,3422.897326429046,245.25437903799912,5353.381796369413,129.03225806451772,,39157.02749255263,87.10489154482103,,156.22547280735182,30.861282868501032,365.16493283984863,47.51595724735274,144.8622986738719,109.94279653214564,47.975854921539806,159.29349620336666,523.4727809474691,0.003748644886492,24.836601307189536,,132.83968759416058,105.57299925901948,53.33290952031496,,4416.139116902313,0.0367201589885145,108.61389987285068,143.65909835705395,0.7743663592791457,203.25181559105644,122.48783830920178,150.16519943945477,200.20671556422752,297.7272727272729,233.06247287043735,,2.5255049933290565,249.22446239876,259.47241466600144,,14.873752430909668,0.001440469307227,32.90512619517328,0.1886784476975585,2421.3829206320875,41.58018481664023,41.400579962802965,95.26333146251775,77.97644655154812,19.66304261122321,16.117086039562267,253.25422231612657,93.37164810734834,106.60161079084006,253.87826671443943,718.2629618962113,30.6123638646043,1237.5926525427656,244.9356857986687,125.82201990931996,,61.97482179724911,10485.380751924504,153.1216175063698,2020.053324332866,131.79509926850255,54.95171922531815,3.2720536092584416,100.97415078197014,517.770875543905,181.86274509804,789.1628974780713,536.5013773218533,122.48783830920178,105.57299925901948
2023-04-21,,392.7652252692204,116.89396498930218,57.64070353017159,16.47217564520355,61.271143075693445,117.7260208147156,26.932066002124028,3271.523763996692,236.75863268324423,5485.730791335155,120.23460410557334,,39988.58525904557,82.91841358765984,,153.56099182574562,30.324397729899143,365.63573116267094,53.36339005744769,146.39536208176096,111.10631029568106,52.05595696708558,156.61934631891637,467.86962908187303,0.0036705481180234,24.836601307189536,,132.28485824148925,104.0294601069706,46.23710614472207,,4336.024504885832,0.0324220894239144,108.36157962906796,142.16799839989426,0.7248527536115433,202.4990348907123,121.50376732584628,149.29717771550594,200.58245721650343,296.54150197628474,236.13281511299937,,2.4100942260488036,250.7100480205277,261.5389767847698,,12.476151029947111,0.0013957206494581,34.23052284640916,0.2174978394941853,2434.571359847245,48.14857704734404,39.72194867390873,89.05110911725004,78.38815315686631,20.417842882389632,17.080442115924214,261.0336611701852,95.4302067637724,105.54682306836447,252.95019831458973,715.0639342232769,26.270946250550136,1203.7412263520464,246.08118357765628,124.60856142946116,,59.900702515950634,10684.870282188238,153.5846876956873,1970.8863628822796,131.77949138802413,54.63893843314741,3.319656207115613,100.93439223409564,521.7025376253846,174.70587936102254,793.3934934993746,539.6029899914902,121.50376732584628,104.0294601069706
2023-04-28,,392.7682368949253,114.98887564146456,53.64108402094179,15.904861247670294,43.18295047812366,117.19290153778176,28.301084223640437,3247.4256591796902,228.94942913528192,5287.657465536084,124.63343108504554,,40325.45097410149,81.08853248004368,,148.123577726525,29.03902283444506,362.858550044899,49.226475515929266,145.5132629249245,110.4368438505877,51.69352018949442,155.2987784747434,477.80489343789634,0.0036705481180234,24.836601307189536,,133.23598736372062,104.11521176284944,45.73076981615744,,4336.780120331695,0.0380877051611524,108.10554512983416,139.33082998833478,0.7087423726474867,204.40320263943417,121.61954298058788,150.13880756998395,200.86939439745407,296.6403162055338,234.09216395401015,,2.416126884583568,249.70889506389503,261.29495885828726,,11.78503949722439,0.0013315085445718,34.65827804010054,0.2545876574615507,2605.889156134022,37.50077848492148,39.69061603869533,83.98786810136461,80.36775291860344,19.264927520547033,15.62159247269407,257.31304427150286,84.2708294297995,104.9003402707181,252.84707960349536,732.0056458549547,25.699131242220595,1137.65615621075,243.64951339181897,120.40057307563632,,58.96956476450187,10793.130006891388,154.81953826262742,1965.687872546774,130.58483323873267,49.47784680135029,3.36404358144724,99.6421446295387,515.7403638435111,184.31372549019687,789.0325912437356,541.8324823809231,121.61954298058788,104.11521176284944
2023-05-05,,388.9084821402482,114.54583128385188,51.00881861338823,16.03488950159923,41.227609094973396,109.54656186344005,27.769974291175565,3290.6104608804612,226.80891798561532,5366.886795855712,123.16715542522148,,39481.013999112285,75.53721160328945,,147.84068867550232,29.77987583022471,358.5684664515407,50.383489957848504,144.6291640949243,109.76585975969012,61.47052529476683,155.2987784747434,485.3596270558432,0.0035924513495548,24.183006535947708,,132.82383221702764,102.62067489219272,48.07306238566943,,4533.288111839892,0.0360808577609484,107.77159053377476,137.135292463468,0.7134614639553183,201.9068207614735,121.04067574785395,148.94222032959746,197.64253335366212,298.6166007905139,235.6428000037221,,2.248160062676761,246.8668940374263,258.1236889294874,,13.54018125639974,0.0011966488788221,35.50484336858744,0.2288259397302822,2616.662024473383,37.060734968531115,39.142773862016654,79.75527880306801,83.00748644227369,18.519092022380452,15.303908512684222,255.62186415586928,84.96765388569773,105.51279765796198,246.50527887118903,734.1218483430072,23.612297544619366,1107.0447482812488,242.34324022887907,120.86377209174906,,61.52702949119858,10701.9002013308,155.1797017846033,1703.69214583162,129.72592323591613,54.6303814444964,4.386524205375771,98.68289619312372,514.6563557622125,187.84314323874165,779.7894638941116,533.8463869427222,121.04067574785395,102.62067489219272
2023-05-12,,388.66226417694446,120.73307949517526,49.92969280585742,14.609427528145464,42.579610868533585,117.09330648079744,28.618843460462713,3338.70390802935,228.264432574126,5406.501461015528,117.3020527859252,,39548.02313426838,75.42099429857939,,142.20441721901375,28.407066373111643,363.1230434846868,48.00245384610148,145.499082758894,110.4260818571432,60.63763091886024,154.40739517992662,491.5465175075737,0.0035924513495548,24.183006535947708,,132.68115801104926,102.4614244873404,151.02065875293192,,4593.1429039574095,0.0384484215126921,109.47105490978122,135.4555579920276,0.7241613086672217,203.69948014152723,121.0696251820264,148.3822119524331,198.5924672068957,301.48221343873524,239.9716817624341,,2.186937976012062,246.4470366250169,259.32074632024757,,14.275982416898824,0.0014858286561206,35.36706853620403,0.1904141858961725,2618.1647782192263,36.8204960177532,39.38867070339768,102.86537724754052,74.17640039315728,17.129448400295626,14.971241845319238,250.80201630952996,78.8092349906062,106.9418648948644,248.41297502643567,729.2716639401631,22.396932752839422,1258.1314188839865,242.54421712501176,121.94675986228212,,56.79848016854749,10591.207948391138,153.4560592683703,1654.6965988999502,130.85811412005611,71.18754714423794,4.831152871522524,99.16997158410884,513.4255852721951,198.4313665651816,777.4035185620312,535.477215579273,121.0696251820264,102.4614244873404
2023-05-19,,397.08609405836944,125.8203642573138,47.670857463492915,14.938634981309397,48.71743627416107,109.66777368727509,28.208104866273747,3583.0073904046067,219.01933886112784,5406.501461015528,117.30205278592518,,40829.51679131754,77.53030562590297,,143.9963558306469,29.51024516667792,370.12682977026793,46.841781027918344,147.67005794749338,112.0737368068542,59.44720006362203,156.5203037306034,493.07616628212105,0.0038267416549606,24.183006535947708,,132.97442806451792,98.98234662456464,179.3942843360781,,4678.158366786929,0.0425872415072095,107.56721713673576,137.60514341383688,0.7684978278159554,202.5060004751793,118.90234746392846,148.28028394798582,199.0750165129993,315.41501976284593,243.67671340040943,,2.3132627674034816,246.96377662813015,265.26286222334534,,12.937692226123442,0.0016284453310694,35.04898394548487,0.2250572383554227,2724.2700030798146,35.2844291209339,38.468789860691814,127.77364994688116,81.62433889863576,16.727778535753764,16.26376508460672,263.8240980388363,77.55589691318427,105.00241650192544,250.79952508738745,772.5080247470694,21.65786955507922,1401.1585382675062,244.31270035133403,131.88282921471253,,56.332040219663384,10487.450106054252,154.56228140799334,1443.759143147487,132.71647653647054,90.495735034042,3.6024837157595933,100.2783287948486,516.6000221075375,198.52941176470677,777.6340754229334,548.4940155050319,118.90234746392846,98.98234662456464
2023-05-26,,398.78316136353345,121.89569736324452,45.01936772058093,15.93646232093844,45.037727056512395,111.06445590599974,28.43496238921838,3809.3371033364074,222.00403879956036,5304.7637982187325,123.16715542522144,,39922.112160803736,79.64294601170448,,142.0121629131943,30.180863657865597,374.19473887420446,48.27570706709387,149.07523150915287,113.14018896449724,58.487030770196846,158.13799933971532,467.47525321776607,0.0040610319603663,23.52941176470588,,132.6811580110493,94.85399554301527,156.3606155151261,,4678.158366786929,0.0420747489786493,107.08544414779048,136.53626765916863,0.8557050419706188,202.9466067984144,115.88883184919708,148.4721433365253,200.2318300516958,334.1897233201581,242.73604787781525,,2.773035079407031,242.92683775200535,266.72050876256475,136.93566590902458,12.142900075192705,0.0016922685203741,34.20837573073595,0.2096610938720313,2870.531830136159,37.15275782979311,45.38625120359177,150.07892175914975,80.94473293789959,15.376136011926352,17.573884610938446,252.0704013962551,76.20094414844465,104.38995911468156,244.9173444450307,759.6768121633056,24.46495504724144,1266.1254013400246,240.59485775864692,145.24074023493313,,55.10378457310614,10236.989122598396,150.36892794416016,1259.1536765284766,133.33332141892055,83.43188298974148,3.502337173999991,99.71172682825087,505.4591837363628,195.58823529411848,764.6315985275701,554.4569667538556,115.88883184919708,94.85399554301527
2023-06-02,,398.2234158821752,125.25067269300658,42.06165787768459,16.52317967304396,48.27171958310647,90.78986282149478,29.308539478981192,3718.6588617867656,318.94009143969913,5288.557798835172,121.40762463343256,,40347.617849721675,77.04049780590881,,142.5392849859666,32.27454160907534,377.76540031134,51.04483838556199,146.16620319894932,110.93239086559376,61.120019447269904,158.9798613403756,403.6504669409545,0.0040610319603663,22.87581699346405,,133.66398579343743,98.19832881474956,213.91243751303745,,4616.120106611052,0.0418882319592046,107.22847247810417,133.69928749853725,0.8831129370009773,203.32548734896952,118.02462566128068,147.4910732278769,199.67744765901193,337.45059288537544,244.98520025356655,,2.6811632597768065,242.41009774889207,266.43143418979946,112.71618128299689,11.452804418046716,0.0016569899738254,34.24552069024156,0.2092054135540016,2844.2220031804977,37.46173111577683,47.67834818264896,156.99742685164685,93.8111537490143,16.66417135820934,17.918668274741744,253.67701734503493,76.54322368940484,104.28788288347424,238.41050745127325,762.2812141428108,25.30181397264941,1394.967395434102,238.54500994421576,144.97977392916488,,56.86337663649452,9960.74491272631,153.2245241737116,1207.868760427075,134.1766116268461,77.35032675384397,4.3161067921045095,100.8151071106086,504.0531431809658,209.99999700808144,762.6365718984976,555.2369927724268,118.02462566128068,98.19832881474956
2023-06-09,,399.3188017244013,128.33886603395317,43.51014260590116,16.560540455854294,52.32990271702644,74.35881207987379,30.037364959975292,3671.120661400012,330.2969191807814,5272.351799451613,117.30205278592516,,40949.55236297081,77.45644331921423,,145.0330526373417,28.828469138579553,376.6174987826609,51.95102381297544,146.32138404708442,111.05016489353883,60.95694645262946,159.92076592934887,387.82289884670087,0.0040610319603663,22.22222222222222,,134.04443018586448,97.72055890773366,212.7507286922809,,4652.8835373624015,0.039434474285645,105.74174513263188,135.99279104210947,0.8424629884203477,203.09615219587337,117.42484221362108,147.88839449609773,199.5895697472302,332.6086956521738,246.9768349091748,,2.649919437789801,241.2474672372144,265.34122249281984,90.44292268713782,12.087830836694964,0.0017317770167149,35.15549924736636,0.2025746139247566,2763.814754585741,36.900522001141574,49.71170465909109,161.97036845127,84.15249927152539,14.948946075595474,16.919156948483778,252.40863225830972,75.3882544811962,103.30114598180351,238.87899971482375,756.1170887181243,22.755937028058113,1447.100178929605,235.8721920148344,144.1968998989769,,57.884772135759675,9748.344402076984,152.91580417168663,1189.4421225930755,133.7549724800896,88.07720798574303,4.2648481079439335,101.6799171459922,503.22743389222137,206.2745038200835,758.1353285557657,555.8878749402912,117.42484221362108,97.72055890773366
2023-06-16,,402.47336802389657,126.06774541848102,38.15126563844281,16.478916545573753,60.0777826618104,82.2069938155447,33.550713342450734,3623.467378069952,352.5883989557541,5306.564464816907,111.43695014662892,,40587.20706466339,75.99853937776125,,146.09030867963665,28.648363976302388,380.45265365958414,53.65952870564609,146.356058601731,111.0764810402606,54.61489266866629,160.71310663585265,395.0656241874387,0.0044515158027093,21.56862745098039,,134.60718118004775,97.19379606555512,248.17068766910612,,4685.817434338142,0.0364812424661646,103.69043952731558,137.82300530493976,0.8024770670567104,200.8904518637872,116.59100482697995,147.9907663324092,196.3416170739352,343.0830039525691,247.0536255758055,,2.600659278046912,243.6414033902044,269.78764607273973,158.96702932840998,12.169275638622958,0.0018638171448585,33.56761920053442,0.1865004492498961,2844.0085172157665,35.862389927975016,47.34056336431375,172.66288637530965,85.05935154278473,15.202677948054037,15.165522771265197,255.706428322723,71.31494403580116,101.32767217846212,243.1995394786787,780.8846236058695,26.11566746133241,1398.300812027716,238.9268476480065,148.17653651347538,,57.1090253377275,9968.111709003426,152.65024714597482,1337.9400153218207,135.01209789453245,86.51856897800295,4.287146291161015,101.23260030288156,501.7670933691512,205.88235294117737,766.1854832393495,560.1158950269136,116.59100482697995,97.19379606555512
2023-06-23,,394.5754006833302,125.88775311894808,39.69464521488021,15.16012927357824,56.44847881589988,81.10435830387588,35.72194922958175,3533.007913369449,381.45083220299927,5141.803471084044,112.02346041055851,,40341.97212870649,74.22556895632336,,142.87707001209836,28.66896226448368,377.0353984175256,46.86619264425266,147.71267805026426,112.10608320291456,50.12218971999411,155.51337074942143,387.8924698383428,0.0045296125711779,18.62745098039215,,133.17257794929796,98.66383646863058,191.85971176707423,,4612.290572835444,0.035959323341966,104.7593729875887,135.0150241714447,0.820629580886751,201.92758773546652,117.11764014073636,147.04796022485365,194.7778480804053,336.41304347826076,238.4796026418357,,2.572936486474255,238.27080532047887,264.4505021823025,144.17757630541368,11.35257645453273,0.0020078123053605,32.28874773077405,0.188118799952503,2791.7123835425673,36.175570128067505,43.52671980620992,149.06753799183522,85.83209063925946,14.339018466028609,16.149170007145734,261.5409945605867,72.34451650770059,100.17080822477918,241.3776251204266,751.4159050383797,24.86286488409447,1256.0826070304136,232.95819567714005,141.6851552019704,,53.17910138271785,10043.003920980862,144.86144296926616,1272.64077662902,132.65400927131907,79.82221973179219,4.625551280069552,98.8021813166108,500.4232765985781,201.470588235295,748.0601405858406,554.0082201004211,117.11764014073636,98.66383646863058
2023-06-30,,407.33875053215576,122.21249220652516,33.06990836602939,15.673406156217668,58.71476332312496,79.22437157910576,37.69879809438119,3664.1306763603807,332.64917789148234,5076.079140250717,103.22580645161412,,41464.895048153,76.80851056959133,,142.54130111676676,28.434845138740833,385.0283901679133,46.365436742181984,149.9697967642956,113.81911651660174,51.65283722970378,157.51072961373308,352.14514040854124,0.0045296125711779,17.32026143790849,,134.24258007064452,98.87208915487498,162.69018905309036,,4761.642390084115,0.0334824516847122,104.21362089489728,135.76056439915774,0.7847683675032145,205.13085401859536,117.05912386578142,148.0012881316975,199.16012838354595,346.29446640316195,244.58051302206815,,2.8302164097367037,240.43215234304617,272.69210533983824,135.43452309846137,10.171722384182884,0.0020862557303166,30.98949922046673,0.173810423333062,2867.516651919169,36.785163950133395,43.309793497515464,164.59074901943657,84.70984717483022,14.18320245758273,18.845575156978615,255.45276162752225,72.72642172539335,99.96665576236452,243.87625052602945,731.9056562738408,28.48883649820432,1323.26669532595,238.18327299651529,147.1490096825193,,53.48641113730469,10061.420351119978,147.85713306142048,1366.681299665977,135.37908563078932,77.41527811504389,3.182574873187742,101.9284222900032,505.7828992355518,200.3921508789071,755.0375939849636,572.9657232930044,117.05912386578142,98.87208915487498
2023-07-07,,398.0736471543568,120.30915695672866,36.197075470546054,16.257929401082166,50.940374581636526,77.88698443644086,22.81700080329886,3510.915035307066,307.5872469847607,4551.184826883181,101.17302052786046,,41035.97708547735,78.1365030096576,,142.18635437497616,48.085060342881384,379.3893900316371,46.61873947238651,147.65604992400242,112.06310546046124,52.25188379758271,155.59590623968222,343.11488064029743,0.004685806108115,18.137254901960777,,133.23598736372068,94.63348994986546,163.38443526758712,,4671.265486474268,0.0394145618367922,101.55257260676927,135.42001612617264,0.748571179554645,199.44950407394427,114.68927611471626,145.7351964710592,196.19317438642415,340.2173913043477,241.3694562758949,,2.7542745399000186,231.65582621842353,266.4608452393268,109.36106530180471,11.133583880334298,0.0019588230914683,33.142898792654506,0.170591115342302,2811.0121664544595,35.23331152121234,41.21294459669511,163.04227498370648,82.9423349349705,14.733971100801249,21.36593089271943,251.14024717158455,72.2966938621102,99.694452479145,237.62968701202217,678.8336341554043,30.97824382286479,1191.900603800104,229.2805392642489,143.56079763955648,,54.06747460169194,9798.68212127382,144.4967511264915,1377.4273879232449,132.75552006649178,68.47127373107543,3.3851305975220596,100.16897856839836,487.0368917045339,196.0784313725499,727.5087621397256,560.6504778828446,114.68927611471626,94.63348994986546
2023-07-14,,398.49267013063854,115.79168482069906,38.57811902333534,18.00742740131217,50.955618039177864,78.7482169137753,24.097456278629352,3756.004473369568,329.8243521654797,4647.520489885455,102.63929618768452,,39852.34278979514,78.53298726099841,,143.89707097077215,40.50057445893852,379.8337390104807,60.93199748567285,142.22199285695905,107.93894454395512,51.92257092677293,158.7982832618017,356.62800241538145,0.0048419996450522,18.137254901960777,,135.17785381574296,96.99779628621616,168.4772100002563,,4695.774128660244,0.041849328262089,101.41707933786628,134.42349822355516,0.8090010845072788,199.01986667627975,116.5032359949668,147.45081001182524,193.47101244779213,343.87351778656114,238.0241280184337,,2.682559150032917,237.58311580590495,268.3084383824758,96.9893443742777,11.442167625483158,0.0019701497656293,33.233624433943135,0.1651709462112945,2793.3000234004776,33.01098646713971,40.90693559077185,169.18653275883858,83.06080872987035,14.721634072154222,24.48107237030579,246.74316854879308,75.44826693937038,98.9118680398889,240.85707816092597,717.0308868080753,29.960184084522428,1282.8496710276345,237.0377752175276,148.91049491577976,,58.956635246521614,9803.59257138701,149.4722111324332,1568.7709990676178,134.08291668632523,61.78177900716165,3.6907042761871263,101.36182032340548,483.1045939101502,200.88234695733848,745.323318060778,557.3468057635515,116.5032359949668,96.99779628621616
2023-07-21,,407.71364285717755,119.20934078415128,42.1706334893653,21.980407523186116,50.58278216480757,99.05582388761954,21.983517247282393,3470.6388986997276,325.37635051882256,4848.294815581785,106.45161290322709,,41202.014190942515,80.5984610543847,,142.28265819053482,43.40476540712174,390.6462308290064,58.48810182419045,146.1696295934868,110.9349913172014,54.98564998615267,159.6566523605142,357.88435858997167,0.0053105802558637,18.137254901960777,,135.16199843861,99.3008474342693,149.6308257900046,,4917.121367879277,0.0482962731604879,103.31029797642164,139.5833201127604,0.7970801255511275,202.46030089137307,118.11239449329408,149.12957393042228,197.38674508548633,350.2964426877469,242.4140507391751,,2.839370435404421,244.78756590615288,274.0433385747242,109.4165884787476,10.84456094094426,0.0020128743355977,31.46132912048535,0.1603700502502678,2836.764349071864,34.833619969739885,42.03272260202995,172.8694835366624,85.05394809030552,15.186232415509116,30.84928185493511,263.48586717678177,75.8478972272414,101.08949430564498,251.7365096144884,730.2898925241126,28.57799979358032,1213.2273105591332,241.74035553763449,146.8228018003091,,58.858923297728815,10023.359878313448,154.42161604268676,1512.1111739826908,137.22182825231278,61.752506647187246,3.609223810660662,104.60237897176656,508.7756869857639,198.92156264361304,768.290746397244,572.3407058073832,118.11239449329408,99.3008474342693
2023-07-28,,415.28249218571113,120.50125280767658,47.52202967361673,17.089375634568725,50.85720761687072,98.85595266542784,26.06215208423592,3594.494384573977,301.7987216463177,4977.942810650266,110.55718475073448,,41940.57406052539,84.53614918047747,,146.98839004919208,45.056618807580726,393.5133397163063,58.93054709408445,147.60230971409752,112.02231949325471,53.65243457994925,164.97193793331047,373.08835437747854,0.0055448705612695,18.137254901960777,,135.54244283103705,98.40658150099406,130.8243969839848,,4953.8847986306255,0.0502068117981653,102.3204022563419,142.27686078695066,0.8176378402403539,205.10827422719944,117.5565066224794,148.91994960478902,198.4240480769357,352.91501976284565,250.04500790634975,,2.7409242527522526,245.83548991823204,278.5066019922555,91.97305569826024,12.074864668083023,0.0021842833221103,32.03746382483978,0.157047552897607,2809.3484734763415,36.315374088548225,41.06035085414712,188.53984122386407,84.6069719099469,13.164521707447085,35.813885220719975,326.9051215130406,83.10531865922069,101.1065070108462,243.77214113412927,737.3067503768536,30.30173728922014,1238.88694859915,242.5442171250116,152.38452486730023,,57.65478454081272,10370.813462578077,153.92667853279366,1431.43582112044,138.72100687270964,60.53171873184596,3.884324101695962,105.01987216403953,507.5170132282194,203.9215686274519,771.3583764097755,581.6803623174006,117.5565066224794,98.40658150099406
2023-08-04,,407.0292829950277,120.67172664733768,47.4218630200089,15.56121666361188,44.16390077069427,101.76149531387506,24.125439117306257,3438.924656284199,294.1115572514022,4911.318146517851,111.43695014662892,,42217.69808427155,87.37476088569383,,146.0405560176805,44.60093173439366,391.0588405950753,57.96624145539345,148.2858176365762,112.54106573114484,56.3450402842952,162.39683063717314,403.9776398541537,0.0050919090658192,16.993464052287575,,135.2016308343878,96.9145189066953,118.19633066493662,,4874.230776581433,0.0473275370210714,102.29028498344736,141.34696666727905,0.8289207912444986,203.8419635494793,117.02987130872312,148.62613359351784,199.19303292923803,344.31818181818164,244.13175492994043,,2.9432019367843925,242.2005053751595,275.15713092505484,99.5929130607496,12.08565162640887,0.0023113761962677,31.85121697181914,0.1602009409094829,2737.997138319657,36.94653698084389,39.524569047350674,193.84178918915535,78.81261633301473,13.114416298733827,35.40534421225414,349.22869387833157,80.14933672934292,100.64716397041326,248.66528255343496,713.8696605800344,28.817313220871327,1112.9351513709696,238.22347450869543,148.06236686559134,,55.80841902224678,10139.085970291237,152.46790122458762,1318.2078044852956,137.23743613279126,59.35772165543449,3.4380697534698723,104.75148774609131,502.45565417359137,213.1372489181229,758.3358298088982,571.9147146904235,117.02987130872312,96.9145189066953
2023-08-11,,406.27439238224696,121.11213498893817,46.22938259952266,15.857946169418746,44.840953245556975,102.26888060186376,24.044701927409243,3375.461483262262,282.04114802166316,4997.277875584038,114.36950146627704,,43383.88851476867,88.45053800752892,,141.57719623763523,46.36241466896142,387.19723637417326,59.6925245263778,150.98861764042792,114.5923474905178,54.23866342578133,158.2040277319239,412.7619646380321,0.0049981931819894,16.01307189542483,,135.24126323016563,94.54588321255468,95.48797481152924,,4845.793227990539,0.0430479352045547,102.37309025434614,141.656781245348,0.8129662392226267,203.9126989584398,115.50848164240912,149.60879641486846,199.7215811095304,331.71936758893264,242.5518370771765,,2.674548719295215,241.9057898635513,273.50401639493367,91.1898702939214,12.039738127791743,0.0022056057019987,30.879792122808222,0.1632935613959362,2691.23268419977,36.05261289863237,39.21669096785699,164.72547595692296,67.29854086213332,13.336613853603824,23.165598425613336,351.2581048560197,86.51118517953795,99.93263035196206,254.2291824880357,663.3819309793258,26.689091486265532,1065.938023465569,238.08279988083325,140.9185822332241,,53.99785552107414,10119.256417924444,151.92086346042564,1220.540985045437,135.8007247775459,62.87282144474552,3.1974942505620434,103.27037281933517,513.0887677209394,211.47058524337572,754.3057839912292,572.2100181130431,115.50848164240912,94.54588321255468
2023-08-18,,393.72374043333946,120.51957853313478,50.14389089745822,15.159392337401464,49.40323536552621,91.6257347843252,23.4136687292869,3280.598880568439,270.3793645630849,4828.738676153644,109.97067448680484,,42414.679921408664,85.76946307571043,,139.80011842919936,40.31217297126808,378.07750257028954,64.70073096491797,149.5027332167191,113.46464007208256,53.773613718817245,153.58204027731844,400.64834275139145,0.0049981931819894,16.274509554594943,,134.29806784355534,92.55124613213408,103.32883461643176,,4528.583289708277,0.0420851847069544,101.4584762301286,138.97497472479887,0.7952835788050983,198.9918398277955,114.48447473279307,146.66312506258706,196.75742131791273,326.6798418972331,233.3106644137845,,2.512988867874524,233.8171532535026,266.7530747333869,68.61370586486791,11.364595980726143,0.0016952331205133,29.77049247215132,0.1395966751995898,2642.176380379352,36.71203782982757,36.92485231967477,152.96170558898046,68.24859381138751,13.426040077829688,20.520104833485803,340.26543410440155,74.00612074933494,98.43551229425476,248.3364530926177,638.4752829450733,23.414258261823033,1013.151570700097,230.56672700348295,138.32528245477545,,54.23381011891999,9865.189853839436,146.39836569032198,1040.1839487628897,132.08401185912962,62.27702636188266,3.095926159684521,99.73160610218818,501.9384455177862,209.99999700808155,728.0601405858408,556.5973543745894,114.48447473279307,92.55124613213408
2023-08-25,,401.8332199202593,121.74104505652784,62.85562445775877,15.213745567314357,48.509073306911766,103.99065594372397,24.858142326217443,3276.0173408283913,246.8910992387975,4829.644800881763,107.03812316715673,,43355.15196304899,86.31872573643498,,143.57914073745243,41.9552411862419,385.0918685934623,70.7153301363734,151.0989435785884,114.67607902234104,55.137100290068865,157.0815450643769,487.8393967287868,0.0053105802558637,16.01307189542483,,134.8449634606056,96.29119422461513,98.13645712870878,,4558.830435195063,0.0406211102934827,102.68549665716267,142.42179816326953,0.7956727325640222,202.71673205176103,116.64952110193502,147.93035924758527,200.03675425631943,339.3280632411065,238.7119686251453,,2.7027225626400657,236.53519179382587,271.3725555453033,56.831682100566624,10.900682072622065,0.0017343694084462,30.017169739220247,0.1481150679717595,2730.135068538762,37.00975036447572,36.48285712070788,156.27115099519472,74.08269343857988,13.593800966172074,22.358473427386414,343.30956347361405,71.992788684433,100.51106232880352,250.28315833931828,651.4273852826402,23.706823809304726,1082.2155881748963,233.440521828997,142.14183379350632,,57.551348396970425,10005.235925968094,146.71095727882778,1051.0317954328173,134.4655242174732,65.62886488752046,2.906120307108883,100.83498638454589,507.5889623810536,220.19608441521248,735.6992579104023,568.1949856489566,116.64952110193502,96.29119422461513
2023-09-01,,408.9761589447253,120.97297301298646,67.21862303651595,16.660002207793337,46.87839467806521,96.80817786345112,23.61567265673219,3366.207085682366,283.64207282284775,4847.767295444171,98.53372434017712,,43872.00993108937,90.367287008657,,145.35159163375496,39.15980638515965,395.7562440857069,67.20901038080133,149.76744139935457,113.6655395340565,56.72591105601981,159.98679432155748,499.20927099468395,0.0051543867189265,16.01307189542483,,135.7723034700829,95.7302058152149,90.48903305438198,,4562.708310773381,0.0408342974895954,103.08823190591458,143.42877110824915,0.8539050200495206,202.30644457068465,116.73730109478662,148.2204007799683,200.7366633693028,356.62055335968364,245.07077748313512,,2.4352248009152784,240.9888638482902,277.4552641251145,51.05170801458934,10.3376334769984,0.0016235184336476,29.78006846265423,0.1444113550591878,2760.6202713202497,34.3077419474547,36.65382092688075,162.23192195456454,73.55774274729802,13.856632021391729,24.837390405151893,370.53757365745867,82.43125480576627,101.80402792409618,257.22816084106097,655.4554279149567,24.450423897361333,1074.788098755754,236.41478977019284,149.30193193087356,,58.64335848903587,9986.645579162405,150.04529405517604,1085.1892125320617,137.95579181041398,67.97416057911876,2.4007922806011024,104.35387382775558,507.62769902417534,228.8235234279269,748.3208020050135,578.7148651781744,116.73730109478662,95.7302058152149
2023-09-08,,409.27764325177145,122.89083886869808,58.39498814851145,15.284360808715077,45.182683833078535,96.68547920171856,23.070332456100154,3234.7229673941115,250.54854876780905,4913.914400596961,95.3079178885642,,44652.38406975212,95.00891951306085,,142.603090677173,38.96878425244801,396.0101577879032,72.91877232478421,153.4041731610804,116.42562593184006,57.24444501418405,158.76526906569745,475.0238920363185,0.0051543867189265,16.01307189542483,,136.0497060523094,95.6304715833989,77.94170597122128,,4532.461165286595,0.0428135382232088,103.81088564614546,145.23179068357567,0.8256767618512684,205.19508737497767,116.97135503376816,149.08343380447252,203.4936036638522,352.6185770750986,248.08538432972873,,2.5196707416984414,241.18534085602903,278.5949360926383,43.87538011861057,9.290313239413216,0.0015622632920238,27.196223759714357,0.1810482463614409,2852.255057566874,38.31126877490901,34.96666454952249,164.26105927678103,66.42124656840032,13.633658624625673,23.847168139328957,372.7360871634939,81.83897837550956,101.94012956570592,263.331344857744,654.8772588429057,24.157558968962505,1089.582104380031,235.34967968318136,146.6760175859831,,54.75072374949708,10020.108656090477,149.5503565452829,1000.9868546172596,137.7605860747205,63.03540557091938,2.6113381456537583,102.54472718137583,511.07636415851863,234.50980092965028,749.694255169174,580.3024141746482,116.97135503376816,95.6304715833989
2023-09-15,,413.80883104561343,123.61599749478648,54.47781827509144,13.754873048977098,42.725630291055886,83.64016344235598,24.43681289364387,3097.5979967394883,259.7199458695915,4956.502262818622,101.17302052786042,,45498.42137146844,98.37486961750952,,146.85474257350674,39.879265515122995,398.33770005803586,81.18129780396195,156.29690571361198,118.62105641552228,53.560415462677526,161.14229118520885,484.9103298681249,0.0050450511239043,16.01307189542483,,135.85948990315043,95.85486884939498,87.67816138925086,,4880.694108195392,0.0434364691685712,103.82217675188738,147.9833058661736,0.7853050752022269,205.6972089116245,117.26393640854292,149.59632721120036,204.379022369927,345.99802371541483,254.75254328163808,,2.6811610493479856,248.6183743672835,279.3168704932321,29.63829270784745,8.797120213210391,0.0015933587090601,22.75701237288061,0.1807081725109376,2834.324137733027,36.20174107200928,32.653199669092444,167.41447659599123,72.57700421315373,14.337477656936398,23.987886355944696,384.574347972929,87.25980456346562,102.92686646737664,271.48646143176,659.5916552051773,24.30010875080832,1228.2615666269044,239.7508099914737,144.21320096041853,,54.86733221916903,10171.308709963632,152.16634688268795,1096.15036124139,139.34566760981153,54.74215077666128,2.624514665724925,103.21073499752336,516.7732756579485,255.6372549019619,773.0726719141612,582.787688560516,117.26393640854292,95.85486884939498
2023-09-22,,406.2795653216014,129.35995921615657,61.6193233108508,13.962361276472093,44.86234397903857,84.09217818127452,25.357997055967324,3095.509675710172,255.57004829683777,5004.526873409004,109.97067448680478,,44936.084743581974,98.5650089059334,,144.63478415949544,34.94244489833457,392.7092796593512,78.00048433097763,157.9995449581689,119.91326923932534,50.551911092261584,160.64707824364396,460.61620344257454,0.0051543867189265,16.01307189542483,,135.3046726445883,96.12913323129904,83.61602895785823,,4987.723379482252,0.043671608098613,104.27384395431228,147.73948111487547,0.7856609092238475,206.29852613981524,117.93685682926748,150.8334627044463,204.94142786454125,343.1324110671935,252.66968521157577,,2.4142387296009424,247.62496049510924,274.761032954067,20.397560971549268,8.6341536195346,0.0017838561562412,23.330656862841167,0.1865635025475647,2744.764479135363,34.39826954667841,26.318394231326085,155.6607041258653,65.73695731882498,13.205358196371586,21.38922876777237,373.07434383090913,85.66841679423821,104.18580665226683,274.3802124741528,643.510246079959,22.0961076958178,1081.3811951025468,237.74116368922287,141.8971809927382,,56.26889196823198,10202.292244074926,151.0629354689063,982.1515245543636,137.82305333987196,52.72399887109618,2.0897681117920888,101.81908154341656,512.0704677966661,268.6274509803934,770.3157796835848,570.6829517654173,117.93685682926748,96.12913323129904
2023-09-29,,405.3509252571075,125.21291454219744,58.76359756598144,12.99297232072288,45.694926909104794,93.17919085361952,25.513098380660388,3110.85958194251,266.4776361864741,5029.898365796376,114.36950146627696,,44026.13126189933,98.65681629720304,,146.75401036295318,33.054764197748185,390.847245843245,77.76422773120665,162.13059579391842,123.04851757969064,50.59798179650996,159.1944536150537,513.4314675329719,0.0050450511239043,16.01307189542483,,135.19370919287587,92.70084747985808,82.40427133248642,,5001.684110262982,0.0419976440821833,103.90498202278616,147.85947095928108,0.7388754883348021,204.31057323533796,116.06436951322378,150.23750303304507,206.3057682634605,343.5770750988141,247.92512890649,,2.403419832365714,245.77059601814,275.23886444596667,18.85822544175152,8.931003157302198,0.0016635469959234,22.393274950371264,0.1651800649934987,2753.887041902114,33.46366521155411,34.48210863817866,177.55277404181317,57.01496581060969,11.763778354877804,18.063781210875455,373.5816772213108,85.97915051665727,100.66417667561444,274.2223715082041,653.8541506248101,23.417286987237592,1179.5514627902226,235.57074200301977,144.88191778628087,,54.89866050193723,10068.443331446357,148.25185208019354,945.907734977731,136.8157969860348,54.15856040706709,2.0030670175577723,101.97812521477812,511.4421902419245,274.50980392157,762.7168017700511,570.6050216597076,116.06436951322378,92.70084747985808
2023-10-06,,406.4032300306306,124.84787203175428,59.00254009864236,11.926838720041497,49.14534772531679,84.82724414708834,25.774569834531587,3122.246950295944,261.66631420715197,4957.408387546743,108.50439882698068,,43589.52655015928,90.60655862101288,,143.4898759101426,31.439171945284507,386.67882923218906,76.84271941615599,162.52668670764416,123.3491295617911,46.44657889321826,157.2796302410029,476.55549266804593,0.0048419996450522,16.01307189542483,,133.767027603638,90.8558022359816,72.7758771319944,,5077.690376923303,0.0416780821014373,102.13596554739188,143.943603660036,0.7201815140004175,200.58856576158104,114.98184632865282,149.16137486115605,203.47793360507976,346.5909090909089,243.2405323631082,,2.2690138919621345,242.12807848683417,274.55663419459177,15.69026685068754,9.918171646213173,0.0016807227538994,22.1599394392021,0.1554027117929581,2858.280222833745,33.748293922794446,28.67864708854971,184.58067496955465,53.14501924446231,11.780288737696656,16.781485314154125,353.11841330536095,83.45457985903153,99.04796968149864,271.6443023977088,648.9725471521059,21.592715499424163,1026.7625321318185,232.5160710374632,144.8982188477226,,50.23401517014881,9730.101735649763,144.2322676129861,844.514377188222,134.9027831591207,51.85524736982082,1.9503193339895368,98.42444667221235,510.82262380503846,261.7647058823542,751.338355654763,574.1309612124103,114.98184632865282,90.8558022359816
2023-10-13,,407.8266740939129,127.24556471153475,53.10292771520284,11.352508522669128,46.73477833678427,84.29254037927693,26.7744454941679,3189.440432018095,243.0828086098575,4971.90638319667,107.0381231671566,,43448.0856963456,96.3418560607475,,140.9554014407689,29.026057495750564,395.12674969901184,70.03453104983404,160.73152124788697,121.98669425122108,45.813722875556486,159.29349620336671,466.947037308781,0.0046077093396464,16.01307189542483,,134.05486530700205,93.9724256463825,70.67019235874325,,5061.4030154702805,0.041357981736954,104.09694230677286,147.5318686478591,0.6447816891773145,202.08713839268017,116.79580620890336,149.41441709866243,204.90523342984156,355.38537549407107,244.32585929027096,,2.259909906352493,245.80370172945635,280.05370443459896,14.098207603949373,10.679613666239591,0.0016776256710174,21.1092344467519,0.1483178032901755,2863.4318441162336,32.85718025405109,26.89124548502942,192.9856824551572,42.56748373214848,11.150041648754335,14.607411671248997,360.55959549200435,80.29940922237651,104.90034027071808,286.4287395415702,642.92406323795,20.439287527973804,1078.615404652838,235.20900505531927,148.9920375536635,,52.527672203575904,9732.580146771968,142.235604071045,886.3760656969899,137.4092181333546,51.73419722965883,1.8671071989011616,98.68289619312375,512.9359314609667,250.4901960784326,761.8646714442367,576.9109698121564,116.79580620890336,93.9724256463825
2023-10-20,,398.91368278612293,127.60965194246585,49.601310603467624,10.124732108272848,43.94202589650976,97.33210009053984,25.55003142437165,3067.801926205796,216.51972479254152,4725.440457147918,99.70674486803632,,42446.21304835485,100.8596053311812,,141.5560542831482,27.188997677332583,385.3669417708415,67.09032465756155,163.20214512622377,123.86176665342671,41.029810102648874,154.60548035655256,440.85045005719275,0.0049200964135208,16.01307189542483,,132.83069445174164,90.00808028790541,69.10335717298842,,4776.767326720581,0.0374052999270665,102.12091839731872,150.6719605359225,0.6340160370617455,199.90336832041044,114.48447473279312,149.4541997098096,202.94255691129,341.55138339920944,239.8822739445287,,2.1904469293277904,239.54520646139227,274.1536851909155,13.3968712029024,9.25911231958176,0.0017845739470651,20.971350928070382,0.1485245193827939,2864.9847634589,29.210976472590477,25.900634401363256,179.76838597511895,42.90905814763119,11.920241564723538,13.78736934524935,336.460278844226,79.3844397580272,108.60911000458393,287.00748975004876,617.4654180975527,16.7864169204151,1043.9000414516486,228.89871689284257,142.45171572715816,,55.225862289585734,9889.977360145213,138.45246633849104,774.1311630657461,133.95017821578327,48.06531620017057,2.3438073233054557,96.47613562840829,505.9086538429192,261.7647058823542,742.0651726973695,565.2315916598294,114.48447473279312,90.00808028790541
2023-10-27,,390.9313219994877,125.604368567303,51.39232026019739,8.14083830182125,45.22527213887165,87.3103442016377,25.68048293851135,3135.024206985473,236.3217014199334,4586.803373745496,96.7741935483882,,41922.24457215571,96.28544178058772,,144.77601962079476,25.45088072023958,377.4744575275732,69.1720738332905,161.90662586061575,122.87853628689167,40.83461849979646,154.04423902277904,455.0138653412232,0.0052012446608415,15.686274509803916,,133.82635441025292,91.26719880883772,60.23684697941016,,4661.2064451373335,0.045789417695718,102.4784777367288,149.1143545512377,0.5778862514387082,202.11792541490743,115.52311350135744,150.19172215307097,204.57926683938135,338.6363636363635,239.3061409062756,,1.8172929387652632,235.9689003527191,268.81833983345473,13.283820319916504,9.273659365465234,0.0015461528826778,18.07449371517038,0.1327160919754131,2892.5585057816065,27.80326926350841,24.71477764901645,168.16526466691636,33.59447722519802,10.646452356515418,12.529150812197026,338.9124848508226,76.41386718142243,107.99665261734,284.16635236297213,593.4556634282056,15.387736250914807,1072.2631626241389,226.48713213071093,139.9073564637098,,54.12938453309142,9471.078349320343,137.03378593057005,720.1971489289667,131.8029151231544,45.04421272139258,2.3911929167810273,94.965206530678,488.13421654262993,268.1372549019621,730.9573739035096,550.9488094288514,115.52311350135744,91.26719880883772
2023-11-03,,412.0193648449453,125.0403119133,47.76585143535543,24.075102670511324,42.55033051535621,77.73177252705793,25.38290047785238,3354.7169047021507,230.31913143698364,4652.950478898286,101.1730205278604,,44262.85824734014,93.87744834384593,,145.47364918637626,28.936319277493332,390.6250713538231,75.20582111298717,156.74289065596005,118.95953531736104,53.9635488628241,158.36909871244555,465.7289739144288,0.0050919090658192,16.01307189542483,,137.06632760340827,95.18167705140684,70.01145921164479,,4670.513441199991,0.0441563563698987,103.14468743462416,148.71238765013015,0.6607629336439357,208.87999671403472,117.90759311137089,152.91468275086123,209.9390316096442,351.67984189723313,254.6865321724063,,2.0622616351491785,239.67764951771463,282.1484387035754,14.088245239975098,9.368771315331896,0.0016096793635849,23.77691681509538,0.1254200196246489,3080.2942189713067,27.36955615732016,27.237678719018355,209.84580865793717,46.66550657144611,10.96098937847649,14.9238896740894,373.5816772213108,82.32792900620385,106.53355997003511,279.1154414526138,619.7845247518449,16.247035050253423,1208.1221994709458,232.95819567714005,147.05115353963532,,53.85389474716782,9554.11417547082,146.07128663595552,770.1897969867646,136.37853804438726,46.94061853565762,2.4598689271441496,99.03080718668456,503.37548365076873,265.68627450980534,743.6290922619055,580.5742048585612,117.90759311137089,95.18167705140684
2023-11-10,,413.45006868087586,124.5481167397274,56.0683636400669,21.401064177174774,43.01069945092269,73.34043067223398,25.523977049870144,3421.884897492004,227.49171638857044,4571.399253367451,94.72140762463452,,44014.7137482731,88.79171388589035,,141.8223950858736,26.59695932518545,397.0892910222371,72.31048652004726,158.10126190917714,119.99046700679791,49.70488485740576,159.5576097722012,488.3890011506337,0.0049981931819894,16.111110861784482,,136.61746246589746,95.15674824904276,65.31065334206113,,4708.5280440747,0.0415374183029568,104.025428141616,143.4377410878121,0.5577027647887858,205.7720090536571,117.84907683641596,153.112876977437,208.45459351428585,370.3557312252965,245.7681583465357,,1.9322037113757389,238.38622361052225,282.2950570632452,11.809742609087252,8.833133908272425,0.0014953237774996,23.512322535058605,0.113586815178659,3220.9361020561196,23.14031852976975,30.482550507852345,218.06047993820692,40.62877578700024,12.294405480674609,15.436684892191607,392.3537868269876,101.8103048866662,105.20656896434002,276.69521330806714,636.072798509473,15.634504142188948,1119.9604448864936,234.3247557759659,154.35803589132843,,53.50680092645763,9788.35005549446,145.28313419441125,780.1579667683257,137.62784760417833,44.33066546718328,2.572959711604438,97.50496626353544,490.97127953165096,265.6862745098053,737.9047716948627,586.9420569709382,117.84907683641596,95.15674824904276
2023-11-17,,418.2474575299518,123.48568011694134,54.051710136494,22.82526143238072,42.029906443024196,61.90064376800204,25.83665315188586,3542.625119136081,233.18967768971865,4648.4198552576845,101.17302052786042,,44347.122928771016,86.12760553929327,,144.1829550378559,35.48639897256147,401.59625923622144,78.9347364275671,151.60976535179347,115.06376563776682,62.36812987693106,161.30736216573044,487.20757757727966,0.0049981931819894,16.111110861784482,,137.76002940255313,98.8468292256158,75.92755836235696,,4835.828127915159,0.0415640454404141,103.3683519856818,141.2034585711482,0.5584961027862166,205.63181906914585,120.090701903073,154.3349472218835,206.8594688628677,373.8142292490119,249.38914582553872,,2.022764117267714,243.35329297139376,285.879005711699,10.975821813495743,9.259691599241783,0.0014860526901186,23.340848139316147,0.1593094010735258,3177.561106862707,23.424665134025418,28.891380417015505,223.52944027742083,38.77659960316807,13.07694020154941,17.65102055910221,412.6479482145906,108.52328607688293,105.61487388916927,277.31138849178507,722.81716337176,16.809799683509492,1124.0137333396665,241.3183316540479,158.40292652582735,,57.07247668619731,9555.058054216664,151.32564960878707,822.7682242371618,139.8297740217194,46.85275064232465,2.44369673481772,100.66599833628392,496.7976867609148,282.1078431372564,752.3107573621558,590.5063158121767,120.090701903073,98.8468292256158
2023-11-24,,418.26488674462814,122.31748611732417,58.41537263715878,23.16153487194889,40.31111335189562,72.94566986230095,25.084832557522397,3545.76702571275,220.28404671861844,4612.174866132868,98.24046920821226,,44386.53533058144,87.6171376323153,,145.59152136858316,38.11358613105543,400.6123436402108,84.90160680523195,150.77643698066606,114.4313136306536,66.83154362707128,159.98679432155745,468.35688288017553,0.0049200964135208,16.176470588235286,,138.4455620928006,95.71773665844296,68.10288342591963,,4789.465594790344,0.0438362108505443,101.72977265117572,140.2321598857276,0.5660036730123721,206.05984214047913,118.33993515461655,154.25321173553783,205.95909746008704,370.9486166007904,249.04344110714356,,2.170195047193748,243.08836643663503,286.9758860978423,9.592930405110712,8.666696626496098,0.0013096421399492,23.020071249689213,0.1728503809871608,3212.0081484025186,23.110621710619313,27.942440908477217,207.4750948711266,42.25074548671597,13.041347412933256,16.212472571673114,407.57440786769,116.41069609661162,105.03644191232785,275.8761944167845,730.9680256363839,16.142785689340236,1122.3089322830535,241.45900628191015,156.60881428256673,,56.38052894718759,9514.994867390322,150.64258683195584,738.5766058920774,139.33004781492048,46.477563690610495,2.197830731541781,100.14909929446114,502.5016636477324,281.3725490196093,750.6967614348373,590.7925087248083,118.33993515461655,95.71773665844296
2023-12-01,,418.7034425036052,121.36697161887224,54.25189211803145,23.48596415038084,37.47958494521887,66.02213982854431,26.063921792378125,3543.1121311923007,211.76251530213008,4620.329988685952,101.17302052786044,,43360.371005168294,86.30067198141677,,148.0002177129054,38.01785707281602,400.4959665267041,89.79068053494532,145.86464926406035,110.70352743314469,67.50306896328891,159.6236381644099,477.01168192975285,0.0053105802558637,15.686274509803916,,140.20837111307398,97.08904905678337,81.38219658117539,,4747.032073638284,0.0438038783547294,103.0582478644068,139.400769607782,0.6123718995633465,208.45699796034927,119.46753919483731,154.6438602253011,207.047843794374,369.26877470355726,248.95432968071,,2.1533307220485476,244.2473492875051,285.550481073027,9.337082489963882,8.66030428721842,0.0011956509859961,22.685675454573943,0.173258204412017,3162.39145744025,22.655859724400536,27.9345815891692,217.3353911008146,46.54197138719548,15.125816239165443,18.294437086392183,467.9495586400969,115.5848299717336,107.38419523009613,273.0058062667832,749.1461601393362,16.689399068299764,1098.047232509634,,155.20616394151676,,59.839041462596775,9466.168287155202,150.3535952649458,793.3029832024973,139.46278628546256,51.38298010799145,2.214980671349156,101.42146762508088,500.0419853433583,287.9901960784329,754.8270578790729,590.7388271820106,119.46753919483731,97.08904905678337
2023-12-08,,419.934818649756,126.21169749332948,57.76804953500591,23.29410487881773,39.908499388768085,79.65600628582247,26.992650670434752,3588.975595684465,214.855690430789,4585.8972490173755,102.63929618768452,,43019.36827997924,81.41684936720162,,145.99217445025812,38.94958199519266,405.7752555848689,103.8036591862696,146.62483625257573,111.28046901262968,66.09396894075795,159.39253879167964,456.6632992801664,0.0060915479405495,16.339869281045747,,140.4532077747081,99.71947997605608,86.9606895563035,,4865.688522984967,0.0522220524339419,104.34078345723049,134.57959484190343,0.5634852189450219,209.94236833436605,120.62483489885534,153.97825185329395,207.7180352259176,375.0988142292489,248.87418074111463,,2.0742612819024218,245.24076315967943,286.35494905879136,9.186427733421043,8.038102424178946,0.0013720585239801,21.773174840687467,0.1516505117563172,3170.6048593931937,21.44325972056596,27.050944512678686,191.1681087835988,49.247018916438144,17.545026071333456,16.562304975918888,489.2583868085028,120.03491923177374,105.85305176198638,267.9560493362255,775.3561896369293,16.18334333010885,1129.7899674641037,,157.78313777140693,,56.57844162522947,9481.191982215078,152.6392403519949,729.3196537125309,141.04005196590182,52.57117316812609,2.4186588862798746,103.27037281933514,500.31756250615126,290.93137254902126,757.3433583959901,593.9727491573484,120.62483489885534,99.71947997605608
2023-12-15,,423.43316464167214,89.8612293203435,65.46734803450298,24.71965246621409,43.03492524043106,67.99826558523256,31.282550097893612,3854.8369362870503,206.9095785458474,4614.893240317228,115.83577712610106,,42817.59133342371,81.19182328572457,,146.1703239711735,40.24535363928782,412.6415052817604,109.98002150489694,142.82151935983362,108.39395334144464,67.75651369069202,162.13271706833856,451.58188422460466,0.0061696447090181,16.078431621875634,,142.98315340383363,105.69093157172576,79.32961986687064,,4785.536582817586,0.0481431478129734,105.74965300617453,133.83873473073908,0.6433316070561925,212.54183884607065,124.57147167909716,156.86106744688698,208.9980807524599,383.0039525691698,248.53224047883057,,1.8383824760462848,246.35231150950656,290.8827446640309,9.77290272017778,7.84267826556657,0.0012108969016684,22.840868511284697,0.1769008021632552,3096.228642756594,21.18329734258062,26.447270389815426,193.00616534617023,50.43052528356742,18.592349416645742,17.67835356033824,490.6113618674425,122.94527073391548,106.15928045560833,266.0956125723359,799.6315535442909,14.62350433618922,1397.5065987649857,,170.89639599085936,,57.52748038537489,9403.569271932723,157.01471538584698,825.4354905580147,143.20292293900917,53.29182565166691,2.8757128957077547,107.3359829552053,502.6379343524696,298.28431372549187,759.5388373276944,600.1164377178094,124.57147167909716,105.69093157172576
2023-12-22,,431.3225724347128,48.00391848513691,66.83310965004854,26.696109357132208,48.793464582369154,77.69825184989939,31.787970076456435,3823.4298364677015,205.51726150661716,4728.15883133228,113.78299120234736,,43105.59247431375,84.6897039108761,,148.01531283385535,41.05173779544026,413.932233267925,121.7433181702725,143.5783683698517,108.96836157240404,67.59386249889506,160.94420600858288,488.6628298148112,0.0067163220882982,16.078431621875634,,143.77478488646815,107.90996591814242,79.86993035619764,,4933.267337070093,0.0448738007150904,106.10952894406591,135.8822239421396,0.6097983819879268,214.87257340082988,126.35191877161633,159.03889795361076,212.0101514352677,381.2252964426875,252.99518269539135,,2.0250220128075336,250.35804015193753,294.7168639676059,10.381086945353838,8.655448708640904,0.0011834967228895,22.511967371174823,0.1504105239077209,3149.6897862777755,21.692930096120808,25.04211372083133,185.88591171879528,53.016573814024106,16.542354428267434,19.683334024890016,511.4128566454468,157.6283780844985,107.35016981969368,272.84634025844986,812.2774225755908,16.061568403122397,1419.802052146261,,169.2164658390411,,58.16746724461409,9482.44381390024,160.56576589345175,855.9781002882337,143.7416926758293,57.0166198673024,2.6921313458715663,108.45924251150028,511.5095184813905,300.9803921568644,771.6791979949877,608.7412240316473,126.35191877161633,107.90996591814242
2023-12-29,,432.1685786294067,19.1276937766235,67.58224658275729,24.637708659102938,46.43236769352427,78.48183699313824,31.176518777478066,3819.2664374854744,217.08144131632335,4802.461059038154,120.2346041055732,,42962.63977137337,82.24471153822309,,146.89585216890714,37.97754767337537,416.7623130736546,128.59365941120782,142.53268528878348,108.17474361057803,62.98167084432033,164.74083856058022,521.2849745750067,0.0066538444351909,15.915032929065177,,144.0196215481022,106.33919456734988,76.93970503974388,,4993.77421737369,0.0449041183465481,105.71136609466,135.05192863733296,0.5980100507523949,214.53465081195512,125.75843640744328,159.64709353608862,210.7875586920866,383.8932806324109,256.33676480375044,,1.8461585883698688,251.39284523488973,296.1272307707411,11.510147108081943,7.795167045199126,0.0011398821150119,20.772109456344516,0.1578075549198408,3149.80148564674,21.10904046670131,25.08456370370118,182.6181432779846,50.75050250644503,17.172551905904673,20.963451446205212,506.846701299669,165.08425695044858,107.38419523009613,273.37789361956123,822.5615426281095,16.11088419793419,1492.82891614543,,172.0544059746995,,56.57197686623934,9514.994867390322,160.91027358475924,949.8777305892964,145.13937241546603,56.52934857101375,2.738849485505187,110.4970150279538,517.83599001627,303.18627450980557,775.2581649436092,608.3378279036925,125.75843640744328,106.33919456734988
2024-01-05,100.0,426.6641975760254,21.34916762677534,68.03148603786624,23.702168327781536,43.774279608617064,97.80906479923686,31.618501084897733,3583.6254057741576,222.51470564465131,4874.044912559666,114.36950146627696,,44211.60909174233,84.2562574072866,,145.09522850494753,32.07190947093467,409.9965708838823,136.8177097026551,143.70454931435611,109.0641262125822,56.73800844656783,162.6609442060078,591.3745335522525,0.0065601285513611,15.915032929065177,,142.55877068719528,102.30004377942086,72.26849335517561,,4984.34449271593,0.0421715318094261,105.12944476362442,134.86294528173087,0.5276875128716022,211.30622776196753,123.05810240420372,157.0882944828799,209.4835398167678,368.1818181818179,256.0357382509716,,1.901129788090801,249.6570457891879,292.0837737749761,12.187374595906158,6.832747662691027,0.0011514972267747,22.521753929439324,0.1678536049804663,3092.4827123952064,21.32911724542432,24.665984868556635,170.63018350077346,51.64026065861648,17.631942496683088,19.580050550670848,501.6040326190607,149.07395019675664,106.63563620124246,273.3247382834501,771.4613385491439,14.835715075908738,1380.7131201801114,,162.38256314032574,,54.643809383212215,9587.609679319385,156.96171342494665,811.7874336353393,142.99991326307642,59.50867967981258,2.574288555607976,106.44134926898406,528.4061715387684,302.45098039215856,770.8872278352133,601.4370200628964,123.05810240420372,102.30004377942086
2024-01-12,99.16093121729097,429.3339585081046,19.398562997355302,58.5066421615206,22.368467308713047,42.333448430573114,79.56149689786845,30.71725231255244,3596.7839718980827,198.2861136198144,4921.163398421927,107.03812316715664,,43650.98818309668,83.31565428644639,,141.62814986637684,35.89893897832474,415.9423834103123,150.877909102495,143.86410928052914,109.18522375870862,56.19811839065597,161.40640475404348,580.3468664900167,0.0065601285513611,16.078431621875634,,143.79111065135308,101.82632044506468,65.34898791083008,,4794.180217311365,0.0418140011115598,105.50462611930162,133.56775500923092,0.5614585300221366,211.65877925511123,123.23613918964148,157.88301277066955,209.9979221562453,382.80632411067165,263.1589521920533,,1.87298473216708,247.88783267276267,294.9637086923493,20.252988983262167,6.5631066409867795,0.0012633767631302,24.153919662260165,0.1663305118103991,3242.7718282645087,20.03930134302706,23.682028138173717,177.64681310035814,45.61032674030088,19.274551662878185,17.981363242026866,515.8099352682384,140.74529018969406,106.53355997003511,261.63056433900067,780.7525492362649,13.9518460736085,1664.2835736008071,,166.46006834126646,,54.82009395206923,9628.924697830887,156.98821945994206,703.8846338853905,144.40539694295236,52.464300157890634,2.2639787065319625,106.36182269337148,530.5531363975895,341.42156862745287,764.4009927161658,608.033398011592,123.23613918964148,101.82632044506468
2024-01-19,98.70498238723442,432.56309448180144,16.9093983762366,55.74088250357554,21.45315728801551,37.73471061665862,86.16844526166416,32.47232811552448,3786.416411686072,179.27553963772468,4760.779321544615,66.8621700879773,,44290.84717964323,83.97121526191866,,142.51176429098575,33.99894692979231,420.70326532649307,153.57919701878944,146.24014272124737,110.98850703888463,50.39372684098065,157.84087157477643,608.7765711447756,0.0070287091621726,15.849673202614376,,142.89338037633152,99.53248066919616,64.23806984933617,,4623.6614813863025,0.0433595495661883,104.54751174906384,132.5865950652098,0.580224334082074,209.88883007069563,121.90081801992034,156.49622580034645,208.69600915499137,398.12252964426847,259.6884388415531,,1.85680296394469,242.71376650962267,297.0889230668437,15.586199915320403,6.272530306770322,0.0010886782348657,23.393914174929552,0.1766995331012984,3345.691712260186,20.53376327339999,16.57432758779592,178.80877183993866,37.30295346738761,18.07407926130887,16.614492696266062,515.8099352682383,135.94888357059753,105.85305176198638,252.00944850288545,767.2124431369978,13.135801216414425,1630.3636691269742,,178.59472780120484,,54.21168425364389,9292.144248087769,154.36467799536865,666.1802912839584,144.38977714806137,50.731367375116065,2.2916094833279375,104.87077286957842,526.2565554096046,355.1470588235313,748.0601405858399,618.4341350465628,121.90081801992034,99.53248066919616
2024-01-26,95.28562258049487,437.7667261462074,17.137033128676457,57.700114017106074,23.195480572766957,38.68365381002083,95.18239752959302,33.109936349437355,4385.803303324212,173.5185896277253,4777.995691378905,60.11730205278659,,46518.59923371347,87.14951866959862,,146.34536461401137,36.26129557669328,427.8974868887215,150.10326537823627,147.20124887609026,111.71793560238945,45.416182946408576,160.64707824364405,622.7605871011773,0.0074972897729841,14.052287581699344,,143.9135227557152,99.03382853247584,54.90132147855656,,4847.61516383343,0.0412375850418433,104.45180031204006,134.60634984628575,0.5550676670243034,210.60381345565676,121.3370046800754,157.11667565866205,211.0331069815441,408.39920948616555,260.3247186636979,,1.6689541139158075,248.48870826847897,302.7752679101902,15.407969546400862,6.472632636238116,0.0010852582888704,23.54412212134073,0.1696149581043475,3390.264704487295,42.896170000100206,18.43435907381692,174.24878957126643,37.47988191735613,18.07637487572096,17.243643935232615,516.4863969923474,145.89469356890626,105.00241650192544,258.28177816399915,797.932814654055,16.254836431299566,1634.722719737223,,184.59681595473197,,54.482943112791794,9573.83781594467,158.33973408108633,687.7538154790161,146.91964777183807,50.40224522355214,2.3626533242705134,107.16699490694332,527.6059854699469,332.598039215688,765.4235686873436,625.050792203929,121.3370046800754,99.03382853247584
2024-02-02,94.0490807345363,440.0741798293009,16.859751214994326,52.82678427963997,23.014329212261377,36.8501026967663,87.13200060701001,29.860372555931384,4503.443824347799,178.61610949666294,4693.726091663707,63.04985337243472,,47019.906481059865,82.71867792518907,,144.7137522785245,44.558810170233016,434.54156209619146,150.40978976247084,148.13224757366592,112.42451420369748,44.159135480444334,160.0198085176619,578.4295049626136,0.0079971092103492,12.745098039215682,,143.4728267271018,99.9051162655756,61.72038640956862,100.0,4825.6123130934175,0.0473143520616437,105.872166449611,132.19731166687092,0.5470794030456807,210.96363002871584,121.9008180199204,156.3438202764424,209.5511864167204,410.1778656126478,261.73276818871193,,1.792013082197903,247.6207881714385,305.18688644205537,20.660696938725916,6.041142344801239,0.0011103131447677,24.620788192393476,0.1884336806503662,3440.8804648646137,50.786032888400655,25.97603668579299,180.83372115276157,37.82285745129323,18.454211601235983,15.836402818303132,524.6040925138212,132.2109948355155,106.5675853804376,262.7468263973344,792.0189284068573,18.86889722808833,1726.7149815225705,,184.53157437828983,,55.22984433831585,9677.751849678649,157.09421327265255,670.142720029511,148.43444618712587,49.84642813577288,2.246155735642622,106.85884246125704,531.4116415390462,358.8235294117666,763.4586466165416,631.7541169942874,121.9008180199204,99.9051162655756
2024-02-09,82.84086308174541,449.93630967798265,16.007360518881832,52.05123662269661,23.88963226501786,37.06955199716614,87.37920308591171,29.057474786009248,4830.627755518476,189.250545541508,4422.341735591646,60.41055718475141,,48417.14792407564,87.8967150623987,,140.4470645002699,46.34388791292044,440.5508530481708,172.22285745852707,150.1226921969119,113.93515603546008,46.73561223722405,163.25519973588572,602.44109838576,0.0126516764919106,12.418300653594768,,143.49730914797422,98.71017676488763,68.80965200668248,78.83852710688589,4789.465594790343,0.0431186460275936,104.77722153462594,133.62866317674354,0.5843319936888391,212.24111162511997,120.95123944540276,156.5431487260463,212.214984019053,424.11067193675854,264.10873399079134,,1.7189137856008858,245.98512786695952,313.3363293428333,22.04774345936852,6.653525384118793,0.0010892195487274,23.82631521747113,0.192857984823844,3554.296888895567,57.88320182514752,43.72304350534411,261.6340471321308,38.95412653021677,19.252151945078417,16.20594604778162,537.9644051051821,135.25680728973288,105.97214069839494,264.44779715289076,809.5381642388876,18.273675550574055,1693.8027760795464,,195.06784632429375,,53.86060838420362,10029.555422869002,156.16670422962127,681.681375361267,150.12101468856437,51.36083665696012,2.3096730239702734,107.51490590050416,542.0189938806932,335.5392156862763,759.1579045269426,646.8506830240267,120.95123944540276,98.71017676488763
2024-02-16,83.45809338122156,451.4697390446333,19.446012026598407,55.08107865395422,22.539297726703083,39.625011952096706,83.42413904854159,28.166093417937844,4829.492797775801,198.65415442409832,4573.211502823694,65.98240469208282,,49427.95328816185,89.47914145931006,,146.56424567074507,46.28828444484077,443.883470389497,165.40266571504264,150.7121063745164,114.382490114753,51.21333632617593,166.98580389567442,617.9094521710775,0.0118707088072248,12.74509803921568,,143.54627398971903,98.34152201831763,74.81712854970317,63.224720401329,5019.705600470737,0.0454407605830894,104.24123982399776,133.02581931501246,0.5853201453225381,212.67432578983363,120.65450392318353,157.04129206343006,211.5799215197136,420.9486166007901,269.8292333549013,,1.632967966046462,251.09242781122117,316.68974813705773,21.630603940665324,6.274804636143514,0.0010802944609693,23.343721562387557,0.2076786272924977,3426.9711053105843,59.314513818009054,44.74310920124992,262.72148485000986,48.97762930251373,17.09326471642316,17.919934514127135,546.7585107400439,134.3072893614774,105.54682306836445,268.35580593985424,828.8590625428523,19.989047866945658,1584.545577179446,,197.3838662919741,,54.702489970214785,10089.650203108513,157.14721523355294,653.5441338629599,151.9012900449364,51.109222170714965,2.422551891443066,110.15903893142986,551.0082400766653,339.2156862745116,773.1027764724312,645.232436781496,120.65450392318353,98.34152201831763
2024-02-23,84.63894066341463,455.91846395677544,16.857938771516164,53.72328025503078,22.32308589063044,36.826422348924794,82.99950539564577,26.942676237200946,4775.256796409135,242.809571455126,4702.270894799352,62.170087976540266,,50536.62006070066,88.1519440569035,,147.43487069849095,46.252615076865645,446.5336946561708,168.67847888672725,151.50283612295047,114.98261202804473,48.82702709668636,167.48101683723928,632.7893203794125,0.0124954829549735,12.418300653594764,,144.25628910083887,99.33307148216576,70.9196325446209,65.25295070758288,4692.811996183673,0.0454426434111047,103.92730350651378,131.8848705457166,0.5601865452201503,213.15216944752152,121.48537244118506,157.71706479769207,211.32133905245593,423.5177865612643,273.7028133747319,,2.465654357232784,251.2593331713224,319.39183542734287,17.903610989426667,6.484233244559638,0.0010283759964713,22.40255956025524,0.2425733923863169,3462.5193336257944,77.85545799621225,43.29894548479714,245.66264989859684,47.92194939678687,17.79116251321992,16.360472347203313,597.1557091523568,138.51005013880135,106.19330586601076,268.03339207608985,858.4193173332769,17.541048549313533,1528.2547432346691,,198.1504392607203,,53.99909991130231,10116.902408256095,157.3062211162542,682.5472497412296,152.7680039879922,55.09210921720287,2.769630408694533,109.09542667681022,554.6905550537062,309.068627450982,772.5613839285714,652.622142908761,121.48537244118506,99.33307148216576
2024-03-01,81.5684759317117,461.19592443473334,16.90896141518908,47.97948558699612,20.53586161616962,32.43335739712494,83.25071369852472,26.043692520564857,4939.914134005397,208.38119923826008,4637.85622500758,58.651026392962514,,49461.272813718846,91.30685996672302,,146.96364397723892,52.07469498336401,450.1784142564468,174.76484883902276,153.8588036212407,116.77066632286166,66.03133425808504,167.77814460217817,782.3250153586605,0.0117145152702876,11.764705882352937,,144.16651607333674,100.21021586878516,105.81958336796598,79.12196710051825,4815.3969778873925,0.0410518475596526,104.80785573724754,134.5327072375914,0.5491841325466783,214.9152392015345,121.54472180957583,157.76284746193014,212.09773157230748,431.9169960474303,278.3771675768467,,2.6384708496342735,250.791990013363,321.91830057243305,17.95779848982947,6.23562539206269,0.0010099990961633,22.18320717929482,0.2488653463453013,3516.6718570362164,67.79458207843984,39.83361091463221,267.4317059725345,50.4934503397927,17.32015693936345,19.46056525433063,633.8542866951724,164.55366098200906,108.66014812018751,268.08712772005066,888.5230637594605,18.378589979552356,1627.3597938593928,,209.35542803258653,,54.00904289273504,9778.1557223197,158.55174192468792,822.2271425887845,153.8689671967627,63.770601867305565,2.592138660663579,111.23259556294998,550.8955670087271,306.8627450980408,770.1754385964913,660.8079141979483,121.54472180957583,100.21021586878516
2024-03-08,90.1010657760471,455.99970223242207,76.02362656181224,47.489747049423066,21.49155223468263,30.469935981541617,84.70473651568891,24.367945042590225,5095.913064404704,214.7059713377077,4691.228379977905,56.89149560117364,,48253.54082240772,87.93366426983013,,145.87647717068458,48.865481802899744,445.9465192198417,183.93123399536668,149.81699870573578,113.7031508994844,56.58823850554439,166.65566193463115,770.5826915227611,0.0118707088072248,11.111111111111107,,145.0152815066135,102.51111960918318,128.28511373694715,64.47949273224334,4748.404857137264,0.0412132911930983,104.04981694995016,133.22443379060456,0.5472917703433702,214.41914912430255,123.23613918964158,158.04603210360244,210.43384170552585,429.64426877470305,279.3824424859265,,2.9723483352090456,250.95889537346437,321.4055793625154,18.674249796707944,6.260148089089607,0.0010514706390759,21.34490182865848,0.2294777621312528,3387.124163243257,72.416749941533,38.51015755179327,275.1950400870046,45.98794249747951,18.01116865115959,23.109874105211915,653.4719863586662,160.4547352951287,112.113727276035,265.56155245389664,890.5319516662487,16.781119237829405,1646.9884838663058,,214.5420027023671,,58.22614783161666,9695.995861295089,161.0162673974697,860.7917422447603,153.04129678372817,62.358710021193616,2.7012336134215538,110.83498164461425,550.6085329019362,308.33333333333496,767.8897438909775,649.3079746722335,123.23613918964158,102.51111960918318
2024-03-15,82.70405741285501,457.4343944816323,120.84208315301667,46.76202282372407,20.472229946716052,29.67180966837359,91.38689565403834,30.43150663010334,4728.689991637946,239.22754666229343,4736.318648832145,60.70381231671619,,49116.9210793543,91.9143573255647,,155.80493215023884,35.55843453737361,446.4331871490512,172.66116672840317,153.56665307410603,116.5489395626596,50.49999575106854,167.5140310333436,781.6138693809831,0.0115583217333505,11.111111111111107,,144.59905544596256,100.73141071832674,112.68175108657434,49.422011167714366,4896.61318334517,0.0391113938711587,103.43726141629294,136.462534833578,0.5691536313825709,213.33205125277735,122.13820417374892,157.7411409263645,210.6593512745453,425.98814229248967,274.34465391443,,2.7654764254791253,253.1753859844672,320.22382655621345,16.35077630850198,5.836651506661348,0.0010075562263617,20.13880955220037,0.1970234257924735,3491.17395314047,75.221946046314,43.87754238029844,249.60466658160988,40.97469382062795,22.182253349190724,18.026395768599752,665.4793755018088,176.44083293269566,112.41995596965695,273.89057726780885,904.524206729893,15.318862100034664,1486.6753034979702,,204.69076108722564,,59.94720021910982,9735.179457635904,160.19703282955865,1094.1076945886075,153.27554604944297,62.097709558320915,2.4884457868563077,109.99999526006827,546.4090941929927,290.9313725490211,774.676681939223,652.0201530097994,122.13820417374892,100.73141071832674
2024-03-22,91.06673747321332,468.5805581932335,106.36691093773936,47.701989860724936,20.678838804238833,26.05475591631364,89.32535832303226,27.776369190989016,5020.179148122073,259.9046371974345,4822.818348266811,58.3577712609977,,49862.83360326028,92.78776305691416,,152.58264107455767,34.86093400439306,461.9113432454339,186.14062525626235,158.25711303755398,120.1087497418732,46.70790102771584,169.75899636843766,765.095538162438,0.0116207993864577,9.967320261437902,,145.2519490593501,102.15517977073848,111.67001542345282,58.2109210814149,5116.87909334217,0.0413974830519583,105.42039958737963,136.7742330823937,0.968593031365501,218.303951154906,123.47353666320468,157.69198260925458,213.96538983724489,441.9960474308295,284.7410495662246,,2.230629006536701,260.02793808593236,328.01551086017355,14.650449986964029,6.288126158297085,0.0010320905332659,19.970113950332053,0.1768377932599782,3618.285738736097,67.34779423274216,39.54085631455758,258.63956541063345,39.92132062614056,20.75924982026011,18.775209311779243,710.1265202323907,148.99351620705468,113.78097238575452,282.86442980924977,862.0046434682157,17.43174948674187,1607.84149542801,,213.41663217208549,,58.447430765162835,10052.4385883254,162.1412349520288,903.3539555753056,157.60129991007008,60.690594520937466,2.2662626168688167,113.1610273328168,551.0604612142683,302.4509803921584,795.0776844454889,671.3602396434484,123.47353666320468,102.15517977073848
2024-03-29,100.1040343959335,472.0168458740684,74.83720237727344,47.508158874008394,21.865776038772257,23.901829952235943,81.94280851803163,30.632664858254255,4936.982099989692,313.9227035968254,4912.998885975291,60.70381231671621,,51125.978763699,94.79952256035114,,153.17207915624533,34.38379781744105,462.3980111746434,179.4351095312463,161.05490943286097,122.23212872069296,46.56151254801122,170.3532518983155,761.9866694647709,0.0115583217333505,9.967320261437902,,144.99079908574103,102.6382395945372,100.01011914921214,58.18362846351559,5068.56782690746,0.0432907334946224,105.32852034656484,138.06614210066616,1.1054842935439813,218.98630891078855,123.68125379270504,157.77014805685732,215.0058953388533,435.8695652173908,283.98895951360095,,2.134304685593411,261.0692714485432,329.0398306173205,14.067633384657116,6.262575155049224,0.0010572930258775,20.8621515693182,0.1802961746818553,3563.324995408282,61.941384622792626,38.13511275417838,247.00667598723268,40.46906068945781,20.04580775160654,20.73726161278729,721.6265759851318,147.66572767677124,116.23080193473004,282.1121307937996,868.5831268137806,22.764904557518143,1697.2543743562717,,211.4594097659405,,58.326597438911385,10049.910912223411,163.36634694816289,922.1753525472034,157.8511689706758,62.9360813998057,2.0715425497698785,114.87076812964672,561.7166003551401,295.0980392156878,797.2531426221806,676.3622558022433,123.68125379270504,102.6382395945372
2024-04-05,99.27295691116198,467.2894599775841,110.97035559040664,36.94808530345716,22.374391282975328,23.524380728289007,81.79052825661196,28.52315803303556,5013.402765579783,288.72155742098784,4886.312808490129,62.7565982404699,,50800.39947449527,99.86353428980854,,161.00705358858022,30.04660576297596,458.1449566628553,173.66275350160575,162.3250436563921,123.19609318753172,42.090549722206546,171.2776493892366,744.2890310472013,0.0117145152702876,18.627450980392148,,144.61538121084746,100.08309588343111,152.3787990121739,57.76158028189285,5251.986313283969,0.0465409592495068,104.15701329207576,143.02453898309972,1.1034298919404637,217.6821021753998,122.31625227892124,158.082611594192,213.44481795351297,431.6205533596832,278.103333950216,,1.902942721543721,259.4233041508502,324.8601219822526,12.048505495356324,6.1032009910389675,0.0009873578725666,20.17415250589882,0.1805162858417159,3597.2813782451867,55.04326041381934,38.70684239269934,246.0118931059598,33.18066586803796,19.30956700179308,19.122679350703415,712.1559570154394,151.3180420616221,121.91304547193734,298.7701804216239,846.2947451125751,20.595853840500848,1727.775516263482,,209.32280102258625,,63.64813209135502,9699.78852963807,162.4608271771826,826.037591195708,156.5393802313207,62.95406914530037,1.9824589388631717,112.78329268841831,543.3934869486759,311.0294117647075,793.1027764724313,668.6797538846579,122.31625227892124,100.08309588343111
2024-04-12,97.14292861736438,462.28538099467346,90.84109113574232,42.40596029948512,22.079262576593756,37.184325924527315,82.3470409451406,29.945586805705187,5006.283668334663,277.51275049547763,5090.599332686891,74.48680351906238,,49269.40302239194,100.48972872127965,,165.3424588897627,28.23430880130259,460.6946734224097,177.54300402651327,165.17894901079967,125.36205588848276,39.16083342531587,171.54176295807113,690.2259648224145,0.0118707088072248,16.01307189542483,,144.00329578321723,99.4601914675198,117.9437861579725,51.43837411653184,5350.246109605277,0.0457049665737012,104.5781459516854,144.8294501427827,1.0917836819583142,216.57865008730997,121.81178830746708,156.99573158876103,213.29203313842936,440.7114624505923,278.4179925826275,,1.913480709398416,262.64805264182246,324.43939014440303,11.218418261520071,6.311288201856648,0.0010120845810876,20.09719416581061,0.183446166344652,3590.9466028156166,41.57487210423359,47.403769133748526,244.55736300753185,33.29023497728194,19.352983619450104,17.877593017745035,684.4206134411932,136.34622664233552,127.11893326351048,315.6431726252912,844.8848075628358,18.14399154722247,1767.1381746223483,,210.3340392356588,,68.98135794174705,9593.614014359577,162.6206283695863,1097.732201908768,157.02349855764123,57.2683593715867,2.081424110223224,112.35586459910851,534.8870759023853,328.4313725490213,801.5639195645365,662.7605279536298,121.81178830746708,99.4601914675198
2024-04-19,89.86671114997526,454.50820538175446,76.83610062688554,43.40708573191219,20.9760997811134,33.15743844641164,80.35167987827785,30.663436542711565,4536.853660055403,250.4204324375602,5036.306968148112,73.31378299120313,,49957.78058195235,97.1324903909606,,174.32815039933226,26.12515127556043,447.9566693622287,178.01141672986478,166.67731658030672,126.49923735207078,34.9464330982347,168.10828656322136,657.7755371102568,0.0106211605117274,14.379084967320257,,143.5849641607677,98.26525196683184,102.04658829602865,52.24175367002878,5291.290131857456,0.0412017931677192,104.218270013794,145.09120759952756,0.9409435107635412,217.1832360639034,121.09961852624708,156.8174073533351,214.2588562771325,413.5375494071141,270.8171774759386,,1.6906689662567511,259.5912591607241,317.27926380727513,9.482741851320124,6.049787780603181,0.0009089096441373,19.2639615821035,0.1876963737699723,3429.04448482104,50.07082989048468,40.47371889156982,222.90368840787633,26.448984773598077,17.670487158345587,16.764561542275796,668.8617357330758,135.20612240751004,127.5952890091446,306.4006418640467,847.8016196558826,18.656106175117394,1583.7095954323315,,194.21973071766365,,67.11336431399624,9634.061448751385,159.9839645730205,976.1480373010044,153.35362119507286,51.43024818790211,1.792080655654681,109.34393182082118,535.5727486281282,304.90196078431524,791.5689125156642,648.6075264836128,121.09961852624708,98.26525196683184
2024-04-26,91.7439251528819,464.1904417508906,85.10240981011356,42.44997057990625,20.6238692637045,28.93433353302311,84.02535532793522,30.4269926344662,4765.277442108833,261.132715829212,5515.736153312585,73.02052785923833,,49307.16190933915,98.77091024087773,,175.29260539693786,25.03142567442302,455.6640081976455,166.5370239525011,171.10648247392527,129.8607391997358,33.67097958124177,172.86233080224412,643.0848725797763,0.0146821924720938,14.05228758169934,,144.51777112135778,97.19742275286472,112.4411182180277,53.13305670712649,5433.766536658252,0.0436727457417388,103.5291523406328,145.04552229846385,1.0220801551604486,215.6651895511244,120.26873868851102,157.96135596568809,214.41649056522184,426.48221343873456,269.73080660852975,,1.845490904776887,267.6195168336275,322.09523257910973,11.259404196721416,6.107243234241506,0.0009290249797027,19.089174700334564,0.1736588072727606,3470.9744576643943,49.1829318469126,37.44404233961794,243.82677714628787,25.802353027150023,17.128162063502785,17.518222860586413,712.1559570154393,139.34869356361875,123.98859550648608,312.04288447992263,872.4506622559479,19.341353255463403,1558.6980871340304,266.4790996784556,204.28301056713144,,65.64939687744254,10448.064911696529,163.63267210918207,1037.2827812121434,155.91471949421896,51.95482640333241,1.834053311017912,110.8946289462896,540.0727453018376,309.0686274509819,816.020030545113,662.1373081311544,120.26873868851102,97.19742275286472
2024-05-03,95.67168308095869,467.550947542735,69.00755934747838,44.03289845317681,24.21764024714033,28.09768502207326,79.69208963480703,33.09177426227963,4627.494887536381,270.78010231274175,5544.262649934654,71.26099706744944,,49032.73901815497,93.17851941882743,,173.54155058008664,25.37229177857265,453.7279162183987,241.43194155483815,163.7271880205865,124.26024634506496,35.79594624792991,176.62594915813713,631.1907960917363,0.015775547230654,11.111111111111107,,145.3917462950871,98.34152201831763,87.59601403151996,51.496497551093434,5776.857192056885,0.0438856025036257,104.07278676015382,142.23479467258758,1.0578617856933374,218.5031672631589,121.2776553116848,157.9831929240654,216.72389057435524,428.6561264822128,276.9494472579669,,1.843263371816955,270.37398309602446,321.9185873062952,10.500616572047932,6.560251613695558,0.0009230833393523,19.32946743351842,0.1442739816644238,3465.1444837319304,45.08648797816819,38.79129505967065,251.9616351342931,32.51355941357953,17.701568645352395,19.48635532151688,707.0824166685386,142.08767413510702,120.9263085702666,307.2066765234575,870.4349585369253,20.533775757852112,1951.999401354691,265.83601286173536,202.8314197110812,,62.97284097081381,10587.10325596587,166.82862483968032,1107.484562130392,156.21925187973696,59.91748002628623,1.85552966089467,112.20675582478378,542.0941227114178,326.9607843137272,823.4085213032582,664.076641102349,121.2776553116848,98.34152201831763
2024-05-10,93.31387862066585,475.6629727897624,60.51074426776643,47.17234857663758,25.02563087082284,28.993036980415976,79.7870317777028,33.10181910715482,4814.662284473026,258.94892939858136,5691.496180887276,72.4340175953087,,50460.27382946552,93.61892454323232,,178.63019344536278,23.852763407958637,464.52982829933296,260.10443204901674,167.31608394342183,126.98402787988398,33.62633404075791,177.28623308022364,603.0811364979705,0.0181184502847116,10.457516339869276,,145.30771737196187,99.40934153365154,89.18179639227749,49.02351369270493,5899.869390541684,0.0547844639870912,104.56282885037456,144.644784609842,0.9855274890833816,219.09179874354015,122.0788548053582,158.95250412721765,216.17766976941076,435.8695652173905,273.9128683126134,,1.811642079547541,277.7975863315251,330.213859352028,10.87880132733701,6.401199390375221,0.0008772519383368,18.489815570732837,0.1695733752485201,3538.2042086549,38.06391759024329,37.903183918430365,222.7429684898675,32.668760896025695,17.458140598065516,18.02514695501213,716.3839073045235,138.46555171448995,125.02637052376043,316.61041421658416,928.826457962009,19.42866511812564,2059.469050719662,275.5225080385842,209.09446172681825,,68.05593831515152,10839.898566724674,170.69039047272645,1287.4373696140078,159.50650979674498,57.46946177116947,1.8076880422431552,114.26440761517452,554.3474333173361,338.2352941176488,845.4937147556391,677.1712250254157,122.0788548053582,99.40934153365154
2024-05-17,97.04626127336738,478.61953035312024,49.29684817570035,38.77098927011224,23.262117117367765,32.79196395463059,92.13688486021358,34.08743742794043,4733.054035342507,230.34586074290735,5571.868936988272,75.65982404692164,,50469.50983857724,92.81945522526983,,191.32040383655735,22.57828650746373,464.789031870325,275.5648001173061,166.11084447886094,126.0693150909958,35.11235900189471,180.05942555298697,574.6673734579944,0.0181184502847116,11.111111111111107,,145.58503974651242,100.3500507622646,86.10192985910885,55.26807075608744,5908.346214378669,0.058881977095094,103.81529329391388,146.8887945646534,0.8760998938613238,218.04773388543995,122.57126792545805,158.70951894252693,214.39626766938943,443.6264822134379,272.4641181580719,,1.7763964640880827,277.9319585403525,331.3636550494465,10.201964555910026,6.388540237970582,0.0009527635845115,18.667615170927466,0.1683859709644352,3549.755000338818,46.17329722074855,39.2799801082811,232.5688231801396,40.752932825959974,16.907926839099908,18.865060359535892,707.0824166685389,157.85206386592515,125.36662462778484,304.2734294976949,847.5892089255833,19.539272157703845,2210.647809787357,274.879421221864,214.05272198794756,,70.52463856230563,11009.20434515254,171.80898865989863,1776.5588869282196,159.75637885735068,56.738535259527154,1.4130117312295778,113.97613444342548,556.6926748121442,342.1568627450998,844.1403312969925,679.680216217112,122.57126792545805,100.3500507622646
2024-05-24,155.69070014236314,475.82843951439935,44.92215248647723,42.33163559242343,21.928689512982675,35.44913336213161,98.54658821532364,33.13397520982203,4853.300539383382,246.5534522848075,5657.448426854485,77.1260997067457,,49230.250282516055,91.04185852045026,,180.6746637086952,19.746610253915534,464.1013489268766,285.54015171683557,165.65482179049258,125.7232180726529,35.11372778895912,176.59293496203287,569.7060473827479,0.0171812890630885,11.43790849673202,,145.62704779658998,98.64661192289398,81.5670164471951,58.29794818873542,5877.82985551923,0.0642895743512127,102.94925510787432,146.27370231346012,0.9913987273531936,216.74329511924745,121.4558906902791,157.7273224099093,213.2278244752118,455.9288537549397,270.53114472748223,,1.7637763676913092,274.60644114391994,332.9898975962413,9.65202682105075,6.510233779068021,0.0010009791232668,18.942955090644144,0.1701977567577671,3627.4953558283896,38.791203771092384,41.24059014379776,224.1627726338566,39.791493342519615,16.356534658395773,16.949057543027003,752.2368947895224,168.1314316300845,121.09643562227885,300.74735124535925,865.1062107612855,19.83970277683985,2060.2666051064334,272.9903536977483,222.30558853271293,,72.6842869085535,10958.188504927792,172.04867520902368,1722.907819334937,158.8350015893827,55.29618552531213,1.3996994432039092,112.60436974311952,553.2602143992697,332.3529411764723,833.8445723684208,678.6849280044501,121.4558906902791,98.64661192289398
2024-05-31,143.41088057603218,471.83584024047,46.93224837160065,43.08184819820467,21.035321785465143,34.93734606718711,89.33192690607181,36.17396480933914,4795.339757027475,230.29238373840363,5608.677319726428,79.76539589442902,,49931.87898956643,90.7555521139989,,173.66242373169635,19.09353843695146,456.4839378609875,333.98122050058333,164.9590644084088,125.19517514502834,32.3392300627822,171.21162099702792,563.130727357555,0.0184308373585859,12.091503267973849,,145.90437017114056,97.96015236362224,75.79516899041927,52.52089713675468,5903.260327030185,0.0602361564015305,103.03898402131416,142.93366896112647,1.0011603407931962,215.97457873926825,120.97356446699384,157.4770182467451,212.85225151277163,443.5770750988133,270.8124019370857,,1.7516086813690577,273.3635699703886,327.19845995833555,10.88373399863295,5.67909418852491,0.0009590478905589,19.17497486185612,0.180974233164814,3490.7502385903917,42.8214886831328,43.26207368329806,230.65056904778723,37.128146538229046,16.91709880854525,15.85739829731165,766.7810541061152,185.8283763854204,121.2325372638886,305.0328925058901,859.2263406579551,19.671897000605377,2013.4929306624608,272.08601286173536,214.1668791922732,,74.28549541178153,10914.82533188983,172.04867520902368,1534.5942377019082,156.35199035027907,56.27719497196387,1.4205859546380424,111.9880648517469,544.5100144981546,312.74509803921734,829.6140742481201,673.2751434956099,120.97356446699384,97.96015236362224
2024-06-07,184.34430207362672,473.3214442701145,38.86202550441448,48.59964700853464,20.606095510104787,30.497067969719637,93.74166678576536,31.8332231366884,5282.334769557614,208.2973463343415,5777.075670753491,78.59237536656978,,49604.98731747015,88.30483603226646,,169.5874512032933,12.86438987129751,469.63455168723743,341.54402062969064,163.48390807529614,124.0756097779922,32.799172743196074,174.38098382304312,565.1720240275287,0.0210861274865178,12.091503267973849,,146.00522283104905,99.06611660333223,73.68219588870454,47.76542124590427,5888.0016302161985,0.0644528217933274,103.80359055782374,140.64982733461048,1.0964913484951102,215.13669321518464,121.78749212495605,158.18205509051268,212.24768092747075,466.798418972331,270.03100903391356,,1.6271167280295984,272.62456382647906,334.7272554790272,9.756177719198558,5.052979129031232,0.0008589017048687,21.34173153005913,0.2085732014343825,3546.5615569199613,39.57712321078843,42.00898563487652,246.77329879843467,37.45883789560763,15.970689070682218,15.364227523220276,772.7001845108327,195.19618193654873,120.0416478998032,296.46180998482834,850.651235458792,18.358691166444338,1915.340670491372,274.95980707395404,227.1659677638416,,71.90580852221562,11213.267706051514,170.6637721801396,1630.0623925253944,159.78760653272016,56.133992009457366,1.434437017402233,111.33200141249982,557.6327405180208,294.85294117647214,826.6065554511277,678.7871045608766,121.78749212495605,99.06611660333223
2024-06-14,175.70293616212987,477.3638661209592,42.34825042207087,45.740723336193426,16.83400054095219,27.927989454756425,92.13104248897676,30.551586398361103,5190.563186802064,202.20822082239945,5755.91085067905,78.29912023460497,,48769.76939891411,91.69896565067629,,169.54602434052512,11.84420085699088,476.7864542990997,342.6125539206578,163.306753914046,123.94115917156496,31.407667696605003,176.22977880488526,569.6468204508716,0.0210861274865178,12.091503267973849,,145.6774805380293,101.72296018217487,77.68520112465016,43.86419615002912,5737.114269394716,0.0601356067508754,105.71901773206372,142.35008585635745,1.0683517474954571,217.3762966568111,123.68664516063691,155.6351015188649,213.2092545506862,498.4189723320147,266.43140912927066,,1.731614869492685,269.6944898315894,337.37280733268386,9.336512553030744,5.459628185744612,0.0008685632353709,33.89471191130105,0.1903965576505311,3714.286994767944,35.06293452239969,37.69470692277667,250.2727988642989,40.659000498088375,15.239220623484083,14.264867695715056,774.2222362927585,187.6580195166717,121.47071513670566,294.1291736025141,799.101216724611,18.52457561004687,1830.4181257377656,266.59967845659077,238.61560933647593,,69.39658364499749,11351.011056964451,167.02055026246657,1496.4792148735105,160.31857232930108,56.9038400960455,1.387113462223123,109.80118356096868,554.0883517623813,288.97058823529557,816.7318197838345,691.5923012802128,123.68664516063691,101.72296018217487
2024-06-21,144.288432730863,483.0423980484142,49.11542799204365,48.35051957223966,14.950195416726045,26.38988818564417,81.71397932102884,30.914532480830065,5270.904328947838,196.1773473896072,5738.426868878426,82.69794721407716,,49628.620975242295,95.68727173883492,,169.45155744818106,11.466087709188333,483.0549488220707,305.4678429599517,167.66124269538196,127.24598505428636,31.955097747791193,178.93694288543992,609.5348932635649,0.0218670951712036,12.091503267973849,,146.1564825864566,101.1636303068904,80.02464094944033,35.337979027026364,5795.604560823621,0.071332515805719,105.85945056514537,143.05322845063836,1.0889999223543594,219.0515114118742,123.47562815667236,156.54184357844753,215.5774882185618,501.18577075098693,263.679156605918,,1.6274573152503449,272.7607486533986,341.85137518936403,7.687840483338078,5.736254420401059,0.0008607687096204,51.71300982861396,0.2104971669187859,3803.011873771053,38.93987987344548,38.17982458931673,255.03183216765083,34.510238346467744,14.916958264990058,12.483266009252338,800.2664513620924,182.52829091099755,121.9300581771386,301.28982482264166,814.6242337806486,17.21022629548172,1811.5269190265935,269.53376205787686,240.5401798455039,,72.30412265875572,11310.197220172397,169.77008286803354,1308.0506698553972,162.09884768567306,54.49976088425241,1.4285908437243922,110.67593797325266,559.5688250497227,291.91176470588385,825.8346060463655,700.9973928470013,123.47562815667236,101.1636303068904
2024-06-28,116.16348566084184,484.6830676171096,40.67505877485594,65.59750822224487,14.362846164477814,25.188111054214545,97.77856592331052,32.13001879822608,5282.518073708946,187.70951092187053,5685.054713908101,85.04398826979566,,49344.36377470154,95.82517922135436,,168.71163901654424,10.945515305351188,485.7474920391105,359.80534239302915,169.84463475607637,128.90306375092675,29.237597927742137,179.06899966985722,651.5708019193692,0.0224918693189523,14.509804420221853,,146.40859500177257,99.94326098995168,77.77007837763314,33.49643444900474,5797.300029067873,0.0755043063387001,105.46154563295758,142.44569450491954,1.0839296036383417,218.62488421446008,122.571267925458,157.11386420206608,215.9696036378482,502.371541501975,273.78787374929135,,1.6891676635025097,270.47810594379274,342.1491039387586,7.397977907753531,5.309642390807102,0.0012050494317573,37.21260148702854,0.185541128688346,3783.4853685947833,31.930326808084747,39.25698315364293,271.2869409463873,29.64761918309025,14.49765620594626,11.027475081363548,772.5310561771248,181.833037380926,121.91304547193737,307.47402360366095,842.5128707442134,18.46100634739414,1794.1152973745363,268.08681672025637,236.7073398888896,,69.77127257779145,11083.177022325352,167.66750334499957,1229.1731340838826,163.09830009927094,53.34922379651697,1.604289792863449,111.53081311159944,563.4171207907292,285.29411764706026,818.4561501409769,701.282187933703,122.571267925458,99.94326098995168
2024-07-05,37.04186934159964,490.1643195847373,42.45841327312047,148.82150427419748,15.92202945321958,25.733665732952716,97.25947558477884,31.44518752010545,5444.914503951425,221.8717698969568,5547.023278640019,84.45747800586604,,49444.30412949983,98.3818777187052,,176.37968407727874,10.58645534440429,483.6421242583995,331.4065894209995,170.3963498079889,129.32178619459512,28.488902192460188,179.86134037636097,601.7615084236045,0.0224918693189523,14.37908496732025,,147.39182188083183,100.66785557496635,80.59064388474334,34.529627701531545,5709.988329639511,0.0967142687701975,104.62281779950276,143.5707965188071,1.124854089955329,217.8658654762496,123.2646111527078,158.1154313390753,215.15538373317273,507.21343873517657,275.43366082859563,,1.655623940343775,271.704601154757,341.53894110310165,6.6429491229897195,5.535566538140471,0.0013789953497175,34.393620841483724,0.1886376914765225,3923.816286724017,35.528930849352946,40.237010145488526,289.1209395041658,29.963752169456185,14.71895113484258,9.672544613992562,768.1340291650548,177.39378052186,123.2740618880349,310.51187563644237,859.7303717065778,18.745471364904905,1704.033078522457,270.25723472668716,240.42602264117824,,72.64325845220199,11042.36551475782,172.7083079803872,1602.4981723894402,162.97336556896812,50.28143710743517,1.4442474294672882,110.11928038355536,551.8111137213887,278.43137254902103,822.4461544486211,708.8204525528447,123.2646111527078,100.66785557496635
2024-07-12,38.7168960550046,490.2487118807536,42.017395262428906,120.33938652007816,15.927202972034085,22.424413201228084,81.67598545263075,31.017573857621738,5455.4565194956285,200.88614622186904,5640.884654622315,86.80351906158452,,50376.628719532986,94.65264740404432,,172.46125997846343,13.191673788803351,484.46734379053754,405.2609951274292,166.41234274243445,126.29813627187104,33.938350700878104,181.5120501815772,600.8192666527596,0.024053804688324,17.973856209150313,,147.65233334156932,100.7314107183268,85.28629931087485,35.15542463191751,5688.796270047048,0.1044348049237793,103.93233255993846,138.92711033558248,1.0202979743393552,217.90014841718647,123.38519558342014,157.79555630840278,213.71547082476377,506.1264822134375,278.6758055709137,,1.8073469042618715,273.4080782779843,342.16243660567795,6.999616741075894,5.710775054132819,0.0013995587606004,33.15603651593113,0.1755400568391688,3756.768506865041,42.31542851152579,42.29452781268036,294.16586614833113,32.22693451866591,15.809481295236544,10.995798540522552,761.0310520351052,175.2315500072715,122.76368073199832,305.1413872213467,887.4111300369896,23.537811605370408,1736.436478602902,272.307073954983,243.50861557760476,,72.97319789835245,11310.197220172397,176.4013134028576,1478.043016498271,163.6604935712213,57.877187078674254,1.5726148666895674,113.49900342934076,562.7999162706301,290.4411764705897,827.3584351503755,705.6591819178832,123.38519558342014,100.7314107183268
2024-07-19,34.61224059715792,477.8228846585365,46.35169360244934,105.3644074804453,15.848124598134,32.1846708106562,83.14939061567618,33.14298690185991,4517.419949081948,176.51837218444334,5570.028517851366,86.5102639296197,,51455.78935714413,92.45952278248352,,159.27700447489062,14.955223226824238,476.7176860047548,410.41805508707114,163.68098826541285,124.22518318281092,30.564171880365297,175.6355232750074,586.5073193126359,0.0234290305405753,16.66666666666665,,148.06411738068448,100.59157582484734,77.9387404320595,30.177604533713943,5595.55120784021,0.0908490518257538,104.33023749212622,134.84789733352068,0.9778672099383804,215.3266650773878,123.44548779877638,157.7658243228482,213.2771455870478,483.003952569169,273.48663461438287,,1.7684051783208508,270.1033285000437,331.9821762616228,6.197646740888837,5.645306546848004,0.0010788256675808,33.46523731224422,0.1637205507726671,3612.7811990440377,40.70332018993969,39.33611896357928,298.8641002683095,29.876513640264378,15.221090109307257,10.561894997534552,754.4354599062787,166.18438651934636,123.17198565682756,303.0799876276735,821.6719628393946,22.613073395605745,1630.3721225602972,265.55466237942034,219.95694155503233,,69.13402337705418,11465.796406317064,175.61958142732993,1342.0223955794663,160.75583127094856,55.11818513161961,1.4431020371745948,113.57852052508971,554.6384262279831,264.46078431372683,817.6140546679193,690.2988336170998,123.44548779877638,100.59157582484734
2024-07-26,33.18856314383854,478.2966552454814,43.12776463098662,106.8685449513367,17.52720672667372,37.20820082222263,99.17568231210758,33.11126138123166,4480.589050316894,165.31318391956302,5604.076271884159,84.75073313783082,,52216.25585574728,89.50801179407539,,156.15764088345685,16.345716514199818,473.3480395818581,393.63615233324606,161.88834436577153,122.86466160254412,34.79248930871993,174.8431825685036,580.6669465063038,0.0224918693189523,16.666666666666647,,148.49269951064258,100.41360590562503,82.26663587434533,32.32935067786985,5638.7833198393955,0.0811512852067138,105.08314129254568,133.5082859858246,0.9663821241563066,217.66491951811088,123.56607222948874,158.38249121684714,215.52200223837983,469.96047430829935,270.3871444505903,,1.729687474084049,274.70271673275744,330.2578777172349,6.403716743462755,5.341518980342967,0.0010867901386125,32.076083269603096,0.1670439243865413,3540.870852222232,37.53425857293272,39.4433652766462,286.3224507970184,31.82744915415845,16.149527158825983,11.466266610466851,747.1633544426214,170.10087301409263,122.6956299111934,301.56106161128287,820.9151006011062,21.89962900775042,1481.4968822737303,267.4839228295811,211.31262555161464,,65.92488666336614,12093.29065877528,177.77606428118546,1404.023483710082,160.00623600354388,61.495541641794105,1.4057911269007104,115.68587524025536,569.3823535188388,256.37254901960915,830.6466361215535,689.5968867615736,123.56607222948874,100.41360590562503
2024-08-02,36.77320106589318,471.78973342628063,38.04536830856159,107.18264679031452,16.303331213007528,39.07439724473708,89.07143344542709,29.718747121747093,4049.0833037617767,146.77294328014543,5801.921329101744,72.72727272727352,,51619.86261899124,87.72611396292055,,156.47705618701218,14.12288172120066,463.4454051962024,399.9453753396928,154.25203841565195,117.06911066198296,31.098979131874017,172.136018487949,558.961592335527,0.0204613533387691,15.359477124182987,,148.08092829449754,104.15969794406313,74.63764527425604,19.56121174760487,5393.802903996817,0.0712160772144114,108.76184816673072,132.92611687096897,0.8973691479963772,222.27007052656572,125.9475514884549,158.51333599650027,217.4759846306792,453.6561264822124,257.29123018707867,,1.6923858084266818,270.989149080761,328.38382965203937,4.821776942099431,5.5632657527325176,0.0008916615156665,34.903194218809205,0.1644220553816954,3435.30934718105,37.501541953290776,38.65646886749779,263.23565766076655,28.07851473024793,15.44404433292157,9.254687620061846,784.5384453202679,161.5560229482727,125.4176627433885,301.2898248226417,765.9003046056652,18.340311111077657,1443.398284755152,262.4598070739542,194.67640930919973,,68.76057276429212,12361.122364189858,173.43611605915245,1363.7490216094384,156.47691296616938,55.6136064289314,1.36109449181267,110.62623504847777,571.2068842290514,250.00000000000136,819.5188165726812,682.1623805677424,125.9475514884549,104.15969794406313
2024-08-09,37.55716197813448,472.8162181811141,34.112466925459145,101.83847282501458,16.192384735150657,51.32654588586598,81.10229530230598,30.590502900364676,4351.638122173648,148.75175577637734,5879.238464941222,70.38123167155501,,51943.25634792405,90.34557234316247,,152.63642434071804,12.844428336743604,465.9528030053907,388.366825807458,153.13138939987832,116.21859753432284,24.656758449297534,174.0508418619998,590.225248237396,0.0212423210234549,15.686274509803903,,148.74481192595852,102.9406943243474,65.50430364066675,13.851964565185668,5446.35931526298,0.0659896914604225,108.14548422411166,133.88520710780372,0.6508276004067102,222.07336008643983,125.37479269191746,160.89785380326782,217.37021577450673,453.1620553359674,259.37379241807554,,2.219220006403656,271.46611019862564,330.79765470351623,3.2787215353832484,5.22062057715047,0.0009648605584474,32.336635988279355,0.1588659057613401,3409.582390687576,38.81049092122388,39.05967049188172,318.8455555455549,24.00376507987564,17.3276785270439,9.241258239336746,820.2223560822805,169.447283522046,125.8599930786202,301.1813301071852,770.8482560345093,14.872942941106968,1393.356041559597,264.1479099678449,199.50417397388657,,65.49226377770654,12163.347290516787,171.2796332052969,1247.1359913885815,157.69500676500354,46.29972357209756,1.2928429609296537,111.03379334371388,576.7201199193341,250.00000000000136,818.8571526472426,680.8667449760745,125.37479269191746,102.9406943243474
2024-08-16,38.36601560849054,486.8064568762531,39.77634359738599,101.265030125384,16.03031636638734,57.57484857941528,73.83048861511917,29.435220521953177,4604.555059624813,134.21839162181283,6039.412993198675,71.55425219941426,,53022.60578337624,89.91450644401037,,156.10456590582288,13.717075725218756,479.9392161013703,391.37233124446425,155.63199186730844,118.11642209462052,24.62678351409668,177.68240343347549,625.2420246578916,0.0218670951712036,16.339869281045736,,149.74484971883086,103.51129344742584,68.97432620551737,18.437053979772863,5630.229458909806,0.063567539829661,107.17801438854217,132.97329867610512,0.676328378382655,222.3959071271442,125.70639412659436,161.3508199135069,217.78866852290108,480.4347826086946,273.41193704915503,,1.9034413112603823,277.0875847052759,340.21818443160277,4.140634003365998,5.606521885778523,0.0009177795269303,31.789146388686795,0.1714983366263814,3489.7416401847167,35.04879625756937,38.20711769975928,337.87105191630775,24.05002037231211,18.89449580077772,10.069648979047576,847.2812379324173,187.52969156403643,127.57827630394335,305.5217181437618,797.5510563156681,15.62365586922478,1398.6741665657946,269.77491961414717,214.6398837323676,,66.81972464133035,12158.203632876315,175.2960997445782,1224.1325835025118,162.0519883010001,42.91200394269512,1.22405294651518,113.32007100417836,582.9543871168148,251.9607843137269,833.223096804511,701.4719546731945,125.70639412659436,103.51129344742584
2024-08-23,27.700345104193,486.6914742963034,37.083537283936536,80.69333474847161,17.931098929279283,66.53304457646878,74.98661651476388,31.831395427404775,4505.098948227481,136.41877751817873,6053.300958076489,70.96774193548464,,53096.5955890603,87.31637012559126,,156.84272662617553,14.240732883669413,475.8924664726168,434.4404538723527,152.3091413907516,115.59455493390892,23.392866631078984,176.06470782436358,611.0318516795885,0.0231166434667009,16.013071895424822,,150.60202680171716,104.15969794406314,74.80287362926988,22.797377603269183,5613.937606664118,0.0633174784367846,105.5824778742634,132.09843159409164,0.6885019440378819,220.90873912206095,125.94755148845488,161.189230225109,215.45942933972665,475.098814229248,278.24174200742624,,1.8895964838150696,277.9052620421844,341.1572107270973,5.446615829936371,6.204963336098811,0.0009217941354358,30.51964484284047,0.1804126398537491,3412.4872383417887,36.40140113169665,38.08634850316479,328.6209850103468,24.61482109440467,18.04476385400203,10.241318348398604,843.7297493674423,151.7310866815546,125.94505660462627,297.85629869212624,812.3401004231201,16.635652298666077,1327.6110989174708,271.6237942122179,211.6388209902665,,69.90454373612815,12371.641356254151,176.7786984164308,1197.0319540484318,161.39609988852885,44.280064586536874,1.255998681308362,114.75148300615967,584.7914300851988,266.9117647058838,834.8671483395985,698.6723093037862,125.94755148845488,104.15969794406314
2024-08-30,25.26575419770213,484.4920641325201,33.84368411561637,94.8799598413744,18.124040319631305,56.97668380511821,73.02623774126255,31.933752471994087,4429.743526305431,145.7370662207503,6144.961526270061,71.26099706744945,,55446.495048604665,85.85447685095389,,154.88139414235067,13.846169514780753,476.495511515333,471.07420636848747,152.2226314296309,115.52889846469252,22.489505828119132,175.04126774512952,639.5055625538942,0.0248347723730098,16.013071895424822,,150.49277509638722,102.95366518456302,74.4139055512972,26.370736516017633,5716.835498864961,0.0843987123113371,105.83604509296514,131.21324513052312,0.7031863609528513,219.0010461065828,125.16377568795288,159.7188987423324,214.0681957570847,468.9723320158092,277.3287044639061,,1.810830466497301,279.5746571463081,337.98403685677357,5.174775134220493,6.045134395535494,0.0008551805846119,29.66839971931113,0.1844734157155657,3397.5934075118003,35.20011586940646,37.21447865607296,323.8261562225909,23.711226204237867,16.944337388231418,9.552571664430465,839.5017990783584,151.3450389002535,126.1321963618397,293.58556499764353,819.0340695553901,15.367066219454866,1285.154884793137,273.79421221864874,207.59394279932596,,69.98510131036117,12615.93632914278,176.02392838928435,1254.5405238104936,161.70843621428602,42.49511149362974,1.4202120296073948,114.5427364100232,584.3750753160286,257.8431372549033,839.7593593358392,696.7403035759909,125.16377568795288,102.95366518456302
2024-09-06,24.861793358933816,464.752389032208,29.954843469317744,83.94676745714338,17.466384939798406,49.30828796846728,73.22526095938134,30.108446539273046,3722.078960933385,136.24221338626543,5856.091856811532,68.91495601173094,,53478.37656769055,79.67131660598858,,150.41507213960003,11.016217573486964,461.6891687560114,466.80643565338835,149.59815903212333,113.53706320151616,21.5690452858414,169.5609111918116,616.10870180343,0.0246785788360726,14.70588235294116,,150.60202680171722,104.75622889370536,72.9420691968338,23.562791665312556,5563.345933652405,0.0795543767183242,107.5291202814926,128.50072890674292,0.6174228185735989,220.0611997737176,126.58061399991276,159.95148447338337,214.74199211970327,438.1916996047421,264.87316459282255,,1.719735071444549,273.3058738094706,325.64287329599284,4.17103561807834,5.370674314151261,0.0007926813267079,27.819806623174102,0.1737360397852625,3269.0350194748644,33.01583086934225,36.89199042548943,311.72941999708496,19.65018961266434,15.546954165273712,9.181568346092703,782.5090601479403,137.29620379198371,126.5064758762665,275.51707629021683,778.1740565726996,13.313885095789416,1158.9284527250163,264.59003215434007,185.67327085712975,,68.48632736859669,12819.087911322682,171.03702708471832,1176.4058264101295,156.53938023132076,39.67562664934656,1.1809463462559922,110.17891820536715,572.9406172410813,237.35294716031072,820.2005012531325,666.5674084933531,126.58061399991276,104.75622889370536
2024-09-13,30.11932465164888,482.54499770043833,29.67600590811787,104.25025050091084,17.906875036644568,42.69007514088519,70.3280888931848,30.042071175355932,4013.583841702055,125.53099380843344,5521.854835418811,63.929618768329135,,52282.84092720015,80.70954609890903,,156.34774449902932,13.62482695464421,478.74899562232525,490.13890812029473,152.28900463495813,115.57927220496369,23.81358012287395,173.58864311653923,628.7866372621236,0.0243661917621983,14.70588235294116,,151.24909951936513,106.13084326053888,81.10568858576742,21.075490661137778,5648.236904064397,0.0919313068533237,107.72806679502489,131.94943689515054,0.6103904734966542,222.6647636932646,127.7562834504479,160.62589460324514,216.9741096223921,470.6521739130423,273.3737937892404,,1.7095222610203158,276.3718840797338,337.01801102971217,4.534162758260956,5.3787363655188996,0.0008952639511843,26.612347963552587,0.1768200885394787,3516.193533659838,34.593955804662116,37.30144586142642,367.04936674487425,22.71709684123372,15.558375207680742,9.33450485120318,847.6194945998326,136.5076164672682,129.87499150610793,279.7330569886164,792.6361955511564,14.329329785844504,1183.6191921904408,269.27250803858436,203.0108309354072,,71.15518019620336,12700.796700504969,174.60130930418663,1248.2252222406546,161.56788188909218,40.59143796155888,1.1735269850821264,113.91649662161376,580.769468703087,256.8627450980406,829.3834194862152,695.7705648063835,127.7562834504479,106.13084326053888
2024-09-20,31.59676612594889,483.4780042805931,26.753020368468235,104.33470607096102,16.95698517989971,42.56800283784192,76.80160987147403,29.73202081770227,3903.44221490907,117.43925296452198,5453.340875354927,63.636363636364315,,52583.70636401354,81.94211633892753,,157.75211724947002,13.153765187683476,479.33617105865414,559.1333889244231,152.13518419559594,115.46253065507736,22.47261103199923,174.71112578408628,602.8302674995472,0.0228042563928266,13.725490196078416,,151.78693335465317,104.08189257050424,79.63406359505252,20.838300189741418,5663.671483221374,0.0940503519498662,105.99599042294578,132.43000816221655,0.6910314639689662,220.89041569175384,126.27915292313187,160.3542438959402,215.8523502574798,470.0592885375482,273.85687004779265,,1.9909798638830456,274.68502292933323,335.66439263066684,3.793421031548901,5.1760519262492055,0.0008817837901104,23.55558481798048,0.1715639345571263,3514.407809087372,36.76931794558308,38.24854921099472,379.3359768189958,21.03356395094208,14.385442003667803,9.76941938793106,889.8989974906717,122.8705052653011,130.16420749452865,280.55435192986306,802.0042131508236,15.552910967265367,1250.2056812750163,266.9413183279735,201.02100640637877,,74.35809495875067,12479.645251790933,174.03054161550514,1242.8627896363328,161.50541462394074,40.13460863029632,1.146879020174933,114.811130307835,568.4408947303849,273.52941176470733,825.0626566416038,697.2980667336567,126.27915292313187,104.08189257050424
2024-09-27,36.95750940605437,486.0370839319153,26.276096192215924,97.84172512433068,16.70538875940471,39.564837980963155,81.44088282039708,29.053713635888624,4092.482078923027,123.20159655554215,5395.011422868108,63.63636363636434,113.85330443974928,52313.192103679525,78.3424639295366,,166.36115581242035,12.458034839104194,480.21428927874973,561.1471636204116,151.38895737010836,114.89618409843384,20.539791293184436,183.82304390887987,604.3020479191432,0.0215547080973293,12.091503267973842,,152.45082980908424,102.39603692170024,87.98036400132409,18.93226790943859,5838.598109309105,0.1045277920584672,105.0051270203192,134.53254155452606,0.6483756394061877,219.12694010699445,125.49537712262988,159.78025310826624,214.85787974691291,471.7391304347814,273.40027762472283,,1.7999603235273955,278.0931838323629,337.00198799845185,3.9524279094377217,4.773593968619641,0.0009641241724853,25.140237443460595,0.1607426885431625,3421.858727056868,41.89230941515928,39.736038200494754,371.9677618567979,18.81459168739084,15.067208416151242,9.04950798821392,887.8695607076228,118.9062086068646,130.9978300493884,265.44252501092427,873.1170585362466,14.450536810524358,1378.254896999938,272.7692926045008,209.77947961412215,,75.77979561892094,12585.077905548986,177.83568027638572,1453.5467329952592,163.50431945113647,37.196276483443256,1.1435310583075853,115.64611669238096,560.9994039247249,281.8627450980408,834.1653939536337,694.7481068221789,125.49537712262988,102.39603692170024
2024-10-04,44.28067197496773,496.20140593745,23.46083492155976,123.30294698179604,15.58583361151257,40.366809402632114,85.29936857774067,29.5227330848288,4127.632871329734,119.51354229663151,5433.897724525988,63.34310850439952,121.24151371139156,53968.65949008785,87.9155025953996,,168.0664579078706,12.02002053210831,487.86343955741336,505.1273389568351,152.51721178443327,115.75246931995916,20.380402194795906,187.3885770881469,622.4555685120397,0.0198365791910204,12.091503267973842,,152.30796909909827,101.0732961018618,107.40425123318668,17.30124739554783,5932.063380705423,0.1165183890912209,105.92967888680944,140.17178134930674,0.6410109825786005,222.65053103790495,124.41014024534694,160.8663368593802,218.7737209465184,479.54545454545314,277.99087130073275,,1.8273110179795196,276.81941781302544,340.5061826155576,3.749994966845575,4.213979870748714,0.001074486065644,24.00665701729539,0.1772386595084961,3398.077201529641,40.105665068848005,40.692795854673555,412.6990476178583,19.49867338804509,16.4019533740387,8.9010391057555,896.663717953206,113.20420541041388,134.12816780641273,282.25169480843954,880.4801507955641,13.900562176974368,1502.7019552612396,268.97106109324676,212.16075360180295,,76.1211713147779,12302.209609647363,175.0905417139618,1362.108419924173,165.4095293378113,45.72940179679704,1.185860040068696,116.24254230981632,559.6087497471997,287.0098039215702,830.1352991854634,711.3475876159484,124.41014024534694,101.0732961018618
2024-10-11,42.36113254304937,501.62670845524656,25.22846145872898,121.96207481771016,16.017952476558232,34.40706756060443,87.06314347712521,28.66025560331545,4181.841059407775,148.4546414860094,5445.9339607534275,60.41055718475139,120.8156804496426,54043.29923270136,89.73968322885038,,166.57090017031354,12.27651650428551,497.723754992703,454.0352992397941,152.42922696839193,115.68569351413178,19.335022455918576,186.13403763618257,592.00637114658,0.0209299339495806,12.091503267973842,,152.0222348561561,100.03584494969512,105.40707192271304,18.682500805695685,5772.571857140416,0.1008448785884256,105.31330303906714,139.6033491019758,0.613668944400369,222.74489479850027,123.86752180670544,160.53432449575024,219.09506817416883,496.6403162055321,277.141029693845,,1.827570947058428,276.09648032170514,347.82532240941555,3.681878504996435,4.168154459053247,0.0010973961620444,23.764297042095045,0.2203259584642249,3417.9249034727236,42.57660584301502,39.43015145472109,451.1406435071216,20.32625175079597,15.641940863834025,8.388222393002325,908.5019787626404,110.53828606266566,134.4684219104371,283.83953169484977,890.9560162160157,13.973021243430228,1473.1485669166625,270.9807073954976,219.337152800612,,74.06446135628104,12358.782799194489,173.5141342354841,1414.660830316379,167.68953090098225,46.88190515890491,1.2717401868279556,117.1371759960376,573.1074948527825,276.7156862745113,827.4386160714284,723.0080300889891,123.86752180670544,100.03584494969512
2024-10-18,39.65929429147806,505.4683754533359,22.89666324062381,111.51023700713492,15.669131544468,38.37258337750525,80.75439746464586,28.371596497697965,3584.7101975715445,137.1034879709804,5530.1876143454965,60.11730205278657,133.31528457651717,54776.95129288771,82.86314269170963,,164.03974522325666,12.968731255293475,503.0559427388253,440.51941795062646,153.13893689452286,116.22432568219588,20.438037528965097,185.2096401452615,617.0511258032902,0.0212423210234549,14.37908496732025,,152.95096563688384,102.53868670246986,108.91937210688836,18.977770181303736,5836.025243311488,0.0944265466625771,105.71511285165931,136.1398266994558,0.683601596986852,224.074326926853,125.49537712262982,160.00081465378787,220.44717164250244,501.77865612648054,274.54593473528246,,1.775973736594484,279.53907982696336,349.38292243867375,3.950139718246536,4.781015390981624,0.0024353878495801,25.602102191715648,0.2754442815478051,3445.2731795790264,42.41686956403258,46.019436016747264,447.1303943324604,24.545730660607123,36.7411489193871,8.326300544554798,959.5756388990628,112.41579452505609,137.83693754027846,277.76194912962444,884.6509987796683,13.80544069875902,1667.019549469248,271.1012861736327,213.59604339641143,,76.26960582330929,12423.072062243817,176.53105360487277,1516.5983209633334,168.6265279638413,52.88107496618192,1.2623027652581125,118.5685879980189,572.0455050859804,292.6470588235311,837.9247924498742,731.7802593772647,125.49537712262982,102.53868670246986
2024-10-25,38.61831903296843,499.4278094180602,21.7566300484928,127.5788569242531,14.973558964094874,36.031565944164306,77.03372122792268,26.297498416753704,3591.7595979171147,119.87414072661647,5372.790679063605,62.75659824046988,134.87194604037435,53680.146716663345,86.9329807062011,,164.36802201309771,11.514823185826172,503.9975393844699,462.21357485292697,151.19434304478818,114.74848215412682,19.406337251732843,182.63453284912416,583.7438162160435,0.0193679985802089,14.052287581699336,,152.76927994816631,100.33411537145,96.97460120783867,18.122189869205428,5848.887479836595,0.0897394249922963,105.2860045916056,139.2005793682861,0.7568898795928728,222.4270599457999,124.13883102602614,160.35153921167804,220.5030612723308,507.5098814229233,264.70685074236354,,1.7118108468324584,276.1653365142023,347.0722237652543,3.5217256123417187,4.956759682709922,0.0025618515077168,33.138501866789106,0.2786048671531169,3539.1064977425485,43.31456606281948,37.90438072661922,468.3220635547112,22.658096819153275,29.45489403227301,7.626665954626888,940.6344009596788,112.584809710003,139.65729699680892,279.2950330199515,862.170960125918,13.414305581019558,1679.1979274032724,268.20739549839146,216.89064968004752,,78.70026415065945,12245.636420100243,174.79156520041374,1452.789861051531,167.90816037180608,44.37588693643109,1.2205256687608113,116.3121245085285,562.1546655549287,287.990196078433,826.9473488408516,727.0917585790572,124.13883102602614,100.33411537145
2024-11-01,36.94360069681456,496.7756574678552,21.550949195629507,117.15928321142952,14.676726924291412,38.90918657407984,82.56207485112613,27.4621502605654,3438.2172666666497,152.11583137051585,5102.438296108829,64.22287390029395,123.54001532424326,53772.53067143704,85.09112047429451,,165.03946076984565,14.46157382342862,497.9882484324909,435.1008656543699,150.73955064966873,114.40331886306548,17.86276616053269,181.71013535820305,570.3184087775968,0.0237414176144496,12.745098039215677,,152.03385028854586,97.58487674391552,90.63754284071962,21.843385174471504,6084.695149463526,0.0935409969742788,104.47457520561233,137.48673164101507,0.7613282833024646,222.5473390853984,122.0889417021727,162.0635036231872,221.0817976776204,491.6996047430813,269.8257316925712,,1.7291209430565675,273.7210782582932,343.3940913988895,3.3914487608458215,8.236831522668918,0.0025383086982095,31.384142789065045,0.2854411019343725,3412.02774693385,42.894823800417505,40.22128183641899,440.19576941342854,22.790963942477106,31.93959911796991,7.908223576690234,928.1196268154137,110.43517940996522,140.1506654476443,282.4159537966888,877.3029552936571,12.7250740949728,1667.7040358173108,265.53456591639787,209.0292325939344,,77.86634059191223,12222.491721842644,171.20387814234363,1587.953873969159,166.47144901656068,46.28929637916944,1.250464655533451,116.54075037860224,558.8291175384612,265.9313725490211,819.7694431390973,721.3674540773102,122.0889417021727,97.58487674391552
2024-11-08,38.67867929131201,509.50126939885376,30.35004732222103,131.67974023390008,14.582028536418337,38.38839202494234,83.61702591814286,25.08516540625381,3357.810005084037,158.91323496370308,4584.417206166369,62.463343108505065,124.3038578340128,54753.886955849375,84.70008959206663,,161.84802724443858,17.422886239247717,519.9306241972877,467.4352096848892,151.14591331597904,114.71172656023307,19.027087161012354,181.64410696599435,533.9579169840522,0.0228042563928266,12.745098039215677,,153.29704241671527,97.50707137035664,89.76132142336124,18.873854108347228,5981.355369363078,0.088197917978591,105.05193796467974,136.74204889270612,0.8273755723377713,223.5505590778132,122.33011056359744,160.14730643751278,221.81648771383547,516.9960474308282,271.90693169571614,,1.7246172055829387,270.7948686788238,349.7206203371037,3.087108924282458,9.1389975374005,0.0031278377614132,31.594968211203373,0.2918563567084297,3490.332573055832,42.347690297968256,39.63458908571626,609.1511920992516,23.03581013139884,32.07184861200248,9.616290754274392,935.560860612778,100.3051723443244,137.4966834362541,280.82811691027854,871.935701036756,12.642190731155676,1859.9112632299305,260.61093247588343,219.4839619020544,,74.89589613457198,11765.8673497587,171.5028442877229,1576.1325662784336,171.0314521429025,46.841855986261145,1.464334345979768,121.59045567334306,556.1936434138332,255.14705882353087,809.2631481046362,750.0379263512062,122.33011056359744,97.50707137035664
2024-11-15,36.41050168196976,510.697924895167,32.23443208204888,143.84832379545858,14.781033203235069,38.18675074713171,88.41297603388279,27.120503595174604,3429.435150989372,206.3135001976059,4619.137118360904,61.58357771261064,105.00005360190563,56944.86366689174,85.01559846260552,,157.10433796880545,13.258270440060818,521.6339619495212,459.2710959615631,153.36122891057366,116.39303352485145,16.624472697117636,179.20105645427432,565.57655509784,0.0234290305405753,12.41830065359476,,153.09804892841132,97.2217718088174,73.53291683898641,15.387734923806256,6213.674573543278,0.0914501383136646,106.2591964474002,137.66327849091638,0.7561610595996072,226.35538971672315,124.63893465793332,160.2410078390068,225.55973669950623,513.2411067193658,271.04048844536095,,1.60262535966822,270.65717730578945,350.32774570488505,3.452993630248576,7.614293070682482,0.0023130840286426,27.917569480014397,0.2949582586263206,3513.14090700391,37.59099807883858,37.83965253457725,703.174229977807,19.260354143840473,33.303854415797,7.695277903510737,911.2078256590778,107.18364666580702,134.31530756362605,283.4392856713315,892.1687521287784,11.39234225859802,1682.966343210188,260.36977491961335,208.34420226307185,,72.78050558907259,11778.833641644664,171.17669280392903,1970.235687123146,171.31254887887775,37.972758761736635,1.9446253126817497,121.2425351999187,539.6853647461606,277.6960784313741,808.3809621710524,752.6401705575972,124.63893465793332,97.2217718088174
2024-11-22,39.41364120928617,521.8679435678941,27.77933989347627,142.6321241236497,14.72471269752353,31.8557692787811,97.21155790808793,25.668249199781084,3470.578453065554,159.8356942019746,4848.751471007428,59.23753665689214,110.6049644873933,58087.36329664156,88.62477593577715,,157.92717163673024,13.546966841421096,533.7160222790285,370.8949868890537,156.09184437634724,118.46542574359523,15.350162324845694,181.5780785737857,559.3112108308014,0.0234290305405753,12.41830065359476,,153.14131182638596,98.41483370810188,94.07098079196484,16.474616357897506,6279.5564863707195,0.0783947805171451,107.8203021466989,142.09838100142505,0.8630631876815522,229.17162466711815,125.39223494022713,160.37032557128356,228.07225550475948,522.7272727272709,274.80930817453196,,1.5915649905260818,277.5079377140773,356.5266892311109,4.103608014183766,6.6851253941380975,0.0022636739488142,28.17968400225826,0.263506165073165,3560.513431816518,36.82637062737648,36.785972787694824,692.5331629044705,18.54705820087645,31.768492610525584,17.096222276491172,922.7078298010974,100.62220201835336,142.8726982798394,288.087645686246,846.0049599518939,12.36694594057268,2019.702023254235,262.21864951768407,212.38909289757072,,74.19001729520322,12167.830686420437,172.10079731481895,2254.122809243573,174.93556685677314,38.3589211010281,1.8008186335216891,125.60635340457472,549.9821790877911,274.5098039215702,828.2806625939845,770.3474119033101,125.39223494022713,98.41483370810188
2024-11-29,43.732562560018465,522.9761036099156,35.2077562819064,137.95427947354128,16.468623465177988,30.084715059370225,90.9255709299255,24.21286227922336,3559.4508732722666,172.01629447108613,4912.636109445372,58.357771260997716,107.68177823376932,58354.149868684064,86.11278045108213,,157.5098981341106,14.557490478462809,532.4993524560044,414.70943034710615,154.48770406039844,117.24796837905062,13.96763386035752,180.05942555298677,582.0906425003913,0.0228042563928266,12.418300653594764,,153.92865168278288,100.3600471980138,96.45630049458347,20.00141327449284,6351.50601760423,0.0858491701951859,107.82827478460266,140.48497858790142,0.7544368656674962,230.1309359593322,126.89882353151276,161.1632669825947,227.84822443591025,518.9723320158085,278.72533722973077,,1.5036523484366595,278.3685875903918,359.3353487040589,3.7427351567241742,5.588646267352724,0.0023291783365934,30.104564141867417,0.2433111616229221,3583.7742444127457,37.66497663681412,35.94186063701457,715.5447274917217,18.900471090004203,33.40188314521815,13.075154789662996,944.693171304334,106.54725082028224,138.51744574832725,280.1743661370464,872.8756422609886,12.926454761007856,1840.3634316003615,262.9019292604493,210.366641358542,,72.86976782470643,12191.171432648913,173.92183136635296,2262.0444545999508,174.5451553853861,46.081411604301714,1.6922686373833116,125.86480292548612,558.1731100470195,267.15686274509955,830.8069979636587,771.6150543675429,126.89882353151276,100.3600471980138
2024-12-06,66.57853922996792,526.1825643506095,38.29168227758079,139.37432907023367,15.432567748511929,30.134803634938912,100.60829604921076,24.35977455478311,3652.308472497219,153.4921186276523,4932.079260274311,56.89149560117366,114.506624601862,56563.01569717092,83.90788332502584,,159.31364757511764,14.089263807809182,535.6838534710497,352.2144397849099,154.52153513132168,117.27364436639188,13.27867991420495,181.8421921426203,553.7847238680479,0.0221794822450779,12.091503267973849,,154.68137594000683,99.49118754704796,87.25778966529215,17.95969605921597,6445.993777723478,0.0826519062598663,107.88402248287191,138.92688813838265,0.9392094582239676,231.02328399191157,126.42800935841652,161.2746687844396,226.9960196264689,534.3873517786544,283.7186886557442,,1.4773126452288745,279.3669498517006,360.7606434263339,3.571826610485739,5.920017826160335,0.0020803163135472,29.278112713946086,0.279841384303636,3735.568617029835,34.73348374726505,36.37511730882236,810.330415997677,18.693506436400884,30.81456308444297,13.843782471093864,991.7080610961012,104.08175726679542,136.91825145941266,274.253240879953,920.348373289852,12.197769831816858,1912.0990328919404,267.64469453376125,212.65005920333883,,73.84019188618733,11996.672318246969,176.3951683854748,1875.8551381049692,176.09119339045597,43.11492525776495,1.7294516739151684,124.97016923926488,549.1013315095515,271.0784313725505,832.942316729323,775.201925791537,126.42800935841652,99.49118754704796
2024-12-13,64.0317287977269,525.0269671546016,35.82694249993949,112.178629357304,14.132318089827193,36.32947007989866,195.45052383756783,27.383830936393014,3691.5568105359625,184.73875583315967,4845.973878031865,56.59824046920885,24.552452545456056,55404.365206847375,87.81956062399766,,159.6642884900642,12.715763768589586,537.1068281771079,288.0193225841427,154.38386966833596,117.16916358619513,8.992988420312845,183.7570155166711,533.3067011018006,0.0224918693189523,11.111111111111104,,154.2487733642261,97.33847986915572,76.6981065268191,15.963113076029108,6641.905155102292,0.0801727318359858,107.49375213475298,141.47303912808303,0.935800777374094,229.51061758828635,125.26668289762787,160.50249642542957,227.25450546571383,535.9683794466386,279.25434622370915,,1.5178956251193891,278.77612926846,357.8830093592913,15.8068655850499,5.886006119011967,0.0016978474738776,27.58493270850227,0.33263644311808,3791.0954697341567,36.557569021359015,37.91812476887908,812.6879821559736,16.570512625839974,24.654310676788455,18.019053840308203,968.369692923204,101.37306134143591,139.36808100838823,276.52208326818504,905.5984107026354,12.165071560572931,1846.4284451006652,266.1776527331182,215.99359355841688,,72.9473388623919,12092.624772648096,175.08944798428115,1818.216830630875,176.30982286127968,42.18284746270184,1.8397615028800007,123.75744821032048,536.7105775495479,259.55882352941313,832.1102561090221,775.1974105113749,125.26668289762787,97.33847986915572
2024-12-20,64.63895675047645,519.9194991047325,50.09796114257489,104.75114078622936,12.688737889962038,34.22792842636177,234.37701700835692,28.88577464196852,3696.835907733052,212.5085968080004,4747.832259561979,54.83870967741997,35.727909335292495,55622.61599994605,87.49167550491194,,158.7225130182211,12.155413493764035,531.07108788115,286.38797276028856,154.92669800313297,117.58114148321047,8.29852589398771,180.32353912182137,529.1205459858727,0.0242099982252611,11.43790849673202,,153.67773479571963,96.01573904931728,82.25291312356245,14.20785788395668,6595.094336227301,0.0715890777464109,106.92028126260738,141.8844344952939,0.888299879048772,229.8650094010294,124.48200059133524,160.91792923457487,228.822065163614,538.1422924901169,276.1048960140375,,1.653459779877878,272.09077144855354,354.12386608058955,25.195823495649822,5.4370595571852665,0.0016860317692624,24.59648895786173,0.2919439408767395,3753.7630221521154,37.12855113019719,37.75209351643354,872.8992818270933,16.925036076151134,23.2407618182328,13.814495113190484,973.105079824132,102.85319172277224,138.00706459229067,265.01185846934925,898.938869118213,14.717012036231974,1512.7825722694702,258.5209003215426,214.02009497794688,,68.34013276247599,11822.919744473813,171.33675143243275,1652.0662682911034,173.2021508850742,39.23957994130573,1.8312855124117824,119.8210675748378,531.631922311173,239.50980691348929,810.4862253289468,770.6972537210316,124.48200059133524,96.01573904931728
2024-12-27,73.96300917761099,522.6396085752249,64.15023309767108,117.38200492413203,12.454812949551515,34.80103975784701,214.52971280540248,26.4669994046078,3701.7295534158498,275.1756784873474,4842.270420731114,53.95894428152553,31.92263061866773,55886.70993811934,88.747038970959,,159.30877383668934,11.248910063226054,532.2771779665823,266.45415865825095,154.94211150670526,117.59283951439323,7.645604031502446,180.0594255529867,529.8904002130462,0.0243661917621983,11.111111111111104,,153.71235039489252,94.38175694750836,90.33750585083546,15.59690964831285,6736.392915221542,0.0772501113195963,106.31494414566951,142.69644944139378,0.9052384700145903,228.44415953964207,123.47760819714476,161.8094921926825,228.51084283377023,540.5138339920932,279.94263217453164,,1.820711022003919,274.0652090280281,354.79712989164443,82.98095899541671,5.014533418254955,0.0019163335752939,25.567028419672443,0.3012851461893351,3692.1834691335257,36.98811521655862,42.43727484112691,854.7950270184442,16.88209517312832,24.592095179878093,38.15846633478676,977.502106836202,106.66579608033186,137.7008358986687,270.10291943806504,903.3258067891962,24.052082048278372,1589.4922278794577,260.9324758842436,218.7663170047499,,70.3548187524388,11869.60005290265,171.85720549273412,1710.410032478684,173.71748497235154,39.07195312413767,1.9963982010228751,119.69184755431392,535.6426486600869,241.37254602768968,817.0225368107763,773.9252702689015,123.47760819714476,94.38175694750836
2025-01-03,73.69280084744717,526.5084495478732,68.16554437221177,128.23395877484302,14.068336642770252,40.06225078026044,217.95601109779187,29.44657049059398,3707.565529101629,264.1504622203858,4904.303330518683,55.13196480938478,34.18796383246974,56196.2373669384,93.24168240999406,,159.0353581613714,11.725643713541148,535.4510992440362,259.2130564623065,158.31622176635415,120.1536101300021,8.569302668144438,181.97424892703756,538.6588874515554,0.0234290305405753,11.111111111111104,,154.0757349743104,94.8486089765966,104.91813519339964,17.628252775004547,6781.469902084265,0.0808963591463527,108.08314397588327,145.289863315327,0.9388340784228958,232.395644450185,123.69731828504256,161.11105906646603,232.2373560873471,542.4901185770734,280.6403751569703,,1.973451482068667,277.0441701885838,355.9525478688428,75.28895741040553,5.461271359081324,0.0024106534231486,25.445271463761287,0.3050346251093063,3674.461329609841,42.81614336719698,40.768408698891115,873.980995781629,19.737283626005304,24.621509174836547,46.02141477798737,989.3403676456372,113.67983573868474,140.6950720140833,284.0479994828084,887.2772203970602,25.25687333966491,1766.3610308931975,261.8368167202564,221.58794363540824,,70.75562166943519,11828.10697164507,172.7885327883615,1696.7834290664855,175.04488159218505,41.61064399160803,1.8454320777234536,121.39164397424344,539.7952955933201,254.166666666668,824.4611528822048,779.5516123245894,123.69731828504256,94.8486089765966
2025-01-10,62.09207002182476,520.4875746037624,53.81920215510168,125.53765056945905,15.299959736341744,43.50002437187286,207.34066478625175,30.831756259199533,3945.421744141063,214.46583433596223,5083.921009605076,60.99706744868103,29.209415086894236,55206.2751070632,96.7014784994364,,168.9949234680839,11.2537626697088,535.0490692155589,245.8305910231922,161.95847931147037,122.91789030411348,8.110672830176211,179.92736876856944,528.2209285728825,0.0281929334171589,10.457516339869274,,153.50469640580394,91.36018961865032,89.31407469273071,14.921207886801536,6927.102796563552,0.0802760287588786,108.7123746997096,151.073828464416,0.8407293220110856,231.81669211649356,121.90824358455944,162.05780451678808,232.39220038254533,534.7826086956504,274.64134048339287,,1.7834773880503887,277.77160568737895,353.9539688206544,53.34664988904919,5.690362776340055,0.0021985568549586,26.274780419027664,0.2966303518356862,3660.1761456250633,43.56862667725835,49.57038719802813,740.6484464828367,17.43554769590255,21.73034576191669,28.56104006649697,980.8844670674692,101.55683571459085,145.76485816404664,290.52250093215355,932.6612546782376,20.131262965282986,1887.4585830604944,266.840836012861,223.7898063987629,,72.03435099768542,11758.087101015872,165.5296573563365,1854.9685663523856,175.2479031825304,37.79285110786724,1.6916309305697443,120.8051627337085,548.644775222012,245.8333333333346,826.917293233082,769.4342793353505,121.90824358455944,91.36018961865032
2025-01-17,71.06962580807621,537.6648296206499,59.36280275637481,113.28385795893143,13.29611130193168,45.44751278677073,196.28931498010544,32.195198992722865,4042.9677952287734,246.0414237762822,5063.551994450948,63.04985337243474,30.547111293765,58658.203514230954,99.23629439749892,,172.9394261415808,10.552526794531468,553.1827394474112,252.41775801259507,162.54192397895667,123.36069384204174,7.893276479070765,184.9455265764268,532.7387754338889,0.0299891590919364,10.457516339869274,,154.55160044806578,94.38175694750838,119.7943734696189,14.592035373150352,7131.682804912458,0.0829866953552456,109.97082399395076,154.9917255787364,0.9203519683995676,235.76804165688,123.72870030904146,163.4869597044186,236.18569686756695,547.8260869565198,280.5334020237133,,1.8568665130948676,286.18892258716164,364.6377978411315,39.67614732224607,5.329101074284373,0.0021026157800004,27.601017696812747,0.2877484074920969,3767.372575701936,51.649725246941856,47.33947668789979,794.3452418049677,17.226507872140775,21.389996576028143,24.31126170674117,994.4139079925376,98.37786922130287,147.26197622175394,301.09198620416146,968.4952818597492,19.193411986384785,1945.831878824408,274.81913183279664,234.63596027841857,,72.68403803050793,11895.532636674585,172.73374760047685,1892.9181174534344,180.80735872247013,35.337211553737646,1.6089550071582228,125.7455178019991,553.2567167481462,254.901960784315,852.6516486528816,795.8735996514339,123.72870030904146,94.38175694750838
2025-01-24,80.1936280001294,543.5266433748211,57.17686690611313,100.17040900039886,13.523705486112878,37.55078987795851,200.8461011103762,31.33726529398807,3838.700593579291,233.02061868235836,5115.400396661452,58.06451612903292,31.788338805967363,57511.60637566439,96.03981467805714,,170.12396878837075,10.315944847967494,550.1093256770769,263.2307307078029,158.89427449460635,120.59232147221375,8.843895156109351,183.03070320237595,551.3838924448385,0.0299891590919364,10.457516339869272,,154.75059393636974,94.6151829620525,96.42982605669764,16.782500725756982,7090.940133534778,0.0770792092349295,107.4857794968492,152.8369547585372,0.9375890338450174,234.97640347518825,123.97980439424,164.11791312026685,234.91716424774188,547.5296442687727,287.18544913618126,,1.7780517402204286,286.5006625362922,368.1260591880516,39.85650033086327,5.340513573612908,0.0029392072194438,28.028330245825927,0.3027653816754236,3862.420827592007,50.691601031490706,53.69052480682966,865.8657209452773,18.598459851470587,19.310040498030865,24.72602656331587,1024.1786367391114,82.61973004194977,146.98977293853443,289.9691247399019,1006.659448060941,17.63728945818687,2129.047349153142,277.71302250803785,233.39640765669455,,73.17956635974954,11784.020868815918,172.18590617083612,1644.0422383644293,180.2139375751503,38.79963458056268,1.5758933600138991,125.22861876017632,563.8491390506629,252.94117647058948,852.3709664786963,802.0839265252546,123.97980439424,94.6151829620525
2025-01-31,75.00304921979233,536.6125163440042,51.54985827037858,91.95440486205564,13.216986994750204,32.94160315280066,192.7801156088749,32.662882973335556,3929.732392767364,205.20263661323247,5251.5024524640285,60.117302052786606,26.867873123611684,57864.20779172541,93.6677903641976,,166.95399927658434,9.71436934960577,551.7121559221911,232.37901097470112,158.53820041555298,120.32208014384808,8.34799730779294,184.35127104654893,519.3584055952236,0.0313949009243709,9.477124183006527,,155.96187586776267,95.808244861337,83.6393969605895,14.691791635829407,7331.061317224559,0.0718211706523108,108.73626830659803,151.08291167400284,0.8548837725087786,234.74093249546763,124.82726272183228,164.0220203953854,234.03825009669936,534.0909090909073,287.57321940700876,,1.6633168308801412,292.11221418350686,367.48397559260576,29.30922530849419,5.252660758404863,0.0032938952684149,27.54878135652328,0.2849353372041234,3589.8420501247747,50.35940422807087,49.55089033549888,899.2515896149266,16.43883217337902,18.80123219635864,21.165972233057406,1024.8551500739418,79.87076051915327,149.30350084590026,296.44362618924697,994.3674822115914,15.829691508283489,1985.160294086579,280.5466237942115,225.4208084791391,,74.99186593704536,12012.23281573262,175.85641971625446,1439.749627686881,181.40079178420257,37.41401696891943,1.358467519979674,125.80516510367444,573.2149745937509,241.2745157877616,869.5739348370923,789.6292748368323,124.82726272183228,95.808244861337
2025-02-07,90.62608086253744,536.6450458135471,66.69963386145946,96.1612478350566,13.23989122067787,28.26873368992788,187.02778598445656,31.87894382057017,3814.3752295246786,207.1908331619889,5370.013086088039,58.06451612903292,25.55211954481796,58302.892656178024,92.39984578256728,,178.25054612724728,9.160881862850283,546.7396792541803,235.26810016157148,158.36486699926695,120.19052928007324,7.956937611565755,185.1436117530527,533.0820200943931,0.0289739011018448,8.16993464052287,,155.71097218268235,96.84596037299951,93.09628766212752,12.043668421243384,7403.01084845807,0.0725170418456606,109.3137133442841,153.5939489003174,0.8732837863235015,235.35921086503907,125.5805510308242,163.8588392185964,233.56038766838415,529.8418972331997,286.5910183465225,,1.660038690035876,293.2206722230434,363.55795042289554,37.10284357173208,5.303553486510169,0.0044100845842137,25.379460571774132,0.2744978521557807,3540.0413891694902,49.58704114583438,47.88926953249224,1207.0924388317744,14.485544087688668,19.97944286954902,21.78352222589563,1019.443353059626,74.61836528252897,152.80811811735143,292.7360057011603,992.2248218022462,15.016078162694155,1936.5036056268905,281.4308681672018,219.25559771916937,,76.57890660226117,12183.391183906087,174.73335993684,1312.4109258569783,180.52626198649497,37.167389649260656,1.353502386934495,125.1093431165528,566.8744190588757,235.29411764706,872.2305764411022,786.867396133224,125.5805510308242,96.84596037299951
2025-02-14,97.45948442129604,541.2925818625911,72.5314600774555,99.01797918868004,13.150177639000384,26.688286363618747,168.69487493445055,30.03752159394223,3969.661807345615,198.19935170710968,5420.009759648169,58.06451612903292,27.72716208470362,58554.77040976233,91.864110564614,,180.2802437022627,9.06904775516054,544.7083696366099,209.43115511446405,156.54041638763474,118.80586809345762,8.696398470005908,185.50676791020027,599.8327926864819,0.0335816104414913,9.313725490196072,,156.2560556528006,96.72650689207182,102.20644788455677,12.475654837365829,7539.108460506754,0.0721823075616615,107.9318096966488,154.7815438224482,0.8166772576623613,233.9852628126839,125.70610307342344,163.89998671126867,232.53764266000644,536.5612648221326,285.8030997744442,,1.6096818526568557,294.3291302625799,365.0709250443371,30.168555695478876,5.076031536220224,0.0048805663739014,24.2015308390045,0.2530571033384727,3493.264016016785,48.555060882383025,44.80447044155121,1284.5758473746066,16.4884786819932,21.273582969750553,20.613748448249872,1056.311058936149,78.28678679081442,151.7022922792722,299.04735185527545,1098.7910332142417,15.65387183526444,1657.2553249300502,286.4951768488738,221.4574604825239,,78.54511600509227,11407.99011592611,175.719472420352,1259.4743404376802,180.33887210545325,28.71623796287302,1.2810949359648631,123.73756893638324,559.2197410438914,223.92156264361324,875.4385964912271,790.4378127978282,125.70610307342344,96.72650689207182
2025-02-21,114.7913171488357,530.2541362198746,56.54024560661782,87.91456175144408,12.764783280197006,24.46457988574424,176.79033301214076,29.23652725871173,3831.5622515389896,180.37132517642075,5498.574180668091,57.18475073313848,25.828597001373776,57957.582824453435,91.36147377519129,,175.73943883885576,8.726047654558457,540.7409680397927,223.26342204040364,154.2793455774399,117.08983534852878,11.997201583653302,189.03928689336297,566.6773251712877,0.0328006427568054,9.150326797385611,,156.4550491411045,95.45239380809704,99.29337989833049,11.11764940119376,7678.673207488729,0.0765832936853914,107.645074260576,155.40660951547832,0.8382523639702159,231.6960022638922,124.98419678843042,163.36190888137446,230.50204960428275,537.3517786561246,284.1468939311971,,1.4160437698981043,292.5971711827037,361.48785744163496,30.0946396466019,5.102070904874913,0.0040399438282744,24.449256793545835,0.2684430106411939,3468.815273450784,47.30847930078451,44.12880006324305,1083.3564712565626,17.06889223262184,22.314317516350485,17.924079488141448,1033.9875639869397,106.1175497675693,153.55667714620506,294.96536668597184,1075.3628179419188,15.075063328962589,1539.6121789008482,285.7315112540185,222.25666046127031,,78.1269098354905,11402.802888754855,173.1446208358027,1319.3368844264974,179.4799621026367,28.406517505861743,1.2997575388381664,121.57056691954224,559.13027593299,219.01960185929948,868.110314849623,770.7552810706193,124.98419678843042,95.45239380809704
2025-02-28,101.20295038930216,527.5871566522428,48.21822671491305,87.67502436152267,11.08391967588875,25.14527120884507,174.89424053288306,29.4323478042301,3645.430312546363,155.4682906669377,5620.68122601945,51.90615835777185,26.725572623685768,62558.7041996048,89.52565860026962,,173.44408233191078,7.837722170402674,524.5275201807999,222.27809827838675,152.73337673686055,115.9165270465012,12.065287395505887,180.8517662594905,510.69159046407134,0.0328006427568054,8.333333333333325,,156.98282481163636,96.91231441729204,84.2450349467483,12.28307038777148,8093.03366204085,0.0690423639524015,109.99471760083918,149.81323400790797,0.8080166733597594,234.9061667272121,125.83165511602266,162.69201242699253,232.41892650419635,501.77865612648054,281.7025490633216,,1.3904592730490897,297.6198525143448,355.2702212764687,26.175509508458756,4.993943661595409,0.0038941832112595,24.02289738457948,0.2989091168245354,3392.6168439737253,46.16533168805654,41.629766101000186,912.8834351511324,14.589449459788668,20.42477470625973,14.547137410250674,1258.2380060313735,101.96522536958116,149.57570412911974,294.7976138707951,1069.4070102894675,13.813006060503394,1301.197886023332,287.3392282958192,204.23408249568897,,73.86555316605661,11740.157279610065,170.92587819710693,1140.7159032364264,174.98242624144626,27.61998481030291,1.2485428399019298,118.82703751893033,562.3034191449979,218.62745098039323,883.177964442355,767.5716735466248,125.83165511602266,96.91231441729204
2025-03-07,101.18029215076992,510.18224666156505,38.86248534894657,77.4250871054439,10.78326929814604,25.985723434458464,168.22538044579116,29.654981329439888,3630.344960119055,162.30798305010836,5669.524044159992,48.97360703812373,25.68002465188647,59000.41903241446,85.13858756755504,,176.78055620025202,7.598012427493743,495.2057774459232,175.5462118278476,146.50886649766093,111.19245412341972,10.568245914525365,180.32353912182123,535.5477081619083,0.0345187716631143,8.66013071895424,,156.04840166371196,95.01441458761327,73.73204121517841,10.855240868266677,7832.777128306795,0.0646725374488187,107.23091030556864,149.01588381517303,0.7558417931700463,228.73259879782603,124.73310467653369,164.37309241546544,227.15771352474755,470.5533596837929,280.6970724068372,,1.1834454630904427,294.2252169462032,341.55610207417726,26.038039004994,4.366009388065262,0.0032636801352335,22.79070056612653,0.2819521061065732,3286.459217146694,45.017818827552944,38.96847287728816,892.4876477378322,13.585875466265382,16.370906632989122,13.296157707350526,1355.3117859573176,92.04474928448532,149.3035008459002,285.6830442461859,1149.3939545442877,12.627544845160635,1232.9513638122544,290.03215434083535,190.6641456847005,,77.08885771775682,12054.13436847806,168.95365323008298,1215.752057332666,168.37665890323566,28.1975195777655,1.146341443060498,113.1809066067541,558.2044121595324,211.56863044290097,870.1654526942347,727.2814735596779,124.73310467653369,95.01441458761327
2025-03-14,102.93125290203696,498.6015552991555,41.57329353173328,79.63394403097233,10.515667607633102,25.2025307245873,161.69166477175153,28.091361589098128,3576.625756048121,149.92149884764436,5632.891930554584,47.21407624633485,24.412735807919468,60914.29478478806,84.29689726086616,,181.35451108783784,6.578192449296205,488.38713656819334,161.0825707397241,145.567552260799,110.4780465752618,8.920116075509213,181.2479366127423,509.3114218550036,0.0332692233676169,7.51633986928104,,155.34758760326443,94.36408824934244,74.4616775111098,9.798813784454705,7775.577261288777,0.061921819439209,106.94814903503624,148.22564280751826,0.7144630412579704,226.7160147062891,124.67032865523396,163.71324808611217,224.52685183181077,466.6996047430814,281.92400688339643,,1.12073298192175,293.2904185970651,333.50152398442964,29.337418784934936,4.506896419319424,0.003262717269131,20.924222825099132,0.3042232100073804,3228.45347024049,46.99915833595525,38.05904245017702,901.353758345502,10.075638436746928,14.403541016232428,13.938580754757464,1346.85588537915,87.1209209071654,152.8761689381562,294.51802584550035,1137.6561004484945,12.337941656239432,1195.6617466536063,286.69614147909897,194.5785531663153,,80.40714262994418,11878.83072282624,168.214068867449,1260.74121094243,167.0336424885112,25.66900794870712,1.1289812653429887,112.982104387518,539.5590632425495,211.27450980392277,865.3934641290716,706.7279950657203,124.67032865523396,94.36408824934244
2025-03-21,99.98467213548363,500.4816101241978,44.7466711745798,89.35175268229322,10.818063973060331,23.680013465995785,162.1037224895592,31.097490444370724,3601.60587440605,165.73060830539671,5451.609932456029,47.80058651026447,25.1798201449245,61733.96284798924,86.30696689358511,,189.69580155593695,6.768580985665036,491.5346085016683,170.57854348042244,146.0338415390034,110.83193539041967,7.997753533149273,182.56850445691532,554.8456942451475,0.0359245134955488,6.699346405228754,,155.90996567098625,93.85975498456617,70.68634780040249,9.562086290037952,7879.251406573283,0.0697883639952317,107.48976581580108,149.32403755474922,0.8406511441232768,227.3197499837784,124.2936725274362,164.34967144218302,225.5438504571906,465.81027667984023,285.55868729055544,,1.14790278298691,293.638785873573,334.18594720914825,26.313534845539404,4.711376276646807,0.003120828763757,19.885784171762307,0.2562448180335523,3248.4860510906537,50.7482247643554,36.47601836002312,949.9835501937893,10.968147336455576,14.052241124149797,14.9012173619178,1353.958759287657,89.73227931467585,154.33926158546106,304.9746179915244,1122.7052377657096,12.110619404561298,1303.6123638531003,287.35932475884175,194.54592615631503,,78.70797329987774,11920.694493956096,167.69956488860896,1565.1870875119955,168.09556216726054,25.51850961475319,1.2618673188051186,114.05566101903808,545.6461490344653,224.31372848211672,866.8470982142846,709.7902966781935,124.2936725274362,93.85975498456617
2025-03-28,91.71107090623951,493.70777926278464,46.9036001666039,105.39709441189218,10.382000476714827,24.00862300343592,186.91499833606423,29.46901382423936,3396.8154589443566,155.5047525097404,5361.438575888871,46.33431085044041,21.448865069424343,62331.10659249826,87.43780708704027,,191.55173835893072,6.118776081599312,485.73691230151945,136.33338849192347,146.54864779580228,111.22264601742788,7.640845349884372,179.13502806206554,569.2708416273127,0.0337378039784284,6.862745098039211,,155.52927329198184,93.88629457713304,61.31786664950248,9.497274509437757,7913.214134458059,0.067907574740962,107.15125684699946,150.0622788121282,0.8911977098728994,225.97829689520916,124.41922457003544,163.30138593642897,224.54266242298843,450.9881422924884,277.96849298640825,,1.1843569975674846,294.47485457960124,332.2678967540344,23.251627179025025,4.911862558555215,0.0025102123670494,21.214830521122355,0.2668418924576256,3148.909347980712,34.21674033564273,36.0992275768046,897.7193506408934,11.206923032598942,11.93780115438454,13.022582429170589,1304.2381258208957,86.3726911592554,157.36752311127808,312.74716509471875,1055.4846715910865,11.79782096438413,1173.9387236225637,283.0787781350477,183.063670017239,,81.58691561917347,12001.804654565736,167.36890816067017,1542.3264894007325,165.8155606040896,24.03538597201527,1.193101613780886,112.23657947562148,539.1199685130002,212.0588265213324,868.0601895363397,699.8032142514065,124.41922457003544,93.88629457713304
2025-04-04,83.47156972985094,445.5153590026013,39.07967940988858,95.14473171444764,9.517898319152044,25.24032548074163,160.6090759483179,27.917434445040044,3098.969592504374,133.82723929928656,5075.895946759541,37.53665689149602,18.280130560443812,57839.96482357421,78.36324918545068,,164.89590424929057,4.952250739449369,450.9613148382182,102.44890235862664,141.41192434310398,107.32414553405972,6.230329962360595,166.91977550346544,520.9492546872804,0.0281148366486904,7.026143790849668,,152.95096563688378,96.87249996556636,51.037356759219634,8.488633155462066,6792.458297217781,0.0597256181660334,109.8911705353816,140.94129342489396,0.7471603756705653,221.45434708781391,127.02437557411194,162.4913678509917,217.79211255876123,407.31225296442534,249.24412173377135,,1.0448538029561496,274.0953689038888,308.00205748985235,20.559278353008136,4.097078368551665,0.0023561796194635,18.280070680659936,0.217968892114612,2960.070630934662,26.910589145847432,31.104708909698157,765.8313666993375,7.857689285584817,9.956821899435734,11.46606186717941,1114.487696202521,91.99660185734072,154.4753632270708,277.51907390757896,917.7173452400548,10.518003302818272,1032.759809552074,263.70578778135,159.4141398517827,,74.33746236174834,12281.76892264816,155.34115799839984,1252.249898568285,153.65033772593924,20.1353475699732,0.9275715435163902,102.58448572925052,507.6392677905473,191.960787305646,807.51879699248,629.6052479230841,127.02437557411194,96.87249996556636
2025-04-11,72.9107741484518,470.42201734040486,41.02442465651903,94.3442880893512,11.569846800814904,25.980150942331377,164.72087080473676,31.292644608352095,3257.0994925428968,137.80527252089962,4700.181961063055,43.98826979472192,20.599088257344334,61879.224366937065,76.50827532733226,,167.19997200497906,5.677663012978803,452.8974068174649,97.6565632928077,144.4819365408314,109.65412185982429,7.92198367316436,167.11786068009135,491.8372985546084,0.02592812713157,6.699346405228752,,152.52701035990478,91.80258722223404,74.26869348233059,7.711837720584873,6644.990452607133,0.0611335803588393,104.52285070856723,143.2701026120737,0.728035824881273,216.5578168755088,124.2309084794384,165.80651704793524,218.5848151740636,424.2094861660063,259.7522201495447,,1.0363199496970728,272.1445206605051,314.15462632617755,22.7392683282339,4.449525497065213,0.0028017970369055,19.67531088762196,0.214877414596719,3219.174739764061,27.422782929085443,31.21836442828546,923.0985851505146,7.466966032658487,9.52080229447024,12.777992344404652,1173.3407435822808,90.28335056134344,164.1045543709609,258.11566495212264,917.4079305809382,12.305965131304063,858.5028928276844,264.99196141479047,167.0472300856861,,74.16863806406397,12221.5894529975,156.87045981827515,1339.9800172059108,154.4389646089526,20.810221723850887,0.9283639259439866,102.67395668176351,497.81367447906496,200.68627151788564,798.41605968045,670.4474318472629,124.2309084794384,91.80258722223404
2025-04-18,67.94086819679201,463.06984497470125,39.40838786423183,91.63056679258035,11.9216883983931,23.92025926076064,177.07353953248784,41.22352570991155,3163.369689749169,133.32863495699024,4754.660488989046,46.920821114370035,21.266638113581564,60064.23527744648,79.42385223561467,,170.1686960543177,4.687413188918066,449.6600071144619,115.43315097309852,142.29381656437735,107.99345492604324,7.657522534244657,169.16474083855945,524.5296977552874,0.0306139332396851,7.026143790849668,,154.5394833513093,94.15174113155528,73.19150185190836,9.145007590548722,7051.6442059274095,0.065261465353649,104.79366517565538,143.11698406400905,0.7359270549338709,218.40887201944457,125.58055103082413,167.93119805485156,217.69542433957548,412.84584980237,270.7426091809209,,1.2117065860119842,283.04841216267226,312.3000740560643,20.160459068197433,4.081813755189064,0.0025626527490581,19.028376286994583,0.2156722734540984,2992.162913498764,26.41808807889028,30.583073182784805,959.7485054768484,6.834424121700977,9.51367004700008,11.540859632226953,1218.3261965909992,98.46816214574638,164.41078306458286,272.7660774775681,943.686776856798,11.76027967722619,844.0775532520111,271.82475884244315,162.25209243099948,,76.63285850639674,12574.814125951223,163.4285462388241,1355.2895137256323,155.09486493583643,20.36536724897237,0.9385099721690828,105.28826606185156,495.8079723238688,200.39215087890736,829.6441298558885,648.2932131471886,125.58055103082413,94.15174113155528
2025-04-25,76.191858362222,479.5967954572573,43.00617912271972,88.20087054926827,12.07564967134565,24.57570307201866,215.672313782368,42.649544852498586,3282.0159290155343,132.921698968017,4884.281814054334,47.50733137829966,23.08404187334684,61116.090071181396,77.86999277443336,,174.85300656866676,4.90196764059122,463.5194633593431,138.70268917026348,143.10834161814515,107.62240460303208,9.149189628817146,172.5982172334092,536.6900694380961,0.0299891590919364,7.516339869281039,,156.58813628113688,95.5983868815915,79.92555186510212,9.379471467742116,7453.829236683727,0.0727166585223599,104.63038409297673,141.9794756749099,0.781961572131806,219.91382483057797,126.45940335571711,167.98446713800422,219.18135109695757,437.4505928853738,274.90958102150387,,1.2124014524972675,287.8907258111926,318.2184985664767,22.51279299279748,3.875576882855765,0.0030640780997782,20.081921666962568,0.2108605896227119,3165.924705806555,25.51795154822353,31.893306050263075,1146.206594242269,9.250187850071113,11.851214431511394,12.258265997355847,1288.246930568018,105.38751062463254,162.60743631325363,275.5619577305157,1033.993426997965,12.103567505219807,850.7148302609373,279.05948553054606,175.51213486477778,,79.06053636739556,12258.220850039104,166.79024574754243,1392.9104433947225,159.81883420808984,22.20844880694696,0.9729565707318474,107.83299324322743,499.4213965698815,210.98038916494448,843.6390781641592,673.3608963863027,126.45940335571711,95.5983868815915
2025-05-02,86.49688754091007,494.4084358319956,42.27242914809038,88.35606754099476,12.659985611991992,23.100875166402822,334.5941147186392,43.95467255347325,3381.2732803882254,138.27696535291042,5050.535252725031,57.18475073313848,22.934315058441047,62319.91773519532,72.89994270398049,,167.5512080578353,5.590007834916949,480.16139059079205,157.7561304420595,141.3378458991827,107.25317817040307,9.772507771999733,179.79531198415197,518.3347104409269,0.0298642037857218,7.189542483660125,,156.80189977871427,94.94806054332064,93.57262656583671,11.796826301830556,7555.716329341337,0.0651767616993492,104.6941044291497,140.7841623379261,0.8144719128042763,220.01851119426564,126.39662733441754,167.18093228139688,220.30036290245167,460.8695652173895,280.87924726768165,,1.1955417400406176,294.05680959526165,329.595797636084,24.734904981248,4.076515919178765,0.0031515438341846,19.69753442890437,0.2217481510603368,3527.359279963937,26.59731551695579,33.48031562457606,1266.870778128856,9.223024504537513,16.541701303455657,12.594900068334832,1337.0208643410313,106.67778784636072,161.1783690763512,278.0782499581685,1045.2204453314855,11.820389746994122,1002.9639964295344,288.0225080385846,183.76500140954312,,76.75692724724136,12470.155892732528,171.91547233183942,1332.6149347342964,165.17528007209685,23.366324547736017,1.0752980391829534,111.2127162890128,511.3710395318752,222.3529441683913,861.7945253759385,695.1161650736744,126.39662733441754,94.94806054332064
2025-05-09,81.47516716528538,495.149599980991,42.65181312282624,93.5363834523161,12.088467906987027,21.36335317644161,341.0908338395933,42.16857259476097,3471.787517584614,136.3678963623535,4809.139016915037,54.83870967741996,22.198480439436665,59539.819572807275,76.0032524094827,,168.6852566810167,4.93561006799687,479.3890697466117,148.14924091998634,143.29785407520922,107.83541985262572,8.673618912314035,179.66325519973466,529.1344479065391,0.0371740617910462,7.189542483660125,,157.1492790535477,94.27118448673228,96.73714518453056,12.1420842522765,7655.955045669812,0.0635635300008878,104.4352367655058,143.52096781552353,0.8569764831180554,221.52433157094416,125.73749707072416,167.40488691417949,222.0067950918283,461.6600790513816,283.2648553967991,,1.193290176905005,293.08138547356975,329.7378175620823,20.41787265192589,4.096088908193791,0.0032593490148334,20.263949714596055,0.2213618867444672,3569.015783240549,27.5752005551685,33.67115957360877,1200.3260791056764,7.164362810806399,13.43454975124714,12.64342876927512,1349.981739247767,103.68287139558392,166.00997735349748,274.8909464698082,1063.6714961459384,13.89703939541378,911.9478412967648,287.0578778135042,186.9454629324119,,77.10974526300105,12347.180766387071,174.257651309158,1393.0541995638964,165.28459480750874,20.427650611255036,1.066016324983292,112.43538169485758,497.134737851506,226.0784373563892,857.6240405701744,694.51086622596,125.73749707072416,94.27118448673228
2025-05-16,81.40105061793884,512.7870685601041,47.698528587827546,94.8112483609358,11.714396777217456,21.852294775612936,332.0066314922748,36.763850448586325,3672.18283457833,128.22901751315453,4851.406840305893,52.492668621701455,21.532681509072138,59285.58515769043,77.1870223296412,,165.06618476998034,5.949257122675027,503.2463780154722,151.91937647670764,141.85208727395982,107.52299228598746,8.983990169233298,185.0775833608439,488.7490807623526,0.0384236100865435,7.843137254901955,,158.07563284728352,93.4217757640824,94.5439799249464,12.59867719880602,7958.8753223111025,0.067195800484899,104.25484155647116,140.42004113482426,1.018026770549647,221.93556059264887,125.14615377965302,166.54932844479592,222.18236192738968,499.011857707508,283.23113925901384,,1.143677524027896,297.99337682992183,339.18461533632365,22.20128967092597,3.888303096332572,0.0035238811249014,19.03263181110799,0.2097248677531731,3682.306599689376,27.383487813407136,32.41925714792206,1318.250885525915,8.715481212109472,13.445354428242814,14.77120918185708,1380.6786468474336,116.39922916581308,158.52438706496102,281.5000591754864,1084.1264102638163,14.672970361122015,1013.7337020661104,291.599678456591,205.11482511231924,,76.20570486754477,12208.821364542691,178.41844754583403,1367.5596477224728,171.5467981445928,21.151106169933275,1.062536532493003,115.99402768594176,487.50599521025333,228.33332734949576,870.6365523182945,727.206411816863,125.14615377965302,93.4217757640824
2025-05-23,88.03245587169728,501.3619664795981,54.66644562975612,97.19805480493284,12.207322618479695,20.610029210682175,363.1263605375945,42.91608019137715,3528.3004743230003,134.8495309200373,4901.188943410677,50.43988269794778,22.00277863705292,57549.12458625739,76.35814408833183,,171.07184958436824,6.415192120712223,483.8854582230043,132.6334707393438,141.44654890047522,106.00348870612034,9.144787575005104,181.64410696599413,468.4530765534251,0.0371740617910462,10.130718954248358,,157.0156768675618,92.39983437537109,89.88084426019452,13.306392702006557,7832.658448666914,0.0533321895534148,102.002751010134,141.38469562697497,1.3708969081852609,218.84831723679125,124.40905880796755,165.78550382657892,218.57708124961545,475.7905138339903,282.9077457447871,,1.1295954703422488,299.07330688203587,330.61752145980654,29.69527625705682,3.954041742711803,0.0051219542352278,19.571404794882,0.2525932734435299,3618.609366715687,33.414016403973214,31.851814582706616,1244.5407583756362,7.011865039203114,13.744321726215142,19.20019694854245,1425.3597220601766,123.10698228335164,164.4107830645829,273.5314768940683,1045.7863855605783,15.9208229712567,1039.3557066147823,289.83118971061026,193.1921914431489,,78.47922402496266,12393.60314657788,176.4069252964543,1273.6339677312685,166.75254575253615,18.55887419429241,1.014152180827082,112.72365486660664,482.6481359028109,245.3431372549034,873.984962406014,702.2927906454655,124.40905880796755,92.39983437537109
2025-05-30,74.63391032069781,503.90056514028726,54.66179955387591,100.29609970898402,11.511612990065784,20.850648854905927,364.0438440216909,42.819602002693316,3599.241566405222,152.60299637667703,5034.5674083329295,54.25219941349035,21.334009997137912,57265.837904740365,73.40391599759334,,165.75045564204572,6.62736892929894,492.9311338637474,130.17344907960094,140.00000132862033,105.95378514788185,10.087793722889137,180.19148233740384,465.5401139478379,0.0391264810027608,9.150326797385617,,158.35175309250107,93.58104369673576,86.05060690756278,13.962630343504578,7872.326829059848,0.0514083120324716,103.10847239259564,137.11640306343008,1.511247844618886,219.17647288882085,125.43458330989652,167.83096014843713,219.04407009005484,486.70948616600606,285.11691386109857,,1.1157474557895557,301.61638374801333,332.80490579402164,28.417032264755477,4.241781274841126,0.0050414378632225,18.70052238758843,0.2155480705814825,3678.5687993464344,32.83030945327076,36.16724874738588,1322.1664610672792,6.376048928649762,13.581280969601805,16.52871194771881,1477.203429863848,126.45276415357095,161.314470717961,276.8658482033142,1045.9085882053846,16.350798003125124,1100.084294599639,292.7250803858514,196.63360682822747,,78.44069041926367,12425.280126803364,179.0522211655163,1151.4823429384137,168.93885237518623,17.311915812798873,1.0394757866199458,114.03578174510088,489.06910389785577,235.9803891649447,879.4386356516279,711.2406565976574,125.43458330989652,93.58104369673576
2025-06-06,70.47080119442296,509.45803301937593,52.12172747904851,91.2584929737293,11.139236135379,20.011835272020324,481.1579103795549,53.75001867659023,3677.2533789004806,140.448053185986,5063.6852422244065,51.61290322580704,23.83155910138108,55747.86950647632,77.5586114006667,,172.86040593208327,7.831068203732235,499.3318751066124,136.14208359988845,139.66586145323433,106.26620751395248,11.135667572591274,184.5163420270704,488.0313913761138,0.0423284485099727,9.150326797385617,,159.04651164216784,94.27118448673224,91.82564913809186,14.537237388365016,7948.958502343819,0.0477915168982163,102.18161861655094,140.6282784966057,1.7531517409717792,218.6445833021443,125.72301284014004,168.3543308254322,218.1638056192112,500.3952569169941,283.5661325371452,,1.0716950601003823,304.1246323914005,337.09853265952336,29.175962246128005,3.87165655801192,0.0052446152147612,17.427282607028186,0.1898154758477955,3736.330857852368,32.72081128369147,33.56280621015248,1273.8277634835383,9.077610233636396,15.533923905423556,17.017437045802655,1509.2646236502712,126.04453181230522,162.84561418607072,283.4215612858993,1081.2414648697138,16.7747250242017,1061.5508686989776,295.7395498392276,207.36560350355745,,85.80004457952123,12253.696785222051,180.7330551527936,1266.3556888169978,171.18762626298775,22.233763590063926,1.0436517571239596,115.92444548722966,493.4646682299185,239.80392755246777,886.0050516917281,717.6247072240334,125.72301284014004,94.27118448673224
2025-06-13,68.91597019686164,506.1656893594878,49.414409717772024,91.20209746498438,11.174474861279696,19.09005773014905,338.4789190268711,57.81615057522227,3695.261488257064,142.9132801515587,5159.4923085770115,54.83870967741997,24.120972886296784,54876.81579807778,85.01734826044272,,169.46294169369312,6.87444075165445,498.8346274398114,130.6156382786384,141.26226519112822,106.38691745553078,11.444927734907518,185.47375371409575,491.85145636077914,0.0487323835243967,12.418300653594764,,158.90399358293607,95.58511202243274,80.8807409439953,14.99546496580814,7811.92292947775,0.0477619829138019,102.18161861655094,142.86160065479044,1.5969701492346573,219.15004169793093,126.71649504991596,169.46160453739515,217.7884296068113,500.5928853754922,283.3619518716325,,1.012406486889504,304.48536707981305,334.8828020548061,33.1061925923794,3.965995474828079,0.0042804230510607,18.328164884008057,0.1801542463719262,3759.390389380356,32.05265158877508,33.047286901342616,1365.5337358747686,7.814507342723638,15.235951664441911,16.177704769388868,1483.683867317216,121.28792415805852,166.4182822783268,297.38070897036937,1072.2360954577948,18.169019998362423,987.3067716856282,293.85048231511195,210.92120098007857,,85.53599104330414,12235.218245450444,180.6228537624605,1125.615606463014,170.85968205675218,20.65321110198021,0.9541792538887184,115.44731447314498,499.6642208835324,242.05881754557427,887.2781563283194,712.303537606785,126.71649504991596,95.58511202243274
2025-06-20,66.84602254847835,508.96762777769897,55.708944871441744,97.94190546160884,11.176760628910408,13.448016395884457,340.8641151308246,58.60377336823653,3628.386216590834,123.06251798503035,4880.524674197369,54.252199413490345,23.41984550103455,55185.3678709158,89.57729129398312,,171.4212181279107,8.391838001707736,501.077531809212,126.3585805201782,142.7334673952717,108.07683713549852,13.041804803344784,185.47375371409572,480.3194811794037,0.0496695447460197,16.666666666666654,,159.0554275154136,95.42585421553008,84.81589843646059,15.75231603225886,7815.529345972343,0.0441438473648443,103.46620760542947,147.4160630765923,1.599989603988076,222.1324558634902,126.84468866896115,169.95477133671483,221.40250664854477,505.8300395256898,281.9849562420046,,0.9474153236291462,301.9432772169023,333.5433406179741,33.562013161743806,3.7316388031987273,0.0044726512625361,17.064842203540906,0.1841843745918012,3821.0322332446503,33.14247159744032,34.747957224936194,1379.8254814558218,11.203583656233665,15.816374100926362,17.048761198841955,1514.0396773481025,110.79600966274744,165.29544373504632,303.25824483751467,1047.5392857079507,18.897477689977368,1189.0046249050397,290.8159163987132,213.13933991775824,,85.66304632069632,12045.156364097526,180.51390915371297,1053.0305752447723,170.82844246697016,18.796110842788035,0.8722247008159931,115.984092788905,489.5868809555014,252.69607843137396,879.6691925125301,719.18241992217,126.84468866896115,95.42585421553008
2025-06-27,69.8113501602666,517.1365401965613,57.729572212822866,118.98799748203864,10.972613622772204,15.520309682037626,364.83480976279026,55.53027848309169,3797.4387740950738,116.88401503966035,4801.624737201107,54.25219941349033,22.25476835559177,54280.804580746895,78.17624009107178,,177.43028824470494,7.748227266785011,508.08660796358913,151.7241347903693,141.25138065525925,106.85555360492064,13.152220578180302,189.43545724661465,491.08662488351274,0.0496695447460197,15.68627450980391,,159.9550472806821,95.47894352641453,92.74707374860724,11.853701658937892,7972.39855877298,0.0513592688718793,102.62065559513955,138.66510883678663,1.597355980647051,220.3872509095876,127.0369668723126,170.07026246727327,219.26943993199637,523.1225296442667,289.45778164064086,,0.9832011195319934,303.355546968572,337.6982291155091,33.789788446192595,4.045110239494327,0.0043819363397814,17.46450123916199,0.1914804244964218,3897.6869818182513,31.53048337694881,35.25127258968194,1290.1542560459109,12.861201311057156,16.415696622560098,18.869520672995897,1627.277200351106,114.35399018047396,157.741802625705,292.4074093904772,1111.9210766480758,22.16406185048829,1324.947617190645,294.5337620578772,224.68683763327655,,85.30426130203774,11699.350233889518,185.44721440530023,1132.594343072352,173.49885550152808,18.39427974842495,0.972865627647874,117.7335921336094,487.95954187830574,263.23529411764855,882.0952772556382,730.4703945292586,127.0369668723126,95.47894352641453
2025-07-04,66.99804831451137,527.0751602514612,61.82444596161065,151.6395708294839,12.347165103410116,23.05164885764851,437.7755638004072,58.30680834987878,3709.169964106027,133.30681864190623,4854.224695198615,54.25219941349033,22.802861763933883,54501.63844219516,80.53877420664591,,176.33040535178267,8.470794271108701,516.1324984019344,178.5883914094274,142.41172540414846,107.73600970248424,14.906274380582069,191.21822383624823,483.0404125870904,0.0474828352288993,15.68627450980391,,160.4716650519443,94.28445934589104,96.2456481749075,11.991288250022574,7986.823674489455,0.0479785177708877,102.79139116410283,140.19295246811805,1.5767412716975613,222.80852460879524,126.58830143087071,172.25772859905896,220.52266884827003,532.411067193674,286.58686240325306,,1.0417825986374252,303.673294732982,342.02132646550626,33.30371609144657,4.955677172476437,0.0042336701449516,17.715966396596976,0.203242081844196,3941.947562051788,32.97636743374154,36.76055097626531,1333.1373447111969,16.618747428876336,17.638328291455924,20.82148965973397,1641.602361444599,137.86417047873866,161.43355965436962,297.04162036264944,1090.0581128580002,25.49868270184865,1321.3504182598197,296.10128617363284,226.97025547807343,,87.4462575176346,11892.051562287825,184.0737236447093,1106.7881916738693,175.68516212417816,19.994604218235796,1.0448570151701804,119.8210675748378,491.9787739267314,249.50980392157004,884.5012922932323,747.1157357056506,126.58830143087071,94.28445934589104
2025-07-11,67.42249729330827,527.4007486433969,54.75946669338645,168.94527802574203,11.982411945754809,23.741907062454597,396.6507677975329,61.16097963813382,3848.973180762939,137.09568168384817,4907.763938160365,53.07917888563109,24.42065456101464,53751.91058770035,83.4873915709372,,195.3953420193947,10.130667643933078,522.977588623643,172.2309077067479,143.03932576542144,108.78689273466436,16.790955206229047,193.13304721029908,479.0410877846898,0.0513876736523286,15.359477124182993,,160.2578879630968,93.38196131235672,126.26026837934587,11.103819320173242,8208.60453235948,0.0426018425556118,103.44181769599572,142.88717097147273,1.517036974363365,223.09255203769908,125.9794000782305,172.94372910524092,221.24082060548272,542.8853754940692,281.91939627257653,,1.3234654457481196,307.98072178548,344.30269677979635,30.609463908875767,5.882785317543531,0.0039859076521368,17.323227422330753,0.1933216037298658,3997.9804736990695,32.251542238827945,35.89716813288411,1417.248130565293,23.365445155993168,18.86843091800167,16.919635777277147,1684.9191504705852,131.59617590318967,164.61493552699758,302.01491994254155,1126.2184148239126,25.94351869510153,1243.138744795621,300.44212218649466,233.8530862482307,,88.90102253669625,11831.337048882237,184.6903894743172,1050.3666556522408,177.4966770703321,21.919727677268934,1.0920360131876068,121.471170549856,492.21635270726927,239.117641074986,896.3508380325808,748.646975081449,125.9794000782305,93.38196131235672
2025-07-18,72.86479710431045,535.4841661854213,61.65201537198528,203.24351127955256,13.904417191832874,20.22716401598123,464.1041642666131,72.28448186587639,3577.84114550568,157.19701234780496,4834.49971094955,50.146627565982946,25.06692384247795,54104.99242734162,83.91138597202341,,198.61689502117548,12.880475389622656,528.7858645613834,237.53133285866392,144.77338275312724,109.79516014888732,16.26745279663795,197.95311984153048,492.5033348492876,0.0509190930415171,15.686274509803908,,160.64980583034892,92.16093753926636,158.58576262954696,13.219328722486653,8411.453079287641,0.0424419076744315,103.88898050911088,145.76295584220222,1.5604947978704942,225.7433563599077,125.4345833098965,173.34819971118563,223.8508382491843,554.3478260869543,283.95863417389916,,1.3897571071688295,309.35769341316853,347.74008377428845,31.967445180028413,6.64212680912443,0.0050731054831777,17.979319215185356,0.1976492168508236,4095.781618075048,35.45096839581555,34.775476705959896,1547.9051552698008,22.426549155378307,18.581630837171097,17.401438223447684,1713.910674314715,119.14106740203668,164.85311339981465,296.1373840753963,1135.9995576531492,39.7098690186346,1349.9342828688154,300.28135048231456,235.5819444714909,,90.7230222875754,11720.468220706513,187.1570314074727,1091.5278777401988,179.5268095728973,20.57227467620929,1.255756327084906,122.18687181091484,491.0997439600213,238.23529411764844,901.4636199874682,761.3193608214557,125.4345833098965,92.16093753926636
2025-07-25,72.00290821535596,541.1113610004705,60.131823106950144,176.26644862138298,19.899543626453458,18.201875155900293,601.7370062832932,87.75954783020335,3437.870740230028,156.03999967933234,5073.07809186682,52.78592375366627,24.869318665463343,54960.71233346383,82.77804613091413,,203.2800001365199,14.243435897835596,535.9166076980625,253.26977192871212,144.78054332881186,110.17148969011994,18.459627123474363,198.1512050181564,505.4267788172968,0.0484199964505224,13.07189542483659,,160.8635829191964,93.08997516536758,128.83297944847996,14.098064141701558,8640.446770146853,0.0389378918386837,104.17354599364344,142.75300808185085,1.5248447369578757,225.8084180616835,126.04349688775312,174.96124938286422,223.6213018732883,558.4980237154128,295.3351050707762,,1.2832469488561251,313.7710363871366,350.0245105446316,28.139515719622334,6.7031261601022685,0.0049402496477317,19.626823340176955,0.1878293317012836,4101.511864079119,32.50329244015381,34.10381269946187,1591.9585724775493,22.729839607995512,18.22980989466034,18.972810038247985,1666.5010267284583,119.6762409611482,163.73027485653415,301.5062870309618,1158.9735060773578,45.137370307032704,1499.814712429903,304.38102893890624,231.84693577064385,,91.82173994648036,11789.10107524825,189.2312749043861,1317.0072593300508,181.93174566637103,20.45428000835891,1.2672888261081503,123.49899868940906,502.3745580021415,248.5294117647073,914.3157698934828,767.9942530286247,126.04349688775312,93.08997516536758
2025-08-01,65.86555024507405,538.468673498982,53.79740845380971,169.3342352838853,22.0824582566477,18.575750236674654,543.1476002236259,73.43717708601946,3369.2813323108085,150.3746478168618,5214.910121467243,52.199413489736635,22.681798884694413,54905.61395820837,86.42333441699166,,159.54920114339214,12.458705346761136,530.8277539165451,273.99229794542964,145.21531274666154,109.31943085864852,14.623810904075269,195.77418289864505,485.72703259742786,0.0446713515640303,13.725490196078422,,161.3089416608428,94.49680646367815,105.35225581445296,13.592370161497186,8275.319385676166,0.036877205588538,107.0028871406452,142.1431816248324,1.462405931899748,232.51066634162615,127.0369668723126,173.6780577100496,228.70283092104535,558.695652173911,296.2906686002589,,0.9940397022297496,312.2175310404893,347.1582605724315,25.831711387284656,6.485961970639339,0.0044774283212668,18.346232573464412,0.1857250271754935,4279.635058129727,32.013959738587765,33.45042996153738,1581.6890787584152,22.30765921315252,17.38997513014824,14.67863249391567,1816.233699646937,120.81751977197337,167.0647650759731,305.9709536992741,1079.0995824551455,33.31023775043605,1320.76075866763,293.9710610932471,231.7980076992019,,86.49672100139793,11960.684416829565,185.69947512544368,1125.3907372272413,179.71421136835156,19.11125780296883,1.327433174559565,121.28230322765675,490.98822185198696,235.7843137254916,909.1327929197988,766.9268873507674,127.0369668723126,94.49680646367815
2025-08-08,69.59061094736107,543.3828449465764,51.02017788568026,175.1513346109062,21.096516482184015,20.10918949095977,528.0097401871093,83.0019717263803,3506.303072546642,144.71598278955622,5165.364660470042,49.85337243401813,23.409652298175946,53070.80843285508,81.5547938176309,,158.88568232480952,10.854534011819885,534.9432718396434,232.68528040215008,144.4009550638878,109.41173009933496,13.007378877586984,197.9531198415304,478.5786332766893,0.0407665131406011,16.339869281045736,,161.70084593682475,93.66938991892609,91.04441049547708,7.087071499893603,8468.250562375144,0.0348224025116886,105.27112913572437,140.2202649898843,1.4569898178487592,229.59810114260137,126.39601100230288,175.13894120608583,224.94706276519696,569.1699604743062,307.0692413696809,,0.9129769687240804,313.735716713629,348.3830315968256,22.8138457523316,5.877106220991966,0.004628940925877,17.59220300603405,0.1907269836505854,4186.150600782692,31.955617627136284,33.89822766513086,1882.4139062169904,20.524156479362738,17.816491055339803,12.539009393429188,1834.9537303840752,119.0975127076771,166.6224347407414,299.86735876031554,1182.0459340164678,41.021237609861814,1226.4144308549594,300.48231511253977,235.94076692014303,,90.76006869519684,11881.492568879328,187.8577841437951,1118.7064304266012,181.80681113606815,19.90920874202519,1.3114993817495222,122.71371522963804,482.16741495947167,249.2647058823544,911.84964364035,771.4329518294668,126.39601100230288,93.66938991892609
2025-08-15,77.70276239187108,546.4304192254699,52.30999779654136,198.5968344378215,22.42927696926646,26.29155772471545,480.6037311702159,80.3498853007402,3589.952171778752,168.8314871002002,5482.229183681445,51.31964809384218,24.455118896216987,54097.98204776121,80.84682664393638,,159.34959406336367,12.350415242922674,537.1861762090442,221.8438730820021,144.5037508147507,108.94309915051277,17.729293229714425,198.38230439088665,481.99654283582856,0.0456085127856533,15.03267973856208,,162.03932292968247,92.14586431552824,87.49461706771302,7.478161983113439,8529.921578121786,0.0382998659853033,104.33614952515312,138.845071105227,1.48697160100422,229.6899989720469,125.69097054798692,174.14459753960762,224.09870581381077,566.9960474308281,312.63863631499214,,1.1717186059803892,316.3131262500474,351.6967361022993,23.357376749408033,6.3993704096721045,0.005403921043205,17.034229003661157,0.1951205356579624,4146.748173471771,26.63084613686499,33.14665337029501,1773.4047912184678,19.24504454636513,16.732759355853325,10.79700983874401,1839.2350036700857,113.51614998071612,162.77756336526588,301.30638560874803,1181.9442174977198,52.910996685892385,1183.2646591838943,303.53697749196095,237.21294655186716,,89.42912353893422,11944.61170708652,186.48431476848052,1098.426673514793,182.5407866085818,23.511723230449725,1.4360867827611856,123.6580423607706,499.5356022469391,243.62745098039355,916.1804902882196,774.1626606948465,125.69097054798692,92.14586431552824
2025-08-22,85.72343473161347,554.4325622065426,51.46265081344149,163.46509027907965,22.275625783405715,25.109659338633616,508.2160591009265,86.14114881612906,3661.806540752547,147.95423115435403,5660.051662379185,51.319648093842176,24.983118790182647,55895.497980975655,83.37875563869733,,159.7679682989653,11.63524279926962,540.6034314511028,204.90661090445224,147.05141569073191,110.04367794007996,16.51939636691324,201.71673819742335,505.374844648171,0.0421722549730356,14.052287581699336,,162.1818409889142,92.36351527808613,86.00790507098998,7.540188781925673,8787.935694794945,0.0420126293163179,105.10445648402435,141.74758012117738,1.5889050899018136,232.30875436043456,125.72301284014004,174.83431288803862,227.51432194148163,562.2529644268755,315.8507120399261,,1.1273257154059406,322.59772233507266,357.8328398597358,23.63644199763753,6.188183389188987,0.0051724311059332,17.81035026835543,0.1955118011479821,4083.8421438045034,27.758302736787233,40.76517307140971,1602.1067087784495,19.29596093216461,18.59985261310629,11.282439144179843,1786.1472149235562,120.12203775540794,164.81908798941222,307.35763170092827,1201.3154430790228,50.397697727030014,1140.1291076750351,308.6012861736329,237.52284092907732,,90.07756011133236,12418.77333842946,189.35740526445767,1086.4407211842274,184.36790943521424,21.80003076408217,1.6898673493912448,127.06758905739365,514.6105330373581,237.647052839692,934.4762296365903,782.6546403679074,125.72301284014004,92.36351527808613
2025-08-29,87.61916215821411,547.4676794567368,47.40166047828031,171.39467533482596,20.305956855753458,24.16458231414799,581.2833267045771,81.96707939206176,3604.349052021816,141.6589325845788,5575.869744272275,51.906158357771794,26.535884771213052,57103.09530984723,83.10970473391336,,160.03885150857587,11.681168200960082,539.799371394148,181.8672011057535,144.88045500077402,109.3549286330605,15.059488298838067,199.00957411686875,554.6354740765288,0.0459208998595276,13.398692810457504,,162.4490589521561,91.4929321841928,80.75441725330926,7.129223765006053,8600.78459064099,0.0443472688070188,105.5638204547835,141.87193737364277,1.616678826820792,230.52879728677925,125.466637827266,174.00421845813037,226.60201589749835,560.4743083003933,306.8493026533875,,1.1734149875122846,318.2549971585933,352.3939500922166,22.79793857941586,6.2480577263309165,0.0050636794919103,17.36487043362592,0.1996293607871976,4051.793412847729,26.75515515726341,42.01854933088632,1570.8789883475497,17.491378146767943,18.391812769906014,11.00923473771945,1832.3849664124689,148.3103197130401,168.56188313368048,311.01121424715024,1198.7774154965086,45.34314337495348,1284.2248062832057,302.6125401929255,234.8153715027447,,91.95824044921405,12392.13440225863,185.5873521213988,1244.2147459689545,183.212294815944,21.210123403281923,1.6368122751714502,126.67991951595836,504.02269435539927,253.18627450980543,921.0325618734324,776.5407875549877,125.466637827266,91.4929321841928
2025-09-05,84.78212550982082,552.7798915386927,45.82502248752082,149.68057322722228,20.31696438506055,29.837260839896768,447.2878827328464,94.42531506507478,3748.179380770862,139.55296734886377,5717.749381531111,54.25219941349029,25.74789927375599,57020.005758025305,80.71010328003706,,160.291438963129,11.739090126714602,540.3812569616812,194.1160391778197,147.9553689434984,110.6046180973432,16.253030235869776,200.79234070650224,553.7257988374537,0.0420160614360984,13.07189542483659,,163.3753991546218,93.20688681257512,80.8788073143286,6.810403746396821,8748.870237656638,0.0367584051879783,106.73865485121026,142.9637759644998,1.5919033339140225,234.1903349804489,126.33191419278025,174.8860644792029,228.83224862313347,560.2766798418951,312.41020770929885,,1.1499777399811375,319.03172828239076,354.8028231795759,21.888931465944363,6.073244900426971,0.0047860840727796,17.37530007816508,0.2196431458679759,3977.9408136665343,25.55204951037998,41.32616780683285,1542.4024952104908,20.18227502585166,20.125944523466316,10.668688609676064,1841.8037676416916,156.79047532372448,175.196838162156,299.9933793811995,1148.1981813469674,44.094652413664576,1226.4619552678218,303.21543408360077,235.66349955293308,,96.56520374128056,12703.802536495978,185.19493229988032,1206.1992124811452,183.6651735524825,26.897872090657632,1.5146663306971284,127.21669783171838,513.4566001024571,257.10784313725645,923.1278391290716,782.9571155905563,126.33191419278025,93.20688681257512
2025-09-12,94.49219363835326,556.7083450064869,57.4096742486015,164.38046021656686,23.798427114232013,31.73599414972244,391.9141405461958,91.6995838177856,3903.9064028745634,136.00693988322362,5577.761472769059,68.9149560117309,25.71153759354369,55783.70480675557,82.6924036725917,,161.94551023202249,11.189670272965609,549.3581643080795,200.79810189627904,149.68219806718088,113.53712803341584,15.68662513916105,207.32915153515853,653.34428330815,0.0446713515640303,12.745098039215677,,163.49119677665632,93.28851111261888,92.1189460741503,7.452865756928344,9148.610933873557,0.0391602542497969,106.4418944119608,143.5431520354024,1.6620182678621656,233.14944856727223,126.36396871014968,174.66775073778828,227.3742498657262,578.4584980237132,314.35761034028906,,1.1577267153126014,321.41768832920945,354.90533399080897,28.423221663722646,6.146575737726287,0.0046529010623425,17.04383975983645,0.2204956642039397,4057.794894726712,22.359098746189847,41.27660160200181,1710.1449959429626,21.866212825792093,17.81501822804317,11.543067123956002,1935.1355252767191,148.2527702232371,177.68069312153398,301.07803669960924,1157.500059932383,39.60111848734555,1231.8433936740353,304.8633440514464,244.74816819932823,,100.1520159243101,12333.530688639878,185.81159812948823,1144.4656443738477,186.772845528688,26.25912927573706,1.5094614878609969,128.4294188606628,508.554793496744,257.35294117647214,930.6566220238088,787.6320316157542,126.36396871014968,93.28851111261888
2025-09-19,93.98830284031132,563.3205384863668,61.93607837871671,179.4747998520195,27.379607719190957,30.31904167229636,495.4677397657644,117.95783312682045,4519.781946165613,153.44232084138653,5346.024731912959,74.48680351906233,26.287106346275884,55767.826099867525,81.63361960457163,,161.5161280121629,10.52183323842504,556.6423136398358,230.47383045517444,151.13401314995235,114.78681749769856,16.528123613959238,211.29085506767748,593.6430467066855,0.0406103196036639,13.725490196078422,,163.85639420671123,92.40432223902344,100.198234510446,7.237346001231368,9337.579706598572,0.0369917202997392,106.71832165611266,142.75037497906968,1.5995010939311018,232.7182919341576,126.07553917990614,176.3025815702393,228.37384780760135,588.7351778656102,314.97701921261546,,1.488696704493016,318.92607834216136,357.975542587306,36.23769818192662,6.111793357723965,0.0060909927345945,17.14379857640688,0.2082810652267663,4127.965368517983,21.111052180487217,42.58505411927335,1822.2461802211203,26.311638267734786,17.108869716252393,14.695703852032818,1969.3857115648025,152.00719973162342,179.89234479769252,298.280762562658,1163.9136469700795,43.523100220756,1802.937449814513,307.27491961414734,255.61064802754237,,100.08886160268248,12131.079395389632,185.5534542212741,1432.3491562034344,189.22462909242225,26.865308356047667,1.868849525103294,129.84095158870693,505.19192714226506,260.539215686276,923.9799694548864,798.422479363939,126.07553917990614,92.40432223902344
2025-09-26,88.73534358948233,570.8453763347127,56.72428165250086,176.97673308459122,26.769385405612827,26.996119685322924,455.81761205157704,138.39105405449016,4654.253234494854,143.61304528863826,5202.253366157338,64.51612903225872,29.55527288716737,57511.40753806559,87.57574795130495,100.0,168.4966883756557,13.47948528968799,558.5678258814911,232.63544540973896,154.4696385650053,115.97260238710322,19.23406712062049,210.1683724001304,545.4178119426211,0.0393607713081665,14.052287581699336,,163.92763964505693,92.3907164593213,106.85606465368215,9.967283952601646,9437.5148806528,0.035185315877642,106.91752245762716,148.1337374924642,1.62281884903041,237.6558974659135,125.94734556086094,176.93738423919928,231.42011439666695,595.8498023715392,318.62756512861637,,1.1445388860498014,320.95496510520934,363.6761907590863,32.36932554981521,6.334246495058442,0.0072694421028133,16.987913538677738,0.2194257528211282,4143.483734062261,19.5906333432001,40.37925900710961,1803.2860646075353,28.00257577781305,17.473240927980072,14.837966660453656,2025.042264282938,153.5179369665182,186.18704572214364,312.0958715655601,1172.1710736915395,39.57141514631935,2054.8692202311818,308.0385852090026,261.90631705327957,,106.63741965184768,11752.815745059968,186.48645715002792,1761.054504759876,189.55257329865788,28.906224873055443,1.9467063742137691,129.22464669733432,503.5329524780632,284.80392156862905,930.8069979636584,809.0462127532982,125.94734556086094,92.3907164593213
2025-10-03,94.64281368960592,575.075373937043,62.22673723845937,157.83496635420155,27.18274486243264,34.222370821767925,461.56764794214666,156.07590784712707,5024.860162939299,135.92150627933114,5982.591371080941,57.47800586510321,30.340844113742065,56894.45633748446,80.83807005298739,130.8587651000869,179.89813114832447,14.24782730471676,565.7303082309451,310.29833619512965,155.40631869071427,117.5844177756952,23.080291939709817,215.516672169031,529.1016071387162,0.0418598678991612,13.725490196078418,99.93013212395688,164.2482984826932,93.34292385325836,135.51224690754708,11.43491163959516,9646.47024458437,0.0489195711885264,106.99476130611872,147.64878256285328,1.558859855215944,236.6041223957788,126.55625913871752,176.59060207018086,230.11363928254633,614.229249011855,320.8173902540989,,1.2195448446663713,328.32301612621745,370.05227634469423,39.51294292546552,5.746410342459731,0.0071325700647527,17.789517640163186,0.2634046331312491,4156.880222283308,21.32584269257522,42.209056394922534,1743.194843762965,34.28263750204415,20.12269899678449,16.988134097322828,2001.06713388128,161.1023125478591,190.61034907446063,308.55646347390746,1232.3465272616322,45.455414079896535,2239.164858085029,316.438906752411,277.44976488829633,,112.8050668170782,11699.539088941485,191.15145022346977,1878.794600293008,192.64463739438492,30.82608216983283,2.095483485132262,131.70973605689844,537.9079341247626,287.0098039215702,951.5087523496238,811.1282357621329,126.55625913871752,93.34292385325836
2025-10-10,84.22571183988595,565.4095155572977,55.29747706457962,155.3939314846786,32.09465697803094,29.23252789930852,415.9755908109103,192.5652603623318,4633.1200263696355,176.01324830452103,6045.01841147483,55.13196480938471,29.24281926634945,56391.28955675509,79.31874026883096,192.8521697688946,179.38440855227918,15.795115864428691,561.805225584494,354.8152157599744,154.89578630671727,118.15955894959804,22.13598459554761,210.3004291845477,519.042599754732,0.0399855454559152,16.993464052287568,101.49432875693788,163.0547403169856,93.778215400205,127.1928161934283,9.990946093593326,9029.597448392937,0.0452330795752734,108.37690993273226,147.74960124961882,1.4459301562420348,237.80690550054985,126.87673096111416,174.18449958914718,230.92265877862016,609.4861660079025,312.46902525205587,,1.118830429993081,326.61446618357826,366.64038008266306,46.56068277389696,7.36861850927921,0.0075042128275888,18.04866706329957,0.2651206541705062,4149.260025786919,27.779369469111963,40.546239356635766,1785.8847287129183,31.139105821505243,20.0049686176138,16.669952588212798,1949.6918544491543,151.00695170874369,198.5382696982288,307.81432951920607,1234.2964663232465,62.31608463816093,2294.6509683535705,312.6607717041795,276.1286571851302,,120.27630076414076,11947.275235836649,187.84355428006316,2078.327588133644,190.48957036151683,32.05182280854729,2.6900884819378468,129.4035696426331,536.9721488479972,276.960784313727,945.1127819548868,799.8356636187674,126.87673096111416,93.778215400205
2025-10-17,74.60075023401284,571.5350109283245,54.02654354989319,155.07937641409683,30.427491409947027,30.72602327232606,428.028977260096,172.94337792548853,4989.296974846736,192.6180307109482,5939.081615654899,57.184750733138415,28.017512277231702,56176.9008866103,76.42417968060823,220.818409811967,174.66351850092897,16.5087273249552,558.3244919168864,296.96984848369925,159.1407882698748,120.02699263770238,22.198907850171963,215.84681413007425,528.159889569509,0.0406103196036639,14.705882352941163,102.90664817721466,163.20757514099031,95.6826094317409,140.21543105913696,9.51756526758918,8760.680647325615,0.0422976392468112,108.63301638764074,148.04901997986968,1.3652302145374506,237.29467057558708,128.12658818376403,175.21307324956473,229.00213628031412,602.1739130434755,319.65531770875384,,1.2916516263080098,324.15846365998544,361.9084658729652,56.80444042324486,6.619548908098921,0.0079671960724419,17.268583703061744,0.2618395827341406,4126.921739652676,24.989873920529945,42.76891997526807,1794.506229902565,29.565733747986396,22.834944875447107,22.52097071753267,1888.8977737878056,155.62096706470174,209.8687313622408,307.24345724635884,1212.9475074673708,66.71541020037162,2425.3248142211405,314.3086816720251,282.3264700679834,,128.1856329138668,12426.765140903022,187.73046105503295,1974.8533479296505,190.58326530203772,31.399466615001348,2.37032935177097,129.49304059514608,529.6109967286918,259.31372549019744,937.8044721177938,804.939190266612,128.12658818376403,95.6826094317409
2025-10-24,79.17159132844351,585.8742722499173,54.72025910850603,137.99090090607683,26.72890050367317,31.02762599112077,406.7396688073295,183.097365840124,5105.213954779091,213.5372047085368,5926.785380425801,56.30498533724398,41.47100428598704,56637.828197099785,83.55224885494601,173.31170006420243,182.47243580796513,15.76842496894323,571.0413365018842,278.28712804318354,162.14385950480371,122.66128122434384,22.09857877615516,220.27071640805377,518.7138215100086,0.0434218032685329,16.666666666666654,103.81845775180044,163.81125185348012,97.47819873833606,257.0188200258534,10.271796136045475,9121.355886404222,0.0409389565274649,109.36066936217097,151.8113152839253,1.4314577505280262,240.6293040965268,129.40849992378347,175.51383116713703,232.48220498590496,620.1581027667955,324.40905943804546,,1.287205020531125,332.7011264727219,372.4575416929268,60.22899541968758,5.724947241645829,0.0085942258703308,16.830509459877153,0.2387442837072225,4244.799447751391,24.38541039692777,36.11207818572666,1876.2580993027268,29.17094628371316,24.11455866872069,22.82017022560728,1919.7229414470803,166.35683521068984,205.03712308509452,325.5113699774689,1244.2940271289035,65.28947178728905,2884.7110632616464,318.8102893890669,288.36117278795234,,113.73968279096958,12490.697128245209,192.70645510472607,1935.5878181979847,194.54984728105975,29.757825351419147,2.99406234538107,132.16698779704586,542.5173047146511,258.3333333333347,966.9774044486207,827.63040835934,129.40849992378347,97.47819873833606
2025-10-31,78.49256224536816,595.6870588605159,51.7184201627032,127.62026330342589,27.820685581735805,29.866513556094436,427.13293323147286,181.51526428061013,5295.902476931368,246.9538007654292,5897.463588725642,57.77126099706804,41.83580651383354,55665.26422286982,82.68070546541897,147.2055429368294,183.58338370034616,15.521212236431236,589.7463125636782,308.3086441665702,163.4693311094063,123.76186001391105,18.530767067433253,225.22284582370244,527.5037136633932,0.0424846420469099,16.993464052287564,105.95557288271726,164.59122873198686,98.076718129032,256.35891631726275,9.272433242605793,9661.006048099209,0.0417455153615698,110.14118368161328,153.3052865792838,1.3979947849996808,245.3200467274971,129.88920765737848,178.1947839872933,234.99746865481416,659.8814229248981,331.468940395764,,1.2898785551800638,337.18601575936265,376.3278838136561,64.56732404650494,6.441641185893871,0.0092196309478692,17.829647280426304,0.2586893029626931,4251.488199623484,22.84840302211642,35.03797751640857,2063.293369063771,27.382403089548657,23.080238950696277,21.69917260417458,1998.4983699096724,163.47930084575677,200.44369268076537,325.1117593864758,1265.285162005624,67.52257274200295,3298.8683910035043,320.05627009646236,306.7262472536274,,115.99803859819274,12224.313847652778,191.17972892230904,2085.266561277742,199.45341440852832,30.2681869053623,3.243865586454985,132.9324014627432,538.9597061135648,288.9705882352956,974.1653939536334,844.2064989139293,129.88920765737848,98.076718129032
2025-11-07,73.99177604796417,588.6218471598028,46.55637538565903,113.37405241709124,25.77688922793491,27.329052451369947,385.7637660599377,142.73281254239322,5020.191120529828,199.7730672157892,6100.824402129974,56.30498533724398,40.178020733994465,58254.15672292784,81.81908842372869,128.11457222033155,179.69620336135392,13.423203485878126,571.4645260055449,282.77176991801383,162.42578634071435,121.66010955125368,14.881246043355723,219.5444040937586,523.5901481423596,0.0406103196036639,14.37908496732025,105.49452236827624,164.09641656804246,97.1789338539035,243.7221416704483,8.303877607943624,9795.317142306969,0.0432916166995247,110.2915922584061,154.5104280824435,1.3175777831030069,244.55551368806456,129.24826401258517,177.42014423328692,234.81630341929392,617.9841897233172,329.5445721798108,89.9897861084456,1.160422475463483,335.9402107658386,368.6055822653693,53.67712259840525,5.77876634486921,0.0064519914829013,20.111074529406867,0.2300245002620698,4084.785646081196,21.67645846321295,32.39979505876663,1833.835594429578,21.147996129546467,18.657791465134135,15.917868559243242,1949.6918544491532,140.83150018955644,201.43042958243612,325.28302106832996,1222.0755316483408,73.86064485988514,2741.288681798787,316.84083601286096,287.8066380535323,,115.36575481797564,12412.23337317534,187.84355428006313,1824.9629565393932,194.4561404261264,27.45424699090292,2.3433925455874363,129.74154573915703,545.4596606255261,250.4901960784327,970.6866776315784,831.6050800153438,129.24826401258517,97.1789338539035
2025-11-14,73.2535642457387,590.3950873144544,36.38535869420168,110.79198459318658,30.87808746550135,30.63013565466928,357.6599529643656,135.97247430574814,5070.277595992416,182.45519228836247,6399.7175046219245,52.1994134897366,43.129600389657895,59356.68855058761,82.52922370800508,105.25725083989394,183.618584458884,12.770029509514258,581.0815074762297,243.10602726946513,163.78598348621023,124.58551897900648,15.651089964923129,225.0247606470765,532.4086795299878,0.039829351918978,12.745098039215677,104.19055168294,163.87649228290638,95.43776766611693,212.4751230406734,9.503590254023877,10102.678369268267,0.0494885726684014,110.04561399612484,157.1573718141386,1.782695938047774,245.1040878764355,128.31202107274336,178.72654025966764,235.2725387035578,635.1778656126452,335.23824922606866,78.01933967061215,0.9362868912721832,337.221623222818,375.34261954562055,39.091628364984935,6.013706221697348,0.0061404881777944,21.134563529675372,0.2444430449610638,4191.047031781814,22.02353642166771,33.29924598237025,1791.9023841482765,18.68973123149209,18.22199489436782,13.834192943561517,1894.0353017310176,166.27078125835578,205.78568211394816,329.37456715967573,1193.595919640148,65.08385608016258,2713.168012721513,323.8946945337612,295.2440035581096,,123.2146763747722,12014.439347734751,188.49381336107783,2020.9808637330425,198.14162566917324,25.48535231265665,2.137670728550062,131.3717599603744,569.5814632190247,256.37254901960927,972.27071585213,831.5505219131104,128.31202107274336,95.43776766611693
2025-11-21,69.21496811486946,579.7053124046209,33.451766688867245,116.48743354490428,37.107539991764895,27.310871316411657,332.63554875314026,132.7048807253706,4822.27974086806,183.80287873642723,6535.921956390406,57.77126099706804,48.075580765871,59087.51381553077,79.86865117394464,115.97147249696242,181.8247598683151,11.28767511911703,568.5233589551044,222.737911928924,164.97593112462926,124.21629254637747,14.642467391246116,216.24298448332615,498.9940465821049,0.0393607713081665,12.745098039215677,104.5229932638496,163.74820661209932,95.90026039429875,173.29337137801923,10.613846928498996,9526.375649969092,0.045210560228582,111.270285495534,155.1224721468452,1.954203255728202,246.3645320149556,128.73776634230836,177.77213860126477,236.10829787581324,603.5573122529617,324.46220736975346,62.50254595318968,0.8324240798984602,331.6688793594703,370.13613211611573,32.99183112423925,6.170633779451712,0.0048450368891511,19.01293893824923,0.2313032840295029,3905.749650110249,20.454395422597297,32.61885470477825,1602.798808301856,20.235197086881183,17.387254454096176,12.890346875508849,1777.5846683515335,133.38493492015965,205.41140259952132,320.9615708676336,1131.9474892597414,54.28117414911454,2397.615541270696,315.1527331189703,273.35595862591384,,115.85432063213588,12323.53636348314,184.7618232163898,1706.5665776213134,192.92573413036013,27.245951421111148,2.0460438553158316,128.90655935461106,574.6032460754628,245.3431372549032,956.360921835839,819.5524031699427,128.73776634230836,95.90026039429875
2025-11-28,73.26675874193029,592.2461789044238,39.81982484317046,110.17285458674102,39.841931268861785,32.46139104252293,364.8858461364614,140.26219266053573,5191.1575553841185,199.84210006357185,6608.75350351661,60.11730205278655,52.121671739019085,59521.92122297654,80.8629227664979,134.6126979990399,187.5315541346663,12.365505612570846,584.8796332715826,224.92484896809125,165.54836833874614,125.41627845242166,14.409855561676611,220.07263123142783,543.5894239910123,0.0409227066775382,13.594770743176817,104.49505575390718,164.66453682703226,98.2943690915899,178.25492577059578,11.762188697595564,9789.827651653926,0.043306576391677,110.36112533435426,157.72770531774697,1.916004101927144,244.89828816725608,129.91673306181633,178.14489834104145,235.4906444939363,623.1225296442657,330.09006297000093,60.60916487272942,0.856874259787725,338.3606275510909,377.7135462548572,38.6559418298735,5.780763234154721,0.005552816109498,19.47979793092506,0.2363464288803906,4022.255282712657,21.00049932636008,36.04554739629389,1722.9888827225218,21.043008908322413,19.517461294870696,14.142418215989656,1828.9599477836596,136.57335654121118,210.038858414253,320.78870108081077,1171.894450299436,55.56387545986898,2720.120941292988,321.905144694533,295.7006821496458,,127.70601456895685,12213.336974037393,191.74517347713297,1542.904025694329,197.92299619834947,26.344667519658888,2.3146783893958354,134.4333956634366,580.8204337364559,256.3725490196092,974.4862155388464,840.064476128652,129.91673306181633,98.2943690915899
2025-12-05,73.00896448230067,591.2838504162355,39.90152033497685,107.43632664104396,36.92510074197992,30.370216386897873,417.5192601969764,143.99783419756506,5455.2700732674975,203.4256094106744,6428.093432073691,54.25219941349031,63.37943340020663,58071.33524935444,81.17717876979157,124.47222340298782,191.57332138301155,12.037262803436716,583.9274568883466,190.30287070589915,163.23751605100483,123.62695035583504,14.382088603350946,220.1386596236365,526.2389950803159,0.0431094161946586,13.235294117647047,102.46458839574072,165.31513743175404,98.21274479154611,188.04084687101573,15.190869940809836,9714.817268186114,0.0415328731359709,108.91642952515426,159.4677990413697,1.919452754912232,243.54659877808032,129.9167330618163,177.5731237392078,233.99214717362707,627.8656126482184,329.29161326629054,59.412802184014254,0.8857567234330967,337.1148225575669,378.6705385834993,41.77428720020232,6.008277486253565,0.005817917476853,20.531752158830383,0.2226856960005684,3926.0034680625263,21.26479617649678,33.03186518366638,1847.8800611389845,20.47764914499832,17.326776135121285,14.355922118884004,1857.2163514713288,130.86700040099143,208.88199446057007,318.0804077539205,1195.5126460212784,54.909028735349466,2945.6053283879787,322.1864951768481,305.74766093767187,,137.63825175434772,11976.810796748396,191.1231715246304,1359.4625135066888,197.89176852298007,27.401680534826045,2.3730456131977378,134.4830985882115,567.4197422691132,270.5882352941191,969.1228070175428,837.579007922096,129.9167330618163,98.21274479154611
2025-12-12,81.29257977478446,586.8851372271681,32.74189306842612,107.78167263024544,36.945917404605375,31.20062273022654,467.1070892168638,124.68724320942026,5320.402934800932,193.477982810475,6358.099477692665,53.37243401759588,69.95179292436852,57221.35146391122,77.44645538106197,111.71553202164964,186.7684914069116,11.282205515947965,578.4048338655773,195.93864826383384,164.04241295348996,123.6553523891142,14.958702828842505,217.3654671508732,503.6742716185213,0.0446713515640303,13.07189542483659,102.15763951693113,164.95776920721383,97.20613503513871,159.08423308435786,16.594621236157153,10170.37129296199,0.0376981503059734,108.40165853676132,154.16579818907766,1.990422305458188,241.5354487383136,129.42550005191106,177.70286723590672,232.8407760036108,615.0197628458469,329.081841714828,55.99712676011074,0.9489994234231398,336.4558825586053,375.9693228149053,36.25813303630652,5.826670554945535,0.0052173752182429,20.59467763000137,0.2245196881819558,3868.4386134477286,20.463520812891588,32.967693584242866,1856.7098513193064,22.333622906254984,19.217382783255776,12.794553059594186,1877.7664632441783,141.7799384421617,211.67207811357005,309.60978819960417,1217.5881176034156,51.88018651996366,2674.851199343003,323.8745980707388,298.212414403094,,152.80426069501834,10802.435183545924,189.76609596492224,1215.388122941896,196.5487521082555,27.96177607479708,2.4163836595804127,135.4274257193441,564.314769043375,267.15686274509955,967.3182957393471,828.0691390231663,129.42550005191106,97.20613503513871
2025-12-19,82.49771635644856,588.694120139181,32.11205992580984,107.04293118128778,33.50795916255923,38.17471331790775,373.3123726914159,134.3989443178345,5180.723135152647,186.88742874812095,6465.928002009382,52.199413489736635,72.74918209693435,56671.20197848441,76.57608295233916,120.8500318992004,193.44023636199248,10.592898145774916,578.9232410075615,208.31716623558657,165.97390664573788,125.70739929353296,13.840564487125947,218.75206338725496,504.4732357210947,0.0459208998595276,12.091503267973849,102.56411417671048,165.2509876053059,97.57341843991286,164.6896308790707,16.304465186296564,10675.321800351408,0.0354692507918014,108.6590440309578,153.8341484832933,2.063038512084888,243.05935098939725,129.6547446217786,178.25673530594435,233.31914426455177,613.8339920948589,329.5884098105041,49.15895756017918,0.7007173998428758,344.724098168019,377.34573685655903,35.92968577565769,5.986277207968321,0.0047295102577286,21.851280962780777,0.2279263371607816,3929.668096344723,20.99063073029923,33.353779447452716,1956.6737861817824,19.83541411744809,18.23455455531752,12.600961367357558,2003.6358978528856,136.2477234121698,214.7683904601919,311.51135585465465,1211.3983096912673,49.574397143920535,2548.9921587983476,328.3963022508031,297.20120107713814,,155.818210248774,10924.18737411634,193.6963176716673,1219.3433501251952,197.1734128453574,25.4873557701706,2.831316674800841,135.10933837662094,568.5226893932547,280.6372549019624,992.220590538846,829.2431578819746,129.6547446217786,97.57341843991286
2025-12-26,82.89152427558493,590.5575744564449,31.489322007966887,110.70350264990992,37.01812308963897,43.58998975708609,410.31781708539467,126.06243000901316,5147.96870203372,179.6673140313111,6466.873866257775,52.78592375366627,75.77223978422072,56906.52701459573,78.40758846445446,112.19854212569234,196.30937482475215,10.742217169118682,579.5580252630522,210.3566626538997,165.18475613951384,124.76303168700112,12.947627265389716,219.1482337405068,500.69033136129303,0.0492009641352082,12.091503267973849,100.71481762504162,165.37927327611283,97.72304050396004,166.4226268344127,16.516816022366108,10752.16238625623,0.0356033136105199,107.20604995936864,157.20426600998653,1.9633876250446496,240.77909884989216,129.68748849194876,178.2148630620691,231.66099464823083,617.5889328063214,327.9743547053952,44.288841420884125,0.7097418915346434,343.86507497997826,377.6203628246659,35.249860995236546,6.0089034878647105,0.0048285243065033,20.836953359771258,0.2239284262965226,3909.206757684809,19.934101529125865,34.17334054862261,1946.0273157536008,19.26939278431434,17.73464796656123,12.874524201355442,1968.5294569076,144.71975485778228,219.56597332693576,310.935123231912,1217.2785586579748,47.21946945333114,2736.3969635107264,327.6125401929253,299.3867378919344,,170.9608489339404,10808.020146416124,194.03869637740297,1371.936154869096,197.2358801105088,25.68734170902483,2.907283810691616,134.811130307835,567.1332484247714,286.51960784313894,989.543879229322,833.0992987929985,129.68748849194876,97.72304050396004
2026-01-02,81.90646374200732,591.3962107993841,33.071473680100425,120.39680654634802,37.69679436260186,43.10529656146252,455.27167147354345,128.44912538563514,5642.261397065447,184.83703278540605,6428.093432073693,51.3196480938422,69.25010609509337,56564.16030081647,76.32284073681076,97.47698563752458,199.13088956823643,9.959761164226627,575.6435223541926,232.12489471575896,164.99050554594805,125.0612530364322,12.045867314420612,225.0247606470766,503.2231346426902,0.0565420603712551,12.091503267973849,99.7299183269693,165.37927327611283,97.5734184399129,185.37071919460791,16.565808938182556,10902.184269849837,0.0434881976919411,107.59214086976624,154.13449094895395,1.9662369468821752,241.5191865070723,129.7857450882435,177.67521359514694,232.49350909928648,614.2292490118549,329.184281293497,41.202272939693344,0.7410396012888913,346.76431374005256,376.9959855328722,36.034312786344,6.005179952830049,0.0047354515950918,20.599011673348368,0.234165261327032,3799.648269134212,19.3482876188442,35.68192601034102,1687.3312220467333,19.11000673509112,16.311812411049505,11.43415841398066,2049.8736493417987,151.16712222597545,211.2977985991432,318.02278449164606,1232.0827128793055,48.829673214884,2826.7040025168985,330.8681672025716,310.15136157726465,,175.77243854108465,10773.39337662087,194.89461049071176,1355.680634421815,197.2983354612477,25.510332607634627,2.8639752648524537,134.0556610190381,566.8315278747635,291.4215686274528,997.6039708646604,826.701390943285,129.7857450882435,97.5734184399129
2026-01-09,85.3220741890578,602.3692287265632,33.05254653930121,127.64825527052062,34.3442249879393,40.834460118987195,570.0857291899994,147.1367769245773,6155.600770675888,231.07196871765635,6723.203077572076,50.733137829912565,75.92792364882133,56970.98019965344,80.98130594084196,96.03735981803128,207.1160571609559,10.425813253578095,587.9477571731215,239.1489348387017,167.48483570590153,128.62570821296595,12.195640874465388,230.30703202376847,529.049276775393,0.0526372219478259,14.379084967320251,101.17251315040596,,99.89950861686242,216.79326821084635,14.764209438319549,10924.13776583008,0.045731307846379,108.35184362422048,159.20571955684315,1.9386428712061643,242.0558436303009,131.2922129739137,177.65296711986278,233.98432742482927,615.0197628458469,343.27465726057494,59.278558839614305,0.7880351686305356,352.45543793892136,386.17390678759824,35.44816815257563,6.54372670855122,0.0055556074214665,19.90451082881746,0.2787159125636414,3860.79483830222,21.98620436600328,37.31564711884898,1788.8630632984675,21.386141598808926,14.546967652827622,12.057468626521738,2215.1307981818018,163.6463559015426,221.84567582389911,304.2508248080978,1292.3429725745243,56.11876829165902,2118.8868314808806,337.178456591639,326.9832901054474,,185.06094355615932,10598.02554249651,200.0872344739248,1425.6062251136902,201.7021882963298,25.514506633224126,2.9284692731153212,140.41749319227313,580.4639523054308,301.22549019608033,1014.9974545739336,841.9230427633439,131.2922129739137,99.89950861686242
2026-01-16,87.99978507751885,605.9653425642422,46.25541552964526,118.35855130621304,31.054048444288245,42.20304866592135,555.760571355826,215.85370404666983,6643.170632838974,226.774270298462,6645.64220920391,48.09384164222925,109.56452572570905,56546.276602727696,82.31596400794255,107.24434822087106,204.6112955310289,9.208529997108553,589.0480498826387,209.87937654331884,169.43354125883565,128.69671329616384,12.010633235391968,233.21228128094907,517.0633021071641,0.0599783181838728,15.03267973856208,100.61673724816578,,99.49141825115096,223.25829792048353,14.15953981451092,11269.91984407278,0.0399450161950478,108.2937177801875,161.3432628893606,1.7731347692010455,243.33147826394193,131.1939688705111,177.15130957793426,235.3900202553425,615.4150197628429,348.83479208696804,74.26909371982913,0.8546827321811488,356.8579945860952,389.13880064341134,39.0212248431635,6.472001474270908,0.005944097042859,19.244407940908136,0.305974834856617,3720.0486312526914,21.689693549212983,36.59094326377699,1730.3473727425132,21.69476058278591,13.618169241169555,12.604789340867462,2201.430723666568,163.05639500630204,226.57520786983807,317.2160588198065,1323.181295693052,59.21129028669575,2083.5305785044334,339.4694533762049,342.24947057325414,,215.03541473887404,10637.120282587932,202.7120943498579,1375.976028819542,202.7328802997097,23.96539246082901,2.941626317416972,142.72365012667484,579.4144528557666,321.8137254901982,1026.0952185150363,842.3006626107505,131.1939688705111,99.49141825115096
2026-01-23,80.53241199986888,601.2440051687087,37.673084080770785,129.71673997334315,33.34720565920526,46.556928373782895,427.2831299089953,227.97960112685672,6728.607622855058,221.321191946579,6422.418246583341,47.507331378299625,101.31931077781483,54416.9269855852,83.10427823440905,87.324269529112,207.42219386900268,9.564292902108864,577.6748319717627,221.2799709037147,171.73004137308988,132.13335932294137,12.666238077653084,234.00462198745288,517.2798111644374,0.0612278664793702,13.398692810457504,112.73005945228472,,98.10392968843637,229.2460083032763,15.356281072791408,11260.772181861685,0.0404107502248197,106.50861584559053,168.3209131665294,1.7840972636715544,241.68855604261856,130.2114778649163,178.2305198784934,233.37107386016183,601.3833992094833,341.3817340108759,78.07991027930746,0.8896673404692638,353.67239291691794,385.4459913811896,41.72776988020429,6.342853018541922,0.0059013310422077,19.240635060826587,0.3819567662393197,3735.8233188717472,20.123917269974022,36.75604002213523,1701.3303137985672,23.933130118334063,14.315180975952496,12.296057784424546,2145.7741709484326,165.21668253782715,242.29494747576456,309.7250347241526,1297.8418296914003,56.79888404755404,2318.6056041680154,335.85209003215346,340.292273054226,,234.44685822425453,10866.103760266238,202.7691465838037,1404.6164982635562,199.79697840965497,25.268571916597914,3.6365669353472576,141.68985204302925,578.1295229126837,333.08823529411984,1016.8822446741842,831.8816619431705,130.2114778649163,98.10392968843637
2026-01-30,72.88726909695521,589.3326482335904,32.27430665213317,127.33592267724428,28.885941310704244,40.35231217192795,394.1269627594237,205.2295944924236,6910.845678445581,209.38028194910956,6431.87688906726,51.31964809384218,100.0281236316466,53387.541680620634,87.40581178703243,61.42877354829401,202.99391651643225,8.619345044351878,573.4111977223831,197.8063740682799,166.96215296425703,129.41386463646242,11.411445909381602,234.53284912512208,518.2206432563705,0.0590411569622499,12.41830065359476,103.87862602159665,164.44462652398568,97.6958393227249,194.07367410829045,3.305151284581635,11758.405229477015,0.0366416757827521,105.58700195627556,169.23338921154297,1.6488687237244275,236.39759654230704,130.1787339947461,177.5014739918945,227.78768409736952,596.0474308300365,339.15841102272253,56.09571830065164,1.103393239992239,356.71481313154374,379.36561304424055,34.087536834152395,6.184151728706802,0.0050405322924959,20.15543636103026,0.4278084899691081,3373.665205274875,19.930904304495005,34.85535518080158,1438.006435750663,20.12864223436526,12.958881813198175,10.86996243296563,2073.8487797434577,158.89304053847692,240.04927038920357,321.9987895885702,1301.6300488471063,45.910523542860936,2280.4059812367123,337.33922829581905,345.2505084282385,,244.3599500107206,11037.00362409444,202.4553048787177,1275.5129368937646,198.859981346796,24.09234332136374,3.2363250479097236,138.44930287453175,557.1351489417202,334.8039215686297,1024.9122807017534,816.2506431716398,130.1787339947461,97.6958393227249
2026-02-06,72.81614076771518,605.0076339126427,28.929278042537547,104.09186596062284,27.73396634343793,41.92365141870965,383.84633679863106,191.45974561612528,6820.548762767308,188.01041296935188,6670.234679662106,46.334310850440374,111.49999655394691,57641.92304877526,87.40476387455874,52.97519657854425,203.93480597258088,9.800161435410224,574.8077230844629,176.2594109458512,176.15446960613625,131.61502221559678,10.657059653969242,237.7022119511373,516.3472413534975,0.0623212212379304,12.091503267973849,104.5969725566805,164.42629600470192,97.0253269923646,180.88113157159208,3.0448085476420377,11945.01776191501,0.0346768415837954,106.80751798993867,167.06406344369694,1.4643439942492162,242.40197469612392,129.98223329504873,178.51460092856533,233.08218998202344,585.1778656126452,359.22297860346293,52.25054170763448,0.8973330285665962,361.5826985827984,388.2249615491589,33.876003910969324,5.7836851897445225,0.0049965099424003,22.202400538849385,0.0371599413233751,3211.5530850040295,19.923459662764134,33.365894893333056,1361.3015271070487,19.259105774258614,12.2524283366802,10.461106689735084,2104.673947402732,148.65342486232194,239.40278759155728,319.75148235987405,1278.479957685838,41.33421832553841,1990.4353205832745,341.07717041800555,336.5735903019373,,177.45519406053194,11728.422027425526,201.99882170509045,1125.5112034674512,200.3279322918234,23.213501343821022,2.655545471380812,142.40556278395167,576.2334407727766,307.84313725490404,1039.5789277882195,832.6845759595676,129.98223329504873,97.0253269923646
2026-02-13,75.52079136459317,599.1944050341409,25.562229213794403,105.91171599642834,29.5370986708842,53.51233983147687,365.1037136698489,174.5001546089306,6814.013769704242,207.93197962184072,7149.787853596973,45.45454545454593,104.49220027368912,56034.05224921307,85.75140202975948,51.7507207460387,200.7053924005992,9.790574024876124,570.618146998224,187.88101264927687,176.14389010582832,133.56766200353857,10.230483412298808,241.5318586992389,537.3149199008252,0.0615402535532445,12.091503267973849,105.00544104182168,165.32429570035117,98.72606003783756,167.2991356090647,3.044427882922514,11330.294191334431,0.0311321453627803,107.90349674224964,164.02340397801024,1.4418820611473058,243.076300837535,131.22671274068128,178.2535623040586,232.3149386818971,577.2727272727243,375.3168298279815,43.94200834474139,0.7352833571224985,364.4461529024461,386.1833662764137,32.367592332146934,6.09497332095969,0.0043292359340451,21.10769579194795,0.0364492899899788,3189.53538265942,18.842260174881908,33.587623266786935,1306.714817080663,17.672554831514994,11.838625240841864,9.663159477909725,2176.599338607708,140.92447741681818,243.179608146228,331.0456417656293,1309.333272261539,37.81216271966488,2215.1001076392304,342.9662379421214,343.35856492921073,,183.15441632270952,12135.007324376278,203.79626093365712,1135.4836656098234,200.82767041303495,21.228046480363354,3.05683985438494,143.71768966244588,580.54679348253,306.61764705882564,1047.2581845238087,815.142480251728,131.22671274068128,98.72606003783756
2026-02-20,82.28853111988488,613.2990600583998,26.290186213079817,110.11397972532532,30.84171920424702,47.193948871598984,393.7408853514498,177.8555049932627,7210.16405029762,203.84172200224828,7297.007540991969,45.45454545454593,110.80592540115622,56770.57713497029,91.88461228869402,48.0303828296535,203.95870220259215,11.285682156832848,579.3675899864048,232.23847631577348,181.68759922037032,136.66348363096623,10.527876373227697,248.92703862660767,526.1440194057755,0.0627898018487419,11.92810457516339,104.17133097796484,165.4892424097256,100.0922259608936,181.68330632230897,3.4488913162746577,11800.484252316466,0.035536686280599,108.90813126276508,169.38071295420374,1.4529736791341397,246.03781872414388,131.88170258011374,179.2813835570089,235.04400090306297,590.5138339920918,371.11563263745586,39.97746160768248,0.802415339522608,374.0387205039814,392.8725791284875,33.60091022845273,5.7154152341602895,0.0043266702356802,22.99012218353375,0.036324370295342,3201.6484057243033,19.58145533677139,33.69481227853031,1360.698270135949,17.718927003098845,11.814495461233273,9.284090710368252,2287.9124440439796,117.27351353738946,248.0792672441791,342.090507439205,1282.6425050973764,36.47235992490987,2351.797486706511,351.52733118970986,352.3616784941639,,190.61744336446256,12018.840096676064,206.79201474862197,1208.8095237859882,204.23204700569408,22.112610239445537,3.0725395361163237,145.84492365154878,581.7918656903018,319.60784313725713,1071.3684602130318,833.6277767087217,131.88170258011374,100.0922259608936
2026-02-27,78.77673359313285,610.8841580168967,28.99225429250178,103.67426040133849,30.906815397358777,47.76603695463441,395.1546776031101,191.81623353385436,7087.330925779502,199.1066323945357,7426.986981145852,46.92082111436999,120.04392230800649,57410.402772624766,93.4964177786247,62.58103344738328,210.08921891003175,11.885885657779175,580.0023742418957,239.87855875472084,184.20586562534504,141.4918292884223,12.9102031497584,251.43611753053628,532.927926899121,0.0631021889226162,11.764705882352931,102.95103479898668,164.93943868793005,101.93236108773218,224.46176931021395,3.4484913849159424,12748.181834054623,0.033589626132882,110.16185301508786,171.80572624383242,1.4437660568924893,245.84996484393403,133.09342566268396,179.13113516088663,234.44196823451992,583.596837944661,377.3375108884564,43.4793695360556,0.8039754921793673,382.12797021841715,393.68451570759976,33.3556286705976,5.5273189001896,0.0043337025090149,24.059335206417444,0.0395730053018505,3158.3433505546013,17.519283387432623,34.20557505020567,1377.2150120252015,24.97780466055856,13.015847006997774,9.41088071718254,2283.63117075797,116.2859047500212,256.58561984478877,357.56339895065355,1295.2641245487064,37.12447110859362,2324.813772898359,355.4260450160764,348.2515711703396,,213.03166724252645,12305.507704488373,206.79201474862197,1223.806471927133,205.5126080696797,25.91916824354839,3.136085678562102,146.620272214283,584.8332813034044,311.76470588235514,1093.794447055137,828.06666000909,133.09342566268396,101.93236108773218
2026-03-06,75.28934602729043,593.1525446017838,28.42515232336386,106.82860568729016,28.16120511987753,50.23335480287459,387.51126127982894,167.3663306636521,6546.983975359753,184.5642291633813,6929.051037615161,42.5219941348978,110.46878913951174,57301.09627223125,119.0955053003169,59.79249143640198,203.76818696143383,11.499711072554126,581.3671603912007,237.21571025076028,182.1528574669392,135.43509569164283,11.854355784040669,234.00462198745288,499.8135678225525,0.0598221246469357,12.41830065359476,101.39478109956916,163.29004150463285,97.47142003415284,220.60244053302296,3.5647993947345724,11388.839452817052,0.0314016598623707,110.06222319000612,186.45402516559727,1.4552575196858268,244.54974825884997,130.01498965811098,175.86666962712297,234.637345101106,594.6640316205503,347.834060530342,41.306309873362366,0.7588151902801604,360.2941310311034,383.416229025714,34.20479920747773,4.875792589178158,0.0038761771377635,24.254444485715695,0.0380828435733426,3321.793380798494,16.220542006083672,31.99581712932047,1593.5250332120893,21.897486809423008,14.717460297539793,8.570718395539668,2166.3242827212835,106.80404328673254,253.421256677362,364.4854819952489,1169.1064760826318,33.04830361728234,2005.809010932432,335.77170418006364,340.94466393152976,,194.9484312549067,11108.044726842896,195.72200937072435,1177.9436642144842,201.35862429520327,24.9022969546662,3.039345972308509,143.08150549713605,560.4900281259411,298.52941176470796,1031.0576245300745,819.4950519457841,130.01498965811098,97.47142003415284
2026-03-13,74.36443127617572,584.4063022529723,28.22090906442158,104.35883968288162,27.873443592647533,45.41411241645634,382.23264318398503,181.73010550617897,6685.417485865214,197.5985347595055,6871.707166959034,41.935483870968184,101.9580865348298,56293.82660612238,132.3171999279511,57.15587768325542,202.26888024386335,11.883153235625194,571.0836554522507,256.1776885452808,181.33213164850983,140.34864744893636,14.467587553945757,232.485968966654,480.21881032478177,0.0599783181838728,10.784313725490186,101.33211048809704,162.25459786957947,94.99002682447473,236.52535327584897,3.462087952030819,11098.60930676025,0.0338114243114881,109.68030041445743,192.33859521582696,1.410763721985683,241.23858655760796,128.41026517614594,173.2821488660416,232.7627352931924,585.1778656126452,343.27162775962756,41.194032252982815,0.7160389331115132,360.0077899684232,376.9905456651053,33.10242134751169,5.135830923446095,0.0038538847549712,20.687578266355683,0.0258915395308973,3214.041562840103,13.6232818610751,29.118611049875938,1531.1166863396757,19.93889437229754,15.053677194683178,9.449131360948403,2081.555071658277,105.16592316674274,251.78803697804497,391.76663281806594,1137.854518140626,33.37824373132137,1973.8782720406336,329.4212218649511,336.1821408432849,,198.1486144291483,10881.83226584032,192.04151991164173,1080.3718955846136,198.0479307286525,28.48839440990324,2.947608718795678,137.97216238058348,552.8330450437255,299.01960784313934,1028.691748903508,806.6783952335082,128.41026517614594,94.99002682447473
2026-03-20,73.76438286851814,568.724447301639,24.33189315098265,114.25944779565516,25.909958732157207,44.12405729956568,340.6194692026799,162.29412736819032,6389.970984929776,182.62878166121345,6640.420221979326,40.46920821114412,104.54396488926147,54948.37227468938,140.93145165154655,44.75778194759274,187.96373721272448,11.755504826499642,558.9592761723775,227.68732097727056,175.34379990907905,136.1238449986623,13.79901070017548,227.66589633542264,465.87882640390063,0.0502943188937684,10.784313725490186,100.7796661076249,161.75061345494842,93.73538682079,161.15452495949373,3.258491703618633,10758.241243831262,0.0315504026308848,108.3061841774256,190.5608242165556,1.653834440802791,237.74432223964976,127.06754162711084,172.3796225665062,230.75345992095336,573.5177865612618,335.40404294416317,38.75317408930512,0.7098816278093429,348.4997226160259,368.0270690024907,25.245850918902807,5.111883078075778,0.0034825938556905,22.1055525586933,0.0235547070955297,3085.968409738179,13.290111129722328,27.775237397962275,1520.045536860648,19.123909735407484,12.668282389903682,8.358932871717101,1988.2233140232504,98.7702944945877,227.35779230909415,399.5030785737901,1051.454103776276,32.03703531761724,1765.5062258397463,317.8858520900315,334.5511387629085,,171.33006254973048,10343.87427400335,185.61697163775216,980.2589626242908,193.36299307200773,24.457927699354805,3.236714842836852,135.20874422617075,534.4734856561644,279.6568627451,994.3157698934828,787.0736897664095,127.06754162711084,93.73538682079
2026-03-27,75.12881336451197,564.220288108444,22.77717522601928,132.23750684893574,24.92985086888668,41.8356747895588,315.269036954177,193.9048694963705,6514.232795816892,176.0952912975905,6834.433651032549,36.95014662756637,88.07185785149665,53887.39791229299,139.84290206308933,40.877250509278504,193.19225814130328,11.265296793922056,548.4959156943718,213.1927243233736,179.0150534846449,137.6220522541376,13.239145128084552,225.09078903928537,459.1936199621154,0.0584163828145011,8.496732026143782,101.36047256628405,160.61435895487938,93.65174769911005,146.6586000725669,3.3400065921276445,11282.896384827993,0.030897034920416,108.23976007100346,192.43498003369956,1.53877523289838,238.1564023379372,127.23128596374588,172.55356911066033,230.7466022721909,553.5573122529617,336.8066729290316,38.313631693625375,0.6534176190825078,350.8739081658696,365.6058880036622,21.037171901252034,5.006022643203323,0.003628181633288,19.85962731496316,0.0200113644132424,2902.60020497144,12.250391579845346,27.30207567720193,1452.9216246845956,18.487309218062396,11.3459420369068,7.608699598295536,1898.316575017031,97.85204574837726,224.46563242488685,405.087280021531,1060.8376551214965,30.98022523567176,1752.085703850203,319.33279742765205,324.69989714776705,,160.49280766728947,10082.773323990428,182.92230448048005,1049.8549011974023,190.92682930316448,25.32661184591537,2.360273431490614,135.58647887056924,537.1050428480247,284.55882352941376,999.2381343984952,775.627664155122,127.23128596374588,93.65174769911005
2026-04-03,73.39468720762663,586.176358844967,24.23385328212009,146.93044994184007,27.742666349686633,44.582348303551505,348.17427677173265,187.2008412649084,6644.044459330096,160.8233277503578,7318.98935807681,35.19061583577749,95.67062712414626,55042.7039299928,139.1503405814312,48.602577384699245,197.27597657497927,12.30836357224639,564.3020436560913,206.9609838885988,180.64279212086188,136.55697600616935,15.890672631137624,230.9673159458552,477.68041320575713,0.0640393501442392,8.169934640522866,101.6118965541822,162.53865799907433,95.54764578563427,151.7650455199264,3.400491986102748,11967.39255794312,0.0342501738619269,109.71766159886307,196.8372808058363,2.3530556464530052,242.2831422916326,128.63950974601357,176.02768103132604,235.40340975111351,574.1106719367558,351.6184665597069,39.87854790924104,0.695978277609362,367.49309723600106,376.3023775154519,21.519749038593613,5.044824863815188,0.0037697515931623,19.803951204099633,0.0191869123947331,3045.922999765022,15.50339437360106,26.238768482141133,1511.5042789920556,18.20417475718681,14.196851601399349,7.467833451660032,2035.317320169365,101.25161205127782,232.9719850254965,412.242038126449,1112.430437510743,31.26979094058584,1722.3574760039096,333.6414790996777,337.225981179241,,128.86764374164008,9391.756154559676,189.25763466286563,1061.2278874156,197.0172506396851,25.389434340612045,2.2104494816837152,140.17892294529898,553.2387020913706,293.3823529411785,1046.245594454886,803.6585946840372,128.63950974601357,95.54764578563427
2026-04-10,79.3861345133068,603.9344927203277,22.08367940579882,141.80237533355415,28.458964826736967,43.71064380730963,276.10282723172463,201.98583425140492,7261.364382150186,171.20136205031872,7277.892917439921,38.12316715542562,87.66951043341523,54811.88252599566,129.71015211573803,44.93215539851606,205.55420334155093,12.128777159183503,576.6485974253862,211.47612775260333,179.0475010691021,136.67768464760573,17.331633310156892,243.38065368108124,469.8985777730287,0.0624774147748675,8.823529411764696,100.74719383500008,164.86613059288462,95.18519186552602,154.74692150141024,3.397785029547798,12601.114320019837,0.0336167054569897,108.00312656733138,189.3816995437122,2.2680671062728335,243.72463239077015,128.73776634230828,176.98498233538774,235.16885203976852,597.0355731225264,360.1767386591314,40.13332821358059,0.6262968165418696,373.7522877378786,387.4202190116919,17.90513561902944,5.319014541840196,0.0036531884923107,20.638698773259133,0.0209286171603389,2996.10950302987,12.336840988972767,25.12147044732589,1291.440912186492,18.62894222130699,15.213488229248878,7.327779003668038,2170.091719594355,100.75491203877291,234.09482356877697,397.9325219166131,1195.315247213409,31.078554282890153,1925.4186015648863,343.4083601286166,377.5443545971124,,134.21330135392114,9708.003425911536,195.50697913879,1218.2433923000867,202.0769680584134,23.75147497149424,2.382321390945958,143.41948159366,551.1954236973501,292.40196078431575,1062.7067669172925,824.35757919108,128.73776634230828,95.18519186552602
2026-04-17,80.76050497155417,623.8710682376216,26.163848210586853,142.4614257033835,33.78419192279309,48.49110935947961,410.7023554056871,211.41431848155753,7117.477493584701,186.0951709650844,7224.3719714942035,41.055718475073746,99.41277215132034,53819.164808045854,120.54457643573396,65.982155012441,212.02020470016055,13.727326717047402,598.1783634241142,209.1184515592964,175.66536730757542,132.5309877888494,20.427778568543843,255.13370749422077,514.585149099413,0.0727861882127207,10.94771241830064,102.88385972478451,165.0564539917721,95.49188282594862,177.7921434868727,4.173052899474524,12836.174661370418,0.0337729447450253,107.84952636396268,185.67191161584356,2.51566931280185,245.2332857199844,129.42550005191092,178.56995003602327,234.91874157236393,641.3043478260836,367.159413241458,47.79898650676618,0.7784275882980635,376.1984222963396,396.7143726366267,22.857339134758057,5.343735555805451,0.0042523892170868,20.01942950601816,0.0275915793455269,3391.284768097173,13.96236892209932,22.86776321543856,1465.80439861241,20.54577826028442,16.248516195477986,10.506099664786523,2244.4146656488056,117.50068026019878,237.2251613258012,371.81474639540875,1290.9931478619492,35.25106411483404,2019.0593963198285,349.63826366559397,394.63727431818,,143.81062153224892,9676.491242289288,203.1610083363665,1158.104003326382,208.85452931159983,26.041896305116985,2.5706820302305906,148.0914427641388,553.2564502031992,302.69607843137464,1069.4335447994977,855.6228594637765,129.42550005191092,95.49188282594862
2026-04-24,74.73442790083314,624.9363470614566,26.81190691225745,142.49688112823776,29.414517524921383,47.4686235797744,491.4721874960294,252.22942720658628,7136.429361731441,169.21953258333795,6669.092157307388,45.454545454545936,92.07720870085994,53458.7876789846,140.68790357564706,58.178806101071245,210.2403175701818,13.349512598677803,601.4792415526659,196.47324246896528,179.62390299692072,136.04573940714457,17.108471789649954,254.2093100032997,546.598075895,0.092466573866804,11.111111111111097,102.45114509573794,165.16794897379947,93.79114978047566,215.78528189222263,4.5672608367967005,12420.588436964816,0.0311822959674755,107.81216517955704,193.8624266681317,2.395875613142503,244.26332183768977,127.8862758031784,176.9630397063326,235.09987105088044,659.4861660079016,353.2738652005915,49.21053599594247,1.0110531570631298,366.5578259912399,396.11573718311166,25.08455643750033,5.772670959290305,0.0042343179476802,20.03096535081606,0.0226900734028356,3421.0741518016066,12.819771366799593,23.543987533557942,1439.1179395262625,20.041114071602166,12.712027295634153,8.935285354262748,1942.443297417471,113.40291748266564,230.8624095805453,384.78638100838987,1262.2269901098136,38.55945805968696,2144.9373416695144,340.27331189710526,432.8679421770224,,132.79608049857222,9634.850142502744,197.88632163043724,1201.17379828932,208.0424667790437,24.004034924723513,2.729654441107801,146.08349389852296,531.9874815088994,294.3627450980412,1040.5112390350866,864.1247654650844,127.8862758031784,93.79114978047566
2026-05-01,72.56281613809966,623.485013720751,25.700633735190365,118.15312782824734,29.55374149640561,47.11418083022426,648.0552087903412,267.24874952091716,6971.956377657221,169.19802392191457,6456.919835879724,38.12316715542563,89.76464790194294,53339.286106061525,151.47647331997683,53.68162734980064,205.04457774025337,11.602570632551464,605.5736000005812,193.77550674920468,177.94080972093934,134.59013520158797,16.878857976381255,255.2657642786381,570.8187742016205,0.0896550902019349,11.111111111111091,101.3268721834926,165.46528782973522,93.49840221889872,223.17226025110196,5.097627874852235,12781.641350830423,0.0295549237584002,106.39237682662748,197.67771301941352,2.3836568604370325,241.86826203395296,127.7552753367135,176.2126779113097,232.8052831829396,657.1146245059253,355.5116469226313,47.373776123036734,0.8363270624106538,365.9103288251934,394.6221666226282,24.15978765496369,5.5581613460572346,0.0041785970010927,19.523078077397667,0.0246820708392072,3305.601863969133,12.776505852729668,21.4562817916615,1434.456963765667,18.285268874212807,12.58466465209633,9.353465780439125,2062.4914618942553,121.11727593236265,224.73783570810627,382.7504742305677,1309.57754180824,35.572779010303876,1931.214625748372,340.7556270096455,434.1727737058637,,132.0501747852307,9919.585230232353,197.48498938738433,1276.7019103953323,209.1043745433804,23.5754352109786,2.6343199269337023,146.20277902201008,532.5049588199837,295.3431372549039,1038.9875078320792,863.2324278241217,127.7552753367135,93.49840221889872
2026-05-08,72.61838906403764,640.9939529723604,26.95243535038164,125.66949272941751,28.378751887912685,47.53837807265809,620.5590137981953,281.3076875901181,7515.232279717199,169.9637596064071,6384.284266381966,36.65689149560156,96.5138442710888,53855.854468339225,142.3115580110641,58.16977541319592,216.44701196960972,12.078644542677402,616.7352231596268,195.32368695311308,179.4938153821657,134.6966428263848,18.163906842664364,268.471442720368,581.7896570182902,0.1187070880722483,11.437908496732009,102.56165565603948,164.9449590097447,94.34876874163524,231.33824466149017,5.525120398741417,12367.935150053398,0.0339299203481913,106.61655660216432,196.05237645933155,2.182003385919452,244.04396853252385,128.3775213059758,177.39084861532305,233.5028455012654,698.4189723320121,371.6857703380165,46.28380076076132,0.979843369523369,361.5217027685928,399.4588456449713,24.665955349387534,5.1538300353438755,0.0044799698207631,19.804460358593804,0.0237840895995074,3322.5105946456674,13.931962187250456,22.716766857484064,1376.7878250631263,17.272525525574046,12.87273728357128,8.8862429978067,2097.9213545395005,126.0451652687565,228.1403767483501,360.9953560904108,1372.0577576499666,32.09524167504764,1987.6028083986096,340.7154340836004,486.8215188694412,,139.28546020464364,9621.344920950349,200.43765740597385,1232.8994147757753,213.3208374974207,25.481838759240393,2.786187675139836,149.12524084778445,527.714772777635,286.2745098039235,1025.87464755639,886.4515579888816,128.3775213059758,94.34876874163524
2026-05-15,74.57661917509776,643.4288496441444,25.678198549898735,123.77624607048864,32.006834560002986,48.526983604252166,639.7523641663133,257.72903465233935,7489.769269356571,183.66523208236515,6514.26370653585,35.48387096774231,95.90574098059206,55290.87654227989,152.58428931572072,55.47535574108075,218.53911342241113,13.487321364860785,634.6678783772404,197.197702156874,184.892810467388,140.022024066226,15.489793098122451,264.44371079564036,539.186241421974,0.1265167649191068,11.76470588235292,104.51531942575848,164.4246301897542,90.86366352900936,267.1549584066894,6.378130523274213,12517.484441179233,0.0343735800096203,107.50495210371678,201.57669395643632,1.2390671172319616,243.72138986764404,126.11780698457837,178.3458333124465,235.3530730621993,732.2134387351741,374.43257503851777,46.343728503750654,1.382735197999892,360.9461546111636,403.93243308743195,24.541008766301456,5.765097237978649,0.0038629628123683,18.34175253857064,0.0232406942089788,3418.3639606153206,13.32419091928751,22.456241062489767,1355.1446271796349,15.959301845049234,13.113130811379625,8.826658984576715,1960.6740846359985,142.9755003467871,225.1801660433379,371.6402401001667,1352.922816120736,30.4287058083848,1923.945929194683,341.80064308681597,497.1946682090026,,135.75483982816036,9560.125604029092,198.4883199950166,1208.8375106391982,217.13123344194528,24.011125660734496,4.38214855383772,149.4234489165703,538.4731118634764,282.3529411764724,1022.095277255638,898.4870396485817,126.11780698457837,90.86366352900936
2026-05-22,70.12911257447053,649.407288058343,27.306081331398257,113.5361474499406,27.17600561830115,52.426463955405275,580.8357052018197,247.47421597432316,8021.562170461349,175.76007076784865,6649.977533755346,35.777126099707125,89.92691361379607,55541.55162303165,148.23126833085834,71.34941101201989,220.91718175114903,13.194633033658004,634.5409215261421,184.0500502947452,183.49950646247,138.41730918595383,16.267452796637954,265.50016507097877,509.731376546485,0.118394700998374,11.437908496732009,104.5909864716431,165.28874465626052,94.93426386478907,266.88824109564916,6.720441195820133,12992.089507449551,0.0339552009155047,106.58616397417268,198.91784040016023,1.3158282591584771,243.19658442242897,128.71155785379182,177.3600896726824,235.0805224557083,731.8181818181781,374.1404843979892,48.226883145448525,1.2906496194677728,370.8025759863605,408.69982186786416,28.81332489783463,5.802379178303299,0.0037770568034894,19.336986285108047,0.0221557305930215,3388.163838770668,12.37764865374217,22.785884251389472,1380.1280570278673,16.127566534491255,12.826258037636368,10.480411148343888,2147.7981514293633,168.90820122350098,221.9817774655087,376.22087836762114,1390.261538647493,32.231352132511745,2029.9552786991037,349.6382636655941,512.7217900954611,,133.5917132594699,9674.88347020534,203.73433386330873,1154.4302679784178,217.8183614441985,24.127976098311834,4.653471762256565,150.37772990446683,550.8976158464307,280.39215686274684,1049.2531132518784,903.5869914332004,128.71155785379182,94.93426386478907
2026-05-29,69.19723366570688,659.43805883067,32.18408393014959,108.42990507790677,27.33919494093727,51.853249117776315,553.1502609300456,245.3901942619128,7900.190193911854,224.2292173065052,6595.500856632025,35.777126099707125,93.52545811131677,54134.60902665005,135.57573070627072,90.89927881742489,222.2841578738259,14.8151076988893,640.4973137901636,167.46393691861084,182.80608938129353,136.9901070136764,20.375175880589182,274.678111587981,525.6418480712556,0.1218309588109917,11.437908496732009,105.48781827768296,166.0413641407395,95.68704786699992,274.1046290153847,5.947113229765334,13175.50302992804,0.0318723526929891,107.4768522583037,193.83848794582465,1.3176428195311285,246.59407033071784,129.51517364532626,178.77943528323468,236.5996616156545,758.6956521739091,378.8936373411448,57.73242513417004,1.674331551411847,368.8600625324662,409.9912275625916,29.639487897912016,6.45505829243162,0.0038611556382369,19.327927797406076,0.0233953715521649,3641.289021288575,12.84065939840545,21.78440742854604,1576.955621985943,19.259966351713864,12.979180649752278,11.75531439953557,2300.1803233861433,185.6784909930493,224.26147996247207,366.0083303432894,1399.3776447797477,34.833721950575644,2104.0785503738207,351.808681672025,538.5569068499468,,133.2436239265772,9556.716954538711,206.8876680034246,1321.4530739283432,220.75426333425327,24.550652719770333,4.6209821176522565,153.1809066067541,550.2152142874241,278.9215686274528,1043.5388275375926,915.6618004288732,129.51517364532626,95.68704786699992
2026-06-05,70.57199551282375,643.0121717383909,29.45154944241153,101.13049058365404,23.42082900781035,51.27124541582299,579.7927388274369,236.2657466305554,8326.378841032541,212.23798290182745,6622.261329604883,35.777126099707125,85.03531610150779,55764.452553569456,139.3565099174569,76.85509555529558,218.72144196681228,12.068655866291092,637.7148428035957,150.86941779217213,181.03642640085377,138.7865356185829,15.979361252074298,265.30207989435274,499.6916264717124,0.1062116051172748,12.745098039215666,103.54431270047446,165.14937592872627,94.57180994468082,221.3933092824007,5.016557691631358,12865.402899367064,0.0328360805609826,107.51926875976925,191.0284699722559,1.2298084768761688,245.85094251187763,128.8454959478875,178.00340458795262,235.98000831750255,741.6996047430792,376.7696263727566,47.80362557529896,1.3587848783048035,366.84560006995446,407.82804699317825,27.290173054346813,6.221192362201993,0.0031724237960947,18.369571016734703,0.0188540465709936,3374.179538154101,6.256103592750393,22.791207128727432,1367.081640066393,16.623154854928863,12.338043380951992,10.38583458844881,2167.060830387156,159.19024873628382,214.59826340817952,378.8620545808104,1391.6216475494398,30.980190854841055,2053.574503904536,348.9147909967838,530.793321019601,,121.80640298867355,9518.085593647698,203.01766601914753,1119.3742408040926,218.8490534475783,21.152473997987983,4.797776270377103,151.84890045432263,561.225469381799,272.7941176470606,1039.4084821428555,893.1074557439233,128.8454959478875,94.57180994468082
2026-06-12,61.70160286180929,652.3156172967875,32.15083254533522,100.01939879584693,24.46459673362854,46.591449391278175,647.416485745902,245.99722541333543,9258.318655314051,204.308691935729,6433.02655643967,36.65689149560157,97.80541506328036,55947.33899147496,131.6459350267819,78.63179972603983,223.55534322734667,10.035639259284777,631.1342460216749,142.5802267940513,182.1600395187185,137.73566038725423,14.755597112505852,272.4991746450955,473.10770417855525,0.1015257990091597,12.091503267973838,102.45589405051923,165.52103532074892,95.46400666395434,218.2908948589029,6.286104896131661,12978.85441998198,0.032475319931379,107.72709926199124,185.9614456917521,1.2220536271291615,247.9299046538929,129.4482045982785,177.98212571960642,236.76403103518888,728.2608695652136,378.75938294408536,45.822505692257096,1.3759094956912448,370.5147799518912,412.82266954685485,26.463339427522165,6.152841900297597,0.0031687997153841,18.42538794174266,0.0183687386761144,3167.309212733594,6.003124807505398,21.09171648981805,1292.2951370318742,15.089737904965656,11.85616419267707,9.376241294799074,2249.6155286876183,154.0770773181423,207.65707968608208,378.0403553144848,1366.2158536078828,29.53394324057235,1718.290405269169,354.9839228295813,565.4357892790391,100.0,119.34491413464644,9966.891109881535,205.56900179468397,1080.950256679812,218.75535850705737,22.25418287425221,3.965742490577035,154.81113030783504,561.4368685998141,271.0784313725508,1049.7945057957377,899.7629573679666,129.4482045982785,95.46400666395434
2026-06-19,52.51199636668705,667.4144728374724,31.23806807797528,104.61497998517552,23.763869761226207,50.07122292154573,626.728585607092,259.31869121627113,9470.853536947345,192.42400036058817,6324.073202193032,35.77712609970713,113.55944908401597,56445.09712927631,124.6864236174817,108.1760719148243,223.95872567963565,10.406114890515166,645.3745728198508,145.50131592067507,184.2979029907051,140.36994897389567,16.011406917189518,285.17662594915606,484.4442848523744,0.1177699268506253,11.764705882352922,102.82297330741716,165.6139572577031,95.49188282594862,211.4892281615195,6.398974647118906,13534.76617854195,0.0338944117083435,109.22430339161264,185.28651676625503,1.2323971633178554,252.65179866767303,129.54865178233035,179.54194302536905,240.71539434005896,758.3003952569131,398.2895588214158,54.391436991954464,1.3739072054120067,367.219443208768,418.2906963678985,26.85950288379623,5.79199131369383,0.0033418033842722,18.85780114315955,0.01873827949104,3101.4183197447014,6.9685591635346,21.4108724522146,1308.120742235812,17.71257265457323,15.692925834513646,9.974811641087678,2421.948377410853,156.77231545093397,207.28280017165525,351.39382196364244,1425.7449779619935,30.528517642394405,1951.5239191566911,358.72186495176777,610.0600320807362,115.91541148407111,115.6899761392729,9915.76136752578,204.66869368897895,1106.1368670040804,224.0649449863913,23.853217985472657,5.433099137344328,157.09740796829956,553.603677373956,269.11764705882536,1038.9272987155368,915.8181473455415,129.54865178233035,95.49188282594862
2026-06-26,45.89036537004615,658.3838893682187,24.987901298511584,89.3084278652416,21.64478975720239,44.42132990885183,523.1467224221014,224.3288200713428,8949.533275217304,175.60520159174376,6842.079500453363,38.123167155425634,131.02344413470726,58000.18278846561,112.5424226247346,98.81986005289308,217.25331639207496,10.75151933698548,635.7470116115744,119.87547003462616,181.91379512124385,136.96880548871707,17.109520997796782,274.4800264113549,454.6799882025752,0.0718490269910976,11.111111111111091,103.50473675261756,166.320115773705,96.94168787068465,192.4823721796259,5.588917620425146,13449.677538080765,0.0396468047603748,110.38220786875716,180.23883118379015,1.3220029162639229,253.4387785751377,130.65362189906028,178.33374119410678,241.27910090112303,720.3557312252929,389.3653100344209,43.384223266973606,1.1769381486137906,372.46544414877275,414.9808119590519,27.090297252813645,5.282635397483598,0.0029693477646075,19.28960010908111,0.0233810755518304,3075.053883669379,7.335931415233454,21.172581244025036,1159.768297720492,18.97094863794072,12.8129562728179,8.610356516014697,2418.508598315001,149.2044582358803,203.94830995221628,340.18349625877266,1379.1283217217097,27.786854514991315,1798.385482311441,357.1141479099671,579.7886374508905,96.83426093729116,106.04292891338898,10454.327987006383,204.32051102576287,972.4824452810384,220.41069933312647,23.21743679679614,4.9949472438781335,157.77335068148386,592.3615712805477,258.8235294117664,1053.4335839598978,905.6387585466324,130.65362189906028,96.94168787068465
2026-07-03,55.52815776545038,661.7766743225706,24.16851076348318,91.899387659404,25.045254442814674,47.91085686132307,489.1822660568415,209.18989873197415,9212.666926339813,154.67302616443365,6908.0249517079055,36.65689149560157,137.45996037175598,58654.364278534355,110.83544496018004,92.02971900666248,215.36279636498375,11.567297042153244,640.0212255985454,144.6357610313034,181.99164759409769,137.3877354795846,21.76134814169194,273.75371409705974,466.8986327074588,0.0743481235820923,11.928104575163378,102.29125663253664,166.320115773705,96.04950178710818,190.5983567398819,5.692379057346603,13718.179701020446,0.0310152708685372,108.50751370290108,178.984173174482,1.249520565239131,250.19724860932732,130.2518203898129,177.61502731324163,239.56093529680507,725.4940711462414,390.7115031536729,41.35701610681677,1.1483300080392662,378.6586292028889,421.0052031903248,26.127733173863056,5.234562155509261,0.0029420961060773,19.22145385324691,0.0247436262507959,3197.338737980868,7.503556759410693,20.88621694171719,1318.7435680349831,21.257186723440864,15.053462255056736,9.30117631388572,2587.05777401178,162.46908965784212,205.95580916596015,339.42048979718464,1455.9309633590583,26.849740368850313,1828.4784757853072,364.38906752411503,567.7844362567196,101.67172284823516,110.3194550032138,10498.640430381363,207.71520898080388,995.8611080858489,221.84741068837184,24.277923902747464,4.8812658694134985,157.137166516174,598.0802991765783,265.1960784313743,1070.576441102755,915.207975329874,130.2518203898129,96.04950178710818
2026-07-10,50.96987719902665,661.4722933596412,23.602593916436856,95.14075506967164,22.643045102431532,44.341640135474655,452.1032211516274,218.85258785611353,8804.589411752451,140.62302826776812,6132.9269666726095,38.70967741935525,131.94369614044973,56449.77836370397,116.16801208686532,70.30554325767307,216.65815115697112,12.110352756356791,641.333113059893,157.45635235869665,182.9343814102197,137.55814767925946,19.238716848419443,269.5278969957062,445.3217618980831,0.0849692840938198,11.76470588235292,90.44263065846783,166.72894961166813,95.07366594615468,182.02298743539757,5.863778918883436,13907.265568711977,0.0278662053526474,107.62530354158358,182.23915944343833,1.2338396655027608,248.22811674671829,129.51517364532629,176.72614831613197,237.53516963048497,734.9802371541466,388.51919659428216,37.32480472925147,1.0306660722163246,372.9025923642625,418.2127643952705,23.89916428767976,5.852724884034528,0.0028380547793021,19.362506034761033,0.03056282714393,3121.1730778332985,7.38414848031422,19.92009415112525,1280.0071842290413,20.55191119565861,14.241952325284648,8.741404545951342,2473.889167726702,155.22992023991358,201.7366582760578,356.67617439002083,1392.0430350822571,24.467697824291896,1888.3078605520063,356.2299035369767,558.1289318144625,90.26437400515272,105.3218867238255,10450.919337515998,206.40956273235753,923.383071744144,221.06658774559773,21.86974816030184,4.84818539962996,154.43339566343658,584.6402334130983,260.04901960784485,1052.360882675437,917.0662176781248,129.51517364532629,95.07366594615468
2026-07-17,47.65435163024427,647.1765288190716,21.259519386563387,78.42169723066439,20.116253681482984,39.25020276477304,373.27919472788255,194.3200562064087,8591.323744524674,124.50838877471004,6018.239225360358,39.58944281524969,123.06918869934051,55866.080169341,129.73619182299157,62.07497483110532,215.40101709268777,10.331562371211556,633.0703380009218,152.10060215629818,182.4892410658907,137.61495174581776,17.503736393282352,254.4073951799255,482.6113241783538,0.0780967684685844,11.76470588235292,81.92424520385583,166.69526048101625,94.26512961995526,150.05581491924073,5.961361018385729,14107.696126829573,0.0269269551777914,107.56168526123476,188.01709816311703,1.1091071154627814,246.05120699422872,128.9124649949354,175.3408668176957,236.46979400473705,706.9169960474276,369.6780571313193,29.17091083539133,0.918081172476984,376.3270682883506,414.7409236311641,21.578159262072827,5.453473931812867,0.0024422834334415,18.809690144453644,0.0278894985324225,3176.8601423825953,6.747765182899274,19.447009818413456,1330.1658332685297,16.937946816653568,13.92926967739749,8.099315802231063,2348.6811246586844,153.35609115461358,196.76894835730175,379.85983226134846,1344.4247297496129,24.24784227441467,1495.9266745379114,355.1848874598062,503.9796428362761,76.6643392655859,98.33523654219309,10619.079379041585,208.73073621442967,868.4646606969545,217.1312334419452,20.058599087435436,3.628525276039079,151.96818557780972,585.6679695187813,253.67647058823695,1062.6967810150363,898.5784685503013,128.9124649949354,94.26512961995526
2026-07-24,48.68320527604136,652.2950266778206,21.63249312873596,68.71425562369292,22.714756357489243,38.68155401731973,367.9720723298436,198.82741528151655,8791.908204405896,119.88449669296917,6054.55701010924,39.58944281524969,118.92401779638,57026.55854075102,137.0848007413975,63.42112107163833,221.32708082420237,9.953339170605828,635.9480266258131,155.2455843431474,187.999039564247,141.41372369690453,15.462328721925294,258.69924067348774,462.2869705456144,0.0809082521334534,12.90849673202612,67.2568440050223,165.3941277353445,93.4286958603674,156.94656640492468,5.760059515141864,14680.62722920574,0.0271328677582282,107.6125798855138,195.85461027936472,1.0928444945185165,247.14599133165868,128.34324725458822,175.9835933922452,237.98004866751785,722.9249011857675,379.9552695239464,31.16342319868614,0.9045402644264552,381.0630333297335,418.91541777996537,20.901335774386805,5.49517708325461,0.0025474930488125,18.964426115532945,0.0319345912804967,3117.5222831990527,6.092217431872892,19.13245695520512,1250.5268278723777,16.163131526734688,14.269046055822468,7.681645981379311,2434.675602055,148.87043436563766,201.56653122404563,388.0181321198664,1392.3056475542628,22.10606897821599,1560.961335110506,358.68167202572255,525.9655687984726,72.03705154988725,104.25275520136928,10397.517162166654,210.41356374576355,842.5740165111065,218.81781385779635,19.860495454224186,3.280628194162199,154.09541956691262,593.0758831579786,262.99019607843314,1076.3107965225552,904.2176807279128,128.34324725458822,93.4286958603674
2026-07-31,51.967245187211205,654.0187917342399,18.626902318629124,70.23103296690635,21.665123757136435,39.80672991546248,414.73920826156825,201.0202990194992,8091.843627299527,119.54223716392838,6036.3981177348,39.002932551320065,48.8395476668368,58291.47789417465,131.4666923169508,65.35987888526206,223.5331192319231,9.154066707690625,629.2298932552028,156.11983786094413,183.02872396861773,137.13921768839197,15.174463045462744,256.05810498514177,477.4303165921109,0.0743481235820923,12.745098039215666,99.72514146922887,166.11068588067482,92.9129070957449,154.6672472613055,5.048125207523578,14899.966374092495,0.029136591207652,106.2553359726598,189.86799216869213,1.074857741190521,243.5146632365691,128.27627820754034,176.60595594069972,235.93511578777537,702.173913043475,376.76884689911674,31.009793427943737,0.8316462403030473,385.7989983711165,414.2089150015694,20.075751421292136,5.479488843553967,0.0027680314054025,19.911162841509867,0.0318639786168057,3753.797376677469,6.025144462483268,18.567546577413992,1238.1676119808578,15.822620657005892,14.111949350062394,7.024827178044944,2524.453962425226,152.71288718616324,197.9938631317896,397.1742096589224,1447.966861466621,21.652471688991113,1539.804328278171,361.2540192926036,494.71556296555485,67.09574365466358,100.64754425355184,10778.149688592815,212.41557532064203,827.1929789506803,217.3186471518121,19.198314054009455,2.6906757470597698,151.6103302073485,585.2870287909052,268.3823529411783,1089.5337954260638,903.6420269150176,128.27627820754034,92.9129070957449
2026-08-07,51.71862786514605,675.2468173128357,22.042157855282134,72.06170654783423,21.16721229587925,40.11682401430842,468.6971571181162,221.6728621318464,8461.940909946961,128.09164959523625,5722.826831636977,36.65689149560157,63.344952435541614,59485.44474895264,126.59881494232076,77.25859312939389,227.5904170541672,10.349665939861614,655.0973516664508,177.4892762602662,183.1643201444512,137.8137659787719,16.94600509512299,263.0571145592586,479.7106383142328,0.0762224460253383,12.745098039215662,91.46109770465564,167.63810696067506,94.53108296473695,185.3471585201792,5.160820643835463,14457.5049820589,0.0125075431136891,106.67522956666096,189.94722195484744,1.1706243282597275,246.0537911472408,129.4816827352825,177.76073823964302,237.85980416701457,758.6956521739095,394.8749597662332,36.77236654102685,1.0163809587939312,387.620523387033,428.2621679894772,21.871276266444767,5.4884550252872675,0.0031825482252072,19.223243249668375,0.0312564188653352,4040.3776508265073,6.329041853123411,18.976065487161087,1731.3999785783408,16.696577108661334,15.390084891283932,8.034544159740328,2641.7274644369422,161.41471485276077,212.8289420672528,384.7313350545642,1434.127985473828,24.5006364624159,1625.964060843473,368.6495176848866,525.1174158611676,82.44755104177743,111.41345004944807,10702.000936724233,220.9168416544313,929.2717766387592,225.18933193029216,20.727618462917064,2.7638625376185955,157.13716651617403,595.6099296338174,275.49019607843314,1092.8420661027556,936.3573944856408,129.4816827352825,94.53108296473695
2026-08-14,48.17167991923086,677.0209373132711,20.816074026311817,68.74447840499064,23.83931753173845,45.11096924103025,470.53273463842737,232.52457207857037,8904.575951778761,125.51569602990683,5513.07964782782,36.65689149560157,57.14118475536251,57308.89053895128,133.12715822197765,76.30411213053394,226.6737566469355,9.884585446222518,654.7482203259309,173.81936301437483,185.1643911680562,138.85754070178078,16.549424376357905,266.29250577748246,533.0651239788408,0.0799710909118304,12.091503267973836,80.17596492840808,166.94983305879887,93.09966137699875,193.38864832616923,5.000214300033043,14514.450224260872,0.0125283698577535,106.21291947119424,193.89962292904903,0.8348150422093596,245.80891214765188,128.5776325327358,177.47553509496808,237.75966147074396,756.7193675889293,401.2742442923542,37.116997270299294,1.1729479612950997,382.9574015579566,428.22150865611246,25.548562864183733,5.709040403168874,0.0028323092334672,19.899866063306447,0.0305682725663938,3992.782139841462,6.9565611535698,18.909958478672905,1747.2367298628317,16.70683471846774,15.718095725365464,7.284965912064602,2660.720276272763,179.95228210590997,213.78165355852104,393.14805461978045,1453.6382035602967,25.3802447745931,1729.206689780683,367.12218649517587,527.8575371846171,86.48764615164866,113.65116718947272,10517.523190384552,221.26502431764732,953.6014826523262,225.40796140111593,20.673231739392552,2.780991718654686,158.42941412073097,597.7200567133794,273.77450980392337,1077.704221491227,937.28567840743,128.5776325327358,93.09966137699875
2026-08-21,45.07181248387484,663.3352057828333,22.57828069155071,64.39691380527532,25.211961189529823,45.085357908291286,373.07003536503055,221.1912819978346,8502.986123002189,119.52352705308196,5888.31543537631,36.95014662756639,50.531398865638,55744.15128876857,141.64041433643868,65.41452946207245,224.1356232118657,10.268785575186536,642.5392031453254,163.34034627149902,183.20785760739173,138.34630410275602,18.046949948596673,266.6886761307344,541.7013029872599,0.0780967684685844,12.091503267973836,68.25922114369261,167.0441090747475,92.78474688035554,162.93413922142855,5.6713171191234295,14425.14784037275,0.0145660154522071,105.25860643486496,199.5736448994204,0.866593889861785,241.75905421801264,128.44369443864008,177.32541795454227,234.59888453216203,730.8300395256883,385.02700014886943,34.707425762347114,1.0533684556064935,386.16330337429986,421.00538843410453,21.31784677338517,5.689348243571281,0.0027243659613345,20.74752067839168,0.0308437669428292,3858.4487431948096,6.793744743360892,18.899732637505924,1786.241025120644,18.123624904918533,18.94192866201245,8.128153707946158,2593.7273647624684,177.68475307719203,222.93448895677693,403.7464735620909,1437.20570454899,24.57753914220248,1706.5441595127445,366.0369774919605,502.5443530416676,83.66833878976968,120.4637727046588,10727.209075975616,219.95935593285017,895.1746374628834,222.31590921980143,21.1919040661588,2.490514173919766,156.12325718632923,617.596696013178,286.76470588235475,1084.3708881578937,913.5311635702508,128.44369443864008,92.78474688035554
2026-08-28,40.69261752802018,666.7567565992911,22.023052209463312,93.78776408005888,26.74285546081332,42.90159965321491,333.03055990482517,218.04472621357084,8443.785132817166,101.47583565056637,5758.426124301834,37.829912023460835,51.61300583743108,56969.90427973934,135.8169671737605,62.094714644505814,225.1775214695529,10.055527852367558,652.9602446729652,167.64503213487896,184.06717695823764,139.35457628416594,18.3996425187938,269.92406734895826,506.84242469281475,0.0735671558974065,12.091503267973836,68.78559177270057,167.39295766847866,93.09966137699874,155.57470184403792,4.807879759541934,14520.150129680133,0.0147712057369956,106.03478181436807,200.83037791344344,0.8371258982356543,243.91583625934695,128.5776325327358,177.82791667840348,236.10312972039597,756.3241106719335,390.804224836984,31.887187408171165,1.0436104004155704,386.52760837748315,424.7774272581965,20.885273254861048,6.624233218639465,0.0025108422496565,21.54207992596902,0.0276027398160632,4114.286819747618,6.816918107706775,19.711882546337215,1855.584414601703,19.36561949131764,18.600417042421626,7.618665069658356,2642.072703980922,103.4860462403194,221.8116504134965,396.0492977939325,1487.015465128825,24.245147446245227,2018.4503109158784,365.91639871382546,505.74110318241975,86.7303258229224,120.7124079424393,10944.915733146669,222.2805294149223,891.3395275543919,225.22057152007417,22.205081749500817,2.373682180608731,156.52087110466496,604.5511533282578,286.76470588235475,1085.1428375626556,921.1131242454454,128.5776325327358,93.09966137699874
2026-09-04,39.69720884692949,673.3023719120307,21.705828152998148,101.33344785104062,24.714322318100468,39.67791200045356,329.5446325734329,200.40720325176017,8312.678465454685,107.74971818146678,5775.744699111765,39.002932551320086,51.53968257200613,57361.651240557454,147.5726340057483,56.679638810103974,226.22461660085204,9.792211692359096,650.3047305374955,153.18782271718015,185.13231478902193,139.27647069264825,18.898010462501546,273.81974248926855,573.9668122194649,0.0687251562523542,11.111111111111091,81.01409947261365,166.94039538651714,93.15691955101389,146.72671005272477,5.1096630346347816,15012.261292474845,0.0127362501767011,105.8905760643444,204.88657412668908,0.8263573945139016,244.42391502866855,128.67807971678764,177.8288884334906,236.53535471872868,753.9525691699572,399.63128455818435,32.35523456252014,1.0777148659414917,386.746182485228,422.55578637778905,20.478357791363237,7.308449863732382,0.0025329868538806,20.71770145804564,0.028646523359831,4022.8084083652975,6.935445651467995,20.04292251159331,1744.8359194292582,19.94422678957664,16.89463476053605,7.51803456984298,2571.626764723975,101.84628082847868,216.63978803232575,407.0029710024655,1402.3932626229443,26.29651518653314,1699.9837077995348,364.75080385852,506.9806806912603,91.121480616139,115.81429375816316,10915.124295849577,219.0889324793363,866.8572285455357,225.28302687081293,22.123177491165137,2.247700473444516,156.4413445290524,609.3001586497404,279.41176470588414,1085.824522243107,926.380251239627,128.67807971678764,93.15691955101389
2026-09-11,36.61589130192052,667.5909049889622,20.575315451212123,97.36597771955871,23.21315933793901,37.20866807210587,342.08261494931844,185.99565362940743,8373.985035169448,101.58496412962228,5632.38538540734,36.656891495601585,45.703878246837945,57949.909924502994,160.64545627650682,53.114164634550306,222.4934614096885,7.934272121894333,647.3000850615058,147.76651979991527,188.6844776041077,141.59833691321904,15.823391819631366,272.235061076261,530.1743682460544,0.0765348330992127,9.96732026143789,82.82313158605812,165.99754890685833,91.35332529261731,140.37784374089966,4.699608499193682,14750.05520592564,0.0126746490535743,104.70298521365362,208.8026577901974,0.7713638869340913,242.33684513150956,127.20479900085412,176.7038276394507,235.35997689555336,759.2885375494039,401.7152758694678,29.860410379175462,1.0727896625831506,380.48015421880547,418.32161084722406,20.1733942040568,6.417442471625469,0.0023497577773362,19.657580145149055,0.030317122267955,3996.6841627049007,6.603927811347328,21.920558788421427,1676.5591772822731,16.89981996011543,15.205954045849362,7.274942074867158,2511.5403302448867,101.74644451896596,213.37334863369173,420.5026331189278,1361.0810006862685,26.497381498477544,1576.4912227215975,358.0787781350474,518.5934075396624,93.28430715075764,112.83067090479696,10430.440527516135,213.66320219339437,780.3492000427725,223.6589256345258,20.139715413258298,2.0847500354275517,153.53876197721533,584.5426971042618,274.754901960786,1067.7093123433574,920.5142358626474,127.20479900085412,91.35332529261731
2026-09-18,35.06773404111062,658.3402350842383,20.25787968236368,93.74510178173598,10.108108194460415,36.45233705224853,343.50456051671085,204.91941416347385,7880.684045403827,104.24716439881308,5838.283997036513,36.656891495601585,41.83129720144878,59177.70934262704,163.6551864423434,49.49188023204018,221.20620738081377,7.830106052856856,646.0199368129329,139.5293719773032,189.95543027320207,142.3225887618375,15.924263735905797,267.2829316606123,526.3303155648507,0.0727861882127206,9.477124183006518,77.4151545085716,166.01640813832276,92.08335336021022,132.48813333468797,4.145189443380439,14324.445645646098,0.0126552739410911,105.11864129949196,211.19906497362643,0.7079738272893692,242.33647121474232,127.60660051010149,175.67609398232628,235.5549684080407,750.7905138339889,401.219495059056,26.81654047993023,0.8735402835503712,381.13589433037026,417.0303119960781,18.612314296300863,6.407632443022954,0.0021714233602474,18.8655607627004,0.0297498378684001,3964.225730950228,6.66449960128421,22.32210560919785,1752.4918035633452,16.24101747142309,15.246421708716534,7.195731340044315,2487.36766063566,95.12681294967284,213.33932322328928,423.5222943818207,1335.0449525564138,25.09774004186143,1486.0680934986503,356.7122186495169,500.9133589251686,93.32843887128772,113.47712252302632,10633.25146603864,214.4756115839386,736.4178250601768,222.7844020323128,19.307085749102416,1.9297166186040655,153.41947670205045,597.1312240763397,274.26470588235463,1071.528822055137,910.2869363552824,127.60660051010149,92.08335336021022
