,2498.HK,ACWI,AISP,AL3.AX,ALCLS.PA,ALMDT.PA,ALMU,ARA.TO,ASML.AS,AXE.AX,AZN.L,BGO.L,BIOA,BRK-B,BRNT.L,BTQ,COPA.L,CRBU,CSP1.L,CU6.AX,DBMF,DBMG.L,EDIT,EMIM.L,EMV.AX,FTC.L,GELN.L,GFUZ,GHYS.L,GLTL.L,GSIT,GUTS,HSBA.L,HYT.AX,IBTM.L,ICOM.L,IDN,IEMB.L,IGLT.L,IHYG.L,IHYU.L,IITU.L,IJPA.L,IMSR,IPWR,ISF.L,IWQU.L,LAES,LIS.AX,LTBR,MOLN.SW,MSCL.TO,MSFT,NYXH,ONWD.BR,PLTR,PRME,PRQR,QSI,RR.L,SEYE.ST,SGLN.L,SHEL.L,SIE.DE,SLDP,SLX.AX,SMEA.L,SMGB.L,SPCX,SSLN.L,ULVR.L,VMID.L,VUL.AX,VWRP.L,VYGR,WBT.AX,WLDS.L,XDWH.L,YCA.L,^FTSE,^GSPC,T36N,T56
2016-09-30,,213.1073251724685,,,189.93938971625136,84.58356041285526,,,507.8336853235598,37.61735454445603,1817.1575628087128,57.47800586510314,,17094.57114328933,38.708505616346194,,91.43163104934877,,166.18651808747742,,,,82.32629866115492,118.22383624958704,,0.0036314997337891,,,117.72766008943744,153.65228265580396,135.41030009891085,,3248.451479810766,409.0785676151052,104.42139758456985,,0.53177427852593,209.40619436448625,147.56131965987856,134.52894441924226,158.05680627912295,83.62648100721032,173.43559314058794,,120.66533471485404,170.83096816361132,136.03413491939205,,,0.0873998344641313,129.44309090752617,7.249957280676589,429.8198756465221,,,,,56.82500300631804,,402.0105904608567,,68.08484621527965,140.61106870839356,359.121808297452,,112.97115630673387,147.30708008793775,,,47.06515724357739,7059.158985862637,121.97761850546048,,,79.01663968248762,12.68345167295897,,267.3611130066158,,691.6591282894758,271.6434671409465,147.56131965987856,153.65228265580396
2016-10-31,,221.82287645859128,,,148.97727154349303,88.00993024696787,,,521.3686636443919,40.41365953451469,1666.0909069077477,51.026392961877285,,18119.198740071708,39.79902934982085,,97.02610153503883,,174.24827813220998,,,,91.64109029705808,124.85968966655638,,0.0033191126599148,,,118.06518879891289,143.51301706005344,160.40452393043856,,3503.708485139761,432.518043796151,109.63361438534535,,0.5413459918716417,219.2172040462113,141.64280077815727,140.52372909464592,167.1547997545737,89.357706303653,185.1198616665388,,128.79156805130364,172.36139068932175,140.0675459982492,,,0.0895494189941438,129.06886396871883,6.0418515685613965,474.49094445633546,,,,,47.01203718037665,,408.07587349027006,,69.97325649261502,149.7573999801779,370.5533853430718,,135.37009293880885,152.06993201154611,,,43.1829693117588,6660.700779787756,120.07039056663476,,,83.7816485766267,12.02293800196261,,264.6134546242834,,697.162926848373,282.6649081142801,141.64280077815727,143.51301706005344
2016-11-30,,219.16330507715287,,,143.12675294806877,100.58020809082934,,,499.897591527854,48.81627515711274,1506.8535785121396,43.40175953079216,,19332.024300327572,39.45462130945827,,112.13181333525236,,176.7979948917645,,,,90.43872079313302,116.47408385605785,,0.0030067255860405,,,117.1904592244309,139.58237267465336,161.9081670467112,,3611.7423376209103,378.7538375786358,102.72101489712249,,0.8534188567035386,204.71770862052557,139.68313768178376,132.33217297555024,163.10963165616238,87.30237154150194,178.34158624813995,,112.62288191264172,169.52633739853806,139.28430047644562,,,0.0688045289074129,103.92862243515258,8.84320275953071,469.7236856760913,,,,,37.57372647841272,,379.9908197544309,,62.989541007514504,151.55296051630407,361.9112811062051,,153.40846482708002,145.0562707097585,,,40.51933988801223,6228.086851038281,120.23992553180688,,,85.06977724657229,14.699300611321142,,259.4149941413417,,680.0801809210546,285.8612747897178,139.68313768178376,139.58237267465336
2016-12-31,,227.1818688136131,,,143.1066576804526,106.4962872976074,,,551.4521396329777,37.0454388024595,1611.438186443576,39.58944281524961,,20344.77600364812,43.92151821944253,,105.22601052069932,,183.25163482258716,,,,104.5695640319406,118.45493562231736,,0.0037876932707263,,,119.6728052711119,144.3616717519244,187.24934673798325,,3735.1284385479375,372.2400432883629,103.82917200985688,,0.8969529111482777,211.59536196761732,142.6298117050588,135.65959436156436,169.42016521431432,90.55336209625123,180.1608055866435,,81.25385772094674,177.20824078606955,143.33032036898678,,,0.0604093714913063,128.71380727133638,7.466326668888636,492.42597706795993,,,,,44.040049047835154,,375.21640582544205,103.0429937705564,63.15966805952673,167.7480325556821,400.3985622763191,,148.88552673173626,154.48151677367784,,,39.46114685917128,6416.137330919074,124.08900024592336,,,88.42662268663679,13.570944445623669,,267.62483500483665,,716.0701558583983,295.90009868300785,142.6298117050588,144.3616717519244
2017-01-31,,229.82135843625105,,,143.4890674664645,114.0904445667692,,,578.454307324876,43.68670098678727,1523.0133530015455,58.35777126099756,,20142.12764023919,42.4630527299061,,112.06178014304383,,181.00873045318653,,,,110.33346266039794,122.4496533509407,,0.0036705481180234,,,120.44115283802026,139.7833716320821,181.40203743558368,,3846.005287147011,306.0271821842482,102.26451954181796,,0.9298379511323944,210.8848338285094,139.92644141994555,135.64435868155428,167.7644235843964,91.1758905342916,182.14032428432915,,48.40969549161263,177.4356807808949,142.2973616578281,,,0.0500084060586698,108.51807153908652,6.038346878319586,503.62879837183795,,,,,34.237001201772095,,374.93552856403335,103.62639859409045,64.69081152763646,160.6416499056087,396.64173213521025,,269.2075237580107,154.94372683706018,,,41.99797291866941,6289.47105244573,124.83627200954048,,,81.33213669085943,13.49636280298566,,266.00746736021244,,711.6992677005034,296.0846252124401,139.92644141994555,139.7833716320821
2017-02-28,,236.74466838611087,,,182.2029553093712,113.8772108247042,,,584.9393486852775,52.821594262145275,1742.4111781391357,62.17008797654011,,21138.02661584356,41.952916550385574,,112.6080803681422,,191.3081049985239,,,,158.66948690739102,127.43479696269368,,0.0038267416549606,,,121.88328017500602,146.97096918500046,208.54037029512537,,3769.8968261302825,234.0491777837644,104.2195048141074,,0.7958262351134617,216.0606236112815,144.00853632548856,135.9054384641807,171.31821024619862,97.3814229249012,187.2142672883088,,69.32011159220059,182.59120327872031,148.7362366069524,,,0.0539164156424892,115.95381985735618,6.029510662354218,503.8642167376891,,,,,35.957632785125156,,442.0588502007325,101.77888036980968,67.82114928466079,158.3861793717105,430.07405540132623,,262.66974927715967,158.54099555797524,,,44.388850214994285,7507.209169215584,129.191764187771,,,88.79074985573577,11.927658664878372,,285.1245429321067,,728.1603912124083,308.59553072141665,144.00853632548856,146.97096918500046
2017-03-31,,239.17848743883843,,,197.450283400926,125.21886116979589,,,639.9587195655533,43.64368290980536,1843.1513593041573,89.44281524926761,,20489.101333404134,39.676721640878725,,112.25508898683154,,190.09672504429577,,,,141.61256894247262,130.34004621987424,,0.0031629191229776,,,121.49319477693976,147.76004132840285,258.74305721325163,,3795.554425625211,193.84808625189413,103.28666735717955,,0.8382976851513534,215.81292772242065,144.30590870685728,136.58941060271462,170.52449400805017,99.03755037209736,186.8578034950765,,78.80145519718744,184.88623345388376,150.1790503944338,,,0.0694019903171901,127.28006313691446,7.431315180708357,517.0439943440131,,,,,44.25298157845458,,423.522799153107,90.520652634884,66.72382979918218,159.64291029723736,452.63324198617295,,211.99124377717524,163.7459874536447,,,43.83986166751211,7744.082086521654,131.1036594871419,,,90.49454955935332,12.310657406459232,,285.95494955759773,,734.1253034931101,307.5084515065031,144.30590870685728,147.76004132840285
2017-04-30,,235.2105974500861,,,192.68872368465736,122.61698923846711,,,620.2044440569782,35.23409732612428,1739.97240280367,78.88563049853441,,19654.584746899985,37.36152857443983,,104.46258904227554,,185.5315682735581,,,,115.74628650418364,128.40871574777125,,0.0033581610441491,,,122.7695547615762,148.16585231650728,231.12827565134788,,3711.5844235606,219.62502227892764,100.94797159273774,,0.9014546335664966,212.36879988504415,144.92768263492863,135.55394445111918,166.33879027996556,97.97430830039532,182.89844525415157,,62.184885162988046,182.31235827254648,147.46268774467842,,,0.0737328866104656,150.9841953792307,7.03562988499736,520.1525629999635,,,,,41.97171423137296,,456.10136458077824,88.92812046904565,65.65202937150538,152.52143505258482,456.38071414022,,164.93890346843253,164.46944601666112,,,42.24884502376246,7807.969012034819,135.98243599616325,,,69.05943365450415,10.331592797413514,,280.28841051939753,,722.1954789317068,300.313990707414,144.92768263492863,148.16585231650728
2017-05-31,,241.99365999842527,,,190.1451546368972,122.40566046557768,,,621.5892735647215,30.024827887107236,1963.7769393583633,73.60703812316778,,19792.718055124096,36.21527687883772,,105.15220855872748,,187.93845857562707,,,,84.4314039708763,131.9247276328818,,0.0038657900391949,,,123.6656895749337,149.2705533172707,237.86925970286467,,3986.227338226124,220.84137091223695,102.17111181201828,,1.2922708272739474,215.22106412618092,145.40445301103455,141.15038295890815,168.4202556895031,102.6936768543108,189.39311840341503,,60.705733691548105,191.10432940164225,152.50291942438312,,,0.098112262122941,152.03507601040877,7.165111096738497,537.141927452842,,,,,42.24879441422371,,487.2758933618772,75.22491083690397,65.82215642351755,162.7634385410002,456.05436788097353,,147.2172911510828,172.90996968554506,,,41.99101040358802,8582.219595546236,138.6260006052565,,,58.994815836220496,7.358739486509356,,288.6030642640332,,753.8847117794511,305.79600221872863,145.40445301103455,149.2705533172707
2017-06-30,,240.12977248661383,,,203.9811417123748,122.42862847522024,,,608.5926273435066,21.926519291555923,1926.632515018188,100.00000000000092,,19967.368510836455,33.93851888566067,,107.65915307605664,,188.4991846679772,,,,102.10441272000551,132.78309673159413,,0.0039829351918978,,,123.82311416908172,144.58118572150394,224.19036093312383,,4199.227572225783,149.33119142415904,101.2060629228924,,1.1982634448765803,211.1101994170416,142.64861128396535,142.44991877618733,166.05653498680584,99.33399305984445,188.2673089579071,,48.83318961358963,186.62289594702847,150.1334202534894,,,0.0865787501045197,153.09570929775046,7.312791617097739,521.9060684696685,,,,,44.13882632421049,,500.4757759576967,83.56620261955848,64.12088590339565,157.72552258615963,435.5755044398696,,137.98003588994288,169.7950117841025,,,39.94026744799004,8232.510911521746,133.85530283968225,,,58.73370223181493,8.341987946838689,,291.83573714800116,,733.1027764724337,302.49388843325653,142.64861128396535,144.58118572150394
2017-07-31,,244.1830742956964,,,189.07203029485024,119.30090172107168,,,694.6888270772434,37.586561700715,1714.2714627299122,133.72434017595435,,20417.685138011297,35.968484331032286,,114.76096503511684,,189.57302803351575,,,,101.90874359478384,137.66919775503425,,0.0041391287288349,,,124.84033629571492,145.12227850596517,204.96965322316564,,4466.5100711705645,153.58885001949912,99.92379115235585,100.66705846640336,0.9482473139262264,211.30355654942213,143.19432344454682,146.06944706954187,165.9326569727325,102.10079147881684,190.5803789079984,,67.90103001083224,188.4039506334151,150.63559631049765,,,0.0530038646098307,138.4713249678476,7.547564655708842,544.8500662971435,,,,,44.1098220537239,,498.7907121952282,79.84713130048202,64.47815271262127,165.3211497180729,422.0857909928214,,141.91405583707837,172.38745735389207,,,40.6297324767397,8562.406518277414,137.6231130591434,,,53.46445134743976,8.12826251208518,,289.7095746154215,,739.0476190476221,305.20945326238717,143.19432344454682,145.12227850596517
2017-08-31,,249.4201245239457,,,220.83616372815263,124.50445613654246,,,728.4646843653192,30.28883333719947,1730.285674221126,139.88269794721543,,21507.0955513321,36.593055465609,,120.92349601395908,,193.79963320132495,,,,129.35281040242498,144.20600858369048,,0.0038657900391949,,,124.79190506603456,149.90637670426807,190.72057130278847,,4472.236240754126,193.38898799749603,103.71718739029316,102.41508149518069,0.806512522994449,218.32307187546888,145.75915706810798,150.84360917366763,168.7024764561759,107.70750988142306,194.28529415915096,,56.90325930743091,191.42397659487315,153.15295818805427,,,0.0539242448947389,147.66213657619787,6.061850740804783,573.1306127394748,,,,,47.44009355319919,,513.3949810980911,83.90570811936358,68.51016384531023,167.6206039123829,415.8882381174484,,139.03454139220233,176.30627684271187,,,42.02134317417367,9023.041082516713,138.32004857325614,,,63.63433362670802,7.277919872701517,,295.54757583576526,,744.9223155545142,310.6789046649572,145.75915706810798,149.90637670426807
2017-09-30,,244.46655677847355,,,213.65821077863987,107.43574523583636,,,766.5012929548492,37.35098495711893,1888.034687462163,147.21407624633576,,20937.652149309808,38.35954569591949,,112.32318213435124,,190.1866528138234,,,,141.53976097123095,138.39551006932933,,0.0040219835761321,,,125.42161268170146,143.91832413848783,200.89195662081525,,4392.385374915939,2.5386309093164456,98.35100603724484,98.96602802989884,0.8594665103292355,209.51772442784,142.04833727506028,144.21096489048162,163.63381544209034,104.1007905138341,190.4329686922028,,58.348448288844615,190.2189497605113,151.12519961632245,,,0.0533324627857261,126.86574952010967,7.401591821092351,549.3167948842616,,,,,39.883470275549065,,498.2289576724109,85.2899715942649,64.1719240189993,177.19554673107336,430.3800844699961,,121.51879531384937,174.5578790400953,,,40.84505144248508,8623.702653920123,139.11997815457025,,,130.75836202052088,7.8167333148068,,288.16733296287384,,739.1277999686744,304.65880145576654,142.04833727506028,143.91832413848783
2017-10-31,,253.83909393455016,,,267.80644264352645,101.66498565878597,,,828.1275176518718,48.06407899180372,1917.3744797799404,129.6187683284471,,21702.948213377676,41.861184328023114,,122.32944283049169,,196.9100760532295,,,,148.60599736527018,144.66820732915104,,0.0047248544923493,,,125.6798985883102,144.7607569178897,194.37151239214853,,4420.455965130089,2.5317527587612227,99.10901270588106,102.39986851890824,0.6764562227584188,213.30666531622376,142.43033266488914,146.4506663178503,166.56397980818983,113.3893280632412,203.36329833430548,,47.63116983221797,193.80059080115183,157.0292544465112,,,0.0517471752869564,138.17350802261782,5.837042334667297,623.5082566757098,,,,,31.76385290726686,,549.198547443787,78.52703852723721,64.03582237738955,186.4158620379604,444.67081394212266,,111.86728829355452,177.57234849347145,,,40.73391221962074,8524.866734702777,142.10048738371455,,,135.94707045313686,16.457296006203773,,290.3007032658933,,751.1879797149147,316.55045386264175,142.43033266488914,144.7607569178897
2017-11-30,,255.0144831766852,,,184.61590861277097,93.77819497974264,,,790.8515724147449,63.96627027544838,1820.2102324937955,146.6275659824062,,22065.69858182602,42.660164002415655,,116.44722239232829,,198.97841475237016,,,,170.35420527331354,143.0009904258827,,0.0039829351918978,,,125.3335381678832,145.39826610410844,220.4480276575598,,4418.650050856713,2.1385907241120745,97.24473736609416,101.08042447544028,0.678081781377121,209.75659461253312,142.7434632714587,146.01520735765743,163.41829469460583,112.54940711462456,205.42649874040103,,41.26676202739593,190.16667584188335,158.75204224085357,,,0.0495015607773951,121.77063869944044,5.730063077105036,624.4456175513297,,,,,27.16344895024253,,483.7237075096435,70.33487109947997,63.30427605373709,188.5765779362154,415.1939539006282,,156.9996946504898,174.8392282958195,,,40.1153076266189,8379.916578206841,139.29530665282027,,,92.99877328654344,25.570116473340608,,291.3615484411992,,734.5062852443634,320.4736702140436,142.7434632714587,145.39826610410844
2017-12-31,,258.2660431400333,,,217.2563963098048,89.9443237963609,,,782.3966572434324,83.7199411191678,1951.286707264127,152.7859237536673,,22621.49840098702,45.13216462708945,,124.25928219996956,,203.09922254426436,,,,181.0108579646065,147.73852756685326,,0.0030457739702747,,,125.18509394300864,149.17779229561475,219.78446308779183,,4616.706855421268,2.245048155294437,97.10309019202832,102.7479511278482,0.7633649032961409,211.04739357027947,144.60581170921094,146.76942122130546,163.16253892265738,113.71146341557568,207.25204017139424,,31.964923637646788,200.46828558296536,161.92321993621565,,,0.0591036878936587,129.67289025917407,5.857371540488102,633.4940871296133,,,,,26.499439915577327,,478.0792901395221,85.74188653393337,64.22296213460292,198.37536088306013,424.82050851171726,,176.29730191505317,177.532146981291,,,40.81645778312071,8302.436123802132,145.47570496915787,,,105.33604285835996,25.864059226376018,,292.4501983297537,,770.7067473370956,323.05564540560744,144.60581170921094,149.17779229561475
2018-01-31,,259.20135618091473,,,233.37791040237585,95.62946671417522,,,867.7984441936397,64.91556112336808,1861.9337033872591,119.06158357771392,,23229.94494386034,44.5855041135085,,114.1769431788741,,203.64936889902293,,,,204.19443235259237,151.41961043248543,,0.0028895804333376,,,125.3706468646984,144.3281539540316,210.51810858810055,,4521.591206159777,2.0346810487054823,90.431911764625,99.95552496581648,0.6030618701706761,199.51656133484408,141.7575128694148,144.86616360463225,155.279533844449,115.1936768543108,205.9006043298623,,26.289387089402755,195.91278978752104,159.21918987107415,,,0.0965970931559471,131.37895674090555,5.664776560350221,668.0864339417913,,,,,24.965886038953503,,492.1902833699168,79.29929418835461,63.21921252773093,196.97553474779664,440.76188622393175,,146.5100217759447,177.33118541754283,,,41.68469312608558,8049.871434979736,142.44036218158547,,,124.35652897012224,27.22579188456874,,293.2455816754053,,755.2481300908548,323.96996684441734,141.7575128694148,144.3281539540316
2018-02-28,,252.04982140589868,,,237.37596142974917,93.76140514242395,,,860.4564197838903,60.67788818946377,1871.0188093724444,110.26392961876957,,22855.251379454858,43.62229671716648,,112.35373347226243,,203.33726664007327,,,,208.6026852918915,148.7619676460873,,0.0032035294783312,,,124.48000039067824,145.61074783877933,201.75675046431184,,4404.43665629588,1.63822646698595,92.16210286769596,100.24925061413128,0.7378270151719686,198.6475945330092,142.3052642536046,144.4261922452964,157.08063800227012,120.20750988142288,204.63736066424403,,25.89134692827775,189.17171097632016,157.73959481878367,,,0.0632136536134098,130.8186079850326,5.569385387095367,674.3161769991688,,,,,26.60566676786971,,473.9025216754475,70.87856404700399,63.95075885138334,186.82248158049623,406.32391953821286,,120.15430183450871,172.50803122566393,,,39.761251290827296,7579.518059797773,138.76483598504186,,,176.20851215000116,21.66163851961893,,287.12049069167915,,725.0024964755665,316.94527066484403,142.3052642536046,145.61074783877933
2018-03-31,,245.2027139542442,,,231.31693386496437,92.0298047732851,,,849.2944911421919,64.51407586777474,1918.2350955566085,99.12023460410668,,21731.368402326018,45.61666738502317,,107.13688329724782,,191.55672883192415,,,,186.3972308066572,144.70122152525528,,0.0027646257229541,,,123.89861507788358,151.29938348132686,195.3061628637272,,4086.894935723301,1.2894565350699874,91.83495162313255,97.54842732452684,0.5123639404121553,196.82525956697395,145.09878691023286,143.71091326036222,154.64100848179757,111.66007905138338,199.74513630425972,,24.496497848146443,185.50060947907104,152.58408005428032,,,0.054107121529106,125.91185868373957,5.437310908806083,648.2151529531448,,,,,24.119369223324995,,491.96440628529626,56.727126021019295,63.023566417916896,181.34203068667472,385.60621370311986,,106.19636048379726,167.65474889822656,,,39.361692764059065,8030.208675538074,137.466603595309,,,113.8176285708736,19.410839033146846,100.40555804401974,275.6489443478185,,707.4285812186745,304.6071778104216,145.09878691023286,151.29938348132686
2018-04-30,,251.72352688839203,,,217.9756272366964,88.13037200250534,,,848.5866106131082,85.08097198772097,1999.5411485293375,97.65395894428262,,21578.93986148982,50.36594463439741,,113.45522111600994,,198.8937768516381,,,,180.5223830100892,145.92274678111542,,0.0028895804333376,,,124.59467239567084,147.99629851133847,197.53644355821817,,4455.415655810932,1.0864445583636049,92.44877319846766,102.55907527996612,0.6170031946197378,197.5731023649643,143.6746374903349,145.49254962386172,159.06587997388485,115.71146245059283,205.53008461816287,,26.364887391370985,197.91862962560492,158.08666813712443,,,0.0515395446100927,122.97110995614987,4.194638444002567,679.1115844782112,,,,,31.67841410119744,,478.1243033481813,52.85825968912017,63.82316356237418,205.49661055203643,396.3064141648386,,103.85188776535811,175.13062026339648,,,39.589692369739126,8277.885291643386,143.94070890232368,,,112.47191345480556,22.896741872768793,74.13021540620029,286.6212560848127,,752.8120104949905,312.2948277422806,143.6746374903349,147.99629851133847
2018-05-31,,262.19427775311186,,,233.2433968724211,79.00680891940067,,,899.5182384551022,70.52796164563817,2141.777761681631,102.63929618768444,,22116.842615687656,55.06853319821015,,117.61902428242828,,209.2777892977076,,,,228.39153206703784,145.5595906239678,,0.0028427224914226,,,124.37996518999432,151.71226910257542,212.88806324069935,,4471.716248638262,1.3509155395671852,96.7890410563024,108.28830258795185,0.7030084866007568,202.14609780395696,145.86977424160207,143.42755443984586,164.6310587946515,127.86561264822124,209.3214137835511,,27.104706438737885,203.33159740173187,165.8252581435306,,,0.0553918186369279,116.5509952996141,5.774733549453463,747.3016871587905,,,,,47.3908237494982,,469.35868884232264,55.546786502806334,65.51592772989552,214.4947798537713,417.17329576951994,,93.01895274157764,175.94453989501102,,,39.98676211605105,8492.769093424187,148.3604406134164,90.3386330575204,,127.57900609672012,27.96202466903556,78.82206533047987,296.5021809206037,,769.7443804824592,330.751869583873,145.86977424160207,151.71226910257542
2018-06-30,,264.834673098895,,,223.0978151903617,68.42480727726603,,,918.3050518626626,63.73443642321083,2058.3166085096254,114.36950146627692,,21896.89310771064,57.14032140384012,,115.37342953705443,,213.1288137810183,,,,216.95493227495865,140.3103334433802,,0.0034362578126177,,,123.83687602299251,150.49655519010588,213.4432289741612,,4410.281571144163,0.6658818365012349,97.57719127595578,106.02118215939043,0.7050187782859475,202.9627560344212,145.09767756873134,143.98188307873488,168.2517851604454,128.55731225296432,208.11366927786796,,24.528547870553048,203.21891411384564,167.764080749458,,,0.0498006904495319,114.10913934741242,22.825291086638543,757.4472623569658,,,,,61.66098877914996,,562.4792458633807,55.063422095627736,63.380833227142496,216.30486238418268,426.59464800808627,,71.92215168945681,176.07515647863576,,,38.71822464727915,8585.961885379067,148.53239494402,89.05840462581635,,127.46005612991569,27.565762540888056,79.15009705010345,306.1151918506922,,765.6040002349654,337.6513357940389,145.09767756873134,150.49655519010588
2018-07-31,,271.6998003595277,,,230.52290287543795,57.73729644093187,,,1000.8062609557544,54.080450820936775,2298.120485229192,105.27859237536772,,23106.63524553289,54.16151416056283,,106.6407931532913,,220.48702127591517,,,,179.2527824813854,144.96533509408994,,0.003155109565297,,,125.76926014588852,149.83134960585284,193.53403694827108,,4533.15130488883,0.7351354544464364,97.67272432038884,103.34838660474044,0.7048343711239518,206.86775460985135,144.71163449173844,147.1110376954514,169.4303107769959,131.3241106719367,208.81231286351897,,18.427150869619,206.20032762369368,171.5401831297347,,,0.0441192001587275,100.93823190320246,15.893324964711928,811.0865594936332,,,,,56.33322970612342,,564.0728513047218,73.67530618052449,62.32604550466691,215.15299168301175,458.589553857613,,84.81544734156736,183.12901929260372,,,37.255753514097336,8919.814586702732,149.30705641624382,89.38184958759521,,122.45978019169377,22.63571364220786,80.12922002052392,321.8840609539656,106.37254901960785,776.8220355576468,348.2086146850413,144.71163449173844,149.83134960585284
2018-08-31,,276.20641454556943,,,231.31889550283864,62.51109205306592,,,963.647721575538,46.04365488240268,2296.25403870434,98.53372434017706,,24606.739810581144,56.907755343031106,,103.51976322559732,,229.75487140607993,,,,199.76945953982727,141.20171673819686,,0.0048029512608179,,,126.02185572481342,149.84203273687942,199.9484607409383,,4195.95966616863,0.4850626028416573,99.83246875007868,102.3301908662332,0.6684487214630482,203.9394419272479,144.98738706022257,147.76760334826167,172.3189050833819,141.67589029304582,208.5256986497205,,15.347773333425431,199.24371249444815,176.06119596298612,,,0.0505466320786116,109.60377044586907,14.633201292513473,870.4696939085484,,,,,64.93585212722076,,572.0416883988931,78.49194055984599,61.83267705383154,208.74564269178347,427.7332130987498,,78.58753784955535,179.20015709193115,,,35.372590465955575,9070.75248397692,147.80263368671655,88.46535925762323,,142.50974108469896,18.66966782854371,82.6491004794441,333.5308741771124,120.9558823529412,745.1027471021331,362.17706617934135,144.98738706022257,149.84203273687942
2018-09-30,,276.45134771043627,,,220.7472176773155,39.44573915631204,,,876.4757397194197,62.509624273429395,2362.82361221639,93.25513196481042,,25111.47053857062,60.53504921923927,,107.10303903285372,,230.45842395591563,,,,192.62096027318609,140.6569825024755,,0.0090592251423558,,,126.362870355856,145.74849264135906,195.7917167999041,,4201.605068921047,0.5224726330894003,98.01733049352872,103.9959741602542,0.7691787055275047,206.80223126268237,142.64353756308935,147.0562430499088,172.35632748729722,140.3418981981841,214.74908121898895,,14.736218644962683,201.71330448933097,176.07232716426023,,,0.0458040483865461,111.68234166250704,14.504849349147788,881.6885598595595,,,,,163.39895175081924,,562.0237854002357,111.3436418777689,61.05859896717606,220.01114809389847,418.50818121015465,,84.64798806802644,179.60209555181203,,,34.51703576292534,8707.261981413612,145.99202047592544,78.78350916673553,,123.3818660884232,16.385465109085263,81.39662090262522,340.3779621513085,120.09803921568624,752.9022752193013,361.8487890144256,142.64353756308935,145.74849264135906
2018-10-31,,263.3485434466558,,,202.38889273332487,22.596534828372626,,,824.6812491172351,40.320609214676615,2373.522293673683,72.43401759530872,,24776.472915232094,57.55857490381822,,105.98053486945334,,219.46078672953857,,,,157.79608110194434,130.4886101023436,,0.0057401124824409,,,124.2402245839641,147.36740814921598,172.57995034720915,,4095.359134631508,0.4693192931197055,99.8597594432078,104.55727320689697,0.78210105013693,207.29684125989505,143.9119678214617,146.20733560919143,174.14263448949595,132.16403162055315,200.6881847237005,,11.998717200995968,192.05869724716155,168.7497593226412,,,0.0450875233874327,93.93528855221804,11.87012387854343,847.3691166850867,,,,,158.16025139701196,,480.074461039046,114.16282466496332,63.62751745256019,208.6621945036196,387.0194320391837,,73.28820513269854,169.52372057261508,,,34.58914058890131,8563.723576940018,135.7118518405972,69.4404137315773,,91.06839671769352,12.041244777771698,75.04970055480905,325.86376721666164,116.6666666666667,714.5965010181736,346.5343240700456,143.9119678214617,147.36740814921598
2018-11-30,,265.9434698293278,,,176.38768038804918,24.555115654735463,,,813.0805158042841,44.88673099194561,2423.845721269102,59.53079178885695,,26185.030276953603,44.134943825707005,,109.56839937502464,,221.61376332941128,,,,192.96757654061184,136.38164410696552,,0.0049981931819894,,,122.905702939626,142.44128243123316,164.88344910713138,,4218.556241512541,0.5065502313461326,101.0764435977807,102.5099542577665,0.6896992379016208,204.68940311527257,142.1280925517937,142.77313509216373,172.4671152572168,128.3596837944662,201.7011280670186,,6.86322390605906,188.7951680385408,167.95127580975523,,,0.040237096309475,89.1326890034701,10.200253283372996,878.3709980511787,,,,,164.6549136783258,,486.1396468262197,110.54683552851404,63.79764450457238,200.80034836453032,388.8149315741757,,65.98275864508659,167.91599739786068,,,34.32434345364545,8840.156632328339,132.97499823261035,64.08148066256459,,76.05338713930682,11.92090536420884,75.27832642488272,339.95136208880325,117.64705882352943,699.7694431391008,350.63874401276814,142.1280925517937,142.44128243123316
2018-12-31,,248.53600918996736,,,139.43309253438306,10.01812366592794,,,756.7230173123899,45.7934176772874,2327.161340692077,52.199413489736635,,24673.462396975807,41.11271122765191,,106.1085000563269,,203.1256718882432,,,,141.89480454647872,133.9716077913498,111.43381727432389,0.0018430837656501,,,121.1695219520508,149.49511912006008,150.27614516576443,,4108.0598912746855,0.4663934586769099,103.38910318242,97.69090463089134,0.6756924214250201,208.81302591054612,145.37531288356203,143.5896952705186,170.1838585249664,118.57707509881403,188.3975240986207,,5.91125966274172,182.4895990864055,158.54406577491284,,,0.0282137259011347,99.02503709419358,7.14957049285532,810.3063743029287,,,,,137.2957204519902,,474.9245436106314,114.09215943853052,67.02155214020344,195.50498052791295,375.13016980981206,,63.949447047045346,160.7516034239735,,,37.27763353642594,8558.921886706801,126.38635643056772,63.8319444910254,,63.159656191331216,11.553553109863484,68.94631790248539,316.19010199153104,112.25490196078434,674.4962503916066,320.73816899905023,145.37531288356203,149.49511912006008
2019-01-31,,259.8529111517208,,,137.76260986117822,14.083381806295591,,,821.0439303288364,43.91532969713445,2192.0409563610706,55.71847507331439,,24035.73161338758,45.20026814820509,,105.63922671441117,,212.7691027029068,,,,131.15622387759984,141.00363156157093,139.57760223878603,0.0021398514262476,,,125.74966223446916,152.42072611616072,218.13502939693063,,4057.256864701971,0.4402358633262441,101.48089554793016,99.45210596742471,0.7485924456537597,212.35050636456617,146.81852074353665,142.90316491684575,172.84174784864507,123.14723320158087,194.10099584767067,,8.119234931547451,188.9071671341576,163.7881613211325,,,0.0332595718553097,86.87905376463105,8.607113683541858,806.2192759592898,,,,,132.69370560863538,,506.05221648715616,120.68563419822657,67.13213472401137,200.1225412814433,373.09376917182766,,60.17655000716228,165.63504455173822,,,38.734884300845735,8300.601909575546,135.54908327845513,56.72367893424492,,68.20739986341428,9.455820238723843,73.26043318236648,321.7357890977998,117.64705882352943,698.636581688599,334.80284390599826,146.81852074353665,152.42072611616072
2019-02-28,,262.24302395627006,,,136.08527285031175,14.078041747077105,,,842.4304491528028,43.72754979170509,2490.732292750257,54.54545454545513,,23184.50841424664,47.49016733707126,,110.43582965639078,,217.87911595960736,,,,122.6369948924032,138.56058104985092,127.76521161277172,0.0027333868964004,,,127.207272554071,149.8566149753635,225.70915470907488,,3991.634457908899,0.4509911403238473,99.92528840198528,98.10740983332748,0.8155333898799568,210.0242753367565,145.54182994493942,141.74993242121997,171.92548831661497,130.11363636363626,192.17793247886436,,10.268428473257988,192.93872594960644,169.28092776668458,,,0.0293350069213238,86.24627855815314,12.710433932996828,855.4916755286544,,,,,110.45653624497405,,546.4494557788695,145.34798112837214,66.0007898281303,202.01128025208655,365.3724537743787,,116.80427886446782,169.6744379123301,,,38.09663655282783,8419.009369185787,138.74007709798352,66.72858293378536,,96.05951219399152,0.3287758054622058,75.38767191140116,324.3682157544513,117.64705882352948,709.2431273496265,339.55109706749965,145.54182994493942,149.8566149753635
2019-03-31,,271.71735530136095,,,142.13817973029276,14.513474212642294,,,880.2304605273097,38.60417471072736,2489.1094015349126,64.51612903225877,,23601.05000949885,49.296115353170194,,111.92729482619434,,225.4965270254964,,,,148.25865775510653,142.83591944536096,119.80706939555908,0.0026709095412086,,,128.4640581445805,158.071291811446,220.8533798890047,,4059.366307363333,0.407868817502108,104.59557012047202,100.22382757268404,1.0835926459721517,217.25867709592453,150.17674892045645,144.02311715268894,177.28687180702636,138.75988142292485,196.86181363471923,,8.11059080454056,199.1682520466464,175.54459368159422,,,0.0274294144523305,83.79186899793595,14.103770941618626,918.6741292609704,,,,,117.32283807168533,,516.8096091958763,171.91779175984902,66.35805663735597,207.51403485354797,367.1572202671539,,111.1186598947765,174.12579711227104,,,36.36265464735441,9231.922998338328,138.6164410958063,57.330802586127035,,125.02876308219916,0.2323016055295719,76.23260267284749,331.4690424707655,109.9264705882354,729.7443804824584,352.5652451543402,150.17674892045645,158.071291811446
2019-04-30,,283.7162057534726,,,157.8817416171446,16.244012642401024,,,993.1236316104416,43.31777343573324,2323.168774765919,66.27565982404768,,25703.94726908403,53.5113607412047,,111.27253494712468,,233.74872234687612,,,,151.5180032866701,145.22944866292454,128.29120670719155,0.0024990965909947,,,129.79127285766768,154.14454937322958,233.3035957213044,,4344.622521372372,0.4101208178208142,104.12197585509288,100.38826011912968,1.0537027769833471,219.41653206259227,147.76215624477774,146.24461122743287,180.7319979846603,147.06027667984176,200.9741729018851,,9.943086668709617,204.12668956283704,182.583402474357,,,0.0493432539666003,86.95949410163838,12.78874965099318,1027.0495568226454,,,,,94.10995451658314,,527.340932996362,168.54106124386192,65.72008019231025,210.65232458719393,410.654217117619,,132.68197535056115,180.28536793503272,,,36.0729939883205,9783.317790316103,144.33151795218754,54.25632570458275,,139.1548432902347,0.4801460624387748,78.54870398414964,326.5837168504646,105.3921568627452,743.6792175751899,369.9422339106973,147.76215624477774,154.14454937322958
2019-05-31,,273.3128657056442,,,128.9113476674131,13.50159303248838,,,924.8940531353034,42.92211344970816,2366.5811147763893,57.4780058651033,,24015.252405200215,48.86751301397406,,104.46435854337044,,228.56465092703493,,105.0543559715219,79.73068071627836,129.02563386957954,139.58402112908504,114.65648996191372,0.0024209998225261,,,127.59547009923288,161.19402432560022,244.8664848939933,,4251.154126691756,0.4359414116973483,110.38073943678926,100.40066733276085,1.5351876755975828,225.5496928750456,151.8339850376861,146.7725748267546,182.59217154511873,140.6867588932805,196.33881492529173,,9.11782058226382,198.00481798566025,177.58367267971818,,,0.0387291638746219,79.57230782841222,10.148333329768048,1001.1639833873822,,,,,106.24045252922114,,495.8595835211693,165.09998877586995,68.72282266032545,214.70054247818447,398.31584775435255,,134.95276452268777,176.51728111831255,,,34.84548194080201,10242.945832536456,138.65079889193362,54.468210715508405,,147.51856338340176,0.3159190957153467,75.92445022716117,327.7034322743293,102.94117647058832,717.964931860904,354.45351368809725,151.8339850376861,161.19402432560022
2019-06-30,,289.4926492217284,,,124.58278622443724,11.704753905625942,,,1020.2273365444292,62.6858151818113,2612.0434110972737,51.90615835777187,,25792.528193448852,50.78763415981767,,106.56192082283866,,240.75779850125303,,105.89084370289343,80.36553051014266,154.50256826085257,146.91317266424505,115.69254456155072,0.0026084321860169,,,130.77972016436686,161.28724260984552,250.8757382450002,,4328.915447679688,0.3421293996233092,111.27364153472725,102.46883467782834,1.830478923580412,232.72354193527713,152.3087335965945,152.81271282780818,186.2871587731187,150.691699604743,203.45343042762912,,7.398453555546579,206.11258399446925,187.75842777330055,,,0.0338994473335207,76.28981306173864,8.938804549762933,1078.5808893868716,,,,,79.27611115856705,,484.5585823294545,164.01654796041143,74.01377397790463,224.427933980142,417.4536165106575,,139.70916756687083,186.51526840553328,,,36.615020020721246,10364.708984955883,142.10726584011547,60.112931566754725,,183.12639658425675,0.2891968660061327,79.56261805392614,346.4197554901264,100.24509803921585,744.4210624216811,376.8603428500886,152.3087335965945,161.28724260984552
2019-07-31,,301.97732304273666,,,127.3405223978975,10.527710571773415,,,1151.836008171255,75.78669636488749,2864.8087178872092,73.02052785923841,,25910.390512315764,52.52021144416693,,109.2658621085419,,257.4579142894557,,112.79635748097516,85.60644897687759,164.3764775382978,150.18157807857315,136.1867318949801,0.0023054166409424,,,131.1512141495163,166.47238743644937,250.83721146069095,,4327.597384198851,0.3499962726337106,115.79069516350052,105.4308874145695,1.7664170491023952,244.41184970063227,155.5202241006071,156.42978124744204,194.6799690269232,165.26679841897223,212.71413458321243,,8.508395368885338,210.6934845824822,198.3607644150744,,,0.0358728394851692,71.52606877176504,15.463256199491925,1143.7210265588576,,,,,79.73292666867172,,497.0127008654668,160.2742462979768,77.87565805858144,226.30361933702173,404.1078844190782,,159.2038242221486,190.49437483023905,,,39.61977626227911,10493.883950447089,143.98503226617984,70.28018448298505,101.81150303174144,154.3565852663013,0.2891224748718188,84.1053686837446,361.1681203013295,103.92156862745112,760.5814340538868,398.0036892620794,155.5202241006071,166.47238743644937
2019-08-31,,294.7006375667009,,,102.47550162578727,17.351882273175452,,,1135.991573678441,68.39624449199312,2998.618265591165,75.95307917888657,,25603.195066112028,47.88350860299437,,104.42272420077042,,250.40651918471264,,120.99030178764684,91.82521783496573,161.31202939232406,142.68735556289153,117.29746504915228,0.0023897611449302,,,131.85440063889945,177.25568814195748,255.8062483009994,,3950.225042993491,0.3421880152841409,120.6684125073878,102.67693927582738,1.5950780064473535,246.56824292646297,160.9099545257614,156.05076132615903,195.12976803193516,159.4614624505928,209.13385048603112,,0.972990387716963,202.09374036603225,191.93471768806168,,,0.0368681868508276,75.89293515677053,15.274191201073004,1158.6663432847968,,,,,65.16041568785715,,444.6592557595633,143.50440673789524,83.69400323739845,201.8340699039012,367.1745709317241,,123.8141367634066,185.51044525440784,,,44.19864365107248,11090.737790986082,142.2695409684175,58.40542549872863,98.836569526078,125.06662713814384,0.2629511591038975,80.2783287948486,356.36416900506464,98.529411764706,722.5263353696764,390.0046728291892,160.9099545257614,177.25568814195748
2019-09-30,,298.7049852224287,,,86.18087741705219,20.423681524235676,,,1251.9779585591532,87.90327387956839,2975.2619877640686,76.24633431085137,,25956.267708982796,49.2459308244485,,104.74379157205344,,253.7761656076092,,118.10696947753829,89.63692163639102,146.45215920005575,144.99834929019423,189.26010740184176,0.0024209998225261,,,131.76152714261212,178.81663889147163,264.4546975542313,,4171.9823529889345,0.340475379420913,118.14376650158928,102.98589112836248,1.626881830600465,242.1191248836126,161.74773419407137,152.36983493944686,193.58604867476544,161.14130434782606,217.29802151517313,,0.6866774410104395,208.1358459801,194.06750117827832,,,0.0381373491828866,92.83535852672,16.71455613083055,1158.3609838335794,,,,,51.74790109679234,,456.88263802231586,166.88925877581693,79.65348575210885,211.4578873438367,389.0529167879353,,133.7539775905487,189.34887705125155,,,41.46788089206632,10437.587789617648,147.03962720728464,63.240736338894365,100.46068267677772,119.40238410548174,0.2491466964595009,81.52087347463062,353.8024324441083,97.5490196078433,742.6767113095262,393.2632937121486,161.74773419407137,178.81663889147163
2019-10-31,,292.4109372655207,,,93.07934807488388,19.442806923702975,,,1257.1460953907874,77.18535683141448,3073.60421019395,77.71260997067544,,25274.08541794814,47.000839183022045,,101.80754892028637,,245.3546944847651,,111.26436448411184,84.44374759850166,127.8848032137527,142.91845493562167,260.6523839290784,0.0026552901279318,,,131.87421245281016,173.07751279843276,224.9416257351841,,3944.909061116613,0.3309944116369366,112.54121671433175,99.78739469552735,1.6650841331052455,231.07086863190096,158.5641650627256,147.78149852745824,185.16643086563843,159.01679841897226,214.47648647151553,,0.6519424688854142,204.2635581225244,189.9604486574213,,,0.0021484827875962,88.72893925773172,13.100558105864517,1138.1763868114326,,,,,58.209659961635495,,411.4746042711422,151.62586233002745,77.86715170598083,198.06437182835032,397.5005277321256,,140.29491058984777,186.4549814696473,,,43.3756616210386,9946.90866592766,148.41885455838536,48.18680399988875,97.79026368501344,101.73881605574246,0.2517695878933919,79.49800804366416,353.3859742517874,91.274508307962,726.6566318139121,382.36953470627,158.5641650627256,173.07751279843276
2019-11-30,,298.9830661918206,,,109.75566101667472,16.30410880189446,,,1309.1590903048188,70.26624002623964,3055.9845620085966,75.36656891495694,,26169.293043972557,48.92048692734398,,102.01161358979058,,255.42660467188503,,111.9759684780058,84.98381726347557,185.65281864569872,143.69428854407334,223.9729321772435,0.0026240513013782,,,132.80765096634502,170.75369959549457,210.37716729700412,,3899.572973869426,0.3245018358204041,111.91038168529124,97.66930989938486,2.11369799251152,229.2733995354588,156.87738514217784,147.4727344573683,185.92219795841615,168.10770750988138,218.0019810272845,,0.6115464029748106,207.65180565330533,196.14245715367292,,,0.0013517087769655,81.28550192749415,8.651288918567158,1204.8197963463945,,,,,73.04129272765702,,412.98346951377533,159.9889734242811,75.34927133620036,199.16620892205097,444.274554867133,,110.70532660339089,189.06752779552713,,,40.74410407909901,9851.151517217157,154.28640954305897,48.87062642404351,100.67931214760144,90.09213438096936,0.2687023838923099,82.37077168459538,370.65124988559546,94.60784313725506,736.4912280701777,395.04632150592846,156.87738514217784,170.75369959549457
2019-12-31,,304.5268886651624,,,137.37620492489032,18.927646413235475,,,1400.1929055659173,85.34187335861952,3117.038691767147,74.19354838709768,,26495.12397198698,52.680807536393814,,106.4942111614868,,256.79139082119025,,110.30938731976812,83.71897061350673,178.77399496279958,150.973918785077,225.0879696493255,0.002811483664869,,,134.60639979040312,166.75156392324928,200.65686315074416,,4005.131680250736,0.330554317602285,109.0608744735229,101.01140765117476,2.289274619449168,232.07675511379443,155.10682045670617,149.23676047802954,186.12359397489263,170.998023715415,216.03886470046248,,0.5306852482728904,213.6908701004537,198.96209693550125,,,0.0015517745216968,89.13024689229985,11.549332833843378,1235.9631629983703,,,,,83.46501818583832,,396.5014050283634,184.78810197836643,76.82937668870645,201.32812163762273,442.7692447239734,,131.5651772613991,192.2427726328557,,,43.322702193987425,9361.606775290546,163.2335103093458,51.44154539796229,101.71780809122052,90.73335266380288,0.2514348321094783,83.01689074694207,376.3301423716547,98.52941176470604,756.1303160244382,400.13865298666576,155.10682045670617,166.75156392324928
2020-01-31,,300.6973286321629,,,121.35908173230632,17.062497575841416,,,1331.920832626274,132.16429342365026,3042.052747164362,64.80938416422367,,26301.177916348264,46.68616645922351,,95.82317253122362,,258.36777172232553,,111.62024188280836,84.71383965691479,159.86730404761246,142.14262132717016,238.17438679395107,0.0033191126599148,,,134.0613221838571,177.4552057388775,229.9456319882139,,3733.792061352521,0.2040339322500889,112.40301422206002,93.88194736184478,2.590496490082581,234.8014822718178,160.81197094969636,146.67876030021978,185.42035329795337,179.57015810276675,211.2125160611671,,0.5348956633886739,206.36875628940777,200.2009605938161,,,0.0014440722464158,116.06086393881094,10.012641552012164,1336.61547401923,,,,,59.31748604328101,,388.8405418064968,162.14864530720988,80.17237326074603,179.654948863227,418.5642841087581,,113.19947936381293,187.51004884480585,,,42.923890301356096,9755.394368506642,156.97700129414193,62.138676715172224,100.66369235271044,71.87284118165935,0.2414184966507698,80.85983310700153,372.4881778074065,91.66666666666686,730.4260651629096,400.2205754650956,160.81197094969636,177.4552057388775
2020-02-29,,282.4950910702459,,,123.11071800750553,16.40827137920011,,,1315.6513820507034,89.49592721194571,2840.9701660309593,51.90615835777189,,24556.571327478618,41.2942039729414,,97.39428422240113,,240.58323283099304,,110.9556443046714,84.2094453667664,136.24294967110134,138.8246946186855,202.04091570948353,0.0028895804333376,,,132.16718555839037,180.9944107848912,191.76465095811125,,3545.005065918099,0.1806051307555527,119.35311649244916,90.05283431431643,2.5280939050605853,235.78759634230255,162.32958710207393,144.82272701182492,184.54814057385371,168.37944664031616,192.68028752858095,,0.5211331852067685,187.73325177570516,183.29827298246613,,,0.0012349384858451,106.21180556707802,8.597535444275275,1295.3384936356235,,,,,60.75242948305062,,359.82259439180655,132.4818728135016,82.75830445133137,152.46469777689535,367.7967913911242,,101.2901551550262,175.54260143513017,,,41.23118269518171,9044.505869417908,143.35853543435374,71.39866885930604,94.5342334433748,72.12831732203459,0.2282366196740395,75.1640134898458,347.51516738035934,89.11764855478343,659.7092829730597,372.2481145711481,162.32958710207393,180.9944107848912
2020-03-31,,254.8404129833378,,,77.26598115622419,13.938349639586251,,,1343.5878961080584,87.42223368346302,3017.433134836532,68.03519061583661,,22668.40619130802,24.39016083050328,,88.92472170538124,,223.76145006048824,,117.09986520219812,88.87258294065042,126.90081587025364,121.82238362495823,151.59494228009194,0.0019836578893104,,,115.82854954015532,186.4014602011477,208.78187283985895,,3073.7134494206216,0.1764203627719593,127.38063544270042,82.35987796592013,1.0982256264507615,211.71589139655725,165.70208769124926,132.82804162564915,175.2623264457426,164.82213438735184,191.95724519335928,,0.4744459067100674,162.19036609416298,175.04448241819563,,,0.000720042462621,97.44022337906507,5.6383562821022375,1313.6810238289104,,,,,49.00935013260162,,197.67021092633408,109.19858066825851,86.22038995977947,130.21993677995476,319.4886352531328,,79.7928862884412,154.72266451722112,,,33.40986232066516,8839.54080948081,111.62213392532632,51.14582598852087,86.19504417625893,63.07969805971727,0.1575500919246724,62.440353883307566,354.24585265381506,92.05882502537165,568.6215538847134,339.28961228607784,165.70208769124926,186.4014602011477
2020-04-30,,277.6482853793944,,131.10950546122763,110.0106428946817,23.539963086441094,,,1474.492870651476,100.26785343624482,3479.9166502369217,70.38123167155511,,23044.118060701185,21.67797813071079,,92.5868512678658,,244.48186613346547,,118.73802047655606,90.1158558533788,146.770656623138,130.0099042588307,256.23805256131004,0.002811483664869,,,122.0331041434507,195.58635562473432,230.0237778782827,,2774.2928217115145,0.2324205706985208,126.74977549644466,79.99460370305236,1.973194578301379,215.602185230675,169.83340171705527,136.6256167035763,180.43943903099668,180.26185770750996,198.36133443037,,0.4852043066256688,169.10815952279776,187.90561622134467,,,0.0012218881476577,112.12163173812564,7.1445704948877236,1480.8211967861378,,,,,43.657937170614034,,191.51853551410883,137.12853991662996,89.99721051445013,121.59366894534178,341.58649036113593,,100.91628609598304,160.87219262813005,,,36.76768242093023,8897.017338598924,122.70585699537432,68.60587973192798,92.71491455698164,73.92714434939117,0.2443727602236814,69.36878328320851,392.23910360404545,107.84313725490216,591.5990170739369,379.2661339427054,169.83340171705527,195.58635562473432
2020-05-31,,295.34099312153165,,116.63482745687988,152.15388194849712,27.202969598497884,,,1645.4992331738297,360.8836613520459,3587.8015932507537,90.90909090909194,,23103.021873037193,28.100404166256173,,96.43572183784472,,258.5687867365642,,116.4725327233278,88.39647088310448,173.9378288417335,133.60845163420208,412.2585497891829,0.0030457739702747,,,126.07854588561771,195.0314825221056,226.79977922969871,,2504.306805483833,0.1428530481132044,129.07265195732666,83.55319703028742,1.9972126847233465,230.9529922868077,170.12175732039913,145.35453223900373,189.31267234331335,193.7747035573123,213.9465398684061,,0.5328547022444441,174.04944307763785,197.20456061859596,,,0.0019487246765861,117.93026317480202,7.284306838055659,1536.845126943461,,,,,49.83626616961145,,157.62542646252376,149.8333253151241,93.4337769650964,116.77225448196576,409.78666303598646,,120.60678211401456,172.02572040619134,,,42.16107605640232,9482.80688922952,126.77305805179842,120.47814733804915,98.24314242155194,83.75640071594886,0.2439134289452834,75.24353532552664,407.5433827296253,106.86274509803948,609.1829671835862,401.2655389913992,170.12175732039913,195.0314825221056
2020-06-30,,304.2781405180113,,113.60765023409049,148.5987731817625,61.85480957905077,,,1865.6579956739329,345.411529953573,3521.314360928274,97.65395894428266,,22242.584289428487,32.34639646908913,,107.98740605042993,,263.1709725888722,,114.39382522970168,86.81884221702836,190.23440141061883,144.073951799273,429.0666785048467,0.002452238500122,,,127.32007976806884,192.3869993240697,216.44978901374947,,2561.822632275413,0.1481225218922294,129.06192494577147,86.23570391749466,2.458034704888156,238.8620519113454,169.10475407848676,150.59408764297012,189.145725236074,208.20158102766817,216.10851017288343,,1.6048976551271403,176.93369305962668,200.73367100365172,,,0.0016492533727243,82.86721577109675,7.353422276397972,1708.271744057074,,,,,54.54555652305425,,165.6345201236973,158.8808250523023,95.61140323085247,119.3502996711732,442.6880495738407,,276.9089345179021,179.52170785983594,,,42.75705702803679,9533.154515426848,127.80143023804392,196.05855369014503,101.38204803033312,87.43333955586104,0.1763720546363908,77.2266374686868,404.4095171876811,103.6764705882356,618.5163103070198,409.0066788938599,169.10475407848676,192.3869993240697
2020-07-31,,300.8529271896938,,173.03456438824455,124.36818814717137,60.45829627846169,,,1694.3235718668043,203.8607343426869,3566.89365855815,84.4574780058661,,22893.202852642346,31.43536406215994,,107.6461479974192,,262.0812596169464,,111.17932773911372,84.37920922213549,177.19949283935603,147.2103004291838,537.0195910887727,0.0027646257229541,,,131.10746373212453,193.31964802033607,161.82449949069402,,2315.5196035501453,0.145702449731588,122.52891300802231,85.95378850212468,2.236493630552911,232.48022579850303,169.7262584544412,150.34074073250622,185.7874750441986,205.3359683794467,199.74063814193772,,2.1035096407329106,170.0249546958904,195.59600577273616,,,0.0022164990525062,94.45176842988204,8.431478286242006,1614.960020385033,,,,,43.527315114130474,,134.4111046582766,170.90315285335876,99.94964305716346,104.01188282623322,453.42288746821487,,231.96634969610705,175.5928456591633,,,57.65304239449334,10010.35958273954,126.34561414916044,151.89487075490777,100.39821541162624,71.97486373814776,0.1833104557047102,75.5268363088255,398.01097282528355,107.35294117647088,591.2581257832103,404.9860775880127,169.7262584544412,193.31964802033607
2020-08-31,,318.9305492131501,,318.24199997734917,141.41003416625767,65.0514485383652,,,1771.3837982070909,269.84106707597033,3515.859108232713,85.33724340176052,,25397.54400368507,32.82895552440036,,110.89802123669996,,278.2312290503903,,109.52970817533225,83.12723552216973,209.69134068244855,152.27797953119764,598.7673822876944,0.002811483664869,,,132.6140477612365,182.59204064898967,184.1587005110395,,2233.9823369636997,0.2679732732932501,119.45728835741828,90.83091666814202,1.8673871520231125,232.52118096868065,164.58474086738005,151.53005382573113,186.1987609768876,227.47035573122537,211.37933378445908,,1.3913649115583746,172.7181910794623,208.9193130386136,,,0.0016169673010274,105.41222393679568,7.13718626644591,1796.4251439605357,,,,,45.600592604698136,,139.92452318283674,205.86082860230204,98.07824548502936,103.67074936784088,489.5992221738804,,208.02532868424765,179.9236309873322,,,65.48927724115894,9845.978158429589,133.36216918684983,203.74327383083775,105.59849906996088,75.98768997555881,0.4071971578477679,78.88170789222345,400.8812080298799,109.80392156862776,597.854646381581,431.6255005674263,164.58474086738005,182.59204064898967
2020-09-30,,315.61489719395433,,371.7985272804569,148.2786107546719,83.97336967317732,,,1794.424365330858,292.0227950328581,3565.182311549645,98.53372434017706,,25386.13422452472,30.125372245411203,,114.10352906005492,,277.87680784107476,,109.24209389002344,82.90895154394407,172.66135902772868,152.78969957081466,869.4492768543578,0.0025459545329096,,,131.0725870323733,187.12186888627184,162.67785431576064,,2040.1202091366383,0.7120811009694687,123.69463252214304,89.874738780358,2.077703137143828,233.4784548300925,166.73175010620312,153.20185822904097,188.0405057301619,224.7529644268776,222.0647220269714,,1.4579493355136917,170.2181988479582,208.64918515663473,,,0.0014655266955261,87.82951425281786,7.179385009084474,1693.3393126717267,,,100.0,,41.11572211515778,,75.44659102318451,212.8532102670774,97.68695326540131,90.28571868287275,505.2522096848353,,200.79151047387325,179.65232444346069,,,56.78853718711474,10543.585428556442,129.84197049731586,405.542915376815,105.87177995128432,70.72920020953829,0.4832462805763792,80.0198792739373,408.217386170753,97.45098188811684,588.0802102913553,424.49399513489857,166.73175010620312,187.12186888627184
2020-10-31,,307.0250600687753,,307.24963256932864,126.69400745402616,67.23460881245614,,,1760.0687469389115,252.54840042321263,3273.880315891514,89.14956011730307,,23948.262833152818,26.82138914692724,,114.15147293752864,,269.03743708336606,,108.6808620144845,82.48300633622205,189.42016308961848,154.04423902277898,1014.4960810346738,0.0024209998225261,,,131.0609410715121,185.580303639768,175.34321059591008,,2196.089515659982,0.601667963834978,121.9567802625174,90.6618109727746,2.2438540335971155,231.37733851298043,165.77124824178978,151.3668760651429,187.93352054998337,211.8577075098816,217.434026638576,,1.2797833587097522,162.50383691850968,200.8397141591508,,,0.0008951504190525,110.12731967369392,7.180010881460587,1621.816982741013,,,106.09239114690232,,31.51353902482724,,120.61496533087843,266.9393663732522,96.49606390131596,90.42621933085914,466.59855735424287,,191.57772509190943,168.92082054898606,,,56.53666653474105,9808.193706900853,129.79389313220938,419.4749883202024,102.67041303455797,70.10774311803316,0.973245420065828,79.57256243082668,386.2388112965122,93.13725490196109,559.1277999686737,410.6629396103598,165.77124824178978,185.580303639768
2020-11-30,,332.83936581158775,,331.5847726142084,186.931449538108,80.18105968428402,,,2048.6684899441548,303.3668124058705,3290.321383663826,105.5718475073326,,26337.422912124264,32.168523864473606,,124.6887589416461,,287.5995866876746,,106.18757459356192,80.59073350799798,181.6586839484361,164.67481016837152,1193.8741258762154,0.0024990965909947,,,136.64042237911684,184.7739570120088,184.8360165464069,,2627.119970803648,0.6136449259000164,118.74006792048704,91.70146603489142,2.952149309498677,233.53686968814893,165.2455706749706,157.4172108764109,188.5550098326856,225.79051383399215,232.7635929674054,,2.0402323276393792,182.69119654796128,215.9942261735786,,,0.001095542887498,113.50882050822462,5.713873207130937,1667.7019810069107,,,275.4070859035588,,32.63907394790028,99.1201066801566,178.75773306139538,299.7680804032187,88.67021950875507,120.33428251510315,515.9983853072137,,214.9304564260102,191.31832184132193,,,52.997845323144475,10180.12082501838,145.8393446512575,800.4470606232837,111.57959375665712,53.22636685115853,1.2771697581269297,89.00596520416077,406.14479685058046,95.58823529411794,628.190495770679,441.18215391423183,165.2455706749706,184.7739570120088
2020-12-31,,340.81138973209335,,266.6377827714067,225.8054238382905,70.02588087711898,,,2249.5686106333715,302.50432968947143,3087.5482144719863,97.65395894428264,,26093.269305887436,33.844087666536886,,124.3866954058376,,291.8526411994626,,108.02473218289228,81.98503861629918,407.222807642694,173.48960052822613,1009.5267999936864,0.0027021480698468,,,138.27013930548412,189.43420770896432,201.4771011532642,,2563.5142742398716,0.6236675526065729,115.61248717932114,93.5412547406208,3.354964442853396,233.7275486353824,167.6289206162665,159.66252223404376,187.58979923091687,236.5612648221345,238.95835365728607,,1.813499512636353,189.04122451334723,220.0218621470999,,,0.0014032746076168,112.74556431341666,8.537167842394023,1694.774387850973,,,233.9978777437438,,34.03034165859259,98.8963248662494,188.1437878642338,374.61140175985054,92.1408113698038,122.85229997045764,547.3527156760213,,321.3428006993273,196.92523686448783,99.27583467811904,,63.35922110155614,9781.468350200945,155.14333979889437,967.8091517757746,114.19535538071544,44.73886877434643,1.634307155869604,93.42942123062852,408.6748686910954,122.05882352941217,647.6691729323329,447.5308678512439,167.6289206162665,189.43420770896432
2021-01-31,,337.4239980868685,,267.80130767341797,211.00201629814768,72.89398641531294,,,2433.341867296572,429.324624376153,3157.949709804705,117.30205278592516,,25466.862034245925,36.40630537830896,,125.10181779901411,,290.974522979367,,107.1562564968496,81.3259116625107,353.89223047463247,177.28623308022352,919.9109750976572,0.0026240513013782,,,138.3484233151737,184.1810486936708,194.14345357514463,,2589.9038475855677,0.6178083816705779,114.0324962229932,95.9130736657339,3.3815451341726503,228.0863168987279,165.21719140536658,155.93467581354156,186.75227142692503,234.9308300395257,235.26752538195495,,3.774014053400396,187.1989455489867,214.9918110985251,,,0.002092090006305,116.18064215530676,9.832253421117809,1755.3168455764944,,,347.1532287608315,,37.336994475661974,98.89387238224316,155.0812114425256,336.41975036500986,89.99721051445013,126.6577062536708,579.6702621736365,,404.1640331952511,192.39348997257068,103.9470220480566,,65.57381686412215,9442.947165335408,153.0200600153931,2744.153410969453,113.78152017419818,46.9170030412713,1.8721226031012088,95.5367759457942,413.3710810660703,106.3725490196082,642.3558897243124,439.50479811649535,165.21719140536658,184.1810486936708
2021-02-28,,338.1706161516485,,258.166443204365,158.45741458095114,115.19656527530351,,,2533.0003801209787,561.9699492426688,2985.160816935336,121.99413489736216,,26336.205183435275,42.18997773878818,,141.7264130700525,,294.58221349807275,,109.65382265829372,83.22143182770846,247.88878643353945,176.75800594255432,779.8143765382895,0.0027333868964004,,,138.46941657858903,166.58411681416584,194.45815558889035,,2883.9113036081153,0.6211060119016797,108.48995182792818,99.91477840333756,3.4820017819459834,215.3281753804929,155.65542319409897,153.82500780204865,182.9597743069555,233.44861660079056,234.6169925848847,,3.7085300692788663,190.22978924699157,216.17880121789335,,,0.0020949955451543,118.88134354415024,13.99954734963772,1726.902132087979,,,231.07610588842604,,36.0304245960084,135.76669957590352,182.1400932926627,348.4338590187054,82.18837882709043,137.94389257411623,584.6570106333094,,431.4916753334136,193.09686311188153,105.93031993072914,,63.81795190122198,8399.862325584269,158.78666141242434,2248.946366874388,114.32028991101826,34.52217429231309,1.5472191613024775,97.80317433232148,393.3334825305432,108.5784313725494,649.9649024906031,441.8567219406174,155.65542319409897,166.58411681416584
2021-03-31,,354.4377683002218,,221.6460775485153,143.60920298728098,106.46259427981876,,,2764.79292407635,490.8715787271293,3114.969105879103,122.287390029327,,28506.50632924349,42.89521983173562,,139.60187123805986,,309.2774690126835,,115.00010844287368,87.27897899904013,241.8920272897809,176.42786398151108,825.425033204756,0.0026552901279318,,,139.44439945082777,165.9887482506139,180.60935045587212,,2936.3205904089587,0.6119193392257384,108.26681209911824,98.848121379609,2.443241793034362,218.2969503027739,155.71217090978692,152.71146775698963,187.36079342574575,239.47628458498045,240.84627694556232,,2.914093627363244,198.04827804426932,228.6093064115477,,,0.0021019543865752,114.4597150746992,15.675833594991008,1785.42469151351,,,229.4619435453761,,53.105395539806146,115.16235201290984,178.0812713372864,369.6122954740688,82.17136612188924,134.98413307433907,628.352887759301,,419.7956494437567,202.33119032390553,108.49425291146598,,57.386257269970606,9126.665448044145,163.63433166716675,1992.0499962346137,118.88809697759932,29.22267733211549,1.5375326087497214,101.03378860378216,411.0129670711386,133.57843137254952,673.0426163063925,469.37070476590526,155.71217090978692,165.9887482506139
2021-04-30,,364.0267888483824,,182.98580177623964,141.00263200958037,114.94577502357876,,,2949.453104980405,488.6586369232335,3316.12897086481,124.04692082111586,,30226.793421863484,44.01955405677429,,153.5245895253776,,324.4488127189126,,115.84397958061878,87.91943240648834,210.0030388774386,179.39914163090037,1032.8185103826952,0.002811483664869,,,140.30353928054572,168.07253822304594,156.92797760823848,,3141.6963354031973,0.6163272403708631,108.8426632923538,105.52637898456008,2.8638603978017607,219.6890647714912,156.50661728237887,155.82409997303117,186.12141521665515,251.6798418972335,233.9901998285022,,2.0491869113617716,206.01934653603564,236.340017038242,,,0.0016495841825512,113.804966693775,15.881351088267834,1881.4724478100748,99.64684492874102,,223.64433618524427,,49.233623437562954,98.89721909164238,176.9312683425484,427.49811295930493,84.97846248009043,130.32489410309284,634.949629572947,,385.354611877444,211.17363712028595,109.9882514143815,,61.85920276956352,9521.568831514503,171.40683892682952,2872.720581535244,123.37002495831128,29.463232695376867,1.475497932021037,104.93041069139026,419.89189119990175,123.77450980392204,698.7267974624076,486.6777804450989,156.50661728237887,168.07253822304594
2021-05-31,,362.8600330335803,100.46960837129711,164.61339834161777,114.79579970468146,135.54404697070052,,,2981.494133868374,446.9038201625981,3458.4022941773505,124.92668621701031,,31257.68383319039,45.1732631209884,,157.0712582029441,,318.62995704358065,,117.08692155613592,88.86275940023701,189.2370670986133,177.68240343347546,875.4663625381655,0.002811483664869,,,140.85506541080687,169.29899601042658,163.3007888845666,,3159.0422741184157,0.6026585402342471,106.6153366549297,107.3382985940364,2.116302980736756,218.2664297378865,157.1517678560412,154.59929846327228,183.31289645862557,242.98418972332044,233.32051502660377,,2.421977699660392,208.26683031642884,236.8613008125239,,,0.0017668903244106,128.528006720478,15.863564160405854,1834.1298679785125,94.4198280288182,,218.8356244538774,,48.51945450876553,95.93471606846232,180.99009029792467,445.7475616216065,88.72125762435864,129.6120320600179,609.4341692844672,96.62394782375448,345.40763984581724,215.23311590458343,109.10752124130964,,66.04473054763135,9596.704278815234,172.71436610229316,2622.646502180314,122.38619233960446,25.580137270758534,1.306296161938005,102.84293525016186,423.0322333544312,130.63725490196128,704.0200599154151,480.7039203933623,157.1517678560412,169.29899601042658
2021-06-30,,377.0038242428855,99.881050911111,146.1104701759364,118.17705040998844,123.40818821355542,,,3133.411169706802,531.815145405696,3732.2032215190065,125.21994134897515,,30796.297094449863,49.935992328522424,,147.75947433041253,,333.790721012218,,118.57558371768802,89.9925749742746,323.9441173683945,184.4172994387576,937.2125134743694,0.0035924513495548,,,141.94358983879448,171.4423264730552,150.66938301313414,,2895.3840056471117,0.6001522788039187,110.63684407030524,109.66600164388328,2.4233853045953877,225.26012428822528,158.37684596198656,155.35869251798513,190.25788014622208,265.8596837944668,236.9588812173315,,2.778021926991614,208.74146461016588,247.2142755501997,,,0.0024074901188163,95.85832178966412,15.85098963228073,2041.9061315123165,112.99426948717534,,257.9058373943396,,53.77391486997909,117.62491973294507,167.29153394182893,381.0470089480785,84.8593735436819,139.35991209533887,604.736628403355,105.99179358780152,312.7010809633403,217.46382452667265,117.6670095074385,,61.57576102657225,9605.786702882726,169.96823987214813,2598.242415227845,126.87592426055564,25.44624765745333,1.0711090621727373,105.67593560328676,444.5200708216487,133.08823529411816,705.5137844611539,504.1966205962573,158.37684596198656,171.4423264730552
2021-07-31,,377.11901287435734,98.80617785156146,146.03272103012102,99.89483137178236,125.061932275489,,,3421.593290352378,819.2790352063629,3553.8242814141604,126.09970674486964,,30568.79314081526,50.46742199154804,,152.4144031303022,97.91099403983884,339.9481282904782,,118.4135827959797,89.8696248724438,237.32751318388736,173.52261472433054,802.0084495025127,0.0034362578126177,,,142.5604137041616,180.63481854783456,145.90259956773258,,2757.65742164222,0.5855511992417194,112.06663923913204,112.91749175512987,2.5831018340009506,223.9419723069104,162.69310471910558,154.43486988166651,189.3468121131502,273.1719367588938,234.52962712262223,,3.3063335040633177,209.31743599129896,252.5678342621347,,,0.001978519123404,95.17145473512734,15.645081446868394,2128.807917059319,134.51621216038745,,210.5608191750315,,41.36332709591754,89.59046041335914,168.62756778150109,396.9684555584186,87.03699980943796,139.01314040887388,589.6215664296494,100.50951228359372,328.8228937699583,219.6141454567856,117.295146209633,,60.90842186309872,9425.274431643373,174.4609986162985,3226.4018141909155,127.09455373137936,19.23916650714735,1.6543998306653132,104.25446797820588,457.73774051131034,137.74509803921623,704.992461622808,511.1761621638711,162.69310471910558,180.63481854783456
2021-08-31,,391.0269752953304,100.270101285091,126.97261510765551,108.85195572130624,123.99994103231174,,,3798.456025317261,907.1201950859332,3688.1366413794417,123.16715542522154,,31855.516497767658,49.562004921415614,,151.7948690691354,166.82944112879846,354.1249766631049,95.65061742631798,116.99048899753012,88.78957220614353,365.8685154381424,177.6163750412669,911.8271981057084,0.0039048384234292,,,143.13370943713923,178.24891214124344,151.03099274344288,,2714.4151101169873,0.5858428888017584,112.7145728240288,114.06875887856478,2.5689458049198346,229.3805172287033,161.5107601266942,155.83487400537211,193.0194940285135,287.05533596837995,242.60110473532407,,3.62796773463248,213.2885486650092,263.2808645765033,,,0.0020636975318942,99.29784723395132,0.5879420408533123,2293.433795580329,138.929972202463,,259.251264589677,,53.61392212283662,93.8133172580127,194.24894911388563,344.0232626636105,87.30920309265748,139.52615756879436,635.4890259468141,101.9986725114656,423.95191447880467,224.75883508418465,122.8405557716241,,57.4456784209138,9273.90673822223,184.0081388909037,4693.78855065061,131.31099285659465,20.206013513728703,1.7815763260122168,107.73359687354107,476.9807252003032,129.65686274509852,713.7544055451139,533.7885784188385,161.5107601266942,178.24891214124344
2021-09-30,,383.81544840496014,103.61840977335063,105.29011770377872,99.43013791402264,134.88994520644334,,,3509.950513076251,956.5450779736424,3880.470757984148,113.19648093841788,,31182.27188599136,55.794825320059374,,145.86067286894144,150.04749276736302,348.0098883352108,90.42858102015389,119.73803395538994,90.87481301089537,242.2362844258044,175.89963684384207,965.941900272328,0.0032800642756805,,,142.61121682586173,166.31463459700282,145.94342269405624,,2741.4747465067658,0.5910582904443401,112.89193573663825,122.54539870997615,2.444796874801588,229.2181041272663,155.55631451924026,156.74905657734826,197.1974906233071,277.96442687747094,254.44223595798468,,3.4297831452175145,212.56660504426233,254.453981714921,,89.38367001820637,0.0016401662363357,94.19221402569912,0.5558472823523903,2195.079717581927,126.19317292956778,,242.5002106347093,,68.84923353903241,82.49674335242729,237.00198037267333,304.233838780646,86.57765676900503,161.29910220335364,645.4093221362451,105.90621427267078,444.8351272619961,219.37299771324172,120.21138121444524,,51.41652278278198,9179.930067151725,175.8284405743896,4330.1427561827295,129.16372976396585,16.706725525192688,1.6253416810171784,107.46520297572926,467.8697973944414,160.2941176470594,710.4160303101511,521.045023545172,155.55631451924026,166.31463459700282
2021-10-31,,393.5485655493175,101.22341952850672,109.30435176304223,81.85361770572686,154.2895385451448,,,3730.56978670899,849.1769236642521,3939.3839108180223,113.48973607038276,,31900.41286504233,58.22464662450394,,150.33704617355033,135.21465387872712,361.74238772899395,77.52195090552122,121.34522792554624,92.09458793691932,210.654202021345,174.24892703862577,920.574713196084,0.0036705481180234,,,142.30248625675895,175.7137797813032,139.56504103384304,,3103.0922662794046,0.6035337728067686,110.92280531337452,122.57950839928256,2.581780864090251,223.4142728552677,158.94665150142524,152.818909780342,191.59165065439063,291.10671936758956,240.55081998699632,,3.047372103883262,217.50788463749225,263.2953536716659,,98.76592498079756,0.0031356641298893,88.69214192365489,0.4971673775264305,2512.0240652088446,105.27876150686716,101.70183608598042,253.9806297904451,,61.78024751200613,77.56476982291146,222.96518025184264,290.47112724062316,86.18636454937698,163.83310622588365,625.1996512537829,125.1784981920066,461.2123745936371,225.3617351078138,123.8452486730034,,57.34349273749587,8966.763139976169,176.69060126002518,4245.084988887664,132.69305280134037,22.37189769276606,2.206355308162404,109.28429399900944,466.5187471453624,172.30392156862803,725.5739446271938,541.9635595471118,158.94665150142524,175.7137797813032
2021-11-30,,398.4911120510307,104.8079677031361,112.74408559004893,64.53801698430767,149.56249728349607,,,3740.931435966283,700.466887802848,3585.038623920162,102.93255131964946,,31875.109977515007,51.96529093710244,,153.51428294351766,117.8347443273354,374.1206807110634,60.631930150828914,122.7860467953225,93.18809299164798,194.1970294098515,173.12644437107878,846.5460601434709,0.0032800642756805,100.0,,140.66954952772937,185.54342086132576,156.64067861888776,,2947.4105567475426,0.5933456655046884,115.70557536258048,117.78652910178091,1.541155694537909,226.4396270019867,163.99996727925082,151.98030538070302,195.6976404214699,315.266798418973,238.24068952781192,,3.2448741889540536,212.5359214294211,269.5117553105724,,80.62658389394282,0.0030972154084609,65.97530888380601,0.4373702526359667,2600.3094716661426,89.40957094555581,71.85147745143776,210.0464520257784,,58.55931894661333,64.63435437535051,207.16956416511167,329.6296108802244,89.04449902318183,155.36441916413887,630.6070943514115,126.34408164434834,451.70923641031794,222.3271648983474,143.21828869590456,,54.599053826372526,8931.122571559905,172.3059590199662,3679.686083713317,134.30154615714912,19.472728569274324,1.9260783767283591,107.64413540089164,470.65723072773807,163.48039215686336,707.7192982456149,557.0505441923902,163.99996727925082,185.54342086132576
2021-12-31,,408.4013758519054,103.9152584322492,98.74754055038972,64.01262138461574,147.5687388594388,,87.92608949822292,3738.05793331259,643.9149229175538,3759.178972737938,114.36950146627728,,33977.44293783819,56.81918828943691,,156.19893766848443,94.35056244642742,382.53157209631615,50.18044952946966,121.50061108758436,92.21251551037956,155.72279700013067,174.77715417629508,825.804335027555,0.0035924513495548,93.13725490196076,,143.2260965750689,176.98134596127335,127.29476093201671,,3153.3461524948643,0.593925850988591,113.55714990725888,120.0065337118575,1.3717652836841945,228.3674712320266,159.19494470609465,152.93011576649926,196.8595196602275,320.9486166007913,241.67892032892047,,2.7032005383858326,222.44449710304016,274.84020397182593,,62.26466417409428,0.0022210144954665,93.6982429253169,0.3593825468002102,2609.452001537433,98.71003718659482,79.66644211824462,182.7117616109344,,65.53678413570118,77.43270174450288,207.81220796408752,308.5632406146776,89.53786747401715,159.77807392933013,676.2598085374316,91.6106017592948,457.308536900066,230.28536241537435,143.36508535378874,,55.11522082281273,9131.315526765227,180.00177893631016,3472.906141629541,137.03442645685865,17.123155784497392,1.8379901203479976,109.0457237520353,497.5441629377109,166.66666666666728,740.3007518797001,573.4496948162171,159.19494470609465,176.98134596127335
2022-01-31,,392.5932496884653,103.2620111330478,85.6704045027055,48.25271690390151,122.95592371962331,,76.76169513460104,3117.0233685881826,600.65112482036,3732.7546909521543,106.15835777126252,,35822.707171211085,65.44156117733972,,153.2059129815336,67.56499988683261,359.52064283477654,49.418167818919365,122.85018901157213,93.23677352961272,112.46605856248496,172.33410366457505,628.7589540369489,0.0033581610441491,67.64705882352939,,139.84198701583645,163.88712164930217,122.38230609950332,,3708.247800520783,0.5771049280990083,111.37230820096306,130.88780914232098,1.2200140312251526,221.13832048061815,153.1600645153726,148.1499571789604,192.78404151979157,294.61462450592956,230.8549809698231,,2.123257910371398,225.59621669181232,255.83921150868548,,50.804172619968625,0.0020613223135839,131.98525219295337,0.292766450602505,2429.9420203694294,85.66510481965521,61.73479938818978,138.53543239723604,,44.90719336733501,47.46265454723617,193.6401232400432,227.70439267525012,88.73827032955984,185.86589055294087,612.5072696712235,70.40880625935597,355.81957708624657,221.5434040670602,125.67197548270585,,53.69750221137251,8765.645881506007,168.41112983316037,2981.9322278179434,130.25688903249727,18.198992906970965,2.091917265608249,100.45725174014753,460.9397149335895,156.3725490196085,748.3107671522563,547.1448734531906,153.1600645153726,163.88712164930217
2022-02-28,,381.4356178018215,104.13736050225052,88.19730076019793,35.41236252381974,113.40105495762307,,65.88679414492893,3157.0206616705113,561.1113874544754,3990.66260090509,109.97067448680504,,36870.29454025525,73.04333887188548,,160.05711086377806,62.98388240751747,353.543091095572,42.7356583882329,126.95373478404343,96.35114698670417,101.3526530143093,166.72169032683993,560.9973177033562,0.003475306196852,71.24183006535945,,138.18688454113075,159.17672457321413,109.89258137687716,,3616.877020313236,0.5941269591196248,110.68772268829484,139.91828423954138,1.0459403753480647,209.35918282380732,151.04357297156426,146.0079183598022,193.2568874267208,285.3754940711469,232.37808463396337,,1.9524746358961116,226.15242025168732,250.8100743552416,,35.59185682109076,0.0027895584301677,117.22780133336998,0.2899387851354018,2344.7926695834144,84.5584395714148,73.94537711093791,120.01032232728856,,8.836495372155726,41.312992895808,175.037141968074,212.09492665915943,94.08025976274268,196.0827174570505,573.0894513409353,84.10950746637205,393.8312410050919,215.75562823623628,126.38960793645172,,58.116495806829874,8761.164828942028,161.84804525914765,2869.4583489252045,127.92222414441407,25.319124115750487,1.6843233079261233,102.26639838652729,461.2951119241111,172.5490196078438,747.6992285401008,531.1795447637763,151.04357297156426,159.17672457321413
2022-03-31,,395.7767405179696,106.540406709458,82.48340186664858,36.401972162052395,130.32741930338207,,46.75965043552577,3267.4170498985022,587.1903375709838,4463.339603970677,112.90322580645312,,41200.89089422954,85.82090075796768,,171.56455499541556,58.96863559577075,378.585329974682,42.17298132999072,138.35412387627466,105.0034372639434,114.60969060604586,166.65566193463118,691.1947304632595,0.003475306196852,65.35947712418297,,137.28543996849697,154.31021733119888,108.18110862033852,,3800.103719811626,0.6314047720799955,108.87794503040595,156.37271319897317,0.7778594810074728,211.58886680933787,147.75441684820635,148.02745157174232,194.3579177794663,304.5454545454552,231.6609492518994,,2.0264540394816692,229.90705216664392,265.5345591057201,,39.4395110377853,0.0028737400909285,99.59082018750048,0.2827557079503628,2462.665703748095,84.39146642566271,60.1108199633987,141.53056422501075,,7.607190608918724,47.30626477085594,170.97830711001737,198.28407763276869,98.09525819023044,209.6553802019224,577.7389248779704,93.36337663780697,444.1294530012087,219.7347193285577,130.85530238375654,,59.2162089779174,8079.494149969476,163.1301525796468,3603.3079520421024,134.1219602163466,49.46438457498662,1.8105006133169512,105.52683630882557,498.7023738791699,194.85294117647135,753.4536536654142,559.9967758483855,147.75441684820635,154.31021733119888
2022-04-30,,383.5518675977494,112.54037956077374,54.66623017382975,29.556597963917326,110.507513546016,,38.82508002429293,2911.5693744650252,525.6420515306305,4708.268228112773,106.4516129032272,,39730.35311993733,92.9917964396121,,168.16949339238306,50.109033725926544,364.4931195027874,37.4372700009608,161.28730095267196,122.40850155069958,84.10168824426079,165.03796632551925,634.6614475981418,0.003475306196852,66.33986928104572,,132.1502824883221,146.451714161828,109.57372050882572,,3625.7934142238983,0.6305655649693072,109.21659282783872,170.18274890226914,0.6849305273508398,209.0716268569761,143.693034695714,141.46313977047478,197.8785916579543,286.11660079051444,226.11223734230865,,1.871605772868776,231.46110819187408,259.78322340087277,,29.482733874633237,0.0025359697694271,42.244653819319126,0.3873130232359372,2336.7811637835393,76.22656875481242,61.19353285309279,113.01054200010503,,6.1406578290532075,46.67161852685845,140.85839337944122,140.96895889568793,100.74924020162064,216.06883622422467,537.1282005743986,92.17632545293148,505.59811473433314,216.7805521434519,117.68006280015044,,55.93820588794469,8696.856052727073,160.1713768132872,3006.447147274622,130.10071491241231,50.15884581052131,1.8285632281282749,102.82305597622454,500.02732501656817,194.41176769780256,756.3508869830833,538.4022887872878,143.693034695714,146.451714161828
2022-05-31,,379.6863955309543,111.137046293837,56.029066709701645,30.155930011192172,103.0811289836328,,27.88735615872652,2898.264621338677,497.0998977507768,4605.186756801173,92.37536656891622,,38324.1300945413,99.88017382112967,,160.7284470825483,55.58958593149125,354.9501961952431,35.19271465395479,157.39303005907493,119.45295661999486,71.30247619634903,163.94849785407655,597.2378329459563,0.003084822354509,63.7254901960784,,132.8731905628785,136.82685813632415,116.7900366176306,,3855.0726847004407,0.6290513318219922,109.46947417863456,172.20767569338992,0.5704315381328022,206.45961382793723,139.5955979550784,142.17922185615924,197.74072883738836,274.7035573122535,222.9890129856418,,3.157897720104145,233.8232657620599,248.68724304470132,,29.411934364817625,0.0019736499400212,38.42350002137082,0.301241444019105,2261.5576143743974,57.76193675493274,53.52889886959199,92.95430621916309,,5.763545733836132,44.63050584168732,146.60840835313135,113.14572063785302,96.93839423654754,238.33421659403547,564.4212575071127,101.02183304194509,509.8466142132393,218.30787229384572,119.89170620037008,,51.93244090117649,9042.605256803956,158.23201819882377,2896.659584899285,127.8285292038932,40.86771192231664,1.7424927049362129,100.55665758969737,490.4656266965806,182.94118245442775,762.6767113095248,530.6328476361167,139.5955979550784,136.82685813632415
2022-06-30,,363.80307780010435,116.0930842999532,38.72056665247114,23.421915109880267,112.15596631543346,,26.88101233182448,2491.9662138569975,332.33705581880383,4757.606368227729,99.70674486803654,,34519.94947529503,100.07766541867947,,144.55061446435923,37.77559105318994,337.99087683604864,36.5101058216421,169.78936238131044,128.86111495190607,77.20201356167193,158.27005612413268,487.94819309366335,0.0035534029653205,57.51633986928103,,124.183160789444,132.39292972326683,105.53702124943364,,3873.877740727149,0.6270069145150684,112.46687252499656,160.26173477970812,0.6673373174975208,200.28472533573984,136.66460642668878,134.6530674185426,192.48767970091808,259.3379446640321,215.55390794987417,,3.052590547868626,220.7598126951104,237.6227997516113,,20.15498791087157,0.001736920586722,36.92443824775445,0.2017239777242129,2227.1789662855217,43.93164858150595,41.69027920648775,101.255834311974,,7.08252957804646,25.397669192511795,140.28338543073195,93.266757709169,98.70771557747436,214.01439857423583,452.4821550551138,62.74408677293752,762.2843968577852,204.2001619982943,104.76252931002404,,48.692227817863994,8796.740656199407,145.2230649356381,1910.7290966638363,121.70686827759054,41.54877115454795,1.6147088846404885,94.11033139233132,494.1515496502191,159.3137254901967,718.726797462407,506.74624921098587,136.66460642668878,132.39292972326683
2022-07-31,,388.18688510013857,115.695903297082,58.873598552871584,21.91197311307412,105.8356654750324,,18.861006336673498,2951.7392954419456,453.247495842242,4776.989208987176,112.60997067448828,,37877.0653594897,98.8192658127616,,138.1035291989702,56.296203409933945,366.1964572550209,44.2649917614046,163.15038407439454,123.82248276216136,103.47267888499827,158.23704192802833,530.8794980780953,0.0049200964135208,55.22875816993462,,132.34606769801107,136.92297963468434,126.5160049432869,,3715.480084783508,0.1908603498040807,115.93388723897404,164.37777706851233,0.7901634493754408,208.63494494545333,140.57258416960022,139.59354516319354,204.4537762353152,289.77272727272776,227.3600885246458,,2.9700699345544583,228.94893372541873,253.40427010736363,,35.05616751896152,0.0026261837894253,33.99101374990549,0.2140929280634683,2426.192744076857,48.23086791875248,38.77720211151214,115.15022251626256,,7.602640443735586,35.456909793922186,150.97164324542894,104.59388307365542,96.2068479128951,218.52735449543567,491.7775623974055,73.68709199864143,1203.186981559954,213.8464703820519,117.8105459530345,,47.84985151085966,9464.593343814371,156.9638606956451,2787.289357441644,129.09345855857526,46.94151867857263,1.863692136292504,102.077531064328,508.1532852435359,183.13725789388107,744.200491463034,551.0274760825581,140.57258416960022,136.92297963468434
2022-08-31,,387.60081064339187,121.03874437454888,96.5281201181193,29.291281158635048,102.69000665078812,,25.463143568390297,2651.365583786797,491.9163120946728,4722.983126130579,114.66275659824194,,36940.954994347616,96.30611180870376,,141.90055379210958,71.44369824144496,372.27980637014053,52.34045746330699,174.97278054136663,132.79505423996787,99.81516807209267,165.7972928359186,533.021880912095,0.0041000803446006,51.307189542483655,,127.32331930988686,120.86122842884332,105.99009517379385,,3880.449725417639,0.1952691250628174,116.8767699583706,171.05981292571292,1.072467033925525,211.9124683479518,129.653211058601,137.87648781591997,205.93899040094848,289.27865612648276,229.97914886981704,,3.7626210006954866,226.49218203711752,254.6523321800315,,23.98980542565491,0.0022997682209039,32.040532795281365,0.2227792334498216,2364.2308834056985,40.54293271991799,38.90071663979287,89.67376412710124,,7.4829222374267905,35.53823012883621,130.2208689037845,118.5725130172447,97.99318195902308,231.8972845912557,470.3076657453764,79.84573697089581,1539.666154937906,209.7065885733938,112.25861596646666,,42.78639428643991,9369.116116846704,148.8259280406959,3016.1938957314865,131.07674359087997,43.66971496779883,1.9559940622638816,103.90655698464502,502.8055459694258,206.17647358015572,730.2456336152892,550.8874623703285,129.653211058601,120.86122842884332
2022-09-30,,366.60384241136654,126.9935919171826,72.70320635221209,21.914907149226742,75.2262612958144,,22.00530385889769,2428.191329653652,487.50306825306967,4412.377321142661,117.30205278592528,,36670.19964785365,91.2491991719104,,145.74221121180167,79.71824223247074,358.74832199059614,47.08846147755498,193.1839587115145,146.6163719637653,86.75990937351405,154.04423902277898,464.71732520601546,0.003475306196852,49.99999999999999,,124.220814884881,108.06643168236155,94.69441616898573,,3429.1493025314376,0.1935172614989337,116.42917665472372,165.71405822357917,0.9042497088951162,206.41666339583745,119.6533634120054,138.7354118107364,209.02497458314215,271.6897233201587,220.62645288085335,,2.8036339183469603,215.23508064131005,244.27587459482268,,24.951538372706512,0.0018460892424696,39.01422601160377,0.1335651260397222,2198.345562458167,32.67563524219085,43.42595995392138,98.58188767650724,,7.3565728758570605,32.69884237721198,117.6892180536532,107.6078331749309,99.45627460632797,227.49224883591972,482.00277352897336,66.6300401495489,1111.7461524387206,199.69855857432032,103.14457430058026,,45.34211686681717,9472.939216474411,134.57508459667756,2717.394554655078,125.50166825604924,45.20497365504039,1.4503478949307786,98.49900579930654,510.40203556092945,198.92156264361313,691.1077498433593,521.3617228285245,119.6533634120054,108.06643168236155
2022-10-31,,375.5329070366448,123.12578959453576,62.333030705556936,22.592329846930255,77.91890180786268,,18.3034696505091,2611.1687186746835,411.7138979459989,4549.931320494454,107.33137829912158,,39034.541048071726,96.0764446168609,,138.10509857716616,70.89070297246556,368.058491071127,48.080994124122654,187.887739282687,142.5968224993179,85.68533561885428,145.46054803565457,455.9596273140058,0.003748644886492,45.42483660130717,,126.86896385640254,109.68693998265466,59.84752883804598,,3282.3849373651933,0.1832776561628045,110.84527189112234,159.5063786449141,0.7431070970059039,198.38941100729704,122.92917424914438,137.54441874365378,207.0037947249629,276.48221343873576,214.55022229668091,,3.029271760286211,221.29354957788016,247.45290902556448,,18.726670553902107,0.0020277586925488,36.70962607742958,0.1136057867086637,2110.4878399164563,27.986699799090943,48.355106481538435,102.66455785325508,118.38162465670828,8.809868454877117,34.703030192808164,132.16572861729915,89.02276506931108,94.48856468757192,243.4415162259297,514.0372788163179,68.4498141378256,1045.8536045785245,207.59646915546125,101.27870627808,,45.680011305133405,9486.065849184806,141.15149006158174,2614.786384457152,127.016466671337,38.099505877804035,1.8160649490060143,101.81908154341662,523.1148302459532,210.09804220760668,711.2280701754397,542.2918283286374,122.92917424914438,109.68693998265466
2022-11-30,,394.8887550401215,120.2887978753839,57.306276472966154,19.479053154450774,82.41398731441537,,19.09625740936628,3094.514395154799,417.3335783723974,4954.606312135855,113.48973607038262,,40906.555776962094,90.05292064271185,,148.344102181841,65.77071773219069,362.2660847397738,70.63373164940965,166.24473386059864,126.17093002593026,70.24593458988925,159.55760977220118,683.6460504651346,0.003748644886492,34.31372549019606,,129.59276444350385,114.39126351012308,74.86420505866074,,3740.2899358395944,0.1857793007807606,109.23358036385336,159.95647827211434,0.7346992565553292,209.3299506329175,126.4820100699944,143.3286040481947,203.73944832964665,270.0592885375499,228.78436893779767,,3.059324222188305,236.85424484886485,255.49853847096077,,17.852383292016537,0.0018432932784705,34.98659838642777,0.0990606853913134,2257.889311533736,25.215317359909378,49.71772085998795,85.02477192941119,104.95257981917918,11.37065147204223,26.457834527847808,153.7620930167605,90.41408815794544,97.38072457177915,249.69549862130657,613.6465284459797,43.46383259048105,1020.7322302484814,223.37218956165307,110.80375245456956,,51.37997413125167,9986.04525924819,151.20653179357552,2507.8659491109147,129.10126249881438,42.406125215911835,2.1086138328095005,102.35585985917666,527.5051184488301,194.11764705882436,759.2080298402261,554.6568548000984,126.4820100699944,114.39126351012308
2022-12-31,,373.23794274710656,119.79082962506092,57.48546991170691,18.018861405341873,88.40894172561889,,20.57380809128428,2843.149697241175,367.8038866315737,4977.6798862206715,107.9178885630512,,39301.01937906841,85.94259559869143,,151.13072565371544,43.96239251170359,347.9146706968872,70.1460539588245,165.3197994152011,125.46895387018218,58.24755617580371,156.999009574116,595.6337686405352,0.0043343706500064,33.333333333333314,,129.06034809649933,104.99471241718534,53.25275098131813,,3784.319245389464,0.0380555424056592,108.15378515489996,154.2816915474039,0.664866192805032,207.4297099097832,121.44587949847538,145.9148511087853,200.58299393579796,254.74308300395305,226.86609917520295,,2.6852277349764417,233.2818180264092,248.43657125981773,,14.50791354624316,0.0014589952637521,35.91209061878579,0.0832509402027834,2103.0436655817302,23.977307730676497,51.20382861540911,72.12038327982154,112.4091636699329,33.89383727208376,20.158917083588634,157.61798161597628,69.58596273307414,100.1367828143767,237.63982397428757,620.3639907498997,29.80810975662664,1149.669109772606,222.2668779624613,103.54253796203,,57.054326799455026,10077.615698457408,148.82673561078167,2208.658910374669,125.509484110701,43.152975929749246,2.182356720813569,99.3489040092713,526.8795655441422,183.6274539723124,747.0376135651633,517.2088575782512,121.44587949847538,104.99471241718534
2023-01-31,,391.59256504354664,117.66200619755904,52.5266410188624,25.49731219018151,67.08766609952261,,28.27666386889238,3378.6964949707253,377.52959122710155,4699.022106888651,133.43108504398992,,38680.57919600944,85.62558086783656,,162.7142420548173,49.2581460949592,359.65817942346615,62.04183265766756,156.13153789381948,118.49555101673428,63.38281676844392,165.92934962033584,557.2814978389343,0.0035143545810863,33.0065359477124,,132.83354577763342,109.23949088035782,61.284018289120965,,4376.51354841312,0.0433052621193985,108.98126012007062,149.82935223578485,0.8824585141465607,208.90230412954912,124.51386810328349,148.41429726832806,201.95589371644112,272.92490118577103,235.8361216839344,,3.1006460229152824,243.3951919800845,255.7251282821976,,17.079487441783815,0.0015593191974354,33.597103883447296,0.09723961492503,2120.815241256824,25.27608342559334,46.78283924463959,85.29503186809262,103.79967933559182,24.674549100095224,23.86658122952769,178.82538181434268,81.6700311555728,103.77750172743762,242.5438272205325,679.388620720447,38.36777861236935,1693.6434732560213,235.00804349157124,118.1824092508398,,54.78080764203713,9900.498539591894,156.80919802245091,2532.984878047466,131.03771197527124,65.17394834250031,3.240699882984203,105.854868028449,506.4423562897632,204.11764406690503,779.1178140664167,535.933033622773,124.51386810328349,109.23949088035782
2023-02-28,,387.7563605720528,121.0455006135314,56.508648235860335,19.71848868440685,73.00367935136543,100.0,31.433398166301103,3285.534664131314,321.58493107682375,4897.81314703155,148.09384164223056,,38810.873255514016,86.58943077823925,,161.40561839481654,42.61381397242645,360.6103558067023,62.088538553243154,161.10405594680893,122.26942831646568,59.33814482813886,157.6427863981505,439.22683680054587,0.0043343706500064,27.777777777777768,,131.96934056157565,102.68193008049028,50.152776857541106,,4664.171345827522,0.0378947143607795,107.20757857874004,146.26049182514024,0.7974931376474164,208.2049519819776,120.2302682466108,147.91058506374983,203.7609573592871,280.9288537549409,232.3295419676429,,3.015180247838238,247.21580775650617,257.3349207549011,,13.09223213961561,0.0015970750769953,34.36955638548824,0.1397007404344543,2191.799124420875,24.87946732222572,40.7379441168988,88.03401410450775,99.35849880951751,27.01173461974799,20.04005642739391,245.11965008878676,83.74693255965117,99.89860494155968,260.529423580029,708.8487670634179,39.648693629783395,1420.280450271972,237.33922522934225,121.7379942838025,,48.88939689686712,10062.073076801447,156.8859492780053,2223.6459962679214,130.1788019724547,50.77112627196034,5.10853592586503,106.5109314676961,501.9480535326456,196.274506812003,789.6039904448629,534.5762101452212,120.2302682466108,102.68193008049028
2023-03-31,,390.1431395071933,117.40004953169758,51.96441483257834,16.452013615880222,78.72319894841571,100.152596799146,28.843561243014044,3520.9464441375167,248.3872891187754,5056.271807670807,122.287390029327,,38234.92196071176,80.64881722768084,,157.00936681365334,36.17890247850739,362.57818699872377,51.327371306645055,145.37094090019642,110.32882898716248,46.337362635480304,159.02938263453208,419.8180111329587,0.0037095965022577,25.490196078431364,,132.94157142964062,107.99856078366766,51.53041077551502,,4154.63251272442,0.0367567944361893,108.78830001980776,141.9405037376816,0.8088788386121324,206.08034378848012,123.81922521580796,149.9463632788615,201.3850918248349,300.9881422924903,236.22673262448131,,2.5524241622868753,241.79649486669032,258.36352331135015,,11.1664435765704,0.0014966743852363,31.125437532517218,0.2066715932486118,2466.8450490972346,34.93491504148249,38.52575039605327,92.38870982061158,72.42697342614579,18.990563321102567,18.86982942923725,252.019668057215,90.12472688012424,105.95512799319371,238.0495445614474,731.9404059622631,34.38004423628704,1353.3409047712846,238.0626991247433,131.13256975096635,,56.88301979151058,10193.444041238432,150.0344861821596,1907.484772093261,130.72537564951404,53.08532901319778,3.229917555694649,101.27235885075604,501.96063132139824,180.98039814070245,765.0827263471188,538.7650357068117,123.81922521580796,107.99856078366766
2023-04-30,,392.7682368949253,114.98887564146456,53.64108402094179,15.904861247670294,43.18295047812366,117.19290153778176,28.301084223640437,3247.4256591796902,228.94942913528192,5287.657465536084,124.63343108504554,,40325.45097410149,81.08853248004368,,148.123577726525,29.03902283444506,362.858550044899,49.226475515929266,145.5132629249245,110.4368438505877,51.69352018949442,155.2987784747434,477.80489343789634,0.0036705481180234,24.836601307189536,,133.23598736372062,104.11521176284944,45.73076981615744,,4336.780120331695,0.0380877051611524,108.10554512983416,139.33082998833478,0.7087423726474867,204.40320263943417,121.61954298058788,150.13880756998395,200.86939439745407,296.6403162055338,234.09216395401015,,2.416126884583568,249.70889506389503,261.29495885828726,,11.78503949722439,0.0013315085445718,34.65827804010054,0.2545876574615507,2605.889156134022,37.50077848492148,39.69061603869533,83.98786810136461,80.36775291860344,19.264927520547033,15.62159247269407,257.31304427150286,84.2708294297995,104.9003402707181,252.84707960349536,732.0056458549547,25.699131242220595,1137.65615621075,243.64951339181897,120.40057307563632,,58.96956476450187,10793.130006891388,154.81953826262742,1965.687872546774,130.58483323873267,49.47784680135029,3.36404358144724,99.6421446295387,515.7403638435111,184.31372549019687,789.0325912437356,541.8324823809231,121.61954298058788,104.11521176284944
2023-05-31,,391.33467032207955,125.01700568414576,42.74760014310497,16.403665891587345,46.917127604632554,108.28361042985804,29.24289794664516,3724.4561282254354,346.8881516728089,5248.943133675359,122.287390029327,,39680.464458902585,75.50277558266636,,140.3338670570974,29.987332215844457,370.3966130788515,50.377685962494176,147.34456590799564,111.826705623455,58.55640227504231,153.44998349290125,415.6647959682909,0.0040610319603663,23.202614379084967,,132.53849589918008,97.5123062214892,173.121934440981,,4522.679388991765,0.0397904765172915,108.16566871380556,133.2458649515796,0.758839090424152,203.24480757914833,117.52724290458268,147.1122139153421,199.12746053098456,334.28853754940707,236.22181887690175,,2.7301905866936775,237.11364577038577,261.945954255893,110.70803000927717,10.815628074659326,0.0015884310466361,32.29286801407626,0.2197230018302643,2810.380143525926,35.75248620910204,46.84624263807676,160.51412736501726,80.62834101289239,15.482669968791956,16.157368817262928,242.34611573136215,74.60096010477555,105.512797657962,231.17490471421496,738.3907534792954,24.964475620953255,1317.5452360937231,232.95819567714008,144.14795938397666,,55.36410493863878,9893.21837591866,149.57141599284222,1194.7103450855216,130.97524471011977,78.26764299107204,4.24036004854841,97.68886613721622,495.7653925427453,192.64705882353024,746.4762002662919,546.9246583202258,117.52724290458268,97.5123062214892
2023-06-30,,407.33875053215576,122.21249220652516,33.06990836602939,15.673406156217668,58.71476332312496,79.22437157910576,37.69879809438119,3664.1306763603807,332.64917789148234,5076.079140250717,103.22580645161412,,41464.895048153,76.80851056959133,,142.54130111676676,28.434845138740833,385.0283901679133,46.365436742181984,149.9697967642956,113.81911651660174,51.65283722970378,157.51072961373308,352.14514040854124,0.0045296125711779,17.32026143790849,,134.24258007064452,98.87208915487498,162.69018905309036,,4761.642390084115,0.0334824516847122,104.21362089489728,135.76056439915774,0.7847683675032145,205.13085401859536,117.05912386578142,148.0012881316975,199.16012838354595,346.29446640316195,244.58051302206815,,2.8302164097367037,240.43215234304617,272.69210533983824,135.43452309846137,10.171722384182884,0.0020862557303166,30.98949922046673,0.173810423333062,2867.516651919169,36.785163950133395,43.309793497515464,164.59074901943657,84.70984717483022,14.18320245758273,18.845575156978615,255.45276162752225,72.72642172539335,99.96665576236452,243.87625052602945,731.9056562738408,28.48883649820432,1323.26669532595,238.18327299651529,147.1490096825193,,53.48641113730469,10061.420351119978,147.85713306142048,1366.681299665977,135.37908563078932,77.41527811504389,3.182574873187742,101.9284222900032,505.7828992355518,200.3921508789071,755.0375939849636,572.9657232930044,117.05912386578142,98.87208915487498
2023-07-31,,414.12961513948534,119.93700498243491,47.624119694023605,17.071491920194322,47.59902214651508,103.7550734290532,26.20379210008163,3588.1815795689745,314.68894533284043,5035.564141791813,119.6480938416437,,42000.75420660875,85.70183837188992,,149.84183731922866,47.209394497522446,393.25942601411,58.86755376765548,146.64482868861776,111.29564221054297,54.0787285797091,165.13700891383206,407.1867066222612,0.0054667737928009,17.32026143790849,,135.74059271581703,98.52908253135963,126.74718487510664,,4950.055264855019,0.0454628957773419,102.3505080428623,141.45833063295507,0.8044551255205139,204.74034207691156,117.79056056146098,148.50041862671418,197.9513338366673,352.86561264822114,247.18419152602957,,2.8693195682785912,246.06472641891935,277.00480459143824,99.15013854039,12.137197549440751,0.0023358783145628,31.84317325919435,0.1560433906899169,2775.947728818865,37.091771671030784,41.677246193364326,209.04632600049655,85.51595055213843,12.888077667490732,40.192367327128274,312.61465469700903,82.82767671845765,101.44676111487055,246.32282123568223,740.2581703445267,31.480717270977955,1197.2794050272266,242.6045040608976,152.07463049009004,,57.963587563673315,10291.009679380126,154.109024454181,1430.1229222208824,138.6585396075582,61.840742611161446,3.843257652279207,105.5268363088255,503.11171205344766,211.5686304429008,771.8696643953645,579.8069617085766,117.79056056146098,98.52908253135963
2023-08-31,,406.5848514888406,120.6021273284174,61.5615434260289,17.17666703142367,46.07631953879864,100.30680539648186,24.109782241586135,3360.513233880417,274.2147191628415,4830.550925609884,102.63929618768452,,43464.81077987034,88.07266693310834,,143.76168125972868,39.10615351979397,394.39145793640176,70.12175138952064,148.76970343180923,112.90830936884156,55.493222610385274,157.54374380983748,491.1057770490664,0.0051543867189265,16.01307189542483,,136.0338627692856,96.7524579133792,90.79553020048697,,4522.378310084184,0.0467471356572322,103.12962879817692,142.3216275901375,0.8197581470217992,202.57635111054796,117.3517052405562,149.00838346907463,200.2531726639146,354.44664031620533,242.5101019997463,,2.4039581296292103,240.03917834008047,276.75465227393386,51.6158471324619,10.18798730215714,0.0015473967171631,30.210832623574063,0.1401078615483411,2744.621084943956,34.20257070356739,36.66046847369039,159.60369724884623,75.9717518582851,13.944476250313336,24.447817491409193,375.949344866414,85.48820781486764,101.53182464087666,253.75565959018965,665.0454059154047,23.596343990878047,1043.8330893125014,236.21382820644465,149.48134315519962,,58.382291489366345,10018.869450529375,150.6965323278758,1080.2829807347396,137.2530559276823,67.22902593041418,2.426518746119388,103.41948159365984,508.4308568641559,228.6274479884738,745.7744458803269,575.904673287529,117.3517052405562,96.7524579133792
2023-09-30,,405.3509252571075,125.21291454219744,58.76359756598144,12.99297232072288,45.694926909104794,93.17919085361952,25.513098380660388,3110.85958194251,266.4776361864741,5029.898365796376,114.36950146627696,,44026.13126189933,98.65681629720304,,146.75401036295318,33.054764197748185,390.847245843245,77.76422773120665,162.13059579391842,123.04851757969064,50.59798179650996,159.1944536150537,513.4314675329719,0.0050450511239043,16.01307189542483,,135.19370919287587,92.70084747985808,82.40427133248642,,5001.684110262982,0.0419976440821833,103.90498202278616,147.85947095928108,0.7388754883348021,204.31057323533796,116.06436951322378,150.23750303304507,206.3057682634605,343.5770750988141,247.92512890649,,2.403419832365714,245.77059601814,275.23886444596667,18.85822544175152,8.931003157302198,0.0016635469959234,22.393274950371264,0.1651800649934987,2753.887041902114,33.46366521155411,34.48210863817866,177.55277404181317,57.01496581060969,11.763778354877804,18.063781210875455,373.5816772213108,85.97915051665727,100.66417667561444,274.2223715082041,653.8541506248101,23.417286987237592,1179.5514627902226,235.57074200301977,144.88191778628087,,54.89866050193723,10068.443331446357,148.25185208019354,945.907734977731,136.8157969860348,54.15856040706709,2.0030670175577723,101.97812521477812,511.4421902419245,274.50980392157,762.7168017700511,570.6050216597076,116.06436951322378,92.70084747985808
2023-10-31,,396.3062873861755,125.30861509945431,50.1663945993371,8.052789267532761,44.05701704665304,93.70489352474944,25.28210385164023,3171.0734898653764,245.3694151728354,4643.889231617081,94.13489736070488,,43036.46620256021,94.81215980724046,,144.41297658874544,25.182830615896144,380.6801180178014,69.37194762431636,162.0319200004057,122.97362788935624,43.47171665399722,153.0538131396493,480.34594479957855,0.0052012446608415,15.686274509803916,,134.18544652026156,92.02765568186994,60.09501069943328,,4593.731315399917,0.0459217269355099,102.64033223419506,148.49501234134758,0.6094698596974033,202.3522817837363,115.8888318491972,151.3299185414833,204.74054200100085,339.5750988142292,242.41886024389268,,1.857779594291309,236.96231422489345,270.11738372947656,13.591385185506793,9.300455749487568,0.0015982657331431,19.38182904437631,0.1285961433379137,2958.3701930348275,26.761622643616644,24.36731491537349,164.76348077810906,38.91140698982418,10.439821811182124,13.10006969899859,364.28018658532613,77.58269644157373,108.64313541498632,278.484077588819,607.2065807168668,15.351503622938097,1075.361483831156,228.31591762530377,138.94507120919576,,55.18683092779549,9639.629544438085,138.68891307314453,673.4755604293425,132.67743300644938,46.05985305761436,2.0725113980002927,95.7952254667055,487.681507795373,270.58823529411904,734.0050321115297,559.8545620733829,115.8888318491972,92.02765568186994
2023-11-30,,413.48991217816433,120.74838296092452,53.380304696144435,23.98580703911104,37.910200432067846,65.68563520684519,27.39010198143107,3470.8747655318907,222.13866219897875,4587.709498473619,101.17302052786044,,43493.35662155252,84.77173681680283,,144.61498183842517,39.020628809380185,398.4329176963592,93.75746546465987,147.17048294857693,111.69458589622238,65.66243206926733,159.98679432155745,457.4271760946127,0.0053105802558637,16.176470588235286,,139.42489628642696,97.23865040450735,80.9674041290569,,4731.316025747257,0.0457314121653636,102.74814374313176,138.2790271184187,0.5966237882947808,205.4909116972266,119.20047269694618,154.42761408051427,204.49608332490192,368.8735177865612,246.4777088518425,,2.1209081062242907,241.6976031844366,281.4432596670649,9.469871161043656,8.840915386101173,0.0011432568607142,22.816553546170965,0.1791236310458505,3183.237758743098,23.658279434360747,27.76055950706394,213.88083107403145,41.70874793421679,13.482958719434096,16.841333971082282,454.58919443801466,112.49822909397706,106.70368702204732,272.15532088900505,741.3253814800095,15.712827351776689,1080.9132781565825,241.45900628191015,154.52113361065437,,59.506370428140634,9438.624560405771,148.85610261944095,816.4854445549468,138.86154928349097,48.76992266054057,2.2447492300766956,100.33796661666037,494.7203629132103,278.1862745098054,747.2481007205515,584.2959193150683,119.20047269694618,97.23865040450735
2023-12-31,,432.1685786294067,19.1276937766235,67.58224658275729,24.637708659102938,46.43236769352427,78.48183699313824,31.176518777478066,3819.2664374854744,217.08144131632335,4802.461059038154,120.2346041055732,,42962.63977137337,82.24471153822309,,146.89585216890714,37.97754767337537,416.7623130736546,128.59365941120782,142.53268528878348,108.17474361057803,62.98167084432033,164.74083856058022,521.2849745750067,0.0066538444351909,15.915032929065177,,144.0196215481022,106.33919456734988,76.93970503974388,,4993.77421737369,0.0449041183465481,105.71136609466,135.05192863733296,0.5980100507523949,214.53465081195512,125.75843640744328,159.64709353608862,210.7875586920866,383.8932806324109,256.33676480375044,,1.8461585883698688,251.39284523488973,296.1272307707411,11.510147108081943,7.795167045199126,0.0011398821150119,20.772109456344516,0.1578075549198408,3149.80148564674,21.10904046670131,25.08456370370118,182.6181432779846,50.75050250644503,17.172551905904673,20.963451446205212,506.846701299669,165.08425695044858,107.38419523009613,273.37789361956123,822.5615426281095,16.11088419793419,1492.82891614543,,172.0544059746995,,56.57197686623934,9514.994867390322,160.91027358475924,949.8777305892964,145.13937241546603,56.52934857101375,2.738849485505187,110.4970150279538,517.83599001627,303.18627450980557,775.2581649436092,608.3378279036925,125.75843640744328,106.33919456734988
2024-01-31,99.80287519090436,434.67095829668006,17.04138139735054,55.24705731107292,23.674683154968697,40.26037440056598,89.57756572122317,27.778135865411517,4395.769839158629,171.57876801427284,4757.154822632136,60.99706744868103,,46364.735173982415,86.90324591175923,,148.14732807765384,40.75181459941423,426.40574388831834,154.09783855032612,146.46105557965487,111.15616817408387,43.84037300665237,159.59062396830566,566.1373781653073,0.0076534833099212,12.745098039215682,,143.7584591215833,101.55205606316063,57.879656143722436,,4857.830499039454,0.0393625490326765,105.95639298153291,135.25557625448403,0.5398401515356529,212.5131985404824,123.0877714285319,156.62742240411148,210.97286472529456,399.8023715415015,264.3604975446571,,1.7278266521401082,248.08813132939792,302.8790878986333,17.678327254771382,6.293712828804965,0.0010934714366711,24.59918288814614,0.1816612644695786,3340.3180422872992,49.373276406222224,27.600116151380355,171.6500163084033,36.48333537537079,18.877460379398048,16.319448909454884,509.3834714731192,138.86734667444597,106.78875054805346,260.14221492788886,793.1291997059488,18.054295663552693,1709.0180192041917,,179.410228841393,,54.89741611170912,9632.680192886372,158.18072819838508,691.0339712802439,146.75566971151397,48.84050440200383,2.162630292888684,107.3657971261794,534.1955854375187,340.9313725490214,764.9724408677947,619.8807118701656,123.0877714285319,101.55205606316063
2024-02-29,83.43824635180273,455.42913791104024,17.311377178201656,47.81777154293404,19.980523530023124,35.476193971409344,81.37085076017365,24.742735105286737,4811.585089677369,213.1440817880955,4593.226060937567,59.82404692082176,,49591.917349581294,89.16909478081256,,145.99578124136872,52.719986287685025,447.025652454176,187.7731768777516,152.17820627400377,115.49518212931244,62.89690070773811,165.59920765929274,661.9993930842179,0.0117145152702876,12.09150326797385,,143.91352275571515,99.91783117370096,121.91760060095773,70.50495865511104,4828.755714517909,0.0450048320646068,104.65470809118946,133.64392007625236,0.5412245987747162,213.9060458801282,121.45570341685696,157.54602998335153,211.05923177645067,424.3083003952564,273.1112247744025,,2.7047113389800472,248.9560310522488,317.6020455567224,16.36726050521794,5.696724192477688,0.0010105733591451,22.762426846723095,0.2553011588691499,3490.5422315160545,63.13295772606246,37.53514491980465,268.24255432037216,49.710022822803765,17.57402483252029,17.514982627674975,624.2145910024939,172.90197521908982,107.14601735727902,264.05695442299634,896.9433412722949,18.324060757885608,1641.57367047858,,200.51539974340096,,53.10599800946127,9774.363053976718,156.35220603822745,726.988070081197,152.57279825229867,56.03783981597776,2.663174475947057,110.23856550704248,545.8629146067574,301.4705882352957,764.9122807017544,653.613275775832,121.45570341685696,99.91783117370096
2024-03-31,100.1040343959335,472.0168458740684,74.83720237727344,47.508158874008394,21.865776038772257,23.901829952235943,81.94280851803163,30.632664858254255,4936.982099989692,313.9227035968254,4912.998885975291,60.70381231671621,,51125.978763699,94.79952256035114,,153.17207915624533,34.38379781744105,462.3980111746434,179.4351095312463,161.05490943286097,122.23212872069296,46.56151254801122,170.3532518983155,761.9866694647709,0.0115583217333505,9.967320261437902,,144.99079908574103,102.6382395945372,100.01011914921214,58.18362846351559,5068.56782690746,0.0432907334946224,105.32852034656484,138.06614210066616,1.1054842935439813,218.98630891078855,123.68125379270504,157.77014805685732,215.0058953388533,435.8695652173908,283.98895951360095,,2.134304685593411,261.0692714485432,329.0398306173205,14.067633384657116,6.262575155049224,0.0010572930258775,20.8621515693182,0.1802961746818553,3563.324995408282,61.941384622792626,38.13511275417838,247.00667598723268,40.46906068945781,20.04580775160654,20.73726161278729,721.6265759851318,147.66572767677124,116.23080193473004,282.1121307937996,868.5831268137806,22.764904557518143,1697.2543743562717,,211.4594097659405,,58.326597438911385,10049.910912223411,163.36634694816289,922.1753525472034,157.8511689706758,62.9360813998057,2.0715425497698785,114.87076812964672,561.7166003551401,295.0980392156878,797.2531426221806,676.3622558022433,123.68125379270504,102.6382395945372
2024-04-30,93.50838174382244,457.320685459894,83.96003580981738,40.46981268928827,21.30376149575811,24.89772335045403,83.68586247115798,35.48441080162746,4596.367803295005,281.09186146569306,5549.783907345379,73.02052785923833,,48452.11270636746,96.51626662626376,,175.2706858609137,24.392709800455982,452.07218728532695,184.64679593054584,168.83567216595128,128.1373146928892,32.841544267037115,172.59821723340949,653.2505593504195,0.0160098375360598,11.764705882352937,,144.3076795790895,96.9813178078995,116.1235346684591,53.39227918861585,5695.792660181739,0.0437526100725975,103.08887038350338,143.10843461991055,1.0243327103959736,214.76863183015152,120.1203709274014,156.7864931335581,213.45848626897143,422.52964426877406,271.13358333343774,,1.8813956435510093,267.653099634674,319.3017960443396,11.305082056251448,6.118411547247933,0.0008928689127185,18.652263161077304,0.1620406108842471,3312.4002105361483,47.715793095177574,37.80479562692262,236.91075964090192,28.5728043463345,17.058958087541157,17.024474982372396,698.6265160903707,139.70052293622427,121.47071513670564,307.690297319104,859.4980359539123,19.037906736853422,1705.3312541597245,263.78617363343955,203.9078746134792,,63.34281336113325,10465.760952790442,165.01758529771976,1097.6335364465997,154.89965920014265,53.10304618093563,1.9686506393200105,110.61630015144092,541.005243450357,315.68627450980557,816.4511376096492,651.151451223106,120.1203709274014,96.9813178078995
2024-05-31,143.41088057603218,471.83584024047,46.93224837160065,43.08184819820467,21.035321785465143,34.93734606718711,89.33192690607181,36.17396480933914,4795.339757027475,230.29238373840363,5608.677319726428,79.76539589442902,,49931.87898956643,90.7555521139989,,173.66242373169635,19.09353843695146,456.4839378609875,333.98122050058333,164.9590644084088,125.19517514502834,32.3392300627822,171.21162099702792,563.130727357555,0.0184308373585859,12.091503267973849,,145.90437017114056,97.96015236362224,75.79516899041927,52.52089713675468,5903.260327030185,0.0602361564015305,103.03898402131416,142.93366896112647,1.0011603407931962,215.97457873926825,120.97356446699384,157.4770182467451,212.85225151277163,443.5770750988133,270.8124019370857,,1.7516086813690577,273.3635699703886,327.19845995833555,10.88373399863295,5.67909418852491,0.0009590478905589,19.17497486185612,0.180974233164814,3490.7502385903917,42.8214886831328,43.26207368329806,230.65056904778723,37.128146538229046,16.91709880854525,15.85739829731165,766.7810541061152,185.8283763854204,121.2325372638886,305.0328925058901,859.2263406579551,19.671897000605377,2013.4929306624608,272.08601286173536,214.1668791922732,,74.28549541178153,10914.82533188983,172.04867520902368,1534.5942377019082,156.35199035027907,56.27719497196387,1.4205859546380424,111.9880648517469,544.5100144981546,312.74509803921734,829.6140742481201,673.2751434956099,120.97356446699384,97.96015236362224
2024-06-30,116.16348566084184,484.6830676171096,40.67505877485594,65.59750822224487,14.362846164477814,25.188111054214545,97.77856592331052,32.13001879822608,5282.518073708946,187.70951092187053,5685.054713908101,85.04398826979566,,49344.36377470154,95.82517922135436,,168.71163901654424,10.945515305351188,485.7474920391105,359.80534239302915,169.84463475607637,128.90306375092675,29.237597927742137,179.06899966985722,651.5708019193692,0.0224918693189523,14.509804420221853,,146.40859500177257,99.94326098995168,77.77007837763314,33.49643444900474,5797.300029067873,0.0755043063387001,105.46154563295758,142.44569450491954,1.0839296036383417,218.62488421446008,122.571267925458,157.11386420206608,215.9696036378482,502.371541501975,273.78787374929135,,1.6891676635025097,270.47810594379274,342.1491039387586,7.397977907753531,5.309642390807102,0.0012050494317573,37.21260148702854,0.185541128688346,3783.4853685947833,31.930326808084747,39.25698315364293,271.2869409463873,29.64761918309025,14.49765620594626,11.027475081363548,772.5310561771248,181.833037380926,121.91304547193737,307.47402360366095,842.5128707442134,18.46100634739414,1794.1152973745363,268.08681672025637,236.7073398888896,,69.77127257779145,11083.177022325352,167.66750334499957,1229.1731340838826,163.09830009927094,53.34922379651697,1.604289792863449,111.53081311159944,563.4171207907292,285.29411764706026,818.4561501409769,701.282187933703,122.571267925458,99.94326098995168
2024-07-31,38.07677192394788,484.8116805487594,44.42204648363633,107.04009153941507,17.00327693877724,39.41538481918144,80.53677107838372,31.894596753813232,4644.817432992143,157.43533107122602,5690.5759713188245,77.71260997067533,,52397.18522554679,90.93172561459774,,158.09830418971586,15.253239093023288,480.9337114349725,409.7042748732612,161.08056186912032,122.2515975583825,33.365972824515005,178.07857378672745,584.5216450455017,0.0203051598018319,16.666666666666647,,148.39185967370418,102.35856980757842,80.94805314347417,24.651487803491804,5967.683981237567,0.0711213582831348,106.05061112811518,134.07015752590502,0.952262169718164,219.3502454531749,124.80203389538002,158.47063466038813,216.38696623910428,476.6798418972321,280.06170266113656,,1.7417837282933148,277.32607566140723,336.75527622615937,5.833785591162059,4.938547682982704,0.0011342599267935,34.07662540134943,0.1738181310532451,3488.6276783308026,37.727549298640255,39.0588499462083,283.7045032645649,31.87655095586904,16.604612760637778,11.277038265272544,760.3545903109963,177.4518458431988,124.72014183013852,308.1249918963999,817.5115990142492,20.721014706138533,1529.5326444810823,269.53376205787697,215.9446654869753,,67.83515313769661,12182.567505709383,179.77083714257637,1447.4520576785987,162.59857389247207,61.05888348676382,1.432429474627957,117.4353840648234,573.8667944793224,272.79411764706026,838.897243107769,698.656504807012,124.80203389538002,102.35856980757842
2024-08-31,25.26575419770213,484.4920641325201,33.84368411561637,94.8799598413744,18.124040319631305,56.97668380511821,73.02623774126255,31.933752471994087,4429.743526305431,145.7370662207503,6144.961526270061,71.26099706744945,,55446.495048604665,85.85447685095389,,154.88139414235067,13.846169514780753,476.495511515333,471.07420636848747,152.2226314296309,115.52889846469252,22.489505828119132,175.04126774512952,639.5055625538942,0.0248347723730098,16.013071895424822,,150.49277509638722,102.95366518456302,74.4139055512972,26.370736516017633,5716.835498864961,0.0843987123113371,105.83604509296514,131.21324513052312,0.7031863609528513,219.0010461065828,125.16377568795288,159.7188987423324,214.0681957570847,468.9723320158092,277.3287044639061,,1.810830466497301,279.5746571463081,337.98403685677357,5.174775134220493,6.045134395535494,0.0008551805846119,29.66839971931113,0.1844734157155657,3397.5934075118003,35.20011586940646,37.21447865607296,323.8261562225909,23.711226204237867,16.944337388231418,9.552571664430465,839.5017990783584,151.3450389002535,126.1321963618397,293.58556499764353,819.0340695553901,15.367066219454866,1285.154884793137,273.79421221864874,207.59394279932596,,69.98510131036117,12615.93632914278,176.02392838928435,1254.5405238104936,161.70843621428602,42.49511149362974,1.4202120296073948,114.5427364100232,584.3750753160286,257.8431372549033,839.7593593358392,696.7403035759909,125.16377568795288,102.95366518456302
2024-09-30,38.833251256769664,487.1046588959797,24.62310057633954,105.2369000252756,16.603833469313177,40.78132386698082,81.62659029839351,29.623969268859422,4033.6602887881872,123.96428194543316,5364.4579001369175,67.4486803519069,113.0261272297485,52752.25460691654,80.00420756915759,,164.3251485526465,12.36031700347472,478.8177639166701,546.9969964119747,151.51870567622848,114.99465617675058,20.172529198209737,181.37999339715984,602.1108873226766,0.0213204177919235,12.091503267973842,,152.72815218363488,102.47384229525916,84.57609722204008,18.753070441519508,5738.272559740134,0.1113616387707161,104.87638501820456,135.18067639384287,0.649854113123792,219.8928249868427,125.43508490727368,159.6956798141721,215.39221776519483,472.6284584980225,273.9282241771007,,1.8538007978486304,275.1669742528935,336.44135691402505,3.764651886882196,4.8031451309334905,0.0009460501548509,25.17266001367584,0.15726520438958,3447.9307968350276,41.33854054938095,39.624097091470055,376.4591088141976,21.09205179334916,15.019043633881145,8.752589618515419,891.5901776063051,120.79790158785696,129.90901691651038,265.5520310030905,866.8060961544228,14.272050406666676,1423.1943909633546,269.41318327974193,207.33298893711608,,73.78400007964106,12443.644344639675,176.2592624297393,1452.9017629553105,162.59857389247202,37.28109416293517,1.1784474575329618,114.9701739791966,559.5505587553945,274.0196078431388,825.7644110275686,699.2823709412892,125.43508490727368,102.47384229525916
2024-10-31,36.8237360815373,492.5114888906047,21.00587380646532,123.19819919417564,14.711270248741217,36.28039968977195,82.16807163703662,27.09431847361326,3381.979944483107,148.608293275883,5111.696939360704,64.51612903225875,132.43408722006578,53371.51605684377,83.85902120661552,,162.7344811214202,12.764442573201135,498.42201767374286,437.2782704199564,149.79769664456396,113.68850165945793,17.716430285261154,181.31396500495111,570.2073470925843,0.0224918693189523,12.745098039215677,,151.91272209540656,97.4681686835772,91.0640962415232,21.547779429222132,6102.70259461812,0.0910228970373966,105.50835657731818,136.7802545887171,0.788621367250326,222.16224982442233,122.20952613288507,160.8052783952429,219.98089473948951,491.2055335968363,266.0237482290395,,1.680946735121854,271.38011479710957,340.28478123171914,3.3399209183811664,8.193211086729974,0.0033915221567452,29.572773060767837,0.288075477777873,3362.480094149229,42.01959286945065,40.095174030565545,434.3328311481364,21.83794962983639,29.82710942392118,7.183865852963213,905.4578751987892,110.31033222320724,140.83117365569308,282.36120080060573,856.1758498675408,12.88269803799452,1704.3207546212886,264.46945337620497,207.088336136348,,79.74204336888133,12163.347290516787,170.22541332279326,1626.8360485862825,166.28405913551893,44.9495899652039,1.2317074343837602,116.83895844738812,553.2946777923843,265.6862745098054,813.0426163063905,714.9988006992909,122.20952613288507,97.4681686835772
2024-11-30,43.732562560018465,522.9761036099156,35.2077562819064,137.95427947354128,16.468623465177988,30.084715059370225,90.9255709299255,24.21286227922336,3559.4508732722666,172.01629447108613,4912.636109445372,58.357771260997716,107.68177823376932,58354.149868684064,86.11278045108213,,157.5098981341106,14.557490478462809,532.4993524560044,414.70943034710615,154.48770406039844,117.24796837905062,13.96763386035752,180.05942555298677,582.0906425003913,0.0228042563928266,12.418300653594764,,153.92865168278288,100.3600471980138,96.45630049458347,20.00141327449284,6351.50601760423,0.0858491701951859,107.82827478460266,140.48497858790142,0.7544368656674962,230.1309359593322,126.89882353151276,161.1632669825947,227.84822443591025,518.9723320158085,278.72533722973077,,1.5036523484366595,278.3685875903918,359.3353487040589,3.7427351567241742,5.588646267352724,0.0023291783365934,30.104564141867417,0.2433111616229221,3583.7742444127457,37.66497663681412,35.94186063701457,715.5447274917217,18.900471090004203,33.40188314521815,13.075154789662996,944.693171304334,106.54725082028224,138.51744574832725,280.1743661370464,872.8756422609886,12.926454761007856,1840.3634316003615,262.9019292604493,210.366641358542,,72.86976782470643,12191.171432648913,173.92183136635296,2262.0444545999508,174.5451553853861,46.081411604301714,1.6922686373833116,125.86480292548612,558.1731100470195,267.15686274509955,830.8069979636587,771.6150543675429,126.89882353151276,100.3600471980138
2024-12-31,72.58793175988191,515.0832406687565,71.4726476812534,120.37115588802229,13.861670477409696,35.20544743971601,210.07986663702164,26.24316891137564,3656.7812923336346,306.2361072106019,4845.973878031864,55.13196480938478,33.554030769948454,55405.76417250994,89.67656923402072,,156.22973436021772,10.693534438522338,530.7272464094258,260.8502948018852,155.11838697767416,117.72662324153109,8.012356913275285,179.86134037636077,538.6467083249457,0.0237414176144496,11.111111111111104,,154.04977987592218,95.14687939835144,89.60681524004961,16.28432219582446,6807.47579499454,0.0790526031860294,107.25480391245708,143.17863963720882,0.8942619585720211,228.87618328638197,124.04258041553962,161.01295513096585,228.6964895087745,540.7114624505912,277.32193683047916,,1.8203160345232432,274.72334079313396,352.0735884826236,56.11744397351971,5.403510488988903,0.0017043857294869,23.209851890509928,0.2848941952241901,3609.172079186053,36.93110959267988,39.98897732877165,816.2431604943823,16.972325387802954,23.32208520571582,28.57474399684324,961.6049724606696,104.71995086671188,137.66681048826626,274.0318904030523,895.3986657891182,21.309094982824433,1601.7749409856613,261.25401929260374,217.31472614869972,,68.59721771341545,11794.39413913031,172.8707053455854,1648.0331527423057,173.59256235646123,38.53598509328482,2.1341851389874997,119.9801112461994,529.4138754916416,244.9999940161624,819.3483709273178,761.1871561003838,124.04258041553962,95.14687939835144
2025-01-31,75.00304921979233,536.6125163440042,51.54985827037858,91.95440486205564,13.216986994750204,32.94160315280066,192.7801156088749,32.662882973335556,3929.732392767364,205.20263661323247,5251.5024524640285,60.117302052786606,26.867873123611684,57864.20779172541,93.6677903641976,,166.95399927658434,9.71436934960577,551.7121559221911,232.37901097470112,158.53820041555298,120.32208014384808,8.34799730779294,184.35127104654893,519.3584055952236,0.0313949009243709,9.477124183006527,,155.96187586776267,95.808244861337,83.6393969605895,14.691791635829407,7331.061317224559,0.0718211706523108,108.73626830659803,151.08291167400284,0.8548837725087786,234.74093249546763,124.82726272183228,164.0220203953854,234.03825009669936,534.0909090909073,287.57321940700876,,1.6633168308801412,292.11221418350686,367.48397559260576,29.30922530849419,5.252660758404863,0.0032938952684149,27.54878135652328,0.2849353372041234,3589.8420501247747,50.35940422807087,49.55089033549888,899.2515896149266,16.43883217337902,18.80123219635864,21.165972233057406,1024.8551500739418,79.87076051915327,149.30350084590026,296.44362618924697,994.3674822115914,15.829691508283489,1985.160294086579,280.5466237942115,225.4208084791391,,74.99186593704536,12012.23281573262,175.85641971625446,1439.749627686881,181.40079178420257,37.41401696891943,1.358467519979674,125.80516510367444,573.2149745937509,241.2745157877616,869.5739348370923,789.6292748368323,124.82726272183228,95.808244861337
2025-02-28,101.20295038930216,527.5871566522428,48.21822671491305,87.67502436152267,11.08391967588875,25.14527120884507,174.89424053288306,29.4323478042301,3645.430312546363,155.4682906669377,5620.68122601945,51.90615835777185,26.725572623685768,62558.7041996048,89.52565860026962,,173.44408233191078,7.837722170402674,524.5275201807999,222.27809827838675,152.73337673686055,115.9165270465012,12.065287395505887,180.8517662594905,510.69159046407134,0.0328006427568054,8.333333333333325,,156.98282481163636,96.91231441729204,84.2450349467483,12.28307038777148,8093.03366204085,0.0690423639524015,109.99471760083918,149.81323400790797,0.8080166733597594,234.9061667272121,125.83165511602266,162.69201242699253,232.41892650419635,501.77865612648054,281.7025490633216,,1.3904592730490897,297.6198525143448,355.2702212764687,26.175509508458756,4.993943661595409,0.0038941832112595,24.02289738457948,0.2989091168245354,3392.6168439737253,46.16533168805654,41.629766101000186,912.8834351511324,14.589449459788668,20.42477470625973,14.547137410250674,1258.2380060313735,101.96522536958116,149.57570412911974,294.7976138707951,1069.4070102894675,13.813006060503394,1301.197886023332,287.3392282958192,204.23408249568897,,73.86555316605661,11740.157279610065,170.92587819710693,1140.7159032364264,174.98242624144626,27.61998481030291,1.2485428399019298,118.82703751893033,562.3034191449979,218.62745098039323,883.177964442355,767.5716735466248,125.83165511602266,96.91231441729204
2025-03-31,87.31442828777422,494.8699075446772,42.74532677115788,102.0051954239854,10.26041254669516,23.520069102551837,192.0410564621761,30.06314466732684,3300.7994824807574,162.96359145880808,5285.356493785332,45.45454545454597,21.134394429996775,63140.65566674532,89.71980090825595,,187.71604609776728,5.95567153343438,483.8008203222726,129.32703622050985,146.29887277919445,111.0330800359329,7.098235044994597,177.94651700230986,590.4488214620187,0.0318634815351824,7.026143790849668,,155.3648954028508,94.39063796765998,58.22778590216762,9.124000229326697,7810.433515487,0.0716489031150466,107.70482043120856,151.18007955160567,0.9386100151479406,226.47594763569344,124.67032865523392,163.31853331050544,224.8522709252915,445.0592885375478,275.20207626607083,,1.2160151527771357,290.85184766150974,330.04308384273844,23.010810618186156,4.314063349835463,0.0026072423595301,20.257558749548245,0.257069769402256,3123.8769655738847,31.253137306972068,33.6434093452935,883.494300238677,11.21882547457546,11.352956401879515,12.317871427064448,1266.693906609542,84.10145402918342,159.6812510186439,315.934468583079,1038.724587377426,11.482284693721445,1121.9381403389157,278.95900321543354,180.1115602336966,,80.77909997443243,12061.984124216398,164.36541572747396,1533.3012783628333,164.62870639503743,22.281064842173976,1.1123718607874118,111.59045093341122,538.1808263154506,205.19608142329315,860.4310581140339,704.4264399487842,124.67032865523392,94.39063796765998
2025-04-30,83.46473109952372,479.8950902135832,41.55977192197033,93.76166769496558,12.15755859315232,22.940288352000263,269.8176232623004,45.30711666326896,3230.9078097242655,134.41805748806917,5038.324548189894,47.50733137829966,22.775788914235303,60992.61843034647,73.91161215177812,,165.23360859345152,5.355644303501875,465.2333808491681,132.20908795934218,141.14424463026995,107.33838427024055,9.74088758119042,173.65467150874758,535.2223371917493,0.029676772018062,7.189542483660125,,156.4099955027324,96.08945541295968,89.10710090208505,9.394295427896887,7435.95434642789,0.0664519286949732,105.47465727879904,139.7701578435676,0.7949620633607466,218.60198932426633,127.08715159541164,166.4071507913381,218.16521592570825,438.4387351778639,276.4156247274695,,1.1167681902245958,290.1899413310844,319.2197599819625,20.74851721776355,4.229784544357697,0.0030211534131074,19.291484168413188,0.2166663820488252,3173.3375845954306,26.52337293362833,33.125127481063934,1196.139684133203,9.409414824375771,13.67060038390348,11.28967508355517,1286.2004492437006,105.02937180685063,163.86637649814384,272.9338302927449,1004.9411091727288,11.49973245381723,941.5684937707508,281.71221864951707,174.5987776817057,,76.425749481059,12451.840194211729,169.18753593141545,1435.2820378558736,160.61527694575497,22.640781445238755,1.0052119861193245,108.52882471021262,508.0371141550433,210.29411764706003,851.6190867794472,674.4250333046888,127.08715159541164,96.08945541295968
2025-05-31,74.63391032069781,503.90056514028726,54.66179955387591,100.29609970898402,11.511612990065784,20.850648854905927,364.0438440216909,42.819602002693316,3599.241566405222,152.60299637667703,5034.5674083329295,54.25219941349035,21.334009997137912,57265.837904740365,73.40391599759334,,165.75045564204572,6.62736892929894,492.9311338637474,130.17344907960094,140.00000132862033,105.95378514788185,10.087793722889137,180.19148233740384,465.5401139478379,0.0391264810027608,9.150326797385617,,158.35175309250107,93.58104369673576,86.05060690756278,13.962630343504578,7872.326829059848,0.0514083120324716,103.10847239259564,137.11640306343008,1.511247844618886,219.17647288882085,125.43458330989652,167.83096014843713,219.04407009005484,486.70948616600606,285.11691386109857,,1.1157474557895557,301.61638374801333,332.80490579402164,28.417032264755477,4.241781274841126,0.0050414378632225,18.70052238758843,0.2155480705814825,3678.5687993464344,32.83030945327076,36.16724874738588,1322.1664610672792,6.376048928649762,13.581280969601805,16.52871194771881,1477.203429863848,126.45276415357095,161.314470717961,276.8658482033142,1045.9085882053846,16.350798003125124,1100.084294599639,292.7250803858514,196.63360682822747,,78.44069041926367,12425.280126803364,179.0522211655163,1151.4823429384137,168.93885237518623,17.311915812798873,1.0394757866199458,114.03578174510088,489.06910389785577,235.9803891649447,879.4386356516279,711.2406565976574,125.43458330989652,93.58104369673576
2025-06-30,68.97977377864335,519.5907925611294,61.510513266554554,125.0477063485618,11.220231463343262,14.592461751851864,411.1878170017307,54.82996144162381,3782.9702838912754,109.08421551057668,4752.781919060563,54.25219941349033,21.89196502731271,54310.977332757226,77.94511633343384,,176.14123904285327,7.751097952543355,509.39320555614086,150.2762360363269,141.46865295306776,106.98335755410923,12.695441454574585,189.43545724661465,475.2685559658722,0.0496695447460197,15.68627450980391,,159.77690650227757,95.42585421553008,90.88793284752812,11.713482647225772,7949.859831336518,0.0493769866096812,102.86456089240406,138.40727086797577,1.5745774640865071,221.20915354701148,127.06902138968216,170.59277959770083,219.6044777373307,523.1225296442667,288.21452402514745,,0.9990025541319484,301.6255079029661,338.00855930396517,33.635382613457864,4.038559909279944,0.0044066310954531,18.356833342746715,0.2272179650710471,3910.688358575715,31.584391377524128,34.61494840411644,1345.7166189514955,13.131791821064864,16.421778569421633,18.97331428107408,1650.1292802222845,115.4781945562869,158.49036165455863,288.62091993760475,1090.150183969072,22.58478054564747,1286.226819757018,293.971061093247,224.09967588885644,,85.29084009816243,11680.871694117912,184.66235337698697,1077.478460226204,173.73310476724285,19.333581760474797,0.9257164871276669,117.52484553747291,487.4750314613041,258.0882352941191,878.29573934837,734.5148897711928,127.06902138968216,95.42585421553008
2025-07-31,67.8429077356648,543.3838931723453,56.089040052701186,175.57637718564305,20.422019984867408,24.673994376827444,574.9806832365788,73.34060610213254,3460.9096927403384,150.2481327055059,5318.231467533777,53.07917888563107,24.135924936169157,54596.53632929337,88.16394768662607,,157.38895827689433,12.923058008614497,544.8564859628906,268.2374291044171,145.71578732058538,110.68982376380004,14.989095107480384,198.54737537140824,485.31837455227327,0.0465456740072763,13.725490196078422,,161.46926428402583,94.2180951758478,121.76789211288416,13.767828013251368,8319.494961294495,0.0368461795888814,106.3118066244113,142.14746710042644,1.4964321760137356,231.4412169259337,126.81263415159168,173.5755074014401,227.75866780637256,575.4940711462428,294.5474726529382,,1.0954339830705797,314.3359356679939,352.56663508508956,26.688634219413228,6.284125785459251,0.0045977118263742,18.346232573464412,0.1922255592765986,4340.599295442533,32.59765221177305,33.867391027313055,1617.6653312087876,20.576675696972668,17.49386964762747,14.826048633012476,1828.171385935696,117.06832090500647,164.71701175820485,306.4230718429007,1136.088041038501,34.04387742591953,1322.762011868193,298.9951768488741,238.7134654793594,,85.85722582805376,11635.996273438548,187.941892435786,1100.2623429807072,183.46216387654988,20.52197784526358,1.40775690198742,123.7375689363832,497.4301967071642,240.09803323184883,915.5689027255632,776.5802878242358,126.81263415159168,94.2180951758478
2025-08-31,87.61916215821411,547.4676794567368,47.40166047828031,171.39467533482596,20.305956855753458,24.16458231414799,581.2833267045771,81.96707939206176,3604.349052021816,141.6589325845788,5575.869744272275,51.906158357771794,26.535884771213052,57103.09530984723,83.10970473391336,,160.03885150857587,11.681168200960082,539.799371394148,181.8672011057535,144.88045500077402,109.3549286330605,15.059488298838067,199.00957411686875,554.6354740765288,0.0459208998595276,13.398692810457504,,162.4490589521561,91.4929321841928,80.75441725330926,7.129223765006053,8600.78459064099,0.0443472688070188,105.5638204547835,141.87193737364277,1.616678826820792,230.52879728677925,125.466637827266,174.00421845813037,226.60201589749835,560.4743083003933,306.8493026533875,,1.1734149875122846,318.2549971585933,352.3939500922166,22.79793857941586,6.2480577263309165,0.0050636794919103,17.36487043362592,0.1996293607871976,4051.793412847729,26.75515515726341,42.01854933088632,1570.8789883475497,17.491378146767943,18.391812769906014,11.00923473771945,1832.3849664124689,148.3103197130401,168.56188313368048,311.01121424715024,1198.7774154965086,45.34314337495348,1284.2248062832057,302.6125401929255,234.8153715027447,,91.95824044921405,12392.13440225863,185.5873521213988,1244.2147459689545,183.212294815944,21.210123403281923,1.6368122751714502,126.67991951595836,504.02269435539927,253.18627450980543,921.0325618734324,776.5407875549877,125.466637827266,91.4929321841928
2025-09-30,93.08514868041088,570.2796096489064,55.12622577388563,163.92087210702326,21.130216848111026,27.787106664330807,412.90587965656994,145.46187863851313,4734.204161002005,135.6266807435218,5288.327012761033,58.299121129548325,31.823332792079206,57389.70784411755,82.37173613655084,130.5728793635102,170.8422863162248,14.634646419662046,559.5200022647273,220.01315387763304,154.10427906339822,115.8589942539866,20.4450529253526,212.21525255859856,539.1869917290887,0.0371740617910462,14.052287581699336,100.0,163.68715571028244,93.09807170946527,101.63620314681864,11.738207977223707,9493.841535151803,0.0390507668618422,107.03134617026934,146.53774671701376,1.5510016098614885,235.8490603097904,126.3319141927802,176.5369862493488,229.89759863453307,603.3596837944639,314.43257526394007,,1.1303312533443204,323.33979615212127,363.3614628872679,31.871063145741186,5.733945880031581,0.0071375569241769,17.039201159637983,0.2313924560332822,4164.611210812283,19.831811243484616,42.10215256727344,1838.6544025701303,30.072562531417375,17.506660238536696,13.936055495600987,2037.8860841409696,161.03581133750427,188.6709006815217,302.1626940180189,1172.5797633916377,36.537167069007765,2058.822321383125,309.76688102893826,264.3854471838442,,109.41939058629129,11720.849751388874,189.37028046248017,1826.025368466565,189.989844154718,29.64165693648348,1.86251645349978,129.0457237520355,507.813290486369,279.6568627450996,937.3834978070172,808.3921352214404,126.3319141927802,93.09807170946527
2025-10-31,78.49256224536816,595.6870588605159,51.7184201627032,127.62026330342589,27.820685581735805,29.866513556094436,427.13293323147286,181.51526428061013,5295.902476931368,246.9538007654292,5897.463588725642,57.77126099706804,41.83580651383354,55665.26422286982,82.68070546541897,147.2055429368294,183.58338370034616,15.521212236431236,589.7463125636782,308.3086441665702,163.4693311094063,123.76186001391105,18.530767067433253,225.22284582370244,527.5037136633932,0.0424846420469099,16.993464052287564,105.95557288271726,164.59122873198686,98.076718129032,256.35891631726275,9.272433242605793,9661.006048099209,0.0417455153615698,110.14118368161328,153.3052865792838,1.3979947849996808,245.3200467274971,129.88920765737848,178.1947839872933,234.99746865481416,659.8814229248981,331.468940395764,,1.2898785551800638,337.18601575936265,376.3278838136561,64.56732404650494,6.441641185893871,0.0092196309478692,17.829647280426304,0.2586893029626931,4251.488199623484,22.84840302211642,35.03797751640857,2063.293369063771,27.382403089548657,23.080238950696277,21.69917260417458,1998.4983699096724,163.47930084575677,200.44369268076537,325.1117593864758,1265.285162005624,67.52257274200295,3298.8683910035043,320.05627009646236,306.7262472536274,,115.99803859819274,12224.313847652778,191.17972892230904,2085.266561277742,199.45341440852832,30.2681869053623,3.243865586454985,132.9324014627432,538.9597061135648,288.9705882352956,974.1653939536334,844.2064989139293,129.88920765737848,98.076718129032
2025-11-30,73.26675874193029,592.2461789044238,39.81982484317046,110.17285458674102,39.841931268861785,32.46139104252293,364.8858461364614,140.26219266053573,5191.1575553841185,199.84210006357185,6608.75350351661,60.11730205278655,52.121671739019085,59521.92122297654,80.8629227664979,134.6126979990399,187.5315541346663,12.365505612570846,584.8796332715826,224.92484896809125,165.54836833874614,125.41627845242166,14.409855561676611,220.07263123142783,543.5894239910123,0.0409227066775382,13.594770743176817,104.49505575390718,164.66453682703226,98.2943690915899,178.25492577059578,11.762188697595564,9789.827651653926,0.043306576391677,110.36112533435426,157.72770531774697,1.916004101927144,244.89828816725608,129.91673306181633,178.14489834104145,235.4906444939363,623.1225296442657,330.09006297000093,60.60916487272942,0.856874259787725,338.3606275510909,377.7135462548572,38.6559418298735,5.780763234154721,0.005552816109498,19.47979793092506,0.2363464288803906,4022.255282712657,21.00049932636008,36.04554739629389,1722.9888827225218,21.043008908322413,19.517461294870696,14.142418215989656,1828.9599477836596,136.57335654121118,210.038858414253,320.78870108081077,1171.894450299436,55.56387545986898,2720.120941292988,321.905144694533,295.7006821496458,,127.70601456895685,12213.336974037393,191.74517347713297,1542.904025694329,197.92299619834947,26.344667519658888,2.3146783893958354,134.4333956634366,580.8204337364559,256.3725490196092,974.4862155388464,840.064476128652,129.91673306181633,98.2943690915899
2025-12-31,80.45479520271593,587.5266294603687,30.746712692925847,114.2530585918145,37.52807368100699,46.45251361342818,439.3681779278246,123.01054965589462,5272.418290858156,180.13015922462506,6521.733992664525,51.3196480938422,71.44326211308167,57251.83148877968,78.2637689107218,96.39398937561064,198.5260379672702,9.964524561073318,580.4678826959223,212.15392982238868,164.54166067732731,124.68492609548343,12.051628421081205,221.85539782106144,507.6844862212918,0.0549801250018834,11.92810457516339,100.2715566092144,165.37927327611283,98.13113086967152,171.12967679607348,16.20542697172281,10737.52635005007,0.0436272631510834,108.210697148987,155.37132011761582,1.988009673968159,242.48889994528625,129.85124532147597,178.3911187764728,233.38021221908545,618.7747035573094,328.91475853814194,38.570641058087375,0.6942143856511791,346.0126657197141,378.2140486448765,32.140295489782936,6.225195738157216,0.0042441345341717,20.599011673348368,0.2212250303701632,3887.310693425383,19.787708383683565,36.42246502834767,1787.6001793771316,18.794175347426425,16.565637858705543,10.847922666590833,1969.3857115648025,149.9964097961129,211.53597647196025,315.77547726294995,1221.1591726852585,44.650614883247925,2746.628985247659,328.8585209003208,301.6049017167308,,170.5041030884434,10856.050827099867,195.12286296120223,1363.1066639628032,197.7980735824592,24.889218931510765,3.009949512368356,134.20476979336283,568.5550092730493,290.1960784313743,995.629111842104,825.5326303715104,129.85124532147597,98.13113086967152
2026-01-31,72.88726909695521,589.3326482335904,32.27430665213317,127.33592267724428,28.885941310704244,40.35231217192795,394.1269627594237,205.2295944924236,6910.845678445581,209.38028194910956,6431.87688906726,51.31964809384218,100.0281236316466,53387.541680620634,87.40581178703243,61.42877354829401,202.99391651643225,8.619345044351878,573.4111977223831,197.8063740682799,166.96215296425703,129.41386463646242,11.411445909381602,234.53284912512208,518.2206432563705,0.0590411569622499,12.41830065359476,103.87862602159665,164.44462652398568,97.6958393227249,194.07367410829045,3.305151284581635,11758.405229477015,0.0366416757827521,105.58700195627556,169.23338921154297,1.6488687237244275,236.39759654230704,130.1787339947461,177.5014739918945,227.78768409736952,596.0474308300365,339.15841102272253,56.09571830065164,1.103393239992239,356.71481313154374,379.36561304424055,34.087536834152395,6.184151728706802,0.0050405322924959,20.15543636103026,0.4278084899691081,3373.665205274875,19.930904304495005,34.85535518080158,1438.006435750663,20.12864223436526,12.958881813198175,10.86996243296563,2073.8487797434577,158.89304053847692,240.04927038920357,321.9987895885702,1301.6300488471063,45.910523542860936,2280.4059812367123,337.33922829581905,345.2505084282385,,244.3599500107206,11037.00362409444,202.4553048787177,1275.5129368937646,198.859981346796,24.09234332136374,3.2363250479097236,138.44930287453175,557.1351489417202,334.8039215686297,1024.9122807017534,816.2506431716398,130.1787339947461,97.6958393227249
2026-02-28,78.77673359313285,610.8841580168967,28.99225429250178,103.67426040133849,30.906815397358777,47.76603695463441,395.1546776031101,191.81623353385436,7087.330925779502,199.1066323945357,7426.986981145852,46.92082111436999,120.04392230800649,57410.402772624766,93.4964177786247,62.58103344738328,210.08921891003175,11.885885657779175,580.0023742418957,239.87855875472084,184.20586562534504,141.4918292884223,12.9102031497584,251.43611753053628,532.927926899121,0.0631021889226162,11.764705882352931,102.95103479898668,164.93943868793005,101.93236108773218,224.46176931021395,3.4484913849159424,12748.181834054623,0.033589626132882,110.16185301508786,171.80572624383242,1.4437660568924893,245.84996484393403,133.09342566268396,179.13113516088663,234.44196823451992,583.596837944661,377.3375108884564,43.4793695360556,0.8039754921793673,382.12797021841715,393.68451570759976,33.3556286705976,5.5273189001896,0.0043337025090149,24.059335206417444,0.0395730053018505,3158.3433505546013,17.519283387432623,34.20557505020567,1377.2150120252015,24.97780466055856,13.015847006997774,9.41088071718254,2283.63117075797,116.2859047500212,256.58561984478877,357.56339895065355,1295.2641245487064,37.12447110859362,2324.813772898359,355.4260450160764,348.2515711703396,,213.03166724252645,12305.507704488373,206.79201474862197,1223.806471927133,205.5126080696797,25.91916824354839,3.136085678562102,146.620272214283,584.8332813034044,311.76470588235514,1093.794447055137,828.06666000909,133.09342566268396,101.93236108773218
2026-03-31,77.69810016837967,587.4120191901051,24.58149991456106,136.45573407441654,25.284873888507754,44.40465559742317,342.44991623738304,191.1697500352741,6393.359474774706,171.63316162374466,7019.845499487355,36.65689149560155,96.55846688766924,55800.69830298851,143.56944941073368,51.39139275057861,198.177652896952,12.173407348963408,554.3782497952526,203.34244463231136,181.46045910119884,136.9333029471181,14.845264877877336,226.6094420600843,470.9371920894922,0.0599783181838728,8.49673202614378,102.61350994646384,160.7976222014481,94.54393378268652,144.8091304395402,3.4490729541658496,11485.988290203784,0.0310855484740191,109.72595986125226,197.93528544962157,2.1267591712480205,241.7180435260312,127.88627580317842,173.81891917561003,235.08303324583304,555.1383399209457,343.4439254214286,38.75500239052547,0.6500109549706182,358.17628244755684,371.9581076409902,22.77500346463667,5.036566128049634,0.0036593029475453,19.20518373075287,0.0185751557134807,3048.8499976448634,12.841615203480902,26.83946459115681,1503.9896198605784,19.269575749858536,13.582225111121057,7.803581152564059,1938.560543905529,101.19123783576724,230.89643499094777,416.83737056781894,1070.620660487912,32.22247380260855,1759.4497199077246,325.88424437298966,320.230942488174,,132.19935592789898,9451.404216416076,184.9863004355356,1030.4192217137015,193.1131359258145,24.99223602522727,2.2689951574467506,136.73955259783827,549.2882170513683,292.40196078431575,1020.2005012531318,804.9018399074366,127.88627580317842,94.54393378268652
2026-04-30,72.56281613809966,628.260149639306,23.793553573970993,121.41609864810296,29.55374149640561,47.11418083022426,595.0291817741426,276.8367861445915,6971.956377657221,166.08788198476327,6665.269232596979,36.65689149560156,90.847257160003,53857.459007968115,154.52661324287766,53.57168495467259,205.58034553115223,11.763261571521136,599.7547443252495,188.768371206605,179.62194035666107,133.5463604785791,17.608549974176558,252.36051502145753,539.5135186829215,0.0909046384974323,10.980391658209491,102.28240711434904,164.44320323482737,92.8989636968992,204.9747882546495,4.692118069434588,12683.856019277468,0.0316107630375097,106.5916491458939,199.25265737621177,2.374101413050506,243.41323299627356,127.39504279327312,176.80926979288242,234.46704503214983,647.0355731225262,359.56020481096334,45.75754645058126,0.8568581945726597,366.1261538952906,395.2278376001083,24.618780625404245,5.548467994244858,0.0043748486390115,19.523078077397667,0.0250285230719794,3279.986756305211,12.669811667634606,21.4562817916615,1396.7850891044277,19.16992891659198,12.854847300358166,9.659026411509693,2032.9094456489045,121.11727593236265,224.73783570810627,386.9386253163733,1309.57754180824,36.188290879670426,1883.8783052946465,339.42926045016,430.3235829135742,,127.7487851716278,9671.989501771825,197.0549843066942,1271.1905556048168,207.66766318813504,23.58511519049755,2.68661891452715,145.60635340457472,536.9598934598637,297.3039215686294,1040.481183427317,867.9908371881636,127.39504279327312,92.8989636968992
2026-05-31,69.19723366570688,659.43805883067,32.18408393014959,108.42990507790677,27.33919494093727,51.853249117776315,553.1502609300456,245.3901942619128,7900.190193911854,224.2292173065052,6595.500856632025,35.777126099707125,93.52545811131677,54134.60902665005,135.57573070627072,90.89927881742489,222.2841578738259,14.8151076988893,640.4973137901636,167.46393691861084,182.80608938129353,136.9901070136764,20.375175880589182,274.678111587981,525.6418480712556,0.1218309588109917,11.437908496732009,105.48781827768296,166.0413641407395,95.68704786699992,274.1046290153847,5.947113229765334,13175.50302992804,0.0318723526929891,107.4768522583037,193.83848794582465,1.3176428195311285,246.59407033071784,129.51517364532626,178.77943528323468,236.5996616156545,758.6956521739091,378.8936373411448,57.73242513417004,1.674331551411847,368.8600625324662,409.9912275625916,29.639487897912016,6.45505829243162,0.0038611556382369,19.327927797406076,0.0233953715521649,3641.289021288575,12.84065939840545,21.78440742854604,1576.955621985943,19.259966351713864,12.979180649752278,11.75531439953557,2300.1803233861433,185.6784909930493,224.26147996247207,366.0083303432894,1399.3776447797477,34.833721950575644,2104.0785503738207,351.808681672025,538.5569068499468,,133.2436239265772,9556.716954538711,206.8876680034246,1321.4530739283432,220.75426333425327,24.550652719770333,4.6209821176522565,153.1809066067541,550.2152142874241,278.9215686274528,1043.5388275375926,915.6618004288732,129.51517364532626,95.68704786699992
2026-06-30,49.250884324648794,666.5240693217041,25.836250217109193,88.62989164593728,22.830201150677947,46.55598510197136,574.1007316325737,229.7348175367879,9762.253870622004,171.50480681389416,6737.904802094735,36.65689149560157,134.48550967049584,57911.2672000392,114.21932863699136,103.10969170251178,218.97505961881504,11.207347672015358,642.3487678686782,140.26691607187902,184.02298768846737,138.5309173190705,19.353861293776863,277.51733245295276,451.2254783924392,0.0868436065370658,11.76470588235292,102.98876071767592,166.02277691776925,96.66287307225632,216.44320343037649,5.94277157187741,13527.20343628742,0.0352039442150566,109.67813536426588,179.24186403272688,1.239814237955624,252.22949162867567,130.41923662091267,178.60061103040758,240.40648441282855,741.6996047430792,386.6047910005529,45.41294024728151,1.2235752195600005,372.1739823578959,420.6287552677032,27.214437759020623,5.242499661850894,0.0029988977631418,18.96537172878423,0.0242955119705472,3060.1346774198905,7.386779390565855,20.17148179157108,1192.2043495925177,20.307239915181825,15.498885717671978,8.868044886948425,2484.5523989448625,172.3518137890532,200.57979432237488,344.29199259040035,1449.6024034806546,27.64833572381355,1761.457506878529,360.6511254019285,613.648206793024,107.43734400686628,106.54019938895,10288.440378474384,203.21796579677155,984.4602548684262,222.2222142792805,22.52254613620698,5.1868332062486155,158.03180020239526,587.5393696546632,258.333333333335,1052.3408129699228,918.9333094588584,130.41923662091267,96.66287307225632
2026-07-31,51.967245187211205,654.0187917342399,18.626902318629124,70.23103296690635,21.665123757136435,39.80672991546248,414.73920826156825,201.0202990194992,8091.843627299527,119.54223716392838,6036.3981177348,39.002932551320065,48.8395476668368,58291.47789417465,131.4666923169508,65.35987888526206,223.5331192319231,9.154066707690625,629.2298932552028,156.11983786094413,183.02872396861773,137.13921768839197,15.174463045462744,256.05810498514177,477.4303165921109,0.0743481235820923,12.745098039215666,99.72514146922887,166.11068588067482,92.9129070957449,154.6672472613055,5.048125207523578,14899.966374092495,0.029136591207652,106.2553359726598,189.86799216869213,1.074857741190521,243.5146632365691,128.27627820754034,176.60595594069972,235.93511578777537,702.173913043475,376.76884689911674,31.009793427943737,0.8316462403030473,385.7989983711165,414.2089150015694,20.075751421292136,5.479488843553967,0.0027680314054025,19.911162841509867,0.0318639786168057,3753.797376677469,6.025144462483268,18.567546577413992,1238.1676119808578,15.822620657005892,14.111949350062394,7.024827178044944,2524.453962425226,152.71288718616324,197.9938631317896,397.1742096589224,1447.966861466621,21.652471688991113,1539.804328278171,361.2540192926036,494.71556296555485,67.09574365466358,100.64754425355184,10778.149688592815,212.41557532064203,827.1929789506803,217.3186471518121,19.198314054009455,2.6906757470597698,151.6103302073485,585.2870287909052,268.3823529411783,1089.5337954260638,903.6420269150176,128.27627820754034,92.9129070957449
2026-08-31,40.69261752802018,666.7567565992911,22.023052209463312,93.78776408005888,26.74285546081332,42.90159965321491,333.03055990482517,218.04472621357084,8443.785132817166,101.47583565056637,5758.426124301834,37.829912023460835,51.61300583743108,56969.90427973934,135.8169671737605,62.094714644505814,225.1775214695529,10.055527852367558,652.9602446729652,167.64503213487896,184.06717695823764,139.35457628416594,18.3996425187938,269.92406734895826,506.84242469281475,0.0735671558974065,12.091503267973836,68.78559177270057,167.39295766847866,93.09966137699874,155.57470184403792,4.807879759541934,14520.150129680133,0.0147712057369956,106.03478181436807,200.83037791344344,0.8371258982356543,243.91583625934695,128.5776325327358,177.82791667840348,236.10312972039597,756.3241106719335,390.804224836984,31.887187408171165,1.0436104004155704,386.52760837748315,424.7774272581965,20.885273254861048,6.624233218639465,0.0025108422496565,21.54207992596902,0.0276027398160632,4114.286819747618,6.816918107706775,19.711882546337215,1855.584414601703,19.36561949131764,18.600417042421626,7.618665069658356,2642.072703980922,103.4860462403194,221.8116504134965,396.0492977939325,1487.015465128825,24.245147446245227,2018.4503109158784,365.91639871382546,505.74110318241975,86.7303258229224,120.7124079424393,10944.915733146669,222.2805294149223,891.3395275543919,225.22057152007417,22.205081749500817,2.373682180608731,156.52087110466496,604.5511533282578,286.76470588235475,1085.1428375626556,921.1131242454454,128.5776325327358,93.09966137699874
2026-09-16,35.06773404111062,658.3402350842383,20.25787968236368,93.74510178173598,10.108108194460415,36.45233705224853,343.50456051671085,204.91941416347385,7880.684045403827,104.24716439881308,5838.283997036513,36.656891495601585,41.83129720144878,59177.70934262704,163.6551864423434,49.49188023204018,221.20620738081377,7.830106052856856,646.0199368129329,139.5293719773032,189.95543027320207,142.3225887618375,15.924263735905797,267.2829316606123,526.3303155648507,0.0727861882127206,9.477124183006518,77.4151545085716,166.01640813832276,92.08335336021022,132.48813333468797,4.145189443380439,14324.445645646098,0.0126552739410911,105.11864129949196,211.19906497362643,0.7079738272893692,242.33647121474232,127.60660051010149,175.67609398232628,235.5549684080407,750.7905138339889,401.219495059056,26.81654047993023,0.8735402835503712,381.13589433037026,417.0303119960781,18.612314296300863,6.407632443022954,0.0021714233602474,18.8655607627004,0.0297498378684001,3964.225730950228,6.66449960128421,22.32210560919785,1752.4918035633452,16.24101747142309,15.246421708716534,7.195731340044315,2487.36766063566,95.12681294967284,213.33932322328928,423.5222943818207,1335.0449525564138,25.09774004186143,1486.0680934986503,356.7122186495169,500.9133589251686,93.32843887128772,113.47712252302632,10633.25146603864,214.4756115839386,736.4178250601768,222.7844020323128,19.307085749102416,1.9297166186040655,153.41947670205045,597.1312240763397,274.26470588235463,1071.528822055137,910.2869363552824,127.60660051010149,92.08335336021022
