,2498.HK,ACWI,AISP,AL3.AX,ALCLS.PA,ALMDT.PA,ALMU,ARA.TO,ASML.AS,AXE.AX,AZN.L,BGO.L,BIOA,BRK-B,BRNT.L,BTQ,COPA.L,CRBU,CSP1.L,CU6.AX,DBMF,DBMG.L,EDIT,EMIM.L,EMV.AX,FTC.L,GELN.L,GFUZ,GHYS.L,GLTL.L,GSIT,GUTS,HSBA.L,HYT.AX,IBTM.L,ICOM.L,IDN,IEMB.L,IGLT.L,IHYG.L,IHYU.L,IITU.L,IJPA.L,IMSR,IPWR,ISF.L,IWQU.L,LAES,LIS.AX,LTBR,MOLN.SW,MSCL.TO,MSFT,NYXH,ONWD.BR,PLTR,PRME,PRQR,QSI,RR.L,SEYE.ST,SGLN.L,SHEL.L,SIE.DE,SLDP,SLX.AX,SMEA.L,SMGB.L,SPCX,SSLN.L,ULVR.L,VMID.L,VUL.AX,VWRP.L,VYGR,WBT.AX,WLDS.L,XDWH.L,YCA.L,^FTAS,^FTSE,^GSPC
2016-09-16,,57.83000183105469,,,22.420000076293945,8.989999771118164,,,90.98999786376952,0.0706560015678405,50.95,0.93,,145.00999450683594,21.100000381469727,,21.0,,153.66,,,,14.489999771118164,17.3075,,0.1125,,,101.0500030517578,67.93000030517578,4.519999980926514,,5.667000122070313,190.19668707847592,157.27000427246094,,1.7799999713897705,114.29000091552734,13.654999732971191,104.38999938964844,103.81999969482422,4.152000122070313,33.79499816894531,,512.0000076293945,6.615,27.290000915527344,,,260.639991760254,24.700000762939453,3455.9999084472665,57.25,,,,,5.480000019073486,,2.4965480041503905,,19.76,17.985,93.52643585205078,,0.3000000119209289,35.540000915527344,,,18.501800537109375,42.30837432861328,28.899999618530273,,,14.260000228881836,19.884899258613583,,26.510000228881836,,3670.860107421875,6710.2998046875,2139.159912109375
2016-09-23,,59.130001068115234,,,22.40999984741211,8.979999542236328,,,97.25,0.0629130005836486,51.7,0.915,,145.0,21.700000762939453,,22.0,,157.8,,,,14.460000038146973,18.1125,,0.10875,,,102.18000030517578,69.5,4.550000190734863,,5.742999877929687,174.34694066047666,159.57000732421875,,1.7400000095367432,116.16000366210938,13.850000381469728,105.02999877929688,105.2300033569336,4.237999877929687,35.404998779296875,,529.0000152587891,6.809000244140625,27.78499984741211,,,282.2400054931642,24.950000762939453,3455.9999084472665,57.43000030517578,,,,,7.599999904632568,,2.479389953613281,,20.3825,18.65,95.73501586914062,,0.3000000119209289,36.96500015258789,,,19.3906005859375,43.691984252929686,28.86000061035156,,,13.850000381469728,18.64210069179535,,27.03499984741211,,3761.85009765625,6909.39990234375,2164.68994140625
2016-09-30,,59.099998474121094,,,21.399999618530273,8.6899995803833,,,97.69000244140624,0.0600100010633468,50.04,0.98,,144.47000122070312,22.5,,22.0,,157.08,,,,13.479999542236328,17.905,,0.11625,,,102.08999633789062,68.80000305175781,4.730000019073486,,5.787000122070313,174.34694066047666,159.27000427246094,,1.7200000286102295,115.88999938964844,13.774999618530272,104.9499969482422,105.36000061035156,4.231499938964844,35.189998626708984,,517.0000076293945,6.809000244140625,27.760000228881836,,,250.5599899291993,25.0,2880.000000000002,57.599998474121094,,,,,6.670000076293945,,2.4708099365234375,,20.01,19.14,93.93209075927734,,0.3000000119209289,36.650001525878906,,,18.9293994140625,43.96870513916016,28.780000686645508,,,12.010000228881836,18.02069991827011,,26.579999923706055,,3755.340087890625,6899.2998046875,2168.27001953125
2016-10-07,,58.7599983215332,,,20.280000686645508,8.5,,,95.01000213623048,0.0609770007431507,50.86,1.1,,144.52000427246094,23.600000381469727,,21.0,,163.33,,,,14.0600004196167,18.8275,,0.11375,,,102.66999816894533,66.70999908447266,5.050000190734863,,6.195,158.49721012115478,164.8699951171875,,1.7000000476837158,115.4000015258789,13.515000343322754,105.0199966430664,105.70999908447266,4.436499938964844,34.76499938964844,,495.99998474121094,6.950999755859375,27.44499969482422,,,233.2800064086915,24.799999237060547,2880.000000000002,57.79999923706055,,,,,7.010000228881836,,2.6612689208984377,,19.875,20.685,94.38282775878906,,0.2949999868869781,37.834999084472656,,,16.95199951171875,44.75074493408203,28.950000762939453,,,11.84000015258789,16.777899861335754,,26.344999313354492,,3824.760009765625,7044.39990234375,2153.739990234375
2016-10-14,,58.0099983215332,,,18.510000228881836,8.319999694824219,,,92.2300033569336,0.0590419992804527,49.47,1.055,,144.17999267578125,23.299999237060547,,21.0,,165.45,,,,13.4399995803833,18.8275,,0.115,,,100.33999633789062,65.52999877929688,5.050000190734863,,6.195999755859375,126.79774110317229,168.2050018310547,,1.659999966621399,114.5500030517578,13.375,105.29000091552734,105.75,4.5025,34.595001220703125,,500.0,6.927000122070313,27.2450008392334,,,231.8399963378907,24.149999618530273,2304.0000915527357,57.41999816894531,,,,,6.369999885559082,,2.6235198974609375,,20.2775,20.845,94.9687728881836,,0.3000000119209289,37.9900016784668,,,17.08760009765625,42.681349182128905,28.950000762939453,,,11.06999969482422,18.02069991827011,,25.71500015258789,,3809.909912109375,7013.60009765625,2132.97998046875
2016-10-21,,58.439998626708984,,,17.59000015258789,8.489999771118164,,,96.1999969482422,0.0580740012228488,49.52,0.865,,143.60000610351562,23.399999618530273,,20.0,,165.13,,,,15.31999969482422,19.0625,,0.115,,,100.5999984741211,66.16000366210938,5.199999809265137,,6.264000244140625,158.49721012115478,168.34500122070312,,1.600000023841858,114.97000122070312,13.4350004196167,105.69000244140624,106.4800033569336,4.514500122070313,35.14500045776367,,500.0,6.93,27.079999923706055,,,188.6400032043458,24.5,2304.0000915527357,59.65999984741211,,,,,6.400000095367432,,2.5909188842773436,,20.475,20.76,95.96038055419922,,0.2949999868869781,38.0099983215332,,,17.125400390625,41.94743225097656,28.899999618530273,,,12.449999809265137,18.02069991827011,,25.545000076293945,,3811.18994140625,7020.5,2141.159912109375
2016-10-28,,57.95000076293945,,,16.420000076293945,8.430000305175781,,,96.23999786376952,0.0580740012228488,46.17,0.87,,144.0,22.899999618530273,,21.0,,166.07,,,,13.100000381469728,19.02,,0.10625,,,99.94000244140624,64.05000305175781,5.260000228881836,,6.245,174.34694066047666,167.89500427246094,,1.6399999856948853,113.73999786376952,13.197500228881836,105.4000015258789,105.5199966430664,4.5775,35.209999084472656,,517.0000076293945,6.917999877929687,26.979999542236328,,,257.75999450683605,23.899999618530273,2304.0000915527357,59.869998931884766,,,,,5.449999809265137,,2.520570068359375,,20.595,20.71,93.3461456298828,,0.3300000131130218,38.099998474121094,,,17.2218994140625,41.41805053710937,28.48500061035156,,,12.199999809265137,16.777899861335754,,24.887500762939453,,3790.300048828125,6996.2998046875,2126.409912109375
2016-11-04,,56.7400016784668,,,15.170000076293944,8.539999961853027,,,92.37999725341795,0.0590419992804527,43.68,0.825,,142.9499969482422,20.299999237060547,,22.0,,158.2,,,,13.229999542236328,17.93,,0.09875,,,98.83000183105467,65.22000122070312,4.989999771118164,,5.947999877929687,126.79774110317229,163.9250030517578,,1.830000042915344,113.41999816894533,13.345000267028809,105.12999725341795,104.27999877929688,4.307999877929687,34.834999084472656,,475.0,6.617999877929687,26.575000762939453,,,240.4800109863282,22.75,2304.0000915527357,58.709999084472656,,,,,4.150000095367432,,2.4450729370117186,,20.535,20.165,91.09249877929688,,0.3300000131130218,36.29999923706055,,,17.89530029296875,39.92014434814453,27.899999618530273,,,11.460000038146973,14.91367518901825,,24.44499969482422,,3641.909912109375,6693.2998046875,2085.179931640625
2016-11-11,,57.91999816894531,,,17.459999084472656,10.68000030517578,,,91.19000244140624,0.0677530020475387,43.26,0.76,,156.9199981689453,19.799999237060547,,25.0,,161.94,,,,16.350000381469727,16.88,,0.0925,,,97.54000091552734,62.72999954223633,5.079999923706055,,6.199000244140625,142.6474795818329,157.3800048828125,,2.2200000286102295,107.9800033569336,12.920000076293944,104.52999877929688,98.9800033569336,4.300499877929687,34.505001068115234,,440.0,6.685999755859375,26.93000030517578,,,220.3200073242188,21.25,2304.0000915527357,59.02000045776367,,,,,4.800000190734863,,2.541159973144531,,19.25,19.49,97.49285888671876,,0.5400000214576721,36.1349983215332,,,18.1775,38.06129608154297,28.15999984741211,,,12.239999771118164,18.64210069179535,,25.489999771118164,,3664.050048828125,6730.39990234375,2164.449951171875
2016-11-18,,58.02000045776367,,,17.229999542236328,10.5,,,98.52999877929688,0.0725919976830482,43.235,0.7,,157.75,20.700000762939453,,24.0,,167.485,,,,15.210000038146973,17.4,,0.09625,,,98.52999877929688,61.90999984741211,5.190000057220459,,6.337999877929687,158.49721012115478,158.05999755859375,,2.5399999618530273,108.29000091552734,12.835000038146973,104.0500030517578,100.41000366210938,4.4575,34.494998931884766,,427.0000076293946,6.7379998779296875,27.020000457763672,,,224.639991760254,20.25,2880.000000000002,60.349998474121094,,,,,4.75,,2.256329956054687,,19.3425,19.85,96.1406707763672,,0.4199999868869781,36.26499938964844,,,16.14239990234375,37.53792938232422,28.53499984741211,,,13.989999771118164,17.399300634860992,,25.155000686645508,,3692.2099609375,6775.7998046875,2181.89990234375
2016-11-25,,58.790000915527344,,,16.889999389648438,10.369999885559082,,,98.18000030517578,0.0754960030317306,43.015,0.75,,158.17999267578125,21.100000381469727,,26.0,,167.7,,,,15.289999961853027,17.53,,0.0925,,,99.2300033569336,62.25,5.46999979019165,,6.41,174.34694066047666,155.97999572753906,,2.6600000858306885,108.2699966430664,12.897500038146973,104.9499969482422,101.95999908447266,4.4475,34.47999954223633,,435.99998474121094,6.809000244140625,27.38999938964844,,,187.2000045776368,19.950000762939453,2880.000000000002,60.529998779296875,,,,,4.849999904632568,,2.285500030517578,,18.73,20.11,96.77169036865234,,0.4099999964237213,36.28499984741211,,,16.09719970703125,38.17559234619141,28.5,,,13.979999542236328,27.341750264167786,,25.01499938964844,,3719.280029296875,6840.7998046875,2213.35009765625
2016-12-02,,58.38999938964844,,,15.800000190734863,10.5,,,93.79000091552734,0.0764639973640441,40.55,0.74,,159.38999938964844,23.5,,26.0,,163.71,,,,15.539999961853027,17.225,,0.09375,,,99.08999633789062,62.779998779296875,5.389999866485596,,6.270999755859375,158.49721012115478,153.09500122070312,,2.5799999237060547,108.16000366210938,12.9375,104.62000274658205,102.0500030517578,4.2564999389648435,34.540000915527344,,410.0,6.707000122070313,27.200000762939453,,,185.759994506836,18.850000381469727,3455.9999084472665,59.25,,,,,4.449999809265137,,2.268341064453125,,18.2625,20.48,95.37442779541016,,0.4000000059604645,35.6349983215332,,,15.983499755859375,37.42363037109375,28.18000030517578,,,13.510000228881836,19.884899258613583,,24.674999237060547,,3665.0,6730.7001953125,2191.949951171875
2016-12-09,,60.310001373291016,,,16.559999465942383,10.399999618530272,,,97.16999816894533,0.0725919976830482,42.8,0.705,,164.86000061035156,23.5,,26.0,,169.36,,,,15.960000038146973,17.8225,,0.095,,,100.5199966430664,61.959999084472656,5.659999847412109,,6.7379998779296875,158.49721012115478,153.82000732421875,,2.6700000762939453,109.3000030517578,12.862500190734863,105.83000183105467,103.68000030517578,4.453999938964844,35.650001525878906,,390.0,6.930999755859375,27.700000762939453,,,164.1600036621094,18.350000381469727,4031.999816894533,61.970001220703125,,,,,4.400000095367432,,2.2923629760742186,52.00152587890625,18.2225,20.875,103.39742279052734,,0.4000000059604645,37.130001068115234,,,16.568800048828123,37.59207000732422,28.780000686645508,,,14.43000030517578,18.02069991827011,,24.834999084472656,,3775.800048828125,6954.2001953125,2259.530029296875
2016-12-16,,59.84000015258789,,,16.3799991607666,10.0,,,102.0,0.0725919976830482,44.01,0.665,,164.75999450683594,23.899999618530273,,25.0,,171.29,,,,17.010000228881836,17.51,,0.11375,,,100.29000091552734,62.0,5.989999771118164,,6.669000244140625,142.6474795818329,153.55499267578125,,2.7799999713897705,108.08999633789062,12.86750030517578,106.25,103.0,4.5104998779296865,34.91999816894531,,342.99999237060547,6.925,27.68000030517578,,,161.27999496459967,19.5,3455.9999084472665,62.29999923706055,,,,,4.400000095367432,,2.316385040283203,45.1219482421875,18.015,21.75,104.11859130859376,,0.3899999856948852,37.505001068115234,,,15.687900390625,37.92293426513672,28.540000915527344,,,14.260000228881836,17.399300634860992,,25.104999542236328,,3803.699951171875,7011.60009765625,2258.070068359375
2016-12-23,,59.36000061035156,,,16.25,10.0,,,105.8499984741211,0.0629130005836486,44.07,0.675,,165.32000732421875,23.700000762939453,,24.0,,174.555,,,,17.079999923706055,17.515,,0.12,,,100.66000366210938,63.43000030517578,6.300000190734863,,6.465,158.49721012115478,156.67999267578125,,2.680000066757202,108.98999786376952,13.03499984741211,106.4000015258789,103.75,4.602000122070313,35.11000061035156,,347.99999237060547,7.0279998779296875,27.760000228881836,,,154.08000183105474,20.600000381469727,2880.000000000002,63.2400016784668,,,,,4.300000190734863,,2.33525894165039,46.94301223754883,18.2075,22.135,103.89322662353516,,0.395000010728836,38.2599983215332,,,15.383699951171875,39.37271759033203,28.899999618530273,,,13.149999618530272,16.777899861335754,,25.022499084472656,,3833.89990234375,7068.2001953125,2263.7900390625
2016-12-30,,59.16999816894531,,,16.209999084472656,11.0,,,106.6500015258789,0.0590419992804527,44.375,0.675,,162.97999572753906,24.200000762939453,,24.0,,173.21,,,,16.229999542236328,17.94,,0.12125,,,101.23999786376952,64.63999938964844,6.199999809265137,,6.569000244140625,158.49721012115478,156.94000244140625,,2.75,109.58000183105467,13.1899995803833,106.4000015258789,103.98999786376952,4.582000122070313,34.650001525878906,,330.0,7.0120001220703125,27.725000381469727,,,164.1600036621094,24.799999237060547,2880.000000000002,62.13999938964844,,,,,4.900000095367432,,2.2923629760742186,48.561737060546875,18.5625,22.425,105.29048919677734,,0.395000010728836,38.435001373291016,,,15.871099853515624,39.61334289550781,29.059999465942383,,,12.739999771118164,19.263499975204468,,25.219999313354492,,3873.219970703125,7142.7998046875,2238.830078125
2017-01-06,,60.380001068115234,,,18.030000686645508,11.18000030517578,,,105.4000015258789,0.0658169984817504,45.505,0.835,,163.41000366210938,24.399999618530273,,25.0,,174.895,,,,17.510000228881836,18.2875,,0.12,,,101.52999877929688,62.7400016784668,6.050000190734863,,6.69,126.79774110317229,157.68499755859375,,2.740000009536743,110.81999969482422,12.947500228881836,107.2300033569336,104.5500030517578,4.623999938964844,35.67499923706055,,359.00001525878906,7.1129998779296875,28.045000076293945,,,158.3999977111817,22.0,2304.0000915527357,62.84000015258789,,,,,5.0,,2.2323089599609376,48.96641540527344,18.7625,22.675,104.52424621582033,,0.449999988079071,39.09000015258789,,,16.07510009765625,39.631390686035154,29.4950008392334,,,11.84000015258789,17.399300634860992,,25.774999618530273,,3913.550048828125,7210.10009765625,2276.97998046875
2017-01-13,,60.70000076293945,,,17.399999618530273,11.529999732971191,,,108.5500030517578,0.0696889981627464,46.09,0.825,,161.89999389648438,23.700000762939453,,26.0,,177.03,,,,18.760000228881836,18.835,,0.135,,,101.75,62.65999984741211,6.130000114440918,,6.78,126.79774110317229,159.47000122070312,,3.0999999046325684,110.55999755859376,12.952500343322754,106.9800033569336,104.72000122070312,4.7260000610351565,35.875,,301.00000381469727,7.240999755859375,28.03499984741211,,,152.64000320434576,22.100000381469727,2304.0000915527357,62.70000076293945,,,,,4.699999809265137,,2.2700570678710936,50.98982238769531,19.315,22.815,104.92990112304688,,0.4850000143051147,39.755001068115234,,,16.376800537109375,40.7021841430664,29.549999237060547,,,11.90999984741211,18.64210069179535,,25.790000915527344,,3971.68994140625,7337.7998046875,2274.639892578125
2017-01-20,,60.4900016784668,,,16.3799991607666,12.0,,,114.0500030517578,0.0696889981627464,43.185,0.99,,160.2100067138672,23.700000762939453,,26.0,,174.585,,,,18.31999969482422,18.4875,,0.13625,,,101.68000030517578,62.34000015258789,6.099999904632568,,6.784000244140625,79.24854154586791,156.6199951171875,,2.880000114440918,110.11000061035156,12.90250015258789,107.1999969482422,104.48999786376952,4.676000061035157,35.68000030517578,,238.9999961853027,7.107999877929688,27.920000076293945,,,133.91999816894537,19.899999618530273,2880.000000000002,62.7400016784668,,,,,4.349999904632568,,2.362711944580078,49.168758392333984,19.2425,22.23,105.47077941894533,,0.4950000047683716,39.09000015258789,,,16.50260009765625,40.43749328613281,29.225000381469727,,,11.050000190734863,18.64210069179535,,25.469999313354492,,3902.699951171875,7198.39990234375,2271.31005859375
2017-01-27,,61.189998626708984,,,16.969999313354492,11.859999656677246,,,113.4499969482422,0.0745280012488365,42.39,1.18,,164.39999389648438,23.5,,26.0,,173.4,,,,18.31999969482422,18.6925,,0.13625,,,101.98999786376952,61.88999938964844,6.349999904632568,,6.875999755859375,79.24854154586791,154.2949981689453,,2.869999885559082,110.43000030517578,12.859999656677246,107.16999816894533,105.1999969482422,4.712000122070313,35.939998626708984,,225.0,7.107999877929688,28.23500061035156,,,142.56000137329107,19.850000381469727,2304.0000915527357,65.77999877929688,,,,,4.099999904632568,,2.3541329956054686,48.561737060546875,18.6975,21.91,107.45398712158205,,0.7350000143051147,38.90999984741211,,,16.315699462890624,38.90349151611328,29.290000915527344,,,11.760000228881836,21.127724647521973,,25.469999313354492,,3897.489990234375,7184.5,2294.68994140625
2017-02-03,,61.349998474121094,,,18.020000457763672,11.699999809265137,,,114.3499984741211,0.0677530020475387,43.58,0.975,,163.94000244140625,24.0,,26.0,,174.16,,,,18.440000534057617,18.9425,,0.1225,,,102.27999877929688,62.18000030517578,5.989999771118164,,6.852000122070312,95.0982720851898,155.69000244140625,,2.8299999237060547,111.5999984741211,12.97249984741211,107.20999908447266,105.5500030517578,4.721499938964843,36.1349983215332,,227.00000762939453,7.102999877929688,28.225000381469727,,,141.1200027465821,19.950000762939453,2880.000000000002,63.68000030517578,,,,,3.950000047683716,,2.3026579284667967,47.55003356933594,19.235,21.93,106.59760284423828,,0.5899999737739563,39.13999938964844,,,16.880999755859374,39.32459197998047,29.670000076293945,,,12.420000076293944,18.02069991827011,,25.94499969482422,,3907.68994140625,7188.2998046875,2297.419921875
2017-02-10,,61.72999954223633,,,20.63999938964844,11.729999542236328,,,117.1500015258789,0.0803349986672401,46.265,1.025,,164.00999450683594,24.0,,27.0,,175.39,,,,18.56999969482422,19.135,,0.12375,,,102.4800033569336,63.13999938964844,5.679999828338623,,6.869000244140625,95.0982720851898,155.8249969482422,,2.8499999046325684,111.45999908447266,13.079999923706056,107.3499984741211,105.31999969482422,4.7825,36.380001068115234,,228.9999961853027,7.175999755859375,28.450000762939453,,,154.08000183105474,20.100000381469727,2304.0000915527357,64.0,,,,,4.199999809265137,,2.5137060546875,48.359397888183594,19.455,21.665,107.85964965820312,,0.7599999904632568,38.935001373291016,,,17.2118994140625,39.82990814208984,30.13999938964844,,,12.050000190734863,18.02069991827011,,26.18000030517578,,3950.360107421875,7258.7998046875,2316.10009765625
2017-02-17,,62.41999816894531,,,20.950000762939453,11.600000381469728,,,118.6500015258789,0.0813030004501342,45.95,0.955,,168.57000732421875,23.399999618530273,,26.0,,178.8,,,,26.020000457763672,19.33,,0.12875,,,102.5199966430664,63.54999923706055,6.989999771118164,,7.075,95.0982720851898,156.83999633789062,,2.799999952316284,111.41000366210938,13.137499809265137,107.62999725341795,105.41000366210938,4.886499938964843,36.17499923706055,,247.99999237060547,7.242000122070312,28.81999969482422,,,149.759994506836,20.5,2304.0000915527357,64.62000274658203,,,,,4.25,,2.285500030517578,49.775779724121094,19.655,20.95,108.71603393554688,,0.699999988079071,39.39500045776367,,,17.586600341796874,45.68317932128906,30.09000015258789,,,12.4399995803833,17.399300634860992,,26.68000030517578,,3968.780029296875,7300.0,2351.159912109375
2017-02-24,,62.58000183105469,,,19.0,11.899999618530272,,,115.6500015258789,0.0784000009298324,46.09,1.045,,170.22000122070312,23.700000762939453,,26.0,,179.195,,,,23.540000915527344,19.345,,0.12625,,,103.01000213623048,64.8499984741211,6.900000095367432,,6.502999877929687,95.0982720851898,157.0399932861328,,2.5799999237060547,112.2300033569336,13.300000190734863,107.87000274658205,106.08000183105467,4.8925,36.5099983215332,,242.99999237060547,7.214000244140625,28.969999313354492,,,148.319995880127,22.200000762939453,2304.0000915527357,64.62000274658203,,,,,4.050000190734863,,2.620089111328125,47.347694396972656,19.81,20.73,109.7527084350586,,0.6499999761581421,39.064998626708984,,,17.844100341796874,45.39442565917969,29.94499969482422,,,12.289999961853027,16.777899861335754,,27.010000228881836,,3939.169921875,7243.7001953125,2367.340087890625
2017-03-03,,62.939998626708984,,,20.950000762939453,11.829999923706056,,,115.9000015258789,0.0822710022330284,47.805,1.01,,175.67999267578125,23.299999237060547,,26.0,,184.295,,,,22.020000457763672,19.52,,0.1275,,,103.38999938964844,64.44000244140625,6.96999979019165,,6.677999877929688,95.0982720851898,157.85499572753906,,2.440000057220459,111.8000030517578,13.25,107.87999725341795,106.4000015258789,5.02,36.279998779296875,,257.99999237060547,7.345999755859375,29.270000457763672,,,142.56000137329107,22.950000762939453,2304.0000915527357,64.25,,,,,4.199999809265137,,2.644110107421875,45.32428741455078,19.6975,21.375,112.45709228515624,,0.6299999952316284,40.30500030517578,,,17.24699951171875,46.43513854980469,30.415000915527344,,,14.020000457763672,15.535074472427368,,27.354999542236328,,4007.469970703125,7374.2998046875,2383.1201171875
2017-03-10,,62.779998779296875,,,21.88999938964844,11.970000267028809,,,116.5999984741211,0.0745280012488365,47.595,0.98,,174.97999572753906,21.799999237060547,,25.0,,185.37,,,,25.059999465942383,19.5875,,0.11875,,,101.81999969482422,64.05999755859375,7.099999904632568,,6.667000122070313,95.0982720851898,158.19500732421875,,2.4800000190734863,110.83999633789062,13.197500228881836,107.12000274658205,104.69000244140624,5.1075,36.349998474121094,,297.00000762939453,7.317999877929688,29.329999923706055,,,155.52000045776373,24.350000381469727,2304.0000915527357,64.93000030517578,,,,,5.0,,2.589202880859375,43.50322341918945,19.455,21.135,110.9246063232422,,0.5950000286102295,40.849998474121094,,,16.493699951171877,48.55266540527344,30.579999923706055,,,12.229999542236328,14.91367518901825,,27.395000457763672,,3996.610107421875,7343.10009765625,2372.60009765625
2017-03-17,,63.5099983215332,,,22.36000061035156,11.949999809265137,,,118.8000030517578,0.0774319991469383,48.97,1.05,,172.82000732421875,21.700000762939453,,26.0,,182.73,,,,22.299999237060547,20.015,,0.105,,,102.25,64.31999969482422,9.399999618530272,,6.590999755859375,95.0982720851898,156.82000732421875,,2.4600000381469727,111.48999786376952,13.227499961853027,105.58999633789062,105.38999938964844,5.0575,36.80500030517578,,349.00001525878906,7.337000122070313,29.68000030517578,,,155.52000045776373,23.0,2304.0000915527357,64.87000274658203,,,,,4.550000190734863,,2.65097412109375,43.300880432128906,19.56,21.23,112.09650421142578,,0.675000011920929,40.95500183105469,,,16.990400390625,48.60680603027344,30.73500061035156,,,11.109999656677246,18.02069991827011,,27.46500015258789,,4038.3798828125,7425.0,2378.25
2017-03-24,,63.08000183105469,,,21.299999237060547,12.800000190734863,,,122.9499969482422,0.0677530020475387,49.285,1.28,,168.66000366210938,21.200000762939453,,25.0,,178.83,,,,19.260000228881836,20.0,,0.10125,,,101.87000274658205,64.80999755859375,8.579999923706055,,6.482999877929688,95.0982720851898,156.43499755859375,,2.3299999237060547,112.26000213623048,13.262499809265137,105.58999633789062,104.93000030517578,4.985,36.95500183105469,,342.00000762939453,7.27,29.510000228881836,,,145.43999862670904,24.399999618530273,2880.000000000002,64.9800033569336,,,,,4.349999904632568,,2.59606689453125,43.705562591552734,19.6925,20.83,112.09650421142578,,0.6000000238418579,40.65999984741211,,,17.213699951171876,48.34211791992187,30.43000030517578,,,11.5600004196167,16.156500577926636,,27.2549991607666,,3995.030029296875,7336.7998046875,2343.97998046875
2017-03-31,,63.2599983215332,,,22.479999542236328,13.0,,,124.4000015258789,0.0667850002646446,49.125,1.525,,166.67999267578125,22.200000762939453,,26.0,,179.68,,,,22.31999969482422,19.74,,0.10125,,,102.77999877929688,65.54000091552734,8.699999809265137,,6.509000244140625,79.24854154586791,156.1199951171875,,2.609999895095825,112.08999633789062,13.345000267028809,105.68000030517578,106.29000091552734,5.011300048828125,36.494998931884766,,325.0,7.255,29.5,,,191.52000045776376,24.5,2880.000000000002,65.86000061035156,,,,,5.0,,2.587488098144531,42.6938591003418,19.61,20.96,115.74742126464844,,0.5400000214576721,40.7400016784668,,,17.63219970703125,47.39765075683594,30.5,,,13.239999771118164,16.777899861335754,,27.364999771118164,,3990.0,7322.89990234375,2362.719970703125
2017-04-07,,63.099998474121094,,,21.989999771118164,12.789999961853027,,,123.9499969482422,0.0677530020475387,47.935,1.49,,166.1699981689453,23.100000381469727,,26.0,,180.6,,,,20.899999618530273,20.0,,0.09625,,,103.0,65.94999694824219,8.180000305175781,,6.544000244140625,126.79774110317229,158.58999633789062,,2.950000047683716,112.75,13.404999732971191,105.77999877929688,106.44000244140624,5.023800048828125,36.275001525878906,,277.00000762939453,7.287000122070313,29.450000762939453,,,180.00000000000006,23.200000762939453,2880.000000000002,65.68000030517578,,,,,4.849999904632568,,2.735050048828125,39.57781600952149,20.095,21.455,115.74742126464844,,0.4799999892711639,40.80500030517578,,,17.9627001953125,48.61282104492187,30.875,,,12.520000457763672,15.535074472427368,,27.18000030517578,,4010.280029296875,7349.39990234375,2355.5400390625
2017-04-14,,62.59000015258789,,,21.350000381469727,12.789999961853027,,,122.0,0.0648489966988563,47.43,1.47,,162.89999389648438,23.399999618530273,,25.0,,178.36,,,,20.479999542236328,19.835,,0.10125,,,100.58000183105467,66.41000366210938,7.630000114440918,,6.439000244140625,110.9480105638504,158.15499877929688,,3.190000057220459,112.58000183105467,13.460000038146973,105.87999725341795,106.4499969482422,4.9525,35.994998931884766,,272.99999237060547,7.274000244140625,29.5,,,185.759994506836,28.25,2880.000000000002,64.94999694824219,,,,,4.949999809265137,,2.843147888183594,41.2774772644043,20.2175,21.065,114.07971954345705,,0.5199999809265137,40.404998779296875,,,18.1177001953125,48.52859985351562,31.354999542236328,,,11.199999809265137,14.91367518901825,,27.18000030517578,,4012.300048828125,7327.60009765625,2328.949951171875
2017-04-21,,63.02000045776367,,,21.100000381469727,11.899999618530272,,,121.5999984741211,0.0561380013823509,45.66,1.435,,163.41000366210938,21.799999237060547,,25.0,,175.03,,,,18.989999771118164,19.35,,0.11375,,,100.66999816894533,66.44000244140625,7.920000076293945,,6.24,95.0982720851898,155.33999633789062,,3.0,112.9800033569336,13.477499961853027,105.93000030517578,106.48999786376952,4.900499877929687,36.54999923706055,,236.0000038146973,7.057999877929688,29.520000457763672,,,180.00000000000006,29.25,2880.000000000002,66.4000015258789,,,,,4.800000190734863,,2.7676510620117187,41.07513427734375,19.785,19.925,112.99796295166016,,0.5249999761581421,39.595001220703125,,,17.55,47.37359069824219,31.18000030517578,,,10.34000015258789,16.156500577926636,,26.989999771118164,,3912.580078125,7114.60009765625,2348.68994140625
2017-04-28,,64.27999877929688,,,22.299999237060547,12.9399995803833,,,121.3499984741211,0.0571059994399547,46.375,1.345,,165.2100067138672,21.600000381469727,,25.0,,175.365,,,,18.850000381469727,19.4475,,0.1075,,,101.37999725341795,65.72000122070312,8.029999732971191,,6.365,95.0982720851898,152.5850067138672,,2.9000000953674316,113.4499969482422,13.40250015258789,106.61000061035156,107.12999725341795,4.9575,36.90999984741211,,265.0,7.154000244140625,29.93000030517578,,,210.24000549316415,29.850000381469727,2880.000000000002,68.45999908447266,,,,,4.900000095367432,,2.7865249633789064,42.89619827270508,19.295,20.025,118.63208770751952,,0.4449999928474426,40.91999816894531,,,16.9922998046875,47.78867065429687,31.635000228881836,,,10.4399995803833,14.91367518901825,,27.71500015258789,,3962.489990234375,7203.89990234375,2384.199951171875
2017-05-05,,65.0199966430664,,,23.18000030517578,12.390000343322754,,,122.6999969482422,0.0542020015418529,46.055,1.37,,166.5500030517578,20.5,,24.0,,175.51,,,,18.6299991607666,19.42,,0.10625,,,101.18000030517578,64.83000183105469,7.679999828338623,,6.585999755859375,79.24854154586791,151.875,,3.3499999046325684,113.16999816894533,13.300000190734863,106.9000015258789,106.68000030517578,5.005,37.41999816894531,,240.0,7.249000244140625,30.2549991607666,,,181.43999862670904,27.799999237060547,2880.000000000002,69.0,,,,,5.300000190734863,,2.9289401245117186,41.2774772644043,18.6825,20.675,118.99267578125,,0.395000010728836,42.025001525878906,,,15.878499755859377,47.98117309570313,31.739999771118164,,,9.229999542236328,13.670875132083893,,28.0,,4006.840087890625,7297.39990234375,2399.2900390625
2017-05-12,,65.01000213623047,,,22.450000762939453,11.970000267028809,,,123.5500030517578,0.0522660017013549,51.76,1.325,,163.32000732421875,21.0,,24.0,,176.78,,,,19.290000915527344,20.055,,0.13375,,,101.5999984741211,65.55000305175781,8.600000381469727,,6.780999755859375,79.24854154586791,151.8300018310547,,3.559999942779541,113.16000366210938,13.262499809265137,107.0999984741211,104.33000183105467,5.11125,37.310001373291016,,233.9999961853027,7.395,30.239999771118164,,,198.71999359130868,29.5,2880.000000000002,68.37999725341797,,,,,5.099999904632568,,2.963257141113281,40.67045211791992,18.8075,21.45,117.18975067138672,,0.4099999964237213,42.29499816894531,,,15.906500244140624,49.35876525878906,31.8799991607666,,,9.369999885559082,12.428075075149534,,28.06999969482422,,4071.14990234375,7435.39990234375,2390.89990234375
2017-05-19,,65.25,,,21.729999542236328,12.5,,,120.4499969482422,0.0522660017013549,51.19,1.27,,163.24000549316406,22.100000381469727,,25.0,,174.21,,,,17.90999984741211,19.77,,0.135,,,101.66999816894533,65.87999725341797,7.829999923706055,,6.655,79.24854154586791,150.99000549316406,,3.900000095367432,113.22000122070312,13.289999961853027,106.98999786376952,104.5999984741211,5.0325,37.755001068115234,,232.99999237060547,7.462999877929687,30.36000061035156,,,270.7199935913087,29.0,2880.000000000002,67.69000244140625,,,,,5.050000190734863,,2.9203610229492187,37.23066329956055,18.945,21.18,115.52205657958984,,0.4149999916553497,42.470001220703125,,,16.363900146484376,49.78588073730469,32.005001068115234,,,9.1899995803833,11.806649714708326,,28.100000381469727,,4087.60009765625,7470.7001953125,2381.72998046875
2017-05-26,,65.83000183105469,,,21.8799991607666,12.289999961853027,,,119.8000030517578,0.044523000717163,52.27,1.27,,165.69000244140625,21.5,,25.0,,180.15,,,,15.619999885559082,20.405,,0.13,,,102.0,66.80000305175781,7.840000152587891,,6.75,95.0982720851898,154.07000732421875,,4.039999961853027,113.76000213623048,13.385000228881836,107.25,104.86000061035156,5.235,37.814998626708984,,253.9999961853027,7.540999755859375,30.6299991607666,,,250.5599899291993,28.200000762939453,2880.000000000002,69.95999908447266,,,,,5.0,,2.995857849121094,35.77381134033203,19.5275,21.18,113.62899017333984,,0.4149999916553497,43.244998931884766,,,16.87,51.86129699707031,32.3849983215332,,,8.960000038146973,11.806649714708326,,28.26499938964844,,4130.14990234375,7547.60009765625,2415.820068359375
2017-06-02,,66.61000061035156,,,21.65999984741211,12.5,,,118.9499969482422,0.048395000398159,53.64,1.27,,166.2899932861328,20.600000381469727,,25.0,,180.01,,,,14.210000038146973,20.2725,,0.12125,,,102.4800033569336,66.16000366210938,8.5600004196167,,6.784000244140625,79.24854154586791,153.9499969482422,,4.130000114440918,114.51000213623048,13.327500343322754,107.4499969482422,105.4499969482422,5.2375,38.935001373291016,,250.0,7.534000244140625,30.989999771118164,,,325.4400100708009,29.899999618530273,2880.000000000002,71.76000213623047,,,,,4.949999809265137,,3.059343872070313,35.2881965637207,19.545,20.87,116.73902130126952,,0.4149999916553497,43.474998474121094,,,16.771199951171877,52.6072412109375,32.30500030517578,,,9.399999618530272,12.428075075149534,,28.799999237060547,,4129.1298828125,7547.60009765625,2439.070068359375
2017-06-09,,66.2300033569336,,,21.790000915527344,12.539999961853027,,,119.9000015258789,0.046459000557661,53.37,1.53,,170.0,20.0,,25.0,,183.01,,,,15.720000267028809,20.6425,,0.11875,,,102.1999969482422,66.36000061035156,8.489999771118164,,6.957000122070313,95.0982720851898,155.125,,3.8299999237060542,114.44000244140624,13.350000381469728,107.5,105.12000274658205,5.341300048828125,38.65999984741211,,230.0,7.524000244140625,30.899999618530273,,,312.48001098632824,29.75,2304.0000915527357,70.31999969482422,,,,,4.900000095367432,,3.11768310546875,35.45006561279297,19.605,21.065,116.6488800048828,,0.3700000047683716,43.46500015258789,,,16.925999755859376,52.077859497070314,31.850000381469727,,,8.710000038146973,11.806649714708326,,28.6200008392334,,4111.6298828125,7527.2998046875,2431.77001953125
2017-06-16,,66.2699966430664,,,20.34000015258789,12.489999771118164,,,116.0,0.0435549989342689,52.84,1.735,,170.47999572753906,19.5,,25.0,,181.005,,,,16.280000686645508,20.165,,0.12375,,,102.23999786376952,65.91000366210938,7.820000171661377,,6.872000122070313,79.24854154586791,155.36500549316406,,3.859999895095825,113.91999816894533,13.302499771118164,107.73999786376952,104.9000015258789,5.12,38.5099983215332,,213.9999961853027,7.379000244140625,30.86000061035156,,,223.2000045776368,30.0,2880.000000000002,70.0,,,,,4.949999809265137,,3.1142510986328125,35.692874908447266,19.325,21.15,112.27679443359376,,0.3700000047683716,43.10499954223633,,,16.349100341796873,51.45223205566406,31.924999237060547,,,9.81999969482422,12.428075075149534,,28.71500015258789,,4085.0400390625,7463.5,2433.14990234375
2017-06-23,,65.54000091552734,,,20.920000076293945,12.399999618530272,,,120.0,0.0416189990937709,54.01,1.71,,167.22000122070312,18.799999237060547,,25.0,,182.57,,,,17.950000762939453,20.505,,0.12125,,,101.91000366210938,66.52999877929688,7.900000095367432,,6.8070001220703125,79.24854154586791,156.0,,3.990000009536743,113.69000244140624,13.354999542236328,107.62999725341795,104.73999786376952,5.263800048828125,38.72999954223633,,213.9999961853027,7.33,30.895000457763672,,,249.12000274658212,31.0,3455.9999084472665,71.20999908447266,,,,,4.900000095367432,,3.23264404296875,36.42130279541016,19.425,20.665,112.45709228515624,,0.375,43.255001068115234,,,16.299100341796876,51.56051330566406,31.329999923706055,,,10.380000114440918,13.049474358558657,,29.649999618530273,,4063.60009765625,7424.10009765625,2438.300048828125
2017-06-30,,65.48999786376953,,,22.6200008392334,12.380000114440918,,,114.0999984741211,0.0348439998924732,51.35,1.705,,169.3699951171875,19.799999237060547,,26.0,,178.17,,,,16.780000686645508,20.11,,0.1275,,,102.25,64.12999725341797,7.860000133514404,,7.117000122070312,63.39880306720733,151.5399932861328,,3.890000104904175,112.8499984741211,13.06999969482422,107.3499984741211,104.9800033569336,5.026300048828125,38.34000015258789,,210.0,7.23,30.75,,,249.12000274658212,29.350000381469727,2880.000000000002,68.93000030517578,,,,,5.199999809265137,,3.057627868652344,38.93032455444336,18.845,20.35,108.49066925048828,,0.3650000095367431,42.244998931884766,,,16.063800048828124,49.990413208007816,30.729999542236328,,,8.960000038146973,11.806649714708326,,29.1200008392334,,4002.179931640625,7312.7001953125,2423.409912109375
2017-07-07,,65.33999633789062,,,22.36000061035156,11.600000381469728,,,116.5,0.0425870008766651,51.3,1.935,,171.13999938964844,19.299999237060547,,25.0,,179.495,,,,17.18000030517578,20.105,,0.13125,,,101.6500015258789,63.33000183105469,8.199999809265137,,7.282000122070312,63.39880306720733,151.61500549316406,,3.839999914169311,111.62999725341795,12.993749618530272,106.97000122070312,104.62000274658205,5.085,37.880001068115234,,212.00000762939453,7.274000244140625,30.59000015258789,,,244.79999542236337,29.200000762939453,2880.000000000002,69.45999908447266,,,,,5.199999809265137,,3.2137701416015627,40.14436721801758,18.505,20.44,108.94139862060548,,0.3799999952316284,42.64500045776367,,,15.4481005859375,50.267136840820314,30.90999984741211,,,9.350000381469728,11.18524968624115,,28.88999938964844,,4020.820068359375,7350.89990234375,2425.179931640625
2017-07-14,,66.72000122070312,,,23.030000686645508,11.59000015258789,,,121.5999984741211,0.0474269986152648,49.985,1.91,,169.47000122070312,20.0,,26.0,,178.87,,,,17.299999237060547,20.755,,0.1325,,,102.4800033569336,63.5099983215332,7.909999847412109,,7.339000244140625,63.39880306720733,150.2100067138672,,3.509999990463257,112.7300033569336,13.0,107.76000213623048,105.5,5.176300048828125,38.43000030517578,,238.9999961853027,7.297000122070313,31.11000061035156,,,190.08000183105477,28.75,2880.000000000002,72.77999877929688,,,,,5.300000190734863,,3.138273010253906,40.225303649902344,18.485,20.5,108.44559478759766,,0.3549999892711639,42.935001373291016,,,15.3202001953125,51.36646728515625,30.94499969482422,,,9.720000267028809,11.806649714708326,,29.2450008392334,,4033.510009765625,7378.39990234375,2459.27001953125
2017-07-21,,67.11000061035156,,,22.75,11.420000076293944,,,131.60000610351562,0.048395000398159,51.52,2.55,,171.33999633789062,19.899999618530273,,26.0,,181.89,,,,15.81999969482422,21.09,,0.13375,,,102.91999816894533,64.81999969482422,8.1899995803833,,7.350999755859375,63.39880306720733,152.60000610351562,5.011250019073486,3.5,113.47000122070312,13.170000076293944,108.11000061035156,105.83999633789062,5.298800048828125,38.959999084472656,,262.00000762939453,7.367000122070312,31.309999465942383,,,169.91999816894537,28.399999618530273,2880.000000000002,73.79000091552734,,,,,5.099999904632568,,3.164010009765625,37.797218322753906,19.0025,20.79,104.52424621582033,,0.3700000047683716,43.334999084472656,,,16.021099853515626,52.67341735839844,31.520000457763672,,,9.729999542236328,11.18524968624115,,29.510000228881836,,4079.6201171875,7452.89990234375,2472.5400390625
2017-07-28,,67.19999694824219,,,21.450000762939453,11.6899995803833,,,129.85000610351562,0.0542020015418529,44.815,2.31,,174.0,21.200000762939453,,28.0,,179.8,,,,17.139999389648438,20.8925,,0.135,,,103.0199966430664,64.38999938964844,7.21999979019165,,7.435999755859375,63.39880306720733,150.26499938964844,5.090000152587891,3.369999885559082,113.38999938964844,13.11750030517578,108.31999969482422,106.13999938964844,5.203800048828125,39.119998931884766,,297.99999237060547,7.287999877929687,31.094999313354492,,,152.64000320434576,27.75,2880.000000000002,73.04000091552734,,,,,5.25,,3.1880319213867185,37.47347259521485,19.055,21.155,104.34395599365234,,0.3700000047683716,42.94499969482422,,,16.146600341796876,52.059814453125,31.469999313354492,,,9.09000015258789,11.806649714708326,,29.030000686645508,,4042.02001953125,7368.39990234375,2472.10009765625
2017-08-04,,67.52999877929688,,,19.739999771118164,11.829999923706056,,,129.85000610351562,0.0590419992804527,45.34,2.46,,179.9199981689453,21.299999237060547,,28.0,,181.52,,,,17.059999465942383,21.1225,,0.13125,,,103.11000061035156,64.16999816894531,7.119999885559082,,7.69,63.39880306720733,151.4550018310547,5.013750076293945,2.450000047683716,113.91999816894533,13.167499542236328,108.80999755859376,106.0199966430664,5.273800048828125,39.595001220703125,,236.0000038146973,7.444000244140625,31.3799991607666,,,158.3999977111817,27.450000762939453,2880.000000000002,72.68000030517578,,,,,5.199999809265137,,3.30127685546875,39.173133850097656,18.975,21.83,100.55782318115234,,0.3600000143051147,43.84000015258789,,,16.281800537109376,52.42075378417969,31.959999084472656,,,8.670000076293945,11.18524968624115,,28.959999084472656,,4114.2001953125,7511.7001953125,2476.830078125
2017-08-11,,66.3499984741211,,,18.229999542236328,11.770000457763672,,,127.25,0.0493629984557628,43.84,2.2,,175.33999633789062,20.899999618530273,,28.0,,180.06,,,,21.950000762939453,20.76,,0.12375,,,102.13999938964844,65.52999877929688,6.610000133514404,,7.367999877929687,63.39880306720733,153.30999755859375,5.03000020980835,2.5999999046325684,113.3000030517578,13.317500114440918,108.25,104.62000274658205,5.221300048828125,38.900001525878906,,222.99999237060547,7.282999877929687,30.90999984741211,,,151.2000045776368,27.200000762939453,2304.0000915527357,72.5,,,,,4.989999771118164,,3.1228298950195312,35.93568420410156,19.525,21.35,98.43939208984376,,0.3549999892711639,42.994998931884766,,,16.660799560546874,52.62529174804688,31.34000015258789,,,8.729999542236328,9.321050345897676,,28.579999923706055,,4010.330078125,7310.0,2441.320068359375
2017-08-18,,66.33999633789062,,,18.63999938964844,12.18000030517578,,,129.10000610351562,0.0454909987747669,44.47,2.135,,177.55999755859375,20.700000762939453,,28.0,,181.22,,,,17.829999923706055,21.38,,0.13125,,,102.12000274658205,65.0,6.25,,7.362000122070312,47.54906855821609,154.88499450683594,4.980999946594238,2.4200000762939453,114.01000213623048,13.272500038146973,108.44000244140624,104.93000030517578,5.3225,39.14500045776367,,231.0000038146973,7.31,30.80500030517578,,,146.87999725341805,27.100000381469727,2304.0000915527357,72.48999786376953,,,,,4.75,,3.0919448852539064,37.87815475463867,19.7825,21.145,100.33245849609376,,0.3499999940395355,43.505001068115234,,,16.71800048828125,53.58178344726562,31.475000381469727,,,8.539999961853027,9.942449629306791,,28.51499938964844,,4018.659912109375,7324.0,2425.550048828125
2017-08-25,,67.05000305175781,,,21.190000534057617,11.90999984741211,,,129.60000610351562,0.0435549989342689,44.985,2.3,,179.60000610351562,21.0,,29.0,,181.53,,,,19.100000381469727,21.8425,,0.1275,,,102.76000213623048,65.6500015258789,6.360000133514404,,7.427999877929688,79.24854154586791,154.75999450683594,5.019999980926514,2.5899999141693115,114.76000213623048,13.342499732971191,108.47000122070312,105.62999725341795,5.34,39.154998779296875,,237.99999237060547,7.389000244140625,31.020000457763672,,,151.2000045776368,27.700000762939453,2880.000000000002,72.81999969482422,,,,,4.5,,3.110819091796875,37.068790435791016,19.735,21.425,99.9268035888672,,0.3499999940395355,43.869998931884766,,,16.59,54.267572021484376,31.575000762939453,,,8.989999771118164,11.806649714708326,,28.809999465942383,,4054.6298828125,7401.5,2443.050048828125
2017-09-01,,67.70999908447266,,,25.600000381469727,12.0,,,132.10000610351562,0.046459000557661,45.925,2.385,,180.72999572753903,21.399999618530273,,30.0,,182.61,,,,20.59000015258789,21.8475,,0.12375,,,103.12000274658205,65.61000061035156,6.639999866485596,,7.497000122070313,79.24854154586791,154.0050048828125,5.106249809265137,2.619999885559082,115.44000244140624,13.327500343322754,108.77999877929688,106.16000366210938,5.418800048828125,39.29999923706055,,264.0999984741211,7.42,31.315000534057617,,,154.08000183105474,28.5,2880.000000000002,73.94000244140625,,,,,5.300000190734863,,3.1571469116210937,36.42130279541016,20.06,21.22,99.83665466308594,,0.3600000143051147,43.76499938964844,,,17.056600341796877,54.00889892578125,31.73500061035156,,,9.960000038146973,9.942449629306791,,29.440000534057617,,4075.75,7438.5,2476.550048828125
2017-09-08,,67.69000244140625,,,22.469999313354492,11.5600004196167,,,133.14999389648438,0.0454909987747669,47.9,2.38,,175.5,22.0,,29.0,,178.905,,,,20.09000015258789,21.42,,0.12625,,,102.87999725341795,66.56999969482422,6.570000171661377,,7.294000244140625,1.981213538646698,152.3350067138672,5.110000133514404,2.75,115.9800033569336,13.43000030517578,108.8499984741211,105.8499984741211,5.2975,39.619998931884766,,273.99999618530273,7.369000244140625,31.38999938964844,,,164.1600036621094,27.5,2880.000000000002,73.9800033569336,,,,,5.400000095367432,,3.061059875488281,36.82598114013672,20.08,21.38,101.1888427734375,,0.3449999988079071,43.47999954223633,,,17.74719970703125,54.225466918945315,31.48500061035156,,,14.59000015258789,11.18524968624115,,29.899999618530273,,4043.280029296875,7377.60009765625,2461.429931640625
2017-09-15,,68.56999969482422,,,24.68000030517578,11.100000381469728,,,135.85000610351562,0.0590419992804527,47.195,2.25,,179.88999938964844,22.600000381469727,,28.0,,176.155,,,,20.940000534057617,21.0725,,0.12125,,,103.26000213623048,63.349998474121094,7.059999942779541,,7.08,1.981213538646698,146.4550018310547,5.116250038146973,3.0399999618530273,115.27999877929688,13.029999732971191,106.8000030517578,106.23999786376952,5.1975,39.630001068115234,,242.00000762939453,7.102000122070312,31.709999084472656,,,159.8399963378907,27.149999618530273,2304.0000915527357,75.30999755859375,,,,,6.050000190734863,,3.038753967285156,38.6065788269043,19.155,21.025,104.83975219726562,,0.3300000131130218,42.55500030517578,,,17.248900146484374,52.31848754882813,31.1200008392334,,,16.350000381469727,11.18524968624115,,30.020000457763672,,3962.43994140625,7215.5,2500.22998046875
2017-09-22,,68.69000244140625,,,23.350000381469727,10.979999542236328,,,138.9499969482422,0.0551699995994567,49.12,2.735,,181.86000061035156,22.899999618530273,,28.0,,177.045,,,,22.850000381469727,21.105,,0.125,,,103.27999877929688,62.959999084472656,6.929999828338623,,7.270999755859375,1.5849700766801833,146.5500030517578,5.110000133514404,3.0199999809265137,114.80999755859376,13.012499809265137,106.91999816894533,106.41000366210938,5.173800048828125,39.790000915527344,,275.0,7.205,31.829999923706055,,,154.08000183105474,26.149999618530273,2304.0000915527357,74.41000366210938,,,,,6.199999809265137,,3.061059875488281,38.44470977783203,18.8575,21.9,105.06512451171876,,0.3350000083446502,43.095001220703125,,,16.536199951171874,51.30183471679688,31.165000915527344,,,17.5,9.942449629306791,,29.709999084472656,,4008.860107421875,7310.60009765625,2502.219970703125
2017-09-29,,68.81999969482422,,,23.75,10.890000343322754,,,144.0500030517578,0.0600100010633468,49.55,2.51,,183.32000732421875,23.100000381469727,,28.0,,179.765,,,,24.010000228881836,20.96,,0.12875,,,103.56999969482422,63.209999084472656,7.269999980926514,,7.370999755859375,1.0896658980846403,147.26499938964844,5.091249942779541,2.880000114440918,114.62999725341795,13.015000343322754,106.87999725341795,106.77999877929688,5.2675,40.029998779296875,,258.99999618530273,7.275999755859375,31.950000762939453,,,158.3999977111817,25.5,2880.000000000002,74.48999786376953,,,,,4.849999904632568,,3.043901062011719,39.33500671386719,18.86,22.485,107.45398712158205,,0.324999988079071,43.43000030517578,,,16.4277001953125,51.96356323242187,31.739999771118164,,,20.59000015258789,11.18524968624115,,29.68000030517578,,4049.889892578125,7372.7998046875,2519.360107421875
2017-10-06,,69.4000015258789,,,24.399999618530273,10.470000267028809,,,143.39999389648438,0.0619449988007545,51.54,2.495,,187.42999267578125,22.5,,28.75,,187.235,,,,25.010000228881836,21.94,,0.12875,,,103.73999786376952,62.81999969482422,7.230000019073486,,7.569000244140625,1.040135440528393,151.02000427246094,5.048749923706055,2.490000009536743,114.62000274658205,12.978750228881836,107.1999969482422,106.87000274658205,5.4875,40.22999954223633,,242.99999237060547,7.43,32.130001068115234,,,154.08000183105474,25.5,2304.0000915527357,76.0,,,,,4.650000095367432,,3.155430908203125,38.849388122558594,19.19,22.975,107.8145751953125,,0.3100000023841858,44.5,,,16.1975,52.72154296875,32.290000915527344,,,20.709999084472656,11.18524968624115,,30.155000686645508,,4128.10009765625,7522.89990234375,2549.330078125
2017-10-13,,70.0,,,24.079999923706055,10.56999969482422,,,148.3000030517578,0.0590419992804527,51.27,2.375,,187.3699951171875,23.200000762939453,,30.0,,184.27,,,,23.3700008392334,22.0475,,0.1375,,,101.43000030517578,63.22999954223633,7.360000133514404,,7.39,1.0896658980846403,148.97500610351562,5.170000076293945,2.380000114440918,114.6999969482422,13.017499923706056,107.37999725341795,106.77999877929688,5.473800048828125,41.16999816894531,,227.99999237060547,7.452999877929687,32.619998931884766,,,151.2000045776368,23.399999618530273,2304.0000915527357,77.48999786376953,,,,,4.449999809265137,,3.133125,45.52662658691406,19.235,22.855,108.08501434326172,,0.3300000131130218,44.39500045776367,,,16.756400146484374,54.17132080078125,32.439998626708984,,,20.209999084472656,9.942449629306791,,30.059999465942383,,4137.06005859375,7535.39990234375,2553.169921875
2017-10-20,,70.31999969482422,,,25.0,10.449999809265137,,,148.5,0.0638810023665428,51.62,2.4,,189.0399932861328,23.399999618530273,,30.0,,186.795,,,,24.010000228881836,22.06,,0.1575,,,101.66999816894533,63.43000030517578,7.159999847412109,,7.485999755859375,1.040135440528393,149.10000610351562,5.141250133514404,2.390000104904175,114.45999908447266,13.037500381469728,107.5500030517578,107.08000183105467,5.566300048828125,41.10499954223633,,216.0000038146973,7.437999877929688,32.540000915527344,,,154.08000183105474,25.350000381469727,2880.000000000002,78.80999755859375,,,,,4.400000095367432,,3.177737121582031,40.387176513671875,19.1175,23.135,104.47917175292967,,0.3199999928474426,44.349998474121094,,,16.633399658203125,50.062604370117185,32.26499938964844,,,23.100000381469727,11.806649714708326,,30.299999237060547,,4127.919921875,7523.2001953125,2575.2099609375
2017-10-27,,70.19000244140625,,,28.3799991607666,10.25,,,153.3000030517578,0.0677530020475387,50.22,2.29,,188.58999633789065,24.5,,29.0,,188.495,,,,22.280000686645508,22.0675,,0.15,,,101.43000030517578,63.279998779296875,6.849999904632568,,7.482999877929688,1.040135440528393,149.6300048828125,5.159999847412109,2.259999990463257,114.13999938964844,13.039999961853027,107.83999633789062,106.77999877929688,5.7425,41.849998474121094,,195.0,7.425,32.6349983215332,,,151.2000045776368,27.200000762939453,2304.0000915527357,83.80999755859375,,,,,3.900000095367432,,3.3098568725585937,40.30624008178711,19.0625,23.27,108.62588500976562,,0.3000000119209289,44.244998931884766,,,16.286300048828124,50.89878479003906,32.279998779296875,,,22.56999969482422,15.535074472427368,,29.604999542236328,,4120.2099609375,7505.0,2581.070068359375
2017-11-03,,70.58999633789062,,,23.809999465942383,10.4399995803833,,,157.60000610351562,0.0832389965653419,51.8,2.345,,187.27000427246097,25.0,,30.0,,189.64,,,,24.93000030517578,22.335,,0.1525,,,101.6500015258789,63.95000076293945,8.020000457763672,,7.380999755859375,1.2382571715116502,150.9499969482422,5.21999979019165,2.2100000381469727,114.22000122070312,13.11750030517578,108.23999786376952,106.86000061035156,5.875,42.349998474121094,,206.0000038146973,7.479000244140625,32.79999923706055,,,162.72000503540045,27.950000762939453,2304.0000915527357,84.13999938964844,,,,,3.950000047683716,,3.352752990722656,35.77381134033203,19.075,24.35,111.96128845214844,,0.3050000071525574,44.76499938964844,,,16.6406005859375,51.470277099609376,32.81999969482422,,,16.889999389648438,23.61332476139069,,29.5,,4156.9501953125,7560.39990234375,2587.840087890625
2017-11-10,,70.37999725341797,,,21.6200008392334,10.470000267028809,,,153.0,0.1548639982938766,48.7,2.245,,183.67999267578125,26.200000762939453,,29.0,,187.46,,,,24.3799991607666,22.08,,0.155,,,100.6500015258789,63.529998779296875,7.920000076293945,,7.412999877929687,1.2382571715116502,148.9199981689453,5.269999980926514,2.3499999046325684,113.04000091552734,13.03499984741211,107.27999877929688,105.58000183105467,5.818800048828125,42.349998474121094,,203.9999961853027,7.362999877929688,32.65999984741211,,,169.91999816894537,26.850000381469727,2304.0000915527357,83.87000274658203,,,,,3.549999952316284,,3.1845999145507813,33.18385314941406,19.035,24.18,105.42570495605467,,0.324999988079071,43.724998474121094,,,16.556500244140626,50.82057861328125,32.0099983215332,,,13.600000381469728,30.44877648353577,,29.15999984741211,,4084.050048828125,7433.0,2582.300048828125
2017-11-17,,70.37999725341797,,,19.940000534057617,10.0,,,152.85000610351562,0.1258269995450973,49.75,2.515,,181.05999755859375,25.5,,29.0,,187.565,,,,25.049999237060547,22.2975,,0.1475,,,101.0,64.0,8.010000228881836,,7.315999755859375,1.2877876290678976,147.77000427246094,5.210000038146973,2.25,113.5,13.05500030517578,107.19000244140624,103.2300033569336,5.8275,42.15999984741211,,148.9999961853027,7.325,32.720001220703125,,,148.319995880127,25.350000381469727,2304.0000915527357,82.4000015258789,,,,,3.0999999046325684,,3.050765075683594,31.565128326416016,19.17,23.375,103.57771301269533,,0.3100000023841858,43.619998931884766,,,16.63800048828125,49.93025756835937,31.61000061035156,,,12.949999809265137,27.963149547576904,,29.3700008392334,,4051.780029296875,7380.7001953125,2578.85009765625
2017-11-24,,71.3499984741211,,,20.200000762939453,9.640000343322754,,,155.8000030517578,0.1355060040950775,49.83,2.49,,182.36000061035156,25.799999237060547,,30.0,,187.355,,,,25.799999237060547,22.5,,0.12875,,,101.38999938964844,64.87999725341797,8.4399995803833,,7.357000122070312,1.2877876290678976,146.4250030517578,5.25,2.2899999618530273,114.20999908447266,13.145000457763672,107.61000061035156,103.77999877929688,5.8525,43.130001068115234,,167.00000762939453,7.36,33.27000045776367,,,148.319995880127,26.049999237060547,2304.0000915527357,83.26000213623047,,,,,3.2750000953674316,,3.042185974121094,35.531005859375,18.98,23.375,102.81147003173828,,0.4199999868869781,44.099998474121094,,,16.6027001953125,51.26574462890625,31.84000015258789,,,14.399999618530272,38.527023792266846,,29.704999923706055,,4070.199951171875,7409.60009765625,2602.419921875
2017-12-01,,71.54000091552734,,,20.36000061035156,9.5,,,144.14999389648438,0.1016289964318275,47.67,2.575,,194.55999755859375,26.100000381469727,,29.0,,185.985,,,,29.8700008392334,21.4375,,0.12875,,,101.18000030517578,65.0199966430664,7.610000133514404,,7.297999877929687,0.9509814307093618,144.90499877929688,5.239999771118164,2.2300000190734863,114.12000274658205,13.177499771118164,107.37999725341795,103.0500030517578,5.6325,42.82500076293945,,171.0000038146973,7.26,33.2400016784668,,,148.319995880127,24.700000762939453,2304.0000915527357,84.26000213623047,,,,,3.174999952316284,,2.8757489013671873,32.37449264526367,18.765,23.64,101.9100112915039,,0.4300000071525574,43.209999084472656,,,15.987900390625,49.50916259765625,31.73500061035156,,,14.4399995803833,34.17719900608063,,29.84000015258789,,4018.8701171875,7300.5,2642.219970703125
2017-12-08,,71.61000061035156,,,20.90999984741211,9.15999984741211,,,146.85000610351562,0.1209869980812072,47.84,2.5,,196.44000244140625,25.799999237060547,,28.0,,190.165,,,,24.959999084472656,21.595,,0.1125,,,101.08999633789062,64.33999633789062,7.010000228881836,,7.332000122070313,0.9509814307093618,145.78500366210938,5.068749904632568,2.3499999046325684,114.26000213623048,13.074999809265137,107.23999786376952,103.5,5.733800048828125,42.71500015258789,,160.0,7.349000244140625,33.540000915527344,,,142.56000137329107,25.25,2304.0000915527357,84.16000366210938,,,,,3.0,,2.8774649047851564,43.300880432128906,18.35,23.575,103.84815216064452,,0.4950000047683716,43.650001525878906,,,15.40739990234375,50.309247436523435,31.96500015258789,,,13.770000457763672,38.527023792266846,,29.739999771118164,,4063.719970703125,7394.0,2651.5
2017-12-15,,71.97000122070312,,,22.920000076293945,8.989999771118164,,,145.85000610351562,0.1161480024456977,48.81,2.31,,197.77999877929688,25.799999237060547,,30.0,,193.115,,,,25.0,21.885,,0.11,,,101.02999877929688,66.05999755859375,7.460000038146973,,7.515,0.9509814307093618,146.50999450683594,5.079999923706055,2.109999895095825,114.33000183105467,13.274999618530272,107.1500015258789,103.48999786376952,5.8325,43.08000183105469,,141.99999809265137,7.392000122070312,33.7400016784668,,,152.64000320434576,24.700000762939453,2304.0000915527357,86.8499984741211,,,,,2.8499999046325684,,2.8517269897460937,38.52564239501953,18.52,24.285,104.9749755859375,,0.5899999737739563,43.744998931884766,,,15.56199951171875,50.483704833984376,32.209999084472656,,,14.760000228881836,34.798601269721985,,30.13999938964844,,4108.9599609375,7490.60009765625,2675.81005859375
2017-12-22,,72.0,,,23.049999237060547,8.880000114440918,,,147.0,0.1161480024456977,49.42,2.425,,197.9199981689453,26.299999237060547,,30.0,,193.28,,,,28.43000030517578,22.11,,0.1,,,101.11000061035156,64.69999694824219,8.020000457763672,,7.615999755859375,0.9707949435710906,144.83999633789062,5.150000095367432,2.4600000381469727,114.18000030517578,13.087499618530272,107.2300033569336,103.5,5.833800048828125,43.39500045776367,,131.40000343322754,7.465999755859375,33.93000030517578,,,145.43999862670904,26.0,2304.0000915527357,85.51000213623047,,,,,3.075000047683716,,2.949530029296875,36.34036636352539,18.655,24.525,105.87643432617188,,0.4850000143051147,44.34000015258789,,,15.745799560546876,49.66556945800781,32.57500076293945,,,16.299999237060547,34.17719900608063,,30.06999969482422,,4170.2099609375,7592.7001953125,2683.340087890625
2017-12-29,,72.08999633789062,,,23.84000015258789,9.0,,,145.14999389648438,0.1355060040950775,51.21,2.605,,198.22000122070312,27.200000762939453,,31.0,,191.97,,,,30.729999542236328,22.375,,0.0975,,,101.1999969482422,65.5199966430664,7.960000038146973,,7.669000244140625,0.9707949435710906,143.9550018310547,5.289999961853027,2.559999942779541,114.5500030517578,13.199999809265137,107.37999725341795,103.72000122070312,5.753800048828125,43.599998474121094,,141.99999809265137,7.612999877929688,34.2599983215332,,,175.6800041198731,26.299999237060547,2304.0000915527357,85.54000091552734,,,,,3.2249999046325684,,2.906633911132813,40.225303649902344,18.875,24.8,104.70453643798828,,0.4749999940395355,44.16999816894531,,,16.416199951171876,49.63548889160156,32.95000076293945,,,16.600000381469727,37.28422522544861,,30.145000457763672,,4221.81982421875,7687.7998046875,2673.610107421875
2018-01-05,,74.12999725341797,,,25.700000762939453,9.300000190734863,,,151.85000610351562,0.1355060040950775,52.04,2.585,,201.4199981689453,27.700000762939453,,31.0,,193.995,,,,33.59000015258789,23.145,,0.11875,,,101.83999633789062,65.16999816894531,8.039999961853027,,7.635,0.9906050822138788,142.99000549316406,5.300000190734863,2.640000104904175,115.25,13.170000076293944,107.97000122070312,104.69000244140624,5.9125,44.80500030517578,,140.0,7.615999755859375,34.70500183105469,,,177.1200027465821,25.799999237060547,2304.0000915527357,88.19000244140625,,,,,3.325000047683716,,2.96497314453125,38.0400276184082,19.135,25.3,108.28333282470705,,0.4799999892711639,44.95750045776367,,,16.69719970703125,49.238453979492185,33.255001068115234,,,17.860000610351562,45.362475514411926,,30.649999618530273,,4246.3701171875,7724.2001953125,2743.14990234375
2018-01-12,,75.19999694824219,,,24.020000457763672,9.81999969482422,,,149.35000610351562,0.1306660026311874,51.32,2.215,,210.16000366210935,28.399999618530273,,30.0,,195.615,,,,32.0,23.1125,,0.11375,,,101.61000061035156,64.44999694824219,8.25,,7.917000122070313,0.9707949435710906,140.8300018310547,5.340000152587891,2.5399999618530273,114.12000274658205,13.085000038146973,107.62000274658205,104.2699966430664,5.91,45.79999923706055,,133.5000038146973,7.672999877929687,35.119998931884766,,,218.87999725341805,27.0,2304.0000915527357,89.5999984741211,,,,,3.0999999046325684,,2.9539910888671876,39.33500671386719,19.125,25.735,110.37471771240234,,0.449999988079071,45.18000030517578,,,16.661800537109375,47.933047485351565,33.247501373291016,,,18.3799991607666,47.84807562828064,,31.26499938964844,,4268.89013671875,7778.60009765625,2786.239990234375
2018-01-19,,75.91999816894531,,,24.100000381469727,9.979999542236328,,,166.89999389648438,0.1258269995450973,50.43,2.155,,213.25,28.200000762939453,,30.0,,194.915,,,,30.399999618530273,23.215,,0.115,,,101.56999969482422,64.52999877929688,8.470000267028809,,7.884000244140625,0.9410746246576308,138.5449981689453,5.349999904632568,2.3499999046325684,113.9499969482422,13.067500114440918,107.77999877929688,104.1500015258789,5.928800048828125,46.09000015258789,,123.00000190734865,7.625999755859375,35.5,,,211.67999267578136,25.25,2304.0000915527357,90.0,,,,,3.0,,3.063804931640625,37.95909118652344,18.9425,25.17,111.51055908203124,,0.4000000059604645,45.19499969482422,,,16.5827001953125,49.42494140625,32.935001373291016,,,18.670000076293945,42.255449295043945,,31.645000457763672,,4240.5,7730.7998046875,2810.300048828125
2018-01-26,,77.54000091552734,,,25.940000534057617,9.800000190734863,,,165.8000030517578,0.1113080009818077,50.95,1.92,,217.19000244140625,29.0,,30.0,,194.14,,,,35.959999084472656,23.44,,0.1125,,,101.86000061035156,63.970001220703125,8.119999885559082,,7.705999755859375,0.8915442663431168,135.22500610351562,5.480000019073486,2.4200000762939453,114.1500015258789,13.005000114440918,107.7699966430664,104.62999725341795,5.883800048828125,46.70000076293945,,125.0,7.565,35.900001525878906,,,430.560012817383,26.5,2304.0000915527357,94.05999755859376,,,,,3.059999942779541,,2.9368328857421875,38.12096405029297,18.8,25.1,109.13070678710938,,0.4199999868869781,44.86249923706055,,,16.931800537109375,48.0533642578125,32.880001068115234,,,21.850000381469727,41.63405001163483,,32.625,,4209.419921875,7665.5,2872.8701171875
2018-02-02,,74.48999786376953,,,24.36000061035156,9.81999969482422,,,158.14999389648438,0.1064689978957176,50.36,2.01,,209.1199951171875,28.200000762939453,,30.0,,190.655,,,,34.75,22.445,,0.1010000038146972,,,101.12000274658205,62.689998626708984,7.639999866485596,,7.502000122070313,0.8915442663431168,133.88499450683594,5.369999885559082,2.5999999046325684,113.02999877929688,12.899999618530272,107.16000366210938,103.4800033569336,5.761300048828125,45.470001220703125,,123.00000190734865,7.347999877929688,34.97999954223633,,,282.2400054931642,27.200000762939453,2304.0000915527357,91.77999877929688,,,,,3.174999952316284,,2.9684039306640626,37.23066329956055,18.505,23.955,103.55968475341795,,0.3899999856948852,43.56999969482422,,,16.67260009765625,48.594776000976566,31.86000061035156,,,18.760000228881836,38.527023792266846,,31.489999771118164,,4086.719970703125,7443.39990234375,2762.1298828125
2018-02-09,,70.63999938964844,,,23.5,9.600000381469728,,,147.1999969482422,0.0948539972305297,47.7,1.725,,196.02000427246097,26.200000762939453,,29.0,,180.66,,,,33.689998626708984,21.3725,,0.095,,,99.62999725341795,62.63999938964844,7.730000019073486,,7.317999877929688,0.6934225353598594,136.86000061035156,5.190000057220459,2.3299999237060547,110.41999816894533,12.878000259399414,106.4000015258789,101.31999969482422,5.485499877929687,42.560001373291016,,113.00000190734865,7.002000122070313,32.61750030517578,,,221.759994506836,25.600000381469727,2304.0000915527357,88.18000030517578,,,,,2.9000000953674316,,2.793388977050782,34.23602294921875,18.725,22.425,96.47421264648438,,0.3700000047683716,41.775001525878906,,,15.91239990234375,45.51473968505859,30.594999313354492,,,18.18000030517578,39.76982533931732,,29.094999313354492,,3902.85009765625,7092.39990234375,2619.550048828125
2018-02-16,,73.87000274658203,,,26.399999618530273,9.600000381469728,,,155.8000030517578,0.1016289964318275,47.395,1.7,,203.7899932861328,26.799999237060547,,31.0,,188.21,,,,33.81999969482422,22.66,,0.1014999961853027,,,100.62000274658205,62.599998474121094,7.809999942779541,,7.607999877929688,0.6934225353598594,134.34500122070312,5.329999923706055,2.559999942779541,111.16000366210938,12.885000228881836,106.87000274658205,103.19000244140624,5.836300048828125,44.58000183105469,,120.0,7.23,34.57500076293945,,,210.24000549316415,27.100000381469727,2304.0000915527357,92.0,,,,,3.5,,2.8558450317382813,34.721641540527344,18.955,22.63,100.22428131103516,,0.3700000047683716,42.98249816894531,,,16.378199462890624,45.73731994628906,31.46500015258789,,,19.36000061035156,39.14842605590819,,30.875,,4012.280029296875,7294.7001953125,2732.219970703125
2018-02-23,,73.98999786376953,,,25.899999618530273,9.699999809265137,,,158.5500030517578,0.096790000796318,47.52,1.69,,202.7599945068359,27.700000762939453,,30.0,,188.05,,,,35.88999938964844,22.62,,0.10625,,,100.33000183105467,63.15999984741211,7.920000076293945,,7.234000244140625,0.6934225353598594,135.0,5.349999904632568,2.759999990463257,110.58000183105467,12.952500343322754,106.56999969482422,102.9000015258789,5.8825,44.47999954223633,,123.00000190734865,7.202999877929687,34.36000061035156,,,213.12000274658212,26.649999618530273,2304.0000915527357,94.05999755859376,,,,,3.5,,2.871630859375,35.045387268066406,18.685,22.585,99.80960845947266,,0.3650000095367431,42.79750061035156,,,16.15800048828125,45.24403381347656,31.54750061035156,,,28.75,36.04139983654022,,30.479999542236328,,3991.5,7244.39990234375,2747.300048828125
2018-03-02,,72.20999908447266,,,25.299999237060547,9.399999618530272,,,154.35000610351562,0.096790000796318,47.36,1.975,,201.33999633789065,26.600000381469727,,29.0,,186.63,,,,37.959999084472656,22.1375,,0.1025500011444091,,,100.08000183105467,63.779998779296875,7.909999847412109,,7.05,0.7330495610833166,137.13499450683594,5.320000171661377,2.7799999713897705,110.5199966430664,13.017499923706056,106.54000091552734,102.73999786376952,5.905,43.0099983215332,,131.99999809265137,7.030999755859375,33.57500076293945,,,239.04000091552743,25.75,2304.0000915527357,93.0500030517578,,,,,3.299999952316284,,2.80505615234375,33.75040817260742,18.84,22.495,92.83231353759766,,0.3600000143051147,41.90999984741211,,,15.996300048828124,44.66652648925781,30.905000686645508,,,30.09000015258789,31.691575050354004,,29.875,,3899.699951171875,7069.89990234375,2691.25
2018-03-09,,74.33000183105469,,,27.100000381469727,9.279999732971191,,,169.1999969482422,0.0948539972305297,47.855,1.85,,212.94000244140625,27.200000762939453,,30.0,,192.75,,,,44.08000183105469,22.81,,0.0985000038146972,,,100.41999816894533,63.209999084472656,8.880000114440918,,7.057999877929688,0.7330495610833166,135.9550018310547,5.320000171661377,2.5999999046325684,110.86000061035156,12.967499732971191,107.12000274658205,103.4499969482422,6.1525,43.900001525878906,,126.99999809265135,7.192000122070312,34.7599983215332,,,213.12000274658212,26.0,2304.0000915527357,96.54000091552734,,,,,3.4000000953674316,,3.1770510864257813,34.47883224487305,18.735,22.615,95.28428649902344,,0.4000000059604645,42.89250183105469,,,16.034000244140625,46.856239013671875,31.969999313354492,,,26.88999938964844,31.691575050354004,,30.75,,3993.449951171875,7224.5,2786.570068359375
2018-03-16,,73.6500015258789,,,27.600000381469727,9.399999618530272,,,174.1999969482422,0.0900150015950203,48.67,1.7,,206.9600067138672,27.5,,29.0,,191.12,,,,38.02000045776367,22.66,,0.0939999961853027,,,100.43000030517578,64.79000091552734,8.640000343322754,,7.072999877929687,0.7330495610833166,136.03500366210938,5.28000020980835,2.859999895095825,110.68000030517578,13.1225004196167,105.3000030517578,103.0199966430664,6.108800048828125,44.11000061035156,,116.00000381469728,7.085,34.625,,,191.52000045776376,26.299999237060547,2304.0000915527357,94.5999984741211,,,,,3.1500000953674316,,3.09400390625,31.969810485839844,18.54,22.135,96.60041809082033,,0.4199999868869781,42.537498474121094,,,16.02300048828125,45.562865295410155,31.530000686645508,,,21.81999969482422,31.070175766944885,,30.899999618530273,,3957.080078125,7164.10009765625,2752.010009765625
2018-03-23,,70.08999633789062,,,26.600000381469727,9.359999656677246,,,163.5,0.1016289964318275,47.88,1.62,,192.4600067138672,28.899999618530273,,28.0,,179.995,,,,37.900001525878906,21.535,,0.0889999961853027,,,99.8499984741211,65.30999755859375,8.100000381469727,,6.665999755859375,0.5943617194890974,134.22999572753906,5.269999980926514,1.899999976158142,109.8499984741211,13.151249885559082,104.68000030517578,102.4000015258789,5.661300048828125,42.720001220703125,,120.0,6.850999755859375,33.58000183105469,,,168.47999954223638,26.25,2304.0000915527357,87.18000030517578,,,,,3.0,,2.955364074707031,29.541723251342773,18.745,21.99,91.4440689086914,,0.3400000035762787,40.88249969482422,,,16.07530029296875,44.9312173461914,30.635000228881836,,,19.540000915527344,28.584575653076172,,29.584999084472656,,3830.25,6921.89990234375,2588.260009765625
2018-03-30,,71.69999694824219,,,25.799999237060547,9.359999656677246,,,160.14999389648438,0.1113080009818077,48.955,1.69,,199.47999572753903,28.799999237060547,,28.0,,181.06,,,,33.150001525878906,21.915,,0.0885000038146972,,,100.16000366210938,65.95999908447266,7.409999847412109,,6.654000244140625,0.5943617194890974,136.14500427246094,5.261250019073486,1.7999999523162842,111.22000122070312,13.244999885559082,105.04000091552734,102.9800033569336,5.65,44.02000045776367,,113.9999961853027,6.990999755859375,33.81999969482422,,,168.47999954223638,26.149999618530273,2304.0000915527357,91.2699966430664,,,,,3.075000047683716,,2.9910528564453127,28.246742248535156,18.5225,22.335,93.31909942626952,,0.3050000071525574,41.712501525878906,,,15.831099853515624,47.590153198242184,30.947500228881836,,,18.790000915527344,29.82737421989441,5.0503997802734375,29.76499938964844,,3894.169921875,7056.60009765625,2640.8701171875
2018-04-06,,70.81999969482422,,,23.84000015258789,9.5600004196167,,,161.1999969482422,0.1113080009818077,49.905,1.57,,195.4900054931641,28.100000381469727,,29.0,,180.395,,,,31.940000534057617,21.565,,0.0875,,,100.45999908447266,65.06999969482422,7.269999980926514,,6.647999877929688,0.4953008539974688,135.40499877929688,5.25,1.940000057220459,111.43000030517578,13.140000343322754,105.18000030517578,103.1999969482422,5.6125,43.5099983215332,,126.00000381469728,7.12,33.880001068115234,,,167.0400009155274,26.149999618530273,2304.0000915527357,90.2300033569336,,,,,3.049999952316284,,2.978699035644531,29.62265968322754,18.59,23.23,94.20252990722656,,0.2750000059604645,41.83250045776367,,,15.82489990234375,48.293992309570314,31.075000762939453,,,17.3700008392334,29.82737421989441,3.5840001106262207,29.6200008392334,,3953.469970703125,7183.60009765625,2604.469970703125
2018-04-13,,72.22000122070312,,,24.5,9.279999732971191,,,167.5,0.1161480024456977,50.1,1.705,,197.0,30.200000762939453,,29.0,,180.485,,,,34.689998626708984,21.47,,0.0885000038146972,,,99.33999633789062,64.6500015258789,7.679999828338623,,6.852000122070312,0.4953008539974688,133.4149932861328,5.409999847412109,1.940000057220459,110.68000030517578,13.104999542236328,105.76000213623048,104.1999969482422,5.6825,43.7599983215332,,138.9999961853027,7.205,34.2599983215332,,,169.91999816894537,26.5,1727.9999542236335,93.08000183105467,,,,,3.450000047683716,,2.974580993652344,30.99857521057129,18.5475,23.785,94.52706146240234,,0.2800000011920929,42.08000183105469,,,16.0472998046875,47.277339477539066,31.63999938964844,,,18.75,29.82737421989441,3.5845000743865967,29.93000030517578,,4001.330078125,7264.60009765625,2656.300048828125
2018-04-20,,72.45999908447266,,,24.219999313354492,9.15999984741211,,,158.0500030517578,0.1258269995450973,49.76,1.88,,200.1300048828125,30.5,,30.0,,183.985,,,,34.459999084472656,21.625,,0.0880000019073486,,,98.95999908447266,63.790000915527344,7.730000019073486,,7.0120001220703125,0.4953008539974688,134.58999633789062,5.429999828338623,2.0899999141693115,109.66999816894533,13.024999618530272,105.6999969482422,103.81999969482422,5.7425,44.150001525878906,,122.70000457763672,7.315,34.040000915527344,,,154.08000183105474,26.5,2304.0000915527357,95.0,,,,,3.549999952316284,,2.97252197265625,31.079511642456055,18.755,24.97,97.62808227539062,,0.3000000119209289,42.91999816894531,,,16.634200439453124,46.59155090332031,32.279998779296875,,,18.530000686645508,33.55579972267151,3.680749893188477,29.915000915527344,,4062.300048828125,7368.2001953125,2670.139892578125
2018-04-27,,72.41000366210938,,,24.0,9.100000381469728,,,159.25,0.1355060040950775,50.83,1.675,,197.22999572753903,30.899999618530273,,29.0,,187.33,,,,32.97999954223633,21.99,,0.0939999961853027,,,98.66000366210938,64.22000122070312,7.360000133514404,,7.195999755859375,0.4953008539974688,136.73500061035156,5.409999847412109,2.069999933242798,108.63999938964844,13.074999809265137,105.5999984741211,103.45999908447266,5.83,44.2400016784668,,121.99999809265135,7.464000244140625,34.125,,,158.3999977111817,26.5,1727.9999542236335,95.81999969482422,,,,,3.799999952316284,,2.880552978515625,27.113636016845703,18.84,25.315,95.0859603881836,,0.2949999868869781,43.50749969482422,,,16.069100341796876,48.73915283203125,32.3650016784668,,,18.6200008392334,34.798601269721985,3.7002499103546143,30.2450008392334,,4123.919921875,7502.2001953125,2669.909912109375
2018-05-04,,72.22000122070312,,,24.280000686645508,9.100000381469728,,,161.60000610351562,0.1306660026311874,52.05,1.6,,195.63999938964844,31.200000762939453,,29.0,,189.82,,,,33.0,22.025,,0.0885000038146972,,,98.58999633789062,64.56999969482422,7.559999942779541,,7.144000244140625,0.534927879720926,139.52999877929688,5.429999828338623,1.950000047683716,107.13999938964844,13.125,105.45999908447266,103.52999877929688,6.0975,44.060001373291016,,126.00000381469728,7.520999755859375,34.064998626708984,,,158.3999977111817,26.299999237060547,2304.0000915527357,95.16000366210938,,,,,4.25,,2.8681988525390625,24.847421646118164,19.05,25.78,98.38530731201172,,0.2800000011920929,44.08250045776367,,,15.956099853515624,47.89695739746094,32.689998626708984,,,18.770000457763672,34.17719900608063,3.80049991607666,29.55500030517578,,4158.64013671875,7567.10009765625,2663.419921875
2018-05-11,,73.69000244140625,,,23.18000030517578,9.039999961853027,,,167.25,0.1306660026311874,52.79,1.745,,199.3000030517578,32.5,,29.0,,194.89,,,,35.18000030517578,22.4575,,0.0910000038146972,,,99.0199966430664,63.97999954223633,7.46999979019165,,7.357999877929688,0.534927879720926,139.11500549316406,5.460000038146973,1.8700000047683716,107.81999969482422,13.0600004196167,105.62000274658205,103.9000015258789,6.335,44.56999969482422,,123.00000190734865,7.705,34.88999938964844,,,158.3999977111817,25.549999237060547,1727.9999542236335,97.6999969482422,,,,,4.5,,2.8688861083984376,25.494911193847656,19.1675,26.56,104.11859130859376,,0.2750000059604645,44.787498474121094,,,16.2902001953125,49.80393127441406,33.247501373291016,,,18.209999084472656,39.76982533931732,3.837249994277954,30.104999542236328,,4242.0400390625,7724.60009765625,2727.719970703125
2018-05-18,,73.1500015258789,,,25.059999465942383,8.479999542236328,,,169.1999969482422,0.1258269995450973,52.41,1.735,,196.05999755859375,33.400001525878906,,29.0,,195.17,,,,34.849998474121094,21.955,,0.0910000038146972,,,98.45999908447266,63.599998474121094,7.510000228881836,,7.329000244140625,0.5943617194890974,137.3000030517578,5.489999771118164,2.190000057220459,106.19000244140624,12.920000076293944,105.19000244140624,100.95999908447266,6.29,44.41999816894531,,125.0,7.767999877929688,34.82500076293945,,,154.08000183105474,25.200000762939453,1727.9999542236335,96.36000061035156,,,,,5.050000190734863,,2.941636962890625,31.403255462646484,18.835,27.16,105.9575653076172,,0.2649999856948852,44.74250030517578,,,15.929300537109375,49.78588073730469,33.599998474121094,,,18.760000228881836,38.527023792266846,3.837249994277954,30.43000030517578,,4273.81005859375,7778.7998046875,2712.969970703125
2018-05-25,,72.91000366210938,,,25.899999618530273,8.380000114440918,,,172.14999389648438,0.1209869980812072,54.78,1.735,,194.1499938964844,32.20000076293945,,29.0,,198.19,,,,36.529998779296875,22.405,,0.0910000038146972,,,98.4499969482422,65.2300033569336,7.53000020980835,,7.327999877929687,0.5943617194890974,140.52000427246094,5.510000228881836,2.2799999713897705,108.0,13.104999542236328,104.5999984741211,101.1500015258789,6.435,43.85499954223633,,123.00000190734865,7.720999755859375,34.81999969482422,,,161.27999496459967,24.200000762939453,2304.0000915527357,98.36000061035156,,,,,5.900000095367432,,2.8942800903320314,29.298913955688477,19.245,25.59,104.15464782714844,,0.2649999856948852,44.462501525878906,,,16.2002001953125,50.32127746582032,33.83250045776367,,,19.780000686645508,39.14842605590819,3.837249994277954,30.315000534057617,,4255.2001953125,7730.2998046875,2721.330078125
2018-06-01,,73.08000183105469,,,25.700000762939453,7.699999809265137,,,172.0500030517578,0.1161480024456977,54.21,1.7,,192.22999572753903,32.25,,29.0,,198.01,,,,37.0099983215332,22.2475,,0.0910000038146972,,,98.1500015258789,65.55000305175781,7.630000114440918,,7.247999877929687,0.5943617194890974,140.66000366210938,5.480000019073486,2.3299999237060547,106.83999633789062,13.162500381469728,104.52999877929688,100.9499969482422,6.5125,43.75,,121.00000381469728,7.699000244140625,34.83000183105469,,,162.72000503540045,24.0,2304.0000915527357,100.79000091552734,,,,,5.75,,2.87231689453125,27.922998428344727,19.0925,26.165,101.86493682861328,,0.270000010728836,43.95500183105469,,,15.955999755859375,49.88213195800781,33.64500045776367,0.270000010728836,,20.40999984741211,41.01265072822571,3.959249973297119,30.350000381469727,,4237.5498046875,7701.7998046875,2734.6201171875
2018-06-08,,73.94999694824219,,,25.200000762939453,7.0,,,175.64999389648438,0.1016289964318275,53.53,1.58,,196.0099945068359,32.29999923706055,,31.0,,200.255,,,,39.209999084472656,22.15,,0.0910000038146972,,,98.66000366210938,64.02999877929688,7.639999866485596,,7.299000244140625,0.5943617194890974,139.7949981689453,5.449999809265137,2.309999942779541,106.54000091552734,12.9975004196167,104.4000015258789,101.54000091552734,6.5375,44.189998626708984,,116.99999809265135,7.692999877929688,35.16999816894531,,,162.72000503540045,23.649999618530273,2304.0000915527357,101.62999725341795,,,,,7.099999904632568,,2.866827087402344,25.89959144592285,19.045,26.065,102.58610534667967,,0.270000010728836,43.974998474121094,,,16.246300048828125,49.51517761230469,33.81999969482422,0.2549999952316284,,22.3700008392334,43.49825084209442,3.98674988746643,30.704999923706055,,4235.3798828125,7681.10009765625,2779.030029296875
2018-06-15,,73.62999725341797,,,26.479999542236328,7.019999980926514,,,184.1499938964844,0.1016289964318275,53.98,1.545,,191.7599945068359,30.899999618530273,,29.0,,201.83,,,,37.5,21.765,,0.1075,,,99.25,65.26000213623047,7.809999942779541,,7.227999877929688,0.5448313115537163,141.13999938964844,5.340000152587891,2.1700000762939453,105.27999877929688,13.118749618530272,105.11000061035156,101.9499969482422,6.63,43.70500183105469,,116.99999809265135,7.552999877929688,35.0,,,149.759994506836,22.049999237060547,3455.9999084472665,100.12999725341795,,,,,6.699999809265137,,3.2600970458984375,25.252103805541992,18.915,25.215,107.83260345458984,,0.209999993443489,44.3224983215332,,,16.735699462890626,48.92564025878906,33.66999816894531,0.25,,21.56999969482422,41.01265072822571,4.006249904632568,30.98500061035156,,4209.93994140625,7633.89990234375,2779.659912109375
2018-06-22,,72.0199966430664,,,26.100000381469727,6.800000190734863,,,177.35000610351562,0.096790000796318,52.29,1.645,,188.91000366210935,31.5,,28.0,,201.69,,,,39.369998931884766,21.4125,,0.11625,,,98.9800033569336,65.13999938964844,7.130000114440918,,7.209000244140625,0.4457704460620878,141.61000061035156,5.289999961853027,1.9600000381469729,105.77999877929688,13.100000381469728,104.8000030517578,101.91000366210938,6.565,43.28499984741211,,106.99999809265135,7.607000122070312,34.77000045776367,,,148.319995880127,22.0,8063.999633789066,100.41000366210938,,,,,7.150000095367432,,3.2264669799804686,28.57048797607422,18.785,26.09,104.83975219726562,,0.1949999928474426,43.9275016784668,,,15.95719970703125,49.731740112304685,33.32749938964844,0.2649999856948852,,22.899999618530273,39.14842605590819,4.02524995803833,31.045000076293945,,4230.43017578125,7682.2998046875,2754.8798828125
2018-06-29,,71.12000274658203,,,24.600000381469727,6.880000114440918,,,169.6999969482422,0.1064689978957176,52.53,1.95,,186.6499938964844,33.5,,28.0,,201.45,,,,35.83000183105469,21.25,,0.11,,,98.0500030517578,65.61000061035156,7.519999980926514,,7.107000122070312,0.2971791974455117,142.9949951171875,5.309999942779541,2.299999952316284,105.45999908447266,13.154999732971191,104.04000091552734,101.30999755859376,6.505,42.59000015258789,,106.00000381469728,7.565999755859375,34.529998779296875,,,144.00000000000006,22.950000762939453,9216.00036621094,98.61000061035156,,,,,7.300000190734863,,3.391188049316406,27.5183162689209,18.6275,26.29,102.06326293945312,,0.2000000029802322,43.807498931884766,,,15.5722998046875,50.435579223632814,33.07500076293945,0.2549999952316284,,19.540000915527344,41.01265072822571,3.981250047683716,30.69499969482422,,4202.25,7636.89990234375,2718.3701171875
2018-07-06,,71.87999725341797,,,24.780000686645508,6.920000076293945,,,167.0500030517578,0.096790000796318,52.01,1.745,,187.55999755859375,32.599998474121094,,26.0,,201.425,,,,37.939998626708984,21.12,,0.1025,,,98.41000366210938,65.95500183105469,7.389999866485596,,7.022999877929688,0.2971791974455117,142.5399932861328,5.210000038146973,2.140000104904175,107.04000091552734,13.18000030517578,104.80999755859376,101.3000030517578,6.5525,41.89500045776367,,106.99999809265135,7.545999755859375,34.790000915527344,,,144.00000000000006,21.850000381469727,8063.999633789066,101.16000366210938,,,,,7.099999904632568,,3.3822650146484374,27.113636016845703,18.5625,26.18,103.73997497558594,,0.209999993443489,44.07500076293945,,,15.537099609375,50.640111694335936,32.747501373291016,0.25,,19.700000762939453,37.28422522544861,3.98324990272522,31.274999618530273,2.04,4187.169921875,7617.7001953125,2759.820068359375
2018-07-13,,72.66000366210938,,,24.600000381469727,6.5,,,170.9499969482422,0.1016289964318275,55.02,1.685,,190.9600067138672,32.0,,26.0,,205.795,,,,37.900001525878906,21.44,,0.1014999961853027,,,98.9000015258789,65.76499938964844,7.260000228881836,,7.082999877929687,0.2971791974455117,143.0399932861328,5.099999904632568,2.2699999809265137,107.45999908447266,13.170000076293944,105.11000061035156,101.77999877929688,6.7675,41.970001220703125,,103.00000190734865,7.587999877929687,35.28499984741211,,,141.1200027465821,23.0,13823.999633789068,105.43000030517578,,,,,7.050000190734863,,3.40010986328125,35.20726013183594,18.46,26.455,105.14625549316406,,0.2300000041723251,44.29999923706055,,,15.356199951171876,50.50776489257812,33.130001068115234,0.270000010728836,,18.290000915527344,36.04139983654022,4.019750118255615,31.780000686645508,2.0,4213.22021484375,7661.89990234375,2801.31005859375
2018-07-20,,72.79000091552734,,,25.780000686645508,5.179999828338623,,,188.4499969482422,0.1064689978957176,55.89,1.5675,,196.77999877929688,31.0,,26.0,,207.945,,,,36.25,21.6325,,0.1010000038146972,,,99.06999969482422,66.23999786376953,7.329999923706055,,7.150999755859375,0.3268994419276714,143.8300018310547,5.079999923706055,2.25,107.02999877929688,13.220000267028809,105.06999969482422,101.87999725341795,6.8575,42.439998626708984,,108.9999961853027,7.602000122070312,35.459999084472656,,,145.43999862670904,20.0,9216.00036621094,106.2699966430664,,,,,6.949999809265137,,3.3973651123046875,32.6172981262207,18.4075,26.555,105.29048919677734,,0.2300000041723251,44.872501373291016,,,14.9277001953125,52.47489440917969,33.27000045776367,0.2649999856948852,,18.700000762939453,32.93440043926239,4.063000202178955,31.809999465942383,2.0,4224.5,7678.7998046875,2801.830078125
2018-07-27,,73.3499984741211,,,25.6200008392334,4.5,,,185.8999938964844,0.088078998029232,57.34,1.69,,197.9499969482422,32.099998474121094,,26.0,,209.515,,,,29.700000762939453,22.035,,0.1010000038146972,,,99.3000030517578,65.72000122070312,7.070000171661377,,7.277999877929688,0.3268994419276714,142.9600067138672,5.170000076293945,2.109999895095825,108.25,13.18000030517578,105.51000213623048,102.29000091552734,6.803800048828125,43.65999984741211,,90.0,7.627000122070313,35.63999938964844,,,131.04000091552737,20.0,6335.999908447268,107.68000030517578,,,,,6.599999904632568,,3.411091003417969,35.77381134033203,18.335,25.99,108.8782958984375,,0.2349999994039535,45.337501525878906,,,14.9118994140625,51.909422607421874,33.154998779296875,0.2599999904632568,,18.450000762939453,32.31300115585327,4.051750183105469,32.29999923706055,2.18,4232.64013671875,7701.2998046875,2818.820068359375
2018-08-03,,73.37000274658203,,,25.18000030517578,5.760000228881836,,,183.8500061035156,0.0948539972305297,58.46,1.705,,200.2400054931641,31.299999237060547,,26.0,,211.18,,,,28.68000030517578,21.9325,,0.1225,,,99.70999908447266,64.72000122070312,7.0,,7.157999877929687,0.2278386012464759,144.27000427246094,5.179999828338623,2.299999952316284,107.44000244140624,13.1274995803833,105.58000183105467,102.6500015258789,6.8375,42.65999984741211,,81.00000381469727,7.592000122070313,35.44499969482422,,,129.60000228881842,19.6200008392334,6335.999908447268,108.04000091552734,,,,,6.949999809265137,,3.7542599487304686,35.77381134033203,18.39,25.445,101.08968353271484,,0.2249999940395355,45.16999816894531,,,14.915699462890624,52.571151123046874,32.81999969482422,0.2649999856948852,,19.36000061035156,29.20597493648529,4.0617499351501465,32.58000183105469,2.18,4205.7001953125,7659.10009765625,2840.35009765625
2018-08-10,,72.6500015258789,,,24.979999542236328,5.21999979019165,,,179.1999969482422,0.0851750001311302,61.07,1.62,,206.6300048828125,31.100000381469727,,26.0,,215.75,,,,29.63999938964844,21.86,,0.14875,,,99.62000274658205,65.54000091552734,6.670000076293945,,7.212999877929687,0.2278386012464759,147.8800048828125,5.167500019073486,2.1600000858306885,105.62999725341795,13.220000267028809,105.47000122070312,102.75,7.045,42.09000015258789,,70.0,7.627999877929687,35.345001220703125,,,125.27999496459964,20.100000381469727,7488.000183105472,109.0,,,,,7.349999904632568,,3.582674865722656,35.6119384765625,18.6475,25.31,99.64734649658205,,0.2300000041723251,44.9275016784668,,,14.929100341796875,52.61927673339843,32.790000915527344,0.2549999952316284,,18.15999984741211,29.82737421989441,4.136750221252441,32.39500045776367,2.2525,4210.66015625,7667.0,2833.280029296875
2018-08-17,,72.55999755859375,,,24.700000762939453,5.320000171661377,,,171.67999267578125,0.0851750001311302,59.3,1.52,,208.13999938964844,30.700000762939453,,25.0,,216.88,,,,29.86000061035156,21.2025,,0.1325,,,99.5500030517578,65.47000122070312,6.480000019073486,,6.969000244140625,0.2476487646996972,148.74000549316406,5.059999942779541,2.059999942779541,105.2699966430664,13.225000381469728,105.4800033569336,102.77999877929688,7.01,41.61000061035156,,68.09999942779541,7.545999755859375,35.29999923706055,,,126.72000503540043,20.049999237060547,6911.999816894534,107.58000183105467,,,,,7.650000095367432,,3.5123260498046873,33.99321365356445,18.195,24.725,99.16056060791016,,0.209999993443489,44.5625,,,14.233699951171875,53.11857788085938,32.529998779296875,0.2549999952316284,,19.309999465942383,27.341750264167786,4.115499973297119,32.599998474121094,2.308999938964844,4153.81982421875,7558.60009765625,2850.1298828125
2018-08-24,,73.48999786376953,,,25.31999969482422,5.519999980926514,,,174.39999389648438,0.0764639973640441,58.86,1.49,,207.97999572753903,32.5,,25.0,,217.205,,,,30.65999984741211,21.735,,0.12875,,,99.83000183105467,64.91000366210938,6.650000095367432,,6.862000122070312,0.2476487646996972,147.8300018310547,5.110000133514404,1.9700000286102295,106.0500030517578,13.145000457763672,105.55999755859376,103.30999755859376,7.0825,41.970001220703125,,68.49999904632568,7.567000122070312,35.779998779296875,,,139.6800041198731,20.799999237060547,6335.999908447268,108.4000015258789,,,,,7.599999904632568,,3.4659979248046877,39.33500671386719,18.4325,25.635,101.19786071777344,,0.2249999940395355,45.27750015258789,,,14.193800048828123,53.35319091796875,32.900001525878906,0.2599999904632568,,21.489999771118164,27.963149547576904,4.16825008392334,33.099998474121094,2.57,4170.8701171875,7577.5,2874.68994140625
2018-08-31,,73.80999755859375,,,25.15999984741211,6.199999809265137,,,175.66000366210938,0.0774319991469383,57.95,1.68,,208.72000122070312,33.20000076293945,,25.0,,217.165,,,,32.83000183105469,21.385,,0.15375,,,99.77999877929688,64.79000091552734,7.010000228881836,,6.689000244140625,0.2179318448156115,146.3000030517578,5.099999904632568,2.1700000762939453,104.80999755859376,13.145000457763672,105.3249969482422,103.25,7.168800048828125,42.46500015258789,,65.99999904632568,7.417999877929687,36.060001373291016,,,145.43999862670904,21.299999237060547,5760.000000000003,112.33000183105467,,,,,7.650000095367432,,3.4488400268554686,39.41594314575195,18.1725,25.015,100.94544982910156,,0.2199999988079071,44.584999084472656,,,14.226700439453126,52.84185424804687,32.912498474121094,0.2549999952316284,,21.739999771118164,27.963149547576904,4.157249927520752,33.279998779296875,2.4675,4106.14013671875,7432.39990234375,2901.52001953125
2018-09-07,,72.44000244140625,,,22.799999237060547,5.699999809265137,,,159.02000427246094,0.0725919976830482,56.5,1.675,,214.0399932861328,32.5,,24.0,,216.53,,,,30.25,20.885,,0.18375,,,99.54000091552734,64.27999877929688,6.880000114440918,,6.550999755859375,0.2179318448156115,145.72999572753906,5.03000020980835,1.9800000190734863,104.61000061035156,13.095000267028809,105.13999938964844,102.94000244140624,7.028800048828125,41.45000076293945,,61.99999809265137,7.267999877929688,35.599998474121094,,,144.00000000000006,19.739999771118164,6335.999908447268,108.20999908447266,,,,,15.800000190734863,,3.3287310791015625,41.43934631347656,18.16,24.435,97.53793334960938,,0.209999993443489,43.61750030517578,,,13.7693994140625,51.0732421875,32.13999938964844,0.25,,19.309999465942383,29.20597493648529,4.103250026702881,32.93000030517578,2.276999969482422,4022.0,7277.7001953125,2871.679931640625
2018-09-14,,73.4800033569336,,,23.559999465942383,5.119999885559082,,,157.3800048828125,0.0793680027127265,56.45,1.63,,216.3699951171875,33.29999923706055,,25.0,,216.305,,,,32.40999984741211,20.885,,0.2235000038146972,,,99.83999633789062,63.4900016784668,6.400000095367432,,6.584000244140625,0.2278386012464759,143.60000610351562,5.027500152587891,2.0,105.0,12.984999656677246,103.66999816894533,103.6500015258789,7.045,42.349998474121094,,62.199997901916504,7.209000244140625,35.97999954223633,,,142.56000137329107,24.5,5760.000000000003,113.37000274658205,,,,,20.799999237060547,,3.3671661376953126,47.42863082885742,17.965,24.695,98.54756927490234,,0.209999993443489,44.0,,,13.79739990234375,51.28378967285156,32.560001373291016,0.2450000047683715,,19.540000915527344,29.20597493648529,4.109499931335449,33.40999984741211,2.31,4038.110107421875,7304.0,2904.97998046875
2018-09-21,,74.69000244140625,,,24.15999984741211,3.7100000381469727,,,161.67999267578125,0.0774319991469383,56.7,1.695,,220.52000427246097,33.5,,26.0,,218.54,,,,30.100000381469727,21.36,,0.22,,,100.12999725341795,63.220001220703125,6.880000114440918,,6.804000244140625,0.2377453576773403,143.0399932861328,5.132500171661377,2.75,105.66000366210938,12.975000381469728,104.23999786376952,103.47000122070312,7.075,43.7400016784668,,69.00000095367432,7.394000244140625,36.400001525878906,,,139.6800041198731,22.200000762939453,5760.000000000003,114.26000213623048,,,,,20.200000762939453,,3.4049139404296875,56.979103088378906,17.975,25.685,99.3769073486328,,0.2150000035762787,45.095001220703125,,,13.90800048828125,51.36199584960937,32.93000030517578,0.2399999946355819,,18.209999084472656,27.963149547576904,4.118249893188477,33.83000183105469,2.35,4128.580078125,7490.2001953125,2929.669921875
2018-09-28,,74.26000213623047,,,24.18000030517578,3.940000057220459,,,160.89999389648438,0.1064689978957176,59.63,1.59,,214.11000061035156,35.5,,26.0,,217.83,,,,31.81999969482422,21.3025,,0.29,,,100.0500030517578,63.02000045776367,6.900000095367432,,6.697999877929687,0.2377453576773403,143.63999938964844,5.210000038146973,2.509999990463257,106.47000122070312,12.932499885559082,103.70999908447266,103.80999755859376,7.101300048828125,43.959999084472656,,63.69999885559082,7.417000122070313,36.25,,,132.47999954223638,22.0,5760.000000000003,114.37000274658205,,,,,19.350000381469727,,3.388442077636719,54.55101776123047,17.945,26.365,99.46705627441406,,0.2399999946355819,44.685001373291016,,,13.88260009765625,50.724332885742186,32.272499084472656,0.2300000041723251,,18.920000076293945,24.85615015029907,4.094250202178955,34.13999938964844,2.45,4127.91015625,7510.2001953125,2913.97998046875
2018-10-05,,72.94999694824219,,,24.799999237060547,3.890000104904175,,,160.25999450683594,0.084206998348236,58.82,1.52,,219.4600067138672,36.400001525878906,,26.0,,214.925,,,,28.56999969482422,20.1,,0.25,,,99.80999755859376,61.58000183105469,6.869999885559082,,6.607999877929688,0.2971791974455117,141.4199981689453,5.300000190734863,2.4000000953674316,104.80999755859376,12.767499923706056,103.77999877929688,103.0999984741211,6.93,42.93000030517578,,55.0,7.232999877929688,35.650001525878906,,,131.04000091552737,21.0,5760.000000000003,112.12999725341795,,,,,17.770000457763672,,3.29510009765625,63.93962097167969,18.025,25.98,95.01384735107422,,0.2150000035762787,43.34000015258789,,,14.201800537109374,48.763212890625,31.6200008392334,0.25,,16.670000076293945,21.127724647521973,3.964250087738037,33.599998474121094,2.355,4028.18994140625,7318.5,2885.570068359375
2018-10-12,,70.2300033569336,,,23.700000762939453,3.380000114440918,,,149.3800048828125,0.0745280012488365,55.46,1.175,,206.8000030517578,34.599998474121094,,26.0,,204.585,,,,27.31999969482422,19.705,,0.215,,,96.73999786376952,61.4900016784668,6.449999809265137,,6.289000244140625,0.2971825220435857,141.32000732421875,5.269999980926514,2.5999999046325684,104.38999938964844,12.795000076293944,103.3499984741211,102.55999755859376,6.59,41.02000045776367,,52.30000019073486,6.924000244140625,34.06999969482422,,,128.1600036621094,18.13999938964844,5760.000000000003,109.56999969482422,,,,,17.399999618530273,,3.0054669189453125,54.227272033691406,18.2,24.78,89.92961120605469,,0.2150000035762787,41.38999938964844,,,14.166700439453123,47.29538452148437,30.100000381469727,0.2599999904632568,,16.1299991607666,20.506325364112858,3.762500047683716,32.349998474121094,2.260500030517578,3850.159912109375,6995.89990234375,2767.1298828125
2018-10-19,,70.06999969482422,,,23.260000228881836,2.5999999046325684,,,153.82000732421875,0.0725919976830482,59.34,1.185,,209.8300018310547,34.29999923706055,,26.0,,208.145,,,,27.489999771118164,19.735,,0.2175,,,96.66000366210938,62.630001068115234,6.150000095367432,,6.204000244140625,0.1996001971140501,142.51499938964844,5.25,2.5399999618530273,104.08999633789062,12.912500381469728,103.05999755859376,102.6500015258789,6.68,41.29999923706055,,58.00000190734863,6.982000122070312,34.25,,,138.24000549316412,18.799999237060547,5184.000091552736,108.66000366210938,,,,,19.25,,2.9924261474609377,56.49348831176758,18.4725,25.21,90.2361068725586,,0.2150000035762787,41.834999084472656,,,14.175400390625,49.45501647949219,29.98500061035156,0.2399999946355819,,15.359999656677246,21.127724647521973,3.809999942779541,32.86000061035156,2.2625,3868.489990234375,7049.7998046875,2767.780029296875
2018-10-26,,67.47000122070312,,,21.459999084472656,2.4000000953674316,,,145.9600067138672,0.0609770007431507,57.55,1.14,,198.4900054931641,33.20000076293945,,25.0,,201.615,,,,25.979999542236328,19.3525,,0.1560000038146972,,,95.66000366210938,63.93000030517578,6.0,,6.05,0.2106891086697575,146.1750030517578,5.179999828338623,2.380000114440918,103.88999938964844,13.087499618530272,102.44000244140624,101.58999633789062,6.523800048828125,38.900001525878906,,52.199997901916504,6.870999755859375,33.02000045776367,,,128.1600036621094,17.139999389648438,4608.000183105471,106.95999908447266,,,,,17.65999984741211,,2.934088134765625,53.74165344238281,18.98,24.13,90.21807861328124,,0.2049999982118606,40.939998626708984,,,14.2518994140625,50.12877502441406,29.13249969482422,0.2000000029802322,,13.989999771118164,20.506325364112858,3.6565001010894775,31.114999771118164,2.27,3800.409912109375,6939.60009765625,2658.68994140625
2018-11-02,,69.56999969482422,,,23.420000076293945,2.1500000953674316,,,152.89999389648438,0.0677530020475387,57.32,1.325,,206.57000732421875,31.299999237060547,,26.0,,204.475,,,,28.0,20.27,,0.1975,,,96.25,63.279998779296875,5.980000019073486,,6.460999755859375,0.2106891086697575,143.4600067138672,5.119999885559082,2.4000000953674316,103.45999908447266,13.0,103.01000213623048,102.08000183105467,6.531300048828125,39.900001525878906,,51.50000095367432,7.02,33.880001068115234,,,129.60000228881842,18.34000015258789,4608.000183105471,106.16000366210938,,,,,22.399999618530273,,2.8620220947265627,57.62659454345703,18.64,24.025,92.56187438964844,,0.1949999928474426,41.9900016784668,,,14.3768994140625,49.082047119140626,30.780000686645508,0.2000000029802322,,14.140000343322754,17.399300634860992,3.775500059127808,31.88999938964844,2.375500030517578,3904.31005859375,7094.10009765625,2723.06005859375
2018-11-09,,70.18000030517578,,,23.63999938964844,2.1500000953674316,,,152.22000122070312,0.0774319991469383,61.72,1.2,,219.6300048828125,30.200000762939453,,25.0,,208.82,,,,28.950000762939453,19.7375,,0.2,,,96.37999725341795,62.81999969482422,5.699999809265137,,6.337999877929687,0.2106891086697575,143.21499633789062,5.070000171661377,2.5,103.5199966430664,12.962499618530272,103.04000091552734,102.43000030517578,6.615,40.11000061035156,,55.0,7.044000244140625,34.400001525878906,,,132.47999954223638,18.65999984741211,4608.000183105471,109.56999969482422,,,,,19.079999923706055,,2.794761047363281,53.417911529541016,18.27,24.18,92.25537872314452,,0.2000000029802322,41.91999816894531,,,13.9102001953125,49.88814697265625,30.395000457763672,0.2000000029802322,,12.31999969482422,16.777899861335754,3.789249897003174,33.06999969482422,2.471000061035156,3901.719970703125,7105.2998046875,2781.010009765625
2018-11-16,,69.58000183105469,,,19.079999923706055,2.4000000953674316,,,147.74000549316406,0.0725919976830482,62.04,1.17,,218.41000366210935,29.0,,26.0,,207.35,,,,28.959999084472656,20.3825,,0.1775,,,94.83000183105467,62.63999938964844,5.800000190734863,,6.539000244140625,0.2106891086697575,144.36000061035156,5.099999904632568,2.3499999046325684,102.51000213623048,12.895000457763672,101.4499969482422,98.05999755859376,6.53,39.75,,35.0,6.965,33.880001068115234,,,106.56000137329106,17.979999542236328,4608.000183105471,108.29000091552734,,,,,20.420000076293945,,2.7597579956054688,49.85671615600586,18.6675,24.07,91.35391998291016,,0.1800000071525573,41.9375,,,13.855799560546876,51.41012145996094,29.55500030517578,0.2000000029802322,,12.449999809265137,17.399300634860992,3.74399995803833,32.59000015258789,2.4,3843.090087890625,7013.89990234375,2736.27001953125
2018-11-23,,67.44999694824219,,,18.530000686645508,2.559999942779541,,,144.5,0.0687209963798523,61.91,1.05,,207.07000732421875,25.399999618530273,,26.0,,201.49,,,,28.030000686645508,20.1025,,0.1625,,,94.33999633789062,62.97999954223633,5.690000057220459,,6.54,0.2106891086697575,145.19000244140625,5.03000020980835,2.2100000381469727,101.6500015258789,12.899999618530272,100.95999908447266,97.62999725341795,6.183800048828125,39.59000015258789,,39.00000095367432,6.92,32.9900016784668,,,108.00000000000004,16.520000457763672,4608.000183105471,103.06999969482422,,,,,19.5,,2.78789794921875,52.60854721069336,18.7475,23.005,90.63275146484376,,0.1850000023841858,41.307498931884766,,,13.8256005859375,51.07925720214844,29.55500030517578,0.2000000029802322,,11.890000343322754,16.777899861335754,3.697999954223633,32.060001373291016,2.42,3812.320068359375,6952.89990234375,2632.56005859375
2018-11-30,,69.83000183105469,,,19.299999237060547,2.450000047683716,,,149.10000610351562,0.0735599994659423,61.17,1.015,,218.2400054931641,25.299999237060547,,26.0,,209.47,,,,31.15999984741211,20.655,,0.16,,,94.86000061035156,61.59000015258789,5.679999828338623,,6.642999877929688,0.2217780078202486,146.19500732421875,5.019999980926514,2.200000047683716,102.3499984741211,12.802499771118164,100.58000183105467,98.75,6.495,40.36000061035156,,29.000000953674316,6.942000122070312,33.79999923706055,,,113.75999450683598,17.5,4031.999816894533,110.88999938964844,,,,,19.059999465942383,,2.9155560302734376,54.227272033691406,18.75,23.7,92.30946350097656,,0.1800000071525573,41.77750015258789,,,13.80510009765625,51.055191650390626,29.395000457763672,0.1800000071525573,,11.399999618530272,17.399300634860992,3.786499977111816,33.33000183105469,2.4,3823.340087890625,6980.2001953125,2760.169921875
2018-12-07,,67.13999938964844,,,18.0,1.7100000381469729,,,141.55999755859375,0.0658169984817504,59.27,0.91,,204.8800048828125,27.0,,25.0,,203.62,,,,28.38999938964844,20.4225,,0.19125,,,94.48999786376952,64.66999816894531,5.510000228881836,,6.437999877929688,0.2217780078202486,147.9199981689453,5.130000114440918,2.1500000953674316,103.16999816894533,13.104999542236328,100.0500030517578,98.5500030517578,6.3125,39.04999923706055,,28.299999237060547,6.739000244140625,32.83000183105469,,,108.00000000000004,17.760000228881836,3455.9999084472665,104.81999969482422,,,,,17.989999771118164,,2.705538024902344,53.903526306152344,19.1825,23.425,88.06359100341797,,0.1749999970197677,40.80500030517578,,,14.046500244140624,51.27175964355469,28.420000076293945,0.1949999928474426,,10.729999542236328,14.91367518901825,3.684000015258789,32.0,2.39,3710.659912109375,6778.10009765625,2633.080078125
2018-12-14,,66.58999633789062,,,16.75,1.440000057220459,,,144.0800018310547,0.0725919976830482,61.3,0.93,,200.0,25.899999618530273,,25.0,,203.59,,,,28.450000762939453,20.6125,0.3400000035762787,0.0684999990463256,,,94.88999938964844,65.01000213623047,5.369999885559082,,6.535,0.2106891086697575,150.13499450683594,4.989999771118164,2.2699999809265137,103.37999725341795,13.13249969482422,100.6999969482422,98.93000030517578,6.396300048828125,38.66999816894531,,25.999999046325684,6.757000122070313,32.5099983215332,,,95.0400009155274,16.600000381469727,3455.9999084472665,106.02999877929688,,,,,18.0,,2.7748568725585936,56.16974258422851,19.355,23.425,90.32625579833984,,0.1700000017881393,41.13249969482422,,,14.13760009765625,51.97559326171875,28.209999084472656,0.1749999970197677,,10.020000457763672,14.91367518901825,3.6480000019073486,31.719999313354492,2.37,3732.9599609375,6845.2001953125,2599.949951171875
2018-12-21,,62.290000915527344,,,14.18000030517578,1.2999999523162842,,,132.97999572753906,0.0687209963798523,59.01,0.865,,192.1000061035156,23.299999237060547,,25.0,,191.13,,,,18.190000534057617,20.1425,0.3100000023841858,0.0590000009536743,,,92.86000061035156,64.37000274658203,4.739999771118164,,6.54,0.2106891086697575,149.81500244140625,4.820000171661377,2.059999942779541,102.75,13.05875015258789,99.8499984741211,95.93000030517578,5.936300048828125,36.63999938964844,,25.0,6.620999755859375,31.06999969482422,,,87.84000205993655,18.799999237060547,2880.000000000002,98.2300033569336,,,,,15.3100004196167,,2.779661865234375,55.03663635253906,19.495,22.665,88.49629211425781,,0.1599999964237213,39.9474983215332,,,14.2431005859375,50.561905517578126,27.77750015258789,0.1749999970197677,,8.729999542236328,14.91367518901825,3.4175000190734863,30.18000030517578,2.18,3668.659912109375,6721.2001953125,2416.6201171875
2018-12-28,,63.849998474121094,,,14.3100004196167,0.9980000257492064,,,136.6199951171875,0.0774319991469383,58.54,0.89,,202.0800018310547,22.5,,25.0,,191.73,,,,20.719999313354492,20.245,0.3149999976158142,0.0590000009536743,,,93.29000091552734,64.79000091552734,5.019999980926514,,6.502000122070313,0.2106891086697575,150.33999633789062,4.75,2.0799999237060547,103.5,13.125,99.93000030517578,96.66000366210938,5.985,37.27000045776367,,25.199999809265137,6.662999877929687,31.459999084472656,,,80.63999748229983,19.059999465942383,2880.000000000002,100.38999938964844,,,,,15.56999969482422,,2.8057431030273436,55.03663635253906,19.76,23.01,87.78414154052734,,0.1599999964237213,39.98249816894531,,,14.828599853515623,49.62947387695313,27.635000228881836,0.1850000023841858,,9.119999885559082,16.156500577926636,3.4522500038146973,30.530000686645508,2.28,3675.27001953125,6734.0,2485.739990234375
2019-01-04,,65.05999755859375,,,15.4399995803833,1.0,,,133.6999969482422,0.0725919976830482,60.89,0.9,,195.1999969482422,24.5,,24.0,,193.34,,,,23.200000762939453,20.415,0.3600000143051147,0.0555000019073486,,,94.19000244140624,64.80999755859375,5.670000076293945,,6.565,0.2106891086697575,151.10000610351562,4.800000190734863,2.2799999713897705,104.94000244140624,13.114999771118164,99.91000366210938,98.04000091552734,5.946300048828125,38.28499984741211,,27.00000047683716,6.745999755859375,31.790000915527344,,,90.71999931335452,18.079999923706055,4031.999816894533,101.93000030517578,,,,,18.479999542236328,,2.833882141113281,58.11220932006836,19.805,23.68,89.41577911376953,,0.1899999976158142,40.60749816894531,,,15.22489990234375,49.95432312011719,28.149999618530273,0.1749999970197677,,9.470000267028809,21.127724647521973,3.5209999084472656,30.795000076293945,2.23,3733.550048828125,6837.39990234375,2531.93994140625
2019-01-11,,66.62000274658203,,,16.079999923706055,1.4450000524520874,,,140.77999877929688,0.0696889981627464,57.12,1.045,,196.2899932861328,26.0,,24.0,,197.265,,,,26.200000762939453,20.7825,0.3700000047683716,0.0575,,,95.93000030517578,64.62999725341797,6.71999979019165,,6.475999755859375,0.2106891086697575,149.52000427246094,4.880000114440918,2.25,105.11000061035156,13.095000267028809,101.1999969482422,99.8000030517578,6.095,38.630001068115234,,32.00000047683716,6.835999755859375,32.54999923706055,,,100.79999542236332,18.1200008392334,3455.9999084472665,102.8000030517578,,,,,15.40999984741211,,2.988994140625,61.67340469360352,19.7225,23.615,87.91935729980469,,0.1599999964237213,41.119998931884766,,,15.19949951171875,49.32869018554688,29.40999984741211,0.1500000059604644,,9.100000381469728,18.02069991827011,3.622499942779541,31.43000030517578,2.195,3797.1298828125,6918.2001953125,2596.260009765625
2019-01-18,,68.2300033569336,,,14.75,1.149999976158142,,,142.8800048828125,0.0716240033507347,55.7,0.976999969482422,,204.47999572753903,26.700000762939453,,25.0,,202.35,,,,26.13999938964844,21.09,0.395000010728836,0.0544999980926513,,,96.5,64.16000366210938,7.78000020980835,,6.517999877929688,0.1774223988130688,147.61000061035156,4.96999979019165,2.5,106.18000030517578,13.047499656677246,101.9800033569336,100.63999938964844,6.26,39.650001525878906,,35.79999923706055,6.885999755859375,33.38999938964844,,,106.56000137329106,16.219999313354492,4031.999816894533,107.70999908447266,,,,,15.43000030517578,,3.072041015625,58.43595504760742,19.4975,23.62,90.6507797241211,,0.1599999964237213,41.40250015258789,,,14.9947998046875,48.823368530273434,29.674999237060547,0.1500000059604644,,8.260000228881836,14.91367518901825,3.694000005722046,32.084999084472656,2.263500061035156,3826.1201171875,6968.2998046875,2670.7099609375
2019-01-25,,68.37000274658203,,,14.09000015258789,1.190000057220459,,,154.44000244140625,0.0745280012488365,53.71,0.935,,202.75,26.299999237060547,,25.0,,198.0,,,,21.459999084472656,20.9425,0.4550000131130218,0.0659999990463256,,,96.41999816894533,65.0999984741211,8.859999656677246,,6.38,0.1774223988130688,145.1699981689453,4.960000038146973,2.549999952316284,107.1500015258789,13.125,101.9800033569336,100.76000213623048,6.168800048828125,39.619998931884766,,36.70000076293945,6.73,33.349998474121094,,,102.2400054931641,17.34000015258789,3455.9999084472665,107.16999816894533,,,,,15.239999771118164,,2.981445007324219,60.37842559814453,19.3575,22.515,90.43443298339844,,0.1800000071525573,40.775001525878906,,,14.901600341796875,47.83078125,29.575000762939453,0.1650000065565109,,8.449999809265137,14.292274415493011,3.6372499465942383,31.88999938964844,2.3275,3751.8798828125,6809.2001953125,2664.760009765625
2019-02-01,,69.23999786376953,,,15.399999618530272,1.5800000429153442,,,155.5,0.0716240033507347,55.81,0.925,,209.19000244140625,26.510000228881836,,25.6200008392334,,202.59,,,,21.600000381469727,21.3575,0.449999988079071,0.08,,,96.9749984741211,65.15499877929688,7.659999847412109,,6.39,0.1996001971140501,146.80999755859375,4.978000164031982,2.450000047683716,107.9499969482422,13.207500457763672,102.5199966430664,101.38999938964844,6.305,39.619998931884766,,34.000000953674316,6.935999755859375,34.08000183105469,,,96.47999954223636,17.8799991607666,3455.9999084472665,102.77999877929688,,,,,16.670000076293945,,3.0885128784179687,73.65196990966797,19.7425,23.84,86.19757080078125,,0.1700000017881393,41.564998626708984,,,15.515799560546874,48.907589721679685,29.885000228881836,0.1650000065565109,,10.550000190734863,14.292274415493011,3.7079999446868896,32.5,2.3894999694824217,3851.89990234375,7020.2001953125,2706.530029296875
2019-02-08,,69.02999877929688,,,14.93000030517578,1.3550000190734863,,,157.67999267578125,0.0696889981627464,56.96,0.835,,200.9199981689453,26.354999542236328,,26.01499938964844,,203.3,,,,19.75,21.15,0.4300000071525574,0.0805000019073486,,,96.94499969482422,66.23500061035156,7.960000038146973,,6.419000244140625,0.1996001971140501,149.33999633789062,4.910999774932861,2.450000047683716,107.58999633789062,13.34000015258789,102.43000030517578,101.29000091552734,6.42375,38.470001220703125,,33.29999923706055,6.9879998779296875,33.91999816894531,,,84.95999908447268,17.860000610351562,2880.000000000002,105.66999816894533,,,,,15.010000228881836,,3.09400390625,77.86064910888672,19.9225,24.14,82.5015869140625,,0.2199999988079071,41.380001068115234,,,15.291700439453123,50.249091796875,29.584999084472656,0.1749999970197677,,10.720000267028809,15.535074472427368,3.723000049591065,32.02000045776367,2.37,3869.43994140625,7071.2001953125,2707.8798828125
2019-02-15,,70.51000213623047,,,15.140000343322754,1.659999966621399,,,163.0800018310547,0.0706560015678405,62.41,0.82,,205.2899932861328,28.11000061035156,,25.809999465942383,,211.025,,,,20.079999923706055,21.445,0.4650000035762787,0.0744999980926513,,,97.51499938964844,66.125,8.180000305175781,,6.659000244140625,0.1996001971140501,150.05999755859375,4.954500198364258,2.700000047683716,107.5999984741211,13.307499885559082,103.19000244140624,102.05500030517578,6.66875,39.93000030517578,,52.199997901916504,7.165999755859375,34.869998931884766,,,90.71999931335452,18.0,3455.9999084472665,108.22000122070312,,,,,14.0,,3.333534851074219,78.8318862915039,20.08,24.24,85.29611206054688,,0.2599999904632568,42.73749923706055,,,15.188800048828124,51.12136779785156,30.174999237060547,0.1700000017881393,,10.729999542236328,14.91367518901825,3.884000062942505,33.1150016784668,2.31,3954.56005859375,7236.7001953125,2775.60009765625
2019-02-22,,71.19999694824219,,,15.029999732971191,1.5,,,162.86000061035156,0.0745280012488365,61.59,0.875,,201.91000366210935,28.7549991607666,,27.145000457763672,,209.645,,,,19.8700008392334,21.6125,0.4199999868869781,0.0784999990463256,,,97.91500091552734,66.01499938964844,8.130000114440918,,6.235,0.2106891086697575,147.75,5.046249866485596,2.700000047683716,108.11000061035156,13.30500030517578,103.5999984741211,102.41000366210938,6.68125,40.2599983215332,,44.00000095367432,7.134000244140625,35.400001525878906,,,84.95999908447268,17.68000030517578,4031.999816894533,110.97000122070312,,,,,12.550000190734863,,3.369224853515625,78.50814056396484,19.9775,23.985,86.39588928222656,,0.2599999904632568,42.625,,,15.376600341796877,50.411513671875,30.6200008392334,0.1850000023841858,,13.119999885559082,0.5567770004272461,3.8607499599456783,33.10499954223633,2.3475,3938.10009765625,7178.60009765625,2792.669921875
2019-03-01,,71.41000366210938,,,16.790000915527344,1.4850000143051147,,,161.4600067138672,0.0725919976830482,61.86,0.93,,203.1300048828125,27.815000534057617,,27.135000228881836,,207.125,,,,23.63999938964844,21.07,0.4050000011920929,0.1,,,98.1999969482422,64.56999969482422,8.050000190734863,,6.140999755859375,0.2106891086697575,145.0399932861328,4.974999904632568,2.619999885559082,107.9499969482422,13.130000114440918,104.3499984741211,102.72000122070312,6.62875,39.81999969482422,,46.50000095367432,7.06,35.59000015258789,,,87.84000205993655,17.719999313354492,6335.999908447268,112.52999877929688,,,,,14.399999618530272,,3.1056719970703126,77.69877624511719,19.33,23.505,87.38749694824219,,0.3400000035762787,42.5099983215332,,,15.07510009765625,47.921017456054685,30.825000762939453,0.2000000029802322,,16.5,0.4722659885883331,3.820499897003174,33.220001220703125,2.425,3911.070068359375,7106.7001953125,2803.68994140625
2019-03-08,,69.94000244140625,,,15.4399995803833,1.4550000429153442,,,158.3000030517578,0.0648489966988563,62.71,1.03,,198.6999969482422,27.65999984741211,,26.729999542236328,,205.57,,,,22.600000381469727,20.965,0.4099999964237213,0.0864999961853027,,,97.8000030517578,65.66500091552734,7.820000171661377,,6.24,0.2106891086697575,148.39999389648438,4.933000087738037,2.700000047683716,107.45999908447266,13.260000228881836,103.72000122070312,102.08000183105467,6.59,38.939998626708984,,41.599998474121094,7.077000122070313,35.04999923706055,,,86.39999771118167,15.779999732971191,6335.999908447268,110.51000213623048,,,,,14.68000030517578,,3.02605712890625,78.18439483642578,19.5425,23.265,85.7648696899414,,0.3100000023841858,42.314998626708984,,,14.64280029296875,50.062604370117185,30.229999542236328,0.2000000029802322,,17.309999465942383,0.3976979851722717,3.75600004196167,32.27000045776367,2.334499969482422,3897.489990234375,7104.2998046875,2743.070068359375
2019-03-15,,72.05999755859375,,,16.850000381469727,1.4600000381469729,,,169.6999969482422,0.0735599994659423,62.74,1.025,,204.30999755859375,28.530000686645508,,26.8700008392334,,208.775,,,,24.290000915527344,21.26,0.4000000059604645,0.0794999980926513,,,98.6750030517578,65.52999877929688,7.869999885559082,,6.215999755859375,0.1885112979635594,146.0399932861328,5.017499923706055,2.640000104904175,108.43000030517578,13.260000228881836,102.91000366210938,103.18000030517578,6.83125,39.91999816894531,,41.39999866485596,7.127999877929687,36.16999816894531,,,87.84000205993655,16.8799991607666,5184.000091552736,115.91000366210938,,,,,15.18000030517578,,3.080277099609375,89.02984619140625,19.2075,23.82,88.32501220703125,,0.270000010728836,42.935001373291016,,,14.874200439453125,51.17550842285157,30.997499465942383,0.1749999970197677,,19.65999984741211,0.3827840089797973,3.787499904632568,33.44499969482422,2.31,3968.31005859375,7228.2998046875,2822.47998046875
2019-03-22,,71.33999633789062,,,15.510000228881836,1.5149999856948853,,,167.3000030517578,0.0667850002646446,63.51,0.96,,200.5500030517578,28.290000915527344,,26.25,,208.7,,,,22.61000061035156,21.145,0.4000000059604645,0.0810000038146972,,,98.58999633789062,68.79499816894531,7.980000019073486,,6.13,0.1885112979635594,148.89500427246094,5.023749828338623,2.9200000762939453,108.7300033569336,13.619999885559082,102.81999969482422,103.0999984741211,6.9125,39.880001068115234,,40.79999923706055,7.107999877929688,35.810001373291016,,,84.95999908447268,17.299999237060547,5184.000091552736,117.0500030517578,,,,,15.0,,3.102239990234375,81.74559020996094,19.495,23.915,85.89107513427734,,0.2800000011920929,42.52750015258789,,,14.97469970703125,52.08989501953125,30.155000686645508,0.1850000023841858,,17.969999313354492,0.3778130114078522,3.7382500171661377,32.95000076293945,2.273500061035156,3942.590087890625,7207.60009765625,2800.7099609375
2019-03-29,,72.1500015258789,,,16.110000610351562,1.5,,,167.1999969482422,0.0667850002646446,61.35,1.1,,200.88999938964844,28.86000061035156,,27.125,,213.14,,,,24.450000762939453,21.6325,0.3849999904632568,0.0855000019073486,,,99.1500015258789,67.83000183105469,7.769999980926514,,6.232999877929688,0.1885112979635594,151.28500366210938,5.012499809265137,3.5299999713897705,109.4800033569336,13.52750015258789,103.29000091552734,103.66999816894533,7.02125,40.22999954223633,,35.0,7.19,36.08000183105469,,,79.19999885559085,16.780000686645508,5760.000000000003,117.94000244140624,,,,,13.869999885559082,,3.0994949340820312,88.22048950195312,19.5025,24.135,86.48603820800781,,0.3199999928474426,43.3224983215332,,,14.62489990234375,52.87794982910156,30.25749969482422,0.1700000017881393,,19.13999938964844,0.3579280078411102,3.8345000743865967,33.189998626708984,2.2425,3978.280029296875,7279.2001953125,2834.39990234375
2019-04-05,,73.7300033569336,,,17.600000381469727,1.5399999618530271,,,179.32000732421875,0.0725919976830482,61.45,1.235,,205.3300018310547,29.809999465942383,,26.770000457763672,,218.12,,,,27.479999542236328,22.3425,0.3799999952316284,0.0835000038146972,,,99.72000122070312,66.62000274658203,8.050000190734863,,6.530999755859375,0.1885112979635594,150.5050048828125,5.067500114440918,3.809999942779541,109.83999633789062,13.385000228881836,104.02999877929688,104.26499938964844,7.22125,40.630001068115234,,41.99999809265137,7.367999877929687,36.83000183105469,,,123.8399963378907,19.440000534057617,5184.000091552736,119.88999938964844,,,,,15.329999923706056,,3.1804818725585937,96.3141098022461,19.4625,24.755,92.07508850097656,,0.3849999904632568,44.467498779296875,,,14.715799560546875,52.96217102050781,30.989999771118164,0.1749999970197677,,20.829999923706055,0.4076400101184845,3.924000024795532,33.369998931884766,2.175,4067.43994140625,7446.89990234375,2892.739990234375
2019-04-12,,74.02999877929688,,,17.25,1.940000057220459,,,178.72000122070312,0.0706560015678405,59.88,1.08,,210.55999755859375,30.510000228881836,,27.155000686645508,,217.45,,,,26.09000015258789,22.1875,0.395000010728836,0.0835000038146972,,,97.79000091552734,65.80500030517578,8.100000381469727,,6.587000122070313,0.1885112979635594,148.96499633789062,5.090000152587891,3.430000066757202,108.9800033569336,13.279999732971191,104.38500213623048,104.62000274658205,7.22375,40.36000061035156,,41.99999809265137,7.365999755859375,37.0,,,120.95999908447271,18.799999237060547,4608.000183105471,120.9499969482422,,,,,13.09000015258789,,3.0603729248046876,92.75291442871094,19.33,24.79,93.62559509277344,,0.4350000023841858,44.439998626708984,,,14.588800048828125,52.50497497558594,31.260000228881836,0.1700000017881393,,20.65999984741211,0.4722659885883331,3.9140000343322754,32.77000045776367,2.205,4069.89990234375,7437.10009765625,2907.409912109375
2019-04-19,,74.12999725341797,,,17.549999237060547,1.75,,,183.22000122070312,0.0716240033507347,58.15,1.18,,209.9900054931641,30.56999969482422,,27.09000015258789,,218.905,,,,25.799999237060547,22.41,0.3799999952316284,0.0775,,,97.88999938964844,65.88500213623047,8.079999923706055,,6.665,0.1885112979635594,150.08999633789062,5.03249979019165,3.5299999713897705,109.08000183105467,13.295000076293944,104.70999908447266,104.37000274658205,7.37875,40.58000183105469,,63.00000190734863,7.397000122070312,37.060001373291016,,,123.8399963378907,18.399999618530273,5184.000091552736,123.37000274658205,,,,,11.34000015258789,,3.1152801513671875,94.69538879394533,19.22,24.665,96.00545501708984,,0.4250000119209289,44.88999938964844,,,14.481300048828125,54.18335632324219,31.469999313354492,0.1599999964237213,,19.18000030517578,0.581633985042572,3.9227499961853023,31.05500030517578,2.195,4084.739990234375,7459.89990234375,2905.030029296875
2019-04-26,,74.37000274658203,,,17.709999084472656,1.6799999475479126,,,184.7400054931641,0.0745280012488365,57.95,1.15,,214.22000122070312,30.6299991607666,,26.690000534057617,,222.8,,,,27.760000228881836,22.28,0.3849999904632568,0.08,,,97.7300033569336,66.3949966430664,8.15999984741211,,6.654000244140625,0.1885112979635594,151.72000122070312,4.986000061035156,3.440000057220459,108.98999786376952,13.364999771118164,104.37000274658205,104.5999984741211,7.51625,40.54999923706055,,45.19999980926514,7.364000244140625,37.2400016784668,,,144.00000000000006,17.940000534057617,5184.000091552736,129.88999938964844,,,,,11.470000267028809,,3.1434201049804686,88.86798095703125,19.525,24.39,94.92369842529295,,0.375,44.939998626708984,,,14.523599853515623,55.1879736328125,31.575000762939453,0.1599999964237213,,21.3700008392334,0.6263750195503235,3.978250026702881,32.13999938964844,2.115,4072.72998046875,7428.2001953125,2939.8798828125
2019-05-03,,74.72000122070312,,,17.65999984741211,1.6699999570846558,,,185.3999938964844,0.0754960030317306,57.41,1.105,,218.6000061035156,30.674999237060547,,26.020000457763672,,219.565,,,,25.079999923706055,22.035,0.4000000059604645,0.08,,,97.55999755859376,65.66999816894531,8.130000114440918,,6.805999755859375,0.1885112979635594,149.0449981689453,4.942500114440918,3.880000114440918,109.41999816894533,13.25,103.97000122070312,104.48999786376952,7.40875,40.93000030517578,,39.100000858306885,7.329000244140625,37.30500030517578,,,139.6800041198731,17.639999389648438,5184.000091552736,128.89999389648438,,,,,11.18000030517578,,3.2058770751953123,90.16295623779295,19.1025,24.545,95.33837127685548,,0.3700000047683716,44.380001068115234,,,14.188499755859375,55.38047607421875,31.325000762939453,0.1599999964237213,,22.510000228881836,0.6462600231170654,3.9257500171661377,32.54999923706055,2.165,4046.860107421875,7380.60009765625,2945.639892578125
2019-05-10,,72.87999725341797,,,16.6299991607666,1.6699999570846558,,,175.32000732421875,0.0725919976830482,56.92,1.105,,209.02000427246097,30.364999771118164,,25.450000762939453,,213.77,,25.02300071716309,,24.450000762939453,20.87,0.4099999964237213,0.08,,,96.86499786376952,66.55500030517578,7.960000038146973,,6.52,0.1885112979635594,151.4600067138672,4.864999771118164,3.700000047683716,108.76000213623048,13.380000114440918,103.08999633789062,103.76000213623048,7.09125,39.029998779296875,,40.99999904632568,7.149000244140625,36.040000915527344,,,119.52000045776371,17.219999313354492,4608.000183105471,127.12999725341795,,,,,11.130000114440918,,3.152341918945313,86.43988800048828,19.365,24.265,96.47421264648438,,0.3499999940395355,43.54499816894531,,,14.322900390625,55.458682250976565,30.850000381469727,0.1599999964237213,,24.43000030517578,0.5269500017166138,3.84375,31.739999771118164,2.08,3955.81005859375,7203.2998046875,2881.39990234375
2019-05-17,,71.98999786376953,,,16.8799991607666,1.6200000047683716,,,182.82000732421875,0.0813030004501342,58.75,1.03,,203.27000427246097,31.13999938964844,,25.290000915527344,,222.66,,25.645999908447266,,22.5,20.81,0.4050000011920929,0.0765000009536743,,,96.88500213623048,67.5199966430664,7.380000114440918,,6.547000122070313,0.1885112979635594,153.56500244140625,4.938499927520752,4.170000076293945,108.5999984741211,13.399999618530272,103.5199966430664,101.05999755859376,7.40875,39.5099983215332,,37.69999980926514,7.324000244140625,36.540000915527344,,,139.6800041198731,15.960000038146973,4608.000183105471,128.07000732421875,,,,,11.5,,3.215484924316406,89.19172668457031,19.635,25.36,96.83479309082033,,0.375,44.787498474121094,,,14.0168994140625,57.70855041503906,31.11000061035156,0.1599999964237213,,22.149999618530273,0.5866050124168396,3.945499897003174,32.209999084472656,2.08,4025.27001953125,7348.60009765625,2859.530029296875
2019-05-24,,71.48999786376953,,,15.300000190734863,1.149999976158142,,,170.39999389648438,0.0764639973640441,60.89,0.985,,201.69000244140625,28.8700008392334,,24.959999084472656,,219.055,,25.437999725341797,,21.719999313354492,20.6275,0.4099999964237213,0.0755000019073486,,,96.88999938964844,68.58999633789062,7.539999961853027,,6.594000244140625,0.1996001971140501,155.06500244140625,4.8460001945495605,4.230000019073486,108.9000015258789,13.524999618530272,103.19000244140624,100.76000213623048,7.16375,39.310001373291016,,40.300002098083496,7.257999877929688,36.09000015258789,,,118.08000183105472,15.899999618530272,4031.999816894533,126.23999786376952,,,,,12.270000457763672,,3.0480191040039064,86.11614227294922,19.84,24.87,94.8515853881836,,0.3700000047683716,44.657501220703125,,,14.083499755859377,58.75528381347656,30.540000915527344,0.1449999958276748,,24.1200008392334,0.581633985042572,3.8717501163482666,32.470001220703125,2.22,3981.610107421875,7277.7001953125,2826.06005859375
2019-05-31,,70.08999633789062,,,14.239999771118164,1.3600000143051147,,,169.3000030517578,0.0735599994659423,58.33,0.98,,197.4199981689453,27.6299991607666,,24.450000762939453,,216.04,,25.34600067138672,,20.549999237060547,21.14,0.3650000095367431,0.0775,,,96.16999816894533,69.16999816894531,8.319999694824219,,6.450999755859375,0.1996001971140501,157.61500549316406,4.8495001792907715,4.829999923706055,109.08000183105467,13.592499732971191,102.58999633789062,100.30999755859376,7.11875,38.75,,37.99999952316284,7.147999877929688,35.25,,,108.00000000000004,15.579999923706056,4031.999816894533,123.68000030517578,,,,,12.130000114440918,,2.9512460327148435,84.01180267333984,20.1975,24.61,91.4440689086914,,0.3849999904632568,43.91749954223633,,,14.01469970703125,58.19582153320312,30.26499938964844,0.1599999964237213,,21.809999465942383,0.4822089970111847,3.819000005722046,31.690000534057617,2.1,3923.8701171875,7161.7001953125,2752.06005859375
2019-06-07,,72.75,,,13.40999984741211,1.2100000381469729,,,173.8000030517578,0.0890469998121261,60.28,0.975,,205.80999755859375,27.135000228881836,,24.209999084472656,,222.36,,25.555999755859375,,22.40999984741211,21.21,0.3899999856948852,0.0759999990463256,,,97.30500030517578,70.3499984741211,8.010000228881836,,6.509000244140625,0.1996001971140501,157.55999755859375,4.775000095367432,6.110000133514404,111.0500030517578,13.744999885559082,103.5500030517578,101.7699966430664,7.41875,39.779998779296875,,35.59999942779541,7.327999877929687,36.66999816894531,,,100.79999542236332,16.040000915527344,4031.999816894533,131.39999389648438,,,,,10.979999542236328,,3.1207708740234374,84.3355484008789,20.6575,25.23,93.96815490722656,,0.3600000143051147,45.19499969482422,,,14.4297998046875,59.12223815917969,30.719999313354492,0.1449999958276748,,23.65999984741211,0.447409987449646,3.8910000324249263,32.90999984741211,2.09,4008.14990234375,7331.89990234375,2873.340087890625
2019-06-14,,72.77999877929688,,,13.43000030517578,1.2000000476837158,,,171.0399932861328,0.0851750001311302,62.15,0.95,,205.16000366210935,26.94499969482422,,24.357500076293945,,225.64,,25.757999420166016,,21.729999542236328,21.43,0.3700000047683716,0.0694999980926513,,,97.44000244140624,69.7249984741211,8.0,,6.455999755859375,0.1996001971140501,159.3000030517578,4.834499835968018,5.28000020980835,110.5999984741211,13.670000076293944,103.52999877929688,101.95999908447266,7.47875,39.619998931884766,,32.5,7.242000122070312,36.77000045776367,,,99.35999679565434,15.4399995803833,3455.9999084472665,132.4499969482422,,,,,11.010000228881836,,3.0603729248046876,86.43988800048828,20.9825,25.15,93.76982879638672,,0.4250000119209289,45.342498779296875,,,14.54,59.83810729980469,30.47249984741211,0.1500000059604644,,24.239999771118164,0.4971230030059814,3.943000078201294,33.11000061035156,2.02,4010.800048828125,7345.7998046875,2886.97998046875
2019-06-21,,73.73999786376953,,,13.0600004196167,1.1699999570846558,,,178.6999969482422,0.0832389965653419,63.78,0.83,,206.2100067138672,28.424999237060547,,25.059999465942383,,229.82,,25.575000762939453,,22.829999923706055,22.225,0.3700000047683716,0.0675,,,98.63999938964844,69.58499908447266,8.630000114440918,,6.495999755859375,0.1996001971140501,158.4600067138672,4.89900016784668,5.449999809265137,112.5,13.667499542236328,104.87999725341795,103.13999938964844,7.70875,40.34000015258789,,30.999999046325684,7.305999755859375,37.72999954223633,,,93.6000022888184,14.800000190734863,3455.9999084472665,136.97000122070312,,,,,10.010000228881836,,3.0267428588867187,83.20243835449219,21.545,25.84,95.32034301757812,,0.4350000023841858,46.09749984741211,,,14.79530029296875,59.05606750488281,30.829999923706055,0.1749999970197677,,27.729999542236328,0.5020939707756042,3.987499952316284,33.91999816894531,2.045,4045.1201171875,7407.5,2950.4599609375
2019-06-28,,73.70999908447266,,,13.539999961853027,1.159999966621399,,,183.7400054931641,0.1064689978957176,64.38,0.885,,213.1699981689453,28.8700008392334,,25.075000762939453,,227.565,,25.655000686645508,,24.739999771118164,22.25,0.3650000095367431,0.0835000038146972,,,98.56999969482422,69.20999908447266,8.569999694824219,,6.569000244140625,0.155244600512087,158.88999938964844,4.97599983215332,5.789999961853027,112.76000213623048,13.635000228881836,105.08999633789062,102.88999938964844,7.625,40.369998931884766,,30.999999046325684,7.334000244140625,37.470001220703125,,,95.0400009155274,14.5600004196167,3455.9999084472665,133.9600067138672,,,,,9.100000381469728,,2.8839849853515624,81.5837173461914,21.7525,25.725,94.2926788330078,,0.395000010728836,46.404998779296875,,,14.726400146484377,58.88762512207031,30.649999618530273,0.1749999970197677,,27.219999313354492,0.4374679923057556,4.001999855041504,33.68000030517578,2.045,4056.8798828125,7425.60009765625,2941.760009765625
2019-07-05,,74.58999633789062,,,14.350000381469728,1.1200000047683716,,,185.72000122070312,0.1161480024456977,65.27,0.825,,215.25,28.209999084472656,,24.604999542236328,,234.88,,25.974000930786133,,24.059999465942383,22.675,0.4199999868869781,0.08,,,98.88999938964844,70.6050033569336,8.680000305175781,,6.725,0.166333499662578,161.10499572753906,4.9045000076293945,5.5,113.29000091552734,13.774999618530272,105.53500366210938,103.01000213623048,7.89875,40.91999816894531,,35.0,7.459000244140625,37.84000015258789,,,96.47999954223636,14.0,3455.9999084472665,137.05999755859375,,,,,9.229999542236328,,2.964285888671875,81.74559020996094,21.88,25.86,92.34552764892578,,0.5049999952316284,47.09000015258789,,,14.7156005859375,60.69835327148437,30.94499969482422,0.1599999964237213,,27.520000457763672,0.4772379994392395,4.103499889373779,34.1349983215332,2.09,4120.509765625,7553.10009765625,2990.409912109375
2019-07-12,,74.8499984741211,,,14.539999961853027,1.2000000476837158,,,184.6000061035156,0.1064689978957176,63.24,1.055,,214.1000061035156,29.350000381469727,,24.809999465942383,,236.17,,25.700000762939453,,24.850000381469727,22.485,0.4099999964237213,0.0825,,,98.66000366210938,69.74500274658203,8.399999618530273,,6.634000244140625,0.166333499662578,159.64500427246094,5.013750076293945,5.5,112.27999877929688,13.670000076293944,105.29499816894533,102.91999816894533,8.015,40.70000076293945,,34.000000953674316,7.412999877929687,38.08000183105469,,,92.15999794006352,13.920000076293944,3455.9999084472665,138.89999389648438,,,,,9.06999969482422,,2.9059478759765627,79.56031036376953,22.0,25.88,89.85749816894531,,0.5049999952316284,46.654998779296875,,,14.646800537109376,60.19303161621094,30.774999618530273,0.1749999970197677,,25.5,0.5418639779090881,4.091750144958496,33.66999816894531,2.16,4094.93994140625,7506.0,3013.77001953125
2019-07-19,,74.22000122070312,,,13.68000030517578,1.25,,,199.5,0.1113080009818077,63.9,1.1,,205.97000122070312,27.405000686645508,,25.43000030517578,,236.54,,25.909000396728516,,23.850000381469727,22.735,0.3849999904632568,0.0810000038146972,,,98.58000183105467,70.83000183105469,8.130000114440918,,6.627000122070313,0.155244600512087,161.4199981689453,4.91949987411499,5.53000020980835,112.9000015258789,13.8149995803833,105.0,102.63999938964844,8.0975,40.54999923706055,,35.299999713897705,7.414000244140625,38.08000183105469,,,96.47999954223636,13.899999618530272,3455.9999084472665,136.6199951171875,,,,,8.550000190734863,,2.9622268676757812,78.50814056396484,22.39,25.39,89.73129272460938,,0.4250000119209289,46.73749923706055,,,15.7822998046875,60.28928283691406,30.90999984741211,0.1700000017881393,,24.31999969482422,0.5070649981498718,4.09250020980835,33.665000915527344,2.25,4098.31982421875,7508.7001953125,2976.610107421875
2019-07-26,,74.86000061035156,,,13.789999961853027,1.090000033378601,,,208.3999938964844,0.1451849937438964,69.05,1.315,,209.8999938964844,28.0,,24.84000015258789,,240.68,,26.301000595092773,,26.18000030517578,22.68,0.375,0.08,,,98.98999786376952,71.01499938964844,8.34000015258789,,6.624000244140625,0.155244600512087,162.6699981689453,4.88100004196167,5.71999979019165,113.56999969482422,13.850000381469728,105.6999969482422,103.23999786376952,8.28125,40.58000183105469,,35.999999046325684,7.465999755859375,38.18000030517578,,,96.47999954223636,13.100000381469728,3455.9999084472665,141.33999633789062,,,,,8.470000267028809,,2.980072021484375,78.34626770019531,22.45,25.48,91.0293960571289,,0.4149999916553497,47.2400016784668,,,15.90199951171875,58.94176574707031,31.3174991607666,0.2000000029802322,64.6449966430664,23.010000228881836,0.4374679923057556,4.165750026702881,33.57500076293945,2.15,4124.080078125,7549.10009765625,3025.860107421875
2019-08-02,,72.51000213623047,,,12.75,1.0199999809265137,,,197.55999755859375,0.1209869980812072,72.4,1.165,,202.6699981689453,27.31999969482422,,23.809999465942383,,237.97,,26.22699928283691,,24.969999313354492,22.045,0.4050000011920929,0.0725,,,98.3249969482422,71.92500305175781,8.119999885559082,,6.460999755859375,0.155244600512087,168.77000427246094,4.785999774932861,4.989999771118164,113.33000183105467,14.005000114440918,104.88999938964844,102.5199966430664,8.07125,39.77000045776367,,37.00000047683716,7.315999755859375,36.84000015258789,,,100.79999542236332,13.279999732971191,4608.000183105471,136.89999389648438,,,,,8.739999771118164,,2.8428048706054687,81.74559020996094,23.3375,24.035,83.06950378417969,,0.4350000023841858,46.72999954223633,,,15.663800048828126,59.42904235839844,30.4375,0.2000000029802322,63.900001525878906,21.280000686645508,0.4225539863109588,4.109499931335449,33.25,2.06,4039.530029296875,7407.10009765625,2932.050048828125
2019-08-09,,71.9800033569336,,,12.140000343322754,1.0499999523162842,,,191.55999755859375,0.1209869980812072,73.51,1.16,,199.0500030517578,25.93000030517578,,23.92250061035156,,237.56,,26.36400032043457,,24.84000015258789,21.71,0.3899999856948852,0.075,,,98.18000030517578,73.23999786376953,8.0,,6.22,0.155244600512087,171.60000610351562,4.810500144958496,4.179999828338623,114.41000366210938,14.164999961853027,104.83000183105467,102.4499969482422,8.01625,39.54999923706055,,30.49999952316284,7.209000244140625,36.560001373291016,,,99.35999679565434,12.5600004196167,5184.000091552736,137.7100067138672,,,,,8.539999961853027,,2.674652099609375,79.47937774658203,24.405,23.73,80.22991180419922,,0.3849999904632568,46.400001525878906,,,16.441099853515624,58.6469970703125,30.170000076293945,0.1749999970197677,63.48500061035156,20.530000686645508,0.5468350052833557,4.104249954223633,33.369998931884766,2.0,3965.5400390625,7253.89990234375,2918.64990234375
2019-08-16,,71.23999786376953,,,11.199999809265137,0.9399999976158142,,,191.4199981689453,0.1064689978957176,72.56,1.265,,199.72000122070312,25.895000457763672,,23.940000534057617,,234.74,,27.645999908447266,,25.63999938964844,21.4425,0.3799999952316284,0.0725,,,97.98999786376952,75.36499786376953,8.359999656677246,,5.9720001220703125,0.155244600512087,172.1300048828125,4.761000156402588,4.190000057220459,113.18000030517578,14.329999923706056,104.71499633789062,102.41999816894533,7.995,39.529998779296875,,28.09999942779541,7.102000122070312,36.34000015258789,,,89.28000068664554,12.720000267028809,4608.000183105471,136.1300048828125,,,,,8.229999542236328,,2.587488098144531,73.65196990966797,24.3375,22.73,77.38129425048828,,0.3199999928474426,45.57500076293945,,,16.594599609375,60.28928283691406,29.690000534057617,0.1850000023841858,62.72999954223633,21.43000030517578,0.4275250136852264,4.020999908447266,33.290000915527344,2.0,3893.659912109375,7117.2001953125,2888.679931640625
2019-08-23,,70.44000244140625,,,11.229999542236328,1.0,,,190.16000366210935,0.1064689978957176,73.13,1.325,,197.16000366210935,26.010000228881836,,23.520000457763672,,231.93,,27.426000595092773,,24.059999465942383,21.1,0.375,0.0759999990463256,,,98.95500183105467,74.16000366210938,8.180000305175781,,5.864000244140625,0.155244600512087,170.75,4.7245001792907715,4.449999809265137,113.23999786376952,14.239999771118164,105.70999908447266,103.33000183105467,7.925,39.31999969482422,,3.759999990463257,7.084000244140625,36.220001220703125,,,93.6000022888184,13.15999984741211,5184.000091552736,133.38999938964844,,,,,7.75,,2.573760986328125,73.24728393554688,24.35,22.665,79.49972534179688,,0.324999988079071,45.5099983215332,,,16.4868994140625,60.27725280761719,30.47249984741211,0.1850000023841858,62.07500076293945,19.649999618530273,0.4076400101184845,4.006499767303467,33.20000076293945,2.0,3898.580078125,7095.0,2847.110107421875
2019-08-30,,72.12999725341797,,,11.010000228881836,1.7000000476837158,,,202.25,0.1161480024456977,73.18,1.295,,203.41000366210935,26.165000915527344,,23.6200008392334,,236.685,,28.17799949645996,,24.829999923706055,21.61,0.3700000047683716,0.0765000009536743,,,99.37999725341795,75.51499938964844,8.399999618530273,,5.914000244140625,0.155244600512087,172.30499267578125,4.793000221252441,4.849999904632568,114.12999725341795,14.404999732971191,106.08999633789062,103.5999984741211,8.06875,39.88999938964844,,3.9189999103546143,7.190999755859375,36.81999969482422,,,99.35999679565434,14.0600004196167,5760.000000000003,137.86000061035156,,,,,7.190000057220459,,2.6465130615234376,72.35698699951172,24.5975,22.755,81.98775482177734,,0.3499999940395355,46.154998779296875,,,17.776500244140625,62.51509094238281,30.684999465942383,0.1700000017881393,63.290000915527344,17.8700008392334,0.3976979851722717,4.038000106811523,33.30500030517578,2.01,3953.02001953125,7207.2001953125,2926.4599609375
2019-09-06,,73.58999633789062,,,11.380000114440918,1.649999976158142,,,217.3000030517578,0.1258269995450973,72.55,1.27,,204.72999572753903,27.024999618530273,,24.364999771118164,,239.595,,27.951000213623047,,24.459999084472656,22.0875,0.4250000119209289,0.0725,,,99.50499725341795,75.45999908447266,8.460000038146973,,6.01,0.155244600512087,170.22000122070312,4.8429999351501465,4.75,115.04000091552734,14.359999656677246,106.18000030517578,103.97000122070312,8.23875,40.560001373291016,,3.950000047683716,7.280999755859375,37.650001525878906,,,105.12000274658207,13.979999542236328,6911.999816894534,139.10000610351562,,,,,7.320000171661377,,2.7007330322265624,72.76166534423828,24.2,22.595,83.43009185791016,,0.4199999868869781,46.89500045776367,,,17.5431005859375,62.44289978027344,31.209999084472656,0.1500000059604644,64.1500015258789,16.309999465942383,0.3886809945106506,4.073249816894531,33.75,2.0,3998.179931640625,7282.2998046875,2978.7099609375
2019-09-13,,74.66000366210938,,,11.40999984741211,2.0,,,226.6000061035156,0.1306660026311874,68.4768798828125,1.285,,213.61000061035156,26.834999084472656,,24.954999923706055,,239.48,,26.45599937438965,,25.5,22.315,0.4600000083446502,0.0725,,,99.66500091552734,72.44999694824219,8.680000305175781,,6.27427978515625,0.155244600512087,164.41000366210938,4.899499893188477,4.860000133514404,112.68000030517578,14.022500038146973,104.23999786376952,104.06999969482422,8.11875,42.040000915527344,,4.389999866485596,7.27,37.939998626708984,,,99.35999679565434,15.260000228881836,8063.999633789066,137.32000732421875,,,,,7.110000133514404,,2.854472961425781,76.80847930908203,23.4925,22.825,87.36946868896484,,0.4099999964237213,47.07500076293945,,,17.541700439453123,59.080127563476566,32.084999084472656,0.1500000059604644,64.41500091552734,17.190000534057617,0.3687489926815033,4.134500026702881,33.6349983215332,2.0,4053.31005859375,7367.5,3007.389892578125
2019-09-20,,74.2300033569336,,,10.75,1.8200000524520872,,,226.0500030517578,0.1258269995450973,71.67,1.495,,208.1199951171875,28.725000381469727,,24.125,,238.46,,27.316999435424805,,24.989999771118164,22.0275,0.5550000071525574,0.075,,,99.7300033569336,74.8499984741211,8.40999984741211,,6.155999755859375,0.155244600512087,164.9250030517578,4.951000213623047,5.0,113.62999725341795,14.289999961853027,104.02999877929688,104.41000366210938,8.09375,42.22999954223633,,4.699999809265137,7.239000244140625,37.88999938964844,,,97.91999816894536,16.65999984741211,6911.999816894534,139.44000244140625,,,,,7.039999961853027,,2.720636901855469,75.02788543701172,23.555,23.435,88.35205841064453,,0.4149999916553497,46.747501373291016,,,17.284200439453127,57.69050537109375,32.0099983215332,0.1650000065565109,64.08000183105469,18.1200008392334,0.3836979866027832,4.109000205993652,33.974998474121094,2.02,4042.860107421875,7344.89990234375,2992.070068359375
2019-09-27,,73.4000015258789,,,9.65999984741211,2.0,,,225.4499969482422,0.1500249952077865,73.83,1.34,,207.4499969482422,27.665000915527344,,24.092500686645508,,239.98,,27.558000564575195,,22.48500061035156,22.06,0.6100000143051147,0.0784999990463256,,,99.28500366210938,76.26000213623047,8.600000381469727,,6.242999877929687,0.155244600512087,168.41000366210938,4.883500099182129,4.900000095367432,112.9499969482422,14.46125030517578,103.43000030517578,104.01000213623048,8.17125,41.959999084472656,,2.680000066757202,7.327999877929687,37.65999984741211,,,106.56000137329106,16.700000762939453,6335.999908447268,137.72999572753906,,,,,6.199999809265137,,2.7178921508789062,84.49742126464844,23.725,24.085,87.76611328125,,0.3899999856948852,47.06999969482422,,,16.93489990234375,59.16434875488281,31.524999618530273,0.1850000023841858,64.4000015258789,17.059999465942383,0.3886809945106506,4.113249778747559,33.369998931884766,1.95,4071.2900390625,7426.2001953125,2961.7900390625
2019-10-04,,73.04000091552734,,,9.0600004196167,1.659999966621399,,,223.3999938964844,0.142765000462532,69.98,1.35,,208.0800018310547,26.385000228881836,,23.524999618530273,,235.935,,27.993999481201172,,21.780000686645508,21.8225,0.625,0.0790000009536743,,,98.75499725341795,76.79000091552734,8.600000381469727,,6.019000244140625,0.155244600512087,170.93499755859375,4.855500221252441,4.78000020980835,113.29000091552734,14.545000076293944,102.8000030517578,103.3499984741211,8.105,41.779998779296875,,2.75,7.07,36.97999954223633,,,106.56000137329106,17.719999313354492,6911.999816894534,138.1199951171875,,,,,6.179999828338623,,2.505126953125,81.09809875488281,23.96,23.19,85.90910339355469,,0.3799999952316284,45.86000061035156,,,17.015699462890623,57.7687060546875,30.73500061035156,0.1850000023841858,63.28499984741211,16.850000381469727,0.3787150084972381,4.035749912261963,33.0,1.95,3933.14990234375,7155.39990234375,2952.010009765625
2019-10-11,,73.97000122070312,,,9.114999771118164,1.7799999713897705,,,236.3000030517578,0.1355060040950775,69.16,1.34,,208.0800018310547,27.43000030517578,,24.209999084472656,,233.475,,27.368999481201172,,20.190000534057617,21.76,0.8450000286102295,0.0784999990463256,,,99.3000030517578,73.0199966430664,7.800000190734863,,6.074000244140625,0.155244600512087,163.1699981689453,4.9045000076293945,4.96999979019165,112.83000183105467,14.100000381469728,103.33000183105467,103.91999816894533,8.05875,42.52000045776367,,2.180000066757202,7.164000244140625,37.90999984741211,,,87.84000205993655,17.5,7488.000183105472,139.67999267578125,,,,,6.360000133514404,,2.5504249572753905,80.61248016357422,22.835,22.905,89.3616943359375,,0.4650000035762787,46.130001068115234,,,17.009599609375,55.90985778808594,31.774999618530273,0.1599999964237213,62.8650016784668,15.15999984741211,0.3687489926815033,4.012499809265137,33.52000045776367,1.93,3992.159912109375,7247.10009765625,2970.27001953125
2019-10-18,,74.45999908447266,,,8.989999771118164,1.7300000190734863,,,228.0,0.1355060040950775,67.72,1.375,,208.7599945068359,27.06999969482422,,24.3700008392334,,230.43,,27.125,,19.729999542236328,21.5425,0.8899999856948853,0.0810000038146972,,,96.86000061035156,72.79000091552734,7.579999923706055,,6.015999755859375,0.155244600512087,160.83999633789062,4.9070000648498535,5.150000095367432,112.66999816894533,14.095000267028809,103.55999755859376,104.26000213623048,7.86625,42.4900016784668,,2.9800000190734863,7.070999755859375,37.900001525878906,,,82.08000183105472,17.280000686645508,5760.000000000003,137.41000366210938,,,,,6.449999809265137,,2.4419839477539065,79.72218322753906,22.685,22.4,89.93862915039062,,0.4149999916553497,45.849998474121094,,,16.848800048828124,55.65719970703125,32.0099983215332,0.1650000065565109,62.125,14.729999542236328,0.3836979866027832,3.973249912261963,33.93000030517578,1.9,3956.889892578125,7150.60009765625,2986.199951171875
2019-10-25,,75.41000366210938,,,9.725000381469728,1.6200000047683716,,,237.8500061035156,0.1209869980812072,73.83,1.305,,211.8000030517578,28.1299991607666,,24.8075008392334,,233.565,,27.222000122070312,,20.959999084472656,21.8925,0.875,0.09,,,97.0,73.41999816894531,7.699999809265137,,6.174000244140625,0.155244600512087,160.91000366210938,4.9679999351501465,5.079999923706055,112.94000244140624,14.162500381469728,103.37999725341795,104.55999755859376,8.04875,43.08000183105469,,3.0,7.24,38.560001373291016,,,5.519999980926514,17.540000915527344,4608.000183105471,140.72999572753906,,,,,7.25,,2.4461019897460936,79.15563201904297,22.9975,23.255,94.11238861083984,,0.4300000071525574,46.51750183105469,,,17.514300537109374,55.72337036132812,31.780000686645508,0.1400000005960464,63.025001525878906,15.06999969482422,0.3836979866027832,4.0329999923706055,34.189998626708984,1.89,4030.10009765625,7324.5,3022.550048828125
2019-11-01,,76.54000091552734,,,10.859999656677246,1.840000033378601,,,239.75,0.1355060040950775,74.65,1.325,,215.8300018310547,27.665000915527344,,24.457500457763672,,234.315,,27.334999084472656,,21.530000686645508,21.97,0.8500000238418579,0.0819999980926513,,,96.93000030517578,73.1500015258789,7.949999809265137,,5.887999877929688,0.155244600512087,160.27999877929688,4.971499919891357,5.599999904632568,113.30999755859376,14.145000457763672,103.5999984741211,104.36000061035156,8.11125,43.84000015258789,,2.7699999809265137,7.225,38.970001220703125,,,6.230000019073486,17.360000610351562,5760.000000000003,143.72000122070312,,,,,7.550000190734863,,2.4865960693359375,79.15563201904297,22.85,22.605,94.59917449951172,,0.4199999868869781,46.627498626708984,,,17.5081005859375,55.48875732421875,31.975000381469727,0.1449999958276748,63.26499938964844,16.149999618530273,0.393664002418518,4.053500175476074,35.08000183105469,1.86,4022.739990234375,7302.39990234375,3066.909912109375
2019-11-08,,77.16999816894531,,,11.619999885559082,1.75,,,242.0500030517578,0.1306660026311874,72.77,1.275,,221.30999755859375,28.23500061035156,,24.809999465942383,,239.005,,27.11000061035156,,20.489999771118164,22.545,0.8199999928474426,0.0780000019073486,,,96.91999816894533,71.31500244140625,7.699999809265137,,5.955999755859375,0.155244600512087,160.1699981689453,4.971499919891357,6.25,112.2699966430664,13.912500381469728,103.8000030517578,104.2300033569336,8.33125,44.22999954223633,,2.240000009536743,7.287999877929687,39.150001525878906,,,5.090000152587891,17.299999237060547,5184.000091552736,145.9600067138672,,,,,6.800000190734863,,2.66572998046875,80.77435302734375,22.4625,23.41,102.58610534667967,,0.4099999964237213,47.272499084472656,,,16.241099853515625,56.24673706054688,32.275001525878906,0.1299999952316284,64.47000122070312,14.859999656677246,0.4434950053691864,4.117249965667725,35.099998474121094,1.85,4055.659912109375,7359.39990234375,3093.080078125
2019-11-15,,77.38999938964844,,,12.329999923706056,1.649999976158142,,,249.0,0.1306660026311874,72.48,1.33,,219.7400054931641,28.920000076293945,,24.420000076293945,,239.6,,27.260000228881836,,22.86000061035156,22.105,0.800000011920929,0.0775,,,97.05999755859376,71.86000061035156,7.570000171661377,,5.737000122070312,0.155244600512087,157.76499938964844,4.932000160217285,6.739999771118164,111.93000030517578,13.899999618530272,103.5199966430664,101.77999877929688,8.42375,44.22999954223633,,2.4700000286102295,7.232999877929688,39.54999923706055,,,4.699999809265137,16.84000015258789,4608.000183105471,149.97000122070312,,,,,6.889999866485596,,2.5161090087890625,78.50814056396484,22.25,23.08,103.66785430908205,,0.3700000047683716,47.0625,,,16.29780029296875,54.959381103515625,32.369998931884766,0.1400000005960464,64.25499725341797,12.850000381469728,0.4135969877243042,4.110499858856201,35.68000030517578,1.8,4031.989990234375,7302.89990234375,3120.4599609375
2019-11-22,,77.08000183105469,,,12.050000190734863,1.5800000429153442,,,243.1000061035156,0.1258269995450973,74.18,1.285,,217.9600067138672,28.795000076293945,,24.420000076293945,,240.13,,27.416000366210938,,24.36000061035156,22.02,0.7400000095367432,0.0869999980926513,,,96.8249969482422,71.81999969482422,7.300000190734863,,5.797999877929687,0.155244600512087,159.44000244140625,4.9095001220703125,6.75,111.4499969482422,13.907500267028809,103.66000366210938,101.3000030517578,8.40125,44.040000915527344,,2.759999990463257,7.267999877929688,39.29999923706055,,,4.360000133514404,16.559999465942383,4031.999816894533,149.58999633789062,,,,,8.399999618530273,,2.5161090087890625,84.01180267333984,22.355,22.815,103.46953582763672,,0.3499999940395355,47.03499984741211,,,16.591199951171873,54.33976318359375,32.47999954223633,0.1599999964237213,64.3499984741211,14.260000228881836,0.408612996339798,4.104000091552734,36.04999923706055,1.961999969482422,4045.739990234375,7326.7998046875,3110.2900390625
2019-11-29,,77.54000091552734,,,12.550000190734863,1.7000000476837158,,,247.0,0.1258269995450973,74.58,1.285,,220.3000030517578,28.325000762939453,,24.450000762939453,,241.43,,27.586000442504883,,30.280000686645508,21.7625,0.7450000047683716,0.0839999961853027,,,97.45999908447266,72.74500274658203,7.320000171661377,,5.762999877929688,0.155244600512087,157.8800048828125,4.830999851226807,6.809999942779541,111.37999725341795,13.954999923706056,104.52999877929688,101.80999755859376,8.50625,44.060001373291016,,2.609999895095825,7.292999877929687,39.869998931884766,,,3.859999895095825,16.15999984741211,3455.9999084472665,151.3800048828125,,,,,8.539999961853027,,2.4419839477539065,83.52618408203125,22.145,22.11,105.5789566040039,,0.3300000131130218,47.040000915527344,,,16.387099609375,55.0796923828125,33.0,0.1500000059604644,64.47000122070312,13.640000343322754,0.4285460114479065,4.143249988555908,36.70500183105469,1.93,4066.72998046875,7346.5,3140.97998046875
2019-12-06,,77.87000274658203,,,13.359999656677246,1.6399999856948853,,,252.6000061035156,0.1258269995450973,72.58,1.4,,222.61000061035156,29.645000457763672,,24.997499465942383,,238.485,,27.395000457763672,,30.920000076293945,21.655,0.6650000214576721,0.0914999961853027,,,97.56500244140624,71.80500030517578,7.260000228881836,,5.619000244140625,0.155244600512087,155.17999267578125,4.894000053405762,7.369999885559082,111.9000015258789,13.887499809265137,104.625,102.0500030517578,8.33125,45.02000045776367,,2.4600000381469727,7.187000122070312,40.07500076293945,,,4.0,16.34000015258789,3455.9999084472665,151.75,,,,,8.3100004196167,,2.462574005126953,90.16295623779295,21.78,21.81,105.29048919677734,,0.3350000083446502,46.45750045776367,,,16.361700439453124,54.75484313964843,33.27000045776367,0.1700000017881393,63.755001068115234,13.979999542236328,0.4185799956321716,4.118000030517578,37.04999923706055,1.923999938964844,4023.2099609375,7239.7001953125,3145.909912109375
2019-12-13,,78.87999725341797,,,14.460000038146973,1.7599999904632568,,,259.8500061035156,0.1113080009818077,72.17,1.38,,225.3699951171875,30.0,,25.4950008392334,,235.21,,27.58300018310547,,29.899999618530273,21.92,0.7049999833106995,0.0905000019073486,,,98.20999908447266,71.78500366210938,7.25,,5.745999755859375,0.155244600512087,152.78500366210938,4.952499866485596,7.960000038146973,113.0199966430664,13.869999885559082,105.2300033569336,102.86000061035156,8.31875,44.849998474121094,,2.4600000381469727,7.232000122070312,40.47999954223633,,,3.849999904632568,17.780000686645508,3455.9999084472665,154.52999877929688,,,,,9.829999923706056,,2.3555059814453125,86.11614227294922,21.6575,21.525,106.17391967773438,,0.3400000035762787,46.47249984741211,,,16.3556005859375,54.68265747070313,33.97999954223633,0.1550000011920929,63.2400016784668,13.460000038146973,0.4036299884319305,4.070000171661377,37.03499984741211,1.933999938964844,4095.030029296875,7353.39990234375,3168.800048828125
2019-12-20,,78.87000274658203,,,16.860000610351562,2.0,,,264.6000061035156,0.1451849937438964,78.08,1.315,,226.30999755859375,30.559999465942383,,25.834999084472656,,245.645,,27.73900032043457,,31.88999938964844,23.0025,0.7400000095367432,0.0960000038146972,,,98.66000366210938,71.6050033569336,7.070000171661377,,6.002000122070313,0.155244600512087,155.16000366210938,5.014999866485596,6.949999809265137,113.75,13.859999656677246,105.55999755859376,103.58999633789062,8.715,44.91999816894531,,2.4800000190734863,7.464000244140625,41.15999984741211,,,4.860000133514404,17.0,4031.999816894533,157.41000366210938,,,,,9.399999618530272,,2.3877639770507812,93.88602447509766,22.1625,22.32,106.49844360351562,,0.3899999856948852,48.102500915527344,,,16.450899658203124,52.541070556640626,34.25,0.1599999964237213,65.84500122070312,14.020000457763672,0.408612996339798,4.229750156402588,37.915000915527344,1.95,4206.27001953125,7582.5,3221.219970703125
2019-12-27,,79.55000305175781,,,16.440000534057617,1.9700000286102295,,,266.8999938964844,0.1500249952077865,77.45,1.365,,226.13999938964844,31.43000030517578,,26.0,,246.26,,25.54199981689453,,30.459999084472656,23.1925,0.699999988079071,0.0960000038146972,,,98.90499877929688,72.03500366210938,7.070000171661377,,5.977999877929688,0.155244600512087,155.2050018310547,5.078750133514404,7.190000057220459,114.36000061035156,13.914999961853027,105.7300033569336,103.54000091552734,8.79,44.75,,2.240000009536743,7.537999877929687,41.43000030517578,,,4.900000095367432,17.5,3455.9999084472665,158.9600067138672,,,,,9.40999984741211,,2.4069810485839844,96.15223693847656,22.645,22.655,106.58858489990234,,0.4099999964237213,48.49250030517578,,,17.2125,53.13060791015625,34.97999954223633,0.1599999964237213,66.08999633789062,13.9399995803833,0.423563003540039,4.233749866485596,38.040000915527344,2.04,4247.58984375,7644.89990234375,3240.02001953125
2020-01-03,,79.37999725341797,,,15.670000076293944,1.950000047683716,,,267.95001220703125,0.1548639982938766,77.0,1.155,,226.17999267578125,31.989999771118164,,25.645000457763672,,245.68,,25.604000091552734,,29.0,23.225,0.7300000190734863,0.09,,,98.87000274658205,72.66500091552734,7.039999961853027,,5.944000244140625,0.155244600512087,156.08999633789062,5.083749771118164,7.400000095367432,114.13999938964844,13.979999542236328,105.83000183105467,103.68000030517578,8.8325,44.630001068115234,,2.440000057220459,7.52,41.29999923706055,,,4.730000019073486,17.540000915527344,4031.999816894533,158.6199951171875,,,,,9.239999771118164,,2.3259930419921875,94.69538879394533,23.16,22.985,104.8938446044922,,0.4000000059604645,48.30500030517578,,,17.582900390625,52.42075378417969,34.69499969482422,0.1550000011920929,65.95500183105469,13.359999656677246,0.4185799956321716,4.212250232696533,37.77000045776367,2.025,4235.64990234375,7622.39990234375,3234.85009765625
2020-01-10,,80.0199966430664,,,16.31999969482422,1.7999999523162842,,,268.6000061035156,0.1500249952077865,76.45,1.175,,226.6199951171875,30.7450008392334,,26.020000457763672,,249.655,,25.71500015258789,,30.68000030517578,23.51,0.7099999785423279,0.0925,,,99.16999816894533,71.95500183105469,7.309999942779541,,5.845999755859375,0.0887111994065344,156.5,5.046249866485596,8.899999618530273,114.48999786376952,13.914999961853027,105.80999755859376,103.9000015258789,9.075,44.70000076293945,,2.390000104904175,7.475999755859375,41.849998474121094,,,4.75,20.75,4608.000183105471,161.33999633789062,,,,,8.829999923706055,,2.3424659729003903,96.63785552978516,23.375,22.635,104.56932067871094,,0.4199999868869781,48.32749938964844,,,17.296800537109377,51.789105834960935,34.005001068115234,0.1650000065565109,66.7699966430664,14.399999618530272,0.4036299884319305,4.225500106811523,38.34000015258789,1.97,4206.72021484375,7587.89990234375,3265.35009765625
2020-01-17,,81.30999755859375,,,16.6200008392334,1.7999999523162842,,,270.8999938964844,0.1839009970426559,78.78,1.065,,230.1999969482422,30.309999465942383,,26.26499938964844,,253.63,,26.104000091552734,,30.63999938964844,23.815,0.8100000023841858,0.1075,,,99.16500091552734,73.42500305175781,8.319999694824219,,5.94,0.099800098557025,156.77999877929688,4.979499816894531,9.65999984741211,114.5999984741211,14.100000381469728,106.08999633789062,104.08000183105467,9.2625,44.59000015258789,,2.5899999141693115,7.562999877929688,42.41999816894531,,,4.800000190734863,21.5,4608.000183105471,167.10000610351562,,,,,8.039999961853027,,2.319129943847656,92.42916870117188,23.39,22.485,105.56092071533205,,0.4000000059604645,48.942501068115234,,,17.435400390625,52.93810546875,34.5,0.1650000065565109,67.68000030517578,13.789999961853027,0.393664002418518,4.291749954223633,39.02000045776367,1.998000030517578,4257.93017578125,7674.60009765625,3329.6201171875
2020-01-24,,80.2699966430664,,,15.239999771118164,1.9600000381469729,,,270.6499938964844,0.2080989927053451,76.59,1.08,,226.86000061035156,28.295000076293945,,24.719999313354492,,252.255,,26.00200080871582,,28.350000381469727,23.165,0.8100000023841858,0.11125,,,98.88999938964844,75.12000274658203,8.510000228881836,,5.794000244140625,0.099800098557025,157.89999389648438,4.841000080108643,9.890000343322754,114.20999908447266,14.25,105.70999908447266,103.36000061035156,9.4175,44.68000030517578,,2.380000114440918,7.482999877929688,42.34000015258789,,,4.119999885559082,23.75,4608.000183105471,165.0399932861328,,,,,8.25,,2.258045959472656,91.45793914794922,23.54,21.87,106.30011749267578,,0.3700000047683716,48.35499954223633,,,17.21199951171875,53.82842651367187,34.31999969482422,0.2049999982118606,67.12000274658203,12.1899995803833,0.4036299884319305,4.236999988555908,38.43000030517578,1.9,4213.14013671875,7586.0,3295.469970703125
2020-01-31,,78.11000061035156,,,14.039999961853027,1.7999999523162842,,,254.25,0.2419749945402145,74.24,1.105,,224.42999267578125,27.399999618530273,,23.280000686645508,,244.21,,25.579999923706055,,26.43000030517578,21.5275,0.8100000023841858,0.10625,,,98.37999725341795,75.5999984741211,8.109999656677246,,5.517999877929688,0.099800098557025,158.5749969482422,4.706999778747559,8.460000038146973,114.9800033569336,14.30500030517578,105.19000244140624,102.91999816894533,9.08625,43.27000045776367,,2.313999891281128,7.187000122070312,41.25,,,4.179999828338623,22.700000762939453,4031.999816894533,170.22999572753906,,,,,7.03000020980835,,2.29922607421875,86.60176086425781,23.5625,19.944000244140625,100.63895416259766,,0.3449999988079071,46.65250015258789,,,17.263800048828124,54.544295654296874,33.369998931884766,0.1949999928474426,64.45999908447266,11.029999732971191,0.393664002418518,4.067249774932861,37.38999938964844,1.87,4057.469970703125,7286.0,3225.52001953125
2020-02-07,,80.37999725341797,,,15.289999961853027,1.8799999952316284,,,278.54998779296875,0.2129379957914352,76.85,1.085,,227.3800048828125,26.469999313354492,,23.584999084472656,,257.52,,26.05500030517578,,26.350000381469727,22.7575,0.8349999785423279,0.095,,,99.2300033569336,74.25499725341797,7.710000038146973,,5.812999877929688,0.099800098557025,161.25999450683594,4.690499782562256,8.90999984741211,115.37999725341795,14.1875,105.93000030517578,103.83999633789062,9.72625,44.59000015258789,,2.5999999046325684,7.367000122070312,42.13999938964844,,,4.239999771118164,21.399999618530273,4031.999816894533,183.88999938964844,,,,,7.989999771118164,,2.3575650024414063,89.02984619140625,23.735,19.965999755859375,97.62808227539062,,0.3549999892711639,48.63999938964844,,,17.151500244140625,56.49939514160156,33.88999938964844,0.209999993443489,67.8499984741211,12.960000038146973,0.3886809945106506,4.241250038146973,38.73500061035156,1.923999938964844,4151.14990234375,7466.7001953125,3327.7099609375
2020-02-14,,81.44000244140625,,,16.280000686645508,2.059999942779541,,,292.95001220703125,0.1911599934101104,73.0,1.02,,226.8000030517578,27.350000381469727,,23.940000534057617,,258.27,,26.454999923706055,,26.81999969482422,22.94,0.8999999761581421,0.1002499961853027,,,99.62000274658205,74.08499908447266,7.760000228881836,,5.845,0.099800098557025,159.83999633789062,4.7220001220703125,9.699999809265137,115.58999633789062,14.18000030517578,106.25,104.4800033569336,9.7825,43.779998779296875,,2.7780001163482666,7.324000244140625,42.529998779296875,,,3.619999885559082,22.5,4031.999816894533,185.3500061035156,,,,,8.5600004196167,,2.3239340209960933,91.78168487548828,23.75,19.24,96.14968872070312,,0.3600000143051147,48.41749954223633,,,17.0875,55.410556640625,34.334999084472656,0.2549999952316284,67.88999938964844,12.970000267028809,0.408612996339798,4.261000156402588,38.80500030517578,1.956000061035156,4135.06982421875,7409.10009765625,3380.159912109375
2020-02-21,,80.36000061035156,,,16.90999984741211,1.940000057220459,,,285.0,0.1839009970426559,76.9,1.035,,229.3300018310547,27.68000030517578,,24.094999313354492,,256.99,,26.790000915527344,,24.729999542236328,22.6425,0.8949999809265137,0.1157499980926513,,,99.51499938964844,75.72000122070312,7.630000114440918,,5.622000122070313,0.099800098557025,162.0,4.771500110626221,9.100000381469728,116.2699966430664,14.31999969482422,106.23999786376952,104.20999908447266,9.65375,42.279998779296875,,2.7899999618530273,7.332999877929687,42.02000045776367,,,4.119999885559082,23.399999618530273,3455.9999084472665,178.58999633789062,,,,,9.039999961853027,,2.2154930114746096,80.12686157226562,24.74,18.87800048828125,94.95975494384766,,0.3600000143051147,48.369998931884766,,,17.911300048828124,55.26016479492188,34.33250045776367,0.3549999892711639,67.45500183105469,12.729999542236328,0.4285460114479065,4.240499973297119,38.665000915527344,1.98,4132.7099609375,7403.89990234375,3337.75
2020-02-28,,72.26000213623047,,,14.06999969482422,1.7100000381469729,,,248.1000061035156,0.1645430028438568,67.94,0.885,,206.33999633789065,23.864999771118164,,23.299999237060547,,227.4,,25.038999557495117,,22.18000030517578,21.025,0.6899999976158142,0.0925,,,96.98999786376952,76.65499877929688,6.659999847412109,,5.239000244140625,0.0887111994065344,168.3800048828125,4.446000099182129,8.130000114440918,113.36000061035156,14.4399995803833,102.5999984741211,100.87000274658205,8.52,38.869998931884766,,2.2200000286102295,6.537999877929687,37.189998626708984,,,3.5199999809265137,20.450000762939453,3455.9999084472665,162.00999450683594,,,,,7.090000152587891,,2.127642059326172,69.84796142578125,24.3225,16.614000244140627,84.01603698730469,,0.3100000023841858,43.67499923706055,,,16.58300048828125,50.17088562011719,30.475000381469727,0.2249999940395355,60.53499984741211,10.899999618530272,0.3737320005893707,3.780750036239624,34.349998474121094,1.818000030517578,3673.610107421875,6580.60009765625,2954.219970703125
2020-03-06,,72.2300033569336,,,12.449999809265137,1.559999942779541,,,251.3000030517578,0.1790619939565658,72.42,0.84,,205.97999572753903,21.8174991607666,,23.405000686645508,,225.865,,26.204999923706055,,23.969999313354492,20.745,0.6650000214576721,0.0825,,,96.01000213623048,81.08000183105469,6.650000095367432,,4.937999877929687,0.0887111994065344,170.74000549316406,4.448500156402588,6.820000171661377,114.3499984741211,14.9399995803833,101.01000213623048,100.22000122070312,8.48375,39.040000915527344,,2.4000000953674316,6.444000244140625,37.720001220703125,,,3.4000000953674316,19.399999618530273,2880.000000000002,161.57000732421875,,,,,7.949999809265137,,2.0185150146484374,67.09613037109375,25.06,15.99199951171875,78.57122039794922,,0.3199999928474426,43.252498626708984,,,16.866400146484374,52.36059814453125,29.600000381469727,0.209999993443489,59.974998474121094,10.970000267028809,0.3587830066680908,3.684999942779541,35.994998931884766,1.82,3600.949951171875,6462.60009765625,2972.3701171875
2020-03-13,,64.0199966430664,,,8.739999771118164,1.2599999904632568,,,216.1000061035156,0.1693830043077469,63.16,0.68,,196.3999938964844,16.684999465942383,,22.67250061035156,,205.15,,24.94499969482422,,19.350000381469727,18.965,0.550000011920929,0.0725,,,87.78500366210938,82.5999984741211,5.369999885559082,,4.658500061035157,0.0887111994065344,176.39500427246094,4.105000019073486,5.800000190734863,97.8000030517578,14.5600004196167,88.44999694824219,91.88999938964844,7.78,33.380001068115234,,1.75,5.290999755859375,32.189998626708984,,,3.0,14.279999732971191,2304.0000915527357,158.8300018310547,,,,,5.869999885559082,,1.64720703125,47.99518203735352,24.05,11.305999755859377,62.732574462890625,,0.25,36.01750183105469,,,15.21530029296875,46.37498291015625,24.815000534057617,0.2049999982118606,53.0099983215332,7.570000171661377,0.2890189886093139,3.046999931335449,31.399999618530273,1.52,2994.39990234375,5366.10009765625,2711.02001953125
2020-03-20,,55.310001373291016,,,7.380000114440918,1.1799999475479126,,,215.0,0.1693830043077469,68.91,0.95,,170.05999755859375,14.375,,19.957500457763672,,200.935,,24.708999633789062,,19.079999923706055,18.1325,0.5,0.0575,,,77.25,77.41999816894531,5.46999979019165,,5.0,0.0887111994065344,185.36000061035156,3.867000102996826,4.019999980926514,91.0999984741211,14.46500015258789,82.5,82.41000366210938,7.85875,34.0099983215332,,1.5800000429153442,5.122000122070313,30.34000015258789,,,2.200000047683716,14.579999923706056,1727.9999542236335,137.35000610351562,,,,,5.349999904632568,,1.2333460235595703,52.60854721069336,24.8,10.62199951171875,60.3887825012207,,0.209999993443489,35.942501068115234,,,12.1847998046875,49.79189575195313,21.434999465942383,0.2000000029802322,52.68000030517578,6.900000095367432,0.2641040086746216,2.9590001106262207,29.969999313354492,1.6,2837.050048828125,5190.7998046875,2304.919921875
2020-03-27,,61.68000030517578,,,8.0,1.2699999809265137,,,229.5,0.1500249952077865,68.05,1.1,,179.66000366210938,13.920000076293944,,19.950000762939453,,205.1,,25.35700035095215,,19.959999084472656,17.845,0.5099999904632568,0.0575,,,84.28500366210938,79.83999633789062,7.070000171661377,,4.665499877929687,0.0887111994065344,179.4499969482422,3.936500072479248,3.910000085830689,97.1999969482422,14.69499969482422,86.30000305175781,90.6999969482422,8.00125,37.709999084472656,,1.9600000381469729,5.447999877929687,32.900001525878906,,,2.1600000858306885,15.899999618530272,1727.9999542236335,149.6999969482422,,,,,7.179999828338623,,1.251533966064453,47.833309173583984,25.6,12.82800048828125,65.76148223876953,,0.2349999994039535,37.657501220703125,,,13.809300537109374,47.30139953613281,23.012500762939453,0.1700000017881393,53.625,9.050000190734863,0.2292219996452331,3.0697500705718994,32.29499816894531,1.82,3021.889892578125,5510.2998046875,2541.469970703125
2020-04-03,,59.9900016784668,,,7.599999904632568,1.2799999713897705,,,228.1499938964844,0.1597039997577667,71.44,1.245,,178.33999633789062,15.78499984741211,,20.122499465942383,,203.215,,25.253000259399418,,19.559999465942383,18.14,0.5799999833106995,0.0609999990463256,,,83.58999633789062,79.41999816894531,8.069999694824219,,3.972000122070313,0.0887111994065344,184.0099945068359,3.89299988746643,2.109999895095825,96.08999633789062,14.789999961853027,87.30000305175781,88.62000274658203,7.93125,34.540000915527344,,1.7999999523162842,5.330999755859375,32.209999084472656,,,1.9600000381469729,17.68000030517578,1727.9999542236335,153.8300018310547,,,,,4.5,,0.8634110260009765,59.08344650268555,25.82,14.71,68.80841064453125,,0.25,37.095001220703125,,,13.8806005859375,48.57071044921875,22.020000457763672,0.1749999970197677,53.21500015258789,8.130000114440918,0.2491540014743805,2.9522500038146973,32.935001373291016,1.9,2958.39990234375,5415.5,2488.64990234375
2020-04-10,,66.25,,,8.270000457763672,1.5850000381469729,,,255.6499938964844,0.1645430028438568,71.21,1.15,,193.83999633789065,16.184999465942383,,20.76499938964844,,223.87,,25.48900032043457,,22.1299991607666,19.24,0.6650000214576721,0.07,,,91.97000122070312,81.25499725341797,7.510000228881836,,4.2885000610351565,0.0887111994065344,179.0,4.007500171661377,4.150000095367432,100.5199966430664,14.970000267028809,94.36499786376952,97.76000213623048,8.60625,37.564998626708984,,2.0199999809265137,5.745999755859375,35.51499938964844,,,1.899999976158142,17.040000915527344,2304.0000915527357,165.13999938964844,,,,,4.789999961853027,,1.2017749786376952,64.91085052490234,26.36,15.095999755859374,73.3247299194336,,0.2899999916553497,39.5625,,,14.6368994140625,49.61744384765625,25.510000228881836,0.2049999982118606,57.73500061035156,10.3100004196167,0.2940019965171814,3.335249900817871,35.3650016784668,1.981999969482422,3233.239990234375,5842.7001953125,2789.820068359375
2020-04-17,,67.80999755859375,,,10.979999542236328,1.5700000524520874,,,271.54998779296875,0.1548639982938766,79.7,1.195,,191.1999969482422,14.44499969482422,,21.51499938964844,,226.49,,25.714000701904297,,24.0,19.3,0.8100000023841858,0.0675,,,87.88500213623047,81.12999725341797,7.099999904632568,,4.143500061035156,0.1108890039101243,180.25,3.9144999980926514,4.809999942779541,98.6999969482422,14.9399995803833,92.88999938964844,96.8000030517578,8.85625,37.540000915527344,,1.9900000095367432,5.702999877929687,35.849998474121094,,,2.2699999809265137,19.200000762939453,2304.0000915527357,178.60000610351562,,,,,5.070000171661377,,1.1478970336914065,63.85868453979492,26.5,13.70199951171875,72.5765151977539,,0.3050000071525574,39.310001373291016,,,14.621099853515624,49.50916259765625,24.7549991607666,0.2275000065565109,58.29999923706055,10.199999809265137,0.3587830066680908,3.2815001010894775,37.099998474121094,2.26,3190.199951171875,5787.0,2874.56005859375
2020-04-24,,66.9000015258789,,0.1700000017881393,11.4399995803833,1.649999976158142,,,266.70001220703125,0.1597039997577667,82.04,1.145,,186.52000427246097,11.297499656677246,,21.212499618530273,,226.595,,26.174999237060547,,25.010000228881836,19.205,0.7799999713897705,0.0659999990463256,,,86.08000183105469,82.29499816894531,7.170000076293945,,4.021499938964844,0.1108890039101243,182.4900054931641,3.77649998664856,4.920000076293945,97.0,15.010000228881836,92.79000091552734,93.95999908447266,8.8625,37.81999969482422,,2.5399999618530273,5.670999755859375,35.33000183105469,,,3.9800000190734863,21.899999618530273,2880.000000000002,174.5500030517578,,,,,5.309999942779541,,1.0645069885253906,66.2058334350586,27.18,13.79199951171875,70.71049499511719,,0.3149999976158142,39.1349983215332,,,14.76949951171875,49.23243896484375,24.579999923706055,0.1899999976158142,58.18000030517578,11.18000030517578,0.3737320005893707,3.326499938964844,37.27000045776367,2.205,3168.8798828125,5752.2001953125,2836.739990234375
2020-05-01,,66.91000366210938,,0.1800000071525573,12.300000190734863,2.4000000953674316,,,270.6499938964844,0.1790619939565658,82.02,1.185,,182.6699981689453,11.952500343322754,,21.104999542236328,,226.715,,25.825000762939453,,22.200000762939453,18.99,0.8299999833106995,0.0889999961853027,,,87.1050033569336,82.41999816894531,7.380000114440918,,4.024500122070313,0.1108890039101243,179.2550048828125,3.812000036239624,6.079999923706055,98.9499969482422,15.0649995803833,92.06999969482422,95.13999938964844,8.99125,38.04999923706055,,1.9299999475479128,5.672999877929687,35.970001220703125,,,3.4800000190734863,21.0,2880.000000000002,174.57000732421875,,,,,4.889999866485596,,1.074458999633789,71.223876953125,26.455,12.315999755859377,76.33560180664062,,0.3199999928474426,39.45000076293945,,,14.31510009765625,49.31666015625,25.217500686645508,0.209999993443489,58.16999816894531,10.579999923706056,0.3438329994678497,3.381750106811523,36.69499969482422,2.18,3189.409912109375,5763.10009765625,2830.7099609375
2020-05-08,,68.12999725341797,,0.1800000071525573,12.960000038146973,2.5799999237060547,,,276.6000061035156,0.3097290098667145,85.59,1.175,,173.47999572753906,14.02750015258789,,21.662500381469727,,234.75,,25.709999084472656,,24.100000381469727,19.615,0.8550000190734863,0.085,,,87.1449966430664,83.0199966430664,7.349999904632568,,4.127000122070313,0.1108890039101243,182.3800048828125,3.913000106811523,7.099999904632568,100.55999755859376,15.149999618530272,92.08999633789062,95.52999877929688,9.52875,38.41999816894531,,2.0899999141693115,5.847999877929688,36.52000045776367,,,7.019999980926514,24.0,2880.000000000002,183.6000061035156,,,,,5.309999942779541,,0.9852349853515624,68.79579162597656,27.045,13.205999755859375,76.00205993652344,,0.3449999988079071,40.29249954223633,,,14.4443994140625,49.12415771484375,25.36000061035156,0.2199999988079071,60.119998931884766,10.779999732971191,0.3687489926815033,3.5132501125335693,37.40999984741211,2.245,3270.550048828125,5936.0,2881.18994140625
2020-05-15,,67.73999786376953,,0.1599999964237213,17.299999237060547,2.119999885559082,,,269.0,0.4500750005245209,86.71,1.22,,169.25,14.130000114440918,,21.325000762939453,,233.615,,25.825000762939453,,26.280000686645508,19.8575,0.9049999713897704,0.0875,,,86.44000244140625,81.93000030517578,7.050000190734863,,3.997000122070313,0.1108890039101243,183.97000122070312,3.871000051498413,6.730000019073486,101.5199966430664,14.970000267028809,91.0,91.63999938964844,9.4825,38.58000183105469,,2.0399999618530273,5.727999877929688,35.939998626708984,,,6.619999885559082,23.549999237060547,2880.000000000002,183.16000366210935,,,,,5.559999942779541,,0.8568900299072265,67.58174896240234,28.13,12.28,77.6517333984375,,0.3499999940395355,39.80500030517578,,,15.66760009765625,49.7016650390625,24.482500076293945,0.2249999940395355,60.01499938964844,11.880000114440918,0.3388499915599823,3.4790000915527344,37.494998931884766,2.115,3188.52001953125,5799.7998046875,2863.699951171875
2020-05-22,,69.79000091552734,,0.1599999964237213,18.81999969482422,2.9700000286102295,,,291.75,0.5178279876708984,89.96,1.55,,174.92999267578125,15.31999969482422,,21.780000686645508,,241.345,,25.420000076293945,,30.100000381469727,20.0925,1.159999966621399,0.0935000038146972,,,89.43000030517578,82.5199966430664,7.519999980926514,,3.79,0.1108890039101243,182.8849945068359,3.936000108718872,7.03000020980835,104.87999725341795,15.029999732971191,92.94000244140624,94.6500015258789,9.865,39.44499969482422,,1.924999952316284,5.912000122070313,37.38999938964844,,,5.949999809265137,21.700000762939453,2880.000000000002,183.5099945068359,,,,,5.260000228881836,,0.9629290008544922,74.78507232666016,27.82,12.925999755859374,84.37662506103516,,0.3650000095367431,41.33000183105469,,,16.3893994140625,49.50916259765625,25.6299991607666,0.2399999946355819,61.775001525878906,12.989999771118164,0.3488160073757171,3.6757500171661377,37.69499969482422,2.195,3301.8798828125,5993.2998046875,2955.449951171875
2020-05-29,,72.22000122070312,,0.1650000065565109,16.5,2.690000057220459,,,292.95001220703125,0.6291369795799255,85.8,1.55,,185.5800018310547,15.524999618530272,,22.05500030517578,,244.4,,25.11000061035156,,27.06999969482422,20.235,1.3350000381469729,0.0975,,,90.37999725341795,82.5999984741211,7.53000020980835,,3.701000061035156,0.0665334011055526,180.47999572753903,3.94350004196167,6.139999866485596,105.12999725341795,15.05500030517578,95.5,96.19000244140624,9.805,41.2599983215332,,2.1700000762939453,5.9879998779296875,38.25,,,5.309999942779541,21.600000381469727,2880.000000000002,183.25,,,,,5.559999942779541,,0.9320439910888672,74.3803939819336,27.46,12.59199951171875,88.82081604003906,,0.3499999940395355,42.79999923706055,,,16.95699951171875,52.11997009277344,26.649999618530273,0.3600000143051147,62.90999984741211,12.100000381469728,0.3787150084972381,3.784749984741211,38.5099983215332,2.18,3363.669921875,6076.60009765625,3044.31005859375
2020-06-05,,76.44999694824219,,0.1700000017881393,14.899999618530272,3.700000047683716,,,320.5,0.6049389839172363,84.27,1.525,,200.66000366210935,18.142499923706055,,23.40250015258789,,252.42,,24.43000030517578,,26.65999984741211,21.67,1.2100000381469729,0.0875,,,93.76000213623048,78.83000183105469,7.5,,4.229500122070313,0.0665334011055526,171.8800048828125,4.070000171661377,7.139999866485596,108.30999755859376,14.640000343322754,99.01499938964844,99.95999908447266,9.97625,42.790000915527344,,2.4700000286102295,6.395999755859375,40.709999084472656,,,5.130000114440918,20.549999237060547,3455.9999084472665,187.1999969482422,,,,,5.329999923706055,,1.221334991455078,81.09809875488281,25.8,14.77199951171875,97.84442901611328,,0.4749999940395355,45.377498626708984,,,16.945999755859376,53.04638671875,28.4950008392334,0.3400000035762787,65.58499908447266,12.020000457763672,0.3537989854812622,4.026500225067139,39.23500061035156,2.09,3589.760009765625,6484.2998046875,3193.929931640625
2020-06-12,,73.19000244140625,,0.1550000011920929,14.34000015258789,4.739999771118164,,,306.0,0.5807420015335083,82.01,1.45,,181.2100067138672,16.6924991607666,,23.665000915527344,,241.58,,24.56999969482422,,26.989999771118164,21.245,1.1100000143051147,0.0839999961853027,,,91.08999633789062,82.17500305175781,6.599999904632568,,3.803500061035156,0.0554445019550619,177.61000061035156,4.02400016784668,7.190000057220459,106.44000244140624,15.0,96.63999938964844,96.80999755859376,9.8875,41.709999084472656,,5.400000095367432,5.98,38.40999984741211,,,5.03000020980835,20.450000762939453,2880.000000000002,187.7400054931641,,,,,5.25,,1.123874969482422,78.9128189086914,27.02,13.504000244140624,88.84786224365234,,0.4350000023841858,43.1875,,,16.9881005859375,51.7830908203125,26.7450008392334,0.4449999928474426,63.03499984741211,12.130000114440918,0.3537989854812622,3.7482500076293945,37.29499816894531,2.055,3379.820068359375,6105.2001953125,3041.31005859375
2020-06-19,,73.7300033569336,,0.1599999964237213,14.760000228881836,6.860000133514404,,,327.20001220703125,0.5952600240707397,84.89,1.75,,179.72000122070312,18.287500381469727,,23.9950008392334,,253.7,,24.472999572753903,,32.15999984741211,21.9625,1.315000057220459,0.0885000038146972,,,92.19000244140624,80.32499694824219,6.769999980926514,,3.913999938964844,0.0554445019550619,179.77000427246094,4.074999809265137,7.110000133514404,108.05999755859376,14.824999809265137,97.5199966430664,97.83999633789062,10.5025,42.59000015258789,,5.769999980926514,6.167000122070313,39.560001373291016,,,4.949999809265137,22.049999237060547,2880.000000000002,195.1499938964844,,,,,6.449999809265137,,1.1468679809570312,83.04056549072266,27.545,13.75800048828125,93.58953857421876,,0.4600000083446502,45.037498474121094,,,16.890400390625,55.72939086914062,27.6200008392334,0.4799999892711639,66.03500366210938,13.34000015258789,0.2840360105037689,3.9517500400543217,38.814998626708984,2.015,3486.77001953125,6292.60009765625,3097.739990234375
2020-06-26,,72.41000366210938,,0.1550000011920929,16.3799991607666,6.820000171661377,,,324.0,0.624297022819519,84.56,1.755,,175.3699951171875,17.424999237060547,,24.344999313354492,,246.23,,24.510000228881836,,28.920000076293945,21.865,1.2899999618530271,0.0825,,,91.1449966430664,81.7300033569336,7.099999904632568,,3.8025,0.0665334011055526,181.17999267578125,3.9670000076293945,7.5,108.19499969482422,14.954999923706056,96.77999877929688,96.08000183105467,10.3925,41.84000015258789,,5.690000057220459,6.040999755859375,38.459999084472656,,,4.940000057220459,15.359999656677246,2880.000000000002,196.3300018310547,,,,,6.099999904632568,,0.9780290222167968,77.86064910888672,27.97,13.19800048828125,91.80464935302734,,0.574999988079071,44.497501373291016,,,17.18300048828125,54.36984375,26.670000076293945,0.6200000047683716,64.51000213623047,12.760000228881836,0.2690869867801666,3.8197500705718994,37.85499954223633,2.04,3406.449951171875,6159.2998046875,3009.050048828125
2020-07-03,,74.95999908447266,,0.1550000011920929,16.520000457763672,6.760000228881836,,,333.95001220703125,0.5371860265731812,84.59,1.815,,178.8300018310547,18.364999771118164,,24.6200008392334,,250.985,,24.4950008392334,,30.530000686645508,22.54,1.6399999856948853,0.0765000009536743,,,91.6999969482422,81.25,6.940000057220459,,3.835,0.0665334011055526,178.9499969482422,4.113999843597412,7.539999961853027,109.72000122070312,14.914999961853027,97.5199966430664,96.9000015258789,10.6,41.21500015258789,,5.800000190734863,6.044000244140625,39.42499923706055,,,4.090000152587891,14.619999885559082,2880.000000000002,206.2599945068359,,,,,5.71999979019165,,0.903218002319336,80.12686157226562,27.85,12.99,95.59078216552734,,0.7099999785423279,44.79750061035156,,,17.3647998046875,51.951533203125,27.01499938964844,0.5699999928474426,65.53500366210938,12.899999618530272,0.2989850044250488,3.871000051498413,38.88999938964844,2.145,3412.280029296875,6157.2998046875,3130.010009765625
2020-07-10,,76.43000030517578,,0.2000000029802322,15.100000381469728,7.340000152587891,,,348.70001220703125,0.4403960108757019,85.05,1.68,,182.8999938964844,18.43000030517578,,26.26499938964844,,250.69,,24.829999923706055,,32.875,22.985,1.6699999570846558,0.085,,,91.9499969482422,81.83499908447266,6.789999961853027,,3.777999877929687,0.0665334011055526,177.05499267578125,4.19350004196167,8.029999732971191,109.52999877929688,15.0,97.27999877929688,97.43000030517578,10.665,41.7599983215332,,6.25,5.985999755859375,39.75,,,4.010000228881836,20.149999618530273,2304.0000915527357,213.6699981689453,,,,,4.989999771118164,,0.915229034423828,84.17367553710938,27.8,12.464000244140625,97.3576431274414,,0.6850000023841858,44.6775016784668,,,18.08619995117187,50.44760925292969,26.842500686645508,0.5299999713897705,65.65499877929688,12.90999984741211,0.2840360105037689,3.8147499561309814,38.6349983215332,2.23,3379.6201171875,6095.39990234375,3185.0400390625
2020-07-17,,77.26000213623047,,0.2000000029802322,15.119999885559082,6.179999828338623,,,333.1000061035156,0.3968400061130523,91.87,1.47,,190.7599945068359,18.462499618530273,,26.3700008392334,,257.53,,24.80500030517578,,32.22999954223633,22.9825,1.659999966621399,0.1125,,,92.84500122070312,80.82499694824219,6.650000095367432,,3.795499877929687,0.0665334011055526,178.5399932861328,4.179500102996826,7.380000114440918,109.86000061035156,14.892499923706056,98.01000213623048,98.41999816894533,10.66,42.13999938964844,,7.429999828338623,6.175999755859375,40.4900016784668,,,4.150000095367432,18.84000015258789,2304.0000915527357,202.8800048828125,,,,,4.849999904632568,,0.907335968017578,86.60176086425781,28.225,13.03199951171875,101.08968353271484,,0.7300000190734863,46.29249954223633,,,18.46050048828125,52.649351806640624,27.059999465942383,0.5249999761581421,67.29499816894531,12.979999542236328,0.2840360105037689,3.958750009536743,40.2400016784668,2.26,3472.739990234375,6290.2998046875,3224.72998046875
2020-07-24,,77.16000366210938,,0.209999993443489,14.039999961853027,6.099999904632568,,,322.54998779296875,0.4355559945106506,86.52,1.475,,194.52000427246097,18.545000076293945,,26.200000762939453,,252.855,,25.23500061035156,,29.8799991607666,22.7,1.7999999523162842,0.1,,,93.8499984741211,81.19000244140625,6.300000190734863,,3.648500061035156,0.0665334011055526,175.33999633789062,4.2779998779296875,7.190000057220459,111.2300033569336,14.927499771118164,98.79000091552734,99.97000122070312,10.3925,42.08000183105469,,7.760000228881836,6.020999755859375,40.439998626708984,,,5.860000133514404,17.059999465942383,2304.0000915527357,201.3000030517578,,,,,5.050000190734863,,0.9200330352783204,86.11614227294922,29.05,12.425999755859374,101.66661834716795,,0.6800000071525574,45.462501525878906,,,21.652900390625,56.282832641601566,26.98500061035156,0.5099999904632568,66.04499816894531,12.050000190734863,0.3189179897308349,3.91950011253357,39.904998779296875,2.275,3394.85009765625,6123.7998046875,3215.6298828125
2020-07-31,,77.66999816894531,,0.2399999946355819,13.399999618530272,5.940000057220459,,,299.70001220703125,0.3484449982643127,85.3,1.44,,195.77999877929688,18.489999771118164,,26.209999084472656,,247.72,,25.51799964904785,,29.36000061035156,22.295,1.7050000429153442,0.0885000038146972,,,93.98500061035156,81.875,5.71999979019165,,3.4220001220703127,0.0665334011055526,171.3300018310547,4.318999767303467,7.320000171661377,112.1500015258789,15.020000457763672,98.13999938964844,100.5,10.39,41.0099983215332,,9.119999885559082,5.807999877929688,40.38999938964844,,,6.429999828338623,17.360000610351562,3455.9999084472665,205.0099945068359,,,,,5.170000076293945,,0.7947769927978515,82.39308166503906,29.375,11.215999755859375,97.64611053466795,,0.6600000262260437,43.6875,,,23.18780029296875,55.01953674316406,26.469999313354492,0.4449999928474426,64.29000091552734,11.06999969482422,0.2790530025959015,3.799000024795532,40.040000915527344,2.19,3282.02001953125,5897.7998046875,3271.1201171875
2020-08-07,,79.36000061035156,,0.270000010728836,14.960000038146973,5.860000133514404,,,313.6000061035156,0.377481997013092,84.7,1.5,,209.47999572753903,19.0575008392334,,25.6200008392334,,256.975,,25.68000030517578,,34.709999084472656,22.89,1.6449999809265137,0.085,,,94.90499877929688,80.62999725341797,6.090000152587891,,3.2554998779296875,0.0665334011055526,172.4199981689453,4.438000202178955,7.909999847412109,113.88999938964844,14.914999961853027,99.4000015258789,101.36000061035156,10.99,42.005001068115234,,7.010000228881836,5.945,41.59000015258789,,,6.840000152587891,17.3799991607666,2880.000000000002,212.47999572753903,,,,,5.28000020980835,,0.8668419647216797,86.43988800048828,30.45,11.545999755859375,104.51522827148438,,0.6449999809265137,44.52750015258789,,,27.28949951171875,54.61046630859375,27.545000076293945,0.5799999833106995,66.32499694824219,11.1899995803833,0.3089520037174225,3.971750020980835,40.20000076293945,2.155,3366.070068359375,6032.2001953125,3351.280029296875
2020-08-14,,80.18000030517578,,0.3100000023841858,14.31999969482422,6.400000095367432,,,314.0,0.445235013961792,83.81,1.5,,210.9600067138672,19.184999465942383,,25.885000228881836,,258.69,,25.059999465942383,,34.91999816894531,22.885,1.75,0.0864999961853027,,,94.2699966430664,78.45999908447266,6.269999980926514,,3.4129998779296873,0.0665334011055526,170.19000244140625,4.460999965667725,6.710000038146973,112.6999969482422,14.69499969482422,99.47000122070312,100.25,10.855,43.529998779296875,,7.550000190734863,6.020999755859375,42.165000915527344,,,5.260000228881836,20.549999237060547,2880.000000000002,208.8999938964844,,,,,5.269999980926514,,0.8822850036621094,85.79240417480469,29.01,11.714000244140625,104.76763916015624,,0.6100000143051147,45.252498626708984,,,25.72219970703125,54.634531860351565,27.81999969482422,0.5699999928474426,66.95999908447266,11.270000457763672,0.2989850044250488,4.018249988555908,40.564998626708984,2.125,3397.8701171875,6090.0,3372.85009765625
2020-08-21,,80.62000274658203,,0.3449999988079071,15.4399995803833,6.420000076293945,,,313.6000061035156,0.4500750005245209,84.37,1.45,,207.42999267578125,18.832500457763672,,26.454999923706055,,259.915,,25.184999465942383,,36.08000183105469,22.8825,1.899999976158142,0.0889999961853027,,,94.62000274658205,78.71499633789062,6.130000114440918,,3.281499938964844,0.1108890039101243,171.1699981689453,4.46999979019165,6.539999961853027,112.73999786376952,14.732500076293944,99.6999969482422,100.79000091552734,11.23,43.220001220703125,,6.744999885559082,5.942000122070312,42.2599983215332,,,5.579999923706055,22.299999237060547,2880.000000000002,213.02000427246097,,,,,5.380000114440918,,0.8864029693603516,85.79240417480469,29.005,11.15800048828125,104.51522827148438,,0.6700000166893005,44.692501068115234,,,25.85989990234375,54.24952697753906,27.524999618530273,0.550000011920929,67.04000091552734,11.9399995803833,0.3438329994678497,3.970750093460083,40.22999954223633,2.18,3352.179931640625,6001.89990234375,3397.159912109375
2020-08-28,,82.8499984741211,,0.4399999976158142,15.399999618530272,6.460000038146973,,,316.70001220703125,0.4597539901733398,83.4,1.455,,218.5500030517578,19.43000030517578,,27.170000076293945,,262.985,,25.29599952697754,,34.959999084472656,23.0625,1.8949999809265137,0.09,,,95.06500244140624,76.98999786376953,6.550000190734863,,3.301499938964844,0.121977903060615,167.03500366210938,4.59250020980835,6.150000095367432,112.56999969482422,14.5649995803833,99.9800033569336,101.3499984741211,11.51,43.66999816894531,,6.070000171661377,5.9,43.40999984741211,,,4.71999979019165,19.5,2880.000000000002,228.91000366210935,,,,,5.449999809265137,,0.8273780059814453,100.36092376708984,28.825,11.06800048828125,106.570556640625,,0.5899999737739563,44.76499938964844,,,26.33949951171875,53.65998962402344,27.940000534057617,0.5950000286102295,67.62000274658203,11.760000228881836,0.617904007434845,3.967750072479248,40.58000183105469,2.24,3342.43994140625,5963.60009765625,3508.010009765625
2020-09-04,,81.05000305175781,,0.4699999988079071,13.899999618530272,6.559999942779541,,,304.79998779296875,0.4355559945106506,79.7,1.455,,218.32000732421875,18.11000061035156,,27.184999465942383,,256.83,,25.18199920654297,,30.469999313354492,22.525,2.1500000953674316,0.0855000019073486,,,95.02999877929688,78.30500030517578,6.53000020980835,,3.1975,0.121977903060615,169.41000366210938,4.52400016784668,6.159999847412109,113.0,14.672499656677246,100.0199966430664,100.7300033569336,10.84,43.31999969482422,,5.269999980926514,5.744000244140625,42.150001525878906,,,3.869999885559082,16.3799991607666,2304.0000915527357,214.25,,,,,5.0,,0.7463899993896485,99.87530517578124,28.44,10.78199951171875,104.29888153076172,,0.5899999737739563,43.95249938964844,,,25.8222998046875,53.25092468261719,27.295000076293945,0.6899999976158142,66.22000122070312,10.770000457763672,0.8172270059585571,3.8827500343322754,39.36000061035156,2.095,3254.139892578125,5799.10009765625,3426.9599609375
2020-09-11,,79.80000305175781,,0.5699999928474426,14.579999923706056,7.800000190734863,,,307.5,0.5807420015335083,84.29,1.645,,217.92999267578125,16.982500076293945,,27.325000762939453,,263.745,,25.135000228881836,,29.989999771118164,23.405,2.4000000953674316,0.0814999961853027,,,94.83999633789062,79.5199966430664,6.369999885559082,,3.2289999389648436,0.121977903060615,175.05999755859375,4.497000217437744,6.130000114440918,112.87999725341795,14.835000038146973,100.2750015258789,100.44000244140624,11.115,44.150001525878906,,5.199999809265137,5.967999877929688,42.130001068115234,,,3.5799999237060547,16.1200008392334,2880.000000000002,204.02999877929688,,,,,5.090000152587891,,0.7206529998779296,107.80705261230467,29.81,10.834000244140626,105.6150131225586,,0.5600000023841858,46.42499923706055,,,25.87800048828125,58.13566589355469,27.559999465942383,1.0499999523162842,68.51499938964844,10.010000228881836,0.8670579791069031,4.0304999351501465,39.810001373291016,2.135,3365.89990234375,6032.10009765625,3340.969970703125
2020-09-18,,79.9000015258789,,0.5350000262260437,17.260000228881836,8.65999984741211,,,308.45001220703125,0.5033090114593506,87.46,1.64,,218.2100067138672,18.2450008392334,,27.709999084472656,,259.275,,24.895999908447266,,33.900001525878906,23.475,2.740000009536743,0.0814999961853027,,,94.81999969482422,79.54499816894531,6.369999885559082,,3.04,0.166333499662578,172.6199951171875,4.571499824523926,6.559999942779541,111.87000274658205,14.8149995803833,98.52999877929688,100.68000030517578,10.81,44.95000076293945,,6.289999961853027,5.8870001220703125,42.22999954223633,,,3.7799999713897705,16.6200008392334,2880.000000000002,200.38999938964844,,,,,5.46999979019165,,0.6182170104980469,110.5588836669922,29.475,10.345999755859374,106.04771423339844,,0.5699999928474426,46.0625,,,26.05419921875,57.02877685546875,27.607500076293945,0.8949999809265137,67.83999633789062,11.609999656677246,0.857092022895813,4.065499782562256,40.540000915527344,2.125,3356.02001953125,6007.10009765625,3319.469970703125
2020-09-25,,78.58999633789062,,0.5550000071525574,15.239999771118164,7.380000114440918,,,307.20001220703125,0.5275070071220398,85.76,1.71,,210.4499969482422,17.592500686645508,,26.709999084472656,,258.545,,24.319000244140625,,29.40999984741211,22.745,2.5799999237060547,0.08,,,93.04000091552734,79.86000061035156,5.659999847412109,,2.8335000610351564,0.3215781001746651,176.48500061035156,4.447500228881836,6.760000228881836,109.37000274658205,14.859999656677246,96.5999984741211,98.8000030517578,11.115,44.2599983215332,,6.300000190734863,5.732000122070312,41.130001068115234,,,4.409999847412109,15.460000038146973,2880.000000000002,207.82000732421875,,,,,5.0,,0.5310520172119141,101.17028045654295,28.68,10.047999877929689,100.67501068115234,,0.5649999976158142,44.20500183105469,,,21.78719970703125,57.30550048828125,26.545000076293945,1.125,67.0999984741211,11.520000457763672,0.857092022895813,3.9605000019073486,39.20500183105469,1.9880000305175785,3261.989990234375,5842.7001953125,3298.4599609375
2020-10-02,,79.91000366210938,,0.5099999904632568,15.359999656677246,7.880000114440918,,,319.8999938964844,0.4597539901733398,84.31,1.61,,211.17999267578125,16.575000762939453,,26.729999542236328,,261.045,,24.739999771118164,,27.06999969482422,23.185,2.5399999618530273,0.0814999961853027,,,93.97000122070312,78.31500244140625,5.599999904632568,,3.0820001220703124,0.3215781001746651,172.75999450683594,4.410999774932861,6.860000133514404,110.25,14.704999923706056,97.79499816894533,99.97000122070312,11.215,44.43000030517578,,6.099999904632568,5.799000244140625,42.150001525878906,,,4.090000152587891,15.5,2880.000000000002,206.19000244140625,,,9.199999809265137,,4.75,,0.3898389816284179,103.59837341308594,28.81,9.330999755859375,105.87999725341795,,0.5600000023841858,44.67250061035156,,,22.9743994140625,58.255977172851566,27.07749938964844,1.100000023841858,67.52999877929688,10.510000228881836,0.7075989842414856,4.045000076293945,39.79999923706055,1.99,3301.340087890625,5902.10009765625,3348.419921875
2020-10-09,,82.81999969482422,,0.4749999940395355,16.6200008392334,8.979999542236328,,,328.1000061035156,0.4742720127105713,84.24,1.6,,215.67999267578125,17.947500228881836,,27.604999542236328,,268.225,,24.761999130249023,,33.09000015258789,23.925,2.559999942779541,0.0775,,,95.11000061035156,77.97000122070312,6.389999866485596,,3.093999938964844,0.2550447052717206,171.0,4.607999801635742,7.070000171661377,112.0199966430664,14.662500381469728,98.62000274658205,101.31999969482422,11.5225,44.97999954223633,,7.099999904632568,5.917999877929687,43.470001220703125,,,3.25,15.960000038146973,2880.000000000002,215.80999755859375,,,9.949999809265137,,4.820000171661377,,0.7659510040283203,116.87191009521484,28.945,10.164000244140624,111.55999755859376,,0.625,45.772499084472656,,,23.40580078125,58.31613830566406,28.19499969482422,1.2000000476837158,69.33499908447266,11.579999923706056,0.8271939754486084,4.226500034332275,41.154998779296875,2.02,3378.3701171875,6016.7001953125,3477.139892578125
2020-10-16,,82.44999694824219,,0.550000011920929,15.979999542236328,8.220000267028809,,,330.6000061035156,0.4742720127105713,82.17,1.545,,211.91000366210935,17.832500457763672,,27.469999313354492,,272.64,,24.690000534057617,,33.65999984741211,23.895,2.9000000953674316,0.0810000038146972,,,93.1999969482422,79.92500305175781,7.309999942779541,,3.0635000610351564,0.2772225035727024,172.47000122070312,4.605999946594238,7.090000152587891,111.33000183105467,14.859999656677246,98.3499984741211,101.26000213623048,11.785,44.58000183105469,,6.449999809265137,5.827999877929687,43.560001373291016,,,2.859999895095825,16.020000457763672,2880.000000000002,219.66000366210935,,,9.710000038146973,,4.409999847412109,,0.7614900207519532,148.7607879638672,28.73,9.737999877929688,110.95999908447266,,0.6100000143051147,45.40999984741211,,,23.44800048828125,58.54473083496094,27.86000061035156,1.159999966621399,69.9000015258789,12.279999732971191,0.8670579791069031,4.244500160217285,40.8650016784668,1.983999938964844,3325.669921875,5919.60009765625,3483.81005859375
2020-10-23,,82.44000244140625,,0.4950000047683716,15.399999618530272,7.860000133514404,,,316.6000061035156,0.4791119992733001,79.43,1.535,,212.7100067138672,17.577499389648438,,28.170000076293945,,266.435,,24.933000564575195,,32.7599983215332,23.9075,2.9200000762939453,0.0885000038146972,,,93.1750030517578,77.83999633789062,7.110000133514404,,3.213999938964844,0.2772225035727024,169.50999450683594,4.620999813079834,8.149999618530273,110.01000213623048,14.649999618530272,98.73999786376952,101.41999816894533,11.315,44.790000915527344,,5.855000019073486,5.77,43.130001068115234,,,2.75,15.100000381469728,2880.000000000002,216.22999572753903,,,9.489999771118164,,4.179999828338623,,0.8362999725341796,147.30393981933594,28.44,9.717999877929689,109.66000366210938,,0.5849999785423279,44.77000045776367,,,23.832099609375,56.47533508300781,28.302499771118164,1.2000000476837158,68.65499877929688,11.029999732971191,1.6743199825286863,4.1875,40.5099983215332,1.96,3310.3798828125,5860.2998046875,3465.389892578125
2020-10-30,,78.13999938964844,,0.4300000071525574,13.68000030517578,6.619999885559082,,,312.0,0.4355559945106506,77.66,1.52,,201.8999938964844,15.552499771118164,,27.399999618530273,,254.295,,24.590999603271484,,30.940000534057617,23.33,3.25,0.0775,,,92.08000183105467,78.25,6.110000133514404,,3.2454998779296873,0.2772225035727024,170.52999877929688,4.491000175476074,7.239999771118164,109.1999969482422,14.670000076293944,97.30999755859376,100.22000122070312,10.72,44.0099983215332,,5.46999979019165,5.497999877929687,40.8849983215332,,,2.559999942779541,20.100000381469727,2880.000000000002,202.47000122070312,,,10.130000114440918,,3.690000057220459,,0.7131999969482422,130.3073272705078,28.36,9.654000244140624,100.6999969482422,,0.550000011920929,42.02750015258789,,,22.738798828125,52.986231079101564,26.997499465942383,1.2400000095367432,65.74500274658203,10.630000114440918,1.494928956031799,4.002500057220459,38.30500030517578,1.9,3151.27001953125,5577.2998046875,3269.9599609375
2020-11-06,,83.93000030517578,,0.4550000131130218,14.140000343322754,6.739999771118164,,,339.25,0.4597539901733398,84.73,1.64,,208.8500061035156,16.362499237060547,,28.325000762939453,,268.125,,25.16900062561035,,30.489999771118164,24.5325,3.450000047683716,0.0719999980926513,,,94.15499877929688,77.7300033569336,5.25,,3.3779998779296876,0.2772225035727024,168.1750030517578,4.581500053405762,9.0,112.44000244140624,14.640000343322754,99.5199966430664,102.66999816894533,11.52,46.4900016784668,,5.980000019073486,5.825,43.93000030517578,,,2.690000057220459,21.149999618530273,2880.000000000002,223.72000122070312,,,13.829999923706056,,4.199999809265137,,0.6955999755859374,139.6959228515625,28.965,10.08,108.63999938964844,,0.5049999952316284,45.005001068115234,,,24.81199951171875,56.41517944335938,28.084999084472656,1.2699999809265137,69.43499755859375,10.979999542236328,1.793915033340454,4.209000110626221,41.654998779296875,1.9480000305175784,3326.64990234375,5910.0,3509.43994140625
2020-11-13,,86.0,,0.4300000071525574,15.9399995803833,6.980000019073486,,,352.79998779296875,0.4984700083732605,86.33,1.72,,227.4199981689453,17.594999313354492,,28.420000076293945,,272.52,,24.91699981689453,,29.229999542236328,24.77,3.8299999237060542,0.09,,,94.36499786376952,76.69499969482422,6.210000038146973,,3.7270001220703137,0.2772225035727024,166.52000427246094,4.639999866485596,9.300000190734863,113.0,14.46500015258789,100.27999877929688,100.33999633789062,11.445,47.349998474121094,,5.599999904632568,6.219000244140625,44.834999084472656,,,2.759999990463257,21.75,2304.0000915527357,216.5099945068359,,,15.800000190734863,,4.070000171661377,9.880000114440918,0.936999969482422,136.944091796875,28.065,11.65800048828125,113.04000091552734,,0.5550000071525574,47.2599983215332,,,23.333701171875,57.13705810546875,30.27750015258789,1.8650000095367432,70.875,8.550000190734863,2.072968006134033,4.358500003814697,42.125,1.96,3560.25,6316.39990234375,3585.14990234375
2020-11-20,,86.3499984741211,,0.4149999916553497,17.600000381469727,7.840000152587891,,,361.1499938964844,0.5129879713058472,83.17,1.82,,227.0099945068359,18.082500457763672,,29.6200008392334,,271.135,,24.98500061035156,,28.420000076293945,25.075,4.0,0.0825,,,95.12000274658205,77.23500061035156,5.53000020980835,,3.808999938964844,0.2772225035727024,165.49000549316406,4.643499851226807,10.3100004196167,113.30999755859376,14.520000457763672,101.0,100.88999938964844,11.445,48.36000061035156,,7.739999771118164,6.257000122070313,45.27000045776367,,,3.009999990463257,20.700000762939453,2880.000000000002,210.38999938964844,,,18.149999618530273,,4.199999809265137,9.899999618530272,0.9944000244140624,140.5052947998047,27.52,12.44800048828125,109.58000183105467,,0.5799999833106995,47.42499923706055,,,23.25580078125,53.61186401367188,30.690000534057617,2.1500000953674316,71.08999633789062,8.329999923706055,2.252358913421631,4.415999889373779,41.3650016784668,1.9,3586.510009765625,6351.5,3557.5400390625
2020-11-27,,88.41000366210938,,0.4699999988079071,19.65999984741211,8.359999656677246,,,366.3500061035156,0.5178279876708984,77.7,1.76,,231.5500030517578,19.5575008392334,,30.549999237060547,,275.335,,25.111000061035156,,31.34000015258789,25.585,3.930000066757202,0.08,,,95.73999786376952,78.16999816894531,6.849999904632568,,4.048500061035156,0.2772225035727024,165.02000427246094,4.698500156402588,9.970000267028809,113.7699966430664,14.600000381469728,101.8499984741211,101.5199966430664,11.57,49.65999984741211,,9.880000114440918,6.297999877929687,45.88999938964844,,,3.359999895095825,21.899999618530273,2880.000000000002,215.22999572753903,,,27.65999984741211,,4.110000133514404,9.899999618530272,1.0765000152587891,138.23907470703125,26.175,13.394000244140624,112.68000030517578,,0.6000000238418579,48.24250030517578,,,22.263701171875,55.17594360351563,30.23500061035156,2.240000009536743,72.41999816894531,8.460000038146973,1.9882550239562988,4.531499862670898,41.540000915527344,1.966000061035156,3593.679931640625,6367.60009765625,3638.35009765625
2020-12-04,,89.68000030517578,,0.4300000071525574,23.850000381469727,7.800000190734863,,,378.2999877929687,0.5178279876708984,79.58,1.795,,231.3500061035156,19.875,,31.53499984741211,,276.27,,25.21500015258789,,34.4900016784668,25.7,3.450000047683716,0.08,,,96.46499633789062,76.78500366210938,7.460000038146973,,4.226499938964844,0.2772225035727024,161.8000030517578,4.665500164031982,10.079999923706056,114.3499984741211,14.470000267028809,102.76000213623048,102.0999984741211,11.705,49.4900016784668,,7.980000019073486,6.465,46.38999938964844,,,3.7100000381469727,21.799999237060547,3455.9999084472665,214.36000061035156,,,23.850000381469727,,3.9700000286102295,11.5,1.3025,156.36878967285156,26.58,14.024000244140623,113.3000030517578,,0.6899999976158142,48.50749969482422,,,23.31179931640625,52.047784423828126,31.76499938964844,2.130000114440918,72.63500213623047,8.09000015258789,1.838762044906616,4.57574987411499,42.314998626708984,2.085,3702.27001953125,6550.2001953125,3699.1201171875
2020-12-11,,89.16000366210938,,0.3899999856948852,25.75,6.800000190734863,,,373.8500061035156,0.5275070071220398,81.6,1.77,,226.38999938964844,20.2450008392334,,31.549999237060547,,278.105,,25.18899917602539,,61.91999816894531,26.19,2.8499999046325684,0.08,,,96.375,80.55000305175781,7.239999771118164,,4.006000061035156,0.2772225035727024,166.27499389648438,4.709499835968018,9.800000190734863,114.36000061035156,14.835000038146973,101.91999816894533,102.1999969482422,11.69,49.345001220703125,,7.400000095367432,6.4320001220703125,46.0099983215332,,,3.75,21.700000762939453,3455.9999084472665,213.2599945068359,,,27.200000762939453,,4.289999961853027,10.145000457763672,1.17,161.71058654785156,27.255,13.94800048828125,112.68000030517578,,0.699999988079071,48.90999984741211,15.057000160217283,,22.91639892578125,53.17873352050781,30.854999542236328,2.880000114440918,73.40499877929688,7.989999771118164,1.8935760259628296,4.671000003814697,42.185001373291016,2.165,3680.429931640625,6546.7998046875,3663.4599609375
2020-12-18,,89.77999877929688,,0.3799999952316284,22.399999618530273,7.079999923706055,,,389.5499877929687,0.5081490278244019,75.08,1.68,,223.42999267578125,21.145000457763672,,32.459999084472656,,276.54,,25.70800018310547,,64.41000366210938,26.07,3.0999999046325684,0.08,,,97.04000091552734,78.9800033569336,7.25,,3.8775,0.2772225035727024,162.3000030517578,4.8495001792907715,10.050000190734863,114.94000244140624,14.6875,102.5500030517578,102.55999755859376,11.9025,50.2400016784668,,8.020000457763672,6.420999755859375,46.689998626708984,,,3.2899999618530273,21.799999237060547,2880.000000000002,218.58999633789065,,,25.969999313354492,,4.329999923706055,10.0,1.139499969482422,161.87245178222656,27.28,13.81199951171875,117.81999969482422,,0.675000011920929,49.0525016784668,15.227999687194824,,24.84,52.31247253417969,31.565000534057617,2.3399999141693115,73.17500305175781,8.779999732971191,1.8238129615783691,4.716000080108643,42.529998779296875,2.435,3689.820068359375,6529.2001953125,3709.409912109375
2020-12-25,,89.58999633789062,,0.3849999904632568,26.25,6.900000095367432,,,393.5,0.5129879713058472,72.23,1.665,,226.52999877929688,20.61000061035156,,31.704999923706055,,274.665,,25.33300018310547,,83.52999877929688,25.595,3.119999885559082,0.0755000019073486,,,96.88500213623048,78.6449966430664,7.320000171661377,,3.86,0.2772225035727024,161.1699981689453,4.838500022888184,10.329999923706056,114.8000030517578,14.65625,102.58000183105467,102.94000244140624,11.87,49.52000045776367,,9.899999618530272,6.41,46.630001068115234,,,3.75,21.5,2880.000000000002,222.75,,,27.75,,4.630000114440918,10.177000045776367,1.1575,169.96607971191406,26.945,13.275999755859376,117.0,,0.7099999785423279,48.625,14.84000015258789,,24.80550048828125,51.85528198242187,32.275001525878906,2.509999990463257,72.5999984741211,7.980000019073486,2.272291898727417,4.729249954223633,42.30500030517578,2.515,3692.840087890625,6502.10009765625,3703.06005859375
2021-01-01,,90.72000122070312,,0.3600000143051147,24.399999618530273,6.900000095367432,,,397.5499877929687,0.5033090114593506,73.24,1.665,,231.8699951171875,20.684999465942383,,31.469999313354492,,275.86,,25.559999465942383,,70.11000061035156,26.275,3.119999885559082,0.0864999961853027,,,97.1449966430664,79.875,7.400000095367432,,3.788500061035157,0.2772225035727024,160.61500549316406,4.883999824523926,11.40999984741211,115.72000122070312,14.770000457763672,102.72000122070312,103.0500030517578,11.97,50.97999954223633,,8.170000076293945,6.362000122070312,47.209999084472656,,,4.230000019073486,20.75,3455.9999084472665,222.4199981689453,,,23.549999237060547,,4.199999809265137,10.149999618530272,1.1125,175.63160705566406,27.08,12.97800048828125,117.5199966430664,,0.8899999856948853,48.994998931884766,15.217000007629396,,25.48280029296875,52.84185424804687,32.150001525878906,2.759999990463257,73.125,7.150000095367432,2.4217851161956787,4.69950008392334,42.720001220703125,2.49,3673.6298828125,6460.5,3756.070068359375
2021-01-08,,93.44000244140624,,0.3700000047683716,24.899999618530273,7.0,,,416.0499877929687,0.5468649864196777,74.71,1.74,,234.02999877929688,22.450000762939453,,32.915000915527344,,283.61,,26.253999710083008,,90.58000183105467,27.67,3.200000047683716,0.08,,,97.44499969482422,77.83000183105469,7.880000114440918,,4.1175,0.2772225035727024,159.3249969482422,5.018750190734863,11.6899995803833,114.2699966430664,14.595000267028809,103.0,103.30999755859376,12.06,51.959999084472656,,8.119999885559082,6.772000122070312,48.08000183105469,,,5.909999847412109,21.100000381469727,3455.9999084472665,219.6199951171875,,,25.200000762939453,,4.28000020980835,10.270000457763672,1.073000030517578,184.9392852783203,26.745,14.68199951171875,124.0,,1.5199999809265137,50.650001525878906,15.98900032043457,,25.63570068359375,53.53967834472656,33.03499984741211,4.039999961853027,75.44499969482422,8.329999923706055,2.770601987838745,4.920000076293945,44.060001373291016,2.49,3880.429931640625,6873.2998046875,3824.679931640625
2021-01-15,,92.16999816894533,,0.3600000143051147,25.5,7.360000133514404,,,435.8500061035156,0.5275070071220398,75.92,1.75,,233.4900054931641,22.395000457763672,,32.279998779296875,,280.4,,25.71500015258789,,76.13999938964844,27.63,3.049999952316284,0.0825,,,96.94000244140624,77.9000015258789,7.570000171661377,,4.0325,0.2772225035727024,159.3699951171875,5.057499885559082,12.279999732971191,112.75,14.592499732971191,102.52999877929688,103.4000015258789,11.86,51.630001068115234,,9.0,6.63,47.38999938964844,,,5.380000114440918,21.0,3455.9999084472665,212.6499938964844,,,25.63999938964844,,4.369999885559082,10.31999969482422,1.059000015258789,184.12991333007812,26.265,14.83,119.77999877929688,,1.600000023841858,49.595001220703125,16.652999877929688,,24.28780029296875,52.865919799804686,32.34000015258789,6.440000057220459,74.67500305175781,8.5,3.528032064437866,4.9054999351501465,44.099998474121094,2.345,3803.75,6735.7001953125,3768.25
2021-01-22,,93.7699966430664,,0.3650000095367431,25.850000381469727,7.400000095367432,,,462.8999938964844,0.7356060147285461,77.77,1.925,,232.9199981689453,22.38999938964844,,32.369998931884766,,283.69,,26.21299934387207,,65.76000213623047,28.0,2.880000114440918,0.08,,,97.37000274658205,77.43000030517578,7.889999866485596,,4.073500061035157,0.2772225035727024,158.74000549316406,4.992000102996826,11.75,112.9800033569336,14.547499656677246,102.9499969482422,103.5199966430664,12.225,51.77000045776367,,14.0,6.59,48.04999923706055,,,6.840000152587891,21.25,4608.000183105471,225.9499969482422,,,32.58000183105469,,5.389999866485596,10.43000030517578,1.029499969482422,189.7954559326172,26.5,14.2,132.8000030517578,,1.4299999475479126,49.70249938964844,17.195999145507812,,24.3589990234375,52.67341735839844,32.30500030517578,8.100000381469727,75.4000015258789,9.039999961853027,3.9864768981933594,4.9145002365112305,44.564998626708984,2.2,3786.06005859375,6695.10009765625,3841.469970703125
2021-01-29,,90.44000244140624,,0.3650000095367431,23.299999237060547,7.340000152587891,,,439.4500122070313,0.7210879921913147,74.91,2.0,,227.8699951171875,22.405000686645508,,31.8700008392334,,275.03,,25.530000686645508,,61.349998474121094,26.85,2.869999885559082,0.0839999961853027,,,97.1999969482422,77.66000366210938,7.179999828338623,,3.8275,0.2772225035727024,158.4199981689453,5.042500019073486,11.579999923706056,113.41000366210938,14.557499885559082,102.5199966430664,103.3000030517578,11.8875,50.540000915527344,,17.1200008392334,6.3,46.45000076293945,,,6.349999904632568,21.850000381469727,4031.999816894533,231.9600067138672,,,35.18000030517578,,4.639999866485596,10.220000267028809,0.916999969482422,163.0865020751953,26.45,13.38,127.94000244140624,,1.1299999952316284,47.86750030517578,15.93299961090088,,26.3735009765625,51.0130810546875,31.709999084472656,7.900000095367432,72.86000061035156,7.550000190734863,2.80049991607666,4.805500030517578,43.5099983215332,2.17,3641.929931640625,6407.5,3714.239990234375
2021-02-05,,94.48999786376952,,0.3600000143051147,22.049999237060547,7.760000228881836,,,460.0,0.8130379915237427,72.75,2.08,,235.16000366210935,24.135000228881836,,32.119998931884766,,285.85,,26.458999633789062,,64.05999755859375,28.15,2.799999952316284,0.0790000009536743,,,97.9499969482422,74.21499633789062,7.380000114440918,,3.925,0.2772225035727024,157.35499572753906,5.201250076293945,13.229999542236328,113.9499969482422,14.22249984741211,103.38999938964844,104.30999755859376,12.355,52.20000076293945,,22.469999313354492,6.387999877929688,48.130001068115234,,,7.269999980926514,24.700000762939453,5184.000091552736,242.1999969482422,,,34.04999923706055,,5.0,10.300000190734863,0.9390000152587892,172.79884338378906,25.75,13.45800048828125,133.3000030517578,,1.2200000286102295,48.97249984741211,16.23200035095215,,25.52110107421875,47.884921875,33.084999084472656,9.050000190734863,75.5999984741211,7.449999809265137,2.930061101913452,5.017499923706055,43.83000183105469,2.26,3709.949951171875,6489.2998046875,3886.830078125
2021-02-12,,96.33999633789062,,0.3600000143051147,22.899999618530273,10.800000190734863,,,494.75,0.750124990940094,74.71,2.35,,242.4600067138672,25.09000015258789,,33.69499969482422,,286.26,,27.165000915527344,,57.939998626708984,28.8,2.7300000190734863,0.085,,,98.23500061035156,73.88999938964844,7.849999904632568,,4.017999877929687,0.2772225035727024,155.97999572753906,5.275000095367432,14.40999984741211,113.12000274658205,14.192500114440918,103.44000244140624,104.36000061035156,12.525,53.72999954223633,,21.489999771118164,6.482999877929688,48.7400016784668,,,9.029999732971191,28.0,4608.000183105471,244.9900054931641,,,31.90999984741211,,5.110000133514404,10.3100004196167,0.9286000061035156,181.7018280029297,25.775,13.58199951171875,134.02000427246094,,1.1749999523162842,49.494998931884766,17.382999420166016,,26.039599609375,47.65632385253906,33.01750183105469,7.369999885559082,76.25499725341797,7.210000038146973,2.4915480613708496,5.09250020980835,44.404998779296875,2.34,3755.0,6589.7998046875,3934.830078125
2021-02-19,,95.83000183105467,,0.3549999892711639,20.700000762939453,12.199999809265137,,,494.0,0.774321973323822,72.26,2.21,,241.8500061035156,25.3799991607666,,36.279998779296875,,283.19,,27.219999313354492,,56.4900016784668,28.44,2.4600000381469727,0.09,,,98.2300033569336,71.52999877929688,7.860000133514404,,4.2395001220703135,0.2772225035727024,152.35000610351562,5.364999771118164,14.279999732971191,111.5999984741211,13.93000030517578,103.5199966430664,104.19000244140624,12.2625,53.52000045776367,,19.0,6.53,48.88999938964844,,,7.579999923706055,25.950000762939453,4608.000183105471,240.97000122070312,,,29.0,,4.960000038146973,20.489999771118164,0.9866000366210936,179.6784210205078,24.88,13.97199951171875,132.47999572753906,,1.2000000476837158,49.217498779296875,17.194000244140625,,25.9231005859375,46.98257080078125,33.03499984741211,6.800000190734863,75.48500061035156,6.739999771118164,2.2922239303588867,5.007999897003174,43.69499969482422,2.385,3769.949951171875,6624.0,3906.7099609375
2021-02-26,,92.51000213623048,,0.3499999940395355,17.799999237060547,11.800000190734863,,,465.3500061035156,0.9388660192489624,69.45,2.08,,240.5099945068359,26.5,,36.849998474121094,,278.44,,26.663999557495117,,43.86000061035156,26.77,2.4200000762939453,0.0875,,,97.28500366210938,69.94999694824219,7.340000152587891,,4.262000122070313,0.2772225035727024,150.72000122070312,5.361249923706055,12.170000076293944,109.05999755859376,13.71500015258789,102.87999725341795,103.29000091552734,11.8125,51.439998626708984,,17.170000076293945,6.402000122070312,47.66999816894531,,,6.489999771118164,23.25,5760.000000000003,232.3800048828125,,,23.899999618530273,,4.570000171661377,14.31999969482422,1.076999969482422,171.58480834960938,24.155,14.44800048828125,127.9800033569336,,1.2000000476837158,48.04249954223633,16.23699951171875,,25.6672998046875,44.91316955566406,32.904998779296875,6.440000057220459,73.20500183105469,5.670000076293945,2.302190065383911,4.91949987411499,42.255001068115234,2.215,3702.39990234375,6483.39990234375,3811.14990234375
2021-03-05,,92.95999908447266,,0.3100000023841858,14.4399995803833,11.649999618530272,,,428.4500122070313,0.8711130023002625,68.58,2.15,,253.1499938964844,27.940000534057617,,36.060001373291016,,273.65,,27.40999984741211,,41.630001068115234,26.6,2.5,0.085,,,97.2699966430664,71.2249984741211,7.170000076293945,,4.376000061035156,0.2772225035727024,151.77000427246094,5.362500190734863,10.84000015258789,108.01000213623048,13.869999885559082,103.02999877929688,102.87999725341795,11.3325,50.70000076293945,,15.84000015258789,6.56,46.619998931884766,,,5.949999809265137,20.5,5760.000000000003,231.6000061035156,,,23.950000762939453,,4.630000114440918,13.210000038146973,1.085500030517578,174.0128936767578,23.985,15.484000244140624,129.1199951171875,,1.0750000476837158,48.36249923706055,14.925999641418455,,24.38699951171875,46.81412841796875,32.939998626708984,6.019999980926514,72.52999877929688,5.53000020980835,2.0530359745025635,4.8082499504089355,41.209999084472656,2.21,3771.72998046875,6630.5,3841.93994140625
2021-03-12,,95.16999816894533,,0.3149999976158142,16.68000030517578,13.5,,,446.8500061035156,1.0259770154953003,69.51,2.2,,260.0199890136719,28.2549991607666,,36.72999954223633,,285.695,,27.89299964904785,,46.279998779296875,26.8,2.6600000858306885,0.085,,,97.49500274658205,70.05999755859375,7.159999847412109,,4.283999938964843,0.2772225035727024,150.0500030517578,5.398749828338623,11.210000038146973,107.8499984741211,13.739999771118164,101.94000244140624,103.16999816894533,11.77,51.810001373291016,,16.270000457763672,6.644000244140625,48.6349983215332,,,7.349999904632568,21.549999237060547,6335.999908447268,235.75,,,26.920000076293945,,4.960000038146973,13.960000038146973,1.148499984741211,187.7720489501953,24.0525,15.835999755859374,135.3800048828125,,1.0800000429153442,49.872501373291016,15.557000160217283,,24.5014990234375,47.52398254394531,33.814998626708984,5.880000114440918,75.04000091552734,5.730000019073486,2.312156915664673,5.153500080108643,42.474998474121094,2.23,3851.14990234375,6761.5,3943.340087890625
2021-03-19,,94.7300033569336,,0.3449999988079071,17.3799991607666,12.300000190734863,,,464.6499938964844,0.9533839821815492,71.1,2.07,,250.9900054931641,26.280000686645508,,36.584999084472656,,285.815,,27.642000198364254,,45.0,26.885,2.619999885559082,0.0875,,,96.96499633789062,69.98500061035156,7.559999942779541,,4.308500061035156,0.2772225035727024,149.4550018310547,5.289999961853027,9.029999732971191,108.73999786376952,13.7475004196167,101.63999938964844,102.52999877929688,11.755,53.33000183105469,,15.119999885559082,6.59,48.68000030517578,,,7.739999771118164,23.899999618530273,6335.999908447268,230.3500061035156,,,24.31999969482422,,5.639999866485596,12.800000190734863,1.17,184.12991333007812,24.495,14.964000244140625,137.75999450683594,,1.1950000524520874,49.962501525878906,15.984000205993652,,25.173798828125,47.54804260253906,33.595001220703125,6.460000038146973,75.33999633789062,5.539999961853027,2.6709399223327637,5.14300012588501,42.96500015258789,2.595,3824.919921875,6708.7001953125,3913.10009765625
2021-03-26,,95.33000183105467,,0.3100000023841858,16.239999771118164,11.350000381469728,,,516.9000244140625,0.9098290205001832,72.71,2.175,,256.7699890136719,26.469999313354492,,36.2400016784668,,288.865,,27.39699935913086,,40.47999954223633,26.33,2.569999933242798,0.085,,,97.69499969482422,71.21499633789062,6.980000019073486,,4.227000122070313,0.2772225035727024,151.10000610351562,5.277500152587891,8.430000305175781,108.54000091552734,13.8774995803833,102.02999877929688,103.4499969482422,11.9225,52.72999954223633,,12.109999656677246,6.635,49.11000061035156,,,6.099999904632568,23.25,6335.999908447268,236.47999572753903,,,22.579999923706055,,8.1850004196167,12.300000190734863,1.061999969482422,186.1533203125,24.55,14.505999755859374,137.3800048828125,,1.2999999523162842,50.189998626708984,16.351999282836914,,24.09570068359375,48.654931640625,33.685001373291016,6.179999828338623,75.45999908447266,4.820000171661377,2.6011760234832764,5.077000141143799,43.084999084472656,2.54,3842.22998046875,6740.60009765625,3974.5400390625
2021-04-02,,96.38999938964844,,0.3149999976158142,17.579999923706055,11.34000015258789,,,529.2999877929688,0.822717010974884,71.72,2.2,,258.20001220703125,25.989999771118164,,35.560001373291016,,293.365,,27.479999542236328,,42.83000183105469,27.01,2.609999895095825,0.085,,,98.0250015258789,70.33499908447266,7.059999942779541,,4.232000122070313,0.2772225035727024,150.24000549316406,5.230000019073486,8.699999809265137,108.6500015258789,13.77750015258789,102.5500030517578,104.05999755859376,12.27,52.029998779296875,,13.600000381469728,6.629000244140625,49.86000061035156,,,6.389999866485596,23.25,6335.999908447268,242.3500061035156,,,23.06999969482422,,6.539999961853027,12.649999618530272,1.089199981689453,198.29376220703125,24.395,14.12199951171875,140.8000030517578,,1.2000000476837158,50.619998931884766,17.114999771118164,,23.38330078125,48.39024353027344,34.04999923706055,6.03000020980835,76.43499755859375,4.849999904632568,2.4217851161956787,5.111499786376953,43.44499969482422,2.765,3849.239990234375,6737.2998046875,4019.8701171875
2021-04-09,,98.2300033569336,,0.3000000119209289,16.68000030517578,11.84000015258789,,,535.5,0.8614330291748047,72.87,2.25,,266.010009765625,25.90999984741211,,36.13999938964844,,302.66,,27.711000442504883,,39.459999084472656,26.99,2.759999990463257,0.085,,,98.51499938964844,70.93000030517578,7.25,,4.373999938964844,0.2772225035727024,151.83999633789062,5.291250228881836,8.770000457763672,109.22000122070312,13.835000038146973,102.5199966430664,104.48999786376952,12.8625,52.4900016784668,,11.289999961853027,6.805,51.0,,,6.449999809265137,23.25,6335.999908447268,255.8500061035156,,,24.040000915527344,,6.230000019073486,11.720000267028809,1.1187999725341795,218.1231384277344,24.805,13.95800048828125,140.39999389648438,,1.1799999475479126,52.09000015258789,17.618999481201172,,24.2572998046875,49.7016650390625,34.915000915527344,6.360000133514404,78.44000244140625,4.760000228881836,2.312156915664673,5.212500095367432,43.59000015258789,2.68,3949.510009765625,6915.7998046875,4128.7998046875
2021-04-16,,99.68000030517578,,0.2849999964237213,16.0,12.0,,,536.4000244140625,0.8711130023002625,73.8,2.25,,272.1099853515625,27.469999313354492,,37.26499938964844,,305.97,,27.979999542236328,,34.66999816894531,27.24,3.109999895095825,0.08,,,96.80500030517578,71.05500030517578,6.599999904632568,,4.274500122070313,0.2772225035727024,151.59500122070312,5.434999942779541,8.199999809265137,110.37999725341795,13.859999656677246,102.72000122070312,104.87999725341795,12.9875,52.84000015258789,,9.760000228881836,6.914000244140625,51.79999923706055,,,5.300000190734863,24.299999237060547,6335.999908447268,260.739990234375,,,22.469999313354492,,6.0,10.59000015258789,1.0455999755859375,218.1231384277344,25.12,14.12800048828125,145.9600067138672,,1.2100000381469729,52.790000915527344,17.384000778198242,,25.136298828125,50.098699951171874,35.345001220703125,7.679999828338623,79.19999694824219,4.559999942779541,2.2423930168151855,5.261000156402588,44.869998931884766,2.535,4006.760009765625,7019.5,4185.47021484375
2021-04-23,,99.5500030517578,,0.2599999904632568,15.9399995803833,12.5,,,554.0999755859375,0.8323959708213806,75.64,2.13,,271.9800109863281,26.950000762939453,,38.59000015258789,,305.51,,28.02199935913086,,36.90999984741211,27.33,2.990000009536743,0.0825,,,96.6999969482422,71.47000122070312,6.429999828338623,,4.19,0.2772225035727024,151.57000732421875,5.539999961853027,8.449999809265137,110.48999786376952,13.90999984741211,102.52999877929688,104.76000213623048,12.9175,52.119998931884766,,10.029999732971191,6.839000244140625,51.9900016784668,,,5.210000038146973,22.799999237060547,6335.999908447268,261.1499938964844,,,23.40999984741211,,6.190000057220459,10.4399995803833,1.0176000213623049,209.6248321533203,25.045,13.56199951171875,142.94000244140625,,1.1299999952316284,52.69499969482422,17.006000518798828,,25.12090087890625,49.491112060546875,35.130001068115234,7.190000057220459,79.03500366210938,4.670000076293945,2.2822580337524414,5.256999969482422,45.689998626708984,2.455,3965.159912109375,6938.60009765625,4180.169921875
2021-04-30,,99.19000244140624,,0.25,15.81999969482422,11.760000228881836,,,541.2000122070312,0.822717010974884,77.15,2.115,,274.95001220703125,27.540000915527344,,39.7599983215332,,306.67,,28.058000564575195,,37.0099983215332,27.17,3.2300000190734863,0.09,,,96.66999816894533,70.57499694824219,5.900000095367432,,4.527999877929687,0.2772225035727024,151.2100067138672,5.639999866485596,9.970000267028809,110.27999877929688,13.789999961853027,102.47000122070312,104.66000366210938,12.735,51.099998474121094,,9.449999809265137,6.875,51.90999984741211,,,5.090000152587891,22.25,6335.999908447268,252.17999267578125,24.0,,23.040000915527344,,6.21999979019165,10.390000343322754,1.0462000274658203,211.2435607910156,24.975,13.65,138.82000732421875,,1.0800000429153442,52.540000915527344,16.858999252319336,,24.87949951171875,50.91081481933594,35.39500045776367,8.289999961853027,79.0,4.820000171661377,2.2124950885772705,5.2779998779296875,44.93000030517578,2.525,3983.85009765625,6969.7998046875,4181.169921875
2021-05-07,,100.61000061035156,,0.2800000011920929,13.670000076293944,12.0,,,543.9000244140625,0.7356060147285461,77.35,2.225,,290.92999267578125,28.25,,42.220001220703125,,306.695,,28.559999465942383,,34.11000061035156,27.23,3.240000009536743,0.0875,,,97.13999938964844,70.95500183105469,5.880000114440918,,4.512000122070313,0.2772225035727024,150.33999633789062,5.862500190734863,8.100000381469727,111.2300033569336,13.859999656677246,102.6449966430664,104.9800033569336,12.54,52.22999954223633,,8.09000015258789,7.032999877929687,52.81999969482422,,,4.690000057220459,22.200000762939453,6335.999908447268,252.4600067138672,23.149999618530273,,19.75,,6.230000019073486,10.399999618530272,1.067399978637695,196.6750335693359,25.59,14.30199951171875,144.27999877929688,,1.0750000476837158,53.37499999999999,16.618000030517578,,26.32080078125,51.41012145996094,35.81999969482422,7.699999809265137,79.23500061035156,4.309999942779541,2.023137092590332,5.254499912261963,45.70000076293945,2.65,4066.179931640625,7129.7001953125,4232.60009765625
2021-05-14,,99.08000183105467,9.75,0.25,12.899999618530272,12.899999618530272,,,528.0,0.7114080190658569,78.64,2.19,,290.67999267578125,28.229999542236328,,41.47999954223633,,299.56,,28.56999969482422,,33.220001220703125,26.01,2.9600000381469727,0.09,,,96.95999908447266,69.56999969482422,5.909999847412109,,4.487999877929687,0.2772225035727024,147.61500549316406,5.78249979019165,8.220000267028809,110.3499984741211,13.645000457763672,102.45999908447266,102.29000091552734,12.07,50.56999969482422,,8.729999542236328,6.955999755859375,52.130001068115234,,,5.300000190734863,20.799999237060547,6335.999908447268,248.1499938964844,23.149999618530273,,20.079999923706055,,6.409999847412109,10.079999923706056,1.0763999938964843,193.4375915527344,25.48,14.19,144.47999572753906,,0.9200000166893004,52.82500076293945,15.661999702453612,,26.180400390625,51.662779541015624,35.1150016784668,6.519999980926514,77.27999877929688,4.559999942779541,1.7540500164031982,5.0914998054504395,45.529998779296875,2.645,4012.070068359375,7043.60009765625,4173.85009765625
2021-05-21,,99.22000122070312,9.675000190734863,0.2349999994039535,13.40999984741211,14.5,,,525.4000244140625,0.6678529977798462,81.35,2.125,,287.739990234375,27.6200008392334,,39.939998626708984,,298.51,,28.34600067138672,,33.209999084472656,26.13,2.8499999046325684,0.0875,,,96.36000061035156,69.80999755859375,6.349999904632568,,4.444500122070313,0.2772225035727024,146.9949951171875,5.708749771118164,8.029999732971191,110.43000030517578,13.677499771118164,102.5,102.20999908447266,12.1,51.2599983215332,,11.729999542236328,6.940999755859375,52.5099983215332,,,6.269999980926514,23.600000381469727,6335.999908447268,245.1699981689453,23.149999618530273,,20.75,,6.46999979019165,9.960000038146973,1.051999969482422,191.81886291503903,25.84,13.98800048828125,135.86000061035156,9.73900032043457,0.959999978542328,53.0250015258789,15.984000205993652,,26.72739990234375,51.464262084960936,35.25749969482422,6.659999847412109,77.29499816894531,4.260000228881836,1.87364399433136,5.0970001220703125,46.2599983215332,2.675,4002.610107421875,7018.10009765625,4155.85986328125
2021-05-28,,100.6500015258789,9.960000038146973,0.2300000041723251,13.039999961853027,14.039999961853027,,,552.2999877929688,0.7694829702377319,80.46,2.13,,289.44000244140625,28.770000457763672,,41.40999984741211,,301.17,,28.868999481201172,,33.95000076293945,26.91,2.799999952316284,0.09,,,97.0500030517578,71.08999633789062,6.25,,4.552999877929687,0.2772225035727024,147.27000427246094,5.840000152587891,7.5,111.29000091552734,13.789999961853027,102.93000030517578,102.54000091552734,12.295,51.869998931884766,,11.369999885559082,6.95,52.959999084472656,,,5.550000190734863,25.25,6335.999908447268,249.67999267578125,23.149999618530273,,22.950000762939453,,6.239999771118164,10.260000228881836,1.070199966430664,221.7652587890625,26.075,13.455999755859375,134.89999389648438,9.699999809265137,0.9900000095367432,53.54999923706054,16.724000930786133,,26.562900390625,50.8506591796875,35.665000915527344,7.739999771118164,78.37000274658203,4.260000228881836,2.0032050609588623,5.172999858856201,46.08000183105469,2.665,4016.1298828125,7022.60009765625,4204.10986328125
2021-06-04,,101.48999786376952,9.630000114440918,0.2349999994039535,12.039999961853027,13.300000190734863,,,558.0999755859375,0.6968899965286255,80.55,2.14,,292.5199890136719,29.6200008392334,,40.20000076293945,,302.385,,28.86000061035156,,33.66999816894531,27.43,2.759999990463257,0.1025,,,97.33000183105467,70.625,6.059999942779541,,4.439500122070313,0.2772225035727024,147.75,5.917500019073486,7.550000190734863,111.58000183105467,13.767499923706056,103.1500015258789,102.83000183105467,12.395,52.459999084472656,,11.619999885559082,6.992000122070312,53.185001373291016,,,6.590000152587891,23.700000762939453,6335.999908447268,250.7899932861328,23.149999618530273,,24.030000686645508,,6.389999866485596,9.989999771118164,1.0731999969482422,222.16995239257812,26.095,13.935999755859376,136.0,9.720000267028809,0.9700000286102296,53.86000061035156,16.957000732421875,,26.30719970703125,51.41012145996094,35.915000915527344,8.140000343322754,78.79499816894531,4.210000038146973,1.8935760259628296,5.208000183105469,45.73500061035156,2.76,4042.419921875,7069.0,4229.89013671875
2021-06-11,,101.18000030517578,9.630000114440918,0.2150000035762787,12.6899995803833,12.420000076293944,,,573.5999755859375,0.7114080190658569,83.4,2.19,,286.82000732421875,30.0,,40.36000061035156,,304.705,,28.90800094604492,,37.41999816894531,27.36,3.009999990463257,0.1175,,,97.70500183105467,71.7699966430664,5.860000133514404,,4.369500122070313,0.2772225035727024,149.38999938964844,5.954999923706055,7.599999904632568,112.29000091552734,13.895000457763672,103.62999725341795,103.3000030517578,12.605,52.290000915527344,,12.199999809265137,7.055,53.459999084472656,,,6.539999961853027,23.149999618530273,6335.999908447268,257.8900146484375,27.0,,24.670000076293945,,6.760000228881836,9.75,1.1194000244140625,212.05291748046875,25.97,14.204000244140625,136.72000122070312,12.4399995803833,0.9350000023841858,54.45000076293945,16.957000732421875,,27.051201171875,51.416136474609374,35.68000030517578,8.800000190734863,79.33000183105469,4.730000019073486,1.8786269426345823,5.270999908447266,46.79499816894531,2.68,4068.330078125,7134.10009765625,4247.43994140625
2021-06-18,,99.06999969482422,9.68000030517578,0.2000000029802322,12.829999923706056,12.119999885559082,,,563.7999877929688,0.7452849745750427,83.84,2.145,,274.0400085449219,30.309999465942383,,36.90999984741211,,306.91,,28.104000091552734,,35.880001068115234,27.47,3.009999990463257,0.11125,,,97.54000091552734,72.5,5.409999847412109,,4.293999938964844,0.2772225035727024,152.64500427246094,5.707499980926514,7.820000171661377,111.7300033569336,13.920000076293944,103.3499984741211,103.13999938964844,12.915,51.18000030517578,,12.359999656677246,6.87,52.58000183105469,,,6.079999923706055,18.100000381469727,6335.999908447268,259.42999267578125,27.0,,25.3700008392334,,7.590000152587891,9.220000267028809,1.075199966430664,193.84226989746097,25.1,14.18199951171875,133.6999969482422,10.600000381469728,0.949999988079071,53.900001525878906,17.167999267578125,,25.3631005859375,51.81918640136719,34.689998626708984,8.109999656677246,79.5999984741211,4.489999771118164,1.6643539667129517,5.207499980926514,46.529998779296875,2.55,4002.070068359375,7017.5,4166.4501953125
2021-06-25,,101.58000183105467,9.720000267028809,0.1800000071525573,12.960000038146973,12.399999618530272,,,581.5,0.8130379915237427,84.99,2.125,,278.3800048828125,31.270000457763672,,37.939998626708984,,312.395,,28.670000076293945,,41.880001068115234,27.89,2.9100000858306885,0.105,,,97.70999908447266,71.30999755859375,5.809999942779541,,4.275499877929687,0.2772225035727024,150.81500244140625,5.797500133514404,8.4399995803833,111.4800033569336,13.829999923706056,103.31999969482422,103.51000213623048,13.1575,51.970001220703125,,13.59000015258789,6.984000244140625,53.880001068115234,,,6.880000114440918,18.459999084472656,6335.999908447268,265.0199890136719,27.0,,26.780000686645508,,7.130000114440918,11.520000457763672,1.065,191.4141845703125,25.005,14.944000244140623,136.9199981689453,10.5,0.9449999928474426,54.64500045776367,17.610000610351562,,25.11699951171875,51.24167907714844,35.244998931884766,7.949999809265137,80.875,4.349999904632568,1.9035429954528809,5.339000225067139,47.1349983215332,2.63,4067.7900390625,7136.10009765625,4280.7001953125
2021-07-02,,102.08000183105467,9.649999618530272,0.2049999982118606,12.729999542236328,12.880000114440918,,,579.0,0.9872609972953796,87.79,2.1,,279.1199951171875,31.670000076293945,,37.89500045776367,,319.1,,28.924999237060547,,54.900001525878906,27.76,2.940000057220459,0.115,,,98.01000213623048,72.12000274658203,5.389999866485596,,4.166499938964844,0.2772225035727024,153.11500549316406,5.952499866485596,8.390000343322754,111.58000183105467,13.920000076293944,103.38999938964844,104.11000061035156,13.5875,51.439998626708984,,12.880000114440918,6.970999755859375,54.400001525878906,,,6.860000133514404,18.68000030517578,6335.999908447268,277.6499938964844,30.11000061035156,,24.440000534057617,,6.510000228881836,12.539999961853027,1.025800018310547,192.2235412597656,25.25,14.765999755859376,133.86000061035156,10.270000457763672,0.9800000190734864,54.5099983215332,17.985000610351562,,25.15449951171875,51.37402587890625,35.415000915527344,7.989999771118164,81.76000213623047,4.119999885559082,1.85371196269989,5.34499979019165,47.619998931884766,2.72,4065.949951171875,7123.2998046875,4352.33984375
2021-07-09,,102.08000183105467,9.699999809265137,0.2049999982118606,13.020000457763672,12.899999618530272,,,583.0999755859375,0.9437050223350524,86.48,2.215,,280.489990234375,31.524999618530273,,38.55500030517578,,320.22,,28.55500030517578,,48.56999969482422,27.145,2.880000114440918,0.115,,,98.08000183105467,72.94000244140625,5.349999904632568,,4.1410000610351565,0.2772225035727024,153.85499572753906,5.868750095367432,8.119999885559082,111.6999969482422,14.00374984741211,103.4000015258789,104.0999984741211,13.725,51.880001068115234,,12.020000457763672,6.977999877929688,54.689998626708984,,,6.300000190734863,17.68000030517578,6335.999908447268,277.94000244140625,35.5,,23.290000915527344,,6.369999885559082,13.5600004196167,1.01,187.7720489501953,25.535,14.684000244140623,132.83999633789062,10.119999885559082,1.0099999904632568,54.45500183105468,17.722000122070312,,24.9997998046875,51.6748095703125,35.709999084472656,8.329999923706055,81.69999694824219,3.910000085830689,1.7440840005874634,5.291500091552734,48.0099983215332,2.71,4069.7900390625,7121.89990234375,4369.5498046875
2021-07-16,,100.97000122070312,9.68000030517578,0.2399999946355819,11.81999969482422,12.399999618530272,,,589.2999877929688,1.2776319980621338,83.4,2.19,,277.8999938964844,30.73500061035156,,38.314998626708984,,320.02,,28.420000076293945,,42.38999938964844,27.42,2.690000057220459,0.11,,,97.94499969482422,73.86000061035156,5.130000114440918,,4.0325,0.2772225035727024,154.7550048828125,5.927499771118164,7.599999904632568,111.79000091552734,14.082500457763672,103.37999725341795,103.7699966430664,13.7775,51.40999984741211,,10.539999961853027,6.869000244140625,54.68000030517578,,,5.699999809265137,17.100000381469727,6335.999908447268,280.75,33.790000915527344,,21.3700008392334,,5.599999904632568,11.09000015258789,0.9305999755859377,179.6784210205078,25.645,13.994000244140626,129.39999389648438,9.970000267028809,0.9800000190734864,54.04999923706054,17.365999221801758,,25.09010009765625,52.43278930664062,34.98749923706055,9.329999923706056,81.5999984741211,3.4100000858306885,2.063002109527588,5.184000015258789,47.88999938964844,2.59,4002.800048828125,7008.10009765625,4327.16015625
2021-07-23,,102.41000366210938,9.789999961853027,0.2249999940395355,11.93000030517578,12.279999732971191,,,638.7999877929688,1.321187973022461,84.8,2.14,,278.489990234375,30.76499938964844,,38.70500183105469,16.31999969482422,325.27,,28.674999237060547,,40.84000015258789,26.87,2.7200000286102295,0.11,,,98.05999755859376,75.58000183105469,5.480000019073486,,4.0160000610351565,0.2772225035727024,155.53500366210938,6.002500057220459,8.079999923706055,111.9000015258789,14.25749969482422,103.51000213623048,103.9499969482422,14.0975,51.709999084472656,,16.040000915527344,6.890999755859375,55.54999923706055,,,6.099999904632568,18.15999984741211,6335.999908447268,289.6700134277344,32.9900016784668,,21.809999465942383,,5.489999771118164,12.100000381469728,0.9562999725341796,186.9626922607422,25.55,13.65199951171875,134.55999755859375,9.979999542236328,0.9700000286102296,54.775001525878906,17.892000198364258,,24.18570068359375,49.858071899414064,35.654998779296875,9.100000381469728,82.41999816894531,3.119999885559082,2.302190065383911,5.241499900817871,48.775001525878906,2.74,4025.1201171875,7027.60009765625,4411.7900390625
2021-07-30,,102.11000061035156,9.630000114440918,0.209999993443489,11.4399995803833,13.0600004196167,,,639.0,1.451854944229126,82.68,2.15,,278.2900085449219,31.600000381469727,,39.505001068115234,16.200000762939453,321.32,,28.70400047302246,,41.86000061035156,26.28,2.640000104904175,0.11,,,98.2249984741211,75.8499984741211,5.489999771118164,,3.974500122070313,0.2772225035727024,154.8000030517578,6.039999961853027,9.0,111.7699966430664,14.276249885559082,103.66000366210938,104.12999725341795,13.8225,51.2599983215332,,15.260000228881836,6.905,55.52000045776367,,,6.110000133514404,18.559999465942383,6335.999908447268,284.9100036621094,32.42499923706055,,21.709999084472656,,5.230000019073486,9.420000076293944,0.9970999908447266,200.7218475341797,25.58,14.43199951171875,131.5800018310547,9.920000076293944,0.9700000286102296,54.639999389648445,17.979000091552734,,24.497099609375,49.942293090820314,35.724998474121094,9.800000190734863,81.38500213623047,3.1500000953674316,2.611143112182617,5.24399995803833,49.02000045776367,2.81,4030.239990234375,7032.2998046875,4395.259765625
2021-08-06,,102.9499969482422,9.670000076293944,0.2150000035762787,11.989999771118164,12.0600004196167,,,666.0,1.4760520458221436,81.57,2.15,,285.6300048828125,29.924999237060547,,38.505001068115234,22.38999938964844,324.78,,28.15800094604492,,55.59000015258789,26.42,2.5799999237060547,0.115,,,98.26000213623048,75.31999969482422,5.28000020980835,,4.098500061035156,0.2772225035727024,154.2899932861328,5.942500114440918,8.649999618530273,111.66000366210938,14.234999656677246,103.88999938964844,104.05999755859376,14.035,51.61000061035156,,17.450000762939453,6.994000244140625,56.0099983215332,,,6.260000228881836,17.940000534057617,6335.999908447268,289.4599914550781,37.0,,21.81999969482422,,6.260000228881836,8.720000267028809,1.1241999816894532,190.6048126220703,24.79,14.83,140.3000030517578,9.890000343322754,0.9399999976158142,55.31999969482422,18.569000244140625,,24.001298828125,49.23243896484375,36.59000015258789,13.25,82.2249984741211,3.309999942779541,2.7606348991394043,5.293000221252441,49.10499954223633,2.63,4088.93994140625,7123.0,4436.52001953125
2021-08-13,,103.76000213623048,9.68000030517578,0.209999993443489,10.920000076293944,11.920000076293944,,,665.5999755859375,2.2939300537109375,84.26,2.125,,287.8900146484375,30.0049991607666,,38.959999084472656,24.229999542236328,327.55,,28.082000732421875,,62.65999984741211,26.29,3.0299999713897705,0.1125,,,98.45999908447266,76.08499908447266,5.510000228881836,,4.115,0.2772225035727024,154.4149932861328,5.974999904632568,8.520000457763672,111.33999633789062,14.3125,104.0,103.80999755859376,14.0275,52.2400016784668,,15.5,7.1129998779296875,56.4900016784668,,,6.110000133514404,18.219999313354492,6335.999908447268,292.8500061035156,30.524999618530273,,24.899999618530273,,6.289999961853027,7.96999979019165,1.111800003051758,176.8456573486328,24.995,14.595999755859374,142.1199951171875,9.869999885559082,0.9350000023841858,56.24499893188477,18.141000747680664,,22.47239990234375,50.03854431152344,37.150001525878906,14.510000228881836,82.87999725341797,2.9600000381469727,2.80049991607666,5.322999954223633,49.650001525878906,2.61,4144.47021484375,7218.7001953125,4468.0
2021-08-20,,102.0199966430664,9.640000343322754,0.2049999982118606,10.770000457763672,11.899999618530272,,,672.5999755859375,1.6163979768753052,87.31,2.145,,285.2699890136719,27.86000061035156,,36.505001068115234,26.09000015258789,330.76,,27.819000244140625,,60.380001068115234,25.64,3.0,0.12375,,,97.98500061035156,76.41000366210938,5.239999771118164,,3.961499938964843,0.2772225035727024,157.86000061035156,5.757500171661377,8.279999732971191,111.41000366210938,14.3725004196167,103.8000030517578,103.69000244140624,14.3175,50.529998779296875,,13.979999542236328,7.002000122070313,56.16999816894531,,,5.809999942779541,18.079999923706055,244.79999542236337,304.3599853515625,29.905000686645508,,24.010000228881836,,5.53000020980835,8.319999694824219,1.1016000366210938,170.7754364013672,25.56,13.924000244140624,138.5800018310547,9.829999923706056,0.8949999809265137,55.81499862670899,18.003999710083008,,22.29860107421875,49.7558056640625,37.09000015258789,12.100000381469728,82.81500244140625,2.880000114440918,2.5114810466766357,5.24399995803833,50.459999084472656,2.475,4082.530029296875,7087.89990234375,4441.669921875
2021-08-27,,103.9800033569336,9.630000114440918,0.1800000071525573,12.25,12.619999885559082,,,703.5,1.7615840435028076,85.65,2.12,,286.6000061035156,30.3799991607666,,38.17499923706055,26.979999542236328,332.88,1.475000023841858,28.170000076293945,,65.52999877929688,26.445,2.950000047683716,0.125,,,98.4749984741211,75.36499786376953,5.809999942779541,,3.949500122070313,0.2772225035727024,155.5749969482422,6.017499923706055,8.539999961853027,112.0,14.267499923706056,103.83999633789062,104.43000030517578,14.3775,51.84000015258789,,16.209999084472656,7.067000122070312,56.900001525878906,,,6.179999828338623,18.780000686645508,223.2000045776368,299.7200012207031,29.350000381469727,,25.709999084472656,,6.539999961853027,9.68000030517578,1.1673999786376952,159.6062469482422,25.64,14.53800048828125,140.67999267578125,9.899999618530272,0.9700000286102296,56.15999984741211,18.85099983215332,,22.6868994140625,48.666961669921875,37.59000015258789,12.9399995803833,83.63500213623047,3.0799999237060547,2.6510069370269775,5.411499977111816,50.29499816894531,2.54,4121.02978515625,7148.0,4509.3701171875
2021-09-03,,105.29000091552734,9.670000076293944,0.1700000017881393,13.0600004196167,13.0,,,721.7999877929688,1.6260770559310913,85.09,2.105,,281.8900146484375,31.0,,38.369998931884766,29.979999542236328,332.69,1.4199999570846558,28.290000915527344,,68.25,27.07,2.950000047683716,0.1225,,,98.5999984741211,74.375,5.440000057220459,,3.844500122070313,0.2772225035727024,154.375,6.09250020980835,8.569999694824219,112.75,14.170000076293944,103.98999786376952,104.79000091552734,14.4625,54.369998931884766,,17.139999389648438,7.07,57.27000045776367,,,6.230000019073486,18.799999237060547,210.24000549316415,301.1400146484375,30.940000534057617,,26.63999938964844,,6.909999847412109,9.529999732971191,1.116999969482422,174.0128936767578,25.785,14.335999755859374,142.5800018310547,9.920000076293944,1.4950000047683716,56.09000015258789,18.91200065612793,,23.11360107421875,47.86086181640625,37.79999923706055,13.899999618530272,84.13999938964844,3.3299999237060547,2.810466051101685,5.447999954223633,50.85499954223633,3.06,4120.509765625,7138.39990234375,4535.43017578125
2021-09-10,,103.68000030517578,9.65999984741211,0.1700000017881393,12.380000114440918,16.559999465942383,,,732.0999755859375,1.703508973121643,81.73,2.17,,277.6000061035156,30.88999938964844,,39.36000061035156,28.850000381469727,329.16,1.350000023841858,27.902999877929688,,66.0999984741211,26.84,2.8499999046325684,0.115,,,98.75,74.33999633789062,5.460000038146973,,3.753999938964844,0.2772225035727024,154.4149932861328,6.090000152587891,8.539999961853027,112.56999969482422,14.145000457763672,104.13999938964844,104.80999755859376,14.28,55.72999954223633,,15.4399995803833,6.96,56.560001373291016,,,6.050000190734863,18.399999618530273,207.36000823974615,295.7099914550781,30.13999938964844,,26.280000686645508,,8.199999809265137,9.0,1.0918000030517578,167.53799438476562,25.315,14.18800048828125,146.0800018310547,9.989999771118164,1.590000033378601,55.27999877929688,18.886999130249023,,23.08389892578125,47.63226379394531,37.1150016784668,15.899999618530272,83.4749984741211,3.299999952316284,3.358607053756714,5.383999824523926,49.689998626708984,3.08,4056.18994140625,7029.2001953125,4458.580078125
2021-09-17,,102.76000213623048,9.720000267028809,0.1700000017881393,11.970000267028809,14.579999923706056,,,730.9000244140625,1.858373999595642,80.63,2.165,,276.760009765625,31.780000686645508,,37.81999969482422,24.56999969482422,328.58,1.3600000143051147,27.961999893188477,,63.20000076293945,26.44,2.930000066757202,0.1125,,,98.94499969482422,73.1500015258789,5.809999942779541,,3.760499877929687,0.2772225035727024,154.9600067138672,6.135000228881836,8.739999771118164,111.81999969482422,14.012499809265137,102.8000030517578,104.86000061035156,14.22,55.75,,16.15999984741211,6.805,55.709999084472656,,,5.010000228881836,18.780000686645508,198.71999359130868,299.8699951171875,30.670000076293945,,28.709999084472656,,8.470000267028809,8.800000190734863,1.11,158.31126403808594,24.865,14.56,149.52000427246094,10.0,1.7999999523162842,54.61999893188476,18.85099983215332,,22.10780029296875,47.13897766113281,36.650001525878906,15.170000076293944,83.00499725341797,3.109999895095825,3.039689064025879,5.36899995803833,49.27000045776367,3.63,4023.330078125,6963.60009765625,4432.990234375
2021-09-24,,102.9499969482422,9.6899995803833,0.1500000059604644,11.579999923706056,14.260000228881836,,,739.4000244140625,1.80997896194458,88.45,2.125,,277.8699951171875,32.900001525878906,,37.66999816894531,24.239999771118164,330.525,1.2599999904632568,27.993000030517575,,58.709999084472656,26.43,2.9800000190734863,0.11,,,98.79000091552734,71.76000213623047,5.449999809265137,,3.754500122070313,0.2772225035727024,154.9149932861328,6.1875,9.09000015258789,110.18000030517578,13.857500076293944,102.51000213623048,104.77999877929688,14.3475,55.189998626708984,,16.149999618530273,6.892999877929688,55.45000076293945,,,4.920000076293945,18.0,223.2000045776368,299.3500061035156,30.049999237060547,,28.559999465942383,,7.789999961853027,8.8100004196167,1.325,155.23568725585938,25.01,15.29199951171875,147.9600067138672,10.140000343322754,1.5,55.14500045776367,19.04800033569336,,21.77070068359375,48.005238647460935,36.6150016784668,13.3100004196167,83.30000305175781,2.940000057220459,2.790534019470215,5.428999900817871,49.27000045776367,3.405,4062.199951171875,7051.5,4455.47998046875
2021-10-01,,100.76000213623048,9.699999809265137,0.1449999958276748,10.800000190734863,15.479999542236328,,,632.5,1.679311990737915,87.73,1.875,,275.7099914550781,33.599998474121094,,37.11000061035156,22.309999465942383,324.615,1.25,27.829999923706055,,39.90999984741211,26.29,3.25,0.105,,,98.4250030517578,69.75499725341797,5.849999904632568,,3.886499938964844,0.2772225035727024,155.9499969482422,6.304999828338623,8.470000267028809,109.23999786376952,13.670000076293944,102.13999938964844,104.45999908447266,13.9075,52.81999969482422,,15.800000190734863,6.874000244140625,53.470001220703125,,1.8450000286102295,4.610000133514404,17.899999618530273,208.79999542236337,289.1000061035156,29.0,,24.329999923706055,,8.1899995803833,8.430000305175781,1.428800048828125,156.53067016601562,25.33,16.47800048828125,137.6999969482422,10.109999656677246,1.274999976158142,53.915000915527344,18.04700088500977,,21.22699951171875,47.80070068359375,35.66999816894531,12.859999656677246,81.86000061035156,2.609999895095825,2.720771074295044,5.35099983215332,47.2599983215332,3.355,4028.969970703125,7027.10009765625,4357.0400390625
2021-10-08,,101.4499969482422,9.829999923706056,0.1550000011920929,8.180000305175781,14.539999961853027,,,634.5999755859375,1.417978048324585,88.89,1.8,,284.1400146484375,35.599998474121094,,37.93000030517578,19.15999984741211,328.78,1.1349999904632568,27.969999313354492,,35.61000061035156,26.43,2.990000009536743,0.1075,,,97.9749984741211,67.91000366210938,4.980000019073486,,4.195499877929687,0.2772225035727024,153.49000549316406,6.46750020980835,8.40999984741211,108.58000183105467,13.447500228881836,101.48999786376952,104.0999984741211,14.0725,51.709999084472656,,14.09000015258789,6.9429998779296875,54.220001220703125,,2.4000000953674316,4.710000038146973,18.6200008392334,239.04000091552743,294.8500061035156,27.0,,23.5,,7.75,8.329999923706055,1.4369999694824218,141.96214294433594,25.16,17.085999755859376,137.66000366210938,10.020000457763672,1.2400000095367432,54.21500015258789,18.03300094604492,,21.66330078125,46.519359741210934,34.98500061035156,11.68000030517578,82.55500030517578,5.550000190734863,3.4881680011749268,5.369999885559082,47.529998779296875,3.285,4046.7099609375,7095.60009765625,4391.33984375
2021-10-15,,103.62999725341795,9.710000038146973,0.1599999964237213,9.260000228881836,16.639999389648438,,,676.2999877929688,1.600000023841858,87.95,1.75,,284.2099914550781,36.349998474121094,,42.005001068115234,20.84000015258789,330.53,1.100000023841858,28.479999542236328,,38.02000045776367,26.81,2.9600000381469727,0.105,,,96.38999938964844,69.87000274658203,5.050000190734863,,4.3420001220703135,0.2772225035727024,152.6199951171875,6.572500228881836,8.59000015258789,109.12000274658205,13.637499809265137,101.8499984741211,104.4499969482422,14.21,52.5099983215332,,14.93000030517578,7.084000244140625,55.470001220703125,,2.240000009536743,6.28000020980835,18.299999237060547,227.51998901367196,304.2099914550781,25.5,,24.0,,7.880000114440918,8.600000381469727,1.4455999755859374,144.8758544921875,25.135,17.72,141.25999450683594,10.06999969482422,1.3949999809265137,55.23500061035156,18.320999145507812,,22.32530029296875,46.362952880859375,35.68000030517578,11.5600004196167,83.38999938964844,4.099999904632568,3.4283699989318848,5.448999881744385,48.09000015258789,3.675,4123.97021484375,7234.0,4471.3701171875
2021-10-22,,104.91000366210938,9.710000038146973,0.1550000011920929,9.300000190734863,17.799999237060547,,,690.5,1.5399999618530271,89.96,2.08,,289.239990234375,36.29999923706055,,39.70000076293945,20.700000762939453,335.73,1.1299999952316284,28.680999755859375,,37.81999969482422,26.71,2.930000066757202,0.115,,,95.94499969482422,69.66000366210938,4.760000228881836,,4.347999877929687,0.2772225035727024,151.35000610351562,6.474999904632568,8.5600004196167,108.38999938964844,13.59000015258789,101.6500015258789,104.0500030517578,14.47,51.95000076293945,,14.550000190734863,7.050999755859375,56.47999954223633,,2.240000009536743,7.420000076293945,18.1200008392334,224.639991760254,309.1600036621094,22.850000381469727,12.739999771118164,24.43000030517578,,7.429999828338623,8.100000381469727,1.3510000610351562,162.27713012695312,25.44,17.49199951171875,139.55999755859375,10.25,1.3899999856948853,55.70999908447266,18.66200065612793,,23.3522998046875,46.83819396972656,35.529998779296875,13.390000343322754,84.16999816894531,3.7899999618530273,3.458268880844116,5.468999862670898,49.029998779296875,3.95,4108.91015625,7204.60009765625,4544.89990234375
2021-10-29,,105.30999755859376,9.75,0.1525000035762787,9.425000190734863,16.200000762939453,,,700.5,1.4600000381469729,90.94,1.935,,287.010009765625,36.029998779296875,,38.5099983215332,22.11000061035156,341.92,1.125,29.06999969482422,,36.720001220703125,26.39,2.940000057220459,0.1175,,,96.29499816894533,73.47000122070312,5.190000057220459,,4.415,0.2772225035727024,153.22000122070312,6.480000019073486,8.890000343322754,109.4000015258789,13.947500228881836,101.62000274658205,104.12999725341795,14.73,51.959999084472656,,13.899999618530272,7.087000122070313,57.20000076293945,,2.240000009536743,9.56999969482422,17.200000762939453,197.2800064086915,331.6199951171875,25.079999923706055,12.899999618530272,25.8799991607666,,7.71999979019165,8.0600004196167,1.3183999633789063,144.39022827148438,25.33,16.81,140.27999877929688,12.210000038146973,1.3200000524520874,56.069999694824226,18.982999801635746,,23.06330078125,47.06678649902344,35.8650016784668,12.510000228881836,84.97000122070312,3.619999885559082,3.3785390853881836,5.497000217437744,49.375,3.515,4129.16015625,7237.60009765625,4605.3798828125
2021-11-05,,107.0199966430664,9.75,0.1749999970197677,10.5600004196167,15.539999961853027,,,737.0999755859375,1.6299999952316284,93.09,1.955,,287.8800048828125,35.720001220703125,,38.47999954223633,22.440000534057617,355.495,1.0700000524520874,28.975000381469727,,37.5,26.83,2.7699999809265137,0.1175,,,96.8249969482422,75.05000305175781,5.730000019073486,,4.3725,0.2772225035727024,157.07000732421875,6.452499866485596,9.149999618530272,110.22000122070312,14.167499542236328,102.37999725341795,104.9499969482422,15.59,53.33000183105469,,15.6899995803833,7.154000244140625,58.40999984741211,,2.240000009536743,10.210000038146973,16.420000076293945,201.59999084472665,336.05999755859375,24.000999450683594,12.600000381469728,26.0,,8.40999984741211,7.900000095367432,1.4294000244140626,159.7681121826172,26.225,16.834000244140626,145.5800018310547,11.380000114440918,1.3799999952316284,57.84000015258789,21.065000534057617,,22.87989990234375,46.92240966796875,36.6349983215332,12.43000030517578,87.86499786376953,3.799999952316284,3.219079971313477,5.764500141143799,49.685001373291016,3.56,4175.97021484375,7304.0,4697.52978515625
2021-11-12,,107.06999969482422,9.729999542236328,0.1599999964237213,9.140000343322754,15.65999984741211,,,738.9000244140625,1.5449999570846558,88.01,1.92,,285.989990234375,35.529998779296875,,39.33000183105469,21.700000762939453,355.515,1.059999942779541,29.079999923706055,,37.900001525878906,27.57,2.7799999713897705,0.1175,,,96.55999755859376,74.05500030517578,5.929999828338623,,4.3420001220703135,0.2772225035727024,155.8350067138672,6.460000038146973,6.320000171661377,108.80999755859376,13.979999542236328,102.0999984741211,102.30999755859376,15.6725,52.959999084472656,,15.229999542236328,7.199000244140625,58.38999938964844,,1.950000047683716,13.899999618530272,13.720000267028809,190.08000183105477,336.7200012207031,23.510000228881836,12.539999961853027,22.829999923706055,,7.800000190734863,8.170000076293945,1.432799987792969,181.29714965820312,27.09,16.41199951171875,148.39999389648438,11.979999542236328,1.3600000143051147,58.095001220703125,21.434999465942383,,23.96919921875,47.108897094726565,36.584999084472656,10.5600004196167,88.24500274658203,3.380000114440918,3.259999990463257,5.754000186920166,49.7599983215332,3.705,4194.89013671875,7347.89990234375,4682.85009765625
2021-11-19,,106.58000183105467,9.729999542236328,0.1599999964237213,7.914999961853027,15.420000076293944,,,759.9000244140625,1.5499999523162842,84.79,1.88,,279.989990234375,34.08000183105469,,38.93000030517578,21.280000686645508,356.625,0.949999988079071,28.690000534057617,,35.349998474121094,27.01,2.7200000286102295,0.11,,,96.3000030517578,74.78500366210938,5.900000095367432,,4.317000122070313,0.2772225035727024,155.63999938964844,6.380000114440918,5.420000076293945,108.6999969482422,14.06999969482422,102.0500030517578,102.0,16.0025,52.86000061035156,,16.049999237060547,7.089000244140625,58.540000915527344,,1.9700000286102295,10.229999542236328,9.890000343322754,172.79999542236334,343.1099853515625,21.559999465942383,12.5,21.40999984741211,,7.769999980926514,7.579999923706055,1.36,182.51119995117188,26.935,16.094000244140624,155.1999969482422,13.4399995803833,1.3200000524520874,57.189998626708984,22.042499542236328,,23.805,46.30881225585937,36.470001220703125,10.18000030517578,87.7300033569336,3.2899999618530273,3.059999942779541,5.633999824523926,49.505001068115234,3.5,4135.1201171875,7223.60009765625,4697.9599609375
2021-11-26,,103.37000274658205,9.739999771118164,0.1650000065565109,7.690000057220459,15.479999542236328,,,685.5999755859375,1.2050000429153442,84.11,1.815,,283.0899963378906,31.8799991607666,,38.099998474121094,17.68000030517578,351.5,0.8700000047683716,27.979999542236328,,32.369998931884766,25.97,2.8299999237060547,0.105,,,94.9499969482422,76.4800033569336,5.650000095367432,,4.140499877929687,0.2772225035727024,157.7100067138672,6.235000133514404,5.019999980926514,105.6500015258789,14.25,100.8000030517578,100.38999938964844,15.67,50.540000915527344,,14.619999885559082,6.92,56.65999984741211,,1.8849999904632568,9.479999542236328,10.739999771118164,211.67999267578136,329.67999267578125,20.209999084472656,10.899999618530272,21.030000686645508,,7.190000057220459,6.590000152587891,1.2155999755859377,163.49118041992188,26.305,15.56199951171875,145.24000549316406,12.1899995803833,1.2899999618530271,55.14500045776367,21.352500915527344,,22.6947998046875,47.54202758789062,35.04999923706055,10.25,85.8550033569336,3.059999942779541,3.190000057220459,5.418000221252441,48.814998626708984,3.33,4020.3798828125,7044.0,4594.6201171875
2021-12-03,,102.33000183105467,9.739999771118164,0.1550000011920929,7.284999847412109,15.079999923706056,,,681.2000122070312,1.1449999809265137,81.91,1.82,,277.42999267578125,31.334999084472656,,37.939998626708984,17.06999969482422,349.94,0.8799999952316284,27.655000686645508,,27.719999313354492,26.4,2.680000066757202,0.105,2.65,,95.76000213623048,77.57499694824219,5.239999771118164,,4.297000122070313,0.2772225035727024,159.97000122070312,6.037499904632568,4.949999809265137,108.12000274658205,14.338749885559082,101.47000122070312,101.37000274658205,15.6625,50.77000045776367,,10.949999809265137,6.994000244140625,55.88999938964844,,1.6200000047683716,7.570000171661377,12.779999732971191,162.72000503540045,323.010009765625,19.649999618530273,11.039999961853027,18.979999542236328,,6.599999904632568,5.75,1.249000015258789,161.22496032714844,26.18,16.514000244140625,146.5399932861328,10.90999984741211,1.25,55.294998168945305,21.6200008392334,,21.464599609375,46.66975158691406,35.22999954223633,9.989999771118164,85.55000305175781,2.6500000953674316,2.930000066757202,5.369500160217285,47.77000045776367,3.18,4059.320068359375,7122.2998046875,4538.43017578125
2021-12-10,,105.62999725341795,9.75,0.1500000059604644,7.760000228881836,15.619999885559082,,1.600000023841858,685.0,1.1200000047683716,81.93,1.96,,288.2300109863281,32.90999984741211,,38.20000076293945,17.440000534057617,360.94,0.75,28.045000076293945,,29.010000228881836,26.95,2.690000057220459,0.1075,1.8,,96.24500274658205,77.81999969482422,5.090000152587891,,4.386499938964843,0.2772225035727024,159.2449951171875,6.050000190734863,5.610000133514404,108.9800033569336,14.390000343322754,102.04000091552734,102.0199966430664,16.4125,51.70500183105469,,10.829999923706056,7.157999877929687,57.540000915527344,,1.4550000429153442,7.380000114440918,13.220000267028809,165.60000228881842,342.5400085449219,19.6200008392334,10.079999923706056,18.940000534057617,,6.769999980926514,6.110000133514404,1.228000030517578,171.58480834960938,26.32,16.59800048828125,151.0399932861328,11.520000457763672,1.159999966621399,57.02000045776367,21.967500686645508,,21.02679931640625,48.31203735351563,35.654998779296875,11.5,88.08000183105469,2.940000057220459,2.9000000953674316,5.48199987411499,49.209999084472656,3.25,4146.89990234375,7291.7998046875,4712.02001953125
2021-12-17,,102.7699966430664,9.779999732971191,0.135000005364418,7.579999923706055,15.399999618530272,,1.2999999523162842,662.0,1.1399999856948853,85.13,1.9,,293.6600036621094,32.58000183105469,,38.095001220703125,15.800000190734863,357.44,0.7099999785423279,28.08300018310547,,29.8799991607666,26.34,2.6700000762939453,0.1175,1.8,,96.52999877929688,76.1449966430664,4.670000076293945,,4.454500122070313,0.2772225035727024,159.6300048828125,6.067500114440918,5.059999942779541,108.16000366210938,14.207500457763672,102.13999938964844,102.12999725341795,15.9675,51.650001525878906,,9.760000228881836,7.080999755859375,56.869998931884766,,1.3899999856948853,6.869999885559082,16.719999313354492,161.27999496459967,323.79998779296875,19.700000762939453,8.449999809265137,19.059999465942383,,7.429999828338623,6.239999771118164,1.143000030517578,141.47653198242188,26.53,15.93,147.89999389648438,9.15999984741211,1.2000000476837158,56.41999816894532,21.395000457763672,,21.746201171875,47.90898742675781,35.255001068115234,12.18000030517578,87.22000122070312,2.990000009536743,2.759999990463257,5.416500091552734,50.439998626708984,3.275,4130.93994140625,7269.89990234375,4620.64013671875
2021-12-24,,105.0999984741211,9.779999732971191,0.1400000005960464,7.519999980926514,15.220000267028809,,1.440000057220459,702.9000244140625,1.1349999904632568,86.11,1.895,,294.489990234375,33.45500183105469,,38.65999984741211,16.170000076293945,358.45,0.75,28.16200065612793,,29.940000534057617,26.205,2.5999999046325684,0.11625,1.575,,96.84500122070312,74.05000305175781,4.690000057220459,,4.477000122070313,0.2772225035727024,156.8249969482422,6.204999923706055,5.170000076293945,107.94000244140624,13.97249984741211,102.38500213623048,102.9250030517578,16.19,51.35499954223633,,10.329999923706056,7.187999877929688,57.76499938964844,,1.3899999856948853,8.010000228881836,18.260000228881836,155.52000045776373,334.69000244140625,21.010000228881836,9.350000381469728,18.93000030517578,,8.199999809265137,8.15999984741211,1.2162000274658205,153.45509338378906,26.29,16.44,150.22000122070312,10.65999984741211,1.215000033378601,57.11500167846679,22.042499542236328,,21.764599609375,47.5540576171875,36.029998779296875,10.350000381469728,87.44000244140625,2.930000066757202,2.819999933242798,5.468999862670898,50.994998931884766,3.48,4194.35009765625,7372.10009765625,4725.7900390625
2021-12-31,,105.77999877929688,9.789999961853027,0.1400000005960464,7.440000057220459,15.640000343322754,,1.440000057220459,706.7000122070312,1.125,86.78,1.95,,299.0,34.38999938964844,,39.1349983215332,15.09000015258789,361.57,0.7400000095367432,25.79700088500977,,26.549999237060547,26.47,2.680000066757202,0.115,1.425,,96.91999816894533,74.0,4.630000114440918,,4.486499938964844,0.2772225035727024,155.9250030517578,6.204999923706055,4.619999885559082,108.7699966430664,13.914999961853027,102.6500015258789,102.55999755859376,16.24,51.060001373291016,,12.0600004196167,7.199000244140625,58.400001525878906,,1.434999942779541,6.630000114440918,17.81999969482422,144.00000000000006,336.32000732421875,23.0,10.199999809265137,18.209999084472656,,8.010000228881836,7.869999885559082,1.2287999725341796,159.12062072753906,26.315,16.21800048828125,152.67999267578125,8.739999771118164,1.3300000429153442,57.29499816894531,21.975000381469727,,22.167099609375,47.46984191894531,36.34000015258789,10.399999618530272,87.75,2.7100000381469727,2.859999895095825,5.485000133514404,51.505001068115234,3.4,4208.02001953125,7384.5,4766.18017578125
2022-01-07,,104.27999877929688,9.81999969482422,0.1400000005960464,7.010000228881836,16.239999771118164,,1.2999999523162842,664.9000244140625,1.1050000190734863,83.99,2.0,,319.7799987792969,36.2599983215332,,38.880001068115234,13.010000228881836,352.09,0.7950000166893005,26.049999237060547,,25.13999938964844,26.1,2.4000000953674316,0.115,1.45,,96.2249984741211,70.7699966430664,4.46999979019165,,4.8229998779296865,0.2772225035727024,151.3249969482422,6.355000019073486,4.75,105.8499984741211,13.625,102.4000015258789,101.4800033569336,15.36,50.7400016784668,,10.279999732971191,7.297000122070313,56.68000030517578,,1.399999976158142,7.260000228881836,15.199999809265137,139.6800041198731,314.0400085449219,22.25,9.619999885559082,16.559999465942383,,7.03000020980835,6.449999809265137,1.2713999938964844,154.58819580078125,25.73,17.365999755859374,152.16000366210938,7.710000038146973,1.2899999618530271,57.04499816894531,21.125,,21.3547998046875,47.3374951171875,36.119998931884766,9.960000038146973,85.80999755859375,2.799999952316284,2.9700000286102295,5.372000217437744,49.1150016784668,3.61,4249.43017578125,7485.2998046875,4677.02978515625
2022-01-14,,104.47000122070312,9.729999542236328,0.1400000005960464,6.25,15.640000343322754,,1.3200000524520874,642.2000122070312,1.3350000381469729,85.44,1.885,,324.1300048828125,37.77000045776367,,39.20000076293945,11.609999656677246,346.56,0.8799999952316284,25.70400047302246,,22.100000381469727,26.53,2.549999952316284,0.115,1.3,,96.1750030517578,71.43000030517578,4.820000171661377,,5.165999755859375,0.2772225035727024,150.6199951171875,6.46750020980835,5.130000114440918,104.51000213623048,13.6899995803833,102.0,101.6999969482422,15.1025,51.22999954223633,,9.510000228881836,7.362999877929688,55.869998931884766,,1.2799999713897705,6.440000057220459,28.0,144.00000000000006,310.20001220703125,22.979999542236328,8.350000381469727,16.010000228881836,,6.760000228881836,5.840000152587891,1.2523999786376951,133.54476928710938,25.935,18.205999755859377,145.86000061035156,8.300000190734863,1.3600000143051147,56.54999923706055,21.354999542236328,,22.1797998046875,47.36155517578125,35.2400016784668,10.010000228881836,85.01000213623047,2.940000057220459,3.319999933242798,5.273499965667725,48.505001068115234,3.37,4256.58984375,7543.0,4662.85009765625
2022-01-21,,99.5199966430664,9.699999809265137,0.1400000005960464,6.164999961853027,15.300000190734863,,1.2899999618530271,629.2999877929688,1.2100000381469729,87.52,1.885,,305.2200012207031,38.709999084472656,,40.345001220703125,10.260000228881836,337.65,0.800000011920929,25.760000228881836,,18.149999618530273,26.46,2.4000000953674316,0.115,1.2,,95.72000122070312,70.73500061035156,4.429999828338623,,5.053999938964844,0.2772225035727024,151.6649932861328,6.602499961853027,4.110000133514404,104.87000274658205,13.612500190734863,101.61000061035156,101.0999984741211,14.6725,49.97999954223633,,9.1899995803833,7.317999877929688,54.459999084472656,,1.2400000095367432,5.670000076293945,27.200000762939453,133.91999816894537,296.0299987792969,20.86000061035156,8.109999656677246,13.529999732971191,,5.070000171661377,5.400000095367432,1.1972000122070312,123.02306365966795,26.39,18.074000244140624,144.52000427246094,7.619999885559082,1.2100000381469729,55.84000015258789,19.969999313354492,,23.35030029296875,44.21535095214844,34.525001525878906,9.420000076293944,83.73500061035156,2.8299999237060547,3.5199999809265137,5.120500087738037,47.67499923706055,3.26,4217.31005859375,7494.10009765625,4397.93994140625
2022-01-28,,98.93000030517578,9.65999984741211,0.1299999952316284,5.5,13.239999771118164,,1.2599999904632568,566.0999755859375,1.059999942779541,87.67,1.79,,312.8999938964844,39.470001220703125,,38.279998779296875,10.3100004196167,332.06,0.7350000143051147,26.25,,17.43000030517578,25.45,2.140000104904175,0.1075,1.02,,94.5,69.80999755859375,4.199999809265137,,5.282999877929687,0.2772225035727024,152.9600067138672,6.737500190734863,3.900000095367432,104.4000015258789,13.515000343322754,100.33499908447266,99.75,14.4675,47.70000076293945,,8.029999732971191,7.292000122070313,52.79999923706055,,1.0700000524520874,5.329999923706055,24.899999618530273,128.1600036621094,308.260009765625,19.649999618530273,8.260000228881836,12.710000038146973,,5.199999809265137,4.519999980926514,1.130199966430664,118.32876586914062,25.925,18.95199951171875,138.33999633789062,5.980000019073486,1.0299999713897705,54.71500015258789,18.475000381469727,,21.60199951171875,45.55685028076172,33.599998474121094,8.829999923706055,81.61499786376953,2.819999933242798,3.059999942779541,4.9352498054504395,46.779998779296875,3.16,4182.580078125,7466.10009765625,4431.85009765625
2022-02-04,,100.88999938964844,9.760000228881836,0.1299999952316284,5.050000190734863,14.0,,1.1699999570846558,564.2000122070312,1.1399999856948853,82.82,1.85,,314.989990234375,41.22999954223633,,39.2400016784668,10.600000381469728,337.8,0.7200000286102295,26.260000228881836,,18.729999542236328,25.97,2.0299999713897705,0.1175,1.275,,93.51499938964844,67.87000274658203,4.340000152587891,,5.45,0.2772225035727024,149.89500427246094,6.869999885559082,3.910000085830689,103.94000244140624,13.289999961853027,99.0999984741211,99.25,14.6475,49.0099983215332,,9.020000457763672,7.352000122070312,53.720001220703125,,1.225000023841858,5.679999828338623,24.649999618530273,116.64000320434576,305.94000244140625,20.229999542236328,8.0,12.9399995803833,,5.420000076293945,4.429999828338623,1.135999984741211,122.6993179321289,25.98,20.37,132.83999633789062,6.53000020980835,1.0850000381469729,55.16999816894531,19.108999252319336,,21.6060009765625,45.899744567871096,33.689998626708984,9.170000076293944,82.81999969482422,3.240000009536743,3.650000095367432,5.02400016784668,47.685001373291016,3.1,4208.60986328125,7516.39990234375,4500.52978515625
2022-02-11,,99.6500015258789,9.710000038146973,0.1199999973177909,4.980000019073486,13.899999618530272,,1.1399999856948853,569.5,1.1200000047683716,85.1,1.93,,319.1400146484375,41.095001220703125,,39.66999816894531,10.710000038146973,337.47,0.7300000190734863,26.719999313354492,,16.1299991607666,26.42,2.1600000858306885,0.1225,1.125,,93.01000213623048,65.8499984741211,4.349999904632568,,5.672000122070313,0.2772225035727024,147.72999572753906,6.829999923706055,3.8299999237060542,102.1500015258789,13.06999969482422,98.9000015258789,98.58000183105467,14.6175,49.38999938964844,,8.48799991607666,7.495999755859375,53.72999954223633,,1.100000023841858,6.599999904632568,23.549999237060547,128.1600036621094,295.0400085449219,20.746999740600582,10.0,13.130000114440918,,1.3899999856948853,4.460000038146973,1.209000015258789,126.9080047607422,26.32,20.39,141.44000244140625,7.409999847412109,1.1349999904632568,55.639999389648445,19.450000762939453,,21.979599609375,47.09686706542968,34.16999816894531,9.470000267028809,83.44499969482422,3.3299999237060547,3.569999933242798,5.1519999504089355,47.720001220703125,3.32,4286.3798828125,7661.0,4418.64013671875
2022-02-18,,98.5500030517578,9.670000076293944,0.125,4.317999839782715,12.899999618530272,,1.0499999523162842,570.4000244140625,1.0449999570846558,88.01,1.91,,314.79998779296875,40.869998931884766,,40.14500045776367,10.0,327.99,0.7149999737739563,26.100000381469727,,15.199999809265137,26.01,2.0,0.11625,1.074000015258789,,92.78500366210938,67.8499984741211,4.340000152587891,,5.444000244140625,0.2772225035727024,149.24000549316406,6.987500190734863,3.430000066757202,102.13999938964844,13.3100004196167,98.58000183105467,98.0,14.0775,48.81999969482422,,9.0,7.362000122070312,52.400001525878906,,1.0700000524520874,6.329999923706055,21.649999618530273,118.08000183105472,287.92999267578125,20.450000762939453,10.460000038146973,11.020000457763672,,1.2200000286102295,4.409999847412109,1.1705999755859375,110.23514556884766,27.17,19.57,136.33999633789062,7.420000076293945,1.2000000476837158,54.380001068115234,18.652999877929688,,22.818701171875,46.41107849121094,33.125,9.079999923706056,81.37000274658203,3.4100000858306885,3.0799999237060547,5.039999961853027,46.630001068115234,3.105,4195.4501953125,7513.60009765625,4348.8701171875
2022-02-25,,98.56999969482422,9.710000038146973,0.1099999994039535,3.9800000190734863,12.100000381469728,,1.100000023841858,589.0999755859375,0.9900000095367432,89.95,1.875,,319.239990234375,41.959999084472656,,39.775001525878906,9.869999885559082,332.87,0.6499999761581421,26.799999237060547,,16.899999618530273,25.47,1.809999942779541,0.11125,1.05,,93.4250030517578,65.91000366210938,4.010000228881836,,5.38,0.2772225035727024,150.6999969482422,7.03000020980835,3.4000000953674316,99.6999969482422,13.130000114440918,99.0,99.30999755859376,14.3575,48.41999816894531,,8.390000343322754,7.359000244140625,52.45000076293945,,0.8299999833106995,6.690000057220459,21.350000381469727,120.95999908447271,297.30999755859375,19.520000457763672,9.4399995803833,11.470000267028809,,1.059999942779541,4.420000076293945,1.0608000183105468,108.13079833984376,27.45,20.005,129.72000122070312,7.639999866485596,1.159999966621399,53.915000915527344,19.27400016784668,,23.2402001953125,44.985357971191405,32.41999816894531,8.630000114440918,81.76499938964844,3.799999952316284,2.7300000190734863,5.064000129699707,47.43000030517578,3.19,4167.08984375,7489.5,4384.64990234375
2022-03-04,,95.18000030517578,9.729999542236328,0.1199999973177909,3.421999931335449,10.640000343322754,,1.190000057220459,533.5999755859375,0.9700000286102296,86.79,1.845,,325.3399963378906,51.18000030517578,,43.38999938964844,8.930000305175781,332.65,0.6100000143051147,27.280000686645508,,16.059999465942383,24.495,1.9800000190734863,0.10625,1.05,,92.66500091552734,68.74500274658203,4.0,,4.676499938964843,0.2772225035727024,156.7050018310547,7.922500133514404,2.990000009536743,94.6999969482422,13.462499618530272,97.01000213623048,98.68000030517578,14.125,46.880001068115234,,8.289999961853027,6.87,51.27000045776367,,0.8100000023841858,8.770000457763672,22.200000762939453,105.12000274658207,289.8599853515625,19.299999237060547,9.399999618530272,10.960000038146973,,0.9020000100135804,4.0,0.902300033569336,102.78900909423828,28.955,18.334000244140626,113.22000122070312,6.760000228881836,1.100000023841858,49.29499816894531,18.6299991607666,,24.14159912109375,41.033048400878904,30.094999313354492,9.079999923706056,80.20500183105469,3.700000047683716,2.7899999618530273,4.98799991607666,47.06999969482422,3.385,3884.429931640625,6987.10009765625,4328.8701171875
2022-03-11,,92.8499984741211,9.729999542236328,0.1150000020861625,4.27400016784668,11.68000030517578,,1.340000033378601,542.7999877929688,0.959999978542328,92.75,1.79,,326.6000061035156,50.439998626708984,,41.27000045776367,9.1899995803833,332.81,0.5299999713897705,28.200000762939453,,15.0600004196167,23.96,1.919999957084656,0.1025,0.975,,91.5199966430664,65.11499786376953,4.010000228881836,,4.7964999389648435,0.2772225035727024,154.63999938964844,7.755000114440918,2.390000104904175,95.06999969482422,13.05500030517578,96.22000122070312,96.95999908447266,13.9875,45.34000015258789,,8.369999885559082,7.06,50.779998779296875,,0.7749999761581421,10.539999961853027,22.0,113.75999450683598,280.07000732421875,18.510000228881836,8.210000038146973,11.390000343322754,,0.9739999771118164,4.099999904632568,0.9351000213623047,107.64517974853516,29.64,19.635999755859373,127.27999877929688,7.710000038146973,1.284999966621399,51.20000076293946,18.385000228881836,,24.625400390625,40.80445037841797,31.3799991607666,9.4399995803833,80.38999938964844,5.590000152587891,2.7100000381469727,5.070000171661377,46.96500015258789,4.32,3988.89990234375,7155.60009765625,4204.31005859375
2022-03-18,,98.93000030517578,9.739999771118164,0.1099999994039535,4.211999893188477,12.020000457763672,,1.3200000524520874,609.9000244140625,0.9300000071525574,95.36,1.83,,342.4100036621094,48.875,,41.834999084472656,9.770000457763672,344.21,0.550000011920929,27.63999938964844,,18.36000061035156,25.025,2.0999999046325684,0.105,1.015,,92.31500244140624,64.69499969482422,4.400000095367432,,5.01,0.2772225035727024,151.4250030517578,7.65500020980835,2.740000009536743,96.77999877929688,13.015000343322754,95.91999816894533,98.0749969482422,14.6275,47.67499923706055,,8.90999984741211,7.280999755859375,53.310001373291016,,0.8949999809265137,9.350000381469728,19.059999465942383,108.00000000000004,300.42999267578125,19.042999267578125,8.199999809265137,12.81999969482422,,1.059999942779541,4.929999828338623,0.9318000030517578,109.9113998413086,28.54,19.41800048828125,136.0399932861328,8.630000114440918,1.2999999523162842,53.970001220703125,19.468000411987305,,24.22139892578125,41.15336242675781,32.66999816894531,10.100000381469728,83.41999816894531,7.789999961853027,2.890000104904175,5.235499858856201,49.19499969482422,3.95,4135.3701171875,7404.7001953125,4463.1201171875
2022-03-25,,99.9800033569336,9.739999771118164,0.1150000020861625,4.00600004196167,12.020000457763672,,0.800000011920929,620.2000122070312,0.9200000166893004,98.43,1.915,,358.760009765625,54.23500061035156,,41.599998474121094,9.220000267028809,350.45,0.5899999737739563,29.39699935913086,,18.760000228881836,24.87,2.25,0.0975,1.0,,91.91999816894533,63.03499984741211,4.0,,5.167999877929687,0.2772225035727024,147.18499755859375,8.119999885559082,2.75,95.04000091552734,12.795000076293944,95.87999725341795,97.33000183105467,15.0075,47.81999969482422,,7.96999979019165,7.354000244140625,53.86000061035156,,0.824999988079071,9.1899995803833,19.13999938964844,102.2400054931641,303.67999267578125,19.100000381469727,7.75,12.970000267028809,,0.8949999809265137,4.670000076293945,1.1013999938964845,101.00841522216795,28.93,21.105,128.3800048828125,9.170000076293944,1.3700000047683716,53.59000015258789,20.012500762939453,,24.58989990234375,40.74429473876953,32.45500183105469,10.220000267028809,84.38500213623047,9.4399995803833,2.7100000381469727,5.239500045776367,49.130001068115234,4.235,4165.330078125,7483.39990234375,4543.06005859375
2022-04-01,,100.43000030517578,9.779999732971191,0.1000000014901161,4.395999908447266,14.0,,0.7300000190734863,606.7000122070312,0.959999978542328,100.76,1.94,,351.8800048828125,49.654998779296875,,41.7400016784668,9.220000267028809,353.69,0.6000000238418579,28.850000381469727,,20.219999313354492,25.51,2.180000066757202,0.1125,0.975,,92.74500274658205,64.4749984741211,3.8299999237060542,,5.289000244140625,0.2772225035727024,148.92999267578125,7.820000171661377,2.569999933242798,97.16999816894533,12.954999923706056,96.5500030517578,98.19000244140624,15.145,47.209999084472656,,9.050000190734863,7.417000122070313,54.310001373291016,,0.8100000023841858,8.579999923706055,18.8799991607666,105.12000274658207,309.4200134277344,18.6299991607666,7.639999866485596,13.829999923706056,,0.8999999761581421,4.900000095367432,0.9937000274658204,101.65589904785156,28.68,21.195,126.6999969482422,8.84000015258789,1.2999999523162842,54.7400016784668,19.413000106811523,,23.696298828125,42.20610809326172,32.8849983215332,10.65999984741211,85.48500061035156,8.329999923706055,2.6600000858306885,5.302999973297119,49.80500030517578,4.236000061035156,4199.47998046875,7537.89990234375,4545.85986328125
2022-04-08,,98.91999816894533,9.779999732971191,0.0949999988079071,4.142000198364258,13.720000267028809,,0.6499999761581421,569.2999877929688,0.8999999761581421,109.3,1.84,,353.1000061035156,48.27000045776367,,41.6349983215332,8.260000228881836,355.04,0.5849999785423279,29.850000381469727,,18.350000381469727,25.33,2.0999999046325684,0.1075,1.02,,91.58499908447266,62.53499984741211,3.75,,5.3,0.2772225035727024,146.50999450683594,7.902500152587891,2.5899999141693115,95.16000366210938,12.765000343322754,95.63999938964844,96.66999816894533,14.8125,45.61000061035156,,8.1899995803833,7.55,54.04999923706055,,0.7799999713897705,8.220000267028809,19.5,152.64000320434576,296.9700012207031,18.524999618530273,7.71999979019165,12.699999809265137,,0.9300000071525574,4.070000171661377,0.9427999877929688,98.25657653808594,29.14,21.68,118.0999984741211,8.960000038146973,1.4550000429153442,54.674999237060554,18.38999938964844,,23.6331005859375,42.561032409667966,32.85499954223633,9.460000038146973,85.19499969482422,8.359999656677246,3.049999952316284,5.204999923706055,51.69499969482422,4.732000122070313,4258.22998046875,7669.60009765625,4488.27978515625
2022-04-15,,97.11000061035156,9.81999969482422,0.0879999995231628,3.927999973297119,13.18000030517578,,0.6499999761581421,558.7000122070312,0.9100000262260436,105.36,1.81,,344.3299865722656,51.34000015258789,,41.470001220703125,8.140000343322754,347.67,0.5724999904632568,30.700000762939453,,16.670000076293945,24.905,2.0999999046325684,0.1125,1.015,,89.36000061035156,60.73500061035156,3.4800000190734863,,5.224000244140625,0.2772225035727024,145.38999938964844,8.210000038146973,2.1700000762939453,93.18000030517578,12.5600004196167,95.08000183105467,96.93000030517578,14.315,44.939998626708984,,8.399999618530273,7.497999877929687,53.130001068115234,,0.75,8.359999656677246,18.3799991607666,156.95999908447274,279.8299865722656,19.0,7.599999904632568,12.420000076293944,,0.7870000004768372,4.230000019073486,0.934300003051758,97.28534698486328,29.34,21.92,117.0,8.890000343322754,1.7000000476837158,54.080001831054695,17.89299964904785,,24.62080078125,41.25562866210937,32.775001525878906,9.039999961853027,83.75499725341797,8.920000076293945,2.7300000190734863,5.195499897003174,50.584999084472656,4.71,4232.1201171875,7616.39990234375,4392.58984375
2022-04-22,,94.37999725341795,9.8100004196167,0.0850000008940696,3.635999917984009,12.600000381469728,,0.5799999833106995,571.2000122070312,0.8899999856948853,102.8,1.825,,335.55999755859375,50.90999984741211,,40.88999938964844,7.789999961853027,345.55,0.5400000214576721,31.13999938964844,,14.59000015258789,24.425,2.049999952316284,0.11125,1.0,,88.66999816894531,61.025001525878906,3.8299999237060542,,5.232999877929688,0.2772225035727024,146.34500122070312,8.104999542236328,2.2799999713897705,91.8499984741211,12.545000076293944,94.5999984741211,95.37000274658205,14.2625,43.84000015258789,,8.229999542236328,7.424000244140625,51.790000915527344,,0.6949999928474426,7.090000152587891,16.299999237060547,165.60000228881842,274.0299987792969,17.219999313354492,7.920000076293945,11.960000038146973,,0.7480000257492065,4.159999847412109,0.9156999969482422,94.85726165771484,29.31,21.88,118.23999786376952,7.929999828338623,1.5199999809265137,54.15999984741211,17.972999572753906,,23.36260009765625,42.603143005371095,32.48500061035156,8.890000343322754,83.18499755859375,7.480000019073486,2.890000104904175,5.178500175476074,48.939998626708984,4.313999938964844,4180.64990234375,7521.7001953125,4271.77978515625
2022-04-29,,91.7300033569336,9.789999961853027,0.0729999989271164,3.4200000762939453,11.65999984741211,,0.5899999737739563,548.0,0.8650000095367432,106.88,1.815,,322.8299865722656,51.970001220703125,,38.904998779296875,7.400000095367432,344.52,0.5199999809265137,31.6200008392334,,13.239999771118164,24.995,1.940000057220459,0.11125,1.015,,87.74500274658203,60.939998626708984,3.680000066757202,,5.012999877929687,0.2772225035727024,149.96499633789062,8.125,2.130000114440918,90.62000274658205,12.5600004196167,93.0500030517578,95.19000244140624,14.4775,44.11000061035156,,7.710000038146973,7.447000122070312,50.970001220703125,,0.6399999856948853,6.989999771118164,7.889999866485596,144.00000000000006,277.5199890136719,16.399999618530273,7.800000190734863,10.399999618530272,,0.6930000185966492,4.380000114440918,0.8329000091552734,73.49009704589844,29.61,21.73,117.77999877929688,8.119999885559082,1.3849999904632568,53.935001373291016,18.038000106811523,,22.4981005859375,44.744729919433595,32.209999084472656,8.479999542236328,83.30999755859375,7.329999923706055,2.680000066757202,5.171999931335449,47.79499816894531,3.966000061035156,4185.1201171875,7544.60009765625,4131.93017578125
2022-05-06,,90.62999725341795,9.8100004196167,0.0649999976158142,3.1659998893737793,10.460000038146973,,0.5199999809265137,524.4000244140625,0.7699999809265137,103.22,1.825,,318.8800048828125,54.150001525878906,,37.61000061035156,7.329999923706055,342.42,0.449999988079071,32.38999938964844,,13.65999984741211,24.355,1.9299999475479128,0.11125,1.025,,86.76499938964844,59.26499938964844,3.5,,5.02,0.2772225035727024,150.1750030517578,8.232500076293945,2.109999895095825,89.30000305175781,12.425000190734863,91.4800033569336,94.2300033569336,14.4225,43.54499816894531,,9.43000030517578,7.292000122070313,49.279998779296875,,0.6000000238418579,7.059999942779541,6.980000019073486,135.35999679565435,274.7300109863281,15.880000114440918,7.840000152587891,9.479999542236328,,0.6399999856948853,3.9600000381469727,0.8030999755859375,57.86940383911133,29.83,22.995,114.63999938964844,7.460000038146973,1.2799999713897705,53.029998779296875,18.41699981689453,,21.5760009765625,43.27690155029297,30.825000762939453,7.679999828338623,82.30999755859375,6.210000038146973,2.5999999046325684,5.067999839782715,46.71500015258789,3.857999877929687,4083.360107421875,7387.89990234375,4123.33984375
2022-05-13,,89.13999938964844,9.789999961853027,0.0750000029802322,2.9739999771118164,10.34000015258789,,0.4600000083446502,525.2000122070312,0.699999988079071,102.86,1.775,,310.3599853515625,52.73500061035156,,36.349998474121094,8.970000267028809,337.02,0.449999988079071,32.130001068115234,,11.869999885559082,24.11,1.784999966621399,0.1025,0.98,,86.83000183105469,61.560001373291016,3.119999885559082,,5.013999938964844,0.2772225035727024,152.875,7.989999771118164,1.7100000381469729,88.95999908447266,12.642499923706056,92.88999938964844,91.44000244140624,13.89,43.18000030517578,,8.960000038146973,7.322999877929687,48.310001373291016,,0.5699999928474426,5.670000076293945,6.900000095367432,102.2400054931641,261.1199951171875,13.100000381469728,7.570000171661377,8.34000015258789,,0.6200000047683716,3.5999999046325684,0.8384999847412109,59.89280700683594,28.89,23.035,116.08000183105467,7.800000190734863,1.2999999523162842,53.13999938964844,18.097000122070312,,19.996700439453125,45.08160919189453,30.96500015258789,7.099999904632568,81.4800033569336,6.449999809265137,2.240000009536743,5.000500202178955,46.20000076293945,3.642000122070313,4099.06005859375,7418.2001953125,4023.889892578125
2022-05-20,,87.94999694824219,9.75,0.090999998152256,3.5399999618530273,10.899999618530272,,0.4250000119209289,500.7000122070313,0.7300000190734863,104.94,1.575,,304.04998779296875,52.86000061035156,,37.630001068115234,8.279999732971191,318.545,0.4050000011920929,31.56999969482422,,11.020000457763672,24.06,1.809999942779541,0.10125,1.015,,86.4000015258789,60.07500076293945,3.190000057220459,,4.9075,0.2772225035727024,151.27499389648438,8.1850004196167,1.809999942779541,88.41000366210938,12.452500343322754,91.77999877929688,91.20999908447266,13.025,43.63999938964844,,11.0,7.310999755859375,46.849998474121094,,0.6150000095367432,5.71999979019165,7.28000020980835,99.35999679565434,252.55999755859375,13.413000106811523,6.75,8.079999923706055,,0.6740000247955322,3.9200000762939458,0.8330999755859375,58.5573616027832,28.855,23.365,115.08000183105467,8.550000190734863,1.2649999856948853,52.479999542236335,17.1299991607666,,21.13780029296875,42.30837432861328,30.915000915527344,7.460000038146973,78.4800033569336,6.360000133514404,2.640000104904175,4.870999813079834,46.314998626708984,3.732000122070313,4083.840087890625,7390.0,3901.360107421875
2022-05-27,,92.55999755859376,9.8100004196167,0.0799999982118606,3.614000082015991,11.65999984741211,,0.4250000119209289,541.2999877929688,0.7200000286102295,105.8,1.545,,319.1099853515625,54.970001220703125,,37.8849983215332,8.550000190734863,335.52,0.4350000023841858,31.1299991607666,,11.68000030517578,24.36,1.8700000047683716,0.09875,0.975,,88.7750015258789,59.29999923706055,3.700000047683716,,5.324000244140625,0.2772225035727024,150.5050048828125,8.359999656677246,1.850000023841858,91.0999984741211,12.404999732971191,93.36000061035156,94.6999969482422,13.9,44.619998931884766,,13.539999961853027,7.509000244140625,49.59000015258789,,0.6100000143051147,5.820000171661377,7.329999923706055,108.00000000000004,273.239990234375,13.0,6.929999828338623,8.850000381469727,,0.6800000071525574,4.239999771118164,0.8691000366210937,59.28578567504883,28.65,23.8,121.86000061035156,8.989999771118164,1.2699999809265137,54.415000915527344,18.31399917602539,,21.37199951171875,41.81508819580078,31.774999618530273,7.519999980926514,81.67500305175781,6.050000190734863,2.5299999713897705,5.066999912261963,47.915000915527344,3.776000061035156,4190.2099609375,7585.5,4158.240234375
2022-06-03,,91.45999908447266,9.8100004196167,0.0799999982118606,3.068000078201294,11.119999885559082,,0.4199999868869781,530.4000244140625,0.7900000214576721,104.42,1.635,,312.2099914550781,56.46500015258789,,37.959999084472656,8.329999923706055,336.25,0.4900000095367431,31.850000381469727,,10.970000267028809,24.805,1.75,0.095,0.975,,88.12999725341797,56.80500030517578,4.010000228881836,,5.295999755859375,0.2772225035727024,149.67999267578125,8.297499656677246,1.6699999570846558,89.93000030517578,12.114999771118164,92.48999786376952,94.3499984741211,14.035,44.220001220703125,,12.43000030517578,7.457000122070313,49.06999969482422,,0.5950000286102295,5.25,7.090000152587891,108.00000000000004,272.4200134277344,11.795000076293944,6.5,8.460000038146973,,0.7390000224113464,4.28000020980835,0.887300033569336,57.4647216796875,28.77,23.61,122.58000183105467,8.479999542236328,1.3049999475479126,54.0250015258789,18.393999099731445,,20.73340087890625,44.57629028320312,31.6299991607666,7.519999980926514,81.91999816894531,6.130000114440918,2.4800000190734863,5.051499843597412,46.834999084472656,3.726000061035157,4164.0,7533.0,4101.22998046875
2022-06-10,,86.62999725341797,9.81999969482422,0.0750000029802322,2.6019999980926514,12.800000190734863,,0.4449999928474426,495.1000061035156,0.7250000238418579,98.51,1.535,,291.7099914550781,58.2400016784668,,37.77000045776367,6.940000057220459,325.39,0.4650000035762787,32.88999938964844,,11.130000114440918,24.61,1.6749999523162842,0.0975,0.975,,84.94000244140625,55.290000915527344,3.859999895095825,,4.991000061035156,0.2772225035727024,149.11000061035156,8.430000305175781,1.690000057220459,87.3499984741211,11.84000015258789,90.06999969482422,90.4000015258789,13.32,42.47999954223633,,12.279999732971191,7.24,46.88999938964844,,0.4749999940395355,5.199999809265137,6.949999809265137,84.95999908447268,252.9900054931641,13.850000381469728,5.599999904632568,8.260000228881836,,0.7639999985694885,3.430000066757202,0.8798999786376953,52.81088638305664,29.475,23.38,115.0999984741211,6.900000095367432,1.75,52.169998168945305,17.23900032043457,,20.71320068359375,43.78823547363281,30.739999771118164,6.429999828338623,79.50499725341797,5.400000095367432,2.259999990463257,4.9432501792907715,45.2599983215332,3.77,4046.159912109375,7317.5,3900.860107421875
2022-06-17,,81.93000030517578,9.890000343322754,0.0780000016093254,2.440000057220459,11.239999771118164,,0.4000000059604645,449.1499938964844,0.6349999904632568,99.24,1.385,,268.0799865722656,54.88999938964844,,35.27000045776367,5.550000190734863,309.345,0.4350000023841858,32.650001525878906,,11.289999961853027,23.9,1.350000023841858,0.09,0.975,,83.45999908447266,54.0099983215332,3.4000000953674316,,5.087000122070313,0.2772225035727024,149.55999755859375,7.994999885559082,1.75,85.0999984741211,11.739999771118164,88.05000305175781,88.6500015258789,12.75,40.45000076293945,,11.489999771118164,6.852999877929688,44.27000045776367,,0.4399999976158142,4.909999847412109,6.590000152587891,64.80000114440921,247.6499938964844,11.270000457763672,5.519999980926514,8.239999771118164,,0.7329999804496765,2.950000047683716,0.8770999908447266,51.19216537475586,29.42,20.44,103.62000274658205,6.25,2.009999990463257,50.01750183105469,15.947999954223633,,20.95699951171875,43.22877593994141,29.174999237060547,5.369999885559082,75.88999938964844,5.0,2.049999952316284,4.653250217437744,43.43000030517578,3.326000061035156,3881.919921875,7016.2998046875,3674.840087890625
2022-06-24,,86.30999755859375,9.800000190734863,0.0579999983310699,2.8239998817443848,12.18000030517578,,0.375,484.8500061035156,0.6299999952316284,107.76,1.44,,278.2799987792969,54.189998626708984,,33.08000183105469,5.860000133514404,324.43,0.449999988079071,32.0,,13.470000267028809,24.14,1.4850000143051147,0.10625,0.96,,84.37000274658203,55.29999923706055,3.5899999141693115,,5.372999877929687,0.2772225035727024,150.1199951171875,7.614999771118164,1.950000047683716,85.80999755859375,11.927499771118164,88.52999877929688,90.05000305175781,13.4275,41.470001220703125,,12.770000457763672,7.045999755859375,46.400001525878906,,0.4799999892711639,4.840000152587891,7.099999904632568,59.040000915527365,267.70001220703125,10.550000190734863,5.5,10.1899995803833,,0.6800000071525574,2.890000104904175,0.8094000244140624,51.63731384277344,29.05,20.875,102.62000274658205,6.269999980926514,1.9800000190734863,51.474998474121094,16.56800079345703,,20.01130004882813,44.961295166015624,29.51499938964844,6.340000152587891,78.83999633789062,5.760000228881836,2.2100000381469727,4.826499938964844,46.275001525878906,3.2920001220703123,3975.070068359375,7208.7998046875,3911.739990234375
2022-07-01,,84.4800033569336,9.829999923706056,0.0579999983310699,2.6579999923706055,11.380000114440918,,0.4000000059604645,431.25,0.5649999976158142,107.54,1.695,,277.5,54.59000015258789,,31.649999618530273,5.340000152587891,322.84,0.5400000214576721,32.15999984741211,,12.59000015258789,24.11,1.5399999618530271,0.1175,0.91,,83.0250015258789,56.54999923706055,3.4100000858306885,,5.344000244140625,0.2772225035727024,156.41000366210938,7.352499961853027,2.119999885559082,85.4800033569336,12.100000381469728,87.08999633789062,88.84500122070312,13.0925,41.0099983215332,,11.859999656677246,7.014000244140625,45.08000183105469,,0.4699999988079071,4.699999809265137,6.590000152587891,73.43999862670901,259.5799865722656,8.369999885559082,5.199999809265137,9.270000457763672,,0.7889999747276306,2.4000000953674316,0.8608000183105469,49.775779724121094,29.28,21.21,96.0,5.510000228881836,2.190000057220459,51.02500152587891,15.411999702453612,,18.921800537109377,45.71927215576172,28.770000457763672,5.46999979019165,78.58999633789062,6.079999923706055,2.569999933242798,4.780250072479248,46.150001525878906,3.2779998779296875,3940.030029296875,7168.7001953125,3825.330078125
2022-07-08,,85.44999694824219,9.789999961853027,0.0799999982118606,2.609999895095825,11.15999984741211,,0.3799999952316284,446.1499938964844,0.6200000047683716,110.44,1.715,,280.8299865722656,52.619998931884766,,30.905000686645508,6.789999961853027,334.52,0.550000011920929,32.310001373291016,,15.0,24.4,1.7999999523162842,0.14,0.8880000305175781,,84.12000274658203,54.44499969482422,3.490000009536743,,5.257999877929688,0.0832500010728836,153.8350067138672,7.264999866485596,2.180000066757202,84.06999969482422,11.863750457763672,87.98500061035156,90.21499633789062,13.8525,41.790000915527344,,11.739999771118164,7.045999755859375,46.59000015258789,,0.550000011920929,5.130000114440918,6.730000019073486,61.919998168945334,267.6600036621094,7.78000020980835,4.699999809265137,10.170000076293944,,0.8299999833106995,2.9200000762939453,0.8712999725341797,52.44667434692383,28.26,20.435,99.83999633789062,6.110000133514404,2.630000114440918,51.19499969482422,16.479000091552734,,18.41739990234375,46.15240539550781,29.209999084472656,5.739999771118164,80.59500122070312,6.570000171661377,2.619999885559082,4.914249897003174,47.2599983215332,3.4939999389648437,3961.27001953125,7196.2001953125,3899.3798828125
2022-07-15,,84.22000122070312,9.8100004196167,0.0680000036954879,2.299999952316284,10.880000114440918,,0.3449999988079071,465.3999938964844,0.5849999785423279,111.1,1.86,,278.4800109863281,49.849998474121094,,28.56999969482422,7.159999847412109,334.02,0.6000000238418579,32.380001068115234,,14.989999771118164,23.765,1.690000057220459,0.1375,0.89,,84.45500183105469,54.779998779296875,3.5299999713897705,,5.139000244140625,0.0832500010728836,158.13999938964844,7.074999809265137,2.369999885559082,82.11000061035156,11.954999923706056,87.8499984741211,90.76000213623048,13.93,40.900001525878906,,10.539999961853027,7.01,45.89500045776367,,0.5899999737739563,5.179999828338623,5.900000095367432,61.919998168945334,256.7200012207031,8.850000381469727,4.900000095367432,9.039999961853027,,0.800000011920929,2.890000104904175,0.8979000091552735,48.1165885925293,28.04,19.895999755859375,100.0999984741211,6.059999942779541,2.819999933242798,51.09999847412109,16.972000122070312,,17.7068994140625,47.018660888671874,29.06999969482422,5.78000020980835,79.9749984741211,6.860000133514404,2.509999990463257,4.856750011444092,46.81999969482422,3.4620001220703127,3940.8701171875,7159.0,3863.159912109375
2022-07-22,,86.52999877929688,9.81999969482422,0.0810000002384185,2.569999933242798,11.300000190734863,,0.3000000119209289,522.5,0.8050000071525574,107.66,1.94,,285.92999267578125,51.345001220703125,,29.670000076293945,7.550000190734863,340.06,0.5950000286102295,31.670000076293945,,15.949999809265137,24.105,1.7350000143051147,0.15875,0.89,,86.83999633789062,56.505001068115234,4.050000190734863,,5.152000122070312,0.0832500010728836,157.9250030517578,7.34250020980835,2.5399999618530273,84.80000305175781,12.130000114440918,90.95999908447266,92.7300033569336,14.3575,42.58000183105469,,10.029999732971191,7.122000122070313,47.31999969482422,,0.75,5.760000228881836,5.920000076293945,76.32000160217288,260.3599853515625,9.609999656677246,4.96999979019165,9.84000015258789,,0.7950000166893005,3.0299999713897705,0.9259999847412108,56.007869720458984,28.075,20.395,105.41999816894533,5.860000133514404,3.0899999141693115,52.42499923706055,17.913999557495117,,18.0418994140625,47.060771484375,30.594999313354492,7.179999828338623,81.61499786376953,6.239999771118164,2.819999933242798,5.059500217437744,47.040000915527344,3.5820001220703124,4028.280029296875,7276.39990234375,3961.6298828125
2022-07-29,,89.81999969482422,9.829999923706056,0.0780000016093254,2.552000045776367,11.239999771118164,,0.2800000011920929,555.4000244140625,0.7400000095367432,108.44,1.92,,300.6000061035156,53.939998626708984,,31.204999923706055,8.119999885559082,346.13,0.6100000143051147,31.239999771118164,,15.90999984741211,23.965,1.6100000143051147,0.1575,0.845,,87.875,56.974998474121094,4.150000095367432,,5.1370001220703125,0.0832500010728836,158.0,7.664999961853027,2.4000000953674316,87.30000305175781,12.229999542236328,92.41999816894533,93.93000030517578,14.6625,43.31999969482422,,11.949999809265137,7.269000244140625,48.560001373291016,,0.7549999952316284,7.070000171661377,6.090000152587891,77.76000022888186,280.739990234375,10.135000228881836,4.974999904632568,10.350000381469728,,0.8379999995231628,3.25,0.8926999664306641,55.03663635253906,28.275,21.79,108.54000091552734,6.340000152587891,3.2699999809265137,53.20500183105469,18.058000564575195,,19.245,48.167660522460935,31.149999618530273,7.800000190734863,82.66500091552734,6.699999809265137,2.7100000381469727,5.134500026702881,47.439998626708984,3.736000061035156,4107.009765625,7423.39990234375,4130.2900390625
2022-08-05,,89.83000183105469,9.829999923706056,0.0930000022053718,3.2699999809265137,11.0,,0.3400000035762787,559.4000244140625,0.8399999737739563,108.66,1.81,,292.07000732421875,49.209999084472656,,31.09000015258789,8.550000190734863,351.08,0.5899999737739563,31.299999237060547,,19.420000076293945,24.3375,1.600000023841858,0.1375,0.805,,87.58499908447266,56.33000183105469,4.070000171661377,,5.419000244140625,0.0832500010728836,157.0,7.420000076293945,2.6500000953674316,87.2300033569336,12.103750228881836,92.25,93.68000030517578,15.1075,42.79999923706055,,11.75,7.294000244140625,48.540000915527344,,0.7699999809265137,6.650000095367432,6.489999771118164,73.43999862670901,282.9100036621094,10.0,5.099999904632568,11.449999809265137,,0.8420000076293945,3.819999933242798,0.83,58.921573638916016,28.725,21.5,108.63999938964844,6.599999904632568,3.140000104904175,53.125,18.788999557495117,,19.2393994140625,47.776640625,30.975000381469727,7.960000038146973,83.66500091552734,6.929999828338623,3.009999990463257,5.188499927520752,46.95500183105469,3.5420001220703123,4111.509765625,7439.7001953125,4145.18994140625
2022-08-12,,92.6500015258789,9.850000381469728,0.135000005364418,3.614000082015991,11.5600004196167,,0.3350000083446502,553.2000122070312,0.8550000190734863,107.12,1.72,,301.54998779296875,50.76499938964844,,32.025001525878906,9.90999984741211,360.13,0.625,31.020000457763672,,18.770000457763672,24.7775,1.5499999523162842,0.1325,0.79,,88.63500213623047,55.209999084472656,3.799999952316284,,5.505,0.0832500010728836,156.14999389648438,7.704999923706055,2.5799999237060547,88.9000015258789,12.005000114440918,92.97000122070312,94.58999633789062,15.4475,44.060001373291016,,14.1899995803833,7.387999877929688,49.81999969482422,,0.7250000238418579,7.179999828338623,6.059999942779541,82.08000183105472,291.9100036621094,10.079999923706056,4.900000095367432,9.90999984741211,,0.8600000143051147,4.190000057220459,0.8501000213623047,68.63391876220703,28.855,22.15,111.83999633789062,7.329999923706055,3.200000047683716,53.974998474121094,18.86199951171875,,19.43530029296875,46.98858581542969,31.475000381469727,9.489999771118164,85.66000366210938,6.070000171661377,2.859999895095825,5.390999794006348,47.4900016784668,3.6,4149.89990234375,7500.89990234375,4280.14990234375
2022-08-19,,90.7699966430664,9.880000114440918,0.1099999994039535,3.3440001010894775,10.960000038146973,,0.3700000047683716,545.0999755859375,0.8799999952316284,112.5,1.705,,297.2799987792969,50.40999984741211,,31.975000381469727,10.0600004196167,368.32,0.6349999904632568,31.829999923706055,,14.720000267028809,24.9075,1.559999942779541,0.1325,0.79,,86.51000213623047,53.334999084472656,3.819999933242798,,5.367999877929687,0.0832500010728836,158.6199951171875,7.65749979019165,2.490000009536743,86.04000091552734,11.710000038146973,90.83999633789062,92.6500015258789,15.73,43.22999954223633,,12.75,7.447999877929687,49.4900016784668,,0.6499999761581421,5.75,6.050000190734863,69.12000274658206,286.1499938964844,9.739999771118164,4.900000095367432,8.510000228881836,,0.8169999718666077,3.5299999713897705,0.8126000213623047,58.27408218383789,28.85,22.485,108.1999969482422,6.829999923706055,3.3299999237060547,53.970001220703125,18.77199935913086,,18.44199951171875,48.173675537109375,30.809999465942383,8.0600004196167,86.75,5.820000171661377,2.7699999809265137,5.386000156402588,47.23500061035156,3.4739999389648437,4157.7900390625,7550.39990234375,4228.47998046875
2022-08-26,,87.9000015258789,9.84000015258789,0.1099999994039535,3.1500000953674316,10.600000381469728,,0.3350000083446502,521.4000244140625,0.75,113.64,1.56,,289.9599914550781,51.23500061035156,,32.39500045776367,10.229999542236328,359.79,0.7850000262260437,31.780000686645508,,14.829999923706056,25.24,1.4900000095367432,0.13125,0.79,,86.08999633789062,51.7599983215332,3.5399999618530273,,5.23,0.0832500010728836,158.52000427246094,7.822500228881836,2.8399999141693115,86.30999755859375,11.515000343322754,90.4499969482422,92.36000061035156,15.1575,42.68000030517578,,13.300000190734863,7.335999755859375,48.36000061035156,,0.5699999928474426,5.820000171661377,5.940000057220459,79.19999885559085,268.0899963378906,8.5,4.920000076293945,7.940000057220459,,0.7919999957084656,3.2200000286102295,0.7848000335693359,53.78212356567383,28.745,23.34,102.9000015258789,6.800000190734863,3.5799999237060547,52.599998474121094,18.15999984741211,,18.4268994140625,47.343510131835934,29.704999923706055,7.980000019073486,85.23999786376953,6.050000190734863,2.640000104904175,5.300000190734863,46.275001525878906,3.9579998779296863,4076.320068359375,7427.2998046875,4057.659912109375
2022-09-02,,84.94999694824219,9.859999656677246,0.096000000834465,3.322000026702881,10.399999618530272,,0.3499999940395355,484.1499938964844,0.7699999809265137,106.18,1.985,,277.6700134277344,49.439998626708984,,30.155000686645508,9.845000267028809,356.77,0.6349999904632568,32.56999969482422,,14.829999923706056,25.04,1.4950000047683716,0.13125,0.785,,85.44999694824219,48.28499984741211,3.130000114440918,,5.349000244140625,0.0832500010728836,158.92999267578125,7.494999885559082,2.799999952316284,85.0999984741211,11.092499732971191,89.81999969482422,91.13999938964844,14.755,41.31999969482422,,14.050000190734863,7.194000244140625,46.90999984741211,,0.5299999713897705,5.510000228881836,5.690000057220459,60.47999954223635,256.05999755859375,8.0,4.949999809265137,7.400000095367432,,0.7699999809265137,3.059999942779541,0.7506999969482422,61.066383361816406,28.86,23.24,104.87999725341795,6.320000171661377,3.5299999713897705,52.400001525878906,17.225000381469727,,17.17949951171875,46.99460083007813,29.225000381469727,7.480000019073486,84.61499786376953,6.619999885559082,2.5799999237060547,5.21999979019165,45.39500045776367,4.136000061035157,3998.47998046875,7281.2001953125,3924.260009765625
2022-09-09,,87.7300033569336,9.880000114440918,0.0879999995231628,3.3399999141693115,10.079999923706056,,0.3449999988079071,497.8999938964844,0.8199999928474426,105.0,2.015,,285.7699890136719,48.02000045776367,,31.065000534057617,11.470000267028809,360.785,0.6399999856948853,32.779998779296875,,15.829999923706056,24.955,1.4700000286102295,0.13125,0.785,,86.1050033569336,46.650001525878906,2.940000057220459,,5.25,0.0832500010728836,158.00999450683594,7.412499904632568,2.990000009536743,85.79000091552734,10.922499656677246,90.5500030517578,92.31500244140624,14.82,41.220001220703125,,14.470000267028809,7.272999877929688,47.59000015258789,,0.5799999833106995,5.559999942779541,5.940000057220459,54.71999931335451,264.4599914550781,7.550000190734863,5.119999885559082,7.789999961853027,,0.7860000133514404,3.299999952316284,0.7844000244140625,64.06102752685547,28.88,23.0,105.0,6.619999885559082,3.75,53.014999389648445,17.511999130249023,,17.993900146484375,47.560078125,29.80500030517578,8.649999618530273,85.3499984741211,6.840000152587891,2.5299999713897705,5.297500133514404,46.380001068115234,4.396000061035156,4041.4599609375,7351.10009765625,4067.360107421875
2022-09-16,,83.98999786376953,9.899999618530272,0.0900000035762786,3.190000057220459,9.399999618530272,,0.324999988079071,465.0,0.8100000023841858,101.22,1.98,,274.80999755859375,47.994998931884766,,30.69499969482422,11.369999885559082,347.54,0.6299999952316284,32.90999984741211,,14.4350004196167,24.495,1.4850000143051147,0.13,0.765,,84.06999969482422,46.93000030517578,2.880000114440918,,5.295999755859375,0.0832500010728836,158.42999267578125,7.362500190734863,2.759999990463257,83.36000061035156,10.920000076293944,87.33000183105469,89.63500213623047,13.9925,40.27000045776367,,13.399999618530272,7.079000244140625,45.130001068115234,,0.5699999928474426,4.880000114440918,6.449999809265137,51.840002059936545,244.7400054931641,7.0,7.099999904632568,7.78000020980835,,0.75,2.930000066757202,0.7576999664306641,62.32089614868164,28.57,22.965,100.13999938964844,6.119999885559082,3.369999885559082,52.02999877929687,16.423999786376953,,18.213800048828126,47.45179138183594,28.975000381469727,8.0,82.81500244140625,6.570000171661377,2.3299999237060547,5.15500020980835,44.95500183105469,4.046000061035156,3976.659912109375,7236.7001953125,3873.330078125
2022-09-23,,79.80999755859375,9.899999618530272,0.0949999988079071,2.503999948501587,8.869999885559082,,0.3149999976158142,442.1499938964844,0.7850000262260437,100.16,1.99,,267.7699890136719,45.404998779296875,,29.309999465942383,9.9399995803833,348.005,0.6499999761581421,33.84000015258789,,12.720000267028809,24.445,1.5149999856948853,0.1275,0.745,,83.04000091552734,42.474998474121094,2.5999999046325684,,5.1,0.0832500010728836,161.5500030517578,7.065000057220459,2.180000066757202,80.69999694824219,10.289999961853027,85.94999694824219,88.29000091552734,14.215,39.15999984741211,,11.300000190734863,6.865,43.11000061035156,,0.5400000214576721,4.349999904632568,6.039999961853027,44.64000034332277,237.9199981689453,6.385000228881836,6.150000095367432,7.400000095367432,,0.7599999904632568,2.6500000953674316,0.7187999725341797,56.08880615234375,29.36,22.145,98.62999725341795,5.5,3.2699999809265137,50.53499984741211,16.32900047302246,,18.217900390625,48.44438415527344,27.7450008392334,7.5,82.52999877929688,5.570000171661377,2.1500000953674316,5.040500164031982,43.02000045776367,3.767999877929687,3848.679931640625,7018.60009765625,3693.22998046875
2022-09-30,,77.83000183105469,9.899999618530272,0.0949999988079071,2.427999973297119,7.599999904632568,,0.3199999928474426,433.6000061035156,0.7850000262260437,99.44,2.0,,267.0199890136719,45.70000076293945,,30.21500015258789,10.550000190734863,339.09,0.6399999856948853,33.939998626708984,,12.239999771118164,23.33,1.3899999856948853,0.11125,0.765,,82.4800033569336,44.68000030517578,2.8499999046325684,,4.672999877929687,0.0832500010728836,158.6750030517578,7.090000152587891,2.5199999809265137,78.69000244140625,10.40999984741211,85.63999938964844,88.11000061035156,13.7475,38.56999969482422,,10.350000381469728,6.75,42.95000076293945,,0.5299999713897705,4.559999942779541,6.550000190734863,47.52000045776369,232.8999938964844,6.300000190734863,5.300000190734863,8.130000114440918,,0.7440000176429749,2.75,0.6958999633789062,56.65535736083984,29.23,22.465,101.1999969482422,5.260000228881836,2.9800000190734863,49.685001373291016,15.8100004196167,,18.236400146484375,47.75258056640625,26.5,7.5,80.36499786376953,5.920000076293945,2.0799999237060547,4.954500198364258,43.720001220703125,4.057999877929687,3763.47998046875,6893.7998046875,3585.6201171875
2022-10-07,,79.0199966430664,9.920000076293944,0.0930000022053718,2.640000104904175,7.130000114440918,,0.3350000083446502,447.25,0.7699999809265137,100.3,1.94,,269.0400085449219,51.51499938964844,,29.649999618530273,10.15999984741211,340.43,0.6050000190734863,33.970001220703125,,12.0,23.815,1.399999976158142,0.1175,0.775,,82.6500015258789,39.66999816894531,2.819999933242798,,4.67,0.0832500010728836,157.55999755859375,7.347499847412109,2.1500000953674316,79.25,9.954999923706056,85.31999969482422,89.13999938964844,13.76,39.060001373291016,,10.350000381469728,6.840999755859375,43.220001220703125,,0.5149999856948853,4.789999961853027,6.650000095367432,47.52000045776369,234.2400054931641,6.099999904632568,6.150000095367432,8.149999618530273,,0.824999988079071,2.8499999046325684,0.705999984741211,56.65535736083984,29.86,23.455,102.66000366210938,5.130000114440918,2.8499999046325684,50.30500030517578,15.970000267028809,,19.77449951171875,47.25327392578125,26.899999618530273,7.269999980926514,80.93499755859375,6.21999979019165,2.0899999141693115,5.015500068664551,43.79999923706055,4.152000122070313,3814.260009765625,6991.10009765625,3639.659912109375
2022-10-14,,77.58999633789062,9.90999984741211,0.0939999967813491,2.609999895095825,7.039999961853027,,0.3199999928474426,397.4500122070313,0.7900000214576721,98.18,1.775,,272.6700134277344,48.970001220703125,,30.030000686645508,9.350000381469728,333.12,0.6000000238418579,34.560001373291016,,11.380000114440918,22.745,1.3300000429153442,0.11375,0.755,,80.0,37.16999816894531,1.9299999475479128,,4.587999877929687,0.0832500010728836,154.44000244140625,7.179999828338623,2.2799999713897705,76.95999908447266,9.772500038146973,85.06999969482422,87.7699966430664,13.27,38.0099983215332,,9.789999961853027,6.717000122070313,42.52000045776367,,0.5099999904632568,4.869999885559082,6.199999809265137,51.840002059936545,228.55999755859375,6.260000228881836,6.289999961853027,7.53000020980835,,0.8899999856948853,2.619999885559082,0.7005000305175781,56.979103088378906,28.64,22.7,104.16000366210938,4.679999828338623,2.9000000953674316,49.647499084472656,14.664999961853027,,17.99050048828125,46.70584716796875,26.420000076293945,6.519999980926514,78.88999938964844,5.739999771118164,2.119999885559082,4.935999870300293,43.83000183105469,4.153999938964843,3740.85009765625,6858.7998046875,3583.070068359375
2022-10-21,,80.83000183105469,9.949999809265137,0.096000000834465,2.444000005722046,7.900000095367432,,0.3100000023841858,459.5499877929687,0.7599999904632568,97.2,1.8,,282.510009765625,48.83000183105469,,30.219999313354492,9.640000343322754,339.235,0.5899999737739563,34.43000030517578,,11.739999771118164,23.01,1.3200000524520874,0.10875,0.735,,80.25499725341797,41.91999816894531,2.200000047683716,,4.778500061035157,0.0832500010728836,152.27999877929688,6.965000152587891,2.319999933242798,76.2300033569336,10.19499969482422,85.25,88.68000030517578,13.65,38.13999938964844,,11.550000190734863,6.822000122070312,43.27000045776367,,0.4300000071525574,4.599999904632568,6.5,47.52000045776369,242.1199951171875,5.769999980926514,5.900000095367432,8.289999961853027,15.760000228881836,0.9079999923706056,2.6500000953674316,0.7358000183105469,50.22092819213867,28.56,23.44,106.83999633789062,5.110000133514404,2.950000047683716,50.56999969482422,15.184000015258787,,17.62550048828125,47.4457763671875,26.704999923706055,6.039999961853027,80.18499755859375,5.269999980926514,2.2300000190734863,4.939000129699707,43.9900016784668,4.322000122070313,3796.889892578125,6969.7001953125,3752.75
2022-10-28,,83.31999969482422,9.96500015258789,0.090999998152256,2.5859999656677246,8.210000038146973,,0.3050000071525574,480.3999938964844,0.6899999976158142,101.24,1.84,,299.6300048828125,50.56999969482422,,30.065000534057617,9.770000457763672,343.86,0.6700000166893005,34.02000045776367,,12.739999771118164,21.7975,1.440000057220459,0.12,0.695,,82.75,45.974998474121094,1.8899999856948853,,4.422000122070313,0.0832500010728836,150.4550018310547,7.007500171661377,2.2899999618530273,79.22000122070312,10.765000343322754,87.44999694824219,91.37000274658205,13.9775,38.9900016784668,,11.31999969482422,6.892999877929688,45.20000076293945,,0.4099999964237213,5.179999828338623,6.449999809265137,43.199998855590835,235.8699951171875,6.03000020980835,6.170000076293945,8.640000343322754,18.649999618530273,0.9300000071525574,3.069999933242798,0.7698999786376953,49.61390686035156,27.59,24.185,111.44000244140624,5.550000190734863,3.0,51.33000183105468,15.468000411987305,,18.43010009765625,47.13897766113281,27.834999084472656,7.25,80.3499984741211,5.320000171661377,2.799999952316284,5.0395002365112305,46.3849983215332,4.367999877929687,3855.75,7047.7001953125,3901.06005859375
2022-11-04,,82.33000183105469,9.970000267028809,0.0890000015497207,2.4000000953674316,8.390000343322754,,0.2750000059604645,464.3999938964844,0.6899999976158142,107.42,1.9,,287.4700012207031,52.67499923706055,,32.43000030517578,9.34000015258789,341.24,0.8050000071525574,34.16999816894531,,11.5,23.54,1.5850000381469729,0.12,0.665,,81.95500183105469,44.43000030517578,1.940000057220459,,4.9,0.0832500010728836,152.36000061035156,7.367499828338623,2.130000114440918,79.44000244140625,10.630000114440918,87.44000244140625,89.63999938964844,13.3,39.36000061035156,,11.649999618530272,7.179000244140625,44.279998779296875,,0.4050000011920929,4.659999847412109,6.329999923706055,37.439998626709,221.38999938964844,5.78000020980835,6.0,7.929999828338623,20.219999313354492,0.925000011920929,2.5,0.8511000061035157,46.94301223754883,28.89,25.265,113.04000091552734,5.889999866485596,2.8499999046325684,53.380001068115234,15.652999877929688,,19.138800048828124,48.76922790527344,28.46500015258789,7.159999847412109,81.61499786376953,4.989999771118164,2.930000066757202,5.133500099182129,45.849998474121094,4.296000061035156,4001.840087890625,7334.7998046875,3770.550048828125
2022-11-11,,87.58999633789062,9.989999771118164,0.0750000029802322,2.381999969482422,8.75,,0.2800000011920929,551.5,0.6399999856948853,105.98,1.925,,309.7200012207031,51.755001068115234,,33.9900016784668,10.380000114440918,346.99,0.959999978542328,32.0099983215332,,13.210000038146973,23.8025,1.6399999856948853,0.11,0.59,,83.73500061035156,46.560001373291016,2.069999933242798,,4.702000122070313,0.0832500010728836,149.68499755859375,7.364999771118164,2.0799999237060547,82.54000091552734,10.875,89.4800033569336,91.66000366210938,14.0,42.400001525878906,,11.949999809265137,7.165,47.54999923706055,,0.4000000059604645,5.210000038146973,6.380000114440918,33.119999885559096,247.11000061035156,6.0,6.539999961853027,8.40999984741211,21.1200008392334,0.9089999794960022,3.1700000762939453,0.8930999755859375,49.69484329223633,29.145,23.6,122.5999984741211,5.630000114440918,2.9800000190734863,55.22999954223633,17.19099998474121,,20.59030029296875,47.39765075683594,30.46500015258789,7.769999980926514,83.33499908447266,5.489999771118164,3.140000104904175,5.271500110626221,47.06999969482422,4.316000061035156,4036.840087890625,7318.0,3992.929931640625
2022-11-18,,86.94000244140625,10.010000228881836,0.0790000036358833,2.186000108718872,7.840000152587891,,0.2599999904632568,571.4000244140625,0.6800000071525574,109.2,1.925,,310.760009765625,47.97999954223633,,32.2599983215332,9.079999923706056,343.35,0.925000011920929,31.979999542236328,,10.949999809265137,23.5,2.0,0.12,0.565,,83.16000366210938,47.59000015258789,1.8600000143051147,,4.788999938964844,0.0832500010728836,146.97000122070312,7.232500076293945,2.0999999046325684,82.45999908447266,10.93000030517578,89.1500015258789,89.18000030517578,13.91,42.31999969482422,,12.899999618530272,7.232999877929688,47.73500061035156,,0.4000000059604645,4.800000190734863,6.400000095367432,33.119999885559096,241.22000122070312,5.809999942779541,6.409999847412109,7.389999866485596,19.399999618530273,1.2599999904632568,3.0199999809265137,0.8548999786376953,47.954715728759766,28.69,23.445,132.5,4.630000114440918,3.0899999141693115,54.85499954223633,17.19300079345703,,20.220400390625,48.61282104492187,29.969999313354492,7.360000133514404,82.37000274658203,5.400000095367432,3.450000047683716,5.14900016784668,47.68000030517578,3.943999938964844,4056.590087890625,7385.5,3965.340087890625
2022-11-25,,88.29000091552734,10.015000343322754,0.0790000036358833,2.313999891281128,8.979999542236328,,0.2899999916553497,574.0999755859375,0.7099999785423279,109.54,2.0,,317.42999267578125,47.400001525878906,,31.90999984741211,8.75,344.265,0.9850000143051147,31.540000915527344,,10.029999732971191,23.09,2.1600000858306885,0.12,0.55,,84.41000366210938,48.19499969482422,2.119999885559082,,4.919500122070313,0.0832500010728836,146.0800018310547,7.34499979019165,2.4000000953674316,84.44000244140625,10.994999885559082,90.11000061035156,90.04000091552734,13.8775,43.54999923706055,,12.100000381469728,7.344000244140625,48.540000915527344,,0.4050000011920929,4.900000095367432,6.309999942779541,40.31999874114992,247.4900054931641,5.840000152587891,6.340000152587891,7.28000020980835,20.709999084472656,1.340000033378601,2.700000047683716,0.908499984741211,49.5329704284668,28.21,23.67,132.05999755859375,4.550000190734863,2.890000104904175,55.23500061035156,17.277000427246094,,20.44969970703125,49.491112060546875,30.3700008392334,7.079999923706055,82.48999786376953,5.510000228881836,3.259999990463257,5.176499843597412,48.77000045776367,3.942000122070313,4112.31005859375,7486.7001953125,4026.1201171875
2022-12-02,,89.72000122070312,10.039999961853027,0.0750000029802322,2.1619999408721924,8.380000114440918,,0.2849999964237213,574.7000122070312,0.6899999976158142,111.78,1.945,,316.1499938964844,48.130001068115234,,33.709999084472656,9.609999656677246,341.675,0.9800000190734864,30.809999465942383,,10.25,23.755,2.0,0.12,0.525,,84.81999969482422,46.85499954223633,2.2699999809265137,,4.985,0.0230000000447034,145.69000244140625,7.300000190734863,2.1500000953674316,86.29000091552734,10.895000457763672,90.75,90.91000366210938,13.76,43.36000061035156,,11.859999656677246,7.415,49.16999816894531,,0.4250000119209289,4.829999923706055,6.699999809265137,36.000000000000014,255.02000427246097,4.980000019073486,6.159999847412109,7.659999847412109,17.3799991607666,1.350000023841858,2.490000009536743,0.9025,49.209224700927734,28.47,23.655,134.6999969482422,3.25,2.6700000762939453,55.45500183105469,17.062999725341797,,21.666201171875,50.267136840820314,30.145000457763672,7.309999942779541,82.3499984741211,6.449999809265137,3.3499999046325684,5.148499965667725,49.58000183105469,3.89,4138.81005859375,7556.2001953125,4071.699951171875
2022-12-09,,87.33999633789062,10.050000190734863,0.0710000023245811,2.186000108718872,8.180000305175781,,0.270000010728836,577.2999877929688,0.6700000166893005,113.54,1.925,,306.3900146484375,43.17499923706055,,34.30500030517578,8.970000267028809,333.54,0.9100000262260436,31.040000915527344,,9.449999809265137,23.59,1.965000033378601,0.155,0.51,,84.56500244140625,46.40999984741211,2.299999952316284,,4.962000122070313,0.0230000000447034,145.52000427246094,7.105000019073486,2.0999999046325684,86.13999938964844,10.845000267028809,90.29000091552734,90.7300033569336,13.5,43.310001373291016,,10.0,7.332000122070313,48.41999816894531,,0.3600000143051147,4.420000076293945,6.340000152587891,36.000000000000014,245.4199981689453,5.699999809265137,6.019999980926514,7.110000133514404,16.8700008392334,1.4900000095367432,2.240000009536743,0.940500030517578,34.28458786010742,28.55,22.86,133.44000244140625,2.799999952316284,2.7200000286102295,54.915000915527344,17.03499984741211,,22.1493994140625,49.63548889160156,29.399999618530273,6.789999961853027,80.94000244140625,5.920000076293945,3.7300000190734863,4.996500015258789,49.59000015258789,3.672000122070313,4087.389892578125,7476.60009765625,3934.3798828125
2022-12-16,,84.91999816894531,10.0600004196167,0.0710000023245811,2.0859999656677246,7.900000095367432,,0.2949999868869781,540.5,0.6000000238418579,111.56,1.94,,300.0,44.220001220703125,,33.08000183105469,7.760000228881836,326.955,0.9549999833106996,30.899999618530273,,10.270000457763672,23.385,1.850000023841858,0.13875,0.505,,84.27999877929688,45.189998626708984,1.7300000190734863,,4.9225,0.0189999993890523,148.15499877929688,7.125,2.0,85.06999969482422,10.704999923706056,88.87000274658203,90.41000366210938,13.1175,42.5099983215332,,10.270000457763672,7.152000122070312,47.15999984741211,,0.3549999892711639,4.519999980926514,6.21999979019165,33.119999885559096,244.69000244140625,5.670000076293945,6.070000171661377,6.900000095367432,16.850000381469727,1.559999942779541,1.950000047683716,0.8733000183105468,42.4510498046875,28.67,22.43,127.08000183105467,2.369999885559082,2.9800000190734863,54.02000045776367,16.420000076293945,,21.8802001953125,49.821976318359376,28.65999984741211,6.769999980926514,79.55500030517578,5.929999828338623,3.700000047683716,4.924749851226807,48.375,3.5979998779296873,4010.489990234375,7332.10009765625,3852.360107421875
2022-12-23,,85.05999755859375,10.06999969482422,0.0719999969005584,1.9420000314712524,7.900000095367432,,0.2849999964237213,516.9000244140625,0.5950000286102295,112.38,1.91,,306.489990234375,46.23500061035156,,33.45500183105469,6.159999847412109,328.53,0.9800000190734864,31.13999938964844,,8.84000015258789,23.555,1.6950000524520874,0.13875,0.505,,84.18499755859375,43.68000030517578,1.6299999952316284,,5.102999877929687,0.0179999992251396,147.00999450683594,7.09250020980835,2.049999952316284,84.94000244140625,10.510000228881836,89.93000030517578,90.08000183105467,13.01,42.86000061035156,,11.68000030517578,7.282000122070312,47.10499954223633,,0.3199999928474426,4.050000190734863,6.019999980926514,33.119999885559096,238.72999572753903,5.199999809265137,6.050000190734863,6.289999961853027,17.829999923706055,2.7100000381469727,2.069999933242798,0.9168000030517578,38.12096405029297,29.03,23.665,128.5399932861328,2.5,2.990000009536743,54.84000015258788,16.069000244140625,,22.74659912109375,50.70026733398438,29.05500030517578,6.400000095367432,80.1500015258789,5.559999942779541,3.359999895095825,4.975500106811523,48.72999954223633,3.776000061035156,4083.659912109375,7473.0,3844.820068359375
2022-12-30,,84.87999725341797,10.079999923706056,0.0780000016093254,1.986999988555908,8.890000343322754,,0.3199999928474426,503.7999877929687,0.6150000095367432,112.18,1.84,,308.8999938964844,46.459999084472656,,33.81999969482422,6.28000020980835,328.85,0.9900000095367432,29.11000061035156,,8.869999885559082,23.7775,1.850000023841858,0.13875,0.51,,83.62999725341797,43.40999984741211,1.7300000190734863,,5.157000122070312,0.0170000009238719,145.73500061035156,7.125,2.0,84.26000213623047,10.489999771118164,89.6500015258789,89.04000091552734,12.89,42.810001373291016,,10.699999809265137,7.265999755859375,47.150001525878906,,0.3199999928474426,3.890000104904175,6.159999847412109,31.68000125885011,239.82000732421875,4.989999771118164,6.21999979019165,6.420000076293945,18.579999923706055,3.700000047683716,1.830000042915344,0.931999969482422,37.11735534667969,29.43,23.26,129.63999938964844,2.5399999618530273,3.200000047683716,55.29999923706055,15.871000289916992,,22.94699951171875,50.31526245117187,29.084999084472656,6.329999923706055,80.37000274658203,6.099999904632568,3.25,4.997250080108643,48.71500015258789,3.746000061035156,4075.1298828125,7451.7001953125,3839.5
2023-01-06,,87.06999969482422,10.079999923706056,0.0769999995827674,2.691999912261963,8.760000228881836,,0.3350000083446502,551.5,0.6100000143051147,117.82,1.89,,318.69000244140625,44.53499984741211,,34.314998626708984,6.880000114440918,332.47,0.959999978542328,28.5,,9.0,24.715,1.8450000286102295,0.13,0.505,,85.15499877929688,43.970001220703125,1.919999957084656,,5.685999755859375,0.0160000007599592,148.9499969482422,6.862500190734863,2.259999990463257,85.55999755859375,10.59000015258789,90.96499633789062,91.11000061035156,12.86,42.59000015258789,,10.623000144958496,7.507999877929688,47.88999938964844,,0.3400000035762787,4.039999961853027,5.909999847412109,38.88000011444093,224.92999267578125,5.28000020980835,6.130000114440918,6.400000095367432,16.770000457763672,3.569999933242798,1.7200000286102295,1.029000015258789,36.00043487548828,30.08,23.5,136.13999938964844,2.009999990463257,3.549999952316284,57.24499893188476,16.440000534057617,,22.47639892578125,50.54987548828125,30.084999084472656,6.75,81.79499816894531,6.960000038146973,3.6700000762939458,5.0960001945495605,48.63999938964844,3.93,4210.580078125,7699.5,3895.080078125
2023-01-13,,89.69000244140625,10.130000114440918,0.0769999995827674,3.569999933242798,7.949999809265137,,0.3899999856948852,604.7000122070312,0.5950000286102295,116.56,2.01,,317.6400146484375,47.400001525878906,,37.04999923706055,7.21999979019165,337.045,0.915000021457672,28.399999618530273,,8.430000305175781,25.19,1.7100000381469729,0.1275,0.505,,86.20500183105469,45.2599983215332,2.0299999713897705,,5.912000122070313,0.0189999993890523,148.6649932861328,7.070000171661377,2.619999885559082,86.66999816894531,10.734999656677246,91.53500366210938,92.4800033569336,13.32,44.16999816894531,,12.18000030517578,7.652999877929688,49.06999969482422,,0.375,4.5,6.269999980926514,47.52000045776369,239.22999572753903,5.5,5.989999771118164,6.960000038146973,15.960000038146973,3.430000066757202,2.2100000381469727,1.087600021362305,38.21808624267578,30.53,24.405,142.44000244140625,2.740000009536743,4.079999923706055,58.630001068115234,17.461000442504883,,22.68639892578125,50.71831787109375,30.739999771118164,6.920000076293945,83.30000305175781,10.779999732971191,4.099999904632568,5.256999969482422,48.97999954223633,4.012000122070313,4291.43994140625,7844.10009765625,3999.090087890625
2023-01-20,,89.66999816894531,10.130000114440918,0.0700000002980232,2.871999979019165,6.869999885559082,,0.550000011920929,590.4000244140625,0.6150000095367432,112.0,2.1,,309.8699951171875,48.5099983215332,,37.665000915527344,6.389999866485596,329.115,0.8849999904632568,28.459999084472656,,8.050000190734863,25.085,1.7000000476837158,0.12375,0.505,,85.91500091552734,45.189998626708984,2.2300000190734863,,5.925999755859375,0.0189999993890523,146.2449951171875,7.135000228881836,2.509999990463257,87.05999755859375,10.729999542236328,91.66000366210938,91.66000366210938,13.17,44.95000076293945,,11.600000381469728,7.58,48.849998474121094,,0.3799999952316284,4.46999979019165,6.5,43.199998855590835,240.22000122070312,5.599999904632568,5.900000095367432,7.019999980926514,16.489999771118164,2.809999942779541,2.25,1.065999984741211,37.635345458984375,30.29,23.63,141.8800048828125,3.069999933242798,4.46999979019165,57.84999847412109,17.107999801635742,,22.87239990234375,49.2023583984375,30.434999465942383,6.809999942779541,81.9749984741211,9.15999984741211,4.820000171661377,5.166999816894531,48.41999816894531,3.926000061035156,4250.10009765625,7770.60009765625,3972.610107421875
2023-01-27,,91.37000274658205,10.140000343322754,0.0729999989271164,2.9140000343322754,6.889999866485596,,0.4799999892711639,620.0999755859375,0.6200000047683716,106.22,2.275,,309.1700134277344,48.20000076293945,,37.31999969482422,7.289999961853027,339.735,0.8399999737739563,28.420000076293945,,9.56999969482422,25.51,1.7000000476837158,0.12125,0.505,,86.25499725341797,45.1349983215332,1.9700000286102295,,6.005,0.0179999992251396,145.92999267578125,7.105000019073486,2.6500000953674316,87.44000244140625,10.75,92.01000213623048,92.0500030517578,13.8375,45.81999969482422,,13.0,7.575999755859375,50.06999969482422,,0.375,4.260000228881836,6.059999942779541,43.199998855590835,248.16000366210935,5.300000190734863,5.639999866485596,7.550000190734863,17.450000762939453,2.890000104904175,2.190000057220459,1.101999969482422,43.38181686401367,30.37,23.705,144.5,3.440000057220459,4.570000171661377,58.34000015258789,18.229999542236328,,22.73260009765625,48.3782080078125,30.899999618530273,7.360000133514404,83.94499969482422,9.010000228881836,4.739999771118164,5.2820000648498535,48.380001068115234,4.08,4258.97021484375,7765.2001953125,4070.56005859375
2023-02-03,,91.86000061035156,10.15999984741211,0.0829999968409538,2.380000114440918,7.5,,0.4250000119209289,639.5,0.625,105.78,2.175,,308.510009765625,45.470001220703125,,35.92499923706055,7.599999904632568,357.62,0.8650000095367432,28.13999938964844,,11.260000228881836,25.59,1.6449999809265137,0.1075,0.49,,87.44999694824219,45.595001220703125,2.009999990463257,,5.967000122070313,0.0189999993890523,149.35000610351562,6.829999923706055,2.7200000286102295,87.87000274658203,10.920000076293944,93.05999755859376,93.04000091552734,14.99,45.43000030517578,,12.520000457763672,7.709000244140625,51.2599983215332,,0.375,4.170000076293945,5.960000038146973,37.439998626709,258.3500061035156,5.199999809265137,5.639999866485596,8.40999984741211,21.11000061035156,3.1500000953674316,2.450000047683716,1.0908000183105466,44.65999984741211,30.06,24.14,145.02000427246094,3.640000104904175,4.630000114440918,60.31000137329101,19.847000122070312,,22.50669921875,50.18291564941406,31.71500015258789,7.199999809265137,87.30500030517578,8.100000381469727,5.739999771118164,5.5894999504089355,48.369998931884766,4.1,4339.7099609375,7901.7998046875,4136.47998046875
2023-02-10,,90.8000030517578,10.170000076293944,0.0949999988079071,2.2760000228881836,7.599999904632568,,0.4799999892711639,611.7000122070312,0.6200000047683716,113.9,2.25,,309.8900146484375,48.07500076293945,,35.59000015258789,6.78000020980835,350.21,0.7900000214576721,28.270000457763672,,9.760000228881836,25.03,1.6050000190734863,0.135,0.49,,86.08999633789062,43.91999816894531,1.950000047683716,,6.105999755859375,0.0179999992251396,147.31500244140625,6.894999980926514,2.5899999141693115,84.94999694824219,10.672499656677246,91.94000244140624,90.91000366210938,14.5775,45.22999954223633,,12.539999961853027,7.680999755859375,49.90999984741211,,0.3650000095367431,4.090000152587891,5.960000038146973,57.60000228881838,263.1000061035156,4.889999866485596,5.179999828338623,7.510000228881836,19.719999313354492,2.9000000953674316,2.130000114440918,1.074800033569336,43.84000015258789,30.01,25.39,145.74000549316406,3.309999942779541,4.789999961853027,59.20000076293945,19.045000076293945,,21.18840087890625,49.71971008300781,30.94499969482422,7.159999847412109,85.57499694824219,7.710000038146973,6.079999923706055,5.4105000495910645,47.935001373291016,4.096000061035157,4312.89013671875,7882.5,4090.4599609375
2023-02-17,,90.70999908447266,10.18000030517578,0.0729999989271164,2.3239998817443848,6.869999885559082,,0.4950000047683716,610.2999877929688,0.6150000095367432,114.86,2.375,,308.239990234375,46.244998931884766,,36.09000015258789,6.849999904632568,350.19,0.8199999928474426,28.540000915527344,,10.149999618530272,24.84,1.5299999713897705,0.1325,0.435,,85.5,42.974998474121094,1.7599999904632568,,6.210999755859375,0.0189999993890523,146.77999877929688,6.777500152587891,2.5299999713897705,83.87000274658203,10.542499542236328,92.11000061035156,90.01000213623047,14.575,44.349998474121094,,12.789999961853027,7.807999877929688,49.65999984741211,,0.3199999928474426,4.320000171661377,5.789999961853027,60.47999954223635,258.05999755859375,4.690000057220459,5.079999923706055,9.199999809265137,18.75,3.0899999141693115,2.0299999713897705,1.1245999908447266,48.52000045776367,29.82,25.41,145.44000244140625,3.569999933242798,4.849999904632568,60.375,19.017000198364254,,20.32530029296875,50.9589404296875,31.0,6.119999885559082,85.66000366210938,7.429999828338623,5.699999809265137,5.4695000648498535,47.70500183105469,4.143999938964844,4370.31982421875,8004.39990234375,4079.090087890625
2023-02-24,,88.16000366210938,10.18000030517578,0.0769999995827674,2.174000024795532,6.860000133514404,,0.4250000119209289,579.0,0.5550000071525574,111.0,2.425,,304.0199890136719,46.380001068115234,,35.1349983215332,5.800000190734863,343.66,0.8700000047683716,28.489999771118164,,9.0600004196167,24.145,1.399999976158142,0.1375,0.435,,84.91999816894531,42.29999923706055,1.7300000190734863,,6.357000122070312,0.0179999992251396,146.125,6.742499828338623,2.4600000381469727,84.06999969482422,10.44499969482422,91.23999786376952,90.16999816894533,14.2975,43.5,,11.829999923706056,7.704000244140625,48.5099983215332,,0.3000000119209289,4.050000190734863,5.800000190734863,59.040000915527365,249.22000122070312,5.210000038146973,4.710000038146973,8.09000015258789,17.030000686645508,2.9100000858306885,1.840000033378601,1.360399932861328,41.63999938964844,29.56,24.99,141.4600067138672,3.299999952316284,5.130000114440918,59.28499984741211,18.749000549316406,,20.2047998046875,50.429564208984374,30.450000762939453,6.360000133514404,83.96499633789062,7.090000152587891,6.889999866485596,5.363999843597412,46.86000061035156,3.936000061035157,4299.2900390625,7878.7001953125,3970.0400390625
2023-03-03,,90.2300033569336,10.1899995803833,0.0750000029802322,2.131999969482422,7.949999809265137,3.4649999141693115,0.4799999892711639,589.4000244140625,0.5099999904632568,107.84,2.525,,312.45001220703125,47.79999923706055,,36.22999954223633,6.110000133514404,347.61,0.8899999856948853,28.549999237060547,,8.960000038146973,24.82,1.340000033378601,0.14125,0.425,,85.4000015258789,41.27000045776367,1.5399999618530271,,6.182999877929688,0.0170000009238719,145.32000732421875,6.877500057220459,2.700000047683716,84.05000305175781,10.350000381469728,91.72000122070312,90.9499969482422,14.565,44.59000015258789,,11.65999984741211,7.79,49.3849983215332,,0.2949999868869781,4.610000133514404,6.03000020980835,56.1599979400635,255.2899932861328,5.119999885559082,4.965000152587891,8.329999923706055,16.479999542236328,2.9700000286102295,2.1600000858306885,1.4963999938964845,48.779998779296875,30.0,25.8,147.0800018310547,3.2200000286102295,3.4000000953674316,60.19499969482421,19.027000427246097,,20.204000244140627,49.87611694335938,30.795000076293945,6.050000190734863,85.26000213623047,7.309999942779541,6.769999980926514,5.451499938964844,46.65999984741211,4.057999877929687,4338.330078125,7947.10009765625,4045.639892578125
2023-03-10,,86.36000061035156,10.210000038146973,0.0700000002980232,2.0,7.849999904632568,3.5,0.4099999964237213,577.5999755859375,0.4749999940395355,106.98,2.445,,303.6300048828125,46.5,,35.79499816894531,5.179999828338623,338.34,0.875,27.31999969482422,,7.829999923706055,23.99,1.340000033378601,0.1325,0.43,,85.16000366210938,42.869998931884766,1.5,,5.925999755859375,0.0209999997168779,147.35499572753906,6.672500133514404,2.200000047683716,84.20999908447266,10.524999618530272,91.4499969482422,90.23999786376952,14.3975,44.900001525878906,,11.06999969482422,7.602000122070312,48.540000915527344,,0.2399999946355819,3.9700000286102295,5.849999904632568,50.39999771118166,248.58999633789065,5.260000228881836,4.949999809265137,7.349999904632568,13.850000381469728,2.859999895095825,1.590000033378601,1.5010000610351562,57.29999923706055,29.975,25.445,147.5,2.950000047683716,3.809999942779541,58.67499923706055,19.04700088500977,,16.255,48.95571533203125,29.94499969482422,6.289999961853027,82.82499694824219,7.519999980926514,8.6899995803833,5.202499866485596,45.755001068115234,3.87,4226.4599609375,7748.39990234375,3861.590087890625
2023-03-17,,86.56999969482422,10.043999671936035,0.0740000009536743,1.840999960899353,7.699999809265137,2.009999990463257,0.4799999892711639,596.0999755859375,0.4600000083446502,108.14,2.36,,293.510009765625,41.47999954223633,,34.529998779296875,4.960000038146973,334.555,0.8100000023841858,25.899999618530273,,8.369999885559082,23.37,1.3300000429153442,0.1225,0.405,,84.41999816894531,44.88999938964844,1.4900000095367432,,5.420999755859375,0.0160000007599592,149.61000061035156,6.552499771118164,2.319999933242798,83.33999633789062,10.81999969482422,87.91999816894531,89.7699966430664,14.8,43.75,,11.0,7.179000244140625,48.31999969482422,,0.2199999988079071,3.819999933242798,5.5,56.1599979400635,279.42999267578125,6.239999771118164,4.400000095367432,7.880000114440918,12.289999961853027,3.25,1.7300000190734863,1.403000030517578,49.119998931884766,31.33,22.14,137.36000061035156,2.809999942779541,3.4800000190734863,56.174999237060554,19.625999450683594,,20.9639990234375,48.69704223632812,28.43000030517578,5.989999771118164,81.18499755859375,7.920000076293945,7.559999942779541,4.945000171661377,46.0,3.622000122070313,4007.659912109375,7335.39990234375,3916.639892578125
2023-03-24,,88.05999755859375,10.260000228881836,0.0729999989271164,1.930999994277954,7.409999847412109,3.3499999046325684,0.4600000083446502,598.7000122070312,0.4449999928474426,110.8,2.3,,298.9200134277344,41.974998474121094,,36.01499938964844,4.630000114440918,334.35,0.7524999976158142,25.700000762939453,,7.460000038146973,23.765,1.3700000047683716,0.12125,0.3975,,84.72000122070312,44.8650016784668,1.5099999904632568,,5.34,0.0170000009238719,150.0449981689453,6.577499866485596,2.450000047683716,84.2300033569336,10.81999969482422,88.83000183105469,89.58999633789062,14.905,44.54999923706055,,10.210000038146973,7.26,48.75,,0.2349999994039535,3.740000009536743,5.46999979019165,61.919998168945334,280.57000732421875,7.010000228881836,4.744999885559082,8.199999809265137,11.210000038146973,3.4200000762939453,1.600000023841858,1.435399932861328,45.880001068115234,31.63,22.005,140.5800018310547,2.7200000286102295,3.9700000286102295,56.959999084472656,19.625,,22.19409912109375,50.49573486328125,28.48500061035156,5.590000152587891,81.56500244140625,7.369999885559082,4.96999979019165,4.917500019073486,46.459999084472656,3.62,4039.72998046875,7405.5,3970.989990234375
2023-03-31,,91.16000366210938,10.149999618530272,0.0729999989271164,1.8220000267028809,7.949999809265137,3.5999999046325684,0.4600000083446502,625.2000122070312,0.4300000071525574,112.32,2.085,,308.7699890136719,44.79499816894531,,36.099998474121094,5.309999942779541,342.71,0.75,26.299999237060547,,7.25,24.085,1.350000023841858,0.11875,0.39,,86.1449966430664,44.08000183105469,1.7200000286102295,,5.497000122070313,0.0170000009238719,146.58999633789062,6.735000133514404,2.5,85.06999969482422,10.69499969482422,90.12000274658205,91.8499984741211,15.23,45.79999923706055,,10.449999809265137,7.487000122070312,50.380001068115234,,0.2549999952316284,4.099999904632568,5.429999828338623,80.63999748229983,288.29998779296875,7.46999979019165,4.699999809265137,8.449999809265137,12.300000190734863,2.130000114440918,1.7599999904632568,1.4902000427246094,48.939998626708984,31.14,23.085,149.25999450683594,3.009999990463257,3.900000095367432,59.229999542236335,20.100000381469727,,22.8781005859375,50.411513671875,29.15999984741211,5.659999847412109,83.70999908447266,7.710000038146973,4.980000019073486,5.093999862670898,47.685001373291016,3.692000122070313,4157.8798828125,7631.7001953125,4109.31005859375
2023-04-07,,91.26000213623048,10.479999542236328,0.0750000029802322,1.8450000286102295,8.100000381469727,3.5999999046325684,0.4000000059604645,607.0,0.4000000059604645,117.0,2.075,,312.510009765625,47.900001525878906,,35.279998779296875,5.289999961853027,341.17,0.7049999833106995,25.84000015258789,,6.920000076293945,23.85,1.3600000143051147,0.12,0.375,,85.83000183105469,44.8650016784668,2.0,,5.629000244140625,0.0179999992251396,148.78500366210938,6.807499885559082,2.390000104904175,85.41000366210938,10.795000076293944,89.66000366210938,91.70999908447266,14.985,45.150001525878906,,10.6899995803833,7.582999877929687,50.40999984741211,,0.3300000131130218,3.940000057220459,5.320000171661377,72.00000000000003,291.6000061035156,7.800000190734863,4.679999828338623,8.09000015258789,11.979999542236328,2.2300000190734863,1.5800000429153442,1.4794999694824218,51.0,31.48,24.17,141.1199951171875,2.75,3.630000114440918,59.435001373291016,19.35300064086914,,23.88300048828125,51.825201416015624,29.0,5.730000019073486,83.29499816894531,7.989999771118164,5.099999904632568,4.974999904632568,49.209999084472656,3.617999877929687,4203.91015625,7741.60009765625,4105.02001953125
2023-04-14,,92.3000030517578,10.199999809265137,0.0780000016093254,1.878999948501587,7.820000171661377,4.25,0.4300000071525574,606.5,0.4250000119209289,118.92,2.2,,319.739990234375,48.91999816894531,,36.31999969482422,4.579999923706055,345.155,0.6949999928474426,26.5,,7.590000152587891,24.125,1.684999942779541,0.12,0.38,,83.80000305175781,43.09000015258789,1.7999999523162842,,5.842999877929688,0.0170000009238719,146.35499572753906,6.892499923706055,2.4200000762939453,84.4800033569336,10.579999923706056,90.05999755859375,92.33000183105467,15.065,45.689998626708984,,10.454999923706056,7.717000122070313,51.15999984741211,,0.3400000035762787,3.990000009536743,5.650000095367432,73.43999862670901,286.1400146484375,8.989999771118164,5.039999961853027,8.8100004196167,13.390000343322754,2.2300000190734863,1.5199999809265137,1.4975,50.79999923706055,31.33,24.62,146.16000366210938,2.7100000381469727,3.569999933242798,60.93999862670898,19.285999298095703,,24.9260009765625,51.85528198242187,29.760000228881836,6.0,84.3949966430664,8.069999694824219,5.050000190734863,5.078999996185303,49.73500061035156,3.71,4278.5400390625,7871.89990234375,4137.64013671875
2023-04-21,,92.16999816894533,10.149999618530272,0.0810000002384185,1.8220000267028809,6.179999828338623,4.25,0.4300000071525574,580.2000122070312,0.4099999964237213,121.86,2.05,,324.3299865722656,46.255001068115234,,35.459999084472656,4.46999979019165,345.6,0.7799999713897705,26.600000381469727,,8.180000305175781,23.72,1.5049999952316284,0.1175,0.38,,83.44999694824219,42.459999084472656,1.5499999523162842,,5.737000122070312,0.0149999996647238,146.01499938964844,6.775000095367432,2.25,83.5999984741211,10.494999885559082,89.62000274658203,91.87999725341795,15.005,45.97999954223633,,9.90999984741211,7.762999877929688,51.220001220703125,,0.2849999964237213,3.839999914169311,5.860000133514404,84.95999908447268,285.760009765625,10.34000015258789,4.840000152587891,8.180000305175781,13.369999885559082,2.299999952316284,1.600000023841858,1.5435000610351564,51.79999923706055,31.02,24.53,145.63999938964844,2.309999942779541,3.4700000286102295,61.224998474121094,19.100000381469727,,24.09179931640625,52.84185424804687,29.850000381469727,5.849999904632568,84.38500213623047,7.96999979019165,5.119999885559082,5.077000141143799,49.775001525878906,3.5639999389648436,4298.240234375,7914.10009765625,4133.52001953125
2023-04-28,,92.58999633789062,10.029999732971191,0.0769999995827674,1.756999969482422,4.349999904632568,4.25,0.4580000042915344,573.5,0.4050000011920929,117.46,2.125,,328.54998779296875,45.439998626708984,,34.36000061035156,4.300000190734863,342.975,0.7350000143051147,26.559999465942383,,8.15999984741211,23.52,1.5700000524520874,0.1175,0.38,,84.05000305175781,42.494998931884766,1.5399999618530271,,5.7379998779296875,0.0179999992251396,145.6699981689453,6.670000076293945,2.2100000381469727,84.7699966430664,10.505000114440918,90.01000213623047,92.43000030517578,15.01,45.790000915527344,,9.979999542236328,7.732000122070312,51.404998779296875,,0.2750000059604645,3.680000066757202,5.96999979019165,100.79999542236332,307.260009765625,8.09000015258789,4.829999923706055,7.75,13.770000457763672,2.180000066757202,1.4700000286102295,1.5214999389648438,45.86000061035156,30.83,24.52,148.89999389648438,2.2699999809265137,3.3499999046325684,60.619998931884766,18.454999923706055,,23.7172998046875,53.3772509765625,30.09000015258789,5.960000038146973,83.62000274658203,7.25,5.300000190734863,5.01200008392334,49.43000030517578,3.76,4283.830078125,7870.60009765625,4169.47998046875
2023-05-05,,92.30999755859376,10.0600004196167,0.0729999989271164,1.784999966621399,4.184999942779541,4.0,0.449999988079071,585.5999755859375,0.4000000059604645,119.22,2.1,,323.8800048828125,42.619998931884766,,34.529998779296875,4.440000057220459,338.92,0.75,26.579999923706055,,9.770000457763672,23.52,1.590000033378601,0.115,0.37,,83.79000091552734,41.8849983215332,1.6299999952316284,,5.997999877929687,0.0170000009238719,145.22000122070312,6.610000133514404,2.240000009536743,84.30999755859375,10.454999923706056,89.9800033569336,91.56999969482422,15.11,46.40999984741211,,9.350000381469728,7.644000244140625,51.130001068115234,,0.3149999976158142,3.3299999237060547,6.099999904632568,90.71999931335452,310.6499938964844,8.050000190734863,4.800000190734863,7.409999847412109,14.31999969482422,2.109999895095825,1.4500000476837158,1.5114999389648438,46.29999923706055,31.01,23.905,150.47999572753906,2.0999999046325684,3.25,60.29499816894531,18.525999069213867,,24.74590087890625,52.92607543945312,30.15999984741211,5.150000095367432,83.06999969482422,8.0600004196167,6.889999866485596,4.963749885559082,49.665000915527344,3.8320001220703137,4242.39990234375,7778.39990234375,4136.25
2023-05-12,,91.6999969482422,10.539999961853027,0.0710000023245811,1.6330000162124634,4.340000152587891,4.25,0.4600000083446502,596.5999755859375,0.4000000059604645,120.1,2.0,,322.489990234375,42.29999923706055,,33.01499938964844,4.210000038146973,343.225,0.7099999785423279,26.579999923706055,,9.579999923706056,23.385,1.600000023841858,0.115,0.37,,83.69999694824219,41.81999969482422,5.090000152587891,,5.997000122070313,0.0179999992251396,147.50999450683594,6.489999771118164,2.259999990463257,84.55000305175781,10.457500457763672,90.01000213623047,91.45999908447266,15.255,46.97999954223633,,9.041000366210938,7.630999755859375,51.060001373291016,,0.3300000131130218,4.110000133514404,6.099999904632568,74.879997253418,308.9700012207031,7.949999809265137,4.849999904632568,9.5,12.720000267028809,1.940000057220459,1.409999966621399,1.483000030517578,43.099998474121094,31.43,24.09,150.10000610351562,1.9800000190734863,3.6700000762939458,60.34500122070312,18.691999435424805,,22.84409912109375,52.37864868164063,29.825000762939453,4.96999979019165,83.79499816894531,10.4399995803833,7.539999961853027,4.988249778747559,49.25,4.047999877929687,4224.06005859375,7754.60009765625,4124.080078125
2023-05-19,,92.97000122070312,10.899999618530272,0.0680000036954879,1.6779999732971191,4.989999771118164,3.950000047683716,0.449999988079071,643.4000244140625,0.3849999904632568,120.1,2.0,,330.3900146484375,43.150001525878906,,33.17499923706055,4.340000152587891,349.845,0.6949999928474426,26.770000457763672,,9.31999969482422,23.705,1.6100000143051147,0.1225,0.37,,83.88500213623047,40.400001525878906,6.0,,6.107999877929688,0.0199999995529651,142.89500427246094,6.542500019073486,2.380000114440918,83.08000183105469,10.15999984741211,90.38999938964844,88.44999694824219,15.96,47.34000015258789,,9.489999771118164,7.647000122070312,51.83000183105469,,0.3000000119209289,4.46999979019165,6.070000171661377,87.84000205993655,318.3399963378906,7.559999942779541,4.760000228881836,11.710000038146973,13.890000343322754,1.8799999952316284,1.5199999809265137,1.56,43.040000915527344,30.86,24.09,159.77999877929688,1.899999976158142,4.099999904632568,60.78499984741212,20.21500015258789,,22.6564990234375,51.386055908203126,30.040000915527344,4.349999904632568,84.98500061035156,13.170000076293944,5.639999866485596,5.044000148773193,49.17499923706055,4.05,4228.25,7756.89990234375,4191.97998046875
2023-05-26,,92.66000366210938,10.479999542236328,0.0649999976158142,1.784999966621399,4.599999904632568,3.9700000286102295,0.4550000131130218,682.0999755859375,0.395000010728836,117.84,2.1,,320.6000061035156,43.9900016784668,,32.470001220703125,4.40500020980835,353.69,0.7250000238418579,26.81999969482422,,9.100000381469728,23.95,1.5449999570846558,0.13,0.36,,83.69999694824219,38.71500015258789,5.190000057220459,,6.107999877929688,0.0199999995529651,142.2550048828125,6.442500114440918,2.630000114440918,82.62999725341797,9.90250015258789,90.25,88.29000091552734,16.91,46.79999923706055,,11.289999961853027,7.522000122070312,51.720001220703125,14.730999946594238,0.2849999964237213,4.610000133514404,5.880000114440918,82.08000183105472,332.8900146484375,7.900000095367432,5.599999904632568,13.649999618530272,13.670000076293944,1.715000033378601,1.6299999952316284,1.4905000305175782,43.0,30.68,23.525,156.67999267578125,2.130000114440918,3.75,59.86000061035156,22.262500762939453,,22.1625,50.15885559082031,29.225000381469727,3.839999914169311,85.37999725341797,12.050000190734863,5.550000190734863,5.015500068664551,47.75,3.99,4152.5400390625,7627.2001953125,4205.4501953125
2023-06-02,,94.08999633789062,10.949999809265137,0.0610000006854534,1.875,4.994999885559082,3.299999952316284,0.4699999988079071,674.5999755859375,0.5699999928474426,117.48,2.07,,329.4800109863281,43.27000045776367,,33.13999938964844,4.789999961853027,357.065,0.7699999809265137,26.739999771118164,,9.670000076293944,24.0775,1.340000033378601,0.13,0.35,,84.31999969482422,40.08000183105469,7.21999979019165,,6.027000122070312,0.0199999995529651,142.44500732421875,6.414999961853027,2.759999990463257,84.18000030517578,10.085000038146973,90.83000183105467,89.52999877929688,17.075,48.029998779296875,,11.100000381469728,7.505999755859375,52.53499984741211,12.329999923706056,0.270000010728836,4.590000152587891,5.989999771118164,82.08000183105472,335.3999938964844,8.100000381469727,5.960000038146973,14.520000457763672,16.110000610351562,1.8899999856948853,1.690000057220459,1.5,43.86000061035156,30.65,22.9,159.27999877929688,2.240000009536743,4.150000095367432,59.349998474121094,22.22249984741211,,22.8702001953125,48.80532348632813,29.780000686645508,3.700000047683716,85.91999816894531,11.359999656677246,6.869999885559082,5.071000099182129,48.41999816894531,4.283999938964843,4155.3701171875,7607.2998046875,4282.3701171875
2023-06-09,,93.63999938964844,11.25,0.061999998986721,1.88100004196167,5.420000076293945,2.7100000381469727,0.4799999892711639,666.5999755859375,0.5799999833106995,117.12,2.0,,335.2900085449219,43.619998931884766,,33.810001373291016,4.289999961853027,355.98,0.7699999809265137,26.84000015258789,,9.670000076293944,24.22,1.2649999856948853,0.13,0.34,,84.55999755859375,39.8849983215332,7.199999809265137,,6.075,0.0185000002384185,140.47000122070312,6.542500019073486,2.640000104904175,84.30999755859375,10.0337495803833,91.16000366210938,89.7300033569336,16.83,48.54999923706055,,11.0,7.47,52.459999084472656,9.920000076293944,0.2800000011920929,4.809999942779541,6.119999885559082,79.19999885559085,326.7900085449219,8.0,6.21999979019165,15.020000457763672,14.489999771118164,1.7000000476837158,1.600000023841858,1.4925,43.29999923706055,30.36,22.945,158.13999938964844,2.0199999809265137,4.230000019073486,58.685001373291016,22.102500915527344,,23.2810009765625,47.764610595703125,29.719999313354492,3.5799999237060547,85.6500015258789,12.970000267028809,6.670000076293945,5.114500045776367,48.470001220703125,4.207999877929687,4133.31982421875,7562.39990234375,4298.85986328125
2023-06-16,,96.08000183105467,11.25,0.0540000014007091,1.8769999742507937,6.239999771118164,3.049999952316284,0.5400000214576721,659.7999877929688,0.6150000095367432,117.88,1.9,,338.30999755859375,43.56999969482422,,34.66999816894531,4.340000152587891,359.605,0.7900000214576721,27.329999923706055,,8.819999694824219,24.34,1.2799999713897705,0.1425,0.33,,84.91500091552734,39.66999816894531,8.550000190734863,,6.117999877929687,0.0170000009238719,137.7449951171875,6.75,2.559999942779541,84.66000366210938,9.962499618530272,91.4800033569336,89.86000061035156,17.36,49.439998626708984,,10.989999771118164,7.44,54.29999923706055,17.75,0.2800000011920929,5.269999980926514,5.900000095367432,73.43999862670901,342.3299865722656,7.914999961853027,5.940000057220459,16.299999237060547,14.90999984741211,1.7599999904632568,1.4600000381469729,1.5119999694824218,40.91999816894531,29.78,23.36,163.77999877929688,2.359999895095825,4.059999942779541,59.44499969482422,22.712499618530273,,22.9689990234375,48.841419067382816,29.299999237060547,4.0,86.45500183105469,12.970000267028809,6.659999847412109,5.0920000076293945,49.20000076293945,4.2,4168.1201171875,7642.7001953125,4409.58984375
2023-06-23,,93.91000366210938,11.199999809265137,0.0570000000298023,1.7200000286102295,5.840000152587891,3.0,0.5699999928474426,640.7999877929688,0.675000011920929,114.22,1.91,,335.25,42.42499923706055,,33.80500030517578,4.329999923706055,356.375,0.699999988079071,27.5,,8.069999694824219,23.5525,1.274999976158142,0.145,0.285,,84.01000213623047,40.27000045776367,6.590000152587891,,6.022000122070312,0.0170000009238719,139.1649932861328,6.59250020980835,2.609999895095825,84.83999633789062,10.00749969482422,90.54000091552734,88.875,17.0225,47.58000183105469,,10.84000015258789,7.275999755859375,53.064998626708984,16.049999237060547,0.2649999856948852,5.659999847412109,5.679999828338623,73.43999862670901,335.0199890136719,7.960000038146973,5.440000057220459,14.029999732971191,15.0,1.6549999713897705,1.5499999523162842,1.5464999389648435,41.63999938964844,29.44,23.185,156.97999572753906,2.240000009536743,3.700000047683716,57.959999084472656,21.717500686645508,,21.38840087890625,49.20837341308594,27.80500030517578,3.859999895095825,84.94499969482422,11.93000030517578,7.289999961853027,4.969749927520752,48.91999816894531,4.11,4053.64990234375,7461.89990234375,4348.330078125
2023-06-30,,95.94000244140624,10.760000228881836,0.0480000004172325,1.77400004863739,6.059999942779541,2.9000000953674316,0.6000000238418579,663.0,0.5950000286102295,112.76,1.76,,341.0,43.44499969482422,,33.375,4.25,363.93,0.699999988079071,27.6299991607666,,8.229999542236328,23.855,1.1699999570846558,0.145,0.265,,84.68499755859375,40.35499954223633,5.53000020980835,,6.217000122070313,0.0160000007599592,138.44000244140625,6.559999942779541,2.4700000286102295,85.29000091552734,10.0024995803833,90.91000366210938,89.93000030517578,17.5225,48.290000915527344,,11.800000190734863,7.342000122070313,54.150001525878906,14.920000076293944,0.2399999946355819,5.820000171661377,5.420000076293945,67.67999839782718,340.5400085449219,8.010000228881836,5.400000095367432,15.329999923706056,14.649999618530272,1.6200000047683716,1.7899999618530271,1.5105000305175782,42.18000030517578,29.38,23.425,152.5399932861328,2.5399999618530273,3.940000057220459,59.2599983215332,22.55500030517578,,21.51199951171875,49.29860961914063,28.3799991607666,4.190000057220459,86.69000244140625,11.449999809265137,5.070000171661377,5.126999855041504,48.93000030517578,4.087999877929687,4096.259765625,7531.5,4450.3798828125
2023-07-07,,94.70999908447266,10.699999809265137,0.0529999993741512,1.8550000190734863,5.300000190734863,2.880000114440918,0.3700000047683716,640.4000244140625,0.5550000071525574,101.1,1.725,,340.8999938964844,44.64500045776367,,33.630001068115234,7.260000228881836,358.6,0.7099999785423279,27.479999542236328,,8.40999984741211,23.565,1.149999976158142,0.15,0.2775,,84.05000305175781,38.625,5.610000133514404,,6.099000244140625,0.0189999993890523,134.90499877929688,6.610000133514404,2.380000114440918,83.7699966430664,9.800000190734863,90.23999786376952,89.48999786376953,17.215,48.13999938964844,,11.600000381469728,7.074000244140625,53.45000076293945,12.170000076293944,0.2649999856948852,5.519999980926514,5.829999923706055,67.67999839782718,337.2200012207031,7.75,5.179999828338623,15.34000015258789,14.489999771118164,1.7000000476837158,2.049999952316284,1.485,42.619998931884766,29.3,22.825,142.6199951171875,2.7899999618530273,3.5799999237060547,57.04499816894531,22.0049991607666,,21.74570068359375,48.011253662109375,27.73500061035156,4.260000228881836,85.01000213623047,10.229999542236328,5.440000057220459,5.03849983215332,47.595001220703125,4.0,3957.080078125,7256.89990234375,4398.9501953125
2023-07-14,,97.68000030517578,10.609999656677246,0.0560000017285347,2.053999900817871,5.300000190734863,3.0,0.395000010728836,684.9000244140625,0.5899999737739563,103.24,1.75,,341.0899963378906,46.22999954223633,,35.064998626708984,6.300000190734863,359.02,0.9200000166893004,27.270000457763672,,8.609999656677246,24.05,1.184999942779541,0.155,0.2775,,85.2750015258789,39.59000015258789,5.960000038146973,,6.130999755859375,0.0199999995529651,134.72500610351562,6.760000228881836,2.6500000953674316,85.7699966430664,9.954999923706056,91.2750015258789,90.91999816894533,17.4,48.90999984741211,,11.640000343322754,7.255,55.45000076293945,11.119999885559082,0.270000010728836,5.71999979019165,5.78000020980835,66.23999977111819,345.239990234375,7.480999946594238,5.139999866485596,16.399999618530273,14.949999809265137,1.75,2.4200000762939453,1.4589999389648438,42.779998779296875,29.07,23.135,150.60000610351562,2.7799999713897705,3.819999933242798,58.9749984741211,22.825000762939453,,23.712099609375,48.03531372070312,28.690000534057617,4.809999942779541,85.86000061035156,9.510000228881836,5.880000114440918,5.098499774932861,48.63999938964844,4.097999877929687,4056.47998046875,7434.60009765625,4505.419921875
2023-07-21,,97.98999786376952,10.710000038146973,0.0610000006854534,2.4779999256134033,5.199999809265137,3.700000047683716,0.3549999892711639,625.5,0.5799999833106995,107.7,1.815,,345.760009765625,46.52000045776367,,33.994998931884766,6.619999885559082,369.24,0.8799999952316284,27.479999542236328,,8.9399995803833,24.18,1.184999942779541,0.17,0.2775,,85.26499938964844,40.529998779296875,5.190000057220459,,6.42,0.0230000000447034,137.24000549316406,6.882500171661377,2.559999942779541,85.55000305175781,10.092499732971191,91.23999786376952,90.9499969482422,17.725,48.84000015258789,,12.079999923706056,7.475,55.529998779296875,12.300000190734863,0.2549999952316284,5.730000019073486,5.409999847412109,63.36000251770022,343.7699890136719,7.739999771118164,5.21999979019165,16.43000030517578,15.010000228881836,1.7699999809265137,2.990000009536743,1.558000030517578,42.7599983215332,29.71,24.18,151.60000610351562,2.5999999046325684,3.5999999046325684,60.14500045776367,22.5049991607666,,23.67280029296875,49.11212219238281,29.63999938964844,4.619999885559082,87.87000274658203,9.31999969482422,5.730000019073486,5.261499881744385,50.224998474121094,4.057999877929687,4182.580078125,7663.7001953125,4536.33984375
2023-07-28,,99.1999969482422,10.760000228881836,0.0689999982714653,1.9420000314712524,5.269999980926514,3.6700000762939458,0.4199999868869781,653.0,0.5400000214576721,110.58,1.885,,349.80999755859375,48.494998931884766,,34.904998779296875,6.829999923706055,371.95,0.8899999856948853,27.579999923706055,,8.670000076293945,24.985,1.2400000095367432,0.1775,0.2775,,85.50499725341797,40.165000915527344,4.510000228881836,,6.467999877929688,0.0240000002086162,135.9250030517578,6.972499847412109,2.609999895095825,86.13999938964844,10.045000076293944,91.83999633789062,90.87000274658205,17.8575,50.06999969482422,,11.59000015258789,7.507000122070313,56.09000015258789,10.276000022888184,0.2849999964237213,6.179999828338623,5.489999771118164,61.919998168945334,338.3699951171875,8.020000457763672,5.139999866485596,17.809999465942383,14.84000015258789,1.524999976158142,3.450000047683716,1.933000030517578,47.29999923706055,29.715,23.415,154.27999877929688,2.740000009536743,3.690000057220459,60.34500122070312,23.357500076293945,,23.1885009765625,50.814563598632816,29.545000076293945,4.389999866485596,88.83000183105469,9.079999923706056,6.190000057220459,5.28249979019165,49.79499816894531,4.16,4195.169921875,7694.2998046875,4582.22998046875
2023-08-04,,96.63999938964844,10.710000038146973,0.0700000002980232,1.7619999647140503,4.559999942779541,3.755000114440918,0.3899999856948852,621.0999755859375,0.5350000262260437,109.1,1.9,,349.989990234375,49.81999969482422,,34.470001220703125,6.71999979019165,369.63,0.8899999856948853,27.540000915527344,,9.050000190734863,24.595,1.3650000095367432,0.1629999923706054,0.26,,85.29000091552734,38.869998931884766,4.050000190734863,,6.364000244140625,0.0230000000447034,135.88499450683594,6.885000228881836,2.630000114440918,85.08999633789062,10.0,91.33000183105467,90.66999816894533,17.4225,48.59000015258789,,12.369999885559082,7.395999755859375,55.08000183105469,11.0600004196167,0.2899999916553497,6.5,5.460000038146973,63.36000251770022,327.7799987792969,8.109999656677246,4.929999828338623,18.200000762939453,13.739999771118164,1.5099999904632568,3.390000104904175,2.065,46.040000915527344,29.58,23.885,148.83999633789062,2.5899999141693115,3.369999885559082,59.27000045776367,22.69499969482422,,22.44590087890625,49.21439392089844,29.26499938964844,4.110000133514404,87.87999725341797,8.850000381469727,5.570000171661377,5.269000053405762,49.0,4.347999877929687,4129.31982421875,7564.39990234375,4478.02978515625
2023-08-11,,96.11000061035156,10.710000038146973,0.0684999972581863,1.784000039100647,4.599999904632568,3.759999990463257,0.3899999856948852,605.7000122070312,0.5149999856948853,110.3,1.95,,358.3500061035156,50.25,,33.29499816894531,6.960000038146973,365.98,0.9200000166893004,27.940000534057617,,8.680000305175781,23.96,1.399999976158142,0.16,0.245,,85.31500244140625,37.91999816894531,3.259999990463257,,6.247999877929687,0.0209999997168779,135.9949951171875,6.875,2.569999933242798,84.80999755859375,9.869999885559082,91.33999633789062,90.58000183105467,16.785,48.099998474121094,,11.199999809265137,7.387000122070312,54.54999923706055,10.09000015258789,0.2899999916553497,6.179999828338623,5.289999961853027,64.80000114440921,321.010009765625,7.885000228881836,4.860000133514404,15.40999984741211,11.6899995803833,1.5299999713897705,2.2100000381469727,2.0769999694824217,49.65999984741211,29.37,24.16,137.4199981689453,2.390000104904175,3.240000009536743,59.23500061035156,21.600000381469727,,21.7177001953125,49.118142700195314,29.15999984741211,3.819999933242798,86.95999908447266,9.34000015258789,5.199999809265137,5.194499969482422,49.85499954223633,4.313999938964844,4105.93017578125,7524.2001953125,4464.0498046875
2023-08-18,,93.7300033569336,10.725000381469728,0.0759999975562095,1.7330000400543213,5.150000095367432,3.390000104904175,0.3849999904632568,598.2000122070312,0.5049999952316284,106.58,1.875,,352.55999755859375,49.03499984741211,,33.084999084472656,6.090000152587891,357.36,1.0199999809265137,27.84000015258789,,8.65999984741211,23.26,1.3899999856948853,0.16,0.2489999961853027,,84.72000122070312,37.119998931884766,3.549999952316284,,5.839000244140625,0.0209999997168779,134.77999877929688,6.787499904632568,2.5299999713897705,82.97000122070312,9.782500267028809,90.98999786376952,89.80000305175781,16.53,46.560001373291016,,10.59000015258789,7.14,53.540000915527344,7.639999866485596,0.2800000011920929,4.78000020980835,5.139999866485596,56.1599979400635,316.4800109863281,8.079999923706055,4.650000095367432,14.399999618530272,11.93000030517578,1.5499999523162842,1.9700000286102295,2.0119999694824218,43.65999984741211,28.93,23.6,134.39999389648438,2.109999895095825,3.1500000953674316,57.3650016784668,21.20249938964844,,21.81260009765625,47.884921875,28.100000381469727,3.3299999237060547,84.58000183105469,9.3100004196167,5.150000095367432,5.016499996185303,49.08000183105469,4.283999938964843,3961.93994140625,7262.39990234375,4369.7099609375
2023-08-25,,94.4800033569336,10.699999809265137,0.0939999967813491,1.7300000190734863,5.03000020980835,3.799999952316284,0.4050000011920929,594.2000122070312,0.4550000131130218,106.6,1.825,,355.92999267578125,48.7400016784668,,33.560001373291016,6.260000228881836,363.99,1.100000023841858,27.790000915527344,,8.770000457763672,23.79,1.6699999570846558,0.17,0.245,,85.06500244140625,38.619998931884766,3.3299999237060547,,5.877999877929687,0.0199999995529651,136.41000366210938,6.869999885559082,2.5,83.4800033569336,9.967499732971191,91.29000091552734,90.16999816894533,17.17,47.04999923706055,,11.24899959564209,7.222999877929688,53.79499816894531,6.25,0.2649999856948852,4.829999923706055,5.159999847412109,59.040000915527365,322.9800109863281,8.045000076293945,4.570000171661377,14.529999732971191,12.789999961853027,1.5499999523162842,2.119999885559082,2.03,42.2400016784668,29.54,23.785,136.39999389648438,2.109999895095825,3.319999933242798,58.08000183105469,21.787500381469727,,23.1468994140625,48.56469543457031,28.15999984741211,3.319999933242798,86.1050033569336,9.6899995803833,4.769999980926514,5.072000026702881,49.02000045776367,4.492000122070313,3998.050048828125,7338.60009765625,4405.7099609375
2023-09-01,,96.7699966430664,10.699999809265137,0.1000000014901161,1.8980000019073489,4.869999885559082,3.559999942779541,0.3849999904632568,611.7000122070312,0.5199999809265137,107.0,1.68,,362.4599914550781,51.349998474121094,,34.189998626708984,5.880000114440918,374.07,1.0399999618530271,27.719999313354492,,9.079999923706056,24.23,1.7000000476837158,0.165,0.245,,85.6500015258789,38.39500045776367,3.0899999141693115,,5.882999877929688,0.0199999995529651,136.94500732421875,6.962500095367432,2.700000047683716,83.83999633789062,9.975000381469728,91.63999938964844,91.05999755859376,18.045,48.61000061035156,,10.199999809265137,7.359000244140625,55.349998474121094,5.650000095367432,0.25,4.550000190734863,5.139999866485596,57.60000228881838,328.6600036621094,7.505000114440918,4.599999904632568,15.18000030517578,12.779999732971191,1.590000033378601,2.369999885559082,2.191000061035156,48.41999816894531,29.92,24.445,137.5,2.190000057220459,3.2799999713897705,58.81999969482422,22.885000228881836,,23.58610107421875,48.47445922851563,28.799999237060547,3.4100000858306885,88.33999633789062,10.100000381469728,3.9200000762939458,5.249000072479248,49.334999084472656,4.667999877929687,4069.2099609375,7464.5,4515.77001953125
2023-09-08,,95.33000183105467,10.699999809265137,0.0869999974966049,1.7380000352859497,4.684999942779541,3.5,0.375,586.7000122070312,0.4600000083446502,108.46,1.625,,363.1499938964844,53.14500045776367,,33.02000045776367,5.760000228881836,374.31,1.1299999952316284,27.950000762939453,,9.020000457763672,24.045,1.6200000047683716,0.165,0.245,,85.82499694824219,38.35499954223633,2.619999885559082,,5.844000244140625,0.0209999997168779,137.90499877929688,6.940000057220459,2.569999933242798,83.70999908447266,9.994999885559082,92.0,90.87000274658205,17.8425,48.439998626708984,,10.388999938964844,7.365,54.709999084472656,4.78000020980835,0.2249999940395355,4.309999942779541,4.670000076293945,72.00000000000003,334.2699890136719,8.25,4.380000114440918,15.130000114440918,11.359999656677246,1.5399999618530271,2.240000009536743,2.203999938964844,48.13999938964844,29.96,25.025,137.1199951171875,2.130000114440918,3.3299999237060547,58.55500030517579,22.482500076293945,,22.02050048828125,48.63688659667969,28.704999923706055,3.1500000953674316,88.21499633789062,9.220000267028809,4.269999980926514,5.1579999923706055,48.89500045776367,4.783999938964843,4072.739990234375,7478.2001953125,4457.490234375
2023-09-15,,95.81999969482422,10.699999809265137,0.0799999982118606,1.5640000104904177,4.429999828338623,3.009999990463257,0.3899999856948852,561.7999877929688,0.4699999988079071,109.4,1.725,,367.8599853515625,54.70500183105469,,33.80500030517578,5.860000133514404,376.51,1.2400000095367432,28.309999465942383,,8.390000343322754,24.405,1.6299999952316284,0.1614999961853027,0.245,,85.70500183105469,38.44499969482422,2.930000066757202,,6.292999877929687,0.0209999997168779,137.9199981689453,7.03000020980835,2.430000066757202,83.0199966430664,10.020000457763672,89.55999755859375,90.7300033569336,17.5075,49.45000076293945,,10.989999771118164,7.507999877929688,54.529998779296875,3.2100000381469727,0.209999993443489,4.369999885559082,3.900000095367432,70.56000137329104,330.2200012207031,7.75,4.090000152587891,15.329999923706056,12.34000015258789,1.6100000143051147,2.240000009536743,2.273999938964844,51.25,30.25,25.8,138.10000610351562,2.130000114440918,3.700000047683716,59.650001525878906,22.104999542236328,,22.06739990234375,49.37080078125,28.959999084472656,3.4000000953674316,89.2300033569336,7.960000038146973,4.230000019073486,5.191500186920166,49.150001525878906,5.215,4190.41015625,7711.39990234375,4450.31982421875
2023-09-22,,93.26000213623048,11.100000381469728,0.0900000035762786,1.5700000524520874,4.599999904632568,3.0,0.4000000059604645,555.2000122070312,0.4600000083446502,110.46,1.875,,360.1600036621094,54.334999084472656,,33.005001068115234,5.090000152587891,371.19,1.184999942779541,28.3700008392334,,7.849999904632568,24.33,1.5399999618530271,0.165,0.245,,85.3550033569336,38.55500030517578,2.7699999809265137,,6.430999755859375,0.0209999997168779,138.52000427246094,6.957499980926514,2.4100000858306885,82.54000091552734,10.077500343322754,89.30000305175781,90.19000244140624,17.3625,48.619998931884766,,9.8100004196167,7.477999877929688,53.17499923706055,2.190000057220459,0.2049999982118606,4.849999904632568,4.0,72.00000000000003,317.010009765625,7.300000190734863,3.259999990463257,14.130000114440918,11.079999923706056,1.4700000286102295,1.9800000190734863,2.206000061035156,49.79999923706055,30.62,26.075,133.24000549316406,1.919999957084656,3.240000009536743,59.150001525878906,21.75,,22.63110107421875,49.52119262695312,28.75,3.0299999713897705,88.25499725341797,7.599999904632568,3.3499999046325684,5.121500015258789,48.279998779296875,5.48,4172.43994140625,7683.89990234375,4320.06005859375
2023-09-29,,92.37000274658205,10.666000366210938,0.0850000008940696,1.4639999866485596,4.695000171661377,3.299999952316284,0.4000000059604645,559.0999755859375,0.4749999940395355,111.02,1.95,,350.29998779296875,53.9900016784668,,33.244998931884766,4.78000020980835,369.43,1.1699999570846558,28.899999618530273,,7.800000190734863,24.11,1.7000000476837158,0.1614999961853027,0.245,,85.28500366210938,37.18000030517578,2.7100000381469727,,6.449000244140625,0.0199999995529651,138.02999877929688,6.912499904632568,2.25,81.1500015258789,9.917499542236328,89.12999725341797,90.12999725341795,17.385,47.36000061035156,,9.69499969482422,7.422000122070313,52.880001068115234,2.009999990463257,0.209999993443489,4.489999771118164,3.8550000190734863,63.36000251770022,315.75,7.050000190734863,4.28000020980835,16.0,9.539999961853027,1.2999999523162842,1.659999966621399,2.208999938964844,48.52000045776367,29.585,26.06,135.66000366210938,2.0199999809265137,3.5,58.61000061035156,22.207500457763672,,22.08,48.871499633789064,28.21500015258789,2.890000104904175,87.61000061035156,7.75,3.180000066757202,5.129499912261963,47.869998931884766,5.6,4127.240234375,7608.10009765625,4288.0498046875
2023-10-06,,92.4800033569336,10.619999885559082,0.0860000029206276,1.343999981880188,5.050000190734863,3.0,0.4099999964237213,561.2000122070312,0.4699999988079071,109.42,1.85,,346.3399963378906,49.51499938964844,,32.459999084472656,4.539999961853027,365.49,1.1649999618530271,28.93000030517578,,7.150000095367432,23.82,1.590000033378601,0.155,0.245,,84.38500213623047,36.439998626708984,2.390000104904175,,6.547000122070313,0.0199999995529651,135.67999267578125,6.71999979019165,2.190000057220459,79.55999755859375,9.824999809265137,88.5,88.7699966430664,17.5375,46.400001525878906,,9.140000343322754,7.312000122070312,52.67499923706055,1.6699999570846558,0.2349999994039535,4.53000020980835,3.799999952316284,60.47999954223635,327.260009765625,7.099999904632568,3.559999942779541,16.610000610351562,8.880000114440918,1.2999999523162842,1.5399999618530271,2.0880000305175783,47.41999816894531,29.11,25.815,134.66000366210938,1.8600000143051147,3.069999933242798,57.84999847412109,22.209999084472656,,20.203900146484376,47.2292138671875,27.450000762939453,2.5999999046325684,86.38500213623047,7.409999847412109,3.119999885559082,4.95074987411499,47.744998931884766,5.34,4055.72998046875,7494.60009765625,4308.5
2023-10-13,,92.7699966430664,10.81999969482422,0.0780000016093254,1.2799999713897705,4.804999828338623,2.9800000190734863,0.4250000119209289,573.5999755859375,0.4399999976158142,109.74,1.825,,345.0899963378906,52.630001068115234,,31.875,4.190000057220459,373.475,1.0700000524520874,28.600000381469727,,7.050000190734863,24.125,1.5700000524520874,0.1475,0.245,,82.12999725341797,37.689998626708984,2.319999933242798,,6.525999755859375,0.0199999995529651,138.28500366210938,6.885000228881836,1.9600000381469729,79.77999877929688,9.979999542236328,88.69999694824219,89.36000061035156,17.9825,46.59000015258789,,9.100000381469728,7.422999877929687,53.709999084472656,1.5,0.2549999952316284,4.519999980926514,3.5999999046325684,57.60000228881838,327.7300109863281,6.909999847412109,3.3399999141693115,17.360000610351562,7.110000133514404,1.2300000190734863,1.340000033378601,2.131999969482422,45.47999954223633,30.83,27.22,133.47999572753906,1.7599999904632568,3.25,58.52000045776368,22.837499618530273,,21.12639892578125,47.24124389648438,27.06999969482422,2.75,87.98999786376953,7.389999866485596,3.009999990463257,4.963749885559082,47.92499923706055,5.11,4095.5,7599.60009765625,4327.77978515625
2023-10-20,,90.4000015258789,10.8100004196167,0.0724999979138374,1.131999969482422,4.480000019073486,3.427999973297119,0.4050000011920929,547.0999755859375,0.3899999856948852,104.3,1.7,,335.8599853515625,54.88999938964844,,31.88999938964844,3.910000085830689,364.25,1.0199999809265137,28.93000030517578,,6.289999961853027,23.415,1.475000023841858,0.1575,0.245,,81.37999725341797,36.099998474121094,2.259999990463257,,6.159000244140625,0.0179999992251396,135.66000366210938,7.005000114440918,1.919999957084656,78.62000274658203,9.782500267028809,87.9800033569336,88.16999816894531,17.2825,45.56999969482422,,8.786999702453613,7.234000244140625,52.380001068115234,1.4199999570846558,0.2199999988079071,4.789999961853027,3.5,57.60000228881838,326.6700134277344,6.119999885559082,3.190000057220459,16.110000610351562,7.139999866485596,1.309999942779541,1.2599999904632568,1.9894999694824216,44.65999984741211,31.92,27.275,127.12000274658205,1.440000057220459,3.130000114440918,56.95000076293945,21.834999084472656,,22.21159912109375,48.005238647460935,26.350000381469727,2.390000104904175,85.7750015258789,6.840000152587891,3.759999990463257,4.852749824523926,47.09000015258789,5.34,3990.56005859375,7402.10009765625,4224.16015625
2023-10-27,,88.58999633789062,10.640000343322754,0.0750000029802322,0.9120000004768372,4.619999885559082,3.075000047683716,0.4099999964237213,560.2000122070312,0.4250000119209289,101.24,1.65,,331.7099914550781,52.400001525878906,,32.6150016784668,3.660000085830689,356.79,1.0499999523162842,28.700000762939453,,6.260000228881836,23.33,1.5199999809265137,0.1664999961853027,0.24,,81.98999786376953,36.60499954223633,1.9700000286102295,,6.01,0.0219999998807907,136.13499450683594,6.932499885559082,1.75,79.48999786376953,9.87125015258789,88.58999633789062,88.87999725341797,17.135,45.459999084472656,,7.289999961853027,7.125999755859375,51.36000061035156,1.4079999923706057,0.2199999988079071,4.150000095367432,3.0399999618530273,51.840002059936545,329.80999755859375,5.824999809265137,3.049999952316284,15.06999969482422,5.590000152587891,1.1699999570846558,1.1449999809265137,2.003999938964844,43.7599983215332,31.74,27.005,122.41999816894533,1.3200000524520874,3.2100000381469727,56.3499984741211,21.44499969482422,,21.7706005859375,45.97193298339844,26.079999923706055,2.2200000286102295,84.4000015258789,6.409999847412109,3.8299999237060542,4.776750087738037,45.435001373291016,5.47,3933.169921875,7291.2998046875,4117.3701171875
2023-11-03,,93.79000091552734,10.640000343322754,0.0689999982714653,2.696000099182129,4.34499979019165,2.75,0.4050000011920929,597.7000122070312,0.4099999964237213,102.7,1.725,,351.80999755859375,51.31999969482422,,32.91999816894531,4.179999828338623,369.22,1.1299999952316284,27.90999984741211,,8.3100004196167,23.985,1.5399999618530271,0.1629999923706054,0.245,,83.9749984741211,38.17499923706055,2.299999952316284,,6.022000122070312,0.0209999997168779,137.02000427246094,6.945000171661377,2.009999990463257,82.5199966430664,10.074999809265137,90.16000366210938,91.62000274658205,17.795,48.599998474121094,,8.3100004196167,7.237999877929688,54.150001525878906,1.5,0.2199999988079071,4.340000152587891,4.050000190734863,48.95999908447268,352.79998779296875,5.760000228881836,3.359999895095825,18.88999938964844,7.800000190734863,1.2100000381469729,1.3700000047683716,2.208999938964844,47.220001220703125,31.31,26.525,127.8000030517578,1.399999976158142,3.5799999237060547,57.959999084472656,22.540000915527344,,21.6597998046875,46.37498291015625,27.799999237060547,2.3499999046325684,87.33000183105469,6.710000038146973,3.900000095367432,4.981249809265137,47.064998626708984,5.42,4028.18994140625,7417.7001953125,4358.33984375
2023-11-10,,94.30999755859376,10.619999885559082,0.0820000022649765,2.390000104904175,4.380000114440918,2.5999999046325684,0.4099999964237213,608.0,0.4099999964237213,100.9,1.615,,350.55999755859375,48.63999938964844,,32.15999984741211,3.849999904632568,375.33,1.100000023841858,28.209999084472656,,7.670000076293945,24.165,1.6349999904632568,0.16,0.2464999961853027,,83.69999694824219,38.165000915527344,2.1500000953674316,,5.992000122070312,0.0199999995529651,138.19000244140625,6.712500095367432,1.7000000476837158,81.45999908447266,10.06999969482422,90.02999877929688,91.16000366210938,18.74,46.994998931884766,,7.802000045776367,7.199000244140625,54.290000915527344,1.2599999904632568,0.209999993443489,4.039999961853027,4.0,44.64000034332277,369.6700134277344,4.880000114440918,3.75,19.670000076293945,6.804999828338623,1.3600000143051147,1.4199999570846558,2.32,57.5,30.92,26.295,130.8000030517578,1.350000023841858,3.359999895095825,58.299999237060554,23.65999984741211,,21.5202001953125,47.511947021484374,27.649999618530273,2.4100000858306885,88.12999725341797,6.349999904632568,4.130000114440918,4.9045000076293945,46.0,5.42,3997.590087890625,7360.60009765625,4415.240234375
2023-11-17,,96.9499969482422,10.699999809265137,0.0790000036358833,2.5460000038146973,4.275000095367432,2.2300000190734863,0.4199999868869781,628.7000122070312,0.4199999868869781,102.6,1.725,,358.92999267578125,47.94499969482422,,33.224998474121094,5.21999979019165,379.59,1.2000000476837158,27.489999771118164,,9.779999732971191,24.43,1.6299999952316284,0.16,0.2464999961853027,,84.4000015258789,39.64500045776367,2.5399999618530273,,6.154000244140625,0.0199999995529651,135.0,6.715000152587891,1.7300000190734863,82.38999938964844,10.11750030517578,90.63999938964844,89.20999908447266,18.915,48.459999084472656,,8.300000190734863,7.349000244140625,55.869998931884766,1.190000057220459,0.2199999988079071,4.079999923706055,3.9700000286102295,63.36000251770022,369.8500061035156,5.019999980926514,3.549999952316284,20.489999771118164,6.599999904632568,1.4700000286102295,1.649999976158142,2.44,60.349998474121094,31.04,26.085,148.4600067138672,1.475000023841858,3.369999885559082,60.040000915527344,24.280000686645508,,22.95429931640625,45.91177459716797,28.799999237060547,2.5399999618530273,89.54000091552734,6.820000171661377,3.9200000762939458,5.063499927520752,47.29999923706055,5.755,4088.050048828125,7504.2998046875,4514.02001953125
2023-11-24,,97.87999725341795,10.699999809265137,0.0850000008940696,2.5959999561309814,4.119999885559082,2.6530001163482666,0.4099999964237213,632.2999877929688,0.395000010728836,101.8,1.675,,362.6799926757813,49.2400016784668,,33.869998931884766,5.659999847412109,378.66,1.284999966621399,27.600000381469727,,10.579999923706056,24.23,1.559999942779541,0.1575,0.2475,,84.81999969482422,38.38999938964844,2.299999952316284,,6.095,0.0209999997168779,132.86000061035156,6.732500076293945,1.7699999809265137,83.3499984741211,9.970000267028809,91.02999877929688,89.66999816894531,18.77,48.85499954223633,,8.989999771118164,7.340999755859375,56.619998931884766,1.0499999523162842,0.2049999982118606,3.630000114440918,3.934999942779541,69.12000274658206,377.4299926757813,5.0,3.450000047683716,19.200000762939453,7.260000228881836,1.4800000190734863,1.5299999713897705,2.41,64.75,30.87,25.95,150.86000061035156,1.4299999475479126,3.3499999046325684,60.07500076293945,24.0049991607666,,22.6760009765625,45.71927215576172,28.670000076293945,2.2699999809265137,89.22000122070312,6.829999923706055,3.509999990463257,5.037499904632568,48.29999923706055,5.74,4077.469970703125,7488.2001953125,4559.33984375
2023-12-01,,98.75,10.699999809265137,0.0790000036358833,2.6559998989105225,3.865000009536743,2.4200000762939453,0.4250000119209289,637.5,0.3799999952316284,101.98,1.725,,357.07000732421875,48.880001068115234,,34.70000076293945,5.690000057220459,378.55,1.3600000143051147,26.90999984741211,,10.770000457763672,24.175,1.590000033378601,0.17,0.24,,85.9000015258789,38.939998626708984,2.7699999809265137,,6.040999755859375,0.0209999997168779,134.59500122070312,6.744999885559082,1.9299999475479128,84.9800033569336,10.0649995803833,92.08000183105467,90.8499984741211,18.685,49.220001220703125,,8.989999771118164,7.375999755859375,56.779998779296875,1.0299999713897705,0.2049999982118606,3.3399999141693115,3.865000009536743,69.12000274658206,374.510009765625,4.940000057220459,3.4800000190734863,20.270000457763672,8.0600004196167,1.7300000190734863,1.7400000095367432,2.7670001220703124,64.80000305175781,31.56,25.68,156.0,1.4900000095367432,3.2799999713897705,,23.790000915527344,,24.06699951171875,45.48466186523437,28.614999771118164,2.440000057220459,89.30500030517578,7.610000133514404,3.5399999618530273,5.101500034332275,48.439998626708984,5.875,4094.47998046875,7529.39990234375,4594.6298828125
2023-12-08,,98.70999908447266,11.09000015258789,0.0839999988675117,2.6500000953674316,4.139999866485596,2.9100000858306885,0.4399999976158142,649.5999755859375,0.3849999904632568,101.22,1.75,,353.0799865722656,45.959999084472656,,34.1150016784668,5.809999942779541,383.54,1.5700000524520874,26.959999084472656,,10.510000228881836,24.14,1.5199999809265137,0.195,0.25,,86.05000305175781,39.994998931884766,2.950000047683716,,6.192000122070312,0.025000000372529,136.27000427246094,6.489999771118164,1.7699999809265137,85.30000305175781,10.162500381469728,92.2300033569336,90.83999633789062,18.98,49.040000915527344,,8.630999565124512,7.405999755859375,56.75,1.0099999904632568,0.1899999976158142,3.819999933242798,3.700000047683716,60.47999954223635,374.2300109863281,4.659999847412109,3.390000104904175,17.770000457763672,8.5,2.0,1.5700000524520874,2.8929998779296877,66.4000015258789,31.11,25.205,162.4199981689453,1.440000057220459,3.369999885559082,,24.184999465942383,,22.7556005859375,45.55685028076172,29.049999237060547,2.240000009536743,90.31500244140624,7.760000228881836,3.859999895095825,5.194499969482422,48.30500030517578,5.935,4115.3798828125,7554.5,4604.3701171875
2023-12-15,,100.97000122070312,8.010000228881836,0.0949999988079071,2.799999952316284,4.445000171661377,2.5199999809265137,0.5099999904632568,694.7000122070312,0.3700000047683716,101.86,1.975,,356.5,46.494998931884766,,34.650001525878906,6.090000152587891,390.03,1.659999966621399,26.63999938964844,,10.93000030517578,24.555,1.5,0.1975,0.2460000038146972,,87.5999984741211,42.38999938964844,2.7300000190734863,,6.09,0.0230000000447034,138.11000061035156,6.547500133514404,2.049999952316284,87.2300033569336,10.494999885559082,93.5500030517578,92.72000122070312,19.38,49.68000030517578,,7.760000228881836,7.38,58.47999954223633,1.090000033378601,0.1850000023841858,3.4200000762939453,3.900000095367432,70.56000137329104,370.7300109863281,4.670000076293945,3.299999952316284,18.200000762939453,8.829999923706055,2.1500000953674316,1.7000000476837158,2.9010000610351563,68.05000305175781,31.2,25.03,166.77999877929688,1.3200000524520874,4.159999847412109,,26.19499969482422,,23.1372998046875,45.18387542724609,29.625,2.5299999713897705,91.6999969482422,7.980000019073486,4.579999923706055,5.39900016784668,49.22999954223633,6.085,4142.919921875,7576.39990234375,4719.18994140625
2023-12-22,,101.18000030517578,4.25,0.0949999988079071,3.0,5.0,2.859999895095825,0.5099999904632568,683.5999755859375,0.3600000143051147,104.36,1.94,,356.4700012207031,48.16999816894531,,34.849998474121094,6.170000076293945,391.25,1.7999999523162842,26.600000381469727,,10.829999923706056,24.375,1.590000033378601,0.215,0.2460000038146972,,88.08499908447266,43.279998779296875,2.7300000190734863,,6.2779998779296875,0.0209999997168779,138.5800018310547,6.602499961853027,1.9299999475479128,87.58999633789062,10.645000457763672,94.0999984741211,93.41999816894533,19.29,50.22999954223633,,8.489999771118164,7.5,58.849998474121094,1.149999976158142,0.2000000029802322,3.319999933242798,3.7699999809265137,59.040000915527365,374.5799865722656,4.75,3.0999999046325684,17.40999984741211,9.220000267028809,1.899999976158142,1.8799999952316284,3.0239999389648435,85.4000015258789,31.55,25.665,168.0800018310547,1.440000057220459,4.139999866485596,,25.9375,,23.39469970703125,45.562865295410155,30.295000076293945,2.569999933242798,92.04499816894533,8.479999542236328,4.199999809265137,5.45550012588501,49.7599983215332,6.14,4213.0498046875,7697.5,4754.6298828125
2023-12-29,,101.7699966430664,1.7000000476837158,0.096000000834465,2.763999938964844,4.75,2.9000000953674316,0.5,681.7000122070312,0.3799999952316284,106.0,2.05,,356.6600036621094,46.959999084472656,,34.720001220703125,5.730000019073486,393.925,1.899999976158142,25.760000228881836,,10.130000114440918,24.95,1.6950000524520874,0.2129999923706054,0.2435000038146972,,88.23500061035156,42.650001525878906,2.640000104904175,,6.355,0.0209999997168779,138.05999755859375,6.587500095367432,1.899999976158142,87.79000091552734,10.595000267028809,94.3000030517578,93.23999786376952,19.425,51.09000015258789,,7.769999980926514,7.530999755859375,59.36000061035156,1.2799999713897705,0.1800000071525573,3.2100000381469727,3.440000057220459,61.919998168945334,376.0400085449219,4.639999866485596,3.0999999046325684,17.170000076293945,8.859999656677246,1.9800000190734863,2.009999990463257,2.9970001220703124,88.80000305175781,31.56,25.715,169.9199981689453,1.4500000476837158,4.349999904632568,,26.372499465942383,,22.75300048828125,45.71927215576172,30.36000061035156,2.8499999046325684,92.94000244140624,8.4399995803833,4.269999980926514,5.558000087738037,50.56999969482422,6.185,4232.009765625,7733.2001953125,4769.830078125
2024-01-05,43.0,100.08000183105467,1.8899999856948853,0.0979999974370002,2.677999973297119,4.510000228881836,3.5999999046325684,0.5099999904632568,644.2000122070312,0.395000010728836,107.58,1.95,,365.5899963378906,47.91999816894531,,34.15999984741211,4.820000171661377,387.53,2.049999952316284,25.8700008392334,,9.09000015258789,24.635,1.950000047683716,0.21,0.2435000038146972,,87.33999633789062,41.029998779296875,2.4700000286102295,,6.342999877929688,0.0199999995529651,137.3000030517578,6.552499771118164,1.6699999570846558,86.12999725341797,10.36750030517578,93.4499969482422,92.3000030517578,18.63,50.83000183105469,,7.96999979019165,7.479000244140625,58.31999969482422,1.350000023841858,0.1599999964237213,3.2300000190734863,3.744999885559082,66.23999977111819,367.75,4.670000076293945,3.069999933242798,15.979999542236328,8.979999542236328,2.0250000953674316,1.8700000047683716,2.966000061035156,81.69999694824219,31.34,25.71,160.5,1.3300000429153442,4.079999923706055,,24.88999938964844,,21.9775,46.06818420410156,29.614999771118164,2.4700000286102295,91.56999969482422,8.850000381469727,4.070000171661377,5.354000091552734,51.400001525878906,6.17,4196.35009765625,7689.60009765625,4697.240234375
2024-01-12,43.0,101.4499969482422,1.7300000190734863,0.0850000008940696,2.538000106811523,4.380000114440918,2.950000047683716,0.5,649.2999877929688,0.3549999892711639,108.62,1.825,,363.6199951171875,47.73500061035156,,33.59000015258789,5.434999942779541,393.15,2.2799999713897705,26.09000015258789,,9.06999969482422,24.445,1.9299999475479128,0.21,0.2460000038146972,,88.09500122070312,40.84000015258789,2.25,,6.100999755859375,0.0199999995529651,137.7899932861328,6.537499904632568,1.7899999618530271,86.56999969482422,10.38249969482422,94.31999969482422,93.20999908447266,19.37,52.630001068115234,,7.909999847412109,7.425999755859375,59.33000183105469,2.259999990463257,0.1550000011920929,3.569999933242798,4.050000190734863,66.23999977111819,388.4700012207031,4.420000076293945,2.9600000381469727,16.760000228881836,7.989999771118164,2.2300000190734863,1.7300000190734863,3.05,78.0,31.31,24.61,163.1199951171875,1.2599999904632568,4.960000038146973,,25.51499938964844,,22.04840087890625,46.26670166015625,29.6200008392334,2.1600000858306885,92.47000122070312,7.860000133514404,3.609999895095825,5.349999904632568,51.9900016784668,6.965,4165.6201171875,7624.89990234375,4783.830078125
2024-01-19,42.599998474121094,101.66999816894533,1.5,0.0820000022649765,2.444000005722046,3.9200000762939458,3.177999973297119,0.5299999713897705,686.2999877929688,0.324999988079071,105.08,1.14,,366.989990234375,47.85499954223633,,33.619998931884766,5.119999885559082,397.65,2.3499999046325684,26.3799991607666,,8.09000015258789,23.905,2.049999952316284,0.225,0.2425,,87.54499816894531,39.91999816894531,2.200000047683716,,5.884000244140625,0.0209999997168779,136.5399932861328,6.454999923706055,1.840000033378601,85.38999938964844,10.270000457763672,93.87000274658205,92.13999938964844,20.145,51.65999984741211,,7.800000190734863,7.270999755859375,59.439998626708984,1.7300000190734863,0.1500000059604644,3.059999942779541,3.9800000190734863,70.56000137329104,398.6700134277344,4.505000114440918,2.0799999237060547,16.780000686645508,6.5,2.0799999237060547,1.590000033378601,3.05,76.6500015258789,31.11,23.705,160.94000244140625,1.1799999475479126,4.920000076293945,,27.375,,21.803701171875,44.6484814453125,29.125,2.069999933242798,92.45999908447266,7.559999942779541,3.700000047683716,5.275000095367432,51.29499816894531,7.245,4079.8701171875,7461.89990234375,4839.81005859375
2024-01-26,41.099998474121094,102.87999725341795,1.5199999809265137,0.0850000008940696,2.6500000953674316,4.03000020980835,3.509999990463257,0.5400000214576721,797.2000122070312,0.3149999976158142,105.46,1.025,,385.3999938964844,49.65999984741211,,34.52000045776367,5.460000038146973,404.45,2.299999952316284,26.549999237060547,,7.289999961853027,24.33,2.0999999046325684,0.24,0.215,,88.16999816894531,39.720001220703125,1.8799999952316284,,6.169000244140625,0.0199999995529651,136.4149932861328,6.552499771118164,1.7599999904632568,85.66999816894531,10.22249984741211,94.51000213623048,93.16000366210938,20.665,51.779998779296875,,7.010000228881836,7.444000244140625,60.56999969482422,1.7100000381469729,0.1550000011920929,3.049999952316284,4.0,67.67999839782718,403.9299926757813,9.40999984741211,2.319999933242798,16.350000381469727,6.53000020980835,2.0799999237060547,1.649999976158142,3.053999938964844,81.9000015258789,30.86,24.295,167.86000061035156,1.4600000381469729,4.940000057220459,,28.295000076293945,,21.91280029296875,46.00201080322265,29.875,2.140000104904175,94.08000183105467,7.510000228881836,3.819999933242798,5.390500068664551,51.41999816894531,6.785,4174.89013671875,7635.10009765625,4890.97021484375
2024-02-02,40.70000076293945,103.73999786376952,1.5,0.0780000016093254,2.630000114440918,3.839999914169311,3.2230000495910645,0.4850000143051147,818.7999877929688,0.324999988079071,103.6,1.075,,390.75,47.279998779296875,,34.2400016784668,6.730000019073486,410.73,2.309999942779541,26.799999237060547,,7.110000133514404,24.235,1.955000042915344,0.2560000038146973,0.195,,87.9000015258789,39.29499816894531,2.119999885559082,12.850000381469728,6.140999755859375,0.0230000000447034,138.27000427246094,6.454999923706055,1.7400000095367432,86.08000183105469,10.270000457763672,94.06999969482422,92.79000091552734,20.755,52.220001220703125,,7.550000190734863,7.417999877929687,61.2400016784668,2.299999952316284,0.1449999958276748,3.130000114440918,4.150000095367432,74.879997253418,411.2200012207031,11.175000190734863,3.2699999809265137,17.020000457763672,6.610000133514404,2.130000114440918,1.5199999809265137,3.1020001220703124,74.05000305175781,31.32,24.715,166.66000366210938,1.7000000476837158,5.230000019073486,,28.28499984741211,,22.21320068359375,46.50131469726563,29.63999938964844,2.0899999141693115,95.0500030517578,7.449999809265137,3.640000104904175,5.375,51.95000076293945,7.32,4160.18994140625,7615.5,4958.60986328125
2024-02-09,35.5,105.01000213623048,1.409999966621399,0.0769999995827674,2.7279999256134033,3.859999895095825,3.200000047683716,0.4699999988079071,876.0999755859375,0.3449999988079071,97.61,1.03,,398.3599853515625,49.7400016784668,,32.900001525878906,6.929999828338623,416.41,2.6500000953674316,26.88999938964844,,7.449999809265137,24.725,2.0399999618530273,0.405,0.19,,87.91500091552734,38.82500076293945,2.3399999141693115,10.029999732971191,6.095,0.0209999997168779,136.83999633789062,6.460000038146973,1.840000033378601,85.73999786376953,10.1899995803833,94.12000274658205,93.03500366210938,21.46,52.16999816894531,,7.170000076293945,7.369000244140625,62.25,2.430000066757202,0.1599999964237213,3.0399999618530273,4.050000190734863,76.32000160217288,420.5499877929687,12.609999656677246,5.5,24.3799991607666,6.739999771118164,2.200000047683716,1.5399999618530271,3.181000061035156,75.6500015258789,31.145,24.875,165.52000427246094,1.6299999952316284,5.139999866485596,,29.899999618530273,,21.6625,48.19172058105469,29.46500015258789,2.130000114440918,96.12999725341795,7.599999904632568,3.75,5.4079999923706055,52.459999084472656,6.845,4136.740234375,7572.60009765625,5026.60986328125
2024-02-16,35.70000076293945,105.19000244140624,1.7100000381469729,0.0810000002384185,2.569999933242798,4.119999885559082,3.049999952316284,0.4550000131130218,874.5999755859375,0.3600000143051147,100.94,1.125,,405.989990234375,50.54999923706055,,34.275001525878906,6.909999847412109,419.56,2.5299999713897705,26.950000762939453,,8.149999618530273,25.29,2.0799999237060547,0.38,0.195,,87.94499969482422,38.68000030517578,2.5399999618530273,8.029999732971191,6.387999877929688,0.0219999998807907,136.13999938964844,6.420000076293945,1.840000033378601,85.43000030517578,10.164999961853027,94.27999877929688,92.5999984741211,21.3,53.209999084472656,,6.800000190734863,7.522000122070312,62.810001373291016,2.380000114440918,0.1500000059604644,3.009999990463257,3.990000009536743,82.08000183105472,404.05999755859375,12.899999618530272,5.619999885559082,24.440000534057617,8.460000038146973,1.950000047683716,1.7000000476837158,3.2329998779296876,74.8499984741211,31.02,24.97,169.22000122070312,1.7799999713897705,4.78000020980835,,30.2549991607666,,22.00110107421875,48.48047424316406,29.649999618530273,2.0299999713897705,97.2699966430664,7.550000190734863,3.910000085830689,5.540999889373779,53.2400016784668,6.92,4205.25,7711.7001953125,5005.56982421875
2024-02-23,36.400001525878906,106.7699966430664,1.4900000095367432,0.0790000036358833,2.5460000038146973,3.8299999237060542,3.049999952316284,0.4379999935626983,865.0,0.4399999976158142,102.2,1.06,,417.2200012207031,50.05500030517578,,34.654998779296875,6.940000057220459,422.065,2.5799999237060547,27.229999542236328,,7.809999942779541,25.365,2.130000114440918,0.4,0.19,,88.37999725341797,39.06999969482422,2.4200000762939453,8.329999923706055,5.9720001220703125,0.0219999998807907,135.72999572753906,6.397500038146973,1.7699999809265137,86.05999755859375,10.234999656677246,94.70999908447266,92.95999908447266,21.43,54.25,,10.31999969482422,7.527000122070312,63.66999816894531,1.9800000190734863,0.1550000011920929,2.880000114440918,3.849999904632568,96.47999954223636,410.3399963378906,17.018999099731445,5.440000057220459,22.969999313354492,8.319999694824219,2.0399999618530273,1.559999942779541,3.531000061035156,76.5999984741211,31.21,24.94,175.3000030517578,1.5700000524520874,4.610000133514404,,30.372499465942383,,21.71820068359375,48.14961547851563,29.68000030517578,2.119999885559082,97.8249969482422,8.180000305175781,4.46999979019165,5.487500190734863,53.869998931884766,6.305,4202.759765625,7706.2998046875,5088.7998046875
2024-03-01,35.0,107.68000030517578,1.4900000095367432,0.0710000023245811,2.3399999141693115,3.369999885559082,3.049999952316284,0.4250000119209289,894.0,0.3799999952316284,100.8,1.0,,407.1099853515625,51.689998626708984,,34.439998626708984,7.789999961853027,425.51,2.690000057220459,27.56999969482422,,10.529999732971191,25.41,2.6500000953674316,0.375,0.18,,88.32499694824219,39.415000915527344,3.5999999046325684,10.06999969482422,6.127999877929687,0.0199999995529651,136.8800048828125,6.506249904632568,1.7300000190734863,86.51000213623047,10.239999771118164,94.6500015258789,93.0199966430664,21.855,55.0099983215332,,11.010000228881836,7.512999877929688,63.97999954223633,1.9800000190734863,0.1500000059604644,2.819999933242798,3.819999933242798,99.35999679565434,415.5,14.774999618530272,5.0,24.93000030517578,8.739999771118164,1.9800000190734863,1.850000023841858,3.747999877929687,91.1999969482422,31.935,24.945,181.27999877929688,1.6399999856948853,4.940000057220459,,32.09000015258789,,21.72219970703125,46.53741027832032,29.915000915527344,2.569999933242798,98.52999877929688,9.4399995803833,4.210000038146973,5.59499979019165,53.34000015258789,6.26,4197.1201171875,7682.5,5137.080078125
2024-03-08,39.20000076293945,108.06999969482422,6.800000190734863,0.0700000002980232,2.4519999027252197,3.1700000762939453,3.1500000953674316,0.4000000059604645,923.4000244140624,0.3899999856948852,101.96,0.97,,403.1499938964844,50.529998779296875,,34.70000076293945,7.420000076293945,421.51,2.819999933242798,27.25,,9.15999984741211,25.24,2.5999999046325684,0.38,0.17,,88.84500122070312,40.31999969482422,4.429999828338623,8.329999923706055,5.799000244140625,0.0199999995529651,135.88999938964844,6.539999961853027,1.75,87.61000061035156,10.38249969482422,94.94000244140624,93.68000030517578,21.74,56.040000915527344,,12.59000015258789,7.517999877929688,64.83999633789062,2.0899999141693115,0.1500000059604644,2.9800000190734863,3.700000047683716,92.15999794006352,406.2200012207031,16.020000457763672,4.840000152587891,26.040000915527344,8.079999923706055,2.0899999141693115,2.2300000190734863,3.863999938964844,88.94999694824219,32.95,24.71,181.9199981689453,1.5199999809265137,4.980000019073486,,32.8849983215332,,23.41830078125,46.14638488769531,30.3799991607666,2.680000066757202,98.0,9.369999885559082,4.369999885559082,5.574999809265137,54.1150016784668,6.29,4194.47021484375,7659.7001953125,5123.68994140625
2024-03-15,35.79999923706055,107.81999969482422,10.75,0.0689999982714653,2.3380000591278076,3.0899999141693115,3.380000114440918,0.5,857.7000122070312,0.4350000023841858,102.94,1.035,,408.1300048828125,52.529998779296875,,36.86000061035156,5.369999885559082,421.97,2.6500000953674316,27.780000686645508,,8.130000114440918,25.37,2.640000104904175,0.37,0.17,,88.58999633789062,39.619998931884766,3.869999885559082,6.349999904632568,5.98,0.0189999993890523,135.08999633789062,6.662499904632568,1.809999942779541,86.30999755859375,10.289999961853027,91.9499969482422,93.2699966430664,21.555,54.72999954223633,,11.649999618530272,7.537000122070313,64.25,1.8200000524520872,0.1400000005960464,2.8399999141693115,3.5,79.19999885559085,416.4200134277344,16.549999237060547,5.519999980926514,23.489999771118164,7.159999847412109,2.559999942779541,1.7300000190734863,3.935,98.5,33.04,25.485,184.9600067138672,1.3799999952316284,4.5,,31.375,,24.11050048828125,46.33287231445313,30.075000762939453,3.4100000858306885,98.1500015258789,9.279999732971191,4.03000020980835,5.5329999923706055,53.40999984741211,5.935,4222.08984375,7727.39990234375,5117.08984375
2024-03-22,39.150001525878906,109.72000122070312,9.399999618530272,0.0700000002980232,2.3499999046325684,2.700000047683716,3.2820000648498535,0.453000009059906,906.0999755859376,0.4699999988079071,104.82,0.995,,411.6000061035156,52.68000030517578,,35.86000061035156,5.230000019073486,436.6,2.8411760330200195,28.440000534057617,,7.46999979019165,25.71,2.569999933242798,0.3720000076293945,0.1525,,88.98999786376953,40.18000030517578,3.809999942779541,7.429999828338623,6.249000244140625,0.0199999995529651,137.67999267578125,6.633749961853027,3.059999942779541,87.73999786376953,10.40250015258789,91.47000122070312,94.11000061035156,22.365,56.43000030517578,,9.335000038146973,7.740999755859375,65.37999725341797,1.6200000047683716,0.1500000059604644,2.890000104904175,3.5,70.56000137329104,428.739990234375,14.720000267028809,4.949999809265137,24.18000030517578,6.929999828338623,2.380000114440918,1.7899999618530271,4.198999938964843,83.55000305175781,33.44,26.32,175.39999389648438,1.559999942779541,4.840000152587891,,32.712501525878906,,23.5072998046875,47.842811279296875,30.440000534057617,2.799999952316284,100.91999816894533,9.010000228881836,3.650000095367432,5.691999912261963,53.5099983215332,6.17,4322.509765625,7930.89990234375,5234.18017578125
2024-03-29,42.900001525878906,110.12999725341795,6.590000152587891,0.0700000002980232,2.48799991607666,2.4800000190734863,3.0,0.5,892.2000122070312,0.5699999928474426,106.78,1.035,,420.5199890136719,53.630001068115234,,35.869998931884766,5.139999866485596,437.06,2.75,28.68000030517578,,7.420000076293945,25.8,2.569999933242798,0.37,0.1525,,88.83000183105469,40.369998931884766,3.4000000953674316,7.400000095367432,6.19,0.0209999997168779,137.55999755859375,6.672500133514404,3.4800000190734863,87.69999694824219,10.420000076293944,91.62999725341795,94.2300033569336,22.055,56.08000183105469,,8.899999618530273,7.772000122070312,65.3499984741211,1.5499999523162842,0.1500000059604644,2.950000047683716,3.674999952316284,72.00000000000003,420.7200012207031,13.489999771118164,4.78000020980835,23.010000228881836,7.0,2.2899999618530273,1.9700000286102295,4.267000122070313,83.9000015258789,34.16,26.25,176.9600067138672,2.0299999713897705,5.130000114440918,,32.412498474121094,,23.458701171875,47.83078125,30.670000076293945,2.869999885559082,101.08000183105467,9.3100004196167,3.3499999046325684,5.7779998779296875,54.349998474121094,6.02,4338.0498046875,7952.60009765625,5254.35009765625
2024-04-05,42.650001525878906,109.2300033569336,9.789999961853027,0.0540000014007091,2.5450000762939453,2.440000057220459,3.0,0.4650000035762787,905.7000122070312,0.5199999809265137,106.2,1.07,,418.6199951171875,56.599998474121094,,37.775001525878906,4.5,433.04,2.640000104904175,28.959999084472656,,6.71999979019165,25.94,2.490000009536743,0.375,0.285,,88.5999984741211,39.3650016784668,5.190000057220459,7.360000133514404,6.414000244140625,0.022393999621272,136.02999877929688,6.925000190734863,3.4800000190734863,87.33999633789062,10.30500030517578,91.77999877929688,93.72000122070312,21.84,55.02000045776367,,7.949999809265137,7.722999877929688,64.63999938964844,1.3300000429153442,0.1449999958276748,2.759999990463257,3.5450000762939453,72.00000000000003,425.5199890136719,12.010000228881836,4.849999904632568,22.959999084472656,5.75,2.2100000381469727,1.8200000524520872,4.211000061035156,86.19999694824219,35.83,27.8,172.36000061035156,1.840000033378601,5.179999828338623,,32.084999084472656,,25.5989990234375,46.16443542480469,30.5,2.549999952316284,100.23999786376952,9.329999923706056,3.180000066757202,5.672999858856201,52.67499923706055,6.345,4313.93994140625,7911.2001953125,5204.33984375
2024-04-12,41.5,107.33000183105467,7.960000038146973,0.061999998986721,2.5199999809265137,3.869999885559082,3.0,0.4900000095367431,907.5,0.5,110.64,1.27,,403.260009765625,56.56999969482422,,38.529998779296875,4.199999809265137,435.45,2.700000047683716,29.270000457763672,,6.210000038146973,25.98,2.309999942779541,0.38,0.245,,88.2249984741211,39.119998931884766,3.990000009536743,6.510000228881836,6.534000244140625,0.0219999998807907,136.5800018310547,6.965000152587891,3.4200000762939453,86.30999755859375,10.262499809265137,91.45999908447266,93.0199966430664,22.3,54.709999084472656,,7.940000057220459,7.819000244140625,64.12000274658203,1.2300000190734863,0.1500000059604644,2.809999942779541,3.5399999618530273,73.43999862670901,421.8999938964844,9.010000228881836,5.960000038146973,22.670000076293945,5.730000019073486,2.200000047683716,1.690000057220459,4.047000122070313,77.69999694824219,37.36,29.37,172.66000366210938,1.6100000143051147,5.300000190734863,,32.2400016784668,,27.7439990234375,45.65911651611328,30.530000686645508,3.390000104904175,100.5500030517578,8.430000305175781,3.3399999141693115,5.651500225067139,51.5,6.7,4353.66015625,7995.60009765625,5123.41015625
2024-04-19,38.0,104.54000091552734,6.670000076293945,0.0640000030398368,2.390000104904175,3.444999933242798,2.9000000953674316,0.5,821.0,0.4550000131130218,109.46,1.25,,405.0799865722656,54.16999816894531,,40.244998931884766,3.849999904632568,423.41,2.7300000190734863,29.260000228881836,,5.489999771118164,25.46,2.2200000286102295,0.34,0.22,,85.43000030517578,38.650001525878906,3.4200000762939453,6.550000190734863,6.462000122070313,0.0199999995529651,136.11000061035156,6.912499904632568,2.9200000762939453,85.38999938964844,10.202500343322754,91.1999969482422,92.56999969482422,20.925,52.720001220703125,,6.949999809265137,7.727999877929688,62.119998931884766,1.0299999713897705,0.1449999958276748,2.5,3.369999885559082,74.879997253418,399.1199951171875,10.75,5.079999923706055,20.469999313354492,4.510000228881836,1.9900000095367432,1.5700000524520874,3.955,78.0999984741211,37.5,28.51,172.9600067138672,1.6399999856948853,4.789999961853027,,29.770000457763672,,26.9927001953125,45.851618957519534,30.03499984741211,3.0399999618530273,98.1999969482422,7.5,2.9000000953674316,5.5,51.084999084472656,6.22,4296.41015625,7895.89990234375,4967.22998046875
2024-04-26,39.0,107.37999725341795,7.429999828338623,0.061999998986721,2.3450000286102295,3.0,3.049999952316284,0.4950000047683716,858.7999877929688,0.4699999988079071,119.88,1.245,,402.1000061035156,55.400001525878906,,40.70000076293945,3.7100000381469727,430.695,2.5299999713897705,30.209999084472656,,5.320000171661377,26.18,2.1500000953674316,0.47,0.215,,85.98500061035156,38.22999954223633,3.7899999618530273,6.699999809265137,6.635999755859375,0.0209999997168779,135.2100067138672,6.949999809265137,3.190000057220459,85.27999877929688,10.13249969482422,91.6750030517578,93.16999816894533,21.58,52.810001373291016,,7.630000114440918,7.967000122070313,63.42499923706055,1.2300000190734863,0.1449999958276748,2.569999933242798,3.359999895095825,69.12000274658206,406.3200073242187,10.619999885559082,4.690000057220459,22.520000457763672,4.425000190734863,1.940000057220459,1.649999976158142,4.211000061035156,80.30000305175781,36.44,29.035,177.6199951171875,1.7100000381469729,4.670000076293945,66.3,31.3125,,26.40389892578125,49.72572509765625,30.719999313354492,3.200000047683716,99.83999633789062,7.619999885559082,2.940000057220459,5.578000068664551,51.810001373291016,6.305,4423.58984375,8139.7998046875,5099.9599609375
2024-05-03,40.70000076293945,108.43000030517578,6.039999961853027,0.0640000030398368,2.759999990463257,2.9200000762939453,2.9000000953674316,0.5400000214576721,835.9000244140625,0.4850000143051147,120.5,1.215,,400.8699951171875,52.39500045776367,,40.39500045776367,3.7699999809265137,428.865,3.650000095367432,28.979999542236328,,5.670000076293945,26.75,2.0999999046325684,0.505,0.17,,86.50499725341797,38.68000030517578,2.9600000381469727,6.510000228881836,7.055,0.0209999997168779,135.9199981689453,6.832499980926514,3.309999942779541,86.62000274658203,10.217499732971191,91.9000015258789,94.41000366210938,21.69,54.36000061035156,,7.639999866485596,8.049000244140625,63.54999923706055,1.149999976158142,0.1550000011920929,2.559999942779541,3.4000000953674316,57.60000228881838,406.6600036621094,9.760000228881836,4.869999885559082,23.329999923706055,5.590000152587891,2.009999990463257,1.840000033378601,4.1810000610351565,81.9000015258789,35.54,28.585,177.6199951171875,1.8200000524520872,5.820000171661377,66.14,31.09000015258789,,25.32739990234375,50.38745361328125,31.31999969482422,3.4000000953674316,100.03500366210938,8.8100004196167,2.9600000381469727,5.644000053405762,52.1349983215332,6.67,4469.08984375,8213.5,5127.7900390625
2024-05-10,39.650001525878906,110.18000030517578,5.289999961853027,0.0680000036954879,2.8350000381469727,2.994999885559082,2.9000000953674316,0.5400000214576721,864.5,0.4600000083446502,123.7,1.235,,412.0499877929687,52.58000183105469,,41.529998779296875,3.5399999618530273,439.075,3.900000095367432,29.579999923706055,,5.320000171661377,26.85,1.9900000095367432,0.58,0.16,,86.45500183105469,39.099998474121094,3.009999990463257,6.190000057220459,6.96,0.0260000005364418,136.55999755859375,6.940000057220459,3.0799999237060547,86.75,10.28499984741211,91.91000366210938,94.05999755859376,22.055,53.70000076293945,,7.5,8.27,65.11000061035156,1.190000057220459,0.1500000059604644,2.430000066757202,3.234999895095825,67.67999839782718,414.739990234375,8.229999542236328,4.730000019073486,20.600000381469727,5.610000133514404,1.9800000190734863,1.7000000476837158,4.236000061035156,79.5999984741211,36.745,29.46,188.3999938964844,1.7200000286102295,6.090000152587891,68.55,32.04999923706055,,27.37179931640625,51.59058837890625,32.04499816894531,3.9200000762939458,102.13999938964844,8.4399995803833,2.859999895095825,5.747499942779541,53.25,6.9,4586.2900390625,8433.7998046875,5222.68017578125
2024-05-17,41.650001525878906,112.16000366210938,4.360000133514404,0.0560000017285347,2.6449999809265137,3.4000000953674316,3.388000011444092,0.5600000023841858,853.0,0.4099999964237213,121.1,1.29,,416.94000244140625,52.7400016784668,,45.0,3.390000104904175,439.32,4.139999866485596,29.709999084472656,,5.619999885559082,27.27,1.899999976158142,0.58,0.17,,86.62000274658203,39.470001220703125,2.940000057220459,7.059999942779541,6.97,0.0280000008642673,133.05999755859375,7.130000114440918,2.7699999809265137,87.01000213623047,10.164999961853027,92.11000061035156,91.41999816894533,22.4475,54.040000915527344,,7.440000057220459,8.274000244140625,66.0999984741211,1.128999948501587,0.1500000059604644,2.6700000762939453,3.305000066757202,67.67999839782718,420.2099914550781,10.100000381469728,4.920000076293945,21.760000228881836,7.079999923706055,1.940000057220459,1.7999999523162842,4.1810000610351565,90.6999969482422,36.845,28.045,172.55999755859375,1.75,6.550000190734863,68.39,32.810001373291016,,28.36469970703125,51.92746765136719,32.255001068115234,5.420000076293945,102.3000030517578,8.430000305175781,2.240000009536743,5.732999801635742,54.099998474121094,6.98,4584.22998046875,8420.2998046875,5303.27001953125
2024-05-24,67.0,111.6999969482422,3.9800000190734863,0.061999998986721,2.509999990463257,3.700000047683716,3.630000114440918,0.550000011920929,880.5,0.4449999928474426,122.96,1.315,,407.4100036621094,51.81999969482422,,42.56999969482422,2.9700000286102295,438.67,4.349999904632568,29.68000030517578,,5.630000114440918,26.745,1.909999966621399,0.55,0.175,,86.6449966430664,38.79999923706055,2.7899999618530273,7.460000038146973,6.934000244140625,0.0309999994933605,131.9499969482422,7.112500190734863,3.140000104904175,86.63999938964844,10.072500228881836,92.1500015258789,91.08000183105467,23.07,53.75,,7.400000095367432,8.175,66.54000091552734,1.0700000524520874,0.1550000011920929,2.809999942779541,3.390000104904175,69.12000274658206,430.1600036621094,8.5,5.199999809265137,21.010000228881836,6.925000190734863,1.8799999952316284,1.6200000047683716,4.4479998779296865,97.0,35.59,27.72,177.3000030517578,1.7799999713897705,6.190000057220459,67.92,34.07500076293945,,29.23330078125,51.68683959960938,32.29999923706055,5.329999923706055,101.70999908447266,8.229999542236328,2.25,5.664000034332275,53.86000061035156,6.78,4538.02001953125,8317.599609375,5304.72021484375
2024-05-31,61.95000076293945,111.08000183105467,4.170000076293945,0.0630000010132789,2.4100000858306885,3.650000095367432,3.299999952316284,0.6000000238418579,870.7999877929688,0.4149999916553497,121.9,1.36,,414.3999938964844,51.80500030517578,,41.03499984741211,2.880000114440918,431.47,5.079999923706055,29.63999938964844,,5.199999809265137,25.93,1.8849999904632568,0.59,0.185,,86.80999755859375,38.529998779296875,2.5999999046325684,6.739999771118164,6.964000244140625,0.0289999991655349,132.06500244140625,6.96999979019165,3.180000066757202,86.58000183105469,10.032500267028809,92.08999633789062,91.18000030517578,22.445,53.959999084472656,,7.369999885559082,8.137999877929687,65.56999969482422,1.2100000381469729,0.135000005364418,2.700000047683716,3.4000000953674316,73.43999862670901,415.1300048828125,9.40999984741211,5.460000038146973,21.68000030517578,6.480000019073486,1.950000047683716,1.5199999809265137,4.533999938964843,106.0,35.63,28.115,176.25999450683594,1.7699999809265137,6.039999961853027,67.695,32.82749938964844,,29.8772998046875,51.48230712890625,32.29999923706055,4.739999771118164,100.12000274658205,8.399999618530273,2.2799999713897705,5.632999897003174,53.15999984741211,6.38,4517.080078125,8275.400390625,5277.509765625
2024-06-07,79.94999694824219,111.9800033569336,3.4700000286102295,0.0710000023245811,2.359999895095825,3.184999942779541,3.4800000190734863,0.5299999713897705,958.9000244140624,0.375,125.56,1.34,,413.7200012207031,50.654998779296875,,40.27000045776367,1.950000047683716,443.9,5.190000057220459,29.520000457763672,,5.300000190734863,26.41,1.8899999856948853,0.675,0.185,,86.87000274658203,38.96500015258789,2.5399999618530273,6.159999847412109,6.945999755859375,0.0309999994933605,133.0449981689453,6.892499923706055,3.5,86.66999816894531,10.100000381469728,92.47000122070312,91.37000274658205,23.62,54.06999969482422,,6.880000114440918,8.115999755859375,67.41000366210938,1.090000033378601,0.1199999973177909,2.430000066757202,3.744999885559082,84.95999908447268,423.8500061035156,8.739999771118164,5.300000190734863,23.309999465942383,6.570000171661377,1.850000023841858,1.4800000190734863,4.5689999389648435,109.8000030517578,35.28,27.325,174.44000244140625,1.659999966621399,5.739999771118164,68.41,34.81999969482422,,28.9202001953125,52.88997985839844,32.040000915527344,5.03000020980835,102.31999969482422,8.420000076293945,2.299999952316284,5.599999904632568,54.709999084472656,6.015,4498.2001953125,8245.400390625,5346.990234375
2024-06-14,76.0,111.66000366210938,3.7699999809265137,0.06700000166893,1.950000047683716,2.950000047683716,3.4100000858306885,0.5099999904632568,953.0,0.3650000095367431,125.1,1.335,,405.5400085449219,52.44499969482422,,40.13999938964844,1.7899999618530271,450.66,5.21999979019165,29.399999618530273,,5.059999942779541,26.69,1.909999966621399,0.675,0.185,,86.67500305175781,40.0099983215332,2.6700000762939453,5.639999866485596,6.767999877929688,0.0289999991655349,135.5,6.954999923706055,3.4000000953674316,86.83000183105469,10.25749969482422,92.0199966430664,91.51000213623048,25.22,53.189998626708984,,7.300000190734863,7.915999755859375,67.73999786376953,1.0399999618530271,0.1299999952316284,2.450000047683716,5.960000038146973,77.76000022888186,442.5700073242187,7.71999979019165,4.809999942779541,23.56999969482422,7.110000133514404,1.7599999904632568,1.3700000047683716,4.577999877929687,106.1999969482422,35.7,27.11,165.74000549316406,1.6699999570846558,5.5,66.33,36.57500076293945,,27.9110009765625,53.53967834472656,30.979999542236328,4.630000114440918,102.66000366210938,8.510000228881836,2.2300000190734863,5.5229997634887695,54.20000076293945,5.895,4438.3701171875,8146.89990234375,5431.60009765625
2024-06-21,61.900001525878906,112.1500015258789,4.340000152587891,0.0700000002980232,1.7239999771118164,2.7750000953674316,3.002000093460083,0.5099999904632568,963.4000244140624,0.3499999940395355,124.72,1.41,,409.6199951171875,54.31999969482422,,39.81999969482422,1.7200000286102295,456.585,4.599999904632568,29.959999084472656,,5.110000133514404,27.1,2.0199999809265137,0.7,0.185,,86.95999908447266,39.790000915527344,2.7300000190734863,4.510000228881836,6.837000122070313,0.0340000018477439,135.67999267578125,6.9375,3.440000057220459,86.8499984741211,10.239999771118164,92.13999938964844,91.83999633789062,25.36,52.25,,6.809999942779541,8.005999755859374,68.12999725341797,0.8500000238418579,0.135000005364418,2.4100000858306885,9.0,84.95999908447268,449.7799987792969,8.510000228881836,4.849999904632568,23.84000015258789,5.989999771118164,1.7100000381469729,1.190000057220459,4.732000122070313,102.5999984741211,35.835,27.77,168.1999969482422,1.5399999618530271,5.380000114440918,67.06,36.869998931884766,,29.080400390625,53.34717041015625,31.489999771118164,4.0,103.8000030517578,8.09000015258789,2.2699999809265137,5.566999912261963,54.33000183105469,5.955,4490.919921875,8237.7001953125,5464.6201171875
2024-06-28,49.79999923706055,112.4000015258789,3.5899999141693115,0.0949999988079071,1.6540000438690186,2.6449999809265137,3.5880000591278076,0.5299999713897705,964.2000122070312,0.3350000083446502,123.56,1.45,,406.7999877929687,54.334999084472656,,39.599998474121094,1.6399999856948853,459.13,5.420000076293945,30.059999465942383,,4.670000076293945,27.12,2.1600000858306885,0.72,0.2220000076293945,,87.11000061035156,39.310001373291016,2.6500000953674316,4.269999980926514,6.839000244140625,0.0359999984502792,135.1699981689453,6.900000095367432,3.4200000762939453,86.58000183105469,10.164999961853027,92.3499984741211,91.9000015258789,25.42,54.189998626708984,,7.059999942779541,7.939000244140625,68.11000061035156,0.8169999718666077,0.125,3.369999885559082,6.519999980926514,74.879997253418,446.9500122070313,6.96999979019165,4.980000019073486,25.329999923706055,5.139999866485596,1.659999966621399,1.0499999523162842,4.567999877929687,103.4000015258789,35.83,28.34,173.72000122070312,1.649999976158142,5.329999923706055,66.7,36.282501220703125,,28.06169921875,52.276376953125,31.100000381469727,3.759999990463257,104.44000244140624,7.909999847412109,2.549999952316284,5.610000133514404,54.63999938964844,5.82,4451.919921875,8164.10009765625,5460.47998046875
2024-07-05,16.020000457763672,114.66000366210938,3.7799999713897705,0.2150000035762787,1.8320000171661377,2.700000047683716,3.5999999046325684,0.5199999809265137,993.0,0.395000010728836,120.56,1.44,,411.1700134277344,56.27000045776367,,41.7599983215332,1.600000023841858,457.14,4.980000019073486,30.420000076293945,,4.590000152587891,27.24,1.9900000095367432,0.72,0.22,,87.69499969482422,39.595001220703125,2.7699999809265137,4.440000057220459,6.735999755859375,0.0460000000894069,134.09500122070312,7.014999866485596,3.5799999237060547,87.02999877929688,10.22249984741211,92.86000061035156,92.3499984741211,25.665,54.9900016784668,,6.980000019073486,7.975,68.58000183105469,0.7400000095367432,0.1299999952316284,3.890000104904175,6.090000152587891,76.32000160217288,467.55999755859375,7.822999954223633,5.099999904632568,27.229999542236328,5.239999771118164,1.7000000476837158,0.9290000200271606,4.542000122070313,100.5999984741211,36.23,28.62,177.1199951171875,1.690000057220459,5.050000190734863,67.24,36.852500915527344,,29.21679931640625,52.083880004882815,32.03499984741211,4.889999866485596,104.36000061035156,7.519999980926514,2.2899999618530273,5.539000034332275,53.97999954223633,5.68,4486.080078125,8203.900390625,5567.18994140625
2024-07-12,16.959999084472656,116.19000244140624,3.7899999618530273,0.1749999970197677,1.8459999561309817,2.369999885559082,3.062999963760376,0.5199999809265137,1002.2000122070312,0.3600000143051147,122.6,1.48,,424.44000244140625,54.849998474121094,,41.369998931884766,2.0199999809265137,457.92,6.130000114440918,30.100000381469727,,5.539999961853027,27.49,2.0,0.77,0.275,,87.8499984741211,39.619998931884766,2.9700000286102295,4.579999923706055,6.710999755859375,0.050000000745058,133.2100067138672,6.877500057220459,3.2899999618530273,88.19000244140625,10.232500076293944,93.3499984741211,92.94000244140624,25.61,56.369998931884766,,7.71999979019165,8.025,69.61000061035156,0.7900000214576721,0.135000005364418,4.0,5.920000076293945,72.00000000000003,453.5499877929687,9.4399995803833,5.400000095367432,28.06999969482422,5.710000038146973,1.850000023841858,1.0700000524520874,4.5,100.5999984741211,36.08,28.125,184.16000366210935,2.1500000953674316,5.179999828338623,67.75,37.32500076293945,,29.34949951171875,53.34717041015625,32.720001220703125,4.539999961853027,104.8000030517578,8.770000457763672,2.509999990463257,5.709000110626221,55.779998779296875,5.925,4522.75,8252.900390625,5615.35009765625
2024-07-19,15.199999809265137,113.48999786376952,4.190000057220459,0.1550000011920929,1.8359999656677248,3.4000000953674316,3.125,0.5600000023841858,829.5,0.3199999928474426,121.06,1.475,,434.4700012207031,53.69499969482422,,38.290000915527344,2.2950000762939453,450.595,6.28000020980835,29.670000076293945,,5.0,26.6,1.975000023841858,0.75,0.255,,88.09500122070312,39.564998626708984,2.7200000286102295,3.940000057220459,6.600999755859375,0.0439999997615814,133.72000122070312,6.690000057220459,3.1600000858306885,86.93000030517578,10.237500190734863,93.29000091552734,92.9499969482422,24.44,55.439998626708984,,7.570000171661377,7.927999877929688,67.68499755859375,0.7009999752044678,0.135000005364418,3.0899999141693115,5.929999828338623,67.67999839782718,437.1099853515625,9.100000381469728,5.019999980926514,28.579999923706055,5.304999828338623,1.784999966621399,1.0299999713897705,4.461000061035156,96.5,36.2,27.935,170.44000244140625,2.069999933242798,4.920000076293945,66.07,33.71500015258789,,27.805400390625,54.08109008789062,32.57500076293945,4.170000076293945,102.94000244140624,8.369999885559082,2.3299999237060547,5.7129998207092285,55.09000015258789,5.395,4473.43994140625,8155.7001953125,5505.0
2024-07-26,14.460000038146973,112.7699966430664,3.869999885559082,0.1599999964237213,2.0250000953674316,3.9200000762939458,3.700000047683716,0.5600000023841858,820.5,0.3050000071525574,121.8,1.445,,437.6600036621094,51.599998474121094,,37.26499938964844,2.490000009536743,447.41,6.130000114440918,29.1299991607666,,5.650000095367432,26.48,1.9900000095367432,0.72,0.255,,88.3499984741211,39.494998931884766,2.8499999046325684,4.190000057220459,6.652000122070312,0.0399999991059303,134.68499755859375,6.574999809265137,3.0999999046325684,87.2300033569336,10.2475004196167,93.4000015258789,93.23999786376952,23.78,54.40999984741211,,7.349999904632568,8.062999877929688,66.83999633789062,0.718999981880188,0.1299999952316284,3.0899999141693115,5.599999904632568,69.12000274658206,425.2699890136719,8.329999923706055,5.019999980926514,27.18000030517578,5.610000133514404,1.8799999952316284,1.1100000143051147,4.417999877929687,100.1999969482422,36.06,27.795,169.82000732421875,1.9900000095367432,4.550000190734863,66.55,32.38999938964844,,26.51469970703125,57.04081237792969,32.974998474121094,4.440000057220459,102.45999908447266,9.270000457763672,2.309999942779541,5.818999767303467,56.13999938964844,5.23,4542.33984375,8285.7001953125,5459.10009765625
2024-08-02,15.880000114440918,110.12999725341795,3.380000114440918,0.1599999964237213,1.8760000467300415,4.099999904632568,3.2899999618530273,0.5,737.0999755859375,0.270000010728836,126.1,1.24,,428.3599853515625,50.06999969482422,,36.970001220703125,2.130000114440918,438.05,6.210000038146973,27.479999542236328,,5.0,26.07,1.909999966621399,0.655,0.235,,88.1050033569336,40.15999984741211,2.559999942779541,2.509999990463257,6.3629998779296875,0.0350000001490116,139.39999389648438,6.481249809265137,2.8499999046325684,88.19000244140625,10.44499969482422,93.0999984741211,93.1500015258789,22.955,51.2599983215332,,7.119999885559082,7.954000244140625,65.80000305175781,0.5360000133514404,0.135000005364418,2.509999990463257,5.980000019073486,67.67999839782718,408.489990234375,8.239999771118164,4.900000095367432,24.739999771118164,4.900000095367432,1.7799999713897705,0.8870000243186951,4.638999938964844,93.4000015258789,36.86,27.77,157.8000030517578,1.649999976158142,4.420000076293945,65.3,29.84000015258789,,27.6552001953125,58.30410278320313,32.16999816894531,4.300000190734863,100.1999969482422,8.300000190734863,2.2300000190734863,5.564499855041504,55.7599983215332,5.1,4474.39990234375,8174.7001953125,5346.56005859375
2024-08-09,16.200000762939453,110.52999877929688,3.0350000858306885,0.1500000059604644,1.843999981880188,5.329999923706055,3.0,0.5099999904632568,784.0,0.270000010728836,127.0,1.2,,431.6700134277344,51.63999938964844,,36.1150016784668,1.940000057220459,440.42,5.949999809265137,27.31999969482422,,3.9700000286102295,26.36,1.9900000095367432,0.68,0.24,,88.5,39.689998626708984,2.25,1.7799999713897705,6.425,0.0320000015199184,138.61000061035156,6.537499904632568,2.069999933242798,88.23999786376953,10.397500038146973,93.5250015258789,93.23999786376952,22.93,51.75,,9.350000381469728,7.967999877929688,66.37999725341797,0.3650000095367431,0.125,2.7200000286102295,5.510000228881836,64.80000114440921,406.0199890136719,8.539999961853027,4.900000095367432,30.010000228881836,4.195000171661377,2.0,0.8870000243186951,4.85,96.0999984741211,36.99,27.76,157.17999267578125,1.340000033378601,4.210000038146973,65.72,30.579999923706055,,26.34070068359375,56.90846557617188,31.770000457763672,3.880000114440918,100.9800033569336,6.920000076293945,2.0899999141693115,5.585000038146973,56.380001068115234,5.1,4465.0400390625,8168.10009765625,5344.16015625
2024-08-16,16.700000762939453,114.8000030517578,3.569999933242798,0.1500000059604644,1.8320000171661377,6.0,2.755000114440918,0.4950000047683716,832.5,0.2450000047683715,130.46,1.22,,444.510009765625,51.845001220703125,,37.2599983215332,2.0899999141693115,453.64,6.03000020980835,28.010000228881836,,4.0,26.91,2.119999885559082,0.7,0.25,,89.09500122070312,39.90999984741211,2.390000104904175,2.390000104904175,6.565999755859375,0.0309999994933605,137.3699951171875,6.550000190734863,2.1700000762939453,88.72000122070312,10.425000190734863,94.12000274658205,94.23999786376952,24.31,55.029998779296875,,8.09000015258789,8.132999877929688,68.87000274658203,0.4650000035762787,0.135000005364418,2.609999895095825,5.5,70.56000137329104,418.4700012207031,7.78000020980835,4.809999942779541,32.08000183105469,4.239999771118164,2.200000047683716,0.975000023841858,5.01,107.5999984741211,37.495,27.9,163.1999969482422,1.4199999570846558,4.25,67.12,32.900001525878906,,26.874599609375,56.88440002441406,32.51499938964844,3.8299999237060542,103.7699966430664,6.46999979019165,1.9900000095367432,5.699999809265137,57.4900016784668,5.14,4544.97021484375,8311.400390625,5554.25
2024-08-23,12.279999732971191,116.9000015258789,3.390000104904175,0.1199999973177909,2.059999942779541,6.96999979019165,2.8499999046325684,0.5400000214576721,818.7999877929688,0.25,130.76,1.21,,453.3800048828125,51.279998779296875,,38.130001068115234,2.2100000381469727,449.815,6.71999979019165,27.920000076293945,,3.869999885559082,26.665,2.0799999237060547,0.74,0.245,,89.6050033569336,40.15999984741211,2.640000104904175,3.009999990463257,6.547000122070313,0.0309999994933605,135.3249969482422,6.627500057220459,2.25,89.76000213623047,10.44499969482422,94.5199966430664,94.95999908447266,24.04,57.040000915527344,,8.180000305175781,8.157000122070313,70.33999633789062,0.6230000257492065,0.1500000059604644,2.6700000762939453,5.25,74.879997253418,416.7900085449219,8.229999542236328,4.820000171661377,31.780000686645508,4.420000076293945,2.140000104904175,1.0099999904632568,4.988999938964843,86.0999984741211,37.015,27.2,167.10000610351562,1.5399999618530271,4.050000190734863,67.58,32.439998626708984,,28.11530029296875,57.8830078125,32.790000915527344,3.759999990463257,103.3499984741211,6.800000190734863,2.049999952316284,5.771999835968018,58.7400016784668,5.445,4557.240234375,8327.7998046875,5634.60986328125
2024-08-30,11.260000228881836,116.9800033569336,3.109999895095825,0.1400000005960464,2.0999999046325684,6.019999980926514,2.7899999618530273,0.5400000214576721,812.0,0.2649999856948852,132.74,1.215,,475.9200134277344,50.685001373291016,,37.849998474121094,2.1600000858306885,450.385,7.230000019073486,28.049999237060547,,3.740000009536743,26.51,2.1600000858306885,0.795,0.245,,89.54000091552734,39.69499969482422,2.640000104904175,3.5,6.667000122070313,0.0410000011324882,135.64999389648438,6.617499828338623,2.309999942779541,89.44999694824219,10.380000114440918,94.45999908447266,94.83999633789062,23.73,57.150001525878906,,7.880000114440918,8.205999755859375,70.05000305175781,0.5950000286102295,0.1449999958276748,2.490000009536743,5.099999904632568,76.32000160217288,417.1400146484375,8.0,4.75,31.479999542236328,4.28000020980835,2.0199999809265137,0.9470000267028807,4.963999938964844,86.19999694824219,37.07,26.81,169.9199981689453,1.4299999475479126,3.890000104904175,68.12,31.81999969482422,,28.1477001953125,59.02598693847656,32.650001525878906,3.910000085830689,103.5500030517578,6.559999942779541,2.299999952316284,5.761499881744385,59.005001068115234,5.26,4576.72998046875,8376.599609375,5648.39990234375
2024-09-06,11.0600004196167,112.30999755859376,2.755000114440918,0.125,2.0199999809265137,5.199999809265137,2.799999952316284,0.5099999904632568,681.0,0.25,126.5,1.175,,459.4200134277344,47.07500076293945,,36.790000915527344,1.7200000286102295,436.39,7.230000019073486,27.59000015258789,,3.5899999141693115,25.68,2.0999999046325684,0.79,0.225,,89.6050033569336,40.38999938964844,2.5899999141693115,3.130000114440918,6.4879998779296875,0.0390000008046627,137.82000732421875,6.486249923706055,2.0299999713897705,89.95999908447266,10.4975004196167,94.41999816894533,95.22000122070312,22.1725,54.630001068115234,,7.489999771118164,8.022000122070313,67.55000305175781,0.4799999892711639,0.1299999952316284,2.309999942779541,4.769999980926514,72.00000000000003,401.7000122070313,7.510000228881836,4.699999809265137,30.329999923706055,3.549999952316284,1.8550000190734863,0.9110000133514404,4.627000122070313,78.5,37.18,25.16,161.13999938964844,1.2400000095367432,3.5399999618530273,65.83,28.459999084472656,,27.54489990234375,59.976469116210936,31.725000381469727,3.700000047683716,100.23999786376952,6.130000114440918,1.9299999475479128,5.541999816894531,57.900001525878906,4.8420001220703135,4467.47021484375,8181.5,5408.419921875
2024-09-13,13.399999618530272,116.20999908447266,2.7200000286102295,0.1550000011920929,2.069999933242798,4.5,2.680000066757202,0.5099999904632568,734.0,0.2300000041723251,119.28,1.09,,447.6099853515625,47.525001525878906,,38.11000061035156,2.119999885559082,452.515,7.579999923706055,27.989999771118164,,3.950000047683716,26.29,2.140000104904175,0.78,0.225,,89.98999786376953,40.91999816894531,2.869999885559082,2.7899999618530273,6.587000122070313,0.0450000017881393,138.0749969482422,6.637499809265137,2.0,90.27999877929688,10.595000267028809,91.94000244140624,95.87999725341795,23.815,56.189998626708984,,7.420000076293945,8.027999877929688,69.66999816894531,0.5199999809265137,0.1299999952316284,2.5999999046325684,4.579999923706055,73.43999862670901,430.5899963378906,7.842000007629395,4.75,35.59000015258789,4.090000152587891,1.850000023841858,0.9229999780654908,5.012000122070313,78.0,38.17,25.545,164.05999755859375,1.3300000429153442,3.609999895095825,66.995,31.11750030517578,,28.61830078125,59.42302185058594,32.119998931884766,3.9200000762939458,103.45999908447266,6.25,1.9149999618530271,5.730000019073486,58.4900016784668,5.24,4522.47998046875,8273.099609375,5626.02001953125
2024-09-20,14.199999809265137,117.76000213623048,2.4800000190734863,0.1550000011920929,1.968000054359436,4.505000114440918,2.9600000381469727,0.5099999904632568,716.7000122070312,0.2150000035762787,117.8,1.085,,455.30999755859375,48.79999923706055,,38.88999938964844,2.069999933242798,453.07,8.640000343322754,28.280000686645508,,3.7699999809265137,26.46,2.049999952316284,0.73,0.21,,90.30999755859376,40.130001068115234,2.8499999046325684,2.7899999618530273,6.605,0.0460000000894069,135.85499572753906,6.737500190734863,2.2899999618530273,90.58000183105467,10.47249984741211,92.1500015258789,96.47000122070312,23.785,56.93000030517578,,8.739999771118164,7.979000244140625,70.18000030517578,0.4399999976158142,0.125,2.5899999141693115,4.090000152587891,72.00000000000003,435.2699890136719,8.430000305175781,4.889999866485596,37.20000076293945,3.8299999237060542,1.7300000190734863,0.9769999980926514,5.2620001220703125,70.19999694824219,38.255,25.62,166.66000366210938,1.4600000381469729,3.809999942779541,66.415,30.8125,,29.9064990234375,58.38832397460938,32.01499938964844,3.900000095367432,103.41999816894533,6.25,1.8700000047683716,5.775000095367432,57.900001525878906,5.58,4501.080078125,8230.0,5702.5498046875
2024-09-27,16.739999771118164,119.55999755859376,2.4600000381469727,0.1449999958276748,1.9539999961853027,4.21999979019165,3.1700000762939453,0.5,757.2999877929688,0.2249999940395355,116.54,1.085,21.0,457.4700012207031,47.119998931884766,,41.41999816894531,1.9800000190734863,453.9,8.649999618530273,28.170000076293945,,3.4800000190734863,27.84,2.049999952316284,0.69,0.185,,90.70500183105467,39.47999954223633,3.180000066757202,2.559999942779541,6.809000244140625,0.0509999990463256,134.5850067138672,6.912499904632568,2.1700000762939453,90.75,10.407500267028809,92.54000091552734,96.9800033569336,23.87,57.400001525878906,,7.980000019073486,8.077999877929688,71.16000366210938,0.4629999995231628,0.1150000020861625,2.859999895095825,4.400000095367432,67.67999839782718,428.0199890136719,9.699999809265137,5.119999885559082,36.84000015258789,3.4600000381469727,1.830000042915344,0.9139999747276306,5.25,68.30000305175781,38.5,24.24,182.86000061035156,1.3700000047683716,4.190000057220459,67.865,32.154998779296875,,30.47830078125,58.88161010742188,32.71500015258789,4.550000190734863,104.6999969482422,5.849999904632568,1.8600000143051147,5.816999912261963,57.709999084472656,5.75,4555.43994140625,8320.7998046875,5738.169921875
2024-10-04,19.600000381469727,119.4800033569336,2.1500000953674316,0.1800000071525573,1.8079999685287476,4.269999980926514,3.25,0.5,757.5,0.2150000035762787,117.38,1.08,21.88999938964844,461.9700012207031,51.7599983215332,,40.959999084472656,1.8700000047683716,461.13,7.670000076293945,27.780000686645508,,3.380000114440918,28.38,2.0799999237060547,0.635,0.185,,90.62000274658205,38.970001220703125,3.799999952316284,2.2899999618530273,6.917999877929687,0.0560000017285347,135.77000427246094,7.050000190734863,2.0999999046325684,90.26000213623048,10.317500114440918,92.4000015258789,96.66000366210938,24.265,57.130001068115234,,7.929999828338623,8.040999755859374,70.37999725341797,0.4300000071525574,0.1000000014901161,3.119999885559082,4.139999866485596,73.43999862670901,416.05999755859375,9.09000015258789,5.199999809265137,40.0099983215332,3.509999990463257,1.950000047683716,0.8799999952316284,5.302000122070313,64.80000305175781,39.42,25.775,182.8800048828125,1.2899999618530271,4.5,66.92,32.52000045776367,,30.6156005859375,57.55815856933594,32.209999084472656,4.199999809265137,105.91999816894533,7.039999961853027,1.899999976158142,5.8470001220703125,56.349998474121094,5.855,4527.240234375,8280.599609375,5751.06982421875
2024-10-11,18.68000030517578,120.16000366210938,2.299999952316284,0.1800000071525573,1.866000056266785,3.6549999713897705,3.299999952316284,0.4900000095367431,770.7000122070312,0.270000010728836,117.64,1.03,21.700000762939453,460.2099914550781,52.560001373291016,,40.3849983215332,1.899999976158142,470.45,6.96999979019165,27.6200008392334,,3.190000057220459,28.19,2.0,0.67,0.185,,90.4499969482422,38.56999969482422,3.7100000381469727,2.4600000381469727,6.732000122070312,0.0489999987185001,134.97999572753906,6.985000133514404,2.0,89.83000183105469,10.272500038146973,92.5999984741211,96.3000030517578,25.13,56.65999984741211,,7.889999866485596,8.02,71.5199966430664,0.4199999868869781,0.1000000014901161,3.1700000762939453,4.099999904632568,92.15999794006352,416.3200073242187,9.600000381469728,5.059999942779541,43.5099983215332,3.640000104904175,1.850000023841858,0.824999988079071,5.372000122070313,63.5,39.52,25.92,185.83999633789065,1.2899999618530271,4.460000038146973,67.42,33.619998931884766,,29.78840087890625,57.8228466796875,31.920000076293945,4.409999847412109,107.37999725341795,7.179999828338623,2.059999942779541,5.892000198364258,57.40999984741211,5.645,4510.35009765625,8253.7001953125,5815.02978515625
2024-10-18,17.420000076293945,120.6500015258789,2.0799999237060547,0.1650000065565109,1.8359999656677248,4.099999904632568,3.049999952316284,0.4850000143051147,664.5,0.25,119.46,1.025,23.86000061035156,464.7999877929687,48.36000061035156,,39.630001068115234,2.0,475.49,6.78000020980835,27.649999618530273,,3.359999895095825,28.05,2.0899999141693115,0.68,0.22,,88.38999938964844,39.53499984741211,3.819999933242798,2.490000009536743,6.805999755859375,0.0460000000894069,135.4949951171875,6.787499904632568,2.2200000286102295,89.76000213623047,10.407500267028809,92.83000183105467,96.5500030517578,25.39,55.93000030517578,,7.639999866485596,8.12,71.58499908447266,0.4490000009536743,0.1150000020861625,7.010000228881836,4.449999809265137,115.2000045776368,418.1600036621094,9.529999732971191,5.940000057220459,42.970001220703125,4.380000114440918,4.329999923706055,0.8159999847412109,5.674000244140625,65.30000305175781,40.51,25.365,185.6000061035156,1.2699999809265137,5.059999942779541,67.45,32.7400016784668,,30.67530029296875,58.123635864257814,32.474998474121094,4.739999771118164,107.9800033569336,8.069999694824219,2.049999952316284,5.964000225067139,57.099998474121094,5.97,4570.2998046875,8358.2998046875,5864.669921875
2024-10-25,16.899999618530273,118.81999969482422,1.9700000286102295,0.1899999976158142,1.75,3.839999914169311,2.9000000953674316,0.449999988079071,664.0999755859375,0.2199999988079071,116.06,1.07,24.059999465942383,454.010009765625,50.56999969482422,,39.58000183105469,1.7699999809265137,476.38,7.159999847412109,27.209999084472656,,3.180000066757202,27.66,1.9900000095367432,0.62,0.215,,88.28500366210938,38.685001373291016,3.390000104904175,2.369999885559082,6.820999755859375,0.0439999997615814,134.94500732421875,6.917500019073486,2.450000047683716,88.80999755859375,10.295000076293944,92.79499816894533,96.26000213623048,25.68,53.75,,7.340000152587891,8.022000122070313,70.87999725341797,0.3989999890327453,0.1199999973177909,7.349999904632568,5.739999771118164,116.64000320434576,428.1499938964844,9.699999809265137,4.880000114440918,44.86000061035156,4.03000020980835,3.4600000381469727,0.7450000047683716,5.562000122070312,65.30000305175781,41.045,25.505,180.4199981689453,1.2300000190734863,5.130000114440918,66.73,33.244998931884766,,31.652900390625,57.29347045898437,32.154998779296875,4.570000171661377,107.5199966430664,6.75,1.9950000047683716,5.850500106811523,55.93000030517578,5.875,4509.3701171875,8248.7998046875,5808.1201171875
2024-11-01,16.079999923706055,117.5,1.940000057220459,0.1749999970197677,1.6959999799728394,4.099999904632568,3.0899999141693115,0.4699999988079071,627.0999755859375,0.2800000011920929,110.22,1.095,21.90999984741211,452.1400146484375,49.209999084472656,,39.5099983215332,2.2100000381469727,470.7,6.760000228881836,26.969999313354492,,2.9100000858306885,27.52,1.950000047683716,0.76,0.195,,87.86000061035156,37.625,3.1500000953674316,2.8399999141693115,7.095999755859375,0.0460000000894069,133.90499877929688,6.792500019073486,2.450000047683716,88.33999633789062,10.125,92.7300033569336,95.9499969482422,24.88,54.470001220703125,,7.370999813079834,7.950999755859375,69.72000122070312,0.3819999992847442,0.2000000029802322,7.239999771118164,5.389999866485596,119.52000045776371,410.3699951171875,9.550000190734863,5.119999885559082,41.91999816894531,4.03000020980835,3.7300000190734863,0.7680000066757202,5.4879998779296875,64.19999694824219,41.19,25.79,181.52000427246097,1.159999966621399,5.110000133514404,66.065,32.040000915527344,,31.3175,57.185183715820315,31.4950008392334,5.010000228881836,106.5999984741211,7.0,2.049999952316284,5.861999988555908,55.275001525878906,5.425,4465.60986328125,8177.2001953125,5728.7998046875
2024-11-08,16.940000534057617,121.3000030517578,2.75,0.1949999928474426,1.7100000381469729,4.105000019073486,3.1500000953674316,0.4300000071525574,621.5,0.2899999916553497,99.03,1.065,22.190000534057617,463.4100036621094,49.30500030517578,,39.0,2.680000066757202,491.44,7.199999809265137,27.219999313354492,,3.119999885559082,27.51,1.809999942779541,0.73,0.195,,88.58999633789062,37.595001220703125,3.140000104904175,2.4700000286102295,6.9,0.0430000014603138,134.64500427246094,6.800000190734863,2.680000066757202,89.31999969482422,10.145000457763672,92.98999786376952,96.9000015258789,26.16,55.25,,7.400000095367432,7.865999755859375,71.47000122070312,0.3499999940395355,0.2199999988079071,8.979999542236328,5.519999980926514,122.39999771118168,422.5400085449219,9.489999771118164,5.119999885559082,58.38999938964844,4.099999904632568,3.7699999809265137,0.9399999976158142,5.532000122070312,58.900001525878906,40.41,25.645,183.0800018310547,1.159999966621399,5.650000095367432,64.84,33.64250183105469,,30.12280029296875,54.58640625,31.549999237060547,4.929999828338623,109.5199966430664,7.130000114440918,2.380000114440918,6.116000175476074,55.375,5.205,4417.830078125,8072.39990234375,5995.5400390625
2024-11-15,15.579999923706056,118.63999938964844,2.8499999046325684,0.2150000035762787,1.7339999675750732,4.085000038146973,3.25,0.4600000083446502,635.0,0.3799999952316284,99.78,1.05,18.290000915527344,470.2799987792969,48.290000915527344,,36.939998626708984,1.9900000095367432,493.05,7.139999866485596,26.950000762939453,,2.6600000858306885,27.14,1.934999942779541,0.75,0.19,,88.4749984741211,37.48500061035156,2.509999990463257,1.965000033378601,7.167999877929687,0.0450000017881393,133.41000366210938,6.679999828338623,2.390000104904175,87.87999725341797,9.927499771118164,93.08000183105467,93.13999938964844,25.97,53.7400016784668,,6.710000038146973,7.862000122070312,69.86000061035156,0.3819999992847442,0.1850000023841858,6.480000019073486,4.855000019073486,122.39999771118168,415.0,8.220000267028809,4.889999866485596,65.7699966430664,3.3450000286102295,3.819999933242798,0.734000027179718,5.387999877929688,63.20000076293945,39.475,25.61,187.3999938964844,1.0199999809265137,5.159999847412109,64.78,31.934999465942383,,29.27199951171875,54.64656188964844,31.489999771118164,6.21999979019165,109.6999969482422,5.639999866485596,3.190000057220459,6.098499774932861,52.43000030517578,5.665,4412.18994140625,8063.60009765625,5870.6201171875
2024-11-22,16.760000228881836,120.44000244140624,2.440000057220459,0.209999993443489,1.72599995136261,3.4049999713897705,3.549999952316284,0.4300000071525574,642.0999755859375,0.2899999916553497,104.74,1.01,19.13999938964844,476.5700073242187,50.0099983215332,,36.88999938964844,2.0199999809265137,504.47,5.679999828338623,27.25,,2.440000057220459,27.5,1.8849999904632568,0.75,0.19,,88.5,37.94499969482422,3.190000057220459,2.0899999141693115,7.244000244140625,0.0379999987781047,135.3699951171875,6.849999904632568,2.7100000381469727,88.38999938964844,9.987500190734863,93.08000183105467,93.55999755859376,26.45,54.130001068115234,,6.619999885559082,8.060999755859376,70.62999725341797,0.4510000050067901,0.1599999964237213,6.300000190734863,4.849999904632568,108.00000000000004,417.0,8.0,4.75,64.3499984741211,3.200000047683716,3.619999885559082,1.6200000047683716,5.455999755859375,59.29999923706055,41.99,26.03,177.55999755859375,1.100000023841858,6.099999904632568,65.24,32.55500030517578,,29.83889892578125,56.45126953125,31.65999984741211,7.010000228881836,112.0199966430664,5.659999847412109,2.9100000858306885,6.317999839782715,53.08000183105469,5.6,4507.56982421875,8262.099609375,5969.33984375
2024-11-29,18.760000228881836,121.7699966430664,3.119999885559082,0.2049999982118606,1.9299999475479128,3.2149999141693115,3.3499999046325684,0.4099999964237213,658.4000244140625,0.3149999976158142,106.12,0.995,18.799999237060547,483.0199890136719,49.025001525878906,,37.119998931884766,2.190000057220459,503.32,6.409999847412109,27.209999084472656,,2.240000009536743,27.27,1.9800000190734863,0.73,0.19,,88.95500183105469,38.69499969482422,3.299999952316284,2.559999942779541,7.327000122070313,0.0419999994337558,135.3800048828125,6.832499980926514,2.390000104904175,89.55000305175781,10.107500076293944,93.5199966430664,94.3000030517578,26.26,55.38999938964844,,6.309999942779541,8.085999755859374,71.81999969482422,0.4149999916553497,0.135000005364418,6.539999961853027,5.199999809265137,100.79999542236332,423.4599914550781,8.255000114440918,4.639999866485596,67.08000183105469,3.2899999618530273,3.839999914169311,1.25,5.585999755859375,62.5,40.71,25.315,183.16000366210935,1.159999966621399,5.610000133514404,65.41,32.244998931884766,,29.307900390625,56.559556274414064,31.9950008392334,7.099999904632568,111.7699966430664,6.860000133514404,2.759999990463257,6.330999851226807,54.349998474121094,5.45,4524.8798828125,8287.2998046875,6032.3798828125
2024-12-06,28.700000762939453,123.12000274658205,3.4100000858306885,0.209999993443489,1.8140000104904177,3.2300000190734863,3.724999904632568,0.4149999916553497,677.5999755859375,0.2849999964237213,106.54,0.97,20.09000015258789,470.5,48.005001068115234,,37.72999954223633,2.130000114440918,506.33,5.519999980926514,27.350000381469727,,2.140000104904175,27.54,1.909999966621399,0.71,0.185,,89.38999938964844,38.36000061035156,3.0,2.309999942779541,7.435999755859375,0.0410000011324882,135.4499969482422,6.789999961853027,2.990000009536743,90.33999633789062,10.06999969482422,93.86499786376952,94.41000366210938,27.04,56.65999984741211,,6.230000019073486,8.115,72.45999908447266,0.3980000019073486,0.1449999958276748,5.869999885559082,5.059999942779541,116.64000320434576,443.5700073242187,7.650000095367432,4.710000038146973,76.33999633789062,3.2699999809265137,3.559999942779541,1.3300000429153442,5.864000244140625,61.0,40.24,24.78,193.6999969482422,1.100000023841858,5.909999847412109,66.59,32.595001220703125,,29.69820068359375,55.65719970703125,32.45000076293945,5.96999979019165,112.76000213623048,6.449999809265137,2.859999895095825,6.285999774932861,53.72999954223633,5.53,4543.97998046875,8308.599609375,6090.27001953125
2024-12-13,27.399999618530273,122.05999755859376,3.1700000762939453,0.1700000017881393,1.6679999828338623,3.910000085830689,7.190000057220459,0.4699999988079071,687.7000122070312,0.3449999988079071,104.68,0.965,4.28000020980835,457.8999938964844,49.91999816894531,,37.56999969482422,1.909999966621399,507.675,4.539999961853027,27.149999618530273,,1.440000057220459,27.83,1.850000023841858,0.72,0.17,,89.13999938964844,37.529998779296875,2.619999885559082,2.0399999618530273,7.662000122070313,0.0399999991059303,134.9600067138672,6.869999885559082,2.9600000381469727,88.70999908447266,9.977499961853027,93.8000030517578,93.91000366210938,27.12,55.40999984741211,,6.360000133514404,8.047999877929687,71.41999816894531,1.75,0.1449999958276748,4.760000228881836,4.809999942779541,139.6800041198731,447.2699890136719,8.0,4.929999828338623,76.06999969482422,2.880000114440918,2.8299999237060547,1.7200000286102295,5.725999755859375,59.900001525878906,40.96,24.985,191.3800048828125,1.090000033378601,5.739999771118164,66.225,33.10749816894531,,29.33909912109375,56.102360229492184,31.959999084472656,5.820000171661377,112.9000015258789,6.269999980926514,3.059999942779541,6.224999904632568,52.18000030517578,5.295,4535.41015625,8300.2998046875,6051.08984375
2024-12-20,27.25,118.12000274658205,4.369999885559082,0.1599999964237213,1.4919999837875366,3.6700000762939458,8.5,0.4950000047683716,686.0999755859375,0.4000000059604645,102.56,0.935,6.139999866485596,453.2000122070313,49.029998779296875,,36.81999969482422,1.7999999523162842,501.97,4.550000190734863,26.86000061035156,,1.309999942779541,27.31,1.850000023841858,0.775,0.175,,88.80999755859375,37.02000045776367,2.7699999809265137,1.7899999618530271,7.607999877929688,0.0359999984502792,134.24000549316406,6.792500019073486,2.7699999809265137,87.58999633789062,9.914999961853027,93.69000244140624,93.22000122070312,27.23,54.0099983215332,,6.829999923706055,7.855,69.66999816894531,2.75,0.135000005364418,4.659999847412109,4.260000228881836,122.39999771118168,436.6000061035156,8.010000228881836,4.889999866485596,80.55000305175781,2.9000000953674316,2.630000114440918,1.2999999523162842,5.754000244140625,60.0,40.56,23.945,189.2599945068359,1.2999999523162842,4.739999771118164,64.32,32.80500030517578,,27.48610107421875,54.85109436035156,31.274999618530273,5.329999923706055,110.91000366210938,5.75,3.069999933242798,6.0269999504089355,50.95500183105469,4.886000061035157,4421.10986328125,8084.60009765625,5930.85009765625
2024-12-27,31.25,119.04000091552734,5.610000133514404,0.1800000071525573,1.4600000381469729,3.7200000286102295,7.800000190734863,0.4550000131130218,684.9000244140625,0.5199999809265137,104.6,0.92,5.5,456.510009765625,49.86000061035156,,37.04999923706055,1.6699999570846558,503.11,4.25,26.09000015258789,,1.2100000381469729,27.27,1.8600000143051147,0.78,0.17,,88.83000183105469,36.38999938964844,3.049999952316284,1.9700000286102295,7.770999755859375,0.0390000008046627,133.47999572753906,6.848750114440918,2.8299999237060547,87.2699966430664,9.835000038146973,93.91999816894533,93.33000183105467,27.35,54.900001525878906,,7.539999961853027,7.912000122070313,69.9800033569336,9.079999923706056,0.125,5.309999942779541,4.440000057220459,126.72000503540043,430.5299987792969,8.0,5.480000019073486,79.08000183105469,2.9000000953674316,2.7899999618530273,3.5999999046325684,5.78,62.5,40.47,24.405,189.6000061035156,2.130000114440918,5.0,64.92,33.532501220703125,,28.29639892578125,55.06766235351562,31.3700008392334,5.539999961853027,111.23999786376952,5.739999771118164,3.359999895095825,6.020500183105469,51.470001220703125,4.923999938964844,4453.14013671875,8149.7998046875,5970.83984375
2025-01-03,30.799999237060547,118.48999786376952,5.889999866485596,0.1949999928474426,1.6540000438690186,4.295000076293945,7.829999923706055,0.5,688.0,0.4950000047683716,105.94,0.94,5.820000171661377,453.55999755859375,51.7599983215332,,36.54499816894531,1.7200000286102295,506.11,4.099999904632568,26.34000015258789,,1.340000033378601,27.56,1.875,0.75,0.17,,89.04000091552734,36.56999969482422,3.5,2.200000047683716,7.822999877929687,0.0405000001192092,135.6999969482422,6.889999866485596,2.9000000953674316,87.72000122070312,9.852499961853027,93.79000091552734,93.72000122070312,27.45,54.380001068115234,,8.074999809265137,7.997999877929687,69.37000274658203,8.140000343322754,0.135000005364418,6.599999904632568,4.429999828338623,126.72000503540043,423.3500061035156,9.149999618530272,5.28000020980835,79.88999938964844,3.3499999046325684,2.759999990463257,4.289999961853027,5.85,66.4000015258789,41.35,25.665,186.77999877929688,2.2100000381469727,5.510000228881836,65.145,33.96500015258789,,28.45760009765625,54.875159912109375,31.540000915527344,5.449999809265137,112.08999633789062,6.039999961853027,3.0799999237060547,6.105999946594238,51.25,5.185,4490.8798828125,8224.0,5942.47021484375
2025-01-10,25.799999237060547,116.37000274658205,4.619999885559082,0.1899999976158142,1.781999945640564,4.619999885559082,7.400000095367432,0.5199999809265137,725.2999877929688,0.4000000059604645,109.82,1.04,4.940000057220459,442.6600036621094,53.33000183105469,,38.58000183105469,1.6399999856948853,505.73,3.869999885559082,26.770000457763672,,1.2599999904632568,27.25,1.830000042915344,0.9025,0.16,,88.70999908447266,35.224998474121094,2.9600000381469727,1.850000023841858,7.990999755859375,0.0399999991059303,136.49000549316406,7.117499828338623,2.5799999237060547,86.93000030517578,9.710000038146973,93.45999908447266,93.16999816894533,27.06,52.869998931884766,,7.25,8.019000244140624,68.52999877929688,5.730000019073486,0.1400000005960464,5.980000019073486,4.545000076293945,122.39999771118168,418.9500122070313,9.25,6.360000133514404,67.26000213623047,2.940000057220459,2.4200000762939453,2.6449999809265137,5.8,59.0,42.84,26.25,194.5,1.75,5.860000133514404,66.39,34.3025016784668,,28.9718994140625,54.550310668945315,30.21500015258789,5.929999828338623,112.22000122070312,5.449999809265137,2.809999942779541,6.076499938964844,51.75,5.015,4476.419921875,8248.5,5827.0400390625
2025-01-17,29.399999618530273,119.5999984741211,5.070000171661377,0.1700000017881393,1.5399999618530271,4.800000190734863,6.96999979019165,0.5400000214576721,739.0999755859375,0.4550000131130218,109.38,1.075,5.139999866485596,467.9500122070313,54.45000076293945,,39.279998779296875,1.5299999713897705,522.87,3.940000057220459,26.729999542236328,,1.2200000286102295,28.01,1.830000042915344,0.96,0.16,,89.31500244140625,36.38999938964844,3.950000047683716,1.7999999523162842,8.227000122070313,0.0410000011324882,138.07000732421875,7.264999866485596,2.809999942779541,87.48999786376953,9.854999542236328,93.76000213623048,94.20999908447266,27.72,53.72999954223633,,7.510000228881836,8.262000122070312,70.23999786376953,4.239999771118164,0.1299999952316284,5.690000057220459,4.744999885559082,118.08000183105472,429.0299987792969,10.90999984741211,6.039999961853027,71.7699966430664,2.890000104904175,2.369999885559082,2.240000009536743,5.88,56.79999923706055,43.28,27.205,200.8500061035156,1.659999966621399,5.989999771118164,68.375,35.96500015258789,,29.23320068359375,55.1879736328125,31.530000686645508,6.0,115.77999877929688,5.070000171661377,2.6500000953674316,6.324999809265137,51.91999816894531,5.2,4621.7001953125,8505.2001953125,5996.66015625
2025-01-24,33.5,122.05999755859376,4.929999828338623,0.1500000059604644,1.5640000104904177,3.9600000381469727,7.199999809265137,0.5299999713897705,700.7000122070312,0.4300000071525574,110.5,0.99,5.400000095367432,463.19000244140625,53.20000076293945,,39.0099983215332,1.5099999904632568,519.965,4.099999904632568,26.3799991607666,,1.3799999952316284,27.72,1.8899999856948853,0.96,0.16,,89.43000030517578,36.47999954223633,3.2100000381469727,2.0899999141693115,8.18,0.0379999987781047,134.9499969482422,7.232500076293945,2.890000104904175,88.02999877929688,9.875,93.9800033569336,94.5999984741211,27.705,55.529998779296875,,7.260000228881836,8.270999755859375,71.58999633789062,4.300000190734863,0.1299999952316284,8.029999732971191,4.84499979019165,125.27999496459964,444.05999755859375,10.8100004196167,6.840000152587891,78.9800033569336,3.1500000953674316,2.1600000858306885,2.299999952316284,6.055999755859375,47.54999923706055,43.2,26.2,208.4499969482422,1.5399999618530271,6.539999961853027,69.095,35.775001525878906,,29.4325,54.67062744140625,31.43000030517578,5.199999809265137,115.4000015258789,5.619999885559082,2.5899999141693115,6.298999786376953,53.41999816894531,5.16,4617.93017578125,8502.400390625,6101.240234375
2025-01-31,31.600000381469727,121.19000244140624,4.46999979019165,0.1400000005960464,1.5399999618530271,3.5,6.949999809265137,0.5600000023841858,722.7000122070312,0.3849999904632568,113.44,1.025,4.590000152587891,468.6700134277344,52.18000030517578,,38.5,1.4299999475479126,521.48,3.680000066757202,26.469999313354492,,1.309999942779541,27.92,1.809999942779541,1.005,0.145,,90.12999725341795,36.939998626708984,2.799999952316284,1.840000033378601,8.457000122070312,0.0359999984502792,136.52000427246094,7.190000057220459,2.6500000953674316,88.44000244140625,9.942500114440918,94.62999725341795,94.77999877929688,27.025,55.91999816894531,,6.829999923706055,8.432999877929687,71.87000274658203,3.180000066757202,0.1299999952316284,9.050000190734863,4.800000190734863,119.52000045776371,415.05999755859375,10.800000190734863,6.360000133514404,82.48999786376953,2.799999952316284,2.115000009536743,1.9800000190734863,6.06,46.400001525878906,43.88,26.785,207.4499969482422,1.3899999856948853,6.199999809265137,69.8,34.5525016784668,,30.16139892578125,55.72939086914062,32.099998474121094,4.630000114440918,116.16000366210938,5.449999809265137,2.2699999809265137,6.328000068664551,54.6150016784668,4.922000122070313,4710.580078125,8674.0,6040.52978515625
2025-02-07,38.099998474121094,121.33000183105467,5.789999961853027,0.1449999958276748,1.5460000038146973,3.009999990463257,6.75,0.5400000214576721,703.0,0.3849999904632568,116.0,0.99,4.369999885559082,472.739990234375,51.529998779296875,,41.150001525878906,1.350000023841858,516.78,3.690000057220459,26.469999313354492,,1.25,28.04,1.840000033378601,0.9275,0.125,,89.98500061035156,36.48500061035156,3.119999885559082,1.5099999904632568,8.54,0.0359999984502792,137.2449951171875,7.317500114440918,2.7100000381469727,88.7699966430664,10.0024995803833,94.73999786376952,94.69000244140624,26.81,55.790000915527344,,6.823999881744385,8.465,71.18000030517578,4.03000020980835,0.1299999952316284,12.130000114440918,4.40500020980835,113.75999450683598,409.75,10.645999908447266,6.159999847412109,110.8499984741211,2.4700000286102295,2.25,2.0399999618530273,6.0279998779296875,42.79999923706055,44.91,26.45,207.4499969482422,1.3200000524520874,5.989999771118164,70.02,33.60749816894531,,30.79969970703125,56.523460693359375,31.895000457763672,4.179999828338623,115.5999984741211,5.420000076293945,2.240000009536743,6.293000221252441,54.06999969482422,4.8,4718.9501953125,8700.5,6025.990234375
2025-02-14,41.400001525878906,123.62000274658205,6.360000133514404,0.1500000059604644,1.5399999618530271,2.8499999046325684,6.150000095367432,0.5099999904632568,732.2000122070312,0.3700000047683716,117.08,0.99,4.789999961853027,479.5899963378906,51.75,,42.040000915527344,1.350000023841858,514.86,3.299999952316284,26.43000030517578,,1.3799999952316284,28.095,2.0799999237060547,1.075,0.1425,,90.3000030517578,36.439998626708984,3.4600000381469727,1.5800000429153442,8.697000122070312,0.0359999984502792,135.50999450683594,7.448750019073486,2.559999942779541,88.63999938964844,10.012499809265137,95.04000091552734,95.2300033569336,27.15,56.20000076293945,,6.684000015258789,8.497000122070313,72.19999694824219,3.309999942779541,0.125,13.5600004196167,4.235000133514404,105.12000274658207,408.4299926757813,10.529999732971191,5.78000020980835,119.16000366210938,2.8399999141693115,2.4200000762939453,1.950000047683716,6.245999755859375,44.70000076293945,44.585,26.74,225.1999969482422,1.3899999856948853,5.150000095367432,71.28,33.94499969482422,,31.59050048828125,52.92607543945312,32.07500076293945,4.03000020980835,115.4800033569336,4.230000019073486,2.130000114440918,6.223999977111816,53.880001068115234,4.567999877929687,4736.60009765625,8732.5,6114.6298828125
2025-02-21,49.099998474121094,122.12999725341795,5.0,0.1324999928474426,1.5019999742507937,2.625,6.5,0.5,710.0999755859375,0.3350000083446502,117.08,0.975,4.5,478.739990234375,51.904998779296875,,41.33000183105469,1.309999942779541,511.11,3.5,26.270000457763672,,1.919999957084656,28.63,1.955000042915344,1.05,0.14,,90.41500091552734,35.959999084472656,3.390000104904175,1.4199999570846558,8.857999877929688,0.0379999987781047,135.14999389648438,7.542500019073486,2.6500000953674316,88.5199966430664,9.954999923706056,95.18000030517578,95.1999969482422,27.19,56.349998474121094,,5.929999828338623,8.447000122070312,72.0999984741211,3.3299999237060547,0.125,11.31999969482422,4.289999961853027,112.319995880127,408.2099914550781,10.347000122070312,5.71999979019165,101.3499984741211,2.9649999141693115,2.559999942779541,1.7100000381469729,6.114000244140625,60.5,45.13,26.375,221.4499969482422,1.350000023841858,4.760000228881836,71.09,34.067501068115234,,31.4222998046875,52.902009887695314,31.604999542236328,4.199999809265137,114.93000030517578,4.21999979019165,2.1500000953674316,6.114999771118164,54.33000183105469,4.467999877929687,4693.35009765625,8659.400390625,6013.1298828125
2025-02-28,43.04999923706055,120.83000183105467,4.239999771118164,0.135000005364418,1.309999942779541,2.7100000381469727,6.394000053405762,0.5099999904632568,678.5999755859375,0.2949999868869781,119.68,0.885,4.630000114440918,513.8300170898438,50.57500076293945,,40.560001373291016,1.1699999570846558,495.785,3.559999942779541,25.86000061035156,,1.919999957084656,27.39,1.7999999523162842,1.05,0.1275,,90.72000122070312,36.5099983215332,2.859999895095825,1.559999942779541,9.335999755859376,0.0350000001490116,138.10000610351562,7.230000019073486,2.5399999618530273,89.23999786376953,10.022500038146973,95.20999908447266,95.4499969482422,25.39,55.54999923706055,,5.789999961853027,8.592000122070312,70.45999908447266,2.880000114440918,0.125,10.850000381469728,4.199999809265137,126.72000503540043,396.989990234375,10.039999961853027,5.420000076293945,84.91999816894531,2.5199999809265137,2.3299999237060547,1.3799999952316284,7.44,58.5,43.96,26.36,221.1999969482422,1.2300000190734863,4.110000133514404,71.49,31.30500030517578,,29.70840087890625,53.9848388671875,31.200000762939453,3.7100000381469727,112.0500030517578,4.079999923706055,2.109999895095825,5.9770002365112305,54.33000183105469,4.46,4754.31982421875,8809.7001953125,5954.5
2025-03-07,44.0,119.5,3.494999885559082,0.1199999973177909,1.25600004196167,2.759999990463257,6.289999961853027,0.5199999809265137,666.0,0.3100000023841858,120.72,0.835,4.550000190734863,495.6199951171875,49.189998626708984,,42.279998779296875,1.159999966621399,468.07,2.8299999237060547,25.3700008392334,,1.7200000286102295,27.31,1.899999976158142,1.105,0.1325,,90.18000030517578,35.79499816894531,2.559999942779541,1.409999966621399,8.764000244140625,0.032999999821186,134.6300048828125,7.355000019073486,2.430000066757202,88.87000274658203,9.9350004196167,94.8000030517578,95.41000366210938,23.81,56.61000061035156,,5.039999961853027,8.494000244140626,69.27999877929688,2.930000066757202,0.1099999994039535,9.300000190734863,4.0,120.95999908447271,393.30999755859375,10.012999534606934,5.0,84.91000366210938,2.4000000953674316,1.909999966621399,1.2899999618530271,8.014000244140625,51.0,43.88,25.545,234.3000030517578,1.149999976158142,3.9200000762939458,72.16,29.225000381469727,,31.0047998046875,55.42860168457031,30.84000015258789,3.9800000190734863,107.81999969482422,4.260000228881836,1.950000047683716,5.692999839782715,55.15999984741211,4.316000061035156,4687.759765625,8679.900390625,5770.2001953125
2025-03-14,45.0,117.4499969482422,3.759999990463257,0.125,1.2239999771118164,2.674999952316284,6.079999923706055,0.5,655.7000122070312,0.2899999916553497,119.94,0.805,4.349999904632568,514.5999755859375,48.97999954223633,,43.619998931884766,1.0099999904632568,461.625,2.630000114440918,25.350000381469727,,1.4600000381469729,27.45,1.830000042915344,1.065,0.115,,89.7750015258789,35.54999923706055,2.5999999046325684,1.2799999713897705,8.7,0.0320000015199184,134.27499389648438,7.357500076293945,2.309999942779541,88.12999725341797,9.93000030517578,91.68000030517578,94.83999633789062,23.615,57.18000030517578,,4.800000190734863,8.419000244140625,68.02999877929688,3.319999933242798,0.1150000020861625,9.350000381469728,3.690000057220459,132.47999954223638,388.55999755859375,10.512999534606934,4.880000114440918,86.23999786376953,1.7899999618530271,1.690000057220459,1.3600000143051147,7.964000244140625,48.70000076293945,44.93,26.335,231.75,1.1299999952316284,3.849999904632568,71.33,29.825000762939453,,32.3393994140625,54.62250183105469,30.704999923706055,4.179999828338623,106.95999908447266,3.900000095367432,1.9450000524520872,5.683000087738037,53.619998931884766,4.31,4661.7001953125,8632.2998046875,5638.93994140625
2025-03-21,43.75,117.9800033569336,4.050000190734863,0.1400000005960464,1.2599999904632568,2.515000104904175,6.099999904632568,0.550000011920929,660.7000122070312,0.3199999928474426,116.08,0.815,4.489999771118164,521.9099731445312,50.185001373291016,,45.65999984741211,1.0399999618530271,464.6,2.7799999713897705,25.450000762939453,,1.309999942779541,27.65,1.9900000095367432,1.15,0.1025,,90.0999984741211,35.36000061035156,2.4700000286102295,1.25,8.815999755859375,0.0359999984502792,134.9550018310547,7.417500019073486,2.7200000286102295,88.43000030517578,9.899999618530272,92.09500122070312,95.33999633789062,23.57,57.959999084472656,,4.920000076293945,8.429000244140624,68.22000122070312,2.9800000190734863,0.1199999973177909,8.949999809265137,3.505000114440918,110.879997253418,391.260009765625,11.359999656677246,4.679999828338623,90.95999908447266,1.950000047683716,1.649999976158142,1.4550000429153442,8.005999755859374,49.79999923706055,45.36,27.27,228.8500061035156,1.1100000143051147,4.190000057220459,71.495,29.81999969482422,,31.6560009765625,54.81500427246094,30.43000030517578,5.179999828338623,107.63999938964844,3.880000114440918,2.1700000762939453,5.736999988555908,54.26499938964844,4.576000061035156,4666.5,8646.7998046875,5667.56005859375
2025-03-28,40.099998474121094,116.23999786376952,4.239999771118164,0.1650000065565109,1.2139999866485596,2.559999942779541,7.025000095367432,0.5199999809265137,625.5999755859375,0.3000000119209289,114.16,0.79,3.819999933242798,526.3099975585938,50.779998779296875,,46.04999923706055,0.9390000104904176,459.12,2.2200000286102295,25.329999923706055,,1.25,27.13,2.0399999618530273,1.08,0.105,,89.87999725341797,35.369998931884766,2.140000104904175,1.2400000095367432,8.854000244140625,0.0350000001490116,134.52999877929688,7.445000171661377,2.880000114440918,87.80000305175781,9.90999984741211,91.87000274658205,94.8000030517578,22.82,56.349998474121094,,5.070000171661377,8.452999877929688,67.74500274658203,2.630000114440918,0.125,7.190000057220459,3.734999895095825,115.2000045776368,378.7999877929687,7.650000095367432,4.650000095367432,85.8499984741211,1.9900000095367432,1.399999976158142,1.2699999809265137,7.712000122070313,47.29999923706055,46.25,27.965,216.0,1.0800000429153442,3.7699999809265137,70.43,28.059999465942383,,32.81389892578125,55.1879736328125,30.3700008392334,5.099999904632568,106.18000030517578,3.650000095367432,2.049999952316284,5.645500183105469,53.54999923706055,4.326000061035156,4671.27001953125,8658.900390625,5580.93994140625
2025-04-04,36.79999923706055,106.0,3.569999933242798,0.1500000059604644,1.100000023841858,2.6600000858306885,6.099999904632568,0.4900000095367431,564.0999755859375,0.2599999904632568,108.08,0.64,3.2899999618530273,493.5400085449219,45.9900016784668,,40.060001373291016,0.7680000066757202,426.25,1.6799999475479126,24.700000762939453,,1.0299999713897705,25.28,1.8799999952316284,0.9,0.1075,,88.38999938964844,36.494998931884766,1.7999999523162842,1.1200000047683716,7.6,0.0309999994933605,137.97000122070312,7.066249847412109,2.440000057220459,86.94999694824219,10.11750030517578,90.3499984741211,92.91999816894533,20.61,51.060001373291016,,4.519999980926514,7.867999877929687,63.459999084472656,2.3499999046325684,0.1049999967217445,6.820000171661377,3.1700000762939453,93.6000022888184,359.8399963378906,6.079999923706055,3.9600000381469727,74.01000213623047,1.409999966621399,1.1799999475479126,1.1299999952316284,6.59,49.900001525878906,45.4,24.815,185.6199951171875,0.9729999899864196,3.3399999141693115,65.61,24.434999465942383,,29.89820068359375,56.47533508300781,28.1875,4.170000076293945,98.38999938964844,3.0899999141693115,1.6050000190734863,5.159999847412109,50.95500183105469,3.916000061035157,4341.85009765625,8055.0,5074.080078125
2025-04-11,31.899999618530273,111.0999984741211,3.7200000286102295,0.1500000059604644,1.3020000457763672,2.6659998893737793,6.210000038146973,0.5400000214576721,577.2999877929688,0.270000010728836,100.08,0.75,3.680000066757202,524.1099853515625,44.56999969482422,,40.31999969482422,0.8740000128746033,428.08,1.6150000095367432,25.049999237060547,,1.2999999523162842,25.31,1.7899999618530271,0.83,0.1025,,88.1449966430664,34.584999084472656,2.5999999046325684,1.0099999904632568,7.435,0.0320000015199184,131.22999572753906,7.130000114440918,2.359999895095825,84.4000015258789,9.895000457763672,89.7699966430664,92.56999969482422,21.465,52.81999969482422,,4.449999809265137,7.812000122070312,64.25,2.5799999237060547,0.1150000020861625,8.050000190734863,3.234999895095825,90.71999931335452,388.4500122070313,6.150000095367432,3.869999885559082,88.55000305175781,1.3300000429153442,1.1200000047683716,1.25,6.937999877929688,48.779998779296875,48.23,23.08,180.67999267578125,1.1299999952316284,2.799999952316284,65.93,25.604999542236328,,29.83030029296875,56.198611450195315,28.46500015258789,4.5,98.8949966430664,3.1700000762939453,1.6200000047683716,5.1645002365112305,49.599998474121094,4.093999938964844,4303.83984375,7964.2001953125,5363.35986328125
2025-04-18,30.299999237060547,111.4000015258789,3.640000104904175,0.1449999958276748,1.350000023841858,2.4700000286102295,6.800000190734863,0.7200000286102295,564.2000122070312,0.2599999904632568,101.24,0.8,3.869999885559082,518.2100219726562,47.130001068115234,,41.79999923706055,0.7350000143051147,425.02,1.899999976158142,25.1299991607666,,1.2799999713897705,25.62,1.899999976158142,0.98,0.1075,,86.75,35.470001220703125,2.609999895095825,1.2200000286102295,7.89,0.0340000018477439,131.57000732421875,7.255000114440918,2.430000066757202,86.27999877929688,10.0024995803833,91.48999786376952,93.91000366210938,20.89,56.08000183105469,,5.300000190734863,8.125,65.05999755859375,2.3299999237060547,0.1049999967217445,7.5,3.1600000858306885,92.15999794006352,367.7799987792969,6.034999847412109,3.815000057220459,93.77999877929688,1.2400000095367432,1.1399999856948853,1.149999976158142,7.144000244140625,53.79999923706055,48.32,24.39,187.02000427246097,1.100000023841858,2.740000009536743,67.63,24.8700008392334,,30.82139892578125,57.8228466796875,29.655000686645508,4.53000020980835,99.31500244140624,3.1600000858306885,1.6299999952316284,5.296000003814697,50.31999969482422,4.087999877929687,4472.1201171875,8275.7001953125,5282.7001953125
2025-04-25,34.20000076293945,116.18000030517578,4.0,0.1400000005960464,1.3799999952316284,2.561000108718872,8.34000015258789,0.75,588.9000244140625,0.2599999904632568,104.0,0.81,4.230000019073486,530.9600219726562,46.529998779296875,,43.25,0.7739999890327454,438.12,2.2899999618530273,25.450000762939453,75.785,1.5399999618530271,26.14,1.950000047683716,0.96,0.115,,87.9000015258789,36.01499938964844,2.869999885559082,1.2599999904632568,8.34,0.0379999987781047,131.36500549316406,7.247499942779541,2.5999999046325684,87.4800033569336,10.072500228881836,92.36000061035156,95.20999908447266,22.135,57.34000015258789,,5.340000152587891,8.264000244140625,66.75499725341797,2.619999885559082,0.1000000014901161,9.029999732971191,3.4200000762939453,90.71999931335452,391.8500061035156,5.869999885559082,4.014999866485596,112.77999877929688,1.690000057220459,1.4299999475479126,1.2300000190734863,7.554000244140625,57.150001525878906,47.79,24.64,206.8000030517578,1.1399999856948853,2.7699999809265137,69.43,26.90250015258789,,31.79780029296875,56.367053833007816,30.26499938964844,4.670000076293945,102.33999633789062,3.4700000286102295,1.6950000524520874,5.423999786376953,51.040000915527344,4.303999938964844,4548.43994140625,8415.2998046875,5525.2099609375
2025-05-02,38.70000076293945,119.41000366210938,3.9200000762939458,0.1400000005960464,1.4520000219345093,2.4159998893737793,12.899999618530272,0.7699999809265137,608.9000244140625,0.270000010728836,107.54,0.975,4.190000057220459,539.7999877929688,43.43000030517578,,41.31999969482422,0.8799999952316284,453.85,2.5999999046325684,25.059999465942383,75.525,1.6399999856948853,27.23,1.8799999952316284,0.955999984741211,0.11,,88.0199966430664,35.77000045776367,3.3499999046325684,1.5800000429153442,8.454000244140625,0.0340000018477439,131.44500732421875,7.164999961853027,2.700000047683716,87.26000213623047,10.067500114440918,92.25,95.41000366210938,23.32,58.40999984741211,,5.25,8.440999755859375,68.93499755859375,2.869999885559082,0.1049999967217445,9.260000228881836,3.3450000286102295,95.0400009155274,435.2799987792969,6.099999904632568,4.230000019073486,124.27999877929688,1.6799999475479126,1.9900000095367432,1.2599999904632568,7.84,58.5,47.37,24.865,209.8000030517578,1.1100000143051147,3.259999990463257,71.66,28.167499542236328,,30.871298828125,57.341596069335935,31.19499969482422,4.460000038146973,105.7699966430664,3.640000104904175,1.8700000047683716,5.593999862670898,52.10499954223633,4.536000061035156,4652.3798828125,8596.400390625,5686.669921875
2025-05-09,36.400001525878906,119.12999725341795,3.940000057220459,0.147499993443489,1.3899999856948853,2.240000009536743,13.100000381469728,0.7400000095367432,626.7999877929688,0.2649999856948852,102.4,0.935,4.039999961853027,513.739990234375,45.10499954223633,,41.439998626708984,0.7739999890327454,453.12,2.430000066757202,25.309999465942383,75.935,1.4500000476837158,27.21,1.909999966621399,1.19,0.11,,88.21499633789062,35.51499938964844,3.450000047683716,1.6200000047683716,8.492000122070312,0.032999999821186,131.1199951171875,7.276249885559082,2.8299999237060547,87.5199966430664,10.015000343322754,92.61000061035156,95.77999877929688,23.36,58.68000030517578,,5.21999979019165,8.412999877929687,68.69999694824219,2.359999895095825,0.1049999967217445,9.539999961853027,3.440000057220459,95.0400009155274,438.7300109863281,6.300000190734863,4.264999866485596,117.3000030517578,1.2999999523162842,1.6100000143051147,1.2599999904632568,7.915999755859375,56.599998474121094,48.79,24.58,214.0500030517578,1.2999999523162842,2.950000047683716,71.42,28.655000686645508,,31.01320068359375,56.776118774414066,31.6200008392334,4.639999866485596,105.83999633789062,3.1700000762939453,1.8450000286102295,5.6554999351501465,50.459999084472656,4.612000122070313,4641.10986328125,8554.7998046875,5659.91015625
2025-05-16,36.70000076293945,124.04000091552734,4.429999828338623,0.1500000059604644,1.3580000400543213,2.309999942779541,12.81999969482422,0.6499999761581421,668.4000244140625,0.25,103.3,0.895,3.940000057220459,514.3099975585938,46.05500030517578,,40.77000045776367,0.9380000233650208,475.67,2.5,25.190000534057617,75.71499633789062,1.5099999904632568,28.03,1.7699999809265137,1.23,0.12,,88.73500061035156,35.19499969482422,3.390000104904175,1.690000057220459,8.827999877929688,0.0350000001490116,128.22999572753906,7.15749979019165,3.380000114440918,87.69999694824219,9.762499809265137,92.88999938964844,93.4000015258789,25.25,58.9900016784668,,5.03000020980835,8.554000244140624,71.05000305175781,2.5799999237060547,0.1000000014901161,10.369999885559082,3.259999990463257,90.71999931335452,454.2699890136719,6.289999961853027,4.139999866485596,129.52000427246094,1.590000033378601,1.6200000047683716,1.4800000190734863,8.095999755859374,63.79999923706055,46.59,24.905,219.9499969482422,1.3799999952316284,3.2899999618530273,72.55,31.440000534057617,,30.649599609375,55.64516967773437,32.375,4.570000171661377,109.8499984741211,3.299999952316284,1.8450000286102295,5.834499835968018,49.75,4.6579998779296865,4715.6298828125,8684.599609375,5958.3798828125
2025-05-23,40.150001525878906,122.3000030517578,5.119999885559082,0.1550000011920929,1.4160000085830688,2.180000066757202,14.140000343322754,0.7599999904632568,642.5999755859375,0.2649999856948852,104.36,0.86,4.059999942779541,503.4599914550781,45.94499969482422,,42.61000061035156,1.0199999809265137,457.37,2.200000047683716,25.329999923706055,74.645,1.5499999523162842,27.51,1.7100000381469729,1.19,0.155,,88.13999938964844,34.810001373291016,3.25,1.7999999523162842,8.687999877929688,0.0280000008642673,125.45999908447266,7.267499923706055,4.590000152587891,87.20999908447266,9.704999923706056,92.5199966430664,92.66000366210938,24.075,59.41999816894531,,5.010000228881836,8.585,69.83999633789062,3.4800000190734863,0.1024999991059303,15.199999809265137,3.3550000190734863,109.43999862670904,450.1799926757813,7.739999771118164,4.070000171661377,123.30999755859376,1.2899999618530271,1.6699999570846558,1.940000057220459,8.357999877929688,67.4000015258789,48.32,24.2,212.3000030517578,1.5099999904632568,3.4000000953674316,72.11,29.612499237060547,,31.5639990234375,56.48736511230469,32.0099983215332,4.289999961853027,106.77999877929688,2.9200000762939453,1.774999976158142,5.670000076293945,49.66999816894531,5.005,4724.009765625,8718.0,5802.81982421875
2025-05-30,34.29999923706055,123.6500015258789,5.150000095367432,0.1599999964237213,1.3320000171661377,2.200000047683716,14.260000228881836,0.7599999904632568,653.9000244140625,0.3000000119209289,107.2,0.925,3.9600000381469727,503.9599914550781,44.43000030517578,,41.529998779296875,1.059999942779541,465.92,2.1600000858306885,25.219999313354492,74.61,1.7200000286102295,27.29,1.7000000476837158,1.2525,0.14,,88.88999938964844,35.255001068115234,3.130000114440918,1.899999976158142,8.732000122070312,0.0270000007003545,126.81999969482422,7.090000152587891,5.090000152587891,87.86000061035156,9.78499984741211,93.43000030517578,93.41000366210938,24.6275,60.2400016784668,,4.978000164031982,8.657999877929688,70.72000122070312,3.3499999046325684,0.1099999994039535,15.050000190734863,3.200000047683716,93.6000022888184,460.3599853515625,7.650000095367432,4.610000133514404,131.77999877929688,1.1799999475479126,1.659999966621399,1.6799999475479126,8.662000122070312,69.0,47.41,24.495,211.8000030517578,1.559999942779541,3.5999999046325684,72.83,30.13999938964844,,31.5485009765625,56.63174194335937,32.4900016784668,3.880000114440918,108.18000030517578,2.740000009536743,1.8200000524520872,5.736000061035156,50.630001068115234,4.813999938964844,4759.5400390625,8772.400390625,5911.68994140625
2025-06-06,32.599998474121094,125.76000213623048,4.940000057220459,0.1449999958276748,1.287999987602234,2.109999895095825,18.959999084472656,0.949999988079071,667.5999755859375,0.2750000059604645,107.82,0.88,4.449999809265137,493.5299987792969,47.224998474121094,,43.56999969482422,1.2599999904632568,471.97,2.25,25.309999465942383,74.83,1.909999966621399,27.945,1.774999976158142,1.355,0.14,,89.27999877929688,35.51499938964844,3.359999895095825,1.9900000095367432,8.817000122070313,0.025000000372529,125.68000030517578,7.315000057220459,5.940000057220459,88.16999816894531,9.807499885559082,93.65499877929688,93.58999633789062,25.32,60.27000045776367,,4.809999942779541,8.73,72.05999755859375,3.4600000381469727,0.1000000014901161,15.75,2.990000009536743,82.08000183105472,470.3800048828125,7.670000076293945,4.275000095367432,127.72000122070312,1.690000057220459,1.909999966621399,1.7400000095367432,8.85,69.25,47.86,25.075,218.8000030517578,1.6100000143051147,3.4600000381469727,73.58,31.78499984741211,,34.50840087890625,55.8497021484375,32.79499816894531,4.25,109.62000274658205,3.5399999618530273,1.8200000524520872,5.830999851226807,51.38999938964844,4.892000122070313,4794.83984375,8837.900390625,6000.35986328125
2025-06-13,32.0,125.38999938964844,4.699999809265137,0.1449999958276748,1.2799999713897705,1.99399995803833,13.385000228881836,1.0199999809265137,664.5999755859375,0.2800000011920929,109.86,0.935,4.519999980926514,487.5400085449219,51.95000076293945,,42.8650016784668,1.1100000143051147,471.5,2.1600000858306885,25.690000534057617,74.91500091552734,1.9700000286102295,28.09,1.7899999618530271,1.56,0.19,,89.19999694824219,36.0099983215332,2.9700000286102295,2.059999942779541,8.665,0.025000000372529,125.68000030517578,7.457499980926514,5.429999828338623,88.22000122070312,9.885000228881836,93.38999938964844,93.76000213623048,25.33,60.439998626708984,,4.559999942779541,8.624000244140625,71.83999633789062,3.940000057220459,0.1024999991059303,12.899999618530272,3.115000009536743,77.76000022888186,474.9599914550781,7.539999961853027,4.170000076293945,137.39999389648438,1.4600000381469729,1.8799999952316284,1.659999966621399,8.7,66.0,48.91,26.31,214.9499969482422,1.75,3.2200000286102295,73.11,32.33000183105469,,34.40219970703125,55.76548095703125,32.775001525878906,3.7799999713897705,109.41000366210938,3.299999952316284,1.6649999618530271,5.807000160217285,52.220001220703125,4.937999877929687,4801.14013671875,8850.599609375,5976.97021484375
2025-06-20,30.700000762939453,123.73999786376952,5.239999771118164,0.1550000011920929,1.2760000228881836,1.399999976158142,13.329999923706056,1.0299999713897705,650.4000244140625,0.2399999946355819,103.92,0.925,4.340000152587891,484.8500061035156,54.130001068115234,,42.880001068115234,1.340000033378601,473.62,2.0799999237060547,25.670000076293945,76.105,2.2200000286102295,28.09,1.7400000095367432,1.59,0.255,,89.28500366210938,35.95000076293945,3.0799999237060547,2.140000104904175,8.669000244140625,0.0230000000447034,127.26000213623048,7.610000133514404,5.380000114440918,88.43000030517578,9.895000457763672,93.3499984741211,94.26000213623048,25.595,59.47999954223633,,4.21999979019165,8.552000122070313,70.76000213623047,3.950000047683716,0.096000000834465,13.329999923706056,2.8949999809265137,79.19999885559085,477.3999938964844,7.710000038146973,4.369999885559082,137.3000030517578,2.069999933242798,1.9299999475479128,1.7300000190734863,8.877999877929687,60.650001525878906,48.58,26.83,209.3000030517578,1.7999999523162842,3.859999895095825,72.355,32.66999816894531,,34.45330078125,54.89921997070312,32.20000076293945,3.5199999809265137,109.38999938964844,2.9700000286102295,1.5149999856948853,5.834000110626221,50.599998474121094,5.155,4765.2900390625,8774.7001953125,5967.83984375
2025-06-27,32.650001525878906,128.0399932861328,5.53000020980835,0.1899999976158142,1.25600004196167,1.6200000047683716,14.529999732971191,0.9900000095367432,682.5,0.2300000041723251,102.24,0.925,4.199999809265137,485.6799926757813,48.11000061035156,,45.20000076293945,1.2599999904632568,480.245,2.5199999809265137,25.700000762939453,75.24500274658203,2.2799999713897705,28.69,1.7949999570846558,1.59,0.24,,89.79000091552734,35.970001220703125,3.430000066757202,1.6399999856948853,8.842999877929687,0.0270000007003545,126.22000122070312,7.289999961853027,5.46999979019165,89.3499984741211,9.90999984741211,93.66000366210938,95.06999969482422,26.47,62.18000030517578,,4.460000038146973,8.592000122070312,72.95999908447266,4.050000190734863,0.1049999967217445,13.300000190734863,2.9600000381469727,83.5200004577637,495.94000244140625,7.46999979019165,4.445000171661377,130.74000549316406,2.4200000762939453,2.0399999618530273,1.950000047683716,9.542000122070313,63.150001525878906,46.36,25.87,222.75,2.1500000953674316,4.340000152587891,73.28,34.439998626708984,,34.3089990234375,53.3231103515625,33.08000183105469,3.819999933242798,111.0999984741211,2.9600000381469727,1.7050000429153442,5.921999931335449,51.36000061035156,5.37,4793.1298828125,8798.900390625,6173.06982421875
2025-07-04,31.200000762939453,129.7899932861328,5.889999866485596,0.2399999946355819,1.3980000019073486,2.380000114440918,17.34000015258789,1.0299999713897705,659.4000244140625,0.2599999904632568,103.36,0.925,4.28000020980835,485.0,49.36000061035156,,44.73500061035156,1.3700000047683716,487.85,2.940000057220459,25.770000457763672,75.86499786376953,2.569999933242798,28.96,1.75,1.52,0.24,,90.08000183105467,35.52000045776367,3.5399999618530273,1.649999976158142,8.859000244140624,0.025000000372529,126.43000030517578,7.340000152587891,5.369999885559082,89.95999908447266,9.875,93.83499908447266,95.22000122070312,26.94,61.310001373291016,,4.699999809265137,8.600999755859375,73.58999633789062,3.9700000286102295,0.1274999976158142,12.779999732971191,2.9649999141693115,87.84000205993655,498.8399963378906,7.769999980926514,4.585000038146973,134.36000061035156,3.109999895095825,2.180000066757202,2.140000104904175,9.625999755859375,76.30000305175781,47.445,26.28,216.0,2.4600000381469727,4.289999961853027,73.67,34.790000915527344,,35.17050048828125,54.2014013671875,32.834999084472656,3.700000047683716,112.5,3.200000047683716,1.815000057220459,6.0269999504089355,51.56999969482422,5.09,4799.9599609375,8822.900390625,6279.35009765625
2025-07-11,31.200000762939453,129.1999969482422,5.190000057220459,0.2649999856948852,1.3559999465942385,2.450000047683716,15.630000114440918,1.0800000429153442,683.9000244140625,0.2649999856948852,104.5,0.905,4.559999942779541,475.8599853515625,50.834999084472656,,49.25,1.6299999952316284,494.32,2.809999942779541,25.75,76.6050033569336,2.880000114440918,29.25,1.7200000286102295,1.645,0.235,,89.95999908447266,35.18000030517578,4.619999885559082,1.5199999809265137,9.105,0.0219999998807907,127.2300033569336,7.432499885559082,5.139999866485596,89.48999786376953,9.827500343322754,94.16000366210938,94.91000366210938,27.47,59.91999816894531,,5.940000057220459,8.722999877929688,73.5999984741211,3.630000114440918,0.1500000059604644,11.970000267028809,2.890000104904175,83.5200004577637,503.3200073242187,7.559999942779541,4.474999904632568,142.10000610351562,4.349999904632568,2.319999933242798,1.7300000190734863,9.88,71.8499984741211,48.38,26.72,223.0500030517578,2.490000009536743,4.0,74.75,35.845001220703125,,35.7556005859375,53.924677734375,32.94499969482422,3.4800000190734863,113.66000366210938,3.490000009536743,1.8799999952316284,6.110000133514404,51.2599983215332,4.877999877929687,4857.64013671875,8941.099609375,6259.75
2025-07-18,33.349998474121094,129.75999450683594,5.78000020980835,0.3199999928474426,1.5679999589920044,2.0799999237060547,18.09000015258789,1.2699999809265137,633.5,0.3050000071525574,102.94,0.855,4.630000114440918,473.7999877929687,50.540000915527344,,49.52000045776367,2.049999952316284,499.81,3.890000104904175,25.780000686645508,77.315,2.759999990463257,29.98,1.774999976158142,1.63,0.24,,90.18000030517578,34.720001220703125,5.739999771118164,1.7899999618530271,9.33,0.0219999998807907,127.77999877929688,7.5,5.230000019073486,89.12999725341797,9.78499984741211,94.0500030517578,94.98999786376952,28.05,59.70000076293945,,6.170000076293945,8.762000122070312,73.52999877929688,3.75,0.1700000017881393,15.06999969482422,2.990000009536743,84.95999908447268,510.0499877929687,8.220000267028809,4.320000171661377,153.52000427246094,4.130000114440918,2.259999990463257,1.7599999904632568,10.05,65.9000015258789,48.45,26.2,224.1999969482422,3.7699999809265137,4.360000133514404,74.71,36.11000061035156,,36.48840087890625,53.41936157226562,33.3849983215332,3.630000114440918,114.95999908447266,3.240000009536743,2.1700000762939453,6.145999908447266,50.59000015258789,4.86,4889.47998046875,8992.099609375,6296.7900390625
2025-07-25,33.150001525878906,131.8800048828125,5.670000076293945,0.2750000059604645,2.2300000190734863,1.8600000143051147,23.59000015258789,1.5399999618530271,604.9000244140625,0.3000000119209289,108.02,0.9,4.619999885559082,484.0700073242187,50.14500045776367,,50.974998474121094,2.2799999713897705,506.55,4.110000133514404,25.93000030517578,77.58000183105469,3.1500000953674316,30.01,1.8049999475479128,1.55,0.2,,90.3000030517578,35.06999969482422,4.690000057220459,1.919999957084656,9.584000244140624,0.0199999995529651,128.1300048828125,7.387499809265137,5.139999866485596,89.66999816894531,9.832500457763672,94.33000183105467,95.44000244140624,28.26,62.45000076293945,,5.730000019073486,8.887000122070312,74.44000244140625,3.319999933242798,0.1700000017881393,14.760000228881836,3.25,80.63999748229983,513.7100219726562,7.579999923706055,4.210000038146973,158.8000030517578,4.210000038146973,2.2300000190734863,1.9299999475479128,9.772000122070311,65.19999694824219,48.12,26.675,227.3000030517578,4.309999942779541,4.800000190734863,75.73,35.537498474121094,,36.93030029296875,53.73217529296875,33.755001068115234,4.340000152587891,116.5,3.240000009536743,2.1700000762939453,6.211999893188477,52.04999923706055,5.07,4955.990234375,9120.2998046875,6388.64013671875
2025-08-01,29.649999618530273,128.32000732421875,4.960000038146973,0.2649999856948852,2.490000009536743,1.909999966621399,20.81999969482422,1.2799999713897705,595.0,0.2899999916553497,111.04,0.89,4.119999885559082,472.8399963378906,51.189998626708984,,39.119998931884766,1.950000047683716,501.74,4.460000038146973,25.43000030517578,76.9800033569336,2.440000057220459,29.65,1.7400000095367432,1.43,0.21,,90.5500030517578,35.599998474121094,3.75,1.809999942779541,9.179000244140624,0.0189999993890523,131.61000061035156,7.192500114440918,4.820000171661377,90.27999877929688,9.90999984741211,94.22000122070312,95.44000244140624,28.27,61.2599983215332,,4.340000152587891,8.842999877929687,72.19000244140625,2.9800000190734863,0.1650000065565109,13.079999923706056,3.049999952316284,79.19999885559085,524.1099853515625,7.300000190734863,4.15500020980835,154.27000427246094,4.039999961853027,2.0799999237060547,1.4600000381469729,10.65,66.0999984741211,49.1,27.07,212.9499969482422,3.109999895095825,4.239999771118164,73.14,35.529998779296875,,34.78860107421875,54.514215087890626,33.125,3.7200000286102295,115.08000183105467,2.9600000381469727,2.2799999713897705,6.100500106811523,49.7400016784668,4.81,4919.14013671875,9068.599609375,6238.009765625
2025-08-08,31.899999618530273,131.86000061035156,4.789999961853027,0.2750000059604645,2.369999885559082,2.059999942779541,20.61000061035156,1.4600000381469729,616.9000244140625,0.2800000011920929,109.22,0.85,4.329999923706055,465.3999938964844,49.189998626708984,,39.66999816894531,1.7300000190734863,505.63,3.799999952316284,25.75,77.04499816894531,2.2100000381469727,29.98,1.7200000286102295,1.305,0.25,,90.7699966430664,34.43000030517578,3.299999952316284,0.9610000252723694,9.392999877929688,0.0179999992251396,129.47999572753906,7.224999904632568,4.889999866485596,90.77999877929688,9.859999656677246,94.66000366210938,95.58999633789062,28.8,64.6500015258789,,4.059000015258789,8.885999755859375,73.7699966430664,2.680000066757202,0.1500000059604644,13.770000457763672,2.940000057220459,82.08000183105472,522.0399780273438,7.420000076293945,4.195000171661377,186.9600067138672,3.785000085830689,2.1700000762939453,1.2699999809265137,10.715,64.80000305175781,48.97,26.53,232.3999938964844,3.900000095367432,3.950000047683716,74.76,36.165000915527344,,36.50330078125,54.15327575683594,33.5099983215332,3.7100000381469727,116.41999816894533,3.140000104904175,2.259999990463257,6.172500133514404,49.7400016784668,5.085,4939.169921875,9095.7001953125,6389.4501953125
2025-08-15,35.7599983215332,133.3800048828125,4.940000057220459,0.3149999976158142,2.5399999618530273,2.7149999141693115,18.8700008392334,1.4299999475479126,636.7000122070312,0.3300000131130218,115.92,0.875,4.550000190734863,477.2000122070313,49.04999923706055,,40.02000045776367,1.9800000190734863,507.75,3.660000085830689,25.920000076293945,76.715,3.0299999713897705,30.045,1.75,1.46,0.23,,90.95999908447266,33.869998931884766,3.190000057220459,1.0199999809265137,9.389000244140624,0.0199999995529651,128.3300018310547,7.196249961853027,5.019999980926514,90.87000274658205,9.80500030517578,94.87999725341795,95.79000091552734,28.69,66.20999908447266,,5.239999771118164,8.959000244140626,74.91000366210938,2.759999990463257,0.1650000065565109,16.170000076293945,2.869999885559082,84.95999908447268,520.1699829101562,6.21999979019165,4.135000228881836,177.1699981689453,3.569999933242798,2.049999952316284,1.100000023841858,10.74,62.29999923706055,47.84,26.39,234.25,5.059999942779541,3.849999904632568,75.52,36.36000061035156,,35.96800048828125,53.94874328613281,33.26499938964844,3.680000066757202,116.88999938964844,3.7300000190734863,2.5,6.21999979019165,51.834999084472656,4.97,4954.22021484375,9138.900390625,6449.7998046875
2025-08-22,39.02000045776367,134.22000122070312,4.820000171661377,0.2599999904632568,2.509999990463257,2.5799999237060547,19.790000915527344,1.5299999713897705,646.2000122070312,0.2899999916553497,119.68,0.875,4.610000133514404,489.0,50.16999816894531,,39.79499816894531,1.850000023841858,510.98,3.390000104904175,26.15999984741211,77.49,2.799999952316284,30.55,1.840000033378601,1.35,0.215,,91.04000091552734,33.95000076293945,3.109999895095825,1.0199999809265137,9.672999877929689,0.0219999998807907,129.27499389648438,7.286250114440918,5.320000171661377,91.1500015258789,9.807499885559082,94.77999877929688,96.4499969482422,28.45,66.33999633789062,,5.0,9.137000122070312,75.58999633789062,2.7699999809265137,0.1599999964237213,15.350000381469728,2.9800000190734863,84.95999908447268,507.2300109863281,6.429999828338623,5.059999942779541,158.74000549316406,3.549999952316284,2.259999990463257,1.1399999856948853,10.43,65.5999984741211,48.44,26.92,236.8999938964844,4.78000020980835,3.7200000286102295,76.78,36.407501220703125,,36.228798828125,56.09033020019531,33.77750015258789,3.650000095367432,118.05999755859376,3.430000066757202,2.950000047683716,6.391499996185303,52.959999084472656,4.847999877929687,5049.47021484375,9321.400390625,6466.91015625
2025-08-29,40.060001373291016,133.44000244140625,4.46999979019165,0.270000010728836,2.2899999618530273,2.484999895095825,22.790000915527344,1.4500000476837158,636.5999755859375,0.2750000059604645,117.9,0.885,4.929999828338623,502.9800109863281,50.349998474121094,,40.1349983215332,1.8700000047683716,510.22,2.9800000190734863,25.950000762939453,77.005,2.569999933242798,30.14,2.0,1.47,0.205,,91.19000244140624,33.630001068115234,2.940000057220459,0.9710000157356262,9.467000122070312,0.0230000000447034,129.83999633789062,7.34250020980835,5.449999809265137,91.06999969482422,9.787500381469728,94.41000366210938,96.72000122070312,28.36,64.88999938964844,,5.239999771118164,9.014000244140624,74.94999694824219,2.690000057220459,0.1599999964237213,15.130000114440918,2.9000000953674316,86.39999771118167,506.69000244140625,6.239999771118164,5.21999979019165,156.7100067138672,3.240000009536743,2.25,1.1200000047683716,10.7,80.4000015258789,49.54,27.24,236.6000061035156,4.329999923706055,4.150000095367432,75.29,35.99250030517578,,36.9852001953125,55.97001342773437,33.10499954223633,4.139999866485596,117.31999969482422,3.359999895095825,2.8299999237060547,6.372000217437744,52.224998474121094,5.165,4972.7900390625,9187.2998046875,6460.259765625
2025-09-05,38.599998474121094,134.07000732421875,4.300000190734863,0.2349999994039535,2.2850000858306885,3.059999942779541,17.450000762939453,1.6699999570846558,660.2000122070312,0.270000010728836,120.9,0.925,4.760000228881836,499.7699890136719,48.654998779296875,,40.0,1.8700000047683716,510.77,3.1700000762939453,26.3700008392334,77.885,2.759999990463257,30.41,1.9900000095367432,1.345,0.2,,91.70999908447266,34.2599983215332,2.930000066757202,0.9229999780654908,9.63,0.0189999993890523,131.28500366210938,7.362500190734863,5.340000152587891,92.05999755859376,9.854999542236328,94.62999725341795,97.19000244140624,28.35,65.73999786376953,,5.110000133514404,9.035999755859375,75.08999633789062,2.569999933242798,0.1550000011920929,14.229999542236328,2.9000000953674316,95.0400009155274,495.0,5.929999828338623,5.119999885559082,153.11000061035156,3.7200000286102295,2.450000047683716,1.0800000429153442,10.755,84.3499984741211,51.49,26.275,226.0,4.190000057220459,3.950000047683716,75.44,36.122501373291016,,38.8381005859375,57.37768615722656,33.03499984741211,4.0,117.61000061035156,4.239999771118164,2.609999895095825,6.39900016784668,52.939998626708984,5.245,4981.39990234375,9208.2001953125,6481.5
2025-09-12,43.380001068115234,136.35000610351562,5.440000057220459,0.2549999952316284,2.684999942779541,3.265000104904175,15.4399995803833,1.6399999856948853,689.7999877929688,0.2599999904632568,117.94,1.175,4.800000190734863,493.739990234375,50.34000015258789,,40.810001373291016,1.7999999523162842,519.255,3.240000009536743,26.940000534057617,79.95,2.690000057220459,31.4,2.319999933242798,1.43,0.195,,91.7750015258789,34.290000915527344,3.369999885559082,1.0199999809265137,10.07,0.0199999995529651,130.9199981689453,7.465000152587891,5.630000114440918,92.12999725341795,9.857500076293944,92.38999938964844,97.5199966430664,29.27,66.80000305175781,,5.195000171661377,9.03,75.8499984741211,3.369999885559082,0.1550000011920929,13.970000267028809,2.8399999141693115,96.47999954223636,509.8999938964844,5.239999771118164,5.130000114440918,171.42999267578125,4.070000171661377,2.190000057220459,1.1799999475479126,11.3,79.30000305175781,52.22,26.37,228.5500030517578,3.799999952316284,3.9200000762939458,75.85,37.51499938964844,,40.28070068359375,55.705325317382815,33.14500045776367,3.75,119.5999984741211,4.179999828338623,2.569999933242798,6.460000038146973,52.95000076293945,5.25,5018.2099609375,9283.2998046875,6584.2900390625
2025-09-19,43.02000045776367,137.75999450683594,5.860000133514404,0.2800000011920929,3.069999933242798,3.0999999046325684,19.489999771118164,2.0999999046325684,793.7000122070312,0.2949999868869781,113.04,1.27,4.900000095367432,492.8500061035156,49.619998931884766,,40.63999938964844,1.690000057220459,526.14,3.740000009536743,27.15999984741211,80.83,2.8299999237060547,32.0,2.119999885559082,1.3,0.21,,91.9800033569336,33.96500015258789,3.660000085830689,0.9890000224113464,10.27800048828125,0.0189999993890523,131.25999450683594,7.412499904632568,5.409999847412109,91.81999969482422,9.835000038146973,92.68000030517578,97.8000030517578,29.79,66.83000183105469,,6.670000076293945,8.96,76.38999938964844,4.289999961853027,0.1550000011920929,18.260000228881836,2.8399999141693115,90.71999931335452,517.9299926757812,4.940000057220459,5.260000228881836,182.38999938964844,4.889999866485596,2.0999999046325684,1.5,11.5,81.5,52.87,26.125,228.3999938964844,4.170000076293945,5.769999980926514,76.45,39.18000030517578,,40.25530029296875,54.79093872070312,32.814998626708984,4.71999979019165,121.16999816894533,4.269999980926514,3.200000047683716,6.531000137329102,52.52000045776367,5.315,4986.33984375,9216.7001953125,6664.35986328125
2025-09-26,39.97999954223633,137.33999633789062,5.28000020980835,0.2750000059604645,2.984999895095825,2.744999885559082,17.639999389648438,2.450000047683716,812.7999877929688,0.2750000059604645,110.0,1.1,5.420000076293945,500.0299987792969,52.369998931884766,5.260000228881836,41.709999084472656,2.130000114440918,527.96,3.759999990463257,27.309999465942383,81.665,3.240000009536743,31.83,1.940000057220459,1.26,0.215,,92.0199966430664,33.959999084472656,3.839999914169311,1.340000033378601,10.38800048828125,0.0179999992251396,131.5050048828125,7.567500114440918,5.400000095367432,92.25,9.824999809265137,92.5,97.5,30.15,66.51000213623047,,5.045000076293945,9.017000122070312,76.3499984741211,3.7699999809265137,0.1599999964237213,21.440000534057617,2.7950000762939453,95.0400009155274,511.4599914550781,4.510000228881836,4.960000038146973,177.57000732421875,5.119999885559082,2.109999895095825,1.4900000095367432,11.825,82.0,54.72,27.335,228.75,3.7300000190734863,6.550000190734863,76.64,40.14500045776367,,42.8891015625,53.08248229980469,32.97999954223633,5.78000020980835,121.37999725341795,4.519999980926514,3.319999933242798,6.5,51.5,5.81,5021.31982421875,9284.7998046875,6643.7001953125
2025-10-03,43.0,139.5,5.840000152587891,0.2450000047683715,3.0399999618530273,3.490000009536743,18.010000228881836,2.7899999618530273,880.0999755859375,0.2599999904632568,126.5,0.98,5.610000133514404,498.75,48.7400016784668,6.940000057220459,44.900001525878906,2.2699999809265137,534.73,5.010000228881836,27.559999465942383,82.8,3.9200000762939458,32.64,1.8799999952316284,1.34,0.21,10.100000381469728,92.1999969482422,34.310001373291016,4.909999847412109,1.5499999523162842,10.61800048828125,0.025000000372529,131.60000610351562,7.605000019073486,5.230000019073486,92.5999984741211,9.8725004196167,92.58999633789062,97.75,31.08,67.5199966430664,,5.420000076293945,9.224000244140624,78.33000183105469,4.639999866485596,0.1449999958276748,21.209999084472656,2.940000057220459,115.2000045776368,517.3499755859375,4.949999809265137,5.199999809265137,173.07000732421875,6.320000171661377,2.450000047683716,1.7200000286102295,11.685,86.1500015258789,56.02,27.025,241.1999969482422,4.320000171661377,7.130000114440918,78.73,42.52750015258789,,45.3697021484375,52.84185424804687,33.80500030517578,6.159999847412109,123.36000061035156,4.860000133514404,3.569999933242798,6.625,55.470001220703125,5.855,5133.41015625,9491.2998046875,6715.7900390625
2025-10-10,37.86000061035156,135.7100067138672,5.135000228881836,0.2399999946355819,3.5999999046325684,2.990000009536743,16.059999465942383,3.4200000762939453,813.9000244140625,0.3350000083446502,127.82,0.94,5.349999904632568,489.1300048828125,47.31999969482422,10.119999885559082,44.29999923706055,2.490000009536743,531.02,5.699999809265137,27.18000030517578,83.205,3.7200000286102295,31.85,1.8350000381469729,1.28,0.26,10.149999618530272,91.52999877929688,34.470001220703125,4.559999942779541,1.340000033378601,9.939000244140624,0.0230000000447034,133.3000030517578,7.53000020980835,4.800000190734863,92.08999633789062,9.897500038146973,91.5999984741211,97.05999755859376,30.84,65.06999969482422,,4.920000076293945,9.175999755859376,76.79000091552734,5.409999847412109,0.1850000023841858,22.079999923706055,2.984999895095825,115.2000045776368,510.9599914550781,6.380000114440918,5.010000228881836,175.44000244140625,5.679999828338623,2.4100000858306885,1.6699999570846558,11.385,81.05000305175781,58.35,26.96,242.3000030517578,5.860000133514404,7.269999980926514,77.79,42.32500076293945,,48.374599609375,53.96077331542969,33.220001220703125,6.78000020980835,121.9800033569336,5.0,4.559999942779541,6.508999824523926,54.790000915527344,5.65,5092.259765625,9427.5,6552.509765625
2025-10-17,33.84000015258789,138.6300048828125,5.070000171661377,0.2450000047683715,3.4100000858306885,3.140000104904175,16.700000762939453,3.109999895095825,875.7000122070312,0.375,125.58,0.975,5.179999828338623,492.4200134277344,46.07500076293945,11.710000038146973,43.59000015258789,2.630000114440918,527.73,4.880000114440918,28.219999313354492,84.52,3.7699999809265137,32.69,1.909999966621399,1.3,0.225,10.399999618530272,89.05500030517578,35.16999816894531,5.079999923706055,1.2899999618530271,9.642999877929688,0.0219999998807907,133.61500549316406,7.625,4.579999923706055,92.41000366210938,9.994999885559082,92.05999755859376,97.2699966430664,30.47,67.2699966430664,,5.739999771118164,9.107000122070312,76.5999984741211,6.670000076293945,0.1700000017881393,23.690000534057617,2.8350000381469727,115.2000045776368,513.5800170898438,5.800000190734863,5.28000020980835,178.14999389648438,5.449999809265137,2.7799999713897705,2.2799999713897705,11.03,83.4000015258789,61.68,26.91,237.8999938964844,6.340000152587891,7.860000133514404,78.2,43.275001525878906,,51.5556982421875,56.12642578125,33.20000076293945,6.590000152587891,122.04000091552734,4.949999809265137,4.110000133514404,6.513500213623047,54.61000061035156,5.29,5057.06982421875,9354.599609375,6664.009765625
2025-10-24,35.599998474121094,140.86000061035156,5.090000152587891,0.2150000035762787,2.990000009536743,3.1649999618530273,15.729999542236328,3.25,894.4000244140625,0.4099999964237213,125.32,0.96,7.599999904632568,492.1000061035156,49.93000030517578,9.109999656677246,45.13888168334961,2.490000009536743,539.75,4.510000228881836,28.5,86.375,3.7200000286102295,33.36,1.850000023841858,1.39,0.255,10.399999618530272,89.3843994140625,35.83000183105469,9.229999542236328,1.3799999952316284,10.04,0.0209999997168779,134.50999450683594,7.750100135803223,4.760000228881836,92.8855972290039,10.095000267028809,92.04869842529295,97.88089752197266,31.38,67.6707992553711,,5.670000076293945,9.347000122070312,78.1404037475586,7.010000228881836,0.1449999958276748,25.329999923706055,2.75,103.68000411987308,523.6099853515625,5.610000133514404,4.449999809265137,184.6300048828125,5.329999923706055,2.9100000858306885,2.2899999618530273,11.21,88.0,60.26,28.51,243.6000061035156,6.150000095367432,9.220000267028809,79.32,44.20000076293945,,45.7456005859375,56.41517944335938,34.08000183105469,6.369999885559082,124.58000183105467,4.650000095367432,5.119999885559082,6.6479997634887695,55.449501037597656,5.27,5179.2998046875,9645.599609375,6791.68994140625
2025-10-31,34.84000015258789,141.41000366210938,4.75,0.1949999928474426,3.0850000381469727,3.0199999809265137,16.309999465942383,3.180000066757202,918.0999755859376,0.4650000035762787,124.7,0.985,7.570000171661377,477.5400085449219,48.78499984741211,7.639999866485596,44.84000015258789,2.4200000762939453,557.43,4.900000095367432,28.3700008392334,87.15,3.0799999237060547,34.11,1.8450000286102295,1.36,0.26,10.479999542236328,89.80999755859375,36.04999923706055,9.09000015258789,1.2300000190734863,10.634000244140625,0.0209999997168779,135.47000122070312,7.727499961853027,4.590000152587891,93.5,10.13249969482422,92.63999938964844,97.69000244140624,33.39,68.2699966430664,,5.610000133514404,9.472999877929688,77.95500183105469,7.420000076293945,0.1599999964237213,26.829999923706055,2.9000000953674316,110.879997253418,517.8099975585938,5.190000057220459,4.28000020980835,200.47000122070312,4.940000057220459,2.75,2.1500000953674316,11.67,85.8499984741211,58.91,28.475,245.5500030517578,6.28000020980835,10.34000015258789,79.63,47.01499938964844,,46.6539013671875,55.212039184570315,33.810001373291016,6.730000019073486,127.72000122070312,4.670000076293945,5.440000057220459,6.686500072479248,54.38999938964844,5.895,5240.2099609375,9717.2998046875,6840.2001953125
2025-11-07,32.81999969482422,139.5399932861328,4.269999980926514,0.1749999970197677,2.859999895095825,2.765000104904175,14.710000038146973,2.5199999809265137,870.7999877929688,0.3799999952316284,129.0,0.96,7.260000228881836,499.05999755859375,48.209999084472656,6.639999866485596,43.83000183105469,2.0899999141693115,540.15,4.539999961853027,28.149999618530273,85.67,2.4700000286102295,33.25,1.850000023841858,1.3,0.22,10.420000076293944,89.54000091552734,35.720001220703125,8.630000114440918,1.100000023841858,10.70800048828125,0.0219999998807907,135.65499877929688,7.777500152587891,4.320000171661377,93.08000183105467,10.082500457763672,92.29000091552734,97.4800033569336,31.27,67.77999877929688,13.90999984741211,5.039999961853027,9.437999877929688,76.25,6.159999847412109,0.1449999958276748,18.75,3.2850000858306885,99.35999679565434,496.8200073242187,4.916999816894531,3.9600000381469727,177.92999267578125,3.809999942779541,2.2200000286102295,1.5750000476837158,11.385,74.9000015258789,59.2,28.49,237.3000030517578,6.860000133514404,8.680000305175781,78.83,44.1150016784668,,46.399599609375,55.56094848632812,33.220001220703125,5.949999809265137,124.5199966430664,4.230000019073486,3.9700000286102295,6.526000022888184,54.970001220703125,5.11,5211.8798828125,9682.599609375,6728.7998046875
2025-11-14,32.5,140.0800018310547,3.3399999141693115,0.1700000017881393,3.4049999713897705,3.0799999237060547,13.649999618530272,2.390000104904175,874.0999755859375,0.3449999988079071,135.32,0.89,7.800000190734863,508.94000244140625,48.66999816894531,5.460000038146973,44.82500076293945,1.9900000095367432,549.24,3.880000114440918,28.40999984741211,87.73,2.5999999046325684,34.08,1.8700000047683716,1.275,0.195,10.300000190734863,89.41999816894531,35.08000183105469,7.53000020980835,1.2599999904632568,11.044000244140625,0.025000000372529,132.5399932861328,7.917500019073486,5.849999904632568,92.88999938964844,9.795000076293944,92.4000015258789,94.80999755859376,32.14,69.01000213623047,12.06999969482422,4.070000171661377,9.474000244140624,77.70999908447266,4.489999771118164,0.1500000059604644,17.860000610351562,3.4000000953674316,105.12000274658207,510.1799926757813,5.0,4.045000076293945,174.00999450683594,3.369999885559082,2.1700000762939453,1.3700000047683716,11.06,87.05000305175781,60.48,28.58,230.3500061035156,6.050000190734863,8.539999961853027,80.585,45.255001068115234,,49.5564013671875,53.78030090332031,33.334999084472656,6.550000190734863,126.87999725341795,3.930000066757202,3.5999999046325684,6.607999801635742,57.45000076293945,5.23,5220.97021484375,9698.400390625,6734.10986328125
2025-11-21,30.600000381469727,136.83999633789062,3.055000066757202,0.1800000071525573,4.105000019073486,2.755000114440918,12.630000114440918,2.3299999237060547,834.0,0.3499999940395355,138.2,0.985,8.649999618530273,504.0400085449219,46.86000061035156,5.985000133514404,44.15999984741211,1.75,537.37,3.5799999237060547,28.469999313354492,87.47,2.4200000762939453,32.75,1.7649999856948853,1.26,0.195,10.279999732971191,89.3499984741211,35.25,6.110000133514404,1.399999976158142,10.414000244140626,0.0230000000447034,134.01499938964844,7.775000095367432,6.380000114440918,92.88999938964844,9.827500343322754,92.1999969482422,94.66000366210938,30.54,66.44999694824219,9.619999885559082,3.5999999046325684,9.317999877929688,76.23999786376953,3.7699999809265137,0.1550000011920929,14.020000457763672,3.0899999141693115,99.35999679565434,472.1199951171875,4.619999885559082,3.974999904632568,154.85000610351562,3.630000114440918,2.059999942779541,1.2699999809265137,10.38,70.44999694824219,60.37,27.85,219.1499938964844,5.019999980926514,7.599999904632568,78.41,41.900001525878906,,46.5960986328125,55.16391357421875,32.67499923706055,5.570000171661377,123.54000091552734,4.179999828338623,3.4700000286102295,6.484000205993652,57.65999984741211,5.005,5132.919921875,9539.7001953125,6602.990234375
2025-11-28,32.7599983215332,141.47000122070312,3.680000066757202,0.1700000017881393,4.434999942779541,3.2950000762939453,14.020000457763672,2.4800000190734863,903.4000244140624,0.3799999952316284,139.74,1.025,9.489999771118164,513.8099975585938,48.0099983215332,7.03000020980835,46.09000015258789,1.940000057220459,552.83,3.609999895095825,28.90999984741211,88.315,2.4100000858306885,33.33,1.919999957084656,1.31,0.2079999923706054,10.399999618530272,89.8499984741211,36.130001068115234,6.360000133514404,1.5700000524520874,10.70199951171875,0.0219999998807907,132.9199981689453,8.0,6.329999923706055,93.44000244140624,9.917499542236328,92.97000122070312,95.54000091552734,31.53,68.41000366210938,9.4399995803833,3.75,9.505999755859376,78.7300033569336,4.46999979019165,0.1449999958276748,16.260000228881836,3.200000047683716,102.2400054931641,492.010009765625,4.800000190734863,4.420000076293945,168.4499969482422,3.819999933242798,2.3399999141693115,1.409999966621399,10.68,72.5,61.73,27.835,228.3000030517578,5.199999809265137,8.609999656677246,80.09,45.32500076293945,,51.3627978515625,54.67062744140625,33.90999984741211,5.028654098510742,126.73999786376952,4.090000152587891,3.9200000762939458,6.76200008392334,58.97999954223633,5.23,5241.31005859375,9720.5,6849.08984375
2025-12-05,32.86000061035156,142.10000610351562,3.7100000381469727,0.1650000065565109,4.119999885559082,3.0899999141693115,16.139999389648438,2.549999952316284,951.5999755859376,0.3849999904632568,135.92,0.925,11.609999656677246,504.3399963378906,48.4900016784668,6.539999961853027,47.369998931884766,1.899999976158142,551.93,3.0399999618530273,28.68000030517578,87.055,2.4200000762939453,33.34,1.850000023841858,1.38,0.2025,10.260000228881836,90.20500183105467,36.099998474121094,6.75,2.0399999618530273,10.62,0.0209999997168779,131.17999267578125,8.137499809265137,6.380000114440918,93.48999786376952,9.917499542236328,92.88999938964844,95.51000213623048,31.77,68.66000366210938,9.3100004196167,3.900000095367432,9.470999755859376,79.41000366210938,4.860000133514404,0.1500000059604644,17.139999389648438,3.390000104904175,96.47999954223636,483.1600036621094,4.889999866485596,4.059999942779541,181.7599945068359,3.740000009536743,2.0899999141693115,1.440000057220459,10.845,69.55000305175781,61.39,27.6,233.4499969482422,5.170000076293945,9.279999732971191,80.16,46.8650016784668,,55.3575,53.61186401367188,33.79999923706055,4.409999847412109,126.72000122070312,4.28000020980835,4.0,6.764500141143799,57.970001220703125,5.52,5213.580078125,9667.0,6870.39990234375
2025-12-12,36.779998779296875,141.77000427246094,3.059999942779541,0.1650000065565109,4.110000133514404,3.1649999618530273,18.149999618530273,2.190000057220459,925.2999877929688,0.3650000095367431,134.44,0.91,12.880000114440918,499.5199890136719,46.5,5.900000095367432,46.41999816894531,1.7899999618530271,546.71,3.119999885559082,28.969999313354492,87.075,2.5299999713897705,32.92,1.7649999856948853,1.43,0.2,10.281999588012695,90.01000213623047,35.72999954223633,5.739999771118164,2.240000009536743,11.11800048828125,0.0189999993890523,130.55999755859375,7.90749979019165,6.650000095367432,92.77999877929688,9.880000114440918,92.68000030517578,95.52999877929688,31.12,68.97000122070312,8.819999694824219,4.199999809265137,9.4,79.25,4.239999771118164,0.1449999958276748,15.449999809265137,3.380000114440918,96.47999954223636,478.5299987792969,4.730000019073486,4.039999961853027,183.57000732421875,4.099999904632568,2.3299999237060547,1.2899999618530271,10.965,74.30000305175781,62.21,26.865,237.0500030517578,4.909999847412109,8.399999618530273,80.58,45.709999084472656,,61.4572021484375,48.355,33.560001373291016,3.930000066757202,125.86000061035156,4.389999866485596,4.059999942779541,6.811999797821045,57.95000076293945,5.45,5200.02001953125,9649.0,6827.41015625
2025-12-19,37.29999923706055,140.91000366210938,3.0,0.1650000065565109,3.7300000190734863,3.875,14.5,2.359999895095825,901.5999755859376,0.3549999892711639,136.72,0.89,13.390000343322754,494.5299987792969,45.959999084472656,6.380000114440918,48.060001373291016,1.6799999475479126,547.2,3.3399999141693115,29.299999237060547,88.52,2.3399999141693115,33.13,1.7799999713897705,1.47,0.185,10.319000244140623,90.16999816894533,35.8650016784668,5.940000057220459,2.200000047683716,11.67,0.0179999992251396,130.8699951171875,7.887499809265137,6.889999866485596,93.33000183105467,9.897500038146973,93.02999877929688,95.69000244140624,31.06,69.05000305175781,7.739999771118164,3.0999999046325684,9.630999755859376,79.51000213623047,4.199999809265137,0.1500000059604644,14.0,3.5799999237060547,97.91999816894536,485.9200134277344,4.849999904632568,4.090000152587891,193.3800048828125,3.640000104904175,2.2100000381469727,1.2699999809265137,11.7,71.6500015258789,63.12,27.03,236.0,4.690000057220459,8.0600004196167,81.705,45.55500030517578,,62.6693994140625,48.9,33.94499969482422,3.9700000286102295,126.26000213623048,4.0,4.789999961853027,6.796000003814697,58.36000061035156,5.725,5329.47998046875,9897.400390625,6834.5
2025-12-26,37.81999969482422,142.7100067138672,2.9700000286102295,0.1700000017881393,4.135000228881836,4.440000057220459,16.09000015258789,2.2200000286102295,899.0,0.3400000035762787,136.74,0.9,14.079999923706056,501.3399963378906,47.5099983215332,5.980000019073486,49.2400016784668,1.7200000286102295,547.8,3.359999895095825,29.440000534057617,87.855,2.2100000381469727,33.19,1.7599999904632568,1.575,0.185,10.229999542236328,90.23999786376952,35.91999816894531,6.059999942779541,2.25,11.754000244140624,0.0179999992251396,129.1199951171875,8.137499809265137,6.619999885559082,93.33999633789062,9.899999618530272,93.33000183105467,95.91999816894533,31.25,69.37000274658203,7.039999961853027,3.1700000762939453,9.607000122070312,80.33000183105469,4.159999847412109,0.1500000059604644,14.43000030517578,3.424999952316284,96.47999954223636,488.0199890136719,4.650000095367432,4.204999923706055,194.1699981689453,3.569999933242798,2.1700000762939453,1.309999942779541,11.495,76.1500015258789,64.53,26.98,237.8000030517578,4.510000228881836,8.619999885559082,81.51,45.88999938964844,,68.7597021484375,48.38,34.005001068115234,4.449999809265137,126.3000030517578,4.070000171661377,4.900000095367432,6.781000137329102,58.775001525878906,5.845,5316.9599609375,9870.7001953125,6932.0498046875
2026-01-02,37.29999923706055,142.49000549316406,3.109999895095825,0.1850000023841858,4.215000152587891,4.394999980926514,17.799999237060547,2.259999990463257,986.2999877929688,0.3499999940395355,135.92,0.875,12.829999923706056,496.8500061035156,46.11000061035156,5.179999828338623,49.79999923706055,1.590000033378601,544.1,3.7100000381469727,28.149999618530273,88.065,2.049999952316284,34.08,1.7699999809265137,1.81,0.185,10.100000381469728,90.23999786376952,35.8650016784668,6.730000019073486,2.25,11.91800048828125,0.0219999998807907,129.5850067138672,7.954999923706055,6.610000133514404,93.3499984741211,9.907500267028809,93.13999938964844,95.9800033569336,31.08,69.41999816894531,6.53000020980835,3.299999952316284,9.687999877929688,79.95999908447266,4.239999771118164,0.1500000059604644,14.109999656677246,3.384999990463257,100.79999542236332,472.94000244140625,4.5,4.394999980926514,167.86000061035156,3.5299999713897705,1.9900000095367432,1.159999966621399,11.97,79.30000305175781,62.1,27.595,241.1000061035156,4.650000095367432,8.90999984741211,82.32,47.540000915527344,,70.69490234375,48.225,34.154998779296875,4.400000095367432,126.33999633789062,4.03000020980835,4.829999923706055,6.743000030517578,58.56999969482422,5.945,5358.1201171875,9951.099609375,6858.47021484375
2026-01-09,38.779998779296875,144.75,3.0999999046325684,0.1949999928474426,3.859999895095825,4.184999942779541,22.229999542236328,2.609999895095825,1081.5999755859375,0.4350000023841858,142.16,0.865,14.029999732971191,499.1000061035156,48.79499816894531,5.090000152587891,51.65999984741211,1.659999966621399,555.73,3.799999952316284,28.5,90.575,2.069999933242798,34.88,1.850000023841858,1.685,0.22,10.218999862670898,,36.720001220703125,7.849999904632568,2.0,11.94199951171875,0.0230000000447034,130.5,8.194999694824219,6.5,93.30999755859376,10.022500038146973,93.61000061035156,96.33999633789062,31.12,72.19999694824219,9.369999885559082,3.5,9.847000122070312,81.69000244140625,4.159999847412109,0.1624999940395355,16.510000228881836,3.2950000762939453,120.95999908447271,479.2799987792969,5.099999904632568,4.619999885559082,177.49000549316406,3.940000057220459,1.7699999809265137,1.2200000286102295,12.935,85.80000305175781,65.2,26.4,254.1999969482422,5.329999923706055,6.639999866485596,83.89,50.119998931884766,,74.4306982421875,47.44,35.064998626708984,4.599999904632568,129.16000366210938,4.019999980926514,4.909999847412109,7.063000202178955,59.81999969482422,6.145,5457.7900390625,10124.599609375,6966.27978515625
2026-01-16,39.86000061035156,145.0,4.320000171661377,0.1800000071525573,3.490000009536743,4.324999809265137,21.579999923706055,3.819999933242798,1167.199951171875,0.4250000119209289,140.52,0.82,20.15999984741211,493.2900085449219,49.38999938964844,5.659999847412109,50.81999969482422,1.4600000381469729,556.77,3.319999933242798,28.709999084472656,90.625,2.0299999713897705,35.32,1.7999999523162842,1.92,0.23,10.119999885559082,,36.56999969482422,8.050000190734863,1.909999966621399,12.32,0.0199999995529651,130.42999267578125,8.270000457763672,5.920000076293945,92.91999816894533,10.015000343322754,93.33999633789062,96.51000213623048,31.14,73.05999755859375,11.6899995803833,3.7799999713897705,9.97,81.97000122070312,4.559999942779541,0.1599999964237213,17.59000015258789,3.190000057220459,132.47999954223638,459.8599853515625,5.010000228881836,4.53000020980835,170.9600067138672,3.9800000190734863,1.649999976158142,1.2699999809265137,12.855,85.0999984741211,66.59,27.525,260.25,5.599999904632568,6.5,84.46,52.459999084472656,,86.486298828125,47.615,35.525001525878906,4.420000076293945,129.82000732421875,3.759999990463257,4.909999847412109,7.178999900817871,59.459999084472656,6.565,5517.9599609375,10235.2998046875,6940.009765625
2026-01-23,36.79999923706055,145.16000366210938,3.549999952316284,0.1949999928474426,3.734999895095825,4.755000114440918,16.739999771118164,4.039999961853027,1178.199951171875,0.4099999964237213,135.8,0.81,18.809999465942383,478.9700012207031,50.310001373291016,4.650000095367432,51.97999954223633,1.5299999713897705,546.02,3.4600000381469727,29.36000061035156,93.045,2.1600000858306885,35.44,1.7799999713897705,1.96,0.205,11.4399995803833,,36.060001373291016,8.34000015258789,2.0899999141693115,12.31,0.0199999995529651,128.27999877929688,8.704999923706055,6.010000228881836,93.12000274658205,9.9399995803833,93.58999633789062,96.54000091552734,30.43,72.13999938964844,12.399999618530272,3.9700000286102295,9.880999755859376,81.91999816894531,4.920000076293945,0.1550000011920929,17.6200008392334,3.1600000858306885,165.60000228881842,465.9500122070313,4.690000057220459,4.534999847412109,169.60000610351562,4.429999828338623,1.75,1.25,12.53,85.0,71.21,26.875,254.3999938964844,5.420000076293945,7.150000095367432,83.56,52.15999984741211,,94.29349609375,48.64,35.53499984741211,4.460000038146973,127.94000244140624,4.0,6.0,7.126999855041504,59.86000061035156,6.795,5475.0,10143.400390625,6915.60986328125
2026-01-30,34.099998474121094,145.5,3.109999895095825,0.1899999976158142,3.25,4.139999866485596,15.789999961853027,3.640000104904175,1215.5999755859375,0.3849999904632568,136.0,0.875,18.989999771118164,480.5299987792969,54.11000061035156,3.3450000286102295,52.02000045776367,1.409999966621399,541.99,3.069999933242798,29.190000534057617,91.13,1.9900000095367432,35.52,1.7699999809265137,1.89,0.19,10.779999732971191,89.7300033569336,35.90999984741211,7.21999979019165,0.4600000083446502,12.854000244140623,0.0179999992251396,127.16999816894533,8.949999809265137,5.679999828338623,93.13999938964844,9.9375,93.62999725341795,96.36000061035156,30.16,73.29000091552734,9.109999656677246,5.034999847412109,9.965999755859375,82.44999694824219,4.110000133514404,0.1500000059604644,15.390000343322754,3.2799999713897705,185.6400032043458,430.2900085449219,4.75,4.320000171661377,146.58999633789062,3.809999942779541,1.6200000047683716,1.1299999952316284,12.11,81.75,70.55,27.94,256.29998779296875,4.480000019073486,6.980000019073486,83.93,52.91999816894531,,98.280498046875,49.405,35.47999954223633,4.019999980926514,127.33999633789062,3.900000095367432,5.300000190734863,6.964000225067139,58.9900016784668,6.83,5511.52001953125,10223.5,6939.02978515625
2026-02-06,33.400001525878906,146.27999877929688,2.7300000190734863,0.1550000011920929,3.1050000190734863,4.28000020980835,15.0600004196167,3.380000114440918,1193.800048828125,0.3449999988079071,141.04,0.79,20.729999542236328,508.0899963378906,52.9900016784668,2.825000047683716,51.18000030517578,1.5700000524520874,543.31,2.7300000190734863,30.15999984741211,92.68,1.8200000524520872,36.0,1.7599999904632568,1.995,0.185,10.630000114440918,89.72000122070312,34.79999923706055,6.590000152587891,0.4149999916553497,13.05800048828125,0.0170000009238719,128.63999938964844,8.65250015258789,4.940000057220459,93.52999877929688,9.922499656677246,93.6999969482422,96.55999755859376,29.61,76.0199966430664,8.3100004196167,4.010000228881836,10.102000122070312,82.62999725341797,4.0,0.1400000005960464,14.9399995803833,3.5999999046325684,16.049999237060547,401.1400146484375,4.650000095367432,4.114999771118164,135.89999389648438,3.569999933242798,1.5,1.065000057220459,12.29,77.05000305175781,70.36,27.745,250.5,3.950000047683716,6.079999923706055,84.86,51.59000015258789,,71.37169921875,52.5,35.400001525878906,3.5399999618530273,128.27999877929688,3.680000066757202,4.340000152587891,7.163000106811523,59.75,6.28,5579.7099609375,10369.7998046875,6932.2998046875
2026-02-13,34.900001525878906,145.94000244140625,2.430000066757202,0.1550000011920929,3.305000066757202,5.460000038146973,14.43000030517578,3.0799999237060547,1190.4000244140625,0.375,151.18,0.775,19.56999969482422,497.5499877929687,52.369998931884766,2.7799999713897705,50.7400016784668,1.5800000429153442,539.35,2.859999895095825,30.3799991607666,94.055,1.7599999904632568,36.58,1.7999999523162842,1.97,0.185,10.75,90.20999908447266,35.40999984741211,6.139999866485596,0.4180000126361847,12.385999755859377,0.0149999996647238,129.9600067138672,8.557499885559082,4.900000095367432,94.4800033569336,10.017499923706056,93.51000213623048,96.9499969482422,29.21,80.01000213623047,7.039999961853027,3.309999942779541,10.182000122070312,82.80000305175781,3.849999904632568,0.1449999958276748,13.039999961853027,3.4100000858306885,15.739999771118164,401.3200073242187,4.429999828338623,4.139999866485596,131.41000366210938,3.299999952316284,1.4600000381469729,0.99099999666214,12.71,72.3499984741211,71.47,28.725,251.0500030517578,3.640000104904175,6.650000095367432,85.33,52.630001068115234,,73.6639013671875,54.32,35.71500015258789,3.509999990463257,128.60000610351562,3.390000104904175,4.909999847412109,7.229000091552734,60.63999938964844,6.255,5622.259765625,10446.400390625,6836.169921875
2026-02-20,37.58000183105469,147.6300048828125,2.4700000286102295,0.1599999964237213,3.440000057220459,4.800000190734863,15.380000114440918,3.119999885559082,1255.5999755859375,0.3650000095367431,152.7,0.775,20.510000228881836,498.2000122070313,55.459999084472656,2.549999952316284,50.959999084472656,1.7999999523162842,547.62,3.509999990463257,30.969999313354492,96.235,1.7899999618530271,37.7,1.75,2.01,0.1825,10.539999961853027,90.3000030517578,35.900001525878906,6.590000152587891,0.4679999947547912,12.9,0.0170000009238719,131.1699981689453,8.733750343322754,4.880000114440918,94.0999984741211,10.067500114440918,93.75,95.5,29.88,78.19000244140625,6.329999923706055,3.569999933242798,10.45,83.25,3.950000047683716,0.135000005364418,12.880000114440918,3.700000047683716,15.59000015258789,397.2300109863281,4.550000190734863,4.139999866485596,135.24000549316406,3.2699999809265137,1.440000057220459,0.9409999847412108,13.36,60.599998474121094,72.91,29.405,245.1499938964844,3.4700000286102295,7.010000228881836,87.46,54.0099983215332,,76.665498046875,53.8,36.2400016784668,3.7100000381469727,130.77999877929688,3.490000009536743,4.900000095367432,7.335999965667725,60.060001373291016,6.52,5745.2099609375,10686.900390625,6909.509765625
2026-02-27,36.099998474121094,147.3800048828125,2.7300000190734863,0.1500000059604644,3.444999933242798,4.855000019073486,15.470000267028809,3.369999885559082,1233.4000244140625,0.3549999892711639,155.42,0.8,22.270000457763672,504.9500122070313,56.560001373291016,3.3299999237060547,52.61000061035156,1.899999976158142,548.22,3.609999895095825,31.469999313354492,99.635,2.200000047683716,38.08,1.7649999856948853,2.02,0.18,10.4399995803833,90.0,36.560001373291016,8.15999984741211,0.4690000116825104,13.935999755859376,0.0160000007599592,132.67999267578125,8.87874984741211,4.860000133514404,94.23999786376952,10.15999984741211,93.61000061035156,95.47000122070312,29.53,79.68000030517578,6.900000095367432,3.5850000381469727,10.675999755859374,83.61000061035156,3.930000066757202,0.1299999952316284,12.93000030517578,3.869999885559082,17.010000228881836,392.739990234375,4.079999923706055,4.199999809265137,137.19000244140625,4.619999885559082,1.590000033378601,0.9559999704360962,13.335,60.099998474121094,75.41,30.735,247.3999938964844,3.5399999618530273,6.900000095367432,88.43,53.380001068115234,,85.680400390625,54.67,36.2400016784668,3.740000009536743,131.60000610351562,4.099999904632568,4.980000019073486,7.375,60.5099983215332,6.36,5851.47998046875,10910.599609375,6878.8798828125
2026-03-06,34.13999938964844,141.67999267578125,2.6500000953674316,0.1550000011920929,3.1600000858306885,5.139999866485596,15.020000457763672,2.9100000858306885,1147.0,0.3300000131130218,145.0,0.725,20.290000915527344,498.9800109863281,71.33000183105469,3.1500000953674316,50.52000045776367,1.8200000524520872,549.51,3.5799999237060547,30.809999465942383,95.37,2.0,35.44,1.659999966621399,1.915,0.19,10.18000030517578,89.0999984741211,34.959999084472656,7.940000057220459,0.4799999892711639,12.45,0.0149999996647238,132.55999755859375,9.539999961853027,4.849999904632568,92.80999755859376,9.925000190734863,92.5199966430664,94.5999984741211,30.09,72.72000122070312,6.489999771118164,3.3499999046325684,10.065999755859377,80.62000274658203,3.990000009536743,0.1150000020861625,11.449999809265137,3.900000095367432,16.200000762939453,408.9599914550781,3.740000009536743,3.9549999237060542,157.16000366210938,4.010000228881836,1.7799999713897705,0.8619999885559082,12.65,55.70000076293945,74.48,31.33,224.8000030517578,3.119999885559082,5.96999979019165,83.54,52.2599983215332,,78.40740234375,49.35,34.29999923706055,3.609999895095825,128.94000244140625,3.900000095367432,4.840000152587891,7.197000026702881,57.415000915527344,6.09,5586.5498046875,10284.7998046875,6740.02001953125
2026-03-13,33.7400016784668,139.5399932861328,2.630000114440918,0.1500000059604644,3.1500000953674316,4.679999828338623,14.8100004196167,3.1500000953674316,1179.5999755859375,0.3499999940395355,143.8,0.715,18.719999313354492,490.0299987792969,79.22000122070312,3.009999990463257,50.130001068115234,1.8799999952316284,539.79,3.8299999237060542,30.65999984741211,98.83,2.440000057220459,35.21,1.5800000429153442,1.92,0.165,10.170000076293944,88.53500366210938,34.06999969482422,8.510000228881836,0.4659999907016754,11.804000244140624,0.0160000007599592,132.10000610351562,9.837499618530272,4.699999809265137,91.5199966430664,9.802499771118164,91.80999755859376,93.80999755859376,29.61,71.73999786376953,6.46999979019165,3.1600000858306885,10.057999877929689,79.23999786376953,3.859999895095825,0.1199999973177909,11.380000114440918,3.3450000286102295,10.979999542236328,395.5499877929687,3.140000104904175,3.625,150.9499969482422,3.650000095367432,1.8200000524520872,0.949999988079071,12.155,55.54999923706055,74.0,33.675,220.3500061035156,3.1500000953674316,5.820000171661377,81.96,51.529998779296875,,79.694501953125,48.345,33.654998779296875,3.2799999713897705,126.81999969482422,4.460000038146973,4.650000095367432,6.940000057220459,56.61000061035156,6.1,5495.740234375,10261.2001953125,6632.18994140625
2026-03-20,33.68000030517578,136.5399932861328,2.2799999713897705,0.1650000065565109,2.930000066757202,4.550000190734863,13.270000457763672,2.8499999046325684,1128.199951171875,0.324999988079071,138.96,0.69,19.299999237060547,480.94000244140625,84.83999633789062,2.369999885559082,46.84000015258789,1.8700000047683716,528.33,3.4200000762939453,29.809999465942383,95.855,2.3399999141693115,34.48,1.5399999618530271,1.61,0.165,10.170000076293944,88.26000213623047,33.619998931884766,5.829999923706055,0.4410000145435333,11.44199951171875,0.0149999996647238,130.44500732421875,9.800000190734863,5.539999961853027,90.25,9.699999809265137,89.06999969482422,93.51000213623048,29.02,70.4800033569336,6.119999885559082,3.1500000953674316,9.687999877929688,77.77999877929688,2.9600000381469727,0.1199999973177909,10.34000015258789,3.609999895095825,10.119999885559082,381.8699951171875,3.0799999237060547,3.4600000381469727,150.67999267578125,3.5199999809265137,1.5399999618530271,0.8450000286102295,11.61,52.150001525878906,66.82,34.34,203.75,3.0399999618530273,5.230000019073486,79.09,51.279998779296875,,68.9081982421875,45.955,32.375,2.990000009536743,123.81999969482422,3.849999904632568,5.130000114440918,6.801000118255615,55.029998779296875,5.705,5312.33984375,9918.2998046875,6506.47998046875
2026-03-27,34.040000915527344,134.5500030517578,2.119999885559082,0.1949999928474426,2.809999942779541,4.300000190734863,12.199999809265137,3.4100000858306885,1146.4000244140625,0.3199999928474426,143.02,0.63,16.149999618530273,468.489990234375,83.62000274658203,2.1500000953674316,47.81999969482422,1.7799999713897705,518.44,3.2699999809265137,30.229999542236328,96.91,2.2300000190734863,34.09,1.5499999523162842,1.87,0.13,10.15999984741211,87.63999938964844,33.59000015258789,5.269999980926514,0.4490000009536743,12.0,0.0149999996647238,130.36500549316406,9.829999923706056,5.119999885559082,89.80000305175781,9.712499618530272,88.87000274658203,92.87999725341795,28.01,70.30000305175781,6.010000228881836,2.880000114440918,9.754000244140624,76.75,2.450000047683716,0.1199999973177909,10.699999809265137,3.244999885559082,8.609999656677246,356.7699890136719,2.819999933242798,3.390000104904175,143.05999755859375,3.380000114440918,1.3700000047683716,0.7639999985694885,11.085,52.04999923706055,65.97,34.82,204.8999938964844,2.9200000762939453,5.300000190734863,79.45,49.77000045776367,,64.549501953125,44.795,31.905000686645508,3.2699999809265137,122.26000213623048,3.9600000381469727,3.819999933242798,6.820000171661377,54.93000030517578,5.805,5325.2099609375,9967.400390625,6368.85009765625
2026-04-03,33.220001220703125,139.44000244140625,2.25,0.2150000035762787,3.1050000190734863,4.550000190734863,13.4399995803833,3.2899999618530273,1161.0,0.2899999916553497,153.16,0.6,17.5,477.3500061035156,83.0,2.549999952316284,48.709999084472656,1.940000057220459,533.38,3.1500000953674316,30.309999465942383,96.16,2.6700000762939453,34.98,1.600000023841858,2.05,0.125,10.15999984741211,88.69000244140625,34.27000045776367,5.440000057220459,0.4560000002384186,12.72800048828125,0.016499999910593,132.14500427246094,10.029999732971191,7.809999942779541,91.12999725341795,9.81999969482422,90.0199966430664,94.5199966430664,29.05,73.20999908447266,6.239999771118164,3.059999942779541,10.215999755859375,78.80000305175781,2.5,0.1199999973177909,11.09000015258789,3.2249999046325684,8.25,373.4599914550781,3.559999942779541,3.234999895095825,148.4600067138672,3.319999933242798,1.7100000381469729,0.7480000257492065,11.885,53.650001525878906,68.47,35.435,213.3500061035156,2.940000057220459,5.170000076293945,83.01,51.689998626708984,,51.83,41.725,33.0099983215332,3.2799999713897705,126.16000366210938,3.9600000381469727,3.549999952316284,7.051000118255615,56.439998626708984,5.985,5566.1298828125,10436.2998046875,6582.68994140625
2026-04-10,36.2599983215332,145.0399932861328,2.069999933242798,0.2049999982118606,3.187999963760376,4.465000152587891,10.760000228881836,3.569999933242798,1270.0,0.3050000071525574,152.3,0.65,16.190000534057617,479.8999938964844,78.11000061035156,2.380000114440918,51.2400016784668,1.9299999475479128,545.05,3.180000066757202,30.329999923706055,96.245,2.940000057220459,36.86,1.5549999475479126,2.0,0.135,10.170000076293944,89.95999908447266,34.13999938964844,5.599999904632568,0.4600000083446502,13.40199951171875,0.0160000007599592,130.0800018310547,9.74250030517578,7.599999904632568,92.5500030517578,9.827500343322754,90.58999633789062,95.33000183105467,30.21,75.70999908447266,6.340000152587891,2.7799999713897705,10.39,81.90499877929688,2.0999999046325684,0.125,10.850000381469728,3.380000114440918,9.050000190734863,370.8699951171875,2.859999895095825,3.0999999046325684,128.05999755859375,3.430000066757202,1.850000023841858,0.7409999966621399,12.67199951171875,53.20000076293945,68.8,34.205,229.4499969482422,2.950000047683716,5.710000038146973,85.44,57.869998931884766,,53.98,43.13,34.099998474121094,3.7200000286102295,129.39999389648438,3.740000009536743,3.7799999713897705,7.214000225067139,56.77000045776367,5.965,5664.4501953125,10600.5,6816.89013671875
2026-04-17,37.099998474121094,150.89999389648438,2.4700000286102295,0.2049999982118606,3.7820000648498535,4.949999809265137,16.1200008392334,3.7300000190734863,1244.0,0.3300000131130218,151.18,0.7,18.489999771118164,474.5799865722656,73.11000061035156,3.5199999809265137,53.22999954223633,2.200000047683716,565.4,3.130000114440918,29.969999313354492,93.325,3.490000009536743,38.64,1.6950000524520874,2.33,0.1675,10.460000038146973,88.81999969482422,34.25,6.480000019073486,0.5690000057220459,13.65199951171875,0.0160000007599592,129.89500427246094,9.619999885559082,8.489999771118164,93.36000061035156,9.880000114440918,91.33999633789062,95.91000366210938,32.45,77.7300033569336,7.605000019073486,3.4800000190734863,10.45800048828125,84.47000122070312,2.700000047683716,0.125,12.720000267028809,3.2699999809265137,11.90999984741211,422.7900085449219,3.259999990463257,2.819999933242798,146.38999938964844,3.809999942779541,1.9900000095367432,1.0700000524520874,13.105999755859376,61.849998474121094,69.72,31.96,247.6499938964844,3.369999885559082,5.960000038146973,86.99,60.4900016784668,,57.84,42.99,35.435001373291016,3.5199999809265137,133.74000549316406,4.130000114440918,4.059999942779541,7.448999881744385,57.38999938964844,6.175,5720.009765625,10667.599609375,7126.06005859375
2026-04-24,34.220001220703125,150.49000549316406,2.5199999809265137,0.2049999982118606,3.305999994277954,4.864999771118164,19.204999923706055,4.429999828338623,1249.5999755859375,0.3000000119209289,139.56,0.775,17.049999237060547,469.3200073242187,84.94999694824219,3.0899999141693115,52.54999923706055,2.130000114440918,568.52,2.940000057220459,30.510000228881836,95.8,2.9100000858306885,38.5,1.7999999523162842,2.96,0.17,10.369999885559082,88.87999725341797,33.63999938964844,7.829999923706055,0.6200000047683716,13.21,0.0147690000012516,129.85000610351562,10.0,8.050000190734863,92.58000183105467,9.762499809265137,90.87999725341795,95.55999755859376,33.37,74.45999908447266,7.795000076293945,4.5,10.19,83.97000122070312,2.950000047683716,0.135000005364418,12.609999656677246,3.2699999809265137,9.75,424.6199951171875,2.9800000190734863,2.9149999618530273,143.08999633789062,3.700000047683716,1.5499999523162842,0.906000018119812,11.294000244140625,59.849998474121094,67.85,33.075,243.1000061035156,3.6700000762939458,6.329999923706055,84.66,66.3499984741211,,53.41,42.805,34.51499938964844,3.650000095367432,133.22000122070312,3.7899999618530273,4.309999942779541,7.348000049591064,54.939998626708984,6.005,5565.81982421875,10379.099609375,7165.080078125
2026-05-01,33.29999923706055,151.66000366210938,2.440000057220459,0.1700000017881393,3.325999975204468,4.835000038146973,25.579999923706055,4.699999809265137,1222.4000244140625,0.3000000119209289,135.12,0.65,16.790000915527344,473.010009765625,92.38999938964844,2.880000114440918,51.77000045776367,1.8700000047683716,572.39,2.9000000953674316,30.530000686645508,94.775,2.9000000953674316,38.66,1.8799999952316284,2.87,0.17,10.359999656677246,89.04000091552734,33.53499984741211,8.180000305175781,0.6990000009536743,13.594000244140624,0.0140000004321336,128.13999938964844,10.300000190734863,8.09000015258789,92.5999984741211,9.7524995803833,91.05999755859376,95.58499908447266,33.25,75.69000244140625,7.579999923706055,3.759999990463257,10.172000122070312,84.5,2.869999885559082,0.1299999952316284,12.56999969482422,3.2100000381469727,10.619999885559082,414.44000244140625,3.0,2.6600000858306885,144.07000732421875,3.4100000858306885,1.5499999523162842,0.9580000042915344,11.99199951171875,64.3499984741211,66.05,32.9,252.5500030517578,3.4200000762939453,5.699999809265137,84.78,66.55000305175781,,53.11,44.07,34.44499969482422,3.880000114440918,133.89999389648438,3.759999990463257,4.159999847412109,7.354000091552734,55.54999923706055,6.025,5557.81005859375,10363.900390625,7230.1201171875
2026-05-08,33.47999954223633,155.3800048828125,2.549999952316284,0.1800000071525573,3.197999954223633,4.885000228881836,24.40999984741211,4.960000038146973,1319.4000244140625,0.3000000119209289,133.6,0.625,17.989999771118164,475.94000244140625,86.5,3.109999895095825,54.459999084472656,1.940000057220459,582.94,2.9100000858306885,30.690000534057617,94.85,3.109999895095825,40.66,1.9075000286102295,3.8,0.175,10.449999809265137,88.76000213623047,33.84000015258789,8.449999809265137,0.7549999952316284,13.154000244140626,0.0160000007599592,128.41000366210938,10.18000030517578,7.380000114440918,93.11000061035156,9.800000190734863,91.33999633789062,95.54000091552734,35.34,78.86000061035156,7.380000114440918,4.389999866485596,10.05,85.23999786376953,2.9200000762939453,0.1199999973177909,13.43000030517578,3.2300000190734863,10.260000228881836,415.1199951171875,3.259999990463257,2.819999933242798,137.8000030517578,3.2100000381469727,1.5800000429153442,0.9070000052452089,12.19800048828125,67.0999984741211,67.05,31.03,264.95001220703125,3.075000047683716,5.840000152587891,84.77,74.62000274658203,,56.02,42.745,34.959999084472656,3.7300000190734863,136.60000610351562,4.050000190734863,4.380000114440918,7.500999927520752,54.86000061035156,5.84,5504.52978515625,10233.099609375,7398.93017578125
2026-05-15,33.959999084472656,154.0800018310547,2.4000000953674316,0.1749999970197677,3.5840001106262207,4.954999923706055,24.86000061035156,4.510000228881836,1306.5999755859375,0.3199999928474426,136.32,0.605,17.65999984741211,482.7000122070313,91.62000274658205,2.930000066757202,54.31999969482422,2.140000104904175,599.89,2.9000000953674316,31.229999542236328,98.6,2.619999885559082,40.05,1.7450000047683716,4.05,0.18,10.520000457763672,88.4800033569336,32.59000015258789,9.640000343322754,0.8610000014305115,13.24,0.0160000007599592,129.47999572753906,10.34000015258789,4.139999866485596,91.86000061035156,9.6274995803833,91.25,95.12999725341795,37.05,78.4800033569336,7.300000190734863,6.119999885559082,10.034000244140625,85.1500015258789,2.869999885559082,0.1324999928474426,11.4399995803833,2.9700000286102295,9.949999809265137,421.9200134277344,3.0799999237060547,2.7699999809265137,133.99000549316406,2.930000066757202,1.590000033378601,0.8899999856948853,11.4,76.19999694824219,66.18,31.945,259.6000061035156,2.880000114440918,5.579999923706055,85.04,76.20999908447266,,54.6,42.07,34.619998931884766,3.609999895095825,139.0399932861328,3.7699999809265137,6.800000190734863,7.515999794006348,55.29999923706055,5.76,5479.77978515625,10195.400390625,7408.5
2026-05-22,32.040000915527344,155.99000549316406,2.559999942779541,0.1624999940395355,3.063999891281128,5.389999866485596,22.63999938964844,4.360000133514404,1409.0,0.3100000023841858,139.16,0.61,16.610000610351562,486.3800048828125,89.27999877929688,3.7799999713897705,55.08000183105469,2.0999999046325684,599.77,2.740000009536743,31.09000015258789,97.47,2.759999990463257,40.21,1.6699999570846558,3.79,0.175,10.5600004196167,88.94499969482422,34.04999923706055,9.65999984741211,0.9100000262260436,13.74199951171875,0.0160000007599592,125.6500015258789,10.234999656677246,4.409999847412109,91.45999908447266,9.609999656677246,91.37000274658205,93.80999755859376,37.03,78.66000366210938,7.619999885559082,5.730000019073486,10.30800048828125,86.41999816894531,3.380000114440918,0.135000005364418,11.220000267028809,3.1500000953674316,9.550000190734863,418.5700073242187,2.869999885559082,2.8299999237060547,136.8800048828125,2.9700000286102295,1.559999942779541,1.059999942779541,12.48800048828125,89.69999694824219,65.24,32.05,268.6000061035156,3.059999942779541,5.960000038146973,86.99,78.58999633789062,,53.73,42.575,35.53499984741211,3.490000009536743,139.47999572753906,3.799999952316284,7.309999942779541,7.564000129699707,56.75,5.72,5623.919921875,10466.2998046875,7473.47021484375
2026-05-29,31.63999938964844,158.5399932861328,3.0199999809265137,0.1550000011920929,3.075999975204468,5.320000171661377,21.579999923706055,4.329999923706055,1384.800048828125,0.395000010728836,138.02,0.61,17.290000915527344,474.4800109863281,81.7300033569336,4.820000171661377,55.470001220703125,2.359999895095825,605.4,2.490000009536743,31.0,96.465,3.4600000381469727,41.6,1.7200000286102295,3.9,0.175,10.65999984741211,89.3499984741211,34.31999969482422,9.93000030517578,0.8059999942779541,13.935999755859376,0.0149999996647238,126.6999969482422,9.982500076293944,4.420000076293945,92.81999969482422,9.670000076293944,91.91000366210938,94.5,38.39,79.7300033569336,9.130000114440918,7.440000057220459,10.254000244140624,86.7699966430664,3.4800000190734863,0.1500000059604644,11.479999542236328,3.140000104904175,10.100000381469728,450.239990234375,2.9800000190734863,2.700000047683716,156.5399932861328,3.549999952316284,1.5800000429153442,1.190000057220459,13.374000244140625,97.75,65.91,31.18,269.79998779296875,3.309999942779541,6.170000076293945,87.53,82.55000305175781,,53.59,42.055,36.084999084472656,3.990000009536743,141.36000061035156,3.869999885559082,7.25,7.704999923706055,56.72999954223633,5.69,5604.02978515625,10409.2998046875,7580.06005859375
2026-06-05,32.220001220703125,154.38999938964844,2.759999990463257,0.1449999958276748,2.640000104904175,5.269999980926514,22.59000015258789,4.199999809265137,1462.199951171875,0.375,138.58,0.61,15.699999809265137,488.1300048828125,83.9000015258789,4.070000171661377,54.5099983215332,1.919999957084656,602.77,2.25,30.65999984741211,97.73,2.7100000381469727,40.18,1.6399999856948853,3.4,0.195,10.449999809265137,88.87000274658203,33.91999816894531,8.010000228881836,0.6790000200271606,13.60800048828125,0.0154999997466802,126.75,9.824999809265137,4.119999885559082,92.41999816894533,9.619999885559082,91.68000030517578,94.12999725341795,37.53,79.18000030517578,7.550000190734863,6.03000020980835,10.197999877929687,86.19999694824219,3.200000047683716,0.1449999958276748,9.420000076293944,3.0,8.199999809265137,416.6700134277344,1.4500000476837158,2.8299999237060547,135.52999877929688,3.059999942779541,1.5,1.0499999523162842,12.6,84.80000305175781,63.07,32.275,268.79998779296875,2.940000057220459,6.039999961853027,86.81,81.36000061035156,,48.99,41.885,35.40999984741211,3.390000104904175,140.13999938964844,3.3299999237060547,7.550000190734863,7.638000011444092,57.790000915527344,5.565,5574.08984375,10368.099609375,7383.740234375
2026-06-12,28.15999984741211,156.47000122070312,3.009999990463257,0.1449999958276748,2.763999938964844,4.800000190734863,25.200000762939453,4.389999866485596,1629.5999755859375,0.3650000095367431,134.62,0.625,18.040000915527344,489.25,79.18000030517578,4.159999847412109,55.65999984741211,1.5950000286102295,596.55,2.1500000953674316,30.81999969482422,96.99,2.5,41.27,1.5700000524520874,3.25,0.185,10.329999923706056,89.06999969482422,34.2400016784668,7.889999866485596,0.8500000238418579,13.72800048828125,0.0154999997466802,126.99500274658205,9.55500030517578,4.090000152587891,93.11000061035156,9.664999961853027,91.87999725341795,94.3499984741211,36.85,79.5199966430664,7.230000019073486,6.099999904632568,10.3,87.16999816894531,3.0999999046325684,0.1449999958276748,9.399999618530272,3.0299999713897705,8.020000457763672,390.739990234375,1.3899999856948853,2.625,127.98999786376952,2.7750000953674316,1.440000057220459,0.9470000267028807,13.08,82.5999984741211,61.03,32.205,264.5,2.799999952316284,5.110000133514404,88.32,86.66999816894531,160.9499969482422,48.0,43.86,35.85499954223633,3.309999942779541,140.0800018310547,3.5,6.309999942779541,7.7870001792907715,57.755001068115234,5.53,5630.91015625,10471.7001953125,7431.4599609375
2026-06-19,23.760000228881836,157.74000549316406,2.9000000953674316,0.1500000059604644,2.6700000762939453,5.130000114440918,24.190000534057617,4.610000133514404,1657.800048828125,0.3400000035762787,132.34,0.61,20.770000457763672,489.4599914550781,73.80999755859375,5.675000190734863,54.880001068115234,1.6399999856948853,610.01,2.1700000762939453,30.920000076293945,98.845,2.690000057220459,43.19,1.590000033378601,3.77,0.18,10.279999732971191,89.12000274658203,34.25,7.579999923706055,0.8579999804496765,14.315999755859377,0.0160000007599592,128.75999450683594,9.369999885559082,4.090000152587891,92.98999786376952,9.672499656677246,91.01000213623048,94.41000366210938,38.37,82.30000305175781,8.510000228881836,6.039999961853027,10.08,86.93000030517578,3.119999885559082,0.135000005364418,9.829999923706056,3.0899999141693115,8.149999618530273,379.3999938964844,1.600000023841858,2.6500000953674316,128.47000122070312,3.2300000190734863,1.8899999856948853,0.9990000128746032,14.08199951171875,83.94999694824219,60.92,29.935,274.5,2.869999885559082,5.739999771118164,89.25,93.51000213623048,185.0,46.53,43.635,35.27000045776367,3.3499999046325684,143.47999572753906,3.7200000286102295,8.550000190734863,7.901999950408936,56.04999923706055,5.49,5576.3798828125,10363.2998046875,7500.580078125
2026-06-26,20.600000381469727,154.27999877929688,2.299999952316284,0.1299999952316284,2.450000047683716,4.585000038146973,20.020000457763672,4.0,1578.199951171875,0.3149999976158142,143.18,0.65,23.760000228881836,498.6600036621094,66.55000305175781,5.139999866485596,53.18000030517578,1.6799999475479126,600.91,1.815000057220459,30.260000228881836,96.45,2.8499999046325684,41.57,1.5149999856948853,2.3,0.17,10.260000228881836,89.5,34.77000045776367,6.840000152587891,0.7429999709129333,14.225999755859377,0.0189999993890523,130.125,9.104999542236328,4.349999904632568,93.18000030517578,9.755000114440918,91.06999969482422,94.52999877929688,36.45,80.37000274658203,6.730000019073486,5.130000114440918,10.224000244140624,86.1500015258789,3.119999885559082,0.125,8.65999984741211,3.180000066757202,10.199999809265137,372.9700012207031,1.6699999570846558,2.640000104904175,112.93000030517578,3.430000066757202,1.5299999713897705,0.8550000190734863,14.06199951171875,81.1500015258789,59.94,28.98,267.5,2.5899999141693115,5.369999885559082,88.85,88.87000274658203,153.22999572753906,42.65,46.005,35.209999084472656,2.990000009536743,141.13999938964844,3.5899999141693115,7.980000019073486,7.935999870300293,59.90999984741211,5.28,5643.43994140625,10508.0,7354.02001953125
2026-07-03,25.219999313354492,156.14999389648438,2.240000009536743,0.135000005364418,2.8519999980926514,4.974999904632568,18.850000381469727,3.7699999809265137,1634.4000244140625,0.2800000011920929,144.56,0.625,25.100000381469727,507.7799987792969,66.29000091552734,4.820000171661377,53.31999969482422,1.8200000524520872,604.95,2.2100000381469727,30.329999923706055,96.745,3.650000095367432,41.46,1.5700000524520874,2.38,0.1825,10.210000038146973,89.5,34.45000076293945,6.820000171661377,0.7620000243186951,14.51,0.0149999996647238,127.91500091552734,9.145000457763672,4.139999866485596,93.04000091552734,9.725000381469728,91.25,94.93000030517578,36.71,81.56999969482422,6.460000038146973,5.039999961853027,10.394000244140624,88.4000015258789,3.0299999713897705,0.125,8.640000343322754,3.180000066757202,10.90999984741211,390.489990234375,1.7200000286102295,2.619999885559082,129.3000030517578,3.869999885559082,1.809999942779541,0.9300000071525574,15.04199951171875,88.8499984741211,60.53,28.915,284.1000061035156,2.5199999809265137,5.510000228881836,90.66,87.02999877929688,162.0,44.37,46.2,35.79499816894531,3.0899999141693115,142.05999755859375,3.7799999713897705,7.869999885559082,7.90399980545044,61.18000030517578,5.41,5735.4599609375,10679.0,7483.240234375
2026-07-10,23.260000228881836,157.67999267578125,2.2100000381469727,0.1400000005960464,2.5899999141693115,4.625,17.600000381469727,3.9600000381469727,1569.0,0.2549999952316284,128.34,0.66,24.34000015258789,493.7099914550781,69.87999725341797,3.7200000286102295,53.95000076293945,1.924999952316284,606.19,2.4100000858306885,30.799999237060547,96.865,3.259999990463257,40.82,1.5,2.72,0.18,9.119999885559082,89.72000122070312,34.099998474121094,6.579999923706055,0.7929999828338623,14.71,0.0135000003501772,126.875,9.364999771118164,4.130000114440918,92.83999633789062,9.670000076293944,91.1999969482422,94.66999816894533,37.19,81.58000183105469,5.889999866485596,4.570000171661377,10.235999755859376,88.31999969482422,2.799999952316284,0.1400000005960464,8.420000076293945,3.2300000190734863,13.529999732971191,385.1000061035156,1.7100000381469729,2.509999990463257,126.79000091552734,3.7799999713897705,1.7300000190734863,0.8830000162124634,14.384000244140625,85.1500015258789,59.29,30.385,272.8500061035156,2.319999933242798,5.699999809265137,88.63,85.55000305175781,145.3000030517578,42.36,45.99,35.56999969482422,2.869999885559082,141.55999755859375,3.440000057220459,7.829999923706055,7.76800012588501,60.150001525878906,5.305,5644.60009765625,10497.2998046875,7575.39013671875
2026-07-17,21.86000061035156,155.0,2.0,0.1150000020861625,2.309999942779541,4.110000133514404,14.600000381469728,3.5,1537.0,0.2249999940395355,125.94,0.675,22.809999465942383,490.9100036621094,78.41000366210938,3.299999952316284,53.88999938964844,1.649999976158142,598.38,2.319999933242798,30.8700008392334,96.905,2.9800000190734863,38.53,1.6200000047683716,2.5,0.18,8.300000190734863,88.4000015258789,33.810001373291016,5.449999809265137,0.8100000023841858,14.92199951171875,0.0130000002682209,126.8000030517578,9.707500457763672,3.7300000190734863,92.0199966430664,9.625,90.83999633789062,94.69000244140624,35.77,77.98999786376953,4.625,4.090000152587891,10.33,88.0,2.5399999618530273,0.1299999952316284,7.28000020980835,3.1600000858306885,12.289999961853027,393.8200073242187,1.5700000524520874,2.4600000381469727,132.3800048828125,3.130000114440918,1.7000000476837158,0.8220000267028809,13.655999755859376,84.3499984741211,57.83,32.36,264.54998779296875,2.309999942779541,4.5,88.37,77.25,123.98999786376952,39.55,46.73,35.970001220703125,2.690000057220459,139.0399932861328,3.1700000762939453,5.840000152587891,7.644000053405762,60.540000915527344,5.175,5699.8701171875,10600.400390625,7457.68994140625
2026-07-24,22.059999465942383,154.3000030517578,2.009999990463257,0.1000000014901161,2.5920000076293945,4.025000095367432,14.21500015258789,3.549999952316284,1563.0,0.2150000035762787,126.7,0.675,21.770000457763672,494.9299926757813,81.83000183105469,3.3299999237060547,54.689998626708984,1.5700000524520874,601.1,2.3499999046325684,31.40999984741211,99.58,2.5999999046325684,39.18,1.5399999618530271,2.59,0.1975,6.730000019073486,87.70999908447266,33.5099983215332,5.630000114440918,0.7730000019073486,15.52800048828125,0.0130000002682209,126.86000061035156,9.987500190734863,3.630000114440918,91.29000091552734,9.582500457763672,90.5999984741211,94.12000274658205,36.58,79.16999816894531,4.880000114440918,3.9800000190734863,10.46,87.79000091552734,2.430000066757202,0.1299999952316284,7.5,3.180000066757202,13.949999809265137,381.7000122070313,1.399999976158142,2.4049999713897705,122.91999816894533,2.950000047683716,1.7200000286102295,0.7699999809265137,14.155999755859376,81.8499984741211,59.24,33.055,272.25,2.0799999237060547,4.659999847412109,89.24,80.62000274658203,115.06999969482422,41.93,45.755,36.2599983215332,2.5899999141693115,140.1199951171875,3.0999999046325684,5.239999771118164,7.750999927520752,60.54999923706055,5.365,5699.8701171875,10736.2001953125,7411.97998046875
2026-07-31,23.81999969482422,156.42999267578125,1.75,0.1024999991059303,2.4679999351501465,4.135000228881836,16.200000762939453,3.609999895095825,1434.199951171875,0.2150000035762787,126.32,0.665,9.039999961853027,511.5400085449219,79.3499984741211,3.4700000286102295,55.849998474121094,1.4600000381469729,594.75,2.369999885559082,30.920000076293945,96.57,2.5799999237060547,38.78,1.5950000286102295,2.38,0.195,10.09000015258789,88.08999633789062,33.32500076293945,5.610000133514404,0.6850000023841858,15.76,0.0140000004321336,125.26000213623048,9.789999961853027,3.609999895095825,90.9499969482422,9.577500343322754,90.76499938964844,94.3499984741211,35.53,79.37999725341797,4.909999847412109,3.700000047683716,10.59,87.7699966430664,2.359999895095825,0.1299999952316284,8.239999771118164,3.3299999237060547,14.0,464.7200012207031,1.399999976158142,2.3299999237060547,123.05999755859376,2.9200000762939453,1.7200000286102295,0.7120000123977661,14.67800048828125,83.0,58.19,33.835,282.6499938964844,2.059999942779541,4.610000133514404,89.88,75.83000183105469,108.37000274658205,40.48,47.43,36.60499954223633,2.549999952316284,139.16000366210938,3.0299999713897705,4.309999942779541,7.625999927520752,60.41999816894531,5.475,,10868.099609375,7489.72021484375
2026-08-07,23.700000762939453,161.44000244140625,2.069999933242798,0.1049999967217445,2.4100000858306885,4.164999961853027,18.299999237060547,3.9800000190734863,1499.0,0.2300000041723251,118.96,0.625,11.720000267028809,521.7999877929688,76.37999725341797,4.099999904632568,56.84000015258789,1.649999976158142,619.2,2.690000057220459,30.93000030517578,97.045,2.880000114440918,39.84,1.600000023841858,2.44,0.195,9.25,88.9000015258789,33.02000045776367,6.71999979019165,0.699999988079071,15.29199951171875,0.006000000052154,125.75499725341795,9.789999961853027,3.930000066757202,91.86000061035156,9.667499542236328,91.30999755859376,95.08000183105467,38.39,83.16000366210938,5.820000171661377,4.519999980926514,10.64,90.70999908447266,2.569999933242798,0.1299999952316284,9.470000267028809,3.240000009536743,13.729999542236328,499.989990234375,1.4700000286102295,2.380000114440918,172.00999450683594,3.0799999237060547,1.875,0.8140000104904175,15.3,87.44999694824219,62.55,32.775,279.79998779296875,2.3299999237060547,4.860000133514404,91.72,80.48999786376953,133.11000061035156,44.81,46.7,38.06999969482422,2.859999895095825,144.1999969482422,3.2699999809265137,4.420000076293945,7.90399980545044,61.459999084472656,5.62,,10901.099609375,7757.64013671875
2026-08-14,22.13999938964844,162.2899932861328,1.9600000381469729,0.1000000014901161,2.7179999351501465,4.690000057220459,18.420000076293945,4.159999847412109,1579.5999755859375,0.2249999940395355,114.6,0.625,10.600000381469728,504.0299987792969,80.52999877929688,4.059999942779541,56.7599983215332,1.5800000429153442,618.87,2.630000114440918,31.350000381469727,97.78,2.819999933242798,40.33,1.774999976158142,2.56,0.185,8.130000114440918,88.53500366210938,32.52000045776367,7.03000020980835,0.6800000071525574,15.27800048828125,0.006000000052154,125.20999908447266,10.020000457763672,2.809999942779541,92.01000213623048,9.600000381469728,91.29000091552734,95.29000091552734,38.29,84.7300033569336,5.889999866485596,5.230000019073486,10.51199951171875,90.94000244140624,3.009999990463257,0.135000005364418,8.449999809265137,3.369999885559082,13.380000114440918,495.3999938964844,1.6200000047683716,2.375,174.0399932861328,3.0899999141693115,1.919999957084656,0.7400000095367432,15.41,98.1999969482422,62.83,33.2,284.0,2.4200000762939453,5.159999847412109,91.34,80.91000366210938,140.0,45.71,45.895,38.130001068115234,2.930000066757202,144.33999633789062,3.2699999809265137,4.440000057220459,7.968999862670898,61.84000015258789,5.585,,10750.099609375,7785.759765625
2026-08-21,20.940000534057617,160.80999755859375,2.1500000953674316,0.0939999967813491,2.869999885559082,4.679999828338623,14.770000457763672,3.9600000381469727,1506.0,0.2150000035762787,122.4,0.63,9.479999542236328,495.8200073242187,86.6500015258789,3.5199999809265137,56.7599983215332,1.659999966621399,607.33,2.4800000190734863,31.3700008392334,97.42,3.109999895095825,40.39,1.809999942779541,2.5,0.185,7.0,88.58499908447266,32.40999984741211,5.989999771118164,0.7799999713897705,15.184000244140623,0.0070000002160668,124.08499908447266,10.43000030517578,2.950000047683716,91.0500030517578,9.59000015258789,91.06999969482422,93.62000274658205,36.98,82.22000122070312,5.570000171661377,4.75,10.6,90.41999816894533,2.5399999618530273,0.135000005364418,8.220000267028809,3.490000009536743,13.510000228881836,483.239990234375,1.600000023841858,2.369999885559082,179.94000244140625,3.390000104904175,2.3399999141693115,0.8349999785423279,15.02199951171875,97.1999969482422,65.52,34.095,280.3500061035156,2.369999885559082,5.110000133514404,91.07,77.02999877929688,136.97000122070312,48.45,46.81,37.904998779296875,2.759999990463257,142.36000061035156,3.390000104904175,3.990000009536743,7.853000164031982,64.62000274658203,5.85,,10816.599609375,7674.3701171875
2026-08-28,18.829999923706055,161.08999633789062,2.0899999141693115,0.135000005364418,3.0420000553131104,4.449999809265137,13.140000343322754,3.910000085830689,1494.4000244140625,0.1800000071525573,119.7,0.645,9.649999618530272,505.0,82.80500030517578,3.3299999237060547,56.83000183105469,1.6200000047683716,617.18,2.509999990463257,31.40999984741211,98.13,3.1600000858306885,40.88,1.6699999570846558,2.355,0.185,7.03000020980835,88.7699966430664,32.52000045776367,5.699999809265137,0.6589999794960022,15.284000244140625,0.0070000002160668,125.0,10.460000038146973,2.8399999141693115,91.5500030517578,9.600000381469728,91.26000213623048,93.9000015258789,38.27,83.16999816894531,5.099999904632568,4.690000057220459,10.61,90.91999816894533,2.4800000190734863,0.1550000011920929,7.550000190734863,3.630000114440918,12.109999656677246,513.530029296875,1.600000023841858,2.4700000286102295,186.2899932861328,3.609999895095825,2.2899999618530273,0.7799999713897705,15.30199951171875,56.650001525878906,65.19,33.445,289.8500061035156,2.3299999237060547,5.960000038146973,91.04,77.5199966430664,141.5,48.55,47.76,38.30500030517578,2.7100000381469727,144.22000122070312,3.5399999618530273,3.75,7.873000144958496,63.040000915527344,5.85,,10824.2998046875,7711.759765625
2026-09-04,18.280000686645508,161.88999938964844,2.049999952316284,0.1449999958276748,2.803999900817871,4.105000019073486,12.9399995803833,3.559999942779541,1467.4000244140625,0.1899999976158142,120.06,0.665,9.59000015258789,506.0299987792969,89.54000091552734,3.0250000953674316,56.81999969482422,1.5700000524520874,614.67,2.2799999713897705,31.440000534057617,98.075,3.2300000190734863,41.47,1.8799999952316284,2.2,0.17,8.239999771118164,88.52999877929688,32.540000915527344,5.349999904632568,0.6970000267028809,15.80199951171875,0.006000000052154,124.83000183105467,10.619999885559082,2.7899999618530273,91.3000030517578,9.607500076293944,91.0250015258789,93.62000274658205,38.15,84.63999938964844,5.150000095367432,4.820000171661377,10.615999755859375,90.01000213623047,2.4200000762939453,0.1700000017881393,7.579999923706055,3.490000009536743,12.449999809265137,499.7000122070313,1.6200000047683716,2.505000114440918,174.3300018310547,3.700000047683716,2.069999933242798,0.765999972820282,14.894000244140624,55.599998474121094,63.67,34.37,272.6499938964844,2.515000104904175,4.989999771118164,90.75,77.70999908447266,147.9499969482422,46.58,47.63,37.755001068115234,2.619999885559082,144.25999450683594,3.509999990463257,3.5299999713897705,7.86899995803833,63.22999954223633,5.7,,10831.099609375,7718.60009765625
2026-09-11,16.84000015258789,160.25,1.940000057220459,0.1400000005960464,2.634000062942505,3.849999904632568,13.40999984741211,3.309999942779541,1478.4000244140625,0.1800000071525573,117.08,0.625,8.489999771118164,510.3699951171875,97.30999755859376,2.8299999237060547,55.790000915527344,1.2699999809265137,611.83,2.2100000381469727,31.989999771118164,99.71,2.700000047683716,41.23,1.7450000047683716,2.45,0.1525,8.40999984741211,88.02999877929688,31.90999984741211,5.110000133514404,0.6399999856948853,15.525999755859376,0.006000000052154,123.43000030517578,10.80500030517578,2.5999999046325684,90.37000274658205,9.4975004196167,90.45999908447266,93.0,38.42,84.94000244140625,4.744999885559082,4.789999961853027,10.444000244140623,88.95999908447266,2.380000114440918,0.1500000059604644,7.019999980926514,3.3299999237060547,13.199999809265137,495.6300048828125,1.5399999618530271,2.740000009536743,167.22999572753906,3.130000114440918,1.8600000143051147,0.7400000095367432,14.545999755859375,56.349998474121094,62.71,35.51,264.6499938964844,2.5299999713897705,4.650000095367432,89.09,79.48999786376953,151.2100067138672,45.38,45.515,36.81999969482422,2.369999885559082,143.22000122070312,3.190000057220459,3.2899999618530273,7.723000049591064,60.560001373291016,5.605,,10650.400390625,7656.97998046875
2026-09-18,16.09000015258789,157.61000061035156,1.9049999713897705,0.135000005364418,1.1510000228881836,3.785000085830689,13.43000030517578,3.660000085830689,1396.199951171875,0.1850000023841858,121.36,0.625,7.75,519.7999877929688,98.87,2.630000114440918,55.32,1.25,610.62,2.0899999141693115,32.119998931884766,100.22,2.7100000381469727,40.48,1.7350000143051147,2.33,0.145,7.840000152587891,88.04,32.165000915527344,4.809999942779541,0.5630000233650208,15.07800048828125,0.006000000052154,123.92,10.9,2.380000114440918,90.13,9.52750015258789,90.25,92.83,37.99,84.61,4.25,3.890000104904175,10.462,88.45,2.190000057220459,0.1500000059604644,6.46999979019165,3.2100000381469727,13.0,490.2999877929687,1.5499999523162842,2.799999952316284,174.33999633789062,3.0,1.8600000143051147,0.7300000190734863,14.405999755859376,53.04999923706055,62.7,35.765,260.5,2.390000104904175,4.389999866485596,88.75,76.78,150.8800048828125,45.64,46.4,36.96,2.240000009536743,142.66,3.049999952316284,3.049999952316284,7.717,61.7,5.595,,10688.5,7551.81005859375
