,2498.HK,ACWI,AISP,AL3.AX,ALCLS.PA,ALMDT.PA,ALMU,ARA.TO,ASML.AS,AXE.AX,AZN.L,BGO.L,BIOA,BRK-B,BRNT.L,BTQ,COPA.L,CRBU,CSP1.L,CU6.AX,DBMF,DBMG.L,EDIT,EMIM.L,EMV.AX,FTC.L,GELN.L,GFUZ,GHYS.L,GLTL.L,GSIT,GUTS,HSBA.L,HYT.AX,IBTM.L,ICOM.L,IDN,IEMB.L,IGLT.L,IHYG.L,IHYU.L,IITU.L,IJPA.L,IMSR,IPWR,ISF.L,IWQU.L,LAES,LIS.AX,LTBR,MOLN.SW,MSCL.TO,MSFT,NYXH,ONWD.BR,PLTR,PRME,PRQR,QSI,RR.L,SEYE.ST,SGLN.L,SHEL.L,SIE.DE,SLDP,SLX.AX,SMEA.L,SMGB.L,SPCX,SSLN.L,ULVR.L,VMID.L,VUL.AX,VWRP.L,VYGR,WBT.AX,WLDS.L,XDWH.L,YCA.L,^FTAS,^FTSE,^GSPC
2016-09-30,,59.099998474121094,,,21.399999618530273,8.6899995803833,,,97.69000244140624,0.0600100010633468,50.04,0.98,,144.47000122070312,22.5,,22.0,,157.08,,,,13.479999542236328,17.905,,0.11625,,,102.08999633789062,68.80000305175781,4.730000019073486,,5.787000122070313,174.34694066047666,159.27000427246094,,1.7200000286102295,115.88999938964844,13.774999618530272,104.9499969482422,105.36000061035156,4.231499938964844,35.189998626708984,,517.0000076293945,6.809000244140625,27.760000228881836,,,250.5599899291993,25.0,2880.000000000002,57.599998474121094,,,,,6.670000076293945,,2.4708099365234375,,20.01,19.14,93.93209075927734,,0.3000000119209289,36.650001525878906,,,18.9293994140625,43.96870513916016,28.780000686645508,,,12.010000228881836,18.02069991827011,,26.579999923706055,,3755.340087890625,6899.2998046875,2168.27001953125
2016-10-31,,57.970001220703125,,,16.149999618530273,8.699999809265137,,,96.5,0.0609770007431507,45.88,0.87,,144.3000030517578,21.799999237060547,,22.0,,164.7,,,,14.140000343322754,18.91,,0.10625,,,99.87999725341795,64.26000213623047,5.28000020980835,,6.162000122070313,174.34694066047666,167.22000122070312,,1.649999976158142,113.8499984741211,13.22249984741211,105.4800033569336,105.0,4.521499938964844,35.39500045776367,,520.0,6.87,26.934999465942383,,,241.9199981689454,24.0,2304.0000915527357,59.91999816894531,,,,,5.199999809265137,,2.493115997314453,,20.565,20.385,93.25599670410156,,0.3400000035762787,37.834999084472656,,,17.36800048828125,41.12328186035156,28.329999923706055,,,12.0,16.156500577926636,,24.790000915527344,,3768.139892578125,6954.2001953125,2126.14990234375
2016-11-30,,58.56999969482422,,,16.3700008392334,10.489999771118164,,,97.62000274658205,0.0764639973640441,41.495,0.74,,157.44000244140625,22.100000381469727,,26.0,,167.11,,,,14.270000457763672,17.64,,0.09625,,,99.13999938964844,62.5,5.449999809265137,,6.352000122070312,158.49721012115478,155.26499938964844,,2.6600000858306885,108.29000091552734,12.917499542236328,104.8000030517578,101.77999877929688,4.4175,34.869998931884766,,465.0,6.757000122070313,27.38999938964844,,,190.08000183105477,20.25,3455.9999084472665,60.2599983215332,,,,,4.25,,2.321531982421875,,18.5125,20.26,96.09559631347656,,0.4000000059604645,36.09000015258789,,,16.296700439453126,38.452315979003906,28.3700008392334,,,12.460000038146973,20.506325364112858,,24.852500915527344,,3692.39990234375,6783.7998046875,2198.81005859375
2016-12-31,,59.16999816894531,,,16.209999084472656,11.0,,,106.6500015258789,0.0590419992804527,44.375,0.675,,162.97999572753906,24.200000762939453,,24.0,,173.21,,,,16.229999542236328,17.94,,0.12125,,,101.23999786376952,64.63999938964844,6.199999809265137,,6.569000244140625,158.49721012115478,156.94000244140625,,2.75,109.58000183105467,13.1899995803833,106.4000015258789,103.98999786376952,4.582000122070313,34.650001525878906,,330.0,7.0120001220703125,27.725000381469727,,,164.1600036621094,24.799999237060547,2880.000000000002,62.13999938964844,,,,,4.900000095367432,,2.2923629760742186,48.561737060546875,18.5625,22.425,105.29048919677734,,0.395000010728836,38.435001373291016,,,15.871099853515624,39.61334289550781,29.059999465942383,,,12.739999771118164,19.263499975204468,,25.219999313354492,,3873.219970703125,7142.7998046875,2238.830078125
2017-01-31,,60.88999938964844,,,16.329999923706055,11.84000015258789,,,112.4000015258789,0.0677530020475387,41.94,0.995,,164.13999938964844,23.799999237060547,,26.0,,171.09,,,,17.420000076293945,18.545,,0.1175,,,101.88999938964844,62.59000015258789,6.110000133514404,,6.764000244140625,126.79774110317229,154.5749969482422,,2.9000000953674316,110.62000274658205,12.9399995803833,106.88999938964844,104.75,4.613500061035157,35.6349983215332,,200.0,7.020999755859375,28.0,,,138.24000549316412,20.799999237060547,2304.0000915527357,64.6500015258789,,,,,3.875,,2.29064697265625,48.359397888183594,19.0125,21.475,104.79468536376952,,0.6949999928474426,38.54999923706055,,,16.891400146484376,38.831303100585934,29.23500061035156,,,11.920000076293944,18.64210069179535,,25.5,,3858.260009765625,7099.2001953125,2278.8701171875
2017-02-28,,62.41999816894531,,,20.8799991607666,11.899999618530272,,,114.4499969482422,0.0803349986672401,46.44,1.06,,171.4199981689453,23.399999618530273,,26.0,,180.825,,,,24.93000030517578,19.3,,0.1225,,,103.11000061035156,65.19000244140625,6.989999771118164,,6.465,95.0982720851898,157.52999877929688,,2.4700000286102295,112.3499984741211,13.317500114440918,107.83999633789062,106.4499969482422,4.9275,36.45000076293945,,285.0,7.225,29.125,,,148.319995880127,22.450000762939453,2304.0000915527357,63.97999954223633,,,,,4.050000190734863,,2.7007330322265624,48.561737060546875,19.9325,20.795,110.6992416381836,,0.6650000214576721,39.44499969482422,,,17.85300048828125,45.94787017822266,30.2549991607666,,,12.949999809265137,16.156500577926636,,27.200000762939453,,3953.419921875,7263.39990234375,2363.639892578125
2017-03-31,,63.2599983215332,,,22.479999542236328,13.0,,,124.4000015258789,0.0667850002646446,49.125,1.525,,166.67999267578125,22.200000762939453,,26.0,,179.68,,,,22.31999969482422,19.74,,0.10125,,,102.77999877929688,65.54000091552734,8.699999809265137,,6.509000244140625,79.24854154586791,156.1199951171875,,2.609999895095825,112.08999633789062,13.345000267028809,105.68000030517578,106.29000091552734,5.011300048828125,36.494998931884766,,325.0,7.255,29.5,,,191.52000045776376,24.5,2880.000000000002,65.86000061035156,,,,,5.0,,2.587488098144531,42.6938591003418,19.61,20.96,115.74742126464844,,0.5400000214576721,40.7400016784668,,,17.63219970703125,47.39765075683594,30.5,,,13.239999771118164,16.777899861335754,,27.364999771118164,,3990.0,7322.89990234375,2362.719970703125
2017-04-30,,64.27999877929688,,,22.299999237060547,12.9399995803833,,,121.3499984741211,0.0571059994399547,46.375,1.345,,165.2100067138672,21.600000381469727,,25.0,,175.365,,,,18.850000381469727,19.4475,,0.1075,,,101.37999725341795,65.72000122070312,8.029999732971191,,6.365,95.0982720851898,152.5850067138672,,2.9000000953674316,113.4499969482422,13.40250015258789,106.61000061035156,107.12999725341795,4.9575,36.90999984741211,,265.0,7.154000244140625,29.93000030517578,,,210.24000549316415,29.850000381469727,2880.000000000002,68.45999908447266,,,,,4.900000095367432,,2.7865249633789064,42.89619827270508,19.295,20.025,118.63208770751952,,0.4449999928474426,40.91999816894531,,,16.9922998046875,47.78867065429687,31.635000228881836,,,10.4399995803833,14.91367518901825,,27.71500015258789,,3962.489990234375,7203.89990234375,2384.199951171875
2017-05-31,,65.69999694824219,,,21.260000228881836,12.479999542236328,,,117.5,0.048395000398159,52.34,1.255,,165.27999877929688,20.799999237060547,,25.0,,177.64,,,,13.65999984741211,19.98,,0.12375,,,102.12000274658205,66.20999908447266,8.210000038146973,,6.755999755859375,95.0982720851898,152.98500061035156,,4.130000114440918,113.75,13.322500228881836,107.25,104.81999969482422,5.196300048828125,37.970001220703125,,257.00000762939453,7.499000244140625,30.75,,,277.9199981689454,29.299999237060547,2880.000000000002,69.83999633789062,,,,,4.900000095367432,,2.976983947753906,35.6119384765625,19.345,21.0,114.53044891357422,,0.395000010728836,43.02000045776367,,,16.888599853515625,52.113955078125,32.25,,,8.859999656677246,10.56384965777397,,28.350000381469727,,4116.080078125,7520.0,2411.800048828125
2017-06-30,,65.48999786376953,,,22.6200008392334,12.380000114440918,,,114.0999984741211,0.0348439998924732,51.35,1.705,,169.3699951171875,19.799999237060547,,26.0,,178.17,,,,16.780000686645508,20.11,,0.1275,,,102.25,64.12999725341797,7.860000133514404,,7.117000122070312,63.39880306720733,151.5399932861328,,3.890000104904175,112.8499984741211,13.06999969482422,107.3499984741211,104.9800033569336,5.026300048828125,38.34000015258789,,210.0,7.23,30.75,,,249.12000274658212,29.350000381469727,2880.000000000002,68.93000030517578,,,,,5.199999809265137,,3.057627868652344,38.93032455444336,18.845,20.35,108.49066925048828,,0.3650000095367431,42.244998931884766,,,16.063800048828124,49.990413208007816,30.729999542236328,,,8.960000038146973,11.806649714708326,,29.1200008392334,,4002.179931640625,7312.7001953125,2423.409912109375
2017-07-31,,67.27999877929688,,,20.6299991607666,11.869999885559082,,,128.14999389648438,0.0580740012228488,45.69,2.28,,174.97000122070312,21.200000762939453,,28.0,,179.185,,,,16.920000076293945,20.85,,0.1325,,,103.08999633789062,64.37000274658203,7.260000228881836,,7.57,63.39880306720733,149.6199951171875,5.068749904632568,3.109999895095825,113.73999786376952,13.119999885559082,108.30999755859376,105.9800033569336,5.166300048828125,39.209999084472656,,295.0,7.299000244140625,31.170000076293945,,,154.08000183105474,27.200000762939453,2880.000000000002,72.69999694824219,,,,,5.25,,3.047333068847656,36.01662063598633,18.95,21.33,103.44249725341795,,0.3650000095367431,42.88999938964844,,,16.341099853515626,51.99364379882813,31.594999313354492,,,8.239999771118164,11.18524968624115,,29.204999923706055,,4046.199951171875,7372.0,2470.300048828125
2017-08-31,,67.55000305175781,,,23.399999618530273,12.029999732971191,,,130.5,0.046459000557661,45.41,2.385,,181.16000366210935,21.200000762939453,,29.0,,183.18,,,,21.11000061035156,21.84,,0.12375,,,103.0500030517578,65.83999633789062,6.639999866485596,,7.505,79.24854154586791,155.3000030517578,5.068749904632568,2.5999999046325684,115.27999877929688,13.354999542236328,108.62000274658205,105.91000366210938,5.45,39.290000915527344,,242.99999237060547,7.415999755859375,31.149999618530273,,,154.08000183105474,28.350000381469727,2304.0000915527357,74.7699966430664,,,,,5.550000190734863,,3.1365570068359374,36.58317565917969,20.135,21.27,98.9802703857422,,0.3549999892711639,43.8650016784668,,,16.900799560546876,54.36984375,31.7549991607666,,,9.640000343322754,9.942449629306791,,29.28499984741211,,4072.97998046875,7430.60009765625,2471.64990234375
2017-09-30,,68.81999969482422,,,23.75,10.890000343322754,,,144.0500030517578,0.0600100010633468,49.55,2.51,,183.32000732421875,23.100000381469727,,28.0,,179.765,,,,24.010000228881836,20.96,,0.12875,,,103.56999969482422,63.209999084472656,7.269999980926514,,7.370999755859375,1.0896658980846403,147.26499938964844,5.091249942779541,2.880000114440918,114.62999725341795,13.015000343322754,106.87999725341795,106.77999877929688,5.2675,40.029998779296875,,258.99999618530273,7.275999755859375,31.950000762939453,,,158.3999977111817,25.5,2880.000000000002,74.48999786376953,,,,,4.849999904632568,,3.043901062011719,39.33500671386719,18.86,22.485,107.45398712158205,,0.324999988079071,43.43000030517578,,,16.4277001953125,51.96356323242187,31.739999771118164,,,20.59000015258789,11.18524968624115,,29.68000030517578,,4049.889892578125,7372.7998046875,2519.360107421875
2017-10-31,,70.30000305175781,,,29.61000061035156,10.25,,,154.8000030517578,0.0774319991469383,50.32,2.21,,186.94000244140625,24.799999237060547,,30.0,,186.12,,,,24.799999237060547,21.91,,0.15125,,,101.5999984741211,63.58000183105469,6.920000076293945,,7.342999877929688,1.0896658980846403,148.39999389648438,5.182499885559082,2.2300000190734863,114.48999786376952,13.050000190734863,107.95999908447266,106.93000030517578,5.7375,42.05500030517578,,207.99999237060547,7.412999877929687,32.65999984741211,,,151.2000045776368,28.0,2304.0000915527357,83.18000030517578,,,,,3.799999952316284,,3.33902587890625,36.66411209106445,18.82,23.655,110.42880249023438,,0.3000000119209289,44.18000030517578,,,16.38300048828125,51.36801086425781,32.41999816894531,,,21.059999465942383,23.61332476139069,,29.415000915527344,,4117.68994140625,7493.10009765625,2575.260009765625
2017-11-30,,71.72000122070312,,,20.3799991607666,9.4399995803833,,,147.60000610351562,0.1064689978957176,47.77,2.5,,193.0099945068359,25.665000915527344,,29.0,,188.075,,,,28.8700008392334,21.6575,,0.1275,,,101.31999969482422,63.86000061035156,7.96999979019165,,7.34,0.9509814307093618,144.1649932861328,5.195000171661377,2.2699999809265137,114.01000213623048,13.029999732971191,107.47000122070312,103.6999969482422,5.695,43.13999938964844,,182.99999237060547,7.274000244140625,33.529998779296875,,,146.87999725341805,24.799999237060547,2304.0000915527357,84.16999816894531,,,,,3.299999952316284,,2.940950927734375,33.42666244506836,18.605,23.575,102.94669342041016,,0.4350000023841858,43.5,,,16.134200439453124,50.098699951171874,31.780000686645508,,,14.630000114440918,37.90562450885773,,29.979999542236328,,4033.840087890625,7326.7001953125,2647.580078125
2017-12-31,,72.08999633789062,,,23.84000015258789,9.0,,,145.14999389648438,0.1355060040950775,51.21,2.605,,198.22000122070312,27.200000762939453,,31.0,,191.97,,,,30.729999542236328,22.375,,0.0975,,,101.1999969482422,65.5199966430664,7.960000038146973,,7.669000244140625,0.9707949435710906,143.9550018310547,5.289999961853027,2.559999942779541,114.5500030517578,13.199999809265137,107.37999725341795,103.72000122070312,5.753800048828125,43.599998474121094,,141.99999809265137,7.612999877929688,34.2599983215332,,,175.6800041198731,26.299999237060547,2304.0000915527357,85.54000091552734,,,,,3.2249999046325684,,2.906633911132813,40.225303649902344,18.875,24.8,104.70453643798828,,0.4749999940395355,44.16999816894531,,,16.416199951171876,49.63548889160156,32.95000076293945,,,16.600000381469727,37.28422522544861,,30.145000457763672,,4221.81982421875,7687.7998046875,2673.610107421875
2018-01-31,,76.19999694824219,,,25.959999084472656,9.699999809265137,,,163.1999969482422,0.1064689978957176,48.865,2.03,,214.3800048828125,28.299999237060547,,30.0,,192.49,,,,36.5099983215332,22.9325,,0.0925,,,101.3499984741211,63.38999938964844,8.029999732971191,,7.510999755859375,0.8915442663431168,134.06500244140625,5.420000076293945,2.130000114440918,113.73999786376952,12.9399995803833,107.44000244140624,103.95999908447266,5.828800048828125,45.619998931884766,,123.00000190734865,7.44,35.47999954223633,,,302.40000915527355,26.799999237060547,2304.0000915527357,95.01000213623048,,,,,3.200000047683716,,2.9924261474609377,37.47347259521485,18.58,24.625,110.12230682373048,,0.4000000059604645,44.119998931884766,,,16.765400390625,48.12554992675781,32.26250076293945,,,20.63999938964844,39.76982533931732,,31.834999084472656,,4137.66015625,7533.60009765625,2823.81005859375
2018-02-28,,72.79000091552734,,,26.31999969482422,9.479999542236328,,,161.3000030517578,0.1016289964318275,47.75,1.88,,207.1999969482422,27.200000762939453,,29.0,,192.195,,,,36.63999938964844,22.53,,0.1025500011444091,,,100.62999725341795,63.47999954223633,7.559999942779541,,7.170999755859375,0.7330495610833166,136.6300048828125,5.340000152587891,2.559999942779541,111.02999877929688,12.989999771118164,106.7699966430664,103.30999755859376,6.0825,44.540000915527344,,118.9999961853027,7.184000244140625,34.529998779296875,,,194.40000915527352,26.350000381469727,2304.0000915527357,93.7699966430664,,,,,3.3499999046325684,,2.881239929199219,34.316959381103516,18.795,23.01,97.75428009033205,,0.3350000083446502,42.91999816894531,,,15.991800537109375,44.9191845703125,31.43000030517578,,,28.729999542236328,32.31300115585327,,30.6200008392334,,3981.610107421875,7231.89990234375,2713.830078125
2018-03-31,,71.69999694824219,,,25.799999237060547,9.359999656677246,,,160.14999389648438,0.1113080009818077,48.955,1.69,,199.47999572753903,28.799999237060547,,28.0,,181.06,,,,33.150001525878906,21.915,,0.0885000038146972,,,100.16000366210938,65.95999908447266,7.409999847412109,,6.654000244140625,0.5943617194890974,136.14500427246094,5.261250019073486,1.7999999523162842,111.22000122070312,13.244999885559082,105.04000091552734,102.9800033569336,5.65,44.02000045776367,,113.9999961853027,6.990999755859375,33.81999969482422,,,168.47999954223638,26.149999618530273,2304.0000915527357,91.2699966430664,,,,,3.075000047683716,,2.9910528564453127,28.246742248535156,18.5225,22.335,93.31909942626952,,0.3050000071525574,41.712501525878906,,,15.831099853515624,47.590153198242184,30.947500228881836,,,18.790000915527344,29.82737421989441,5.0503997802734375,29.76499938964844,,3894.169921875,7056.60009765625,2640.8701171875
2018-04-30,,71.98999786376953,,,24.13999938964844,8.899999618530273,,,157.5,0.1451849937438964,51.03,1.665,,193.72999572753903,31.100000381469727,,29.0,,187.995,,,,31.399999618530273,22.1,,0.0925,,,98.6500015258789,64.5199966430664,7.329999923706055,,7.254000244140625,0.4953008539974688,137.05499267578125,5.409999847412109,2.119999885559082,108.8000030517578,13.114999771118164,105.58999633789062,103.5999984741211,5.855,44.29999923706055,,120.0,7.459000244140625,34.27000045776367,,,156.95999908447274,25.799999237060547,1727.9999542236335,93.5199966430664,,,,,3.950000047683716,,2.8826119995117185,26.708955764770508,18.7575,25.31,95.23019409179688,,0.2949999868869781,43.5724983215332,,,15.92280029296875,49.05798156738281,32.404998779296875,,,18.15999984741211,34.798601269721985,3.728749990463257,30.270000457763672,,4127.68017578125,7509.2998046875,2648.050048828125
2018-05-31,,72.33000183105469,,,25.899999618530273,8.0,,,167.39999389648438,0.1161480024456977,54.66,1.75,,191.52999877929688,32.79999923706055,,29.0,,197.81,,,,38.31999969482422,22.045,,0.0910000038146972,,,98.4800033569336,66.13999938964844,7.619999885559082,,7.205999755859375,0.5943617194890974,141.83999633789062,5.510000228881836,2.3299999237060547,107.08000183105467,13.225000381469728,104.37000274658205,100.70999908447266,6.47,43.52000045776367,,118.9999961853027,7.662999877929687,34.67499923706055,,,162.72000503540045,23.600000381469727,2304.0000915527357,98.83999633789062,,,,,5.699999809265137,,2.829764099121094,27.5183162689209,19.255,26.07,100.51274871826172,,0.2549999952316284,43.775001525878906,,,16.0825,49.88814697265625,33.400001525878906,0.2549999952316284,,19.8700008392334,41.01265072822571,3.964750051498413,30.204999923706055,,4222.2001953125,7678.2001953125,2705.27001953125
2018-06-30,,71.12000274658203,,,24.600000381469727,6.880000114440918,,,169.6999969482422,0.1064689978957176,52.53,1.95,,186.6499938964844,33.5,,28.0,,201.45,,,,35.83000183105469,21.25,,0.11,,,98.0500030517578,65.61000061035156,7.519999980926514,,7.107000122070312,0.2971791974455117,142.9949951171875,5.309999942779541,2.299999952316284,105.45999908447266,13.154999732971191,104.04000091552734,101.30999755859376,6.505,42.59000015258789,,106.00000381469728,7.565999755859375,34.529998779296875,,,144.00000000000006,22.950000762939453,9216.00036621094,98.61000061035156,,,,,7.300000190734863,,3.391188049316406,27.5183162689209,18.6275,26.29,102.06326293945312,,0.2000000029802322,43.807498931884766,,,15.5722998046875,50.435579223632814,33.07500076293945,0.2549999952316284,,19.540000915527344,41.01265072822571,3.981250047683716,30.69499969482422,,4202.25,7636.89990234375,2718.3701171875
2018-07-31,,73.30000305175781,,,25.219999313354492,5.760000228881836,,,183.5,0.0900150015950203,58.65,1.795,,197.8699951171875,31.899999618530273,,26.0,,208.405,,,,29.739999771118164,21.955,,0.1010000038146972,,,99.58000183105467,65.31999969482422,6.849999904632568,,7.305,0.3268994419276714,143.13499450683594,5.199999809265137,2.309999942779541,107.66000366210938,13.119999885559082,105.47000122070312,102.48999786376952,6.645,42.93000030517578,,80.0,7.677000122070313,35.470001220703125,,,128.1600036621094,20.200000762939453,6335.999908447268,106.08000183105467,,,,,6.699999809265137,,3.4007958984375,35.8547477722168,18.3175,26.15,108.86026763916016,,0.2349999994039535,45.5625,,,14.984100341796877,52.39669372558594,33.247501373291016,0.2549999952316284,,18.86000061035156,33.55579972267151,4.0304999351501465,32.42499923706055,2.17,4253.31005859375,7748.7998046875,2816.2900390625
2018-08-31,,73.80999755859375,,,25.15999984741211,6.199999809265137,,,175.66000366210938,0.0774319991469383,57.95,1.68,,208.72000122070312,33.20000076293945,,25.0,,217.165,,,,32.83000183105469,21.385,,0.15375,,,99.77999877929688,64.79000091552734,7.010000228881836,,6.689000244140625,0.2179318448156115,146.3000030517578,5.099999904632568,2.1700000762939453,104.80999755859376,13.145000457763672,105.3249969482422,103.25,7.168800048828125,42.46500015258789,,65.99999904632568,7.417999877929687,36.060001373291016,,,145.43999862670904,21.299999237060547,5760.000000000003,112.33000183105467,,,,,7.650000095367432,,3.4488400268554686,39.41594314575195,18.1725,25.015,100.94544982910156,,0.2199999988079071,44.584999084472656,,,14.226700439453126,52.84185424804687,32.912498474121094,0.2549999952316284,,21.739999771118164,27.963149547576904,4.157249927520752,33.279998779296875,2.4675,4106.14013671875,7432.39990234375,2901.52001953125
2018-09-30,,74.26000213623047,,,24.18000030517578,3.940000057220459,,,160.89999389648438,0.1064689978957176,59.63,1.59,,214.11000061035156,35.5,,26.0,,217.83,,,,31.81999969482422,21.3025,,0.29,,,100.0500030517578,63.02000045776367,6.900000095367432,,6.697999877929687,0.2377453576773403,143.63999938964844,5.210000038146973,2.509999990463257,106.47000122070312,12.932499885559082,103.70999908447266,103.80999755859376,7.101300048828125,43.959999084472656,,63.69999885559082,7.417000122070313,36.25,,,132.47999954223638,22.0,5760.000000000003,114.37000274658205,,,,,19.350000381469727,,3.388442077636719,54.55101776123047,17.945,26.365,99.46705627441406,,0.2399999946355819,44.685001373291016,,,13.88260009765625,50.724332885742186,32.272499084472656,0.2300000041723251,,18.920000076293945,24.85615015029907,4.094250202178955,34.13999938964844,2.45,4127.91015625,7510.2001953125,2913.97998046875
2018-10-31,,68.73999786376953,,,22.100000381469727,2.25,,,150.9199981689453,0.0677530020475387,59.9,1.235,,205.27999877929688,32.79999923706055,,25.0,,207.435,,,,25.329999923706055,19.7625,,0.18375,,,95.88999938964844,63.720001220703125,5.909999847412109,,6.449000244140625,0.2106891086697575,146.33999633789062,5.090000152587891,2.4800000190734863,103.38999938964844,13.047499656677246,102.79000091552734,101.91999816894533,6.6875,39.91999816894531,,50.39999961853027,7.062000122070312,33.7599983215332,,,126.72000503540043,18.5,4608.000183105471,106.80999755859376,,,,,18.200000762939453,,2.879180908203125,56.33161544799805,18.7,25.005,91.69647216796876,,0.2049999982118606,42.1775016784668,,,13.911600341796875,49.88814697265625,30.0,0.2000000029802322,,13.56999969482422,18.02069991827011,3.775000095367432,31.760000228881836,2.38,3904.22998046875,7128.10009765625,2711.739990234375
2018-11-30,,69.83000183105469,,,19.299999237060547,2.450000047683716,,,149.10000610351562,0.0735599994659423,61.17,1.015,,218.2400054931641,25.299999237060547,,26.0,,209.47,,,,31.15999984741211,20.655,,0.16,,,94.86000061035156,61.59000015258789,5.679999828338623,,6.642999877929688,0.2217780078202486,146.19500732421875,5.019999980926514,2.200000047683716,102.3499984741211,12.802499771118164,100.58000183105467,98.75,6.495,40.36000061035156,,29.000000953674316,6.942000122070312,33.79999923706055,,,113.75999450683598,17.5,4031.999816894533,110.88999938964844,,,,,19.059999465942383,,2.9155560302734376,54.227272033691406,18.75,23.7,92.30946350097656,,0.1800000071525573,41.77750015258789,,,13.80510009765625,51.055191650390626,29.395000457763672,0.1800000071525573,,11.399999618530272,17.399300634860992,3.786499977111816,33.33000183105469,2.4,3823.340087890625,6980.2001953125,2760.169921875
2018-12-31,,64.16000366210938,,,15.079999923706056,0.9879999756813048,,,137.16000366210938,0.0774319991469383,58.73,0.89,,204.17999267578125,23.399999618530273,,25.0,,191.995,,,,22.75,20.29,0.3499999940395355,0.0590000009536743,,,93.5199966430664,64.63999938964844,5.139999866485596,,6.469000244140625,0.2106891086697575,149.5399932861328,4.75,2.140000104904175,103.29000091552734,13.095000267028809,99.98500061035156,96.75,6.0,37.43000030517578,,24.800000190734863,6.654000244140625,31.68000030517578,,,79.19999885559085,19.059999465942383,2880.000000000002,101.56999969482422,,,,,15.779999732971191,,2.848294982910156,55.03663635253906,19.6975,23.075,87.78414154052734,,0.1800000071525573,39.994998931884766,,,14.992900390625,49.43095642089844,27.725000381469727,0.1850000023841858,,9.399999618530272,17.399300634860992,3.4679999351501465,30.780000686645508,2.29,3675.06005859375,6728.10009765625,2506.85009765625
2019-01-31,,69.31999969482422,,,15.34000015258789,1.4299999475479126,,,153.22000122070312,0.0745280012488365,55.32,0.95,,205.5399932861328,26.584999084472656,,25.719999313354492,,201.11,,,,21.729999542236328,21.355,0.4399999976158142,0.0684999990463256,,,97.05500030517578,65.90499877929688,7.710000038146973,,6.389000244140625,0.1996001971140501,146.77999877929688,4.997000217437744,2.450000047683716,108.1999969482422,13.225000381469728,102.4499969482422,101.54000091552734,6.23125,39.849998474121094,,35.19999980926514,6.887999877929688,33.81999969482422,,,96.47999954223636,17.459999084472656,3455.9999084472665,104.43000030517578,,,,,15.760000228881836,,3.034978942871094,60.54029846191406,19.73,23.62,86.34180450439453,,0.1700000017881393,41.209999084472656,,,15.579000244140625,47.9390625,29.73500061035156,0.1650000065565109,,10.489999771118164,14.292274415493011,3.684999942779541,32.3650016784668,2.4,3825.6201171875,6968.89990234375,2704.10009765625
2019-02-28,,71.02999877929688,,,15.529999732971191,1.465000033378601,,,161.1199951171875,0.0764639973640441,61.39,0.93,,201.3000030517578,28.36000061035156,,27.299999237060547,,205.94,,,,20.6299991607666,20.985,0.4149999916553497,0.0875,,,98.18000030517578,64.30500030517578,8.100000381469727,,6.129000244140625,0.2106891086697575,144.52999877929688,5.005000114440918,2.7100000381469727,108.3000030517578,13.109999656677246,104.1500015258789,102.5500030517578,6.58375,40.060001373291016,,45.19999980926514,7.035,35.4900016784668,,,86.39999771118167,17.719999313354492,5184.000091552736,112.02999877929688,,,,,13.31999969482422,,3.277255859375,75.91818237304688,19.3975,23.495,86.65731811523438,,0.3400000035762787,42.21500015258789,,,15.3222998046875,48.22180114746094,30.434999465942383,0.2000000029802322,,15.0,0.5120360255241394,3.7920000553131104,33.130001068115234,2.4,3888.81005859375,7074.7001953125,2784.489990234375
2019-03-31,,72.1500015258789,,,16.110000610351562,1.5,,,167.1999969482422,0.0667850002646446,61.35,1.1,,200.88999938964844,28.86000061035156,,27.125,,213.14,,,,24.450000762939453,21.6325,0.3849999904632568,0.0855000019073486,,,99.1500015258789,67.83000183105469,7.769999980926514,,6.232999877929688,0.1885112979635594,151.28500366210938,5.012499809265137,3.5299999713897705,109.4800033569336,13.52750015258789,103.29000091552734,103.66999816894533,7.02125,40.22999954223633,,35.0,7.19,36.08000183105469,,,79.19999885559085,16.780000686645508,5760.000000000003,117.94000244140624,,,,,13.869999885559082,,3.0994949340820312,88.22048950195312,19.5025,24.135,86.48603820800781,,0.3199999928474426,43.3224983215332,,,14.62489990234375,52.87794982910156,30.25749969482422,0.1700000017881393,,19.13999938964844,0.3579280078411102,3.8345000743865967,33.189998626708984,2.2425,3978.280029296875,7279.2001953125,2834.39990234375
2019-04-30,,74.62000274658203,,,17.799999237060547,1.6699999570846558,,,185.5399932861328,0.0745280012488365,57.26,1.13,,216.7100067138672,31.030000686645508,,26.709999084472656,,220.94,,,,24.75,21.995,0.4099999964237213,0.08,,,97.8249969482422,66.1449966430664,8.130000114440918,,6.670999755859375,0.1885112979635594,150.60000610351562,4.9730000495910645,3.4000000953674316,109.1999969482422,13.3100004196167,104.33000183105467,104.68000030517578,7.44125,40.68000030517578,,42.5,7.369000244140625,37.16999816894531,,,141.1200027465821,17.68000030517578,5184.000091552736,130.60000610351562,,,,,11.020000457763672,,3.138616027832031,87.73487091064453,19.315,24.5,96.2218017578125,,0.3799999952316284,44.85499954223633,,,14.508399658203125,56.03618957519531,31.5049991607666,0.1599999964237213,,21.100000381469727,0.7357419729232788,3.950999975204468,32.38999938964844,2.15,4067.97998046875,7418.2001953125,2945.830078125
2019-05-31,,70.08999633789062,,,14.239999771118164,1.3600000143051147,,,169.3000030517578,0.0735599994659423,58.33,0.98,,197.4199981689453,27.6299991607666,,24.450000762939453,,216.04,,25.34600067138672,,20.549999237060547,21.14,0.3650000095367431,0.0775,,,96.16999816894533,69.16999816894531,8.319999694824219,,6.450999755859375,0.1996001971140501,157.61500549316406,4.8495001792907715,4.829999923706055,109.08000183105467,13.592499732971191,102.58999633789062,100.30999755859376,7.11875,38.75,,37.99999952316284,7.147999877929688,35.25,,,108.00000000000004,15.579999923706056,4031.999816894533,123.68000030517578,,,,,12.130000114440918,,2.9512460327148435,84.01180267333984,20.1975,24.61,91.4440689086914,,0.3849999904632568,43.91749954223633,,,14.01469970703125,58.19582153320312,30.26499938964844,0.1599999964237213,,21.809999465942383,0.4822089970111847,3.819000005722046,31.690000534057617,2.1,3923.8701171875,7161.7001953125,2752.06005859375
2019-06-30,,73.70999908447266,,,13.539999961853027,1.159999966621399,,,183.7400054931641,0.1064689978957176,64.38,0.885,,213.1699981689453,28.8700008392334,,25.075000762939453,,227.565,,25.655000686645508,,24.739999771118164,22.25,0.3650000095367431,0.0835000038146972,,,98.56999969482422,69.20999908447266,8.569999694824219,,6.569000244140625,0.155244600512087,158.88999938964844,4.97599983215332,5.789999961853027,112.76000213623048,13.635000228881836,105.08999633789062,102.88999938964844,7.625,40.369998931884766,,30.999999046325684,7.334000244140625,37.470001220703125,,,95.0400009155274,14.5600004196167,3455.9999084472665,133.9600067138672,,,,,9.100000381469728,,2.8839849853515624,81.5837173461914,21.7525,25.725,94.2926788330078,,0.395000010728836,46.404998779296875,,,14.726400146484377,58.88762512207031,30.649999618530273,0.1749999970197677,,27.219999313354492,0.4374679923057556,4.001999855041504,33.68000030517578,2.045,4056.8798828125,7425.60009765625,2941.760009765625
2019-07-31,,73.76000213623047,,,13.529999732971191,1.0199999809265137,,,202.8000030517578,0.1258269995450973,70.61,1.245,,205.42999267578125,28.63999938964844,,24.665000915527344,,243.35,,26.215999603271484,,25.25,22.745,0.4199999868869781,0.0738000011444091,,,98.8499984741211,71.43499755859375,8.220000267028809,,6.567000122070312,0.155244600512087,165.33999633789062,4.911499977111816,5.360000133514404,113.2699966430664,13.922499656677246,105.16999816894533,103.1500015258789,8.3625,40.4900016784668,,34.20000076293945,7.497000122070313,37.974998474121094,,,96.47999954223636,13.279999732971191,5760.000000000003,136.27000427246094,,,,,8.779999732971191,,2.958109130859375,78.9128189086914,22.8875,25.94,89.23548889160156,,0.4399999976158142,47.39500045776367,,,15.93489990234375,59.62153930664063,31.05500030517578,0.2000000029802322,65.19499969482422,22.010000228881836,0.4275250136852264,4.230500221252441,33.685001373291016,2.12,4134.02978515625,7586.7998046875,2980.3798828125
2019-08-31,,72.12999725341797,,,11.010000228881836,1.7000000476837158,,,202.25,0.1161480024456977,73.18,1.295,,203.41000366210935,26.165000915527344,,23.6200008392334,,236.685,,28.17799949645996,,24.829999923706055,21.61,0.3700000047683716,0.0765000009536743,,,99.37999725341795,75.51499938964844,8.399999618530273,,5.914000244140625,0.155244600512087,172.30499267578125,4.793000221252441,4.849999904632568,114.12999725341795,14.404999732971191,106.08999633789062,103.5999984741211,8.06875,39.88999938964844,,3.9189999103546143,7.190999755859375,36.81999969482422,,,99.35999679565434,14.0600004196167,5760.000000000003,137.86000061035156,,,,,7.190000057220459,,2.6465130615234376,72.35698699951172,24.5975,22.755,81.98775482177734,,0.3499999940395355,46.154998779296875,,,17.776500244140625,62.51509094238281,30.684999465942383,0.1700000017881393,63.290000915527344,17.8700008392334,0.3976979851722717,4.038000106811523,33.30500030517578,2.01,3953.02001953125,7207.2001953125,2926.4599609375
2019-09-30,,73.75,,,9.4399995803833,2.0399999618530273,,,227.25,0.1500249952077865,72.61,1.3,,208.02000427246097,27.145000457763672,,23.899999618530273,,239.87,,27.700000762939453,,22.739999771118164,21.96,0.6000000238418579,0.0775,,,99.30999755859376,76.18000030517578,8.760000228881836,,6.245999755859375,0.155244600512087,168.6999969482422,4.8495001792907715,4.989999771118164,112.68000030517578,14.479999542236328,103.45999908447266,103.68000030517578,8.15375,41.810001373291016,,2.7899999618530273,7.31,37.55500030517578,,,103.68000411987308,17.440000534057617,6335.999908447268,139.02999877929688,,,,,5.760000228881836,,2.719263916015625,84.98303985595703,23.41,23.84,88.56841278076172,,0.3799999952316284,47.11000061035156,,,16.678199462890625,58.83348449707032,31.450000762939453,0.1850000023841858,64.33000183105469,17.209999084472656,0.3787150084972381,4.100500106811523,33.35499954223633,1.99,4061.739990234375,7408.2001953125,2976.739990234375
2019-10-31,,75.7699966430664,,,10.5,2.0,,,235.0,0.1355060040950775,75.01,1.325,,212.5800018310547,27.190000534057617,,24.3799991607666,,231.91,,27.386999130249023,,20.84000015258789,21.645,0.8500000238418579,0.085,,,96.7750015258789,73.73500061035156,7.820000171661377,,5.83,0.155244600512087,160.6999969482422,4.93149995803833,5.360000133514404,112.5199966430664,14.19499969482422,103.33999633789062,104.08000183105467,8.04625,43.310001373291016,,2.7799999713897705,7.174000244140625,38.58000183105469,,,6.130000114440918,17.459999084472656,5184.000091552736,143.3699951171875,,,,,6.800000190734863,,2.433061981201172,79.8840560913086,22.885,22.33,93.1928939819336,,0.4099999964237213,46.38999938964844,,,17.44550048828125,55.615089111328125,31.7450008392334,0.1449999958276748,62.619998931884766,15.390000343322754,0.393664002418518,3.9987499713897705,34.96500015258789,1.861999969482422,3993.4599609375,7248.39990234375,3037.56005859375
2019-11-30,,77.54000091552734,,,12.550000190734863,1.7000000476837158,,,247.0,0.1258269995450973,74.58,1.285,,220.3000030517578,28.325000762939453,,24.450000762939453,,241.43,,27.586000442504883,,30.280000686645508,21.7625,0.7450000047683716,0.0839999961853027,,,97.45999908447266,72.74500274658203,7.320000171661377,,5.762999877929688,0.155244600512087,157.8800048828125,4.830999851226807,6.809999942779541,111.37999725341795,13.954999923706056,104.52999877929688,101.80999755859376,8.50625,44.060001373291016,,2.609999895095825,7.292999877929687,39.869998931884766,,,3.859999895095825,16.15999984741211,3455.9999084472665,151.3800048828125,,,,,8.539999961853027,,2.4419839477539065,83.52618408203125,22.145,22.11,105.5789566040039,,0.3300000131130218,47.040000915527344,,,16.387099609375,55.0796923828125,33.0,0.1500000059604644,64.47000122070312,13.640000343322754,0.4285460114479065,4.143249988555908,36.70500183105469,1.93,4066.72998046875,7346.5,3140.97998046875
2019-12-31,,79.25,,,15.68000030517578,1.9700000286102295,,,263.70001220703125,0.1500249952077865,76.07,1.265,,226.5,30.975000381469727,,25.920000076293945,,242.72,,25.326000213623047,,29.61000061035156,22.865,0.7350000143051147,0.09,,,98.77999877929688,71.04000091552734,7.090000152587891,,5.919000244140625,0.155244600512087,153.86000061035156,5.073750019073486,7.489999771118164,114.16000366210938,13.797499656677246,105.58999633789062,103.5,8.6525,44.34000015258789,,2.299999952316284,7.442000122070312,41.06999969482422,,,4.5,17.520000457763672,4608.000183105471,157.6999969482422,,,,,9.90999984741211,,2.3445249938964845,95.50474548339844,22.58,22.35,105.0561065673828,,0.3849999904632568,47.83000183105469,,,17.424200439453124,52.34255310058594,34.70000076293945,0.1550000011920929,65.13500213623047,13.949999809265137,0.393664002418518,4.175749778747559,37.845001220703125,2.01,4196.47021484375,7542.39990234375,3230.780029296875
2020-01-31,,78.11000061035156,,,14.039999961853027,1.7999999523162842,,,254.25,0.2419749945402145,74.24,1.105,,224.42999267578125,27.399999618530273,,23.280000686645508,,244.21,,25.579999923706055,,26.43000030517578,21.5275,0.8100000023841858,0.10625,,,98.37999725341795,75.5999984741211,8.109999656677246,,5.517999877929688,0.099800098557025,158.5749969482422,4.706999778747559,8.460000038146973,114.9800033569336,14.30500030517578,105.19000244140624,102.91999816894533,9.08625,43.27000045776367,,2.313999891281128,7.187000122070312,41.25,,,4.179999828338623,22.700000762939453,4031.999816894533,170.22999572753906,,,,,7.03000020980835,,2.29922607421875,86.60176086425781,23.5625,19.944000244140625,100.63895416259766,,0.3449999988079071,46.65250015258789,,,17.263800048828124,54.544295654296874,33.369998931884766,0.1949999928474426,64.45999908447266,11.029999732971191,0.393664002418518,4.067249774932861,37.38999938964844,1.87,4057.469970703125,7286.0,3225.52001953125
2020-02-29,,72.26000213623047,,,14.06999969482422,1.7100000381469729,,,248.1000061035156,0.1645430028438568,67.94,0.885,,206.33999633789065,23.864999771118164,,23.299999237060547,,227.4,,25.038999557495117,,22.18000030517578,21.025,0.6899999976158142,0.0925,,,96.98999786376952,76.65499877929688,6.659999847412109,,5.239000244140625,0.0887111994065344,168.3800048828125,4.446000099182129,8.130000114440918,113.36000061035156,14.4399995803833,102.5999984741211,100.87000274658205,8.52,38.869998931884766,,2.2200000286102295,6.537999877929687,37.189998626708984,,,3.5199999809265137,20.450000762939453,3455.9999084472665,162.00999450683594,,,,,7.090000152587891,,2.127642059326172,69.84796142578125,24.3225,16.614000244140627,84.01603698730469,,0.3100000023841858,43.67499923706055,,,16.58300048828125,50.17088562011719,30.475000381469727,0.2249999940395355,60.53499984741211,10.899999618530272,0.3737320005893707,3.780750036239624,34.349998474121094,1.818000030517578,3673.610107421875,6580.60009765625,2954.219970703125
2020-03-31,,62.56999969482422,,,8.449999809265137,1.3899999856948853,,,242.4499969482422,0.1645430028438568,72.16,1.16,,182.8300018310547,13.529999732971191,,20.420000076293945,,211.5,,25.347999572753903,,19.829999923706055,18.45,0.5299999713897705,0.0634999990463256,,,85.0,78.94499969482422,6.960000038146973,,4.5425,0.0887111994065344,179.7050018310547,3.9030001163482666,3.390000104904175,97.31999969482422,14.739999771118164,88.01000213623047,91.9499969482422,8.34,37.16999816894531,,1.940000057220459,5.58,34.09000015258789,,,1.9700000286102295,17.84000015258789,2304.0000915527357,157.7100067138672,,,,,5.489999771118164,,1.168830032348633,57.383785247802734,25.34,14.19,69.83607482910156,,0.25,38.494998931884766,,,13.4372998046875,49.033921508789064,23.46500015258789,0.1650000065565109,55.19499969482422,9.149999618530272,0.2641040086746216,3.140749931335449,33.61000061035156,1.878000030517578,3107.419921875,5672.0,2584.590087890625
2020-04-30,,68.72000122070312,,0.1899999976158142,12.300000190734863,2.4000000953674316,,,270.6499938964844,0.1790619939565658,83.22,1.2,,187.36000061035156,12.1225004196167,,21.4325008392334,,231.085,,25.90999984741211,,23.1200008392334,19.69,0.8500000238418579,0.09,,,87.4800033569336,82.83499908447266,7.730000019073486,,4.1,0.1108890039101243,178.81500244140625,3.821500062942505,6.139999866485596,99.62000274658205,15.107500076293944,92.5500030517578,95.43000030517578,9.12125,38.720001220703125,,2.0,5.8179998779296875,36.88999938964844,,,3.369999885559082,21.0,2880.000000000002,179.2100067138672,,,,,4.929999828338623,,1.1324549865722655,71.223876953125,26.45,13.25,76.33560180664062,,0.3000000119209289,40.025001525878906,,,14.78780029296875,49.35275024414062,25.795000076293945,0.209999993443489,59.369998931884766,10.8100004196167,0.3886809945106506,3.4892499446868896,37.51499938964844,2.2,3262.510009765625,5901.2001953125,2912.429931640625
2020-05-31,,72.22000122070312,,0.1650000065565109,16.5,2.690000057220459,,,292.95001220703125,0.6291369795799255,85.8,1.55,,185.5800018310547,15.524999618530272,,22.05500030517578,,244.4,,25.11000061035156,,27.06999969482422,20.235,1.3350000381469729,0.0975,,,90.37999725341795,82.5999984741211,7.53000020980835,,3.701000061035156,0.0665334011055526,180.47999572753903,3.94350004196167,6.139999866485596,105.12999725341795,15.05500030517578,95.5,96.19000244140624,9.805,41.2599983215332,,2.1700000762939453,5.9879998779296875,38.25,,,5.309999942779541,21.600000381469727,2880.000000000002,183.25,,,,,5.559999942779541,,0.9320439910888672,74.3803939819336,27.46,12.59199951171875,88.82081604003906,,0.3499999940395355,42.79999923706055,,,16.95699951171875,52.11997009277344,26.649999618530273,0.3600000143051147,62.90999984741211,12.100000381469728,0.3787150084972381,3.784749984741211,38.5099983215332,2.18,3363.669921875,6076.60009765625,3044.31005859375
2020-06-30,,73.72000122070312,,0.1550000011920929,15.859999656677246,6.019999980926514,,,326.8999938964844,0.5807420015335083,84.21,1.665,,178.50999450683594,17.854999542236328,,24.674999237060547,,248.75,,24.63999938964844,,29.579999923706055,21.82,1.340000033378601,0.0784999990463256,,,91.2699966430664,81.4800033569336,7.179999828338623,,3.786000061035156,0.0665334011055526,180.46499633789065,4.066500186920166,7.550000190734863,108.41999816894533,14.96500015258789,97.37999725341795,96.0199966430664,10.535,41.63999938964844,,6.53000020980835,6.044000244140625,38.900001525878906,,,4.489999771118164,14.960000038146973,2880.000000000002,203.5099945068359,,,,,6.079999923706055,,0.9794020080566406,77.2131576538086,28.1,12.87,94.4369125366211,,0.7749999761581421,44.665000915527344,,,17.196700439453124,52.39669372558594,26.774999618530273,0.5649999976158142,64.91999816894531,12.619999885559082,0.2641040086746216,3.884500026702881,38.18000030517578,2.115,3410.929931640625,6169.7001953125,3100.2900390625
2020-07-31,,77.66999816894531,,0.2399999946355819,13.399999618530272,5.940000057220459,,,299.70001220703125,0.3484449982643127,85.3,1.44,,195.77999877929688,18.489999771118164,,26.209999084472656,,247.72,,25.51799964904785,,29.36000061035156,22.295,1.7050000429153442,0.0885000038146972,,,93.98500061035156,81.875,5.71999979019165,,3.4220001220703127,0.0665334011055526,171.3300018310547,4.318999767303467,7.320000171661377,112.1500015258789,15.020000457763672,98.13999938964844,100.5,10.39,41.0099983215332,,9.119999885559082,5.807999877929688,40.38999938964844,,,6.429999828338623,17.360000610351562,3455.9999084472665,205.0099945068359,,,,,5.170000076293945,,0.7947769927978515,82.39308166503906,29.375,11.215999755859375,97.64611053466795,,0.6600000262260437,43.6875,,,23.18780029296875,55.01953674316406,26.469999313354492,0.4449999928474426,64.29000091552734,11.06999969482422,0.2790530025959015,3.799000024795532,40.040000915527344,2.19,3282.02001953125,5897.7998046875,3271.1201171875
2020-08-31,,82.8499984741211,,0.4399999976158142,15.399999618530272,6.460000038146973,,,316.70001220703125,0.4597539901733398,83.4,1.455,,218.5500030517578,19.43000030517578,,27.170000076293945,,262.985,,25.29599952697754,,34.959999084472656,23.0625,1.8949999809265137,0.09,,,95.06500244140624,76.98999786376953,6.550000190734863,,3.301499938964844,0.121977903060615,167.03500366210938,4.59250020980835,6.150000095367432,112.56999969482422,14.5649995803833,99.9800033569336,101.3499984741211,11.51,43.66999816894531,,6.070000171661377,5.9,43.40999984741211,,,4.71999979019165,19.5,2880.000000000002,228.91000366210935,,,,,5.449999809265137,,0.8273780059814453,100.36092376708984,28.825,11.06800048828125,106.570556640625,,0.5899999737739563,44.76499938964844,,,26.33949951171875,53.65998962402344,27.940000534057617,0.5950000286102295,67.62000274658203,11.760000228881836,0.617904007434845,3.967750072479248,40.58000183105469,2.24,3342.43994140625,5963.60009765625,3508.010009765625
2020-09-30,,79.91999816894531,,0.5099999904632568,15.84000015258789,8.180000305175781,,,314.70001220703125,0.4936299920082092,84.57,1.68,,212.94000244140625,17.3799991607666,,27.25,,262.65,,24.593000411987305,,28.059999465942383,23.14,2.7300000190734863,0.0814999961853027,,,93.95999908447266,78.9000015258789,5.639999866485596,,3.015,0.3215781001746651,172.9600067138672,4.429500102996826,6.670000076293945,109.91999816894533,14.755000114440918,97.44000244140624,99.7699966430664,11.3725,44.720001220703125,,6.199999809265137,5.759000244140625,42.2599983215332,,,4.170000076293945,16.020000457763672,2880.000000000002,210.3300018310547,,,9.5,,4.789999961853027,,0.4461180114746094,103.922119140625,28.71,9.639000244140624,107.87999725341795,,0.5649999976158142,44.6974983215332,,,22.84010009765625,57.46190734863281,27.00749969482422,1.1749999523162842,67.79499816894531,10.670000076293944,0.7275320291519165,4.025000095367432,40.279998779296875,1.9880000305175785,3282.25,5866.10009765625,3363.0
2020-10-31,,78.13999938964844,,0.4300000071525574,13.68000030517578,6.619999885559082,,,312.0,0.4355559945106506,77.66,1.52,,201.8999938964844,15.552499771118164,,27.399999618530273,,254.295,,24.590999603271484,,30.940000534057617,23.33,3.25,0.0775,,,92.08000183105467,78.25,6.110000133514404,,3.2454998779296873,0.2772225035727024,170.52999877929688,4.491000175476074,7.239999771118164,109.1999969482422,14.670000076293944,97.30999755859376,100.22000122070312,10.72,44.0099983215332,,5.46999979019165,5.497999877929687,40.8849983215332,,,2.559999942779541,20.100000381469727,2880.000000000002,202.47000122070312,,,10.130000114440918,,3.690000057220459,,0.7131999969482422,130.3073272705078,28.36,9.654000244140624,100.6999969482422,,0.550000011920929,42.02750015258789,,,22.738798828125,52.986231079101564,26.997499465942383,1.2400000095367432,65.74500274658203,10.630000114440918,1.494928956031799,4.002500057220459,38.30500030517578,1.9,3151.27001953125,5577.2998046875,3269.9599609375
2020-11-30,,87.33000183105469,,0.4550000131130218,20.299999237060547,7.940000057220459,,,363.8500061035156,0.5129879713058472,78.05,1.8,,228.91000366210935,19.229999542236328,,30.854999542236328,,271.84,,24.770000457763672,,30.59000015258789,24.94,3.75,0.08,,,96.0,77.91000366210938,6.639999866485596,,3.8825,0.2772225035727024,164.9600067138672,4.683000087738037,9.81999969482422,113.33999633789062,14.5600004196167,101.77999877929688,101.30999755859376,11.425,48.56999969482422,,8.989999771118164,6.180999755859375,45.33000183105469,,,3.2300000190734863,21.100000381469727,2304.0000915527357,214.07000732421875,,,27.11000061035156,,3.940000057220459,9.949999809265137,1.056999969482422,143.74273681640625,26.06,12.71199951171875,112.0,,0.6050000190734863,47.599998474121094,,,21.31550048828125,54.99547119140625,30.334999084472656,2.319999933242798,71.44999694824219,8.319999694824219,1.9234750270843504,4.4770002365112305,41.525001525878906,1.95,3542.8701171875,6266.2001953125,3621.6298828125
2020-12-31,,90.72000122070312,,0.3600000143051147,24.399999618530273,6.900000095367432,,,397.5499877929687,0.5033090114593506,73.24,1.665,,231.8699951171875,20.684999465942383,,31.469999313354492,,275.86,,25.559999465942383,,70.11000061035156,26.275,3.119999885559082,0.0864999961853027,,,97.1449966430664,79.875,7.400000095367432,,3.788500061035157,0.2772225035727024,160.61500549316406,4.883999824523926,11.40999984741211,115.72000122070312,14.770000457763672,102.72000122070312,103.0500030517578,11.97,50.97999954223633,,8.170000076293945,6.362000122070312,47.209999084472656,,,4.230000019073486,20.75,3455.9999084472665,222.4199981689453,,,23.549999237060547,,4.199999809265137,10.149999618530272,1.1125,175.63160705566406,27.08,12.97800048828125,117.5199966430664,,0.8899999856948853,48.994998931884766,15.217000007629396,,25.48280029296875,52.84185424804687,32.150001525878906,2.759999990463257,73.125,7.150000095367432,2.4217851161956787,4.69950008392334,42.720001220703125,2.49,3673.6298828125,6460.5,3756.070068359375
2021-01-31,,90.44000244140624,,0.3650000095367431,23.299999237060547,7.340000152587891,,,439.4500122070313,0.7210879921913147,74.91,2.0,,227.8699951171875,22.405000686645508,,31.8700008392334,,275.03,,25.530000686645508,,61.349998474121094,26.85,2.869999885559082,0.0839999961853027,,,97.1999969482422,77.66000366210938,7.179999828338623,,3.8275,0.2772225035727024,158.4199981689453,5.042500019073486,11.579999923706056,113.41000366210938,14.557499885559082,102.5199966430664,103.3000030517578,11.8875,50.540000915527344,,17.1200008392334,6.3,46.45000076293945,,,6.349999904632568,21.850000381469727,4031.999816894533,231.9600067138672,,,35.18000030517578,,4.639999866485596,10.220000267028809,0.916999969482422,163.0865020751953,26.45,13.38,127.94000244140624,,1.1299999952316284,47.86750030517578,15.93299961090088,,26.3735009765625,51.0130810546875,31.709999084472656,7.900000095367432,72.86000061035156,7.550000190734863,2.80049991607666,4.805500030517578,43.5099983215332,2.17,3641.929931640625,6407.5,3714.239990234375
2021-02-28,,92.51000213623048,,0.3499999940395355,17.799999237060547,11.800000190734863,,,465.3500061035156,0.9388660192489624,69.45,2.08,,240.5099945068359,26.5,,36.849998474121094,,278.44,,26.663999557495117,,43.86000061035156,26.77,2.4200000762939453,0.0875,,,97.28500366210938,69.94999694824219,7.340000152587891,,4.262000122070313,0.2772225035727024,150.72000122070312,5.361249923706055,12.170000076293944,109.05999755859376,13.71500015258789,102.87999725341795,103.29000091552734,11.8125,51.439998626708984,,17.170000076293945,6.402000122070312,47.66999816894531,,,6.489999771118164,23.25,5760.000000000003,232.3800048828125,,,23.899999618530273,,4.570000171661377,14.31999969482422,1.076999969482422,171.58480834960938,24.155,14.44800048828125,127.9800033569336,,1.2000000476837158,48.04249954223633,16.23699951171875,,25.6672998046875,44.91316955566406,32.904998779296875,6.440000057220459,73.20500183105469,5.670000076293945,2.302190065383911,4.91949987411499,42.255001068115234,2.215,3702.39990234375,6483.39990234375,3811.14990234375
2021-03-31,,95.1500015258789,,0.3050000071525574,16.420000076293945,11.100000381469728,,,517.0,0.8323959708213806,72.47,2.085,,255.47000122070312,26.440000534057617,,35.619998931884766,,292.33,,27.441999435424805,,42.0,26.72,2.5999999046325684,0.085,,,97.97000122070312,69.69999694824219,6.690000057220459,,4.232000122070313,0.2772225035727024,150.41000366210938,5.204999923706055,8.380000114440918,108.23999786376952,13.720000267028809,102.33999633789062,103.8000030517578,12.1175,51.81999969482422,,13.239999771118164,6.609000244140625,49.470001220703125,,,6.389999866485596,22.850000381469727,6335.999908447268,235.77000427246097,,,23.290000915527344,,6.610000133514404,11.920000076293944,1.053000030517578,187.7720489501953,24.15,14.13800048828125,140.0,,1.184999942779541,50.34000015258789,16.6299991607666,,23.08050048828125,48.79930847167969,33.790000915527344,5.789999961853027,76.12999725341797,4.710000038146973,2.3221230506896973,5.081999778747559,43.33000183105469,2.725,3831.050048828125,6713.60009765625,3972.889892578125
2021-04-30,,99.19000244140624,,0.25,15.81999969482422,11.760000228881836,,,541.2000122070312,0.822717010974884,77.15,2.115,,274.95001220703125,27.540000915527344,,39.7599983215332,,306.67,,28.058000564575195,,37.0099983215332,27.17,3.2300000190734863,0.09,,,96.66999816894533,70.57499694824219,5.900000095367432,,4.527999877929687,0.2772225035727024,151.2100067138672,5.639999866485596,9.970000267028809,110.27999877929688,13.789999961853027,102.47000122070312,104.66000366210938,12.735,51.099998474121094,,9.449999809265137,6.875,51.90999984741211,,,5.090000152587891,22.25,6335.999908447268,252.17999267578125,24.0,,23.040000915527344,,6.21999979019165,10.390000343322754,1.0462000274658203,211.2435607910156,24.975,13.65,138.82000732421875,,1.0800000429153442,52.540000915527344,16.858999252319336,,24.87949951171875,50.91081481933594,35.39500045776367,8.289999961853027,79.0,4.820000171661377,2.2124950885772705,5.2779998779296875,44.93000030517578,2.525,3983.85009765625,6969.7998046875,4181.169921875
2021-05-31,,100.6500015258789,9.960000038146973,0.2300000041723251,13.039999961853027,14.039999961853027,,,552.2999877929688,0.7694829702377319,80.46,2.13,,289.44000244140625,28.770000457763672,,41.40999984741211,,301.17,,28.868999481201172,,33.95000076293945,26.91,2.799999952316284,0.09,,,97.0500030517578,71.08999633789062,6.25,,4.552999877929687,0.2772225035727024,147.27000427246094,5.840000152587891,7.5,111.29000091552734,13.789999961853027,102.93000030517578,102.54000091552734,12.295,51.869998931884766,,11.369999885559082,6.95,52.959999084472656,,,5.550000190734863,25.25,6335.999908447268,249.67999267578125,23.149999618530273,,22.950000762939453,,6.239999771118164,10.260000228881836,1.070199966430664,221.7652587890625,26.075,13.455999755859375,134.89999389648438,9.699999809265137,0.9900000095367432,53.54999923706054,16.724000930786133,,26.562900390625,50.8506591796875,35.665000915527344,7.739999771118164,78.37000274658203,4.260000228881836,2.0032050609588623,5.172999858856201,46.08000183105469,2.665,4016.1298828125,7022.60009765625,4204.10986328125
2021-06-30,,101.19000244140624,9.649999618530272,0.2049999982118606,13.399999618530272,12.760000228881836,,,579.4000244140625,0.9195079803466796,86.83,2.135,,277.9200134277344,30.9950008392334,,37.96500015258789,,315.5,,28.493000030517575,,56.63999938964844,27.93,3.009999990463257,0.115,,,97.8000030517578,71.98999786376953,5.619999885559082,,4.172999877929687,0.2772225035727024,152.8249969482422,5.815000057220459,8.369999885559082,111.70999908447266,13.897500038146973,103.25,103.72000122070312,13.4525,51.34000015258789,,12.710000038146973,6.885999755859375,53.869998931884766,,,7.369999885559082,18.84000015258789,6335.999908447268,270.8999938964844,27.0,,26.36000061035156,,6.739999771118164,12.260000228881836,0.9891999816894532,190.20013427734375,24.94,14.46800048828125,133.6199951171875,10.369999885559082,0.8999999761581421,54.10499954223633,18.035999298095703,,24.76550048828125,50.89878479003906,34.80500030517578,7.699999809265137,81.24500274658203,4.130000114440918,1.649405002593994,5.315499782562256,47.189998626708984,2.715,4014.739990234375,7037.5,4297.5
2021-07-31,,102.11000061035156,9.630000114440918,0.209999993443489,11.4399995803833,13.0600004196167,,,639.0,1.451854944229126,82.68,2.15,,278.2900085449219,31.600000381469727,,39.505001068115234,16.200000762939453,321.32,,28.70400047302246,,41.86000061035156,26.28,2.640000104904175,0.11,,,98.2249984741211,75.8499984741211,5.489999771118164,,3.974500122070313,0.2772225035727024,154.8000030517578,6.039999961853027,9.0,111.7699966430664,14.276249885559082,103.66000366210938,104.12999725341795,13.8225,51.2599983215332,,15.260000228881836,6.905,55.52000045776367,,,6.110000133514404,18.559999465942383,6335.999908447268,284.9100036621094,32.42499923706055,,21.709999084472656,,5.230000019073486,9.420000076293944,0.9970999908447266,200.7218475341797,25.58,14.43199951171875,131.5800018310547,9.920000076293944,0.9700000286102296,54.639999389648445,17.979000091552734,,24.497099609375,49.942293090820314,35.724998474121094,9.800000190734863,81.38500213623047,3.1500000953674316,2.611143112182617,5.24399995803833,49.02000045776367,2.81,4030.239990234375,7032.2998046875,4395.259765625
2021-08-31,,104.33000183105467,9.630000114440918,0.1825000047683715,12.380000114440918,12.859999656677246,,,704.5,1.6067190170288086,85.14,2.1,,285.7699890136719,30.579999923706055,,38.77000045776367,27.200000762939453,334.72,1.4299999475479126,27.94499969482422,,63.59000015258789,26.9,3.0,0.125,,,98.62000274658205,74.52999877929688,5.599999904632568,,3.862000122070313,0.2772225035727024,155.69500732421875,6.012499809265137,8.819999694824219,112.54000091552734,14.172499656677246,103.87999725341795,104.5999984741211,14.525,52.25,,16.5,7.035999755859375,57.029998779296875,,,6.28000020980835,19.31999969482422,237.59999084472665,301.8800048828125,33.0,,26.34000015258789,,6.679999828338623,9.720000267028809,1.1486000061035155,172.79884338378906,25.66,14.315999755859377,140.83999633789062,9.920000076293944,1.25,55.91999816894532,18.82900047302246,,23.1043994140625,48.67899169921875,37.68000030517578,14.25,84.08499908447266,3.259999990463257,2.810466051101685,5.419000148773193,50.334999084472656,2.645,4109.9599609375,7119.7001953125,4522.68017578125
2021-09-30,,99.91999816894533,9.710000038146973,0.1500000059604644,11.220000267028809,13.880000114440918,,,645.9000244140625,1.679311990737915,89.58,1.93,,272.94000244140625,33.59000015258789,,36.349998474121094,23.8700008392334,328.94,1.340000033378601,27.906999588012695,,41.08000183105469,26.64,3.1500000953674316,0.105,,,98.26000213623048,69.54000091552734,5.28000020980835,,3.900499877929687,0.2772225035727024,155.94000244140625,6.302499771118164,8.1899995803833,109.4800033569336,13.649999618530272,102.1500015258789,104.2699966430664,14.065,53.470001220703125,,15.220000267028809,6.925999755859375,53.779998779296875,,2.069999933242798,4.869999885559082,18.219999313354492,221.759994506836,281.9200134277344,29.246999740600582,,24.040000915527344,,8.369999885559082,8.34000015258789,1.4013999938964845,152.1601104736328,25.445,16.55,141.9199981689453,10.050000190734863,1.2999999523162842,54.580001831054695,18.426000595092773,,20.67949951171875,48.18570556640625,35.689998626708984,13.029999732971191,82.70999908447266,2.630000114440918,2.541378974914551,5.4054999351501465,48.17499923706055,3.27,4058.9599609375,7086.39990234375,4307.5400390625
2021-10-31,,105.30999755859376,9.75,0.1525000035762787,9.425000190734863,16.200000762939453,,,700.5,1.4600000381469729,90.94,1.935,,287.010009765625,36.029998779296875,,38.5099983215332,22.11000061035156,341.92,1.125,29.06999969482422,,36.720001220703125,26.39,2.940000057220459,0.1175,,,96.29499816894533,73.47000122070312,5.190000057220459,,4.415,0.2772225035727024,153.22000122070312,6.480000019073486,8.890000343322754,109.4000015258789,13.947500228881836,101.62000274658205,104.12999725341795,14.73,51.959999084472656,,13.899999618530272,7.087000122070313,57.20000076293945,,2.240000009536743,9.56999969482422,17.200000762939453,197.2800064086915,331.6199951171875,25.079999923706055,12.899999618530272,25.8799991607666,,7.71999979019165,8.0600004196167,1.3183999633789063,144.39022827148438,25.33,16.81,140.27999877929688,12.210000038146973,1.3200000524520874,56.069999694824226,18.982999801635746,,23.06330078125,47.06678649902344,35.8650016784668,12.510000228881836,84.97000122070312,3.619999885559082,3.3785390853881836,5.497000217437744,49.375,3.515,4129.16015625,7237.60009765625,4605.3798828125
2021-11-30,,102.87999725341795,9.739999771118164,0.1599999964237213,7.420000076293945,15.68000030517578,,,699.5999755859375,1.225000023841858,82.76,1.755,,276.69000244140625,31.024999618530273,,37.939998626708984,18.59000015258789,353.62,0.8949999809265137,28.3799991607666,,32.65999984741211,26.22,2.75,0.105,1.53,,95.19000244140624,77.58000183105469,5.619999885559082,,4.193500061035156,0.2772225035727024,158.875,6.007500171661377,5.119999885559082,106.6500015258789,14.335000038146973,100.91000366210938,100.56999969482422,15.9525,49.650001525878906,,14.279999732971191,6.925,56.4900016784668,,1.8600000143051147,9.119999885559082,12.5,172.79999542236334,330.5899963378906,20.549999237060547,9.100000381469728,20.649999618530273,,7.059999942779541,6.480000019073486,1.225,168.34735107421875,26.17,15.77,141.27999877929688,11.890000343322754,1.315000057220459,55.31499862670899,21.95249938964844,,21.95949951171875,46.42912353515625,34.974998474121094,11.029999732971191,86.0,3.0399999618530273,3.0,5.4145002365112305,48.060001373291016,3.335,4025.8701171875,7059.5,4567.0
2021-12-31,,105.77999877929688,9.789999961853027,0.1400000005960464,7.440000057220459,15.640000343322754,,1.440000057220459,706.7000122070312,1.125,86.78,1.95,,299.0,34.38999938964844,,39.1349983215332,15.09000015258789,361.57,0.7400000095367432,25.79700088500977,,26.549999237060547,26.47,2.680000066757202,0.115,1.425,,96.91999816894533,74.0,4.630000114440918,,4.486499938964844,0.2772225035727024,155.9250030517578,6.204999923706055,4.619999885559082,108.7699966430664,13.914999961853027,102.6500015258789,102.55999755859376,16.24,51.060001373291016,,12.0600004196167,7.199000244140625,58.400001525878906,,1.434999942779541,6.630000114440918,17.81999969482422,144.00000000000006,336.32000732421875,23.0,10.199999809265137,18.209999084472656,,8.010000228881836,7.869999885559082,1.2287999725341796,159.12062072753906,26.315,16.21800048828125,152.67999267578125,8.739999771118164,1.3300000429153442,57.29499816894531,21.975000381469727,,22.167099609375,47.46984191894531,36.34000015258789,10.399999618530272,87.75,2.7100000381469727,2.859999895095825,5.485000133514404,51.505001068115234,3.4,4208.02001953125,7384.5,4766.18017578125
2022-01-31,,100.97000122070312,9.65999984741211,0.125,5.65500020980835,13.140000343322754,,1.25,594.2000122070312,1.0800000429153442,86.17,1.81,,313.0199890136719,39.33000183105469,,38.1150016784668,10.729999542236328,339.82,0.75,25.899999618530273,,19.040000915527344,26.1,2.0999999046325684,0.1075,1.035,,94.62999725341795,68.5250015258789,4.420000076293945,,5.275999755859375,0.2772225035727024,152.9250030517578,6.71999979019165,4.079999923706055,104.3000030517578,13.387499809265137,100.2699966430664,99.7300033569336,14.9075,48.43000030517578,,9.406000137329102,7.300999755859375,53.97999954223633,,1.2050000429153442,6.110000133514404,25.399999618530273,116.64000320434576,310.9800109863281,19.81999969482422,7.96999979019165,13.710000038146973,,5.449999809265137,4.789999961853027,1.145,121.72808837890624,26.08,18.865999755859377,139.8800048828125,6.670000076293945,1.065000057220459,55.11999893188476,19.26300048828125,,21.5968994140625,45.56888031005859,34.0,9.1899995803833,83.41000366210938,2.859999895095825,3.3499999046325684,5.052999973297119,47.380001068115234,3.19,4191.81005859375,7464.39990234375,4515.5498046875
2022-02-28,,97.87999725341795,9.720000267028809,0.125,4.130000114440918,12.0600004196167,,1.0700000524520874,598.9000244140625,0.9800000190734864,90.59,1.875,,321.45001220703125,43.79999923706055,,39.72999954223633,9.979999542236328,334.17,0.6299999952316284,26.704999923706055,,17.1200008392334,25.25,1.8200000524520872,0.11125,1.09,,93.51000213623048,66.23500061035156,3.9600000381469727,,5.145999755859375,0.2772225035727024,151.98500061035156,7.167500019073486,3.490000009536743,98.12999725341795,13.202500343322754,98.33999633789062,99.75,14.44,48.63999938964844,,8.630000114440918,7.319000244140625,52.79999923706055,,0.8199999928474426,8.25,22.399999618530273,115.2000045776368,298.7900085449219,19.520000457763672,9.5,11.850000381469728,,1.0700000524520874,4.159999847412109,1.035,114.4438247680664,27.65,19.72,126.66000366210938,7.949999809265137,1.1449999809265137,53.68000030517578,19.37299919128418,,23.37419921875,45.075594177246096,32.67499923706055,8.59000015258789,81.91500091552734,3.9700000286102295,2.619999885559082,5.144000053405762,47.310001373291016,3.52,4157.77001953125,7458.2998046875,4373.93994140625
2022-03-31,,99.77999877929688,9.770000457763672,0.1099999994039535,4.177999973297119,13.640000343322754,,0.7300000190734863,610.0,0.9649999737739564,101.32,1.925,,352.9100036621094,50.560001373291016,,41.84000015258789,9.18000030517578,357.84,0.5849999785423279,28.593000411987305,,19.020000457763672,25.24,2.109999895095825,0.11125,1.0,,92.9000015258789,64.20999908447266,3.8299999237060542,,5.254000244140625,0.2772225035727024,149.5,7.869999885559082,2.549999952316284,97.1999969482422,12.914999961853027,96.58000183105467,98.55999755859376,15.41,47.63999938964844,,8.800000190734863,7.397000122070312,54.91999816894531,,0.8550000190734863,8.350000381469727,18.6200008392334,108.00000000000004,308.30999755859375,19.13999938964844,7.599999904632568,13.729999542236328,,0.9049999713897704,4.679999828338623,1.010999984741211,101.97964477539062,28.83,21.085,125.66000366210938,8.670000076293945,1.215000033378601,54.66999816894531,20.0575008392334,,23.8164990234375,41.56844512939453,32.80500030517578,10.149999618530272,85.88500213623047,7.619999885559082,2.6500000953674316,5.308000087738037,50.25,3.975,4187.77978515625,7515.7001953125,4530.41015625
2022-04-30,,91.7300033569336,9.789999961853027,0.0729999989271164,3.4200000762939453,11.65999984741211,,0.5899999737739563,548.0,0.8650000095367432,106.88,1.815,,322.8299865722656,51.970001220703125,,38.904998779296875,7.400000095367432,344.52,0.5199999809265137,31.6200008392334,,13.239999771118164,24.995,1.940000057220459,0.11125,1.015,,87.74500274658203,60.939998626708984,3.680000066757202,,5.012999877929687,0.2772225035727024,149.96499633789062,8.125,2.130000114440918,90.62000274658205,12.5600004196167,93.0500030517578,95.19000244140624,14.4775,44.11000061035156,,7.710000038146973,7.447000122070312,50.970001220703125,,0.6399999856948853,6.989999771118164,7.889999866485596,144.00000000000006,277.5199890136719,16.399999618530273,7.800000190734863,10.399999618530272,,0.6930000185966492,4.380000114440918,0.8329000091552734,73.49009704589844,29.61,21.73,117.77999877929688,8.119999885559082,1.3849999904632568,53.935001373291016,18.038000106811523,,22.4981005859375,44.744729919433595,32.209999084472656,8.479999542236328,83.30999755859375,7.329999923706055,2.680000066757202,5.171999931335449,47.79499816894531,3.966000061035156,4185.1201171875,7544.60009765625,4131.93017578125
2022-05-31,,92.13999938964844,9.8100004196167,0.0750000029802322,3.4519999027252197,10.760000228881836,,0.4250000119209289,536.0,0.8199999928474426,104.54,1.575,,315.9800109863281,56.63999938964844,,37.72999954223633,8.329999923706055,335.5,0.4900000095367431,31.309999465942383,,11.390000343322754,24.83,1.830000042915344,0.09875,0.975,,88.2249984741211,56.935001373291016,3.9800000190734863,,5.33,0.2772225035727024,149.19000244140625,8.342499732971191,1.7999999523162842,90.44000244140624,12.145000457763672,92.5199966430664,94.37999725341795,13.9,44.13999938964844,,13.199999809265137,7.522999877929688,49.5099983215332,,0.6399999856948853,5.519999980926514,7.179999828338623,112.319995880127,271.8699951171875,12.609999656677246,6.75,8.680000305175781,,0.6600000262260437,4.25,0.8669000244140626,59.08344650268555,28.49,23.765,122.44000244140624,9.029999732971191,1.399999976158142,54.314998626708984,18.37700080871582,,20.88699951171875,46.02005859375,31.81999969482422,8.1899995803833,81.8550033569336,6.059999942779541,2.559999942779541,5.058000087738037,47.56999969482422,3.732000122070313,4201.9599609375,7607.7001953125,4132.14990234375
2022-06-30,,83.88999938964844,9.829999923706056,0.0520000010728836,2.6519999504089355,11.579999923706056,,0.4000000059604645,455.8500061035156,0.550000011920929,108.0,1.7,,273.0199890136719,54.439998626708984,,32.54999923706055,5.429999828338623,319.47,0.5099999904632568,32.400001525878906,,11.829999923706056,23.97,1.5,0.11375,0.88,,82.45500183105469,55.09000015258789,3.450000047683716,,5.355999755859375,0.2772225035727024,153.27499389648438,7.447500228881836,2.0199999809265137,83.83000183105469,11.890000343322754,86.66999816894531,88.12999725341797,13.1225,40.93000030517578,,12.239999771118164,7.009000244140625,45.380001068115234,,0.4399999976158142,4.659999847412109,6.590000152587891,73.43999862670901,256.8299865722656,9.199999809265137,5.199999809265137,9.06999969482422,,0.777999997138977,2.319999933242798,0.8294999694824219,49.00688552856445,29.01,21.34,97.08999633789062,5.380000114440918,2.0999999046325684,50.80500030517578,16.058000564575195,,19.583800048828124,44.768792724609376,28.81999969482422,5.420000076293945,77.93499755859375,5.909999847412109,2.380000114440918,4.733749866485596,45.974998474121094,3.25,3940.89990234375,7169.2998046875,3785.3798828125
2022-07-31,,89.81999969482422,9.829999923706056,0.0780000016093254,2.552000045776367,11.239999771118164,,0.2800000011920929,555.4000244140625,0.7400000095367432,108.44,1.92,,300.6000061035156,53.939998626708984,,31.204999923706055,8.119999885559082,346.13,0.6100000143051147,31.239999771118164,,15.90999984741211,23.965,1.6100000143051147,0.1575,0.845,,87.875,56.974998474121094,4.150000095367432,,5.1370001220703125,0.0832500010728836,158.0,7.664999961853027,2.4000000953674316,87.30000305175781,12.229999542236328,92.41999816894533,93.93000030517578,14.6625,43.31999969482422,,11.949999809265137,7.269000244140625,48.560001373291016,,0.7549999952316284,7.070000171661377,6.090000152587891,77.76000022888186,280.739990234375,10.135000228881836,4.974999904632568,10.350000381469728,,0.8379999995231628,3.25,0.8926999664306641,55.03663635253906,28.275,21.79,108.54000091552734,6.340000152587891,3.2699999809265137,53.20500183105469,18.058000564575195,,19.245,48.167660522460935,31.149999618530273,7.800000190734863,82.66500091552734,6.699999809265137,2.7100000381469727,5.134500026702881,47.439998626708984,3.736000061035156,4107.009765625,7423.39990234375,4130.2900390625
2022-08-31,,85.9000015258789,9.850000381469728,0.125,3.322000026702881,10.619999885559082,,0.3700000047683716,484.6499938964844,0.7850000262260437,106.44,1.955,,280.79998779296875,50.349998474121094,,30.709999084472656,9.869999885559082,351.88,0.7049999833106995,32.09000015258789,,14.699999809265137,25.11,1.5800000429153442,0.13125,0.785,,84.54000091552734,49.970001220703125,3.3299999237060547,,5.287999877929687,0.0832500010728836,159.28500366210938,7.639999866485596,3.119999885559082,84.63999938964844,11.279999732971191,88.88999938964844,90.62000274658205,14.6375,41.970001220703125,,14.5,7.190999755859375,46.7400016784668,,0.5049999952316284,5.929999828338623,5.610000133514404,79.19999885559085,261.4700012207031,8.15999984741211,4.860000133514404,7.71999979019165,,0.7900000214576721,3.119999885559082,0.77,62.44229888916016,28.8,22.9,101.08000183105467,6.579999923706055,4.090000152587891,52.17499923706055,17.207000732421875,,17.208499755859375,47.2292138671875,29.53499984741211,8.25,83.93499755859375,5.96999979019165,2.7799999713897705,5.226500034332275,44.959999084472656,4.206000061035156,4007.4599609375,7284.2001953125,3955.0
2022-09-30,,77.83000183105469,9.899999618530272,0.0949999988079071,2.427999973297119,7.599999904632568,,0.3199999928474426,433.6000061035156,0.7850000262260437,99.44,2.0,,267.0199890136719,45.70000076293945,,30.21500015258789,10.550000190734863,339.09,0.6399999856948853,33.939998626708984,,12.239999771118164,23.33,1.3899999856948853,0.11125,0.765,,82.4800033569336,44.68000030517578,2.8499999046325684,,4.672999877929687,0.0832500010728836,158.6750030517578,7.090000152587891,2.5199999809265137,78.69000244140625,10.40999984741211,85.63999938964844,88.11000061035156,13.7475,38.56999969482422,,10.350000381469728,6.75,42.95000076293945,,0.5299999713897705,4.559999942779541,6.550000190734863,47.52000045776369,232.8999938964844,6.300000190734863,5.300000190734863,8.130000114440918,,0.7440000176429749,2.75,0.6958999633789062,56.65535736083984,29.23,22.465,101.1999969482422,5.260000228881836,2.9800000190734863,49.685001373291016,15.8100004196167,,18.236400146484375,47.75258056640625,26.5,7.5,80.36499786376953,5.920000076293945,2.0799999237060547,4.954500198364258,43.720001220703125,4.057999877929687,3763.47998046875,6893.7998046875,3585.6201171875
2022-10-31,,82.7699966430664,9.96500015258789,0.0860000029206276,2.565999984741211,8.069999694824219,,0.2750000059604645,478.0,0.699999988079071,102.54,1.83,,295.0899963378906,49.95500183105469,,29.725000381469727,9.739999771118164,347.89,0.6899999976158142,34.27000045776367,,12.550000190734863,22.03,1.440000057220459,0.12,0.695,,82.20999908447266,45.349998474121094,1.8700000047683716,,4.472999877929687,0.0832500010728836,151.06500244140625,7.085000038146973,2.1500000953674316,78.12000274658203,10.69499969482422,87.04000091552734,90.58999633789062,13.99,38.939998626708984,,11.609999656677246,6.94,45.16999816894531,,0.4199999868869781,5.199999809265137,6.539999961853027,41.76000022888185,232.1300048828125,5.6020002365112305,6.050000190734863,8.789999961853027,18.81999969482422,0.925000011920929,3.0299999713897705,0.7815000152587891,47.91424560546875,27.77,24.04,110.63999938964844,5.610000133514404,2.9600000381469727,51.650001525878906,15.52400016784668,,18.3722998046875,47.81875122070313,27.795000076293945,7.619999885559082,81.33499908447266,5.179999828338623,2.75,5.121500015258789,46.52000045776367,4.286000061035156,3876.47998046875,7094.5,3871.97998046875
2022-11-30,,89.66999816894531,10.029999732971191,0.0780000016093254,2.197999954223633,8.479999542236328,,0.2949999868869781,561.0999755859375,0.699999988079071,111.66,1.935,,318.6000061035156,48.2400016784668,,32.89500045776367,9.3100004196167,342.415,1.0,31.239999771118164,,10.600000381469728,24.165,2.130000114440918,0.12,0.525,,83.9749984741211,47.29499816894531,2.4100000858306885,,5.097000122070313,0.0832500010728836,147.19000244140625,7.320000171661377,2.190000057220459,84.5999984741211,10.925000190734863,90.11000061035156,89.62000274658203,13.665,42.779998779296875,,12.079999923706056,7.427999877929688,48.04999923706055,,0.395000010728836,4.869999885559082,6.150000095367432,37.439998626709,255.13999938964844,5.199999809265137,6.179999828338623,7.5,17.190000534057617,1.2300000190734863,2.380000114440918,0.9091999816894532,48.440330505371094,28.62,24.44,131.22000122070312,3.6700000762939458,2.8499999046325684,55.57500076293945,16.983999252319336,,20.6647998046875,49.858071899414064,29.774999618530273,7.210000038146973,82.66999816894531,5.940000057220459,3.1500000953674316,5.148499965667725,48.33000183105469,3.96,4139.64990234375,7573.10009765625,4080.110107421875
2022-12-31,,84.87999725341797,10.079999923706056,0.0780000016093254,1.986999988555908,8.890000343322754,,0.3199999928474426,503.7999877929687,0.6150000095367432,112.18,1.84,,308.8999938964844,46.459999084472656,,33.81999969482422,6.28000020980835,328.85,0.9900000095367432,29.11000061035156,,8.869999885559082,23.7775,1.850000023841858,0.13875,0.51,,83.62999725341797,43.40999984741211,1.7300000190734863,,5.157000122070312,0.0170000009238719,145.73500061035156,7.125,2.0,84.26000213623047,10.489999771118164,89.6500015258789,89.04000091552734,12.89,42.810001373291016,,10.699999809265137,7.265999755859375,47.150001525878906,,0.3199999928474426,3.890000104904175,6.159999847412109,31.68000125885011,239.82000732421875,4.989999771118164,6.21999979019165,6.420000076293945,18.579999923706055,3.700000047683716,1.830000042915344,0.931999969482422,37.11735534667969,29.43,23.26,129.63999938964844,2.5399999618530273,3.200000047683716,55.29999923706055,15.871000289916992,,22.94699951171875,50.31526245117187,29.084999084472656,6.329999923706055,80.37000274658203,6.099999904632568,3.25,4.997250080108643,48.71500015258789,3.746000061035156,4075.1298828125,7451.7001953125,3839.5
2023-01-31,,91.25,10.145000457763672,0.0700000002980232,2.8299999237060547,6.789999961853027,,0.4449999928474426,602.5999755859375,0.6200000047683716,105.9,2.275,,311.5199890136719,47.43000030517578,,37.310001373291016,7.210000038146973,339.95,0.8600000143051147,28.170000076293945,,9.890000343322754,25.13,1.7000000476837158,0.1125,0.505,,86.07499694824219,45.165000915527344,2.0399999618530273,,5.964000244140625,0.0189999993890523,146.85000610351562,7.090000152587891,2.7200000286102295,86.5999984741211,10.755000114440918,91.77999877929688,91.86000061035156,13.81,45.599998474121094,,12.65999984741211,7.580999755859375,49.72999954223633,,0.3700000047683716,4.260000228881836,5.920000076293945,37.439998626709,247.80999755859375,5.389999866485596,5.71999979019165,7.78000020980835,17.579999923706055,2.759999990463257,2.2200000286102295,1.057399978637695,44.380001068115234,30.5,23.74,142.89999389648438,3.3499999046325684,4.630000114440918,58.470001220703125,18.114999771118164,,22.03260009765625,49.43095642089844,30.645000457763672,7.130000114440918,83.91000366210938,9.4399995803833,4.739999771118164,5.32450008392334,47.97999954223633,4.163999938964844,4255.72021484375,7771.7001953125,4076.60009765625
2023-02-28,,88.22000122070312,10.1899995803833,0.0769999995827674,2.186000108718872,7.380000114440918,3.5,0.4900000095367431,584.0,0.5400000214576721,108.8,2.525,,305.17999267578125,46.83000183105469,,36.1349983215332,6.090000152587891,340.85,0.8799999952316284,28.3799991607666,,9.039999961853027,23.875,1.3700000047683716,0.13875,0.425,,85.51499938964844,41.90999984741211,1.6299999952316284,,6.355999755859375,0.0170000009238719,144.4600067138672,6.757500171661377,2.4000000953674316,84.02999877929688,10.385000228881836,91.36000061035156,90.48999786376952,14.215,43.86000061035156,,12.020000457763672,7.7,48.86000061035156,,0.2899999916553497,4.260000228881836,5.980000019073486,53.28000068664553,249.4199981689453,5.179999828338623,4.974999904632568,7.840000152587891,16.43000030517578,2.950000047683716,1.8200000524520872,1.4494000244140626,44.400001525878906,29.36,25.265,144.6999969482422,3.380000114440918,3.9700000286102295,59.04999923706055,18.65999984741211,,19.6631005859375,49.76182067871094,30.65999984741211,6.400000095367432,83.36000061035156,7.179999828338623,7.639999866485596,5.357500076293945,46.43000030517578,4.003999938964844,4304.47998046875,7876.2998046875,3970.14990234375
2023-03-31,,91.16000366210938,10.149999618530272,0.0729999989271164,1.8220000267028809,7.949999809265137,3.5999999046325684,0.4600000083446502,625.2000122070312,0.4300000071525574,112.32,2.085,,308.7699890136719,44.79499816894531,,36.099998474121094,5.309999942779541,342.71,0.75,26.299999237060547,,7.25,24.085,1.350000023841858,0.11875,0.39,,86.1449966430664,44.08000183105469,1.7200000286102295,,5.497000122070313,0.0170000009238719,146.58999633789062,6.735000133514404,2.5,85.06999969482422,10.69499969482422,90.12000274658205,91.8499984741211,15.23,45.79999923706055,,10.449999809265137,7.487000122070312,50.380001068115234,,0.2549999952316284,4.099999904632568,5.429999828338623,80.63999748229983,288.29998779296875,7.46999979019165,4.699999809265137,8.449999809265137,12.300000190734863,2.130000114440918,1.7599999904632568,1.4902000427246094,48.939998626708984,31.14,23.085,149.25999450683594,3.009999990463257,3.900000095367432,59.229999542236335,20.100000381469727,,22.8781005859375,50.411513671875,29.15999984741211,5.659999847412109,83.70999908447266,7.710000038146973,4.980000019073486,5.093999862670898,47.685001373291016,3.692000122070313,4157.8798828125,7631.7001953125,4109.31005859375
2023-04-30,,92.58999633789062,10.029999732971191,0.0769999995827674,1.756999969482422,4.349999904632568,4.25,0.4580000042915344,573.5,0.4050000011920929,117.46,2.125,,328.54998779296875,45.439998626708984,,34.36000061035156,4.300000190734863,342.975,0.7350000143051147,26.559999465942383,,8.15999984741211,23.52,1.5700000524520874,0.1175,0.38,,84.05000305175781,42.494998931884766,1.5399999618530271,,5.7379998779296875,0.0179999992251396,145.6699981689453,6.670000076293945,2.2100000381469727,84.7699966430664,10.505000114440918,90.01000213623047,92.43000030517578,15.01,45.790000915527344,,9.979999542236328,7.732000122070312,51.404998779296875,,0.2750000059604645,3.680000066757202,5.96999979019165,100.79999542236332,307.260009765625,8.09000015258789,4.829999923706055,7.75,13.770000457763672,2.180000066757202,1.4700000286102295,1.5214999389648438,45.86000061035156,30.83,24.52,148.89999389648438,2.2699999809265137,3.3499999046325684,60.619998931884766,18.454999923706055,,23.7172998046875,53.3772509765625,30.09000015258789,5.960000038146973,83.62000274658203,7.25,5.300000190734863,5.01200008392334,49.43000030517578,3.76,4283.830078125,7870.60009765625,4169.47998046875
2023-05-31,,91.62000274658205,10.829999923706056,0.061999998986721,1.850000023841858,4.824999809265137,3.900000095367432,0.4699999988079071,671.5,0.6200000047683716,116.6,2.085,,321.0799865722656,42.02000045776367,,32.33000183105469,4.409999847412109,350.1,0.7599999904632568,26.709999084472656,,9.18000030517578,23.24,1.3799999952316284,0.13,0.355,,83.61000061035156,39.79999923706055,5.789999961853027,,5.905,0.0189999993890523,143.69000244140625,6.335000038146973,2.3499999046325684,83.37999725341797,10.042499542236328,90.04000091552734,88.47000122070312,16.915,45.88999938964844,,11.199999809265137,7.342000122070313,51.18000030517578,12.0,0.2549999952316284,4.360000133514404,5.599999904632568,86.39999771118167,328.3900146484375,7.659999847412109,5.820000171661377,14.710000038146973,13.720000267028809,1.7400000095367432,1.5099999904632568,1.433000030517578,42.58000183105469,31.01,22.205,153.33999633789062,2.190000057220459,3.9200000762939458,57.959999084472656,22.094999313354492,,22.26719970703125,48.47445922851563,29.06999969482422,3.660000085830689,83.87000274658203,11.390000343322754,6.75,4.913750171661377,47.189998626708984,3.93,4066.800048828125,7446.10009765625,4179.830078125
2023-06-30,,95.94000244140624,10.760000228881836,0.0480000004172325,1.77400004863739,6.059999942779541,2.9000000953674316,0.6000000238418579,663.0,0.5950000286102295,112.76,1.76,,341.0,43.44499969482422,,33.375,4.25,363.93,0.699999988079071,27.6299991607666,,8.229999542236328,23.855,1.1699999570846558,0.145,0.265,,84.68499755859375,40.35499954223633,5.53000020980835,,6.217000122070313,0.0160000007599592,138.44000244140625,6.559999942779541,2.4700000286102295,85.29000091552734,10.0024995803833,90.91000366210938,89.93000030517578,17.5225,48.290000915527344,,11.800000190734863,7.342000122070313,54.150001525878906,14.920000076293944,0.2399999946355819,5.820000171661377,5.420000076293945,67.67999839782718,340.5400085449219,8.010000228881836,5.400000095367432,15.329999923706056,14.649999618530272,1.6200000047683716,1.7899999618530271,1.5105000305175782,42.18000030517578,29.38,23.425,152.5399932861328,2.5399999618530273,3.940000057220459,59.2599983215332,22.55500030517578,,21.51199951171875,49.29860961914063,28.3799991607666,4.190000057220459,86.69000244140625,11.449999809265137,5.070000171661377,5.126999855041504,48.93000030517578,4.087999877929687,4096.259765625,7531.5,4450.3798828125
2023-07-31,,99.38999938964844,10.760000228881836,0.0700000002980232,1.940999984741211,4.934999942779541,3.869999885559082,0.4250000119209289,652.2000122070312,0.5699999928474426,111.86,2.04,,351.9599914550781,49.39500045776367,,35.75,7.190000057220459,371.71,0.8999999761581421,27.530000686645508,,8.779999732971191,25.01,1.3700000047683716,0.175,0.265,,85.62999725341797,40.21500015258789,4.389999866485596,,6.462999877929687,0.0219999998807907,135.96499633789062,6.965000152587891,2.5799999237060547,86.38999938964844,10.0649995803833,91.62999725341795,91.08000183105467,17.855,49.72999954223633,,12.1899995803833,7.514000244140625,56.04999923706055,11.130000114440918,0.2899999916553497,6.639999866485596,5.489999771118164,61.919998168945334,335.9200134277344,8.229999542236328,5.21999979019165,19.84000015258789,15.06999969482422,1.5,3.890000104904175,1.848500061035156,47.459999084472656,29.815,23.66,154.97999572753906,2.859999895095825,3.609999895095825,60.36000061035156,23.309999465942383,,23.3127001953125,50.42354370117187,29.579999923706055,4.440000057220459,88.79000091552734,9.31999969482422,6.199999809265137,5.308000087738037,49.595001220703125,4.316000061035156,4198.02001953125,7699.39990234375,4588.9599609375
2023-08-31,,96.5,10.699999809265137,0.0920000001788139,1.9479999542236328,4.764999866485596,3.700000047683716,0.395000010728836,607.9000244140625,0.5049999952316284,106.62,1.75,,360.20001220703125,50.20000076293945,,33.91999816894531,5.889999866485596,372.78,1.090000033378601,27.6200008392334,,8.90999984741211,23.86,1.6799999475479126,0.165,0.245,,85.81500244140625,38.80500030517578,3.109999895095825,,5.830999755859375,0.0230000000447034,137.0,6.929999828338623,2.5999999046325684,84.20999908447266,10.02750015258789,91.70999908447266,91.12000274658205,17.935,48.25,,10.100000381469728,7.33,55.380001068115234,5.730000019073486,0.2475000023841858,4.349999904632568,5.199999809265137,56.1599979400635,327.760009765625,7.505000114440918,4.579999923706055,14.979999542236328,13.239999771118164,1.6050000190734863,2.3399999141693115,2.223000030517578,49.84000015258789,29.84,24.115,138.8800048828125,2.119999885559082,3.200000047683716,58.77000045776367,22.912500381469727,,23.48110107421875,48.63087158203125,28.924999237060547,3.4100000858306885,87.88999938964844,10.020000457763672,3.9800000190734863,5.202000141143799,49.564998626708984,4.663999938964844,4059.530029296875,7439.10009765625,4507.66015625
2023-09-30,,92.37000274658205,10.666000366210938,0.0850000008940696,1.4639999866485596,4.695000171661377,3.299999952316284,0.4000000059604645,559.0999755859375,0.4749999940395355,111.02,1.95,,350.29998779296875,53.9900016784668,,33.244998931884766,4.78000020980835,369.43,1.1699999570846558,28.899999618530273,,7.800000190734863,24.11,1.7000000476837158,0.1614999961853027,0.245,,85.28500366210938,37.18000030517578,2.7100000381469727,,6.449000244140625,0.0199999995529651,138.02999877929688,6.912499904632568,2.25,81.1500015258789,9.917499542236328,89.12999725341797,90.12999725341795,17.385,47.36000061035156,,9.69499969482422,7.422000122070313,52.880001068115234,2.009999990463257,0.209999993443489,4.489999771118164,3.8550000190734863,63.36000251770022,315.75,7.050000190734863,4.28000020980835,16.0,9.539999961853027,1.2999999523162842,1.659999966621399,2.208999938964844,48.52000045776367,29.585,26.06,135.66000366210938,2.0199999809265137,3.5,58.61000061035156,22.207500457763672,,22.08,48.871499633789064,28.21500015258789,2.890000104904175,87.61000061035156,7.75,3.180000066757202,5.129499912261963,47.869998931884766,5.6,4127.240234375,7608.10009765625,4288.0498046875
2023-10-31,,90.0199966430664,10.640000343322754,0.0729999989271164,0.8999999761581421,4.489999771118164,3.308000087738037,0.4050000011920929,565.2999877929688,0.4399999976158142,102.5,1.605,,341.3299865722656,51.720001220703125,,32.61000061035156,3.630000114440918,359.82,1.0499999523162842,28.790000915527344,,6.679999828338623,23.18,1.600000023841858,0.1664999961853027,0.24,,82.20999908447266,36.90999984741211,1.9700000286102295,,5.922999877929687,0.0219999998807907,136.35000610351562,6.920000076293945,1.850000023841858,79.7699966430664,9.90250015258789,89.05000305175781,89.16000366210938,17.1825,46.15999984741211,,7.46999979019165,7.155999755859375,51.72999954223633,1.444000005722046,0.2199999988079071,4.300000190734863,3.2799999713897705,50.39999771118166,338.1099853515625,5.619999885559082,3.0,14.800000190734863,6.489999771118164,1.149999976158142,1.2000000476837158,2.153999938964844,44.52000045776367,31.93,26.465,124.95999908447266,1.3200000524520874,3.2100000381469727,56.80500030517578,21.29750061035156,,22.19590087890625,46.790068359375,26.395000457763672,2.069999933242798,84.95999908447266,6.570000171661377,3.309999942779541,4.81850004196167,45.5,5.52,3954.35009765625,7321.7001953125,4193.7998046875
2023-11-30,,98.0199966430664,10.699999809265137,0.0780000016093254,2.7060000896453857,3.900000095367432,2.4200000762939453,0.449999988079071,623.0,0.4000000059604645,101.26,1.725,,360.0,48.2599983215332,,34.08000183105469,5.869999885559082,376.6,1.4249999523162842,27.290000915527344,,10.529999732971191,24.23,1.5299999713897705,0.17,0.2475,,85.41999816894531,39.0,2.7699999809265137,,6.020999755859375,0.0219999998807907,134.19000244140625,6.724999904632568,1.8899999856948853,84.19999694824219,10.042499542236328,91.7300033569336,90.19000244140624,18.665,48.97999954223633,,8.899999618530273,7.299000244140625,56.25,1.0499999523162842,0.209999993443489,3.2100000381469727,3.900000095367432,72.00000000000003,378.9100036621094,5.184999942779541,3.450000047683716,20.049999237060547,7.260000228881836,1.5499999523162842,1.6100000143051147,2.6879998779296876,62.599998474121094,31.36,25.6,154.0,1.409999966621399,3.240000009536743,60.07500076293945,23.684999465942383,,23.93320068359375,45.35231506347656,28.329999923706055,2.5199999809265137,88.91999816894531,7.260000228881836,3.5999999046325684,5.046999931335449,48.16999816894531,5.675,4053.800048828125,7453.7998046875,4567.7998046875
2023-12-31,,101.7699966430664,1.7000000476837158,0.096000000834465,2.763999938964844,4.75,2.9000000953674316,0.5,681.7000122070312,0.3799999952316284,106.0,2.05,,356.6600036621094,46.959999084472656,,34.720001220703125,5.730000019073486,393.925,1.899999976158142,25.760000228881836,,10.130000114440918,24.95,1.6950000524520874,0.2129999923706054,0.2435000038146972,,88.23500061035156,42.650001525878906,2.640000104904175,,6.355,0.0209999997168779,138.05999755859375,6.587500095367432,1.899999976158142,87.79000091552734,10.595000267028809,94.3000030517578,93.23999786376952,19.425,51.09000015258789,,7.769999980926514,7.530999755859375,59.36000061035156,1.2799999713897705,0.1800000071525573,3.2100000381469727,3.440000057220459,61.919998168945334,376.0400085449219,4.639999866485596,3.0999999046325684,17.170000076293945,8.859999656677246,1.9800000190734863,2.009999990463257,2.9970001220703124,88.80000305175781,31.56,25.715,169.9199981689453,1.4500000476837158,4.349999904632568,,26.372499465942383,,22.75300048828125,45.71927215576172,30.36000061035156,2.8499999046325684,92.94000244140624,8.4399995803833,4.269999980926514,5.558000087738037,50.56999969482422,6.185,4232.009765625,7733.2001953125,4769.830078125
2024-01-31,43.0,102.0500030517578,1.5099999904632568,0.0810000002384185,2.7019999027252197,4.190000057220459,3.299999952316284,0.449999988079071,798.2000122070312,0.3100000023841858,105.0,1.04,,383.739990234375,49.470001220703125,,34.90999984741211,6.130000114440918,403.04,2.3499999046325684,26.38999938964844,,7.03000020980835,24.17,1.899999976158142,0.245,0.195,,88.07499694824219,40.72999954223633,1.9800000190734863,,6.1820001220703125,0.0189999993890523,138.3800048828125,6.577499866485596,1.7100000381469729,86.36000061035156,10.369999885559082,94.12000274658205,93.04000091552734,20.23,52.529998779296875,,7.25,7.432000122070312,60.529998779296875,1.9600000381469729,0.1500000059604644,3.069999933242798,4.150000095367432,72.00000000000003,397.5799865722656,10.81999969482422,3.4700000286102295,16.09000015258789,6.349999904632568,2.1700000762939453,1.559999942779541,3.0120001220703125,77.6500015258789,31.385,24.47,166.67999267578125,1.6200000047683716,5.139999866485596,,27.5,,22.07949951171875,46.284746704101565,29.844999313354492,2.140000104904175,93.9749984741211,7.269999980926514,3.4800000190734863,5.4004998207092285,52.0099983215332,6.955,4173.06005859375,7630.60009765625,4845.64990234375
2024-02-29,35.900001525878906,106.6500015258789,1.5299999713897705,0.0710000023245811,2.2760000228881836,3.684999942779541,2.990000009536743,0.4050000011920929,870.5,0.3899999856948852,99.83,1.02,,409.3999938964844,50.630001068115234,,34.314998626708984,7.909999847412109,422.53,2.9000000953674316,27.350000381469727,,10.0600004196167,25.08,2.25,0.375,0.185,,88.16999816894531,39.29999923706055,4.159999847412109,9.0,6.145,0.0219999998807907,136.67999267578125,6.482500076293945,1.7100000381469729,86.36000061035156,10.232500076293944,94.48999786376952,92.83999633789062,21.47,54.130001068115234,,11.31999969482422,7.457999877929687,63.310001373291016,1.809999942779541,0.1375000029802322,2.8299999237060547,3.9049999713897705,102.2400054931641,413.6400146484375,13.800000190734863,4.710000038146973,25.079999923706055,8.630000114440918,2.015000104904175,1.6699999570846558,3.691000061035156,95.75,31.49,24.57,182.94000244140625,1.6399999856948853,5.0,,30.73500061035156,,21.3589990234375,46.519359741210934,29.5,2.2799999713897705,97.6999969482422,8.319999694824219,4.340000152587891,5.545000076293945,53.0099983215332,6.15,4163.2099609375,7630.0,5096.27001953125
2024-03-31,42.900001525878906,110.12999725341795,6.590000152587891,0.0700000002980232,2.48799991607666,2.4800000190734863,3.0,0.5,892.2000122070312,0.5699999928474426,106.78,1.035,,420.5199890136719,53.630001068115234,,35.869998931884766,5.139999866485596,437.06,2.75,28.68000030517578,,7.420000076293945,25.8,2.569999933242798,0.37,0.1525,,88.83000183105469,40.369998931884766,3.4000000953674316,7.400000095367432,6.19,0.0209999997168779,137.55999755859375,6.672500133514404,3.4800000190734863,87.69999694824219,10.420000076293944,91.62999725341795,94.2300033569336,22.055,56.08000183105469,,8.899999618530273,7.772000122070312,65.3499984741211,1.5499999523162842,0.1500000059604644,2.950000047683716,3.674999952316284,72.00000000000003,420.7200012207031,13.489999771118164,4.78000020980835,23.010000228881836,7.0,2.2899999618530273,1.9700000286102295,4.267000122070313,83.9000015258789,34.16,26.25,176.9600067138672,2.0299999713897705,5.130000114440918,,32.412498474121094,,23.458701171875,47.83078125,30.670000076293945,2.869999885559082,101.08000183105467,9.3100004196167,3.3499999046325684,5.7779998779296875,54.349998474121094,6.02,4338.0498046875,7952.60009765625,5254.35009765625
2024-04-30,39.900001525878906,106.22000122070312,7.360000133514404,0.0590000003576278,2.434999942779541,2.5950000286102295,3.049999952316284,0.5799999833106995,832.7000122070312,0.5049999952316284,120.62,1.245,,396.7300109863281,54.35499954223633,,40.86000061035156,3.630000114440918,427.3,2.799999952316284,29.93000030517578,,5.210000038146973,26.14,2.180000066757202,0.5125,0.18,,85.86000061035156,38.14500045776367,3.930000066757202,6.760000228881836,6.955999755859375,0.0209999997168779,134.63499450683594,6.885000228881836,3.2100000381469727,85.2699966430664,10.119999885559082,91.47000122070312,93.12999725341795,21.38,53.29999923706055,,7.809999942779541,7.967999877929688,63.130001068115234,1.2400000095367432,0.1449999958276748,2.4800000190734863,3.2899999618530273,64.80000114440921,389.3299865722656,10.345000267028809,4.760000228881836,21.969999313354492,4.920000076293945,1.940000057220459,1.6100000143051147,4.131000061035156,81.19999694824219,35.7,28.63,175.89999389648438,1.690000057220459,5.099999904632568,65.63,31.2549991607666,,25.476201171875,49.8099462890625,30.979999542236328,3.380000114440918,99.19000244140624,7.820000171661377,3.1500000953674316,5.564000129699707,52.11000061035156,6.44,4430.25,8144.10009765625,5035.68994140625
2024-05-31,61.95000076293945,111.08000183105467,4.170000076293945,0.0630000010132789,2.4100000858306885,3.650000095367432,3.299999952316284,0.6000000238418579,870.7999877929688,0.4149999916553497,121.9,1.36,,414.3999938964844,51.80500030517578,,41.03499984741211,2.880000114440918,431.47,5.079999923706055,29.63999938964844,,5.199999809265137,25.93,1.8849999904632568,0.59,0.185,,86.80999755859375,38.529998779296875,2.5999999046325684,6.739999771118164,6.964000244140625,0.0289999991655349,132.06500244140625,6.96999979019165,3.180000066757202,86.58000183105469,10.032500267028809,92.08999633789062,91.18000030517578,22.445,53.959999084472656,,7.369999885559082,8.137999877929687,65.56999969482422,1.2100000381469729,0.135000005364418,2.700000047683716,3.4000000953674316,73.43999862670901,415.1300048828125,9.40999984741211,5.460000038146973,21.68000030517578,6.480000019073486,1.950000047683716,1.5199999809265137,4.533999938964843,106.0,35.63,28.115,176.25999450683594,1.7699999809265137,6.039999961853027,67.695,32.82749938964844,,29.8772998046875,51.48230712890625,32.29999923706055,4.739999771118164,100.12000274658205,8.399999618530273,2.2799999713897705,5.632999897003174,53.15999984741211,6.38,4517.080078125,8275.400390625,5277.509765625
2024-06-30,49.79999923706055,112.4000015258789,3.5899999141693115,0.0949999988079071,1.6540000438690186,2.6449999809265137,3.5880000591278076,0.5299999713897705,964.2000122070312,0.3350000083446502,123.56,1.45,,406.7999877929687,54.334999084472656,,39.599998474121094,1.6399999856948853,459.13,5.420000076293945,30.059999465942383,,4.670000076293945,27.12,2.1600000858306885,0.72,0.2220000076293945,,87.11000061035156,39.310001373291016,2.6500000953674316,4.269999980926514,6.839000244140625,0.0359999984502792,135.1699981689453,6.900000095367432,3.4200000762939453,86.58000183105469,10.164999961853027,92.3499984741211,91.9000015258789,25.42,54.189998626708984,,7.059999942779541,7.939000244140625,68.11000061035156,0.8169999718666077,0.125,3.369999885559082,6.519999980926514,74.879997253418,446.9500122070313,6.96999979019165,4.980000019073486,25.329999923706055,5.139999866485596,1.659999966621399,1.0499999523162842,4.567999877929687,103.4000015258789,35.83,28.34,173.72000122070312,1.649999976158142,5.329999923706055,66.7,36.282501220703125,,28.06169921875,52.276376953125,31.100000381469727,3.759999990463257,104.44000244140624,7.909999847412109,2.549999952316284,5.610000133514404,54.63999938964844,5.82,4451.919921875,8164.10009765625,5460.47998046875
2024-07-31,16.579999923706055,114.12999725341795,3.9800000190734863,0.1599999964237213,1.968000054359436,4.159999847412109,3.0,0.5400000214576721,850.5,0.2899999916553497,123.68,1.325,,438.5,52.34000015258789,,37.66999816894531,2.319999933242798,454.58,6.369999885559082,28.940000534057617,,5.409999847412109,26.97,2.0,0.65,0.255,,88.29000091552734,40.2599983215332,2.799999952316284,3.190000057220459,7.04,0.0350000001490116,135.9250030517578,6.59250020980835,3.049999952316284,87.7699966430664,10.350000381469728,93.62000274658205,93.47000122070312,24.12,56.27000045776367,,7.389999866485596,8.14,68.05000305175781,0.6539999842643738,0.1199999973177909,3.2200000286102295,5.949999809265137,72.00000000000003,418.3500061035156,8.359999656677246,4.980000019073486,26.88999938964844,5.610000133514404,1.9299999475479128,1.090000033378601,4.496000061035156,103.8000030517578,36.655,28.4,169.4199981689453,1.8799999952316284,4.690000057220459,67.06,33.099998474121094,,27.28300048828125,57.46190734863281,33.345001220703125,4.570000171661377,104.12000274658205,9.1899995803833,2.3499999046325684,5.9070000648498535,56.494998931884766,5.565,4588.31005859375,8368.0,5522.2998046875
2024-08-31,11.260000228881836,116.9800033569336,3.109999895095825,0.1400000005960464,2.0999999046325684,6.019999980926514,2.7899999618530273,0.5400000214576721,812.0,0.2649999856948852,132.74,1.215,,475.9200134277344,50.685001373291016,,37.849998474121094,2.1600000858306885,450.385,7.230000019073486,28.049999237060547,,3.740000009536743,26.51,2.1600000858306885,0.795,0.245,,89.54000091552734,39.69499969482422,2.640000104904175,3.5,6.667000122070313,0.0410000011324882,135.64999389648438,6.617499828338623,2.309999942779541,89.44999694824219,10.380000114440918,94.45999908447266,94.83999633789062,23.73,57.150001525878906,,7.880000114440918,8.205999755859375,70.05000305175781,0.5950000286102295,0.1449999958276748,2.490000009536743,5.099999904632568,76.32000160217288,417.1400146484375,8.0,4.75,31.479999542236328,4.28000020980835,2.0199999809265137,0.9470000267028807,4.963999938964844,86.19999694824219,37.07,26.81,169.9199981689453,1.4299999475479126,3.890000104904175,68.12,31.81999969482422,,28.1477001953125,59.02598693847656,32.650001525878906,3.910000085830689,103.5500030517578,6.559999942779541,2.299999952316284,5.761499881744385,59.005001068115234,5.26,4576.72998046875,8376.599609375,5648.39990234375
2024-09-30,17.540000915527344,119.5500030517578,2.299999952316284,0.1550000011920929,1.940000057220459,4.34499979019165,3.1700000762939453,0.5099999904632568,745.5999755859375,0.2249999940395355,115.88,1.15,20.799999237060547,460.260009765625,48.0099983215332,,40.81999969482422,1.9600000381469729,452.58,8.380000114440918,28.1299991607666,,3.4100000858306885,27.47,2.0299999713897705,0.6825,0.185,,90.87000274658205,39.5099983215332,3.049999952316284,2.5299999713897705,6.692000122070312,0.0540000014007091,134.4199981689453,6.929999828338623,2.1700000762939453,90.86000061035156,10.40250015258789,92.38999938964844,97.0,23.915,57.380001068115234,,8.199999809265137,7.992999877929687,70.87999725341797,0.4399999976158142,0.1150000020861625,2.799999952316284,4.369999885559082,66.23999977111819,430.2999877929687,9.550000190734863,5.099999904632568,37.20000076293945,3.869999885559082,1.8200000524520872,0.8820000290870667,5.272000122070312,69.0,38.18,24.25,181.33999633789065,1.350000023841858,4.300000190734863,67.03,31.780000686645508,,29.6756005859375,58.21988708496094,32.42499923706055,4.519999980926514,104.12000274658205,5.849999904632568,1.9049999713897705,5.7829999923706055,57.43000030517578,5.59,4511.0,8237.0,5762.47998046875
2024-10-31,16.100000381469727,117.0500030517578,1.899999976158142,0.1850000023841858,1.712000012397766,3.849999904632568,3.0899999141693115,0.4650000035762787,621.2000122070312,0.2750000059604645,110.42,1.1,23.600000381469727,450.9200134277344,48.72999954223633,,39.14500045776367,1.9600000381469729,471.11,6.829999923706055,26.93000030517578,,2.9000000953674316,27.46,1.9600000381469729,0.72,0.195,,87.79000091552734,37.58000183105469,3.180000066757202,2.815000057220459,7.117000122070312,0.0450000017881393,135.22999572753906,6.789999961853027,2.549999952316284,88.61000061035156,10.135000228881836,92.66000366210938,95.93000030517578,24.855,53.959999084472656,,7.199999809265137,7.882999877929688,69.41999816894531,0.3779999911785126,0.2000000029802322,9.720000267028809,5.119999885559082,120.95999908447271,406.3500061035156,9.399999618530272,5.139999866485596,41.560001373291016,3.880000114440918,3.5,0.7009999752044678,5.354000244140625,64.5999984741211,41.39,25.785,178.39999389648438,1.1799999475479126,5.25,65.8,31.74250030517578,,32.0718994140625,56.90846557617188,31.315000534057617,5.159999847412109,106.4800033569336,6.829999923706055,2.0299999713897705,5.876999855041504,54.9900016784668,5.42,4431.830078125,8110.10009765625,5705.4501953125
2024-11-30,18.760000228881836,121.7699966430664,3.119999885559082,0.2049999982118606,1.9299999475479128,3.2149999141693115,3.3499999046325684,0.4099999964237213,658.4000244140625,0.3149999976158142,106.12,0.995,18.799999237060547,483.0199890136719,49.025001525878906,,37.119998931884766,2.190000057220459,503.32,6.409999847412109,27.209999084472656,,2.240000009536743,27.27,1.9800000190734863,0.73,0.19,,88.95500183105469,38.69499969482422,3.299999952316284,2.559999942779541,7.327000122070313,0.0419999994337558,135.3800048828125,6.832499980926514,2.390000104904175,89.55000305175781,10.107500076293944,93.5199966430664,94.3000030517578,26.26,55.38999938964844,,6.309999942779541,8.085999755859374,71.81999969482422,0.4149999916553497,0.135000005364418,6.539999961853027,5.199999809265137,100.79999542236332,423.4599914550781,8.255000114440918,4.639999866485596,67.08000183105469,3.2899999618530273,3.839999914169311,1.25,5.585999755859375,62.5,40.71,25.315,183.16000366210935,1.159999966621399,5.610000133514404,65.41,32.244998931884766,,29.307900390625,56.559556274414064,31.9950008392334,7.099999904632568,111.7699966430664,6.860000133514404,2.759999990463257,6.330999851226807,54.349998474121094,5.45,4524.8798828125,8287.2998046875,6032.3798828125
2024-12-31,30.700000762939453,117.5,6.260000228881836,0.1850000023841858,1.6299999952316284,3.775000095367432,7.650000095367432,0.449999988079071,678.7000122070312,0.5799999833106995,104.68,0.94,5.789999961853027,453.2799987792969,50.459999084472656,,36.38999938964844,1.590000033378601,501.645,4.170000076293945,26.15999984741211,,1.2699999809265137,27.24,1.8949999809265137,0.76,0.17,,89.0250015258789,36.685001373291016,3.0299999713897705,2.059999942779541,7.852999877929688,0.0399999991059303,134.66000366210938,6.882500171661377,2.799999952316284,87.56999969482422,9.880000114440918,93.75,93.5500030517578,27.36,54.470001220703125,,7.550000190734863,7.930999755859375,69.55000305175781,6.150000095367432,0.135000005364418,4.730000019073486,4.059999942779541,119.52000045776371,421.5,8.0,5.179999828338623,75.62999725341797,2.9200000762939453,2.6500000953674316,2.700000047683716,5.685999755859375,61.29999923706055,40.46,24.76,188.55999755859375,1.8899999856948853,5.050000190734863,65.0,33.310001373291016,,27.58949951171875,54.718753051757815,31.55500030517578,5.349999904632568,111.16000366210938,5.670000076293945,3.5999999046325684,6.034999847412109,50.95000076293945,4.997999877929687,4467.7998046875,8173.0,5881.6298828125
2025-01-31,31.600000381469727,121.19000244140624,4.46999979019165,0.1400000005960464,1.5399999618530271,3.5,6.949999809265137,0.5600000023841858,722.7000122070312,0.3849999904632568,113.44,1.025,4.590000152587891,468.6700134277344,52.18000030517578,,38.5,1.4299999475479126,521.48,3.680000066757202,26.469999313354492,,1.309999942779541,27.92,1.809999942779541,1.005,0.145,,90.12999725341795,36.939998626708984,2.799999952316284,1.840000033378601,8.457000122070312,0.0359999984502792,136.52000427246094,7.190000057220459,2.6500000953674316,88.44000244140625,9.942500114440918,94.62999725341795,94.77999877929688,27.025,55.91999816894531,,6.829999923706055,8.432999877929687,71.87000274658203,3.180000066757202,0.1299999952316284,9.050000190734863,4.800000190734863,119.52000045776371,415.05999755859375,10.800000190734863,6.360000133514404,82.48999786376953,2.799999952316284,2.115000009536743,1.9800000190734863,6.06,46.400001525878906,43.88,26.785,207.4499969482422,1.3899999856948853,6.199999809265137,69.8,34.5525016784668,,30.16139892578125,55.72939086914062,32.099998474121094,4.630000114440918,116.16000366210938,5.449999809265137,2.2699999809265137,6.328000068664551,54.6150016784668,4.922000122070313,4710.580078125,8674.0,6040.52978515625
2025-02-28,43.04999923706055,120.83000183105467,4.239999771118164,0.135000005364418,1.309999942779541,2.7100000381469727,6.394000053405762,0.5099999904632568,678.5999755859375,0.2949999868869781,119.68,0.885,4.630000114440918,513.8300170898438,50.57500076293945,,40.560001373291016,1.1699999570846558,495.785,3.559999942779541,25.86000061035156,,1.919999957084656,27.39,1.7999999523162842,1.05,0.1275,,90.72000122070312,36.5099983215332,2.859999895095825,1.559999942779541,9.335999755859376,0.0350000001490116,138.10000610351562,7.230000019073486,2.5399999618530273,89.23999786376953,10.022500038146973,95.20999908447266,95.4499969482422,25.39,55.54999923706055,,5.789999961853027,8.592000122070312,70.45999908447266,2.880000114440918,0.125,10.850000381469728,4.199999809265137,126.72000503540043,396.989990234375,10.039999961853027,5.420000076293945,84.91999816894531,2.5199999809265137,2.3299999237060547,1.3799999952316284,7.44,58.5,43.96,26.36,221.1999969482422,1.2300000190734863,4.110000133514404,71.49,31.30500030517578,,29.70840087890625,53.9848388671875,31.200000762939453,3.7100000381469727,112.0500030517578,4.079999923706055,2.109999895095825,5.9770002365112305,54.33000183105469,4.46,4754.31982421875,8809.7001953125,5954.5
2025-03-31,38.150001525878906,116.38999938964844,3.859999895095825,0.1599999964237213,1.1959999799728394,2.5,7.210000038146973,0.5299999713897705,606.0,0.3149999976158142,112.54,0.775,3.759999990463257,532.5800170898438,52.04999923706055,,45.08000183105469,0.912999987602234,457.29,2.109999895095825,25.260000228881836,,1.159999966621399,26.95,2.119999885559082,1.02,0.1075,,89.78500366210938,35.560001373291016,2.0299999713897705,1.190000057220459,8.739000244140625,0.0370000004768371,135.22500610351562,7.492499828338623,3.0299999713897705,87.9000015258789,9.93000030517578,91.58999633789062,94.83000183105467,22.52,55.72999954223633,,5.199999809265137,8.349000244140624,67.22000122070312,2.5999999046325684,0.1099999994039535,7.460000038146973,3.559999942779541,110.879997253418,375.3900146484375,6.980000019073486,4.320000171661377,84.4000015258789,1.9900000095367432,1.3300000429153442,1.2000000476837158,7.49,46.099998474121094,46.93,28.25,211.8999938964844,1.0499999523162842,3.609999895095825,69.405,27.607500076293945,,32.4889990234375,55.464697265625,29.825000762939453,5.079999923706055,105.41999816894533,3.380000114440918,1.9149999618530271,5.61299991607666,53.400001525878906,4.186000061035156,4623.6201171875,8582.7998046875,5611.85009765625
2025-04-30,37.70000076293945,116.98999786376952,3.890000104904175,0.1500000059604644,1.3960000276565552,2.4019999504089355,10.5,0.800000011920929,582.5,0.2649999856948852,107.28,0.81,4.199999809265137,533.25,44.44499969482422,,41.130001068115234,0.8510000109672546,439.74,2.200000047683716,25.260000228881836,75.585,1.649999976158142,26.3,1.9600000381469729,0.95,0.11,,87.80000305175781,36.20000076293945,3.2200000286102295,1.2699999809265137,8.32,0.0350000001490116,132.4250030517578,7.179999828338623,2.6600000858306885,87.51000213623047,10.1225004196167,91.93000030517578,95.37000274658205,22.185,58.02000045776367,,4.949999809265137,8.33,67.38999938964844,2.430000066757202,0.1099999994039535,8.960000038146973,3.2850000858306885,93.6000022888184,395.260009765625,6.139999866485596,4.190000057220459,118.44000244140624,1.7300000190734863,1.659999966621399,1.1399999856948853,7.542000122070313,57.5,48.16,24.405,201.9499969482422,1.090000033378601,3.0899999141693115,70.09,26.762500762939453,,30.7381005859375,57.257374877929685,30.700000762939453,4.849999904632568,102.8499984741211,3.559999942779541,1.7649999856948853,5.459000110626221,52.25,4.29,4594.0498046875,8494.900390625,5569.06005859375
2025-05-31,34.29999923706055,123.6500015258789,5.150000095367432,0.1599999964237213,1.3320000171661377,2.200000047683716,14.260000228881836,0.7599999904632568,653.9000244140625,0.3000000119209289,107.2,0.925,3.9600000381469727,503.9599914550781,44.43000030517578,,41.529998779296875,1.059999942779541,465.92,2.1600000858306885,25.219999313354492,74.61,1.7200000286102295,27.29,1.7000000476837158,1.2525,0.14,,88.88999938964844,35.255001068115234,3.130000114440918,1.899999976158142,8.732000122070312,0.0270000007003545,126.81999969482422,7.090000152587891,5.090000152587891,87.86000061035156,9.78499984741211,93.43000030517578,93.41000366210938,24.6275,60.2400016784668,,4.978000164031982,8.657999877929688,70.72000122070312,3.3499999046325684,0.1099999994039535,15.050000190734863,3.200000047683716,93.6000022888184,460.3599853515625,7.650000095367432,4.610000133514404,131.77999877929688,1.1799999475479126,1.659999966621399,1.6799999475479126,8.662000122070312,69.0,47.41,24.495,211.8000030517578,1.559999942779541,3.5999999046325684,72.83,30.13999938964844,,31.5485009765625,56.63174194335937,32.4900016784668,3.880000114440918,108.18000030517578,2.740000009536743,1.8200000524520872,5.736000061035156,50.630001068115234,4.813999938964844,4759.5400390625,8772.400390625,5911.68994140625
2025-06-30,32.25,128.60000610351562,5.889999866485596,0.2000000029802322,1.2799999713897705,1.5180000066757202,16.3700008392334,0.9800000190734864,677.5999755859375,0.2150000035762787,101.2,0.925,4.130000114440918,485.7699890136719,47.95000076293945,,44.85499954223633,1.2599999904632568,481.48,2.5,25.729999542236328,75.33499908447266,2.200000047683716,28.69,1.7400000095367432,1.59,0.24,,89.69000244140625,35.95000076293945,3.359999895095825,1.6200000047683716,8.817999877929687,0.0260000005364418,126.5199966430664,7.273749828338623,5.389999866485596,89.6500015258789,9.912500381469728,93.62999725341795,95.18000030517578,26.47,61.88999938964844,,4.53000020980835,8.542999877929688,73.0,4.03000020980835,0.1049999967217445,13.369999885559082,3.0999999046325684,99.35999679565434,497.4100036621094,7.480000019073486,4.349999904632568,136.32000732421875,2.4700000286102295,2.0399999618530273,1.9600000381469729,9.675999755859376,63.5,46.58,25.535,217.6499938964844,2.190000057220459,4.21999979019165,73.14,34.349998474121094,,34.30360107421875,53.23888916015625,32.939998626708984,3.640000104904175,111.25,3.109999895095825,1.625,5.911499977111816,51.290000915527344,5.265,4772.77978515625,8761.0,6204.9501953125
2025-07-31,30.649999618530273,129.9600067138672,5.190000057220459,0.2750000059604645,2.309999942779541,2.5450000762939453,22.1200008392334,1.2799999713897705,613.0999755859375,0.2899999916553497,113.24,0.905,4.400000095367432,471.8800048828125,52.40999984741211,,38.72999954223633,2.0299999713897705,515.0,4.369999885559082,25.61000061035156,77.94499969482422,2.509999990463257,30.07,1.7400000095367432,1.49,0.21,,90.63999938964844,35.494998931884766,4.349999904632568,1.840000033378601,9.227999877929689,0.0189999993890523,130.75999450683594,7.21875,4.949999809265137,90.19000244140624,9.892499923706056,94.45999908447266,95.38999938964844,29.12,61.119998931884766,,4.800000190734863,8.902999877929688,73.58000183105469,3.0899999141693115,0.1599999964237213,13.479999542236328,3.049999952316284,82.08000183105472,533.5,7.460000038146973,4.21999979019165,158.35000610351562,3.740000009536743,2.0999999046325684,1.4800000190734863,10.72,64.25,48.41,27.11,224.8999938964844,3.190000057220459,4.25,74.39,36.59000015258789,,34.53139892578125,53.034356689453126,33.525001525878906,3.640000104904175,117.4800033569336,3.190000057220459,2.4200000762939453,6.223999977111816,50.57500076293945,4.897999877929687,4957.18017578125,9132.7998046875,6339.39013671875
2025-08-31,40.060001373291016,133.44000244140625,4.46999979019165,0.270000010728836,2.2899999618530273,2.484999895095825,22.790000915527344,1.4500000476837158,636.5999755859375,0.2750000059604645,117.9,0.885,4.929999828338623,502.9800109863281,50.349998474121094,,40.1349983215332,1.8700000047683716,510.22,2.9800000190734863,25.950000762939453,77.005,2.569999933242798,30.14,2.0,1.47,0.205,,91.19000244140624,33.630001068115234,2.940000057220459,0.9710000157356262,9.467000122070312,0.0230000000447034,129.83999633789062,7.34250020980835,5.449999809265137,91.06999969482422,9.787500381469728,94.41000366210938,96.72000122070312,28.36,64.88999938964844,,5.239999771118164,9.014000244140624,74.94999694824219,2.690000057220459,0.1599999964237213,15.130000114440918,2.9000000953674316,86.39999771118167,506.69000244140625,6.239999771118164,5.21999979019165,156.7100067138672,3.240000009536743,2.25,1.1200000047683716,10.7,80.4000015258789,49.54,27.24,236.6000061035156,4.329999923706055,4.150000095367432,75.29,35.99250030517578,,36.9852001953125,55.97001342773437,33.10499954223633,4.139999866485596,117.31999969482422,3.359999895095825,2.8299999237060547,6.372000217437744,52.224998474121094,5.165,4972.7900390625,9187.2998046875,6460.259765625
2025-09-30,42.2599983215332,138.24000549316406,5.170000076293945,0.2549999952316284,2.359999895095825,2.8299999237060547,16.100000381469727,2.5899999141693115,828.0999755859375,0.2599999904632568,111.82,0.9940000152587892,5.880000114440918,502.739990234375,49.630001068115234,6.920000076293945,42.61000061035156,2.3299999237060547,528.86,3.559999942779541,27.309999465942383,81.585,3.4700000286102295,32.14,1.919999957084656,1.19,0.215,10.100000381469728,91.88500213623048,34.220001220703125,3.680000066757202,1.590000033378601,10.45,0.0199999995529651,131.64500427246094,7.542500019073486,5.199999809265137,92.23999786376952,9.854999542236328,92.44000244140624,97.58999633789062,30.53,66.12999725341797,,5.019999980926514,9.084000244140624,76.86000061035156,3.740000009536743,0.1449999958276748,21.209999084472656,2.815000057220459,100.79999542236332,517.9500122070312,4.599999904632568,5.179999828338623,182.4199981689453,5.539999961853027,2.130000114440918,1.409999966621399,11.9,86.19999694824219,55.45,26.465,229.1999969482422,3.4700000286102295,6.570000171661377,77.07,40.525001525878906,,44.007998046875,52.93810546875,33.4900016784668,6.0,121.66000366210938,4.670000076293945,3.180000066757202,6.491000175476074,52.33000183105469,5.705,5061.72998046875,9350.400390625,6688.4599609375
2025-10-31,34.84000015258789,141.41000366210938,4.75,0.1949999928474426,3.0850000381469727,3.0199999809265137,16.309999465942383,3.180000066757202,918.0999755859376,0.4650000035762787,124.7,0.985,7.570000171661377,477.5400085449219,48.78499984741211,7.639999866485596,44.84000015258789,2.4200000762939453,557.43,4.900000095367432,28.3700008392334,87.15,3.0799999237060547,34.11,1.8450000286102295,1.36,0.26,10.479999542236328,89.80999755859375,36.04999923706055,9.09000015258789,1.2300000190734863,10.634000244140625,0.0209999997168779,135.47000122070312,7.727499961853027,4.590000152587891,93.5,10.13249969482422,92.63999938964844,97.69000244140624,33.39,68.2699966430664,,5.610000133514404,9.472999877929688,77.95500183105469,7.420000076293945,0.1599999964237213,26.829999923706055,2.9000000953674316,110.879997253418,517.8099975585938,5.190000057220459,4.28000020980835,200.47000122070312,4.940000057220459,2.75,2.1500000953674316,11.67,85.8499984741211,58.91,28.475,245.5500030517578,6.28000020980835,10.34000015258789,79.63,47.01499938964844,,46.6539013671875,55.212039184570315,33.810001373291016,6.730000019073486,127.72000122070312,4.670000076293945,5.440000057220459,6.686500072479248,54.38999938964844,5.895,5240.2099609375,9717.2998046875,6840.2001953125
2025-11-30,32.7599983215332,141.47000122070312,3.680000066757202,0.1700000017881393,4.434999942779541,3.2950000762939453,14.020000457763672,2.4800000190734863,903.4000244140624,0.3799999952316284,139.74,1.025,9.489999771118164,513.8099975585938,48.0099983215332,7.03000020980835,46.09000015258789,1.940000057220459,552.83,3.609999895095825,28.90999984741211,88.315,2.4100000858306885,33.33,1.919999957084656,1.31,0.2079999923706054,10.399999618530272,89.8499984741211,36.130001068115234,6.360000133514404,1.5700000524520874,10.70199951171875,0.0219999998807907,132.9199981689453,8.0,6.329999923706055,93.44000244140624,9.917499542236328,92.97000122070312,95.54000091552734,31.53,68.41000366210938,9.4399995803833,3.75,9.505999755859376,78.7300033569336,4.46999979019165,0.1449999958276748,16.260000228881836,3.200000047683716,102.2400054931641,492.010009765625,4.800000190734863,4.420000076293945,168.4499969482422,3.819999933242798,2.3399999141693115,1.409999966621399,10.68,72.5,61.73,27.835,228.3000030517578,5.199999809265137,8.609999656677246,80.09,45.32500076293945,,51.3627978515625,54.67062744140625,33.90999984741211,5.028654098510742,126.73999786376952,4.090000152587891,3.9200000762939458,6.76200008392334,58.97999954223633,5.23,5241.31005859375,9720.5,6849.08984375
2025-12-31,36.599998474121094,141.49000549316406,2.890000104904175,0.1749999970197677,4.195000171661377,4.735000133514404,17.170000076293945,2.1600000858306885,921.4000244140624,0.3400000035762787,137.9,0.875,13.229999542236328,502.6499938964844,47.2599983215332,5.119999885559082,49.625,1.590000033378601,548.66,3.380000114440918,28.059999465942383,87.8,2.049999952316284,33.6,1.7799999713897705,1.76,0.1825,10.149999618530272,90.23999786376952,36.06999969482422,6.210000038146973,2.200000047683716,11.73800048828125,0.0219999998807907,130.3300018310547,8.015000343322754,6.679999828338623,93.68000030517578,9.912500381469728,93.48999786376952,96.3000030517578,31.31,69.33000183105469,6.110000133514404,3.0899999141693115,9.667000122070313,80.18000030517578,3.7799999713897705,0.1550000011920929,12.640000343322754,3.384999990463257,95.0400009155274,483.6199951171875,4.599999904632568,4.485000133514404,177.75,3.4700000286102295,2.0199999809265137,1.100000023841858,11.5,78.75,62.17,27.4,239.1499938964844,4.25,8.630000114440918,81.82,46.22999954223633,,68.5760009765625,48.595,34.19499969482422,4.409999847412109,126.66000366210938,3.930000066757202,5.059999942779541,6.750500202178955,58.720001220703125,5.92,5350.3798828125,9931.400390625,6845.5
2026-01-31,34.099998474121094,145.5,3.109999895095825,0.1899999976158142,3.25,4.139999866485596,15.789999961853027,3.640000104904175,1215.5999755859375,0.3849999904632568,136.0,0.875,18.989999771118164,480.5299987792969,54.11000061035156,3.3450000286102295,52.02000045776367,1.409999966621399,541.99,3.069999933242798,29.190000534057617,91.13,1.9900000095367432,35.52,1.7699999809265137,1.89,0.19,10.779999732971191,89.7300033569336,35.90999984741211,7.21999979019165,0.4600000083446502,12.854000244140623,0.0179999992251396,127.16999816894533,8.949999809265137,5.679999828338623,93.13999938964844,9.9375,93.62999725341795,96.36000061035156,30.16,73.29000091552734,9.109999656677246,5.034999847412109,9.965999755859375,82.44999694824219,4.110000133514404,0.1500000059604644,15.390000343322754,3.2799999713897705,185.6400032043458,430.2900085449219,4.75,4.320000171661377,146.58999633789062,3.809999942779541,1.6200000047683716,1.1299999952316284,12.11,81.75,70.55,27.94,256.29998779296875,4.480000019073486,6.980000019073486,83.93,52.91999816894531,,98.280498046875,49.405,35.47999954223633,4.019999980926514,127.33999633789062,3.900000095367432,5.300000190734863,6.964000225067139,58.9900016784668,6.83,5511.52001953125,10223.5,6939.02978515625
2026-02-28,36.099998474121094,147.3800048828125,2.7300000190734863,0.1500000059604644,3.444999933242798,4.855000019073486,15.470000267028809,3.369999885559082,1233.4000244140625,0.3549999892711639,155.42,0.8,22.270000457763672,504.9500122070313,56.560001373291016,3.3299999237060547,52.61000061035156,1.899999976158142,548.22,3.609999895095825,31.469999313354492,99.635,2.200000047683716,38.08,1.7649999856948853,2.02,0.18,10.4399995803833,90.0,36.560001373291016,8.15999984741211,0.4690000116825104,13.935999755859376,0.0160000007599592,132.67999267578125,8.87874984741211,4.860000133514404,94.23999786376952,10.15999984741211,93.61000061035156,95.47000122070312,29.53,79.68000030517578,6.900000095367432,3.5850000381469727,10.675999755859374,83.61000061035156,3.930000066757202,0.1299999952316284,12.93000030517578,3.869999885559082,17.010000228881836,392.739990234375,4.079999923706055,4.199999809265137,137.19000244140625,4.619999885559082,1.590000033378601,0.9559999704360962,13.335,60.099998474121094,75.41,30.735,247.3999938964844,3.5399999618530273,6.900000095367432,88.43,53.380001068115234,,85.680400390625,54.67,36.2400016784668,3.740000009536743,131.60000610351562,4.099999904632568,4.980000019073486,7.375,60.5099983215332,6.36,5851.47998046875,10910.599609375,6878.8798828125
2026-03-31,34.81999969482422,138.3699951171875,2.259999990463257,0.2000000029802322,2.8350000381469727,4.539999961853027,13.09000015258789,3.3399999141693115,1119.199951171875,0.3100000023841858,146.9,0.625,17.489999771118164,479.2000122070313,84.80000305175781,2.6700000762939453,48.45500183105469,1.899999976158142,524.0,3.0999999046325684,30.149999618530273,96.425,2.4700000286102295,34.32,1.5800000429153442,1.92,0.13,10.15999984741211,87.73999786376953,33.90999984741211,5.139999866485596,0.4580000042915344,12.215999755859375,0.0149999996647238,132.15499877929688,9.987500190734863,6.989999771118164,90.02999877929688,9.762499809265137,89.05000305175781,93.47000122070312,28.09,70.80999755859375,6.005000114440918,2.8299999237060547,9.957000122070312,77.12999725341797,2.619999885559082,0.1199999973177909,10.65999984741211,3.119999885559082,7.940000057220459,370.1700134277344,2.9200000762939453,3.315000057220459,146.27999877929688,3.4800000190734863,1.6200000047683716,0.7739999890327454,11.32,53.95000076293945,67.86,35.83,205.6999969482422,3.0,5.289999961853027,81.08,49.084999084472656,,53.17,41.99,32.26499938964844,3.190000057220459,123.66000366210938,3.859999895095825,3.650000095367432,6.877999782562256,55.4900016784668,5.965,5430.68994140625,10176.5,6528.52001953125
2026-04-30,33.29999923706055,151.5399932861328,2.240000009536743,0.1749999970197677,3.325999975204468,4.835000038146973,23.290000915527344,4.860000133514404,1222.4000244140625,0.2949999868869781,139.48,0.625,16.850000381469727,473.6000061035156,93.45999908447266,2.8499999046325684,51.470001220703125,1.8799999952316284,566.89,2.8299999237060547,30.559999465942383,94.04,3.0,38.22,1.7799999713897705,2.91,0.1679999923706054,10.369999885559082,88.48999786376953,33.31999969482422,7.449999809265137,0.6380000114440918,13.49,0.0149999996647238,128.3800048828125,10.295000076293944,7.989999771118164,92.41000366210938,9.725000381469728,90.91999816894533,95.45999908447266,32.74,75.91000366210938,7.260000228881836,3.819999933242798,10.177999877929688,83.91999816894531,2.9000000953674316,0.1299999952316284,13.050000190734863,3.2100000381469727,10.75,407.7799987792969,2.950000047683716,2.6600000858306885,139.11000061035156,3.5450000762939453,1.5700000524520874,0.9810000061988832,11.82,64.3499984741211,66.05,33.26,252.5500030517578,3.450000047683716,5.570000171661377,84.45,65.95999908447266,,51.38,42.97,34.369998931884766,3.869999885559082,132.97999572753906,3.7300000190734863,4.25,7.323999881744385,55.54499816894531,6.065,5562.77978515625,10378.7998046875,7209.009765625
2026-05-31,31.63999938964844,158.5399932861328,3.0199999809265137,0.1550000011920929,3.075999975204468,5.320000171661377,21.579999923706055,4.329999923706055,1384.800048828125,0.395000010728836,138.02,0.61,17.290000915527344,474.4800109863281,81.7300033569336,4.820000171661377,55.470001220703125,2.359999895095825,605.4,2.490000009536743,31.0,96.465,3.4600000381469727,41.6,1.7200000286102295,3.9,0.175,10.65999984741211,89.3499984741211,34.31999969482422,9.93000030517578,0.8059999942779541,13.935999755859376,0.0149999996647238,126.6999969482422,9.982500076293944,4.420000076293945,92.81999969482422,9.670000076293944,91.91000366210938,94.5,38.39,79.7300033569336,9.130000114440918,7.440000057220459,10.254000244140624,86.7699966430664,3.4800000190734863,0.1500000059604644,11.479999542236328,3.140000104904175,10.100000381469728,450.239990234375,2.9800000190734863,2.700000047683716,156.5399932861328,3.549999952316284,1.5800000429153442,1.190000057220459,13.374000244140625,97.75,65.91,31.18,269.79998779296875,3.309999942779541,6.170000076293945,87.53,82.55000305175781,,53.59,42.055,36.084999084472656,3.990000009536743,141.36000061035156,3.869999885559082,7.25,7.704999923706055,56.72999954223633,5.69,5604.02978515625,10409.2998046875,7580.06005859375
2026-06-30,22.219999313354492,156.97000122070312,2.390000104904175,0.1299999952316284,2.5840001106262207,4.804999828338623,22.079999923706055,4.119999885559082,1721.4000244140625,0.3100000023841858,141.0,0.625,24.510000228881836,500.3900146484375,67.87999725341797,5.389999866485596,53.869998931884766,1.7599999904632568,607.15,2.140000104904175,30.61000061035156,97.55,3.240000009536743,42.03,1.5149999856948853,2.78,0.18,10.260000228881836,89.33999633789062,34.66999816894531,7.730000019073486,0.7940000295639038,14.30800048828125,0.0170000009238719,129.2949981689453,9.100000381469728,4.099999904632568,93.1999969482422,9.737500190734863,91.1999969482422,94.66000366210938,37.53,80.19999694824219,7.079999923706055,5.360000133514404,10.215999755859375,87.76000213623047,3.1500000953674316,0.125,8.789999961853027,3.130000114440918,10.65999984741211,373.0199890136719,1.690000057220459,2.515000104904175,116.66999816894533,3.690000057220459,1.8600000143051147,0.8849999904632568,14.445999755859376,93.9000015258789,58.95,29.33,281.1499938964844,2.5899999141693115,5.300000190734863,89.73,94.05999755859376,170.86000061035156,42.85,45.275,35.02000045776367,3.049999952316284,142.3000030517578,3.5,8.350000381469727,7.948999881744385,59.720001220703125,5.27,5635.0498046875,10497.099609375,7499.35986328125
2026-07-31,23.81999969482422,156.42999267578125,1.75,0.1024999991059303,2.4679999351501465,4.135000228881836,16.200000762939453,3.609999895095825,1434.199951171875,0.2150000035762787,126.32,0.665,9.039999961853027,511.5400085449219,79.3499984741211,3.4700000286102295,55.849998474121094,1.4600000381469729,594.75,2.369999885559082,30.920000076293945,96.57,2.5799999237060547,38.78,1.5950000286102295,2.38,0.195,10.09000015258789,88.08999633789062,33.32500076293945,5.610000133514404,0.6850000023841858,15.76,0.0140000004321336,125.26000213623048,9.789999961853027,3.609999895095825,90.9499969482422,9.577500343322754,90.76499938964844,94.3499984741211,35.53,79.37999725341797,4.909999847412109,3.700000047683716,10.59,87.7699966430664,2.359999895095825,0.1299999952316284,8.239999771118164,3.3299999237060547,14.0,464.7200012207031,1.399999976158142,2.3299999237060547,123.05999755859376,2.9200000762939453,1.7200000286102295,0.7120000123977661,14.67800048828125,83.0,58.19,33.835,282.6499938964844,2.059999942779541,4.610000133514404,89.88,75.83000183105469,108.37000274658205,40.48,47.43,36.60499954223633,2.549999952316284,139.16000366210938,3.0299999713897705,4.309999942779541,7.625999927520752,60.41999816894531,5.475,5699.8701171875,10868.099609375,7489.72021484375
2026-08-31,18.829999923706055,161.08999633789062,2.0899999141693115,0.135000005364418,3.0420000553131104,4.449999809265137,13.140000343322754,3.910000085830689,1494.4000244140625,0.1800000071525573,119.7,0.645,9.649999618530272,505.0,82.80500030517578,3.3299999237060547,56.83000183105469,1.6200000047683716,617.18,2.509999990463257,31.40999984741211,98.13,3.1600000858306885,40.88,1.6699999570846558,2.355,0.185,7.03000020980835,88.7699966430664,32.52000045776367,5.699999809265137,0.6589999794960022,15.284000244140625,0.0070000002160668,125.0,10.460000038146973,2.8399999141693115,91.5500030517578,9.600000381469728,91.26000213623048,93.9000015258789,38.27,83.16999816894531,5.099999904632568,4.690000057220459,10.61,90.91999816894533,2.4800000190734863,0.1550000011920929,7.550000190734863,3.630000114440918,12.109999656677246,513.530029296875,1.600000023841858,2.4700000286102295,186.2899932861328,3.609999895095825,2.2899999618530273,0.7799999713897705,15.30199951171875,56.650001525878906,65.19,33.445,289.8500061035156,2.3299999237060547,5.960000038146973,91.04,77.5199966430664,141.5,48.55,47.76,38.30500030517578,2.7100000381469727,144.22000122070312,3.5399999618530273,3.75,7.873000144958496,63.040000915527344,5.85,,10824.2998046875,7711.759765625
2026-09-16,16.09000015258789,157.61000061035156,1.9049999713897705,0.135000005364418,1.1510000228881836,3.785000085830689,13.43000030517578,3.660000085830689,1396.199951171875,0.1850000023841858,121.36,0.625,7.75,519.7999877929688,98.87,2.630000114440918,55.32,1.25,610.62,2.0899999141693115,32.119998931884766,100.22,2.7100000381469727,40.48,1.7350000143051147,2.33,0.145,7.840000152587891,88.04,32.165000915527344,4.809999942779541,0.5630000233650208,15.07800048828125,0.006000000052154,123.92,10.9,2.380000114440918,90.13,9.52750015258789,90.25,92.83,37.99,84.61,4.25,3.890000104904175,10.462,88.45,2.190000057220459,0.1500000059604644,6.46999979019165,3.2100000381469727,13.0,490.2999877929687,1.5499999523162842,2.799999952316284,174.33999633789062,3.0,1.8600000143051147,0.7300000190734863,14.405999755859376,53.04999923706055,62.7,35.765,260.5,2.390000104904175,4.389999866485596,88.75,76.78,150.8800048828125,45.64,46.4,36.96,2.240000009536743,142.66,3.049999952316284,3.049999952316284,7.717,61.7,5.595,,10688.5,7551.81005859375
