ts,symbol,side,qty,price
2021-09-16T21:00:00+00:00,AL3.AX,BUY,2588.0000,364.2100
2021-09-16T21:00:00+00:00,ALCLS.PA,BUY,753.0000,1252.0400
2021-09-16T21:00:00+00:00,ALMDT.PA,BUY,741.0000,1272.2300
2021-09-16T21:00:00+00:00,AXE.AX,BUY,1066.0000,884.4600
2021-09-16T21:00:00+00:00,AZN.L,BUY,7248.0000,120.7600
2021-09-16T21:00:00+00:00,BGO.L,BUY,2437.0000,386.8400
2021-09-16T21:00:00+00:00,BRK-B,BUY,9493.0000,121.7000
2021-09-16T21:00:00+00:00,BRNT.L,BUY,27604.0000,152.1700
2021-09-16T21:00:00+00:00,DBMG.L,BUY,69744.0000,110.2400
2021-09-16T21:00:00+00:00,EDIT,BUY,164.0000,5723.8300
2021-09-16T21:00:00+00:00,EMV.AX,BUY,3573.0000,263.8600
2021-09-16T21:00:00+00:00,FTC.L,BUY,6243.0000,151.0100
2021-09-16T21:00:00+00:00,GSIT,BUY,2748.0000,343.0400
2021-09-16T21:00:00+00:00,HSBA.L,BUY,39609.0000,102.5400
2021-09-16T21:00:00+00:00,IBTM.L,BUY,72767.0000,111.6300
2021-09-16T21:00:00+00:00,IDN,BUY,1705.0000,552.9000
2021-09-16T21:00:00+00:00,IITU.L,BUY,34774.0000,126.0100
2021-09-16T21:00:00+00:00,IPWR,BUY,1723.0000,547.1600
2021-09-16T21:00:00+00:00,ISF.L,BUY,97601.0000,112.6500
2021-09-16T21:00:00+00:00,LTBR,BUY,4514.0000,208.8400
2021-09-16T21:00:00+00:00,MOLN.SW,BUY,1664.0000,566.4400
2021-09-16T21:00:00+00:00,MSCL.TO,BUY,1561.0000,603.7100
2021-09-16T21:00:00+00:00,PLTR,BUY,9915.0000,409.6300
2021-09-16T21:00:00+00:00,PRQR,BUY,720.0000,1307.8400
2021-09-16T21:00:00+00:00,QSI,BUY,758.0000,1243.8700
2021-09-16T21:00:00+00:00,RR.L,BUY,24669.0000,164.6400
2021-09-16T21:00:00+00:00,SEYE.ST,BUY,1679.0000,561.2900
2021-09-16T21:00:00+00:00,SGLN.L,BUY,115146.0000,104.6100
2021-09-16T21:00:00+00:00,SHEL.L,BUY,34965.0000,116.1600
2021-09-16T21:00:00+00:00,SLX.AX,BUY,3756.0000,250.9900
2021-09-16T21:00:00+00:00,SMGB.L,BUY,102856.0000,131.1400
2021-09-16T21:00:00+00:00,VUL.AX,BUY,1250.0000,753.7200
2021-09-16T21:00:00+00:00,VYGR,BUY,7822.0000,120.5300
2021-09-16T21:00:00+00:00,WBT.AX,BUY,3773.0000,249.8500
2021-10-15T21:00:00+00:00,AL3.AX,BUY,91.0000,361.3700
2021-10-15T21:00:00+00:00,ALCLS.PA,BUY,215.0000,1000.1100
2021-10-15T21:00:00+00:00,ALMDT.PA,SELL,36.0000,1373.1800
2021-10-15T21:00:00+00:00,AXE.AX,SELL,5.0000,912.1900
2021-10-15T21:00:00+00:00,AZN.L,SELL,357.0000,130.4600
2021-10-15T21:00:00+00:00,BGO.L,BUY,716.0000,307.0200
2021-10-15T21:00:00+00:00,BRK-B,SELL,97.0000,126.2800
2021-10-15T21:00:00+00:00,BRNT.L,SELL,3133.0000,176.2900
2021-10-15T21:00:00+00:00,DBMG.L,BUY,669.0000,112.1400
2021-10-15T21:00:00+00:00,EDIT,BUY,103.0000,3614.5300
2021-10-15T21:00:00+00:00,EMV.AX,SELL,23.0000,272.7500
2021-10-15T21:00:00+00:00,FTC.L,BUY,627.0000,140.9400
2021-10-15T21:00:00+00:00,GSIT,BUY,369.0000,310.6500
2021-10-15T21:00:00+00:00,HSBA.L,SELL,5048.0000,120.6900
2021-10-15T21:00:00+00:00,IBTM.L,BUY,3252.0000,109.7400
2021-10-15T21:00:00+00:00,IDN,BUY,96.0000,537.6500
2021-10-15T21:00:00+00:00,IITU.L,BUY,1115.0000,125.3900
2021-10-15T21:00:00+00:00,IPWR,BUY,71.0000,539.5400
2021-10-15T21:00:00+00:00,ISF.L,SELL,377.0000,116.1400
2021-10-15T21:00:00+00:00,LTBR,SELL,820.0000,262.0900
2021-10-15T21:00:00+00:00,MOLN.SW,BUY,52.0000,564.2400
2021-10-15T21:00:00+00:00,MSCL.TO,SELL,186.0000,703.8700
2021-10-15T21:00:00+00:00,PLTR,BUY,2074.0000,347.9000
2021-10-15T21:00:00+00:00,PRQR,BUY,44.0000,1267.1700
2021-10-15T21:00:00+00:00,QSI,BUY,10.0000,1260.2500
2021-10-15T21:00:00+00:00,RR.L,SELL,5557.0000,218.2400
2021-10-15T21:00:00+00:00,SEYE.ST,BUY,234.0000,506.1000
2021-10-15T21:00:00+00:00,SGLN.L,BUY,1724.0000,105.8500
2021-10-15T21:00:00+00:00,SHEL.L,SELL,5294.0000,140.5800
2021-10-15T21:00:00+00:00,SLX.AX,BUY,838.0000,210.7400
2021-10-15T21:00:00+00:00,SMGB.L,BUY,6626.0000,126.5300
2021-10-15T21:00:00+00:00,VUL.AX,BUY,337.0000,609.8000
2021-10-15T21:00:00+00:00,VYGR,SELL,1963.0000,165.2500
2021-10-15T21:00:00+00:00,WBT.AX,SELL,415.0000,288.3400
2021-11-15T21:00:00+00:00,AL3.AX,BUY,106.0000,364.1100
2021-11-15T21:00:00+00:00,ALCLS.PA,BUY,64.0000,982.3100
2021-11-15T21:00:00+00:00,ALMDT.PA,BUY,49.0000,1344.2900
2021-11-15T21:00:00+00:00,AXE.AX,BUY,100.0000,873.1400
2021-11-15T21:00:00+00:00,AZN.L,BUY,187.0000,133.0300
2021-11-15T21:00:00+00:00,BGO.L,SELL,143.0000,336.8400
2021-11-15T21:00:00+00:00,BRK-B,BUY,248.0000,128.8600
2021-11-15T21:00:00+00:00,BRNT.L,BUY,1524.0000,173.8200
2021-11-15T21:00:00+00:00,DBMG.L,BUY,214.0000,117.1000
2021-11-15T21:00:00+00:00,EDIT,BUY,23.0000,3485.7500
2021-11-15T21:00:00+00:00,EMV.AX,BUY,572.0000,246.0400
2021-11-15T21:00:00+00:00,FTC.L,SELL,440.0000,157.7200
2021-11-15T21:00:00+00:00,GSIT,SELL,464.0000,382.2800
2021-11-15T21:00:00+00:00,HSBA.L,BUY,1429.0000,121.3900
2021-11-15T21:00:00+00:00,IBTM.L,BUY,1886.0000,112.1600
2021-11-15T21:00:00+00:00,IDN,BUY,836.0000,384.5000
2021-11-15T21:00:00+00:00,IITU.L,SELL,1726.0000,137.9700
2021-11-15T21:00:00+00:00,IPWR,SELL,44.0000,579.4900
2021-11-15T21:00:00+00:00,ISF.L,BUY,2910.0000,118.1100
2021-11-15T21:00:00+00:00,LTBR,SELL,1801.0000,535.7200
2021-11-15T21:00:00+00:00,MOLN.SW,BUY,605.0000,436.9200
2021-11-15T21:00:00+00:00,MSCL.TO,BUY,254.0000,622.2800
2021-11-15T21:00:00+00:00,PLTR,BUY,648.0000,345.7200
2021-11-15T21:00:00+00:00,PRQR,BUY,33.0000,1271.3000
2021-11-15T21:00:00+00:00,QSI,BUY,93.0000,1177.9000
2021-11-15T21:00:00+00:00,RR.L,BUY,985.0000,217.3900
2021-11-15T21:00:00+00:00,SEYE.ST,SELL,354.0000,650.5100
2021-11-15T21:00:00+00:00,SGLN.L,SELL,3231.0000,114.0200
2021-11-15T21:00:00+00:00,SHEL.L,BUY,2826.0000,134.4400
2021-11-15T21:00:00+00:00,SLX.AX,BUY,217.0000,210.8100
2021-11-15T21:00:00+00:00,SMGB.L,SELL,11113.0000,147.5000
2021-11-15T21:00:00+00:00,VUL.AX,BUY,216.0000,562.3300
2021-11-15T21:00:00+00:00,VYGR,BUY,1363.0000,140.4300
2021-11-15T21:00:00+00:00,WBT.AX,BUY,324.0000,275.4100
2021-12-14T21:00:00+00:00,AL3.AX,BUY,63.0000,337.1000
2021-12-14T21:00:00+00:00,ALCLS.PA,BUY,218.0000,767.7600
2021-12-14T21:00:00+00:00,ALMDT.PA,SELL,1.0000,1274.6400
2021-12-14T21:00:00+00:00,AXE.AX,BUY,363.0000,629.6800
2021-12-14T21:00:00+00:00,AZN.L,BUY,225.0000,122.0500
2021-12-14T21:00:00+00:00,BGO.L,SELL,153.0000,335.9600
2021-12-14T21:00:00+00:00,BRK-B,SELL,968.0000,135.6100
2021-12-14T21:00:00+00:00,BRNT.L,BUY,208.0000,163.2500
2021-12-14T21:00:00+00:00,DBMG.L,SELL,2222.0000,114.4600
2021-12-14T21:00:00+00:00,EDIT,BUY,51.0000,2814.6400
2021-12-14T21:00:00+00:00,EMV.AX,SELL,230.0000,246.6400
2021-12-14T21:00:00+00:00,FTC.L,SELL,72.0000,151.0100
2021-12-14T21:00:00+00:00,GSIT,BUY,530.0000,301.6300
2021-12-14T21:00:00+00:00,HSBA.L,SELL,1760.0000,120.8300
2021-12-14T21:00:00+00:00,IBTM.L,SELL,6136.0000,115.2600
2021-12-14T21:00:00+00:00,IDN,BUY,140.0000,345.7500
2021-12-14T21:00:00+00:00,IITU.L,SELL,2469.0000,140.7900
2021-12-14T21:00:00+00:00,IPWR,BUY,818.0000,373.8400
2021-12-14T21:00:00+00:00,ISF.L,SELL,3720.0000,116.1300
2021-12-14T21:00:00+00:00,LTBR,BUY,1582.0000,276.3000
2021-12-14T21:00:00+00:00,MOLN.SW,SELL,292.0000,473.0500
2021-12-14T21:00:00+00:00,MSCL.TO,BUY,262.0000,507.5900
2021-12-14T21:00:00+00:00,PLTR,BUY,2160.0000,279.5200
2021-12-14T21:00:00+00:00,PRQR,BUY,78.0000,1096.2500
2021-12-14T21:00:00+00:00,QSI,BUY,210.0000,895.9000
2021-12-14T21:00:00+00:00,RR.L,BUY,3291.0000,176.8400
2021-12-14T21:00:00+00:00,SEYE.ST,BUY,90.0000,582.1700
2021-12-14T21:00:00+00:00,SGLN.L,SELL,2145.0000,110.0200
2021-12-14T21:00:00+00:00,SHEL.L,SELL,647.0000,129.8600
2021-12-14T21:00:00+00:00,SLX.AX,BUY,892.0000,168.3500
2021-12-14T21:00:00+00:00,SMGB.L,SELL,4703.0000,146.6500
2021-12-14T21:00:00+00:00,VUL.AX,SELL,299.0000,638.2500
2021-12-14T21:00:00+00:00,VYGR,BUY,1091.0000,115.4900
2021-12-14T21:00:00+00:00,WBT.AX,BUY,475.0000,230.9700
2022-01-17T21:00:00+00:00,AL3.AX,BUY,201.0000,318.6500
2022-01-17T21:00:00+00:00,ALCLS.PA,BUY,138.0000,699.8100
2022-01-17T21:00:00+00:00,ALMDT.PA,BUY,3.0000,1284.6000
2022-01-17T21:00:00+00:00,AXE.AX,SELL,100.0000,682.3200
2022-01-17T21:00:00+00:00,AZN.L,SELL,368.0000,130.0900
2022-01-17T21:00:00+00:00,BGO.L,BUY,20.0000,337.7200
2022-01-17T21:00:00+00:00,BRK-B,SELL,380.0000,143.5500
2022-01-17T21:00:00+00:00,BRNT.L,SELL,2738.0000,184.5200
2022-01-17T21:00:00+00:00,DBMG.L,BUY,2781.0000,111.3300
2022-01-17T21:00:00+00:00,EDIT,BUY,123.0000,2094.1600
2022-01-17T21:00:00+00:00,EMV.AX,BUY,461.0000,223.2500
2022-01-17T21:00:00+00:00,FTC.L,SELL,62.0000,154.3600
2022-01-17T21:00:00+00:00,GSIT,BUY,105.0000,295.5300
2022-01-17T21:00:00+00:00,HSBA.L,SELL,5212.0000,144.2700
2022-01-17T21:00:00+00:00,IBTM.L,BUY,5394.0000,108.5100
2022-01-17T21:00:00+00:00,IDN,BUY,259.0000,320.0400
2022-01-17T21:00:00+00:00,IITU.L,BUY,1887.0000,134.5000
2022-01-17T21:00:00+00:00,IPWR,BUY,269.0000,342.5500
2022-01-17T21:00:00+00:00,ISF.L,SELL,3953.0000,122.5700
2022-01-17T21:00:00+00:00,LTBR,BUY,152.0000,267.8900
2022-01-17T21:00:00+00:00,MOLN.SW,SELL,696.0000,729.0000
2022-01-17T21:00:00+00:00,MSCL.TO,BUY,389.0000,426.2000
2022-01-17T21:00:00+00:00,PLTR,BUY,3301.0000,231.3200
2022-01-17T21:00:00+00:00,PRQR,BUY,21.0000,1083.5200
2022-01-17T21:00:00+00:00,QSI,BUY,68.0000,853.0000
2022-01-17T21:00:00+00:00,RR.L,SELL,1362.0000,190.0700
2022-01-17T21:00:00+00:00,SEYE.ST,BUY,585.0000,434.9300
2022-01-17T21:00:00+00:00,SGLN.L,BUY,1988.0000,109.4100
2022-01-17T21:00:00+00:00,SHEL.L,SELL,3521.0000,147.7800
2022-01-17T21:00:00+00:00,SLX.AX,SELL,806.0000,198.4400
2022-01-17T21:00:00+00:00,SMGB.L,SELL,666.0000,149.5000
2022-01-17T21:00:00+00:00,VUL.AX,BUY,444.0000,498.8900
2022-01-17T21:00:00+00:00,VYGR,SELL,85.0000,118.1100
2022-01-17T21:00:00+00:00,WBT.AX,SELL,602.0000,273.3300
2022-02-15T21:00:00+00:00,AL3.AX,BUY,386.0000,274.3300
2022-02-15T21:00:00+00:00,ALCLS.PA,BUY,352.0000,541.5600
2022-02-15T21:00:00+00:00,ALMDT.PA,BUY,78.0000,1130.0100
2022-02-15T21:00:00+00:00,AXE.AX,BUY,252.0000,562.2800
2022-02-15T21:00:00+00:00,AZN.L,SELL,281.0000,131.5000
2022-02-15T21:00:00+00:00,BGO.L,SELL,72.0000,335.9600
2022-02-15T21:00:00+00:00,BRK-B,SELL,158.0000,141.9100
2022-02-15T21:00:00+00:00,BRNT.L,SELL,2435.0000,199.6700
2022-02-15T21:00:00+00:00,DBMG.L,SELL,4810.0000,115.7900
2022-02-15T21:00:00+00:00,EDIT,BUY,125.0000,1598.8000
2022-02-15T21:00:00+00:00,EMV.AX,BUY,910.0000,179.0700
2022-02-15T21:00:00+00:00,FTC.L,SELL,321.0000,157.7200
2022-02-15T21:00:00+00:00,GSIT,BUY,143.0000,274.6300
2022-02-15T21:00:00+00:00,HSBA.L,SELL,2692.0000,154.2200
2022-02-15T21:00:00+00:00,IBTM.L,SELL,1656.0000,107.5400
2022-02-15T21:00:00+00:00,IDN,BUY,876.0000,240.8700
2022-02-15T21:00:00+00:00,IITU.L,BUY,303.0000,129.2700
2022-02-15T21:00:00+00:00,IPWR,BUY,117.0000,319.0200
2022-02-15T21:00:00+00:00,ISF.L,SELL,3005.0000,122.8600
2022-02-15T21:00:00+00:00,LTBR,SELL,424.0000,294.2300
2022-02-15T21:00:00+00:00,MOLN.SW,SELL,90.0000,758.2200
2022-02-15T21:00:00+00:00,MSCL.TO,BUY,113.0000,393.7200
2022-02-15T21:00:00+00:00,PLTR,BUY,1471.0000,207.4700
2022-02-15T21:00:00+00:00,PRQR,BUY,3709.0000,204.6500
2022-02-15T21:00:00+00:00,QSI,BUY,429.0000,600.9300
2022-02-15T21:00:00+00:00,RR.L,BUY,325.0000,181.6400
2022-02-15T21:00:00+00:00,SEYE.ST,BUY,79.0000,407.3700
2022-02-15T21:00:00+00:00,SGLN.L,SELL,6194.0000,112.2300
2022-02-15T21:00:00+00:00,SHEL.L,SELL,2811.0000,159.1000
2022-02-15T21:00:00+00:00,SLX.AX,BUY,686.0000,168.8100
2022-02-15T21:00:00+00:00,SMGB.L,BUY,6966.0000,134.8800
2022-02-15T21:00:00+00:00,VUL.AX,BUY,115.0000,456.7000
2022-02-15T21:00:00+00:00,VYGR,SELL,1920.0000,149.4000
2022-02-15T21:00:00+00:00,WBT.AX,BUY,49.0000,261.5100
2022-03-16T21:00:00+00:00,AL3.AX,BUY,455.0000,241.0100
2022-03-16T21:00:00+00:00,ALCLS.PA,BUY,377.0000,442.8500
2022-03-16T21:00:00+00:00,ALMDT.PA,BUY,99.0000,1004.6600
2022-03-16T21:00:00+00:00,AXE.AX,BUY,122.0000,521.4600
2022-03-16T21:00:00+00:00,AZN.L,SELL,525.0000,142.0400
2022-03-16T21:00:00+00:00,BGO.L,BUY,189.0000,313.1600
2022-03-16T21:00:00+00:00,BRK-B,SELL,794.0000,156.4700
2022-03-16T21:00:00+00:00,BRNT.L,SELL,3094.0000,232.9300
2022-03-16T21:00:00+00:00,DBMG.L,SELL,5123.0000,124.8400
2022-03-16T21:00:00+00:00,EDIT,SELL,7.0000,1609.6100
2022-03-16T21:00:00+00:00,EMV.AX,SELL,62.0000,180.2700
2022-03-16T21:00:00+00:00,FTC.L,BUY,600.0000,142.6200
2022-03-16T21:00:00+00:00,GSIT,BUY,197.0000,258.4400
2022-03-16T21:00:00+00:00,HSBA.L,BUY,2239.0000,141.4100
2022-03-16T21:00:00+00:00,IBTM.L,SELL,1955.0000,109.8400
2022-03-16T21:00:00+00:00,IDN,BUY,2121.0000,155.4200
2022-03-16T21:00:00+00:00,IITU.L,BUY,652.0000,126.1900
2022-03-16T21:00:00+00:00,IPWR,SELL,13.0000,318.8000
2022-03-16T21:00:00+00:00,ISF.L,BUY,2505.0000,118.9100
2022-03-16T21:00:00+00:00,LTBR,SELL,721.0000,377.7800
2022-03-16T21:00:00+00:00,MOLN.SW,BUY,341.0000,591.7200
2022-03-16T21:00:00+00:00,MSCL.TO,BUY,264.0000,352.8800
2022-03-16T21:00:00+00:00,PLTR,BUY,2990.0000,179.0600
2022-03-16T21:00:00+00:00,PRQR,BUY,1241.0000,160.3900
2022-03-16T21:00:00+00:00,QSI,SELL,2.0000,598.7700
2022-03-16T21:00:00+00:00,RR.L,BUY,6000.0000,142.4800
2022-03-16T21:00:00+00:00,SEYE.ST,BUY,250.0000,365.8300
2022-03-16T21:00:00+00:00,SGLN.L,SELL,7120.0000,119.6000
2022-03-16T21:00:00+00:00,SHEL.L,BUY,700.0000,154.0700
2022-03-16T21:00:00+00:00,SLX.AX,SELL,697.0000,191.9100
2022-03-16T21:00:00+00:00,SMGB.L,BUY,2129.0000,131.4000
2022-03-16T21:00:00+00:00,VUL.AX,SELL,109.0000,479.8000
2022-03-16T21:00:00+00:00,VYGR,SELL,3283.0000,309.9400
2022-03-16T21:00:00+00:00,WBT.AX,BUY,474.0000,229.9200
2022-04-14T21:00:00+00:00,AL3.AX,BUY,747.0000,208.1200
2022-04-14T21:00:00+00:00,ALCLS.PA,BUY,206.0000,415.4400
2022-04-14T21:00:00+00:00,ALMDT.PA,SELL,27.0000,1065.0900
2022-04-14T21:00:00+00:00,AXE.AX,SELL,22.0000,543.2500
2022-04-14T21:00:00+00:00,AZN.L,SELL,491.0000,158.9300
2022-04-14T21:00:00+00:00,BGO.L,BUY,45.0000,317.5400
2022-04-14T21:00:00+00:00,BRK-B,BUY,76.0000,159.4000
2022-04-14T21:00:00+00:00,BRNT.L,SELL,1359.0000,259.4100
2022-04-14T21:00:00+00:00,DBMG.L,SELL,4622.0000,138.9900
2022-04-14T21:00:00+00:00,EDIT,BUY,2.0000,1651.0700
2022-04-14T21:00:00+00:00,EMV.AX,SELL,438.0000,202.6200
2022-04-14T21:00:00+00:00,FTC.L,SELL,184.0000,151.0100
2022-04-14T21:00:00+00:00,GSIT,BUY,700.0000,223.0200
2022-04-14T21:00:00+00:00,HSBA.L,SELL,740.0000,149.4300
2022-04-14T21:00:00+00:00,IBTM.L,BUY,5519.0000,105.1700
2022-04-14T21:00:00+00:00,IDN,BUY,788.0000,141.5000
2022-04-14T21:00:00+00:00,IITU.L,BUY,976.0000,126.3200
2022-04-14T21:00:00+00:00,IPWR,BUY,111.0000,316.2500
2022-04-14T21:00:00+00:00,ISF.L,SELL,1546.0000,124.4900
2022-04-14T21:00:00+00:00,LTBR,BUY,173.0000,363.4800
2022-04-14T21:00:00+00:00,MOLN.SW,BUY,67.0000,584.3600
2022-04-14T21:00:00+00:00,MSCL.TO,SELL,720.0000,498.2000
2022-04-14T21:00:00+00:00,PLTR,SELL,392.0000,187.5700
2022-04-14T21:00:00+00:00,PRQR,BUY,1474.0000,131.8500
2022-04-14T21:00:00+00:00,QSI,SELL,72.0000,645.7800
2022-04-14T21:00:00+00:00,RR.L,BUY,1127.0000,141.0500
2022-04-14T21:00:00+00:00,SEYE.ST,BUY,425.0000,323.0000
2022-04-14T21:00:00+00:00,SGLN.L,SELL,366.0000,123.5600
2022-04-14T21:00:00+00:00,SHEL.L,SELL,2781.0000,177.4100
2022-04-14T21:00:00+00:00,SLX.AX,SELL,1297.0000,268.9100
2022-04-14T21:00:00+00:00,SMGB.L,BUY,9654.0000,123.5700
2022-04-14T21:00:00+00:00,VUL.AX,SELL,21.0000,499.3300
2022-04-14T21:00:00+00:00,VYGR,SELL,448.0000,374.5400
2022-04-14T21:00:00+00:00,WBT.AX,SELL,64.0000,240.4200
2022-05-18T21:00:00+00:00,AL3.AX,SELL,13.0000,199.3000
2022-05-18T21:00:00+00:00,ALCLS.PA,BUY,374.0000,341.6900
2022-05-18T21:00:00+00:00,ALMDT.PA,BUY,157.0000,866.4300
2022-05-18T21:00:00+00:00,AXE.AX,BUY,417.0000,420.2200
2022-05-18T21:00:00+00:00,AZN.L,SELL,101.0000,154.5300
2022-05-18T21:00:00+00:00,BGO.L,BUY,106.0000,292.9800
2022-05-18T21:00:00+00:00,BRK-B,BUY,151.0000,149.1800
2022-05-18T21:00:00+00:00,BRNT.L,SELL,1679.0000,275.6200
2022-05-18T21:00:00+00:00,DBMG.L,SELL,7112.0000,151.7800
2022-05-18T21:00:00+00:00,EDIT,BUY,242.0000,1115.8300
2022-05-18T21:00:00+00:00,EMV.AX,BUY,531.0000,174.1000
2022-05-18T21:00:00+00:00,FTC.L,BUY,308.0000,137.5800
2022-05-18T21:00:00+00:00,GSIT,BUY,129.0000,206.7700
2022-05-18T21:00:00+00:00,HSBA.L,BUY,186.0000,141.7400
2022-05-18T21:00:00+00:00,IBTM.L,SELL,6797.0000,109.8700
2022-05-18T21:00:00+00:00,IDN,BUY,333.0000,128.8300
2022-05-18T21:00:00+00:00,IITU.L,BUY,294.0000,119.6300
2022-05-18T21:00:00+00:00,IPWR,SELL,823.0000,413.4700
2022-05-18T21:00:00+00:00,ISF.L,SELL,2388.0000,122.1000
2022-05-18T21:00:00+00:00,LTBR,BUY,763.0000,269.5900
2022-05-18T21:00:00+00:00,MOLN.SW,BUY,2484.0000,222.9000
2022-05-18T21:00:00+00:00,MSCL.TO,BUY,939.0000,320.4100
2022-05-18T21:00:00+00:00,PLTR,BUY,9064.0000,127.1300
2022-05-18T21:00:00+00:00,PRQR,BUY,924.0000,111.8000
2022-05-18T21:00:00+00:00,QSI,BUY,62.0000,592.0400
2022-05-18T21:00:00+00:00,RR.L,BUY,1543.0000,127.9900
2022-05-18T21:00:00+00:00,SEYE.ST,BUY,1984.0000,185.3500
2022-05-18T21:00:00+00:00,SGLN.L,SELL,1936.0000,120.3200
2022-05-18T21:00:00+00:00,SHEL.L,SELL,2743.0000,191.8600
2022-05-18T21:00:00+00:00,SLX.AX,BUY,846.0000,207.8000
2022-05-18T21:00:00+00:00,SMGB.L,SELL,5591.0000,124.2100
2022-05-18T21:00:00+00:00,VUL.AX,BUY,320.0000,409.0800
2022-05-18T21:00:00+00:00,VYGR,BUY,738.0000,278.0100
2022-05-18T21:00:00+00:00,WBT.AX,SELL,76.0000,234.0000
2022-06-20T21:00:00+00:00,AL3.AX,BUY,589.0000,172.8100
2022-06-20T21:00:00+00:00,ALCLS.PA,BUY,670.0000,267.4800
2022-06-20T21:00:00+00:00,ALMDT.PA,SELL,158.0000,995.1600
2022-06-20T21:00:00+00:00,AXE.AX,BUY,278.0000,364.5100
2022-06-20T21:00:00+00:00,AZN.L,SELL,23.0000,151.6600
2022-06-20T21:00:00+00:00,BGO.L,BUY,774.0000,229.8200
2022-06-20T21:00:00+00:00,BRK-B,BUY,805.0000,131.7900
2022-06-20T21:00:00+00:00,BRNT.L,SELL,1372.0000,296.7100
2022-06-20T21:00:00+00:00,DBMG.L,SELL,2720.0000,156.9700
2022-06-20T21:00:00+00:00,EDIT,SELL,68.0000,1187.4900
2022-06-20T21:00:00+00:00,EMV.AX,BUY,1880.0000,125.5600
2022-06-20T21:00:00+00:00,FTC.L,SELL,456.0000,144.3000
2022-06-20T21:00:00+00:00,GSIT,SELL,564.0000,231.4000
2022-06-20T21:00:00+00:00,HSBA.L,SELL,2771.0000,153.7500
2022-06-20T21:00:00+00:00,IBTM.L,SELL,656.0000,108.3700
2022-06-20T21:00:00+00:00,IDN,BUY,280.0000,121.1800
2022-06-20T21:00:00+00:00,IITU.L,BUY,1202.0000,113.1300
2022-06-20T21:00:00+00:00,IPWR,SELL,268.0000,459.3900
2022-06-20T21:00:00+00:00,ISF.L,BUY,1706.0000,117.0700
2022-06-20T21:00:00+00:00,LTBR,BUY,555.0000,226.7100
2022-06-20T21:00:00+00:00,MOLN.SW,SELL,504.0000,248.0800
2022-06-20T21:00:00+00:00,MSCL.TO,BUY,1347.0000,213.3000
2022-06-20T21:00:00+00:00,PLTR,SELL,1866.0000,132.1500
2022-06-20T21:00:00+00:00,PRQR,SELL,1337.0000,130.4100
2022-06-20T21:00:00+00:00,QSI,BUY,327.0000,478.2700
2022-06-20T21:00:00+00:00,RR.L,SELL,2927.0000,138.1300
2022-06-20T21:00:00+00:00,SEYE.ST,BUY,117.0000,177.0000
2022-06-20T21:00:00+00:00,SGLN.L,SELL,4472.0000,123.2300
2022-06-20T21:00:00+00:00,SHEL.L,BUY,1829.0000,172.2900
2022-06-20T21:00:00+00:00,SLX.AX,SELL,1518.0000,308.7600
2022-06-20T21:00:00+00:00,SMGB.L,BUY,9886.0000,111.0600
2022-06-20T21:00:00+00:00,VUL.AX,BUY,758.0000,299.1200
2022-06-20T21:00:00+00:00,VYGR,BUY,725.0000,222.9500
2022-06-20T21:00:00+00:00,WBT.AX,BUY,1275.0000,172.7800
2022-07-19T21:00:00+00:00,AL3.AX,BUY,543.0000,166.1300
2022-07-19T21:00:00+00:00,ALCLS.PA,BUY,24.0000,282.0100
2022-07-19T21:00:00+00:00,ALMDT.PA,BUY,135.0000,918.7500
2022-07-19T21:00:00+00:00,AXE.AX,BUY,234.0000,353.4600
2022-07-19T21:00:00+00:00,AZN.L,SELL,274.0000,169.4300
2022-07-19T21:00:00+00:00,BGO.L,SELL,1004.0000,328.0700
2022-07-19T21:00:00+00:00,BRK-B,SELL,245.0000,144.1300
2022-07-19T21:00:00+00:00,BRNT.L,BUY,1338.0000,286.6300
2022-07-19T21:00:00+00:00,DBMG.L,BUY,1753.0000,160.6200
2022-07-19T21:00:00+00:00,EDIT,SELL,242.0000,1852.1700
2022-07-19T21:00:00+00:00,EMV.AX,SELL,1687.0000,174.2900
2022-07-19T21:00:00+00:00,FTC.L,SELL,1296.0000,193.2900
2022-07-19T21:00:00+00:00,GSIT,SELL,555.0000,286.4200
2022-07-19T21:00:00+00:00,HSBA.L,BUY,2275.0000,149.7200
2022-07-19T21:00:00+00:00,IBTM.L,BUY,1263.0000,113.0500
2022-07-19T21:00:00+00:00,IDN,SELL,2217.0000,183.3000
2022-07-19T21:00:00+00:00,IITU.L,SELL,903.0000,123.1000
2022-07-19T21:00:00+00:00,IPWR,BUY,134.0000,456.4200
2022-07-19T21:00:00+00:00,ISF.L,BUY,3138.0000,120.0800
2022-07-19T21:00:00+00:00,LTBR,SELL,345.0000,263.5400
2022-07-19T21:00:00+00:00,MOLN.SW,BUY,1115.0000,201.4800
2022-07-19T21:00:00+00:00,MSCL.TO,SELL,288.0000,242.9900
2022-07-19T21:00:00+00:00,PLTR,SELL,2768.0000,154.8900
2022-07-19T21:00:00+00:00,PRQR,SELL,426.0000,147.5400
2022-07-19T21:00:00+00:00,QSI,BUY,18.0000,502.9300
2022-07-19T21:00:00+00:00,RR.L,BUY,983.0000,141.6800
2022-07-19T21:00:00+00:00,SEYE.ST,BUY,491.0000,171.3700
2022-07-19T21:00:00+00:00,SGLN.L,BUY,10996.0000,117.0400
2022-07-19T21:00:00+00:00,SHEL.L,BUY,2288.0000,166.0400
2022-07-19T21:00:00+00:00,SLX.AX,SELL,903.0000,474.6400
2022-07-19T21:00:00+00:00,SMGB.L,SELL,2231.0000,120.2100
2022-07-19T21:00:00+00:00,VUL.AX,SELL,220.0000,342.5600
2022-07-19T21:00:00+00:00,VYGR,SELL,1030.0000,317.6800
2022-07-19T21:00:00+00:00,WBT.AX,SELL,1051.0000,229.7800
2022-08-17T21:00:00+00:00,AL3.AX,SELL,1840.0000,253.7000
2022-08-17T21:00:00+00:00,ALCLS.PA,SELL,873.0000,394.6200
2022-08-17T21:00:00+00:00,ALMDT.PA,BUY,42.0000,917.8100
2022-08-17T21:00:00+00:00,AXE.AX,SELL,990.0000,579.4200
2022-08-17T21:00:00+00:00,AZN.L,BUY,278.0000,167.1700
2022-08-17T21:00:00+00:00,BGO.L,BUY,456.0000,294.7400
2022-08-17T21:00:00+00:00,BRK-B,SELL,159.0000,152.7500
2022-08-17T21:00:00+00:00,BRNT.L,BUY,1824.0000,265.2900
2022-08-17T21:00:00+00:00,DBMG.L,BUY,4227.0000,153.5300
2022-08-17T21:00:00+00:00,EDIT,BUY,50.0000,1752.9600
2022-08-17T21:00:00+00:00,EMV.AX,BUY,813.0000,157.7200
2022-08-17T21:00:00+00:00,FTC.L,BUY,640.0000,177.8500
2022-08-17T21:00:00+00:00,GSIT,BUY,579.0000,253.6800
2022-08-17T21:00:00+00:00,HSBA.L,SELL,63.0000,155.9300
2022-08-17T21:00:00+00:00,IBTM.L,BUY,2144.0000,114.1100
2022-08-17T21:00:00+00:00,IDN,BUY,472.0000,174.6700
2022-08-17T21:00:00+00:00,IITU.L,SELL,2477.0000,137.3300
2022-08-17T21:00:00+00:00,IPWR,SELL,287.0000,549.5700
2022-08-17T21:00:00+00:00,ISF.L,BUY,196.0000,124.5100
2022-08-17T21:00:00+00:00,LTBR,SELL,145.0000,285.2700
2022-08-17T21:00:00+00:00,MOLN.SW,BUY,154.0000,202.7800
2022-08-17T21:00:00+00:00,MSCL.TO,SELL,210.0000,266.7200
2022-08-17T21:00:00+00:00,PLTR,BUY,1119.0000,154.4400
2022-08-17T21:00:00+00:00,PRQR,SELL,47.0000,154.4300
2022-08-17T21:00:00+00:00,QSI,SELL,338.0000,635.7700
2022-08-17T21:00:00+00:00,RR.L,BUY,4879.0000,126.0600
2022-08-17T21:00:00+00:00,SEYE.ST,SELL,751.0000,205.7500
2022-08-17T21:00:00+00:00,SGLN.L,BUY,1271.0000,120.1500
2022-08-17T21:00:00+00:00,SHEL.L,SELL,1012.0000,179.8600
2022-08-17T21:00:00+00:00,SLX.AX,SELL,222.0000,554.3300
2022-08-17T21:00:00+00:00,SMGB.L,SELL,2280.0000,127.4600
2022-08-17T21:00:00+00:00,VUL.AX,SELL,763.0000,489.8300
2022-08-17T21:00:00+00:00,VYGR,BUY,745.0000,264.5700
2022-08-17T21:00:00+00:00,WBT.AX,SELL,117.0000,245.6300
2022-09-16T21:00:00+00:00,AL3.AX,BUY,490.0000,218.8400
2022-09-16T21:00:00+00:00,ALCLS.PA,BUY,203.0000,354.3200
2022-09-16T21:00:00+00:00,ALMDT.PA,BUY,126.0000,797.7500
2022-09-16T21:00:00+00:00,AXE.AX,BUY,224.0000,497.1700
2022-09-16T21:00:00+00:00,AZN.L,BUY,303.0000,153.8000
2022-09-16T21:00:00+00:00,BGO.L,SELL,595.0000,347.3700
2022-09-16T21:00:00+00:00,BRK-B,BUY,136.0000,145.7400
2022-09-16T21:00:00+00:00,BRNT.L,SELL,1224.0000,277.8200
2022-09-16T21:00:00+00:00,DBMG.L,SELL,6709.0000,170.6900
2022-09-16T21:00:00+00:00,EDIT,BUY,22.0000,1637.8800
2022-09-16T21:00:00+00:00,EMV.AX,BUY,245.0000,147.3200
2022-09-16T21:00:00+00:00,FTC.L,SELL,61.0000,174.5000
2022-09-16T21:00:00+00:00,GSIT,BUY,643.0000,211.4500
2022-09-16T21:00:00+00:00,HSBA.L,SELL,426.0000,153.7000
2022-09-16T21:00:00+00:00,IBTM.L,SELL,3069.0000,115.4600
2022-09-16T21:00:00+00:00,IDN,SELL,1012.0000,206.1800
2022-09-16T21:00:00+00:00,IITU.L,BUY,2669.0000,123.4700
2022-09-16T21:00:00+00:00,IPWR,SELL,140.0000,577.9600
2022-09-16T21:00:00+00:00,ISF.L,BUY,192.0000,120.5800
2022-09-16T21:00:00+00:00,LTBR,BUY,484.0000,243.0700
2022-09-16T21:00:00+00:00,MOLN.SW,SELL,673.0000,228.1100
2022-09-16T21:00:00+00:00,MSCL.TO,BUY,1668.0000,178.7800
2022-09-16T21:00:00+00:00,PLTR,BUY,3146.0000,134.6000
2022-09-16T21:00:00+00:00,PRQR,BUY,265.0000,143.9500
2022-09-16T21:00:00+00:00,QSI,BUY,318.0000,512.4500
2022-09-16T21:00:00+00:00,RR.L,BUY,2358.0000,114.3900
2022-09-16T21:00:00+00:00,SEYE.ST,SELL,214.0000,208.9200
2022-09-16T21:00:00+00:00,SGLN.L,SELL,3269.0000,120.3200
2022-09-16T21:00:00+00:00,SHEL.L,SELL,1855.0000,189.3000
2022-09-16T21:00:00+00:00,SLX.AX,SELL,33.0000,548.1000
2022-09-16T21:00:00+00:00,SMGB.L,BUY,10090.0000,113.4300
2022-09-16T21:00:00+00:00,VUL.AX,BUY,94.0000,454.3300
2022-09-16T21:00:00+00:00,VYGR,SELL,704.0000,316.0400
2022-09-16T21:00:00+00:00,WBT.AX,BUY,525.0000,210.9800
2022-10-18T21:00:00+00:00,AL3.AX,SELL,214.0000,219.4400
2022-10-18T21:00:00+00:00,ALCLS.PA,BUY,572.0000,279.3600
2022-10-18T21:00:00+00:00,ALMDT.PA,BUY,130.0000,687.6100
2022-10-18T21:00:00+00:00,AXE.AX,BUY,123.0000,446.0600
2022-10-18T21:00:00+00:00,AZN.L,SELL,111.0000,149.5800
2022-10-18T21:00:00+00:00,BGO.L,BUY,13.0000,329.8200
2022-10-18T21:00:00+00:00,BRK-B,SELL,625.0000,150.6700
2022-10-18T21:00:00+00:00,BRNT.L,SELL,618.0000,276.1100
2022-10-18T21:00:00+00:00,DBMG.L,SELL,3888.0000,177.8700
2022-10-18T21:00:00+00:00,EDIT,BUY,57.0000,1426.0700
2022-10-18T21:00:00+00:00,EMV.AX,BUY,965.0000,122.5100
2022-10-18T21:00:00+00:00,FTC.L,BUY,705.0000,147.6500
2022-10-18T21:00:00+00:00,GSIT,BUY,1530.0000,151.0800
2022-10-18T21:00:00+00:00,HSBA.L,BUY,2296.0000,135.1700
2022-10-18T21:00:00+00:00,IBTM.L,SELL,1022.0000,111.7500
2022-10-18T21:00:00+00:00,IDN,BUY,678.0000,171.8000
2022-10-18T21:00:00+00:00,IITU.L,SELL,167.0000,118.3500
2022-10-18T21:00:00+00:00,IPWR,BUY,325.0000,461.6000
2022-10-18T21:00:00+00:00,ISF.L,SELL,477.0000,115.6400
2022-10-18T21:00:00+00:00,LTBR,SELL,184.0000,243.1700
2022-10-18T21:00:00+00:00,MOLN.SW,SELL,17.0000,218.5100
2022-10-18T21:00:00+00:00,MSCL.TO,SELL,114.0000,174.2800
2022-10-18T21:00:00+00:00,PLTR,SELL,3029.0000,142.4000
2022-10-18T21:00:00+00:00,PRQR,SELL,1534.0000,178.1100
2022-10-18T21:00:00+00:00,QSI,SELL,5.0000,490.4400
2022-10-18T21:00:00+00:00,RR.L,SELL,971.0000,112.1400
2022-10-18T21:00:00+00:00,SEYE.ST,BUY,82.0000,195.8700
2022-10-18T21:00:00+00:00,SGLN.L,SELL,4150.0000,119.6500
2022-10-18T21:00:00+00:00,SHEL.L,SELL,602.0000,185.7100
2022-10-18T21:00:00+00:00,SLX.AX,BUY,226.0000,463.5100
2022-10-18T21:00:00+00:00,SMGB.L,BUY,9716.0000,100.2200
2022-10-18T21:00:00+00:00,VUL.AX,BUY,602.0000,337.7300
2022-10-18T21:00:00+00:00,VYGR,BUY,98.0000,292.1000
2022-10-18T21:00:00+00:00,WBT.AX,BUY,20.0000,200.4200
2022-11-16T21:00:00+00:00,AL3.AX,BUY,1474.0000,168.4800
2022-11-16T21:00:00+00:00,ALCLS.PA,BUY,669.0000,240.9500
2022-11-16T21:00:00+00:00,ALMDT.PA,BUY,65.0000,680.4200
2022-11-16T21:00:00+00:00,AXE.AX,BUY,247.0000,413.3000
2022-11-16T21:00:00+00:00,AZN.L,SELL,283.0000,163.3100
2022-11-16T21:00:00+00:00,BGO.L,BUY,67.0000,334.2100
2022-11-16T21:00:00+00:00,BRK-B,SELL,72.0000,157.8500
2022-11-16T21:00:00+00:00,BRNT.L,BUY,391.0000,279.1400
2022-11-16T21:00:00+00:00,DBMG.L,BUY,7125.0000,157.8900
2022-11-16T21:00:00+00:00,EDIT,BUY,67.0000,1339.9100
2022-11-16T21:00:00+00:00,EMV.AX,SELL,2374.0000,185.8800
2022-11-16T21:00:00+00:00,FTC.L,SELL,304.0000,161.0700
2022-11-16T21:00:00+00:00,GSIT,BUY,972.0000,135.1800
2022-11-16T21:00:00+00:00,HSBA.L,BUY,478.0000,138.0000
2022-11-16T21:00:00+00:00,IBTM.L,BUY,4359.0000,109.2400
2022-11-16T21:00:00+00:00,IDN,BUY,1273.0000,144.0200
2022-11-16T21:00:00+00:00,IITU.L,SELL,73.0000,123.0500
2022-11-16T21:00:00+00:00,IPWR,SELL,324.0000,571.7000
2022-11-16T21:00:00+00:00,ISF.L,SELL,1947.0000,122.5600
2022-11-16T21:00:00+00:00,LTBR,BUY,241.0000,237.2000
2022-11-16T21:00:00+00:00,MSCL.TO,BUY,3802.0000,105.1200
2022-11-16T21:00:00+00:00,PLTR,BUY,2759.0000,134.4300
2022-11-16T21:00:00+00:00,PRQR,BUY,215.0000,177.4300
2022-11-16T21:00:00+00:00,QSI,BUY,5.0000,507.4900
2022-11-16T21:00:00+00:00,RR.L,SELL,4110.0000,131.6700
2022-11-16T21:00:00+00:00,SEYE.ST,BUY,1251.0000,160.4900
2022-11-16T21:00:00+00:00,SGLN.L,BUY,1250.0000,122.5900
2022-11-16T21:00:00+00:00,SHEL.L,SELL,482.0000,197.1400
2022-11-16T21:00:00+00:00,SLX.AX,SELL,20.0000,485.6700
2022-11-16T21:00:00+00:00,SMGB.L,SELL,16789.0000,119.2300
2022-11-16T21:00:00+00:00,VUL.AX,SELL,482.0000,425.6400
2022-11-16T21:00:00+00:00,VYGR,BUY,802.0000,241.5900
2022-11-16T21:00:00+00:00,WBT.AX,SELL,1306.0000,290.7100
2022-12-15T21:00:00+00:00,AL3.AX,SELL,11.0000,163.2700
2022-12-15T21:00:00+00:00,ALCLS.PA,BUY,88.0000,227.9300
2022-12-15T21:00:00+00:00,ALMDT.PA,SELL,6.0000,660.8400
2022-12-15T21:00:00+00:00,AXE.AX,BUY,236.0000,362.7800
2022-12-15T21:00:00+00:00,AZN.L,SELL,461.0000,172.6100
2022-12-15T21:00:00+00:00,BGO.L,SELL,192.0000,346.4900
2022-12-15T21:00:00+00:00,BRK-B,BUY,251.0000,147.6500
2022-12-15T21:00:00+00:00,BRNT.L,BUY,1815.0000,241.2200
2022-12-15T21:00:00+00:00,DBMG.L,BUY,2002.0000,146.7400
2022-12-15T21:00:00+00:00,EDIT,BUY,169.0000,1047.3800
2022-12-15T21:00:00+00:00,EMV.AX,SELL,102.0000,183.4100
2022-12-15T21:00:00+00:00,FTC.L,SELL,1184.0000,194.6300
2022-12-15T21:00:00+00:00,GSIT,BUY,913.0000,115.7700
2022-12-15T21:00:00+00:00,HSBA.L,SELL,1983.0000,142.9800
2022-12-15T21:00:00+00:00,IBTM.L,SELL,2202.0000,108.8300
2022-12-15T21:00:00+00:00,IDN,BUY,40.0000,138.4600
2022-12-15T21:00:00+00:00,IITU.L,BUY,477.0000,117.4500
2022-12-15T21:00:00+00:00,IPWR,BUY,562.0000,413.7700
2022-12-15T21:00:00+00:00,ISF.L,SELL,4154.0000,124.2100
2022-12-15T21:00:00+00:00,LTBR,BUY,243.0000,216.3400
2022-12-15T21:00:00+00:00,MOLN.SW,BUY,128.0000,212.8000
2022-12-15T21:00:00+00:00,MSCL.TO,SELL,118.0000,103.0100
2022-12-15T21:00:00+00:00,PLTR,BUY,4970.0000,111.8400
2022-12-15T21:00:00+00:00,PRQR,SELL,2238.0000,293.8000
2022-12-15T21:00:00+00:00,QSI,BUY,781.0000,346.7600
2022-12-15T21:00:00+00:00,RR.L,SELL,1676.0000,134.5600
2022-12-15T21:00:00+00:00,SEYE.ST,BUY,877.0000,135.2700
2022-12-15T21:00:00+00:00,SGLN.L,SELL,610.0000,119.2900
2022-12-15T21:00:00+00:00,SHEL.L,BUY,29.0000,190.4000
2022-12-15T21:00:00+00:00,SLX.AX,BUY,90.0000,449.1200
2022-12-15T21:00:00+00:00,SMGB.L,BUY,449.0000,114.8600
2022-12-15T21:00:00+00:00,VUL.AX,BUY,394.0000,350.1700
2022-12-15T21:00:00+00:00,VYGR,SELL,363.0000,257.2800
2022-12-15T21:00:00+00:00,WBT.AX,SELL,527.0000,334.8100
2023-01-18T21:00:00+00:00,AL3.AX,SELL,124.0000,180.0500
2023-01-18T21:00:00+00:00,ALCLS.PA,SELL,1272.0000,358.4000
2023-01-18T21:00:00+00:00,ALMDT.PA,BUY,132.0000,651.2800
2023-01-18T21:00:00+00:00,AXE.AX,BUY,98.0000,376.7500
2023-01-18T21:00:00+00:00,AZN.L,BUY,290.0000,175.9200
2023-01-18T21:00:00+00:00,BGO.L,SELL,24.0000,377.1900
2023-01-18T21:00:00+00:00,BRK-B,BUY,345.0000,152.4200
2023-01-18T21:00:00+00:00,BRNT.L,SELL,137.0000,262.3200
2023-01-18T21:00:00+00:00,DBMG.L,BUY,3820.0000,147.3200
2023-01-18T21:00:00+00:00,EDIT,BUY,279.0000,857.8800
2023-01-18T21:00:00+00:00,EMV.AX,BUY,1081.0000,162.8600
2023-01-18T21:00:00+00:00,FTC.L,BUY,1192.0000,167.7900
2023-01-18T21:00:00+00:00,GSIT,SELL,1537.0000,154.6900
2023-01-18T21:00:00+00:00,HSBA.L,SELL,2791.0000,171.4300
2023-01-18T21:00:00+00:00,IBTM.L,BUY,5920.0000,108.6000
2023-01-18T21:00:00+00:00,IDN,SELL,831.0000,170.6200
2023-01-18T21:00:00+00:00,IITU.L,BUY,3010.0000,117.0500
2023-01-18T21:00:00+00:00,IPWR,SELL,167.0000,482.5200
2023-01-18T21:00:00+00:00,ISF.L,BUY,1921.0000,131.0800
2023-01-18T21:00:00+00:00,LTBR,BUY,926.0000,191.7800
2023-01-18T21:00:00+00:00,MOLN.SW,BUY,130.0000,222.9100
2023-01-18T21:00:00+00:00,MSCL.TO,SELL,2169.0000,146.5900
2023-01-18T21:00:00+00:00,PLTR,BUY,2988.0000,111.2900
2023-01-18T21:00:00+00:00,PRQR,SELL,1392.0000,568.9900
2023-01-18T21:00:00+00:00,QSI,BUY,5.0000,373.3900
2023-01-18T21:00:00+00:00,RR.L,SELL,3307.0000,163.4400
2023-01-18T21:00:00+00:00,SEYE.ST,BUY,1196.0000,124.1600
2023-01-18T21:00:00+00:00,SGLN.L,BUY,1591.0000,126.6400
2023-01-18T21:00:00+00:00,SHEL.L,BUY,575.0000,199.8800
2023-01-18T21:00:00+00:00,SLX.AX,SELL,614.0000,690.8900
2023-01-18T21:00:00+00:00,SMGB.L,BUY,3087.0000,120.6600
2023-01-18T21:00:00+00:00,VUL.AX,SELL,76.0000,388.9800
2023-01-18T21:00:00+00:00,VYGR,SELL,1185.0000,414.3700
2023-01-18T21:00:00+00:00,WBT.AX,SELL,132.0000,379.3400
2023-02-16T21:00:00+00:00,AL3.AX,BUY,114.0000,186.3800
2023-02-16T21:00:00+00:00,ALCLS.PA,BUY,1127.0000,269.4300
2023-02-16T21:00:00+00:00,ALMDT.PA,BUY,256.0000,589.4300
2023-02-16T21:00:00+00:00,AXE.AX,BUY,264.0000,361.9000
2023-02-16T21:00:00+00:00,AZN.L,BUY,402.0000,172.6400
2023-02-16T21:00:00+00:00,BGO.L,SELL,77.0000,410.5300
2023-02-16T21:00:00+00:00,BRK-B,BUY,287.0000,155.4600
2023-02-16T21:00:00+00:00,BRNT.L,BUY,937.0000,262.5900
2023-02-16T21:00:00+00:00,DBMG.L,BUY,1296.0000,152.0700
2023-02-16T21:00:00+00:00,EDIT,SELL,182.0000,1075.0100
2023-02-16T21:00:00+00:00,EMV.AX,BUY,1227.0000,143.3100
2023-02-16T21:00:00+00:00,FTC.L,SELL,336.0000,187.9200
2023-02-16T21:00:00+00:00,GSIT,BUY,2638.0000,115.9300
2023-02-16T21:00:00+00:00,HSBA.L,BUY,230.0000,179.4700
2023-02-16T21:00:00+00:00,IBTM.L,BUY,4719.0000,108.2700
2023-02-16T21:00:00+00:00,IDN,BUY,62.0000,178.3600
2023-02-16T21:00:00+00:00,IITU.L,SELL,2475.0000,131.9200
2023-02-16T21:00:00+00:00,IPWR,SELL,107.0000,537.4700
2023-02-16T21:00:00+00:00,ISF.L,BUY,2885.0000,134.1200
2023-02-16T21:00:00+00:00,LTBR,SELL,366.0000,217.9500
2023-02-16T21:00:00+00:00,MOLN.SW,BUY,646.0000,205.7400
2023-02-16T21:00:00+00:00,MSCL.TO,SELL,1560.0000,201.0100
2023-02-16T21:00:00+00:00,PLTR,SELL,10185.0000,159.8000
2023-02-16T21:00:00+00:00,PRQR,BUY,244.0000,527.6200
2023-02-16T21:00:00+00:00,QSI,BUY,464.0000,336.0600
2023-02-16T21:00:00+00:00,RR.L,BUY,133.0000,171.8000
2023-02-16T21:00:00+00:00,SEYE.ST,SELL,1630.0000,164.6400
2023-02-16T21:00:00+00:00,SGLN.L,BUY,6693.0000,125.4400
2023-02-16T21:00:00+00:00,SHEL.L,SELL,595.0000,217.1900
2023-02-16T21:00:00+00:00,SLX.AX,SELL,103.0000,786.3500
2023-02-16T21:00:00+00:00,SMGB.L,SELL,6497.0000,134.9000
2023-02-16T21:00:00+00:00,VUL.AX,BUY,481.0000,346.0100
2023-02-16T21:00:00+00:00,VYGR,BUY,692.0000,339.9800
2023-02-16T21:00:00+00:00,WBT.AX,SELL,506.0000,496.5100
2023-03-17T21:00:00+00:00,AL3.AX,BUY,318.0000,169.5500
2023-03-17T21:00:00+00:00,ALCLS.PA,BUY,1015.0000,205.4800
2023-03-17T21:00:00+00:00,ALMDT.PA,SELL,246.0000,656.6800
2023-03-17T21:00:00+00:00,AXE.AX,BUY,893.0000,266.0500
2023-03-17T21:00:00+00:00,AZN.L,SELL,28.0000,166.7000
2023-03-17T21:00:00+00:00,BGO.L,SELL,122.0000,414.0400
2023-03-17T21:00:00+00:00,BRK-B,BUY,123.0000,147.2000
2023-03-17T21:00:00+00:00,BRNT.L,BUY,1986.0000,227.0600
2023-03-17T21:00:00+00:00,DBMG.L,BUY,3839.0000,136.8100
2023-03-17T21:00:00+00:00,EDIT,BUY,147.0000,898.1200
2023-03-17T21:00:00+00:00,EMV.AX,BUY,790.0000,124.3300
2023-03-17T21:00:00+00:00,FTC.L,BUY,549.0000,164.4300
2023-03-17T21:00:00+00:00,GSIT,BUY,697.0000,103.4500
2023-03-17T21:00:00+00:00,HSBA.L,BUY,1622.0000,162.0400
2023-03-17T21:00:00+00:00,IBTM.L,SELL,4743.0000,110.2800
2023-03-17T21:00:00+00:00,IDN,BUY,269.0000,163.9000
2023-03-17T21:00:00+00:00,IITU.L,SELL,1090.0000,130.6000
2023-03-17T21:00:00+00:00,IPWR,BUY,296.0000,448.6700
2023-03-17T21:00:00+00:00,ISF.L,BUY,3709.0000,123.8500
2023-03-17T21:00:00+00:00,LTBR,BUY,791.0000,179.9400
2023-03-17T21:00:00+00:00,MOLN.SW,BUY,195.0000,190.4200
2023-03-17T21:00:00+00:00,MSCL.TO,BUY,481.0000,176.9000
2023-03-17T21:00:00+00:00,PLTR,BUY,5415.0000,128.9300
2023-03-17T21:00:00+00:00,PRQR,SELL,280.0000,589.8800
2023-03-17T21:00:00+00:00,QSI,BUY,402.0000,286.1400
2023-03-17T21:00:00+00:00,RR.L,SELL,5821.0000,211.8100
2023-03-17T21:00:00+00:00,SEYE.ST,SELL,44.0000,159.2900
2023-03-17T21:00:00+00:00,SGLN.L,SELL,9267.0000,131.9400
2023-03-17T21:00:00+00:00,SHEL.L,BUY,2567.0000,185.8400
2023-03-17T21:00:00+00:00,SLX.AX,BUY,557.0000,533.3200
2023-03-17T21:00:00+00:00,SMGB.L,SELL,4873.0000,135.5400
2023-03-17T21:00:00+00:00,VUL.AX,BUY,113.0000,320.5400
2023-03-17T21:00:00+00:00,VYGR,SELL,289.0000,360.2800
2023-03-17T21:00:00+00:00,WBT.AX,SELL,552.0000,645.0200
2023-04-19T21:00:00+00:00,AL3.AX,SELL,253.0000,180.5800
2023-04-19T21:00:00+00:00,ALCLS.PA,SELL,36.0000,211.1400
2023-04-19T21:00:00+00:00,ALMDT.PA,BUY,71.0000,640.3200
2023-04-19T21:00:00+00:00,AXE.AX,BUY,614.0000,233.6200
2023-04-19T21:00:00+00:00,AZN.L,SELL,451.0000,184.8600
2023-04-19T21:00:00+00:00,BGO.L,BUY,426.0000,359.6500
2023-04-19T21:00:00+00:00,BRK-B,SELL,416.0000,157.9300
2023-04-19T21:00:00+00:00,BRNT.L,SELL,1638.0000,252.4400
2023-04-19T21:00:00+00:00,DBMG.L,BUY,1052.0000,137.1500
2023-04-19T21:00:00+00:00,EDIT,BUY,93.0000,846.0700
2023-04-19T21:00:00+00:00,EMV.AX,SELL,955.0000,143.6700
2023-04-19T21:00:00+00:00,FTC.L,BUY,390.0000,157.7200
2023-04-19T21:00:00+00:00,GSIT,SELL,1877.0000,130.6000
2023-04-19T21:00:00+00:00,HSBA.L,SELL,960.0000,171.4000
2023-04-19T21:00:00+00:00,IBTM.L,BUY,4179.0000,106.8300
2023-04-19T21:00:00+00:00,IDN,BUY,344.0000,158.3600
2023-04-19T21:00:00+00:00,IITU.L,SELL,71.0000,133.4700
2023-04-19T21:00:00+00:00,IPWR,BUY,241.0000,413.4500
2023-04-19T21:00:00+00:00,ISF.L,SELL,5150.0000,133.5500
2023-04-19T21:00:00+00:00,LTBR,BUY,97.0000,180.4300
2023-04-19T21:00:00+00:00,MOLN.SW,SELL,166.0000,200.5000
2023-04-19T21:00:00+00:00,MSCL.TO,SELL,1575.0000,249.0800
2023-04-19T21:00:00+00:00,PLTR,SELL,969.0000,135.3900
2023-04-19T21:00:00+00:00,PRQR,BUY,900.0000,394.4900
2023-04-19T21:00:00+00:00,QSI,BUY,620.0000,248.2600
2023-04-19T21:00:00+00:00,RR.L,SELL,1621.0000,234.5300
2023-04-19T21:00:00+00:00,SEYE.ST,SELL,307.0000,170.7300
2023-04-19T21:00:00+00:00,SGLN.L,BUY,2336.0000,131.4400
2023-04-19T21:00:00+00:00,SHEL.L,SELL,1901.0000,206.2800
2023-04-19T21:00:00+00:00,SLX.AX,BUY,34.0000,534.4800
2023-04-19T21:00:00+00:00,SMGB.L,BUY,5724.0000,131.2100
2023-04-19T21:00:00+00:00,VUL.AX,BUY,161.0000,311.0500
2023-04-19T21:00:00+00:00,VYGR,BUY,134.0000,350.7100
2023-04-19T21:00:00+00:00,WBT.AX,BUY,623.0000,470.7200
2023-05-22T21:00:00+00:00,AL3.AX,BUY,1326.0000,153.5200
2023-05-22T21:00:00+00:00,ALCLS.PA,BUY,943.0000,185.3700
2023-05-22T21:00:00+00:00,ALMDT.PA,BUY,1006.0000,412.8300
2023-05-22T21:00:00+00:00,AXE.AX,BUY,455.0000,221.8400
2023-05-22T21:00:00+00:00,AZN.L,BUY,226.0000,185.5400
2023-05-22T21:00:00+00:00,BGO.L,BUY,136.0000,359.6500
2023-05-22T21:00:00+00:00,BRK-B,BUY,251.0000,160.4200
2023-05-22T21:00:00+00:00,BRNT.L,BUY,2702.0000,230.2500
2023-05-22T21:00:00+00:00,DBMG.L,BUY,2638.0000,137.7400
2023-05-22T21:00:00+00:00,EDIT,SELL,144.0000,1005.3000
2023-05-22T21:00:00+00:00,EMV.AX,BUY,403.0000,142.5100
2023-05-22T21:00:00+00:00,FTC.L,SELL,348.0000,174.5000
2023-05-22T21:00:00+00:00,GSIT,SELL,5155.0000,394.0700
2023-05-22T21:00:00+00:00,HSBA.L,SELL,1027.0000,186.9500
2023-05-22T21:00:00+00:00,IBTM.L,BUY,4124.0000,106.6200
2023-05-22T21:00:00+00:00,IDN,BUY,16.0000,165.4600
2023-05-22T21:00:00+00:00,IITU.L,SELL,503.0000,141.8000
2023-05-22T21:00:00+00:00,IPWR,BUY,133.0000,411.0800
2023-05-22T21:00:00+00:00,ISF.L,BUY,5242.0000,132.2000
2023-05-22T21:00:00+00:00,LTBR,SELL,695.0000,215.1600
2023-05-22T21:00:00+00:00,MOLN.SW,BUY,73.0000,207.0900
2023-05-22T21:00:00+00:00,MSCL.TO,SELL,203.0000,274.3600
2023-05-22T21:00:00+00:00,PLTR,SELL,8095.0000,188.2700
2023-05-22T21:00:00+00:00,PRQR,BUY,592.0000,336.9200
2023-05-22T21:00:00+00:00,QSI,SELL,313.0000,281.3000
2023-05-22T21:00:00+00:00,RR.L,BUY,654.0000,237.4700
2023-05-22T21:00:00+00:00,SEYE.ST,BUY,1848.0000,136.9500
2023-05-22T21:00:00+00:00,SGLN.L,BUY,5787.0000,130.1700
2023-05-22T21:00:00+00:00,SHEL.L,BUY,1392.0000,202.9600
2023-05-22T21:00:00+00:00,SLX.AX,SELL,128.0000,599.7300
2023-05-22T21:00:00+00:00,SMGB.L,SELL,2139.0000,140.1100
2023-05-22T21:00:00+00:00,VUL.AX,BUY,1634.0000,218.2500
2023-05-22T21:00:00+00:00,VYGR,SELL,1176.0000,612.3200
2023-05-22T21:00:00+00:00,WBT.AX,BUY,193.0000,453.1900
2023-06-21T21:00:00+00:00,AL3.AX,BUY,1990.0000,121.8000
2023-06-21T21:00:00+00:00,ALCLS.PA,SELL,234.0000,196.5300
2023-06-21T21:00:00+00:00,ALMDT.PA,SELL,437.0000,504.4300
2023-06-21T21:00:00+00:00,AXE.AX,SELL,2138.0000,402.4900
2023-06-21T21:00:00+00:00,AZN.L,BUY,309.0000,178.6000
2023-06-21T21:00:00+00:00,BGO.L,BUY,252.0000,337.7200
2023-06-21T21:00:00+00:00,BRK-B,BUY,110.0000,161.1100
2023-06-21T21:00:00+00:00,BRNT.L,BUY,422.0000,229.6900
2023-06-21T21:00:00+00:00,DBMG.L,BUY,1598.0000,136.7600
2023-06-21T21:00:00+00:00,EDIT,BUY,272.0000,816.4200
2023-06-21T21:00:00+00:00,EMV.AX,BUY,1963.0000,115.2000
2023-06-21T21:00:00+00:00,FTC.L,SELL,340.0000,187.9200
2023-06-21T21:00:00+00:00,GSIT,SELL,513.0000,493.3600
2023-06-21T21:00:00+00:00,HSBA.L,BUY,402.0000,187.2300
2023-06-21T21:00:00+00:00,IBTM.L,BUY,4108.0000,103.6300
2023-06-21T21:00:00+00:00,IDN,SELL,146.0000,172.2400
2023-06-21T21:00:00+00:00,IITU.L,SELL,1436.0000,150.4100
2023-06-21T21:00:00+00:00,IPWR,BUY,3.0000,417.9200
2023-06-21T21:00:00+00:00,ISF.L,BUY,4192.0000,128.8700
2023-06-21T21:00:00+00:00,LTBR,SELL,659.0000,252.0400
2023-06-21T21:00:00+00:00,MOLN.SW,BUY,369.0000,196.8300
2023-06-21T21:00:00+00:00,MSCL.TO,BUY,892.0000,227.6500
2023-06-21T21:00:00+00:00,PLTR,SELL,3876.0000,227.2400
2023-06-21T21:00:00+00:00,PRQR,BUY,442.0000,301.3300
2023-06-21T21:00:00+00:00,QSI,BUY,862.0000,233.8000
2023-06-21T21:00:00+00:00,RR.L,BUY,315.0000,237.8500
2023-06-21T21:00:00+00:00,SEYE.ST,BUY,1085.0000,122.5200
2023-06-21T21:00:00+00:00,SGLN.L,BUY,6917.0000,124.3600
2023-06-21T21:00:00+00:00,SHEL.L,BUY,717.0000,200.2900
2023-06-21T21:00:00+00:00,SLX.AX,BUY,9.0000,607.3200
2023-06-21T21:00:00+00:00,SMGB.L,SELL,7263.0000,152.6400
2023-06-21T21:00:00+00:00,VUL.AX,BUY,247.0000,211.5500
2023-06-21T21:00:00+00:00,VYGR,BUY,251.0000,545.5000
2023-06-21T21:00:00+00:00,WBT.AX,SELL,639.0000,630.0400
2023-07-20T21:00:00+00:00,AL3.AX,SELL,42.0000,124.2000
2023-07-20T21:00:00+00:00,ALCLS.PA,SELL,1069.0000,246.6300
2023-07-20T21:00:00+00:00,ALMDT.PA,BUY,392.0000,434.0300
2023-07-20T21:00:00+00:00,AXE.AX,BUY,707.0000,324.5200
2023-07-20T21:00:00+00:00,AZN.L,BUY,569.0000,164.8800
2023-07-20T21:00:00+00:00,BGO.L,BUY,328.0000,311.4000
2023-07-20T21:00:00+00:00,BRK-B,BUY,43.0000,162.6900
2023-07-20T21:00:00+00:00,BRNT.L,SELL,113.0000,234.3900
2023-07-20T21:00:00+00:00,DBMG.L,BUY,1501.0000,135.7100
2023-07-20T21:00:00+00:00,EDIT,SELL,79.0000,880.7300
2023-07-20T21:00:00+00:00,EMV.AX,BUY,1278.0000,103.1200
2023-07-20T21:00:00+00:00,FTC.L,SELL,487.0000,208.0500
2023-07-20T21:00:00+00:00,GSIT,BUY,1179.0000,327.5000
2023-07-20T21:00:00+00:00,HSBA.L,SELL,497.0000,193.8600
2023-07-20T21:00:00+00:00,IBTM.L,BUY,2489.0000,102.4000
2023-07-20T21:00:00+00:00,IDN,BUY,134.0000,171.2400
2023-07-20T21:00:00+00:00,IITU.L,SELL,989.0000,157.2500
2023-07-20T21:00:00+00:00,IPWR,SELL,217.0000,462.2900
2023-07-20T21:00:00+00:00,ISF.L,BUY,220.0000,130.5200
2023-07-20T21:00:00+00:00,LTBR,BUY,3.0000,255.6900
2023-07-20T21:00:00+00:00,MOLN.SW,BUY,206.0000,192.6900
2023-07-20T21:00:00+00:00,MSCL.TO,BUY,902.0000,194.6900
2023-07-20T21:00:00+00:00,PLTR,SELL,2515.0000,262.3100
2023-07-20T21:00:00+00:00,PRQR,BUY,285.0000,283.6800
2023-07-20T21:00:00+00:00,QSI,SELL,2399.0000,484.5100
2023-07-20T21:00:00+00:00,RR.L,BUY,713.0000,233.0900
2023-07-20T21:00:00+00:00,SEYE.ST,SELL,578.0000,132.9200
2023-07-20T21:00:00+00:00,SGLN.L,BUY,468.0000,125.7100
2023-07-20T21:00:00+00:00,SHEL.L,BUY,35.0000,203.0000
2023-07-20T21:00:00+00:00,SLX.AX,BUY,253.0000,540.7200
2023-07-20T21:00:00+00:00,SMGB.L,SELL,558.0000,155.7800
2023-07-20T21:00:00+00:00,VUL.AX,SELL,491.0000,237.1600
2023-07-20T21:00:00+00:00,VYGR,BUY,890.0000,384.0300
2023-07-20T21:00:00+00:00,WBT.AX,BUY,544.0000,487.6600
2023-08-18T21:00:00+00:00,AL3.AX,SELL,2165.0000,159.0300
2023-08-18T21:00:00+00:00,ALCLS.PA,BUY,1237.0000,188.2500
2023-08-18T21:00:00+00:00,ALMDT.PA,SELL,34.0000,427.4500
2023-08-18T21:00:00+00:00,AXE.AX,BUY,627.0000,266.7400
2023-08-18T21:00:00+00:00,AZN.L,SELL,194.0000,165.3500
2023-08-18T21:00:00+00:00,BGO.L,SELL,286.0000,328.9500
2023-08-18T21:00:00+00:00,BRK-B,SELL,492.0000,167.9400
2023-08-18T21:00:00+00:00,BRNT.L,SELL,2259.0000,254.9500
2023-08-18T21:00:00+00:00,DBMG.L,SELL,3736.0000,139.6800
2023-08-18T21:00:00+00:00,EDIT,SELL,39.0000,882.6200
2023-08-18T21:00:00+00:00,EMV.AX,SELL,1682.0000,118.6700
2023-08-18T21:00:00+00:00,FTC.L,SELL,314.0000,214.7700
2023-08-18T21:00:00+00:00,GSIT,BUY,1225.0000,234.1100
2023-08-18T21:00:00+00:00,HSBA.L,BUY,1289.0000,179.1000
2023-08-18T21:00:00+00:00,IBTM.L,SELL,1162.0000,100.7700
2023-08-18T21:00:00+00:00,IDN,SELL,128.0000,169.7600
2023-08-18T21:00:00+00:00,IITU.L,BUY,1576.0000,145.8600
2023-08-18T21:00:00+00:00,IPWR,BUY,230.0000,410.2800
2023-08-18T21:00:00+00:00,ISF.L,BUY,1558.0000,124.9000
2023-08-18T21:00:00+00:00,LTBR,BUY,707.0000,213.8600
2023-08-18T21:00:00+00:00,MOLN.SW,BUY,273.0000,178.8300
2023-08-18T21:00:00+00:00,MSCL.TO,BUY,642.0000,170.1800
2023-08-18T21:00:00+00:00,PLTR,BUY,2552.0000,223.7800
2023-08-18T21:00:00+00:00,PRQR,BUY,125.0000,267.2100
2023-08-18T21:00:00+00:00,QSI,BUY,1201.0000,309.4800
2023-08-18T21:00:00+00:00,RR.L,SELL,5242.0000,303.7400
2023-08-18T21:00:00+00:00,SEYE.ST,SELL,2.0000,129.2100
2023-08-18T21:00:00+00:00,SGLN.L,BUY,314.0000,121.8400
2023-08-18T21:00:00+00:00,SHEL.L,SELL,567.0000,202.1400
2023-08-18T21:00:00+00:00,SLX.AX,BUY,396.0000,440.8800
2023-08-18T21:00:00+00:00,SMGB.L,BUY,3480.0000,146.4300
2023-08-18T21:00:00+00:00,VUL.AX,BUY,1958.0000,162.7500
2023-08-18T21:00:00+00:00,VYGR,SELL,209.0000,402.2700
2023-08-18T21:00:00+00:00,WBT.AX,BUY,414.0000,401.3000
2023-09-19T21:00:00+00:00,AL3.AX,SELL,497.0000,179.7300
2023-09-19T21:00:00+00:00,ALCLS.PA,BUY,834.0000,172.3000
2023-09-19T21:00:00+00:00,ALMDT.PA,BUY,458.0000,379.3300
2023-09-19T21:00:00+00:00,AXE.AX,BUY,454.0000,251.4400
2023-09-19T21:00:00+00:00,AZN.L,BUY,317.0000,164.7000
2023-09-19T21:00:00+00:00,BGO.L,BUY,103.0000,334.2100
2023-09-19T21:00:00+00:00,BRK-B,SELL,249.0000,181.7000
2023-09-19T21:00:00+00:00,BRNT.L,SELL,1784.0000,294.9100
2023-09-19T21:00:00+00:00,DBMG.L,SELL,151.0000,146.7100
2023-09-19T21:00:00+00:00,EDIT,BUY,127.0000,838.4300
2023-09-19T21:00:00+00:00,EMV.AX,SELL,1528.0000,149.3000
2023-09-19T21:00:00+00:00,FTC.L,BUY,193.0000,216.7800
2023-09-19T21:00:00+00:00,GSIT,BUY,1119.0000,197.5900
2023-09-19T21:00:00+00:00,HSBA.L,SELL,781.0000,193.4600
2023-09-19T21:00:00+00:00,IBTM.L,BUY,2257.0000,103.0800
2023-09-19T21:00:00+00:00,IDN,BUY,271.0000,170.6400
2023-09-19T21:00:00+00:00,IITU.L,SELL,268.0000,154.0300
2023-09-19T21:00:00+00:00,IPWR,BUY,83.0000,416.8300
2023-09-19T21:00:00+00:00,ISF.L,SELL,818.0000,131.9400
2023-09-19T21:00:00+00:00,LTBR,BUY,652.0000,198.5400
2023-09-19T21:00:00+00:00,MOLN.SW,BUY,2300.0000,135.8600
2023-09-19T21:00:00+00:00,MSCL.TO,SELL,777.0000,203.0700
2023-09-19T21:00:00+00:00,PLTR,SELL,682.0000,242.4000
2023-09-19T21:00:00+00:00,PRQR,BUY,99.0000,273.3400
2023-09-19T21:00:00+00:00,QSI,SELL,159.0000,339.6700
2023-09-19T21:00:00+00:00,RR.L,SELL,1033.0000,341.1800
2023-09-19T21:00:00+00:00,SEYE.ST,SELL,909.0000,151.8300
2023-09-19T21:00:00+00:00,SGLN.L,SELL,242.0000,127.9400
2023-09-19T21:00:00+00:00,SHEL.L,SELL,1239.0000,223.8100
2023-09-19T21:00:00+00:00,SLX.AX,SELL,280.0000,521.4100
2023-09-19T21:00:00+00:00,SMGB.L,BUY,1451.0000,151.3600
2023-09-19T21:00:00+00:00,VUL.AX,BUY,250.0000,164.3700
2023-09-19T21:00:00+00:00,VYGR,BUY,481.0000,357.6700
2023-09-19T21:00:00+00:00,WBT.AX,BUY,1336.0000,281.4100
2023-10-18T21:00:00+00:00,AL3.AX,BUY,585.0000,163.1600
2023-10-18T21:00:00+00:00,ALCLS.PA,BUY,1940.0000,132.0400
2023-10-18T21:00:00+00:00,ALMDT.PA,SELL,139.0000,394.5900
2023-10-18T21:00:00+00:00,AXE.AX,BUY,548.0000,222.4000
2023-10-18T21:00:00+00:00,AZN.L,SELL,51.0000,164.6400
2023-10-18T21:00:00+00:00,BGO.L,BUY,324.0000,302.6300
2023-10-18T21:00:00+00:00,BRK-B,BUY,460.0000,170.0000
2023-10-18T21:00:00+00:00,BRNT.L,SELL,25.0000,292.9000
2023-10-18T21:00:00+00:00,DBMG.L,SELL,2897.0000,152.4900
2023-10-18T21:00:00+00:00,EDIT,BUY,245.0000,704.2300
2023-10-18T21:00:00+00:00,EMV.AX,BUY,634.0000,136.6800
2023-10-18T21:00:00+00:00,FTC.L,BUY,5.0000,214.7700
2023-10-18T21:00:00+00:00,GSIT,BUY,939.0000,168.4600
2023-10-18T21:00:00+00:00,HSBA.L,SELL,965.0000,199.4700
2023-10-18T21:00:00+00:00,IBTM.L,BUY,841.0000,101.3300
2023-10-18T21:00:00+00:00,IDN,BUY,1526.0000,137.6900
2023-10-18T21:00:00+00:00,IITU.L,SELL,926.0000,157.0000
2023-10-18T21:00:00+00:00,IPWR,BUY,344.0000,367.0700
2023-10-18T21:00:00+00:00,ISF.L,SELL,147.0000,131.0400
2023-10-18T21:00:00+00:00,LTBR,SELL,892.0000,233.2600
2023-10-18T21:00:00+00:00,MOLN.SW,BUY,645.0000,125.0900
2023-10-18T21:00:00+00:00,MSCL.TO,BUY,621.0000,181.2800
2023-10-18T21:00:00+00:00,PLTR,SELL,2847.0000,279.8400
2023-10-18T21:00:00+00:00,PRQR,BUY,538.0000,240.0400
2023-10-18T21:00:00+00:00,QSI,BUY,1966.0000,212.1700
2023-10-18T21:00:00+00:00,RR.L,BUY,1127.0000,313.7100
2023-10-18T21:00:00+00:00,SEYE.ST,BUY,572.0000,139.9000
2023-10-18T21:00:00+00:00,SGLN.L,SELL,3727.0000,131.1900
2023-10-18T21:00:00+00:00,SHEL.L,SELL,1429.0000,237.4700
2023-10-18T21:00:00+00:00,SLX.AX,BUY,335.0000,448.1700
2023-10-18T21:00:00+00:00,SMGB.L,SELL,3194.0000,154.7100
2023-10-18T21:00:00+00:00,VUL.AX,BUY,1426.0000,135.1500
2023-10-18T21:00:00+00:00,VYGR,BUY,283.0000,325.6900
2023-10-18T21:00:00+00:00,WBT.AX,BUY,435.0000,251.9400
2023-11-16T21:00:00+00:00,AL3.AX,SELL,659.0000,185.5400
2023-11-16T21:00:00+00:00,ALCLS.PA,SELL,4334.0000,275.9600
2023-11-16T21:00:00+00:00,ALMDT.PA,BUY,337.0000,363.0500
2023-11-16T21:00:00+00:00,AXE.AX,BUY,128.0000,223.1500
2023-11-16T21:00:00+00:00,AZN.L,BUY,469.0000,157.7200
2023-11-16T21:00:00+00:00,BGO.L,BUY,107.0000,302.6300
2023-11-16T21:00:00+00:00,BRK-B,SELL,49.0000,175.9400
2023-11-16T21:00:00+00:00,BRNT.L,BUY,3415.0000,251.2500
2023-11-16T21:00:00+00:00,DBMG.L,BUY,6344.0000,141.9300
2023-11-16T21:00:00+00:00,EDIT,SELL,338.0000,918.4600
2023-11-16T21:00:00+00:00,EMV.AX,SELL,159.0000,143.3700
2023-11-16T21:00:00+00:00,FTC.L,BUY,151.0000,214.7700
2023-11-16T21:00:00+00:00,GSIT,BUY,477.0000,161.7700
2023-11-16T21:00:00+00:00,HSBA.L,BUY,2058.0000,189.2000
2023-11-16T21:00:00+00:00,IBTM.L,BUY,1466.0000,102.6700
2023-11-16T21:00:00+00:00,IDN,BUY,1545.0000,119.1500
2023-11-16T21:00:00+00:00,IITU.L,SELL,977.0000,166.3800
2023-11-16T21:00:00+00:00,IPWR,BUY,396.0000,334.4200
2023-11-16T21:00:00+00:00,ISF.L,BUY,5027.0000,128.3700
2023-11-16T21:00:00+00:00,LTBR,BUY,1480.0000,183.6900
2023-11-16T21:00:00+00:00,MOLN.SW,SELL,811.0000,141.4100
2023-11-16T21:00:00+00:00,MSCL.TO,SELL,653.0000,208.3700
2023-11-16T21:00:00+00:00,PLTR,SELL,1510.0000,315.3400
2023-11-16T21:00:00+00:00,PRQR,SELL,81.0000,251.2600
2023-11-16T21:00:00+00:00,QSI,SELL,775.0000,255.5700
2023-11-16T21:00:00+00:00,RR.L,SELL,1945.0000,369.1100
2023-11-16T21:00:00+00:00,SEYE.ST,SELL,2056.0000,193.2300
2023-11-16T21:00:00+00:00,SGLN.L,BUY,3342.0000,130.9700
2023-11-16T21:00:00+00:00,SHEL.L,BUY,2140.0000,221.1400
2023-11-16T21:00:00+00:00,SLX.AX,SELL,186.0000,497.8500
2023-11-16T21:00:00+00:00,SMGB.L,SELL,4718.0000,166.7000
2023-11-16T21:00:00+00:00,VUL.AX,BUY,52.0000,138.1600
2023-11-16T21:00:00+00:00,VYGR,BUY,531.0000,290.4800
2023-11-16T21:00:00+00:00,WBT.AX,SELL,778.0000,313.7500
2023-12-15T21:00:00+00:00,AL3.AX,SELL,491.0000,207.6300
2023-12-15T21:00:00+00:00,ALCLS.PA,SELL,307.0000,306.9700
2023-12-15T21:00:00+00:00,ALMDT.PA,BUY,17.0000,372.3500
2023-12-15T21:00:00+00:00,AXE.AX,BUY,660.0000,204.1300
2023-12-15T21:00:00+00:00,AZN.L,BUY,198.0000,158.0300
2023-12-15T21:00:00+00:00,BGO.L,SELL,382.0000,346.4900
2023-12-15T21:00:00+00:00,BRK-B,BUY,565.0000,169.5400
2023-12-15T21:00:00+00:00,BRNT.L,BUY,1509.0000,241.3400
2023-12-15T21:00:00+00:00,DBMG.L,BUY,6437.0000,133.4400
2023-12-15T21:00:00+00:00,EDIT,SELL,188.0000,1112.1200
2023-12-15T21:00:00+00:00,EMV.AX,BUY,851.0000,133.7500
2023-12-15T21:00:00+00:00,FTC.L,SELL,889.0000,265.1000
2023-12-15T21:00:00+00:00,GSIT,SELL,517.0000,179.7400
2023-12-15T21:00:00+00:00,HSBA.L,BUY,810.0000,189.2600
2023-12-15T21:00:00+00:00,IBTM.L,BUY,756.0000,105.0400
2023-12-15T21:00:00+00:00,IDN,SELL,1026.0000,137.3300
2023-12-15T21:00:00+00:00,IITU.L,BUY,101.0000,171.0100
2023-12-15T21:00:00+00:00,IPWR,BUY,516.0000,300.1400
2023-12-15T21:00:00+00:00,ISF.L,BUY,603.0000,131.6000
2023-12-15T21:00:00+00:00,LTBR,BUY,1514.0000,152.7600
2023-12-15T21:00:00+00:00,MOLN.SW,BUY,514.0000,137.2100
2023-12-15T21:00:00+00:00,MSCL.TO,SELL,21.0000,215.6500
2023-12-15T21:00:00+00:00,PLTR,BUY,2398.0000,282.3700
2023-12-15T21:00:00+00:00,PRQR,SELL,1384.0000,370.0300
2023-12-15T21:00:00+00:00,QSI,SELL,53.0000,266.6200
2023-12-15T21:00:00+00:00,RR.L,SELL,1773.0000,437.9500
2023-12-15T21:00:00+00:00,SEYE.ST,SELL,432.0000,214.6500
2023-12-15T21:00:00+00:00,SGLN.L,BUY,3128.0000,131.4000
2023-12-15T21:00:00+00:00,SHEL.L,BUY,1189.0000,216.6000
2023-12-15T21:00:00+00:00,SLX.AX,SELL,363.0000,608.1400
2023-12-15T21:00:00+00:00,SMGB.L,SELL,4966.0000,180.9000
2023-12-15T21:00:00+00:00,VUL.AX,BUY,864.0000,129.1500
2023-12-15T21:00:00+00:00,VYGR,SELL,519.0000,344.2300
2023-12-15T21:00:00+00:00,WBT.AX,SELL,489.0000,372.7500
2024-01-18T21:00:00+00:00,AL3.AX,BUY,847.0000,178.6000
2024-01-18T21:00:00+00:00,ALCLS.PA,BUY,600.0000,262.4400
2024-01-18T21:00:00+00:00,ALMDT.PA,BUY,271.0000,338.8000
2024-01-18T21:00:00+00:00,AXE.AX,BUY,627.0000,181.9600
2024-01-18T21:00:00+00:00,AZN.L,SELL,256.0000,161.8500
2024-01-18T21:00:00+00:00,BGO.L,BUY,2776.0000,189.4700
2024-01-18T21:00:00+00:00,BRK-B,SELL,315.0000,173.6200
2024-01-18T21:00:00+00:00,BRNT.L,SELL,984.0000,249.2600
2024-01-18T21:00:00+00:00,DBMG.L,SELL,2727.0000,136.7800
2024-01-18T21:00:00+00:00,EDIT,BUY,334.0000,837.5000
2024-01-18T21:00:00+00:00,EMV.AX,SELL,2319.0000,178.2200
2024-01-18T21:00:00+00:00,FTC.L,SELL,604.0000,302.0100
2024-01-18T21:00:00+00:00,GSIT,BUY,2025.0000,135.9700
2024-01-18T21:00:00+00:00,HSBA.L,BUY,528.0000,183.2000
2024-01-18T21:00:00+00:00,IBTM.L,SELL,386.0000,104.0600
2024-01-18T21:00:00+00:00,IDN,BUY,794.0000,124.1800
2024-01-18T21:00:00+00:00,IITU.L,SELL,1255.0000,175.5300
2024-01-18T21:00:00+00:00,IPWR,BUY,86.0000,289.9100
2024-01-18T21:00:00+00:00,ISF.L,BUY,179.0000,129.6400
2024-01-18T21:00:00+00:00,LTBR,BUY,658.0000,139.0500
2024-01-18T21:00:00+00:00,MOLN.SW,SELL,622.0000,145.7900
2024-01-18T21:00:00+00:00,MSCL.TO,SELL,76.0000,215.7300
2024-01-18T21:00:00+00:00,PLTR,BUY,1586.0000,256.3400
2024-01-18T21:00:00+00:00,PRQR,SELL,22.0000,367.5900
2024-01-18T21:00:00+00:00,QSI,BUY,302.0000,246.4900
2024-01-18T21:00:00+00:00,RR.L,SELL,776.0000,462.7100
2024-01-18T21:00:00+00:00,SEYE.ST,SELL,759.0000,245.2500
2024-01-18T21:00:00+00:00,SGLN.L,SELL,534.0000,130.2600
2024-01-18T21:00:00+00:00,SHEL.L,BUY,961.0000,205.4300
2024-01-18T21:00:00+00:00,SLX.AX,SELL,290.0000,703.8200
2024-01-18T21:00:00+00:00,SMGB.L,SELL,3436.0000,185.2400
2024-01-18T21:00:00+00:00,VUL.AX,BUY,1868.0000,106.0400
2024-01-18T21:00:00+00:00,VYGR,BUY,256.0000,316.3700
2024-01-18T21:00:00+00:00,WBT.AX,BUY,952.0000,283.6600
2024-02-16T21:00:00+00:00,AL3.AX,BUY,625.0000,174.6900
2024-02-16T21:00:00+00:00,ALCLS.PA,BUY,18.0000,279.8900
2024-02-16T21:00:00+00:00,ALMDT.PA,BUY,202.0000,342.8400
2024-02-16T21:00:00+00:00,AXE.AX,SELL,38.0000,195.9800
2024-02-16T21:00:00+00:00,AZN.L,BUY,721.0000,156.6000
2024-02-16T21:00:00+00:00,BGO.L,BUY,173.0000,197.3700
2024-02-16T21:00:00+00:00,BRK-B,SELL,418.0000,195.7100
2024-02-16T21:00:00+00:00,BRNT.L,BUY,71.0000,265.9800
2024-02-16T21:00:00+00:00,DBMG.L,BUY,2816.0000,140.8100
2024-02-16T21:00:00+00:00,EDIT,BUY,94.0000,840.5900
2024-02-16T21:00:00+00:00,EMV.AX,BUY,282.0000,183.0200
2024-02-16T21:00:00+00:00,FTC.L,SELL,1429.0000,510.0700
2024-02-16T21:00:00+00:00,GSIT,SELL,1225.0000,169.5100
2024-02-16T21:00:00+00:00,HSBA.L,SELL,331.0000,198.5200
2024-02-16T21:00:00+00:00,IBTM.L,BUY,7428.0000,103.5400
2024-02-16T21:00:00+00:00,IDN,BUY,610.0000,124.9400
2024-02-16T21:00:00+00:00,IITU.L,SELL,2.0000,187.9500
2024-02-16T21:00:00+00:00,IPWR,BUY,669.0000,266.6000
2024-02-16T21:00:00+00:00,ISF.L,BUY,3697.0000,134.1300
2024-02-16T21:00:00+00:00,LTBR,BUY,784.0000,136.2800
2024-02-16T21:00:00+00:00,MOLN.SW,BUY,916.0000,140.2300
2024-02-16T21:00:00+00:00,MSCL.TO,SELL,479.0000,253.1700
2024-02-16T21:00:00+00:00,PLTR,SELL,5668.0000,384.3600
2024-02-16T21:00:00+00:00,PRQR,BUY,504.0000,340.2000
2024-02-16T21:00:00+00:00,QSI,SELL,113.0000,270.2700
2024-02-16T21:00:00+00:00,RR.L,BUY,165.0000,488.0700
2024-02-16T21:00:00+00:00,SEYE.ST,BUY,577.0000,234.4800
2024-02-16T21:00:00+00:00,SGLN.L,BUY,7818.0000,130.6400
2024-02-16T21:00:00+00:00,SHEL.L,BUY,171.0000,218.4400
2024-02-16T21:00:00+00:00,SLX.AX,BUY,156.0000,689.5300
2024-02-16T21:00:00+00:00,SMGB.L,SELL,4624.0000,208.9400
2024-02-16T21:00:00+00:00,VUL.AX,BUY,1228.0000,102.2500
2024-02-16T21:00:00+00:00,VYGR,BUY,97.0000,330.1300
2024-02-16T21:00:00+00:00,WBT.AX,SELL,136.0000,314.0100
2024-03-18T21:00:00+00:00,AL3.AX,BUY,1679.0000,147.9900
2024-03-18T21:00:00+00:00,ALCLS.PA,BUY,753.0000,250.3600
2024-03-18T21:00:00+00:00,ALMDT.PA,BUY,1783.0000,241.1900
2024-03-18T21:00:00+00:00,AXE.AX,SELL,715.0000,230.1000
2024-03-18T21:00:00+00:00,AZN.L,BUY,62.0000,162.1300
2024-03-18T21:00:00+00:00,BGO.L,BUY,560.0000,189.4700
2024-03-18T21:00:00+00:00,BRK-B,BUY,385.0000,194.8300
2024-03-18T21:00:00+00:00,BRNT.L,BUY,129.0000,275.9700
2024-03-18T21:00:00+00:00,DBMG.L,BUY,1249.0000,144.5200
2024-03-18T21:00:00+00:00,EDIT,BUY,171.0000,787.9800
2024-03-18T21:00:00+00:00,EMV.AX,SELL,992.0000,223.1400
2024-03-18T21:00:00+00:00,FTC.L,BUY,178.0000,496.6400
2024-03-18T21:00:00+00:00,GSIT,SELL,1731.0000,230.5000
2024-03-18T21:00:00+00:00,HSBA.L,BUY,1703.0000,195.1100
2024-03-18T21:00:00+00:00,IBTM.L,BUY,5594.0000,102.6200
2024-03-18T21:00:00+00:00,IDN,BUY,851.0000,120.2900
2024-03-18T21:00:00+00:00,IITU.L,BUY,702.0000,191.8800
2024-03-18T21:00:00+00:00,IPWR,SELL,1706.0000,434.9400
2024-03-18T21:00:00+00:00,ISF.L,BUY,3952.0000,135.1500
2024-03-18T21:00:00+00:00,LTBR,SELL,73.0000,143.3800
2024-03-18T21:00:00+00:00,MOLN.SW,BUY,2158.0000,118.0900
2024-03-18T21:00:00+00:00,MSCL.TO,SELL,42.0000,266.5100
2024-03-18T21:00:00+00:00,PLTR,BUY,1050.0000,373.5200
2024-03-18T21:00:00+00:00,PRQR,SELL,621.0000,426.4500
2024-03-18T21:00:00+00:00,QSI,SELL,285.0000,300.5000
2024-03-18T21:00:00+00:00,RR.L,SELL,1501.0000,588.7700
2024-03-18T21:00:00+00:00,SEYE.ST,SELL,1174.0000,312.9300
2024-03-18T21:00:00+00:00,SGLN.L,SELL,2318.0000,138.9800
2024-03-18T21:00:00+00:00,SHEL.L,BUY,449.0000,223.9900
2024-03-18T21:00:00+00:00,SLX.AX,BUY,179.0000,655.6200
2024-03-18T21:00:00+00:00,SMGB.L,BUY,281.0000,217.4000
2024-03-18T21:00:00+00:00,VUL.AX,SELL,4023.0000,158.3000
2024-03-18T21:00:00+00:00,VYGR,SELL,474.0000,393.3400
2024-03-18T21:00:00+00:00,WBT.AX,BUY,463.0000,293.9200
2024-04-18T21:00:00+00:00,AL3.AX,BUY,2194.0000,120.5800
2024-04-18T21:00:00+00:00,ALCLS.PA,SELL,77.0000,258.0200
2024-04-18T21:00:00+00:00,ALMDT.PA,SELL,825.0000,288.4200
2024-04-18T21:00:00+00:00,AXE.AX,SELL,544.0000,258.1600
2024-04-18T21:00:00+00:00,AZN.L,SELL,322.0000,171.9600
2024-04-18T21:00:00+00:00,BGO.L,SELL,805.0000,217.5400
2024-04-18T21:00:00+00:00,BRK-B,BUY,119.0000,195.0200
2024-04-18T21:00:00+00:00,BRNT.L,SELL,573.0000,287.9800
2024-04-18T21:00:00+00:00,DBMG.L,SELL,4099.0000,155.3100
2024-04-18T21:00:00+00:00,EDIT,BUY,638.0000,579.1100
2024-04-18T21:00:00+00:00,EMV.AX,BUY,717.0000,202.0400
2024-04-18T21:00:00+00:00,FTC.L,BUY,350.0000,445.6400
2024-04-18T21:00:00+00:00,GSIT,SELL,150.0000,240.3600
2024-04-18T21:00:00+00:00,HSBA.L,SELL,1482.0000,208.7500
2024-04-18T21:00:00+00:00,IBTM.L,BUY,1392.0000,102.9100
2024-04-18T21:00:00+00:00,IDN,SELL,4000.0000,192.3500
2024-04-18T21:00:00+00:00,IITU.L,BUY,1024.0000,188.7900
2024-04-18T21:00:00+00:00,IPWR,BUY,1643.0000,286.3800
2024-04-18T21:00:00+00:00,ISF.L,SELL,915.0000,138.3500
2024-04-18T21:00:00+00:00,LTBR,BUY,2496.0000,114.5100
2024-04-18T21:00:00+00:00,MOLN.SW,BUY,468.0000,115.0800
2024-04-18T21:00:00+00:00,MSCL.TO,BUY,1272.0000,215.2900
2024-04-18T21:00:00+00:00,PLTR,BUY,1949.0000,336.1900
2024-04-18T21:00:00+00:00,PRQR,BUY,986.0000,328.2900
2024-04-18T21:00:00+00:00,QSI,BUY,1125.0000,242.8700
2024-04-18T21:00:00+00:00,RR.L,SELL,155.0000,607.6400
2024-04-18T21:00:00+00:00,SEYE.ST,BUY,1465.0000,235.7800
2024-04-18T21:00:00+00:00,SGLN.L,SELL,12017.0000,156.6600
2024-04-18T21:00:00+00:00,SHEL.L,SELL,2155.0000,248.5700
2024-04-18T21:00:00+00:00,SLX.AX,SELL,136.0000,714.3200
2024-04-18T21:00:00+00:00,SMGB.L,BUY,3635.0000,211.8800
2024-04-18T21:00:00+00:00,VUL.AX,BUY,314.0000,154.8900
2024-04-18T21:00:00+00:00,VYGR,BUY,657.0000,333.9900
2024-04-18T21:00:00+00:00,WBT.AX,BUY,1007.0000,243.7400
2024-05-20T21:00:00+00:00,AL3.AX,SELL,1419.0000,144.9200
2024-05-20T21:00:00+00:00,ALCLS.PA,SELL,347.0000,289.8500
2024-05-20T21:00:00+00:00,ALMDT.PA,BUY,67.0000,298.0700
2024-05-20T21:00:00+00:00,AXE.AX,BUY,1224.0000,218.9400
2024-05-20T21:00:00+00:00,AZN.L,SELL,391.0000,190.5800
2024-05-20T21:00:00+00:00,BRK-B,BUY,300.0000,197.4100
2024-05-20T21:00:00+00:00,BRNT.L,BUY,1901.0000,276.5100
2024-05-20T21:00:00+00:00,DBMG.L,BUY,3176.0000,155.7700
2024-05-20T21:00:00+00:00,EDIT,BUY,174.0000,564.5300
2024-05-20T21:00:00+00:00,EMV.AX,BUY,1774.0000,167.0700
2024-05-20T21:00:00+00:00,FTC.L,SELL,1202.0000,778.5200
2024-05-20T21:00:00+00:00,GSIT,BUY,1924.0000,187.2700
2024-05-20T21:00:00+00:00,HSBA.L,SELL,1703.0000,233.2000
2024-05-20T21:00:00+00:00,IBTM.L,BUY,5571.0000,102.7700
2024-05-20T21:00:00+00:00,IDN,BUY,592.0000,185.8300
2024-05-20T21:00:00+00:00,IITU.L,SELL,352.0000,200.0400
2024-05-20T21:00:00+00:00,IPWR,BUY,57.0000,296.6200
2024-05-20T21:00:00+00:00,ISF.L,SELL,2682.0000,148.5600
2024-05-20T21:00:00+00:00,LTBR,SELL,2073.0000,145.9100
2024-05-20T21:00:00+00:00,MOLN.SW,BUY,882.0000,112.1400
2024-05-20T21:00:00+00:00,MSCL.TO,BUY,618.0000,205.2700
2024-05-20T21:00:00+00:00,PLTR,BUY,777.0000,337.1400
2024-05-20T21:00:00+00:00,PRQR,BUY,148.0000,332.1400
2024-05-20T21:00:00+00:00,QSI,SELL,483.0000,279.0200
2024-05-20T21:00:00+00:00,RR.L,SELL,323.0000,659.4200
2024-05-20T21:00:00+00:00,SEYE.ST,SELL,957.0000,297.3000
2024-05-20T21:00:00+00:00,SGLN.L,BUY,5703.0000,156.0700
2024-05-20T21:00:00+00:00,SHEL.L,BUY,1213.0000,247.6300
2024-05-20T21:00:00+00:00,SLX.AX,SELL,422.0000,966.4000
2024-05-20T21:00:00+00:00,SMGB.L,SELL,2918.0000,229.5200
2024-05-20T21:00:00+00:00,VUL.AX,SELL,2965.0000,247.1900
2024-05-20T21:00:00+00:00,VYGR,SELL,178.0000,366.3600
2024-05-20T21:00:00+00:00,WBT.AX,BUY,2002.0000,187.2400
2024-06-19T21:00:00+00:00,AL3.AX,BUY,249.0000,146.2300
2024-06-19T21:00:00+00:00,ALCLS.PA,BUY,2681.0000,193.0600
2024-06-19T21:00:00+00:00,ALMDT.PA,BUY,1169.0000,247.0900
2024-06-19T21:00:00+00:00,AXE.AX,BUY,1017.0000,195.5800
2024-06-19T21:00:00+00:00,AZN.L,BUY,99.0000,194.4200
2024-06-19T21:00:00+00:00,BGO.L,SELL,282.0000,247.3700
2024-06-19T21:00:00+00:00,BRK-B,BUY,423.0000,194.8500
2024-06-19T21:00:00+00:00,BRNT.L,BUY,299.0000,282.4400
2024-06-19T21:00:00+00:00,DBMG.L,BUY,3187.0000,154.5100
2024-06-19T21:00:00+00:00,EDIT,BUY,334.0000,515.0500
2024-06-19T21:00:00+00:00,EMV.AX,BUY,74.0000,171.4100
2024-06-19T21:00:00+00:00,FTC.L,SELL,310.0000,973.1500
2024-06-19T21:00:00+00:00,GSIT,BUY,733.0000,176.5500
2024-06-19T21:00:00+00:00,HSBA.L,BUY,1007.0000,232.3300
2024-06-19T21:00:00+00:00,IBTM.L,BUY,1935.0000,104.6400
2024-06-19T21:00:00+00:00,IDN,SELL,655.0000,210.5900
2024-06-19T21:00:00+00:00,IITU.L,SELL,2995.0000,227.9700
2024-06-19T21:00:00+00:00,IPWR,BUY,564.0000,274.2500
2024-06-19T21:00:00+00:00,ISF.L,BUY,6649.0000,145.0000
2024-06-19T21:00:00+00:00,LTBR,BUY,3385.0000,111.7000
2024-06-19T21:00:00+00:00,MOLN.SW,SELL,7521.0000,290.8700
2024-06-19T21:00:00+00:00,MSCL.TO,SELL,728.0000,237.7500
2024-06-19T21:00:00+00:00,PLTR,SELL,2380.0000,402.3300
2024-06-19T21:00:00+00:00,PRQR,BUY,821.0000,287.8100
2024-06-19T21:00:00+00:00,QSI,BUY,2009.0000,206.3500
2024-06-19T21:00:00+00:00,RR.L,SELL,397.0000,713.3200
2024-06-19T21:00:00+00:00,SEYE.ST,SELL,212.0000,322.1500
2024-06-19T21:00:00+00:00,SGLN.L,BUY,9057.0000,149.7200
2024-06-19T21:00:00+00:00,SHEL.L,BUY,1368.0000,242.6800
2024-06-19T21:00:00+00:00,SLX.AX,BUY,411.0000,779.5600
2024-06-19T21:00:00+00:00,SMGB.L,SELL,8348.0000,262.6000
2024-06-19T21:00:00+00:00,VUL.AX,BUY,1042.0000,216.1400
2024-06-19T21:00:00+00:00,VYGR,BUY,278.0000,353.5300
2024-06-19T21:00:00+00:00,WBT.AX,BUY,275.0000,186.9300
2024-07-18T21:00:00+00:00,AL3.AX,SELL,5623.0000,333.9600
2024-07-18T21:00:00+00:00,ALCLS.PA,SELL,503.0000,205.0300
2024-07-18T21:00:00+00:00,ALMDT.PA,BUY,2764.0000,166.5600
2024-07-18T21:00:00+00:00,AXE.AX,BUY,843.0000,174.0400
2024-07-18T21:00:00+00:00,AZN.L,BUY,59.0000,191.0500
2024-07-18T21:00:00+00:00,BGO.L,SELL,214.0000,254.3900
2024-07-18T21:00:00+00:00,BRK-B,SELL,585.0000,206.3000
2024-07-18T21:00:00+00:00,BRNT.L,BUY,241.0000,276.9700
2024-07-18T21:00:00+00:00,DBMG.L,BUY,111.0000,152.8900
2024-07-18T21:00:00+00:00,EDIT,SELL,101.0000,529.4900
2024-07-18T21:00:00+00:00,EMV.AX,SELL,141.0000,172.7300
2024-07-18T21:00:00+00:00,FTC.L,SELL,68.0000,1010.0700
2024-07-18T21:00:00+00:00,GSIT,SELL,275.0000,181.0000
2024-07-18T21:00:00+00:00,HSBA.L,BUY,942.0000,222.4400
2024-07-18T21:00:00+00:00,IBTM.L,BUY,74.0000,103.6300
2024-07-18T21:00:00+00:00,IDN,BUY,50.0000,207.1800
2024-07-18T21:00:00+00:00,IITU.L,BUY,1643.0000,214.0300
2024-07-18T21:00:00+00:00,IPWR,SELL,322.0000,289.3800
2024-07-18T21:00:00+00:00,ISF.L,SELL,1240.0000,145.2300
2024-07-18T21:00:00+00:00,LTBR,SELL,3147.0000,146.0400
2024-07-18T21:00:00+00:00,MOLN.SW,BUY,2133.0000,201.9600
2024-07-18T21:00:00+00:00,MSCL.TO,BUY,828.0000,207.5000
2024-07-18T21:00:00+00:00,PLTR,SELL,1340.0000,436.2800
2024-07-18T21:00:00+00:00,PRQR,SELL,315.0000,304.1700
2024-07-18T21:00:00+00:00,QSI,BUY,1536.0000,167.8500
2024-07-18T21:00:00+00:00,RR.L,BUY,679.0000,656.1000
2024-07-18T21:00:00+00:00,SEYE.ST,BUY,351.0000,296.1500
2024-07-18T21:00:00+00:00,SGLN.L,SELL,5709.0000,155.5300
2024-07-18T21:00:00+00:00,SHEL.L,SELL,1013.0000,250.3200
2024-07-18T21:00:00+00:00,SLX.AX,BUY,158.0000,711.9300
2024-07-18T21:00:00+00:00,SMGB.L,BUY,9477.0000,232.3900
2024-07-18T21:00:00+00:00,VUL.AX,SELL,6.0000,214.3700
2024-07-18T21:00:00+00:00,VYGR,SELL,77.0000,357.0400
2024-07-18T21:00:00+00:00,WBT.AX,SELL,295.0000,192.5600
2024-08-16T21:00:00+00:00,AL3.AX,BUY,229.0000,321.1700
2024-08-16T21:00:00+00:00,ALCLS.PA,BUY,303.0000,199.0700
2024-08-16T21:00:00+00:00,ALMDT.PA,SELL,5715.0000,498.1500
2024-08-16T21:00:00+00:00,AXE.AX,BUY,2740.0000,132.4100
2024-08-16T21:00:00+00:00,AZN.L,SELL,450.0000,206.8100
2024-08-16T21:00:00+00:00,BGO.L,BUY,1153.0000,214.0400
2024-08-16T21:00:00+00:00,BRK-B,SELL,41.0000,209.9400
2024-08-16T21:00:00+00:00,BRNT.L,BUY,1148.0000,267.2700
2024-08-16T21:00:00+00:00,DBMG.L,BUY,4987.0000,145.4100
2024-08-16T21:00:00+00:00,EDIT,BUY,888.0000,404.2100
2024-08-16T21:00:00+00:00,EMV.AX,SELL,461.0000,185.1900
2024-08-16T21:00:00+00:00,FTC.L,BUY,127.0000,939.6000
2024-08-16T21:00:00+00:00,GSIT,BUY,1376.0000,156.2800
2024-08-16T21:00:00+00:00,HSBA.L,BUY,330.0000,222.6700
2024-08-16T21:00:00+00:00,IBTM.L,SELL,1673.0000,106.4500
2024-08-16T21:00:00+00:00,IDN,BUY,3151.0000,144.3700
2024-08-16T21:00:00+00:00,IITU.L,BUY,330.0000,214.5200
2024-08-16T21:00:00+00:00,IPWR,SELL,283.0000,310.7600
2024-08-16T21:00:00+00:00,ISF.L,SELL,721.0000,148.0200
2024-08-16T21:00:00+00:00,LTBR,BUY,2735.0000,115.7800
2024-08-16T21:00:00+00:00,MOLN.SW,BUY,507.0000,190.9600
2024-08-16T21:00:00+00:00,MSCL.TO,BUY,36.0000,209.0700
2024-08-16T21:00:00+00:00,PLTR,SELL,1507.0000,494.3000
2024-08-16T21:00:00+00:00,PRQR,SELL,855.0000,376.0500
2024-08-16T21:00:00+00:00,QSI,BUY,1024.0000,151.8700
2024-08-16T21:00:00+00:00,RR.L,SELL,1147.0000,756.3400
2024-08-16T21:00:00+00:00,SEYE.ST,SELL,407.0000,327.4000
2024-08-16T21:00:00+00:00,SGLN.L,SELL,285.0000,157.9100
2024-08-16T21:00:00+00:00,SHEL.L,BUY,483.0000,248.6900
2024-08-16T21:00:00+00:00,SLX.AX,BUY,374.0000,608.6500
2024-08-16T21:00:00+00:00,SMGB.L,BUY,3185.0000,227.2100
2024-08-16T21:00:00+00:00,VUL.AX,BUY,898.0000,191.5300
2024-08-16T21:00:00+00:00,VYGR,BUY,1228.0000,277.1800
2024-08-16T21:00:00+00:00,WBT.AX,BUY,1713.0000,158.6600
2024-09-17T21:00:00+00:00,AL3.AX,SELL,101.0000,319.2200
2024-09-17T21:00:00+00:00,ALCLS.PA,SELL,1005.0000,224.2200
2024-09-17T21:00:00+00:00,ALMDT.PA,BUY,1325.0000,333.2100
2024-09-17T21:00:00+00:00,AXE.AX,BUY,710.0000,120.8700
2024-09-17T21:00:00+00:00,AZN.L,BUY,388.0000,189.7200
2024-09-17T21:00:00+00:00,BGO.L,BUY,497.0000,193.8600
2024-09-17T21:00:00+00:00,BRK-B,SELL,241.0000,209.9600
2024-09-17T21:00:00+00:00,BRNT.L,BUY,1777.0000,242.0200
2024-09-17T21:00:00+00:00,DBMG.L,SELL,196.0000,141.6400
2024-09-17T21:00:00+00:00,EDIT,BUY,124.0000,379.6900
2024-09-17T21:00:00+00:00,EMV.AX,SELL,102.0000,182.3300
2024-09-17T21:00:00+00:00,FTC.L,SELL,91.0000,969.8000
2024-09-17T21:00:00+00:00,GSIT,SELL,1573.0000,182.6700
2024-09-17T21:00:00+00:00,HSBA.L,SELL,1012.0000,224.4300
2024-09-17T21:00:00+00:00,IBTM.L,SELL,3763.0000,106.8500
2024-09-17T21:00:00+00:00,IDN,BUY,895.0000,128.8700
2024-09-17T21:00:00+00:00,IITU.L,BUY,4.0000,208.4300
2024-09-17T21:00:00+00:00,IPWR,BUY,249.0000,286.7900
2024-09-17T21:00:00+00:00,ISF.L,SELL,3456.0000,148.3000
2024-09-17T21:00:00+00:00,LTBR,BUY,691.0000,106.6600
2024-09-17T21:00:00+00:00,MOLN.SW,BUY,1758.0000,150.8300
2024-09-17T21:00:00+00:00,MSCL.TO,BUY,57.0000,201.5100
2024-09-17T21:00:00+00:00,PLTR,SELL,1542.0000,546.7000
2024-09-17T21:00:00+00:00,PRQR,BUY,776.0000,304.4900
2024-09-17T21:00:00+00:00,QSI,SELL,65.0000,148.5900
2024-09-17T21:00:00+00:00,RR.L,SELL,137.0000,747.2800
2024-09-17T21:00:00+00:00,SEYE.ST,BUY,1553.0000,235.8800
2024-09-17T21:00:00+00:00,SGLN.L,SELL,4603.0000,159.6800
2024-09-17T21:00:00+00:00,SHEL.L,BUY,1480.0000,228.2800
2024-09-17T21:00:00+00:00,SLX.AX,BUY,416.0000,503.8900
2024-09-17T21:00:00+00:00,SMGB.L,BUY,2767.0000,214.3300
2024-09-17T21:00:00+00:00,VUL.AX,BUY,283.0000,179.4300
2024-09-17T21:00:00+00:00,VYGR,BUY,184.0000,260.2200
2024-09-17T21:00:00+00:00,WBT.AX,BUY,346.0000,148.5900
2024-10-16T21:00:00+00:00,AL3.AX,BUY,117.0000,330.0600
2024-10-16T21:00:00+00:00,ALCLS.PA,BUY,1460.0000,193.2800
2024-10-16T21:00:00+00:00,ALMDT.PA,BUY,591.0000,310.4400
2024-10-16T21:00:00+00:00,AXE.AX,SELL,66.0000,129.0000
2024-10-16T21:00:00+00:00,AZN.L,BUY,390.0000,190.6100
2024-10-16T21:00:00+00:00,BGO.L,BUY,1053.0000,179.8200
2024-10-16T21:00:00+00:00,BRK-B,BUY,243.0000,216.4700
2024-10-16T21:00:00+00:00,BRNT.L,BUY,757.0000,249.6000
2024-10-16T21:00:00+00:00,DBMG.L,BUY,4485.0000,142.4800
2024-10-16T21:00:00+00:00,EDIT,BUY,651.0000,343.1200
2024-10-16T21:00:00+00:00,EMV.AX,BUY,883.0000,173.7500
2024-10-16T21:00:00+00:00,FTC.L,BUY,63.0000,986.5800
2024-10-16T21:00:00+00:00,GSIT,SELL,1841.0000,254.2000
2024-10-16T21:00:00+00:00,HSBA.L,BUY,1193.0000,228.1600
2024-10-16T21:00:00+00:00,IBTM.L,BUY,8175.0000,105.8200
2024-10-16T21:00:00+00:00,IDN,SELL,264.0000,140.1200
2024-10-16T21:00:00+00:00,IITU.L,SELL,66.0000,221.6600
2024-10-16T21:00:00+00:00,IPWR,BUY,299.0000,286.9500
2024-10-16T21:00:00+00:00,ISF.L,BUY,6417.0000,148.8100
2024-10-16T21:00:00+00:00,LTBR,SELL,6211.0000,212.6200
2024-10-16T21:00:00+00:00,MOLN.SW,BUY,841.0000,146.9100
2024-10-16T21:00:00+00:00,MSCL.TO,SELL,1586.0000,276.1900
2024-10-16T21:00:00+00:00,PLTR,SELL,977.0000,635.8700
2024-10-16T21:00:00+00:00,PRQR,SELL,2430.0000,676.2800
2024-10-16T21:00:00+00:00,QSI,BUY,2483.0000,125.1000
2024-10-16T21:00:00+00:00,RR.L,SELL,506.0000,845.4100
2024-10-16T21:00:00+00:00,SEYE.ST,BUY,1772.0000,193.2800
2024-10-16T21:00:00+00:00,SGLN.L,BUY,733.0000,168.3700
2024-10-16T21:00:00+00:00,SHEL.L,BUY,1956.0000,225.7400
2024-10-16T21:00:00+00:00,SLX.AX,SELL,492.0000,648.0600
2024-10-16T21:00:00+00:00,SMGB.L,BUY,1725.0000,223.3800
2024-10-16T21:00:00+00:00,VUL.AX,SELL,1800.0000,246.6800
2024-10-16T21:00:00+00:00,VYGR,SELL,936.0000,333.5200
2024-10-16T21:00:00+00:00,WBT.AX,SELL,194.0000,160.9700
2024-11-14T21:00:00+00:00,AL3.AX,SELL,1545.0000,521.2500
2024-11-14T21:00:00+00:00,ALCLS.PA,BUY,641.0000,186.3300
2024-11-14T21:00:00+00:00,ALMDT.PA,SELL,203.0000,338.1300
2024-11-14T21:00:00+00:00,AXE.AX,SELL,4164.0000,209.4500
2024-11-14T21:00:00+00:00,AZN.L,BUY,1604.0000,163.1500
2024-11-14T21:00:00+00:00,BGO.L,BUY,155.0000,184.2100
2024-11-14T21:00:00+00:00,BRK-B,BUY,88.0000,223.5500
2024-11-14T21:00:00+00:00,BRNT.L,BUY,768.0000,253.1900
2024-11-14T21:00:00+00:00,DBMG.L,BUY,3441.0000,142.9500
2024-11-14T21:00:00+00:00,EDIT,BUY,1156.0000,283.2800
2024-11-14T21:00:00+00:00,EMV.AX,BUY,663.0000,168.3900
2024-11-14T21:00:00+00:00,FTC.L,BUY,35.0000,1006.7100
2024-11-14T21:00:00+00:00,GSIT,BUY,3031.0000,175.3600
2024-11-14T21:00:00+00:00,HSBA.L,SELL,474.0000,242.1100
2024-11-14T21:00:00+00:00,IBTM.L,BUY,6068.0000,105.2000
2024-11-14T21:00:00+00:00,IDN,SELL,1021.0000,161.5900
2024-11-14T21:00:00+00:00,IITU.L,SELL,286.0000,233.4000
2024-11-14T21:00:00+00:00,IPWR,BUY,941.0000,253.8500
2024-11-14T21:00:00+00:00,ISF.L,BUY,8616.0000,144.6900
2024-11-14T21:00:00+00:00,LTBR,SELL,2304.0000,329.0700
2024-11-14T21:00:00+00:00,MOLN.SW,SELL,888.0000,167.8600
2024-11-14T21:00:00+00:00,MSCL.TO,SELL,984.0000,351.7500
2024-11-14T21:00:00+00:00,PLTR,SELL,2862.0000,922.8200
2024-11-14T21:00:00+00:00,PRQR,BUY,73.0000,683.2900
2024-11-14T21:00:00+00:00,QSI,BUY,757.0000,122.8000
2024-11-14T21:00:00+00:00,RR.L,BUY,550.0000,823.0700
2024-11-14T21:00:00+00:00,SEYE.ST,BUY,910.0000,180.5600
2024-11-14T21:00:00+00:00,SGLN.L,BUY,6762.0000,165.8500
2024-11-14T21:00:00+00:00,SHEL.L,BUY,942.0000,228.0600
2024-11-14T21:00:00+00:00,SLX.AX,SELL,220.0000,747.1000
2024-11-14T21:00:00+00:00,SMGB.L,BUY,2344.0000,227.5400
2024-11-14T21:00:00+00:00,VUL.AX,SELL,920.0000,303.1100
2024-11-14T21:00:00+00:00,VYGR,BUY,1309.0000,269.6700
2024-11-14T21:00:00+00:00,WBT.AX,SELL,3321.0000,260.6500
2024-12-13T21:00:00+00:00,AL3.AX,BUY,1514.0000,355.7800
2024-12-13T21:00:00+00:00,ALCLS.PA,BUY,751.0000,175.5000
2024-12-13T21:00:00+00:00,ALMDT.PA,BUY,480.0000,314.3300
2024-12-13T21:00:00+00:00,AXE.AX,BUY,1340.0000,182.2600
2024-12-13T21:00:00+00:00,AZN.L,BUY,77.0000,165.9400
2024-12-13T21:00:00+00:00,BGO.L,BUY,990.0000,169.3000
2024-12-13T21:00:00+00:00,BRK-B,BUY,391.0000,219.3800
2024-12-13T21:00:00+00:00,BRNT.L,SELL,136.0000,261.0400
2024-12-13T21:00:00+00:00,DBMG.L,BUY,1498.0000,144.2400
2024-12-13T21:00:00+00:00,EDIT,BUY,5365.0000,147.6100
2024-12-13T21:00:00+00:00,EMV.AX,BUY,872.0000,157.9600
2024-12-13T21:00:00+00:00,FTC.L,BUY,107.0000,966.4400
2024-12-13T21:00:00+00:00,GSIT,BUY,316.0000,173.7700
2024-12-13T21:00:00+00:00,HSBA.L,SELL,1518.0000,262.6800
2024-12-13T21:00:00+00:00,IBTM.L,BUY,1392.0000,106.7700
2024-12-13T21:00:00+00:00,IDN,SELL,1652.0000,199.7600
2024-12-13T21:00:00+00:00,IITU.L,BUY,19.0000,239.3100
2024-12-13T21:00:00+00:00,IPWR,BUY,314.0000,247.8200
2024-12-13T21:00:00+00:00,ISF.L,SELL,407.0000,148.9200
2024-12-13T21:00:00+00:00,LTBR,BUY,2747.0000,214.1900
2024-12-13T21:00:00+00:00,MOLN.SW,BUY,367.0000,165.7000
2024-12-13T21:00:00+00:00,MSCL.TO,SELL,491.0000,405.5000
2024-12-13T21:00:00+00:00,PLTR,SELL,1492.0000,1188.9600
2024-12-13T21:00:00+00:00,PRQR,BUY,984.0000,490.6800
2024-12-13T21:00:00+00:00,QSI,SELL,6852.0000,271.7600
2024-12-13T21:00:00+00:00,RR.L,SELL,190.0000,864.4300
2024-12-13T21:00:00+00:00,SEYE.ST,BUY,405.0000,176.9900
2024-12-13T21:00:00+00:00,SGLN.L,SELL,1647.0000,172.5000
2024-12-13T21:00:00+00:00,SHEL.L,BUY,1170.0000,225.0800
2024-12-13T21:00:00+00:00,SLX.AX,SELL,97.0000,803.4900
2024-12-13T21:00:00+00:00,SMGB.L,BUY,2070.0000,228.6400
2024-12-13T21:00:00+00:00,VUL.AX,BUY,482.0000,284.4800
2024-12-13T21:00:00+00:00,VYGR,BUY,90.0000,272.4700
2024-12-13T21:00:00+00:00,WBT.AX,BUY,730.0000,238.4700
2025-01-16T21:00:00+00:00,AL3.AX,BUY,292.0000,349.9100
2025-01-16T21:00:00+00:00,ALCLS.PA,BUY,702.0000,170.6900
2025-01-16T21:00:00+00:00,ALMDT.PA,SELL,1098.0000,418.9300
2025-01-16T21:00:00+00:00,AXE.AX,SELL,1245.0000,222.1500
2025-01-16T21:00:00+00:00,AZN.L,BUY,96.0000,171.9000
2025-01-16T21:00:00+00:00,BGO.L,SELL,271.0000,182.4600
2025-01-16T21:00:00+00:00,BRK-B,BUY,4.0000,229.5900
2025-01-16T21:00:00+00:00,BRNT.L,SELL,1889.0000,293.5000
2025-01-16T21:00:00+00:00,DBMG.L,SELL,150.0000,151.2700
2025-01-16T21:00:00+00:00,EDIT,BUY,1900.0000,131.6100
2025-01-16T21:00:00+00:00,EMV.AX,BUY,339.0000,160.0600
2025-01-16T21:00:00+00:00,FTC.L,SELL,371.0000,1302.0100
2025-01-16T21:00:00+00:00,GSIT,SELL,339.0000,188.8600
2025-01-16T21:00:00+00:00,HSBA.L,SELL,503.0000,280.3700
2025-01-16T21:00:00+00:00,IBTM.L,BUY,3518.0000,108.8400
2025-01-16T21:00:00+00:00,IDN,BUY,975.0000,186.5700
2025-01-16T21:00:00+00:00,IITU.L,BUY,1205.0000,241.2500
2025-01-16T21:00:00+00:00,IPWR,SELL,1153.0000,315.5100
2025-01-16T21:00:00+00:00,ISF.L,BUY,4157.0000,150.9400
2025-01-16T21:00:00+00:00,LTBR,SELL,915.0000,255.3300
2025-01-16T21:00:00+00:00,MOLN.SW,SELL,13.0000,173.7300
2025-01-16T21:00:00+00:00,MSCL.TO,BUY,756.0000,356.6200
2025-01-16T21:00:00+00:00,PLTR,BUY,647.0000,1120.5700
2025-01-16T21:00:00+00:00,PRQR,BUY,801.0000,412.9200
2025-01-16T21:00:00+00:00,QSI,SELL,1867.0000,415.5500
2025-01-16T21:00:00+00:00,RR.L,BUY,287.0000,873.7900
2025-01-16T21:00:00+00:00,SEYE.ST,BUY,535.0000,175.0100
2025-01-16T21:00:00+00:00,SGLN.L,SELL,813.0000,181.8500
2025-01-16T21:00:00+00:00,SHEL.L,SELL,838.0000,242.2500
2025-01-16T21:00:00+00:00,SLX.AX,BUY,7.0000,838.3000
2025-01-16T21:00:00+00:00,SMGB.L,SELL,2691.0000,245.9600
2025-01-16T21:00:00+00:00,VUL.AX,BUY,42.0000,295.6900
2025-01-16T21:00:00+00:00,VYGR,BUY,1494.0000,227.6800
2025-01-16T21:00:00+00:00,WBT.AX,BUY,1489.0000,204.5300
2025-02-14T21:00:00+00:00,AL3.AX,BUY,675.0000,314.0400
2025-02-14T21:00:00+00:00,ALCLS.PA,BUY,688.0000,163.3000
2025-02-14T21:00:00+00:00,ALMDT.PA,BUY,3446.0000,230.9100
2025-02-14T21:00:00+00:00,AXE.AX,BUY,1234.0000,195.5300
2025-02-14T21:00:00+00:00,AZN.L,SELL,474.0000,185.6000
2025-02-14T21:00:00+00:00,BGO.L,BUY,694.0000,173.6800
2025-02-14T21:00:00+00:00,BRK-B,BUY,120.0000,231.8500
2025-02-14T21:00:00+00:00,BRNT.L,BUY,2556.0000,273.0700
2025-02-14T21:00:00+00:00,DBMG.L,BUY,5309.0000,146.2600
2025-02-14T21:00:00+00:00,EDIT,SELL,722.0000,142.7400
2025-02-14T21:00:00+00:00,EMV.AX,SELL,821.0000,177.6600
2025-02-14T21:00:00+00:00,FTC.L,SELL,100.0000,1442.9500
2025-02-14T21:00:00+00:00,GSIT,SELL,1475.0000,231.5700
2025-02-14T21:00:00+00:00,HSBA.L,SELL,975.0000,298.1600
2025-02-14T21:00:00+00:00,IBTM.L,BUY,5208.0000,107.2000
2025-02-14T21:00:00+00:00,IDN,BUY,861.0000,174.3300
2025-02-14T21:00:00+00:00,IITU.L,BUY,991.0000,239.5800
2025-02-14T21:00:00+00:00,IPWR,BUY,1221.0000,262.8000
2025-02-14T21:00:00+00:00,ISF.L,SELL,2284.0000,157.2300
2025-02-14T21:00:00+00:00,LTBR,SELL,3798.0000,615.7000
2025-02-14T21:00:00+00:00,MOLN.SW,BUY,2162.0000,145.3800
2025-02-14T21:00:00+00:00,MSCL.TO,BUY,865.0000,308.4900
2025-02-14T21:00:00+00:00,PLTR,SELL,2525.0000,1879.3300
2025-02-14T21:00:00+00:00,PRQR,SELL,8.0000,423.4000
2025-02-14T21:00:00+00:00,QSI,BUY,1492.0000,310.9000
2025-02-14T21:00:00+00:00,RR.L,SELL,429.0000,942.9300
2025-02-14T21:00:00+00:00,SEYE.ST,BUY,2988.0000,136.6800
2025-02-14T21:00:00+00:00,SGLN.L,SELL,1050.0000,187.7700
2025-02-14T21:00:00+00:00,SHEL.L,BUY,554.0000,243.4200
2025-02-14T21:00:00+00:00,SLX.AX,BUY,382.0000,721.1700
2025-02-14T21:00:00+00:00,SMGB.L,BUY,7226.0000,234.4300
2025-02-14T21:00:00+00:00,VUL.AX,BUY,3052.0000,197.0600
2025-02-14T21:00:00+00:00,VYGR,BUY,1896.0000,185.4900
2025-02-14T21:00:00+00:00,WBT.AX,BUY,2146.0000,166.0600
2025-03-17T21:00:00+00:00,AL3.AX,BUY,677.0000,264.8400
2025-03-17T21:00:00+00:00,ALCLS.PA,BUY,2336.0000,126.6700
2025-03-17T21:00:00+00:00,ALMDT.PA,BUY,60.0000,216.9900
2025-03-17T21:00:00+00:00,AXE.AX,BUY,1428.0000,159.4100
2025-03-17T21:00:00+00:00,AZN.L,SELL,704.0000,191.4400
2025-03-17T21:00:00+00:00,BGO.L,BUY,1566.0000,142.1100
2025-03-17T21:00:00+00:00,BRK-B,SELL,965.0000,245.6600
2025-03-17T21:00:00+00:00,BRNT.L,BUY,608.0000,253.2100
2025-03-17T21:00:00+00:00,DBMG.L,BUY,1201.0000,136.8400
2025-03-17T21:00:00+00:00,EDIT,SELL,553.0000,141.7000
2025-03-17T21:00:00+00:00,EMV.AX,BUY,1213.0000,149.6000
2025-03-17T21:00:00+00:00,FTC.L,SELL,62.0000,1442.9500
2025-03-17T21:00:00+00:00,GSIT,BUY,1926.0000,174.2700
2025-03-17T21:00:00+00:00,HSBA.L,SELL,2232.0000,310.2400
2025-03-17T21:00:00+00:00,IBTM.L,SELL,5630.0000,105.8500
2025-03-17T21:00:00+00:00,IDN,BUY,226.0000,161.4400
2025-03-17T21:00:00+00:00,IITU.L,BUY,3237.0000,206.9300
2025-03-17T21:00:00+00:00,IPWR,BUY,2440.0000,181.4600
2025-03-17T21:00:00+00:00,ISF.L,SELL,6972.0000,157.5300
2025-03-17T21:00:00+00:00,LTBR,BUY,1109.0000,417.7800
2025-03-17T21:00:00+00:00,MOLN.SW,BUY,1835.0000,119.2700
2025-03-17T21:00:00+00:00,MSCL.TO,SELL,851.0000,344.7100
2025-03-17T21:00:00+00:00,PLTR,BUY,1304.0000,1338.5200
2025-03-17T21:00:00+00:00,PRQR,BUY,1580.0000,288.9800
2025-03-17T21:00:00+00:00,QSI,BUY,844.0000,255.6000
2025-03-17T21:00:00+00:00,RR.L,SELL,2063.0000,1210.1400
2025-03-17T21:00:00+00:00,SEYE.ST,SELL,2796.0000,166.3500
2025-03-17T21:00:00+00:00,SGLN.L,SELL,6715.0000,188.6700
2025-03-17T21:00:00+00:00,SHEL.L,SELL,1630.0000,243.6000
2025-03-17T21:00:00+00:00,SLX.AX,BUY,666.0000,534.1500
2025-03-17T21:00:00+00:00,SMGB.L,BUY,7809.0000,206.7300
2025-03-17T21:00:00+00:00,VUL.AX,SELL,1122.0000,214.1100
2025-03-17T21:00:00+00:00,VYGR,BUY,559.0000,165.7300
2025-03-17T21:00:00+00:00,WBT.AX,BUY,658.0000,147.9300
2025-04-15T21:00:00+00:00,AL3.AX,SELL,1314.0000,319.5900
2025-04-15T21:00:00+00:00,ALCLS.PA,SELL,2889.0000,155.0000
2025-04-15T21:00:00+00:00,ALMDT.PA,SELL,350.0000,216.1000
2025-04-15T21:00:00+00:00,AXE.AX,BUY,1585.0000,131.0900
2025-04-15T21:00:00+00:00,AZN.L,BUY,788.0000,165.3300
2025-04-15T21:00:00+00:00,BGO.L,SELL,443.0000,140.3500
2025-04-15T21:00:00+00:00,BRK-B,SELL,342.0000,243.4900
2025-04-15T21:00:00+00:00,BRNT.L,BUY,1709.0000,226.9400
2025-04-15T21:00:00+00:00,DBMG.L,SELL,2362.0000,133.1700
2025-04-15T21:00:00+00:00,EDIT,BUY,120.0000,133.1600
2025-04-15T21:00:00+00:00,EMV.AX,SELL,575.0000,149.9500
2025-04-15T21:00:00+00:00,FTC.L,BUY,35.0000,1328.8600
2025-04-15T21:00:00+00:00,GSIT,SELL,724.0000,179.3400
2025-04-15T21:00:00+00:00,HSBA.L,BUY,1445.0000,276.9400
2025-04-15T21:00:00+00:00,IBTM.L,SELL,4287.0000,103.8600
2025-04-15T21:00:00+00:00,IDN,SELL,288.0000,157.8000
2025-04-15T21:00:00+00:00,IITU.L,BUY,615.0000,193.2500
2025-04-15T21:00:00+00:00,IPWR,BUY,233.0000,167.9700
2025-04-15T21:00:00+00:00,ISF.L,SELL,807.0000,150.5900
2025-04-15T21:00:00+00:00,LTBR,BUY,925.0000,320.8500
2025-04-15T21:00:00+00:00,MOLN.SW,SELL,527.0000,117.7800
2025-04-15T21:00:00+00:00,MSCL.TO,BUY,1061.0000,267.4600
2025-04-15T21:00:00+00:00,PLTR,SELL,742.0000,1479.9300
2025-04-15T21:00:00+00:00,PRQR,BUY,2160.0000,198.5400
2025-04-15T21:00:00+00:00,QSI,BUY,1903.0000,187.0100
2025-04-15T21:00:00+00:00,RR.L,BUY,233.0000,1104.7700
2025-04-15T21:00:00+00:00,SEYE.ST,SELL,473.0000,165.9500
2025-04-15T21:00:00+00:00,SGLN.L,SELL,11215.0000,199.3700
2025-04-15T21:00:00+00:00,SHEL.L,BUY,2065.0000,215.8800
2025-04-15T21:00:00+00:00,SLX.AX,BUY,1059.0000,376.7600
2025-04-15T21:00:00+00:00,SMGB.L,BUY,9152.0000,181.6000
2025-04-15T21:00:00+00:00,VUL.AX,SELL,273.0000,210.8700
2025-04-15T21:00:00+00:00,VYGR,BUY,1700.0000,134.2300
2025-04-15T21:00:00+00:00,WBT.AX,BUY,1153.0000,127.1900
2025-05-19T21:00:00+00:00,AL3.AX,BUY,697.0000,300.8600
2025-05-19T21:00:00+00:00,ALCLS.PA,BUY,1564.0000,144.3400
2025-05-19T21:00:00+00:00,ALMDT.PA,BUY,1935.0000,183.2600
2025-05-19T21:00:00+00:00,AXE.AX,BUY,385.0000,136.7000
2025-05-19T21:00:00+00:00,AZN.L,BUY,586.0000,166.8000
2025-05-19T21:00:00+00:00,BGO.L,SELL,474.0000,157.8900
2025-05-19T21:00:00+00:00,BRK-B,BUY,943.0000,233.8900
2025-05-19T21:00:00+00:00,BRNT.L,BUY,1888.0000,230.0900
2025-05-19T21:00:00+00:00,DBMG.L,BUY,8807.0000,131.2200
2025-05-19T21:00:00+00:00,EDIT,SELL,171.0000,145.5200
2025-05-19T21:00:00+00:00,EMV.AX,BUY,1662.0000,139.1100
2025-05-19T21:00:00+00:00,FTC.L,SELL,148.0000,1637.5800
2025-05-19T21:00:00+00:00,GSIT,SELL,567.0000,206.6500
2025-05-19T21:00:00+00:00,HSBA.L,SELL,1231.0000,314.2300
2025-05-19T21:00:00+00:00,IBTM.L,BUY,11930.0000,102.3400
2025-05-19T21:00:00+00:00,IDN,SELL,1983.0000,212.8300
2025-05-19T21:00:00+00:00,IITU.L,SELL,2174.0000,220.9600
2025-05-19T21:00:00+00:00,IPWR,SELL,309.0000,187.1100
2025-05-19T21:00:00+00:00,ISF.L,BUY,2022.0000,159.4600
2025-05-19T21:00:00+00:00,LTBR,SELL,1038.0000,439.8800
2025-05-19T21:00:00+00:00,MOLN.SW,BUY,1449.0000,114.2500
2025-05-19T21:00:00+00:00,MSCL.TO,BUY,733.0000,255.6700
2025-05-19T21:00:00+00:00,PLTR,SELL,690.0000,1881.2900
2025-05-19T21:00:00+00:00,PRQR,SELL,1901.0000,282.4900
2025-05-19T21:00:00+00:00,QSI,SELL,426.0000,212.2600
2025-05-19T21:00:00+00:00,RR.L,SELL,279.0000,1247.1000
2025-05-19T21:00:00+00:00,SEYE.ST,SELL,1521.0000,213.4200
2025-05-19T21:00:00+00:00,SGLN.L,BUY,8400.0000,197.9400
2025-05-19T21:00:00+00:00,SHEL.L,BUY,669.0000,227.5300
2025-05-19T21:00:00+00:00,SLX.AX,SELL,48.0000,410.5300
2025-05-19T21:00:00+00:00,SMGB.L,SELL,10606.0000,214.1200
2025-05-19T21:00:00+00:00,VUL.AX,BUY,897.0000,202.3700
2025-05-19T21:00:00+00:00,VYGR,BUY,204.0000,142.0200
2025-05-19T21:00:00+00:00,WBT.AX,BUY,959.0000,126.9700
2025-06-18T21:00:00+00:00,AL3.AX,BUY,887.0000,271.2400
2025-06-18T21:00:00+00:00,ALCLS.PA,BUY,1362.0000,135.0100
2025-06-18T21:00:00+00:00,ALMDT.PA,BUY,8347.0000,100.0000
2025-06-18T21:00:00+00:00,AXE.AX,BUY,1024.0000,131.8700
2025-06-18T21:00:00+00:00,AZN.L,BUY,260.0000,169.6400
2025-06-18T21:00:00+00:00,BGO.L,BUY,182.0000,162.2800
2025-06-18T21:00:00+00:00,BRK-B,BUY,1002.0000,219.4000
2025-06-18T21:00:00+00:00,BRNT.L,SELL,2738.0000,262.8000
2025-06-18T21:00:00+00:00,DBMG.L,BUY,3324.0000,132.9300
2025-06-18T21:00:00+00:00,EDIT,SELL,3798.0000,227.3900
2025-06-18T21:00:00+00:00,EMV.AX,SELL,172.0000,147.5500
2025-06-18T21:00:00+00:00,FTC.L,SELL,226.0000,2201.3400
2025-06-18T21:00:00+00:00,GSIT,BUY,716.0000,198.4700
2025-06-18T21:00:00+00:00,HSBA.L,BUY,1221.0000,311.8800
2025-06-18T21:00:00+00:00,IBTM.L,BUY,5351.0000,103.0700
2025-06-18T21:00:00+00:00,IDN,SELL,2636.0000,335.0800
2025-06-18T21:00:00+00:00,IITU.L,BUY,626.0000,226.9600
2025-06-18T21:00:00+00:00,IPWR,BUY,1742.0000,163.6800
2025-06-18T21:00:00+00:00,ISF.L,BUY,3204.0000,162.4500
2025-06-18T21:00:00+00:00,LTBR,SELL,647.0000,554.3100
2025-06-18T21:00:00+00:00,MOLN.SW,BUY,1244.0000,110.0800
2025-06-18T21:00:00+00:00,MSCL.TO,BUY,1210.0000,225.5200
2025-06-18T21:00:00+00:00,PLTR,SELL,182.0000,2064.9400
2025-06-18T21:00:00+00:00,PRQR,SELL,413.0000,317.5200
2025-06-18T21:00:00+00:00,QSI,SELL,1178.0000,261.0100
2025-06-18T21:00:00+00:00,RR.L,SELL,224.0000,1356.4100
2025-06-18T21:00:00+00:00,SEYE.ST,BUY,923.0000,199.5700
2025-06-18T21:00:00+00:00,SGLN.L,BUY,592.0000,205.8100
2025-06-18T21:00:00+00:00,SHEL.L,SELL,967.0000,245.3800
2025-06-18T21:00:00+00:00,SLX.AX,SELL,829.0000,538.9000
2025-06-18T21:00:00+00:00,SMGB.L,SELL,2344.0000,228.6600
2025-06-18T21:00:00+00:00,VUL.AX,BUY,2111.0000,168.4700
2025-06-18T21:00:00+00:00,VYGR,BUY,2242.0000,124.7000
2025-06-18T21:00:00+00:00,WBT.AX,BUY,820.0000,124.9500
2025-07-17T21:00:00+00:00,AL3.AX,SELL,3412.0000,617.8000
2025-07-17T21:00:00+00:00,ALCLS.PA,SELL,2238.0000,174.7900
2025-07-17T21:00:00+00:00,ALMDT.PA,SELL,7014.0000,178.9700
2025-07-17T21:00:00+00:00,AXE.AX,SELL,1054.0000,153.3900
2025-07-17T21:00:00+00:00,AZN.L,BUY,910.0000,165.8400
2025-07-17T21:00:00+00:00,BGO.L,BUY,1850.0000,148.2500
2025-07-17T21:00:00+00:00,BRK-B,BUY,934.0000,214.3900
2025-07-17T21:00:00+00:00,BRNT.L,BUY,3976.0000,248.0500
2025-07-17T21:00:00+00:00,DBMG.L,BUY,6314.0000,134.4000
2025-07-17T21:00:00+00:00,EDIT,SELL,612.0000,264.5300
2025-07-17T21:00:00+00:00,EMV.AX,BUY,947.0000,146.2700
2025-07-17T21:00:00+00:00,FTC.L,BUY,45.0000,2228.1900
2025-07-17T21:00:00+00:00,GSIT,SELL,3224.0000,335.4300
2025-07-17T21:00:00+00:00,HSBA.L,BUY,99.0000,332.5600
2025-07-17T21:00:00+00:00,IBTM.L,BUY,9965.0000,103.3000
2025-07-17T21:00:00+00:00,IDN,BUY,329.0000,337.4700
2025-07-17T21:00:00+00:00,IITU.L,SELL,778.0000,248.4000
2025-07-17T21:00:00+00:00,IPWR,SELL,1856.0000,212.1600
2025-07-17T21:00:00+00:00,ISF.L,BUY,6830.0000,164.9400
2025-07-17T21:00:00+00:00,LTBR,SELL,198.0000,633.3600
2025-07-17T21:00:00+00:00,MOLN.SW,BUY,1377.0000,108.4400
2025-07-17T21:00:00+00:00,MSCL.TO,BUY,110.0000,238.0500
2025-07-17T21:00:00+00:00,PLTR,SELL,103.0000,2275.1400
2025-07-17T21:00:00+00:00,PRQR,SELL,746.0000,393.3600
2025-07-17T21:00:00+00:00,QSI,BUY,187.0000,271.8300
2025-07-17T21:00:00+00:00,RR.L,SELL,307.0000,1537.5600
2025-07-17T21:00:00+00:00,SEYE.ST,SELL,46.0000,214.8000
2025-07-17T21:00:00+00:00,SGLN.L,BUY,8975.0000,203.5000
2025-07-17T21:00:00+00:00,SHEL.L,BUY,2896.0000,240.0400
2025-07-17T21:00:00+00:00,SLX.AX,SELL,8.0000,578.5100
2025-07-17T21:00:00+00:00,SMGB.L,SELL,2814.0000,251.2900
2025-07-17T21:00:00+00:00,VUL.AX,BUY,674.0000,169.3600
2025-07-17T21:00:00+00:00,VYGR,BUY,131.0000,132.2700
2025-07-17T21:00:00+00:00,WBT.AX,SELL,2553.0000,163.6800
2025-08-15T21:00:00+00:00,AL3.AX,SELL,23.0000,629.8600
2025-08-15T21:00:00+00:00,ALCLS.PA,SELL,3904.0000,278.5300
2025-08-15T21:00:00+00:00,ALMDT.PA,SELL,2131.0000,227.4800
2025-08-15T21:00:00+00:00,AXE.AX,SELL,830.0000,166.5600
2025-08-15T21:00:00+00:00,AZN.L,SELL,1111.0000,187.7300
2025-08-15T21:00:00+00:00,BGO.L,SELL,288.0000,153.5100
2025-08-15T21:00:00+00:00,BRK-B,BUY,135.0000,214.2000
2025-08-15T21:00:00+00:00,BRNT.L,BUY,1490.0000,240.3200
2025-08-15T21:00:00+00:00,DBMG.L,BUY,1580.0000,134.1200
2025-08-15T21:00:00+00:00,EDIT,SELL,567.0000,291.0000
2025-08-15T21:00:00+00:00,EMV.AX,BUY,469.0000,142.7600
2025-08-15T21:00:00+00:00,FTC.L,BUY,127.0000,1959.7300
2025-08-15T21:00:00+00:00,GSIT,BUY,3968.0000,198.2400
2025-08-15T21:00:00+00:00,HSBA.L,SELL,62.0000,337.3500
2025-08-15T21:00:00+00:00,IBTM.L,BUY,1341.0000,103.6300
2025-08-15T21:00:00+00:00,IDN,BUY,420.0000,317.4100
2025-08-15T21:00:00+00:00,IITU.L,SELL,253.0000,253.1700
2025-08-15T21:00:00+00:00,IPWR,BUY,1076.0000,191.3000
2025-08-15T21:00:00+00:00,ISF.L,SELL,1627.0000,168.9700
2025-08-15T21:00:00+00:00,LTBR,SELL,177.0000,681.7300
2025-08-15T21:00:00+00:00,MOLN.SW,BUY,1245.0000,102.3300
2025-08-15T21:00:00+00:00,MSCL.TO,BUY,99.0000,237.8600
2025-08-15T21:00:00+00:00,PLTR,SELL,399.0000,2594.4800
2025-08-15T21:00:00+00:00,PRQR,BUY,927.0000,333.0200
2025-08-15T21:00:00+00:00,QSI,BUY,4739.0000,162.8400
2025-08-15T21:00:00+00:00,RR.L,SELL,275.0000,1641.8300
2025-08-15T21:00:00+00:00,SEYE.ST,BUY,841.0000,198.1900
2025-08-15T21:00:00+00:00,SGLN.L,BUY,2584.0000,201.4700
2025-08-15T21:00:00+00:00,SHEL.L,SELL,326.0000,245.2600
2025-08-15T21:00:00+00:00,SLX.AX,BUY,442.0000,514.9100
2025-08-15T21:00:00+00:00,SMGB.L,BUY,1340.0000,251.1000
2025-08-15T21:00:00+00:00,VUL.AX,SELL,32.0000,171.8600
2025-08-15T21:00:00+00:00,VYGR,SELL,1678.0000,151.8700
2025-08-15T21:00:00+00:00,WBT.AX,SELL,1260.0000,186.1500
2025-09-16T21:00:00+00:00,AL3.AX,BUY,572.0000,551.5600
2025-09-16T21:00:00+00:00,ALCLS.PA,SELL,185.0000,298.4500
2025-09-16T21:00:00+00:00,ALMDT.PA,SELL,372.0000,248.2300
2025-09-16T21:00:00+00:00,AXE.AX,BUY,2803.0000,139.2300
2025-09-16T21:00:00+00:00,AZN.L,BUY,607.0000,183.7500
2025-09-16T21:00:00+00:00,BGO.L,SELL,2634.0000,203.5100
2025-09-16T21:00:00+00:00,BRK-B,BUY,199.0000,219.2300
2025-09-16T21:00:00+00:00,BRNT.L,BUY,280.0000,248.5000
2025-09-16T21:00:00+00:00,DBMG.L,BUY,756.0000,138.8800
2025-09-16T21:00:00+00:00,EDIT,BUY,793.0000,270.3500
2025-09-16T21:00:00+00:00,EMV.AX,SELL,3054.0000,193.3600
2025-09-16T21:00:00+00:00,FTC.L,BUY,107.0000,1838.9300
2025-09-16T21:00:00+00:00,GSIT,SELL,133.0000,209.5500
2025-09-16T21:00:00+00:00,HSBA.L,SELL,554.0000,359.8800
2025-09-16T21:00:00+00:00,IBTM.L,BUY,4052.0000,105.3000
2025-09-16T21:00:00+00:00,IDN,SELL,144.0000,339.0000
2025-09-16T21:00:00+00:00,IITU.L,BUY,826.0000,257.7500
2025-09-16T21:00:00+00:00,IPWR,BUY,532.0000,189.2000
2025-09-16T21:00:00+00:00,ISF.L,BUY,4689.0000,170.0100
2025-09-16T21:00:00+00:00,LTBR,BUY,326.0000,635.7600
2025-09-16T21:00:00+00:00,MOLN.SW,BUY,881.0000,101.8100
2025-09-16T21:00:00+00:00,MSCL.TO,SELL,292.0000,257.3800
2025-09-16T21:00:00+00:00,PLTR,BUY,284.0000,2480.1000
2025-09-16T21:00:00+00:00,PRQR,BUY,451.0000,321.5700
2025-09-16T21:00:00+00:00,QSI,SELL,1549.0000,195.8500
2025-09-16T21:00:00+00:00,RR.L,SELL,48.0000,1728.2000
2025-09-16T21:00:00+00:00,SEYE.ST,SELL,2222.0000,269.2800
2025-09-16T21:00:00+00:00,SGLN.L,SELL,5763.0000,220.5900
2025-09-16T21:00:00+00:00,SHEL.L,BUY,1432.0000,245.0700
2025-09-16T21:00:00+00:00,SLX.AX,SELL,254.0000,576.6100
2025-09-16T21:00:00+00:00,SMGB.L,BUY,580.0000,260.3200
2025-09-16T21:00:00+00:00,VUL.AX,SELL,1283.0000,202.7700
2025-09-16T21:00:00+00:00,VYGR,SELL,1001.0000,172.1300
2025-09-16T21:00:00+00:00,WBT.AX,SELL,1162.0000,219.0800
2025-10-15T21:00:00+00:00,AL3.AX,BUY,924.0000,486.9900
2025-10-15T21:00:00+00:00,ALCLS.PA,SELL,1150.0000,401.5100
2025-10-15T21:00:00+00:00,ALMDT.PA,BUY,97.0000,272.4700
2025-10-15T21:00:00+00:00,AXE.AX,SELL,3332.0000,202.3200
2025-10-15T21:00:00+00:00,AZN.L,SELL,30.0000,204.7700
2025-10-15T21:00:00+00:00,BGO.L,BUY,2988.0000,172.8100
2025-10-15T21:00:00+00:00,BRK-B,BUY,842.0000,226.3100
2025-10-15T21:00:00+00:00,BRNT.L,BUY,6648.0000,232.4000
2025-10-15T21:00:00+00:00,DBMG.L,BUY,4693.0000,148.3000
2025-10-15T21:00:00+00:00,EDIT,SELL,1761.0000,396.0400
2025-10-15T21:00:00+00:00,EMV.AX,BUY,4546.0000,148.6000
2025-10-15T21:00:00+00:00,FTC.L,BUY,197.0000,1724.8300
2025-10-15T21:00:00+00:00,GSIT,SELL,2873.0000,335.1600
2025-10-15T21:00:00+00:00,HSBA.L,BUY,2964.0000,355.2400
2025-10-15T21:00:00+00:00,IBTM.L,BUY,13766.0000,107.8000
2025-10-15T21:00:00+00:00,IDN,BUY,1411.0000,303.1300
2025-10-15T21:00:00+00:00,IITU.L,BUY,1873.0000,272.0500
2025-10-15T21:00:00+00:00,IPWR,BUY,833.0000,194.6700
2025-10-15T21:00:00+00:00,ISF.L,BUY,11344.0000,174.2800
2025-10-15T21:00:00+00:00,LTBR,SELL,1223.0000,1166.4600
2025-10-15T21:00:00+00:00,MOLN.SW,BUY,1338.0000,105.8100
2025-10-15T21:00:00+00:00,MSCL.TO,SELL,310.0000,298.0500
2025-10-15T21:00:00+00:00,PLTR,BUY,107.0000,2671.6400
2025-10-15T21:00:00+00:00,PRQR,SELL,1232.0000,447.1500
2025-10-15T21:00:00+00:00,QSI,SELL,4527.0000,395.4500
2025-10-15T21:00:00+00:00,RR.L,BUY,634.0000,1700.6800
2025-10-15T21:00:00+00:00,SEYE.ST,BUY,550.0000,278.2800
2025-10-15T21:00:00+00:00,SGLN.L,SELL,4792.0000,255.8400
2025-10-15T21:00:00+00:00,SHEL.L,BUY,3070.0000,250.1400
2025-10-15T21:00:00+00:00,SLX.AX,SELL,1259.0000,1013.8400
2025-10-15T21:00:00+00:00,SMGB.L,SELL,4655.0000,302.2300
2025-10-15T21:00:00+00:00,VUL.AX,SELL,3576.0000,356.3900
2025-10-15T21:00:00+00:00,VYGR,SELL,1441.0000,218.7700
2025-10-15T21:00:00+00:00,WBT.AX,SELL,1823.0000,305.2600
2025-11-13T21:00:00+00:00,AL3.AX,BUY,1627.0000,362.8100
2025-11-13T21:00:00+00:00,ALCLS.PA,BUY,702.0000,360.9500
2025-11-13T21:00:00+00:00,ALMDT.PA,BUY,225.0000,268.9200
2025-11-13T21:00:00+00:00,AXE.AX,BUY,650.0000,193.6300
2025-11-13T21:00:00+00:00,AZN.L,SELL,490.0000,218.5300
2025-11-13T21:00:00+00:00,BGO.L,BUY,1558.0000,156.1400
2025-11-13T21:00:00+00:00,BRK-B,SELL,389.0000,237.3900
2025-11-13T21:00:00+00:00,BRNT.L,SELL,1017.0000,241.6300
2025-11-13T21:00:00+00:00,DBMG.L,SELL,2418.0000,153.5400
2025-11-13T21:00:00+00:00,EDIT,BUY,3308.0000,251.4300
2025-11-13T21:00:00+00:00,EMV.AX,SELL,691.0000,158.1700
2025-11-13T21:00:00+00:00,FTC.L,BUY,4.0000,1744.9700
2025-11-13T21:00:00+00:00,GSIT,SELL,1915.0000,481.0200
2025-11-13T21:00:00+00:00,HSBA.L,SELL,2936.0000,405.1900
2025-11-13T21:00:00+00:00,IBTM.L,BUY,350.0000,109.1500
2025-11-13T21:00:00+00:00,IDN,SELL,1708.0000,402.7500
2025-11-13T21:00:00+00:00,IITU.L,SELL,705.0000,281.3100
2025-11-13T21:00:00+00:00,IPWR,BUY,4667.0000,139.6000
2025-11-13T21:00:00+00:00,ISF.L,SELL,4191.0000,182.0200
2025-11-13T21:00:00+00:00,LTBR,BUY,970.0000,780.4300
2025-11-13T21:00:00+00:00,MOLN.SW,SELL,2513.0000,122.1800
2025-11-13T21:00:00+00:00,MSCL.TO,BUY,512.0000,282.6900
2025-11-13T21:00:00+00:00,PLTR,BUY,153.0000,2598.1800
2025-11-13T21:00:00+00:00,PRQR,BUY,1246.0000,361.6600
2025-11-13T21:00:00+00:00,QSI,BUY,4939.0000,212.0900
2025-11-13T21:00:00+00:00,RR.L,BUY,40.0000,1712.9100
2025-11-13T21:00:00+00:00,SEYE.ST,BUY,558.0000,263.6300
2025-11-13T21:00:00+00:00,SGLN.L,SELL,453.0000,260.6400
2025-11-13T21:00:00+00:00,SHEL.L,SELL,2035.0000,268.2500
2025-11-13T21:00:00+00:00,SLX.AX,SELL,426.0000,1281.3000
2025-11-13T21:00:00+00:00,SMGB.L,SELL,1396.0000,310.8100
2025-11-13T21:00:00+00:00,VUL.AX,BUY,603.0000,329.2600
2025-11-13T21:00:00+00:00,VYGR,BUY,3294.0000,167.0200
2025-11-13T21:00:00+00:00,WBT.AX,BUY,131.0000,304.1700
2025-12-12T21:00:00+00:00,AL3.AX,BUY,307.0000,341.8300
2025-12-12T21:00:00+00:00,ALCLS.PA,SELL,1365.0000,458.8000
2025-12-12T21:00:00+00:00,ALMDT.PA,SELL,119.0000,269.9500
2025-12-12T21:00:00+00:00,AXE.AX,BUY,42.0000,190.8800
2025-12-12T21:00:00+00:00,AZN.L,SELL,65.0000,217.7200
2025-12-12T21:00:00+00:00,BGO.L,SELL,461.0000,159.6500
2025-12-12T21:00:00+00:00,BRK-B,BUY,420.0000,226.5700
2025-12-12T21:00:00+00:00,BRNT.L,BUY,1577.0000,230.2100
2025-12-12T21:00:00+00:00,DBMG.L,SELL,247.0000,152.2300
2025-12-12T21:00:00+00:00,EDIT,BUY,116.0000,245.5300
2025-12-12T21:00:00+00:00,EMV.AX,BUY,689.0000,149.1800
2025-12-12T21:00:00+00:00,FTC.L,SELL,128.0000,1919.4600
2025-12-12T21:00:00+00:00,GSIT,BUY,1480.0000,360.4400
2025-12-12T21:00:00+00:00,HSBA.L,SELL,78.0000,402.2300
2025-12-12T21:00:00+00:00,IBTM.L,BUY,525.0000,107.6700
2025-12-12T21:00:00+00:00,IDN,SELL,343.0000,424.8800
2025-12-12T21:00:00+00:00,IITU.L,BUY,497.0000,274.6100
2025-12-12T21:00:00+00:00,IPWR,SELL,1728.0000,154.9400
2025-12-12T21:00:00+00:00,ISF.L,BUY,285.0000,179.7300
2025-12-12T21:00:00+00:00,LTBR,BUY,493.0000,658.1900
2025-12-12T21:00:00+00:00,MOLN.SW,SELL,416.0000,123.7100
2025-12-12T21:00:00+00:00,MSCL.TO,BUY,172.0000,273.7000
2025-12-12T21:00:00+00:00,PLTR,SELL,198.0000,2716.3500
2025-12-12T21:00:00+00:00,PRQR,SELL,396.0000,382.4700
2025-12-12T21:00:00+00:00,QSI,BUY,916.0000,192.9700
2025-12-12T21:00:00+00:00,RR.L,BUY,62.0000,1676.2200
2025-12-12T21:00:00+00:00,SEYE.ST,BUY,454.0000,247.5300
2025-12-12T21:00:00+00:00,SGLN.L,SELL,1711.0000,261.9900
2025-12-12T21:00:00+00:00,SHEL.L,BUY,1895.0000,252.0200
2025-12-12T21:00:00+00:00,SLX.AX,BUY,155.0000,1163.9900
2025-12-12T21:00:00+00:00,SMGB.L,SELL,2646.0000,315.6800
2025-12-12T21:00:00+00:00,VUL.AX,BUY,4813.0000,190.1600
2025-12-12T21:00:00+00:00,VYGR,SELL,1132.0000,180.6100
2025-12-12T21:00:00+00:00,WBT.AX,SELL,286.0000,313.2100
2026-01-15T21:00:00+00:00,AL3.AX,SELL,355.0000,383.0200
2026-01-15T21:00:00+00:00,ALCLS.PA,BUY,1101.0000,395.0100
2026-01-15T21:00:00+00:00,ALMDT.PA,SELL,1594.0000,355.3500
2026-01-15T21:00:00+00:00,AXE.AX,SELL,786.0000,216.8800
2026-01-15T21:00:00+00:00,AZN.L,BUY,138.0000,227.1500
2026-01-15T21:00:00+00:00,BGO.L,BUY,1839.0000,149.1200
2026-01-15T21:00:00+00:00,BRK-B,BUY,925.0000,222.5700
2026-01-15T21:00:00+00:00,BRNT.L,BUY,525.0000,240.7600
2026-01-15T21:00:00+00:00,DBMG.L,BUY,1189.0000,159.5600
2026-01-15T21:00:00+00:00,EDIT,BUY,2567.0000,202.0400
2026-01-15T21:00:00+00:00,EMV.AX,BUY,404.0000,153.7300
2026-01-15T21:00:00+00:00,FTC.L,SELL,233.0000,2550.3400
2026-01-15T21:00:00+00:00,GSIT,SELL,1273.0000,482.2600
2026-01-15T21:00:00+00:00,HSBA.L,SELL,1137.0000,447.4500
2026-01-15T21:00:00+00:00,IBTM.L,BUY,9886.0000,107.9300
2026-01-15T21:00:00+00:00,IDN,BUY,871.0000,385.0400
2026-01-15T21:00:00+00:00,IITU.L,BUY,1935.0000,276.3700
2026-01-15T21:00:00+00:00,IPWR,BUY,5422.0000,118.6900
2026-01-15T21:00:00+00:00,ISF.L,SELL,115.0000,190.4400
2026-01-15T21:00:00+00:00,LTBR,SELL,218.0000,745.6000
2026-01-15T21:00:00+00:00,MOLN.SW,BUY,1960.0000,117.9700
2026-01-15T21:00:00+00:00,MSCL.TO,SELL,1481.0000,355.2900
2026-01-15T21:00:00+00:00,PLTR,BUY,356.0000,2610.0000
2026-01-15T21:00:00+00:00,PRQR,BUY,3262.0000,258.3500
2026-01-15T21:00:00+00:00,QSI,BUY,1307.0000,183.2800
2026-01-15T21:00:00+00:00,RR.L,SELL,497.0000,1946.0400
2026-01-15T21:00:00+00:00,SEYE.ST,SELL,722.0000,285.2300
2026-01-15T21:00:00+00:00,SGLN.L,SELL,1600.0000,281.5800
2026-01-15T21:00:00+00:00,SHEL.L,BUY,1338.0000,257.6500
2026-01-15T21:00:00+00:00,SLX.AX,BUY,623.0000,926.4300
2026-01-15T21:00:00+00:00,SMGB.L,SELL,7791.0000,362.5700
2026-01-15T21:00:00+00:00,VUL.AX,SELL,695.0000,214.2100
2026-01-15T21:00:00+00:00,VYGR,BUY,2696.0000,156.5500
2026-01-15T21:00:00+00:00,WBT.AX,SELL,677.0000,366.9800
2026-02-13T21:00:00+00:00,AL3.AX,BUY,827.0000,335.9000
2026-02-13T21:00:00+00:00,ALCLS.PA,BUY,429.0000,366.7900
2026-02-13T21:00:00+00:00,ALMDT.PA,SELL,1543.0000,463.0000
2026-02-13T21:00:00+00:00,AXE.AX,BUY,571.0000,205.1400
2026-02-13T21:00:00+00:00,AZN.L,SELL,720.0000,244.8300
2026-02-13T21:00:00+00:00,BGO.L,BUY,1446.0000,135.9600
2026-02-13T21:00:00+00:00,BRK-B,SELL,9.0000,221.8700
2026-02-13T21:00:00+00:00,BRNT.L,SELL,2545.0000,254.9000
2026-02-13T21:00:00+00:00,DBMG.L,SELL,3964.0000,164.4300
2026-02-13T21:00:00+00:00,EDIT,BUY,2288.0000,167.9200
2026-02-13T21:00:00+00:00,EMV.AX,SELL,572.0000,159.1500
2026-02-13T21:00:00+00:00,FTC.L,SELL,35.0000,2644.3000
2026-02-13T21:00:00+00:00,GSIT,BUY,1291.0000,379.0500
2026-02-13T21:00:00+00:00,HSBA.L,SELL,118.0000,448.1000
2026-02-13T21:00:00+00:00,IBTM.L,BUY,587.0000,107.1800
2026-02-13T21:00:00+00:00,IDN,BUY,1488.0000,307.7900
2026-02-13T21:00:00+00:00,IITU.L,BUY,2668.0000,257.7500
2026-02-13T21:00:00+00:00,IPWR,SELL,294.0000,120.0400
2026-02-13T21:00:00+00:00,ISF.L,SELL,3636.0000,194.6800
2026-02-13T21:00:00+00:00,LTBR,BUY,1124.0000,546.1500
2026-02-13T21:00:00+00:00,MOLN.SW,SELL,1444.0000,126.8000
2026-02-13T21:00:00+00:00,MSCL.TO,SELL,2203.0000,533.2000
2026-02-13T21:00:00+00:00,PLTR,BUY,1383.0000,1911.7200
2026-02-13T21:00:00+00:00,PRQR,BUY,832.0000,235.6200
2026-02-13T21:00:00+00:00,QSI,BUY,3211.0000,145.7400
2026-02-13T21:00:00+00:00,RR.L,SELL,12.0000,1942.9800
2026-02-13T21:00:00+00:00,SEYE.ST,BUY,1264.0000,246.0400
2026-02-13T21:00:00+00:00,SGLN.L,SELL,7187.0000,300.9900
2026-02-13T21:00:00+00:00,SHEL.L,SELL,1849.0000,269.4700
2026-02-13T21:00:00+00:00,SLX.AX,SELL,107.0000,963.9200
2026-02-13T21:00:00+00:00,SMGB.L,SELL,577.0000,363.4700
2026-02-13T21:00:00+00:00,VUL.AX,BUY,2186.0000,177.6600
2026-02-13T21:00:00+00:00,VYGR,BUY,2042.0000,137.1200
2026-02-13T21:00:00+00:00,WBT.AX,SELL,491.0000,396.2300
2026-03-16T21:00:00+00:00,AL3.AX,BUY,1235.0000,297.2900
2026-03-16T21:00:00+00:00,ALCLS.PA,BUY,778.0000,340.7800
2026-03-16T21:00:00+00:00,ALMDT.PA,BUY,981.0000,404.0100
2026-03-16T21:00:00+00:00,AXE.AX,BUY,1886.0000,183.4400
2026-03-16T21:00:00+00:00,AZN.L,BUY,763.0000,235.0500
2026-03-16T21:00:00+00:00,BGO.L,BUY,2232.0000,125.4400
2026-03-16T21:00:00+00:00,BRK-B,BUY,331.0000,225.6600
2026-03-16T21:00:00+00:00,BRNT.L,SELL,13504.0000,398.8300
2026-03-16T21:00:00+00:00,DBMG.L,SELL,5.0000,171.5700
2026-03-16T21:00:00+00:00,EDIT,SELL,4099.0000,249.1500
2026-03-16T21:00:00+00:00,EMV.AX,BUY,2261.0000,143.7500
2026-03-16T21:00:00+00:00,FTC.L,BUY,94.0000,2489.9300
2026-03-16T21:00:00+00:00,GSIT,SELL,2216.0000,620.1100
2026-03-16T21:00:00+00:00,HSBA.L,BUY,1147.0000,444.6700
2026-03-16T21:00:00+00:00,IBTM.L,BUY,5173.0000,108.8100
2026-03-16T21:00:00+00:00,IDN,BUY,4.0000,320.9600
2026-03-16T21:00:00+00:00,IITU.L,BUY,964.0000,262.8700
2026-03-16T21:00:00+00:00,IPWR,BUY,897.0000,119.6900
2026-03-16T21:00:00+00:00,ISF.L,BUY,7023.0000,193.3500
2026-03-16T21:00:00+00:00,LTBR,BUY,661.0000,493.0500
2026-03-16T21:00:00+00:00,MOLN.SW,BUY,1287.0000,123.6000
2026-03-16T21:00:00+00:00,MSCL.TO,BUY,2692.0000,343.6300
2026-03-16T21:00:00+00:00,PLTR,SELL,662.0000,2284.2200
2026-03-16T21:00:00+00:00,PRQR,SELL,1556.0000,292.0200
2026-03-16T21:00:00+00:00,QSI,BUY,1040.0000,142.7300
2026-03-16T21:00:00+00:00,RR.L,BUY,402.0000,1880.3000
2026-03-16T21:00:00+00:00,SEYE.ST,BUY,3573.0000,186.1500
2026-03-16T21:00:00+00:00,SGLN.L,BUY,2684.0000,305.7100
2026-03-16T21:00:00+00:00,SHEL.L,SELL,4841.0000,323.3900
2026-03-16T21:00:00+00:00,SLX.AX,BUY,736.0000,770.3500
2026-03-16T21:00:00+00:00,SMGB.L,BUY,4397.0000,361.8100
2026-03-16T21:00:00+00:00,VUL.AX,BUY,2628.0000,154.3000
2026-03-16T21:00:00+00:00,VYGR,SELL,3444.0000,179.6500
2026-03-16T21:00:00+00:00,WBT.AX,BUY,534.0000,378.8500
2026-04-16T21:00:00+00:00,AL3.AX,SELL,2467.0000,440.3000
2026-04-16T21:00:00+00:00,ALCLS.PA,SELL,1053.0000,413.0400
2026-04-16T21:00:00+00:00,ALMDT.PA,SELL,29.0000,419.0400
2026-04-16T21:00:00+00:00,AXE.AX,BUY,430.0000,183.3800
2026-04-16T21:00:00+00:00,AZN.L,SELL,22.0000,243.2000
2026-04-16T21:00:00+00:00,BGO.L,BUY,3674.0000,108.7700
2026-04-16T21:00:00+00:00,BRK-B,BUY,1258.0000,212.5900
2026-04-16T21:00:00+00:00,BRNT.L,BUY,1617.0000,388.4700
2026-04-16T21:00:00+00:00,DBMG.L,BUY,7312.0000,166.5200
2026-04-16T21:00:00+00:00,EDIT,SELL,1923.0000,320.7100
2026-04-16T21:00:00+00:00,EMV.AX,BUY,881.0000,141.0100
2026-04-16T21:00:00+00:00,FTC.L,SELL,129.0000,2966.4400
2026-04-16T21:00:00+00:00,GSIT,BUY,2388.0000,397.0800
2026-04-16T21:00:00+00:00,HSBA.L,SELL,1818.0000,497.6200
2026-04-16T21:00:00+00:00,IBTM.L,BUY,9772.0000,106.8700
2026-04-16T21:00:00+00:00,IDN,SELL,2741.0000,520.6200
2026-04-16T21:00:00+00:00,IITU.L,SELL,1514.0000,281.3100
2026-04-16T21:00:00+00:00,IPWR,BUY,583.0000,120.0900
2026-04-16T21:00:00+00:00,ISF.L,BUY,36.0000,199.5400
2026-04-16T21:00:00+00:00,LTBR,BUY,54.0000,503.4800
2026-04-16T21:00:00+00:00,MOLN.SW,BUY,1280.0000,119.7600
2026-04-16T21:00:00+00:00,MSCL.TO,SELL,839.0000,402.7000
2026-04-16T21:00:00+00:00,PLTR,BUY,600.0000,2083.9600
2026-04-16T21:00:00+00:00,PRQR,SELL,377.0000,315.7800
2026-04-16T21:00:00+00:00,QSI,SELL,677.0000,153.4700
2026-04-16T21:00:00+00:00,RR.L,BUY,86.0000,1911.1800
2026-04-16T21:00:00+00:00,SEYE.ST,SELL,480.0000,199.5300
2026-04-16T21:00:00+00:00,SGLN.L,BUY,8917.0000,290.0000
2026-04-16T21:00:00+00:00,SHEL.L,BUY,1340.0000,320.5000
2026-04-16T21:00:00+00:00,SLX.AX,SELL,271.0000,870.2500
2026-04-16T21:00:00+00:00,SMGB.L,SELL,9005.0000,412.2900
2026-04-16T21:00:00+00:00,VUL.AX,SELL,1641.0000,177.9000
2026-04-16T21:00:00+00:00,VYGR,BUY,2073.0000,160.7200
2026-04-16T21:00:00+00:00,WBT.AX,BUY,1155.0000,331.1900
2026-05-18T21:00:00+00:00,AL3.AX,BUY,841.0000,401.5100
2026-05-18T21:00:00+00:00,ALCLS.PA,BUY,974.0000,372.4600
2026-05-18T21:00:00+00:00,ALMDT.PA,SELL,25.0000,440.6400
2026-05-18T21:00:00+00:00,AXE.AX,BUY,1485.0000,173.1400
2026-05-18T21:00:00+00:00,AZN.L,BUY,1287.0000,224.3500
2026-05-18T21:00:00+00:00,BGO.L,BUY,1677.0000,106.1400
2026-05-18T21:00:00+00:00,BRK-B,SELL,18.0000,222.8800
2026-05-18T21:00:00+00:00,BRNT.L,SELL,3632.0000,465.8000
2026-05-18T21:00:00+00:00,DBMG.L,BUY,1798.0000,171.8300
2026-05-18T21:00:00+00:00,EDIT,BUY,2798.0000,247.0400
2026-05-18T21:00:00+00:00,EMV.AX,SELL,505.0000,151.9800
2026-05-18T21:00:00+00:00,FTC.L,SELL,368.0000,5516.7800
2026-05-18T21:00:00+00:00,GSIT,SELL,1671.0000,566.1000
2026-05-18T21:00:00+00:00,HSBA.L,BUY,903.0000,500.1400
2026-05-18T21:00:00+00:00,IBTM.L,BUY,11146.0000,106.0300
2026-05-18T21:00:00+00:00,IDN,BUY,4708.0000,275.1400
2026-05-18T21:00:00+00:00,IITU.L,SELL,3057.0000,318.1100
2026-05-18T21:00:00+00:00,IPWR,SELL,8588.0000,214.1600
2026-05-18T21:00:00+00:00,ISF.L,BUY,10299.0000,195.1600
2026-05-18T21:00:00+00:00,LTBR,BUY,662.0000,465.0700
2026-05-18T21:00:00+00:00,MOLN.SW,BUY,3317.0000,108.1900
2026-05-18T21:00:00+00:00,MSCL.TO,BUY,1490.0000,339.9800
2026-05-18T21:00:00+00:00,PLTR,BUY,436.0000,2012.0300
2026-05-18T21:00:00+00:00,PRQR,BUY,2577.0000,249.4000
2026-05-18T21:00:00+00:00,QSI,BUY,4072.0000,128.5300
2026-05-18T21:00:00+00:00,RR.L,BUY,710.0000,1777.2500
2026-05-18T21:00:00+00:00,SEYE.ST,SELL,2962.0000,273.6700
2026-05-18T21:00:00+00:00,SGLN.L,BUY,10612.0000,276.9400
2026-05-18T21:00:00+00:00,SHEL.L,BUY,2594.0000,311.5100
2026-05-18T21:00:00+00:00,SLX.AX,BUY,334.0000,816.1200
2026-05-18T21:00:00+00:00,SMGB.L,SELL,12890.0000,507.1100
2026-05-18T21:00:00+00:00,VUL.AX,BUY,100.0000,184.9500
2026-05-18T21:00:00+00:00,VYGR,BUY,2356.0000,146.1300
2026-05-18T21:00:00+00:00,WBT.AX,SELL,2668.0000,536.5900
2026-06-17T21:00:00+00:00,AL3.AX,BUY,2169.0000,306.8100
2026-06-17T21:00:00+00:00,ALCLS.PA,BUY,1788.0000,302.3900
2026-06-17T21:00:00+00:00,ALMDT.PA,BUY,107.0000,440.8900
2026-06-17T21:00:00+00:00,AXE.AX,SELL,1540.0000,196.3800
2026-06-17T21:00:00+00:00,AZN.L,BUY,397.0000,220.4500
2026-06-17T21:00:00+00:00,BGO.L,SELL,346.0000,109.6500
2026-06-17T21:00:00+00:00,BRK-B,BUY,309.0000,222.2400
2026-06-17T21:00:00+00:00,BRNT.L,BUY,7855.0000,361.0800
2026-06-17T21:00:00+00:00,DBMG.L,BUY,4242.0000,169.2400
2026-06-17T21:00:00+00:00,EDIT,BUY,207.0000,246.8000
2026-06-17T21:00:00+00:00,EMV.AX,BUY,2202.0000,137.2400
2026-06-17T21:00:00+00:00,FTC.L,BUY,62.0000,4966.4400
2026-06-17T21:00:00+00:00,GSIT,BUY,1192.0000,458.4200
2026-06-17T21:00:00+00:00,HSBA.L,SELL,1168.0000,537.3100
2026-06-17T21:00:00+00:00,IBTM.L,BUY,872.0000,107.5600
2026-06-17T21:00:00+00:00,IDN,BUY,593.0000,263.8000
2026-06-17T21:00:00+00:00,IITU.L,SELL,745.0000,330.4700
2026-06-17T21:00:00+00:00,IPWR,BUY,469.0000,210.0800
2026-06-17T21:00:00+00:00,ISF.L,BUY,78.0000,198.6900
2026-06-17T21:00:00+00:00,LTBR,BUY,1126.0000,394.7100
2026-06-17T21:00:00+00:00,MOLN.SW,SELL,912.0000,114.5200
2026-06-17T21:00:00+00:00,MSCL.TO,BUY,2122.0000,271.4200
2026-06-17T21:00:00+00:00,PLTR,BUY,353.0000,1927.8000
2026-06-17T21:00:00+00:00,PRQR,SELL,743.0000,273.4000
2026-06-17T21:00:00+00:00,QSI,SELL,1431.0000,140.8300
2026-06-17T21:00:00+00:00,RR.L,SELL,962.0000,2134.0500
2026-06-17T21:00:00+00:00,SEYE.ST,BUY,115.0000,275.4400
2026-06-17T21:00:00+00:00,SGLN.L,BUY,7384.0000,265.8200
2026-06-17T21:00:00+00:00,SHEL.L,BUY,3406.0000,289.9900
2026-06-17T21:00:00+00:00,SLX.AX,SELL,76.0000,851.6300
2026-06-17T21:00:00+00:00,SMGB.L,SELL,11636.0000,613.2600
2026-06-17T21:00:00+00:00,VUL.AX,BUY,730.0000,179.1400
2026-06-17T21:00:00+00:00,VYGR,BUY,37.0000,148.5400
2026-06-17T21:00:00+00:00,WBT.AX,SELL,678.0000,634.8900
2026-07-16T21:00:00+00:00,AL3.AX,BUY,816.0000,269.4300
2026-07-16T21:00:00+00:00,ALCLS.PA,BUY,1217.0000,255.2500
2026-07-16T21:00:00+00:00,ALMDT.PA,BUY,1228.0000,351.9700
2026-07-16T21:00:00+00:00,AXE.AX,BUY,6450.0000,127.8600
2026-07-16T21:00:00+00:00,AZN.L,BUY,279.0000,206.6400
2026-07-16T21:00:00+00:00,BGO.L,SELL,3153.0000,121.0500
2026-07-16T21:00:00+00:00,BRK-B,SELL,510.0000,221.1800
2026-07-16T21:00:00+00:00,BRNT.L,SELL,2619.0000,376.9100
2026-07-16T21:00:00+00:00,DBMG.L,SELL,5361.0000,169.6700
2026-07-16T21:00:00+00:00,EDIT,SELL,1534.0000,276.3800
2026-07-16T21:00:00+00:00,EMV.AX,SELL,2241.0000,149.0500
2026-07-16T21:00:00+00:00,FTC.L,BUY,170.0000,3624.1600
2026-07-16T21:00:00+00:00,GSIT,BUY,1835.0000,334.6900
2026-07-16T21:00:00+00:00,HSBA.L,SELL,1620.0000,558.5400
2026-07-16T21:00:00+00:00,IBTM.L,SELL,5866.0000,106.2500
2026-07-16T21:00:00+00:00,IDN,BUY,703.0000,236.9300
2026-07-16T21:00:00+00:00,IITU.L,SELL,251.0000,319.6100
2026-07-16T21:00:00+00:00,IPWR,BUY,3944.0000,153.9400
2026-07-16T21:00:00+00:00,ISF.L,SELL,7551.0000,200.5600
2026-07-16T21:00:00+00:00,LTBR,BUY,1688.0000,303.3100
2026-07-16T21:00:00+00:00,MOLN.SW,SELL,1173.0000,115.8600
2026-07-16T21:00:00+00:00,MSCL.TO,SELL,3444.0000,401.7300
2026-07-16T21:00:00+00:00,PLTR,SELL,349.0000,1967.2000
2026-07-16T21:00:00+00:00,PRQR,SELL,303.0000,271.0800
2026-07-16T21:00:00+00:00,QSI,BUY,2207.0000,121.1500
2026-07-16T21:00:00+00:00,RR.L,SELL,168.0000,2116.2400
2026-07-16T21:00:00+00:00,SEYE.ST,SELL,276.0000,272.3900
2026-07-16T21:00:00+00:00,SGLN.L,BUY,6376.0000,243.2500
2026-07-16T21:00:00+00:00,SHEL.L,SELL,3061.0000,301.9400
2026-07-16T21:00:00+00:00,SLX.AX,BUY,640.0000,679.0400
2026-07-16T21:00:00+00:00,SMGB.L,BUY,4031.0000,553.2500
2026-07-16T21:00:00+00:00,VUL.AX,BUY,3416.0000,139.9500
2026-07-16T21:00:00+00:00,VYGR,BUY,2757.0000,123.6800
2026-07-16T21:00:00+00:00,WBT.AX,BUY,695.0000,523.3100
2026-08-14T21:00:00+00:00,AL3.AX,BUY,2777.0000,218.0300
2026-08-14T21:00:00+00:00,ALCLS.PA,SELL,986.0000,296.0400
2026-08-14T21:00:00+00:00,ALMDT.PA,SELL,413.0000,390.3100
2026-08-14T21:00:00+00:00,AXE.AX,BUY,1598.0000,123.8300
2026-08-14T21:00:00+00:00,AZN.L,BUY,1663.0000,188.7900
2026-08-14T21:00:00+00:00,BGO.L,BUY,3267.0000,109.6500
2026-08-14T21:00:00+00:00,BRK-B,BUY,275.0000,226.9200
2026-08-14T21:00:00+00:00,BRNT.L,SELL,118.0000,395.7200
2026-08-14T21:00:00+00:00,DBMG.L,BUY,4679.0000,170.9400
2026-08-14T21:00:00+00:00,EDIT,BUY,594.0000,271.6300
2026-08-14T21:00:00+00:00,EMV.AX,SELL,218.0000,157.8900
2026-08-14T21:00:00+00:00,FTC.L,BUY,72.0000,3436.2400
2026-08-14T21:00:00+00:00,GSIT,SELL,1538.0000,438.1600
2026-08-14T21:00:00+00:00,HSBA.L,BUY,347.0000,574.0300
2026-08-14T21:00:00+00:00,IBTM.L,BUY,11049.0000,105.5000
2026-08-14T21:00:00+00:00,IDN,BUY,4218.0000,178.2000
2026-08-14T21:00:00+00:00,IITU.L,SELL,399.0000,337.8800
2026-08-14T21:00:00+00:00,IPWR,SELL,2649.0000,191.5000
2026-08-14T21:00:00+00:00,ISF.L,BUY,3766.0000,204.5700
2026-08-14T21:00:00+00:00,LTBR,SELL,947.0000,357.3100
2026-08-14T21:00:00+00:00,MOLN.SW,BUY,301.0000,119.5400
2026-08-14T21:00:00+00:00,MSCL.TO,SELL,385.0000,447.1700
2026-08-14T21:00:00+00:00,PLTR,SELL,1093.0000,2556.2000
2026-08-14T21:00:00+00:00,PRQR,SELL,885.0000,312.8300
2026-08-14T21:00:00+00:00,QSI,BUY,3236.0000,109.8700
2026-08-14T21:00:00+00:00,RR.L,SELL,355.0000,2375.1400
2026-08-14T21:00:00+00:00,SEYE.ST,SELL,877.0000,314.1800
2026-08-14T21:00:00+00:00,SGLN.L,SELL,5185.0000,264.6000
2026-08-14T21:00:00+00:00,SHEL.L,SELL,484.0000,320.0200
2026-08-14T21:00:00+00:00,SLX.AX,SELL,212.0000,752.4800
2026-08-14T21:00:00+00:00,SMGB.L,BUY,2348.0000,558.7700
2026-08-14T21:00:00+00:00,VUL.AX,SELL,348.0000,149.2000
2026-08-14T21:00:00+00:00,VYGR,SELL,648.0000,133.5300
2026-08-14T21:00:00+00:00,WBT.AX,BUY,2534.0000,360.4700
2026-09-15T21:00:00+00:00,AL3.AX,SELL,3835.0000,308.1900
2026-09-15T21:00:00+00:00,ALCLS.PA,BUY,8649.0000,147.0500
2026-09-15T21:00:00+00:00,ALMDT.PA,BUY,1753.0000,302.1200
2026-09-15T21:00:00+00:00,AXE.AX,BUY,3025.0000,105.5800
2026-09-15T21:00:00+00:00,AZN.L,SELL,1061.0000,199.5900
2026-09-15T21:00:00+00:00,BGO.L,SELL,685.0000,109.6500
2026-09-15T21:00:00+00:00,BRK-B,SELL,741.0000,232.4700
2026-09-15T21:00:00+00:00,BRNT.L,SELL,6701.0000,494.6100
2026-09-15T21:00:00+00:00,DBMG.L,SELL,7232.0000,176.1200
2026-09-15T21:00:00+00:00,EDIT,BUY,423.0000,253.1400
2026-09-15T21:00:00+00:00,EMV.AX,SELL,160.0000,154.9200
2026-09-15T21:00:00+00:00,FTC.L,BUY,123.0000,2885.9100
2026-09-15T21:00:00+00:00,GSIT,BUY,2416.0000,305.1700
2026-09-15T21:00:00+00:00,HSBA.L,SELL,252.0000,565.0100
2026-09-15T21:00:00+00:00,IBTM.L,SELL,2922.0000,103.9300
2026-09-15T21:00:00+00:00,IDN,BUY,1873.0000,153.9900
2026-09-15T21:00:00+00:00,IITU.L,SELL,405.0000,332.0500
2026-09-15T21:00:00+00:00,IPWR,BUY,2952.0000,153.6700
2026-09-15T21:00:00+00:00,ISF.L,SELL,3287.0000,203.2100
2026-09-15T21:00:00+00:00,LTBR,BUY,1824.0000,279.2900
2026-09-15T21:00:00+00:00,MOLN.SW,SELL,528.0000,118.9900
2026-09-15T21:00:00+00:00,MSCL.TO,SELL,10.0000,435.3300
2026-09-15T21:00:00+00:00,PLTR,SELL,86.0000,2532.5400
2026-09-15T21:00:00+00:00,PRQR,BUY,128.0000,299.5700
2026-09-15T21:00:00+00:00,QSI,SELL,7.0000,106.8200
2026-09-15T21:00:00+00:00,RR.L,BUY,265.0000,2188.9500
2026-09-15T21:00:00+00:00,SEYE.ST,BUY,7013.0000,167.4900
2026-09-15T21:00:00+00:00,SGLN.L,SELL,1142.0000,259.4700
2026-09-15T21:00:00+00:00,SHEL.L,SELL,4199.0000,352.0700
2026-09-15T21:00:00+00:00,SLX.AX,BUY,533.0000,636.0800
2026-09-15T21:00:00+00:00,SMGB.L,BUY,3011.0000,520.2300
2026-09-15T21:00:00+00:00,VUL.AX,BUY,4648.0000,115.1700
2026-09-15T21:00:00+00:00,VYGR,BUY,587.0000,126.0900
2026-09-15T21:00:00+00:00,WBT.AX,BUY,3083.0000,247.5600
