date,equity_own_weights,equity_own_weights_8020,equity_equal_weight,equity_hrp_optimised,equity_own_weights_engine,equity_own_weights_8020_engine,equity_equal_weight_engine,equity_hrp_optimised_engine
2020-12-10,200000.000000,200000.000000,200000.000000,200000.000000,100000000.000000,100000000.000000,100000000.000000,100000000.000000
2020-12-11,200000.000000,200000.000000,200000.000000,200000.000000,100000000.000000,100000000.000000,100000000.000000,100000000.000000
2020-12-14,200000.000000,200000.000000,200000.000000,200000.000000,100000000.000000,100000000.000000,100000000.000000,100000000.000000
2020-12-15,200000.000000,200000.000000,200000.000000,200000.000000,100000000.000000,100000000.000000,100000000.000000,100000000.000000
2020-12-16,200000.000000,200000.000000,200000.000000,200000.000000,100000000.000000,100000000.000000,100000000.000000,100000000.000000
2020-12-17,200000.000000,200000.000000,200000.000000,200000.000000,100000000.000000,100000000.000000,100000000.000000,100000000.000000
2020-12-18,200000.000000,200000.000000,200000.000000,200000.000000,100000000.000000,100000000.000000,100000000.000000,100000000.000000
2020-12-21,200000.000000,200000.000000,200000.000000,200000.000000,100000000.000000,100000000.000000,100000000.000000,100000000.000000
2020-12-22,200000.000000,200000.000000,200000.000000,200000.000000,100000000.000000,100000000.000000,100000000.000000,100000000.000000
2020-12-23,200000.000000,200000.000000,200000.000000,200000.000000,100000000.000000,100000000.000000,100000000.000000,100000000.000000
2020-12-24,200000.000000,200000.000000,200000.000000,200000.000000,100000000.000000,100000000.000000,100000000.000000,100000000.000000
2020-12-29,200000.000000,200000.000000,200000.000000,200000.000000,100000000.000000,100000000.000000,100000000.000000,100000000.000000
2020-12-30,200000.000000,200000.000000,200000.000000,200000.000000,100000000.000000,100000000.000000,100000000.000000,100000000.000000
2020-12-31,200000.000000,200000.000000,200000.000000,200000.000000,100000000.000000,100000000.000000,100000000.000000,100000000.000000
2021-01-04,200000.000000,200000.000000,200000.000000,200000.000000,100000000.000000,100000000.000000,100000000.000000,100000000.000000
2021-01-05,200000.000000,200000.000000,200000.000000,200000.000000,100000000.000000,100000000.000000,100000000.000000,100000000.000000
2021-01-06,200000.000000,200000.000000,200000.000000,200000.000000,100000000.000000,100000000.000000,100000000.000000,100000000.000000
2021-01-07,200000.000000,200000.000000,200000.000000,200000.000000,100000000.000000,100000000.000000,100000000.000000,100000000.000000
2021-01-08,200000.000000,200000.000000,200000.000000,200000.000000,100000000.000000,100000000.000000,100000000.000000,100000000.000000
2021-01-11,200000.000000,200000.000000,200000.000000,200000.000000,100000000.000000,100000000.000000,100000000.000000,100000000.000000
2021-01-12,200000.000000,200000.000000,200000.000000,200000.000000,100000000.000000,100000000.000000,100000000.000000,100000000.000000
2021-01-13,200000.000000,200000.000000,200000.000000,200000.000000,100000000.000000,100000000.000000,100000000.000000,100000000.000000
2021-01-14,200000.000000,200000.000000,200000.000000,200000.000000,100000000.000000,100000000.000000,100000000.000000,100000000.000000
2021-01-15,200000.000000,200000.000000,200000.000000,200000.000000,100000000.000000,100000000.000000,100000000.000000,100000000.000000
2021-01-18,200000.000000,200000.000000,200000.000000,200000.000000,100000000.000000,100000000.000000,100000000.000000,100000000.000000
2021-01-19,200000.000000,200000.000000,200000.000000,200000.000000,100000000.000000,100000000.000000,100000000.000000,100000000.000000
2021-01-20,200000.000000,200000.000000,200000.000000,200000.000000,100000000.000000,100000000.000000,100000000.000000,100000000.000000
2021-01-21,200000.000000,200000.000000,200000.000000,200000.000000,100000000.000000,100000000.000000,100000000.000000,100000000.000000
2021-01-22,200000.000000,200000.000000,200000.000000,200000.000000,100000000.000000,100000000.000000,100000000.000000,100000000.000000
2021-01-25,200000.000000,200000.000000,200000.000000,200000.000000,100000000.000000,100000000.000000,100000000.000000,100000000.000000
2021-01-26,200000.000000,200000.000000,200000.000000,200000.000000,100000000.000000,100000000.000000,100000000.000000,100000000.000000
2021-01-27,200000.000000,200000.000000,200000.000000,200000.000000,100000000.000000,100000000.000000,100000000.000000,100000000.000000
2021-01-28,200000.000000,200000.000000,200000.000000,200000.000000,100000000.000000,100000000.000000,100000000.000000,100000000.000000
2021-01-29,200000.000000,200000.000000,200000.000000,200000.000000,100000000.000000,100000000.000000,100000000.000000,100000000.000000
2021-02-01,200000.000000,200000.000000,200000.000000,200000.000000,100000000.000000,100000000.000000,100000000.000000,100000000.000000
2021-02-02,200000.000000,200000.000000,200000.000000,200000.000000,100000000.000000,100000000.000000,100000000.000000,100000000.000000
2021-02-03,200000.000000,200000.000000,200000.000000,200000.000000,100000000.000000,100000000.000000,100000000.000000,100000000.000000
2021-02-04,200000.000000,200000.000000,200000.000000,200000.000000,100000000.000000,100000000.000000,100000000.000000,100000000.000000
2021-02-05,200000.000000,200000.000000,200000.000000,200000.000000,100000000.000000,100000000.000000,100000000.000000,100000000.000000
2021-02-08,200000.000000,200000.000000,200000.000000,200000.000000,100000000.000000,100000000.000000,100000000.000000,100000000.000000
2021-02-09,200000.000000,200000.000000,200000.000000,200000.000000,100000000.000000,100000000.000000,100000000.000000,100000000.000000
2021-02-10,200000.000000,200000.000000,200000.000000,200000.000000,100000000.000000,100000000.000000,100000000.000000,100000000.000000
2021-02-11,200000.000000,200000.000000,200000.000000,200000.000000,100000000.000000,100000000.000000,100000000.000000,100000000.000000
2021-02-12,200000.000000,200000.000000,200000.000000,200000.000000,100000000.000000,100000000.000000,100000000.000000,100000000.000000
2021-02-15,200000.000000,200000.000000,200000.000000,200000.000000,100000000.000000,100000000.000000,100000000.000000,100000000.000000
2021-02-16,200000.000000,200000.000000,200000.000000,200000.000000,100000000.000000,100000000.000000,100000000.000000,100000000.000000
2021-02-17,200000.000000,200000.000000,200000.000000,200000.000000,100000000.000000,100000000.000000,100000000.000000,100000000.000000
2021-02-18,200000.000000,200000.000000,200000.000000,200000.000000,100000000.000000,100000000.000000,100000000.000000,100000000.000000
2021-02-19,200000.000000,200000.000000,200000.000000,200000.000000,100000000.000000,100000000.000000,100000000.000000,100000000.000000
2021-02-22,200000.000000,200000.000000,200000.000000,200000.000000,100000000.000000,100000000.000000,100000000.000000,100000000.000000
2021-02-23,200000.000000,200000.000000,200000.000000,200000.000000,100000000.000000,100000000.000000,100000000.000000,100000000.000000
2021-02-24,200000.000000,200000.000000,200000.000000,200000.000000,100000000.000000,100000000.000000,100000000.000000,100000000.000000
2021-02-25,200000.000000,200000.000000,200000.000000,200000.000000,100000000.000000,100000000.000000,100000000.000000,100000000.000000
2021-02-26,200000.000000,200000.000000,200000.000000,200000.000000,100000000.000000,100000000.000000,100000000.000000,100000000.000000
2021-03-01,200000.000000,200000.000000,200000.000000,200000.000000,100000000.000000,100000000.000000,100000000.000000,100000000.000000
2021-03-02,200000.000000,200000.000000,200000.000000,200000.000000,100000000.000000,100000000.000000,100000000.000000,100000000.000000
2021-03-03,200000.000000,200000.000000,200000.000000,200000.000000,100000000.000000,100000000.000000,100000000.000000,100000000.000000
2021-03-04,200000.000000,200000.000000,200000.000000,200000.000000,100000000.000000,100000000.000000,100000000.000000,100000000.000000
2021-03-05,200000.000000,200000.000000,200000.000000,200000.000000,100000000.000000,100000000.000000,100000000.000000,100000000.000000
2021-03-08,200000.000000,200000.000000,200000.000000,200000.000000,100000000.000000,100000000.000000,100000000.000000,100000000.000000
2021-03-09,200000.000000,200000.000000,200000.000000,200000.000000,100000000.000000,100000000.000000,100000000.000000,100000000.000000
2021-03-10,200000.000000,200000.000000,200000.000000,200000.000000,100000000.000000,100000000.000000,100000000.000000,100000000.000000
2021-03-11,200000.000000,200000.000000,200000.000000,200000.000000,100000000.000000,100000000.000000,100000000.000000,100000000.000000
2021-03-12,200000.000000,200000.000000,200000.000000,200000.000000,100000000.000000,100000000.000000,100000000.000000,100000000.000000
2021-03-15,200000.000000,200000.000000,200000.000000,200000.000000,100000000.000000,100000000.000000,100000000.000000,100000000.000000
2021-03-16,200000.000000,200000.000000,200000.000000,200000.000000,100000000.000000,100000000.000000,100000000.000000,100000000.000000
2021-03-17,200000.000000,200000.000000,200000.000000,200000.000000,100000000.000000,100000000.000000,100000000.000000,100000000.000000
2021-03-18,200000.000000,200000.000000,200000.000000,200000.000000,100000000.000000,100000000.000000,100000000.000000,100000000.000000
2021-03-19,200000.000000,200000.000000,200000.000000,200000.000000,100000000.000000,100000000.000000,100000000.000000,100000000.000000
2021-03-22,200000.000000,200000.000000,200000.000000,200000.000000,100000000.000000,100000000.000000,100000000.000000,100000000.000000
2021-03-23,200000.000000,200000.000000,200000.000000,200000.000000,100000000.000000,100000000.000000,100000000.000000,100000000.000000
2021-03-24,200000.000000,200000.000000,200000.000000,200000.000000,100000000.000000,100000000.000000,100000000.000000,100000000.000000
2021-03-25,200000.000000,200000.000000,200000.000000,200000.000000,100000000.000000,100000000.000000,100000000.000000,100000000.000000
2021-03-26,200000.000000,200000.000000,200000.000000,200000.000000,100000000.000000,100000000.000000,100000000.000000,100000000.000000
2021-03-29,200000.000000,200000.000000,200000.000000,200000.000000,100000000.000000,100000000.000000,100000000.000000,100000000.000000
2021-03-30,200000.000000,200000.000000,200000.000000,200000.000000,100000000.000000,100000000.000000,100000000.000000,100000000.000000
2021-03-31,200000.000000,200000.000000,200000.000000,200000.000000,100000000.000000,100000000.000000,100000000.000000,100000000.000000
2021-04-01,200000.000000,200000.000000,200000.000000,200000.000000,100000000.000000,100000000.000000,100000000.000000,100000000.000000
2021-04-06,200000.000000,200000.000000,200000.000000,200000.000000,100000000.000000,100000000.000000,100000000.000000,100000000.000000
2021-04-07,200000.000000,200000.000000,200000.000000,200000.000000,100000000.000000,100000000.000000,100000000.000000,100000000.000000
2021-04-08,200000.000000,200000.000000,200000.000000,200000.000000,100000000.000000,100000000.000000,100000000.000000,100000000.000000
2021-04-09,200000.000000,200000.000000,200000.000000,200000.000000,100000000.000000,100000000.000000,100000000.000000,100000000.000000
2021-04-12,200000.000000,200000.000000,200000.000000,200000.000000,100000000.000000,100000000.000000,100000000.000000,100000000.000000
2021-04-13,200000.000000,200000.000000,200000.000000,200000.000000,100000000.000000,100000000.000000,100000000.000000,100000000.000000
2021-04-14,200000.000000,200000.000000,200000.000000,200000.000000,100000000.000000,100000000.000000,100000000.000000,100000000.000000
2021-04-15,200000.000000,200000.000000,200000.000000,200000.000000,100000000.000000,100000000.000000,100000000.000000,100000000.000000
2021-04-16,200000.000000,200000.000000,200000.000000,200000.000000,100000000.000000,100000000.000000,100000000.000000,100000000.000000
2021-04-19,200000.000000,200000.000000,200000.000000,200000.000000,100000000.000000,100000000.000000,100000000.000000,100000000.000000
2021-04-20,200000.000000,200000.000000,200000.000000,200000.000000,100000000.000000,100000000.000000,100000000.000000,100000000.000000
2021-04-21,200000.000000,200000.000000,200000.000000,200000.000000,100000000.000000,100000000.000000,100000000.000000,100000000.000000
2021-04-22,200000.000000,200000.000000,200000.000000,200000.000000,100000000.000000,100000000.000000,100000000.000000,100000000.000000
2021-04-23,200000.000000,200000.000000,200000.000000,200000.000000,100000000.000000,100000000.000000,100000000.000000,100000000.000000
2021-04-26,200000.000000,200000.000000,200000.000000,200000.000000,100000000.000000,100000000.000000,100000000.000000,100000000.000000
2021-04-27,200000.000000,200000.000000,200000.000000,200000.000000,100000000.000000,100000000.000000,100000000.000000,100000000.000000
2021-04-28,200000.000000,200000.000000,200000.000000,200000.000000,100000000.000000,100000000.000000,100000000.000000,100000000.000000
2021-04-29,200000.000000,200000.000000,200000.000000,200000.000000,100000000.000000,100000000.000000,100000000.000000,100000000.000000
2021-04-30,200000.000000,200000.000000,200000.000000,200000.000000,100000000.000000,100000000.000000,100000000.000000,100000000.000000
2021-05-04,200000.000000,200000.000000,200000.000000,200000.000000,100000000.000000,100000000.000000,100000000.000000,100000000.000000
2021-05-05,200000.000000,200000.000000,200000.000000,200000.000000,100000000.000000,100000000.000000,100000000.000000,100000000.000000
2021-05-06,200000.000000,200000.000000,200000.000000,200000.000000,100000000.000000,100000000.000000,100000000.000000,100000000.000000
2021-05-07,200000.000000,200000.000000,200000.000000,200000.000000,100000000.000000,100000000.000000,100000000.000000,100000000.000000
2021-05-10,200000.000000,200000.000000,200000.000000,200000.000000,100000000.000000,100000000.000000,100000000.000000,100000000.000000
2021-05-11,200000.000000,200000.000000,200000.000000,200000.000000,100000000.000000,100000000.000000,100000000.000000,100000000.000000
2021-05-12,200000.000000,200000.000000,200000.000000,200000.000000,100000000.000000,100000000.000000,100000000.000000,100000000.000000
2021-05-13,200000.000000,200000.000000,200000.000000,200000.000000,100000000.000000,100000000.000000,100000000.000000,100000000.000000
2021-05-14,200000.000000,200000.000000,200000.000000,200000.000000,100000000.000000,100000000.000000,100000000.000000,100000000.000000
2021-05-17,200000.000000,200000.000000,200000.000000,200000.000000,100000000.000000,100000000.000000,100000000.000000,100000000.000000
2021-05-18,200000.000000,200000.000000,200000.000000,200000.000000,100000000.000000,100000000.000000,100000000.000000,100000000.000000
2021-05-19,200000.000000,200000.000000,200000.000000,200000.000000,100000000.000000,100000000.000000,100000000.000000,100000000.000000
2021-05-20,200000.000000,200000.000000,200000.000000,200000.000000,100000000.000000,100000000.000000,100000000.000000,100000000.000000
2021-05-21,200000.000000,200000.000000,200000.000000,200000.000000,100000000.000000,100000000.000000,100000000.000000,100000000.000000
2021-05-24,200000.000000,200000.000000,200000.000000,200000.000000,100000000.000000,100000000.000000,100000000.000000,100000000.000000
2021-05-25,200000.000000,200000.000000,200000.000000,200000.000000,100000000.000000,100000000.000000,100000000.000000,100000000.000000
2021-05-26,200000.000000,200000.000000,200000.000000,200000.000000,100000000.000000,100000000.000000,100000000.000000,100000000.000000
2021-05-27,200000.000000,200000.000000,200000.000000,200000.000000,100000000.000000,100000000.000000,100000000.000000,100000000.000000
2021-05-28,200000.000000,200000.000000,200000.000000,200000.000000,100000000.000000,100000000.000000,100000000.000000,100000000.000000
2021-06-01,200000.000000,200000.000000,200000.000000,200000.000000,100000000.000000,100000000.000000,100000000.000000,100000000.000000
2021-06-02,200000.000000,200000.000000,200000.000000,200000.000000,100000000.000000,100000000.000000,100000000.000000,100000000.000000
2021-06-03,200000.000000,200000.000000,200000.000000,200000.000000,100000000.000000,100000000.000000,100000000.000000,100000000.000000
2021-06-04,200000.000000,200000.000000,200000.000000,200000.000000,100000000.000000,100000000.000000,100000000.000000,100000000.000000
2021-06-07,200000.000000,200000.000000,200000.000000,200000.000000,100000000.000000,100000000.000000,100000000.000000,100000000.000000
2021-06-08,200000.000000,200000.000000,200000.000000,200000.000000,100000000.000000,100000000.000000,100000000.000000,100000000.000000
2021-06-09,200000.000000,200000.000000,200000.000000,200000.000000,100000000.000000,100000000.000000,100000000.000000,100000000.000000
2021-06-10,200000.000000,200000.000000,200000.000000,200000.000000,100000000.000000,100000000.000000,100000000.000000,100000000.000000
2021-06-11,200000.000000,200000.000000,200000.000000,200000.000000,100000000.000000,100000000.000000,100000000.000000,100000000.000000
2021-06-14,200000.000000,200000.000000,200000.000000,200000.000000,100000000.000000,100000000.000000,100000000.000000,100000000.000000
2021-06-15,200000.000000,200000.000000,200000.000000,200000.000000,100000000.000000,100000000.000000,100000000.000000,100000000.000000
2021-06-16,200000.000000,200000.000000,200000.000000,200000.000000,100000000.000000,100000000.000000,100000000.000000,100000000.000000
2021-06-17,200000.000000,200000.000000,200000.000000,200000.000000,100000000.000000,100000000.000000,100000000.000000,100000000.000000
2021-06-18,200000.000000,200000.000000,200000.000000,200000.000000,100000000.000000,100000000.000000,100000000.000000,100000000.000000
2021-06-21,200000.000000,200000.000000,200000.000000,200000.000000,100000000.000000,100000000.000000,100000000.000000,100000000.000000
2021-06-22,200000.000000,200000.000000,200000.000000,200000.000000,100000000.000000,100000000.000000,100000000.000000,100000000.000000
2021-06-23,200000.000000,200000.000000,200000.000000,200000.000000,100000000.000000,100000000.000000,100000000.000000,100000000.000000
2021-06-24,200000.000000,200000.000000,200000.000000,200000.000000,100000000.000000,100000000.000000,100000000.000000,100000000.000000
2021-06-25,200000.000000,200000.000000,200000.000000,200000.000000,100000000.000000,100000000.000000,100000000.000000,100000000.000000
2021-06-28,200000.000000,200000.000000,200000.000000,200000.000000,100000000.000000,100000000.000000,100000000.000000,100000000.000000
2021-06-29,200000.000000,200000.000000,200000.000000,200000.000000,100000000.000000,100000000.000000,100000000.000000,100000000.000000
2021-06-30,200000.000000,200000.000000,200000.000000,200000.000000,100000000.000000,100000000.000000,100000000.000000,100000000.000000
2021-07-01,200000.000000,200000.000000,200000.000000,200000.000000,100000000.000000,100000000.000000,100000000.000000,100000000.000000
2021-07-02,200000.000000,200000.000000,200000.000000,200000.000000,100000000.000000,100000000.000000,100000000.000000,100000000.000000
2021-07-05,200000.000000,200000.000000,200000.000000,200000.000000,100000000.000000,100000000.000000,100000000.000000,100000000.000000
2021-07-06,200000.000000,200000.000000,200000.000000,200000.000000,100000000.000000,100000000.000000,100000000.000000,100000000.000000
2021-07-07,200000.000000,200000.000000,200000.000000,200000.000000,100000000.000000,100000000.000000,100000000.000000,100000000.000000
2021-07-08,200000.000000,200000.000000,200000.000000,200000.000000,100000000.000000,100000000.000000,100000000.000000,100000000.000000
2021-07-09,200000.000000,200000.000000,200000.000000,200000.000000,100000000.000000,100000000.000000,100000000.000000,100000000.000000
2021-07-12,200000.000000,200000.000000,200000.000000,200000.000000,100000000.000000,100000000.000000,100000000.000000,100000000.000000
2021-07-13,200000.000000,200000.000000,200000.000000,200000.000000,100000000.000000,100000000.000000,100000000.000000,100000000.000000
2021-07-14,200000.000000,200000.000000,200000.000000,200000.000000,100000000.000000,100000000.000000,100000000.000000,100000000.000000
2021-07-15,200000.000000,200000.000000,200000.000000,200000.000000,100000000.000000,100000000.000000,100000000.000000,100000000.000000
2021-07-16,200000.000000,200000.000000,200000.000000,200000.000000,100000000.000000,100000000.000000,100000000.000000,100000000.000000
2021-07-19,200000.000000,200000.000000,200000.000000,200000.000000,100000000.000000,100000000.000000,100000000.000000,100000000.000000
2021-07-20,200000.000000,200000.000000,200000.000000,200000.000000,100000000.000000,100000000.000000,100000000.000000,100000000.000000
2021-07-21,200000.000000,200000.000000,200000.000000,200000.000000,100000000.000000,100000000.000000,100000000.000000,100000000.000000
2021-07-22,200000.000000,200000.000000,200000.000000,200000.000000,100000000.000000,100000000.000000,100000000.000000,100000000.000000
2021-07-23,200000.000000,200000.000000,200000.000000,200000.000000,100000000.000000,100000000.000000,100000000.000000,100000000.000000
2021-07-26,200000.000000,200000.000000,200000.000000,200000.000000,100000000.000000,100000000.000000,100000000.000000,100000000.000000
2021-07-27,200000.000000,200000.000000,200000.000000,200000.000000,100000000.000000,100000000.000000,100000000.000000,100000000.000000
2021-07-28,200000.000000,200000.000000,200000.000000,200000.000000,100000000.000000,100000000.000000,100000000.000000,100000000.000000
2021-07-29,200000.000000,200000.000000,200000.000000,200000.000000,100000000.000000,100000000.000000,100000000.000000,100000000.000000
2021-07-30,200000.000000,200000.000000,200000.000000,200000.000000,100000000.000000,100000000.000000,100000000.000000,100000000.000000
2021-08-02,200000.000000,200000.000000,200000.000000,200000.000000,100000000.000000,100000000.000000,100000000.000000,100000000.000000
2021-08-03,200000.000000,200000.000000,200000.000000,200000.000000,100000000.000000,100000000.000000,100000000.000000,100000000.000000
2021-08-04,200000.000000,200000.000000,200000.000000,200000.000000,100000000.000000,100000000.000000,100000000.000000,100000000.000000
2021-08-05,200000.000000,200000.000000,200000.000000,200000.000000,100000000.000000,100000000.000000,100000000.000000,100000000.000000
2021-08-06,200000.000000,200000.000000,200000.000000,200000.000000,100000000.000000,100000000.000000,100000000.000000,100000000.000000
2021-08-09,200000.000000,200000.000000,200000.000000,200000.000000,100000000.000000,100000000.000000,100000000.000000,100000000.000000
2021-08-10,200000.000000,200000.000000,200000.000000,200000.000000,100000000.000000,100000000.000000,100000000.000000,100000000.000000
2021-08-11,200000.000000,200000.000000,200000.000000,200000.000000,100000000.000000,100000000.000000,100000000.000000,100000000.000000
2021-08-12,200000.000000,200000.000000,200000.000000,200000.000000,100000000.000000,100000000.000000,100000000.000000,100000000.000000
2021-08-13,200000.000000,200000.000000,200000.000000,200000.000000,100000000.000000,100000000.000000,100000000.000000,100000000.000000
2021-08-16,200000.000000,200000.000000,200000.000000,200000.000000,100000000.000000,100000000.000000,100000000.000000,100000000.000000
2021-08-17,200000.000000,200000.000000,200000.000000,200000.000000,100000000.000000,100000000.000000,100000000.000000,100000000.000000
2021-08-18,200000.000000,200000.000000,200000.000000,200000.000000,100000000.000000,100000000.000000,100000000.000000,100000000.000000
2021-08-19,200000.000000,200000.000000,200000.000000,200000.000000,100000000.000000,100000000.000000,100000000.000000,100000000.000000
2021-08-20,200000.000000,200000.000000,200000.000000,200000.000000,100000000.000000,100000000.000000,100000000.000000,100000000.000000
2021-08-23,200000.000000,200000.000000,200000.000000,200000.000000,100000000.000000,100000000.000000,100000000.000000,100000000.000000
2021-08-24,200000.000000,200000.000000,200000.000000,200000.000000,100000000.000000,100000000.000000,100000000.000000,100000000.000000
2021-08-25,200000.000000,200000.000000,200000.000000,200000.000000,100000000.000000,100000000.000000,100000000.000000,100000000.000000
2021-08-26,200000.000000,200000.000000,200000.000000,200000.000000,100000000.000000,100000000.000000,100000000.000000,100000000.000000
2021-08-27,200000.000000,200000.000000,200000.000000,200000.000000,100000000.000000,100000000.000000,100000000.000000,100000000.000000
2021-08-31,200000.000000,200000.000000,200000.000000,200000.000000,100000000.000000,100000000.000000,100000000.000000,100000000.000000
2021-09-01,200000.000000,200000.000000,200000.000000,200000.000000,100000000.000000,100000000.000000,100000000.000000,100000000.000000
2021-09-02,200000.000000,200000.000000,200000.000000,200000.000000,100000000.000000,100000000.000000,100000000.000000,100000000.000000
2021-09-03,200000.000000,200000.000000,200000.000000,200000.000000,100000000.000000,100000000.000000,100000000.000000,100000000.000000
2021-09-06,200000.000000,200000.000000,200000.000000,200000.000000,100000000.000000,100000000.000000,100000000.000000,100000000.000000
2021-09-07,200000.000000,200000.000000,200000.000000,200000.000000,100000000.000000,100000000.000000,100000000.000000,100000000.000000
2021-09-08,200000.000000,200000.000000,200000.000000,200000.000000,100000000.000000,100000000.000000,100000000.000000,100000000.000000
2021-09-09,200000.000000,200000.000000,200000.000000,200000.000000,100000000.000000,100000000.000000,100000000.000000,100000000.000000
2021-09-10,200000.000000,200000.000000,200000.000000,200000.000000,100000000.000000,100000000.000000,100000000.000000,100000000.000000
2021-09-13,200000.000000,200000.000000,200000.000000,200000.000000,100000000.000000,100000000.000000,100000000.000000,100000000.000000
2021-09-14,200000.000000,200000.000000,200000.000000,200000.000000,100000000.000000,100000000.000000,100000000.000000,100000000.000000
2021-09-15,200000.000000,200000.000000,200000.000000,200000.000000,100000000.000000,100000000.000000,100000000.000000,100000000.000000
2021-09-16,200000.000000,200000.000000,200000.000000,200000.000000,100000000.000000,100000000.000000,100000000.000000,100000000.000000
2021-09-17,200142.610000,200450.360000,202313.140000,199594.990000,100071305.670000,100225178.220000,101156571.070000,99797494.500000
2021-09-20,198158.850000,197915.400000,196837.900000,200186.040000,99079427.380000,98957701.770000,98418949.120000,100093018.950000
2021-09-21,199852.920000,199595.310000,198529.710000,201240.280000,99926461.270000,99797657.140000,99264856.360000,100620141.910000
2021-09-22,201875.520000,201422.280000,199342.110000,200987.860000,100937759.070000,100711139.490000,99671053.380000,100493929.230000
2021-09-23,203191.910000,202998.830000,202813.720000,200826.490000,101595955.760000,101499416.050000,101406858.550000,100413243.420000
2021-09-24,203099.380000,202603.850000,200849.630000,201057.280000,101549688.880000,101301926.390000,100424816.880000,100528638.550000
2021-09-27,204548.740000,203899.870000,201588.100000,200681.020000,102274368.700000,101949933.380000,100794048.520000,100340510.120000
2021-09-28,202070.970000,201153.040000,197163.430000,200445.840000,101035483.030000,100576519.650000,98581716.100000,100222921.880000
2021-09-29,202895.120000,201704.750000,196481.040000,201996.550000,101447557.730000,100852376.230000,98240518.070000,100998277.470000
2021-09-30,203024.650000,201921.370000,197059.750000,202083.370000,101512324.250000,100960683.020000,98529873.290000,101041682.620000
2021-10-01,202196.040000,201244.780000,197385.550000,202212.560000,101098020.190000,100622389.150000,98692775.240000,101106280.170000
2021-10-04,200328.950000,199126.890000,193940.390000,201465.660000,100164472.600000,99563444.930000,96970197.230000,100732827.690000
2021-10-05,201384.580000,199978.270000,193806.410000,201262.890000,100692290.280000,99989132.620000,96903205.930000,100631445.260000
2021-10-06,201298.120000,200227.970000,195883.910000,201621.530000,100649057.860000,100113986.910000,97941955.580000,100810763.300000
2021-10-07,203310.980000,202311.510000,198449.280000,201875.980000,101655490.670000,101155757.170000,99224640.560000,100937989.530000
2021-10-08,203610.080000,202717.860000,199668.630000,202001.960000,101805038.480000,101358931.790000,99834316.600000,101000982.390000
2021-10-11,204369.410000,203186.910000,198608.240000,201810.070000,102184707.300000,101593454.230000,99304119.430000,100905033.630000
2021-10-12,203668.830000,202615.030000,198712.950000,202511.220000,101834412.570000,101307514.140000,99356474.230000,101255608.210000
2021-10-13,204716.450000,203970.430000,201620.590000,202833.930000,102358222.730000,101985215.010000,100810295.490000,101416965.270000
2021-10-14,205898.250000,205080.410000,202223.170000,203067.680000,102949124.300000,102540202.580000,101111586.290000,101533838.480000
2021-10-15,206290.060000,205471.910000,202814.150000,202929.100000,103145030.960000,102735955.960000,101407074.400000,101464550.380000
2021-10-18,206249.170000,205612.660000,203790.680000,202361.120000,103124584.730000,102806329.710000,101895341.990000,101180557.630000
2021-10-19,206891.900000,206438.580000,205715.760000,202188.610000,103445950.900000,103219291.540000,102857882.210000,101094302.800000
2021-10-20,206464.500000,205797.170000,203842.710000,202573.390000,103232248.570000,102898584.520000,101921353.000000,101286693.420000
2021-10-21,206256.610000,205663.320000,204140.540000,202896.210000,103128306.950000,102831662.250000,102070272.500000,101448104.150000
2021-10-22,206787.130000,206184.650000,204597.830000,203123.160000,103393567.330000,103092327.310000,102298913.940000,101561577.920000
2021-10-25,207915.710000,207106.470000,204450.530000,203608.580000,103957855.590000,103553235.880000,102225265.520000,101804291.930000
2021-10-26,208462.260000,207711.760000,205491.560000,203863.440000,104231130.350000,103855882.020000,102745779.920000,101931721.670000
2021-10-27,207984.690000,207298.170000,205267.060000,204546.110000,103992346.280000,103649082.840000,102633532.090000,102273053.010000
2021-10-28,208034.540000,207586.810000,206884.060000,204455.750000,104017269.200000,103793407.150000,103442027.770000,102227876.140000
2021-10-29,207797.180000,206956.810000,203957.260000,204452.290000,103898591.450000,103478405.730000,101978629.120000,102226143.260000
2021-11-01,210528.540000,210116.880000,209546.360000,205747.300000,105264271.410000,105058439.030000,104773181.160000,102873649.630000
2021-11-02,211226.940000,210796.690000,210106.120000,206760.040000,105613468.260000,105398342.750000,105053058.530000,103380018.680000
2021-11-03,210151.280000,209898.470000,210231.330000,205147.830000,105075637.670000,104949235.910000,105115666.810000,102573913.830000
2021-11-04,213319.590000,212882.610000,211739.430000,206491.630000,106659792.650000,106441304.490000,105869715.970000,103245815.860000
2021-11-05,216264.240000,215566.670000,212862.500000,207789.010000,108132118.200000,107783333.820000,106431250.230000,103894506.100000
2021-11-08,216693.150000,216029.200000,213572.070000,207263.650000,108346575.750000,108014601.430000,106786033.710000,103631825.810000
2021-11-09,216198.610000,215584.820000,213062.150000,207161.920000,108099305.070000,107792407.880000,106531076.460000,103580962.310000
2021-11-10,214956.430000,213952.610000,209150.020000,206790.430000,107478217.170000,106976305.960000,104575007.770000,103395212.560000
2021-11-11,216485.980000,215458.720000,210456.120000,207796.040000,108242989.840000,107729358.380000,105228061.140000,103898019.300000
2021-11-12,216505.860000,215510.480000,210266.180000,207050.680000,108252932.270000,107755242.410000,105133088.300000,103525338.200000
2021-11-15,216340.580000,215165.190000,209088.160000,207011.700000,108170292.160000,107582594.870000,104544081.760000,103505849.310000
2021-11-16,216017.370000,214371.170000,205546.130000,206578.230000,108008686.610000,107185583.300000,102773066.840000,103289113.630000
2021-11-17,214880.440000,213259.790000,204397.050000,205435.920000,107440221.030000,106629894.380000,102198522.910000,102717958.570000
2021-11-18,213905.530000,212037.510000,201486.310000,204259.830000,106952765.240000,106018755.010000,100743156.800000,102129916.630000
2021-11-19,212575.680000,210575.560000,199124.020000,204325.130000,106287838.370000,105287780.860000,99562009.500000,102162565.680000
2021-11-22,212722.800000,210541.780000,198208.180000,204177.450000,106361400.440000,105270892.490000,99104091.510000,102088726.380000
2021-11-23,211487.360000,209242.660000,197038.230000,203998.220000,105743677.520000,104621331.750000,98519117.320000,101999112.100000
2021-11-24,212804.130000,210532.200000,198119.740000,204521.760000,106402066.110000,105266098.740000,99059871.240000,102260877.920000
2021-11-25,213629.680000,211335.470000,198741.560000,204813.790000,106814838.260000,105667733.440000,99370782.030000,102406896.940000
2021-11-26,207266.300000,205264.330000,193868.240000,203746.400000,103633148.780000,102632166.360000,96934118.050000,101873198.720000
2021-11-29,208247.070000,205823.020000,192035.840000,203106.760000,104123536.010000,102911510.180000,96017920.210000,101553380.920000
2021-11-30,208215.520000,205977.750000,192919.220000,203688.620000,104107758.670000,102988873.000000,96459608.010000,101844310.020000
2021-12-01,208555.500000,205913.300000,190542.760000,203339.320000,104277749.010000,102956650.480000,95271381.350000,101669660.870000
2021-12-02,206620.390000,204029.430000,189294.190000,202981.640000,103310193.380000,102014716.510000,94647092.740000,101490820.800000
2021-12-03,206238.160000,203150.260000,185548.510000,202894.880000,103119077.970000,101575131.990000,92774253.690000,101447442.450000
2021-12-06,206625.220000,203327.130000,184991.300000,202499.210000,103312610.290000,101663566.480000,92495652.150000,101249604.530000
2021-12-07,211896.610000,208787.500000,191177.170000,203631.370000,105948302.850000,104393751.470000,95588585.180000,101815683.630000
2021-12-08,212108.240000,209405.740000,194050.610000,204632.160000,106054117.910000,104702870.800000,97025303.640000,102316079.280000
2021-12-09,211316.080000,208553.590000,192820.320000,205954.670000,105658037.780000,104276794.500000,96410158.990000,102977334.770000
2021-12-10,209862.730000,207039.670000,191015.540000,205383.730000,104931362.580000,103519833.920000,95507768.900000,102691864.070000
2021-12-13,208073.590000,205225.870000,189000.720000,205340.160000,104036793.780000,102612932.820000,94500358.760000,102670080.790000
2021-12-14,206786.760000,203951.170000,188091.300000,204901.170000,103393379.380000,101975585.430000,94045652.040000,102450586.350000
2021-12-15,206562.810000,203796.980000,188180.740000,204324.430000,103281403.770000,101898490.210000,94090367.610000,102162213.430000
2021-12-16,208004.450000,205082.410000,188784.940000,205402.850000,104002223.060000,102541204.530000,94392472.180000,102701423.840000
2021-12-17,207718.070000,204981.220000,189558.180000,205249.390000,103859033.640000,102490611.660000,94779089.830000,102624696.640000
2021-12-20,205364.890000,202822.310000,188230.340000,204806.870000,102682444.120000,101411156.470000,94115167.960000,102403435.120000
2021-12-21,208249.300000,205700.220000,191346.870000,205126.210000,104124650.520000,102850108.290000,95673436.990000,102563105.640000
2021-12-22,209259.600000,206737.920000,192519.460000,205024.750000,104629798.200000,103368958.830000,96259729.330000,102512377.180000
2021-12-23,210599.960000,208005.690000,193328.300000,205238.580000,105299981.970000,104002846.350000,96664150.330000,102619290.050000
2021-12-24,210376.730000,207879.160000,193743.000000,205123.710000,105188363.410000,103939580.010000,96871501.890000,102561855.190000
2021-12-29,209618.400000,206657.340000,190192.730000,204446.210000,104809201.540000,103328668.230000,95096364.900000,102223105.930000
2021-12-30,210312.060000,207469.770000,191648.710000,204416.180000,105156032.410000,103734886.730000,95824353.430000,102208091.220000
2021-12-31,209507.080000,206722.590000,191158.140000,204370.780000,104753538.590000,103361294.590000,95579067.620000,102185388.800000
2022-01-04,211024.950000,208351.510000,193680.930000,203339.250000,105512475.940000,104175756.790000,96840464.300000,101669625.540000
2022-01-05,210160.230000,207011.380000,189777.960000,203201.560000,105080112.970000,103505690.010000,94888977.680000,101600779.790000
2022-01-06,208026.840000,204626.220000,186328.080000,201894.210000,104013421.280000,102313109.110000,93164039.780000,100947104.220000
2022-01-07,207389.990000,204000.790000,186035.750000,200976.390000,103694994.610000,102000397.440000,93017873.010000,100488192.890000
2022-01-10,206176.140000,202975.450000,186078.500000,200802.290000,103088071.580000,101487723.980000,93039249.290000,100401146.720000
2022-01-11,208594.390000,205398.230000,188511.170000,201585.020000,104297196.870000,102699117.140000,94255584.690000,100792510.430000
2022-01-12,209212.880000,205982.600000,188938.090000,201700.230000,104606440.030000,102991297.560000,94469045.060000,100850116.040000
2022-01-13,209077.930000,205931.480000,189212.680000,201932.210000,104538963.560000,102965741.760000,94606341.530000,100966102.840000
2022-01-14,209256.590000,206221.310000,190180.350000,202357.160000,104628295.300000,103110657.130000,95090177.270000,101178579.670000
2022-01-17,209867.020000,206427.010000,188393.000000,201661.010000,104933511.960000,103213505.390000,94196497.500000,100830506.820000
2022-01-18,208213.210000,204548.360000,185397.490000,201562.820000,104106605.770000,102274179.960000,92698744.480000,100781411.330000
2022-01-19,206906.830000,203242.670000,184119.160000,201393.590000,103453416.840000,101621333.090000,92059580.780000,100696793.480000
2022-01-20,207276.640000,203856.960000,185959.900000,201900.710000,103638320.630000,101928480.640000,92979950.110000,100950352.670000
2022-01-21,204088.650000,200345.590000,180579.710000,201482.690000,102044324.710000,100172792.920000,90289857.120000,100741346.050000
2022-01-24,199794.580000,196007.730000,175843.090000,200646.160000,99897290.180000,98003862.950000,87921542.660000,100323081.610000
2022-01-25,200978.760000,196727.640000,174446.110000,200654.940000,100489378.340000,98363820.060000,87223055.280000,100327467.700000
2022-01-26,202924.510000,198496.500000,175424.300000,200821.580000,101462253.300000,99248248.770000,87712149.210000,100410788.470000
2022-01-27,201281.290000,196471.680000,171827.090000,200532.600000,100640643.560000,98235842.230000,85913544.170000,100266301.640000
2022-01-28,200661.360000,196015.650000,172426.800000,199756.370000,100330679.880000,98007826.920000,86213398.420000,99878185.310000
2022-01-31,203234.480000,198792.010000,176042.360000,199373.980000,101617237.660000,99396007.230000,88021179.880000,99686987.980000
2022-02-01,205582.800000,201435.510000,180209.400000,200287.680000,102791398.700000,100717753.610000,90104698.870000,100143838.100000
2022-02-02,204833.390000,200537.500000,178395.620000,200662.480000,102416694.250000,100268750.850000,89197808.050000,100331242.250000
2022-02-03,202738.060000,198136.710000,174388.850000,199025.630000,101369027.540000,99068354.640000,87194426.430000,99512816.250000
2022-02-04,203264.260000,198863.710000,176305.450000,199118.150000,101632130.140000,99431856.110000,88152725.480000,99559074.650000
2022-02-07,205559.310000,201421.780000,180191.980000,199497.830000,102779653.440000,100710892.180000,90095988.670000,99748914.320000
2022-02-08,204970.290000,200696.380000,178741.920000,199970.080000,102485146.920000,100348192.020000,89370961.950000,99985039.310000
2022-02-09,208035.660000,203840.670000,182282.570000,200867.350000,104017832.180000,101920334.960000,91141284.550000,100433673.050000
2022-02-10,207668.260000,203247.100000,180667.580000,200982.470000,103834132.330000,101623548.560000,90333790.070000,100491237.460000
2022-02-11,205393.230000,200433.010000,175189.870000,199951.410000,102696613.360000,100216504.530000,87594936.060000,99975703.920000
2022-02-14,204148.240000,198981.830000,172534.680000,199498.700000,102074119.670000,99490912.740000,86267342.430000,99749352.240000
2022-02-15,205506.600000,200415.790000,174617.530000,200010.320000,102753298.240000,100207896.740000,87308762.720000,100005161.440000
2022-02-16,205772.760000,200735.920000,175253.570000,200149.480000,102886377.950000,100367957.960000,87626785.820000,100074742.350000
2022-02-17,202244.240000,197088.130000,170647.700000,200285.860000,101122121.440000,98544063.900000,85323849.760000,100142931.180000
2022-02-18,200231.560000,195065.130000,168593.280000,199764.770000,100115781.620000,97532564.190000,84296639.740000,99882385.090000
2022-02-21,199229.780000,193959.510000,167246.260000,199693.650000,99614887.660000,96979753.080000,83623130.260000,99846824.310000
2022-02-22,199801.210000,194173.530000,165573.940000,199744.230000,99900602.770000,97086766.550000,82786968.420000,99872112.860000
2022-02-23,199861.500000,194246.340000,165622.500000,200593.950000,99930747.830000,97123170.320000,82811249.450000,100296974.360000
2022-02-24,199281.730000,193497.470000,163927.610000,201311.000000,99640866.990000,96748737.280000,81963805.710000,100655502.340000
2022-02-25,202420.250000,196688.370000,167528.820000,202101.510000,101210123.940000,98344183.480000,83764409.210000,101050753.480000
2022-02-28,203288.030000,197801.220000,169798.770000,203101.530000,101644015.960000,98900609.660000,84899383.240000,101550766.890000
2022-03-01,203816.090000,198554.710000,171568.100000,205105.040000,101908043.860000,99277356.900000,85784052.310000,102552521.130000
2022-03-02,205744.480000,200270.290000,172625.490000,205795.090000,102872238.660000,100135144.700000,86312743.030000,102897543.460000
2022-03-03,203275.760000,197760.880000,169699.880000,205215.670000,101637881.210000,98880441.950000,84849941.050000,102607835.660000
2022-03-04,200746.450000,195049.660000,165804.710000,206737.420000,100373225.370000,97524827.860000,82902356.810000,103368710.620000
2022-03-07,203210.820000,197236.300000,166908.150000,209232.270000,101605408.880000,98618147.650000,83454077.250000,104616132.920000
2022-03-08,205865.050000,199961.400000,170093.070000,210026.990000,102932525.930000,99980698.540000,85046533.680000,105013493.960000
2022-03-09,207540.920000,202526.040000,177048.280000,208899.260000,103770457.950000,101263021.800000,88524140.320000,104449632.110000
2022-03-10,205107.180000,200133.820000,174824.360000,208706.450000,102553588.120000,100066909.370000,87412180.870000,104353226.340000
2022-03-11,205881.110000,200731.590000,174539.250000,210532.840000,102940555.840000,100365793.680000,87269626.380000,105266422.230000
2022-03-14,202630.470000,197416.240000,171085.030000,209180.420000,101315236.820000,98708119.770000,85542513.470000,104590208.540000
2022-03-15,202184.320000,196767.860000,169454.870000,207594.470000,101092160.580000,98383929.720000,84727436.070000,103797234.660000
2022-03-16,204687.480000,199508.730000,173331.970000,207050.380000,102343740.840000,99754366.500000,86665983.570000,103525188.360000
2022-03-17,207506.950000,202589.640000,177858.870000,208594.920000,103753474.800000,101294820.580000,88929437.150000,104297458.410000
2022-03-18,209216.840000,204662.560000,181561.570000,210006.040000,104608418.130000,102331277.870000,90780782.770000,105003020.270000
2022-03-21,210760.540000,205884.960000,181427.340000,210853.270000,105380268.240000,102942482.230000,90713670.160000,105426636.160000
2022-03-22,212094.520000,207406.790000,183983.130000,210563.680000,106047260.870000,103703392.990000,91991566.670000,105281838.440000
2022-03-23,212448.530000,207502.940000,182858.070000,211207.520000,106224266.680000,103751469.970000,91429036.680000,105603759.550000
2022-03-24,214030.100000,209100.040000,184534.390000,212680.490000,107015049.090000,104550022.410000,92267194.650000,106340244.810000
2022-03-25,215322.300000,209923.400000,183492.810000,212634.980000,107661149.140000,104961701.190000,91746404.310000,106317491.500000
2022-03-28,214121.880000,208853.700000,182806.690000,213250.260000,107060940.420000,104426850.610000,91403344.380000,106625130.630000
2022-03-29,215876.550000,210711.280000,185280.070000,213470.550000,107938275.840000,105355638.770000,92640034.610000,106735275.490000
2022-03-30,216620.180000,211251.290000,185006.080000,214526.740000,108310090.530000,105625642.810000,92503037.980000,107263370.030000
2022-03-31,214697.110000,209293.080000,182815.620000,213548.520000,107348556.390000,104646541.980000,91407811.990000,106774258.410000
2022-04-01,213740.150000,208740.250000,184305.570000,213226.940000,106870074.010000,104370127.180000,92152783.580000,106613469.090000
2022-04-04,216117.830000,211149.250000,186875.030000,213832.300000,108058915.220000,105574626.350000,93437516.540000,106916149.010000
2022-04-05,214293.910000,209452.670000,185901.570000,214295.620000,107146955.630000,104726332.710000,92950785.220000,107147809.760000
2022-04-06,211795.180000,207041.840000,183918.560000,214930.050000,105897591.690000,103520918.680000,91959279.970000,107465023.700000
2022-04-07,210660.010000,205960.830000,183079.260000,213823.840000,105330005.830000,102980413.930000,91539630.070000,106911918.070000
2022-04-08,211948.810000,207004.490000,183151.960000,214212.960000,105974403.600000,103502245.940000,91575979.060000,107106477.850000
2022-04-11,210085.530000,205058.630000,180892.420000,213528.370000,105042762.890000,102529315.840000,90446208.330000,106764186.570000
2022-04-12,210326.640000,205065.980000,179466.030000,213072.520000,105163321.180000,102532990.710000,89733014.340000,106536260.090000
2022-04-13,211809.660000,206680.410000,181697.320000,214197.470000,105904827.970000,103340203.290000,90848660.020000,107098733.470000
2022-04-14,210584.810000,205352.490000,179961.070000,212952.420000,105292404.710000,102676245.700000,89980536.970000,106476208.760000
2022-04-19,212338.640000,206764.020000,179833.170000,212913.550000,106169321.680000,103382007.650000,89916584.120000,106456775.820000
2022-04-20,212057.250000,206614.960000,180296.720000,213060.450000,106028627.080000,103307478.460000,90148358.750000,106530227.130000
2022-04-21,211765.230000,206123.690000,178815.930000,213251.990000,105882615.340000,103061845.540000,89407962.960000,106625996.890000
2022-04-22,209514.330000,203834.420000,176003.520000,212352.280000,104757166.260000,101917208.020000,88001757.990000,106176139.140000
2022-04-25,207417.600000,202103.180000,175933.870000,212685.260000,103708798.940000,101051590.540000,87966935.750000,106342631.250000
2022-04-26,206084.610000,200347.310000,171994.760000,212659.430000,103042305.620000,100173656.790000,85997381.480000,106329713.680000
2022-04-27,206107.650000,200038.350000,170177.660000,213733.490000,103053824.610000,100019172.830000,85088827.910000,106866745.460000
2022-04-28,209084.320000,202560.700000,170481.800000,214646.690000,104542161.510000,101280351.630000,85240899.700000,107323347.250000
2022-04-29,208927.800000,202341.700000,169891.750000,214597.340000,104463901.640000,101170849.870000,84945873.540000,107298672.120000
2022-05-03,209255.190000,202777.760000,170856.170000,213141.190000,104627593.610000,101388878.050000,85428082.980000,106570594.320000
2022-05-04,208615.650000,202103.220000,170273.320000,213416.530000,104307825.130000,101051608.470000,85136658.730000,106708264.740000
2022-05-05,209309.440000,202482.160000,168649.710000,215085.180000,104654721.770000,101241078.010000,84324855.640000,107542591.170000
2022-05-06,208999.630000,201777.500000,165981.150000,215478.860000,104499816.860000,100888749.960000,82990574.460000,107739429.710000
2022-05-09,201111.860000,193653.490000,156554.920000,212803.490000,100555931.300000,96826746.100000,78277460.280000,106401742.690000
2022-05-10,200622.170000,193081.720000,155566.850000,211616.330000,100311086.330000,96540859.950000,77783427.170000,105808165.910000
2022-05-11,201633.210000,193673.090000,153995.490000,211552.250000,100816607.370000,96836545.220000,76997744.440000,105776123.310000
2022-05-12,200759.320000,192735.400000,152835.140000,212304.060000,100379661.470000,96367702.310000,76417570.650000,106152032.080000
2022-05-13,205591.110000,197622.650000,158221.790000,212647.490000,102795553.000000,98811326.350000,79110896.300000,106323744.740000
2022-05-16,204744.150000,196802.180000,157532.980000,213218.830000,102372072.530000,98401088.500000,78766490.940000,106609414.470000
2022-05-17,205627.620000,198088.120000,160886.540000,211994.140000,102813810.510000,99044059.960000,80443270.370000,105997071.870000
2022-05-18,203888.450000,196399.250000,159164.460000,211277.820000,101944224.970000,98199626.340000,79582232.430000,105638910.820000
2022-05-19,203394.230000,196276.800000,160812.640000,211233.810000,101697115.490000,98138402.200000,80406317.640000,105616905.860000
2022-05-20,202656.570000,195674.900000,160935.580000,211686.290000,101328283.670000,97837447.670000,80467788.270000,105843146.400000
2022-05-23,203425.110000,196362.190000,161353.100000,211432.610000,101712556.240000,98181092.920000,80676549.120000,105716307.140000
2022-05-24,201571.120000,194266.510000,158136.160000,211491.510000,100785560.260000,97133253.930000,79068082.420000,105745756.770000
2022-05-25,202637.890000,195176.240000,158513.840000,211536.510000,101318946.620000,97588119.660000,79256917.580000,105768255.080000
2022-05-26,205123.020000,197477.620000,160002.310000,211148.010000,102561510.130000,98738812.160000,80001157.270000,105574005.010000
2022-05-27,208130.400000,200821.490000,164772.680000,211786.600000,104065200.790000,100410746.310000,82386339.810000,105893301.160000
2022-05-30,209555.740000,202377.500000,166779.020000,212426.260000,104777871.150000,101188752.210000,83389508.120000,106213132.470000
2022-05-31,208193.120000,201002.640000,165384.340000,212542.020000,104096561.440000,100501319.820000,82692171.190000,106271008.510000
2022-06-01,208129.380000,200617.940000,163513.520000,212850.020000,104064690.490000,100308970.420000,81756758.670000,106425010.430000
2022-06-06,210455.080000,202795.800000,165086.720000,214076.970000,105227542.140000,101397900.850000,82543359.960000,107038484.280000
2022-06-07,209903.360000,202283.320000,164926.170000,213630.680000,104951682.120000,101141660.380000,82463083.770000,106815340.580000
2022-06-08,210411.710000,202635.610000,164513.410000,213618.850000,105205855.540000,101317805.000000,82256706.760000,106809423.500000
2022-06-09,207924.820000,200194.030000,162174.390000,212724.830000,103962411.440000,100097015.270000,81087197.000000,106362413.220000
2022-06-10,204694.650000,197013.360000,158971.500000,211925.300000,102347327.010000,98506678.520000,79485747.880000,105962651.000000
2022-06-13,201577.650000,193526.570000,153930.730000,211184.010000,100788827.060000,96763283.800000,76965363.060000,105592003.980000
2022-06-14,202928.970000,194347.700000,152522.330000,212021.990000,101464484.000000,97173850.940000,76261165.460000,106010993.780000
2022-06-15,204505.130000,196036.150000,154796.760000,212475.040000,102252567.350000,98018074.210000,77398377.620000,106237519.930000
2022-06-16,197961.440000,190004.150000,151024.900000,210583.460000,98980717.850000,95002076.600000,75512448.220000,105291730.050000
2022-06-17,198174.470000,190283.060000,151515.440000,209806.460000,99087236.710000,95141531.820000,75757717.830000,104903231.080000
2022-06-20,200053.400000,192080.800000,153120.610000,210136.230000,100026698.910000,96040400.830000,76560304.370000,105068113.220000
2022-06-21,202396.170000,194421.230000,155508.910000,210789.850000,101198084.800000,97210613.560000,77754457.110000,105394925.970000
2022-06-22,200362.750000,192367.480000,153419.090000,210073.990000,100181377.330000,96183737.690000,76709545.780000,105036993.700000
2022-06-23,200416.120000,192872.830000,155901.400000,210173.330000,100208060.240000,96436414.250000,77950699.560000,105086664.320000
2022-06-24,203672.370000,195923.590000,158299.230000,210735.000000,101836186.200000,97961795.130000,79149617.260000,105367502.240000
2022-06-27,204128.680000,196526.490000,159404.610000,211054.650000,102064339.210000,98263247.310000,79702304.020000,105527324.140000
2022-06-28,204780.190000,196985.500000,159066.510000,212102.260000,102390094.100000,98492748.510000,79533256.550000,106051128.500000
2022-06-29,204160.600000,196203.660000,157805.910000,213226.240000,102080301.460000,98101830.760000,78902955.980000,106613117.690000
2022-06-30,202425.310000,194794.230000,157683.270000,213236.120000,101212657.190000,97397113.370000,78841634.560000,106618058.830000
2022-07-01,202654.470000,195344.420000,159849.080000,214631.910000,101327235.150000,97672210.850000,79924540.600000,107315955.580000
2022-07-04,203590.910000,196585.330000,162576.770000,214422.170000,101795453.410000,98292666.950000,81288382.950000,107211082.970000
2022-07-05,201846.060000,195257.500000,162874.930000,155637.170000,100923031.250000,97628748.700000,81437466.010000,77818585.820000
2022-07-06,202597.420000,195801.370000,162516.150000,155230.030000,101298708.830000,97900684.910000,81258072.580000,77615014.800000
2022-07-07,205883.870000,198966.480000,165271.300000,155141.910000,102941933.850000,99483240.470000,82635651.260000,77570954.750000
2022-07-08,206107.210000,199145.830000,165190.720000,154863.170000,103053604.310000,99572915.650000,82595360.160000,77431584.880000
2022-07-11,204839.640000,197522.110000,161975.130000,155636.900000,102419819.510000,98761054.780000,80987566.560000,77818449.020000
2022-07-12,204437.230000,197055.320000,161203.400000,155336.140000,102218613.840000,98527659.730000,80601698.040000,77668071.230000
2022-07-13,204277.010000,197278.930000,162974.670000,155410.780000,102138505.270000,98639465.150000,81487337.430000,77705388.680000
2022-07-14,202392.920000,195424.750000,160989.840000,155248.460000,101196460.480000,97712374.080000,80494920.250000,77624231.430000
2022-07-15,205683.350000,198555.960000,163534.240000,156098.740000,102841677.490000,99277981.120000,81767117.720000,78049369.630000
2022-07-18,206894.650000,199863.980000,165253.240000,155806.600000,103447325.150000,99931990.460000,82626620.170000,77903301.360000
2022-07-19,208893.900000,202369.810000,169991.930000,156165.810000,104446950.660000,101184905.110000,84995964.680000,78082905.940000
2022-07-20,211681.100000,205568.220000,174886.810000,157043.420000,105840550.960000,102784108.340000,87443405.850000,78521708.840000
2022-07-21,212884.000000,207011.920000,177355.200000,157710.040000,106442000.600000,103505958.470000,88677602.450000,78855018.680000
2022-07-22,211347.510000,205267.160000,174574.900000,157892.770000,105673752.560000,102633579.270000,87287449.580000,78946386.510000
2022-07-25,210293.100000,204030.930000,172684.200000,157301.640000,105146550.210000,102015467.140000,86342100.280000,78650818.210000
2022-07-26,209712.590000,203709.640000,173458.970000,157694.770000,104856293.300000,101854821.360000,86729487.160000,78847383.410000
2022-07-27,211687.740000,205595.450000,175006.150000,157733.230000,105843872.410000,102797724.150000,87503074.860000,78866615.840000
2022-07-28,212157.970000,206097.190000,175481.320000,158072.860000,106078985.860000,103048595.770000,87740661.530000,79036430.860000
2022-07-29,213433.680000,207307.920000,176615.490000,158378.550000,106716841.410000,103653962.160000,88307743.000000,79189272.800000
2022-08-01,213152.550000,206899.580000,175488.340000,157372.060000,106576276.870000,103449791.420000,87744170.460000,78686031.250000
2022-08-02,213754.150000,207556.580000,176326.520000,157554.990000,106877076.060000,103778289.610000,88163259.340000,78777496.250000
2022-08-03,216596.280000,210717.140000,180987.190000,158206.340000,108298139.450000,105358571.810000,90493593.960000,79103170.830000
2022-08-04,216274.550000,210595.080000,181398.310000,158767.330000,108137275.770000,105297537.590000,90699152.800000,79383662.980000
2022-08-05,216620.630000,210941.490000,181865.880000,158760.470000,108310313.880000,105470744.970000,90932940.180000,79380235.720000
2022-08-08,216073.710000,210704.280000,182915.200000,159457.130000,108036852.670000,105352141.740000,91457599.800000,79728567.160000
2022-08-09,214415.950000,209080.130000,181582.110000,159796.310000,107207977.480000,104540062.940000,90791054.910000,79898156.290000
2022-08-10,215054.070000,210064.310000,184173.290000,158708.130000,107527033.990000,105032156.890000,92086645.850000,79354064.940000
2022-08-11,216307.960000,211600.190000,186815.210000,158834.820000,108153979.610000,105800096.780000,93407605.010000,79417409.760000
2022-08-12,218434.540000,213742.240000,189084.510000,160008.680000,109217269.810000,106871118.040000,94542255.800000,80004340.540000
2022-08-15,219137.720000,214651.340000,190956.030000,161007.410000,109568861.980000,107325670.480000,95478013.540000,80503703.220000
2022-08-16,218137.820000,213256.410000,187866.630000,160546.680000,109068911.440000,106628206.480000,93933312.720000,80273342.330000
2022-08-17,215391.690000,210095.320000,182883.150000,159641.060000,107695843.510000,105047661.750000,91441576.120000,79820529.580000
2022-08-18,217105.040000,211382.440000,181977.350000,160556.920000,108552519.950000,105691222.270000,90988676.590000,80278457.780000
2022-08-19,216467.480000,210584.950000,180344.320000,161568.350000,108233740.810000,105292473.130000,90172160.970000,80784176.200000
2022-08-22,214467.900000,208531.450000,178102.210000,161409.710000,107233951.530000,104265724.940000,89051105.980000,80704854.120000
2022-08-23,215017.590000,209236.320000,179611.770000,161180.630000,107508793.540000,104618158.270000,89805887.330000,80590315.890000
2022-08-24,215277.550000,209777.150000,181529.880000,161266.090000,107638772.820000,104888573.560000,90764938.730000,80633046.910000
2022-08-25,216990.030000,211550.140000,183695.720000,161542.600000,108495013.420000,105775070.740000,91847859.470000,80771299.250000
2022-08-26,214143.120000,208467.480000,179357.030000,160973.150000,107071561.970000,104233740.410000,89678515.200000,80486573.280000
2022-08-30,213559.050000,208552.120000,182700.300000,161896.580000,106779523.610000,104276060.740000,91350151.370000,80948291.260000
2022-08-31,212977.080000,208341.730000,184054.980000,161801.850000,106488541.700000,104170866.310000,92027492.060000,80900924.270000
2022-09-01,209015.580000,204059.740000,178318.290000,161057.970000,104507788.870000,102029871.410000,89159144.550000,80528984.570000
2022-09-02,211997.960000,206598.810000,178579.410000,161772.310000,105998980.630000,103299404.010000,89289705.390000,80886152.680000
2022-09-05,211755.270000,206301.510000,178102.500000,162156.640000,105877636.250000,103150753.210000,89051249.520000,81078319.370000
2022-09-06,210838.870000,205444.880000,177485.150000,161336.940000,105419435.630000,102722440.840000,88742575.350000,80668467.660000
2022-09-07,210998.760000,205863.260000,179004.290000,162027.520000,105499378.060000,102931629.640000,89502143.250000,81013759.340000
2022-09-08,212356.990000,207213.110000,180342.710000,162315.210000,106178494.410000,103606553.290000,90171356.300000,81157607.350000
2022-09-09,213772.880000,208562.550000,181410.590000,162022.370000,106886439.360000,104281273.530000,90705294.580000,81011186.870000
2022-09-12,214329.910000,208990.720000,181471.530000,161406.640000,107164956.900000,104495357.890000,90735766.290000,80703318.160000
2022-09-13,211268.140000,205945.890000,178215.770000,161038.760000,105634070.510000,102972946.100000,89107884.160000,80519382.370000
2022-09-14,210678.220000,205351.450000,177723.170000,160806.810000,105339110.120000,102675727.370000,88861582.820000,80403404.160000
2022-09-15,210036.130000,204749.630000,177426.910000,160283.150000,105018064.150000,102374816.310000,88713456.260000,80141574.170000
2022-09-16,209498.970000,203989.910000,175534.800000,160845.050000,104749487.130000,101994953.960000,87767399.850000,80422523.440000
2022-09-20,209232.940000,203512.790000,174030.710000,160310.150000,104616470.800000,101756396.790000,87015354.370000,80155074.590000
2022-09-21,210337.660000,204368.930000,173451.120000,161027.350000,105168832.240000,102184466.230000,86725562.010000,80513676.820000
2022-09-22,207972.000000,201971.250000,171026.580000,160996.980000,103985999.180000,100985625.380000,85513292.350000,80498489.850000
2022-09-23,207080.440000,200675.660000,167603.810000,162066.180000,103540221.260000,100337828.970000,83801906.930000,81033090.950000
2022-09-26,210159.960000,203577.590000,169707.720000,164869.780000,105079979.300000,101788794.740000,84853859.440000,82434888.920000
2022-09-27,210129.630000,203713.920000,170562.780000,164578.520000,105064813.500000,101856959.430000,85281390.100000,82289260.450000
2022-09-28,211433.620000,205191.730000,172951.550000,165651.310000,105716807.710000,102595866.590000,86475776.760000,82825655.320000
2022-09-29,206846.080000,200637.220000,168935.340000,162649.390000,103423038.580000,100318608.860000,84467667.980000,81324694.910000
2022-09-30,205172.330000,198883.150000,166649.330000,160758.670000,102586167.270000,99441576.910000,83324663.380000,80379333.950000
2022-10-03,204924.650000,198546.690000,166053.560000,160300.290000,102462325.750000,99273344.690000,83026780.470000,80150146.830000
2022-10-04,208421.370000,202202.090000,170530.270000,160742.110000,104210683.750000,101101047.360000,85265135.700000,80371053.000000
2022-10-05,208114.270000,201658.780000,168766.120000,160673.120000,104057133.320000,100829387.540000,84383059.110000,80336560.330000
2022-10-06,209621.500000,203046.180000,169249.620000,161456.630000,104810749.480000,101523089.460000,84624808.310000,80728315.780000
2022-10-07,208010.120000,201338.560000,167430.150000,161984.530000,104005059.910000,100669278.490000,83715073.480000,80992266.900000
2022-10-10,205613.720000,199024.540000,165681.140000,161211.910000,102806859.580000,99512267.900000,82840571.390000,80605952.760000
2022-10-11,203209.810000,196568.440000,163121.880000,160418.980000,101604906.260000,98284220.420000,81560939.180000,80209492.350000
2022-10-12,202679.080000,196032.020000,162523.360000,160208.790000,101339541.820000,98016007.530000,81261678.340000,80104395.110000
2022-10-13,201872.820000,195277.700000,162360.650000,158078.100000,100936410.380000,97638851.490000,81180323.280000,79039051.120000
2022-10-14,200090.570000,193533.120000,160555.030000,157422.550000,100045284.900000,96766561.270000,80277513.060000,78711275.880000
2022-10-17,200680.320000,194316.800000,162611.950000,156979.750000,100340160.750000,97158399.380000,81305976.700000,78489874.830000
2022-10-18,200986.160000,194721.430000,163507.040000,157073.940000,100493081.090000,97360713.020000,81753521.990000,78536967.690000
2022-10-19,201581.930000,195004.820000,162204.260000,157291.080000,100790963.170000,97502411.750000,81102129.030000,78645537.900000
2022-10-20,203090.940000,196192.950000,161787.970000,157294.780000,101545469.420000,98096474.450000,80893986.300000,78647391.820000
2022-10-21,203874.240000,197005.610000,162907.200000,157652.380000,101937122.380000,98502806.530000,81453598.700000,78826191.300000
2022-10-24,203955.750000,196973.210000,162319.260000,157432.000000,101977877.280000,98486604.510000,81159628.480000,78715998.650000
2022-10-25,204094.850000,197444.810000,164289.250000,156798.360000,102047425.920000,98722403.620000,82144626.230000,78399181.390000
2022-10-26,203457.840000,196901.280000,164271.790000,156217.330000,101728921.220000,98450642.450000,82135893.000000,78108667.230000
2022-10-27,203388.800000,196864.050000,164507.640000,156414.650000,101694402.360000,98432025.700000,82253821.760000,78207327.110000
2022-10-28,203884.070000,197323.320000,165033.020000,156281.900000,101942035.720000,98661660.440000,82516510.390000,78140949.840000
2022-10-31,204309.830000,197468.310000,163823.780000,156736.830000,102154914.820000,98734154.760000,81911890.990000,78368412.730000
2022-11-01,206500.640000,199548.090000,165466.240000,157777.730000,103250321.070000,99774044.880000,82733120.180000,78888864.530000
2022-11-02,205800.320000,198778.300000,164361.140000,157933.480000,102900158.190000,99389147.910000,82180568.950000,78966737.740000
2022-11-03,205956.780000,198738.160000,163352.960000,159522.390000,102978388.080000,99369078.100000,81676479.190000,79761196.820000
2022-11-04,209408.200000,202061.740000,166216.010000,161034.520000,104704098.210000,101030869.210000,83108003.730000,80517258.580000
2022-11-07,207194.930000,200029.390000,164852.240000,159415.850000,103597462.940000,100014695.320000,82426119.060000,79707927.320000
2022-11-08,207910.750000,200696.510000,165030.070000,158937.840000,103955373.110000,100348254.930000,82515037.450000,79468919.210000
2022-11-09,206628.760000,199160.470000,162179.330000,159646.660000,103314379.630000,99580233.980000,81089664.630000,79823331.460000
2022-11-10,209601.040000,202367.840000,166649.690000,160243.010000,104800520.090000,101183919.650000,83324842.920000,80121504.880000
2022-11-11,210492.860000,203233.240000,167261.080000,158255.040000,105246431.160000,101616618.930000,83630539.010000,79127517.700000
2022-11-14,212474.300000,205475.100000,170480.820000,159646.550000,106237148.970000,102737550.000000,85240407.720000,79823276.240000
2022-11-15,212584.230000,205543.380000,170421.580000,158759.780000,106292115.880000,102771690.590000,85210787.760000,79379891.980000
2022-11-16,209170.940000,202081.350000,166692.370000,158309.480000,104585472.420000,101040672.770000,83346185.690000,79154738.620000
2022-11-17,208788.710000,201791.420000,166677.160000,158651.920000,104394355.900000,100895712.200000,83338579.740000,79325961.210000
2022-11-18,207870.550000,201153.240000,167379.420000,157920.980000,103935274.800000,100576619.900000,83689708.080000,78960489.090000
2022-11-21,207199.550000,200603.100000,167286.520000,158567.240000,103599775.860000,100301551.890000,83643262.390000,79283617.810000
2022-11-22,209061.060000,202402.150000,168991.390000,158854.110000,104530528.420000,101201074.680000,84495695.370000,79427053.340000
2022-11-23,208778.970000,202351.160000,169976.170000,157358.500000,104389486.170000,101175580.010000,84988085.200000,78679249.060000
2022-11-24,209098.030000,202677.050000,170302.260000,157692.780000,104549017.490000,101338525.330000,85151129.550000,78846388.930000
2022-11-25,207876.300000,201401.600000,168816.130000,157180.190000,103938150.070000,100700798.000000,84408067.140000,78590095.650000
2022-11-28,206359.690000,199614.580000,165796.820000,157152.820000,103179846.090000,99807287.840000,82898407.630000,78576408.090000
2022-11-29,206910.200000,199924.930000,165207.310000,157941.220000,103455101.150000,99962467.460000,82603656.630000,78970607.890000
2022-11-30,209168.410000,202320.060000,168362.590000,158612.430000,104584203.520000,101160028.330000,84181294.460000,79306214.870000
2022-12-01,208825.150000,202066.230000,168323.140000,157654.510000,104412575.360000,101033113.440000,84161571.040000,78827252.790000
2022-12-02,206225.490000,198959.620000,163007.180000,155983.070000,103112744.060000,99479807.720000,81503591.690000,77991537.220000
2022-12-05,205829.310000,198511.830000,162139.080000,156192.720000,102914654.000000,99255916.870000,81069537.980000,78096360.110000
2022-12-06,203466.790000,195878.040000,158413.540000,155416.010000,101733392.780000,97939021.460000,79206771.170000,77708004.460000
2022-12-07,202896.540000,195498.840000,158832.350000,156121.670000,101448268.430000,97749421.130000,79416175.220000,78060834.400000
2022-12-08,203241.950000,195804.080000,158854.410000,155869.280000,101620976.510000,97902037.900000,79427202.770000,77934638.850000
2022-12-09,203880.200000,196531.750000,159984.710000,155852.910000,101940102.000000,98265875.810000,79992355.240000,77926453.450000
2022-12-12,203261.990000,195881.000000,159415.460000,155350.210000,101630992.590000,97940497.930000,79707727.720000,77675106.780000
2022-12-13,205094.930000,197440.350000,159553.140000,155436.940000,102547465.720000,98720176.310000,79776568.810000,77718472.410000
2022-12-14,203951.870000,196265.810000,158256.150000,155026.760000,101975934.850000,98132903.730000,79128075.700000,77513377.960000
2022-12-15,201433.470000,194081.730000,157543.010000,155051.270000,100716732.800000,97040863.360000,78771506.710000,77525635.410000
2022-12-16,200951.390000,193579.880000,156886.960000,155083.470000,100475697.100000,96789938.630000,78443481.900000,77541732.780000
2022-12-19,200224.380000,192815.940000,155962.150000,154709.190000,100112190.860000,96407970.130000,77981074.540000,77354594.770000
2022-12-20,200300.740000,192635.810000,154650.190000,154918.070000,100150371.270000,96317905.570000,77325097.200000,77459034.310000
2022-12-21,203012.670000,195086.240000,155990.300000,155920.870000,101506337.080000,97543119.510000,77995149.110000,77960437.300000
2022-12-22,202690.540000,195459.160000,159591.510000,156807.630000,101345268.440000,97729581.180000,79795756.980000,78403814.120000
2022-12-23,202734.500000,195354.650000,158883.560000,156495.670000,101367251.770000,97677324.030000,79441779.200000,78247834.600000
2022-12-28,201593.000000,194156.130000,157500.980000,156267.790000,100796499.710000,97078065.850000,78750490.740000,78133894.840000
2022-12-29,203549.370000,196245.750000,160177.240000,156912.530000,101774685.140000,98122873.130000,80088619.100000,78456263.350000
2022-12-30,203794.600000,196923.790000,162721.420000,157289.800000,101897299.480000,98461896.930000,81360710.490000,78644897.870000
2023-01-03,205582.450000,198386.010000,162852.230000,158629.970000,102791226.420000,99193003.390000,81426116.140000,79314983.490000
2023-01-04,207095.520000,200053.620000,165130.480000,159373.350000,103547761.800000,100026809.950000,82565241.230000,79686672.870000
2023-01-05,208041.820000,201203.180000,167128.390000,160363.800000,104020910.050000,100601588.610000,83564195.210000,80181901.220000
2023-01-06,209778.640000,203077.400000,169717.730000,161316.180000,104889321.340000,101538700.500000,84858864.570000,80658089.740000
2023-01-09,210874.370000,204102.270000,170104.730000,160705.330000,105437184.340000,102051136.660000,85052366.400000,80352663.130000
2023-01-10,210770.940000,204560.210000,173094.600000,160822.610000,105385467.610000,102280106.520000,86547301.450000,80411303.290000
2023-01-11,213341.950000,207246.420000,176322.850000,161552.800000,106670974.190000,103623210.100000,88161424.170000,80776398.480000
2023-01-12,215248.830000,209090.740000,177724.290000,162100.990000,107624415.490000,104545369.320000,88862144.560000,81050495.900000
2023-01-13,216886.680000,210994.220000,180826.620000,162990.520000,108443338.780000,105497111.120000,90413307.640000,81495260.210000
2023-01-16,217021.590000,211204.090000,181309.260000,162940.730000,108510792.800000,105602042.890000,90654627.880000,81470366.550000
2023-01-17,216808.410000,210901.160000,180666.660000,162685.830000,108404203.550000,105450582.050000,90333330.510000,81342913.330000
2023-01-18,215211.520000,209094.680000,177890.050000,161851.880000,107605760.730000,104547342.410000,88945022.910000,80925941.110000
2023-01-19,212392.760000,206208.530000,174599.960000,161207.370000,106196379.770000,103104265.820000,87299980.400000,80603684.710000
2023-01-20,213161.670000,206772.610000,174261.550000,160772.940000,106580836.650000,103386304.070000,87130774.890000,80386468.060000
2023-01-23,216262.730000,209680.090000,176034.030000,160978.590000,108131366.130000,104840042.930000,88017013.250000,80489294.030000
2023-01-24,216706.410000,210171.280000,176462.950000,161614.970000,108353204.330000,105085642.360000,88231474.000000,80807484.300000
2023-01-25,216342.290000,209915.660000,176941.380000,161625.400000,108171146.970000,104957829.980000,88470689.770000,80812700.310000
2023-01-26,216823.810000,210315.010000,176875.030000,161309.660000,108411903.190000,105157502.890000,88437513.840000,80654830.110000
2023-01-27,217398.540000,211021.530000,178148.700000,161285.970000,108699272.060000,105510763.090000,89074348.720000,80642984.960000
2023-01-30,216311.360000,209893.620000,176853.720000,161037.270000,108155678.690000,104946811.860000,88426862.080000,80518634.930000
2023-01-31,217043.400000,210598.020000,177430.670000,161293.280000,108521699.920000,105299011.250000,88715334.670000,80646637.810000
2023-02-01,219202.720000,212920.410000,180316.210000,161705.090000,109601360.430000,106460204.070000,90158105.940000,80852545.810000
2023-02-02,222634.130000,216168.980000,182515.250000,162342.580000,111317064.320000,108084487.560000,91257624.790000,81171290.050000
2023-02-03,223657.160000,217063.190000,182808.740000,162792.350000,111828578.470000,108531594.920000,91404369.080000,81396175.940000
2023-02-06,222933.030000,216359.860000,182317.850000,163148.580000,111466517.430000,108179929.310000,91158922.520000,81574287.980000
2023-02-07,225090.320000,219063.630000,187709.470000,164504.520000,112545159.320000,109531815.830000,93854735.380000,82252262.040000
2023-02-08,225039.420000,219150.230000,188461.600000,164302.730000,112519711.870000,109575112.840000,94230802.300000,82151366.690000
2023-02-09,224282.290000,218058.000000,185897.920000,164048.610000,112141145.590000,109028997.780000,92948961.760000,82024306.630000
2023-02-10,222272.000000,216067.400000,184249.380000,163946.010000,111136002.300000,108033700.000000,92124689.820000,81973006.100000
2023-02-13,223110.860000,216680.150000,183937.930000,163579.260000,111555428.910000,108340076.080000,91968963.570000,81789630.610000
2023-02-14,224633.760000,217899.890000,184028.900000,162940.760000,112316880.300000,108949944.520000,92014451.090000,81470379.760000
2023-02-15,227303.530000,220296.180000,185264.890000,163706.710000,113651765.910000,110148088.230000,92632444.410000,81853356.320000
2023-02-16,227884.180000,220868.660000,185755.560000,164385.970000,113942087.960000,110434330.720000,92877781.030000,82192982.690000
2023-02-17,225772.360000,218993.510000,185023.740000,164495.430000,112886178.630000,109496753.700000,92511867.670000,82247716.670000
2023-02-20,225764.650000,219070.310000,185489.600000,164817.850000,112882323.230000,109535156.180000,92744801.240000,82408927.090000
2023-02-21,222606.030000,215923.190000,182444.300000,163463.920000,111303013.940000,107961595.370000,91222147.680000,81731959.410000
2023-02-22,220744.050000,213990.800000,180073.420000,162649.160000,110372022.710000,106995398.470000,90036711.240000,81324579.720000
2023-02-23,223859.530000,216829.030000,181847.870000,163134.000000,111929762.720000,108414513.420000,90923937.150000,81567001.110000
2023-02-24,224299.960000,217096.050000,181390.400000,163228.590000,112149977.610000,108548024.610000,90695199.240000,81614293.080000
2023-02-27,225176.650000,217710.420000,180934.740000,163411.790000,112588326.140000,108855208.770000,90467368.110000,81705894.260000
2023-02-28,223861.010000,216525.790000,180342.200000,162245.760000,111930506.320000,108262895.710000,90171102.160000,81122878.370000
2023-03-01,225277.740000,217819.590000,180952.130000,163418.780000,112638869.400000,108909792.880000,90476066.680000,81709389.090000
2023-03-02,226059.010000,218413.810000,180814.970000,163644.920000,113029504.270000,109206907.300000,90407485.840000,81822457.740000
2023-03-03,228062.720000,220461.420000,183095.420000,164103.190000,114031357.500000,110230709.790000,91547710.100000,82051597.250000
2023-03-06,228822.920000,220991.100000,182559.860000,164168.210000,114411460.830000,110495551.870000,91279931.630000,82084105.280000
2023-03-07,228365.580000,220661.320000,182840.530000,164612.500000,114182789.610000,110330660.180000,91420264.070000,82306249.500000
2023-03-08,230243.410000,222572.990000,184861.300000,165592.820000,115121702.720000,111286494.250000,92430648.160000,82796409.330000
2023-03-09,229098.280000,221374.670000,183280.090000,164716.130000,114549140.310000,110687333.260000,91640045.680000,82358065.260000
2023-03-10,224217.770000,216602.440000,178886.150000,162638.480000,112108886.210000,108301219.740000,89443074.920000,81319240.220000
2023-03-13,220702.900000,213097.420000,175400.400000,161477.290000,110351452.280000,106548711.410000,87700201.700000,80738646.840000
2023-03-14,222802.080000,214872.470000,175628.600000,161558.000000,111401040.060000,107436236.340000,87814300.130000,80778999.310000
2023-03-15,218711.030000,211070.880000,172668.120000,161397.640000,109355517.090000,105535441.380000,86334059.120000,80698820.770000
2023-03-16,220711.840000,212952.520000,174081.990000,161437.070000,110355917.930000,106476258.590000,87040997.080000,80718534.090000
2023-03-17,219732.440000,212004.530000,172920.140000,161159.470000,109866217.690000,106002263.030000,86460071.830000,80579733.750000
2023-03-20,218949.780000,210796.840000,169972.630000,160434.320000,109474892.500000,105398421.130000,84986317.390000,80217158.600000
2023-03-21,221635.990000,213418.120000,172528.010000,161014.680000,110817997.000000,106709059.300000,86264005.130000,80507338.800000
2023-03-22,221904.780000,213496.410000,171727.190000,161103.520000,110952390.460000,106748206.510000,85863596.340000,80551758.300000
2023-03-23,222033.020000,213628.620000,171651.080000,161423.370000,111016509.020000,106814311.440000,85825537.770000,80711687.480000
2023-03-24,219596.700000,211366.620000,170186.210000,161148.200000,109798350.890000,105683308.850000,85093102.620000,80574100.550000
2023-03-27,220142.820000,211997.880000,171439.250000,160924.320000,110071410.590000,105998939.070000,85719623.720000,80462161.350000
2023-03-28,218912.680000,210643.730000,169684.190000,160003.280000,109456337.540000,105321864.610000,84842095.060000,80001638.490000
2023-03-29,220982.220000,212237.010000,169118.690000,160756.860000,110491110.480000,106118503.230000,84559343.450000,80378429.430000
2023-03-30,222688.140000,214030.640000,171154.940000,161252.580000,111344071.470000,107015321.180000,85577470.450000,80626289.700000
2023-03-31,222998.030000,214461.450000,172183.820000,161577.150000,111499012.730000,107230726.620000,86091909.920000,80788574.200000
2023-04-03,225054.780000,216518.230000,174475.690000,162968.740000,112527389.790000,108259114.130000,87237847.110000,81484369.010000
2023-04-04,223022.960000,214486.190000,172341.750000,162163.730000,111511482.310000,107243095.340000,86170875.570000,81081866.640000
2023-04-05,220997.550000,212377.950000,170073.980000,162318.320000,110498775.300000,106188974.310000,85036991.640000,81159160.020000
2023-04-06,222819.120000,214154.870000,171756.260000,163305.060000,111409558.650000,107077436.030000,85878129.320000,81652527.790000
2023-04-11,224310.870000,215616.160000,173110.580000,163461.470000,112155436.050000,107808078.010000,86555290.990000,81730733.640000
2023-04-12,223916.550000,215299.480000,173276.890000,163978.790000,111958272.950000,107649738.490000,86638444.390000,81989393.920000
2023-04-13,224916.850000,216507.230000,175480.310000,164715.060000,112458426.650000,108253616.220000,87740156.000000,82357531.920000
2023-04-14,225431.570000,216771.510000,174738.430000,164141.510000,112715783.450000,108385754.900000,87369212.850000,82070757.430000
2023-04-17,225893.600000,217354.730000,175920.730000,164358.970000,112946799.840000,108677363.150000,87960364.160000,82179483.640000
2023-04-18,226517.890000,217726.430000,175240.670000,164752.940000,113258942.900000,108863213.690000,87620336.940000,82376468.760000
2023-04-19,224765.600000,216232.500000,174919.800000,163717.190000,112382799.540000,108116248.220000,87459902.030000,81858594.540000
2023-04-20,223939.530000,215077.940000,172156.680000,163601.980000,111969767.410000,107538967.710000,86078338.550000,81800990.650000
2023-04-21,223511.700000,214667.400000,171959.230000,163212.290000,111755849.790000,107333701.020000,85979612.620000,81606143.190000
2023-04-24,223321.400000,214814.220000,173671.350000,163441.310000,111660699.360000,107407111.040000,86835675.160000,81720655.730000
2023-04-25,221558.510000,213015.930000,171640.390000,163490.780000,110779253.000000,106507963.640000,85820194.350000,81745390.670000
2023-04-26,220618.320000,211749.710000,168898.870000,161994.030000,110309160.020000,105874853.410000,84449433.070000,80997015.270000
2023-04-27,219784.150000,211042.220000,168838.560000,161373.250000,109892076.650000,105521109.910000,84419279.550000,80686624.200000
2023-04-28,220407.520000,211563.180000,168905.560000,161342.500000,110203761.410000,105781587.580000,84452779.090000,80671247.550000
2023-05-02,220350.750000,211429.800000,168153.290000,162373.520000,110175374.520000,105714898.170000,84076646.090000,81186759.300000
2023-05-03,219371.210000,210599.010000,167993.440000,162316.700000,109685605.510000,105299506.020000,83996721.670000,81158351.280000
2023-05-04,217911.380000,209071.170000,166061.100000,161898.460000,108955690.030000,104535584.290000,83030550.080000,80949230.240000
2023-05-05,219259.600000,210551.530000,168346.920000,161224.100000,109629799.300000,105275765.990000,84173457.780000,80612049.770000
2023-05-09,222446.110000,213795.500000,172156.270000,162017.790000,111223055.470000,106897752.300000,86078135.050000,81008895.110000
2023-05-10,223979.220000,215275.240000,173440.510000,162069.720000,111989611.630000,107637621.890000,86720253.520000,81034857.570000
2023-05-11,222821.720000,213928.940000,171180.210000,162442.800000,111410860.820000,106964467.710000,85590103.530000,81221400.700000
2023-05-12,225588.450000,217887.900000,180264.170000,164696.830000,112794226.540000,108943948.920000,90132085.050000,82348413.380000
2023-05-15,226502.480000,218962.610000,182046.480000,164592.540000,113251239.880000,109481306.940000,91023239.030000,82296268.020000
2023-05-16,225285.290000,216879.540000,176112.000000,162954.160000,112642643.730000,108439770.910000,88056001.130000,81477079.380000
2023-05-17,227315.860000,218929.640000,178439.480000,162926.770000,113657929.560000,109464822.230000,89219742.260000,81463384.730000
2023-05-18,232444.850000,224268.730000,184792.600000,164238.230000,116222427.220000,112134364.630000,92396298.540000,82119113.290000
2023-05-19,233425.230000,225721.160000,188350.510000,165314.400000,116712617.110000,112860577.600000,94175257.060000,82657199.410000
2023-05-22,234277.020000,226745.190000,190099.280000,165579.720000,117138509.710000,113372593.360000,95049641.010000,82789858.470000
2023-05-23,234790.100000,227280.080000,190820.130000,165579.610000,117395049.030000,113640039.310000,95410066.250000,82789807.230000
2023-05-24,231671.080000,224002.180000,186717.400000,164578.920000,115835542.410000,112001092.430000,93358700.810000,82289461.690000
2023-05-25,234253.420000,225938.630000,185346.520000,163834.770000,117126711.020000,112969316.970000,92673258.480000,81917384.000000
2023-05-26,238000.300000,229512.130000,188075.170000,164577.140000,119000152.140000,114756063.550000,94037585.210000,82288571.510000
2023-05-30,239086.360000,230709.060000,189467.030000,164146.750000,119543180.960000,115354532.140000,94733516.930000,82073376.080000
2023-05-31,236751.320000,228721.740000,189238.130000,164497.010000,118375659.610000,114360868.110000,94619064.080000,82248505.990000
2023-06-01,237334.510000,229694.740000,192083.590000,164074.530000,118667253.270000,114847372.060000,96041794.920000,82037265.000000
2023-06-02,238773.380000,231085.240000,193355.040000,164745.980000,119386692.190000,115542619.160000,96677517.650000,82372988.300000
2023-06-05,239878.830000,232209.730000,194777.220000,165269.830000,119939414.240000,116104866.170000,97388609.350000,82634916.050000
2023-06-06,240793.920000,233350.130000,196965.220000,165769.350000,120396959.910000,116675066.960000,98482610.670000,82884674.530000
2023-06-07,239948.100000,232380.030000,195424.910000,164998.390000,119974049.120000,116190014.220000,97712454.880000,82499194.100000
2023-06-08,239111.290000,231472.610000,194324.360000,164525.040000,119555647.270000,115736305.780000,97162182.420000,82262519.110000
2023-06-09,238210.210000,230555.160000,193226.820000,163920.130000,119105105.380000,115277579.200000,96613410.360000,81960064.490000
2023-06-12,239821.710000,232096.660000,194264.080000,164311.930000,119910853.890000,116048330.160000,97132040.160000,82155965.170000
2023-06-13,241462.490000,233795.640000,196329.420000,164071.200000,120731247.330000,116897817.540000,98164711.820000,82035599.630000
2023-06-14,240581.070000,232835.230000,194904.570000,163340.400000,120290534.770000,116417617.250000,97452286.240000,81670202.490000
2023-06-15,240935.100000,233119.810000,195136.620000,163356.110000,120467548.490000,116559903.220000,97568310.780000,81678057.410000
2023-06-16,240028.970000,232213.220000,194253.430000,163379.790000,120014485.340000,116106608.210000,97126714.970000,81689893.260000
2023-06-19,239455.220000,231631.060000,193715.760000,162690.000000,119727612.190000,115815528.400000,96857880.670000,81344997.560000
2023-06-20,239011.350000,231364.640000,194235.230000,162963.960000,119505677.460000,115682319.460000,97117613.320000,81481979.020000
2023-06-21,237803.510000,230276.400000,193720.400000,163183.590000,118901752.870000,115138199.560000,96860199.850000,81591795.720000
2023-06-22,235758.850000,228207.500000,191428.090000,162199.790000,117879425.210000,114103751.650000,95714044.760000,81099895.510000
2023-06-23,234943.470000,227428.470000,190758.620000,162206.110000,117471733.620000,113714237.400000,95379307.500000,81103056.230000
2023-06-26,234808.900000,226808.470000,187802.650000,161541.180000,117404448.080000,113404232.640000,93901324.030000,80770591.870000
2023-06-27,234574.180000,226327.420000,186313.530000,160465.560000,117287091.560000,113163709.310000,93156766.680000,80232777.500000
2023-06-28,237092.930000,228761.780000,188226.800000,161515.790000,118546463.470000,114380887.990000,94113399.390000,80757896.090000
2023-06-29,236767.440000,228286.430000,187087.350000,161613.960000,118383717.970000,114143214.850000,93543677.050000,80806979.500000
2023-06-30,237853.210000,229434.900000,188705.780000,161701.700000,118926604.150000,114717452.470000,94352892.500000,80850850.790000
2023-07-03,238866.300000,230629.290000,190357.090000,161337.430000,119433147.540000,115314644.700000,95178546.890000,80668717.270000
2023-07-04,238739.240000,230553.310000,190584.780000,161334.060000,119369620.470000,115276653.970000,95292388.280000,80667032.500000
2023-07-05,237457.210000,229262.480000,189363.870000,160797.630000,118728607.440000,114631238.430000,94681934.610000,80398815.910000
2023-07-06,233517.920000,225553.480000,186688.040000,158650.380000,116758961.370000,112776740.120000,93344021.250000,79325192.440000
2023-07-07,234048.630000,226126.460000,187459.610000,158060.750000,117024313.030000,113063229.430000,93729802.580000,79030376.310000
2023-07-10,234866.910000,226979.450000,188543.870000,158078.380000,117433454.590000,113489725.130000,94271933.600000,79039191.390000
2023-07-11,234559.840000,226889.620000,189500.150000,158157.030000,117279917.780000,113444809.850000,94750076.050000,79078516.360000
2023-07-12,236569.300000,228777.580000,190796.740000,158813.140000,118284647.660000,114388788.660000,95398368.020000,79406568.220000
2023-07-13,237213.510000,229800.920000,193547.310000,159300.690000,118606753.210000,114900459.430000,96773652.860000,79650343.630000
2023-07-14,236749.700000,229291.850000,192517.560000,158954.590000,118374851.800000,114645924.550000,96258781.790000,79477293.490000
2023-07-17,238117.560000,231053.340000,196239.290000,159174.000000,119058779.080000,115526670.940000,98119647.270000,79586999.960000
2023-07-18,240039.040000,233000.360000,198367.050000,160187.580000,120019522.180000,116500180.700000,99183523.620000,80093788.930000
2023-07-19,243171.160000,235744.490000,199227.970000,161905.690000,121585578.720000,117872243.600000,99613986.050000,80952844.220000
2023-07-20,242187.140000,234712.560000,198257.840000,162452.470000,121093567.880000,117356279.600000,99128919.050000,81226236.630000
2023-07-21,242670.080000,235435.400000,200144.510000,163048.880000,121335039.270000,117717699.570000,100072254.390000,81524439.700000
2023-07-24,243329.690000,236011.620000,200439.320000,163370.860000,121664842.600000,118005808.750000,100219659.020000,81685428.420000
2023-07-25,243328.720000,235875.890000,199558.800000,162993.680000,121664359.130000,117937946.440000,99779399.150000,81496839.720000
2023-07-26,243786.490000,236199.970000,199770.410000,163185.650000,121893246.880000,118099985.980000,99885204.300000,81592824.280000
2023-07-27,245280.460000,237470.530000,199768.770000,163144.350000,122640228.290000,118735265.020000,99884386.980000,81572174.670000
2023-07-28,248257.540000,240414.480000,202892.790000,164366.400000,124128769.350000,120207239.460000,101446393.390000,82183198.700000
2023-07-31,249413.310000,241631.440000,204600.340000,165043.450000,124706653.240000,120815720.810000,102300172.260000,82521723.670000
2023-08-01,249730.440000,241712.600000,203629.280000,164869.380000,124865219.310000,120856301.900000,101814637.620000,82434687.870000
2023-08-02,246238.940000,238309.580000,200603.320000,163577.270000,123119469.900000,119154790.510000,100301659.500000,81788636.280000
2023-08-03,246482.030000,238344.460000,199892.990000,163073.700000,123241014.320000,119172228.500000,99946496.190000,81536849.800000
2023-08-04,247377.510000,239143.670000,200334.690000,163331.460000,123688754.010000,119571836.960000,100167345.530000,81665728.430000
2023-08-07,246103.980000,237265.610000,195846.310000,162933.460000,123051990.240000,118632805.700000,97923152.940000,81466728.530000
2023-08-08,244472.300000,235738.180000,194804.820000,163073.120000,122236149.740000,117869091.480000,97402408.520000,81536559.770000
2023-08-09,243604.520000,234845.000000,193759.380000,163070.790000,121802257.980000,117422500.250000,96879690.420000,81535393.390000
2023-08-10,244196.500000,235272.090000,193431.470000,163048.390000,122098247.910000,117636044.050000,96715733.940000,81524194.010000
2023-08-11,243005.540000,234490.700000,194701.340000,162941.400000,121502770.450000,117245347.840000,97350667.960000,81470698.700000
2023-08-14,243219.910000,234460.030000,193525.800000,162572.040000,121609953.770000,117230015.260000,96762900.300000,81286017.910000
2023-08-15,240748.420000,231943.280000,190580.400000,161010.710000,120374208.870000,115971641.740000,95290202.400000,80505355.670000
2023-08-16,239599.890000,230808.030000,189561.740000,160369.960000,119799944.020000,115404012.850000,94780868.280000,80184982.360000
2023-08-17,236902.570000,228152.900000,187065.560000,159273.340000,118451285.280000,114076448.450000,93532779.890000,79636672.000000
2023-08-18,236538.280000,227956.550000,187576.480000,159062.000000,118269141.900000,113978272.510000,93788239.720000,79530998.800000
2023-08-21,237554.800000,228850.160000,187870.250000,158678.250000,118777397.590000,114425080.220000,93935123.720000,79339123.680000
2023-08-22,238690.730000,230074.760000,189326.710000,159202.330000,119345364.630000,115037378.680000,94663357.060000,79601166.660000
2023-08-23,241023.550000,232453.870000,191876.660000,160835.740000,120511773.480000,116226934.070000,95938327.940000,80417872.490000
2023-08-24,240475.070000,232020.990000,191829.390000,161456.110000,120237533.580000,116010497.420000,95914696.240000,80728056.220000
2023-08-25,240879.060000,232365.600000,192117.760000,161619.170000,120439531.580000,116182801.350000,96058879.610000,80809582.700000
2023-08-29,244933.790000,235889.610000,193244.470000,162717.090000,122466895.360000,117944806.850000,96622234.360000,81358547.010000
2023-08-30,245703.120000,236728.400000,194568.380000,162388.770000,122851560.790000,118364197.570000,97284189.320000,81194386.570000
2023-08-31,245450.960000,236472.410000,194004.620000,162519.990000,122725477.690000,118236204.330000,97002311.610000,81259994.430000
2023-09-01,246544.760000,237541.050000,195072.600000,162973.110000,123272381.980000,118770525.720000,97536301.050000,81486556.600000
2023-09-04,246961.510000,238047.830000,195990.630000,162964.210000,123480756.140000,119023914.320000,97995314.770000,81482105.000000
2023-09-05,247263.750000,237953.780000,194185.350000,162775.230000,123631877.280000,118976891.510000,97092673.490000,81387617.040000
2023-09-06,246721.150000,237357.710000,193341.750000,162535.310000,123360576.080000,118678856.770000,96670874.360000,81267656.600000
2023-09-07,246346.390000,236949.010000,193136.200000,162578.420000,123173193.980000,118474505.180000,96568100.300000,81289210.590000
2023-09-08,246737.710000,237182.370000,192608.050000,162955.250000,123368856.330000,118591186.880000,96304023.620000,81477626.900000
2023-09-11,246226.990000,236505.460000,191294.860000,161901.980000,123113493.130000,118252732.450000,95647431.830000,80950988.640000
2023-09-12,247136.770000,237327.540000,191773.360000,162477.570000,123568386.820000,118663771.170000,95886679.040000,81238784.670000
2023-09-13,247465.000000,237518.780000,191335.260000,162288.740000,123732498.820000,118759392.010000,95667627.590000,81144371.860000
2023-09-14,250224.390000,240169.600000,193575.440000,163634.910000,125112192.810000,120084797.670000,96787721.880000,81817453.050000
2023-09-15,249756.680000,239850.710000,194043.480000,164604.680000,124878338.060000,119925356.940000,97021738.000000,82302339.920000
2023-09-18,249188.760000,239160.220000,192791.620000,164571.530000,124594377.610000,119580110.300000,96395811.240000,82285765.840000
2023-09-19,248986.470000,238835.220000,191913.730000,164449.930000,124493232.590000,119417609.590000,95956863.160000,82224962.780000
2023-09-20,248795.400000,238602.860000,191460.630000,164926.030000,124397701.220000,119301431.930000,95730316.820000,82463016.560000
2023-09-21,246940.320000,236933.370000,190644.900000,164254.360000,123470158.360000,118466685.820000,95322448.240000,82127178.530000
2023-09-22,248296.320000,238139.740000,191140.590000,165007.860000,124148160.400000,119069872.150000,95570293.230000,82503928.040000
2023-09-25,247948.550000,237621.690000,189994.670000,165065.830000,123974276.210000,118810847.180000,94997334.710000,82532914.510000
2023-09-26,247163.750000,236735.130000,188679.410000,164730.980000,123581874.500000,118367564.810000,94339703.020000,82365488.180000
2023-09-27,248040.090000,237365.350000,188414.650000,164399.060000,124020044.360000,118682673.530000,94207324.340000,82199532.190000
2023-09-28,248597.690000,237703.650000,187926.900000,163072.540000,124298843.620000,118851827.270000,93963452.210000,81536268.600000
2023-09-29,248959.970000,238239.240000,189030.680000,163691.200000,124479987.340000,119119620.250000,94515341.540000,81845601.020000
2023-10-02,247613.590000,236715.330000,186625.080000,162588.950000,123806796.480000,118357665.130000,93312538.950000,81294476.780000
2023-10-03,246068.090000,235076.400000,184513.600000,161929.120000,123034046.670000,117538199.970000,92256799.420000,80964561.920000
2023-10-04,244715.140000,233582.160000,182507.590000,160918.960000,122357570.170000,116791079.110000,91253796.620000,80459478.320000
2023-10-05,244045.100000,233063.030000,182646.720000,160963.600000,122022548.130000,116531516.690000,91323357.730000,80481800.900000
2023-10-06,245508.140000,234385.850000,183419.970000,160912.290000,122754072.080000,117192922.860000,91709985.250000,80456146.920000
2023-10-09,246399.200000,234766.870000,181627.110000,161390.800000,123199598.140000,117383437.440000,90813556.920000,80695399.850000
2023-10-10,249134.710000,237504.800000,184328.850000,162342.200000,124567356.060000,118752401.950000,92164424.570000,81171097.730000
2023-10-11,248302.080000,236567.930000,182917.890000,162015.140000,124151040.830000,118283963.060000,91458942.590000,81007567.670000
2023-10-12,249854.380000,237624.370000,181652.510000,162759.410000,124927188.430000,118812183.900000,90826254.670000,81379703.490000
2023-10-13,250352.370000,237951.770000,181196.350000,163682.120000,125176185.680000,118975887.270000,90598175.140000,81841058.930000
2023-10-16,250462.220000,237981.060000,180947.830000,163088.820000,125231107.870000,118990528.310000,90473916.520000,81544410.740000
2023-10-17,250402.360000,237760.020000,180220.460000,162904.110000,125201178.020000,118880012.270000,90110230.330000,81452052.770000
2023-10-18,249339.310000,236890.800000,179819.170000,162404.300000,124669657.360000,118445399.120000,89909586.810000,81202150.390000
2023-10-19,248718.130000,236085.730000,178126.210000,161885.570000,124359065.270000,118042866.510000,89063105.220000,80942783.880000
2023-10-20,245929.390000,233566.420000,176646.900000,161499.850000,122964696.490000,116783209.810000,88323452.160000,80749926.760000
2023-10-23,244720.710000,232364.400000,175490.810000,160034.510000,122360353.380000,116182199.250000,87745403.860000,80017252.870000
2023-10-24,244743.980000,232518.780000,176249.800000,160325.220000,122371987.790000,116259390.860000,88124900.670000,80162608.590000
2023-10-25,244163.210000,231755.520000,174766.140000,160780.330000,122081604.810000,115877762.280000,87383071.470000,80390166.330000
2023-10-26,242544.410000,230232.180000,173640.540000,160408.960000,121272205.150000,115116087.580000,86820267.880000,80204480.830000
2023-10-27,241754.830000,229194.920000,171395.740000,159761.140000,120877414.070000,114597459.150000,85697871.220000,79880568.820000
2023-10-30,241016.910000,228542.220000,171177.360000,160040.720000,120508454.840000,114271107.750000,85588680.410000,80020359.410000
2023-10-31,242161.240000,229591.800000,171908.130000,160312.190000,121080617.520000,114795898.290000,85954065.900000,80156096.950000
2023-11-01,245283.240000,233685.340000,179865.950000,161725.230000,122641620.890000,116842670.990000,89932973.000000,80862617.290000
2023-11-02,250654.180000,239008.210000,185140.510000,163470.800000,125327090.870000,119504104.890000,92570253.160000,81735398.110000
2023-11-03,250641.900000,239514.230000,187762.780000,163570.820000,125320948.650000,119757115.160000,93881390.470000,81785407.710000
2023-11-06,249930.510000,238969.820000,187841.100000,162835.090000,124965252.720000,119484912.350000,93920551.570000,81417545.940000
2023-11-07,250972.370000,240048.100000,188890.950000,163608.230000,125486182.970000,120024049.580000,94445475.610000,81804114.810000
2023-11-08,250319.110000,239127.840000,186903.990000,163369.780000,125159554.630000,119563917.790000,93451994.210000,81684888.680000
2023-11-09,251501.390000,239963.320000,186295.980000,163732.750000,125750697.490000,119981660.270000,93147990.020000,81866373.990000
2023-11-10,252762.270000,240974.400000,186319.280000,163378.270000,126381134.230000,120487200.440000,93159639.030000,81689133.170000
2023-11-13,253768.150000,241887.260000,186993.850000,163631.900000,126884074.810000,120943629.210000,93496924.090000,81815949.230000
2023-11-14,254132.350000,242737.870000,189773.910000,163324.800000,127066177.000000,121368932.950000,94886956.200000,81662399.930000
2023-11-15,255223.370000,244119.880000,192127.260000,163968.660000,127611683.290000,122059938.600000,96063628.770000,81984331.280000
2023-11-16,254717.020000,243715.370000,192120.290000,164410.410000,127358510.510000,121857685.970000,96060146.990000,82205206.860000
2023-11-17,256420.710000,245316.340000,193363.790000,164572.010000,128210356.560000,122658172.330000,96681893.740000,82286003.240000
2023-11-20,257645.000000,246736.590000,195738.270000,164335.760000,128822499.840000,123368292.920000,97869135.550000,82167882.150000
2023-11-21,255629.790000,244756.470000,193767.010000,164623.560000,127814894.620000,122378235.510000,96883503.110000,82311780.920000
2023-11-22,254937.370000,243895.130000,191907.500000,164405.280000,127468682.730000,121947564.940000,95953748.110000,82202640.190000
2023-11-23,254597.740000,243409.800000,191046.580000,163741.870000,127298868.950000,121704901.560000,95523287.910000,81870932.850000
2023-11-24,253872.380000,242841.400000,191196.980000,163148.010000,126936189.180000,121420702.210000,95598491.610000,81574003.460000
2023-11-27,253301.390000,242383.720000,191021.010000,162901.640000,126650696.880000,121191861.680000,95510506.680000,81450818.920000
2023-11-28,254245.230000,243292.480000,191957.070000,163174.220000,127122616.160000,121646239.740000,95978533.170000,81587111.030000
2023-11-29,254700.640000,243897.520000,193101.280000,163999.220000,127350321.090000,121948760.860000,96550641.590000,81999611.190000
2023-11-30,254646.000000,243799.180000,192993.520000,163819.350000,127322998.650000,121899588.900000,96496762.020000,81909676.670000
2023-12-01,256496.320000,245690.280000,195066.980000,164553.680000,128248161.480000,122845141.550000,97533488.170000,82276839.940000
2023-12-04,254140.430000,243693.870000,194580.850000,164143.080000,127070213.090000,121846933.210000,97290423.770000,82071538.460000
2023-12-05,253847.830000,243218.530000,193315.060000,164258.710000,126923915.870000,121609266.500000,96657531.320000,82129357.390000
2023-12-06,254303.200000,243878.000000,194539.600000,165149.740000,127151599.230000,121939000.740000,97269797.510000,82574870.630000
2023-12-07,255082.080000,244969.620000,196875.110000,165483.060000,127541041.710000,122484809.600000,98437554.580000,82741531.110000
2023-12-08,256646.330000,246329.050000,197424.670000,165491.640000,128323165.710000,123164524.450000,98712337.300000,82745821.070000
2023-12-11,257659.970000,247228.800000,197816.910000,165513.580000,128829984.650000,123614400.560000,98908456.060000,82756788.020000
2023-12-12,258234.020000,247671.650000,197666.720000,166119.940000,129117008.910000,123835825.970000,98833360.860000,83059968.230000
2023-12-13,259282.080000,248889.590000,199653.240000,166980.820000,129641041.760000,124444796.050000,99826619.850000,83490409.390000
2023-12-14,261107.840000,251013.050000,202866.460000,167937.590000,130553922.490000,125506526.370000,101433227.560000,83968795.300000
2023-12-15,261343.870000,251415.750000,203494.400000,168333.510000,130671934.210000,125707873.960000,101747200.200000,84166752.630000
2023-12-18,262773.670000,253308.700000,207675.720000,169702.090000,131386832.710000,126654352.070000,103837860.540000,84851045.130000
2023-12-19,263336.240000,253960.960000,208794.320000,169842.550000,131668119.500000,126980482.450000,104397159.640000,84921274.680000
2023-12-20,263851.450000,254337.730000,208425.800000,170311.170000,131925723.620000,127168866.520000,104212901.720000,85155585.450000
2023-12-21,264167.880000,254589.000000,208413.750000,170540.960000,132083942.310000,127294501.900000,104206872.710000,85270479.660000
2023-12-22,264082.180000,254337.500000,207420.070000,170356.370000,132041090.750000,127168750.680000,103710034.190000,85178187.160000
2023-12-27,264822.040000,255270.510000,209111.660000,170657.380000,132411018.570000,127635253.190000,104555827.800000,85328691.670000
2023-12-28,265050.130000,255602.080000,209784.050000,170950.960000,132525063.150000,127801039.600000,104892023.330000,85475480.670000
2023-12-29,264377.120000,254691.910000,207908.030000,170698.340000,132188561.620000,127345952.590000,103954016.020000,85349169.830000
2024-01-02,263720.610000,254603.050000,210447.240000,171475.850000,131860303.160000,127301525.830000,105223621.000000,85737923.150000
2024-01-03,261392.230000,252223.950000,208243.130000,170379.630000,130696115.390000,126111976.590000,104121567.100000,85189814.440000
2024-01-04,260992.000000,251584.880000,206571.330000,169847.810000,130496001.180000,125792440.240000,103285664.780000,84923905.380000
2024-01-05,260020.100000,250319.370000,204060.150000,169185.560000,130010052.270000,125159685.630000,102030076.260000,84592781.410000
2024-01-08,260825.480000,251203.440000,205239.510000,169067.590000,130412738.910000,125601719.900000,102619755.530000,84533792.900000
2024-01-09,260928.430000,250976.310000,203586.540000,169027.320000,130464213.490000,125488157.360000,101793271.910000,84513660.770000
2024-01-10,260941.850000,250986.600000,203668.170000,169254.570000,130470925.340000,125493300.440000,101834087.360000,84627282.550000
2024-01-11,258606.220000,248478.370000,200320.120000,168319.760000,129303112.190000,124239182.590000,100160061.690000,84159879.670000
2024-01-12,260047.220000,249765.450000,200837.440000,169216.700000,130023608.940000,124882724.460000,100418717.870000,84608352.200000
2024-01-15,259809.720000,249637.250000,201073.520000,169455.270000,129904858.420000,124818623.740000,100536761.610000,84727634.700000
2024-01-16,260625.810000,250504.840000,201899.830000,169645.900000,130312906.360000,125252418.300000,100949914.350000,84822947.520000
2024-01-17,258305.480000,248287.880000,200218.830000,168350.160000,129152741.950000,124143937.820000,100109415.210000,84175080.410000
2024-01-18,259144.890000,248010.640000,194919.050000,167508.680000,129572443.150000,124005319.170000,97459522.770000,83754338.210000
2024-01-19,260572.770000,249353.340000,195828.950000,167853.310000,130286382.570000,124676670.090000,97914474.900000,83926656.010000
2024-01-22,262939.480000,251642.220000,197836.620000,168361.800000,131469738.110000,125821108.630000,98918307.980000,84180900.760000
2024-01-23,262877.810000,251509.720000,197289.120000,168539.390000,131438905.390000,125754859.750000,98644557.500000,84269693.200000
2024-01-24,263649.180000,252136.910000,197237.840000,168565.000000,131824591.180000,126068454.590000,98618919.760000,84282498.670000
2024-01-25,264417.400000,252693.020000,196801.850000,169227.960000,132208697.710000,126346510.660000,98400927.310000,84613979.800000
2024-01-26,263662.680000,251834.000000,195817.520000,169401.970000,131831342.040000,125917000.250000,97908759.610000,84700984.110000
2024-01-29,264853.230000,253140.220000,197666.100000,170078.890000,132426615.950000,126570111.790000,98833052.290000,85039443.550000
2024-01-30,265337.420000,253353.480000,196708.420000,170459.620000,132668709.200000,126676742.070000,98354209.630000,85229808.580000
2024-01-31,262611.290000,250834.380000,195045.020000,170013.130000,131305643.130000,125417189.840000,97522509.370000,85006565.180000
2024-02-01,263836.240000,252056.440000,196214.750000,170965.560000,131918119.790000,126028222.050000,98107375.040000,85482778.210000
2024-02-02,264956.270000,253149.960000,197103.960000,170726.410000,132478134.350000,126574977.580000,98551979.290000,85363205.170000
2024-02-05,266034.660000,254017.890000,197001.220000,171078.680000,133017328.160000,127008946.220000,98500607.860000,85539341.150000
2024-02-06,271740.310000,259426.190000,201858.560000,172589.290000,135870156.830000,129713096.340000,100929280.150000,86294644.750000
2024-02-07,272949.250000,260512.180000,202581.770000,172509.540000,136474624.160000,130256088.170000,101290886.340000,86254768.440000
2024-02-08,274127.800000,261574.690000,202801.500000,172253.030000,137063897.690000,130787345.110000,101400749.140000,86126514.040000
2024-02-09,275039.510000,262895.630000,205767.990000,173113.120000,137519752.600000,131447816.690000,102883993.610000,86556559.000000
2024-02-12,275941.550000,263742.720000,206139.290000,172640.190000,137970775.620000,131871359.680000,103069646.740000,86320092.560000
2024-02-13,272398.780000,260237.640000,203071.210000,171305.890000,136199388.330000,130118818.360000,101535603.140000,85652945.370000
2024-02-14,275277.570000,263031.520000,205626.700000,172573.950000,137638782.960000,131515759.200000,102813350.180000,86286974.130000
2024-02-15,277375.770000,265349.580000,208936.140000,173274.570000,138687883.330000,132674790.140000,104468069.660000,86637284.770000
2024-02-16,277735.350000,265520.960000,208310.080000,173730.600000,138867674.690000,132760478.370000,104155039.530000,86865298.220000
2024-02-19,277872.840000,265553.800000,208171.420000,173920.060000,138936421.660000,132776898.570000,104085710.400000,86960031.850000
2024-02-20,275988.180000,264294.950000,209529.110000,173876.360000,137994089.500000,132147474.850000,104764553.610000,86938180.620000
2024-02-21,274422.980000,263052.120000,209466.970000,173537.060000,137211490.490000,131526060.380000,104733486.860000,86768529.630000
2024-02-22,279408.910000,267569.380000,211907.210000,174421.800000,139704453.890000,133784690.130000,105953606.500000,87210899.680000
2024-02-23,278988.700000,267447.480000,213114.340000,174786.800000,139494348.210000,133723742.130000,106557172.400000,87393402.090000
2024-02-26,280170.660000,268873.080000,215480.170000,174613.800000,140085329.600000,134436537.530000,107740082.610000,87306900.060000
2024-02-27,280878.270000,269552.620000,216146.490000,174602.720000,140439135.790000,134776311.880000,108073243.060000,87301359.200000
2024-02-28,281868.410000,271114.520000,220191.940000,175223.830000,140934205.810000,135557260.440000,110095970.780000,87611913.090000
2024-02-29,283337.930000,272382.820000,220395.090000,175876.990000,141668963.890000,136191408.660000,110197543.030000,87938494.940000
2024-03-01,287243.970000,275864.030000,221718.130000,177321.840000,143621983.180000,137932016.280000,110859064.710000,88660921.270000
2024-03-04,287639.130000,276178.130000,221280.330000,177187.220000,143819565.570000,138089066.580000,110640164.520000,88593610.620000
2024-03-05,284752.370000,272875.760000,216364.670000,176373.710000,142376187.270000,136437880.790000,108182335.450000,88186854.880000
2024-03-06,288514.150000,276449.970000,219162.050000,177189.970000,144257075.640000,138224984.700000,109581026.810000,88594984.490000
2024-03-07,291678.300000,280116.920000,224748.490000,177805.190000,145839151.850000,140058462.030000,112374247.120000,88902596.370000
2024-03-08,289455.190000,278330.480000,224829.320000,176996.360000,144727595.660000,139165240.620000,112414661.070000,88498181.880000
2024-03-11,286839.480000,275514.680000,221467.110000,176689.860000,143419742.250000,137757338.980000,110733555.480000,88344929.950000
2024-03-12,287959.460000,276228.680000,220469.370000,177007.670000,143979729.230000,138114339.000000,110234683.130000,88503835.270000
2024-03-13,288551.090000,277076.420000,222591.050000,177691.000000,144275545.270000,138538211.550000,111295525.670000,88845498.620000
2024-03-14,287585.170000,276000.520000,221047.720000,177319.870000,143792586.800000,138000260.510000,110523859.040000,88659934.880000
2024-03-15,288021.570000,276688.580000,222789.810000,177954.770000,144010783.370000,138344290.990000,111394904.020000,88977386.400000
2024-03-18,288301.520000,276611.920000,221277.190000,177919.130000,144150759.750000,138305961.870000,110638594.300000,88959562.830000
2024-03-19,288179.860000,276173.700000,219653.570000,178261.010000,144089931.000000,138086849.010000,109826784.630000,89130505.110000
2024-03-20,289289.290000,277222.070000,220486.700000,178873.730000,144644642.570000,138611036.550000,110243351.250000,89436864.040000
2024-03-21,294006.160000,281332.770000,221529.560000,180147.960000,147003079.330000,140666384.440000,110764780.360000,90073978.810000
2024-03-22,295251.670000,282870.460000,224384.830000,182202.650000,147625833.830000,141435231.350000,112192417.250000,91101324.850000
2024-03-25,296951.010000,285224.890000,229578.220000,183260.100000,148475504.260000,142612443.640000,114789108.250000,91630051.570000
2024-03-26,296211.080000,283924.720000,225992.200000,182654.710000,148105538.970000,141962357.740000,112996100.280000,91327353.600000
2024-03-27,295990.530000,284179.840000,228376.860000,183312.220000,147995262.850000,142089921.210000,114188430.480000,91656110.420000
2024-03-28,296823.070000,284837.200000,228073.420000,184122.710000,148411535.060000,142418598.420000,114036709.060000,92061357.280000
2024-04-02,298361.060000,286308.580000,229154.460000,184851.360000,149180530.690000,143154287.900000,114577228.020000,92425682.160000
2024-04-03,299117.360000,286679.680000,227836.100000,184577.060000,149558678.670000,143339838.100000,113918048.900000,92288529.430000
2024-04-04,298625.050000,286232.050000,227561.130000,184218.260000,149312524.860000,143116025.790000,113780563.120000,92109131.460000
2024-04-05,299244.940000,286752.260000,227774.560000,185115.590000,149622471.700000,143376130.670000,113887279.050000,92557793.190000
2024-04-08,299617.580000,286990.520000,227409.660000,184861.640000,149808790.270000,143495260.980000,113704830.800000,92430819.330000
2024-04-09,298436.210000,285951.660000,226956.600000,185053.580000,149218104.840000,142975831.280000,113478300.490000,92526789.740000
2024-04-10,299864.180000,287094.690000,226654.560000,185456.680000,149932091.880000,143547344.250000,113327279.240000,92728339.570000
2024-04-11,301717.420000,289262.580000,230258.970000,186634.360000,150858710.260000,144631291.030000,115129484.680000,93317180.190000
2024-04-12,303621.000000,290981.710000,231066.150000,188404.480000,151810500.940000,145490855.830000,115533075.160000,94202240.180000
2024-04-15,301358.030000,288402.500000,227141.270000,187103.320000,150679016.800000,144201248.870000,113570636.140000,93551659.110000
2024-04-16,299060.100000,285825.340000,223178.420000,186365.130000,149530049.870000,142912670.930000,111589207.830000,93182566.480000
2024-04-17,296766.770000,283274.730000,219693.690000,185734.900000,148383383.940000,141637365.460000,109846845.880000,92867449.470000
2024-04-18,294906.530000,281165.140000,216699.590000,185054.820000,147453263.260000,140582571.710000,108349796.640000,92527410.500000
2024-04-19,293705.650000,280275.050000,217228.520000,185830.090000,146852822.680000,140137522.850000,108614257.680000,92915044.650000
2024-04-22,295346.470000,281985.700000,219680.210000,186849.550000,147673237.480000,140992848.190000,109840105.450000,93424774.070000
2024-04-23,297498.950000,284191.500000,222142.270000,186796.590000,148749472.600000,142095750.810000,111071136.540000,93398296.500000
2024-04-24,298047.350000,284867.920000,223166.690000,186717.500000,149023673.380000,142433961.240000,111583343.760000,93358749.960000
2024-04-25,296594.440000,283228.790000,221054.280000,186094.550000,148297220.090000,141614393.490000,110527139.640000,93047275.550000
2024-04-26,300860.570000,287158.640000,223345.050000,187400.550000,150430283.620000,143579318.520000,111672523.160000,93700273.660000
2024-04-29,300743.300000,287747.750000,226889.760000,186944.010000,150371649.870000,143873875.560000,113444879.850000,93472006.010000
2024-04-30,299197.530000,285930.090000,223963.030000,186269.660000,149598762.690000,142965042.510000,111981516.480000,93134831.300000
2024-05-01,297004.660000,284162.070000,224265.020000,186225.230000,148502330.360000,142081037.140000,112132508.460000,93112615.290000
2024-05-02,297643.450000,284698.250000,224384.770000,186178.270000,148821726.420000,142349126.650000,112192386.860000,93089136.240000
2024-05-03,300380.370000,287460.500000,227128.080000,186563.960000,150190183.860000,143730249.530000,113564041.840000,93281979.400000
2024-05-07,301847.360000,288624.440000,226645.960000,188063.840000,150923677.520000,144312218.510000,113322981.310000,94031920.530000
2024-05-08,303550.670000,290452.170000,229125.310000,189016.290000,151775337.380000,145226082.670000,114562656.890000,94508143.370000
2024-05-09,304543.360000,291633.110000,231023.350000,189534.860000,152271678.450000,145816557.020000,115511674.580000,94767430.740000
2024-05-10,305245.770000,292262.260000,231134.600000,190127.020000,152622882.930000,146131128.160000,115567298.700000,95063508.570000
2024-05-13,304007.530000,290811.920000,228969.110000,189454.060000,152003766.480000,145405959.110000,114484553.680000,94727028.400000
2024-05-14,304828.710000,291805.430000,230511.620000,189405.190000,152414355.130000,145902714.720000,115255809.340000,94702594.980000
2024-05-15,306380.050000,293287.860000,231511.460000,189473.420000,153190025.620000,146643927.700000,115755730.840000,94736710.790000
2024-05-16,306640.590000,293586.340000,231747.600000,189233.550000,153320295.530000,146793171.230000,115873802.330000,94616775.660000
2024-05-17,306493.490000,293660.010000,232807.350000,189503.330000,153246744.530000,146830005.670000,116403674.770000,94751664.670000
2024-05-20,308279.200000,295449.610000,234447.970000,189723.870000,154139600.360000,147724805.560000,117223986.880000,94861935.450000
2024-05-21,307557.300000,294626.890000,233311.700000,189881.330000,153778648.800000,147313443.210000,116655848.960000,94940664.740000
2024-05-22,307087.050000,294797.330000,236189.270000,189189.140000,153543525.220000,147398665.900000,118094634.170000,94594568.380000
2024-05-23,306385.640000,293794.170000,233885.750000,188120.010000,153192819.050000,146897085.580000,116942875.360000,94060007.350000
2024-05-24,306614.930000,293949.850000,233787.730000,188033.360000,153307465.400000,146974926.700000,116893863.340000,94016681.520000
2024-05-28,307168.820000,294078.240000,231846.090000,187530.920000,153584408.330000,147039119.130000,115923044.780000,93765461.240000
2024-05-29,305824.020000,292793.460000,230946.350000,187042.520000,152912009.960000,146396730.200000,115473173.980000,93521259.980000
2024-05-30,306447.630000,293617.240000,232900.380000,187719.190000,153223812.750000,146808620.580000,116450187.700000,93859593.870000
2024-05-31,304801.670000,292102.500000,232273.100000,188113.480000,152400836.630000,146051249.690000,116136550.490000,94056740.990000
2024-06-03,305493.010000,293206.960000,235010.790000,188183.810000,152746507.170000,146603478.700000,117505394.350000,94091906.240000
2024-06-04,303667.120000,291553.980000,234127.600000,187240.850000,151833560.180000,145776991.230000,117063802.020000,93620424.840000
2024-06-05,308235.560000,295771.020000,236502.460000,188414.610000,154117780.590000,147885512.200000,118251229.590000,94207305.280000
2024-06-06,309917.150000,297056.450000,236191.380000,188958.760000,154958574.290000,148528224.370000,118095689.890000,94479380.750000
2024-06-07,308642.500000,295810.710000,235212.400000,188388.720000,154321250.920000,147905352.580000,117606199.880000,94194360.370000
2024-06-10,310319.910000,297354.820000,236165.890000,188723.430000,155159953.740000,148677410.020000,118082944.140000,94361713.820000
2024-06-11,310012.140000,297201.910000,236700.030000,188459.030000,155006071.140000,148600956.970000,118350013.310000,94229512.560000
2024-06-12,312947.390000,300286.140000,240195.040000,189538.040000,156473693.970000,150143068.590000,120097521.490000,94769019.700000
2024-06-13,312023.390000,299042.630000,237376.220000,189121.080000,156011694.140000,149521315.760000,118688109.010000,94560541.810000
2024-06-14,312729.180000,299291.360000,235611.030000,190174.950000,156364591.370000,149645679.540000,117805514.880000,95087475.000000
2024-06-17,315206.710000,301606.340000,237376.670000,190621.990000,157603353.950000,150803168.390000,118688332.570000,95310996.970000
2024-06-18,317903.640000,303976.100000,238190.070000,191444.550000,158951818.890000,151988048.050000,119095032.620000,95722276.300000
2024-06-19,319617.360000,306180.640000,242471.000000,192097.520000,159808678.630000,153090321.860000,121235498.030000,96048757.500000
2024-06-20,321461.470000,308055.680000,244408.120000,193214.220000,160730732.830000,154027838.100000,122204060.680000,96607110.470000
2024-06-21,318279.230000,305159.780000,242877.960000,193080.910000,159139616.790000,152579888.710000,121438978.700000,96540457.110000
2024-06-24,316704.070000,303395.690000,240671.440000,192799.180000,158352034.820000,151697846.960000,120335720.400000,96399589.270000
2024-06-25,316354.870000,303138.320000,240819.720000,192672.500000,158177436.940000,151569162.150000,120409857.820000,96336251.590000
2024-06-26,315954.790000,303013.610000,241829.320000,192736.930000,157977394.190000,151506803.430000,120914660.360000,96368462.970000
2024-06-27,317623.430000,304880.040000,244518.330000,193239.710000,158811712.580000,152440021.890000,122259165.830000,96619853.150000
2024-06-28,318496.090000,305607.340000,244483.670000,193115.280000,159248043.930000,152803668.030000,122241836.240000,96557638.340000
2024-07-01,318847.240000,306018.500000,245269.000000,192588.740000,159423617.660000,153009249.330000,122634499.400000,96294369.670000
2024-07-02,318495.210000,305636.920000,244701.280000,192271.770000,159247606.840000,152818462.240000,122350640.020000,96135886.270000
2024-07-03,321029.850000,308709.550000,249692.400000,192861.380000,160514924.180000,154354776.360000,124846198.870000,96430687.810000
2024-07-04,323708.500000,311966.610000,255426.340000,193734.770000,161854252.340000,155983307.250000,127713169.880000,96867383.320000
2024-07-05,325329.710000,314530.330000,261961.780000,194577.960000,162664852.690000,157265164.400000,130980892.470000,97288982.350000
2024-07-08,324689.970000,313598.020000,259703.610000,193557.030000,162344984.960000,156799009.720000,129851805.180000,96778513.040000
2024-07-09,322347.730000,310643.780000,254100.260000,192954.540000,161173866.540000,155321888.820000,127050130.030000,96477269.050000
2024-07-10,325696.620000,314190.200000,258464.060000,193948.400000,162848309.660000,157095100.190000,129232029.360000,96974201.140000
2024-07-11,323900.330000,312810.180000,258918.290000,194122.540000,161950166.310000,156405090.660000,129459143.460000,97061270.640000
2024-07-12,324199.860000,313346.600000,260608.960000,193619.250000,162099930.550000,156673301.450000,130304481.930000,96809623.880000
2024-07-15,323790.900000,312712.450000,259054.980000,193554.170000,161895448.600000,156356223.810000,129527491.640000,96777083.420000
2024-07-16,323747.140000,312552.050000,258438.440000,194170.280000,161873569.380000,156276025.340000,129219221.670000,97085138.410000
2024-07-17,318695.340000,307133.040000,252038.940000,193222.870000,159347668.430000,153566522.250000,126019467.870000,96611433.270000
2024-07-18,316041.140000,304306.030000,248655.490000,192930.510000,158020568.310000,152153017.340000,124327744.850000,96465253.420000
2024-07-19,315740.520000,304447.680000,250841.900000,192358.210000,157870262.120000,152223840.160000,125420949.300000,96179106.410000
2024-07-22,316835.010000,305969.200000,254247.350000,192632.450000,158417504.760000,152984598.290000,127123675.990000,96316223.470000
2024-07-23,318252.110000,307305.550000,255063.710000,192688.680000,159126054.540000,153652776.310000,127531853.090000,96344337.800000
2024-07-24,313994.680000,303248.830000,251966.920000,192238.660000,156997339.050000,151624415.950000,125983460.400000,96119331.380000
2024-07-25,310955.060000,300330.580000,249805.780000,191635.570000,155477531.860000,150165288.480000,124902889.990000,95817786.510000
2024-07-26,313653.290000,303189.060000,253406.810000,192930.960000,156826643.940000,151594528.610000,126703404.390000,96465480.400000
2024-07-29,313356.150000,302977.770000,253673.290000,193064.540000,156678075.050000,151488885.120000,126836646.920000,96532270.970000
2024-07-30,311813.620000,301333.420000,251646.790000,193204.940000,155906809.690000,150666712.090000,125823396.500000,96602467.940000
2024-07-31,317489.410000,306512.300000,254447.990000,195013.540000,158744707.180000,153256149.250000,127223993.780000,97506771.600000
2024-08-01,315037.130000,303685.110000,250005.720000,195241.050000,157518563.060000,151842553.520000,125002861.980000,97620523.490000
2024-08-02,306165.190000,295007.970000,242722.110000,194086.920000,153082596.560000,147503985.870000,121361055.310000,97043460.030000
2024-08-05,299576.240000,287909.340000,233141.510000,191749.760000,149788121.200000,143954668.890000,116570753.550000,95874879.330000
2024-08-06,303358.540000,291534.190000,236350.150000,192528.820000,151679272.280000,145767093.550000,118175075.380000,96264408.980000
2024-08-07,307283.230000,295457.690000,240457.740000,193658.420000,153641614.970000,147728847.330000,120228869.640000,96829208.430000
2024-08-08,309915.840000,298486.220000,245478.930000,194181.380000,154957920.160000,149243109.580000,122739462.690000,97090687.960000
2024-08-09,311148.120000,299523.280000,245671.720000,194501.800000,155574061.110000,149761638.480000,122835860.250000,97250897.860000
2024-08-12,312723.230000,300953.870000,246303.510000,195154.850000,156361616.870000,150476934.040000,123151756.780000,97577424.120000
2024-08-13,314988.850000,303158.180000,248254.180000,195626.750000,157494426.360000,151579090.540000,124127087.750000,97813375.910000
2024-08-14,316090.790000,304209.530000,249128.900000,196051.610000,158045395.600000,152104763.260000,124564447.680000,98025803.090000
2024-08-15,319776.250000,307764.660000,252089.390000,196331.670000,159888125.540000,153882329.730000,126044697.150000,98165834.730000
2024-08-16,319562.070000,307361.330000,250801.320000,196185.860000,159781032.770000,153680666.660000,125400662.180000,98092928.210000
2024-08-19,319968.480000,307812.230000,251462.580000,196156.820000,159984239.600000,153906117.340000,125731288.680000,98078409.950000
2024-08-20,317889.910000,305871.350000,249990.800000,195361.180000,158944954.740000,152935675.160000,124995399.320000,97680591.830000
2024-08-21,318209.990000,306571.730000,252292.890000,195066.550000,159104993.570000,153285865.120000,126146446.140000,97533275.430000
2024-08-22,315806.680000,303936.110000,248799.900000,194050.940000,157903341.410000,151968056.300000,124399947.820000,97025469.760000
2024-08-23,315935.210000,304101.580000,249250.830000,194062.220000,157967605.400000,152050790.390000,124625416.430000,97031110.770000
2024-08-27,314469.400000,303019.800000,250092.710000,193995.760000,157234702.490000,151509899.140000,125046355.310000,96997881.940000
2024-08-28,312844.980000,301377.870000,248423.740000,193986.060000,156422489.970000,150688933.510000,124211871.980000,96993032.350000
2024-08-29,316941.590000,305935.570000,254947.810000,194957.030000,158470795.440000,152967783.990000,127473904.850000,97478512.730000
2024-08-30,315608.270000,304246.800000,251834.830000,195000.790000,157804133.510000,152123398.580000,125917415.950000,97500395.220000
2024-09-02,314667.910000,303098.020000,249568.770000,194255.320000,157333953.070000,151549009.230000,124784387.460000,97127661.310000
2024-09-03,309512.210000,298089.640000,245488.970000,193845.740000,154756106.640000,149044818.250000,122744486.880000,96922870.180000
2024-09-04,307898.490000,296353.230000,243329.640000,193477.220000,153949247.400000,148176614.530000,121664822.020000,96738610.720000
2024-09-05,306455.100000,294908.590000,241497.940000,192744.790000,153227549.980000,147454294.580000,120748967.590000,96372393.030000
2024-09-06,302330.570000,290744.970000,237222.960000,192163.090000,151165283.250000,145372487.250000,118611482.110000,96081545.210000
2024-09-09,306353.250000,294302.130000,239049.770000,193151.490000,153176625.160000,147151065.660000,119524885.680000,96575746.990000
2024-09-10,306760.820000,294728.130000,239257.360000,193229.950000,153380409.370000,147364065.630000,119628679.890000,96614975.570000
2024-09-11,308094.700000,296044.090000,240251.970000,193605.600000,154047349.980000,148022044.240000,120125987.170000,96802798.390000
2024-09-12,312531.250000,300268.190000,243258.350000,194126.560000,156265622.630000,150134095.730000,121629172.890000,97063279.890000
2024-09-13,313963.950000,301625.560000,244041.000000,193916.820000,156981975.010000,150812781.690000,122020501.320000,96958408.500000
2024-09-16,312004.990000,299343.860000,240605.060000,193447.590000,156002494.490000,149671929.600000,120302529.940000,96723793.720000
2024-09-17,312709.700000,299761.340000,239699.140000,193636.270000,156354851.310000,149880670.150000,119849571.580000,96818132.760000
2024-09-18,311252.140000,298379.480000,238784.860000,192795.000000,155626067.850000,149189741.770000,119392428.190000,96397499.260000
2024-09-19,315869.890000,302946.440000,243106.760000,193015.920000,157934945.610000,151473221.610000,121553381.080000,96507958.760000
2024-09-20,313900.420000,301267.040000,242684.140000,192504.900000,156950211.290000,150633518.210000,121342067.670000,96252450.390000
2024-09-23,313647.700000,300466.940000,239469.800000,191730.910000,156823850.340000,150233470.190000,119734901.220000,95865455.690000
2024-09-24,314055.310000,300683.810000,238572.730000,191909.100000,157027657.450000,150341907.450000,119286363.530000,95954549.970000
2024-09-25,314370.140000,300955.000000,238467.030000,191602.530000,157185071.280000,150477501.720000,119233517.280000,95801266.250000
2024-09-26,315177.470000,301880.750000,239774.810000,191456.140000,157588735.700000,150940376.390000,119887404.620000,95728071.600000
2024-09-27,315082.210000,302370.800000,242722.000000,191755.150000,157541105.580000,151185399.110000,121361000.900000,95877576.730000
2024-09-30,314476.920000,302097.210000,244150.290000,191508.020000,157238458.840000,151048605.920000,122075144.620000,95754009.770000
2024-10-01,314543.680000,301615.000000,241339.960000,193258.030000,157271838.930000,150807498.280000,120669979.310000,96629013.660000
2024-10-02,316817.260000,303813.320000,243271.480000,193304.280000,158408630.580000,151906657.840000,121635741.940000,96652140.870000
2024-10-03,320600.070000,307421.550000,246206.850000,194762.300000,160300037.150000,153710776.700000,123103425.660000,97381152.400000
2024-10-04,323447.440000,310870.050000,252342.260000,194938.630000,161723720.810000,155435023.860000,126171127.780000,97469313.020000
2024-10-07,324225.860000,311802.510000,253906.880000,194806.790000,162112929.030000,155901254.270000,126953438.340000,97403393.650000
2024-10-08,323223.740000,310821.550000,253006.380000,193909.450000,161611871.930000,155410776.120000,126503189.430000,96954724.130000
2024-10-09,324575.160000,311678.550000,251776.180000,193981.250000,162287580.060000,155839273.770000,125888087.740000,96990626.060000
2024-10-10,326021.610000,313178.150000,253522.130000,194451.970000,163010804.800000,156589074.690000,126761065.600000,97225983.550000
2024-10-11,327165.260000,314150.930000,253766.340000,194889.640000,163582631.860000,157075462.710000,126883169.340000,97444819.550000
2024-10-14,328344.360000,315471.150000,255598.120000,195009.980000,164172178.850000,157735575.200000,127799058.240000,97504987.710000
2024-10-15,323826.280000,311403.660000,253672.220000,194650.900000,161913138.920000,155701830.010000,126836108.250000,97325452.070000
2024-10-16,328885.900000,318142.340000,267634.370000,197165.610000,164442951.040000,159071167.660000,133817184.260000,98582804.750000
2024-10-17,331563.780000,320648.930000,269248.730000,197284.210000,165781889.010000,160324467.130000,134624365.810000,98642103.320000
2024-10-18,332799.380000,322931.110000,276277.130000,197647.590000,166399688.010000,161465556.270000,138138565.290000,98823792.560000
2024-10-21,332869.800000,323517.460000,279287.610000,197525.470000,166434897.610000,161758731.020000,139643806.910000,98762733.150000
2024-10-22,332695.460000,322374.950000,273747.570000,197304.730000,166347731.200000,161187476.460000,136873785.350000,98652364.360000
2024-10-23,330839.680000,320271.620000,270498.040000,196691.300000,165419840.850000,160135807.590000,135249020.340000,98345652.330000
2024-10-24,331592.250000,320980.950000,270862.710000,196926.880000,165796122.940000,160490476.050000,135431357.050000,98463442.500000
2024-10-25,333662.720000,323143.220000,273305.310000,196876.020000,166831360.120000,161571609.410000,136652655.710000,98438008.220000
2024-10-28,333813.580000,324108.690000,278034.450000,196768.690000,166906787.870000,162054343.610000,139017224.390000,98384344.830000
2024-10-29,335211.990000,326081.370000,282404.320000,196599.540000,167605995.020000,163040685.420000,141202160.310000,98299768.050000
2024-10-30,332980.550000,323648.870000,278989.790000,196551.970000,166490274.460000,161824433.350000,139494896.510000,98275986.310000
2024-10-31,330048.790000,320817.010000,276702.090000,196637.720000,165024396.590000,160408505.520000,138351045.060000,98318862.380000
2024-11-01,330904.280000,321326.480000,275701.470000,195967.500000,165452141.700000,160663238.160000,137850736.830000,97983750.400000
2024-11-04,329928.610000,319874.830000,271982.950000,195502.950000,164964303.500000,159937415.400000,135991475.600000,97751472.640000
2024-11-05,334227.480000,324091.540000,276114.300000,194773.850000,167113741.010000,162045769.060000,138057149.850000,97386923.640000
2024-11-06,337492.850000,327494.670000,280526.690000,195395.830000,168746423.510000,163747336.400000,140263345.680000,97697916.120000
2024-11-07,340275.260000,330646.960000,284970.340000,195801.910000,170137632.100000,165323482.260000,142485171.850000,97900955.290000
2024-11-08,339972.250000,330506.300000,285628.360000,196258.340000,169986124.910000,165253152.120000,142814177.800000,98129170.730000
2024-11-11,340472.090000,331639.050000,290253.640000,196242.670000,170236043.980000,165819527.260000,145126818.930000,98121335.710000
2024-11-12,339694.330000,330794.040000,289081.180000,196724.120000,169847166.140000,165397019.240000,144540591.320000,98362058.530000
2024-11-13,340317.640000,331351.930000,289741.210000,197214.690000,170158821.530000,165675965.180000,144870603.490000,98607343.630000
2024-11-14,340384.430000,331313.180000,289159.830000,197402.850000,170192215.100000,165656588.640000,144579913.830000,98701425.640000
2024-11-15,339757.160000,330137.400000,285794.320000,197694.480000,169878578.570000,165068702.490000,142897158.380000,98847241.150000
2024-11-18,340644.160000,330862.680000,285477.540000,198511.090000,170322078.300000,165431338.060000,142738768.350000,99255543.890000
2024-11-19,339411.220000,329128.800000,281308.940000,198323.210000,169705609.350000,164564401.360000,140654472.340000,99161605.190000
2024-11-20,340864.180000,331669.490000,288913.350000,199101.580000,170432089.010000,165834744.160000,144456674.010000,99550792.420000
2024-11-21,344004.770000,334387.400000,289564.170000,200010.280000,172002385.580000,167193700.860000,144782085.050000,100005141.930000
2024-11-22,348905.230000,339491.890000,295904.730000,202185.440000,174452613.580000,169745943.940000,147952365.010000,101092717.940000
2024-11-25,347337.010000,337908.240000,294346.180000,201833.070000,173668503.120000,168954118.570000,147173091.510000,100916536.570000
2024-11-26,346012.150000,335939.380000,289577.280000,201704.310000,173006076.120000,167969687.680000,144788641.400000,100852154.530000
2024-11-27,342449.810000,332483.760000,286994.150000,200672.310000,171224907.300000,166241878.300000,143497073.410000,100336155.980000
2024-11-28,343572.980000,333377.310000,286649.810000,200712.840000,171786492.230000,166688656.210000,143324905.140000,100356417.550000
2024-11-29,346197.000000,336566.100000,292441.040000,201233.860000,173098497.500000,168283052.220000,146220517.820000,100616930.390000
2024-12-02,346811.710000,336447.450000,288500.870000,201648.700000,173405855.810000,168223726.580000,144250436.690000,100824350.310000
2024-12-03,349514.700000,338834.560000,289896.720000,201638.860000,174757349.080000,169417278.570000,144948361.350000,100819430.330000
2024-12-04,349905.940000,339414.010000,290992.380000,201118.960000,174952970.410000,169707005.980000,145496187.650000,100559478.380000
2024-12-05,347605.360000,336749.540000,286929.480000,200187.320000,173802677.860000,168374770.720000,143464742.410000,100093660.070000
2024-12-06,348474.270000,338033.160000,290368.370000,200564.630000,174237134.920000,169016577.540000,145184182.530000,100282316.280000
2024-12-09,349280.220000,339523.380000,294962.460000,200575.710000,174640109.770000,169761687.640000,147481231.280000,100287857.350000
2024-12-10,348295.450000,339321.950000,298330.130000,200726.870000,174147722.540000,169660974.690000,149165067.250000,100363432.670000
2024-12-11,349957.620000,340435.860000,296731.370000,201036.950000,174978811.810000,170217929.640000,148365682.640000,100518474.410000
2024-12-12,348394.090000,338215.400000,291496.250000,200486.170000,174197044.450000,169107699.330000,145748125.520000,100243083.070000
2024-12-13,350526.460000,339703.270000,289861.620000,200461.240000,175263231.510000,169851633.160000,144930811.830000,100230617.690000
2024-12-16,350545.910000,339583.240000,289061.580000,199488.720000,175272953.500000,169791620.030000,144530787.990000,99744358.800000
2024-12-17,347704.920000,336539.400000,285019.380000,198627.870000,173852459.980000,168269702.490000,142509691.480000,99313932.960000
2024-12-18,347351.270000,335786.720000,282081.060000,198220.810000,173675635.400000,167893361.970000,141040530.770000,99110405.830000
2024-12-19,344635.540000,333163.930000,280444.690000,197714.060000,172317771.380000,166581963.580000,140222343.570000,98857030.640000
2024-12-20,347062.030000,335343.200000,281643.910000,198328.300000,173531015.350000,167671600.950000,140821956.530000,99164148.340000
2024-12-23,348465.290000,336874.430000,283680.760000,198825.120000,174232646.760000,168437215.230000,141840380.810000,99412559.210000
2024-12-24,350712.740000,339129.520000,286096.350000,198862.510000,175356372.450000,169564761.630000,143048173.030000,99431256.700000
2024-12-27,353789.010000,344596.110000,302661.400000,199105.480000,176894507.350000,172298055.250000,151330698.930000,99552740.670000
2024-12-30,351252.800000,341635.960000,297664.060000,199436.230000,175626397.850000,170817980.440000,148832027.560000,99718113.430000
2024-12-31,352448.260000,342782.090000,298548.300000,200177.120000,176224128.250000,171391043.630000,149274148.200000,100088560.320000
2025-01-02,359551.090000,350817.720000,310704.200000,202938.340000,179775546.770000,175408860.540000,155352101.400000,101469168.400000
2025-01-03,362663.260000,354629.110000,318134.490000,203107.260000,181331629.110000,177314555.830000,159067245.110000,101553632.200000
2025-01-06,363208.300000,355168.460000,318176.550000,202424.220000,181604151.740000,177584231.960000,159088274.150000,101212108.720000
2025-01-07,360355.110000,352009.200000,313370.760000,202383.210000,180177555.940000,176004600.510000,156685380.480000,101191604.230000
2025-01-08,359061.140000,349595.090000,305696.800000,203724.270000,179530567.820000,174797545.290000,152848400.410000,101862132.790000
2025-01-09,361164.660000,351430.730000,306426.620000,204957.770000,180582327.980000,175715365.240000,153213307.690000,102478886.060000
2025-01-10,361093.680000,351034.280000,304529.660000,205241.130000,180546839.030000,175517142.480000,152264829.340000,102620565.850000
2025-01-13,359079.780000,348319.180000,298642.820000,205048.320000,179539889.960000,174159589.910000,149321412.300000,102524161.730000
2025-01-14,358319.680000,347378.360000,296851.360000,204446.030000,179159839.500000,173689178.210000,148425681.770000,102223017.400000
2025-01-15,362908.100000,352289.640000,303251.810000,205855.430000,181454049.410000,176144821.590000,151625906.380000,102927717.160000
2025-01-16,366358.430000,355625.480000,305945.470000,207085.200000,183179214.510000,177812740.880000,152972736.400000,103542597.840000
2025-01-17,370106.410000,359448.450000,310292.510000,208424.340000,185053206.880000,179724225.250000,155146254.240000,104212170.530000
2025-01-20,369318.480000,358446.820000,308271.670000,207357.770000,184659241.650000,179223407.600000,154135835.640000,103678885.040000
2025-01-21,368459.140000,357422.380000,306500.370000,206871.750000,184229570.660000,178711189.290000,153250184.460000,103435874.090000
2025-01-22,372100.620000,360936.360000,309202.770000,206751.870000,186050312.050000,180468182.200000,154601384.670000,103375932.940000
2025-01-23,372758.060000,362467.950000,315232.520000,206597.760000,186379027.790000,181233976.710000,157616259.700000,103298879.950000
2025-01-24,368341.910000,357402.450000,307190.320000,204975.820000,184170954.680000,178701226.470000,153595161.160000,102487910.910000
2025-01-27,357903.510000,346962.410000,297521.270000,204531.290000,178951753.940000,173481203.490000,148760636.540000,102265647.350000
2025-01-28,358460.530000,346722.880000,293659.090000,204480.750000,179230263.660000,173361440.050000,146829545.030000,102240375.370000
2025-01-29,359395.140000,347259.400000,292244.770000,204858.200000,179697568.540000,173629700.800000,146122382.950000,102429098.880000
2025-01-30,363256.080000,351115.440000,295961.430000,205459.490000,181628041.980000,175557718.670000,147980716.280000,102729747.440000
2025-01-31,366950.130000,354537.190000,297886.950000,206411.310000,183475063.220000,177268593.990000,148943474.840000,103205653.590000
2025-02-03,363858.330000,351533.290000,295445.040000,205928.580000,181929167.380000,175766643.570000,147722520.560000,102964291.050000
2025-02-04,367952.990000,355163.980000,297592.360000,205252.980000,183976497.130000,177581989.400000,148796179.790000,102626487.930000
2025-02-05,368546.590000,356078.940000,299860.060000,206083.850000,184273297.080000,178039472.500000,149930031.090000,103041923.540000
2025-02-06,372813.510000,359613.930000,300772.650000,207635.600000,186406753.850000,179806965.160000,150386324.820000,103817801.660000
2025-02-07,373823.340000,361074.520000,304213.170000,207671.250000,186911668.700000,180537259.880000,152106587.010000,103835626.950000
2025-02-10,378526.570000,365006.170000,304640.000000,208849.770000,189263286.750000,182503086.480000,152319999.080000,104424886.360000
2025-02-11,377613.140000,363503.480000,300375.200000,208314.920000,188806570.570000,181751737.530000,150187598.090000,104157460.720000
2025-02-12,378698.860000,365661.550000,307949.530000,207753.870000,189349429.710000,182830774.010000,153974765.950000,103876933.000000
2025-02-13,379391.600000,366601.920000,310220.200000,207611.870000,189695799.350000,183300962.200000,155110097.770000,103805937.040000
2025-02-14,376583.680000,363583.990000,306186.430000,206810.030000,188291840.620000,181791994.350000,153093214.590000,103405013.370000
2025-02-17,377861.730000,364818.690000,307282.110000,206921.920000,188930863.530000,182409346.820000,153641054.880000,103460962.040000
2025-02-18,381357.690000,368510.960000,311990.110000,207921.830000,190678845.390000,184255481.750000,155995057.360000,103960913.920000
2025-02-19,381823.510000,370318.920000,319570.260000,208147.350000,190911753.810000,185159459.970000,159785129.760000,104073672.540000
2025-02-20,377700.920000,365367.380000,310624.500000,207440.960000,188850457.710000,182683688.870000,155312250.360000,103720481.090000
2025-02-21,373743.860000,361170.920000,305173.220000,206847.070000,186871932.330000,180585458.040000,152586610.660000,103423536.860000
2025-02-24,369687.960000,356832.040000,299674.840000,206919.300000,184843978.670000,178416022.380000,149837419.990000,103459648.450000
2025-02-25,365264.770000,352245.200000,294910.420000,206744.790000,182632383.260000,176122599.580000,147455211.610000,103372394.900000
2025-02-26,367430.430000,353974.680000,294412.790000,206566.060000,183715216.630000,176987338.620000,147206395.860000,103283032.370000
2025-02-27,368031.620000,354235.330000,293949.470000,207458.980000,184015809.570000,177117667.250000,146974735.510000,103729489.600000
2025-02-28,367542.200000,353855.230000,294546.030000,208313.630000,183771101.520000,176927614.860000,147273014.610000,104156816.960000
2025-03-03,367187.680000,352829.690000,290488.660000,207827.730000,183593840.420000,176414843.310000,145244331.760000,103913863.370000
2025-03-04,361371.980000,347202.450000,285725.210000,206430.320000,180685987.830000,173601222.980000,142862604.490000,103215157.880000
2025-03-05,361912.330000,348330.130000,289690.940000,205020.630000,180956166.420000,174165067.260000,144845467.840000,102510317.140000
2025-03-06,357116.930000,342990.660000,281655.530000,203057.990000,178558462.850000,171495329.090000,140827762.600000,101528993.290000
2025-03-07,356909.600000,342754.930000,281560.820000,203442.890000,178454797.560000,171377467.230000,140780409.500000,101721444.110000
2025-03-10,349988.770000,335749.920000,273545.570000,201823.330000,174994386.890000,167874961.400000,136772785.280000,100911663.250000
2025-03-11,347854.070000,333405.180000,270314.630000,200370.710000,173927034.650000,166702588.760000,135157316.210000,100185353.250000
2025-03-12,352152.760000,337280.880000,272377.750000,200623.030000,176076381.710000,168640439.860000,136188876.770000,100311512.550000
2025-03-13,351920.720000,336929.510000,271459.590000,201615.580000,175960359.760000,168464754.040000,135729793.150000,100807792.470000
2025-03-14,357340.370000,342117.220000,275902.680000,203271.200000,178670183.580000,171058609.530000,137951339.030000,101635599.510000
2025-03-17,359375.540000,344478.470000,279929.080000,203744.520000,179687769.180000,172239237.380000,139964539.540000,101872261.390000
2025-03-18,358876.240000,343615.510000,277312.250000,203885.570000,179438118.960000,171807755.170000,138656125.370000,101942787.390000
2025-03-19,360994.830000,345973.300000,280766.600000,204420.330000,180497415.820000,172986649.980000,140383297.620000,102210166.980000
2025-03-20,360755.770000,345770.490000,280733.160000,205149.110000,180377883.200000,172885246.670000,140366580.130000,102574553.150000
2025-03-21,361521.510000,346752.870000,282721.210000,205420.960000,180760754.080000,173376436.070000,141360605.280000,102710478.780000
2025-03-24,364267.220000,348865.420000,282031.650000,205004.460000,182133609.500000,174432710.750000,141015825.470000,102502231.620000
2025-03-25,363690.850000,347984.980000,279926.620000,204910.520000,181845426.610000,173992491.080000,139963312.500000,102455259.530000
2025-03-26,362592.300000,347224.950000,280800.690000,205408.220000,181296148.570000,173612474.200000,140400344.420000,102704111.760000
2025-03-27,360794.150000,345600.920000,280063.890000,205035.060000,180397075.790000,172800459.560000,140031946.390000,102517531.120000
2025-03-28,356765.970000,341682.240000,276406.950000,205184.590000,178382983.050000,170841120.840000,138203476.010000,102592294.890000
2025-03-31,355051.800000,339696.810000,273238.290000,205488.110000,177525900.530000,169848404.510000,136619142.600000,102744054.280000
2025-04-01,357743.420000,342000.930000,273851.880000,206144.020000,178871709.920000,171000466.880000,136925939.390000,103072008.280000
2025-04-02,356968.180000,341071.260000,272255.840000,205246.150000,178484087.660000,170535631.300000,136127920.950000,102623075.020000
2025-04-03,343104.950000,327544.980000,260267.270000,202121.190000,171552475.810000,163772490.470000,130133633.040000,101060596.830000
2025-04-04,328148.980000,312955.210000,246190.930000,199484.530000,164074490.950000,156477604.530000,123095465.550000,99742263.970000
2025-04-07,324122.740000,308513.330000,239660.760000,198024.730000,162061372.020000,154256664.760000,119830382.190000,99012363.490000
2025-04-08,331027.690000,315359.590000,246211.710000,199935.800000,165513846.870000,157679797.160000,123105853.980000,99967899.260000
2025-04-09,329101.170000,313668.950000,245832.590000,198153.840000,164550582.850000,156834474.550000,122916296.020000,99076919.500000
2025-04-10,335281.140000,319575.350000,250296.020000,199166.080000,167640570.100000,159787674.430000,125148008.130000,99583038.690000
2025-04-11,336231.920000,321268.030000,255126.170000,198086.540000,168115958.110000,160634017.240000,127563083.580000,99043271.280000
2025-04-14,339993.690000,325291.400000,260766.410000,199006.100000,169996846.800000,162645700.090000,130383204.650000,99503049.520000
2025-04-15,342385.860000,327381.930000,261537.060000,199467.150000,171192930.610000,163690964.560000,130768532.450000,99733574.410000
2025-04-16,340208.110000,324801.540000,257048.190000,199804.240000,170104053.040000,162400768.230000,128524096.190000,99902118.160000
2025-04-17,339434.670000,324414.580000,258510.120000,199725.020000,169717334.100000,162207290.900000,129255061.300000,99862508.450000
2025-04-22,339813.380000,324926.050000,259416.050000,198767.390000,169906692.390000,162463024.740000,129708026.060000,99383696.720000
2025-04-23,345766.620000,331191.220000,267396.420000,200319.590000,172883310.970000,165595610.400000,133698207.670000,100159794.350000
2025-04-24,350970.900000,336495.270000,273033.090000,201425.070000,175485448.620000,168247633.010000,136516545.630000,100712535.310000
2025-04-25,351194.730000,336242.950000,270973.620000,201077.190000,175597365.150000,168121476.160000,135486809.660000,100538596.770000
2025-04-28,350886.940000,336118.170000,271788.580000,200856.930000,175443467.900000,168059086.010000,135894291.620000,100428462.950000
2025-04-29,351970.750000,337212.890000,272858.830000,201355.520000,175985376.710000,168606445.710000,136429416.750000,100677761.200000
2025-04-30,352155.580000,337430.580000,273217.310000,202022.580000,176077788.430000,168715290.990000,136608654.990000,101011288.370000
2025-05-01,353810.170000,339304.820000,275900.110000,202275.790000,176905083.530000,169652411.530000,137950053.790000,101137895.060000
2025-05-02,359226.840000,344824.300000,282122.580000,202921.270000,179613421.110000,172412148.320000,141061290.220000,101460633.320000
2025-05-06,355380.240000,340582.530000,275348.770000,202253.170000,177690119.350000,170291265.030000,137674387.270000,101126586.820000
2025-05-07,354852.380000,340072.890000,274725.490000,202762.210000,177426188.870000,170036442.930000,137362744.650000,101381106.340000
2025-05-08,359688.780000,344752.550000,278699.670000,202969.950000,179844390.110000,172376277.100000,139349836.690000,101484976.850000
2025-05-09,360163.400000,345106.960000,278615.400000,203000.880000,180081697.850000,172553478.980000,139307697.520000,101500439.440000
2025-05-12,365497.560000,350151.450000,282179.230000,202949.980000,182748779.370000,175075723.540000,141089616.200000,101474989.020000
2025-05-13,370526.480000,355027.580000,286503.280000,202806.350000,185263239.590000,177513792.100000,143251637.840000,101403172.650000
2025-05-14,368813.790000,353293.600000,284549.600000,201347.550000,184406893.570000,176646800.590000,142274801.290000,100673772.960000
2025-05-15,369778.960000,354240.500000,285423.830000,202503.070000,184889479.540000,177120249.520000,142711916.510000,101251536.900000
2025-05-16,369851.510000,354221.050000,285278.240000,202979.040000,184925756.310000,177110522.850000,142639120.690000,101489518.970000
2025-05-19,367847.720000,352145.240000,282947.040000,201675.800000,183923859.750000,176072620.820000,141473517.530000,100837901.710000
2025-05-20,369961.320000,354732.650000,287328.700000,202345.620000,184980658.750000,177366325.480000,143664350.290000,101172809.670000
2025-05-21,368551.300000,353009.960000,284098.860000,201299.180000,184275647.620000,176504979.500000,142049431.820000,100649587.530000
2025-05-22,366792.100000,351639.910000,284523.770000,200734.620000,183396050.510000,175819954.630000,142261884.530000,100367310.590000
2025-05-23,366975.160000,353007.590000,291162.360000,201012.960000,183487577.800000,176503796.490000,145581181.450000,100506481.760000
2025-05-27,369187.420000,355461.770000,294478.010000,201286.640000,184593711.470000,177730887.320000,147239003.410000,100643317.920000
2025-05-28,369961.340000,356060.260000,294280.640000,201398.550000,184980667.920000,178030127.620000,147140317.710000,100699277.000000
2025-05-29,369656.820000,355521.360000,292708.050000,201602.590000,184828408.130000,177760678.830000,146354025.330000,100801297.450000
2025-05-30,369182.760000,354815.050000,291555.520000,201901.860000,184591378.280000,177407524.570000,145777758.110000,100950928.400000
2025-06-02,370737.320000,356212.830000,292188.030000,201859.450000,185368658.230000,178106415.650000,146094017.100000,100929722.870000
2025-06-03,374099.060000,359315.340000,294023.220000,202516.970000,187049530.990000,179657670.830000,147011608.610000,101258484.180000
2025-06-04,374328.240000,359894.000000,295849.970000,202353.100000,187164121.630000,179946997.640000,147924985.210000,101176547.630000
2025-06-05,372812.130000,358213.620000,293098.950000,201943.530000,186406065.500000,179106808.280000,146549476.780000,100971765.240000
2025-06-06,375261.790000,360775.850000,296475.260000,202180.120000,187630893.750000,180387923.000000,148237631.420000,101090059.350000
2025-06-09,376179.000000,361311.070000,295452.310000,201714.250000,188089501.830000,180655533.890000,147726156.190000,100857124.410000
2025-06-10,377655.030000,362567.090000,295706.990000,202596.360000,188827513.820000,181283545.980000,147853492.850000,101298177.530000
2025-06-11,379506.150000,364097.080000,295819.010000,202490.360000,189753073.610000,182048540.810000,147909504.610000,101245179.050000
2025-06-12,380600.520000,365456.410000,298381.880000,203570.270000,190300261.240000,182728206.850000,149190939.500000,101785136.250000
2025-06-13,378740.500000,362675.280000,291705.300000,203078.850000,189370249.670000,181337639.130000,145852647.610000,101539427.060000
2025-06-16,381337.310000,365495.660000,295436.740000,203317.240000,190668654.030000,182747828.540000,147718370.720000,101658621.640000
2025-06-17,381950.350000,365624.180000,293288.910000,204026.230000,190975176.410000,182812089.970000,146644454.380000,102013115.130000
2025-06-18,383592.770000,367123.250000,294228.490000,205009.110000,191796383.090000,183561623.180000,147114243.300000,102504556.590000
2025-06-19,382707.550000,366234.480000,293593.010000,205121.260000,191353773.760000,183117238.640000,146796502.750000,102560628.540000
2025-06-20,381137.160000,364586.320000,291401.590000,204287.860000,190568578.490000,182293159.680000,145700794.570000,102143932.250000
2025-06-23,381405.930000,364492.530000,289824.360000,204687.610000,190702963.810000,182246265.940000,144912182.270000,102343804.220000
2025-06-24,381366.640000,365552.350000,295390.700000,203298.700000,190683320.160000,182776176.890000,147695350.260000,101649351.500000
2025-06-25,381657.960000,365809.480000,295229.100000,202853.110000,190828977.530000,182904740.640000,147614551.410000,101426552.690000
2025-06-26,381545.400000,365966.040000,296528.940000,202246.990000,190772701.010000,182983022.250000,148264468.460000,101123496.790000
2025-06-27,382023.310000,367020.050000,299833.440000,202647.190000,191011654.900000,183510025.740000,149916719.130000,101323596.240000
2025-06-30,382553.060000,367495.030000,300125.000000,202961.880000,191276529.900000,183747514.520000,150062497.990000,101480941.100000
2025-07-01,382274.520000,367732.990000,302601.810000,203509.870000,191137259.960000,183866495.590000,151300905.680000,101754934.570000
2025-07-02,386071.900000,371329.520000,304999.930000,204308.410000,193035948.760000,185664758.460000,152499966.160000,102154206.840000
2025-07-03,389856.560000,376256.490000,314927.080000,204667.940000,194928279.290000,188128246.930000,157463539.180000,102333969.250000
2025-07-04,390073.170000,376834.900000,317244.390000,204909.750000,195036585.670000,188417447.780000,158622197.350000,102454876.430000
2025-07-07,389243.420000,375610.860000,314345.330000,204117.170000,194621709.420000,187805428.530000,157172663.220000,102058582.930000
2025-07-08,391717.310000,377875.540000,315675.790000,204940.500000,195858655.970000,188937770.210000,157837895.090000,102470247.750000
2025-07-09,394937.850000,381866.930000,323191.300000,205860.940000,197468923.980000,190933464.150000,161595651.690000,102930470.960000
2025-07-10,398170.590000,385647.980000,329190.800000,206820.390000,199085294.720000,192823990.650000,164595398.960000,103410192.990000
2025-07-11,398532.120000,385099.440000,324504.200000,206919.260000,199266061.750000,192549721.690000,162252101.080000,103459629.050000
2025-07-14,400728.930000,387622.440000,328779.180000,207721.990000,200364464.400000,193811219.150000,164389591.440000,103860996.820000
2025-07-15,402429.740000,389334.720000,330150.380000,207767.980000,201214867.520000,194667362.120000,165075187.990000,103883991.240000
2025-07-16,400675.630000,388365.090000,332890.590000,207257.640000,200337815.010000,194182542.520000,166445295.290000,103628817.900000
2025-07-17,404644.640000,391953.160000,334673.020000,208074.670000,202322321.480000,195976578.310000,167336511.340000,104037334.600000
2025-07-18,404750.900000,392209.390000,335634.190000,208361.220000,202375448.990000,196104694.690000,167817094.210000,104180612.000000
2025-07-21,405672.510000,393257.130000,337072.540000,208618.960000,202836255.240000,196628566.930000,168536267.650000,104309482.430000
2025-07-22,402745.740000,390075.290000,332808.870000,208295.170000,201372868.110000,195037642.710000,166404432.870000,104147586.590000
2025-07-23,403014.960000,390721.620000,335855.930000,207923.750000,201507481.780000,195360808.870000,167927963.250000,103961875.940000
2025-07-24,404879.410000,392549.240000,337635.600000,208113.450000,202439704.350000,196274621.950000,168817800.010000,104056723.500000
2025-07-25,406185.580000,394047.750000,340117.430000,209381.050000,203092792.450000,197023874.650000,170058713.730000,104690523.100000
2025-07-28,407445.450000,395047.660000,339872.910000,209627.040000,203722723.710000,197523829.560000,169936452.630000,104813519.590000
2025-07-29,409626.860000,396245.570000,336650.690000,210777.580000,204813430.570000,198122787.190000,168325347.380000,105388790.340000
2025-07-30,409151.570000,395353.270000,333928.390000,210845.950000,204575784.960000,197676634.870000,166964196.300000,105422976.950000
2025-07-31,410844.920000,396841.110000,334696.360000,211625.920000,205422459.680000,198420556.460000,167348182.340000,105812962.400000
2025-08-01,406199.740000,391743.100000,327354.500000,211346.110000,203099872.120000,195871548.390000,163677248.230000,105673054.830000
2025-08-04,409489.070000,395172.680000,331119.920000,211477.970000,204744535.500000,197586340.620000,165559960.070000,105738983.560000
2025-08-05,410087.410000,395781.650000,332157.780000,211497.110000,205043705.000000,197890826.820000,166078889.670000,105748556.190000
2025-08-06,409979.550000,395236.570000,329987.260000,210983.820000,204989774.630000,197618282.760000,164993630.420000,105491909.500000
2025-08-07,408630.330000,393417.800000,325538.880000,209717.270000,204315167.010000,196708898.170000,162769441.970000,104858636.430000
2025-08-08,408199.630000,392588.170000,322868.580000,208961.290000,204099813.930000,196294083.200000,161434291.230000,104480643.520000
2025-08-11,408595.020000,392696.710000,321630.450000,209351.360000,204297507.580000,196348353.730000,160815224.250000,104675678.380000
2025-08-12,410055.760000,394717.000000,326596.200000,208654.230000,205027882.230000,197358500.310000,163298101.100000,104327115.030000
2025-08-13,410834.340000,396393.460000,332608.830000,208921.500000,205417168.900000,198196732.400000,166304416.790000,104460752.380000
2025-08-14,412041.440000,398083.640000,336624.650000,209319.890000,206020719.990000,199041818.620000,168312324.360000,104659945.930000
2025-08-15,409802.910000,396379.400000,337423.370000,208889.780000,204901454.040000,198189697.520000,168711687.390000,104444888.800000
2025-08-18,410327.520000,397089.380000,338981.230000,209402.970000,205163761.100000,198544692.240000,169490613.320000,104701486.970000
2025-08-19,407945.090000,394403.870000,334752.620000,209866.640000,203972544.160000,197201935.040000,167376307.810000,104933317.970000
2025-08-20,406092.460000,391992.980000,329989.710000,210003.580000,203046229.190000,195996492.500000,164994856.710000,105001790.770000
2025-08-21,408415.550000,394486.190000,333331.370000,210622.320000,204207775.230000,197243095.390000,166665685.750000,105311158.820000
2025-08-22,411378.280000,397675.380000,337459.450000,210954.470000,205689138.010000,198837687.770000,168729725.010000,105477232.940000
2025-08-26,412240.590000,398602.460000,338646.320000,211398.780000,206120297.100000,199301231.260000,169323162.030000,105699387.690000
2025-08-27,412472.820000,399019.040000,339822.700000,211954.660000,206236408.920000,199509520.880000,169911352.220000,105977330.580000
2025-08-28,412970.600000,399570.100000,340643.630000,212137.730000,206485300.990000,199785047.720000,170321814.230000,106068864.890000
2025-08-29,412085.290000,398983.700000,341602.280000,212229.430000,206042646.420000,199491849.580000,170801141.850000,106114716.220000
2025-09-01,412501.030000,398985.030000,339845.830000,212079.980000,206250512.750000,199492514.850000,169922914.500000,106039992.050000
2025-09-02,411839.110000,397945.790000,336881.720000,213005.640000,205919554.580000,198972896.120000,168440858.130000,106502820.810000
2025-09-03,413800.490000,400074.390000,339982.540000,213677.910000,206900243.570000,200037195.350000,169991272.140000,106838954.840000
2025-09-04,414389.720000,400433.900000,339146.510000,214303.700000,207194862.080000,200216948.850000,169573254.360000,107151849.950000
2025-09-05,414774.580000,401605.040000,343439.960000,214117.610000,207387287.750000,200802518.070000,171719981.620000,107058804.120000
2025-09-08,418944.570000,405788.420000,347349.490000,214981.850000,209472287.440000,202894210.730000,173674744.550000,107490927.490000
2025-09-09,419852.840000,406634.740000,347969.570000,214901.040000,209926422.380000,203317371.620000,173984783.980000,107450517.630000
2025-09-10,422141.420000,408519.290000,348057.330000,215527.660000,211070711.890000,204259645.320000,174028667.010000,107763829.370000
2025-09-11,423962.160000,410603.880000,351381.340000,216088.690000,211981081.630000,205301938.360000,175690671.060000,108044344.360000
2025-09-12,425357.710000,412176.910000,353733.010000,216217.690000,212678854.630000,206088456.100000,176866507.140000,108108845.830000
2025-09-15,425932.490000,412653.830000,353457.470000,215902.570000,212966245.750000,206326915.300000,176728732.890000,107951287.000000
2025-09-16,425437.960000,412754.290000,356238.460000,215374.460000,212718979.740000,206377146.730000,178119228.920000,107687232.050000
2025-09-17,424794.930000,412334.690000,356758.270000,215345.990000,212397462.870000,206167343.340000,178379137.040000,107672996.810000
2025-09-18,432309.700000,420514.230000,367655.350000,216525.390000,216154848.400000,210257112.880000,183827677.160000,108262696.690000
2025-09-19,435259.500000,424050.710000,374260.640000,217821.930000,217629750.910000,212025356.050000,187130318.240000,108910966.580000
2025-09-22,438465.150000,427574.190000,379195.910000,218331.870000,219232573.300000,213787094.520000,189597953.170000,109165933.440000
2025-09-23,441163.230000,429664.110000,378124.490000,218785.090000,220581616.070000,214832052.700000,189062246.300000,109392543.690000
2025-09-24,441181.950000,429619.640000,377835.120000,219405.720000,220590972.630000,214809817.720000,188917558.910000,109702859.530000
2025-09-25,441096.530000,429020.010000,374612.040000,219728.500000,220548266.760000,214510006.210000,187306019.020000,109864251.370000
2025-09-26,443487.590000,431852.280000,379901.000000,220175.780000,221743795.900000,215926137.940000,189950498.550000,110087890.100000
2025-09-29,443580.260000,431592.680000,377457.430000,220246.540000,221790129.440000,215796341.750000,188728714.220000,110123268.830000
2025-09-30,443505.340000,431250.570000,376028.420000,220093.450000,221752671.530000,215625283.030000,188014208.840000,110046724.580000
2025-10-01,447283.030000,435544.840000,383425.360000,220660.740000,223641515.130000,217772418.400000,191712682.470000,110330371.020000
2025-10-02,451440.020000,440640.560000,392455.790000,221667.750000,225720010.750000,220320279.560000,196227895.600000,110833873.130000
2025-10-03,454149.660000,444482.840000,401503.940000,222542.720000,227074829.170000,222241420.050000,200751971.950000,111271362.280000
2025-10-06,458668.060000,448656.750000,403747.880000,223345.640000,229334031.500000,224328375.160000,201873939.290000,111672819.030000
2025-10-07,458677.320000,448724.940000,404250.780000,224079.210000,229338659.260000,224362469.190000,202125391.650000,112039603.640000
2025-10-08,464248.210000,454498.580000,410708.970000,226022.010000,232124106.740000,227249287.840000,205354485.420000,113011004.770000
2025-10-09,464389.330000,454549.610000,410180.070000,226515.940000,232194664.620000,227274803.810000,205090032.800000,113257969.160000
2025-10-10,455769.290000,446558.350000,405055.160000,224504.400000,227884644.500000,223279174.660000,202527578.400000,112252197.830000
2025-10-13,459873.710000,450820.880000,409571.090000,225368.650000,229936857.190000,225410439.110000,204785546.970000,112684326.200000
2025-10-14,460928.220000,451867.960000,410501.680000,226861.070000,230464109.200000,225933978.500000,205250838.060000,113430533.650000
2025-10-15,465579.950000,458311.690000,424995.900000,227150.640000,232789973.380000,229155846.020000,212497949.650000,113575320.070000
2025-10-16,466608.320000,459084.940000,423881.080000,226951.930000,233304157.660000,229542470.530000,211940540.670000,113475963.410000
2025-10-17,461772.460000,453784.750000,416237.400000,226658.630000,230886227.900000,226892373.930000,208118701.090000,113329314.690000
2025-10-20,472397.120000,466501.610000,439337.070000,228615.720000,236198558.660000,233250804.170000,219668536.230000,114307859.560000
2025-10-21,468315.650000,461884.190000,432614.890000,228246.070000,234157826.070000,230942094.220000,216307447.440000,114123035.090000
2025-10-22,464744.790000,458353.810000,429796.280000,227954.700000,232372392.730000,229176905.070000,214898141.860000,113977350.330000
2025-10-23,472058.860000,465116.940000,433407.360000,229901.940000,236029430.220000,232558470.040000,216703677.860000,114950971.810000
2025-10-24,473479.720000,466462.690000,434750.440000,230152.930000,236739861.350000,233231346.520000,217375217.520000,115076464.600000
2025-10-27,477039.680000,470625.810000,441821.510000,230030.860000,238519841.890000,235312907.490000,220910754.680000,115015431.740000
2025-10-28,478792.370000,471844.300000,440089.340000,230553.820000,239396186.680000,235922152.470000,220044670.690000,115276910.530000
2025-10-29,485239.400000,478017.250000,445001.590000,231912.640000,242619701.130000,239008625.940000,222500792.720000,115956320.830000
2025-10-30,485356.350000,478002.860000,444340.450000,232336.750000,242678174.910000,239001430.660000,222170226.140000,116168376.810000
2025-10-31,484346.530000,476982.480000,443488.210000,232066.430000,242173265.380000,238491239.420000,221744104.800000,116033215.880000
2025-11-03,485068.350000,476992.840000,439851.000000,231851.080000,242534172.630000,238496419.610000,219925497.950000,115925539.580000
2025-11-04,479704.950000,470225.550000,425837.950000,232272.190000,239852475.410000,235112775.420000,212918976.150000,116136094.880000
2025-11-05,481021.010000,471504.140000,426957.310000,232457.180000,240510506.590000,235752071.650000,213478656.070000,116228590.860000
2025-11-06,473545.410000,463679.450000,417671.050000,231462.930000,236772703.470000,231839726.920000,208835522.790000,115731465.500000
2025-11-07,468399.030000,458014.650000,409867.850000,230231.370000,234199516.330000,229007323.970000,204933926.890000,115115682.700000
2025-11-10,479000.970000,468880.770000,421971.850000,231914.520000,239500486.220000,234440382.850000,210985923.140000,115957259.570000
2025-11-11,479639.600000,469020.530000,419924.720000,232716.140000,239819800.580000,234510266.310000,209962358.820000,116358071.460000
2025-11-12,483190.850000,472872.290000,424637.250000,234293.140000,241595426.260000,236436144.900000,212318623.770000,117146569.020000
2025-11-13,476297.960000,465875.510000,417456.150000,232821.120000,238148978.550000,232937756.950000,208728075.630000,116410560.370000
2025-11-14,474489.550000,464071.690000,415887.970000,232283.390000,237244776.570000,232035842.930000,207943986.200000,116141692.600000
2025-11-17,471237.180000,461058.600000,414097.950000,231475.450000,235618591.940000,230529302.110000,207048977.180000,115737725.370000
2025-11-18,465305.820000,455111.010000,408134.930000,230759.530000,232652908.040000,227555505.410000,204067463.980000,115379764.760000
2025-11-19,466863.250000,456720.430000,409526.410000,231954.000000,233431626.950000,228360213.280000,204763202.700000,115977001.310000
2025-11-20,467235.650000,457409.400000,411725.720000,232257.480000,233617826.420000,228704701.520000,205862859.350000,116128739.710000
2025-11-21,458576.710000,447861.010000,398232.240000,231351.200000,229288357.030000,223930506.580000,199116119.530000,115675601.740000
2025-11-24,465049.730000,454417.370000,404910.480000,232092.660000,232524866.440000,227208685.840000,202455240.890000,116046332.350000
2025-11-25,464745.000000,454479.850000,407041.430000,232086.350000,232372497.690000,227239923.770000,203520714.680000,116043176.010000
2025-11-26,469829.260000,459257.570000,409916.400000,232403.150000,234914628.570000,229628784.750000,204958198.380000,116201572.890000
2025-11-27,468694.220000,458005.670000,408108.400000,232072.500000,234347111.030000,229002836.980000,204054202.010000,116036248.490000
2025-11-28,472557.520000,462044.970000,412775.210000,232765.890000,236278758.100000,231022485.590000,206387603.650000,116382945.000000
2025-12-01,470183.190000,458370.770000,402300.310000,231711.650000,235091596.300000,229185385.730000,201150154.330000,115855825.210000
2025-12-02,471196.280000,459174.870000,402148.890000,231936.580000,235598140.850000,229587435.400000,201074446.360000,115968292.180000
2025-12-03,472182.930000,460837.850000,407124.860000,230466.080000,236091463.670000,230418925.780000,203562430.800000,115233038.200000
2025-12-04,473154.550000,462065.540000,409485.580000,230169.820000,236577275.110000,231032767.830000,204742792.230000,115084911.070000
2025-12-05,474006.770000,462843.490000,409877.890000,230209.090000,237003383.550000,231421743.400000,204938943.180000,115104547.430000
2025-12-08,473951.270000,462746.410000,409490.060000,229626.930000,236975634.200000,231373205.910000,204745031.150000,114813467.130000
2025-12-09,474776.320000,463478.930000,409482.800000,229699.670000,237388157.630000,231739463.230000,204741401.270000,114849834.890000
2025-12-10,475787.630000,464803.070000,412544.360000,229646.730000,237893813.870000,232401535.880000,206272180.240000,114823365.650000
2025-12-11,474336.390000,463522.950000,412193.020000,229485.550000,237168197.380000,231761476.230000,206096508.740000,114742775.110000
2025-12-12,471214.470000,459905.110000,406109.190000,229467.700000,235607236.500000,229952552.860000,203054595.280000,114733849.920000
2025-12-15,471327.910000,459325.220000,402420.840000,229778.500000,235663955.040000,229662607.760000,201210421.950000,114889250.170000
2025-12-16,467013.230000,455128.730000,398761.520000,228399.630000,233506615.960000,227564367.140000,199380759.890000,114199815.970000
2025-12-17,465098.760000,452797.120000,394575.860000,228980.730000,232549378.270000,226398557.600000,197287930.750000,114490366.470000
2025-12-18,471051.530000,458260.760000,397609.070000,230058.370000,235525766.880000,229130377.680000,198804536.240000,115029182.910000
2025-12-19,476665.530000,464202.360000,405142.380000,231108.890000,238332765.650000,232101181.770000,202571190.500000,115554446.370000
2025-12-22,479189.690000,467486.600000,412087.570000,230930.760000,239594845.000000,233743300.010000,206043784.340000,115465379.210000
2025-12-23,479315.800000,467344.730000,410599.490000,230623.910000,239657900.530000,233672366.650000,205299742.800000,115311953.260000
2025-12-24,479159.730000,467322.050000,411104.910000,230119.120000,239579867.220000,233661023.410000,205552455.350000,115059562.450000
2025-12-29,477192.500000,466419.490000,415420.870000,230846.460000,238596250.750000,233209742.640000,207710433.020000,115423228.200000
2025-12-30,478060.220000,466305.290000,410362.450000,231235.740000,239030110.830000,233152643.960000,205181223.480000,115617869.310000
2025-12-31,476977.820000,465609.820000,411758.390000,231172.600000,238488908.550000,232804909.950000,205879196.490000,115586301.600000
2026-01-02,479127.230000,468078.390000,415056.550000,230763.540000,239563616.340000,234039194.690000,207528276.440000,115381772.470000
2026-01-05,487021.160000,476158.900000,423536.500000,231887.320000,243510581.610000,238079451.960000,211768250.770000,115943659.320000
2026-01-06,489812.890000,477783.870000,419602.250000,232454.330000,244906445.180000,238891936.970000,209801123.820000,116227162.540000
2026-01-07,490099.130000,479128.850000,426134.610000,233229.230000,245049566.460000,239564423.640000,213067304.230000,116614616.450000
2026-01-08,487623.750000,476910.480000,425389.100000,233299.590000,243811874.660000,238455241.940000,212694547.640000,116649796.780000
2026-01-09,493774.950000,482183.390000,426074.700000,234339.240000,246887473.280000,241091696.090000,213037350.540000,117169619.790000
2026-01-12,496268.560000,484448.230000,426950.490000,234651.430000,248134278.260000,242224112.650000,213475246.640000,117325713.300000
2026-01-13,499711.950000,487393.600000,427256.230000,235956.780000,249855975.680000,243696799.290000,213628114.610000,117978390.260000
2026-01-14,498085.930000,486302.060000,429118.490000,235790.890000,249042966.260000,243151031.650000,214559244.240000,117895443.620000
2026-01-15,500273.350000,487215.830000,422830.970000,235499.690000,250136675.200000,243607916.660000,211415486.950000,117749844.940000
2026-01-16,500078.420000,487541.510000,425737.710000,235026.800000,250039210.940000,243770756.860000,212868856.350000,117513401.290000
2026-01-19,497419.110000,485149.170000,424588.470000,233891.490000,248709556.050000,242574583.070000,212294234.710000,116945743.350000
2026-01-20,498316.730000,485639.930000,422373.470000,233864.160000,249158366.780000,242819966.080000,211186733.770000,116932080.990000
2026-01-21,501838.490000,489245.070000,425428.200000,235020.030000,250919246.530000,244622535.650000,212714101.710000,117510017.080000
2026-01-22,504953.910000,494078.660000,438416.620000,235634.120000,252476953.470000,247039328.000000,219208311.170000,117817058.950000
2026-01-23,505010.890000,494084.810000,438211.970000,235201.570000,252505443.340000,247042404.090000,219105983.800000,117600782.860000
2026-01-26,500920.250000,489308.520000,430286.890000,233803.440000,250460124.110000,244654261.930000,215143444.020000,116901718.030000
2026-01-27,504863.520000,493379.170000,434718.510000,234060.160000,252431759.970000,246689585.360000,217359252.670000,117030078.490000
2026-01-28,505517.930000,493389.920000,430351.210000,233969.320000,252758963.540000,246694962.340000,215175604.550000,116984658.300000
2026-01-29,504789.940000,492876.670000,431090.480000,234530.810000,252394967.890000,246438335.870000,215545241.150000,117265407.070000
2026-01-30,500720.890000,488422.770000,425609.820000,233846.740000,250360445.890000,244211383.970000,212804912.460000,116923368.660000
2026-02-02,497747.190000,485870.470000,426152.600000,233684.010000,248873593.200000,242935235.540000,213076302.410000,116842005.280000
2026-02-03,500405.830000,487911.830000,425085.130000,234291.910000,250202912.840000,243955916.040000,212542567.070000,117145955.870000
2026-02-04,493564.490000,480443.880000,415185.070000,235586.410000,246782244.780000,240221941.830000,207592537.170000,117793205.210000
2026-02-05,488909.660000,474773.450000,404443.330000,235390.170000,244454830.070000,237386722.620000,202221662.550000,117695086.210000
2026-02-06,496682.170000,482211.300000,410266.260000,236479.770000,248341084.900000,241105652.240000,205133127.990000,118239886.190000
2026-02-09,504323.620000,490439.010000,420748.750000,237591.210000,252161808.140000,245219504.930000,210374372.810000,118795605.140000
2026-02-10,501733.480000,487919.900000,418713.960000,237656.210000,250866739.490000,243959950.810000,209356982.100000,118828105.420000
2026-02-11,505059.670000,490472.600000,417679.080000,238825.100000,252529833.230000,245236301.590000,208839541.720000,119412547.570000
2026-02-12,497358.820000,482927.850000,411032.130000,237417.650000,248679411.040000,241463926.390000,205516065.000000,118708827.080000
2026-02-13,499464.060000,484426.710000,409418.540000,238457.990000,249732029.050000,242213354.470000,204709268.980000,119228993.610000
2026-02-16,499896.030000,485053.350000,411198.620000,238862.330000,249948015.290000,242526677.390000,205599311.540000,119431166.760000
2026-02-17,500183.890000,484521.290000,407260.930000,239945.690000,250091945.890000,242260645.050000,203630465.380000,119972843.140000
2026-02-18,508499.620000,492262.210000,412059.060000,241249.920000,254249807.550000,246131105.950000,206029527.880000,120624960.720000
2026-02-19,510517.940000,494688.500000,416452.290000,242468.130000,255258968.800000,247344248.060000,208226146.280000,121234063.320000
2026-02-20,512763.640000,496866.750000,418112.960000,242542.710000,256381818.550000,248433375.850000,209056478.920000,121271357.050000
2026-02-23,512763.870000,496334.630000,414662.660000,242965.510000,256381934.580000,248167313.150000,207331328.300000,121482753.580000
2026-02-24,513177.800000,497256.390000,417777.180000,242874.620000,256588899.980000,248628196.260000,208888592.150000,121437308.660000
2026-02-25,521712.630000,506476.230000,430067.540000,244266.040000,260856315.010000,253238114.650000,215033768.640000,122133019.030000
2026-02-26,521287.680000,506280.370000,431565.880000,245089.260000,260643841.540000,253140187.260000,215782941.130000,122544630.120000
2026-02-27,523361.920000,507867.710000,431103.200000,246900.840000,261680961.920000,253933853.020000,215551598.250000,123450421.680000
2026-03-02,526839.470000,511150.200000,433377.670000,246227.940000,263419737.210000,255575099.620000,216688833.750000,123113967.850000
2026-03-03,517345.340000,501342.390000,423118.360000,243803.520000,258672670.070000,250671197.170000,211559177.670000,121901760.270000
2026-03-04,521275.440000,505106.350000,426360.480000,244120.720000,260637718.020000,252553175.920000,213180239.530000,122060359.250000
2026-03-05,518470.450000,502149.790000,423107.230000,243625.360000,259235226.590000,251074895.780000,211553613.350000,121812678.100000
2026-03-06,519970.420000,503038.980000,421349.320000,243173.980000,259985211.200000,251519491.530000,210674661.680000,121586991.150000
2026-03-09,520592.910000,503780.520000,423581.270000,242914.010000,260296454.560000,251890260.210000,211790634.190000,121457006.890000
2026-03-10,524433.690000,508535.820000,431087.800000,243697.200000,262216844.890000,254267908.350000,215543901.360000,121848600.300000
2026-03-11,525415.730000,509669.600000,433190.340000,243154.470000,262707866.910000,254834797.680000,216595169.250000,121577233.420000
2026-03-12,524105.880000,507327.150000,426718.380000,243369.510000,262052939.390000,253663575.290000,213359190.100000,121684756.680000
2026-03-13,521812.290000,504420.920000,420918.970000,243308.940000,260906145.290000,252210459.660000,210459483.770000,121654470.920000
2026-03-16,523766.550000,506114.680000,421815.870000,243575.870000,261883276.770000,253057338.390000,210907932.850000,121787935.950000
2026-03-17,525719.200000,507909.480000,422944.620000,244214.130000,262859598.810000,253954739.870000,211472311.020000,122107066.110000
2026-03-18,523846.580000,505644.660000,419031.240000,243448.640000,261923291.270000,252822330.750000,209515618.310000,121724321.040000
2026-03-19,512521.850000,494627.160000,410507.370000,240216.340000,256260922.800000,247313580.760000,205253684.610000,120108170.990000
2026-03-20,507038.200000,489271.270000,405256.540000,238527.420000,253519101.980000,244635635.720000,202628272.380000,119263711.570000
2026-03-23,504028.070000,486891.460000,406469.780000,236987.010000,252014037.330000,243445729.220000,203234888.480000,118493504.420000
2026-03-24,503593.720000,485534.840000,400540.370000,236978.870000,251796862.400000,242767419.270000,200270186.120000,118489435.500000
2026-03-25,510042.660000,492494.120000,409195.170000,238630.790000,255021328.290000,246247061.570000,204597586.410000,119315394.050000
2026-03-26,502781.770000,485470.170000,404050.550000,237579.690000,251390886.010000,242735085.870000,202025275.760000,118789845.710000
2026-03-27,501048.150000,482491.740000,395296.960000,237975.950000,250524073.750000,241245870.960000,197648481.180000,118987973.520000
2026-03-30,501877.080000,482762.200000,393598.370000,240650.090000,250938537.640000,241381097.760000,196799184.780000,120325043.880000
2026-03-31,508926.710000,490799.660000,406231.450000,241804.460000,254463353.490000,245399831.820000,203115722.550000,120902231.050000
2026-04-01,518179.120000,500206.790000,415306.170000,242076.580000,259089557.940000,250103397.270000,207653082.700000,121038287.910000
2026-04-02,518918.450000,500975.970000,416721.880000,243155.290000,259459223.800000,250487985.680000,208360941.370000,121577645.220000
2026-04-07,518751.080000,500366.350000,413998.780000,242472.070000,259375538.380000,250183175.950000,206999389.060000,121236033.270000
2026-04-08,525182.820000,507904.310000,425318.810000,242263.170000,262591407.610000,253952157.180000,212659406.690000,121131584.980000
2026-04-09,527029.860000,509354.790000,424509.450000,242729.030000,263514928.410000,254677393.980000,212254724.780000,121364512.640000
2026-04-10,527775.490000,509544.820000,421587.190000,242020.070000,263887745.170000,254772407.790000,210793594.440000,121010033.570000
2026-04-13,529860.860000,512057.690000,426419.950000,241994.430000,264930430.360000,256028847.380000,213209974.150000,120997216.800000
2026-04-14,531298.060000,514107.260000,430714.840000,241019.970000,265649030.050000,257053630.210000,215357422.190000,120509986.660000
2026-04-15,532856.750000,516111.230000,434584.870000,240790.260000,266428373.980000,258055613.810000,217292435.610000,120395130.050000
2026-04-16,537703.870000,521793.610000,443742.780000,241921.580000,268851937.310000,260896803.930000,221871392.090000,120960790.320000
2026-04-17,541028.730000,526164.890000,452697.510000,242752.020000,270514366.190000,263082445.390000,226348754.590000,121376008.230000
2026-04-20,539436.780000,524120.020000,448739.520000,242841.070000,269718390.370000,262060010.680000,224369759.080000,121420535.980000
2026-04-21,537402.730000,522289.160000,447472.140000,242177.230000,268701365.470000,261144577.930000,223736067.890000,121088614.600000
2026-04-22,542893.830000,528749.030000,458239.940000,242883.950000,271446916.620000,264374515.310000,229119968.770000,121441974.440000
2026-04-23,542798.870000,527404.090000,450560.540000,242917.710000,271399436.120000,263702044.760000,225280268.170000,121458856.680000
2026-04-24,546534.190000,530946.090000,452225.660000,242658.870000,273267097.370000,265473042.870000,226112832.450000,121329432.940000
2026-04-27,542642.530000,526772.350000,447285.090000,241276.360000,271321262.680000,263386173.680000,223642543.730000,120638181.920000
2026-04-28,537776.890000,521780.070000,442679.370000,241407.570000,268888446.320000,260890036.780000,221339687.310000,120703786.420000
2026-04-29,539646.790000,522950.040000,440096.010000,241028.800000,269823397.430000,261475018.570000,220048006.440000,120514401.750000
2026-04-30,544138.770000,527691.490000,446136.820000,240616.400000,272069387.170000,263845744.050000,223068412.430000,120308201.670000
2026-05-01,545549.000000,528862.120000,445733.990000,240094.120000,272774499.440000,264431061.190000,222866997.250000,120047060.220000
2026-05-05,549740.830000,534429.710000,456585.800000,240809.620000,274870417.280000,267214856.610000,228292902.210000,120404809.050000
2026-05-06,557190.470000,541600.510000,461301.490000,241564.930000,278595232.920000,270800253.910000,230650743.300000,120782465.810000
2026-05-07,556008.840000,540794.430000,462123.270000,241524.450000,278004418.940000,270397214.040000,231061632.760000,120762222.850000
2026-05-08,556940.480000,540973.630000,458426.710000,241209.080000,278470237.980000,270486815.890000,229213353.260000,120604540.500000
2026-05-11,564813.980000,550027.490000,472558.090000,241486.610000,282406988.360000,275013745.870000,236279046.060000,120743303.910000
2026-05-12,560850.710000,546113.920000,469867.200000,242493.450000,280425352.710000,273056962.170000,234933598.470000,121246725.140000
2026-05-13,565591.630000,550429.390000,471441.070000,242792.490000,282795815.810000,275214696.270000,235720536.170000,121396245.950000
2026-05-14,571427.070000,557021.200000,481157.060000,244345.390000,285713537.480000,278510598.320000,240578531.530000,122172695.190000
2026-05-15,565402.420000,550198.700000,471504.140000,244402.270000,282701212.080000,275099351.750000,235752068.820000,122201134.110000
2026-05-18,561666.690000,545796.910000,465298.910000,243935.910000,280833346.760000,272898457.470000,232649452.610000,121967955.370000
2026-05-19,557511.450000,541384.190000,459890.320000,242485.660000,278755724.470000,270692094.720000,229945162.230000,121242829.580000
2026-05-20,564497.190000,548054.740000,464474.630000,243053.230000,282248592.850000,274027372.050000,232237315.110000,121526615.610000
2026-05-21,566410.800000,550462.060000,469139.050000,243580.790000,283205398.620000,275231032.020000,234569527.400000,121790396.040000
2026-05-22,570980.490000,555350.160000,475015.410000,243789.630000,285490244.300000,277675082.350000,237507704.020000,121894817.200000
2026-05-26,575959.080000,561098.690000,483526.110000,244585.400000,287979542.470000,280549347.150000,241763054.640000,122292697.790000
2026-05-27,576152.020000,563137.040000,494200.870000,245085.650000,288076009.220000,281568521.040000,247100437.050000,122542825.400000
2026-05-28,580987.150000,567295.950000,494890.070000,245049.350000,290493577.430000,283647976.930000,247445036.590000,122524675.720000
2026-05-29,583904.210000,569713.770000,495314.570000,244992.380000,291952103.190000,284856885.940000,247657287.440000,122496189.170000
2026-06-01,585299.710000,571038.830000,496188.710000,244843.270000,292649852.930000,285519416.130000,248094352.630000,122421634.830000
2026-06-02,585959.690000,570213.410000,487546.200000,244768.280000,292979844.700000,285106706.970000,243773102.240000,122384138.490000
2026-06-03,583296.170000,566541.840000,478766.660000,244643.710000,291648083.830000,283270921.930000,239383329.250000,122321854.020000
2026-06-04,580433.360000,564374.290000,480285.350000,244967.800000,290216680.150000,282187145.480000,240142673.780000,122483902.380000
2026-06-05,567244.280000,549918.480000,461462.850000,244257.090000,283622137.900000,274959238.500000,230731423.200000,122128542.740000
2026-06-08,571274.100000,553972.840000,465387.300000,244975.850000,285637051.220000,276986420.900000,232693649.230000,122487927.480000
2026-06-09,557256.270000,540106.700000,452594.220000,242864.060000,278628133.110000,270053349.650000,226297107.750000,121432032.390000
2026-06-10,552916.360000,534653.710000,442193.910000,242281.210000,276458180.580000,267326853.730000,221096956.340000,121140603.890000
2026-06-11,558523.070000,540211.570000,447349.830000,243577.990000,279261533.030000,270105786.850000,223674913.310000,121788994.320000
2026-06-12,566667.460000,547598.550000,449637.820000,243596.130000,283333731.370000,273799273.750000,224818911.520000,121798065.550000
2026-06-15,575273.280000,556567.160000,459226.780000,244226.520000,287636642.140000,278283577.690000,229613392.150000,122113258.310000
2026-06-16,571800.990000,553011.590000,455903.470000,244250.990000,285900495.370000,276505796.590000,227951735.070000,122125495.420000
2026-06-17,574830.920000,556316.890000,460086.520000,244773.540000,287415458.070000,278158447.470000,230043260.390000,122386771.270000
2026-06-18,578761.780000,560589.170000,464988.620000,246330.220000,289380889.100000,280294586.710000,232494311.360000,123165108.440000
2026-06-19,580259.520000,562450.030000,468875.280000,246483.110000,290129757.670000,281225016.460000,234437642.030000,123241553.950000
2026-06-22,578428.840000,560162.710000,464119.720000,246086.640000,289214420.570000,280081353.910000,232059861.210000,123043319.390000
2026-06-23,569618.080000,551583.690000,457748.720000,246288.230000,284809037.510000,275791843.270000,228874357.660000,123144116.840000
2026-06-24,565510.820000,547114.930000,452178.150000,247236.940000,282755411.080000,273557465.950000,226089076.860000,123618467.960000
2026-06-25,565208.190000,546263.780000,448416.170000,246517.450000,282604094.060000,273131890.340000,224208083.920000,123258727.080000
2026-06-26,563423.030000,544670.090000,448145.990000,246967.780000,281711514.770000,272335042.770000,224072993.540000,123483891.840000
2026-06-29,564679.450000,546643.380000,453616.550000,246509.670000,282339723.400000,273321691.540000,226808275.870000,123254833.070000
2026-06-30,572314.680000,553972.050000,458606.230000,247005.970000,286157337.830000,276986025.680000,229303113.650000,123502983.000000
2026-07-01,570139.280000,552350.710000,460051.870000,246150.640000,285069638.560000,276175352.890000,230025935.910000,123075318.200000
2026-07-02,566572.340000,548808.130000,458159.940000,245899.860000,283286172.290000,274404066.880000,229079970.210000,122949928.440000
2026-07-03,569819.480000,551501.450000,457978.010000,246069.300000,284909737.530000,275750724.380000,228989002.810000,123034650.740000
2026-07-06,570354.090000,551706.690000,456552.020000,245826.310000,285177045.910000,275853345.490000,228276010.930000,122913154.220000
2026-07-07,561292.430000,542648.970000,449034.890000,244589.690000,280646215.570000,271324484.700000,224517447.280000,122294845.200000
2026-07-08,560498.720000,541607.830000,447167.980000,243189.700000,280249360.690000,270803913.210000,223583989.220000,121594849.190000
2026-07-09,567104.830000,548268.350000,451894.130000,243751.170000,283552412.880000,274134174.760000,225947066.140000,121875584.130000
2026-07-10,563968.530000,545168.250000,448737.840000,242952.990000,281984263.660000,272584122.670000,224368917.820000,121476493.090000
2026-07-13,560966.930000,541050.240000,440411.350000,242788.090000,280483464.440000,270525121.870000,220205674.180000,121394043.090000
2026-07-14,565735.350000,545007.160000,440332.390000,242995.640000,282867672.920000,272503578.430000,220166197.310000,121497821.220000
2026-07-15,559402.890000,539557.610000,439725.270000,242059.080000,279701446.570000,269778804.470000,219862636.010000,121029539.380000
2026-07-16,555151.490000,533927.620000,428349.780000,241466.520000,277575745.780000,266963809.340000,214174890.260000,120733260.980000
2026-07-17,551813.130000,530197.710000,423521.150000,241891.380000,275906566.720000,265098853.680000,211760573.050000,120945689.770000
2026-07-20,554213.040000,532192.280000,423287.340000,241751.180000,277106518.460000,266096138.290000,211643668.580000,120875591.380000
2026-07-21,563036.600000,540838.710000,430335.090000,242725.010000,281518298.760000,270419356.230000,215167544.520000,121362504.530000
2026-07-22,567478.500000,545069.060000,433221.180000,243384.110000,283739247.750000,272534529.250000,216610587.560000,121692056.100000
2026-07-23,563871.750000,541335.710000,429556.380000,243474.000000,281935873.640000,270667856.150000,214778191.860000,121736997.900000
2026-07-24,562190.930000,539139.130000,425616.540000,243724.590000,281095463.640000,269569562.950000,212808268.030000,121862294.150000
2026-07-27,557702.280000,535513.990000,426782.910000,244104.880000,278851139.950000,267756995.150000,213391457.050000,122052442.180000
2026-07-28,552776.200000,530709.880000,422889.350000,245047.030000,276388099.380000,265354941.360000,211444673.170000,122523515.370000
2026-07-29,549553.700000,526854.150000,417151.510000,244886.340000,274776849.070000,263427075.520000,208575752.680000,122443168.580000
2026-07-30,554825.790000,531846.390000,420029.520000,242401.870000,277412892.790000,265923194.450000,210014759.910000,121200933.560000
2026-07-31,553848.490000,531263.410000,421289.110000,241763.740000,276924242.820000,265631703.480000,210644557.460000,120881871.190000
2026-08-03,555810.300000,533997.820000,426618.280000,241977.270000,277905147.710000,266998909.080000,213309140.350000,120988632.600000
2026-08-04,568189.130000,544512.980000,429155.740000,242713.090000,284094564.240000,272256488.930000,214577868.230000,121356544.500000
2026-08-05,569819.630000,546143.320000,430261.260000,242698.900000,284909814.200000,273071660.160000,215130627.630000,121349449.160000
2026-08-06,570876.870000,547259.290000,431517.820000,243201.430000,285438435.770000,273629643.730000,215758909.580000,121600715.560000
2026-08-07,576649.450000,552688.330000,435596.860000,242934.310000,288324725.440000,276344163.510000,217798432.300000,121467156.740000
2026-08-10,576452.540000,552249.140000,434848.880000,242905.880000,288226272.470000,276124568.890000,217424438.660000,121452939.910000
2026-08-11,578297.790000,554713.640000,439548.470000,242609.890000,289148896.740000,277356821.960000,219774233.790000,121304946.370000
2026-08-12,582002.050000,558330.400000,441842.520000,243044.300000,291001024.690000,279165201.900000,220921262.490000,121522152.310000
2026-08-13,583258.760000,559317.770000,441705.260000,243216.110000,291629380.540000,279658885.130000,220852629.040000,121608054.180000
2026-08-14,579441.180000,555658.830000,438874.570000,241921.290000,289720588.660000,277829413.800000,219437286.290000,120960644.190000
2026-08-17,582218.440000,557580.700000,436620.390000,241493.750000,291109219.850000,278790350.570000,218310195.640000,120746875.570000
2026-08-18,576760.170000,553116.130000,437836.730000,241787.230000,288380085.580000,276558065.530000,218918363.220000,120893614.090000
2026-08-19,577753.020000,554752.920000,442387.210000,241711.510000,288876510.480000,277376459.790000,221193606.710000,120855755.740000
2026-08-20,576575.840000,553253.500000,439426.290000,240840.190000,288287918.300000,276626747.830000,219713146.880000,120420096.640000
2026-08-21,580415.750000,556831.520000,441674.300000,240980.560000,290207872.500000,278415760.920000,220837148.140000,120490279.270000
2026-08-24,577206.910000,553711.820000,439046.290000,241467.640000,288603452.670000,276855908.510000,219523146.380000,120733820.040000
2026-08-25,579702.490000,557128.890000,446234.050000,242487.610000,289851245.380000,278564444.910000,223117023.240000,121243805.900000
2026-08-26,578966.100000,555510.950000,440911.620000,242301.320000,289483051.480000,277755476.640000,220455810.990000,121150659.060000
2026-08-27,581567.090000,558190.450000,443752.450000,242207.930000,290783543.290000,279095225.820000,221876227.360000,121103965.750000
2026-08-28,581301.590000,556942.460000,438499.220000,242129.430000,290650795.450000,278471232.270000,219249608.870000,121064713.650000
2026-09-01,574269.520000,549881.740000,432341.830000,241469.200000,287134758.790000,274940867.790000,216170914.960000,120734601.140000
2026-09-02,574469.240000,549593.720000,429957.240000,241686.530000,287234622.280000,274796861.260000,214978618.980000,120843267.190000
2026-09-03,579445.610000,554237.560000,433485.910000,242629.480000,289722803.660000,277118779.650000,216742956.540000,121314741.380000
2026-09-04,579755.940000,554606.350000,433443.940000,242220.480000,289877970.670000,277303176.620000,216721972.290000,121110238.050000
2026-09-07,581323.890000,555955.590000,433920.380000,241647.710000,290661944.460000,277977794.420000,216960191.020000,120823855.290000
2026-09-08,581048.160000,555406.650000,431740.330000,241396.670000,290524080.680000,277703324.430000,215870164.760000,120698335.490000
2026-09-09,579311.290000,553935.810000,431439.360000,240646.790000,289655643.170000,276967905.550000,215719679.510000,120323396.850000
2026-09-10,576455.140000,550428.070000,425724.730000,239949.550000,288227568.590000,275214032.560000,212862363.320000,119974773.550000
2026-09-11,577637.210000,550380.330000,420434.720000,240040.000000,288818606.120000,275190164.710000,210217360.140000,120019999.700000
2026-09-14,571018.130000,542717.240000,409986.710000,240095.370000,285509064.580000,271358619.360000,204993356.970000,120047686.540000
2026-09-15,569633.620000,540805.950000,406053.640000,239853.630000,284816811.430000,270402976.050000,203026818.590000,119926813.800000
2026-09-16,572254.080000,542700.460000,404583.990000,240451.520000,286127040.260000,271350229.000000,202291996.770000,120225759.200000
