ts,symbol,side,qty,price
2021-09-16T21:00:00+00:00,AL3.AX,BUY,1527.0000,364.2100
2021-09-16T21:00:00+00:00,ALCLS.PA,BUY,444.0000,1252.0400
2021-09-16T21:00:00+00:00,ALMDT.PA,BUY,437.0000,1272.2300
2021-09-16T21:00:00+00:00,AXE.AX,BUY,628.0000,884.4600
2021-09-16T21:00:00+00:00,AZN.L,BUY,7941.0000,120.7600
2021-09-16T21:00:00+00:00,BGO.L,BUY,1437.0000,386.8400
2021-09-16T21:00:00+00:00,BRK-B,BUY,10400.0000,121.7000
2021-09-16T21:00:00+00:00,BRNT.L,BUY,30241.0000,152.1700
2021-09-16T21:00:00+00:00,DBMG.L,BUY,76405.0000,110.2400
2021-09-16T21:00:00+00:00,EDIT,BUY,97.0000,5723.8300
2021-09-16T21:00:00+00:00,EMV.AX,BUY,2107.0000,263.8600
2021-09-16T21:00:00+00:00,FTC.L,BUY,3683.0000,151.0100
2021-09-16T21:00:00+00:00,GSIT,BUY,1621.0000,343.0400
2021-09-16T21:00:00+00:00,HSBA.L,BUY,43392.0000,102.5400
2021-09-16T21:00:00+00:00,HYT.AX,BUY,98.0000,5619.6100
2021-09-16T21:00:00+00:00,IBTM.L,BUY,79717.0000,111.6300
2021-09-16T21:00:00+00:00,IDN,BUY,1005.0000,552.9000
2021-09-16T21:00:00+00:00,IITU.L,BUY,38095.0000,126.0100
2021-09-16T21:00:00+00:00,IPWR,BUY,1016.0000,547.1600
2021-09-16T21:00:00+00:00,ISF.L,BUY,106922.0000,112.6500
2021-09-16T21:00:00+00:00,LTBR,BUY,2663.0000,208.8400
2021-09-16T21:00:00+00:00,MOLN.SW,BUY,981.0000,566.4400
2021-09-16T21:00:00+00:00,MSCL.TO,BUY,921.0000,603.7100
2021-09-16T21:00:00+00:00,PLTR,BUY,10862.0000,409.6300
2021-09-16T21:00:00+00:00,PRQR,BUY,425.0000,1307.8400
2021-09-16T21:00:00+00:00,QSI,BUY,447.0000,1243.8700
2021-09-16T21:00:00+00:00,RR.L,BUY,27025.0000,164.6400
2021-09-16T21:00:00+00:00,SEYE.ST,BUY,990.0000,561.2900
2021-09-16T21:00:00+00:00,SGLN.L,BUY,126143.0000,104.6100
2021-09-16T21:00:00+00:00,SHEL.L,BUY,38304.0000,116.1600
2021-09-16T21:00:00+00:00,SLX.AX,BUY,2215.0000,250.9900
2021-09-16T21:00:00+00:00,SMGB.L,BUY,112679.0000,131.1400
2021-09-16T21:00:00+00:00,VUL.AX,BUY,737.0000,753.7200
2021-09-16T21:00:00+00:00,VYGR,BUY,4614.0000,120.5300
2021-09-16T21:00:00+00:00,WBT.AX,BUY,2226.0000,249.8500
2021-10-15T21:00:00+00:00,AL3.AX,BUY,60.0000,361.3700
2021-10-15T21:00:00+00:00,ALCLS.PA,BUY,129.0000,1000.1100
2021-10-15T21:00:00+00:00,ALMDT.PA,SELL,20.0000,1373.1800
2021-10-15T21:00:00+00:00,AZN.L,SELL,360.0000,130.4600
2021-10-15T21:00:00+00:00,BGO.L,BUY,431.0000,307.0200
2021-10-15T21:00:00+00:00,BRK-B,SELL,62.0000,126.2800
2021-10-15T21:00:00+00:00,BRNT.L,SELL,3317.0000,176.2900
2021-10-15T21:00:00+00:00,DBMG.L,BUY,1067.0000,112.1400
2021-10-15T21:00:00+00:00,EDIT,BUY,61.0000,3614.5300
2021-10-15T21:00:00+00:00,EMV.AX,SELL,4.0000,272.7500
2021-10-15T21:00:00+00:00,FTC.L,BUY,387.0000,140.9400
2021-10-15T21:00:00+00:00,GSIT,BUY,225.0000,310.6500
2021-10-15T21:00:00+00:00,HSBA.L,SELL,5366.0000,120.6900
2021-10-15T21:00:00+00:00,HYT.AX,BUY,1.0000,5750.0200
2021-10-15T21:00:00+00:00,IBTM.L,BUY,3923.0000,109.7400
2021-10-15T21:00:00+00:00,IDN,BUY,61.0000,537.6500
2021-10-15T21:00:00+00:00,IITU.L,BUY,1392.0000,125.3900
2021-10-15T21:00:00+00:00,IPWR,BUY,47.0000,539.5400
2021-10-15T21:00:00+00:00,ISF.L,BUY,49.0000,116.1400
2021-10-15T21:00:00+00:00,LTBR,SELL,475.0000,262.0900
2021-10-15T21:00:00+00:00,MOLN.SW,BUY,35.0000,564.2400
2021-10-15T21:00:00+00:00,MSCL.TO,SELL,106.0000,703.8700
2021-10-15T21:00:00+00:00,PLTR,BUY,2329.0000,347.9000
2021-10-15T21:00:00+00:00,PRQR,BUY,27.0000,1267.1700
2021-10-15T21:00:00+00:00,QSI,BUY,8.0000,1260.2500
2021-10-15T21:00:00+00:00,RR.L,SELL,5996.0000,218.2400
2021-10-15T21:00:00+00:00,SEYE.ST,BUY,143.0000,506.1000
2021-10-15T21:00:00+00:00,SGLN.L,BUY,2444.0000,105.8500
2021-10-15T21:00:00+00:00,SHEL.L,SELL,5659.0000,140.5800
2021-10-15T21:00:00+00:00,SLX.AX,BUY,507.0000,210.7400
2021-10-15T21:00:00+00:00,SMGB.L,BUY,7778.0000,126.5300
2021-10-15T21:00:00+00:00,VUL.AX,BUY,203.0000,609.8000
2021-10-15T21:00:00+00:00,VYGR,SELL,1143.0000,165.2500
2021-10-15T21:00:00+00:00,WBT.AX,SELL,237.0000,288.3400
2021-11-15T21:00:00+00:00,AL3.AX,BUY,65.0000,364.1100
2021-11-15T21:00:00+00:00,ALCLS.PA,BUY,39.0000,982.3100
2021-11-15T21:00:00+00:00,ALMDT.PA,BUY,30.0000,1344.2900
2021-11-15T21:00:00+00:00,AXE.AX,BUY,61.0000,873.1400
2021-11-15T21:00:00+00:00,AZN.L,BUY,216.0000,133.0300
2021-11-15T21:00:00+00:00,BGO.L,SELL,82.0000,336.8400
2021-11-15T21:00:00+00:00,BRK-B,BUY,287.0000,128.8600
2021-11-15T21:00:00+00:00,BRNT.L,BUY,1713.0000,173.8200
2021-11-15T21:00:00+00:00,DBMG.L,BUY,333.0000,117.1000
2021-11-15T21:00:00+00:00,EDIT,BUY,14.0000,3485.7500
2021-11-15T21:00:00+00:00,EMV.AX,BUY,342.0000,246.0400
2021-11-15T21:00:00+00:00,FTC.L,SELL,256.0000,157.7200
2021-11-15T21:00:00+00:00,GSIT,SELL,273.0000,382.2800
2021-11-15T21:00:00+00:00,HSBA.L,BUY,1622.0000,121.3900
2021-11-15T21:00:00+00:00,HYT.AX,BUY,4.0000,5793.5800
2021-11-15T21:00:00+00:00,IBTM.L,BUY,2183.0000,112.1600
2021-11-15T21:00:00+00:00,IDN,BUY,498.0000,384.5000
2021-11-15T21:00:00+00:00,IITU.L,SELL,1852.0000,137.9700
2021-11-15T21:00:00+00:00,IPWR,SELL,25.0000,579.4900
2021-11-15T21:00:00+00:00,ISF.L,BUY,3341.0000,118.1100
2021-11-15T21:00:00+00:00,LTBR,SELL,1065.0000,535.7200
2021-11-15T21:00:00+00:00,MOLN.SW,BUY,360.0000,436.9200
2021-11-15T21:00:00+00:00,MSCL.TO,BUY,151.0000,622.2800
2021-11-15T21:00:00+00:00,PLTR,BUY,730.0000,345.7200
2021-11-15T21:00:00+00:00,PRQR,BUY,21.0000,1271.3000
2021-11-15T21:00:00+00:00,QSI,BUY,55.0000,1177.9000
2021-11-15T21:00:00+00:00,RR.L,BUY,1110.0000,217.3900
2021-11-15T21:00:00+00:00,SEYE.ST,SELL,209.0000,650.5100
2021-11-15T21:00:00+00:00,SGLN.L,SELL,3398.0000,114.0200
2021-11-15T21:00:00+00:00,SHEL.L,BUY,3155.0000,134.4400
2021-11-15T21:00:00+00:00,SLX.AX,BUY,131.0000,210.8100
2021-11-15T21:00:00+00:00,SMGB.L,SELL,12091.0000,147.5000
2021-11-15T21:00:00+00:00,VUL.AX,BUY,129.0000,562.3300
2021-11-15T21:00:00+00:00,VYGR,BUY,813.0000,140.4300
2021-11-15T21:00:00+00:00,WBT.AX,BUY,195.0000,275.4100
2021-12-14T21:00:00+00:00,AL3.AX,BUY,53.0000,337.1000
2021-12-14T21:00:00+00:00,ALCLS.PA,BUY,137.0000,767.7600
2021-12-14T21:00:00+00:00,ALMDT.PA,BUY,4.0000,1274.6400
2021-12-14T21:00:00+00:00,AXE.AX,BUY,224.0000,629.6800
2021-12-14T21:00:00+00:00,AZN.L,BUY,326.0000,122.0500
2021-12-14T21:00:00+00:00,BGO.L,SELL,75.0000,335.9600
2021-12-14T21:00:00+00:00,BRK-B,SELL,975.0000,135.6100
2021-12-14T21:00:00+00:00,BRNT.L,BUY,508.0000,163.2500
2021-12-14T21:00:00+00:00,DBMG.L,SELL,1720.0000,114.4600
2021-12-14T21:00:00+00:00,EDIT,BUY,32.0000,2814.6400
2021-12-14T21:00:00+00:00,EMV.AX,SELL,114.0000,246.6400
2021-12-14T21:00:00+00:00,FTC.L,SELL,6.0000,151.0100
2021-12-14T21:00:00+00:00,GSIT,BUY,333.0000,301.6300
2021-12-14T21:00:00+00:00,HSBA.L,SELL,1575.0000,120.8300
2021-12-14T21:00:00+00:00,HYT.AX,SELL,3.0000,5721.4000
2021-12-14T21:00:00+00:00,IBTM.L,SELL,5997.0000,115.2600
2021-12-14T21:00:00+00:00,IDN,BUY,99.0000,345.7500
2021-12-14T21:00:00+00:00,IITU.L,SELL,2382.0000,140.7900
2021-12-14T21:00:00+00:00,IPWR,BUY,500.0000,373.8400
2021-12-14T21:00:00+00:00,ISF.L,SELL,3074.0000,116.1300
2021-12-14T21:00:00+00:00,LTBR,BUY,958.0000,276.3000
2021-12-14T21:00:00+00:00,MOLN.SW,SELL,161.0000,473.0500
2021-12-14T21:00:00+00:00,MSCL.TO,BUY,166.0000,507.5900
2021-12-14T21:00:00+00:00,PLTR,BUY,2537.0000,279.5200
2021-12-14T21:00:00+00:00,PRQR,BUY,51.0000,1096.2500
2021-12-14T21:00:00+00:00,QSI,BUY,131.0000,895.9000
2021-12-14T21:00:00+00:00,RR.L,BUY,3875.0000,176.8400
2021-12-14T21:00:00+00:00,SEYE.ST,BUY,63.0000,582.1700
2021-12-14T21:00:00+00:00,SGLN.L,SELL,1178.0000,110.0200
2021-12-14T21:00:00+00:00,SHEL.L,SELL,374.0000,129.8600
2021-12-14T21:00:00+00:00,SLX.AX,BUY,562.0000,168.3500
2021-12-14T21:00:00+00:00,SMGB.L,SELL,4185.0000,146.6500
2021-12-14T21:00:00+00:00,VUL.AX,SELL,169.0000,638.2500
2021-12-14T21:00:00+00:00,VYGR,BUY,695.0000,115.4900
2021-12-14T21:00:00+00:00,WBT.AX,BUY,305.0000,230.9700
2022-01-17T21:00:00+00:00,AL3.AX,BUY,126.0000,318.6500
2022-01-17T21:00:00+00:00,ALCLS.PA,BUY,84.0000,699.8100
2022-01-17T21:00:00+00:00,ALMDT.PA,BUY,3.0000,1284.6000
2022-01-17T21:00:00+00:00,AXE.AX,SELL,58.0000,682.3200
2022-01-17T21:00:00+00:00,AZN.L,SELL,388.0000,130.0900
2022-01-17T21:00:00+00:00,BGO.L,BUY,17.0000,337.7200
2022-01-17T21:00:00+00:00,BRK-B,SELL,398.0000,143.5500
2022-01-17T21:00:00+00:00,BRNT.L,SELL,2976.0000,184.5200
2022-01-17T21:00:00+00:00,DBMG.L,BUY,3304.0000,111.3300
2022-01-17T21:00:00+00:00,EDIT,BUY,74.0000,2094.1600
2022-01-17T21:00:00+00:00,EMV.AX,BUY,283.0000,223.2500
2022-01-17T21:00:00+00:00,FTC.L,SELL,28.0000,154.3600
2022-01-17T21:00:00+00:00,GSIT,BUY,68.0000,295.5300
2022-01-17T21:00:00+00:00,HSBA.L,SELL,5711.0000,144.2700
2022-01-17T21:00:00+00:00,HYT.AX,BUY,4.0000,5594.8100
2022-01-17T21:00:00+00:00,IBTM.L,BUY,6229.0000,108.5100
2022-01-17T21:00:00+00:00,IDN,BUY,160.0000,320.0400
2022-01-17T21:00:00+00:00,IITU.L,BUY,2198.0000,134.5000
2022-01-17T21:00:00+00:00,IPWR,BUY,165.0000,342.5500
2022-01-17T21:00:00+00:00,ISF.L,SELL,4121.0000,122.5700
2022-01-17T21:00:00+00:00,LTBR,BUY,97.0000,267.8900
2022-01-17T21:00:00+00:00,MOLN.SW,SELL,415.0000,729.0000
2022-01-17T21:00:00+00:00,MSCL.TO,BUY,237.0000,426.2000
2022-01-17T21:00:00+00:00,PLTR,BUY,3725.0000,231.3200
2022-01-17T21:00:00+00:00,PRQR,BUY,14.0000,1083.5200
2022-01-17T21:00:00+00:00,QSI,BUY,43.0000,853.0000
2022-01-17T21:00:00+00:00,RR.L,SELL,1450.0000,190.0700
2022-01-17T21:00:00+00:00,SEYE.ST,BUY,354.0000,434.9300
2022-01-17T21:00:00+00:00,SGLN.L,BUY,2549.0000,109.4100
2022-01-17T21:00:00+00:00,SHEL.L,SELL,3833.0000,147.7800
2022-01-17T21:00:00+00:00,SLX.AX,SELL,474.0000,198.4400
2022-01-17T21:00:00+00:00,SMGB.L,SELL,464.0000,149.5000
2022-01-17T21:00:00+00:00,VUL.AX,BUY,269.0000,498.8900
2022-01-17T21:00:00+00:00,VYGR,SELL,38.0000,118.1100
2022-01-17T21:00:00+00:00,WBT.AX,SELL,354.0000,273.3300
2022-02-15T21:00:00+00:00,AL3.AX,BUY,252.0000,274.3300
2022-02-15T21:00:00+00:00,ALCLS.PA,BUY,222.0000,541.5600
2022-02-15T21:00:00+00:00,ALMDT.PA,BUY,51.0000,1130.0100
2022-02-15T21:00:00+00:00,AXE.AX,BUY,161.0000,562.2800
2022-02-15T21:00:00+00:00,AZN.L,SELL,242.0000,131.5000
2022-02-15T21:00:00+00:00,BGO.L,SELL,27.0000,335.9600
2022-02-15T21:00:00+00:00,BRK-B,SELL,88.0000,141.9100
2022-02-15T21:00:00+00:00,BRNT.L,SELL,2488.0000,199.6700
2022-02-15T21:00:00+00:00,DBMG.L,SELL,4644.0000,115.7900
2022-02-15T21:00:00+00:00,EDIT,BUY,79.0000,1598.8000
2022-02-15T21:00:00+00:00,EMV.AX,BUY,577.0000,179.0700
2022-02-15T21:00:00+00:00,FTC.L,SELL,157.0000,157.7200
2022-02-15T21:00:00+00:00,GSIT,BUY,106.0000,274.6300
2022-02-15T21:00:00+00:00,HSBA.L,SELL,2717.0000,154.2200
2022-02-15T21:00:00+00:00,HYT.AX,SELL,2.0000,5587.1800
2022-02-15T21:00:00+00:00,IBTM.L,SELL,1028.0000,107.5400
2022-02-15T21:00:00+00:00,IDN,BUY,549.0000,240.8700
2022-02-15T21:00:00+00:00,IITU.L,BUY,706.0000,129.2700
2022-02-15T21:00:00+00:00,IPWR,BUY,88.0000,319.0200
2022-02-15T21:00:00+00:00,ISF.L,SELL,2381.0000,122.8600
2022-02-15T21:00:00+00:00,LTBR,SELL,236.0000,294.2300
2022-02-15T21:00:00+00:00,MOLN.SW,SELL,47.0000,758.2200
2022-02-15T21:00:00+00:00,MSCL.TO,BUY,82.0000,393.7200
2022-02-15T21:00:00+00:00,PLTR,BUY,1853.0000,207.4700
2022-02-15T21:00:00+00:00,PRQR,BUY,2254.0000,204.6500
2022-02-15T21:00:00+00:00,QSI,BUY,267.0000,600.9300
2022-02-15T21:00:00+00:00,RR.L,BUY,606.0000,181.6400
2022-02-15T21:00:00+00:00,SEYE.ST,BUY,61.0000,407.3700
2022-02-15T21:00:00+00:00,SGLN.L,SELL,5744.0000,112.2300
2022-02-15T21:00:00+00:00,SHEL.L,SELL,2857.0000,159.1000
2022-02-15T21:00:00+00:00,SLX.AX,BUY,444.0000,168.8100
2022-02-15T21:00:00+00:00,SMGB.L,BUY,8854.0000,134.8800
2022-02-15T21:00:00+00:00,VUL.AX,BUY,82.0000,456.7000
2022-02-15T21:00:00+00:00,VYGR,SELL,1116.0000,149.4000
2022-02-15T21:00:00+00:00,WBT.AX,BUY,50.0000,261.5100
2022-03-16T21:00:00+00:00,AL3.AX,BUY,278.0000,241.0100
2022-03-16T21:00:00+00:00,ALCLS.PA,BUY,230.0000,442.8500
2022-03-16T21:00:00+00:00,ALMDT.PA,BUY,61.0000,1004.6600
2022-03-16T21:00:00+00:00,AXE.AX,BUY,75.0000,521.4600
2022-03-16T21:00:00+00:00,AZN.L,SELL,584.0000,142.0400
2022-03-16T21:00:00+00:00,BGO.L,BUY,116.0000,313.1600
2022-03-16T21:00:00+00:00,BRK-B,SELL,885.0000,156.4700
2022-03-16T21:00:00+00:00,BRNT.L,SELL,3462.0000,232.9300
2022-03-16T21:00:00+00:00,DBMG.L,SELL,5695.0000,124.8400
2022-03-16T21:00:00+00:00,EDIT,SELL,4.0000,1609.6100
2022-03-16T21:00:00+00:00,EMV.AX,SELL,34.0000,180.2700
2022-03-16T21:00:00+00:00,FTC.L,BUY,368.0000,142.6200
2022-03-16T21:00:00+00:00,GSIT,BUY,122.0000,258.4400
2022-03-16T21:00:00+00:00,HSBA.L,BUY,2557.0000,141.4100
2022-03-16T21:00:00+00:00,HYT.AX,SELL,5.0000,5843.5900
2022-03-16T21:00:00+00:00,IBTM.L,SELL,2112.0000,109.8400
2022-03-16T21:00:00+00:00,IDN,BUY,1290.0000,155.4200
2022-03-16T21:00:00+00:00,IITU.L,BUY,775.0000,126.1900
2022-03-16T21:00:00+00:00,IPWR,SELL,6.0000,318.8000
2022-03-16T21:00:00+00:00,ISF.L,BUY,2931.0000,118.9100
2022-03-16T21:00:00+00:00,LTBR,SELL,436.0000,377.7800
2022-03-16T21:00:00+00:00,MOLN.SW,BUY,208.0000,591.7200
2022-03-16T21:00:00+00:00,MSCL.TO,BUY,162.0000,352.8800
2022-03-16T21:00:00+00:00,PLTR,BUY,3395.0000,179.0600
2022-03-16T21:00:00+00:00,PRQR,BUY,756.0000,160.3900
2022-03-16T21:00:00+00:00,QSI,SELL,1.0000,598.7700
2022-03-16T21:00:00+00:00,RR.L,BUY,6790.0000,142.4800
2022-03-16T21:00:00+00:00,SEYE.ST,BUY,153.0000,365.8300
2022-03-16T21:00:00+00:00,SGLN.L,SELL,7897.0000,119.6000
2022-03-16T21:00:00+00:00,SHEL.L,BUY,820.0000,154.0700
2022-03-16T21:00:00+00:00,SLX.AX,SELL,419.0000,191.9100
2022-03-16T21:00:00+00:00,SMGB.L,BUY,2521.0000,131.4000
2022-03-16T21:00:00+00:00,VUL.AX,SELL,65.0000,479.8000
2022-03-16T21:00:00+00:00,VYGR,SELL,1989.0000,309.9400
2022-03-16T21:00:00+00:00,WBT.AX,BUY,290.0000,229.9200
2022-04-14T21:00:00+00:00,AL3.AX,BUY,452.0000,208.1200
2022-04-14T21:00:00+00:00,ALCLS.PA,BUY,124.0000,415.4400
2022-04-14T21:00:00+00:00,ALMDT.PA,SELL,17.0000,1065.0900
2022-04-14T21:00:00+00:00,AXE.AX,SELL,14.0000,543.2500
2022-04-14T21:00:00+00:00,AZN.L,SELL,556.0000,158.9300
2022-04-14T21:00:00+00:00,BGO.L,BUY,27.0000,317.5400
2022-04-14T21:00:00+00:00,BRK-B,BUY,81.0000,159.4000
2022-04-14T21:00:00+00:00,BRNT.L,SELL,1541.0000,259.4100
2022-04-14T21:00:00+00:00,DBMG.L,SELL,5243.0000,138.9900
2022-04-14T21:00:00+00:00,EDIT,BUY,1.0000,1651.0700
2022-04-14T21:00:00+00:00,EMV.AX,SELL,267.0000,202.6200
2022-04-14T21:00:00+00:00,FTC.L,SELL,114.0000,151.0100
2022-04-14T21:00:00+00:00,GSIT,BUY,423.0000,223.0200
2022-04-14T21:00:00+00:00,HSBA.L,SELL,851.0000,149.4300
2022-04-14T21:00:00+00:00,IBTM.L,BUY,6177.0000,105.1700
2022-04-14T21:00:00+00:00,IDN,BUY,476.0000,141.5000
2022-04-14T21:00:00+00:00,IITU.L,BUY,1081.0000,126.3200
2022-04-14T21:00:00+00:00,IPWR,BUY,66.0000,316.2500
2022-04-14T21:00:00+00:00,ISF.L,SELL,1793.0000,124.4900
2022-04-14T21:00:00+00:00,LTBR,BUY,105.0000,363.4800
2022-04-14T21:00:00+00:00,MOLN.SW,BUY,41.0000,584.3600
2022-04-14T21:00:00+00:00,MSCL.TO,SELL,438.0000,498.2000
2022-04-14T21:00:00+00:00,PLTR,SELL,455.0000,187.5700
2022-04-14T21:00:00+00:00,PRQR,BUY,893.0000,131.8500
2022-04-14T21:00:00+00:00,QSI,SELL,44.0000,645.7800
2022-04-14T21:00:00+00:00,RR.L,BUY,1254.0000,141.0500
2022-04-14T21:00:00+00:00,SEYE.ST,BUY,258.0000,323.0000
2022-04-14T21:00:00+00:00,SGLN.L,SELL,470.0000,123.5600
2022-04-14T21:00:00+00:00,SHEL.L,SELL,3149.0000,177.4100
2022-04-14T21:00:00+00:00,SLX.AX,SELL,789.0000,268.9100
2022-04-14T21:00:00+00:00,SMGB.L,BUY,10819.0000,123.5700
2022-04-14T21:00:00+00:00,VUL.AX,SELL,14.0000,499.3300
2022-04-14T21:00:00+00:00,VYGR,SELL,273.0000,374.5400
2022-04-14T21:00:00+00:00,WBT.AX,SELL,40.0000,240.4200
2022-05-18T21:00:00+00:00,AL3.AX,BUY,31.0000,199.3000
2022-05-18T21:00:00+00:00,ALCLS.PA,BUY,250.0000,341.6900
2022-05-18T21:00:00+00:00,ALMDT.PA,BUY,105.0000,866.4300
2022-05-18T21:00:00+00:00,AXE.AX,BUY,272.0000,420.2200
2022-05-18T21:00:00+00:00,AZN.L,SELL,27.0000,154.5300
2022-05-18T21:00:00+00:00,BGO.L,BUY,91.0000,292.9800
2022-05-18T21:00:00+00:00,BRK-B,BUY,289.0000,149.1800
2022-05-18T21:00:00+00:00,BRNT.L,SELL,1658.0000,275.6200
2022-05-18T21:00:00+00:00,DBMG.L,SELL,7234.0000,151.7800
2022-05-18T21:00:00+00:00,EDIT,BUY,154.0000,1115.8300
2022-05-18T21:00:00+00:00,EMV.AX,BUY,366.0000,174.1000
2022-05-18T21:00:00+00:00,FTC.L,BUY,244.0000,137.5800
2022-05-18T21:00:00+00:00,GSIT,BUY,117.0000,206.7700
2022-05-18T21:00:00+00:00,HSBA.L,BUY,650.0000,141.7400
2022-05-18T21:00:00+00:00,HYT.AX,SELL,3.0000,5969.3300
2022-05-18T21:00:00+00:00,IBTM.L,SELL,6523.0000,109.8700
2022-05-18T21:00:00+00:00,IDN,BUY,263.0000,128.8300
2022-05-18T21:00:00+00:00,IITU.L,BUY,894.0000,119.6300
2022-05-18T21:00:00+00:00,IPWR,SELL,480.0000,413.4700
2022-05-18T21:00:00+00:00,ISF.L,SELL,1309.0000,122.1000
2022-05-18T21:00:00+00:00,LTBR,BUY,492.0000,269.5900
2022-05-18T21:00:00+00:00,MOLN.SW,BUY,1541.0000,222.9000
2022-05-18T21:00:00+00:00,MSCL.TO,BUY,594.0000,320.4100
2022-05-18T21:00:00+00:00,PLTR,BUY,10703.0000,127.1300
2022-05-18T21:00:00+00:00,PRQR,BUY,630.0000,111.8000
2022-05-18T21:00:00+00:00,QSI,BUY,51.0000,592.0400
2022-05-18T21:00:00+00:00,RR.L,BUY,2225.0000,127.9900
2022-05-18T21:00:00+00:00,SEYE.ST,BUY,1246.0000,185.3500
2022-05-18T21:00:00+00:00,SGLN.L,SELL,644.0000,120.3200
2022-05-18T21:00:00+00:00,SHEL.L,SELL,2766.0000,191.8600
2022-05-18T21:00:00+00:00,SLX.AX,BUY,551.0000,207.8000
2022-05-18T21:00:00+00:00,SMGB.L,SELL,4632.0000,124.2100
2022-05-18T21:00:00+00:00,VUL.AX,BUY,214.0000,409.0800
2022-05-18T21:00:00+00:00,VYGR,BUY,476.0000,278.0100
2022-05-18T21:00:00+00:00,WBT.AX,SELL,12.0000,234.0000
2022-06-20T21:00:00+00:00,AL3.AX,BUY,375.0000,172.8100
2022-06-20T21:00:00+00:00,ALCLS.PA,BUY,420.0000,267.4800
2022-06-20T21:00:00+00:00,ALMDT.PA,SELL,95.0000,995.1600
2022-06-20T21:00:00+00:00,AXE.AX,BUY,177.0000,364.5100
2022-06-20T21:00:00+00:00,AZN.L,SELL,2.0000,151.6600
2022-06-20T21:00:00+00:00,BGO.L,BUY,485.0000,229.8200
2022-06-20T21:00:00+00:00,BRK-B,BUY,957.0000,131.7900
2022-06-20T21:00:00+00:00,BRNT.L,SELL,1507.0000,296.7100
2022-06-20T21:00:00+00:00,DBMG.L,SELL,2900.0000,156.9700
2022-06-20T21:00:00+00:00,EDIT,SELL,40.0000,1187.4900
2022-06-20T21:00:00+00:00,EMV.AX,BUY,1174.0000,125.5600
2022-06-20T21:00:00+00:00,FTC.L,SELL,266.0000,144.3000
2022-06-20T21:00:00+00:00,GSIT,SELL,338.0000,231.4000
2022-06-20T21:00:00+00:00,HSBA.L,SELL,3054.0000,153.7500
2022-06-20T21:00:00+00:00,HYT.AX,SELL,2.0000,6026.8300
2022-06-20T21:00:00+00:00,IBTM.L,SELL,432.0000,108.3700
2022-06-20T21:00:00+00:00,IDN,BUY,189.0000,121.1800
2022-06-20T21:00:00+00:00,IITU.L,BUY,1536.0000,113.1300
2022-06-20T21:00:00+00:00,IPWR,SELL,160.0000,459.3900
2022-06-20T21:00:00+00:00,ISF.L,BUY,2348.0000,117.0700
2022-06-20T21:00:00+00:00,LTBR,BUY,350.0000,226.7100
2022-06-20T21:00:00+00:00,MOLN.SW,SELL,301.0000,248.0800
2022-06-20T21:00:00+00:00,MSCL.TO,BUY,839.0000,213.3000
2022-06-20T21:00:00+00:00,PLTR,SELL,2001.0000,132.1500
2022-06-20T21:00:00+00:00,PRQR,SELL,806.0000,130.4100
2022-06-20T21:00:00+00:00,QSI,BUY,206.0000,478.2700
2022-06-20T21:00:00+00:00,RR.L,SELL,3219.0000,138.1300
2022-06-20T21:00:00+00:00,SEYE.ST,BUY,84.0000,177.0000
2022-06-20T21:00:00+00:00,SGLN.L,SELL,4693.0000,123.2300
2022-06-20T21:00:00+00:00,SHEL.L,BUY,2191.0000,172.2900
2022-06-20T21:00:00+00:00,SLX.AX,SELL,927.0000,308.7600
2022-06-20T21:00:00+00:00,SMGB.L,BUY,11808.0000,111.0600
2022-06-20T21:00:00+00:00,VUL.AX,BUY,473.0000,299.1200
2022-06-20T21:00:00+00:00,VYGR,BUY,456.0000,222.9500
2022-06-20T21:00:00+00:00,WBT.AX,BUY,796.0000,172.7800
2022-07-19T21:00:00+00:00,AL3.AX,BUY,277.0000,166.1300
2022-07-19T21:00:00+00:00,ALCLS.PA,SELL,20.0000,282.0100
2022-07-19T21:00:00+00:00,ALMDT.PA,BUY,73.0000,918.7500
2022-07-19T21:00:00+00:00,AXE.AX,BUY,117.0000,353.4600
2022-07-19T21:00:00+00:00,AZN.L,SELL,413.0000,169.4300
2022-07-19T21:00:00+00:00,BGO.L,SELL,650.0000,328.0700
2022-07-19T21:00:00+00:00,BRK-B,SELL,434.0000,144.1300
2022-07-19T21:00:00+00:00,BRNT.L,BUY,1255.0000,286.6300
2022-07-19T21:00:00+00:00,DBMG.L,BUY,1098.0000,160.6200
2022-07-19T21:00:00+00:00,EDIT,SELL,155.0000,1852.1700
2022-07-19T21:00:00+00:00,EMV.AX,SELL,1097.0000,174.2900
2022-07-19T21:00:00+00:00,FTC.L,SELL,850.0000,193.2900
2022-07-19T21:00:00+00:00,GSIT,SELL,376.0000,286.4200
2022-07-19T21:00:00+00:00,HSBA.L,BUY,2092.0000,149.7200
2022-07-19T21:00:00+00:00,HYT.AX,BUY,228.0000,1814.4500
2022-07-19T21:00:00+00:00,IBTM.L,BUY,79.0000,113.0500
2022-07-19T21:00:00+00:00,IDN,SELL,1421.0000,183.3000
2022-07-19T21:00:00+00:00,IITU.L,SELL,1714.0000,123.1000
2022-07-19T21:00:00+00:00,IPWR,BUY,61.0000,456.4200
2022-07-19T21:00:00+00:00,ISF.L,BUY,1854.0000,120.0800
2022-07-19T21:00:00+00:00,LTBR,SELL,249.0000,263.5400
2022-07-19T21:00:00+00:00,MOLN.SW,BUY,641.0000,201.4800
2022-07-19T21:00:00+00:00,MSCL.TO,SELL,218.0000,242.9900
2022-07-19T21:00:00+00:00,PLTR,SELL,3675.0000,154.8900
2022-07-19T21:00:00+00:00,PRQR,SELL,328.0000,147.5400
2022-07-19T21:00:00+00:00,QSI,SELL,8.0000,502.9300
2022-07-19T21:00:00+00:00,RR.L,BUY,581.0000,141.6800
2022-07-19T21:00:00+00:00,SEYE.ST,BUY,246.0000,171.3700
2022-07-19T21:00:00+00:00,SGLN.L,BUY,10648.0000,117.0400
2022-07-19T21:00:00+00:00,SHEL.L,BUY,2157.0000,166.0400
2022-07-19T21:00:00+00:00,SLX.AX,SELL,578.0000,474.6400
2022-07-19T21:00:00+00:00,SMGB.L,SELL,4696.0000,120.2100
2022-07-19T21:00:00+00:00,VUL.AX,SELL,164.0000,342.5600
2022-07-19T21:00:00+00:00,VYGR,SELL,667.0000,317.6800
2022-07-19T21:00:00+00:00,WBT.AX,SELL,691.0000,229.7800
2022-08-17T21:00:00+00:00,AL3.AX,SELL,1136.0000,253.7000
2022-08-17T21:00:00+00:00,ALCLS.PA,SELL,542.0000,394.6200
2022-08-17T21:00:00+00:00,ALMDT.PA,BUY,20.0000,917.8100
2022-08-17T21:00:00+00:00,AXE.AX,SELL,610.0000,579.4200
2022-08-17T21:00:00+00:00,AZN.L,BUY,266.0000,167.1700
2022-08-17T21:00:00+00:00,BGO.L,BUY,262.0000,294.7400
2022-08-17T21:00:00+00:00,BRK-B,SELL,248.0000,152.7500
2022-08-17T21:00:00+00:00,BRNT.L,BUY,1913.0000,265.2900
2022-08-17T21:00:00+00:00,DBMG.L,BUY,4312.0000,153.5300
2022-08-17T21:00:00+00:00,EDIT,BUY,28.0000,1752.9600
2022-08-17T21:00:00+00:00,EMV.AX,BUY,464.0000,157.7200
2022-08-17T21:00:00+00:00,FTC.L,BUY,362.0000,177.8500
2022-08-17T21:00:00+00:00,GSIT,BUY,333.0000,253.6800
2022-08-17T21:00:00+00:00,HSBA.L,SELL,309.0000,155.9300
2022-08-17T21:00:00+00:00,HYT.AX,BUY,4.0000,1847.2600
2022-08-17T21:00:00+00:00,IBTM.L,BUY,1770.0000,114.1100
2022-08-17T21:00:00+00:00,IDN,BUY,260.0000,174.6700
2022-08-17T21:00:00+00:00,IITU.L,SELL,3084.0000,137.3300
2022-08-17T21:00:00+00:00,IPWR,SELL,183.0000,549.5700
2022-08-17T21:00:00+00:00,ISF.L,SELL,585.0000,124.5100
2022-08-17T21:00:00+00:00,LTBR,SELL,105.0000,285.2700
2022-08-17T21:00:00+00:00,MOLN.SW,BUY,70.0000,202.7800
2022-08-17T21:00:00+00:00,MSCL.TO,SELL,145.0000,266.7200
2022-08-17T21:00:00+00:00,PLTR,BUY,1024.0000,154.4400
2022-08-17T21:00:00+00:00,PRQR,SELL,59.0000,154.4300
2022-08-17T21:00:00+00:00,QSI,SELL,213.0000,635.7700
2022-08-17T21:00:00+00:00,RR.L,BUY,5211.0000,126.0600
2022-08-17T21:00:00+00:00,SEYE.ST,SELL,478.0000,205.7500
2022-08-17T21:00:00+00:00,SGLN.L,BUY,520.0000,120.1500
2022-08-17T21:00:00+00:00,SHEL.L,SELL,1347.0000,179.8600
2022-08-17T21:00:00+00:00,SLX.AX,SELL,143.0000,554.3300
2022-08-17T21:00:00+00:00,SMGB.L,SELL,3537.0000,127.4600
2022-08-17T21:00:00+00:00,VUL.AX,SELL,473.0000,489.8300
2022-08-17T21:00:00+00:00,VYGR,BUY,435.0000,264.5700
2022-08-17T21:00:00+00:00,WBT.AX,SELL,90.0000,245.6300
2022-09-16T21:00:00+00:00,AL3.AX,BUY,302.0000,218.8400
2022-09-16T21:00:00+00:00,ALCLS.PA,BUY,127.0000,354.3200
2022-09-16T21:00:00+00:00,ALMDT.PA,BUY,78.0000,797.7500
2022-09-16T21:00:00+00:00,AXE.AX,BUY,138.0000,497.1700
2022-09-16T21:00:00+00:00,AZN.L,BUY,354.0000,153.8000
2022-09-16T21:00:00+00:00,BGO.L,SELL,355.0000,347.3700
2022-09-16T21:00:00+00:00,BRK-B,BUY,173.0000,145.7400
2022-09-16T21:00:00+00:00,BRNT.L,SELL,1331.0000,277.8200
2022-09-16T21:00:00+00:00,DBMG.L,SELL,7394.0000,170.6900
2022-09-16T21:00:00+00:00,EDIT,BUY,14.0000,1637.8800
2022-09-16T21:00:00+00:00,EMV.AX,BUY,157.0000,147.3200
2022-09-16T21:00:00+00:00,FTC.L,SELL,29.0000,174.5000
2022-09-16T21:00:00+00:00,GSIT,BUY,394.0000,211.4500
2022-09-16T21:00:00+00:00,HSBA.L,SELL,407.0000,153.7000
2022-09-16T21:00:00+00:00,HYT.AX,SELL,11.0000,1859.0200
2022-09-16T21:00:00+00:00,IBTM.L,SELL,3253.0000,115.4600
2022-09-16T21:00:00+00:00,IDN,SELL,604.0000,206.1800
2022-09-16T21:00:00+00:00,IITU.L,BUY,3080.0000,123.4700
2022-09-16T21:00:00+00:00,IPWR,SELL,81.0000,577.9600
2022-09-16T21:00:00+00:00,ISF.L,BUY,453.0000,120.5800
2022-09-16T21:00:00+00:00,LTBR,BUY,297.0000,243.0700
2022-09-16T21:00:00+00:00,MOLN.SW,SELL,399.0000,228.1100
2022-09-16T21:00:00+00:00,MSCL.TO,BUY,1013.0000,178.7800
2022-09-16T21:00:00+00:00,PLTR,BUY,3599.0000,134.6000
2022-09-16T21:00:00+00:00,PRQR,BUY,169.0000,143.9500
2022-09-16T21:00:00+00:00,QSI,BUY,194.0000,512.4500
2022-09-16T21:00:00+00:00,RR.L,BUY,2732.0000,114.3900
2022-09-16T21:00:00+00:00,SEYE.ST,SELL,123.0000,208.9200
2022-09-16T21:00:00+00:00,SGLN.L,SELL,3398.0000,120.3200
2022-09-16T21:00:00+00:00,SHEL.L,SELL,2021.0000,189.3000
2022-09-16T21:00:00+00:00,SLX.AX,SELL,18.0000,548.1000
2022-09-16T21:00:00+00:00,SMGB.L,BUY,11605.0000,113.4300
2022-09-16T21:00:00+00:00,VUL.AX,BUY,60.0000,454.3300
2022-09-16T21:00:00+00:00,VYGR,SELL,420.0000,316.0400
2022-09-16T21:00:00+00:00,WBT.AX,BUY,323.0000,210.9800
2022-10-18T21:00:00+00:00,AL3.AX,SELL,115.0000,219.4400
2022-10-18T21:00:00+00:00,ALCLS.PA,BUY,356.0000,279.3600
2022-10-18T21:00:00+00:00,ALMDT.PA,BUY,82.0000,687.6100
2022-10-18T21:00:00+00:00,AXE.AX,BUY,82.0000,446.0600
2022-10-18T21:00:00+00:00,AZN.L,SELL,89.0000,149.5800
2022-10-18T21:00:00+00:00,BGO.L,BUY,17.0000,329.8200
2022-10-18T21:00:00+00:00,BRK-B,SELL,655.0000,150.6700
2022-10-18T21:00:00+00:00,BRNT.L,SELL,602.0000,276.1100
2022-10-18T21:00:00+00:00,DBMG.L,SELL,4102.0000,177.8700
2022-10-18T21:00:00+00:00,EDIT,BUY,36.0000,1426.0700
2022-10-18T21:00:00+00:00,EMV.AX,BUY,608.0000,122.5100
2022-10-18T21:00:00+00:00,FTC.L,BUY,447.0000,147.6500
2022-10-18T21:00:00+00:00,GSIT,BUY,944.0000,151.0800
2022-10-18T21:00:00+00:00,HSBA.L,BUY,2756.0000,135.1700
2022-10-18T21:00:00+00:00,HYT.AX,BUY,3.0000,1765.9900
2022-10-18T21:00:00+00:00,IBTM.L,SELL,709.0000,111.7500
2022-10-18T21:00:00+00:00,IDN,BUY,428.0000,171.8000
2022-10-18T21:00:00+00:00,IITU.L,BUY,35.0000,118.3500
2022-10-18T21:00:00+00:00,IPWR,BUY,202.0000,461.6000
2022-10-18T21:00:00+00:00,ISF.L,BUY,36.0000,115.6400
2022-10-18T21:00:00+00:00,LTBR,SELL,98.0000,243.1700
2022-10-18T21:00:00+00:00,MOLN.SW,BUY,3.0000,218.5100
2022-10-18T21:00:00+00:00,MSCL.TO,SELL,51.0000,174.2800
2022-10-18T21:00:00+00:00,PLTR,SELL,3226.0000,142.4000
2022-10-18T21:00:00+00:00,PRQR,SELL,909.0000,178.1100
2022-10-18T21:00:00+00:00,QSI,BUY,3.0000,490.4400
2022-10-18T21:00:00+00:00,RR.L,SELL,871.0000,112.1400
2022-10-18T21:00:00+00:00,SEYE.ST,BUY,65.0000,195.8700
2022-10-18T21:00:00+00:00,SGLN.L,SELL,4051.0000,119.6500
2022-10-18T21:00:00+00:00,SHEL.L,SELL,544.0000,185.7100
2022-10-18T21:00:00+00:00,SLX.AX,BUY,143.0000,463.5100
2022-10-18T21:00:00+00:00,SMGB.L,BUY,11711.0000,100.2200
2022-10-18T21:00:00+00:00,VUL.AX,BUY,372.0000,337.7300
2022-10-18T21:00:00+00:00,VYGR,BUY,70.0000,292.1000
2022-10-18T21:00:00+00:00,WBT.AX,BUY,27.0000,200.4200
2022-11-16T21:00:00+00:00,AL3.AX,BUY,905.0000,168.4800
2022-11-16T21:00:00+00:00,ALCLS.PA,BUY,414.0000,240.9500
2022-11-16T21:00:00+00:00,ALMDT.PA,BUY,42.0000,680.4200
2022-11-16T21:00:00+00:00,AXE.AX,BUY,154.0000,413.3000
2022-11-16T21:00:00+00:00,AZN.L,SELL,301.0000,163.3100
2022-11-16T21:00:00+00:00,BGO.L,BUY,46.0000,334.2100
2022-11-16T21:00:00+00:00,BRK-B,SELL,56.0000,157.8500
2022-11-16T21:00:00+00:00,BRNT.L,BUY,493.0000,279.1400
2022-11-16T21:00:00+00:00,DBMG.L,BUY,8205.0000,157.8900
2022-11-16T21:00:00+00:00,EDIT,BUY,43.0000,1339.9100
2022-11-16T21:00:00+00:00,EMV.AX,SELL,1433.0000,185.8800
2022-11-16T21:00:00+00:00,FTC.L,SELL,174.0000,161.0700
2022-11-16T21:00:00+00:00,GSIT,BUY,604.0000,135.1800
2022-11-16T21:00:00+00:00,HSBA.L,BUY,641.0000,138.0000
2022-11-16T21:00:00+00:00,HYT.AX,BUY,4.0000,1814.1600
2022-11-16T21:00:00+00:00,IBTM.L,BUY,5173.0000,109.2400
2022-11-16T21:00:00+00:00,IDN,BUY,785.0000,144.0200
2022-11-16T21:00:00+00:00,IITU.L,BUY,40.0000,123.0500
2022-11-16T21:00:00+00:00,IPWR,SELL,193.0000,571.7000
2022-11-16T21:00:00+00:00,ISF.L,SELL,1888.0000,122.5600
2022-11-16T21:00:00+00:00,LTBR,BUY,154.0000,237.2000
2022-11-16T21:00:00+00:00,MOLN.SW,BUY,8.0000,226.7500
2022-11-16T21:00:00+00:00,MSCL.TO,BUY,2326.0000,105.1200
2022-11-16T21:00:00+00:00,PLTR,BUY,3216.0000,134.4300
2022-11-16T21:00:00+00:00,PRQR,BUY,140.0000,177.4300
2022-11-16T21:00:00+00:00,QSI,BUY,7.0000,507.4900
2022-11-16T21:00:00+00:00,RR.L,SELL,4532.0000,131.6700
2022-11-16T21:00:00+00:00,SEYE.ST,BUY,771.0000,160.4900
2022-11-16T21:00:00+00:00,SGLN.L,BUY,1747.0000,122.5900
2022-11-16T21:00:00+00:00,SHEL.L,SELL,473.0000,197.1400
2022-11-16T21:00:00+00:00,SLX.AX,SELL,8.0000,485.6700
2022-11-16T21:00:00+00:00,SMGB.L,SELL,18552.0000,119.2300
2022-11-16T21:00:00+00:00,VUL.AX,SELL,288.0000,425.6400
2022-11-16T21:00:00+00:00,VYGR,BUY,494.0000,241.5900
2022-11-16T21:00:00+00:00,WBT.AX,SELL,788.0000,290.7100
2022-12-15T21:00:00+00:00,AL3.AX,SELL,22.0000,163.2700
2022-12-15T21:00:00+00:00,ALCLS.PA,BUY,43.0000,227.9300
2022-12-15T21:00:00+00:00,ALMDT.PA,SELL,7.0000,660.8400
2022-12-15T21:00:00+00:00,AXE.AX,BUY,137.0000,362.7800
2022-12-15T21:00:00+00:00,AZN.L,SELL,546.0000,172.6100
2022-12-15T21:00:00+00:00,BGO.L,SELL,124.0000,346.4900
2022-12-15T21:00:00+00:00,BRK-B,BUY,248.0000,147.6500
2022-12-15T21:00:00+00:00,BRNT.L,BUY,1973.0000,241.2200
2022-12-15T21:00:00+00:00,DBMG.L,BUY,2019.0000,146.7400
2022-12-15T21:00:00+00:00,EDIT,BUY,100.0000,1047.3800
2022-12-15T21:00:00+00:00,EMV.AX,SELL,75.0000,183.4100
2022-12-15T21:00:00+00:00,FTC.L,SELL,733.0000,194.6300
2022-12-15T21:00:00+00:00,GSIT,BUY,535.0000,115.7700
2022-12-15T21:00:00+00:00,HSBA.L,SELL,2378.0000,142.9800
2022-12-15T21:00:00+00:00,HYT.AX,BUY,1076.0000,401.2300
2022-12-15T21:00:00+00:00,IBTM.L,SELL,2843.0000,108.8300
2022-12-15T21:00:00+00:00,IDN,BUY,7.0000,138.4600
2022-12-15T21:00:00+00:00,IITU.L,BUY,364.0000,117.4500
2022-12-15T21:00:00+00:00,IPWR,BUY,336.0000,413.7700
2022-12-15T21:00:00+00:00,ISF.L,SELL,5117.0000,124.2100
2022-12-15T21:00:00+00:00,LTBR,BUY,137.0000,216.3400
2022-12-15T21:00:00+00:00,MOLN.SW,BUY,67.0000,212.8000
2022-12-15T21:00:00+00:00,MSCL.TO,SELL,96.0000,103.0100
2022-12-15T21:00:00+00:00,PLTR,BUY,5453.0000,111.8400
2022-12-15T21:00:00+00:00,PRQR,SELL,1372.0000,293.8000
2022-12-15T21:00:00+00:00,QSI,BUY,469.0000,346.7600
2022-12-15T21:00:00+00:00,RR.L,SELL,2038.0000,134.5600
2022-12-15T21:00:00+00:00,SEYE.ST,BUY,517.0000,135.2700
2022-12-15T21:00:00+00:00,SGLN.L,SELL,1165.0000,119.2900
2022-12-15T21:00:00+00:00,SHEL.L,SELL,68.0000,190.4000
2022-12-15T21:00:00+00:00,SLX.AX,BUY,50.0000,449.1200
2022-12-15T21:00:00+00:00,SMGB.L,SELL,46.0000,114.8600
2022-12-15T21:00:00+00:00,VUL.AX,BUY,233.0000,350.1700
2022-12-15T21:00:00+00:00,VYGR,SELL,230.0000,257.2800
2022-12-15T21:00:00+00:00,WBT.AX,SELL,327.0000,334.8100
2023-01-18T21:00:00+00:00,AL3.AX,SELL,107.0000,180.0500
2023-01-18T21:00:00+00:00,ALCLS.PA,SELL,788.0000,358.4000
2023-01-18T21:00:00+00:00,ALMDT.PA,BUY,71.0000,651.2800
2023-01-18T21:00:00+00:00,AXE.AX,BUY,44.0000,376.7500
2023-01-18T21:00:00+00:00,AZN.L,BUY,270.0000,175.9200
2023-01-18T21:00:00+00:00,BGO.L,SELL,30.0000,377.1900
2023-01-18T21:00:00+00:00,BRK-B,BUY,301.0000,152.4200
2023-01-18T21:00:00+00:00,BRNT.L,SELL,337.0000,262.3200
2023-01-18T21:00:00+00:00,DBMG.L,BUY,3711.0000,147.3200
2023-01-18T21:00:00+00:00,EDIT,BUY,163.0000,857.8800
2023-01-18T21:00:00+00:00,EMV.AX,BUY,620.0000,162.8600
2023-01-18T21:00:00+00:00,FTC.L,BUY,688.0000,167.7900
2023-01-18T21:00:00+00:00,GSIT,SELL,970.0000,154.6900
2023-01-18T21:00:00+00:00,HSBA.L,SELL,3414.0000,171.4300
2023-01-18T21:00:00+00:00,HYT.AX,BUY,51.0000,413.3700
2023-01-18T21:00:00+00:00,IBTM.L,BUY,5820.0000,108.6000
2023-01-18T21:00:00+00:00,IDN,SELL,538.0000,170.6200
2023-01-18T21:00:00+00:00,IITU.L,BUY,2966.0000,117.0500
2023-01-18T21:00:00+00:00,IPWR,SELL,113.0000,482.5200
2023-01-18T21:00:00+00:00,ISF.L,BUY,1212.0000,131.0800
2023-01-18T21:00:00+00:00,LTBR,BUY,531.0000,191.7800
2023-01-18T21:00:00+00:00,MOLN.SW,BUY,52.0000,222.9100
2023-01-18T21:00:00+00:00,MSCL.TO,SELL,1355.0000,146.5900
2023-01-18T21:00:00+00:00,PLTR,BUY,2952.0000,111.2900
2023-01-18T21:00:00+00:00,PRQR,SELL,855.0000,568.9900
2023-01-18T21:00:00+00:00,QSI,SELL,13.0000,373.3900
2023-01-18T21:00:00+00:00,RR.L,SELL,4009.0000,163.4400
2023-01-18T21:00:00+00:00,SEYE.ST,BUY,679.0000,124.1600
2023-01-18T21:00:00+00:00,SGLN.L,BUY,712.0000,126.6400
2023-01-18T21:00:00+00:00,SHEL.L,BUY,417.0000,199.8800
2023-01-18T21:00:00+00:00,SLX.AX,SELL,381.0000,690.8900
2023-01-18T21:00:00+00:00,SMGB.L,BUY,2208.0000,120.6600
2023-01-18T21:00:00+00:00,VUL.AX,SELL,61.0000,388.9800
2023-01-18T21:00:00+00:00,VYGR,SELL,733.0000,414.3700
2023-01-18T21:00:00+00:00,WBT.AX,SELL,96.0000,379.3400
2023-02-16T21:00:00+00:00,AL3.AX,BUY,77.0000,186.3800
2023-02-16T21:00:00+00:00,ALCLS.PA,BUY,683.0000,269.4300
2023-02-16T21:00:00+00:00,ALMDT.PA,BUY,157.0000,589.4300
2023-02-16T21:00:00+00:00,AXE.AX,BUY,163.0000,361.9000
2023-02-16T21:00:00+00:00,AZN.L,BUY,464.0000,172.6400
2023-02-16T21:00:00+00:00,BGO.L,SELL,43.0000,410.5300
2023-02-16T21:00:00+00:00,BRK-B,BUY,342.0000,155.4600
2023-02-16T21:00:00+00:00,BRNT.L,BUY,1091.0000,262.5900
2023-02-16T21:00:00+00:00,DBMG.L,BUY,1588.0000,152.0700
2023-02-16T21:00:00+00:00,EDIT,SELL,108.0000,1075.0100
2023-02-16T21:00:00+00:00,EMV.AX,BUY,748.0000,143.3100
2023-02-16T21:00:00+00:00,FTC.L,SELL,194.0000,187.9200
2023-02-16T21:00:00+00:00,GSIT,BUY,1598.0000,115.9300
2023-02-16T21:00:00+00:00,HSBA.L,BUY,320.0000,179.4700
2023-02-16T21:00:00+00:00,HYT.AX,BUY,72.0000,416.9400
2023-02-16T21:00:00+00:00,IBTM.L,BUY,5476.0000,108.2700
2023-02-16T21:00:00+00:00,IDN,BUY,46.0000,178.3600
2023-02-16T21:00:00+00:00,IITU.L,SELL,2669.0000,131.9200
2023-02-16T21:00:00+00:00,IPWR,SELL,61.0000,537.4700
2023-02-16T21:00:00+00:00,ISF.L,BUY,3449.0000,134.1200
2023-02-16T21:00:00+00:00,LTBR,SELL,213.0000,217.9500
2023-02-16T21:00:00+00:00,MOLN.SW,BUY,396.0000,205.7400
2023-02-16T21:00:00+00:00,MSCL.TO,SELL,930.0000,201.0100
2023-02-16T21:00:00+00:00,PLTR,SELL,11296.0000,159.8000
2023-02-16T21:00:00+00:00,PRQR,BUY,150.0000,527.6200
2023-02-16T21:00:00+00:00,QSI,BUY,283.0000,336.0600
2023-02-16T21:00:00+00:00,RR.L,BUY,215.0000,171.8000
2023-02-16T21:00:00+00:00,SEYE.ST,SELL,971.0000,164.6400
2023-02-16T21:00:00+00:00,SGLN.L,BUY,7738.0000,125.4400
2023-02-16T21:00:00+00:00,SHEL.L,SELL,611.0000,217.1900
2023-02-16T21:00:00+00:00,SLX.AX,SELL,61.0000,786.3500
2023-02-16T21:00:00+00:00,SMGB.L,SELL,6970.0000,134.9000
2023-02-16T21:00:00+00:00,VUL.AX,BUY,293.0000,346.0100
2023-02-16T21:00:00+00:00,VYGR,BUY,420.0000,339.9800
2023-02-16T21:00:00+00:00,WBT.AX,SELL,301.0000,496.5100
2023-03-17T21:00:00+00:00,AL3.AX,BUY,203.0000,169.5500
2023-03-17T21:00:00+00:00,ALCLS.PA,BUY,621.0000,205.4800
2023-03-17T21:00:00+00:00,ALMDT.PA,SELL,145.0000,656.6800
2023-03-17T21:00:00+00:00,AXE.AX,BUY,545.0000,266.0500
2023-03-17T21:00:00+00:00,AZN.L,SELL,9.0000,166.7000
2023-03-17T21:00:00+00:00,BGO.L,SELL,68.0000,414.0400
2023-03-17T21:00:00+00:00,BRK-B,BUY,170.0000,147.2000
2023-03-17T21:00:00+00:00,BRNT.L,BUY,2298.0000,227.0600
2023-03-17T21:00:00+00:00,DBMG.L,BUY,4530.0000,136.8100
2023-03-17T21:00:00+00:00,EDIT,BUY,91.0000,898.1200
2023-03-17T21:00:00+00:00,EMV.AX,BUY,492.0000,124.3300
2023-03-17T21:00:00+00:00,FTC.L,BUY,344.0000,164.4300
2023-03-17T21:00:00+00:00,GSIT,BUY,440.0000,103.4500
2023-03-17T21:00:00+00:00,HSBA.L,BUY,1920.0000,162.0400
2023-03-17T21:00:00+00:00,HYT.AX,BUY,296.0000,336.6600
2023-03-17T21:00:00+00:00,IBTM.L,SELL,4996.0000,110.2800
2023-03-17T21:00:00+00:00,IDN,BUY,175.0000,163.9000
2023-03-17T21:00:00+00:00,IITU.L,SELL,1079.0000,130.6000
2023-03-17T21:00:00+00:00,IPWR,BUY,182.0000,448.6700
2023-03-17T21:00:00+00:00,ISF.L,BUY,4521.0000,123.8500
2023-03-17T21:00:00+00:00,LTBR,BUY,488.0000,179.9400
2023-03-17T21:00:00+00:00,MOLN.SW,BUY,128.0000,190.4200
2023-03-17T21:00:00+00:00,MSCL.TO,BUY,302.0000,176.9000
2023-03-17T21:00:00+00:00,PLTR,BUY,6190.0000,128.9300
2023-03-17T21:00:00+00:00,PRQR,SELL,166.0000,589.8800
2023-03-17T21:00:00+00:00,QSI,BUY,250.0000,286.1400
2023-03-17T21:00:00+00:00,RR.L,SELL,6430.0000,211.8100
2023-03-17T21:00:00+00:00,SEYE.ST,SELL,13.0000,159.2900
2023-03-17T21:00:00+00:00,SGLN.L,SELL,9981.0000,131.9400
2023-03-17T21:00:00+00:00,SHEL.L,BUY,2962.0000,185.8400
2023-03-17T21:00:00+00:00,SLX.AX,BUY,340.0000,533.3200
2023-03-17T21:00:00+00:00,SMGB.L,SELL,5032.0000,135.5400
2023-03-17T21:00:00+00:00,VUL.AX,BUY,75.0000,320.5400
2023-03-17T21:00:00+00:00,VYGR,SELL,168.0000,360.2800
2023-03-17T21:00:00+00:00,WBT.AX,SELL,329.0000,645.0200
2023-04-19T21:00:00+00:00,AL3.AX,SELL,142.0000,180.5800
2023-04-19T21:00:00+00:00,ALCLS.PA,SELL,13.0000,211.1400
2023-04-19T21:00:00+00:00,ALMDT.PA,BUY,46.0000,640.3200
2023-04-19T21:00:00+00:00,AXE.AX,BUY,379.0000,233.6200
2023-04-19T21:00:00+00:00,AZN.L,SELL,491.0000,184.8600
2023-04-19T21:00:00+00:00,BGO.L,BUY,262.0000,359.6500
2023-04-19T21:00:00+00:00,BRK-B,SELL,440.0000,157.9300
2023-04-19T21:00:00+00:00,BRNT.L,SELL,1780.0000,252.4400
2023-04-19T21:00:00+00:00,DBMG.L,BUY,1378.0000,137.1500
2023-04-19T21:00:00+00:00,EDIT,BUY,58.0000,846.0700
2023-04-19T21:00:00+00:00,EMV.AX,SELL,564.0000,143.6700
2023-04-19T21:00:00+00:00,FTC.L,BUY,247.0000,157.7200
2023-04-19T21:00:00+00:00,GSIT,SELL,1121.0000,130.6000
2023-04-19T21:00:00+00:00,HSBA.L,SELL,995.0000,171.4000
2023-04-19T21:00:00+00:00,HYT.AX,BUY,69.0000,331.6800
2023-04-19T21:00:00+00:00,IBTM.L,BUY,4960.0000,106.8300
2023-04-19T21:00:00+00:00,IDN,BUY,219.0000,158.3600
2023-04-19T21:00:00+00:00,IITU.L,BUY,37.0000,133.4700
2023-04-19T21:00:00+00:00,IPWR,BUY,150.0000,413.4500
2023-04-19T21:00:00+00:00,ISF.L,SELL,5491.0000,133.5500
2023-04-19T21:00:00+00:00,LTBR,BUY,69.0000,180.4300
2023-04-19T21:00:00+00:00,MOLN.SW,SELL,91.0000,200.5000
2023-04-19T21:00:00+00:00,MSCL.TO,SELL,945.0000,249.0800
2023-04-19T21:00:00+00:00,PLTR,SELL,982.0000,135.3900
2023-04-19T21:00:00+00:00,PRQR,BUY,549.0000,394.4900
2023-04-19T21:00:00+00:00,QSI,BUY,382.0000,248.2600
2023-04-19T21:00:00+00:00,RR.L,SELL,1759.0000,234.5300
2023-04-19T21:00:00+00:00,SEYE.ST,SELL,175.0000,170.7300
2023-04-19T21:00:00+00:00,SGLN.L,BUY,2944.0000,131.4400
2023-04-19T21:00:00+00:00,SHEL.L,SELL,2064.0000,206.2800
2023-04-19T21:00:00+00:00,SLX.AX,BUY,24.0000,534.4800
2023-04-19T21:00:00+00:00,SMGB.L,BUY,6786.0000,131.2100
2023-04-19T21:00:00+00:00,VUL.AX,BUY,103.0000,311.0500
2023-04-19T21:00:00+00:00,VYGR,BUY,86.0000,350.7100
2023-04-19T21:00:00+00:00,WBT.AX,BUY,380.0000,470.7200
2023-05-22T21:00:00+00:00,AL3.AX,BUY,782.0000,153.5200
2023-05-22T21:00:00+00:00,ALCLS.PA,BUY,554.0000,185.3700
2023-05-22T21:00:00+00:00,ALMDT.PA,BUY,602.0000,412.8300
2023-05-22T21:00:00+00:00,AXE.AX,BUY,261.0000,221.8400
2023-05-22T21:00:00+00:00,AZN.L,BUY,225.0000,185.5400
2023-05-22T21:00:00+00:00,BGO.L,BUY,74.0000,359.6500
2023-05-22T21:00:00+00:00,BRK-B,BUY,235.0000,160.4200
2023-05-22T21:00:00+00:00,BRNT.L,BUY,2925.0000,230.2500
2023-05-22T21:00:00+00:00,DBMG.L,BUY,2613.0000,137.7400
2023-05-22T21:00:00+00:00,EDIT,SELL,90.0000,1005.3000
2023-05-22T21:00:00+00:00,EMV.AX,BUY,221.0000,142.5100
2023-05-22T21:00:00+00:00,FTC.L,SELL,230.0000,174.5000
2023-05-22T21:00:00+00:00,GSIT,SELL,3132.0000,394.0700
2023-05-22T21:00:00+00:00,HSBA.L,SELL,1294.0000,186.9500
2023-05-22T21:00:00+00:00,HYT.AX,SELL,290.0000,408.6500
2023-05-22T21:00:00+00:00,IBTM.L,BUY,4153.0000,106.6200
2023-05-22T21:00:00+00:00,IDN,SELL,10.0000,165.4600
2023-05-22T21:00:00+00:00,IITU.L,SELL,764.0000,141.8000
2023-05-22T21:00:00+00:00,IPWR,BUY,73.0000,411.0800
2023-05-22T21:00:00+00:00,ISF.L,BUY,5368.0000,132.2000
2023-05-22T21:00:00+00:00,LTBR,SELL,437.0000,215.1600
2023-05-22T21:00:00+00:00,MOLN.SW,BUY,28.0000,207.0900
2023-05-22T21:00:00+00:00,MSCL.TO,SELL,135.0000,274.3600
2023-05-22T21:00:00+00:00,PLTR,SELL,9250.0000,188.2700
2023-05-22T21:00:00+00:00,PRQR,BUY,349.0000,336.9200
2023-05-22T21:00:00+00:00,QSI,SELL,201.0000,281.3000
2023-05-22T21:00:00+00:00,RR.L,BUY,628.0000,237.4700
2023-05-22T21:00:00+00:00,SEYE.ST,BUY,1096.0000,136.9500
2023-05-22T21:00:00+00:00,SGLN.L,BUY,5922.0000,130.1700
2023-05-22T21:00:00+00:00,SHEL.L,BUY,1439.0000,202.9600
2023-05-22T21:00:00+00:00,SLX.AX,SELL,83.0000,599.7300
2023-05-22T21:00:00+00:00,SMGB.L,SELL,3023.0000,140.1100
2023-05-22T21:00:00+00:00,VUL.AX,BUY,976.0000,218.2500
2023-05-22T21:00:00+00:00,VYGR,SELL,719.0000,612.3200
2023-05-22T21:00:00+00:00,WBT.AX,BUY,110.0000,453.1900
2023-06-21T21:00:00+00:00,AL3.AX,BUY,1186.0000,121.8000
2023-06-21T21:00:00+00:00,ALCLS.PA,SELL,150.0000,196.5300
2023-06-21T21:00:00+00:00,ALMDT.PA,SELL,268.0000,504.4300
2023-06-21T21:00:00+00:00,AXE.AX,SELL,1293.0000,402.4900
2023-06-21T21:00:00+00:00,AZN.L,BUY,330.0000,178.6000
2023-06-21T21:00:00+00:00,BGO.L,BUY,147.0000,337.7200
2023-06-21T21:00:00+00:00,BRK-B,BUY,99.0000,161.1100
2023-06-21T21:00:00+00:00,BRNT.L,BUY,410.0000,229.6900
2023-06-21T21:00:00+00:00,DBMG.L,BUY,1599.0000,136.7600
2023-06-21T21:00:00+00:00,EDIT,BUY,162.0000,816.4200
2023-06-21T21:00:00+00:00,EMV.AX,BUY,1169.0000,115.2000
2023-06-21T21:00:00+00:00,FTC.L,SELL,214.0000,187.9200
2023-06-21T21:00:00+00:00,GSIT,SELL,313.0000,493.3600
2023-06-21T21:00:00+00:00,HSBA.L,BUY,377.0000,187.2300
2023-06-21T21:00:00+00:00,HYT.AX,BUY,438.0000,325.4000
2023-06-21T21:00:00+00:00,IBTM.L,BUY,4335.0000,103.6300
2023-06-21T21:00:00+00:00,IDN,SELL,98.0000,172.2400
2023-06-21T21:00:00+00:00,IITU.L,SELL,1708.0000,150.4100
2023-06-21T21:00:00+00:00,IPWR,SELL,2.0000,417.9200
2023-06-21T21:00:00+00:00,ISF.L,BUY,4406.0000,128.8700
2023-06-21T21:00:00+00:00,LTBR,SELL,404.0000,252.0400
2023-06-21T21:00:00+00:00,MOLN.SW,BUY,214.0000,196.8300
2023-06-21T21:00:00+00:00,MSCL.TO,BUY,530.0000,227.6500
2023-06-21T21:00:00+00:00,PLTR,SELL,4402.0000,227.2400
2023-06-21T21:00:00+00:00,PRQR,BUY,261.0000,301.3300
2023-06-21T21:00:00+00:00,QSI,BUY,512.0000,233.8000
2023-06-21T21:00:00+00:00,RR.L,BUY,294.0000,237.8500
2023-06-21T21:00:00+00:00,SEYE.ST,BUY,640.0000,122.5200
2023-06-21T21:00:00+00:00,SGLN.L,BUY,7419.0000,124.3600
2023-06-21T21:00:00+00:00,SHEL.L,BUY,734.0000,200.2900
2023-06-21T21:00:00+00:00,SLX.AX,BUY,2.0000,607.3200
2023-06-21T21:00:00+00:00,SMGB.L,SELL,8435.0000,152.6400
2023-06-21T21:00:00+00:00,VUL.AX,BUY,141.0000,211.5500
2023-06-21T21:00:00+00:00,VYGR,BUY,149.0000,545.5000
2023-06-21T21:00:00+00:00,WBT.AX,SELL,388.0000,630.0400
2023-07-20T21:00:00+00:00,AL3.AX,SELL,7.0000,124.2000
2023-07-20T21:00:00+00:00,ALCLS.PA,SELL,634.0000,246.6300
2023-07-20T21:00:00+00:00,ALMDT.PA,BUY,241.0000,434.0300
2023-07-20T21:00:00+00:00,AXE.AX,BUY,432.0000,324.5200
2023-07-20T21:00:00+00:00,AZN.L,BUY,658.0000,164.8800
2023-07-20T21:00:00+00:00,BGO.L,BUY,204.0000,311.4000
2023-07-20T21:00:00+00:00,BRK-B,BUY,80.0000,162.6900
2023-07-20T21:00:00+00:00,BRNT.L,SELL,47.0000,234.3900
2023-07-20T21:00:00+00:00,DBMG.L,BUY,1927.0000,135.7100
2023-07-20T21:00:00+00:00,EDIT,SELL,46.0000,880.7300
2023-07-20T21:00:00+00:00,EMV.AX,BUY,791.0000,103.1200
2023-07-20T21:00:00+00:00,FTC.L,SELL,282.0000,208.0500
2023-07-20T21:00:00+00:00,GSIT,BUY,716.0000,327.5000
2023-07-20T21:00:00+00:00,HSBA.L,SELL,463.0000,193.8600
2023-07-20T21:00:00+00:00,HYT.AX,SELL,630.0000,480.2600
2023-07-20T21:00:00+00:00,IBTM.L,BUY,3132.0000,102.4000
2023-07-20T21:00:00+00:00,IDN,BUY,94.0000,171.2400
2023-07-20T21:00:00+00:00,IITU.L,SELL,981.0000,157.2500
2023-07-20T21:00:00+00:00,IPWR,SELL,126.0000,462.2900
2023-07-20T21:00:00+00:00,ISF.L,BUY,618.0000,130.5200
2023-07-20T21:00:00+00:00,LTBR,BUY,11.0000,255.6900
2023-07-20T21:00:00+00:00,MOLN.SW,BUY,136.0000,192.6900
2023-07-20T21:00:00+00:00,MSCL.TO,BUY,555.0000,194.6900
2023-07-20T21:00:00+00:00,PLTR,SELL,2741.0000,262.3100
2023-07-20T21:00:00+00:00,PRQR,BUY,180.0000,283.6800
2023-07-20T21:00:00+00:00,QSI,SELL,1438.0000,484.5100
2023-07-20T21:00:00+00:00,RR.L,BUY,873.0000,233.0900
2023-07-20T21:00:00+00:00,SEYE.ST,SELL,331.0000,132.9200
2023-07-20T21:00:00+00:00,SGLN.L,BUY,946.0000,125.7100
2023-07-20T21:00:00+00:00,SHEL.L,BUY,128.0000,203.0000
2023-07-20T21:00:00+00:00,SLX.AX,BUY,157.0000,540.7200
2023-07-20T21:00:00+00:00,SMGB.L,SELL,241.0000,155.7800
2023-07-20T21:00:00+00:00,VUL.AX,SELL,287.0000,237.1600
2023-07-20T21:00:00+00:00,VYGR,BUY,541.0000,384.0300
2023-07-20T21:00:00+00:00,WBT.AX,BUY,332.0000,487.6600
2023-08-18T21:00:00+00:00,AL3.AX,SELL,1286.0000,159.0300
2023-08-18T21:00:00+00:00,ALCLS.PA,BUY,764.0000,188.2500
2023-08-18T21:00:00+00:00,ALMDT.PA,SELL,13.0000,427.4500
2023-08-18T21:00:00+00:00,AXE.AX,BUY,391.0000,266.7400
2023-08-18T21:00:00+00:00,AZN.L,SELL,183.0000,165.3500
2023-08-18T21:00:00+00:00,BGO.L,SELL,163.0000,328.9500
2023-08-18T21:00:00+00:00,BRK-B,SELL,508.0000,167.9400
2023-08-18T21:00:00+00:00,BRNT.L,SELL,2427.0000,254.9500
2023-08-18T21:00:00+00:00,DBMG.L,SELL,3840.0000,139.6800
2023-08-18T21:00:00+00:00,EDIT,SELL,19.0000,882.6200
2023-08-18T21:00:00+00:00,EMV.AX,SELL,988.0000,118.6700
2023-08-18T21:00:00+00:00,FTC.L,SELL,175.0000,214.7700
2023-08-18T21:00:00+00:00,GSIT,BUY,753.0000,234.1100
2023-08-18T21:00:00+00:00,HSBA.L,BUY,1588.0000,179.1000
2023-08-18T21:00:00+00:00,HYT.AX,BUY,228.0000,403.5500
2023-08-18T21:00:00+00:00,IBTM.L,SELL,792.0000,100.7700
2023-08-18T21:00:00+00:00,IDN,SELL,59.0000,169.7600
2023-08-18T21:00:00+00:00,IITU.L,BUY,1957.0000,145.8600
2023-08-18T21:00:00+00:00,IPWR,BUY,147.0000,410.2800
2023-08-18T21:00:00+00:00,ISF.L,BUY,2304.0000,124.9000
2023-08-18T21:00:00+00:00,LTBR,BUY,441.0000,213.8600
2023-08-18T21:00:00+00:00,MOLN.SW,BUY,183.0000,178.8300
2023-08-18T21:00:00+00:00,MSCL.TO,BUY,406.0000,170.1800
2023-08-18T21:00:00+00:00,PLTR,BUY,2975.0000,223.7800
2023-08-18T21:00:00+00:00,PRQR,BUY,87.0000,267.2100
2023-08-18T21:00:00+00:00,QSI,BUY,735.0000,309.4800
2023-08-18T21:00:00+00:00,RR.L,SELL,5790.0000,303.7400
2023-08-18T21:00:00+00:00,SEYE.ST,BUY,24.0000,129.2100
2023-08-18T21:00:00+00:00,SGLN.L,BUY,978.0000,121.8400
2023-08-18T21:00:00+00:00,SHEL.L,SELL,508.0000,202.1400
2023-08-18T21:00:00+00:00,SLX.AX,BUY,246.0000,440.8800
2023-08-18T21:00:00+00:00,SMGB.L,BUY,4484.0000,146.4300
2023-08-18T21:00:00+00:00,VUL.AX,BUY,1202.0000,162.7500
2023-08-18T21:00:00+00:00,VYGR,SELL,118.0000,402.2700
2023-08-18T21:00:00+00:00,WBT.AX,BUY,258.0000,401.3000
2023-09-19T21:00:00+00:00,AL3.AX,SELL,284.0000,179.7300
2023-09-19T21:00:00+00:00,ALCLS.PA,BUY,524.0000,172.3000
2023-09-19T21:00:00+00:00,ALMDT.PA,BUY,287.0000,379.3300
2023-09-19T21:00:00+00:00,AXE.AX,BUY,287.0000,251.4400
2023-09-19T21:00:00+00:00,AZN.L,BUY,389.0000,164.7000
2023-09-19T21:00:00+00:00,BGO.L,BUY,72.0000,334.2100
2023-09-19T21:00:00+00:00,BRK-B,SELL,241.0000,181.7000
2023-09-19T21:00:00+00:00,BRNT.L,SELL,1921.0000,294.9100
2023-09-19T21:00:00+00:00,DBMG.L,BUY,156.0000,146.7100
2023-09-19T21:00:00+00:00,EDIT,BUY,80.0000,838.4300
2023-09-19T21:00:00+00:00,EMV.AX,SELL,906.0000,149.3000
2023-09-19T21:00:00+00:00,FTC.L,BUY,132.0000,216.7800
2023-09-19T21:00:00+00:00,GSIT,BUY,695.0000,197.5900
2023-09-19T21:00:00+00:00,HSBA.L,SELL,749.0000,193.4600
2023-09-19T21:00:00+00:00,HYT.AX,BUY,110.0000,397.7200
2023-09-19T21:00:00+00:00,IBTM.L,BUY,3032.0000,103.0800
2023-09-19T21:00:00+00:00,IDN,BUY,183.0000,170.6400
2023-09-19T21:00:00+00:00,IITU.L,SELL,125.0000,154.0300
2023-09-19T21:00:00+00:00,IPWR,BUY,58.0000,416.8300
2023-09-19T21:00:00+00:00,ISF.L,SELL,403.0000,131.9400
2023-09-19T21:00:00+00:00,LTBR,BUY,412.0000,198.5400
2023-09-19T21:00:00+00:00,MOLN.SW,BUY,1418.0000,135.8600
2023-09-19T21:00:00+00:00,MSCL.TO,SELL,456.0000,203.0700
2023-09-19T21:00:00+00:00,PLTR,SELL,664.0000,242.4000
2023-09-19T21:00:00+00:00,PRQR,BUY,72.0000,273.3400
2023-09-19T21:00:00+00:00,QSI,SELL,87.0000,339.6700
2023-09-19T21:00:00+00:00,RR.L,SELL,1090.0000,341.1800
2023-09-19T21:00:00+00:00,SEYE.ST,SELL,530.0000,151.8300
2023-09-19T21:00:00+00:00,SGLN.L,BUY,313.0000,127.9400
2023-09-19T21:00:00+00:00,SHEL.L,SELL,1284.0000,223.8100
2023-09-19T21:00:00+00:00,SLX.AX,SELL,164.0000,521.4100
2023-09-19T21:00:00+00:00,SMGB.L,BUY,2189.0000,151.3600
2023-09-19T21:00:00+00:00,VUL.AX,BUY,171.0000,164.3700
2023-09-19T21:00:00+00:00,VYGR,BUY,300.0000,357.6700
2023-09-19T21:00:00+00:00,WBT.AX,BUY,821.0000,281.4100
2023-10-18T21:00:00+00:00,AL3.AX,BUY,397.0000,163.1600
2023-10-18T21:00:00+00:00,ALCLS.PA,BUY,1233.0000,132.0400
2023-10-18T21:00:00+00:00,ALMDT.PA,SELL,68.0000,394.5900
2023-10-18T21:00:00+00:00,AXE.AX,BUY,364.0000,222.4000
2023-10-18T21:00:00+00:00,AZN.L,BUY,13.0000,164.6400
2023-10-18T21:00:00+00:00,BGO.L,BUY,220.0000,302.6300
2023-10-18T21:00:00+00:00,BRK-B,BUY,610.0000,170.0000
2023-10-18T21:00:00+00:00,BRNT.L,BUY,161.0000,292.9000
2023-10-18T21:00:00+00:00,DBMG.L,SELL,2611.0000,152.4900
2023-10-18T21:00:00+00:00,EDIT,BUY,159.0000,704.2300
2023-10-18T21:00:00+00:00,EMV.AX,BUY,436.0000,136.6800
2023-10-18T21:00:00+00:00,FTC.L,BUY,34.0000,214.7700
2023-10-18T21:00:00+00:00,GSIT,BUY,612.0000,168.4600
2023-10-18T21:00:00+00:00,HSBA.L,SELL,823.0000,199.4700
2023-10-18T21:00:00+00:00,HYT.AX,BUY,188.0000,359.6100
2023-10-18T21:00:00+00:00,IBTM.L,BUY,2011.0000,101.3300
2023-10-18T21:00:00+00:00,IDN,BUY,978.0000,137.6900
2023-10-18T21:00:00+00:00,IITU.L,SELL,680.0000,157.0000
2023-10-18T21:00:00+00:00,IPWR,BUY,227.0000,367.0700
2023-10-18T21:00:00+00:00,ISF.L,BUY,943.0000,131.0400
2023-10-18T21:00:00+00:00,LTBR,SELL,515.0000,233.2600
2023-10-18T21:00:00+00:00,MOLN.SW,BUY,447.0000,125.0900
2023-10-18T21:00:00+00:00,MSCL.TO,BUY,415.0000,181.2800
2023-10-18T21:00:00+00:00,PLTR,SELL,3029.0000,279.8400
2023-10-18T21:00:00+00:00,PRQR,BUY,355.0000,240.0400
2023-10-18T21:00:00+00:00,QSI,BUY,1230.0000,212.1700
2023-10-18T21:00:00+00:00,RR.L,BUY,1447.0000,313.7100
2023-10-18T21:00:00+00:00,SEYE.ST,BUY,396.0000,139.9000
2023-10-18T21:00:00+00:00,SGLN.L,SELL,3004.0000,131.1900
2023-10-18T21:00:00+00:00,SHEL.L,SELL,1390.0000,237.4700
2023-10-18T21:00:00+00:00,SLX.AX,BUY,220.0000,448.1700
2023-10-18T21:00:00+00:00,SMGB.L,SELL,2463.0000,154.7100
2023-10-18T21:00:00+00:00,VUL.AX,BUY,918.0000,135.1500
2023-10-18T21:00:00+00:00,VYGR,BUY,193.0000,325.6900
2023-10-18T21:00:00+00:00,WBT.AX,BUY,292.0000,251.9400
2023-11-16T21:00:00+00:00,AL3.AX,SELL,432.0000,185.5400
2023-11-16T21:00:00+00:00,ALCLS.PA,SELL,2685.0000,275.9600
2023-11-16T21:00:00+00:00,ALMDT.PA,BUY,194.0000,363.0500
2023-11-16T21:00:00+00:00,AXE.AX,BUY,57.0000,223.1500
2023-11-16T21:00:00+00:00,AZN.L,BUY,482.0000,157.7200
2023-11-16T21:00:00+00:00,BGO.L,BUY,49.0000,302.6300
2023-11-16T21:00:00+00:00,BRK-B,SELL,120.0000,175.9400
2023-11-16T21:00:00+00:00,BRNT.L,BUY,3739.0000,251.2500
2023-11-16T21:00:00+00:00,DBMG.L,BUY,6719.0000,141.9300
2023-11-16T21:00:00+00:00,EDIT,SELL,213.0000,918.4600
2023-11-16T21:00:00+00:00,EMV.AX,SELL,133.0000,143.3700
2023-11-16T21:00:00+00:00,FTC.L,BUY,70.0000,214.7700
2023-11-16T21:00:00+00:00,GSIT,BUY,262.0000,161.7700
2023-11-16T21:00:00+00:00,HSBA.L,BUY,2142.0000,189.2000
2023-11-16T21:00:00+00:00,HYT.AX,SELL,162.0000,400.9100
2023-11-16T21:00:00+00:00,IBTM.L,BUY,902.0000,102.6700
2023-11-16T21:00:00+00:00,IDN,BUY,909.0000,119.1500
2023-11-16T21:00:00+00:00,IITU.L,SELL,1373.0000,166.3800
2023-11-16T21:00:00+00:00,IPWR,BUY,230.0000,334.4200
2023-11-16T21:00:00+00:00,ISF.L,BUY,4906.0000,128.3700
2023-11-16T21:00:00+00:00,LTBR,BUY,884.0000,183.6900
2023-11-16T21:00:00+00:00,MOLN.SW,SELL,534.0000,141.4100
2023-11-16T21:00:00+00:00,MSCL.TO,SELL,425.0000,208.3700
2023-11-16T21:00:00+00:00,PLTR,SELL,1852.0000,315.3400
2023-11-16T21:00:00+00:00,PRQR,SELL,69.0000,251.2600
2023-11-16T21:00:00+00:00,QSI,SELL,497.0000,255.5700
2023-11-16T21:00:00+00:00,RR.L,SELL,2330.0000,369.1100
2023-11-16T21:00:00+00:00,SEYE.ST,SELL,1291.0000,193.2300
2023-11-16T21:00:00+00:00,SGLN.L,BUY,2920.0000,130.9700
2023-11-16T21:00:00+00:00,SHEL.L,BUY,2266.0000,221.1400
2023-11-16T21:00:00+00:00,SLX.AX,SELL,125.0000,497.8500
2023-11-16T21:00:00+00:00,SMGB.L,SELL,6181.0000,166.7000
2023-11-16T21:00:00+00:00,VUL.AX,SELL,4.0000,138.1600
2023-11-16T21:00:00+00:00,VYGR,BUY,310.0000,290.4800
2023-11-16T21:00:00+00:00,WBT.AX,SELL,495.0000,313.7500
2023-12-15T21:00:00+00:00,AL3.AX,SELL,317.0000,207.6300
2023-12-15T21:00:00+00:00,ALCLS.PA,SELL,199.0000,306.9700
2023-12-15T21:00:00+00:00,AXE.AX,BUY,386.0000,204.1300
2023-12-15T21:00:00+00:00,AZN.L,BUY,186.0000,158.0300
2023-12-15T21:00:00+00:00,BGO.L,SELL,243.0000,346.4900
2023-12-15T21:00:00+00:00,BRK-B,BUY,593.0000,169.5400
2023-12-15T21:00:00+00:00,BRNT.L,BUY,1590.0000,241.3400
2023-12-15T21:00:00+00:00,DBMG.L,BUY,6900.0000,133.4400
2023-12-15T21:00:00+00:00,EDIT,SELL,118.0000,1112.1200
2023-12-15T21:00:00+00:00,EMV.AX,BUY,493.0000,133.7500
2023-12-15T21:00:00+00:00,FTC.L,SELL,557.0000,265.1000
2023-12-15T21:00:00+00:00,GSIT,SELL,335.0000,179.7400
2023-12-15T21:00:00+00:00,HSBA.L,BUY,769.0000,189.2600
2023-12-15T21:00:00+00:00,HYT.AX,SELL,192.0000,461.6400
2023-12-15T21:00:00+00:00,IBTM.L,BUY,316.0000,105.0400
2023-12-15T21:00:00+00:00,IDN,SELL,652.0000,137.3300
2023-12-15T21:00:00+00:00,IITU.L,SELL,65.0000,171.0100
2023-12-15T21:00:00+00:00,IPWR,BUY,303.0000,300.1400
2023-12-15T21:00:00+00:00,ISF.L,BUY,100.0000,131.6000
2023-12-15T21:00:00+00:00,LTBR,BUY,901.0000,152.7600
2023-12-15T21:00:00+00:00,MOLN.SW,BUY,287.0000,137.2100
2023-12-15T21:00:00+00:00,MSCL.TO,SELL,29.0000,215.6500
2023-12-15T21:00:00+00:00,PLTR,BUY,2620.0000,282.3700
2023-12-15T21:00:00+00:00,PRQR,SELL,855.0000,370.0300
2023-12-15T21:00:00+00:00,QSI,SELL,46.0000,266.6200
2023-12-15T21:00:00+00:00,RR.L,SELL,2077.0000,437.9500
2023-12-15T21:00:00+00:00,SEYE.ST,SELL,280.0000,214.6500
2023-12-15T21:00:00+00:00,SGLN.L,BUY,2908.0000,131.4000
2023-12-15T21:00:00+00:00,SHEL.L,BUY,1217.0000,216.6000
2023-12-15T21:00:00+00:00,SLX.AX,SELL,227.0000,608.1400
2023-12-15T21:00:00+00:00,SMGB.L,SELL,6155.0000,180.9000
2023-12-15T21:00:00+00:00,VUL.AX,BUY,501.0000,129.1500
2023-12-15T21:00:00+00:00,VYGR,SELL,327.0000,344.2300
2023-12-15T21:00:00+00:00,WBT.AX,SELL,308.0000,372.7500
2024-01-18T21:00:00+00:00,AL3.AX,BUY,535.0000,178.6000
2024-01-18T21:00:00+00:00,ALCLS.PA,BUY,378.0000,262.4400
2024-01-18T21:00:00+00:00,ALMDT.PA,BUY,176.0000,338.8000
2024-01-18T21:00:00+00:00,AXE.AX,BUY,400.0000,181.9600
2024-01-18T21:00:00+00:00,AZN.L,SELL,252.0000,161.8500
2024-01-18T21:00:00+00:00,BGO.L,BUY,1706.0000,189.4700
2024-01-18T21:00:00+00:00,BRK-B,SELL,309.0000,173.6200
2024-01-18T21:00:00+00:00,BRNT.L,SELL,995.0000,249.2600
2024-01-18T21:00:00+00:00,DBMG.L,SELL,2691.0000,136.7800
2024-01-18T21:00:00+00:00,EDIT,BUY,207.0000,837.5000
2024-01-18T21:00:00+00:00,EMV.AX,SELL,1390.0000,178.2200
2024-01-18T21:00:00+00:00,FTC.L,SELL,355.0000,302.0100
2024-01-18T21:00:00+00:00,GSIT,BUY,1257.0000,135.9700
2024-01-18T21:00:00+00:00,HSBA.L,BUY,749.0000,183.2000
2024-01-18T21:00:00+00:00,HYT.AX,BUY,162.0000,414.9900
2024-01-18T21:00:00+00:00,IBTM.L,BUY,103.0000,104.0600
2024-01-18T21:00:00+00:00,IDN,BUY,511.0000,124.1800
2024-01-18T21:00:00+00:00,IITU.L,SELL,1245.0000,175.5300
2024-01-18T21:00:00+00:00,IPWR,BUY,64.0000,289.9100
2024-01-18T21:00:00+00:00,ISF.L,BUY,786.0000,129.6400
2024-01-18T21:00:00+00:00,LTBR,BUY,425.0000,139.0500
2024-01-18T21:00:00+00:00,MOLN.SW,SELL,353.0000,145.7900
2024-01-18T21:00:00+00:00,MSCL.TO,SELL,30.0000,215.7300
2024-01-18T21:00:00+00:00,PLTR,BUY,1900.0000,256.3400
2024-01-18T21:00:00+00:00,PRQR,SELL,4.0000,367.5900
2024-01-18T21:00:00+00:00,QSI,BUY,198.0000,246.4900
2024-01-18T21:00:00+00:00,RR.L,SELL,816.0000,462.7100
2024-01-18T21:00:00+00:00,SEYE.ST,SELL,447.0000,245.2500
2024-01-18T21:00:00+00:00,SGLN.L,BUY,34.0000,130.2600
2024-01-18T21:00:00+00:00,SHEL.L,BUY,1222.0000,205.4300
2024-01-18T21:00:00+00:00,SLX.AX,SELL,172.0000,703.8200
2024-01-18T21:00:00+00:00,SMGB.L,SELL,3378.0000,185.2400
2024-01-18T21:00:00+00:00,VUL.AX,BUY,1169.0000,106.0400
2024-01-18T21:00:00+00:00,VYGR,BUY,166.0000,316.3700
2024-01-18T21:00:00+00:00,WBT.AX,BUY,591.0000,283.6600
2024-02-16T21:00:00+00:00,AL3.AX,BUY,386.0000,174.6900
2024-02-16T21:00:00+00:00,ALCLS.PA,BUY,14.0000,279.8900
2024-02-16T21:00:00+00:00,ALMDT.PA,BUY,125.0000,342.8400
2024-02-16T21:00:00+00:00,AXE.AX,SELL,20.0000,195.9800
2024-02-16T21:00:00+00:00,AZN.L,BUY,826.0000,156.6000
2024-02-16T21:00:00+00:00,BGO.L,BUY,110.0000,197.3700
2024-02-16T21:00:00+00:00,BRK-B,SELL,465.0000,195.7100
2024-02-16T21:00:00+00:00,BRNT.L,BUY,105.0000,265.9800
2024-02-16T21:00:00+00:00,DBMG.L,BUY,3277.0000,140.8100
2024-02-16T21:00:00+00:00,EDIT,BUY,58.0000,840.5900
2024-02-16T21:00:00+00:00,EMV.AX,BUY,177.0000,183.0200
2024-02-16T21:00:00+00:00,FTC.L,SELL,872.0000,510.0700
2024-02-16T21:00:00+00:00,GSIT,SELL,744.0000,169.5100
2024-02-16T21:00:00+00:00,HSBA.L,SELL,345.0000,198.5200
2024-02-16T21:00:00+00:00,HYT.AX,BUY,36.0000,435.7300
2024-02-16T21:00:00+00:00,IBTM.L,BUY,8545.0000,103.5400
2024-02-16T21:00:00+00:00,IDN,BUY,378.0000,124.9400
2024-02-16T21:00:00+00:00,IITU.L,BUY,32.0000,187.9500
2024-02-16T21:00:00+00:00,IPWR,BUY,412.0000,266.6000
2024-02-16T21:00:00+00:00,ISF.L,BUY,4317.0000,134.1300
2024-02-16T21:00:00+00:00,LTBR,BUY,485.0000,136.2800
2024-02-16T21:00:00+00:00,MOLN.SW,BUY,564.0000,140.2300
2024-02-16T21:00:00+00:00,MSCL.TO,SELL,290.0000,253.1700
2024-02-16T21:00:00+00:00,PLTR,SELL,6415.0000,384.3600
2024-02-16T21:00:00+00:00,PRQR,BUY,310.0000,340.2000
2024-02-16T21:00:00+00:00,QSI,SELL,66.0000,270.2700
2024-02-16T21:00:00+00:00,RR.L,BUY,200.0000,488.0700
2024-02-16T21:00:00+00:00,SEYE.ST,BUY,355.0000,234.4800
2024-02-16T21:00:00+00:00,SGLN.L,BUY,9007.0000,130.6400
2024-02-16T21:00:00+00:00,SHEL.L,BUY,222.0000,218.4400
2024-02-16T21:00:00+00:00,SLX.AX,BUY,97.0000,689.5300
2024-02-16T21:00:00+00:00,SMGB.L,SELL,5150.0000,208.9400
2024-02-16T21:00:00+00:00,VUL.AX,BUY,757.0000,102.2500
2024-02-16T21:00:00+00:00,VYGR,BUY,62.0000,330.1300
2024-02-16T21:00:00+00:00,WBT.AX,SELL,81.0000,314.0100
2024-03-18T21:00:00+00:00,AL3.AX,BUY,996.0000,147.9900
2024-03-18T21:00:00+00:00,ALCLS.PA,BUY,443.0000,250.3600
2024-03-18T21:00:00+00:00,ALMDT.PA,BUY,1072.0000,241.1900
2024-03-18T21:00:00+00:00,AXE.AX,SELL,456.0000,230.1000
2024-03-18T21:00:00+00:00,AZN.L,BUY,23.0000,162.1300
2024-03-18T21:00:00+00:00,BGO.L,BUY,318.0000,189.4700
2024-03-18T21:00:00+00:00,BRK-B,BUY,384.0000,194.8300
2024-03-18T21:00:00+00:00,BRNT.L,BUY,11.0000,275.9700
2024-03-18T21:00:00+00:00,DBMG.L,BUY,946.0000,144.5200
2024-03-18T21:00:00+00:00,EDIT,BUY,99.0000,787.9800
2024-03-18T21:00:00+00:00,EMV.AX,SELL,628.0000,223.1400
2024-03-18T21:00:00+00:00,FTC.L,BUY,100.0000,496.6400
2024-03-18T21:00:00+00:00,GSIT,SELL,1078.0000,230.5000
2024-03-18T21:00:00+00:00,HSBA.L,BUY,1749.0000,195.1100
2024-03-18T21:00:00+00:00,HYT.AX,BUY,370.0000,374.2400
2024-03-18T21:00:00+00:00,IBTM.L,BUY,5651.0000,102.6200
2024-03-18T21:00:00+00:00,IDN,BUY,484.0000,120.2900
2024-03-18T21:00:00+00:00,IITU.L,BUY,596.0000,191.8800
2024-03-18T21:00:00+00:00,IPWR,SELL,1054.0000,434.9400
2024-03-18T21:00:00+00:00,ISF.L,BUY,3768.0000,135.1500
2024-03-18T21:00:00+00:00,LTBR,SELL,76.0000,143.3800
2024-03-18T21:00:00+00:00,MOLN.SW,BUY,1282.0000,118.0900
2024-03-18T21:00:00+00:00,MSCL.TO,SELL,42.0000,266.5100
2024-03-18T21:00:00+00:00,PLTR,BUY,1096.0000,373.5200
2024-03-18T21:00:00+00:00,PRQR,SELL,390.0000,426.4500
2024-03-18T21:00:00+00:00,QSI,SELL,189.0000,300.5000
2024-03-18T21:00:00+00:00,RR.L,SELL,1766.0000,588.7700
2024-03-18T21:00:00+00:00,SEYE.ST,SELL,731.0000,312.9300
2024-03-18T21:00:00+00:00,SGLN.L,SELL,3401.0000,138.9800
2024-03-18T21:00:00+00:00,SHEL.L,BUY,348.0000,223.9900
2024-03-18T21:00:00+00:00,SLX.AX,BUY,102.0000,655.6200
2024-03-18T21:00:00+00:00,SMGB.L,SELL,231.0000,217.4000
2024-03-18T21:00:00+00:00,VUL.AX,SELL,2489.0000,158.3000
2024-03-18T21:00:00+00:00,VYGR,SELL,301.0000,393.3400
2024-03-18T21:00:00+00:00,WBT.AX,BUY,268.0000,293.9200
2024-04-18T21:00:00+00:00,AL3.AX,BUY,1384.0000,120.5800
2024-04-18T21:00:00+00:00,ALCLS.PA,SELL,24.0000,258.0200
2024-04-18T21:00:00+00:00,ALMDT.PA,SELL,481.0000,288.4200
2024-04-18T21:00:00+00:00,AXE.AX,SELL,308.0000,258.1600
2024-04-18T21:00:00+00:00,AZN.L,SELL,304.0000,171.9600
2024-04-18T21:00:00+00:00,BGO.L,SELL,462.0000,217.5400
2024-04-18T21:00:00+00:00,BRK-B,BUY,205.0000,195.0200
2024-04-18T21:00:00+00:00,BRNT.L,SELL,475.0000,287.9800
2024-04-18T21:00:00+00:00,DBMG.L,SELL,4045.0000,155.3100
2024-04-18T21:00:00+00:00,EDIT,BUY,399.0000,579.1100
2024-04-18T21:00:00+00:00,EMV.AX,BUY,467.0000,202.0400
2024-04-18T21:00:00+00:00,FTC.L,BUY,226.0000,445.6400
2024-04-18T21:00:00+00:00,GSIT,SELL,67.0000,240.3600
2024-04-18T21:00:00+00:00,HSBA.L,SELL,1444.0000,208.7500
2024-04-18T21:00:00+00:00,HYT.AX,SELL,69.0000,395.4600
2024-04-18T21:00:00+00:00,IBTM.L,BUY,2504.0000,102.9100
2024-04-18T21:00:00+00:00,IDN,SELL,2402.0000,192.3500
2024-04-18T21:00:00+00:00,IITU.L,BUY,1430.0000,188.7900
2024-04-18T21:00:00+00:00,IPWR,BUY,1020.0000,286.3800
2024-04-18T21:00:00+00:00,ISF.L,SELL,97.0000,138.3500
2024-04-18T21:00:00+00:00,LTBR,BUY,1570.0000,114.5100
2024-04-18T21:00:00+00:00,MOLN.SW,BUY,337.0000,115.0800
2024-04-18T21:00:00+00:00,MSCL.TO,BUY,801.0000,215.2900
2024-04-18T21:00:00+00:00,PLTR,BUY,2344.0000,336.1900
2024-04-18T21:00:00+00:00,PRQR,BUY,618.0000,328.2900
2024-04-18T21:00:00+00:00,QSI,BUY,708.0000,242.8700
2024-04-18T21:00:00+00:00,RR.L,SELL,96.0000,607.6400
2024-04-18T21:00:00+00:00,SEYE.ST,BUY,916.0000,235.7800
2024-04-18T21:00:00+00:00,SGLN.L,SELL,12664.0000,156.6600
2024-04-18T21:00:00+00:00,SHEL.L,SELL,2240.0000,248.5700
2024-04-18T21:00:00+00:00,SLX.AX,SELL,74.0000,714.3200
2024-04-18T21:00:00+00:00,SMGB.L,BUY,4855.0000,211.8800
2024-04-18T21:00:00+00:00,VUL.AX,BUY,230.0000,154.8900
2024-04-18T21:00:00+00:00,VYGR,BUY,417.0000,333.9900
2024-04-18T21:00:00+00:00,WBT.AX,BUY,637.0000,243.7400
2024-05-20T21:00:00+00:00,AL3.AX,SELL,886.0000,144.9200
2024-05-20T21:00:00+00:00,ALCLS.PA,SELL,221.0000,289.8500
2024-05-20T21:00:00+00:00,ALMDT.PA,BUY,33.0000,298.0700
2024-05-20T21:00:00+00:00,AXE.AX,BUY,739.0000,218.9400
2024-05-20T21:00:00+00:00,AZN.L,SELL,466.0000,190.5800
2024-05-20T21:00:00+00:00,BGO.L,SELL,11.0000,228.0700
2024-05-20T21:00:00+00:00,BRK-B,BUY,313.0000,197.4100
2024-05-20T21:00:00+00:00,BRNT.L,BUY,2090.0000,276.5100
2024-05-20T21:00:00+00:00,DBMG.L,BUY,3379.0000,155.7700
2024-05-20T21:00:00+00:00,EDIT,BUY,102.0000,564.5300
2024-05-20T21:00:00+00:00,EMV.AX,BUY,1072.0000,167.0700
2024-05-20T21:00:00+00:00,FTC.L,SELL,739.0000,778.5200
2024-05-20T21:00:00+00:00,GSIT,BUY,1166.0000,187.2700
2024-05-20T21:00:00+00:00,HSBA.L,SELL,2020.0000,233.2000
2024-05-20T21:00:00+00:00,HYT.AX,SELL,499.0000,544.4500
2024-05-20T21:00:00+00:00,IBTM.L,BUY,5963.0000,102.7700
2024-05-20T21:00:00+00:00,IDN,BUY,350.0000,185.8300
2024-05-20T21:00:00+00:00,IITU.L,SELL,504.0000,200.0400
2024-05-20T21:00:00+00:00,IPWR,BUY,27.0000,296.6200
2024-05-20T21:00:00+00:00,ISF.L,SELL,3401.0000,148.5600
2024-05-20T21:00:00+00:00,LTBR,SELL,1286.0000,145.9100
2024-05-20T21:00:00+00:00,MOLN.SW,BUY,518.0000,112.1400
2024-05-20T21:00:00+00:00,MSCL.TO,BUY,367.0000,205.2700
2024-05-20T21:00:00+00:00,PLTR,BUY,827.0000,337.1400
2024-05-20T21:00:00+00:00,PRQR,BUY,83.0000,332.1400
2024-05-20T21:00:00+00:00,QSI,SELL,304.0000,279.0200
2024-05-20T21:00:00+00:00,RR.L,SELL,397.0000,659.4200
2024-05-20T21:00:00+00:00,SEYE.ST,SELL,595.0000,297.3000
2024-05-20T21:00:00+00:00,SGLN.L,BUY,6123.0000,156.0700
2024-05-20T21:00:00+00:00,SHEL.L,BUY,1301.0000,247.6300
2024-05-20T21:00:00+00:00,SLX.AX,SELL,261.0000,966.4000
2024-05-20T21:00:00+00:00,SMGB.L,SELL,3598.0000,229.5200
2024-05-20T21:00:00+00:00,VUL.AX,SELL,1826.0000,247.1900
2024-05-20T21:00:00+00:00,VYGR,SELL,115.0000,366.3600
2024-05-20T21:00:00+00:00,WBT.AX,BUY,1214.0000,187.2400
2024-06-19T21:00:00+00:00,AL3.AX,BUY,163.0000,146.2300
2024-06-19T21:00:00+00:00,ALCLS.PA,BUY,1646.0000,193.0600
2024-06-19T21:00:00+00:00,ALMDT.PA,BUY,721.0000,247.0900
2024-06-19T21:00:00+00:00,AXE.AX,BUY,629.0000,195.5800
2024-06-19T21:00:00+00:00,AZN.L,BUY,126.0000,194.4200
2024-06-19T21:00:00+00:00,BGO.L,SELL,165.0000,247.3700
2024-06-19T21:00:00+00:00,BRK-B,BUY,498.0000,194.8500
2024-06-19T21:00:00+00:00,BRNT.L,BUY,385.0000,282.4400
2024-06-19T21:00:00+00:00,DBMG.L,BUY,3770.0000,154.5100
2024-06-19T21:00:00+00:00,EDIT,BUY,207.0000,515.0500
2024-06-19T21:00:00+00:00,EMV.AX,BUY,54.0000,171.4100
2024-06-19T21:00:00+00:00,FTC.L,SELL,188.0000,973.1500
2024-06-19T21:00:00+00:00,GSIT,BUY,457.0000,176.5500
2024-06-19T21:00:00+00:00,HSBA.L,BUY,1196.0000,232.3300
2024-06-19T21:00:00+00:00,HYT.AX,SELL,189.0000,641.4000
2024-06-19T21:00:00+00:00,IBTM.L,BUY,2436.0000,104.6400
2024-06-19T21:00:00+00:00,IDN,SELL,393.0000,210.5900
2024-06-19T21:00:00+00:00,IITU.L,SELL,3338.0000,227.9700
2024-06-19T21:00:00+00:00,IPWR,BUY,350.0000,274.2500
2024-06-19T21:00:00+00:00,ISF.L,BUY,7777.0000,145.0000
2024-06-19T21:00:00+00:00,LTBR,BUY,2082.0000,111.7000
2024-06-19T21:00:00+00:00,MOLN.SW,SELL,4589.0000,290.8700
2024-06-19T21:00:00+00:00,MSCL.TO,SELL,438.0000,237.7500
2024-06-19T21:00:00+00:00,PLTR,SELL,2669.0000,402.3300
2024-06-19T21:00:00+00:00,PRQR,BUY,507.0000,287.8100
2024-06-19T21:00:00+00:00,QSI,BUY,1235.0000,206.3500
2024-06-19T21:00:00+00:00,RR.L,SELL,432.0000,713.3200
2024-06-19T21:00:00+00:00,SEYE.ST,SELL,124.0000,322.1500
2024-06-19T21:00:00+00:00,SGLN.L,BUY,10524.0000,149.7200
2024-06-19T21:00:00+00:00,SHEL.L,BUY,1605.0000,242.6800
2024-06-19T21:00:00+00:00,SLX.AX,BUY,253.0000,779.5600
2024-06-19T21:00:00+00:00,SMGB.L,SELL,9311.0000,262.6000
2024-06-19T21:00:00+00:00,VUL.AX,BUY,644.0000,216.1400
2024-06-19T21:00:00+00:00,VYGR,BUY,174.0000,353.5300
2024-06-19T21:00:00+00:00,WBT.AX,BUY,176.0000,186.9300
2024-07-18T21:00:00+00:00,AL3.AX,SELL,3447.0000,333.9600
2024-07-18T21:00:00+00:00,ALCLS.PA,SELL,317.0000,205.0300
2024-07-18T21:00:00+00:00,ALMDT.PA,BUY,1679.0000,166.5600
2024-07-18T21:00:00+00:00,AXE.AX,BUY,505.0000,174.0400
2024-07-18T21:00:00+00:00,AZN.L,BUY,49.0000,191.0500
2024-07-18T21:00:00+00:00,BGO.L,SELL,139.0000,254.3900
2024-07-18T21:00:00+00:00,BRK-B,SELL,686.0000,206.3000
2024-07-18T21:00:00+00:00,BRNT.L,BUY,217.0000,276.9700
2024-07-18T21:00:00+00:00,DBMG.L,SELL,62.0000,152.8900
2024-07-18T21:00:00+00:00,EDIT,SELL,66.0000,529.4900
2024-07-18T21:00:00+00:00,EMV.AX,SELL,97.0000,172.7300
2024-07-18T21:00:00+00:00,FTC.L,SELL,43.0000,1010.0700
2024-07-18T21:00:00+00:00,GSIT,SELL,179.0000,181.0000
2024-07-18T21:00:00+00:00,HSBA.L,BUY,1003.0000,222.4400
2024-07-18T21:00:00+00:00,HYT.AX,SELL,376.0000,870.6200
2024-07-18T21:00:00+00:00,IBTM.L,SELL,211.0000,103.6300
2024-07-18T21:00:00+00:00,IDN,BUY,22.0000,207.1800
2024-07-18T21:00:00+00:00,IITU.L,BUY,1790.0000,214.0300
2024-07-18T21:00:00+00:00,IPWR,SELL,203.0000,289.3800
2024-07-18T21:00:00+00:00,ISF.L,SELL,1693.0000,145.2300
2024-07-18T21:00:00+00:00,LTBR,SELL,1939.0000,146.0400
2024-07-18T21:00:00+00:00,MOLN.SW,BUY,1296.0000,201.9600
2024-07-18T21:00:00+00:00,MSCL.TO,BUY,497.0000,207.5000
2024-07-18T21:00:00+00:00,PLTR,SELL,1558.0000,436.2800
2024-07-18T21:00:00+00:00,PRQR,SELL,199.0000,304.1700
2024-07-18T21:00:00+00:00,QSI,BUY,929.0000,167.8500
2024-07-18T21:00:00+00:00,RR.L,BUY,748.0000,656.1000
2024-07-18T21:00:00+00:00,SEYE.ST,BUY,208.0000,296.1500
2024-07-18T21:00:00+00:00,SGLN.L,SELL,6779.0000,155.5300
2024-07-18T21:00:00+00:00,SHEL.L,SELL,1212.0000,250.3200
2024-07-18T21:00:00+00:00,SLX.AX,BUY,94.0000,711.9300
2024-07-18T21:00:00+00:00,SMGB.L,BUY,10553.0000,232.3900
2024-07-18T21:00:00+00:00,VUL.AX,SELL,13.0000,214.3700
2024-07-18T21:00:00+00:00,VYGR,SELL,53.0000,357.0400
2024-07-18T21:00:00+00:00,WBT.AX,SELL,190.0000,192.5600
2024-08-16T21:00:00+00:00,AL3.AX,BUY,135.0000,321.1700
2024-08-16T21:00:00+00:00,ALCLS.PA,BUY,178.0000,199.0700
2024-08-16T21:00:00+00:00,ALMDT.PA,SELL,3493.0000,498.1500
2024-08-16T21:00:00+00:00,AXE.AX,BUY,1662.0000,132.4100
2024-08-16T21:00:00+00:00,AZN.L,SELL,523.0000,206.8100
2024-08-16T21:00:00+00:00,BGO.L,BUY,697.0000,214.0400
2024-08-16T21:00:00+00:00,BRK-B,SELL,62.0000,209.9400
2024-08-16T21:00:00+00:00,BRNT.L,BUY,1256.0000,267.2700
2024-08-16T21:00:00+00:00,DBMG.L,BUY,5498.0000,145.4100
2024-08-16T21:00:00+00:00,EDIT,BUY,539.0000,404.2100
2024-08-16T21:00:00+00:00,EMV.AX,SELL,290.0000,185.1900
2024-08-16T21:00:00+00:00,FTC.L,BUY,75.0000,939.6000
2024-08-16T21:00:00+00:00,GSIT,BUY,831.0000,156.2800
2024-08-16T21:00:00+00:00,HSBA.L,BUY,319.0000,222.6700
2024-08-16T21:00:00+00:00,HYT.AX,BUY,448.0000,609.5500
2024-08-16T21:00:00+00:00,IBTM.L,SELL,2123.0000,106.4500
2024-08-16T21:00:00+00:00,IDN,BUY,1913.0000,144.3700
2024-08-16T21:00:00+00:00,IITU.L,BUY,313.0000,214.5200
2024-08-16T21:00:00+00:00,IPWR,SELL,178.0000,310.7600
2024-08-16T21:00:00+00:00,ISF.L,SELL,1038.0000,148.0200
2024-08-16T21:00:00+00:00,LTBR,BUY,1657.0000,115.7800
2024-08-16T21:00:00+00:00,MOLN.SW,BUY,302.0000,190.9600
2024-08-16T21:00:00+00:00,MSCL.TO,BUY,15.0000,209.0700
2024-08-16T21:00:00+00:00,PLTR,SELL,1733.0000,494.3000
2024-08-16T21:00:00+00:00,PRQR,SELL,526.0000,376.0500
2024-08-16T21:00:00+00:00,QSI,BUY,615.0000,151.8700
2024-08-16T21:00:00+00:00,RR.L,SELL,1317.0000,756.3400
2024-08-16T21:00:00+00:00,SEYE.ST,SELL,253.0000,327.4000
2024-08-16T21:00:00+00:00,SGLN.L,SELL,550.0000,157.9100
2024-08-16T21:00:00+00:00,SHEL.L,BUY,499.0000,248.6900
2024-08-16T21:00:00+00:00,SLX.AX,BUY,226.0000,608.6500
2024-08-16T21:00:00+00:00,SMGB.L,BUY,3436.0000,227.2100
2024-08-16T21:00:00+00:00,VUL.AX,BUY,540.0000,191.5300
2024-08-16T21:00:00+00:00,VYGR,BUY,745.0000,277.1800
2024-08-16T21:00:00+00:00,WBT.AX,BUY,1037.0000,158.6600
2024-09-17T21:00:00+00:00,AL3.AX,SELL,42.0000,319.2200
2024-09-17T21:00:00+00:00,ALCLS.PA,SELL,586.0000,224.2200
2024-09-17T21:00:00+00:00,ALMDT.PA,BUY,826.0000,333.2100
2024-09-17T21:00:00+00:00,AXE.AX,BUY,483.0000,120.8700
2024-09-17T21:00:00+00:00,AZN.L,BUY,495.0000,189.7200
2024-09-17T21:00:00+00:00,BGO.L,BUY,334.0000,193.8600
2024-09-17T21:00:00+00:00,BRK-B,SELL,208.0000,209.9600
2024-09-17T21:00:00+00:00,BRNT.L,BUY,2219.0000,242.0200
2024-09-17T21:00:00+00:00,DBMG.L,BUY,426.0000,141.6400
2024-09-17T21:00:00+00:00,EDIT,BUY,92.0000,379.6900
2024-09-17T21:00:00+00:00,EMV.AX,SELL,29.0000,182.3300
2024-09-17T21:00:00+00:00,FTC.L,SELL,49.0000,969.8000
2024-09-17T21:00:00+00:00,GSIT,SELL,926.0000,182.6700
2024-09-17T21:00:00+00:00,HSBA.L,SELL,929.0000,224.4300
2024-09-17T21:00:00+00:00,HYT.AX,SELL,372.0000,801.2800
2024-09-17T21:00:00+00:00,IBTM.L,SELL,3353.0000,106.8500
2024-09-17T21:00:00+00:00,IDN,BUY,592.0000,128.8700
2024-09-17T21:00:00+00:00,IITU.L,BUY,256.0000,208.4300
2024-09-17T21:00:00+00:00,IPWR,BUY,173.0000,286.7900
2024-09-17T21:00:00+00:00,ISF.L,SELL,3028.0000,148.3000
2024-09-17T21:00:00+00:00,LTBR,BUY,478.0000,106.6600
2024-09-17T21:00:00+00:00,MOLN.SW,BUY,1112.0000,150.8300
2024-09-17T21:00:00+00:00,MSCL.TO,BUY,65.0000,201.5100
2024-09-17T21:00:00+00:00,PLTR,SELL,1657.0000,546.7000
2024-09-17T21:00:00+00:00,PRQR,BUY,492.0000,304.4900
2024-09-17T21:00:00+00:00,QSI,BUY,1.0000,148.5900
2024-09-17T21:00:00+00:00,RR.L,SELL,90.0000,747.2800
2024-09-17T21:00:00+00:00,SEYE.ST,BUY,972.0000,235.8800
2024-09-17T21:00:00+00:00,SGLN.L,SELL,4311.0000,159.6800
2024-09-17T21:00:00+00:00,SHEL.L,BUY,1888.0000,228.2800
2024-09-17T21:00:00+00:00,SLX.AX,BUY,265.0000,503.8900
2024-09-17T21:00:00+00:00,SMGB.L,BUY,3882.0000,214.3300
2024-09-17T21:00:00+00:00,VUL.AX,BUY,207.0000,179.4300
2024-09-17T21:00:00+00:00,VYGR,BUY,135.0000,260.2200
2024-09-17T21:00:00+00:00,WBT.AX,BUY,251.0000,148.5900
2024-10-16T21:00:00+00:00,AL3.AX,BUY,47.0000,330.0600
2024-10-16T21:00:00+00:00,ALCLS.PA,BUY,853.0000,193.2800
2024-10-16T21:00:00+00:00,ALMDT.PA,BUY,337.0000,310.4400
2024-10-16T21:00:00+00:00,AXE.AX,SELL,105.0000,129.0000
2024-10-16T21:00:00+00:00,AZN.L,BUY,370.0000,190.6100
2024-10-16T21:00:00+00:00,BGO.L,BUY,601.0000,179.8200
2024-10-16T21:00:00+00:00,BRK-B,BUY,190.0000,216.4700
2024-10-16T21:00:00+00:00,BRNT.L,BUY,589.0000,249.6000
2024-10-16T21:00:00+00:00,DBMG.L,BUY,4233.0000,142.4800
2024-10-16T21:00:00+00:00,EDIT,BUY,375.0000,343.1200
2024-10-16T21:00:00+00:00,EMV.AX,BUY,494.0000,173.7500
2024-10-16T21:00:00+00:00,FTC.L,BUY,31.0000,986.5800
2024-10-16T21:00:00+00:00,GSIT,SELL,1163.0000,254.2000
2024-10-16T21:00:00+00:00,HSBA.L,BUY,1070.0000,228.1600
2024-10-16T21:00:00+00:00,HYT.AX,SELL,111.0000,938.6700
2024-10-16T21:00:00+00:00,IBTM.L,BUY,8069.0000,105.8200
2024-10-16T21:00:00+00:00,IDN,SELL,220.0000,140.1200
2024-10-16T21:00:00+00:00,IITU.L,SELL,398.0000,221.6600
2024-10-16T21:00:00+00:00,IPWR,BUY,155.0000,286.9500
2024-10-16T21:00:00+00:00,ISF.L,BUY,6112.0000,148.8100
2024-10-16T21:00:00+00:00,LTBR,SELL,3852.0000,212.6200
2024-10-16T21:00:00+00:00,MOLN.SW,BUY,460.0000,146.9100
2024-10-16T21:00:00+00:00,MSCL.TO,SELL,1004.0000,276.1900
2024-10-16T21:00:00+00:00,PLTR,SELL,1219.0000,635.8700
2024-10-16T21:00:00+00:00,PRQR,SELL,1503.0000,676.2800
2024-10-16T21:00:00+00:00,QSI,BUY,1458.0000,125.1000
2024-10-16T21:00:00+00:00,RR.L,SELL,655.0000,845.4100
2024-10-16T21:00:00+00:00,SEYE.ST,BUY,1045.0000,193.2800
2024-10-16T21:00:00+00:00,SGLN.L,SELL,330.0000,168.3700
2024-10-16T21:00:00+00:00,SHEL.L,BUY,1937.0000,225.7400
2024-10-16T21:00:00+00:00,SLX.AX,SELL,314.0000,648.0600
2024-10-16T21:00:00+00:00,SMGB.L,BUY,983.0000,223.3800
2024-10-16T21:00:00+00:00,VUL.AX,SELL,1139.0000,246.6800
2024-10-16T21:00:00+00:00,VYGR,SELL,599.0000,333.5200
2024-10-16T21:00:00+00:00,WBT.AX,SELL,171.0000,160.9700
2024-11-14T21:00:00+00:00,AL3.AX,SELL,956.0000,521.2500
2024-11-14T21:00:00+00:00,ALCLS.PA,BUY,349.0000,186.3300
2024-11-14T21:00:00+00:00,ALMDT.PA,SELL,147.0000,338.1300
2024-11-14T21:00:00+00:00,AXE.AX,SELL,2570.0000,209.4500
2024-11-14T21:00:00+00:00,AZN.L,BUY,1730.0000,163.1500
2024-11-14T21:00:00+00:00,BGO.L,BUY,52.0000,184.2100
2024-11-14T21:00:00+00:00,BRK-B,BUY,21.0000,223.5500
2024-11-14T21:00:00+00:00,BRNT.L,BUY,615.0000,253.1900
2024-11-14T21:00:00+00:00,DBMG.L,BUY,3068.0000,142.9500
2024-11-14T21:00:00+00:00,EDIT,BUY,676.0000,283.2800
2024-11-14T21:00:00+00:00,EMV.AX,BUY,358.0000,168.3900
2024-11-14T21:00:00+00:00,FTC.L,BUY,13.0000,1006.7100
2024-11-14T21:00:00+00:00,GSIT,BUY,1800.0000,175.3600
2024-11-14T21:00:00+00:00,HSBA.L,SELL,791.0000,242.1100
2024-11-14T21:00:00+00:00,HYT.AX,BUY,152.0000,840.1500
2024-11-14T21:00:00+00:00,IBTM.L,BUY,5678.0000,105.2000
2024-11-14T21:00:00+00:00,IDN,SELL,670.0000,161.5900
2024-11-14T21:00:00+00:00,IITU.L,SELL,609.0000,233.4000
2024-11-14T21:00:00+00:00,IPWR,BUY,541.0000,253.8500
2024-11-14T21:00:00+00:00,ISF.L,BUY,8576.0000,144.6900
2024-11-14T21:00:00+00:00,LTBR,SELL,1425.0000,329.0700
2024-11-14T21:00:00+00:00,MOLN.SW,SELL,586.0000,167.8600
2024-11-14T21:00:00+00:00,MSCL.TO,SELL,620.0000,351.7500
2024-11-14T21:00:00+00:00,PLTR,SELL,3301.0000,922.8200
2024-11-14T21:00:00+00:00,PRQR,BUY,33.0000,683.2900
2024-11-14T21:00:00+00:00,QSI,BUY,398.0000,122.8000
2024-11-14T21:00:00+00:00,RR.L,BUY,546.0000,823.0700
2024-11-14T21:00:00+00:00,SEYE.ST,BUY,511.0000,180.5600
2024-11-14T21:00:00+00:00,SGLN.L,BUY,6533.0000,165.8500
2024-11-14T21:00:00+00:00,SHEL.L,BUY,792.0000,228.0600
2024-11-14T21:00:00+00:00,SLX.AX,SELL,145.0000,747.1000
2024-11-14T21:00:00+00:00,SMGB.L,BUY,1745.0000,227.5400
2024-11-14T21:00:00+00:00,VUL.AX,SELL,585.0000,303.1100
2024-11-14T21:00:00+00:00,VYGR,BUY,768.0000,269.6700
2024-11-14T21:00:00+00:00,WBT.AX,SELL,2050.0000,260.6500
2024-12-13T21:00:00+00:00,AL3.AX,BUY,924.0000,355.7800
2024-12-13T21:00:00+00:00,ALCLS.PA,BUY,474.0000,175.5000
2024-12-13T21:00:00+00:00,ALMDT.PA,BUY,302.0000,314.3300
2024-12-13T21:00:00+00:00,AXE.AX,BUY,829.0000,182.2600
2024-12-13T21:00:00+00:00,AZN.L,BUY,125.0000,165.9400
2024-12-13T21:00:00+00:00,BGO.L,BUY,619.0000,169.3000
2024-12-13T21:00:00+00:00,BRK-B,BUY,476.0000,219.3800
2024-12-13T21:00:00+00:00,BRNT.L,SELL,37.0000,261.0400
2024-12-13T21:00:00+00:00,DBMG.L,BUY,2064.0000,144.2400
2024-12-13T21:00:00+00:00,EDIT,BUY,3262.0000,147.6100
2024-12-13T21:00:00+00:00,EMV.AX,BUY,550.0000,157.9600
2024-12-13T21:00:00+00:00,FTC.L,BUY,68.0000,966.4400
2024-12-13T21:00:00+00:00,GSIT,BUY,212.0000,173.7700
2024-12-13T21:00:00+00:00,HSBA.L,SELL,1590.0000,262.6800
2024-12-13T21:00:00+00:00,HYT.AX,BUY,141.0000,768.7700
2024-12-13T21:00:00+00:00,IBTM.L,BUY,2110.0000,106.7700
2024-12-13T21:00:00+00:00,IDN,SELL,978.0000,199.7600
2024-12-13T21:00:00+00:00,IITU.L,BUY,153.0000,239.3100
2024-12-13T21:00:00+00:00,IPWR,BUY,205.0000,247.8200
2024-12-13T21:00:00+00:00,ISF.L,BUY,77.0000,148.9200
2024-12-13T21:00:00+00:00,LTBR,BUY,1674.0000,214.1900
2024-12-13T21:00:00+00:00,MOLN.SW,BUY,243.0000,165.7000
2024-12-13T21:00:00+00:00,MSCL.TO,SELL,288.0000,405.5000
2024-12-13T21:00:00+00:00,PLTR,SELL,1647.0000,1188.9600
2024-12-13T21:00:00+00:00,PRQR,BUY,601.0000,490.6800
2024-12-13T21:00:00+00:00,QSI,SELL,4122.0000,271.7600
2024-12-13T21:00:00+00:00,RR.L,SELL,179.0000,864.4300
2024-12-13T21:00:00+00:00,SEYE.ST,BUY,265.0000,176.9900
2024-12-13T21:00:00+00:00,SGLN.L,SELL,1341.0000,172.5000
2024-12-13T21:00:00+00:00,SHEL.L,BUY,1442.0000,225.0800
2024-12-13T21:00:00+00:00,SLX.AX,SELL,53.0000,803.4900
2024-12-13T21:00:00+00:00,SMGB.L,BUY,2746.0000,228.6400
2024-12-13T21:00:00+00:00,VUL.AX,BUY,304.0000,284.4800
2024-12-13T21:00:00+00:00,VYGR,BUY,67.0000,272.4700
2024-12-13T21:00:00+00:00,WBT.AX,BUY,456.0000,238.4700
2025-01-16T21:00:00+00:00,AL3.AX,BUY,172.0000,349.9100
2025-01-16T21:00:00+00:00,ALCLS.PA,BUY,414.0000,170.6900
2025-01-16T21:00:00+00:00,ALMDT.PA,SELL,670.0000,418.9300
2025-01-16T21:00:00+00:00,AXE.AX,SELL,762.0000,222.1500
2025-01-16T21:00:00+00:00,AZN.L,BUY,90.0000,171.9000
2025-01-16T21:00:00+00:00,BGO.L,SELL,174.0000,182.4600
2025-01-16T21:00:00+00:00,BRK-B,SELL,14.0000,229.5900
2025-01-16T21:00:00+00:00,BRNT.L,SELL,2176.0000,293.5000
2025-01-16T21:00:00+00:00,DBMG.L,SELL,348.0000,151.2700
2025-01-16T21:00:00+00:00,EDIT,BUY,1138.0000,131.6100
2025-01-16T21:00:00+00:00,EMV.AX,BUY,194.0000,160.0600
2025-01-16T21:00:00+00:00,FTC.L,SELL,226.0000,1302.0100
2025-01-16T21:00:00+00:00,GSIT,SELL,215.0000,188.8600
2025-01-16T21:00:00+00:00,HSBA.L,SELL,617.0000,280.3700
2025-01-16T21:00:00+00:00,HYT.AX,SELL,7.0000,808.2200
2025-01-16T21:00:00+00:00,IBTM.L,BUY,3694.0000,108.8400
2025-01-16T21:00:00+00:00,IDN,BUY,581.0000,186.5700
2025-01-16T21:00:00+00:00,IITU.L,BUY,1292.0000,241.2500
2025-01-16T21:00:00+00:00,IPWR,SELL,704.0000,315.5100
2025-01-16T21:00:00+00:00,ISF.L,BUY,4420.0000,150.9400
2025-01-16T21:00:00+00:00,LTBR,SELL,560.0000,255.3300
2025-01-16T21:00:00+00:00,MOLN.SW,SELL,18.0000,173.7300
2025-01-16T21:00:00+00:00,MSCL.TO,BUY,453.0000,356.6200
2025-01-16T21:00:00+00:00,PLTR,BUY,715.0000,1120.5700
2025-01-16T21:00:00+00:00,PRQR,BUY,481.0000,412.9200
2025-01-16T21:00:00+00:00,QSI,SELL,1135.0000,415.5500
2025-01-16T21:00:00+00:00,RR.L,BUY,306.0000,873.7900
2025-01-16T21:00:00+00:00,SEYE.ST,BUY,314.0000,175.0100
2025-01-16T21:00:00+00:00,SGLN.L,SELL,1150.0000,181.8500
2025-01-16T21:00:00+00:00,SHEL.L,SELL,1002.0000,242.2500
2025-01-16T21:00:00+00:00,SLX.AX,BUY,2.0000,838.3000
2025-01-16T21:00:00+00:00,SMGB.L,SELL,3221.0000,245.9600
2025-01-16T21:00:00+00:00,VUL.AX,BUY,19.0000,295.6900
2025-01-16T21:00:00+00:00,VYGR,BUY,897.0000,227.6800
2025-01-16T21:00:00+00:00,WBT.AX,BUY,894.0000,204.5300
2025-02-14T21:00:00+00:00,AL3.AX,BUY,423.0000,314.0400
2025-02-14T21:00:00+00:00,ALCLS.PA,BUY,444.0000,163.3000
2025-02-14T21:00:00+00:00,ALMDT.PA,BUY,2104.0000,230.9100
2025-02-14T21:00:00+00:00,AXE.AX,BUY,769.0000,195.5300
2025-02-14T21:00:00+00:00,AZN.L,SELL,490.0000,185.6000
2025-02-14T21:00:00+00:00,BGO.L,BUY,446.0000,173.6800
2025-02-14T21:00:00+00:00,BRK-B,BUY,181.0000,231.8500
2025-02-14T21:00:00+00:00,BRNT.L,BUY,3011.0000,273.0700
2025-02-14T21:00:00+00:00,DBMG.L,BUY,6438.0000,146.2600
2025-02-14T21:00:00+00:00,EDIT,SELL,405.0000,142.7400
2025-02-14T21:00:00+00:00,EMV.AX,SELL,471.0000,177.6600
2025-02-14T21:00:00+00:00,FTC.L,SELL,57.0000,1442.9500
2025-02-14T21:00:00+00:00,GSIT,SELL,872.0000,231.5700
2025-02-14T21:00:00+00:00,HSBA.L,SELL,972.0000,298.1600
2025-02-14T21:00:00+00:00,HYT.AX,BUY,253.0000,692.1500
2025-02-14T21:00:00+00:00,IBTM.L,BUY,6535.0000,107.2000
2025-02-14T21:00:00+00:00,IDN,BUY,547.0000,174.3300
2025-02-14T21:00:00+00:00,IITU.L,BUY,1279.0000,239.5800
2025-02-14T21:00:00+00:00,IPWR,BUY,755.0000,262.8000
2025-02-14T21:00:00+00:00,ISF.L,SELL,1932.0000,157.2300
2025-02-14T21:00:00+00:00,LTBR,SELL,2290.0000,615.7000
2025-02-14T21:00:00+00:00,MOLN.SW,BUY,1339.0000,145.3800
2025-02-14T21:00:00+00:00,MSCL.TO,BUY,538.0000,308.4900
2025-02-14T21:00:00+00:00,PLTR,SELL,2816.0000,1879.3300
2025-02-14T21:00:00+00:00,PRQR,BUY,6.0000,423.4000
2025-02-14T21:00:00+00:00,QSI,BUY,917.0000,310.9000
2025-02-14T21:00:00+00:00,RR.L,SELL,443.0000,942.9300
2025-02-14T21:00:00+00:00,SEYE.ST,BUY,1840.0000,136.6800
2025-02-14T21:00:00+00:00,SGLN.L,SELL,598.0000,187.7700
2025-02-14T21:00:00+00:00,SHEL.L,BUY,773.0000,243.4200
2025-02-14T21:00:00+00:00,SLX.AX,BUY,237.0000,721.1700
2025-02-14T21:00:00+00:00,SMGB.L,BUY,8635.0000,234.4300
2025-02-14T21:00:00+00:00,VUL.AX,BUY,1869.0000,197.0600
2025-02-14T21:00:00+00:00,VYGR,BUY,1171.0000,185.4900
2025-02-14T21:00:00+00:00,WBT.AX,BUY,1325.0000,166.0600
2025-03-17T21:00:00+00:00,AL3.AX,BUY,439.0000,264.8400
2025-03-17T21:00:00+00:00,ALCLS.PA,BUY,1477.0000,126.6700
2025-03-17T21:00:00+00:00,ALMDT.PA,BUY,70.0000,216.9900
2025-03-17T21:00:00+00:00,AXE.AX,BUY,914.0000,159.4100
2025-03-17T21:00:00+00:00,AZN.L,SELL,728.0000,191.4400
2025-03-17T21:00:00+00:00,BGO.L,BUY,1003.0000,142.1100
2025-03-17T21:00:00+00:00,BRK-B,SELL,1021.0000,245.6600
2025-03-17T21:00:00+00:00,BRNT.L,BUY,925.0000,253.2100
2025-03-17T21:00:00+00:00,DBMG.L,BUY,2169.0000,136.8400
2025-03-17T21:00:00+00:00,EDIT,SELL,284.0000,141.7000
2025-03-17T21:00:00+00:00,EMV.AX,BUY,786.0000,149.6000
2025-03-17T21:00:00+00:00,FTC.L,SELL,33.0000,1442.9500
2025-03-17T21:00:00+00:00,GSIT,BUY,1212.0000,174.2700
2025-03-17T21:00:00+00:00,HSBA.L,SELL,2328.0000,310.2400
2025-03-17T21:00:00+00:00,HYT.AX,BUY,105.0000,617.3800
2025-03-17T21:00:00+00:00,IBTM.L,SELL,5240.0000,105.8500
2025-03-17T21:00:00+00:00,IDN,BUY,183.0000,161.4400
2025-03-17T21:00:00+00:00,IITU.L,BUY,3957.0000,206.9300
2025-03-17T21:00:00+00:00,IPWR,BUY,1523.0000,181.4600
2025-03-17T21:00:00+00:00,ISF.L,SELL,6853.0000,157.5300
2025-03-17T21:00:00+00:00,LTBR,BUY,692.0000,417.7800
2025-03-17T21:00:00+00:00,MOLN.SW,BUY,1176.0000,119.2700
2025-03-17T21:00:00+00:00,MSCL.TO,SELL,495.0000,344.7100
2025-03-17T21:00:00+00:00,PLTR,BUY,1516.0000,1338.5200
2025-03-17T21:00:00+00:00,PRQR,BUY,985.0000,288.9800
2025-03-17T21:00:00+00:00,QSI,BUY,541.0000,255.6000
2025-03-17T21:00:00+00:00,RR.L,SELL,2278.0000,1210.1400
2025-03-17T21:00:00+00:00,SEYE.ST,SELL,1654.0000,166.3500
2025-03-17T21:00:00+00:00,SGLN.L,SELL,6649.0000,188.6700
2025-03-17T21:00:00+00:00,SHEL.L,SELL,1597.0000,243.6000
2025-03-17T21:00:00+00:00,SLX.AX,BUY,418.0000,534.1500
2025-03-17T21:00:00+00:00,SMGB.L,BUY,9753.0000,206.7300
2025-03-17T21:00:00+00:00,VUL.AX,SELL,647.0000,214.1100
2025-03-17T21:00:00+00:00,VYGR,BUY,385.0000,165.7300
2025-03-17T21:00:00+00:00,WBT.AX,BUY,449.0000,147.9300
2025-04-15T21:00:00+00:00,AL3.AX,SELL,794.0000,319.5900
2025-04-15T21:00:00+00:00,ALCLS.PA,SELL,1747.0000,155.0000
2025-04-15T21:00:00+00:00,ALMDT.PA,SELL,199.0000,216.1000
2025-04-15T21:00:00+00:00,AXE.AX,BUY,994.0000,131.0900
2025-04-15T21:00:00+00:00,AZN.L,BUY,929.0000,165.3300
2025-04-15T21:00:00+00:00,BGO.L,SELL,248.0000,140.3500
2025-04-15T21:00:00+00:00,BRK-B,SELL,359.0000,243.4900
2025-04-15T21:00:00+00:00,BRNT.L,BUY,2058.0000,226.9400
2025-04-15T21:00:00+00:00,DBMG.L,SELL,2325.0000,133.1700
2025-04-15T21:00:00+00:00,EDIT,BUY,98.0000,133.1600
2025-04-15T21:00:00+00:00,EMV.AX,SELL,331.0000,149.9500
2025-04-15T21:00:00+00:00,FTC.L,BUY,24.0000,1328.8600
2025-04-15T21:00:00+00:00,GSIT,SELL,425.0000,179.3400
2025-04-15T21:00:00+00:00,HSBA.L,BUY,1734.0000,276.9400
2025-04-15T21:00:00+00:00,HYT.AX,SELL,92.0000,623.6800
2025-04-15T21:00:00+00:00,IBTM.L,SELL,4384.0000,103.8600
2025-04-15T21:00:00+00:00,IDN,SELL,157.0000,157.8000
2025-04-15T21:00:00+00:00,IITU.L,BUY,840.0000,193.2500
2025-04-15T21:00:00+00:00,IPWR,BUY,161.0000,167.9700
2025-04-15T21:00:00+00:00,ISF.L,SELL,463.0000,150.5900
2025-04-15T21:00:00+00:00,LTBR,BUY,575.0000,320.8500
2025-04-15T21:00:00+00:00,MOLN.SW,SELL,295.0000,117.7800
2025-04-15T21:00:00+00:00,MSCL.TO,BUY,660.0000,267.4600
2025-04-15T21:00:00+00:00,PLTR,SELL,827.0000,1479.9300
2025-04-15T21:00:00+00:00,PRQR,BUY,1337.0000,198.5400
2025-04-15T21:00:00+00:00,QSI,BUY,1182.0000,187.0100
2025-04-15T21:00:00+00:00,RR.L,BUY,288.0000,1104.7700
2025-04-15T21:00:00+00:00,SEYE.ST,SELL,270.0000,165.9500
2025-04-15T21:00:00+00:00,SGLN.L,SELL,12367.0000,199.3700
2025-04-15T21:00:00+00:00,SHEL.L,BUY,2464.0000,215.8800
2025-04-15T21:00:00+00:00,SLX.AX,BUY,657.0000,376.7600
2025-04-15T21:00:00+00:00,SMGB.L,BUY,10861.0000,181.6000
2025-04-15T21:00:00+00:00,VUL.AX,SELL,152.0000,210.8700
2025-04-15T21:00:00+00:00,VYGR,BUY,1063.0000,134.2300
2025-04-15T21:00:00+00:00,WBT.AX,BUY,730.0000,127.1900
2025-05-19T21:00:00+00:00,AL3.AX,BUY,421.0000,300.8600
2025-05-19T21:00:00+00:00,ALCLS.PA,BUY,945.0000,144.3400
2025-05-19T21:00:00+00:00,ALMDT.PA,BUY,1175.0000,183.2600
2025-05-19T21:00:00+00:00,AXE.AX,BUY,220.0000,136.7000
2025-05-19T21:00:00+00:00,AZN.L,BUY,645.0000,166.8000
2025-05-19T21:00:00+00:00,BGO.L,SELL,306.0000,157.8900
2025-05-19T21:00:00+00:00,BRK-B,BUY,1054.0000,233.8900
2025-05-19T21:00:00+00:00,BRNT.L,BUY,2071.0000,230.0900
2025-05-19T21:00:00+00:00,DBMG.L,BUY,9781.0000,131.2200
2025-05-19T21:00:00+00:00,EDIT,SELL,121.0000,145.5200
2025-05-19T21:00:00+00:00,EMV.AX,BUY,1004.0000,139.1100
2025-05-19T21:00:00+00:00,FTC.L,SELL,92.0000,1637.5800
2025-05-19T21:00:00+00:00,GSIT,SELL,359.0000,206.6500
2025-05-19T21:00:00+00:00,HSBA.L,SELL,1461.0000,314.2300
2025-05-19T21:00:00+00:00,HYT.AX,BUY,156.0000,607.8600
2025-05-19T21:00:00+00:00,IBTM.L,BUY,13249.0000,102.3400
2025-05-19T21:00:00+00:00,IDN,SELL,1227.0000,212.8300
2025-05-19T21:00:00+00:00,IITU.L,SELL,2567.0000,220.9600
2025-05-19T21:00:00+00:00,IPWR,SELL,201.0000,187.1100
2025-05-19T21:00:00+00:00,ISF.L,BUY,2000.0000,159.4600
2025-05-19T21:00:00+00:00,LTBR,SELL,642.0000,439.8800
2025-05-19T21:00:00+00:00,MOLN.SW,BUY,869.0000,114.2500
2025-05-19T21:00:00+00:00,MSCL.TO,BUY,442.0000,255.6700
2025-05-19T21:00:00+00:00,PLTR,SELL,797.0000,1881.2900
2025-05-19T21:00:00+00:00,PRQR,SELL,1174.0000,282.4900
2025-05-19T21:00:00+00:00,QSI,SELL,272.0000,212.2600
2025-05-19T21:00:00+00:00,RR.L,SELL,332.0000,1247.1000
2025-05-19T21:00:00+00:00,SEYE.ST,SELL,944.0000,213.4200
2025-05-19T21:00:00+00:00,SGLN.L,BUY,9306.0000,197.9400
2025-05-19T21:00:00+00:00,SHEL.L,BUY,683.0000,227.5300
2025-05-19T21:00:00+00:00,SLX.AX,SELL,36.0000,410.5300
2025-05-19T21:00:00+00:00,SMGB.L,SELL,12370.0000,214.1200
2025-05-19T21:00:00+00:00,VUL.AX,BUY,539.0000,202.3700
2025-05-19T21:00:00+00:00,VYGR,BUY,109.0000,142.0200
2025-05-19T21:00:00+00:00,WBT.AX,BUY,571.0000,126.9700
2025-06-18T21:00:00+00:00,AL3.AX,BUY,532.0000,271.2400
2025-06-18T21:00:00+00:00,ALCLS.PA,BUY,814.0000,135.0100
2025-06-18T21:00:00+00:00,ALMDT.PA,BUY,5086.0000,100.0000
2025-06-18T21:00:00+00:00,AXE.AX,BUY,606.0000,131.8700
2025-06-18T21:00:00+00:00,AZN.L,BUY,268.0000,169.6400
2025-06-18T21:00:00+00:00,BGO.L,BUY,95.0000,162.2800
2025-06-18T21:00:00+00:00,BRK-B,BUY,1112.0000,219.4000
2025-06-18T21:00:00+00:00,BRNT.L,SELL,3200.0000,262.8000
2025-06-18T21:00:00+00:00,DBMG.L,BUY,3469.0000,132.9300
2025-06-18T21:00:00+00:00,EDIT,SELL,2338.0000,227.3900
2025-06-18T21:00:00+00:00,EMV.AX,SELL,124.0000,147.5500
2025-06-18T21:00:00+00:00,FTC.L,SELL,140.0000,2201.3400
2025-06-18T21:00:00+00:00,GSIT,BUY,424.0000,198.4700
2025-06-18T21:00:00+00:00,HSBA.L,BUY,1319.0000,311.8800
2025-06-18T21:00:00+00:00,HYT.AX,BUY,726.0000,442.8400
2025-06-18T21:00:00+00:00,IBTM.L,BUY,5664.0000,103.0700
2025-06-18T21:00:00+00:00,IDN,SELL,1623.0000,335.0800
2025-06-18T21:00:00+00:00,IITU.L,BUY,609.0000,226.9600
2025-06-18T21:00:00+00:00,IPWR,BUY,1050.0000,163.6800
2025-06-18T21:00:00+00:00,ISF.L,BUY,3280.0000,162.4500
2025-06-18T21:00:00+00:00,LTBR,SELL,401.0000,554.3100
2025-06-18T21:00:00+00:00,MOLN.SW,BUY,737.0000,110.0800
2025-06-18T21:00:00+00:00,MSCL.TO,BUY,729.0000,225.5200
2025-06-18T21:00:00+00:00,PLTR,SELL,217.0000,2064.9400
2025-06-18T21:00:00+00:00,PRQR,SELL,262.0000,317.5200
2025-06-18T21:00:00+00:00,QSI,SELL,733.0000,261.0100
2025-06-18T21:00:00+00:00,RR.L,SELL,271.0000,1356.4100
2025-06-18T21:00:00+00:00,SEYE.ST,BUY,552.0000,199.5700
2025-06-18T21:00:00+00:00,SGLN.L,BUY,359.0000,205.8100
2025-06-18T21:00:00+00:00,SHEL.L,SELL,1189.0000,245.3800
2025-06-18T21:00:00+00:00,SLX.AX,SELL,512.0000,538.9000
2025-06-18T21:00:00+00:00,SMGB.L,SELL,2984.0000,228.6600
2025-06-18T21:00:00+00:00,VUL.AX,BUY,1277.0000,168.4700
2025-06-18T21:00:00+00:00,VYGR,BUY,1352.0000,124.7000
2025-06-18T21:00:00+00:00,WBT.AX,BUY,481.0000,124.9500
2025-07-17T21:00:00+00:00,AL3.AX,SELL,2111.0000,617.8000
2025-07-17T21:00:00+00:00,ALCLS.PA,SELL,1464.0000,174.7900
2025-07-17T21:00:00+00:00,ALMDT.PA,SELL,4380.0000,178.9700
2025-07-17T21:00:00+00:00,AXE.AX,SELL,753.0000,153.3900
2025-07-17T21:00:00+00:00,AZN.L,BUY,857.0000,165.8400
2025-07-17T21:00:00+00:00,BGO.L,BUY,1017.0000,148.2500
2025-07-17T21:00:00+00:00,BRK-B,BUY,880.0000,214.3900
2025-07-17T21:00:00+00:00,BRNT.L,BUY,3949.0000,248.0500
2025-07-17T21:00:00+00:00,DBMG.L,BUY,5268.0000,134.4000
2025-07-17T21:00:00+00:00,EDIT,SELL,438.0000,264.5300
2025-07-17T21:00:00+00:00,EMV.AX,BUY,464.0000,146.2700
2025-07-17T21:00:00+00:00,FTC.L,BUY,21.0000,2228.1900
2025-07-17T21:00:00+00:00,GSIT,SELL,2020.0000,335.4300
2025-07-17T21:00:00+00:00,HSBA.L,SELL,293.0000,332.5600
2025-07-17T21:00:00+00:00,HYT.AX,BUY,472.0000,390.6400
2025-07-17T21:00:00+00:00,IBTM.L,BUY,8699.0000,103.3000
2025-07-17T21:00:00+00:00,IDN,BUY,151.0000,337.4700
2025-07-17T21:00:00+00:00,IITU.L,SELL,1467.0000,248.4000
2025-07-17T21:00:00+00:00,IPWR,SELL,1214.0000,212.1600
2025-07-17T21:00:00+00:00,ISF.L,BUY,5540.0000,164.9400
2025-07-17T21:00:00+00:00,LTBR,SELL,148.0000,633.3600
2025-07-17T21:00:00+00:00,MOLN.SW,BUY,686.0000,108.4400
2025-07-17T21:00:00+00:00,MSCL.TO,SELL,3.0000,238.0500
2025-07-17T21:00:00+00:00,PLTR,SELL,176.0000,2275.1400
2025-07-17T21:00:00+00:00,PRQR,SELL,499.0000,393.3600
2025-07-17T21:00:00+00:00,QSI,BUY,53.0000,271.8300
2025-07-17T21:00:00+00:00,RR.L,SELL,437.0000,1537.5600
2025-07-17T21:00:00+00:00,SEYE.ST,SELL,107.0000,214.8000
2025-07-17T21:00:00+00:00,SGLN.L,BUY,8221.0000,203.5000
2025-07-17T21:00:00+00:00,SHEL.L,BUY,2724.0000,240.0400
2025-07-17T21:00:00+00:00,SLX.AX,SELL,34.0000,578.5100
2025-07-17T21:00:00+00:00,SMGB.L,SELL,4972.0000,251.2900
2025-07-17T21:00:00+00:00,VUL.AX,BUY,313.0000,169.3600
2025-07-17T21:00:00+00:00,VYGR,SELL,47.0000,132.2700
2025-07-17T21:00:00+00:00,WBT.AX,SELL,1663.0000,163.6800
2025-08-15T21:00:00+00:00,AL3.AX,SELL,12.0000,629.8600
2025-08-15T21:00:00+00:00,ALCLS.PA,SELL,2346.0000,278.5300
2025-08-15T21:00:00+00:00,ALMDT.PA,SELL,1278.0000,227.4800
2025-08-15T21:00:00+00:00,AXE.AX,SELL,494.0000,166.5600
2025-08-15T21:00:00+00:00,AZN.L,SELL,1233.0000,187.7300
2025-08-15T21:00:00+00:00,BGO.L,SELL,167.0000,153.5100
2025-08-15T21:00:00+00:00,BRK-B,BUY,163.0000,214.2000
2025-08-15T21:00:00+00:00,BRNT.L,BUY,1702.0000,240.3200
2025-08-15T21:00:00+00:00,DBMG.L,BUY,1884.0000,134.1200
2025-08-15T21:00:00+00:00,EDIT,SELL,337.0000,291.0000
2025-08-15T21:00:00+00:00,EMV.AX,BUY,289.0000,142.7600
2025-08-15T21:00:00+00:00,FTC.L,BUY,76.0000,1959.7300
2025-08-15T21:00:00+00:00,GSIT,BUY,2394.0000,198.2400
2025-08-15T21:00:00+00:00,HSBA.L,SELL,44.0000,337.3500
2025-08-15T21:00:00+00:00,HYT.AX,BUY,223.0000,367.2600
2025-08-15T21:00:00+00:00,IBTM.L,BUY,1660.0000,103.6300
2025-08-15T21:00:00+00:00,IDN,BUY,256.0000,317.4100
2025-08-15T21:00:00+00:00,IITU.L,SELL,248.0000,253.1700
2025-08-15T21:00:00+00:00,IPWR,BUY,654.0000,191.3000
2025-08-15T21:00:00+00:00,ISF.L,SELL,1686.0000,168.9700
2025-08-15T21:00:00+00:00,LTBR,SELL,105.0000,681.7300
2025-08-15T21:00:00+00:00,MOLN.SW,BUY,760.0000,102.3300
2025-08-15T21:00:00+00:00,MSCL.TO,BUY,64.0000,237.8600
2025-08-15T21:00:00+00:00,PLTR,SELL,443.0000,2594.4800
2025-08-15T21:00:00+00:00,PRQR,BUY,562.0000,333.0200
2025-08-15T21:00:00+00:00,QSI,BUY,2859.0000,162.8400
2025-08-15T21:00:00+00:00,RR.L,SELL,302.0000,1641.8300
2025-08-15T21:00:00+00:00,SEYE.ST,BUY,512.0000,198.1900
2025-08-15T21:00:00+00:00,SGLN.L,BUY,3011.0000,201.4700
2025-08-15T21:00:00+00:00,SHEL.L,SELL,330.0000,245.2600
2025-08-15T21:00:00+00:00,SLX.AX,BUY,268.0000,514.9100
2025-08-15T21:00:00+00:00,SMGB.L,BUY,1608.0000,251.1000
2025-08-15T21:00:00+00:00,VUL.AX,SELL,13.0000,171.8600
2025-08-15T21:00:00+00:00,VYGR,SELL,1004.0000,151.8700
2025-08-15T21:00:00+00:00,WBT.AX,SELL,752.0000,186.1500
2025-09-16T21:00:00+00:00,AL3.AX,BUY,336.0000,551.5600
2025-09-16T21:00:00+00:00,ALCLS.PA,SELL,127.0000,298.4500
2025-09-16T21:00:00+00:00,ALMDT.PA,SELL,243.0000,248.2300
2025-09-16T21:00:00+00:00,AXE.AX,BUY,1655.0000,139.2300
2025-09-16T21:00:00+00:00,AZN.L,BUY,635.0000,183.7500
2025-09-16T21:00:00+00:00,BGO.L,SELL,1610.0000,203.5100
2025-09-16T21:00:00+00:00,BRK-B,BUY,173.0000,219.2300
2025-09-16T21:00:00+00:00,BRNT.L,BUY,156.0000,248.5000
2025-09-16T21:00:00+00:00,DBMG.L,BUY,331.0000,138.8800
2025-09-16T21:00:00+00:00,EDIT,BUY,460.0000,270.3500
2025-09-16T21:00:00+00:00,EMV.AX,SELL,1864.0000,193.3600
2025-09-16T21:00:00+00:00,FTC.L,BUY,62.0000,1838.9300
2025-09-16T21:00:00+00:00,GSIT,SELL,103.0000,209.5500
2025-09-16T21:00:00+00:00,HSBA.L,SELL,726.0000,359.8800
2025-09-16T21:00:00+00:00,HYT.AX,BUY,216.0000,356.4400
2025-09-16T21:00:00+00:00,IBTM.L,BUY,3816.0000,105.3000
2025-09-16T21:00:00+00:00,IDN,SELL,101.0000,339.0000
2025-09-16T21:00:00+00:00,IITU.L,BUY,766.0000,257.7500
2025-09-16T21:00:00+00:00,IPWR,BUY,296.0000,189.2000
2025-09-16T21:00:00+00:00,ISF.L,BUY,4645.0000,170.0100
2025-09-16T21:00:00+00:00,LTBR,BUY,189.0000,635.7600
2025-09-16T21:00:00+00:00,MOLN.SW,BUY,484.0000,101.8100
2025-09-16T21:00:00+00:00,MSCL.TO,SELL,195.0000,257.3800
2025-09-16T21:00:00+00:00,PLTR,BUY,303.0000,2480.1000
2025-09-16T21:00:00+00:00,PRQR,BUY,257.0000,321.5700
2025-09-16T21:00:00+00:00,QSI,SELL,958.0000,195.8500
2025-09-16T21:00:00+00:00,RR.L,SELL,76.0000,1728.2000
2025-09-16T21:00:00+00:00,SEYE.ST,SELL,1357.0000,269.2800
2025-09-16T21:00:00+00:00,SGLN.L,SELL,6956.0000,220.5900
2025-09-16T21:00:00+00:00,SHEL.L,BUY,1448.0000,245.0700
2025-09-16T21:00:00+00:00,SLX.AX,SELL,162.0000,576.6100
2025-09-16T21:00:00+00:00,SMGB.L,BUY,166.0000,260.3200
2025-09-16T21:00:00+00:00,VUL.AX,SELL,797.0000,202.7700
2025-09-16T21:00:00+00:00,VYGR,SELL,630.0000,172.1300
2025-09-16T21:00:00+00:00,WBT.AX,SELL,722.0000,219.0800
2025-10-15T21:00:00+00:00,AL3.AX,BUY,513.0000,486.9900
2025-10-15T21:00:00+00:00,ALCLS.PA,SELL,740.0000,401.5100
2025-10-15T21:00:00+00:00,ALMDT.PA,SELL,15.0000,272.4700
2025-10-15T21:00:00+00:00,AXE.AX,SELL,2098.0000,202.3200
2025-10-15T21:00:00+00:00,AZN.L,SELL,200.0000,204.7700
2025-10-15T21:00:00+00:00,BGO.L,BUY,1679.0000,172.8100
2025-10-15T21:00:00+00:00,BRK-B,BUY,738.0000,226.3100
2025-10-15T21:00:00+00:00,BRNT.L,BUY,6703.0000,232.4000
2025-10-15T21:00:00+00:00,DBMG.L,BUY,3205.0000,148.3000
2025-10-15T21:00:00+00:00,EDIT,SELL,1107.0000,396.0400
2025-10-15T21:00:00+00:00,EMV.AX,BUY,2594.0000,148.6000
2025-10-15T21:00:00+00:00,FTC.L,BUY,107.0000,1724.8300
2025-10-15T21:00:00+00:00,GSIT,SELL,1782.0000,335.1600
2025-10-15T21:00:00+00:00,HSBA.L,BUY,2858.0000,355.2400
2025-10-15T21:00:00+00:00,HYT.AX,SELL,299.0000,428.5900
2025-10-15T21:00:00+00:00,IBTM.L,BUY,12399.0000,107.8000
2025-10-15T21:00:00+00:00,IDN,BUY,782.0000,303.1300
2025-10-15T21:00:00+00:00,IITU.L,BUY,1459.0000,272.0500
2025-10-15T21:00:00+00:00,IPWR,BUY,397.0000,194.6700
2025-10-15T21:00:00+00:00,ISF.L,BUY,10179.0000,174.2800
2025-10-15T21:00:00+00:00,LTBR,SELL,751.0000,1166.4600
2025-10-15T21:00:00+00:00,MOLN.SW,BUY,616.0000,105.8100
2025-10-15T21:00:00+00:00,MSCL.TO,SELL,252.0000,298.0500
2025-10-15T21:00:00+00:00,PLTR,BUY,60.0000,2671.6400
2025-10-15T21:00:00+00:00,PRQR,SELL,784.0000,447.1500
2025-10-15T21:00:00+00:00,QSI,SELL,2766.0000,395.4500
2025-10-15T21:00:00+00:00,RR.L,BUY,614.0000,1700.6800
2025-10-15T21:00:00+00:00,SEYE.ST,BUY,259.0000,278.2800
2025-10-15T21:00:00+00:00,SGLN.L,SELL,7180.0000,255.8400
2025-10-15T21:00:00+00:00,SHEL.L,BUY,2788.0000,250.1400
2025-10-15T21:00:00+00:00,SLX.AX,SELL,774.0000,1013.8400
2025-10-15T21:00:00+00:00,SMGB.L,SELL,6930.0000,302.2300
2025-10-15T21:00:00+00:00,VUL.AX,SELL,2202.0000,356.3900
2025-10-15T21:00:00+00:00,VYGR,SELL,955.0000,218.7700
2025-10-15T21:00:00+00:00,WBT.AX,SELL,1159.0000,305.2600
2025-11-13T21:00:00+00:00,AL3.AX,BUY,992.0000,362.8100
2025-11-13T21:00:00+00:00,ALCLS.PA,BUY,445.0000,360.9500
2025-11-13T21:00:00+00:00,ALMDT.PA,BUY,174.0000,268.9200
2025-11-13T21:00:00+00:00,AXE.AX,BUY,441.0000,193.6300
2025-11-13T21:00:00+00:00,AZN.L,SELL,451.0000,218.5300
2025-11-13T21:00:00+00:00,BGO.L,BUY,991.0000,156.1400
2025-11-13T21:00:00+00:00,BRK-B,SELL,321.0000,237.3900
2025-11-13T21:00:00+00:00,BRNT.L,SELL,740.0000,241.6300
2025-11-13T21:00:00+00:00,DBMG.L,SELL,1573.0000,153.5400
2025-11-13T21:00:00+00:00,EDIT,BUY,1999.0000,251.4300
2025-11-13T21:00:00+00:00,EMV.AX,SELL,338.0000,158.1700
2025-11-13T21:00:00+00:00,FTC.L,BUY,9.0000,1744.9700
2025-11-13T21:00:00+00:00,GSIT,SELL,1110.0000,481.0200
2025-11-13T21:00:00+00:00,HSBA.L,SELL,3006.0000,405.1900
2025-11-13T21:00:00+00:00,HYT.AX,SELL,345.0000,495.0200
2025-11-13T21:00:00+00:00,IBTM.L,BUY,1993.0000,109.1500
2025-11-13T21:00:00+00:00,IDN,SELL,983.0000,402.7500
2025-11-13T21:00:00+00:00,IITU.L,SELL,438.0000,281.3100
2025-11-13T21:00:00+00:00,IPWR,BUY,2838.0000,139.6000
2025-11-13T21:00:00+00:00,ISF.L,SELL,3295.0000,182.0200
2025-11-13T21:00:00+00:00,LTBR,BUY,588.0000,780.4300
2025-11-13T21:00:00+00:00,MOLN.SW,SELL,1396.0000,122.1800
2025-11-13T21:00:00+00:00,MSCL.TO,BUY,341.0000,282.6900
2025-11-13T21:00:00+00:00,PLTR,BUY,202.0000,2598.1800
2025-11-13T21:00:00+00:00,PRQR,BUY,767.0000,361.6600
2025-11-13T21:00:00+00:00,QSI,BUY,2971.0000,212.0900
2025-11-13T21:00:00+00:00,RR.L,BUY,96.0000,1712.9100
2025-11-13T21:00:00+00:00,SEYE.ST,BUY,372.0000,263.6300
2025-11-13T21:00:00+00:00,SGLN.L,BUY,502.0000,260.6400
2025-11-13T21:00:00+00:00,SHEL.L,SELL,1907.0000,268.2500
2025-11-13T21:00:00+00:00,SLX.AX,SELL,244.0000,1281.3000
2025-11-13T21:00:00+00:00,SMGB.L,SELL,595.0000,310.8100
2025-11-13T21:00:00+00:00,VUL.AX,BUY,390.0000,329.2600
2025-11-13T21:00:00+00:00,VYGR,BUY,2012.0000,167.0200
2025-11-13T21:00:00+00:00,WBT.AX,BUY,113.0000,304.1700
2025-12-12T21:00:00+00:00,AL3.AX,BUY,183.0000,341.8300
2025-12-12T21:00:00+00:00,ALCLS.PA,SELL,813.0000,458.8000
2025-12-12T21:00:00+00:00,ALMDT.PA,SELL,71.0000,269.9500
2025-12-12T21:00:00+00:00,AXE.AX,BUY,25.0000,190.8800
2025-12-12T21:00:00+00:00,AZN.L,SELL,73.0000,217.7200
2025-12-12T21:00:00+00:00,BGO.L,SELL,276.0000,159.6500
2025-12-12T21:00:00+00:00,BRK-B,BUY,464.0000,226.5700
2025-12-12T21:00:00+00:00,BRNT.L,BUY,1742.0000,230.2100
2025-12-12T21:00:00+00:00,DBMG.L,SELL,282.0000,152.2300
2025-12-12T21:00:00+00:00,EDIT,BUY,69.0000,245.5300
2025-12-12T21:00:00+00:00,EMV.AX,BUY,410.0000,149.1800
2025-12-12T21:00:00+00:00,FTC.L,SELL,77.0000,1919.4600
2025-12-12T21:00:00+00:00,GSIT,BUY,882.0000,360.4400
2025-12-12T21:00:00+00:00,HSBA.L,SELL,89.0000,402.2300
2025-12-12T21:00:00+00:00,HYT.AX,BUY,949.0000,361.4900
2025-12-12T21:00:00+00:00,IBTM.L,BUY,568.0000,107.6700
2025-12-12T21:00:00+00:00,IDN,SELL,204.0000,424.8800
2025-12-12T21:00:00+00:00,IITU.L,BUY,547.0000,274.6100
2025-12-12T21:00:00+00:00,IPWR,SELL,1031.0000,154.9400
2025-12-12T21:00:00+00:00,ISF.L,BUY,305.0000,179.7300
2025-12-12T21:00:00+00:00,LTBR,BUY,293.0000,658.1900
2025-12-12T21:00:00+00:00,MOLN.SW,SELL,248.0000,123.7100
2025-12-12T21:00:00+00:00,MSCL.TO,BUY,102.0000,273.7000
2025-12-12T21:00:00+00:00,PLTR,SELL,219.0000,2716.3500
2025-12-12T21:00:00+00:00,PRQR,SELL,236.0000,382.4700
2025-12-12T21:00:00+00:00,QSI,BUY,545.0000,192.9700
2025-12-12T21:00:00+00:00,RR.L,BUY,68.0000,1676.2200
2025-12-12T21:00:00+00:00,SEYE.ST,BUY,269.0000,247.5300
2025-12-12T21:00:00+00:00,SGLN.L,SELL,1902.0000,261.9900
2025-12-12T21:00:00+00:00,SHEL.L,BUY,2095.0000,252.0200
2025-12-12T21:00:00+00:00,SLX.AX,BUY,92.0000,1163.9900
2025-12-12T21:00:00+00:00,SMGB.L,SELL,2936.0000,315.6800
2025-12-12T21:00:00+00:00,VUL.AX,BUY,2869.0000,190.1600
2025-12-12T21:00:00+00:00,VYGR,SELL,675.0000,180.6100
2025-12-12T21:00:00+00:00,WBT.AX,SELL,171.0000,313.2100
2026-01-15T21:00:00+00:00,AL3.AX,SELL,201.0000,383.0200
2026-01-15T21:00:00+00:00,ALCLS.PA,BUY,665.0000,395.0100
2026-01-15T21:00:00+00:00,ALMDT.PA,SELL,939.0000,355.3500
2026-01-15T21:00:00+00:00,AXE.AX,SELL,451.0000,216.8800
2026-01-15T21:00:00+00:00,AZN.L,BUY,183.0000,227.1500
2026-01-15T21:00:00+00:00,BGO.L,BUY,1122.0000,149.1200
2026-01-15T21:00:00+00:00,BRK-B,BUY,1063.0000,222.5700
2026-01-15T21:00:00+00:00,BRNT.L,BUY,713.0000,240.7600
2026-01-15T21:00:00+00:00,DBMG.L,BUY,1681.0000,159.5600
2026-01-15T21:00:00+00:00,EDIT,BUY,1548.0000,202.0400
2026-01-15T21:00:00+00:00,EMV.AX,BUY,265.0000,153.7300
2026-01-15T21:00:00+00:00,FTC.L,SELL,137.0000,2550.3400
2026-01-15T21:00:00+00:00,GSIT,SELL,751.0000,482.2600
2026-01-15T21:00:00+00:00,HSBA.L,SELL,1189.0000,447.4500
2026-01-15T21:00:00+00:00,HYT.AX,SELL,140.0000,399.2800
2026-01-15T21:00:00+00:00,IBTM.L,BUY,11510.0000,107.9300
2026-01-15T21:00:00+00:00,IDN,BUY,529.0000,385.0400
2026-01-15T21:00:00+00:00,IITU.L,BUY,2262.0000,276.3700
2026-01-15T21:00:00+00:00,IPWR,BUY,3264.0000,118.6900
2026-01-15T21:00:00+00:00,ISF.L,BUY,310.0000,190.4400
2026-01-15T21:00:00+00:00,LTBR,SELL,125.0000,745.6000
2026-01-15T21:00:00+00:00,MOLN.SW,BUY,1200.0000,117.9700
2026-01-15T21:00:00+00:00,MSCL.TO,SELL,872.0000,355.2900
2026-01-15T21:00:00+00:00,PLTR,BUY,405.0000,2610.0000
2026-01-15T21:00:00+00:00,PRQR,BUY,1958.0000,258.3500
2026-01-15T21:00:00+00:00,QSI,BUY,800.0000,183.2800
2026-01-15T21:00:00+00:00,RR.L,SELL,535.0000,1946.0400
2026-01-15T21:00:00+00:00,SEYE.ST,SELL,416.0000,285.2300
2026-01-15T21:00:00+00:00,SGLN.L,SELL,1447.0000,281.5800
2026-01-15T21:00:00+00:00,SHEL.L,BUY,1600.0000,257.6500
2026-01-15T21:00:00+00:00,SLX.AX,BUY,376.0000,926.4300
2026-01-15T21:00:00+00:00,SMGB.L,SELL,8341.0000,362.5700
2026-01-15T21:00:00+00:00,VUL.AX,SELL,397.0000,214.2100
2026-01-15T21:00:00+00:00,VYGR,BUY,1631.0000,156.5500
2026-01-15T21:00:00+00:00,WBT.AX,SELL,393.0000,366.9800
2026-02-13T21:00:00+00:00,AL3.AX,BUY,503.0000,335.9000
2026-02-13T21:00:00+00:00,ALCLS.PA,BUY,265.0000,366.7900
2026-02-13T21:00:00+00:00,ALMDT.PA,SELL,916.0000,463.0000
2026-02-13T21:00:00+00:00,AXE.AX,BUY,356.0000,205.1400
2026-02-13T21:00:00+00:00,AZN.L,SELL,779.0000,244.8300
2026-02-13T21:00:00+00:00,BGO.L,BUY,886.0000,135.9600
2026-02-13T21:00:00+00:00,BRK-B,BUY,22.0000,221.8700
2026-02-13T21:00:00+00:00,BRNT.L,SELL,2725.0000,254.9000
2026-02-13T21:00:00+00:00,DBMG.L,SELL,4118.0000,164.4300
2026-02-13T21:00:00+00:00,EDIT,BUY,1386.0000,167.9200
2026-02-13T21:00:00+00:00,EMV.AX,SELL,322.0000,159.1500
2026-02-13T21:00:00+00:00,FTC.L,SELL,20.0000,2644.3000
2026-02-13T21:00:00+00:00,GSIT,BUY,780.0000,379.0500
2026-02-13T21:00:00+00:00,HSBA.L,SELL,76.0000,448.1000
2026-02-13T21:00:00+00:00,HYT.AX,BUY,1168.0000,298.5200
2026-02-13T21:00:00+00:00,IBTM.L,BUY,1108.0000,107.1800
2026-02-13T21:00:00+00:00,IDN,BUY,899.0000,307.7900
2026-02-13T21:00:00+00:00,IITU.L,BUY,3063.0000,257.7500
2026-02-13T21:00:00+00:00,IPWR,SELL,151.0000,120.0400
2026-02-13T21:00:00+00:00,ISF.L,SELL,3696.0000,194.6800
2026-02-13T21:00:00+00:00,LTBR,BUY,678.0000,546.1500
2026-02-13T21:00:00+00:00,MOLN.SW,SELL,839.0000,126.8000
2026-02-13T21:00:00+00:00,MSCL.TO,SELL,1311.0000,533.2000
2026-02-13T21:00:00+00:00,PLTR,BUY,1548.0000,1911.7200
2026-02-13T21:00:00+00:00,PRQR,BUY,510.0000,235.6200
2026-02-13T21:00:00+00:00,QSI,BUY,1940.0000,145.7400
2026-02-13T21:00:00+00:00,RR.L,SELL,1.0000,1942.9800
2026-02-13T21:00:00+00:00,SEYE.ST,BUY,768.0000,246.0400
2026-02-13T21:00:00+00:00,SGLN.L,SELL,7737.0000,300.9900
2026-02-13T21:00:00+00:00,SHEL.L,SELL,1961.0000,269.4700
2026-02-13T21:00:00+00:00,SLX.AX,SELL,61.0000,963.9200
2026-02-13T21:00:00+00:00,SMGB.L,SELL,417.0000,363.4700
2026-02-13T21:00:00+00:00,VUL.AX,BUY,1324.0000,177.6600
2026-02-13T21:00:00+00:00,VYGR,BUY,1243.0000,137.1200
2026-02-13T21:00:00+00:00,WBT.AX,SELL,285.0000,396.2300
2026-03-16T21:00:00+00:00,AL3.AX,BUY,764.0000,297.2900
2026-03-16T21:00:00+00:00,ALCLS.PA,BUY,488.0000,340.7800
2026-03-16T21:00:00+00:00,ALMDT.PA,BUY,606.0000,404.0100
2026-03-16T21:00:00+00:00,AXE.AX,BUY,1170.0000,183.4400
2026-03-16T21:00:00+00:00,AZN.L,BUY,903.0000,235.0500
2026-03-16T21:00:00+00:00,BGO.L,BUY,1396.0000,125.4400
2026-03-16T21:00:00+00:00,BRK-B,BUY,442.0000,225.6600
2026-03-16T21:00:00+00:00,BRNT.L,SELL,14869.0000,398.8300
2026-03-16T21:00:00+00:00,DBMG.L,BUY,642.0000,171.5700
2026-03-16T21:00:00+00:00,EDIT,SELL,2425.0000,249.1500
2026-03-16T21:00:00+00:00,EMV.AX,BUY,1405.0000,143.7500
2026-03-16T21:00:00+00:00,FTC.L,BUY,59.0000,2489.9300
2026-03-16T21:00:00+00:00,GSIT,SELL,1316.0000,620.1100
2026-03-16T21:00:00+00:00,HSBA.L,BUY,1407.0000,444.6700
2026-03-16T21:00:00+00:00,HYT.AX,SELL,416.0000,343.8000
2026-03-16T21:00:00+00:00,IBTM.L,BUY,6831.0000,108.8100
2026-03-16T21:00:00+00:00,IDN,BUY,26.0000,320.9600
2026-03-16T21:00:00+00:00,IITU.L,BUY,1313.0000,262.8700
2026-03-16T21:00:00+00:00,IPWR,BUY,599.0000,119.6900
2026-03-16T21:00:00+00:00,ISF.L,BUY,8632.0000,193.3500
2026-03-16T21:00:00+00:00,LTBR,BUY,411.0000,493.0500
2026-03-16T21:00:00+00:00,MOLN.SW,BUY,831.0000,123.6000
2026-03-16T21:00:00+00:00,MSCL.TO,BUY,1634.0000,343.6300
2026-03-16T21:00:00+00:00,PLTR,SELL,711.0000,2284.2200
2026-03-16T21:00:00+00:00,PRQR,SELL,907.0000,292.0200
2026-03-16T21:00:00+00:00,QSI,BUY,674.0000,142.7300
2026-03-16T21:00:00+00:00,RR.L,BUY,479.0000,1880.3000
2026-03-16T21:00:00+00:00,SEYE.ST,BUY,2179.0000,186.1500
2026-03-16T21:00:00+00:00,SGLN.L,BUY,3555.0000,305.7100
2026-03-16T21:00:00+00:00,SHEL.L,SELL,5204.0000,323.3900
2026-03-16T21:00:00+00:00,SLX.AX,BUY,450.0000,770.3500
2026-03-16T21:00:00+00:00,SMGB.L,BUY,5428.0000,361.8100
2026-03-16T21:00:00+00:00,VUL.AX,BUY,1621.0000,154.3000
2026-03-16T21:00:00+00:00,VYGR,SELL,2022.0000,179.6500
2026-03-16T21:00:00+00:00,WBT.AX,BUY,339.0000,378.8500
2026-04-16T21:00:00+00:00,AL3.AX,SELL,1503.0000,440.3000
2026-04-16T21:00:00+00:00,ALCLS.PA,SELL,654.0000,413.0400
2026-04-16T21:00:00+00:00,ALMDT.PA,SELL,37.0000,419.0400
2026-04-16T21:00:00+00:00,AXE.AX,BUY,214.0000,183.3800
2026-04-16T21:00:00+00:00,AZN.L,SELL,83.0000,243.2000
2026-04-16T21:00:00+00:00,BGO.L,BUY,2136.0000,108.7700
2026-04-16T21:00:00+00:00,BRK-B,BUY,1318.0000,212.5900
2026-04-16T21:00:00+00:00,BRNT.L,BUY,1632.0000,388.4700
2026-04-16T21:00:00+00:00,DBMG.L,BUY,7424.0000,166.5200
2026-04-16T21:00:00+00:00,EDIT,SELL,1184.0000,320.7100
2026-04-16T21:00:00+00:00,EMV.AX,BUY,472.0000,141.0100
2026-04-16T21:00:00+00:00,FTC.L,SELL,80.0000,2966.4400
2026-04-16T21:00:00+00:00,GSIT,BUY,1417.0000,397.0800
2026-04-16T21:00:00+00:00,HSBA.L,SELL,2165.0000,497.6200
2026-04-16T21:00:00+00:00,HYT.AX,BUY,386.0000,323.4800
2026-04-16T21:00:00+00:00,IBTM.L,BUY,9691.0000,106.8700
2026-04-16T21:00:00+00:00,IDN,SELL,1666.0000,520.6200
2026-04-16T21:00:00+00:00,IITU.L,SELL,1946.0000,281.3100
2026-04-16T21:00:00+00:00,IPWR,BUY,282.0000,120.0900
2026-04-16T21:00:00+00:00,ISF.L,SELL,854.0000,199.5400
2026-04-16T21:00:00+00:00,LTBR,BUY,15.0000,503.4800
2026-04-16T21:00:00+00:00,MOLN.SW,BUY,701.0000,119.7600
2026-04-16T21:00:00+00:00,MSCL.TO,SELL,525.0000,402.7000
2026-04-16T21:00:00+00:00,PLTR,BUY,639.0000,2083.9600
2026-04-16T21:00:00+00:00,PRQR,SELL,252.0000,315.7800
2026-04-16T21:00:00+00:00,QSI,SELL,461.0000,153.4700
2026-04-16T21:00:00+00:00,RR.L,BUY,62.0000,1911.1800
2026-04-16T21:00:00+00:00,SEYE.ST,SELL,330.0000,199.5300
2026-04-16T21:00:00+00:00,SGLN.L,BUY,9295.0000,290.0000
2026-04-16T21:00:00+00:00,SHEL.L,BUY,1293.0000,320.5000
2026-04-16T21:00:00+00:00,SLX.AX,SELL,172.0000,870.2500
2026-04-16T21:00:00+00:00,SMGB.L,SELL,10598.0000,412.2900
2026-04-16T21:00:00+00:00,VUL.AX,SELL,1034.0000,177.9000
2026-04-16T21:00:00+00:00,VYGR,BUY,1196.0000,160.7200
2026-04-16T21:00:00+00:00,WBT.AX,BUY,670.0000,331.1900
2026-05-18T21:00:00+00:00,AL3.AX,BUY,494.0000,401.5100
2026-05-18T21:00:00+00:00,ALCLS.PA,BUY,573.0000,372.4600
2026-05-18T21:00:00+00:00,ALMDT.PA,SELL,24.0000,440.6400
2026-05-18T21:00:00+00:00,AXE.AX,BUY,867.0000,173.1400
2026-05-18T21:00:00+00:00,AZN.L,BUY,1402.0000,224.3500
2026-05-18T21:00:00+00:00,BGO.L,BUY,968.0000,106.1400
2026-05-18T21:00:00+00:00,BRK-B,SELL,59.0000,222.8800
2026-05-18T21:00:00+00:00,BRNT.L,SELL,4104.0000,465.8000
2026-05-18T21:00:00+00:00,DBMG.L,BUY,1671.0000,171.8300
2026-05-18T21:00:00+00:00,EDIT,BUY,1660.0000,247.0400
2026-05-18T21:00:00+00:00,EMV.AX,SELL,327.0000,151.9800
2026-05-18T21:00:00+00:00,FTC.L,SELL,221.0000,5516.7800
2026-05-18T21:00:00+00:00,GSIT,SELL,1006.0000,566.1000
2026-05-18T21:00:00+00:00,HSBA.L,BUY,945.0000,500.1400
2026-05-18T21:00:00+00:00,HYT.AX,BUY,461.0000,307.2700
2026-05-18T21:00:00+00:00,IBTM.L,BUY,11829.0000,106.0300
2026-05-18T21:00:00+00:00,IDN,BUY,2804.0000,275.1400
2026-05-18T21:00:00+00:00,IITU.L,SELL,3499.0000,318.1100
2026-05-18T21:00:00+00:00,IPWR,SELL,5158.0000,214.1600
2026-05-18T21:00:00+00:00,ISF.L,BUY,11037.0000,195.1600
2026-05-18T21:00:00+00:00,LTBR,BUY,389.0000,465.0700
2026-05-18T21:00:00+00:00,MOLN.SW,BUY,1951.0000,108.1900
2026-05-18T21:00:00+00:00,MSCL.TO,BUY,881.0000,339.9800
2026-05-18T21:00:00+00:00,PLTR,BUY,470.0000,2012.0300
2026-05-18T21:00:00+00:00,PRQR,BUY,1527.0000,249.4000
2026-05-18T21:00:00+00:00,QSI,BUY,2409.0000,128.5300
2026-05-18T21:00:00+00:00,RR.L,BUY,771.0000,1777.2500
2026-05-18T21:00:00+00:00,SEYE.ST,SELL,1787.0000,273.6700
2026-05-18T21:00:00+00:00,SGLN.L,BUY,11478.0000,276.9400
2026-05-18T21:00:00+00:00,SHEL.L,BUY,2788.0000,311.5100
2026-05-18T21:00:00+00:00,SLX.AX,BUY,195.0000,816.1200
2026-05-18T21:00:00+00:00,SMGB.L,SELL,14526.0000,507.1100
2026-05-18T21:00:00+00:00,VUL.AX,BUY,40.0000,184.9500
2026-05-18T21:00:00+00:00,VYGR,BUY,1385.0000,146.1300
2026-05-18T21:00:00+00:00,WBT.AX,SELL,1604.0000,536.5900
2026-06-17T21:00:00+00:00,AL3.AX,BUY,1320.0000,306.8100
2026-06-17T21:00:00+00:00,ALCLS.PA,BUY,1093.0000,302.3900
2026-06-17T21:00:00+00:00,ALMDT.PA,BUY,81.0000,440.8900
2026-06-17T21:00:00+00:00,AXE.AX,SELL,881.0000,196.3800
2026-06-17T21:00:00+00:00,AZN.L,BUY,499.0000,220.4500
2026-06-17T21:00:00+00:00,BGO.L,SELL,137.0000,109.6500
2026-06-17T21:00:00+00:00,BRK-B,BUY,421.0000,222.2400
2026-06-17T21:00:00+00:00,BRNT.L,BUY,8886.0000,361.0800
2026-06-17T21:00:00+00:00,DBMG.L,BUY,5382.0000,169.2400
2026-06-17T21:00:00+00:00,EDIT,BUY,155.0000,246.8000
2026-06-17T21:00:00+00:00,EMV.AX,BUY,1370.0000,137.2400
2026-06-17T21:00:00+00:00,FTC.L,BUY,38.0000,4966.4400
2026-06-17T21:00:00+00:00,GSIT,BUY,728.0000,458.4200
2026-06-17T21:00:00+00:00,HSBA.L,SELL,1184.0000,537.3100
2026-06-17T21:00:00+00:00,HYT.AX,SELL,119.0000,322.0100
2026-06-17T21:00:00+00:00,IBTM.L,BUY,2093.0000,107.5600
2026-06-17T21:00:00+00:00,IDN,BUY,383.0000,263.8000
2026-06-17T21:00:00+00:00,IITU.L,SELL,629.0000,330.4700
2026-06-17T21:00:00+00:00,IPWR,BUY,316.0000,210.0800
2026-06-17T21:00:00+00:00,ISF.L,BUY,911.0000,198.6900
2026-06-17T21:00:00+00:00,LTBR,BUY,691.0000,394.7100
2026-06-17T21:00:00+00:00,MOLN.SW,SELL,478.0000,114.5200
2026-06-17T21:00:00+00:00,MSCL.TO,BUY,1295.0000,271.4200
2026-06-17T21:00:00+00:00,PLTR,BUY,423.0000,1927.8000
2026-06-17T21:00:00+00:00,PRQR,SELL,416.0000,273.4000
2026-06-17T21:00:00+00:00,QSI,SELL,802.0000,140.8300
2026-06-17T21:00:00+00:00,RR.L,SELL,1038.0000,2134.0500
2026-06-17T21:00:00+00:00,SEYE.ST,BUY,96.0000,275.4400
2026-06-17T21:00:00+00:00,SGLN.L,BUY,8865.0000,265.8200
2026-06-17T21:00:00+00:00,SHEL.L,BUY,3987.0000,289.9900
2026-06-17T21:00:00+00:00,SLX.AX,SELL,36.0000,851.6300
2026-06-17T21:00:00+00:00,SMGB.L,SELL,12578.0000,613.2600
2026-06-17T21:00:00+00:00,VUL.AX,BUY,478.0000,179.1400
2026-06-17T21:00:00+00:00,VYGR,BUY,73.0000,148.5400
2026-06-17T21:00:00+00:00,WBT.AX,SELL,393.0000,634.8900
2026-07-16T21:00:00+00:00,AL3.AX,BUY,519.0000,269.4300
2026-07-16T21:00:00+00:00,ALCLS.PA,BUY,762.0000,255.2500
2026-07-16T21:00:00+00:00,ALMDT.PA,BUY,761.0000,351.9700
2026-07-16T21:00:00+00:00,AXE.AX,BUY,3934.0000,127.8600
2026-07-16T21:00:00+00:00,AZN.L,BUY,379.0000,206.6400
2026-07-16T21:00:00+00:00,BGO.L,SELL,1825.0000,121.0500
2026-07-16T21:00:00+00:00,BRK-B,SELL,485.0000,221.1800
2026-07-16T21:00:00+00:00,BRNT.L,SELL,2740.0000,376.9100
2026-07-16T21:00:00+00:00,DBMG.L,SELL,5247.0000,169.6700
2026-07-16T21:00:00+00:00,EDIT,SELL,892.0000,276.3800
2026-07-16T21:00:00+00:00,EMV.AX,SELL,1290.0000,149.0500
2026-07-16T21:00:00+00:00,FTC.L,BUY,104.0000,3624.1600
2026-07-16T21:00:00+00:00,GSIT,BUY,1125.0000,334.6900
2026-07-16T21:00:00+00:00,HSBA.L,SELL,1688.0000,558.5400
2026-07-16T21:00:00+00:00,HYT.AX,BUY,1035.0000,257.3300
2026-07-16T21:00:00+00:00,IBTM.L,SELL,5309.0000,106.2500
2026-07-16T21:00:00+00:00,IDN,BUY,456.0000,236.9300
2026-07-16T21:00:00+00:00,IITU.L,SELL,59.0000,319.6100
2026-07-16T21:00:00+00:00,IPWR,BUY,2419.0000,153.9400
2026-07-16T21:00:00+00:00,ISF.L,SELL,7534.0000,200.5600
2026-07-16T21:00:00+00:00,LTBR,BUY,1040.0000,303.3100
2026-07-16T21:00:00+00:00,MOLN.SW,SELL,634.0000,115.8600
2026-07-16T21:00:00+00:00,MSCL.TO,SELL,2047.0000,401.7300
2026-07-16T21:00:00+00:00,PLTR,SELL,355.0000,1967.2000
2026-07-16T21:00:00+00:00,PRQR,SELL,151.0000,271.0800
2026-07-16T21:00:00+00:00,QSI,BUY,1393.0000,121.1500
2026-07-16T21:00:00+00:00,RR.L,SELL,156.0000,2116.2400
2026-07-16T21:00:00+00:00,SEYE.ST,SELL,136.0000,272.3900
2026-07-16T21:00:00+00:00,SGLN.L,BUY,7901.0000,243.2500
2026-07-16T21:00:00+00:00,SHEL.L,SELL,3195.0000,301.9400
2026-07-16T21:00:00+00:00,SLX.AX,BUY,396.0000,679.0400
2026-07-16T21:00:00+00:00,SMGB.L,BUY,4883.0000,553.2500
2026-07-16T21:00:00+00:00,VUL.AX,BUY,2108.0000,139.9500
2026-07-16T21:00:00+00:00,VYGR,BUY,1721.0000,123.6800
2026-07-16T21:00:00+00:00,WBT.AX,BUY,433.0000,523.3100
2026-08-14T21:00:00+00:00,AL3.AX,BUY,1661.0000,218.0300
2026-08-14T21:00:00+00:00,ALCLS.PA,SELL,605.0000,296.0400
2026-08-14T21:00:00+00:00,ALMDT.PA,SELL,258.0000,390.3100
2026-08-14T21:00:00+00:00,AXE.AX,BUY,938.0000,123.8300
2026-08-14T21:00:00+00:00,AZN.L,BUY,1835.0000,188.7900
2026-08-14T21:00:00+00:00,BGO.L,BUY,1942.0000,109.6500
2026-08-14T21:00:00+00:00,BRK-B,BUY,276.0000,226.9200
2026-08-14T21:00:00+00:00,BRNT.L,SELL,199.0000,395.7200
2026-08-14T21:00:00+00:00,DBMG.L,BUY,4960.0000,170.9400
2026-08-14T21:00:00+00:00,EDIT,BUY,347.0000,271.6300
2026-08-14T21:00:00+00:00,EMV.AX,SELL,152.0000,157.8900
2026-08-14T21:00:00+00:00,FTC.L,BUY,43.0000,3436.2400
2026-08-14T21:00:00+00:00,GSIT,SELL,935.0000,438.1600
2026-08-14T21:00:00+00:00,HSBA.L,BUY,344.0000,574.0300
2026-08-14T21:00:00+00:00,HYT.AX,BUY,7414.0000,120.1300
2026-08-14T21:00:00+00:00,IBTM.L,BUY,11896.0000,105.5000
2026-08-14T21:00:00+00:00,IDN,BUY,2527.0000,178.2000
2026-08-14T21:00:00+00:00,IITU.L,SELL,529.0000,337.8800
2026-08-14T21:00:00+00:00,IPWR,SELL,1614.0000,191.5000
2026-08-14T21:00:00+00:00,ISF.L,BUY,3883.0000,204.5700
2026-08-14T21:00:00+00:00,LTBR,SELL,580.0000,357.3100
2026-08-14T21:00:00+00:00,MOLN.SW,BUY,155.0000,119.5400
2026-08-14T21:00:00+00:00,MSCL.TO,SELL,239.0000,447.1700
2026-08-14T21:00:00+00:00,PLTR,SELL,1235.0000,2556.2000
2026-08-14T21:00:00+00:00,PRQR,SELL,545.0000,312.8300
2026-08-14T21:00:00+00:00,QSI,BUY,1923.0000,109.8700
2026-08-14T21:00:00+00:00,RR.L,SELL,409.0000,2375.1400
2026-08-14T21:00:00+00:00,SEYE.ST,SELL,539.0000,314.1800
2026-08-14T21:00:00+00:00,SGLN.L,SELL,6093.0000,264.6000
2026-08-14T21:00:00+00:00,SHEL.L,SELL,623.0000,320.0200
2026-08-14T21:00:00+00:00,SLX.AX,SELL,132.0000,752.4800
2026-08-14T21:00:00+00:00,SMGB.L,BUY,2480.0000,558.7700
2026-08-14T21:00:00+00:00,VUL.AX,SELL,231.0000,149.2000
2026-08-14T21:00:00+00:00,VYGR,SELL,415.0000,133.5300
2026-08-14T21:00:00+00:00,WBT.AX,BUY,1520.0000,360.4700
2026-09-15T21:00:00+00:00,AL3.AX,SELL,2251.0000,308.1900
2026-09-15T21:00:00+00:00,ALCLS.PA,BUY,5329.0000,147.0500
2026-09-15T21:00:00+00:00,ALMDT.PA,BUY,1115.0000,302.1200
2026-09-15T21:00:00+00:00,AXE.AX,BUY,1991.0000,105.5800
2026-09-15T21:00:00+00:00,AZN.L,SELL,1032.0000,199.5900
2026-09-15T21:00:00+00:00,BGO.L,SELL,249.0000,109.6500
2026-09-15T21:00:00+00:00,BRK-B,SELL,653.0000,232.4700
2026-09-15T21:00:00+00:00,BRNT.L,SELL,7192.0000,494.6100
2026-09-15T21:00:00+00:00,DBMG.L,SELL,6544.0000,176.1200
2026-09-15T21:00:00+00:00,EDIT,BUY,325.0000,253.1400
2026-09-15T21:00:00+00:00,EMV.AX,BUY,20.0000,154.9200
2026-09-15T21:00:00+00:00,FTC.L,BUY,80.0000,2885.9100
2026-09-15T21:00:00+00:00,GSIT,BUY,1513.0000,305.1700
2026-09-15T21:00:00+00:00,HSBA.L,SELL,27.0000,565.0100
2026-09-15T21:00:00+00:00,HYT.AX,SELL,354.0000,121.3000
2026-09-15T21:00:00+00:00,IBTM.L,SELL,507.0000,103.9300
2026-09-15T21:00:00+00:00,IDN,BUY,1244.0000,153.9900
2026-09-15T21:00:00+00:00,IITU.L,BUY,14.0000,332.0500
2026-09-15T21:00:00+00:00,IPWR,BUY,1894.0000,153.6700
2026-09-15T21:00:00+00:00,ISF.L,SELL,1765.0000,203.2100
2026-09-15T21:00:00+00:00,LTBR,BUY,1162.0000,279.2900
2026-09-15T21:00:00+00:00,MOLN.SW,SELL,167.0000,118.9900
2026-09-15T21:00:00+00:00,MSCL.TO,BUY,35.0000,435.3300
2026-09-15T21:00:00+00:00,PLTR,SELL,40.0000,2532.5400
2026-09-15T21:00:00+00:00,PRQR,BUY,137.0000,299.5700
2026-09-15T21:00:00+00:00,QSI,BUY,163.0000,106.8200
2026-09-15T21:00:00+00:00,RR.L,BUY,362.0000,2188.9500
2026-09-15T21:00:00+00:00,SEYE.ST,BUY,4329.0000,167.4900
2026-09-15T21:00:00+00:00,SGLN.L,BUY,362.0000,259.4700
2026-09-15T21:00:00+00:00,SHEL.L,SELL,4287.0000,352.0700
2026-09-15T21:00:00+00:00,SLX.AX,BUY,349.0000,636.0800
2026-09-15T21:00:00+00:00,SMGB.L,BUY,4283.0000,520.2300
2026-09-15T21:00:00+00:00,VUL.AX,BUY,2954.0000,115.1700
2026-09-15T21:00:00+00:00,VYGR,BUY,496.0000,126.0900
2026-09-15T21:00:00+00:00,WBT.AX,BUY,1928.0000,247.5600
