ts,symbol,side,qty,price
2021-09-16T21:00:00+00:00,AL3.AX,BUY,825.0000,364.2100
2021-09-16T21:00:00+00:00,ALCLS.PA,BUY,187.0000,1252.0400
2021-09-16T21:00:00+00:00,ALMDT.PA,BUY,246.0000,1272.2300
2021-09-16T21:00:00+00:00,AXE.AX,BUY,151.0000,884.4600
2021-09-16T21:00:00+00:00,AZN.L,BUY,32145.0000,120.7600
2021-09-16T21:00:00+00:00,BGO.L,BUY,1997.0000,386.8400
2021-09-16T21:00:00+00:00,BRK-B,BUY,20505.0000,121.7000
2021-09-16T21:00:00+00:00,BRNT.L,BUY,4889.0000,152.1700
2021-09-16T21:00:00+00:00,DBMG.L,BUY,19050.0000,110.2400
2021-09-16T21:00:00+00:00,EDIT,BUY,17.0000,5723.8300
2021-09-16T21:00:00+00:00,EMV.AX,BUY,2109.0000,263.8600
2021-09-16T21:00:00+00:00,FTC.L,BUY,3911.0000,151.0100
2021-09-16T21:00:00+00:00,GSIT,BUY,1889.0000,343.0400
2021-09-16T21:00:00+00:00,HSBA.L,BUY,8467.0000,102.5400
2021-09-16T21:00:00+00:00,HYT.AX,BUY,7956.0000,5619.6100
2021-09-16T21:00:00+00:00,IBTM.L,BUY,197682.0000,111.6300
2021-09-16T21:00:00+00:00,IDN,BUY,462.0000,552.9000
2021-09-16T21:00:00+00:00,IITU.L,BUY,18384.0000,126.0100
2021-09-16T21:00:00+00:00,IPWR,BUY,83.0000,547.1600
2021-09-16T21:00:00+00:00,ISF.L,BUY,27679.0000,112.6500
2021-09-16T21:00:00+00:00,LTBR,BUY,309.0000,208.8400
2021-09-16T21:00:00+00:00,MOLN.SW,BUY,1214.0000,566.4400
2021-09-16T21:00:00+00:00,MSCL.TO,BUY,167.0000,603.7100
2021-09-16T21:00:00+00:00,PLTR,BUY,372.0000,409.6300
2021-09-16T21:00:00+00:00,PRQR,BUY,55.0000,1307.8400
2021-09-16T21:00:00+00:00,QSI,BUY,70.0000,1243.8700
2021-09-16T21:00:00+00:00,RR.L,BUY,1601.0000,164.6400
2021-09-16T21:00:00+00:00,SEYE.ST,BUY,890.0000,561.2900
2021-09-16T21:00:00+00:00,SGLN.L,BUY,79854.0000,104.6100
2021-09-16T21:00:00+00:00,SHEL.L,BUY,5767.0000,116.1600
2021-09-16T21:00:00+00:00,SLX.AX,BUY,793.0000,250.9900
2021-09-16T21:00:00+00:00,SMGB.L,BUY,8432.0000,131.1400
2021-09-16T21:00:00+00:00,VUL.AX,BUY,131.0000,753.7200
2021-09-16T21:00:00+00:00,VYGR,BUY,2077.0000,120.5300
2021-09-16T21:00:00+00:00,WBT.AX,BUY,542.0000,249.8500
2021-10-15T21:00:00+00:00,AL3.AX,SELL,71.0000,361.3700
2021-10-15T21:00:00+00:00,ALCLS.PA,SELL,24.0000,1000.1100
2021-10-15T21:00:00+00:00,ALMDT.PA,SELL,133.0000,1373.1800
2021-10-15T21:00:00+00:00,AXE.AX,SELL,32.0000,912.1900
2021-10-15T21:00:00+00:00,AZN.L,SELL,7026.0000,130.4600
2021-10-15T21:00:00+00:00,BGO.L,BUY,576.0000,307.0200
2021-10-15T21:00:00+00:00,BRK-B,SELL,6114.0000,126.2800
2021-10-15T21:00:00+00:00,BRNT.L,SELL,1238.0000,176.2900
2021-10-15T21:00:00+00:00,DBMG.L,SELL,2026.0000,112.1400
2021-10-15T21:00:00+00:00,EDIT,BUY,27.0000,3614.5300
2021-10-15T21:00:00+00:00,EMV.AX,BUY,255.0000,272.7500
2021-10-15T21:00:00+00:00,FTC.L,SELL,111.0000,140.9400
2021-10-15T21:00:00+00:00,GSIT,SELL,1111.0000,310.6500
2021-10-15T21:00:00+00:00,HSBA.L,SELL,2373.0000,120.6900
2021-10-15T21:00:00+00:00,HYT.AX,BUY,655.0000,5750.0200
2021-10-15T21:00:00+00:00,IBTM.L,BUY,8099.0000,109.7400
2021-10-15T21:00:00+00:00,IDN,BUY,47.0000,537.6500
2021-10-15T21:00:00+00:00,IITU.L,SELL,2663.0000,125.3900
2021-10-15T21:00:00+00:00,IPWR,SELL,30.0000,539.5400
2021-10-15T21:00:00+00:00,ISF.L,SELL,1839.0000,116.1400
2021-10-15T21:00:00+00:00,LTBR,SELL,85.0000,262.0900
2021-10-15T21:00:00+00:00,MOLN.SW,SELL,197.0000,564.2400
2021-10-15T21:00:00+00:00,MSCL.TO,SELL,21.0000,703.8700
2021-10-15T21:00:00+00:00,PLTR,SELL,76.0000,347.9000
2021-10-15T21:00:00+00:00,PRQR,BUY,3.0000,1267.1700
2021-10-15T21:00:00+00:00,QSI,SELL,23.0000,1260.2500
2021-10-15T21:00:00+00:00,RR.L,SELL,630.0000,218.2400
2021-10-15T21:00:00+00:00,SEYE.ST,SELL,348.0000,506.1000
2021-10-15T21:00:00+00:00,SGLN.L,SELL,4326.0000,105.8500
2021-10-15T21:00:00+00:00,SHEL.L,SELL,1762.0000,140.5800
2021-10-15T21:00:00+00:00,SLX.AX,BUY,238.0000,210.7400
2021-10-15T21:00:00+00:00,SMGB.L,SELL,1276.0000,126.5300
2021-10-15T21:00:00+00:00,VUL.AX,BUY,124.0000,609.8000
2021-10-15T21:00:00+00:00,VYGR,SELL,1282.0000,165.2500
2021-10-15T21:00:00+00:00,WBT.AX,BUY,115.0000,288.3400
2021-11-15T21:00:00+00:00,AL3.AX,BUY,283.0000,364.1100
2021-11-15T21:00:00+00:00,ALCLS.PA,SELL,18.0000,982.3100
2021-11-15T21:00:00+00:00,ALMDT.PA,BUY,106.0000,1344.2900
2021-11-15T21:00:00+00:00,AXE.AX,BUY,51.0000,873.1400
2021-11-15T21:00:00+00:00,AZN.L,SELL,6204.0000,133.0300
2021-11-15T21:00:00+00:00,BGO.L,SELL,68.0000,336.8400
2021-11-15T21:00:00+00:00,BRK-B,SELL,26.0000,128.8600
2021-11-15T21:00:00+00:00,BRNT.L,BUY,1732.0000,173.8200
2021-11-15T21:00:00+00:00,DBMG.L,BUY,2998.0000,117.1000
2021-11-15T21:00:00+00:00,EDIT,SELL,20.0000,3485.7500
2021-11-15T21:00:00+00:00,EMV.AX,BUY,598.0000,246.0400
2021-11-15T21:00:00+00:00,FTC.L,SELL,652.0000,157.7200
2021-11-15T21:00:00+00:00,GSIT,BUY,96.0000,382.2800
2021-11-15T21:00:00+00:00,HSBA.L,BUY,4158.0000,121.3900
2021-11-15T21:00:00+00:00,HYT.AX,BUY,82.0000,5793.5800
2021-11-15T21:00:00+00:00,IBTM.L,SELL,12103.0000,112.1600
2021-11-15T21:00:00+00:00,IDN,SELL,130.0000,384.5000
2021-11-15T21:00:00+00:00,IITU.L,BUY,1717.0000,137.9700
2021-11-15T21:00:00+00:00,IPWR,BUY,73.0000,579.4900
2021-11-15T21:00:00+00:00,ISF.L,BUY,3135.0000,118.1100
2021-11-15T21:00:00+00:00,LTBR,SELL,147.0000,535.7200
2021-11-15T21:00:00+00:00,MOLN.SW,BUY,411.0000,436.9200
2021-11-15T21:00:00+00:00,MSCL.TO,BUY,63.0000,622.2800
2021-11-15T21:00:00+00:00,PLTR,BUY,151.0000,345.7200
2021-11-15T21:00:00+00:00,PRQR,SELL,17.0000,1271.3000
2021-11-15T21:00:00+00:00,QSI,BUY,3.0000,1177.9000
2021-11-15T21:00:00+00:00,RR.L,BUY,562.0000,217.3900
2021-11-15T21:00:00+00:00,SEYE.ST,BUY,170.0000,650.5100
2021-11-15T21:00:00+00:00,SGLN.L,SELL,10765.0000,114.0200
2021-11-15T21:00:00+00:00,SHEL.L,BUY,1002.0000,134.4400
2021-11-15T21:00:00+00:00,SLX.AX,BUY,95.0000,210.8100
2021-11-15T21:00:00+00:00,SMGB.L,BUY,621.0000,147.5000
2021-11-15T21:00:00+00:00,VUL.AX,BUY,188.0000,562.3300
2021-11-15T21:00:00+00:00,VYGR,BUY,165.0000,140.4300
2021-11-15T21:00:00+00:00,WBT.AX,BUY,435.0000,275.4100
2021-12-14T21:00:00+00:00,AL3.AX,BUY,116.0000,337.1000
2021-12-14T21:00:00+00:00,ALCLS.PA,BUY,62.0000,767.7600
2021-12-14T21:00:00+00:00,ALMDT.PA,SELL,27.0000,1274.6400
2021-12-14T21:00:00+00:00,AXE.AX,SELL,45.0000,629.6800
2021-12-14T21:00:00+00:00,AZN.L,BUY,10749.0000,122.0500
2021-12-14T21:00:00+00:00,BGO.L,SELL,744.0000,335.9600
2021-12-14T21:00:00+00:00,BRK-B,BUY,4150.0000,135.6100
2021-12-14T21:00:00+00:00,BRNT.L,SELL,2192.0000,163.2500
2021-12-14T21:00:00+00:00,DBMG.L,SELL,4116.0000,114.4600
2021-12-14T21:00:00+00:00,EDIT,BUY,7.0000,2814.6400
2021-12-14T21:00:00+00:00,EMV.AX,BUY,1006.0000,246.6400
2021-12-14T21:00:00+00:00,FTC.L,BUY,2608.0000,151.0100
2021-12-14T21:00:00+00:00,GSIT,BUY,489.0000,301.6300
2021-12-14T21:00:00+00:00,HSBA.L,SELL,2040.0000,120.8300
2021-12-14T21:00:00+00:00,HYT.AX,BUY,77.0000,5721.4000
2021-12-14T21:00:00+00:00,IBTM.L,SELL,23356.0000,115.2600
2021-12-14T21:00:00+00:00,IDN,BUY,1162.0000,345.7500
2021-12-14T21:00:00+00:00,IITU.L,SELL,3762.0000,140.7900
2021-12-14T21:00:00+00:00,IPWR,BUY,132.0000,373.8400
2021-12-14T21:00:00+00:00,ISF.L,SELL,2293.0000,116.1300
2021-12-14T21:00:00+00:00,LTBR,BUY,284.0000,276.3000
2021-12-14T21:00:00+00:00,MOLN.SW,SELL,497.0000,473.0500
2021-12-14T21:00:00+00:00,MSCL.TO,BUY,713.0000,507.5900
2021-12-14T21:00:00+00:00,PLTR,BUY,947.0000,279.5200
2021-12-14T21:00:00+00:00,PRQR,BUY,72.0000,1096.2500
2021-12-14T21:00:00+00:00,QSI,BUY,83.0000,895.9000
2021-12-14T21:00:00+00:00,RR.L,SELL,68.0000,176.8400
2021-12-14T21:00:00+00:00,SEYE.ST,SELL,199.0000,582.1700
2021-12-14T21:00:00+00:00,SGLN.L,BUY,8193.0000,110.0200
2021-12-14T21:00:00+00:00,SHEL.L,SELL,182.0000,129.8600
2021-12-14T21:00:00+00:00,SLX.AX,BUY,309.0000,168.3500
2021-12-14T21:00:00+00:00,SMGB.L,SELL,1497.0000,146.6500
2021-12-14T21:00:00+00:00,VUL.AX,SELL,59.0000,638.2500
2021-12-14T21:00:00+00:00,VYGR,BUY,301.0000,115.4900
2021-12-14T21:00:00+00:00,WBT.AX,BUY,111.0000,230.9700
2022-01-17T21:00:00+00:00,AL3.AX,BUY,289.0000,318.6500
2022-01-17T21:00:00+00:00,ALCLS.PA,BUY,75.0000,699.8100
2022-01-17T21:00:00+00:00,ALMDT.PA,SELL,55.0000,1284.6000
2022-01-17T21:00:00+00:00,AXE.AX,BUY,142.0000,682.3200
2022-01-17T21:00:00+00:00,AZN.L,SELL,2245.0000,130.0900
2022-01-17T21:00:00+00:00,BGO.L,BUY,293.0000,337.7200
2022-01-17T21:00:00+00:00,BRK-B,SELL,2834.0000,143.5500
2022-01-17T21:00:00+00:00,BRNT.L,SELL,1620.0000,184.5200
2022-01-17T21:00:00+00:00,DBMG.L,BUY,6145.0000,111.3300
2022-01-17T21:00:00+00:00,EDIT,BUY,17.0000,2094.1600
2022-01-17T21:00:00+00:00,EMV.AX,SELL,65.0000,223.2500
2022-01-17T21:00:00+00:00,FTC.L,BUY,267.0000,154.3600
2022-01-17T21:00:00+00:00,GSIT,BUY,1254.0000,295.5300
2022-01-17T21:00:00+00:00,HSBA.L,SELL,2625.0000,144.2700
2022-01-17T21:00:00+00:00,HYT.AX,BUY,218.0000,5594.8100
2022-01-17T21:00:00+00:00,IBTM.L,SELL,5258.0000,108.5100
2022-01-17T21:00:00+00:00,IDN,SELL,164.0000,320.0400
2022-01-17T21:00:00+00:00,IITU.L,BUY,1242.0000,134.5000
2022-01-17T21:00:00+00:00,IPWR,SELL,56.0000,342.5500
2022-01-17T21:00:00+00:00,ISF.L,SELL,2736.0000,122.5700
2022-01-17T21:00:00+00:00,LTBR,BUY,179.0000,267.8900
2022-01-17T21:00:00+00:00,MOLN.SW,SELL,568.0000,729.0000
2022-01-17T21:00:00+00:00,MSCL.TO,SELL,63.0000,426.2000
2022-01-17T21:00:00+00:00,PLTR,SELL,317.0000,231.3200
2022-01-17T21:00:00+00:00,PRQR,BUY,143.0000,1083.5200
2022-01-17T21:00:00+00:00,QSI,BUY,15.0000,853.0000
2022-01-17T21:00:00+00:00,RR.L,SELL,665.0000,190.0700
2022-01-17T21:00:00+00:00,SEYE.ST,BUY,166.0000,434.9300
2022-01-17T21:00:00+00:00,SGLN.L,BUY,98.0000,109.4100
2022-01-17T21:00:00+00:00,SHEL.L,SELL,1261.0000,147.7800
2022-01-17T21:00:00+00:00,SLX.AX,SELL,209.0000,198.4400
2022-01-17T21:00:00+00:00,SMGB.L,BUY,1034.0000,149.5000
2022-01-17T21:00:00+00:00,VUL.AX,BUY,97.0000,498.8900
2022-01-17T21:00:00+00:00,VYGR,BUY,10.0000,118.1100
2022-01-17T21:00:00+00:00,WBT.AX,SELL,145.0000,273.3300
2022-02-15T21:00:00+00:00,AL3.AX,BUY,67.0000,274.3300
2022-02-15T21:00:00+00:00,ALCLS.PA,SELL,12.0000,541.5600
2022-02-15T21:00:00+00:00,ALMDT.PA,BUY,39.0000,1130.0100
2022-02-15T21:00:00+00:00,AXE.AX,SELL,74.0000,562.2800
2022-02-15T21:00:00+00:00,AZN.L,SELL,6654.0000,131.5000
2022-02-15T21:00:00+00:00,BGO.L,SELL,603.0000,335.9600
2022-02-15T21:00:00+00:00,BRK-B,SELL,2796.0000,141.9100
2022-02-15T21:00:00+00:00,BRNT.L,BUY,951.0000,199.6700
2022-02-15T21:00:00+00:00,DBMG.L,SELL,1551.0000,115.7900
2022-02-15T21:00:00+00:00,EDIT,BUY,30.0000,1598.8000
2022-02-15T21:00:00+00:00,EMV.AX,BUY,794.0000,179.0700
2022-02-15T21:00:00+00:00,FTC.L,SELL,1304.0000,157.7200
2022-02-15T21:00:00+00:00,GSIT,SELL,1447.0000,274.6300
2022-02-15T21:00:00+00:00,HSBA.L,SELL,160.0000,154.2200
2022-02-15T21:00:00+00:00,HYT.AX,BUY,559.0000,5587.1800
2022-02-15T21:00:00+00:00,IBTM.L,BUY,1721.0000,107.5400
2022-02-15T21:00:00+00:00,IDN,SELL,759.0000,240.8700
2022-02-15T21:00:00+00:00,IITU.L,SELL,3405.0000,129.2700
2022-02-15T21:00:00+00:00,IPWR,SELL,6.0000,319.0200
2022-02-15T21:00:00+00:00,ISF.L,SELL,2593.0000,122.8600
2022-02-15T21:00:00+00:00,LTBR,SELL,382.0000,294.2300
2022-02-15T21:00:00+00:00,MOLN.SW,SELL,70.0000,758.2200
2022-02-15T21:00:00+00:00,MSCL.TO,SELL,373.0000,393.7200
2022-02-15T21:00:00+00:00,PLTR,BUY,412.0000,207.4700
2022-02-15T21:00:00+00:00,PRQR,BUY,141.0000,204.6500
2022-02-15T21:00:00+00:00,QSI,BUY,95.0000,600.9300
2022-02-15T21:00:00+00:00,RR.L,BUY,607.0000,181.6400
2022-02-15T21:00:00+00:00,SEYE.ST,SELL,69.0000,407.3700
2022-02-15T21:00:00+00:00,SGLN.L,BUY,475.0000,112.2300
2022-02-15T21:00:00+00:00,SHEL.L,SELL,342.0000,159.1000
2022-02-15T21:00:00+00:00,SLX.AX,SELL,28.0000,168.8100
2022-02-15T21:00:00+00:00,SMGB.L,SELL,1553.0000,134.8800
2022-02-15T21:00:00+00:00,VUL.AX,SELL,56.0000,456.7000
2022-02-15T21:00:00+00:00,VYGR,SELL,332.0000,149.4000
2022-02-15T21:00:00+00:00,WBT.AX,SELL,451.0000,261.5100
2022-03-16T21:00:00+00:00,AL3.AX,BUY,735.0000,241.0100
2022-03-16T21:00:00+00:00,ALCLS.PA,BUY,105.0000,442.8500
2022-03-16T21:00:00+00:00,ALMDT.PA,BUY,86.0000,1004.6600
2022-03-16T21:00:00+00:00,AXE.AX,BUY,117.0000,521.4600
2022-03-16T21:00:00+00:00,AZN.L,BUY,1562.0000,142.0400
2022-03-16T21:00:00+00:00,BGO.L,BUY,1310.0000,313.1600
2022-03-16T21:00:00+00:00,BRK-B,BUY,1329.0000,156.4700
2022-03-16T21:00:00+00:00,BRNT.L,BUY,554.0000,232.9300
2022-03-16T21:00:00+00:00,DBMG.L,BUY,29300.0000,124.8400
2022-03-16T21:00:00+00:00,EDIT,SELL,19.0000,1609.6100
2022-03-16T21:00:00+00:00,EMV.AX,BUY,1060.0000,180.2700
2022-03-16T21:00:00+00:00,FTC.L,BUY,8047.0000,142.6200
2022-03-16T21:00:00+00:00,GSIT,BUY,510.0000,258.4400
2022-03-16T21:00:00+00:00,HSBA.L,BUY,1187.0000,141.4100
2022-03-16T21:00:00+00:00,HYT.AX,SELL,803.0000,5843.5900
2022-03-16T21:00:00+00:00,IBTM.L,SELL,14324.0000,109.8400
2022-03-16T21:00:00+00:00,IDN,BUY,296.0000,155.4200
2022-03-16T21:00:00+00:00,IITU.L,SELL,216.0000,126.1900
2022-03-16T21:00:00+00:00,IPWR,BUY,105.0000,318.8000
2022-03-16T21:00:00+00:00,ISF.L,BUY,4563.0000,118.9100
2022-03-16T21:00:00+00:00,LTBR,SELL,7.0000,377.7800
2022-03-16T21:00:00+00:00,MOLN.SW,BUY,271.0000,591.7200
2022-03-16T21:00:00+00:00,MSCL.TO,BUY,478.0000,352.8800
2022-03-16T21:00:00+00:00,PLTR,SELL,456.0000,179.0600
2022-03-16T21:00:00+00:00,PRQR,SELL,77.0000,160.3900
2022-03-16T21:00:00+00:00,QSI,SELL,48.0000,598.7700
2022-03-16T21:00:00+00:00,RR.L,BUY,898.0000,142.4800
2022-03-16T21:00:00+00:00,SEYE.ST,BUY,274.0000,365.8300
2022-03-16T21:00:00+00:00,SGLN.L,SELL,17077.0000,119.6000
2022-03-16T21:00:00+00:00,SHEL.L,BUY,4232.0000,154.0700
2022-03-16T21:00:00+00:00,SLX.AX,SELL,110.0000,191.9100
2022-03-16T21:00:00+00:00,SMGB.L,BUY,32.0000,131.4000
2022-03-16T21:00:00+00:00,VUL.AX,BUY,59.0000,479.8000
2022-03-16T21:00:00+00:00,VYGR,SELL,399.0000,309.9400
2022-03-16T21:00:00+00:00,WBT.AX,BUY,439.0000,229.9200
2022-04-14T21:00:00+00:00,AL3.AX,BUY,314.0000,208.1200
2022-04-14T21:00:00+00:00,ALCLS.PA,BUY,89.0000,415.4400
2022-04-14T21:00:00+00:00,ALMDT.PA,BUY,304.0000,1065.0900
2022-04-14T21:00:00+00:00,AXE.AX,BUY,193.0000,543.2500
2022-04-14T21:00:00+00:00,AZN.L,SELL,1778.0000,158.9300
2022-04-14T21:00:00+00:00,BGO.L,BUY,118.0000,317.5400
2022-04-14T21:00:00+00:00,BRK-B,BUY,6792.0000,159.4000
2022-04-14T21:00:00+00:00,BRNT.L,SELL,299.0000,259.4100
2022-04-14T21:00:00+00:00,DBMG.L,BUY,1967.0000,138.9900
2022-04-14T21:00:00+00:00,EDIT,BUY,11.0000,1651.0700
2022-04-14T21:00:00+00:00,EMV.AX,SELL,1256.0000,202.6200
2022-04-14T21:00:00+00:00,FTC.L,SELL,1005.0000,151.0100
2022-04-14T21:00:00+00:00,GSIT,BUY,275.0000,223.0200
2022-04-14T21:00:00+00:00,HSBA.L,BUY,794.0000,149.4300
2022-04-14T21:00:00+00:00,HYT.AX,SELL,896.0000,6020.9100
2022-04-14T21:00:00+00:00,IBTM.L,BUY,28019.0000,105.1700
2022-04-14T21:00:00+00:00,IDN,BUY,500.0000,141.5000
2022-04-14T21:00:00+00:00,IITU.L,BUY,2616.0000,126.3200
2022-04-14T21:00:00+00:00,IPWR,BUY,49.0000,316.2500
2022-04-14T21:00:00+00:00,ISF.L,SELL,3514.0000,124.4900
2022-04-14T21:00:00+00:00,LTBR,BUY,55.0000,363.4800
2022-04-14T21:00:00+00:00,MOLN.SW,SELL,15.0000,584.3600
2022-04-14T21:00:00+00:00,MSCL.TO,SELL,417.0000,498.2000
2022-04-14T21:00:00+00:00,PLTR,BUY,12.0000,187.5700
2022-04-14T21:00:00+00:00,PRQR,BUY,233.0000,131.8500
2022-04-14T21:00:00+00:00,QSI,SELL,14.0000,645.7800
2022-04-14T21:00:00+00:00,RR.L,SELL,720.0000,141.0500
2022-04-14T21:00:00+00:00,SEYE.ST,BUY,189.0000,323.0000
2022-04-14T21:00:00+00:00,SGLN.L,BUY,8121.0000,123.5600
2022-04-14T21:00:00+00:00,SHEL.L,SELL,357.0000,177.4100
2022-04-14T21:00:00+00:00,SLX.AX,SELL,77.0000,268.9100
2022-04-14T21:00:00+00:00,SMGB.L,BUY,1976.0000,123.5700
2022-04-14T21:00:00+00:00,VUL.AX,BUY,163.0000,499.3300
2022-04-14T21:00:00+00:00,VYGR,SELL,134.0000,374.5400
2022-04-14T21:00:00+00:00,WBT.AX,BUY,428.0000,240.4200
2022-05-18T21:00:00+00:00,AL3.AX,SELL,465.0000,199.3000
2022-05-18T21:00:00+00:00,ALCLS.PA,SELL,195.0000,341.6900
2022-05-18T21:00:00+00:00,ALMDT.PA,SELL,226.0000,866.4300
2022-05-18T21:00:00+00:00,AXE.AX,BUY,246.0000,420.2200
2022-05-18T21:00:00+00:00,AZN.L,SELL,1479.0000,154.5300
2022-05-18T21:00:00+00:00,BGO.L,SELL,219.0000,292.9800
2022-05-18T21:00:00+00:00,BRK-B,SELL,4732.0000,149.1800
2022-05-18T21:00:00+00:00,BRNT.L,BUY,211.0000,275.6200
2022-05-18T21:00:00+00:00,DBMG.L,BUY,211.0000,151.7800
2022-05-18T21:00:00+00:00,EDIT,BUY,30.0000,1115.8300
2022-05-18T21:00:00+00:00,EMV.AX,BUY,1125.0000,174.1000
2022-05-18T21:00:00+00:00,FTC.L,SELL,444.0000,137.5800
2022-05-18T21:00:00+00:00,GSIT,BUY,434.0000,206.7700
2022-05-18T21:00:00+00:00,HSBA.L,BUY,101.0000,141.7400
2022-05-18T21:00:00+00:00,HYT.AX,SELL,552.0000,5969.3300
2022-05-18T21:00:00+00:00,IBTM.L,BUY,46.0000,109.8700
2022-05-18T21:00:00+00:00,IDN,SELL,222.0000,128.8300
2022-05-18T21:00:00+00:00,IITU.L,BUY,1387.0000,119.6300
2022-05-18T21:00:00+00:00,IPWR,SELL,102.0000,413.4700
2022-05-18T21:00:00+00:00,ISF.L,BUY,9872.0000,122.1000
2022-05-18T21:00:00+00:00,LTBR,BUY,68.0000,269.5900
2022-05-18T21:00:00+00:00,MOLN.SW,BUY,704.0000,222.9000
2022-05-18T21:00:00+00:00,MSCL.TO,BUY,405.0000,320.4100
2022-05-18T21:00:00+00:00,PLTR,BUY,103.0000,127.1300
2022-05-18T21:00:00+00:00,PRQR,SELL,163.0000,111.8000
2022-05-18T21:00:00+00:00,QSI,SELL,64.0000,592.0400
2022-05-18T21:00:00+00:00,RR.L,BUY,1187.0000,127.9900
2022-05-18T21:00:00+00:00,SEYE.ST,SELL,290.0000,185.3500
2022-05-18T21:00:00+00:00,SGLN.L,BUY,17498.0000,120.3200
2022-05-18T21:00:00+00:00,SHEL.L,BUY,613.0000,191.8600
2022-05-18T21:00:00+00:00,SLX.AX,BUY,528.0000,207.8000
2022-05-18T21:00:00+00:00,SMGB.L,SELL,1071.0000,124.2100
2022-05-18T21:00:00+00:00,VUL.AX,BUY,506.0000,409.0800
2022-05-18T21:00:00+00:00,VYGR,BUY,185.0000,278.0100
2022-05-18T21:00:00+00:00,WBT.AX,BUY,288.0000,234.0000
2022-06-20T21:00:00+00:00,AL3.AX,BUY,295.0000,172.8100
2022-06-20T21:00:00+00:00,ALCLS.PA,BUY,36.0000,267.4800
2022-06-20T21:00:00+00:00,ALMDT.PA,BUY,23.0000,995.1600
2022-06-20T21:00:00+00:00,AXE.AX,BUY,22.0000,364.5100
2022-06-20T21:00:00+00:00,AZN.L,SELL,9053.0000,151.6600
2022-06-20T21:00:00+00:00,BGO.L,BUY,4002.0000,229.8200
2022-06-20T21:00:00+00:00,BRK-B,SELL,606.0000,131.7900
2022-06-20T21:00:00+00:00,BRNT.L,BUY,323.0000,296.7100
2022-06-20T21:00:00+00:00,DBMG.L,SELL,15474.0000,156.9700
2022-06-20T21:00:00+00:00,EDIT,SELL,18.0000,1187.4900
2022-06-20T21:00:00+00:00,EMV.AX,BUY,1694.0000,125.5600
2022-06-20T21:00:00+00:00,FTC.L,SELL,3016.0000,144.3000
2022-06-20T21:00:00+00:00,GSIT,SELL,612.0000,231.4000
2022-06-20T21:00:00+00:00,HSBA.L,SELL,1951.0000,153.7500
2022-06-20T21:00:00+00:00,HYT.AX,SELL,124.0000,6026.8300
2022-06-20T21:00:00+00:00,IBTM.L,BUY,33281.0000,108.3700
2022-06-20T21:00:00+00:00,IDN,SELL,446.0000,121.1800
2022-06-20T21:00:00+00:00,IITU.L,SELL,2042.0000,113.1300
2022-06-20T21:00:00+00:00,IPWR,BUY,84.0000,459.3900
2022-06-20T21:00:00+00:00,ISF.L,SELL,7329.0000,117.0700
2022-06-20T21:00:00+00:00,LTBR,SELL,79.0000,226.7100
2022-06-20T21:00:00+00:00,MOLN.SW,SELL,340.0000,248.0800
2022-06-20T21:00:00+00:00,MSCL.TO,BUY,444.0000,213.3000
2022-06-20T21:00:00+00:00,PLTR,SELL,130.0000,132.1500
2022-06-20T21:00:00+00:00,PRQR,BUY,442.0000,130.4100
2022-06-20T21:00:00+00:00,QSI,BUY,106.0000,478.2700
2022-06-20T21:00:00+00:00,RR.L,BUY,184.0000,138.1300
2022-06-20T21:00:00+00:00,SEYE.ST,BUY,48.0000,177.0000
2022-06-20T21:00:00+00:00,SGLN.L,BUY,577.0000,123.2300
2022-06-20T21:00:00+00:00,SHEL.L,BUY,8007.0000,172.2900
2022-06-20T21:00:00+00:00,SLX.AX,SELL,113.0000,308.7600
2022-06-20T21:00:00+00:00,SMGB.L,BUY,86.0000,111.0600
2022-06-20T21:00:00+00:00,VUL.AX,BUY,83.0000,299.1200
2022-06-20T21:00:00+00:00,VYGR,BUY,24.0000,222.9500
2022-06-20T21:00:00+00:00,WBT.AX,BUY,799.0000,172.7800
2022-07-19T21:00:00+00:00,AL3.AX,BUY,77.0000,166.1300
2022-07-19T21:00:00+00:00,ALCLS.PA,SELL,77.0000,282.0100
2022-07-19T21:00:00+00:00,ALMDT.PA,BUY,50.0000,918.7500
2022-07-19T21:00:00+00:00,AXE.AX,BUY,546.0000,353.4600
2022-07-19T21:00:00+00:00,AZN.L,BUY,1395.0000,169.4300
2022-07-19T21:00:00+00:00,BGO.L,SELL,4076.0000,328.0700
2022-07-19T21:00:00+00:00,BRK-B,BUY,24602.0000,144.1300
2022-07-19T21:00:00+00:00,BRNT.L,SELL,498.0000,286.6300
2022-07-19T21:00:00+00:00,DBMG.L,BUY,15130.0000,160.6200
2022-07-19T21:00:00+00:00,EDIT,SELL,31.0000,1852.1700
2022-07-19T21:00:00+00:00,EMV.AX,BUY,1254.0000,174.2900
2022-07-19T21:00:00+00:00,FTC.L,SELL,5503.0000,193.2900
2022-07-19T21:00:00+00:00,GSIT,SELL,652.0000,286.4200
2022-07-19T21:00:00+00:00,HSBA.L,BUY,7725.0000,149.7200
2022-07-19T21:00:00+00:00,HYT.AX,SELL,6939.0000,1814.4500
2022-07-19T21:00:00+00:00,IBTM.L,BUY,11793.0000,113.0500
2022-07-19T21:00:00+00:00,IDN,SELL,47.0000,183.3000
2022-07-19T21:00:00+00:00,IITU.L,SELL,1015.0000,123.1000
2022-07-19T21:00:00+00:00,IPWR,SELL,32.0000,456.4200
2022-07-19T21:00:00+00:00,ISF.L,BUY,11294.0000,120.0800
2022-07-19T21:00:00+00:00,LTBR,BUY,62.0000,263.5400
2022-07-19T21:00:00+00:00,MOLN.SW,SELL,439.0000,201.4800
2022-07-19T21:00:00+00:00,MSCL.TO,SELL,400.0000,242.9900
2022-07-19T21:00:00+00:00,PLTR,SELL,149.0000,154.8900
2022-07-19T21:00:00+00:00,PRQR,SELL,375.0000,147.5400
2022-07-19T21:00:00+00:00,QSI,BUY,9.0000,502.9300
2022-07-19T21:00:00+00:00,RR.L,BUY,334.0000,141.6800
2022-07-19T21:00:00+00:00,SEYE.ST,SELL,131.0000,171.3700
2022-07-19T21:00:00+00:00,SGLN.L,BUY,62574.0000,117.0400
2022-07-19T21:00:00+00:00,SHEL.L,SELL,7478.0000,166.0400
2022-07-19T21:00:00+00:00,SLX.AX,SELL,500.0000,474.6400
2022-07-19T21:00:00+00:00,SMGB.L,SELL,1969.0000,120.2100
2022-07-19T21:00:00+00:00,VUL.AX,BUY,132.0000,342.5600
2022-07-19T21:00:00+00:00,VYGR,SELL,285.0000,317.6800
2022-07-19T21:00:00+00:00,WBT.AX,SELL,236.0000,229.7800
2022-08-17T21:00:00+00:00,AL3.AX,SELL,1347.0000,253.7000
2022-08-17T21:00:00+00:00,ALCLS.PA,BUY,114.0000,394.6200
2022-08-17T21:00:00+00:00,ALMDT.PA,SELL,157.0000,917.8100
2022-08-17T21:00:00+00:00,AXE.AX,SELL,596.0000,579.4200
2022-08-17T21:00:00+00:00,AZN.L,BUY,10478.0000,167.1700
2022-08-17T21:00:00+00:00,BGO.L,BUY,847.0000,294.7400
2022-08-17T21:00:00+00:00,BRK-B,SELL,20467.0000,152.7500
2022-08-17T21:00:00+00:00,BRNT.L,SELL,278.0000,265.2900
2022-08-17T21:00:00+00:00,DBMG.L,BUY,23531.0000,153.5300
2022-08-17T21:00:00+00:00,EDIT,SELL,2.0000,1752.9600
2022-08-17T21:00:00+00:00,EMV.AX,SELL,3057.0000,157.7200
2022-08-17T21:00:00+00:00,FTC.L,BUY,746.0000,177.8500
2022-08-17T21:00:00+00:00,GSIT,BUY,1364.0000,253.6800
2022-08-17T21:00:00+00:00,HSBA.L,SELL,3377.0000,155.9300
2022-08-17T21:00:00+00:00,HYT.AX,SELL,32.0000,1847.2600
2022-08-17T21:00:00+00:00,IBTM.L,SELL,2667.0000,114.1100
2022-08-17T21:00:00+00:00,IDN,SELL,44.0000,174.6700
2022-08-17T21:00:00+00:00,IITU.L,SELL,4260.0000,137.3300
2022-08-17T21:00:00+00:00,IPWR,SELL,33.0000,549.5700
2022-08-17T21:00:00+00:00,ISF.L,BUY,2879.0000,124.5100
2022-08-17T21:00:00+00:00,LTBR,BUY,19.0000,285.2700
2022-08-17T21:00:00+00:00,MOLN.SW,BUY,94.0000,202.7800
2022-08-17T21:00:00+00:00,MSCL.TO,SELL,212.0000,266.7200
2022-08-17T21:00:00+00:00,PLTR,SELL,89.0000,154.4400
2022-08-17T21:00:00+00:00,PRQR,BUY,308.0000,154.4300
2022-08-17T21:00:00+00:00,QSI,SELL,78.0000,635.7700
2022-08-17T21:00:00+00:00,RR.L,BUY,672.0000,126.0600
2022-08-17T21:00:00+00:00,SEYE.ST,BUY,207.0000,205.7500
2022-08-17T21:00:00+00:00,SGLN.L,BUY,4132.0000,120.1500
2022-08-17T21:00:00+00:00,SHEL.L,SELL,1670.0000,179.8600
2022-08-17T21:00:00+00:00,SLX.AX,SELL,491.0000,554.3300
2022-08-17T21:00:00+00:00,SMGB.L,BUY,212.0000,127.4600
2022-08-17T21:00:00+00:00,VUL.AX,SELL,546.0000,489.8300
2022-08-17T21:00:00+00:00,VYGR,BUY,33.0000,264.5700
2022-08-17T21:00:00+00:00,WBT.AX,SELL,1093.0000,245.6300
2022-09-16T21:00:00+00:00,AL3.AX,BUY,285.0000,218.8400
2022-09-16T21:00:00+00:00,ALCLS.PA,BUY,738.0000,354.3200
2022-09-16T21:00:00+00:00,ALMDT.PA,BUY,486.0000,797.7500
2022-09-16T21:00:00+00:00,AXE.AX,BUY,44.0000,497.1700
2022-09-16T21:00:00+00:00,AZN.L,SELL,10870.0000,153.8000
2022-09-16T21:00:00+00:00,BGO.L,SELL,1307.0000,347.3700
2022-09-16T21:00:00+00:00,BRK-B,BUY,21186.0000,145.7400
2022-09-16T21:00:00+00:00,BRNT.L,BUY,3154.0000,277.8200
2022-09-16T21:00:00+00:00,DBMG.L,SELL,12402.0000,170.6900
2022-09-16T21:00:00+00:00,EDIT,BUY,11.0000,1637.8800
2022-09-16T21:00:00+00:00,EMV.AX,BUY,3902.0000,147.3200
2022-09-16T21:00:00+00:00,FTC.L,BUY,523.0000,174.5000
2022-09-16T21:00:00+00:00,GSIT,BUY,3384.0000,211.4500
2022-09-16T21:00:00+00:00,HSBA.L,SELL,2912.0000,153.7000
2022-09-16T21:00:00+00:00,HYT.AX,BUY,29.0000,1859.0200
2022-09-16T21:00:00+00:00,IBTM.L,SELL,19030.0000,115.4600
2022-09-16T21:00:00+00:00,IDN,BUY,13.0000,206.1800
2022-09-16T21:00:00+00:00,IITU.L,SELL,164.0000,123.4700
2022-09-16T21:00:00+00:00,IPWR,BUY,46.0000,577.9600
2022-09-16T21:00:00+00:00,ISF.L,SELL,11350.0000,120.5800
2022-09-16T21:00:00+00:00,LTBR,BUY,158.0000,243.0700
2022-09-16T21:00:00+00:00,MOLN.SW,BUY,952.0000,228.1100
2022-09-16T21:00:00+00:00,MSCL.TO,BUY,432.0000,178.7800
2022-09-16T21:00:00+00:00,PLTR,BUY,259.0000,134.6000
2022-09-16T21:00:00+00:00,PRQR,SELL,141.0000,143.9500
2022-09-16T21:00:00+00:00,QSI,BUY,93.0000,512.4500
2022-09-16T21:00:00+00:00,RR.L,BUY,955.0000,114.3900
2022-09-16T21:00:00+00:00,SEYE.ST,BUY,2141.0000,208.9200
2022-09-16T21:00:00+00:00,SGLN.L,SELL,3500.0000,120.3200
2022-09-16T21:00:00+00:00,SHEL.L,BUY,8413.0000,189.3000
2022-09-16T21:00:00+00:00,SLX.AX,SELL,83.0000,548.1000
2022-09-16T21:00:00+00:00,SMGB.L,SELL,25.0000,113.4300
2022-09-16T21:00:00+00:00,VUL.AX,SELL,247.0000,454.3300
2022-09-16T21:00:00+00:00,VYGR,BUY,23.0000,316.0400
2022-09-16T21:00:00+00:00,WBT.AX,BUY,572.0000,210.9800
2022-10-18T21:00:00+00:00,AL3.AX,SELL,95.0000,219.4400
2022-10-18T21:00:00+00:00,ALCLS.PA,SELL,529.0000,279.3600
2022-10-18T21:00:00+00:00,ALMDT.PA,SELL,298.0000,687.6100
2022-10-18T21:00:00+00:00,AXE.AX,SELL,86.0000,446.0600
2022-10-18T21:00:00+00:00,AZN.L,BUY,16403.0000,149.5800
2022-10-18T21:00:00+00:00,BGO.L,BUY,1620.0000,329.8200
2022-10-18T21:00:00+00:00,BRK-B,SELL,26139.0000,150.6700
2022-10-18T21:00:00+00:00,BRNT.L,SELL,2408.0000,276.1100
2022-10-18T21:00:00+00:00,DBMG.L,SELL,7218.0000,177.8700
2022-10-18T21:00:00+00:00,EDIT,BUY,6.0000,1426.0700
2022-10-18T21:00:00+00:00,EMV.AX,SELL,2477.0000,122.5100
2022-10-18T21:00:00+00:00,FTC.L,BUY,5141.0000,147.6500
2022-10-18T21:00:00+00:00,GSIT,SELL,3008.0000,151.0800
2022-10-18T21:00:00+00:00,HSBA.L,BUY,6909.0000,135.1700
2022-10-18T21:00:00+00:00,HYT.AX,BUY,46.0000,1765.9900
2022-10-18T21:00:00+00:00,IBTM.L,BUY,7418.0000,111.7500
2022-10-18T21:00:00+00:00,IDN,BUY,382.0000,171.8000
2022-10-18T21:00:00+00:00,IITU.L,BUY,3044.0000,118.3500
2022-10-18T21:00:00+00:00,IPWR,BUY,64.0000,461.6000
2022-10-18T21:00:00+00:00,ISF.L,BUY,22617.0000,115.6400
2022-10-18T21:00:00+00:00,LTBR,BUY,128.0000,243.1700
2022-10-18T21:00:00+00:00,MOLN.SW,SELL,813.0000,218.5100
2022-10-18T21:00:00+00:00,MSCL.TO,BUY,319.0000,174.2800
2022-10-18T21:00:00+00:00,PLTR,SELL,111.0000,142.4000
2022-10-18T21:00:00+00:00,PRQR,SELL,121.0000,178.1100
2022-10-18T21:00:00+00:00,QSI,SELL,3.0000,490.4400
2022-10-18T21:00:00+00:00,RR.L,SELL,1995.0000,112.1400
2022-10-18T21:00:00+00:00,SEYE.ST,SELL,1768.0000,195.8700
2022-10-18T21:00:00+00:00,SGLN.L,SELL,5129.0000,119.6500
2022-10-18T21:00:00+00:00,SHEL.L,SELL,6170.0000,185.7100
2022-10-18T21:00:00+00:00,SLX.AX,BUY,560.0000,463.5100
2022-10-18T21:00:00+00:00,SMGB.L,BUY,2430.0000,100.2200
2022-10-18T21:00:00+00:00,VUL.AX,BUY,923.0000,337.7300
2022-10-18T21:00:00+00:00,VYGR,SELL,37.0000,292.1000
2022-10-18T21:00:00+00:00,WBT.AX,BUY,303.0000,200.4200
2022-11-16T21:00:00+00:00,AL3.AX,BUY,458.0000,168.4800
2022-11-16T21:00:00+00:00,ALCLS.PA,BUY,11.0000,240.9500
2022-11-16T21:00:00+00:00,ALMDT.PA,BUY,115.0000,680.4200
2022-11-16T21:00:00+00:00,AXE.AX,BUY,468.0000,413.3000
2022-11-16T21:00:00+00:00,AZN.L,BUY,2712.0000,163.3100
2022-11-16T21:00:00+00:00,BGO.L,SELL,1483.0000,334.2100
2022-11-16T21:00:00+00:00,BRK-B,SELL,1102.0000,157.8500
2022-11-16T21:00:00+00:00,BRNT.L,SELL,289.0000,279.1400
2022-11-16T21:00:00+00:00,DBMG.L,BUY,952.0000,157.8900
2022-11-16T21:00:00+00:00,EDIT,BUY,1.0000,1339.9100
2022-11-16T21:00:00+00:00,EMV.AX,SELL,2244.0000,185.8800
2022-11-16T21:00:00+00:00,FTC.L,SELL,5407.0000,161.0700
2022-11-16T21:00:00+00:00,GSIT,BUY,974.0000,135.1800
2022-11-16T21:00:00+00:00,HSBA.L,SELL,19.0000,138.0000
2022-11-16T21:00:00+00:00,HYT.AX,SELL,26.0000,1814.1600
2022-11-16T21:00:00+00:00,IBTM.L,BUY,4406.0000,109.2400
2022-11-16T21:00:00+00:00,IDN,BUY,129.0000,144.0200
2022-11-16T21:00:00+00:00,IITU.L,BUY,722.0000,123.0500
2022-11-16T21:00:00+00:00,IPWR,BUY,59.0000,571.7000
2022-11-16T21:00:00+00:00,ISF.L,BUY,2779.0000,122.5600
2022-11-16T21:00:00+00:00,LTBR,BUY,98.0000,237.2000
2022-11-16T21:00:00+00:00,MOLN.SW,BUY,1350.0000,226.7500
2022-11-16T21:00:00+00:00,MSCL.TO,BUY,898.0000,105.1200
2022-11-16T21:00:00+00:00,PLTR,BUY,176.0000,134.4300
2022-11-16T21:00:00+00:00,PRQR,BUY,294.0000,177.4300
2022-11-16T21:00:00+00:00,QSI,SELL,93.0000,507.4900
2022-11-16T21:00:00+00:00,RR.L,BUY,3695.0000,131.6700
2022-11-16T21:00:00+00:00,SEYE.ST,SELL,3.0000,160.4900
2022-11-16T21:00:00+00:00,SGLN.L,SELL,4833.0000,122.5900
2022-11-16T21:00:00+00:00,SHEL.L,SELL,670.0000,197.1400
2022-11-16T21:00:00+00:00,SLX.AX,BUY,172.0000,485.6700
2022-11-16T21:00:00+00:00,SMGB.L,SELL,439.0000,119.2300
2022-11-16T21:00:00+00:00,VUL.AX,SELL,505.0000,425.6400
2022-11-16T21:00:00+00:00,VYGR,SELL,25.0000,241.5900
2022-11-16T21:00:00+00:00,WBT.AX,BUY,62.0000,290.7100
2022-12-15T21:00:00+00:00,AL3.AX,SELL,273.0000,163.2700
2022-12-15T21:00:00+00:00,ALCLS.PA,BUY,255.0000,227.9300
2022-12-15T21:00:00+00:00,ALMDT.PA,BUY,265.0000,660.8400
2022-12-15T21:00:00+00:00,AXE.AX,BUY,109.0000,362.7800
2022-12-15T21:00:00+00:00,AZN.L,BUY,4721.0000,172.6100
2022-12-15T21:00:00+00:00,BGO.L,BUY,3435.0000,346.4900
2022-12-15T21:00:00+00:00,BRK-B,BUY,67.0000,147.6500
2022-12-15T21:00:00+00:00,BRNT.L,BUY,2468.0000,241.2200
2022-12-15T21:00:00+00:00,DBMG.L,SELL,18955.0000,146.7400
2022-12-15T21:00:00+00:00,EDIT,BUY,14.0000,1047.3800
2022-12-15T21:00:00+00:00,EMV.AX,SELL,89.0000,183.4100
2022-12-15T21:00:00+00:00,FTC.L,BUY,1578.0000,194.6300
2022-12-15T21:00:00+00:00,GSIT,BUY,2932.0000,115.7700
2022-12-15T21:00:00+00:00,HSBA.L,SELL,3041.0000,142.9800
2022-12-15T21:00:00+00:00,HYT.AX,BUY,274.0000,401.2300
2022-12-15T21:00:00+00:00,IBTM.L,SELL,4054.0000,108.8300
2022-12-15T21:00:00+00:00,IDN,BUY,403.0000,138.4600
2022-12-15T21:00:00+00:00,IITU.L,BUY,2337.0000,117.4500
2022-12-15T21:00:00+00:00,IPWR,SELL,120.0000,413.7700
2022-12-15T21:00:00+00:00,ISF.L,SELL,4166.0000,124.2100
2022-12-15T21:00:00+00:00,LTBR,BUY,390.0000,216.3400
2022-12-15T21:00:00+00:00,MOLN.SW,SELL,805.0000,212.8000
2022-12-15T21:00:00+00:00,MSCL.TO,SELL,184.0000,103.0100
2022-12-15T21:00:00+00:00,PLTR,BUY,208.0000,111.8400
2022-12-15T21:00:00+00:00,PRQR,BUY,536.0000,293.8000
2022-12-15T21:00:00+00:00,QSI,BUY,24.0000,346.7600
2022-12-15T21:00:00+00:00,RR.L,SELL,800.0000,134.5600
2022-12-15T21:00:00+00:00,SEYE.ST,BUY,1.0000,135.2700
2022-12-15T21:00:00+00:00,SGLN.L,SELL,5786.0000,119.2900
2022-12-15T21:00:00+00:00,SHEL.L,BUY,6518.0000,190.4000
2022-12-15T21:00:00+00:00,SLX.AX,SELL,286.0000,449.1200
2022-12-15T21:00:00+00:00,SMGB.L,BUY,1337.0000,114.8600
2022-12-15T21:00:00+00:00,VUL.AX,BUY,262.0000,350.1700
2022-12-15T21:00:00+00:00,VYGR,SELL,97.0000,257.2800
2022-12-15T21:00:00+00:00,WBT.AX,SELL,898.0000,334.8100
2023-01-18T21:00:00+00:00,AL3.AX,SELL,226.0000,180.0500
2023-01-18T21:00:00+00:00,ALCLS.PA,SELL,173.0000,358.4000
2023-01-18T21:00:00+00:00,ALMDT.PA,BUY,79.0000,651.2800
2023-01-18T21:00:00+00:00,AXE.AX,BUY,16.0000,376.7500
2023-01-18T21:00:00+00:00,AZN.L,SELL,19651.0000,175.9200
2023-01-18T21:00:00+00:00,BGO.L,SELL,1615.0000,377.1900
2023-01-18T21:00:00+00:00,BRK-B,SELL,4771.0000,152.4200
2023-01-18T21:00:00+00:00,BRNT.L,BUY,1064.0000,262.3200
2023-01-18T21:00:00+00:00,DBMG.L,BUY,36202.0000,147.3200
2023-01-18T21:00:00+00:00,EDIT,BUY,77.0000,857.8800
2023-01-18T21:00:00+00:00,EMV.AX,BUY,211.0000,162.8600
2023-01-18T21:00:00+00:00,FTC.L,BUY,2488.0000,167.7900
2023-01-18T21:00:00+00:00,GSIT,BUY,855.0000,154.6900
2023-01-18T21:00:00+00:00,HSBA.L,SELL,1837.0000,171.4300
2023-01-18T21:00:00+00:00,HYT.AX,BUY,147.0000,413.3700
2023-01-18T21:00:00+00:00,IBTM.L,SELL,44830.0000,108.6000
2023-01-18T21:00:00+00:00,IDN,SELL,354.0000,170.6200
2023-01-18T21:00:00+00:00,IITU.L,BUY,6551.0000,117.0500
2023-01-18T21:00:00+00:00,IPWR,BUY,70.0000,482.5200
2023-01-18T21:00:00+00:00,ISF.L,SELL,5258.0000,131.0800
2023-01-18T21:00:00+00:00,LTBR,SELL,62.0000,191.7800
2023-01-18T21:00:00+00:00,MOLN.SW,SELL,61.0000,222.9100
2023-01-18T21:00:00+00:00,MSCL.TO,SELL,45.0000,146.5900
2023-01-18T21:00:00+00:00,PLTR,BUY,266.0000,111.2900
2023-01-18T21:00:00+00:00,PRQR,SELL,740.0000,568.9900
2023-01-18T21:00:00+00:00,QSI,BUY,122.0000,373.3900
2023-01-18T21:00:00+00:00,RR.L,SELL,2082.0000,163.4400
2023-01-18T21:00:00+00:00,SEYE.ST,BUY,648.0000,124.1600
2023-01-18T21:00:00+00:00,SGLN.L,BUY,30724.0000,126.6400
2023-01-18T21:00:00+00:00,SHEL.L,BUY,1138.0000,199.8800
2023-01-18T21:00:00+00:00,SLX.AX,SELL,239.0000,690.8900
2023-01-18T21:00:00+00:00,SMGB.L,BUY,3005.0000,120.6600
2023-01-18T21:00:00+00:00,VUL.AX,SELL,58.0000,388.9800
2023-01-18T21:00:00+00:00,VYGR,BUY,19.0000,414.3700
2023-01-18T21:00:00+00:00,WBT.AX,SELL,131.0000,379.3400
2023-02-16T21:00:00+00:00,AL3.AX,SELL,221.0000,186.3800
2023-02-16T21:00:00+00:00,ALCLS.PA,BUY,204.0000,269.4300
2023-02-16T21:00:00+00:00,ALMDT.PA,BUY,1102.0000,589.4300
2023-02-16T21:00:00+00:00,AXE.AX,SELL,251.0000,361.9000
2023-02-16T21:00:00+00:00,AZN.L,BUY,31906.0000,172.6400
2023-02-16T21:00:00+00:00,BGO.L,SELL,833.0000,410.5300
2023-02-16T21:00:00+00:00,BRK-B,BUY,4352.0000,155.4600
2023-02-16T21:00:00+00:00,BRNT.L,SELL,4676.0000,262.5900
2023-02-16T21:00:00+00:00,DBMG.L,SELL,617.0000,152.0700
2023-02-16T21:00:00+00:00,EDIT,SELL,45.0000,1075.0100
2023-02-16T21:00:00+00:00,EMV.AX,BUY,659.0000,143.3100
2023-02-16T21:00:00+00:00,FTC.L,SELL,952.0000,187.9200
2023-02-16T21:00:00+00:00,GSIT,BUY,1670.0000,115.9300
2023-02-16T21:00:00+00:00,HSBA.L,BUY,199.0000,179.4700
2023-02-16T21:00:00+00:00,HYT.AX,SELL,90.0000,416.9400
2023-02-16T21:00:00+00:00,IBTM.L,SELL,13996.0000,108.2700
2023-02-16T21:00:00+00:00,IDN,BUY,80.0000,178.3600
2023-02-16T21:00:00+00:00,IITU.L,SELL,5981.0000,131.9200
2023-02-16T21:00:00+00:00,IPWR,BUY,54.0000,537.4700
2023-02-16T21:00:00+00:00,ISF.L,BUY,6691.0000,134.1200
2023-02-16T21:00:00+00:00,LTBR,BUY,305.0000,217.9500
2023-02-16T21:00:00+00:00,MOLN.SW,BUY,1742.0000,205.7400
2023-02-16T21:00:00+00:00,MSCL.TO,SELL,827.0000,201.0100
2023-02-16T21:00:00+00:00,PLTR,SELL,165.0000,159.8000
2023-02-16T21:00:00+00:00,PRQR,BUY,163.0000,527.6200
2023-02-16T21:00:00+00:00,QSI,BUY,30.0000,336.0600
2023-02-16T21:00:00+00:00,RR.L,BUY,121.0000,171.8000
2023-02-16T21:00:00+00:00,SEYE.ST,BUY,1083.0000,164.6400
2023-02-16T21:00:00+00:00,SGLN.L,SELL,12032.0000,125.4400
2023-02-16T21:00:00+00:00,SHEL.L,SELL,11758.0000,217.1900
2023-02-16T21:00:00+00:00,SLX.AX,SELL,39.0000,786.3500
2023-02-16T21:00:00+00:00,SMGB.L,SELL,2733.0000,134.9000
2023-02-16T21:00:00+00:00,VUL.AX,SELL,17.0000,346.0100
2023-02-16T21:00:00+00:00,VYGR,BUY,227.0000,339.9800
2023-02-16T21:00:00+00:00,WBT.AX,BUY,123.0000,496.5100
2023-03-17T21:00:00+00:00,AL3.AX,BUY,486.0000,169.5500
2023-03-17T21:00:00+00:00,ALCLS.PA,BUY,163.0000,205.4800
2023-03-17T21:00:00+00:00,ALMDT.PA,BUY,384.0000,656.6800
2023-03-17T21:00:00+00:00,AXE.AX,BUY,704.0000,266.0500
2023-03-17T21:00:00+00:00,AZN.L,SELL,17045.0000,166.7000
2023-03-17T21:00:00+00:00,BGO.L,BUY,278.0000,414.0400
2023-03-17T21:00:00+00:00,BRK-B,SELL,618.0000,147.2000
2023-03-17T21:00:00+00:00,BRNT.L,BUY,2831.0000,227.0600
2023-03-17T21:00:00+00:00,DBMG.L,SELL,34405.0000,136.8100
2023-03-17T21:00:00+00:00,EDIT,BUY,50.0000,898.1200
2023-03-17T21:00:00+00:00,EMV.AX,BUY,246.0000,124.3300
2023-03-17T21:00:00+00:00,FTC.L,SELL,2539.0000,164.4300
2023-03-17T21:00:00+00:00,GSIT,SELL,1239.0000,103.4500
2023-03-17T21:00:00+00:00,HSBA.L,BUY,5175.0000,162.0400
2023-03-17T21:00:00+00:00,HYT.AX,SELL,215.0000,336.6600
2023-03-17T21:00:00+00:00,IBTM.L,BUY,2894.0000,110.2800
2023-03-17T21:00:00+00:00,IDN,BUY,2498.0000,163.9000
2023-03-17T21:00:00+00:00,IITU.L,BUY,4047.0000,130.6000
2023-03-17T21:00:00+00:00,IPWR,BUY,130.0000,448.6700
2023-03-17T21:00:00+00:00,ISF.L,BUY,24195.0000,123.8500
2023-03-17T21:00:00+00:00,LTBR,BUY,350.0000,179.9400
2023-03-17T21:00:00+00:00,MOLN.SW,SELL,52.0000,190.4200
2023-03-17T21:00:00+00:00,MSCL.TO,SELL,556.0000,176.9000
2023-03-17T21:00:00+00:00,PLTR,BUY,255.0000,128.9300
2023-03-17T21:00:00+00:00,PRQR,SELL,525.0000,589.8800
2023-03-17T21:00:00+00:00,QSI,BUY,328.0000,286.1400
2023-03-17T21:00:00+00:00,RR.L,BUY,1685.0000,211.8100
2023-03-17T21:00:00+00:00,SEYE.ST,BUY,1310.0000,159.2900
2023-03-17T21:00:00+00:00,SGLN.L,BUY,2674.0000,131.9400
2023-03-17T21:00:00+00:00,SHEL.L,BUY,5412.0000,185.8400
2023-03-17T21:00:00+00:00,SLX.AX,BUY,242.0000,533.3200
2023-03-17T21:00:00+00:00,SMGB.L,SELL,172.0000,135.5400
2023-03-17T21:00:00+00:00,VUL.AX,BUY,325.0000,320.5400
2023-03-17T21:00:00+00:00,VYGR,BUY,128.0000,360.2800
2023-03-17T21:00:00+00:00,WBT.AX,SELL,334.0000,645.0200
2023-04-19T21:00:00+00:00,AL3.AX,BUY,92.0000,180.5800
2023-04-19T21:00:00+00:00,ALCLS.PA,BUY,209.0000,211.1400
2023-04-19T21:00:00+00:00,ALMDT.PA,SELL,566.0000,640.3200
2023-04-19T21:00:00+00:00,AXE.AX,BUY,1069.0000,233.6200
2023-04-19T21:00:00+00:00,AZN.L,BUY,22743.0000,184.8600
2023-04-19T21:00:00+00:00,BGO.L,BUY,679.0000,359.6500
2023-04-19T21:00:00+00:00,BRK-B,BUY,1611.0000,157.9300
2023-04-19T21:00:00+00:00,BRNT.L,SELL,2713.0000,252.4400
2023-04-19T21:00:00+00:00,DBMG.L,BUY,21548.0000,137.1500
2023-04-19T21:00:00+00:00,EDIT,BUY,39.0000,846.0700
2023-04-19T21:00:00+00:00,EMV.AX,SELL,1181.0000,143.6700
2023-04-19T21:00:00+00:00,FTC.L,BUY,4261.0000,157.7200
2023-04-19T21:00:00+00:00,GSIT,SELL,4417.0000,130.6000
2023-04-19T21:00:00+00:00,HSBA.L,SELL,5355.0000,171.4000
2023-04-19T21:00:00+00:00,HYT.AX,BUY,727.0000,331.6800
2023-04-19T21:00:00+00:00,IBTM.L,BUY,10898.0000,106.8300
2023-04-19T21:00:00+00:00,IDN,SELL,1882.0000,158.3600
2023-04-19T21:00:00+00:00,IITU.L,SELL,3718.0000,133.4700
2023-04-19T21:00:00+00:00,IPWR,BUY,132.0000,413.4500
2023-04-19T21:00:00+00:00,ISF.L,SELL,16761.0000,133.5500
2023-04-19T21:00:00+00:00,LTBR,BUY,788.0000,180.4300
2023-04-19T21:00:00+00:00,MOLN.SW,BUY,871.0000,200.5000
2023-04-19T21:00:00+00:00,MSCL.TO,BUY,362.0000,249.0800
2023-04-19T21:00:00+00:00,PLTR,BUY,1054.0000,135.3900
2023-04-19T21:00:00+00:00,PRQR,BUY,519.0000,394.4900
2023-04-19T21:00:00+00:00,QSI,SELL,26.0000,248.2600
2023-04-19T21:00:00+00:00,RR.L,SELL,3428.0000,234.5300
2023-04-19T21:00:00+00:00,SEYE.ST,SELL,1981.0000,170.7300
2023-04-19T21:00:00+00:00,SGLN.L,SELL,31885.0000,131.4400
2023-04-19T21:00:00+00:00,SHEL.L,SELL,4779.0000,206.2800
2023-04-19T21:00:00+00:00,SLX.AX,BUY,256.0000,534.4800
2023-04-19T21:00:00+00:00,SMGB.L,BUY,610.0000,131.2100
2023-04-19T21:00:00+00:00,VUL.AX,BUY,1914.0000,311.0500
2023-04-19T21:00:00+00:00,VYGR,BUY,128.0000,350.7100
2023-04-19T21:00:00+00:00,WBT.AX,BUY,658.0000,470.7200
2023-05-22T21:00:00+00:00,AL3.AX,BUY,313.0000,153.5200
2023-05-22T21:00:00+00:00,ALCLS.PA,BUY,1742.0000,185.3700
2023-05-22T21:00:00+00:00,ALMDT.PA,SELL,1082.0000,412.8300
2023-05-22T21:00:00+00:00,AXE.AX,BUY,1211.0000,221.8400
2023-05-22T21:00:00+00:00,AZN.L,SELL,4150.0000,185.5400
2023-05-22T21:00:00+00:00,BGO.L,SELL,128.0000,359.6500
2023-05-22T21:00:00+00:00,BRK-B,SELL,502.0000,160.4200
2023-05-22T21:00:00+00:00,BRNT.L,BUY,2940.0000,230.2500
2023-05-22T21:00:00+00:00,DBMG.L,BUY,7186.0000,137.7400
2023-05-22T21:00:00+00:00,EDIT,BUY,5.0000,1005.3000
2023-05-22T21:00:00+00:00,EMV.AX,BUY,2008.0000,142.5100
2023-05-22T21:00:00+00:00,FTC.L,BUY,157.0000,174.5000
2023-05-22T21:00:00+00:00,GSIT,SELL,3500.0000,394.0700
2023-05-22T21:00:00+00:00,HSBA.L,BUY,381.0000,186.9500
2023-05-22T21:00:00+00:00,HYT.AX,SELL,295.0000,408.6500
2023-05-22T21:00:00+00:00,IBTM.L,SELL,5915.0000,106.6200
2023-05-22T21:00:00+00:00,IDN,SELL,797.0000,165.4600
2023-05-22T21:00:00+00:00,IITU.L,SELL,4822.0000,141.8000
2023-05-22T21:00:00+00:00,IPWR,SELL,106.0000,411.0800
2023-05-22T21:00:00+00:00,ISF.L,BUY,390.0000,132.2000
2023-05-22T21:00:00+00:00,LTBR,SELL,1034.0000,215.1600
2023-05-22T21:00:00+00:00,MOLN.SW,BUY,4568.0000,207.0900
2023-05-22T21:00:00+00:00,MSCL.TO,SELL,184.0000,274.3600
2023-05-22T21:00:00+00:00,PLTR,SELL,1550.0000,188.2700
2023-05-22T21:00:00+00:00,PRQR,BUY,146.0000,336.9200
2023-05-22T21:00:00+00:00,QSI,SELL,38.0000,281.3000
2023-05-22T21:00:00+00:00,RR.L,BUY,567.0000,237.4700
2023-05-22T21:00:00+00:00,SEYE.ST,BUY,938.0000,136.9500
2023-05-22T21:00:00+00:00,SGLN.L,BUY,5244.0000,130.1700
2023-05-22T21:00:00+00:00,SHEL.L,BUY,6244.0000,202.9600
2023-05-22T21:00:00+00:00,SLX.AX,SELL,282.0000,599.7300
2023-05-22T21:00:00+00:00,SMGB.L,SELL,3030.0000,140.1100
2023-05-22T21:00:00+00:00,VUL.AX,BUY,1004.0000,218.2500
2023-05-22T21:00:00+00:00,VYGR,SELL,425.0000,612.3200
2023-05-22T21:00:00+00:00,WBT.AX,SELL,928.0000,453.1900
2023-06-21T21:00:00+00:00,AL3.AX,BUY,1704.0000,121.8000
2023-06-21T21:00:00+00:00,ALCLS.PA,BUY,268.0000,196.5300
2023-06-21T21:00:00+00:00,ALMDT.PA,SELL,436.0000,504.4300
2023-06-21T21:00:00+00:00,AXE.AX,SELL,2506.0000,402.4900
2023-06-21T21:00:00+00:00,AZN.L,SELL,457.0000,178.6000
2023-06-21T21:00:00+00:00,BGO.L,BUY,3711.0000,337.7200
2023-06-21T21:00:00+00:00,BRK-B,BUY,1084.0000,161.1100
2023-06-21T21:00:00+00:00,BRNT.L,SELL,297.0000,229.6900
2023-06-21T21:00:00+00:00,DBMG.L,SELL,9010.0000,136.7600
2023-06-21T21:00:00+00:00,EDIT,BUY,28.0000,816.4200
2023-06-21T21:00:00+00:00,EMV.AX,BUY,188.0000,115.2000
2023-06-21T21:00:00+00:00,FTC.L,SELL,1793.0000,187.9200
2023-06-21T21:00:00+00:00,GSIT,SELL,83.0000,493.3600
2023-06-21T21:00:00+00:00,HSBA.L,SELL,522.0000,187.2300
2023-06-21T21:00:00+00:00,HYT.AX,SELL,282.0000,325.4000
2023-06-21T21:00:00+00:00,IBTM.L,BUY,6203.0000,103.6300
2023-06-21T21:00:00+00:00,IDN,BUY,306.0000,172.2400
2023-06-21T21:00:00+00:00,IITU.L,SELL,1033.0000,150.4100
2023-06-21T21:00:00+00:00,IPWR,BUY,127.0000,417.9200
2023-06-21T21:00:00+00:00,ISF.L,SELL,252.0000,128.8700
2023-06-21T21:00:00+00:00,LTBR,SELL,450.0000,252.0400
2023-06-21T21:00:00+00:00,MOLN.SW,BUY,1064.0000,196.8300
2023-06-21T21:00:00+00:00,MSCL.TO,BUY,186.0000,227.6500
2023-06-21T21:00:00+00:00,PLTR,SELL,341.0000,227.2400
2023-06-21T21:00:00+00:00,PRQR,SELL,38.0000,301.3300
2023-06-21T21:00:00+00:00,QSI,BUY,97.0000,233.8000
2023-06-21T21:00:00+00:00,RR.L,BUY,4.0000,237.8500
2023-06-21T21:00:00+00:00,SEYE.ST,BUY,1930.0000,122.5200
2023-06-21T21:00:00+00:00,SGLN.L,BUY,4399.0000,124.3600
2023-06-21T21:00:00+00:00,SHEL.L,SELL,961.0000,200.2900
2023-06-21T21:00:00+00:00,SLX.AX,BUY,460.0000,607.3200
2023-06-21T21:00:00+00:00,SMGB.L,SELL,880.0000,152.6400
2023-06-21T21:00:00+00:00,VUL.AX,BUY,709.0000,211.5500
2023-06-21T21:00:00+00:00,VYGR,SELL,111.0000,545.5000
2023-06-21T21:00:00+00:00,WBT.AX,SELL,4.0000,630.0400
2023-07-20T21:00:00+00:00,AL3.AX,SELL,1159.0000,124.2000
2023-07-20T21:00:00+00:00,ALCLS.PA,SELL,725.0000,246.6300
2023-07-20T21:00:00+00:00,ALMDT.PA,BUY,369.0000,434.0300
2023-07-20T21:00:00+00:00,AXE.AX,BUY,345.0000,324.5200
2023-07-20T21:00:00+00:00,AZN.L,SELL,10936.0000,164.8800
2023-07-20T21:00:00+00:00,BGO.L,BUY,332.0000,311.4000
2023-07-20T21:00:00+00:00,BRK-B,BUY,2273.0000,162.6900
2023-07-20T21:00:00+00:00,BRNT.L,SELL,714.0000,234.3900
2023-07-20T21:00:00+00:00,DBMG.L,SELL,26586.0000,135.7100
2023-07-20T21:00:00+00:00,EDIT,BUY,6.0000,880.7300
2023-07-20T21:00:00+00:00,EMV.AX,SELL,989.0000,103.1200
2023-07-20T21:00:00+00:00,FTC.L,SELL,906.0000,208.0500
2023-07-20T21:00:00+00:00,GSIT,SELL,5.0000,327.5000
2023-07-20T21:00:00+00:00,HSBA.L,SELL,363.0000,193.8600
2023-07-20T21:00:00+00:00,HYT.AX,SELL,323.0000,480.2600
2023-07-20T21:00:00+00:00,IBTM.L,BUY,21497.0000,102.4000
2023-07-20T21:00:00+00:00,IDN,BUY,2062.0000,171.2400
2023-07-20T21:00:00+00:00,IITU.L,BUY,4275.0000,157.2500
2023-07-20T21:00:00+00:00,IPWR,SELL,3.0000,462.2900
2023-07-20T21:00:00+00:00,ISF.L,SELL,4894.0000,130.5200
2023-07-20T21:00:00+00:00,LTBR,BUY,103.0000,255.6900
2023-07-20T21:00:00+00:00,MOLN.SW,BUY,909.0000,192.6900
2023-07-20T21:00:00+00:00,MSCL.TO,BUY,135.0000,194.6900
2023-07-20T21:00:00+00:00,PLTR,BUY,79.0000,262.3100
2023-07-20T21:00:00+00:00,PRQR,SELL,7.0000,283.6800
2023-07-20T21:00:00+00:00,QSI,SELL,408.0000,484.5100
2023-07-20T21:00:00+00:00,RR.L,BUY,3892.0000,233.0900
2023-07-20T21:00:00+00:00,SEYE.ST,SELL,1078.0000,132.9200
2023-07-20T21:00:00+00:00,SGLN.L,BUY,12324.0000,125.7100
2023-07-20T21:00:00+00:00,SHEL.L,SELL,1828.0000,203.0000
2023-07-20T21:00:00+00:00,SLX.AX,BUY,529.0000,540.7200
2023-07-20T21:00:00+00:00,SMGB.L,BUY,2544.0000,155.7800
2023-07-20T21:00:00+00:00,VUL.AX,BUY,874.0000,237.1600
2023-07-20T21:00:00+00:00,VYGR,BUY,400.0000,384.0300
2023-07-20T21:00:00+00:00,WBT.AX,BUY,102.0000,487.6600
2023-08-18T21:00:00+00:00,AL3.AX,SELL,696.0000,159.0300
2023-08-18T21:00:00+00:00,ALCLS.PA,SELL,637.0000,188.2500
2023-08-18T21:00:00+00:00,ALMDT.PA,BUY,273.0000,427.4500
2023-08-18T21:00:00+00:00,AXE.AX,BUY,126.0000,266.7400
2023-08-18T21:00:00+00:00,AZN.L,BUY,2464.0000,165.3500
2023-08-18T21:00:00+00:00,BGO.L,SELL,1335.0000,328.9500
2023-08-18T21:00:00+00:00,BRK-B,BUY,5487.0000,167.9400
2023-08-18T21:00:00+00:00,BRNT.L,SELL,2190.0000,254.9500
2023-08-18T21:00:00+00:00,DBMG.L,BUY,4917.0000,139.6800
2023-08-18T21:00:00+00:00,EDIT,BUY,244.0000,882.6200
2023-08-18T21:00:00+00:00,EMV.AX,SELL,660.0000,118.6700
2023-08-18T21:00:00+00:00,FTC.L,SELL,512.0000,214.7700
2023-08-18T21:00:00+00:00,GSIT,BUY,52.0000,234.1100
2023-08-18T21:00:00+00:00,HSBA.L,BUY,3929.0000,179.1000
2023-08-18T21:00:00+00:00,HYT.AX,BUY,128.0000,403.5500
2023-08-18T21:00:00+00:00,IBTM.L,BUY,1605.0000,100.7700
2023-08-18T21:00:00+00:00,IDN,BUY,389.0000,169.7600
2023-08-18T21:00:00+00:00,IITU.L,BUY,2195.0000,145.8600
2023-08-18T21:00:00+00:00,IPWR,BUY,671.0000,410.2800
2023-08-18T21:00:00+00:00,ISF.L,SELL,7689.0000,124.9000
2023-08-18T21:00:00+00:00,LTBR,BUY,713.0000,213.8600
2023-08-18T21:00:00+00:00,MOLN.SW,SELL,2377.0000,178.8300
2023-08-18T21:00:00+00:00,MSCL.TO,SELL,369.0000,170.1800
2023-08-18T21:00:00+00:00,PLTR,BUY,402.0000,223.7800
2023-08-18T21:00:00+00:00,PRQR,SELL,157.0000,267.2100
2023-08-18T21:00:00+00:00,QSI,BUY,294.0000,309.4800
2023-08-18T21:00:00+00:00,RR.L,SELL,5188.0000,303.7400
2023-08-18T21:00:00+00:00,SEYE.ST,BUY,19.0000,129.2100
2023-08-18T21:00:00+00:00,SGLN.L,BUY,4466.0000,121.8400
2023-08-18T21:00:00+00:00,SHEL.L,SELL,4115.0000,202.1400
2023-08-18T21:00:00+00:00,SLX.AX,BUY,202.0000,440.8800
2023-08-18T21:00:00+00:00,SMGB.L,BUY,761.0000,146.4300
2023-08-18T21:00:00+00:00,VUL.AX,BUY,1092.0000,162.7500
2023-08-18T21:00:00+00:00,VYGR,BUY,40.0000,402.2700
2023-08-18T21:00:00+00:00,WBT.AX,BUY,216.0000,401.3000
2023-09-19T21:00:00+00:00,AL3.AX,SELL,320.0000,179.7300
2023-09-19T21:00:00+00:00,ALCLS.PA,BUY,308.0000,172.3000
2023-09-19T21:00:00+00:00,ALMDT.PA,BUY,687.0000,379.3300
2023-09-19T21:00:00+00:00,AXE.AX,BUY,225.0000,251.4400
2023-09-19T21:00:00+00:00,AZN.L,SELL,412.0000,164.7000
2023-09-19T21:00:00+00:00,BGO.L,SELL,2977.0000,334.2100
2023-09-19T21:00:00+00:00,BRK-B,SELL,7264.0000,181.7000
2023-09-19T21:00:00+00:00,BRNT.L,BUY,1306.0000,294.9100
2023-09-19T21:00:00+00:00,DBMG.L,SELL,11313.0000,146.7100
2023-09-19T21:00:00+00:00,EDIT,BUY,102.0000,838.4300
2023-09-19T21:00:00+00:00,EMV.AX,BUY,695.0000,149.3000
2023-09-19T21:00:00+00:00,FTC.L,SELL,1062.0000,216.7800
2023-09-19T21:00:00+00:00,GSIT,BUY,69.0000,197.5900
2023-09-19T21:00:00+00:00,HSBA.L,SELL,3437.0000,193.4600
2023-09-19T21:00:00+00:00,HYT.AX,BUY,597.0000,397.7200
2023-09-19T21:00:00+00:00,IBTM.L,BUY,1158.0000,103.0800
2023-09-19T21:00:00+00:00,IDN,BUY,1041.0000,170.6400
2023-09-19T21:00:00+00:00,IITU.L,BUY,19305.0000,154.0300
2023-09-19T21:00:00+00:00,IPWR,BUY,405.0000,416.8300
2023-09-19T21:00:00+00:00,ISF.L,SELL,2342.0000,131.9400
2023-09-19T21:00:00+00:00,LTBR,BUY,505.0000,198.5400
2023-09-19T21:00:00+00:00,MOLN.SW,BUY,6302.0000,135.8600
2023-09-19T21:00:00+00:00,MSCL.TO,SELL,126.0000,203.0700
2023-09-19T21:00:00+00:00,PLTR,BUY,398.0000,242.4000
2023-09-19T21:00:00+00:00,PRQR,BUY,32.0000,273.3400
2023-09-19T21:00:00+00:00,QSI,BUY,62.0000,339.6700
2023-09-19T21:00:00+00:00,RR.L,SELL,124.0000,341.1800
2023-09-19T21:00:00+00:00,SEYE.ST,BUY,144.0000,151.8300
2023-09-19T21:00:00+00:00,SGLN.L,SELL,7888.0000,127.9400
2023-09-19T21:00:00+00:00,SHEL.L,BUY,2660.0000,223.8100
2023-09-19T21:00:00+00:00,SLX.AX,SELL,336.0000,521.4100
2023-09-19T21:00:00+00:00,SMGB.L,BUY,74.0000,151.3600
2023-09-19T21:00:00+00:00,VUL.AX,BUY,22.0000,164.3700
2023-09-19T21:00:00+00:00,VYGR,BUY,400.0000,357.6700
2023-09-19T21:00:00+00:00,WBT.AX,BUY,130.0000,281.4100
2023-10-18T21:00:00+00:00,AL3.AX,BUY,679.0000,163.1600
2023-10-18T21:00:00+00:00,ALCLS.PA,BUY,706.0000,132.0400
2023-10-18T21:00:00+00:00,ALMDT.PA,SELL,381.0000,394.5900
2023-10-18T21:00:00+00:00,AXE.AX,BUY,725.0000,222.4000
2023-10-18T21:00:00+00:00,AZN.L,SELL,13048.0000,164.6400
2023-10-18T21:00:00+00:00,BGO.L,BUY,2193.0000,302.6300
2023-10-18T21:00:00+00:00,BRK-B,BUY,3504.0000,170.0000
2023-10-18T21:00:00+00:00,BRNT.L,SELL,71.0000,292.9000
2023-10-18T21:00:00+00:00,DBMG.L,SELL,1126.0000,152.4900
2023-10-18T21:00:00+00:00,EDIT,SELL,119.0000,704.2300
2023-10-18T21:00:00+00:00,EMV.AX,SELL,1603.0000,136.6800
2023-10-18T21:00:00+00:00,FTC.L,BUY,2151.0000,214.7700
2023-10-18T21:00:00+00:00,GSIT,BUY,86.0000,168.4600
2023-10-18T21:00:00+00:00,HSBA.L,BUY,2102.0000,199.4700
2023-10-18T21:00:00+00:00,HYT.AX,BUY,650.0000,359.6100
2023-10-18T21:00:00+00:00,IBTM.L,BUY,15890.0000,101.3300
2023-10-18T21:00:00+00:00,IDN,SELL,1023.0000,137.6900
2023-10-18T21:00:00+00:00,IITU.L,SELL,10513.0000,157.0000
2023-10-18T21:00:00+00:00,IPWR,BUY,167.0000,367.0700
2023-10-18T21:00:00+00:00,ISF.L,BUY,7445.0000,131.0400
2023-10-18T21:00:00+00:00,LTBR,SELL,358.0000,233.2600
2023-10-18T21:00:00+00:00,MOLN.SW,SELL,5163.0000,125.0900
2023-10-18T21:00:00+00:00,MSCL.TO,BUY,94.0000,181.2800
2023-10-18T21:00:00+00:00,PLTR,SELL,48.0000,279.8400
2023-10-18T21:00:00+00:00,PRQR,BUY,807.0000,240.0400
2023-10-18T21:00:00+00:00,QSI,BUY,92.0000,212.1700
2023-10-18T21:00:00+00:00,RR.L,BUY,497.0000,313.7100
2023-10-18T21:00:00+00:00,SEYE.ST,SELL,264.0000,139.9000
2023-10-18T21:00:00+00:00,SGLN.L,SELL,14888.0000,131.1900
2023-10-18T21:00:00+00:00,SHEL.L,SELL,276.0000,237.4700
2023-10-18T21:00:00+00:00,SLX.AX,BUY,565.0000,448.1700
2023-10-18T21:00:00+00:00,SMGB.L,BUY,6172.0000,154.7100
2023-10-18T21:00:00+00:00,VUL.AX,BUY,1299.0000,135.1500
2023-10-18T21:00:00+00:00,VYGR,BUY,399.0000,325.6900
2023-10-18T21:00:00+00:00,WBT.AX,BUY,370.0000,251.9400
2023-11-16T21:00:00+00:00,AL3.AX,BUY,1051.0000,185.5400
2023-11-16T21:00:00+00:00,ALCLS.PA,SELL,2798.0000,275.9600
2023-11-16T21:00:00+00:00,ALMDT.PA,BUY,845.0000,363.0500
2023-11-16T21:00:00+00:00,AXE.AX,BUY,38.0000,223.1500
2023-11-16T21:00:00+00:00,AZN.L,BUY,9306.0000,157.7200
2023-11-16T21:00:00+00:00,BGO.L,SELL,387.0000,302.6300
2023-11-16T21:00:00+00:00,BRK-B,BUY,1182.0000,175.9400
2023-11-16T21:00:00+00:00,BRNT.L,BUY,531.0000,251.2500
2023-11-16T21:00:00+00:00,DBMG.L,BUY,2841.0000,141.9300
2023-11-16T21:00:00+00:00,EDIT,SELL,175.0000,918.4600
2023-11-16T21:00:00+00:00,EMV.AX,BUY,2181.0000,143.3700
2023-11-16T21:00:00+00:00,FTC.L,BUY,1525.0000,214.7700
2023-11-16T21:00:00+00:00,GSIT,SELL,18.0000,161.7700
2023-11-16T21:00:00+00:00,HSBA.L,SELL,1558.0000,189.2000
2023-11-16T21:00:00+00:00,HYT.AX,SELL,188.0000,400.9100
2023-11-16T21:00:00+00:00,IBTM.L,SELL,1077.0000,102.6700
2023-11-16T21:00:00+00:00,IDN,BUY,3129.0000,119.1500
2023-11-16T21:00:00+00:00,IITU.L,BUY,6715.0000,166.3800
2023-11-16T21:00:00+00:00,IPWR,SELL,574.0000,334.4200
2023-11-16T21:00:00+00:00,ISF.L,SELL,7574.0000,128.3700
2023-11-16T21:00:00+00:00,LTBR,SELL,871.0000,183.6900
2023-11-16T21:00:00+00:00,MOLN.SW,BUY,119.0000,141.4100
2023-11-16T21:00:00+00:00,MSCL.TO,BUY,620.0000,208.3700
2023-11-16T21:00:00+00:00,PLTR,SELL,1075.0000,315.3400
2023-11-16T21:00:00+00:00,PRQR,SELL,207.0000,251.2600
2023-11-16T21:00:00+00:00,QSI,SELL,286.0000,255.5700
2023-11-16T21:00:00+00:00,RR.L,SELL,534.0000,369.1100
2023-11-16T21:00:00+00:00,SEYE.ST,BUY,1274.0000,193.2300
2023-11-16T21:00:00+00:00,SGLN.L,SELL,4668.0000,130.9700
2023-11-16T21:00:00+00:00,SHEL.L,BUY,577.0000,221.1400
2023-11-16T21:00:00+00:00,SLX.AX,SELL,143.0000,497.8500
2023-11-16T21:00:00+00:00,SMGB.L,SELL,4913.0000,166.7000
2023-11-16T21:00:00+00:00,VUL.AX,SELL,935.0000,138.1600
2023-11-16T21:00:00+00:00,VYGR,SELL,432.0000,290.4800
2023-11-16T21:00:00+00:00,WBT.AX,SELL,342.0000,313.7500
2023-12-15T21:00:00+00:00,AL3.AX,SELL,1574.0000,207.6300
2023-12-15T21:00:00+00:00,ALCLS.PA,BUY,109.0000,306.9700
2023-12-15T21:00:00+00:00,ALMDT.PA,SELL,681.0000,372.3500
2023-12-15T21:00:00+00:00,AXE.AX,BUY,258.0000,204.1300
2023-12-15T21:00:00+00:00,AZN.L,SELL,11594.0000,158.0300
2023-12-15T21:00:00+00:00,BGO.L,SELL,2566.0000,346.4900
2023-12-15T21:00:00+00:00,BRK-B,BUY,13864.0000,169.5400
2023-12-15T21:00:00+00:00,BRNT.L,BUY,846.0000,241.3400
2023-12-15T21:00:00+00:00,DBMG.L,BUY,17268.0000,133.4400
2023-12-15T21:00:00+00:00,EDIT,SELL,47.0000,1112.1200
2023-12-15T21:00:00+00:00,EMV.AX,SELL,3644.0000,133.7500
2023-12-15T21:00:00+00:00,FTC.L,SELL,3047.0000,265.1000
2023-12-15T21:00:00+00:00,GSIT,SELL,77.0000,179.7400
2023-12-15T21:00:00+00:00,HSBA.L,BUY,250.0000,189.2600
2023-12-15T21:00:00+00:00,HYT.AX,SELL,597.0000,461.6400
2023-12-15T21:00:00+00:00,IBTM.L,BUY,4212.0000,105.0400
2023-12-15T21:00:00+00:00,IDN,SELL,3169.0000,137.3300
2023-12-15T21:00:00+00:00,IITU.L,BUY,2096.0000,171.0100
2023-12-15T21:00:00+00:00,IPWR,BUY,849.0000,300.1400
2023-12-15T21:00:00+00:00,ISF.L,BUY,2860.0000,131.6000
2023-12-15T21:00:00+00:00,LTBR,BUY,338.0000,152.7600
2023-12-15T21:00:00+00:00,MOLN.SW,SELL,3703.0000,137.2100
2023-12-15T21:00:00+00:00,MSCL.TO,SELL,626.0000,215.6500
2023-12-15T21:00:00+00:00,PLTR,BUY,244.0000,282.3700
2023-12-15T21:00:00+00:00,PRQR,SELL,193.0000,370.0300
2023-12-15T21:00:00+00:00,QSI,BUY,56.0000,266.6200
2023-12-15T21:00:00+00:00,RR.L,SELL,43.0000,437.9500
2023-12-15T21:00:00+00:00,SEYE.ST,SELL,1836.0000,214.6500
2023-12-15T21:00:00+00:00,SGLN.L,SELL,5163.0000,131.4000
2023-12-15T21:00:00+00:00,SHEL.L,SELL,583.0000,216.6000
2023-12-15T21:00:00+00:00,SLX.AX,SELL,137.0000,608.1400
2023-12-15T21:00:00+00:00,SMGB.L,BUY,5374.0000,180.9000
2023-12-15T21:00:00+00:00,VUL.AX,SELL,909.0000,129.1500
2023-12-15T21:00:00+00:00,VYGR,BUY,66.0000,344.2300
2023-12-15T21:00:00+00:00,WBT.AX,SELL,186.0000,372.7500
2024-01-18T21:00:00+00:00,AL3.AX,BUY,286.0000,178.6000
2024-01-18T21:00:00+00:00,ALCLS.PA,SELL,15.0000,262.4400
2024-01-18T21:00:00+00:00,ALMDT.PA,SELL,7.0000,338.8000
2024-01-18T21:00:00+00:00,AXE.AX,SELL,1355.0000,181.9600
2024-01-18T21:00:00+00:00,AZN.L,SELL,9154.0000,161.8500
2024-01-18T21:00:00+00:00,BGO.L,SELL,1024.0000,189.4700
2024-01-18T21:00:00+00:00,BRK-B,SELL,8566.0000,173.6200
2024-01-18T21:00:00+00:00,BRNT.L,BUY,1467.0000,249.2600
2024-01-18T21:00:00+00:00,DBMG.L,BUY,5895.0000,136.7800
2024-01-18T21:00:00+00:00,EDIT,BUY,195.0000,837.5000
2024-01-18T21:00:00+00:00,EMV.AX,BUY,333.0000,178.2200
2024-01-18T21:00:00+00:00,FTC.L,SELL,1004.0000,302.0100
2024-01-18T21:00:00+00:00,GSIT,BUY,62.0000,135.9700
2024-01-18T21:00:00+00:00,HSBA.L,BUY,4314.0000,183.2000
2024-01-18T21:00:00+00:00,HYT.AX,BUY,47.0000,414.9900
2024-01-18T21:00:00+00:00,IBTM.L,BUY,16139.0000,104.0600
2024-01-18T21:00:00+00:00,IDN,BUY,2014.0000,124.1800
2024-01-18T21:00:00+00:00,IITU.L,SELL,788.0000,175.5300
2024-01-18T21:00:00+00:00,IPWR,SELL,399.0000,289.9100
2024-01-18T21:00:00+00:00,ISF.L,BUY,8595.0000,129.6400
2024-01-18T21:00:00+00:00,LTBR,BUY,725.0000,139.0500
2024-01-18T21:00:00+00:00,MOLN.SW,SELL,119.0000,145.7900
2024-01-18T21:00:00+00:00,MSCL.TO,SELL,54.0000,215.7300
2024-01-18T21:00:00+00:00,PLTR,BUY,573.0000,256.3400
2024-01-18T21:00:00+00:00,PRQR,SELL,405.0000,367.5900
2024-01-18T21:00:00+00:00,QSI,BUY,125.0000,246.4900
2024-01-18T21:00:00+00:00,RR.L,BUY,433.0000,462.7100
2024-01-18T21:00:00+00:00,SEYE.ST,SELL,1056.0000,245.2500
2024-01-18T21:00:00+00:00,SGLN.L,SELL,11012.0000,130.2600
2024-01-18T21:00:00+00:00,SHEL.L,BUY,9806.0000,205.4300
2024-01-18T21:00:00+00:00,SLX.AX,SELL,970.0000,703.8200
2024-01-18T21:00:00+00:00,SMGB.L,SELL,5382.0000,185.2400
2024-01-18T21:00:00+00:00,VUL.AX,SELL,2012.0000,106.0400
2024-01-18T21:00:00+00:00,VYGR,SELL,54.0000,316.3700
2024-01-18T21:00:00+00:00,WBT.AX,SELL,148.0000,283.6600
2024-02-16T21:00:00+00:00,AL3.AX,SELL,621.0000,174.6900
2024-02-16T21:00:00+00:00,ALCLS.PA,SELL,42.0000,279.8900
2024-02-16T21:00:00+00:00,ALMDT.PA,BUY,315.0000,342.8400
2024-02-16T21:00:00+00:00,AXE.AX,SELL,383.0000,195.9800
2024-02-16T21:00:00+00:00,AZN.L,SELL,3660.0000,156.6000
2024-02-16T21:00:00+00:00,BGO.L,BUY,33.0000,197.3700
2024-02-16T21:00:00+00:00,BRK-B,BUY,11848.0000,195.7100
2024-02-16T21:00:00+00:00,BRNT.L,SELL,2593.0000,265.9800
2024-02-16T21:00:00+00:00,DBMG.L,BUY,35916.0000,140.8100
2024-02-16T21:00:00+00:00,EDIT,SELL,114.0000,840.5900
2024-02-16T21:00:00+00:00,EMV.AX,BUY,643.0000,183.0200
2024-02-16T21:00:00+00:00,FTC.L,SELL,3257.0000,510.0700
2024-02-16T21:00:00+00:00,GSIT,BUY,383.0000,169.5100
2024-02-16T21:00:00+00:00,HSBA.L,SELL,2741.0000,198.5200
2024-02-16T21:00:00+00:00,HYT.AX,SELL,494.0000,435.7300
2024-02-16T21:00:00+00:00,IBTM.L,BUY,25932.0000,103.5400
2024-02-16T21:00:00+00:00,IDN,SELL,1955.0000,124.9400
2024-02-16T21:00:00+00:00,IITU.L,SELL,16891.0000,187.9500
2024-02-16T21:00:00+00:00,IPWR,SELL,168.0000,266.6000
2024-02-16T21:00:00+00:00,ISF.L,SELL,11222.0000,134.1300
2024-02-16T21:00:00+00:00,LTBR,BUY,334.0000,136.2800
2024-02-16T21:00:00+00:00,MOLN.SW,SELL,1759.0000,140.2300
2024-02-16T21:00:00+00:00,MSCL.TO,BUY,562.0000,253.1700
2024-02-16T21:00:00+00:00,PLTR,SELL,666.0000,384.3600
2024-02-16T21:00:00+00:00,PRQR,BUY,147.0000,340.2000
2024-02-16T21:00:00+00:00,QSI,SELL,233.0000,270.2700
2024-02-16T21:00:00+00:00,RR.L,SELL,336.0000,488.0700
2024-02-16T21:00:00+00:00,SEYE.ST,SELL,739.0000,234.4800
2024-02-16T21:00:00+00:00,SGLN.L,BUY,10448.0000,130.6400
2024-02-16T21:00:00+00:00,SHEL.L,SELL,7327.0000,218.4400
2024-02-16T21:00:00+00:00,SLX.AX,SELL,58.0000,689.5300
2024-02-16T21:00:00+00:00,SMGB.L,SELL,3211.0000,208.9400
2024-02-16T21:00:00+00:00,VUL.AX,BUY,435.0000,102.2500
2024-02-16T21:00:00+00:00,VYGR,BUY,326.0000,330.1300
2024-02-16T21:00:00+00:00,WBT.AX,BUY,45.0000,314.0100
2024-03-18T21:00:00+00:00,AL3.AX,BUY,797.0000,147.9900
2024-03-18T21:00:00+00:00,ALCLS.PA,BUY,37.0000,250.3600
2024-03-18T21:00:00+00:00,ALMDT.PA,BUY,2274.0000,241.1900
2024-03-18T21:00:00+00:00,AXE.AX,SELL,8.0000,230.1000
2024-03-18T21:00:00+00:00,AZN.L,SELL,1610.0000,162.1300
2024-03-18T21:00:00+00:00,BGO.L,SELL,188.0000,189.4700
2024-03-18T21:00:00+00:00,BRK-B,SELL,1176.0000,194.8300
2024-03-18T21:00:00+00:00,BRNT.L,BUY,728.0000,275.9700
2024-03-18T21:00:00+00:00,DBMG.L,SELL,12391.0000,144.5200
2024-03-18T21:00:00+00:00,EDIT,SELL,15.0000,787.9800
2024-03-18T21:00:00+00:00,EMV.AX,SELL,1808.0000,223.1400
2024-03-18T21:00:00+00:00,FTC.L,BUY,262.0000,496.6400
2024-03-18T21:00:00+00:00,GSIT,BUY,145.0000,230.5000
2024-03-18T21:00:00+00:00,HSBA.L,SELL,1255.0000,195.1100
2024-03-18T21:00:00+00:00,HYT.AX,BUY,52.0000,374.2400
2024-03-18T21:00:00+00:00,IBTM.L,BUY,14433.0000,102.6200
2024-03-18T21:00:00+00:00,IDN,BUY,3381.0000,120.2900
2024-03-18T21:00:00+00:00,IITU.L,SELL,671.0000,191.8800
2024-03-18T21:00:00+00:00,IPWR,SELL,1228.0000,434.9400
2024-03-18T21:00:00+00:00,ISF.L,BUY,9429.0000,135.1500
2024-03-18T21:00:00+00:00,LTBR,SELL,344.0000,143.3800
2024-03-18T21:00:00+00:00,MOLN.SW,SELL,182.0000,118.0900
2024-03-18T21:00:00+00:00,MSCL.TO,SELL,484.0000,266.5100
2024-03-18T21:00:00+00:00,PLTR,SELL,86.0000,373.5200
2024-03-18T21:00:00+00:00,PRQR,SELL,293.0000,426.4500
2024-03-18T21:00:00+00:00,QSI,SELL,34.0000,300.5000
2024-03-18T21:00:00+00:00,RR.L,BUY,1141.0000,588.7700
2024-03-18T21:00:00+00:00,SEYE.ST,SELL,200.0000,312.9300
2024-03-18T21:00:00+00:00,SGLN.L,SELL,8676.0000,138.9800
2024-03-18T21:00:00+00:00,SHEL.L,BUY,2179.0000,223.9900
2024-03-18T21:00:00+00:00,SLX.AX,BUY,378.0000,655.6200
2024-03-18T21:00:00+00:00,SMGB.L,BUY,486.0000,217.4000
2024-03-18T21:00:00+00:00,VUL.AX,SELL,2240.0000,158.3000
2024-03-18T21:00:00+00:00,VYGR,SELL,410.0000,393.3400
2024-03-18T21:00:00+00:00,WBT.AX,BUY,121.0000,293.9200
2024-04-18T21:00:00+00:00,AL3.AX,BUY,985.0000,120.5800
2024-04-18T21:00:00+00:00,ALCLS.PA,SELL,19.0000,258.0200
2024-04-18T21:00:00+00:00,ALMDT.PA,SELL,2531.0000,288.4200
2024-04-18T21:00:00+00:00,AXE.AX,SELL,388.0000,258.1600
2024-04-18T21:00:00+00:00,AZN.L,BUY,435.0000,171.9600
2024-04-18T21:00:00+00:00,BGO.L,BUY,377.0000,217.5400
2024-04-18T21:00:00+00:00,BRK-B,SELL,3836.0000,195.0200
2024-04-18T21:00:00+00:00,BRNT.L,BUY,3074.0000,287.9800
2024-04-18T21:00:00+00:00,DBMG.L,BUY,14421.0000,155.3100
2024-04-18T21:00:00+00:00,EDIT,BUY,128.0000,579.1100
2024-04-18T21:00:00+00:00,EMV.AX,BUY,407.0000,202.0400
2024-04-18T21:00:00+00:00,FTC.L,BUY,146.0000,445.6400
2024-04-18T21:00:00+00:00,GSIT,SELL,258.0000,240.3600
2024-04-18T21:00:00+00:00,HSBA.L,BUY,4342.0000,208.7500
2024-04-18T21:00:00+00:00,HYT.AX,BUY,111.0000,395.4600
2024-04-18T21:00:00+00:00,IBTM.L,BUY,12021.0000,102.9100
2024-04-18T21:00:00+00:00,IDN,SELL,6427.0000,192.3500
2024-04-18T21:00:00+00:00,IITU.L,SELL,3955.0000,188.7900
2024-04-18T21:00:00+00:00,IPWR,BUY,464.0000,286.3800
2024-04-18T21:00:00+00:00,ISF.L,BUY,6308.0000,138.3500
2024-04-18T21:00:00+00:00,LTBR,BUY,450.0000,114.5100
2024-04-18T21:00:00+00:00,MOLN.SW,SELL,202.0000,115.0800
2024-04-18T21:00:00+00:00,MSCL.TO,BUY,102.0000,215.2900
2024-04-18T21:00:00+00:00,PLTR,BUY,315.0000,336.1900
2024-04-18T21:00:00+00:00,PRQR,BUY,514.0000,328.2900
2024-04-18T21:00:00+00:00,QSI,BUY,101.0000,242.8700
2024-04-18T21:00:00+00:00,RR.L,SELL,1056.0000,607.6400
2024-04-18T21:00:00+00:00,SEYE.ST,SELL,166.0000,235.7800
2024-04-18T21:00:00+00:00,SGLN.L,SELL,26681.0000,156.6600
2024-04-18T21:00:00+00:00,SHEL.L,BUY,8573.0000,248.5700
2024-04-18T21:00:00+00:00,SLX.AX,SELL,438.0000,714.3200
2024-04-18T21:00:00+00:00,SMGB.L,SELL,2222.0000,211.8800
2024-04-18T21:00:00+00:00,VUL.AX,SELL,681.0000,154.8900
2024-04-18T21:00:00+00:00,VYGR,SELL,57.0000,333.9900
2024-04-18T21:00:00+00:00,WBT.AX,BUY,270.0000,243.7400
2024-05-20T21:00:00+00:00,AL3.AX,SELL,1086.0000,144.9200
2024-05-20T21:00:00+00:00,ALCLS.PA,SELL,38.0000,289.8500
2024-05-20T21:00:00+00:00,ALMDT.PA,SELL,270.0000,298.0700
2024-05-20T21:00:00+00:00,AXE.AX,SELL,112.0000,218.9400
2024-05-20T21:00:00+00:00,AZN.L,BUY,548.0000,190.5800
2024-05-20T21:00:00+00:00,BGO.L,SELL,465.0000,228.0700
2024-05-20T21:00:00+00:00,BRK-B,BUY,11881.0000,197.4100
2024-05-20T21:00:00+00:00,BRNT.L,BUY,11.0000,276.5100
2024-05-20T21:00:00+00:00,DBMG.L,SELL,22393.0000,155.7700
2024-05-20T21:00:00+00:00,EDIT,SELL,80.0000,564.5300
2024-05-20T21:00:00+00:00,EMV.AX,BUY,250.0000,167.0700
2024-05-20T21:00:00+00:00,FTC.L,SELL,959.0000,778.5200
2024-05-20T21:00:00+00:00,GSIT,BUY,64.0000,187.2700
2024-05-20T21:00:00+00:00,HSBA.L,SELL,5547.0000,233.2000
2024-05-20T21:00:00+00:00,HYT.AX,BUY,8.0000,544.4500
2024-05-20T21:00:00+00:00,IBTM.L,BUY,56179.0000,102.7700
2024-05-20T21:00:00+00:00,IDN,SELL,94.0000,185.8300
2024-05-20T21:00:00+00:00,IITU.L,SELL,2001.0000,200.0400
2024-05-20T21:00:00+00:00,IPWR,SELL,317.0000,296.6200
2024-05-20T21:00:00+00:00,ISF.L,BUY,12610.0000,148.5600
2024-05-20T21:00:00+00:00,LTBR,SELL,910.0000,145.9100
2024-05-20T21:00:00+00:00,MOLN.SW,BUY,2695.0000,112.1400
2024-05-20T21:00:00+00:00,MSCL.TO,SELL,143.0000,205.2700
2024-05-20T21:00:00+00:00,PLTR,BUY,71.0000,337.1400
2024-05-20T21:00:00+00:00,PRQR,SELL,187.0000,332.1400
2024-05-20T21:00:00+00:00,QSI,BUY,14.0000,279.0200
2024-05-20T21:00:00+00:00,RR.L,BUY,135.0000,659.4200
2024-05-20T21:00:00+00:00,SEYE.ST,SELL,488.0000,297.3000
2024-05-20T21:00:00+00:00,SGLN.L,SELL,21254.0000,156.0700
2024-05-20T21:00:00+00:00,SHEL.L,BUY,669.0000,247.6300
2024-05-20T21:00:00+00:00,SLX.AX,SELL,231.0000,966.4000
2024-05-20T21:00:00+00:00,SMGB.L,SELL,799.0000,229.5200
2024-05-20T21:00:00+00:00,VUL.AX,SELL,774.0000,247.1900
2024-05-20T21:00:00+00:00,VYGR,SELL,62.0000,366.3600
2024-05-20T21:00:00+00:00,WBT.AX,BUY,30.0000,187.2400
2024-06-19T21:00:00+00:00,AL3.AX,BUY,570.0000,146.2300
2024-06-19T21:00:00+00:00,ALCLS.PA,BUY,126.0000,193.0600
2024-06-19T21:00:00+00:00,ALMDT.PA,BUY,427.0000,247.0900
2024-06-19T21:00:00+00:00,AXE.AX,BUY,522.0000,195.5800
2024-06-19T21:00:00+00:00,AZN.L,SELL,824.0000,194.4200
2024-06-19T21:00:00+00:00,BGO.L,BUY,31.0000,247.3700
2024-06-19T21:00:00+00:00,BRK-B,SELL,6377.0000,194.8500
2024-06-19T21:00:00+00:00,BRNT.L,SELL,2349.0000,282.4400
2024-06-19T21:00:00+00:00,DBMG.L,SELL,11371.0000,154.5100
2024-06-19T21:00:00+00:00,EDIT,BUY,85.0000,515.0500
2024-06-19T21:00:00+00:00,EMV.AX,BUY,1296.0000,171.4100
2024-06-19T21:00:00+00:00,FTC.L,BUY,40.0000,973.1500
2024-06-19T21:00:00+00:00,GSIT,BUY,247.0000,176.5500
2024-06-19T21:00:00+00:00,HSBA.L,BUY,1424.0000,232.3300
2024-06-19T21:00:00+00:00,HYT.AX,SELL,139.0000,641.4000
2024-06-19T21:00:00+00:00,IBTM.L,BUY,23223.0000,104.6400
2024-06-19T21:00:00+00:00,IDN,BUY,102.0000,210.5900
2024-06-19T21:00:00+00:00,IITU.L,SELL,209.0000,227.9700
2024-06-19T21:00:00+00:00,IPWR,BUY,137.0000,274.2500
2024-06-19T21:00:00+00:00,ISF.L,SELL,1902.0000,145.0000
2024-06-19T21:00:00+00:00,LTBR,BUY,1575.0000,111.7000
2024-06-19T21:00:00+00:00,MOLN.SW,SELL,4680.0000,290.8700
2024-06-19T21:00:00+00:00,MSCL.TO,BUY,348.0000,237.7500
2024-06-19T21:00:00+00:00,PLTR,BUY,184.0000,402.3300
2024-06-19T21:00:00+00:00,PRQR,BUY,231.0000,287.8100
2024-06-19T21:00:00+00:00,QSI,BUY,359.0000,206.3500
2024-06-19T21:00:00+00:00,RR.L,BUY,103.0000,713.3200
2024-06-19T21:00:00+00:00,SEYE.ST,BUY,101.0000,322.1500
2024-06-19T21:00:00+00:00,SGLN.L,BUY,19908.0000,149.7200
2024-06-19T21:00:00+00:00,SHEL.L,SELL,7917.0000,242.6800
2024-06-19T21:00:00+00:00,SLX.AX,BUY,378.0000,779.5600
2024-06-19T21:00:00+00:00,SMGB.L,SELL,109.0000,262.6000
2024-06-19T21:00:00+00:00,VUL.AX,SELL,36.0000,216.1400
2024-06-19T21:00:00+00:00,VYGR,BUY,247.0000,353.5300
2024-06-19T21:00:00+00:00,WBT.AX,BUY,590.0000,186.9300
2024-07-18T21:00:00+00:00,AL3.AX,SELL,2173.0000,333.9600
2024-07-18T21:00:00+00:00,ALCLS.PA,SELL,64.0000,205.0300
2024-07-18T21:00:00+00:00,ALMDT.PA,BUY,214.0000,166.5600
2024-07-18T21:00:00+00:00,AXE.AX,BUY,25.0000,174.0400
2024-07-18T21:00:00+00:00,AZN.L,SELL,151.0000,191.0500
2024-07-18T21:00:00+00:00,BGO.L,SELL,146.0000,254.3900
2024-07-18T21:00:00+00:00,BRK-B,SELL,3530.0000,206.3000
2024-07-18T21:00:00+00:00,BRNT.L,BUY,1416.0000,276.9700
2024-07-18T21:00:00+00:00,DBMG.L,SELL,15644.0000,152.8900
2024-07-18T21:00:00+00:00,EDIT,SELL,105.0000,529.4900
2024-07-18T21:00:00+00:00,EMV.AX,SELL,1056.0000,172.7300
2024-07-18T21:00:00+00:00,FTC.L,SELL,110.0000,1010.0700
2024-07-18T21:00:00+00:00,GSIT,SELL,123.0000,181.0000
2024-07-18T21:00:00+00:00,HSBA.L,BUY,333.0000,222.4400
2024-07-18T21:00:00+00:00,HYT.AX,SELL,91.0000,870.6200
2024-07-18T21:00:00+00:00,IBTM.L,BUY,18155.0000,103.6300
2024-07-18T21:00:00+00:00,IDN,SELL,402.0000,207.1800
2024-07-18T21:00:00+00:00,IITU.L,BUY,3372.0000,214.0300
2024-07-18T21:00:00+00:00,IPWR,BUY,119.0000,289.3800
2024-07-18T21:00:00+00:00,ISF.L,SELL,1308.0000,145.2300
2024-07-18T21:00:00+00:00,LTBR,SELL,1279.0000,146.0400
2024-07-18T21:00:00+00:00,MOLN.SW,BUY,262.0000,201.9600
2024-07-18T21:00:00+00:00,MSCL.TO,SELL,412.0000,207.5000
2024-07-18T21:00:00+00:00,PLTR,SELL,439.0000,436.2800
2024-07-18T21:00:00+00:00,PRQR,BUY,120.0000,304.1700
2024-07-18T21:00:00+00:00,QSI,BUY,38.0000,167.8500
2024-07-18T21:00:00+00:00,RR.L,BUY,43.0000,656.1000
2024-07-18T21:00:00+00:00,SEYE.ST,BUY,212.0000,296.1500
2024-07-18T21:00:00+00:00,SGLN.L,SELL,1820.0000,155.5300
2024-07-18T21:00:00+00:00,SHEL.L,BUY,6700.0000,250.3200
2024-07-18T21:00:00+00:00,SLX.AX,BUY,175.0000,711.9300
2024-07-18T21:00:00+00:00,SMGB.L,BUY,1556.0000,232.3900
2024-07-18T21:00:00+00:00,VUL.AX,SELL,166.0000,214.3700
2024-07-18T21:00:00+00:00,VYGR,SELL,295.0000,357.0400
2024-07-18T21:00:00+00:00,WBT.AX,BUY,197.0000,192.5600
2024-08-16T21:00:00+00:00,AL3.AX,BUY,97.0000,321.1700
2024-08-16T21:00:00+00:00,ALCLS.PA,BUY,2861.0000,199.0700
2024-08-16T21:00:00+00:00,ALMDT.PA,SELL,1542.0000,498.1500
2024-08-16T21:00:00+00:00,AXE.AX,SELL,127.0000,132.4100
2024-08-16T21:00:00+00:00,AZN.L,BUY,8421.0000,206.8100
2024-08-16T21:00:00+00:00,BGO.L,BUY,58.0000,214.0400
2024-08-16T21:00:00+00:00,BRK-B,SELL,3475.0000,209.9400
2024-08-16T21:00:00+00:00,BRNT.L,BUY,1651.0000,267.2700
2024-08-16T21:00:00+00:00,DBMG.L,BUY,10556.0000,145.4100
2024-08-16T21:00:00+00:00,EDIT,BUY,245.0000,404.2100
2024-08-16T21:00:00+00:00,EMV.AX,SELL,714.0000,185.1900
2024-08-16T21:00:00+00:00,FTC.L,BUY,10.0000,939.6000
2024-08-16T21:00:00+00:00,GSIT,BUY,67.0000,156.2800
2024-08-16T21:00:00+00:00,HSBA.L,SELL,571.0000,222.6700
2024-08-16T21:00:00+00:00,HYT.AX,SELL,33.0000,609.5500
2024-08-16T21:00:00+00:00,IBTM.L,SELL,20752.0000,106.4500
2024-08-16T21:00:00+00:00,IDN,BUY,389.0000,144.3700
2024-08-16T21:00:00+00:00,IITU.L,SELL,1876.0000,214.5200
2024-08-16T21:00:00+00:00,IPWR,SELL,219.0000,310.7600
2024-08-16T21:00:00+00:00,ISF.L,BUY,8418.0000,148.0200
2024-08-16T21:00:00+00:00,LTBR,SELL,269.0000,115.7800
2024-08-16T21:00:00+00:00,MOLN.SW,BUY,271.0000,190.9600
2024-08-16T21:00:00+00:00,MSCL.TO,BUY,135.0000,209.0700
2024-08-16T21:00:00+00:00,PLTR,SELL,85.0000,494.3000
2024-08-16T21:00:00+00:00,PRQR,SELL,503.0000,376.0500
2024-08-16T21:00:00+00:00,QSI,SELL,107.0000,151.8700
2024-08-16T21:00:00+00:00,RR.L,BUY,538.0000,756.3400
2024-08-16T21:00:00+00:00,SEYE.ST,SELL,64.0000,327.4000
2024-08-16T21:00:00+00:00,SGLN.L,SELL,7881.0000,157.9100
2024-08-16T21:00:00+00:00,SHEL.L,SELL,261.0000,248.6900
2024-08-16T21:00:00+00:00,SLX.AX,SELL,172.0000,608.6500
2024-08-16T21:00:00+00:00,SMGB.L,SELL,911.0000,227.2100
2024-08-16T21:00:00+00:00,VUL.AX,SELL,86.0000,191.5300
2024-08-16T21:00:00+00:00,VYGR,BUY,413.0000,277.1800
2024-08-16T21:00:00+00:00,WBT.AX,BUY,259.0000,158.6600
2024-09-17T21:00:00+00:00,AL3.AX,SELL,5.0000,319.2200
2024-09-17T21:00:00+00:00,ALCLS.PA,SELL,864.0000,224.2200
2024-09-17T21:00:00+00:00,ALMDT.PA,BUY,247.0000,333.2100
2024-09-17T21:00:00+00:00,AXE.AX,BUY,963.0000,120.8700
2024-09-17T21:00:00+00:00,AZN.L,SELL,8822.0000,189.7200
2024-09-17T21:00:00+00:00,BGO.L,SELL,324.0000,193.8600
2024-09-17T21:00:00+00:00,BRK-B,SELL,1125.0000,209.9600
2024-09-17T21:00:00+00:00,BRNT.L,SELL,1347.0000,242.0200
2024-09-17T21:00:00+00:00,DBMG.L,BUY,8518.0000,141.6400
2024-09-17T21:00:00+00:00,EDIT,SELL,9.0000,379.6900
2024-09-17T21:00:00+00:00,EMV.AX,BUY,919.0000,182.3300
2024-09-17T21:00:00+00:00,FTC.L,SELL,51.0000,969.8000
2024-09-17T21:00:00+00:00,GSIT,BUY,18.0000,182.6700
2024-09-17T21:00:00+00:00,HSBA.L,SELL,3274.0000,224.4300
2024-09-17T21:00:00+00:00,HYT.AX,SELL,143.0000,801.2800
2024-09-17T21:00:00+00:00,IBTM.L,BUY,58486.0000,106.8500
2024-09-17T21:00:00+00:00,IDN,SELL,124.0000,128.8700
2024-09-17T21:00:00+00:00,IITU.L,SELL,2582.0000,208.4300
2024-09-17T21:00:00+00:00,IPWR,BUY,95.0000,286.7900
2024-09-17T21:00:00+00:00,ISF.L,SELL,26239.0000,148.3000
2024-09-17T21:00:00+00:00,LTBR,BUY,284.0000,106.6600
2024-09-17T21:00:00+00:00,MOLN.SW,BUY,1210.0000,150.8300
2024-09-17T21:00:00+00:00,MSCL.TO,BUY,175.0000,201.5100
2024-09-17T21:00:00+00:00,PLTR,BUY,65.0000,546.7000
2024-09-17T21:00:00+00:00,PRQR,BUY,6.0000,304.4900
2024-09-17T21:00:00+00:00,QSI,SELL,29.0000,148.5900
2024-09-17T21:00:00+00:00,RR.L,SELL,1235.0000,747.2800
2024-09-17T21:00:00+00:00,SEYE.ST,BUY,267.0000,235.8800
2024-09-17T21:00:00+00:00,SGLN.L,BUY,11703.0000,159.6800
2024-09-17T21:00:00+00:00,SHEL.L,SELL,7031.0000,228.2800
2024-09-17T21:00:00+00:00,SLX.AX,BUY,401.0000,503.8900
2024-09-17T21:00:00+00:00,SMGB.L,SELL,326.0000,214.3300
2024-09-17T21:00:00+00:00,VUL.AX,BUY,764.0000,179.4300
2024-09-17T21:00:00+00:00,VYGR,BUY,283.0000,260.2200
2024-09-17T21:00:00+00:00,WBT.AX,SELL,173.0000,148.5900
2024-10-16T21:00:00+00:00,AL3.AX,SELL,162.0000,330.0600
2024-10-16T21:00:00+00:00,ALCLS.PA,BUY,928.0000,193.2800
2024-10-16T21:00:00+00:00,ALMDT.PA,SELL,148.0000,310.4400
2024-10-16T21:00:00+00:00,AXE.AX,SELL,1016.0000,129.0000
2024-10-16T21:00:00+00:00,AZN.L,BUY,5001.0000,190.6100
2024-10-16T21:00:00+00:00,BGO.L,BUY,2062.0000,179.8200
2024-10-16T21:00:00+00:00,BRK-B,BUY,91.0000,216.4700
2024-10-16T21:00:00+00:00,BRNT.L,SELL,899.0000,249.6000
2024-10-16T21:00:00+00:00,DBMG.L,BUY,2611.0000,142.4800
2024-10-16T21:00:00+00:00,EDIT,BUY,115.0000,343.1200
2024-10-16T21:00:00+00:00,EMV.AX,SELL,956.0000,173.7500
2024-10-16T21:00:00+00:00,FTC.L,SELL,6.0000,986.5800
2024-10-16T21:00:00+00:00,GSIT,SELL,218.0000,254.2000
2024-10-16T21:00:00+00:00,HSBA.L,BUY,132.0000,228.1600
2024-10-16T21:00:00+00:00,HYT.AX,BUY,16.0000,938.6700
2024-10-16T21:00:00+00:00,IBTM.L,BUY,493.0000,105.8200
2024-10-16T21:00:00+00:00,IDN,SELL,93.0000,140.1200
2024-10-16T21:00:00+00:00,IITU.L,SELL,2434.0000,221.6600
2024-10-16T21:00:00+00:00,IPWR,BUY,613.0000,286.9500
2024-10-16T21:00:00+00:00,ISF.L,BUY,3415.0000,148.8100
2024-10-16T21:00:00+00:00,LTBR,SELL,928.0000,212.6200
2024-10-16T21:00:00+00:00,MOLN.SW,SELL,871.0000,146.9100
2024-10-16T21:00:00+00:00,MSCL.TO,BUY,253.0000,276.1900
2024-10-16T21:00:00+00:00,PLTR,SELL,111.0000,635.8700
2024-10-16T21:00:00+00:00,PRQR,SELL,639.0000,676.2800
2024-10-16T21:00:00+00:00,QSI,BUY,298.0000,125.1000
2024-10-16T21:00:00+00:00,RR.L,SELL,346.0000,845.4100
2024-10-16T21:00:00+00:00,SEYE.ST,BUY,3586.0000,193.2800
2024-10-16T21:00:00+00:00,SGLN.L,SELL,795.0000,168.3700
2024-10-16T21:00:00+00:00,SHEL.L,SELL,1307.0000,225.7400
2024-10-16T21:00:00+00:00,SLX.AX,SELL,601.0000,648.0600
2024-10-16T21:00:00+00:00,SMGB.L,SELL,926.0000,223.3800
2024-10-16T21:00:00+00:00,VUL.AX,SELL,760.0000,246.6800
2024-10-16T21:00:00+00:00,VYGR,SELL,157.0000,333.5200
2024-10-16T21:00:00+00:00,WBT.AX,BUY,531.0000,160.9700
2024-11-14T21:00:00+00:00,AL3.AX,SELL,119.0000,521.2500
2024-11-14T21:00:00+00:00,ALCLS.PA,BUY,488.0000,186.3300
2024-11-14T21:00:00+00:00,ALMDT.PA,BUY,57.0000,338.1300
2024-11-14T21:00:00+00:00,AXE.AX,SELL,469.0000,209.4500
2024-11-14T21:00:00+00:00,AZN.L,SELL,4010.0000,163.1500
2024-11-14T21:00:00+00:00,BGO.L,BUY,3752.0000,184.2100
2024-11-14T21:00:00+00:00,BRK-B,SELL,9979.0000,223.5500
2024-11-14T21:00:00+00:00,BRNT.L,SELL,413.0000,253.1900
2024-11-14T21:00:00+00:00,DBMG.L,SELL,18203.0000,142.9500
2024-11-14T21:00:00+00:00,EDIT,BUY,89.0000,283.2800
2024-11-14T21:00:00+00:00,EMV.AX,BUY,1966.0000,168.3900
2024-11-14T21:00:00+00:00,FTC.L,BUY,139.0000,1006.7100
2024-11-14T21:00:00+00:00,GSIT,BUY,679.0000,175.3600
2024-11-14T21:00:00+00:00,HSBA.L,SELL,1004.0000,242.1100
2024-11-14T21:00:00+00:00,HYT.AX,BUY,70.0000,840.1500
2024-11-14T21:00:00+00:00,IBTM.L,BUY,48647.0000,105.2000
2024-11-14T21:00:00+00:00,IDN,BUY,288.0000,161.5900
2024-11-14T21:00:00+00:00,IITU.L,BUY,1530.0000,233.4000
2024-11-14T21:00:00+00:00,IPWR,SELL,86.0000,253.8500
2024-11-14T21:00:00+00:00,ISF.L,SELL,641.0000,144.6900
2024-11-14T21:00:00+00:00,LTBR,SELL,629.0000,329.0700
2024-11-14T21:00:00+00:00,MOLN.SW,SELL,143.0000,167.8600
2024-11-14T21:00:00+00:00,MSCL.TO,SELL,351.0000,351.7500
2024-11-14T21:00:00+00:00,PLTR,SELL,213.0000,922.8200
2024-11-14T21:00:00+00:00,PRQR,BUY,27.0000,683.2900
2024-11-14T21:00:00+00:00,QSI,SELL,5.0000,122.8000
2024-11-14T21:00:00+00:00,RR.L,BUY,212.0000,823.0700
2024-11-14T21:00:00+00:00,SEYE.ST,SELL,685.0000,180.5600
2024-11-14T21:00:00+00:00,SGLN.L,SELL,18.0000,165.8500
2024-11-14T21:00:00+00:00,SHEL.L,SELL,665.0000,228.0600
2024-11-14T21:00:00+00:00,SLX.AX,SELL,77.0000,747.1000
2024-11-14T21:00:00+00:00,SMGB.L,BUY,357.0000,227.5400
2024-11-14T21:00:00+00:00,VUL.AX,BUY,164.0000,303.1100
2024-11-14T21:00:00+00:00,VYGR,SELL,253.0000,269.6700
2024-11-14T21:00:00+00:00,WBT.AX,SELL,988.0000,260.6500
2024-12-13T21:00:00+00:00,AL3.AX,BUY,265.0000,355.7800
2024-12-13T21:00:00+00:00,ALCLS.PA,BUY,2949.0000,175.5000
2024-12-13T21:00:00+00:00,ALMDT.PA,BUY,16.0000,314.3300
2024-12-13T21:00:00+00:00,AXE.AX,BUY,489.0000,182.2600
2024-12-13T21:00:00+00:00,AZN.L,BUY,19674.0000,165.9400
2024-12-13T21:00:00+00:00,BGO.L,BUY,1559.0000,169.3000
2024-12-13T21:00:00+00:00,BRK-B,BUY,1612.0000,219.3800
2024-12-13T21:00:00+00:00,BRNT.L,SELL,585.0000,261.0400
2024-12-13T21:00:00+00:00,DBMG.L,BUY,10306.0000,144.2400
2024-12-13T21:00:00+00:00,EDIT,BUY,990.0000,147.6100
2024-12-13T21:00:00+00:00,EMV.AX,BUY,1228.0000,157.9600
2024-12-13T21:00:00+00:00,FTC.L,BUY,36.0000,966.4400
2024-12-13T21:00:00+00:00,GSIT,BUY,679.0000,173.7700
2024-12-13T21:00:00+00:00,HSBA.L,BUY,1571.0000,262.6800
2024-12-13T21:00:00+00:00,HYT.AX,BUY,29.0000,768.7700
2024-12-13T21:00:00+00:00,IBTM.L,SELL,57158.0000,106.7700
2024-12-13T21:00:00+00:00,IDN,SELL,84.0000,199.7600
2024-12-13T21:00:00+00:00,IITU.L,BUY,589.0000,239.3100
2024-12-13T21:00:00+00:00,IPWR,BUY,873.0000,247.8200
2024-12-13T21:00:00+00:00,ISF.L,BUY,2669.0000,148.9200
2024-12-13T21:00:00+00:00,LTBR,SELL,38.0000,214.1900
2024-12-13T21:00:00+00:00,MOLN.SW,BUY,61.0000,165.7000
2024-12-13T21:00:00+00:00,MSCL.TO,SELL,469.0000,405.5000
2024-12-13T21:00:00+00:00,PLTR,SELL,106.0000,1188.9600
2024-12-13T21:00:00+00:00,PRQR,BUY,4.0000,490.6800
2024-12-13T21:00:00+00:00,QSI,SELL,830.0000,271.7600
2024-12-13T21:00:00+00:00,RR.L,BUY,64.0000,864.4300
2024-12-13T21:00:00+00:00,SEYE.ST,SELL,2422.0000,176.9900
2024-12-13T21:00:00+00:00,SGLN.L,SELL,6070.0000,172.5000
2024-12-13T21:00:00+00:00,SHEL.L,SELL,251.0000,225.0800
2024-12-13T21:00:00+00:00,SLX.AX,BUY,385.0000,803.4900
2024-12-13T21:00:00+00:00,SMGB.L,BUY,341.0000,228.6400
2024-12-13T21:00:00+00:00,VUL.AX,BUY,60.0000,284.4800
2024-12-13T21:00:00+00:00,VYGR,BUY,94.0000,272.4700
2024-12-13T21:00:00+00:00,WBT.AX,BUY,358.0000,238.4700
2025-01-16T21:00:00+00:00,AL3.AX,SELL,121.0000,349.9100
2025-01-16T21:00:00+00:00,ALCLS.PA,SELL,2622.0000,170.6900
2025-01-16T21:00:00+00:00,ALMDT.PA,SELL,209.0000,418.9300
2025-01-16T21:00:00+00:00,AXE.AX,SELL,395.0000,222.1500
2025-01-16T21:00:00+00:00,AZN.L,SELL,8848.0000,171.9000
2025-01-16T21:00:00+00:00,BGO.L,BUY,755.0000,182.4600
2025-01-16T21:00:00+00:00,BRK-B,BUY,4388.0000,229.5900
2025-01-16T21:00:00+00:00,BRNT.L,BUY,26.0000,293.5000
2025-01-16T21:00:00+00:00,DBMG.L,BUY,1724.0000,151.2700
2025-01-16T21:00:00+00:00,EDIT,SELL,343.0000,131.6100
2025-01-16T21:00:00+00:00,EMV.AX,BUY,1897.0000,160.0600
2025-01-16T21:00:00+00:00,FTC.L,SELL,123.0000,1302.0100
2025-01-16T21:00:00+00:00,GSIT,SELL,747.0000,188.8600
2025-01-16T21:00:00+00:00,HSBA.L,BUY,1188.0000,280.3700
2025-01-16T21:00:00+00:00,HYT.AX,SELL,11.0000,808.2200
2025-01-16T21:00:00+00:00,IBTM.L,BUY,43839.0000,108.8400
2025-01-16T21:00:00+00:00,IDN,BUY,206.0000,186.5700
2025-01-16T21:00:00+00:00,IITU.L,SELL,948.0000,241.2500
2025-01-16T21:00:00+00:00,IPWR,SELL,1285.0000,315.5100
2025-01-16T21:00:00+00:00,ISF.L,BUY,6474.0000,150.9400
2025-01-16T21:00:00+00:00,LTBR,SELL,96.0000,255.3300
2025-01-16T21:00:00+00:00,MOLN.SW,SELL,244.0000,173.7300
2025-01-16T21:00:00+00:00,MSCL.TO,BUY,70.0000,356.6200
2025-01-16T21:00:00+00:00,PLTR,BUY,90.0000,1120.5700
2025-01-16T21:00:00+00:00,PRQR,SELL,3.0000,412.9200
2025-01-16T21:00:00+00:00,QSI,SELL,155.0000,415.5500
2025-01-16T21:00:00+00:00,RR.L,SELL,102.0000,873.7900
2025-01-16T21:00:00+00:00,SEYE.ST,BUY,1745.0000,175.0100
2025-01-16T21:00:00+00:00,SGLN.L,SELL,26636.0000,181.8500
2025-01-16T21:00:00+00:00,SHEL.L,BUY,1081.0000,242.2500
2025-01-16T21:00:00+00:00,SLX.AX,SELL,482.0000,838.3000
2025-01-16T21:00:00+00:00,SMGB.L,SELL,145.0000,245.9600
2025-01-16T21:00:00+00:00,VUL.AX,BUY,194.0000,295.6900
2025-01-16T21:00:00+00:00,VYGR,BUY,2.0000,227.6800
2025-01-16T21:00:00+00:00,WBT.AX,BUY,287.0000,204.5300
2025-02-14T21:00:00+00:00,AL3.AX,BUY,165.0000,314.0400
2025-02-14T21:00:00+00:00,ALCLS.PA,BUY,1272.0000,163.3000
2025-02-14T21:00:00+00:00,ALMDT.PA,BUY,386.0000,230.9100
2025-02-14T21:00:00+00:00,AXE.AX,SELL,115.0000,195.5300
2025-02-14T21:00:00+00:00,AZN.L,BUY,1201.0000,185.6000
2025-02-14T21:00:00+00:00,BGO.L,SELL,1815.0000,173.6800
2025-02-14T21:00:00+00:00,BRK-B,SELL,5002.0000,231.8500
2025-02-14T21:00:00+00:00,BRNT.L,SELL,666.0000,273.0700
2025-02-14T21:00:00+00:00,DBMG.L,SELL,179.0000,146.2600
2025-02-14T21:00:00+00:00,EDIT,BUY,43.0000,142.7400
2025-02-14T21:00:00+00:00,EMV.AX,SELL,1298.0000,177.6600
2025-02-14T21:00:00+00:00,FTC.L,BUY,150.0000,1442.9500
2025-02-14T21:00:00+00:00,GSIT,SELL,401.0000,231.5700
2025-02-14T21:00:00+00:00,HSBA.L,BUY,4664.0000,298.1600
2025-02-14T21:00:00+00:00,HYT.AX,BUY,33.0000,692.1500
2025-02-14T21:00:00+00:00,IBTM.L,SELL,90125.0000,107.2000
2025-02-14T21:00:00+00:00,IDN,BUY,442.0000,174.3300
2025-02-14T21:00:00+00:00,IITU.L,BUY,3845.0000,239.5800
2025-02-14T21:00:00+00:00,IPWR,BUY,542.0000,262.8000
2025-02-14T21:00:00+00:00,ISF.L,BUY,33169.0000,157.2300
2025-02-14T21:00:00+00:00,LTBR,SELL,182.0000,615.7000
2025-02-14T21:00:00+00:00,MOLN.SW,BUY,222.0000,145.3800
2025-02-14T21:00:00+00:00,MSCL.TO,BUY,260.0000,308.4900
2025-02-14T21:00:00+00:00,PLTR,SELL,231.0000,1879.3300
2025-02-14T21:00:00+00:00,PRQR,SELL,18.0000,423.4000
2025-02-14T21:00:00+00:00,QSI,BUY,28.0000,310.9000
2025-02-14T21:00:00+00:00,RR.L,BUY,441.0000,942.9300
2025-02-14T21:00:00+00:00,SEYE.ST,BUY,3225.0000,136.6800
2025-02-14T21:00:00+00:00,SGLN.L,BUY,14448.0000,187.7700
2025-02-14T21:00:00+00:00,SHEL.L,SELL,2417.0000,243.4200
2025-02-14T21:00:00+00:00,SLX.AX,BUY,317.0000,721.1700
2025-02-14T21:00:00+00:00,SMGB.L,BUY,399.0000,234.4300
2025-02-14T21:00:00+00:00,VUL.AX,BUY,1142.0000,197.0600
2025-02-14T21:00:00+00:00,VYGR,BUY,249.0000,185.4900
2025-02-14T21:00:00+00:00,WBT.AX,SELL,74.0000,166.0600
2025-03-17T21:00:00+00:00,AL3.AX,BUY,38.0000,264.8400
2025-03-17T21:00:00+00:00,ALCLS.PA,BUY,1294.0000,126.6700
2025-03-17T21:00:00+00:00,ALMDT.PA,SELL,323.0000,216.9900
2025-03-17T21:00:00+00:00,AXE.AX,BUY,500.0000,159.4100
2025-03-17T21:00:00+00:00,AZN.L,SELL,13168.0000,191.4400
2025-03-17T21:00:00+00:00,BGO.L,BUY,8768.0000,142.1100
2025-03-17T21:00:00+00:00,BRK-B,SELL,4065.0000,245.6600
2025-03-17T21:00:00+00:00,BRNT.L,BUY,886.0000,253.2100
2025-03-17T21:00:00+00:00,DBMG.L,BUY,804.0000,136.8400
2025-03-17T21:00:00+00:00,EDIT,SELL,368.0000,141.7000
2025-03-17T21:00:00+00:00,EMV.AX,BUY,2112.0000,149.6000
2025-03-17T21:00:00+00:00,FTC.L,BUY,244.0000,1442.9500
2025-03-17T21:00:00+00:00,GSIT,BUY,114.0000,174.2700
2025-03-17T21:00:00+00:00,HSBA.L,SELL,6949.0000,310.2400
2025-03-17T21:00:00+00:00,HYT.AX,SELL,4.0000,617.3800
2025-03-17T21:00:00+00:00,IBTM.L,BUY,60065.0000,105.8500
2025-03-17T21:00:00+00:00,IDN,BUY,6.0000,161.4400
2025-03-17T21:00:00+00:00,IITU.L,BUY,47.0000,206.9300
2025-03-17T21:00:00+00:00,IPWR,SELL,50.0000,181.4600
2025-03-17T21:00:00+00:00,ISF.L,SELL,40652.0000,157.5300
2025-03-17T21:00:00+00:00,LTBR,BUY,21.0000,417.7800
2025-03-17T21:00:00+00:00,MOLN.SW,BUY,805.0000,119.2700
2025-03-17T21:00:00+00:00,MSCL.TO,BUY,411.0000,344.7100
2025-03-17T21:00:00+00:00,PLTR,SELL,39.0000,1338.5200
2025-03-17T21:00:00+00:00,PRQR,BUY,268.0000,288.9800
2025-03-17T21:00:00+00:00,QSI,BUY,43.0000,255.6000
2025-03-17T21:00:00+00:00,RR.L,SELL,462.0000,1210.1400
2025-03-17T21:00:00+00:00,SEYE.ST,SELL,721.0000,166.3500
2025-03-17T21:00:00+00:00,SGLN.L,BUY,18699.0000,188.6700
2025-03-17T21:00:00+00:00,SHEL.L,BUY,884.0000,243.6000
2025-03-17T21:00:00+00:00,SLX.AX,BUY,195.0000,534.1500
2025-03-17T21:00:00+00:00,SMGB.L,SELL,411.0000,206.7300
2025-03-17T21:00:00+00:00,VUL.AX,SELL,673.0000,214.1100
2025-03-17T21:00:00+00:00,VYGR,SELL,4.0000,165.7300
2025-03-17T21:00:00+00:00,WBT.AX,BUY,777.0000,147.9300
2025-04-15T21:00:00+00:00,AL3.AX,BUY,461.0000,319.5900
2025-04-15T21:00:00+00:00,ALCLS.PA,SELL,3692.0000,155.0000
2025-04-15T21:00:00+00:00,ALMDT.PA,BUY,688.0000,216.1000
2025-04-15T21:00:00+00:00,AXE.AX,BUY,498.0000,131.0900
2025-04-15T21:00:00+00:00,AZN.L,BUY,966.0000,165.3300
2025-04-15T21:00:00+00:00,BGO.L,SELL,3782.0000,140.3500
2025-04-15T21:00:00+00:00,BRK-B,BUY,5308.0000,243.4900
2025-04-15T21:00:00+00:00,BRNT.L,BUY,456.0000,226.9400
2025-04-15T21:00:00+00:00,DBMG.L,BUY,37854.0000,133.1700
2025-04-15T21:00:00+00:00,EDIT,SELL,245.0000,133.1600
2025-04-15T21:00:00+00:00,EMV.AX,BUY,1332.0000,149.9500
2025-04-15T21:00:00+00:00,FTC.L,BUY,121.0000,1328.8600
2025-04-15T21:00:00+00:00,GSIT,BUY,404.0000,179.3400
2025-04-15T21:00:00+00:00,HSBA.L,BUY,367.0000,276.9400
2025-04-15T21:00:00+00:00,HYT.AX,SELL,8.0000,623.6800
2025-04-15T21:00:00+00:00,IBTM.L,BUY,6106.0000,103.8600
2025-04-15T21:00:00+00:00,IDN,BUY,1246.0000,157.8000
2025-04-15T21:00:00+00:00,IITU.L,BUY,249.0000,193.2500
2025-04-15T21:00:00+00:00,IPWR,BUY,1105.0000,167.9700
2025-04-15T21:00:00+00:00,ISF.L,SELL,16689.0000,150.5900
2025-04-15T21:00:00+00:00,LTBR,BUY,131.0000,320.8500
2025-04-15T21:00:00+00:00,MOLN.SW,SELL,1216.0000,117.7800
2025-04-15T21:00:00+00:00,MSCL.TO,SELL,4.0000,267.4600
2025-04-15T21:00:00+00:00,PLTR,BUY,94.0000,1479.9300
2025-04-15T21:00:00+00:00,PRQR,BUY,17.0000,198.5400
2025-04-15T21:00:00+00:00,QSI,BUY,34.0000,187.0100
2025-04-15T21:00:00+00:00,RR.L,BUY,221.0000,1104.7700
2025-04-15T21:00:00+00:00,SEYE.ST,SELL,2038.0000,165.9500
2025-04-15T21:00:00+00:00,SGLN.L,SELL,25291.0000,199.3700
2025-04-15T21:00:00+00:00,SHEL.L,BUY,1173.0000,215.8800
2025-04-15T21:00:00+00:00,SLX.AX,SELL,458.0000,376.7600
2025-04-15T21:00:00+00:00,SMGB.L,BUY,607.0000,181.6000
2025-04-15T21:00:00+00:00,VUL.AX,SELL,976.0000,210.8700
2025-04-15T21:00:00+00:00,VYGR,BUY,1806.0000,134.2300
2025-04-15T21:00:00+00:00,WBT.AX,SELL,144.0000,127.1900
2025-05-19T21:00:00+00:00,AL3.AX,SELL,464.0000,300.8600
2025-05-19T21:00:00+00:00,ALCLS.PA,BUY,3363.0000,144.3400
2025-05-19T21:00:00+00:00,ALMDT.PA,BUY,876.0000,183.2600
2025-05-19T21:00:00+00:00,AXE.AX,BUY,170.0000,136.7000
2025-05-19T21:00:00+00:00,AZN.L,BUY,385.0000,166.8000
2025-05-19T21:00:00+00:00,BGO.L,SELL,4070.0000,157.8900
2025-05-19T21:00:00+00:00,BRK-B,BUY,480.0000,233.8900
2025-05-19T21:00:00+00:00,BRNT.L,BUY,2232.0000,230.0900
2025-05-19T21:00:00+00:00,DBMG.L,BUY,43617.0000,131.2200
2025-05-19T21:00:00+00:00,EDIT,SELL,52.0000,145.5200
2025-05-19T21:00:00+00:00,EMV.AX,BUY,488.0000,139.1100
2025-05-19T21:00:00+00:00,FTC.L,SELL,132.0000,1637.5800
2025-05-19T21:00:00+00:00,GSIT,BUY,20.0000,206.6500
2025-05-19T21:00:00+00:00,HSBA.L,SELL,129.0000,314.2300
2025-05-19T21:00:00+00:00,HYT.AX,BUY,147.0000,607.8600
2025-05-19T21:00:00+00:00,IBTM.L,SELL,26094.0000,102.3400
2025-05-19T21:00:00+00:00,IDN,BUY,45.0000,212.8300
2025-05-19T21:00:00+00:00,IITU.L,SELL,5875.0000,220.9600
2025-05-19T21:00:00+00:00,IPWR,BUY,559.0000,187.1100
2025-05-19T21:00:00+00:00,ISF.L,SELL,5048.0000,159.4600
2025-05-19T21:00:00+00:00,LTBR,SELL,44.0000,439.8800
2025-05-19T21:00:00+00:00,MOLN.SW,BUY,2996.0000,114.2500
2025-05-19T21:00:00+00:00,MSCL.TO,BUY,451.0000,255.6700
2025-05-19T21:00:00+00:00,PLTR,SELL,29.0000,1881.2900
2025-05-19T21:00:00+00:00,PRQR,SELL,121.0000,282.4900
2025-05-19T21:00:00+00:00,QSI,BUY,7.0000,212.2600
2025-05-19T21:00:00+00:00,RR.L,SELL,447.0000,1247.1000
2025-05-19T21:00:00+00:00,SEYE.ST,SELL,986.0000,213.4200
2025-05-19T21:00:00+00:00,SGLN.L,SELL,7086.0000,197.9400
2025-05-19T21:00:00+00:00,SHEL.L,BUY,2926.0000,227.5300
2025-05-19T21:00:00+00:00,SLX.AX,SELL,221.0000,410.5300
2025-05-19T21:00:00+00:00,SMGB.L,SELL,1757.0000,214.1200
2025-05-19T21:00:00+00:00,VUL.AX,BUY,1352.0000,202.3700
2025-05-19T21:00:00+00:00,VYGR,BUY,46.0000,142.0200
2025-05-19T21:00:00+00:00,WBT.AX,SELL,1654.0000,126.9700
2025-06-18T21:00:00+00:00,AL3.AX,BUY,13.0000,271.2400
2025-06-18T21:00:00+00:00,ALCLS.PA,SELL,1835.0000,135.0100
2025-06-18T21:00:00+00:00,ALMDT.PA,BUY,470.0000,100.0000
2025-06-18T21:00:00+00:00,AXE.AX,BUY,638.0000,131.8700
2025-06-18T21:00:00+00:00,AZN.L,SELL,3474.0000,169.6400
2025-06-18T21:00:00+00:00,BGO.L,SELL,4142.0000,162.2800
2025-06-18T21:00:00+00:00,BRK-B,BUY,5308.0000,219.4000
2025-06-18T21:00:00+00:00,BRNT.L,SELL,1611.0000,262.8000
2025-06-18T21:00:00+00:00,DBMG.L,BUY,20215.0000,132.9300
2025-06-18T21:00:00+00:00,EDIT,SELL,292.0000,227.3900
2025-06-18T21:00:00+00:00,EMV.AX,SELL,4977.0000,147.5500
2025-06-18T21:00:00+00:00,FTC.L,SELL,462.0000,2201.3400
2025-06-18T21:00:00+00:00,GSIT,SELL,155.0000,198.4700
2025-06-18T21:00:00+00:00,HSBA.L,SELL,1368.0000,311.8800
2025-06-18T21:00:00+00:00,HYT.AX,BUY,408.0000,442.8400
2025-06-18T21:00:00+00:00,IBTM.L,BUY,47338.0000,103.0700
2025-06-18T21:00:00+00:00,IDN,SELL,1005.0000,335.0800
2025-06-18T21:00:00+00:00,IITU.L,BUY,761.0000,226.9600
2025-06-18T21:00:00+00:00,IPWR,BUY,1237.0000,163.6800
2025-06-18T21:00:00+00:00,ISF.L,SELL,4775.0000,162.4500
2025-06-18T21:00:00+00:00,LTBR,SELL,67.0000,554.3100
2025-06-18T21:00:00+00:00,MOLN.SW,SELL,817.0000,110.0800
2025-06-18T21:00:00+00:00,MSCL.TO,BUY,873.0000,225.5200
2025-06-18T21:00:00+00:00,PLTR,SELL,71.0000,2064.9400
2025-06-18T21:00:00+00:00,PRQR,SELL,2.0000,317.5200
2025-06-18T21:00:00+00:00,QSI,BUY,8.0000,261.0100
2025-06-18T21:00:00+00:00,RR.L,SELL,28.0000,1356.4100
2025-06-18T21:00:00+00:00,SEYE.ST,BUY,1368.0000,199.5700
2025-06-18T21:00:00+00:00,SGLN.L,SELL,21673.0000,205.8100
2025-06-18T21:00:00+00:00,SHEL.L,BUY,830.0000,245.3800
2025-06-18T21:00:00+00:00,SLX.AX,SELL,68.0000,538.9000
2025-06-18T21:00:00+00:00,SMGB.L,BUY,322.0000,228.6600
2025-06-18T21:00:00+00:00,VUL.AX,SELL,114.0000,168.4700
2025-06-18T21:00:00+00:00,VYGR,SELL,353.0000,124.7000
2025-06-18T21:00:00+00:00,WBT.AX,BUY,39.0000,124.9500
2025-07-17T21:00:00+00:00,AL3.AX,SELL,148.0000,617.8000
2025-07-17T21:00:00+00:00,ALCLS.PA,SELL,1675.0000,174.7900
2025-07-17T21:00:00+00:00,ALMDT.PA,SELL,1634.0000,178.9700
2025-07-17T21:00:00+00:00,AXE.AX,SELL,431.0000,153.3900
2025-07-17T21:00:00+00:00,AZN.L,SELL,1368.0000,165.8400
2025-07-17T21:00:00+00:00,BGO.L,BUY,1560.0000,148.2500
2025-07-17T21:00:00+00:00,BRK-B,SELL,1083.0000,214.3900
2025-07-17T21:00:00+00:00,BRNT.L,BUY,4676.0000,248.0500
2025-07-17T21:00:00+00:00,DBMG.L,SELL,6189.0000,134.4000
2025-07-17T21:00:00+00:00,EDIT,SELL,35.0000,264.5300
2025-07-17T21:00:00+00:00,EMV.AX,BUY,440.0000,146.2700
2025-07-17T21:00:00+00:00,FTC.L,BUY,36.0000,2228.1900
2025-07-17T21:00:00+00:00,GSIT,SELL,364.0000,335.4300
2025-07-17T21:00:00+00:00,HSBA.L,BUY,111.0000,332.5600
2025-07-17T21:00:00+00:00,HYT.AX,BUY,100.0000,390.6400
2025-07-17T21:00:00+00:00,IBTM.L,SELL,23835.0000,103.3000
2025-07-17T21:00:00+00:00,IDN,SELL,53.0000,337.4700
2025-07-17T21:00:00+00:00,IITU.L,BUY,947.0000,248.4000
2025-07-17T21:00:00+00:00,IPWR,SELL,1704.0000,212.1600
2025-07-17T21:00:00+00:00,ISF.L,SELL,5150.0000,164.9400
2025-07-17T21:00:00+00:00,LTBR,SELL,6.0000,633.3600
2025-07-17T21:00:00+00:00,MOLN.SW,SELL,1077.0000,108.4400
2025-07-17T21:00:00+00:00,MSCL.TO,SELL,394.0000,238.0500
2025-07-17T21:00:00+00:00,PLTR,BUY,3.0000,2275.1400
2025-07-17T21:00:00+00:00,PRQR,SELL,78.0000,393.3600
2025-07-17T21:00:00+00:00,QSI,SELL,24.0000,271.8300
2025-07-17T21:00:00+00:00,RR.L,SELL,7.0000,1537.5600
2025-07-17T21:00:00+00:00,SEYE.ST,BUY,609.0000,214.8000
2025-07-17T21:00:00+00:00,SGLN.L,BUY,21979.0000,203.5000
2025-07-17T21:00:00+00:00,SHEL.L,SELL,2376.0000,240.0400
2025-07-17T21:00:00+00:00,SLX.AX,SELL,16.0000,578.5100
2025-07-17T21:00:00+00:00,SMGB.L,BUY,800.0000,251.2900
2025-07-17T21:00:00+00:00,VUL.AX,SELL,701.0000,169.3600
2025-07-17T21:00:00+00:00,VYGR,BUY,861.0000,132.2700
2025-07-17T21:00:00+00:00,WBT.AX,BUY,166.0000,163.6800
2025-08-15T21:00:00+00:00,AL3.AX,BUY,325.0000,629.8600
2025-08-15T21:00:00+00:00,ALCLS.PA,SELL,1686.0000,278.5300
2025-08-15T21:00:00+00:00,ALMDT.PA,BUY,190.0000,227.4800
2025-08-15T21:00:00+00:00,AXE.AX,BUY,232.0000,166.5600
2025-08-15T21:00:00+00:00,AZN.L,BUY,1149.0000,187.7300
2025-08-15T21:00:00+00:00,BGO.L,SELL,525.0000,153.5100
2025-08-15T21:00:00+00:00,BRK-B,SELL,4068.0000,214.2000
2025-08-15T21:00:00+00:00,BRNT.L,SELL,4673.0000,240.3200
2025-08-15T21:00:00+00:00,DBMG.L,SELL,7981.0000,134.1200
2025-08-15T21:00:00+00:00,EDIT,SELL,273.0000,291.0000
2025-08-15T21:00:00+00:00,EMV.AX,SELL,472.0000,142.7600
2025-08-15T21:00:00+00:00,FTC.L,BUY,16.0000,1959.7300
2025-08-15T21:00:00+00:00,GSIT,BUY,418.0000,198.2400
2025-08-15T21:00:00+00:00,HSBA.L,SELL,217.0000,337.3500
2025-08-15T21:00:00+00:00,HYT.AX,BUY,491.0000,367.2600
2025-08-15T21:00:00+00:00,IBTM.L,BUY,57427.0000,103.6300
2025-08-15T21:00:00+00:00,IDN,SELL,345.0000,317.4100
2025-08-15T21:00:00+00:00,IITU.L,SELL,1119.0000,253.1700
2025-08-15T21:00:00+00:00,IPWR,BUY,364.0000,191.3000
2025-08-15T21:00:00+00:00,ISF.L,BUY,6283.0000,168.9700
2025-08-15T21:00:00+00:00,LTBR,BUY,25.0000,681.7300
2025-08-15T21:00:00+00:00,MOLN.SW,BUY,2551.0000,102.3300
2025-08-15T21:00:00+00:00,MSCL.TO,BUY,436.0000,237.8600
2025-08-15T21:00:00+00:00,PLTR,BUY,8.0000,2594.4800
2025-08-15T21:00:00+00:00,PRQR,BUY,469.0000,333.0200
2025-08-15T21:00:00+00:00,QSI,BUY,125.0000,162.8400
2025-08-15T21:00:00+00:00,RR.L,SELL,79.0000,1641.8300
2025-08-15T21:00:00+00:00,SEYE.ST,SELL,111.0000,198.1900
2025-08-15T21:00:00+00:00,SGLN.L,SELL,22346.0000,201.4700
2025-08-15T21:00:00+00:00,SHEL.L,BUY,3540.0000,245.2600
2025-08-15T21:00:00+00:00,SLX.AX,BUY,34.0000,514.9100
2025-08-15T21:00:00+00:00,SMGB.L,SELL,824.0000,251.1000
2025-08-15T21:00:00+00:00,VUL.AX,BUY,194.0000,171.8600
2025-08-15T21:00:00+00:00,VYGR,SELL,1374.0000,151.8700
2025-08-15T21:00:00+00:00,WBT.AX,SELL,438.0000,186.1500
2025-09-16T21:00:00+00:00,AL3.AX,SELL,237.0000,551.5600
2025-09-16T21:00:00+00:00,ALCLS.PA,SELL,46.0000,298.4500
2025-09-16T21:00:00+00:00,ALMDT.PA,SELL,202.0000,248.2300
2025-09-16T21:00:00+00:00,AXE.AX,BUY,469.0000,139.2300
2025-09-16T21:00:00+00:00,AZN.L,SELL,777.0000,183.7500
2025-09-16T21:00:00+00:00,BGO.L,SELL,2705.0000,203.5100
2025-09-16T21:00:00+00:00,BRK-B,BUY,9286.0000,219.2300
2025-09-16T21:00:00+00:00,BRNT.L,BUY,4859.0000,248.5000
2025-09-16T21:00:00+00:00,DBMG.L,SELL,19447.0000,138.8800
2025-09-16T21:00:00+00:00,EDIT,BUY,104.0000,270.3500
2025-09-16T21:00:00+00:00,EMV.AX,SELL,517.0000,193.3600
2025-09-16T21:00:00+00:00,FTC.L,BUY,46.0000,1838.9300
2025-09-16T21:00:00+00:00,GSIT,SELL,4.0000,209.5500
2025-09-16T21:00:00+00:00,HSBA.L,BUY,751.0000,359.8800
2025-09-16T21:00:00+00:00,HYT.AX,SELL,631.0000,356.4400
2025-09-16T21:00:00+00:00,IBTM.L,SELL,48930.0000,105.3000
2025-09-16T21:00:00+00:00,IDN,BUY,604.0000,339.0000
2025-09-16T21:00:00+00:00,IITU.L,BUY,903.0000,257.7500
2025-09-16T21:00:00+00:00,IPWR,SELL,625.0000,189.2000
2025-09-16T21:00:00+00:00,ISF.L,BUY,1977.0000,170.0100
2025-09-16T21:00:00+00:00,LTBR,BUY,29.0000,635.7600
2025-09-16T21:00:00+00:00,MOLN.SW,BUY,454.0000,101.8100
2025-09-16T21:00:00+00:00,MSCL.TO,SELL,240.0000,257.3800
2025-09-16T21:00:00+00:00,PLTR,SELL,5.0000,2480.1000
2025-09-16T21:00:00+00:00,PRQR,BUY,274.0000,321.5700
2025-09-16T21:00:00+00:00,QSI,BUY,12.0000,195.8500
2025-09-16T21:00:00+00:00,RR.L,BUY,78.0000,1728.2000
2025-09-16T21:00:00+00:00,SEYE.ST,SELL,2038.0000,269.2800
2025-09-16T21:00:00+00:00,SGLN.L,BUY,31717.0000,220.5900
2025-09-16T21:00:00+00:00,SHEL.L,SELL,8678.0000,245.0700
2025-09-16T21:00:00+00:00,SLX.AX,BUY,25.0000,576.6100
2025-09-16T21:00:00+00:00,SMGB.L,BUY,564.0000,260.3200
2025-09-16T21:00:00+00:00,VUL.AX,SELL,180.0000,202.7700
2025-09-16T21:00:00+00:00,VYGR,BUY,74.0000,172.1300
2025-09-16T21:00:00+00:00,WBT.AX,BUY,55.0000,219.0800
2025-10-15T21:00:00+00:00,AL3.AX,BUY,141.0000,486.9900
2025-10-15T21:00:00+00:00,ALCLS.PA,SELL,105.0000,401.5100
2025-10-15T21:00:00+00:00,ALMDT.PA,BUY,159.0000,272.4700
2025-10-15T21:00:00+00:00,AXE.AX,SELL,385.0000,202.3200
2025-10-15T21:00:00+00:00,AZN.L,BUY,626.0000,204.7700
2025-10-15T21:00:00+00:00,BGO.L,BUY,381.0000,172.8100
2025-10-15T21:00:00+00:00,BRK-B,SELL,12573.0000,226.3100
2025-10-15T21:00:00+00:00,BRNT.L,SELL,517.0000,232.4000
2025-10-15T21:00:00+00:00,DBMG.L,SELL,8041.0000,148.3000
2025-10-15T21:00:00+00:00,EDIT,SELL,114.0000,396.0400
2025-10-15T21:00:00+00:00,EMV.AX,BUY,1348.0000,148.6000
2025-10-15T21:00:00+00:00,FTC.L,BUY,6.0000,1724.8300
2025-10-15T21:00:00+00:00,GSIT,SELL,532.0000,335.1600
2025-10-15T21:00:00+00:00,HSBA.L,BUY,131.0000,355.2400
2025-10-15T21:00:00+00:00,HYT.AX,SELL,81.0000,428.5900
2025-10-15T21:00:00+00:00,IBTM.L,BUY,29421.0000,107.8000
2025-10-15T21:00:00+00:00,IDN,SELL,598.0000,303.1300
2025-10-15T21:00:00+00:00,IITU.L,SELL,110.0000,272.0500
2025-10-15T21:00:00+00:00,IPWR,BUY,246.0000,194.6700
2025-10-15T21:00:00+00:00,ISF.L,BUY,14345.0000,174.2800
2025-10-15T21:00:00+00:00,LTBR,SELL,89.0000,1166.4600
2025-10-15T21:00:00+00:00,MOLN.SW,BUY,2707.0000,105.8100
2025-10-15T21:00:00+00:00,MSCL.TO,BUY,201.0000,298.0500
2025-10-15T21:00:00+00:00,PLTR,BUY,8.0000,2671.6400
2025-10-15T21:00:00+00:00,PRQR,SELL,361.0000,447.1500
2025-10-15T21:00:00+00:00,QSI,BUY,108.0000,395.4500
2025-10-15T21:00:00+00:00,RR.L,BUY,172.0000,1700.6800
2025-10-15T21:00:00+00:00,SEYE.ST,SELL,957.0000,278.2800
2025-10-15T21:00:00+00:00,SGLN.L,SELL,21665.0000,255.8400
2025-10-15T21:00:00+00:00,SHEL.L,BUY,18008.0000,250.1400
2025-10-15T21:00:00+00:00,SLX.AX,SELL,168.0000,1013.8400
2025-10-15T21:00:00+00:00,SMGB.L,BUY,16.0000,302.2300
2025-10-15T21:00:00+00:00,VUL.AX,SELL,656.0000,356.3900
2025-10-15T21:00:00+00:00,VYGR,SELL,1125.0000,218.7700
2025-10-15T21:00:00+00:00,WBT.AX,SELL,273.0000,305.2600
2025-11-13T21:00:00+00:00,AL3.AX,BUY,268.0000,362.8100
2025-11-13T21:00:00+00:00,ALCLS.PA,SELL,156.0000,360.9500
2025-11-13T21:00:00+00:00,ALMDT.PA,SELL,363.0000,268.9200
2025-11-13T21:00:00+00:00,AXE.AX,SELL,1044.0000,193.6300
2025-11-13T21:00:00+00:00,AZN.L,BUY,6423.0000,218.5300
2025-11-13T21:00:00+00:00,BGO.L,BUY,149.0000,156.1400
2025-11-13T21:00:00+00:00,BRK-B,BUY,1006.0000,237.3900
2025-11-13T21:00:00+00:00,BRNT.L,SELL,4278.0000,241.6300
2025-11-13T21:00:00+00:00,DBMG.L,SELL,10802.0000,153.5400
2025-11-13T21:00:00+00:00,EDIT,BUY,165.0000,251.4300
2025-11-13T21:00:00+00:00,EMV.AX,SELL,837.0000,158.1700
2025-11-13T21:00:00+00:00,FTC.L,BUY,34.0000,1744.9700
2025-11-13T21:00:00+00:00,GSIT,SELL,555.0000,481.0200
2025-11-13T21:00:00+00:00,HSBA.L,SELL,2938.0000,405.1900
2025-11-13T21:00:00+00:00,HYT.AX,BUY,289.0000,495.0200
2025-11-13T21:00:00+00:00,IBTM.L,BUY,23179.0000,109.1500
2025-11-13T21:00:00+00:00,IDN,SELL,569.0000,402.7500
2025-11-13T21:00:00+00:00,IITU.L,SELL,1473.0000,281.3100
2025-11-13T21:00:00+00:00,IPWR,SELL,841.0000,139.6000
2025-11-13T21:00:00+00:00,ISF.L,BUY,12977.0000,182.0200
2025-11-13T21:00:00+00:00,LTBR,BUY,63.0000,780.4300
2025-11-13T21:00:00+00:00,MOLN.SW,BUY,699.0000,122.1800
2025-11-13T21:00:00+00:00,MSCL.TO,SELL,242.0000,282.6900
2025-11-13T21:00:00+00:00,PLTR,BUY,7.0000,2598.1800
2025-11-13T21:00:00+00:00,PRQR,BUY,231.0000,361.6600
2025-11-13T21:00:00+00:00,QSI,BUY,303.0000,212.0900
2025-11-13T21:00:00+00:00,RR.L,BUY,47.0000,1712.9100
2025-11-13T21:00:00+00:00,SEYE.ST,BUY,517.0000,263.6300
2025-11-13T21:00:00+00:00,SGLN.L,BUY,4459.0000,260.6400
2025-11-13T21:00:00+00:00,SHEL.L,SELL,11951.0000,268.2500
2025-11-13T21:00:00+00:00,SLX.AX,SELL,52.0000,1281.3000
2025-11-13T21:00:00+00:00,SMGB.L,SELL,68.0000,310.8100
2025-11-13T21:00:00+00:00,VUL.AX,BUY,172.0000,329.2600
2025-11-13T21:00:00+00:00,VYGR,BUY,769.0000,167.0200
2025-11-13T21:00:00+00:00,WBT.AX,SELL,92.0000,304.1700
2025-12-12T21:00:00+00:00,AL3.AX,BUY,69.0000,341.8300
2025-12-12T21:00:00+00:00,ALCLS.PA,SELL,67.0000,458.8000
2025-12-12T21:00:00+00:00,ALMDT.PA,BUY,183.0000,269.9500
2025-12-12T21:00:00+00:00,AXE.AX,BUY,39.0000,190.8800
2025-12-12T21:00:00+00:00,AZN.L,BUY,1146.0000,217.7200
2025-12-12T21:00:00+00:00,BGO.L,BUY,1680.0000,159.6500
2025-12-12T21:00:00+00:00,BRK-B,BUY,2008.0000,226.5700
2025-12-12T21:00:00+00:00,BRNT.L,SELL,461.0000,230.2100
2025-12-12T21:00:00+00:00,DBMG.L,BUY,27523.0000,152.2300
2025-12-12T21:00:00+00:00,EDIT,BUY,156.0000,245.5300
2025-12-12T21:00:00+00:00,EMV.AX,BUY,1799.0000,149.1800
2025-12-12T21:00:00+00:00,FTC.L,BUY,56.0000,1919.4600
2025-12-12T21:00:00+00:00,GSIT,BUY,51.0000,360.4400
2025-12-12T21:00:00+00:00,HSBA.L,BUY,2097.0000,402.2300
2025-12-12T21:00:00+00:00,HYT.AX,BUY,9.0000,361.4900
2025-12-12T21:00:00+00:00,IBTM.L,BUY,9783.0000,107.6700
2025-12-12T21:00:00+00:00,IDN,BUY,1.0000,424.8800
2025-12-12T21:00:00+00:00,IITU.L,BUY,4440.0000,274.6100
2025-12-12T21:00:00+00:00,IPWR,BUY,497.0000,154.9400
2025-12-12T21:00:00+00:00,ISF.L,SELL,26648.0000,179.7300
2025-12-12T21:00:00+00:00,LTBR,BUY,45.0000,658.1900
2025-12-12T21:00:00+00:00,MOLN.SW,SELL,2384.0000,123.7100
2025-12-12T21:00:00+00:00,MSCL.TO,SELL,1092.0000,273.7000
2025-12-12T21:00:00+00:00,PLTR,SELL,8.0000,2716.3500
2025-12-12T21:00:00+00:00,PRQR,SELL,37.0000,382.4700
2025-12-12T21:00:00+00:00,QSI,BUY,222.0000,192.9700
2025-12-12T21:00:00+00:00,RR.L,SELL,140.0000,1676.2200
2025-12-12T21:00:00+00:00,SEYE.ST,BUY,1032.0000,247.5300
2025-12-12T21:00:00+00:00,SGLN.L,SELL,15338.0000,261.9900
2025-12-12T21:00:00+00:00,SHEL.L,SELL,1054.0000,252.0200
2025-12-12T21:00:00+00:00,SLX.AX,BUY,179.0000,1163.9900
2025-12-12T21:00:00+00:00,SMGB.L,BUY,1019.0000,315.6800
2025-12-12T21:00:00+00:00,VUL.AX,BUY,1088.0000,190.1600
2025-12-12T21:00:00+00:00,VYGR,SELL,601.0000,180.6100
2025-12-12T21:00:00+00:00,WBT.AX,BUY,837.0000,313.2100
2026-01-15T21:00:00+00:00,AL3.AX,SELL,189.0000,383.0200
2026-01-15T21:00:00+00:00,ALCLS.PA,SELL,26.0000,395.0100
2026-01-15T21:00:00+00:00,ALMDT.PA,SELL,297.0000,355.3500
2026-01-15T21:00:00+00:00,AXE.AX,SELL,553.0000,216.8800
2026-01-15T21:00:00+00:00,AZN.L,SELL,1599.0000,227.1500
2026-01-15T21:00:00+00:00,BGO.L,BUY,20.0000,149.1200
2026-01-15T21:00:00+00:00,BRK-B,BUY,4980.0000,222.5700
2026-01-15T21:00:00+00:00,BRNT.L,BUY,849.0000,240.7600
2026-01-15T21:00:00+00:00,DBMG.L,BUY,5191.0000,159.5600
2026-01-15T21:00:00+00:00,EDIT,BUY,104.0000,202.0400
2026-01-15T21:00:00+00:00,EMV.AX,BUY,352.0000,153.7300
2026-01-15T21:00:00+00:00,FTC.L,SELL,79.0000,2550.3400
2026-01-15T21:00:00+00:00,GSIT,SELL,49.0000,482.2600
2026-01-15T21:00:00+00:00,HSBA.L,SELL,10.0000,447.4500
2026-01-15T21:00:00+00:00,HYT.AX,SELL,453.0000,399.2800
2026-01-15T21:00:00+00:00,IBTM.L,SELL,91459.0000,107.9300
2026-01-15T21:00:00+00:00,IDN,SELL,262.0000,385.0400
2026-01-15T21:00:00+00:00,IITU.L,SELL,3803.0000,276.3700
2026-01-15T21:00:00+00:00,IPWR,SELL,272.0000,118.6900
2026-01-15T21:00:00+00:00,ISF.L,BUY,49466.0000,190.4400
2026-01-15T21:00:00+00:00,LTBR,SELL,62.0000,745.6000
2026-01-15T21:00:00+00:00,MOLN.SW,BUY,1495.0000,117.9700
2026-01-15T21:00:00+00:00,MSCL.TO,BUY,105.0000,355.2900
2026-01-15T21:00:00+00:00,PLTR,SELL,4.0000,2610.0000
2026-01-15T21:00:00+00:00,PRQR,BUY,5.0000,258.3500
2026-01-15T21:00:00+00:00,QSI,SELL,293.0000,183.2800
2026-01-15T21:00:00+00:00,RR.L,SELL,76.0000,1946.0400
2026-01-15T21:00:00+00:00,SEYE.ST,SELL,1561.0000,285.2300
2026-01-15T21:00:00+00:00,SGLN.L,BUY,3861.0000,281.5800
2026-01-15T21:00:00+00:00,SHEL.L,BUY,4223.0000,257.6500
2026-01-15T21:00:00+00:00,SLX.AX,SELL,135.0000,926.4300
2026-01-15T21:00:00+00:00,SMGB.L,SELL,1795.0000,362.5700
2026-01-15T21:00:00+00:00,VUL.AX,SELL,512.0000,214.2100
2026-01-15T21:00:00+00:00,VYGR,SELL,6.0000,156.5500
2026-01-15T21:00:00+00:00,WBT.AX,SELL,913.0000,366.9800
2026-02-13T21:00:00+00:00,AL3.AX,SELL,89.0000,335.9000
2026-02-13T21:00:00+00:00,ALCLS.PA,SELL,167.0000,366.7900
2026-02-13T21:00:00+00:00,ALMDT.PA,SELL,94.0000,463.0000
2026-02-13T21:00:00+00:00,AXE.AX,SELL,193.0000,205.1400
2026-02-13T21:00:00+00:00,AZN.L,BUY,378.0000,244.8300
2026-02-13T21:00:00+00:00,BGO.L,BUY,983.0000,135.9600
2026-02-13T21:00:00+00:00,BRK-B,BUY,12762.0000,221.8700
2026-02-13T21:00:00+00:00,BRNT.L,SELL,472.0000,254.9000
2026-02-13T21:00:00+00:00,DBMG.L,SELL,64170.0000,164.4300
2026-02-13T21:00:00+00:00,EDIT,SELL,22.0000,167.9200
2026-02-13T21:00:00+00:00,EMV.AX,BUY,1068.0000,159.1500
2026-02-13T21:00:00+00:00,FTC.L,SELL,96.0000,2644.3000
2026-02-13T21:00:00+00:00,GSIT,SELL,8.0000,379.0500
2026-02-13T21:00:00+00:00,HSBA.L,BUY,289.0000,448.1000
2026-02-13T21:00:00+00:00,HYT.AX,BUY,235.0000,298.5200
2026-02-13T21:00:00+00:00,IBTM.L,BUY,89776.0000,107.1800
2026-02-13T21:00:00+00:00,IDN,BUY,527.0000,307.7900
2026-02-13T21:00:00+00:00,IITU.L,BUY,9645.0000,257.7500
2026-02-13T21:00:00+00:00,IPWR,SELL,544.0000,120.0400
2026-02-13T21:00:00+00:00,ISF.L,SELL,3509.0000,194.6800
2026-02-13T21:00:00+00:00,LTBR,BUY,1.0000,546.1500
2026-02-13T21:00:00+00:00,MOLN.SW,SELL,1265.0000,126.8000
2026-02-13T21:00:00+00:00,MSCL.TO,SELL,1016.0000,533.2000
2026-02-13T21:00:00+00:00,PLTR,BUY,78.0000,1911.7200
2026-02-13T21:00:00+00:00,PRQR,BUY,458.0000,235.6200
2026-02-13T21:00:00+00:00,QSI,BUY,14.0000,145.7400
2026-02-13T21:00:00+00:00,RR.L,BUY,597.0000,1942.9800
2026-02-13T21:00:00+00:00,SEYE.ST,BUY,650.0000,246.0400
2026-02-13T21:00:00+00:00,SGLN.L,SELL,15852.0000,300.9900
2026-02-13T21:00:00+00:00,SHEL.L,SELL,1989.0000,269.4700
2026-02-13T21:00:00+00:00,SLX.AX,SELL,8.0000,963.9200
2026-02-13T21:00:00+00:00,SMGB.L,BUY,1718.0000,363.4700
2026-02-13T21:00:00+00:00,VYGR,SELL,38.0000,137.1200
2026-02-13T21:00:00+00:00,WBT.AX,SELL,95.0000,396.2300
2026-03-16T21:00:00+00:00,AL3.AX,BUY,188.0000,297.2900
2026-03-16T21:00:00+00:00,ALCLS.PA,BUY,49.0000,340.7800
2026-03-16T21:00:00+00:00,ALMDT.PA,SELL,87.0000,404.0100
2026-03-16T21:00:00+00:00,AXE.AX,BUY,366.0000,183.4400
2026-03-16T21:00:00+00:00,AZN.L,SELL,2588.0000,235.0500
2026-03-16T21:00:00+00:00,BGO.L,BUY,1878.0000,125.4400
2026-03-16T21:00:00+00:00,BRK-B,BUY,3445.0000,225.6600
2026-03-16T21:00:00+00:00,BRNT.L,SELL,3922.0000,398.8300
2026-03-16T21:00:00+00:00,DBMG.L,SELL,12878.0000,171.5700
2026-03-16T21:00:00+00:00,EDIT,SELL,236.0000,249.1500
2026-03-16T21:00:00+00:00,EMV.AX,SELL,3098.0000,143.7500
2026-03-16T21:00:00+00:00,FTC.L,BUY,202.0000,2489.9300
2026-03-16T21:00:00+00:00,GSIT,SELL,11.0000,620.1100
2026-03-16T21:00:00+00:00,HSBA.L,SELL,1058.0000,444.6700
2026-03-16T21:00:00+00:00,HYT.AX,BUY,94.0000,343.8000
2026-03-16T21:00:00+00:00,IBTM.L,BUY,105303.0000,108.8100
2026-03-16T21:00:00+00:00,IDN,BUY,53.0000,320.9600
2026-03-16T21:00:00+00:00,IITU.L,SELL,6640.0000,262.8700
2026-03-16T21:00:00+00:00,IPWR,BUY,481.0000,119.6900
2026-03-16T21:00:00+00:00,ISF.L,SELL,22292.0000,193.3500
2026-03-16T21:00:00+00:00,LTBR,BUY,75.0000,493.0500
2026-03-16T21:00:00+00:00,MOLN.SW,BUY,810.0000,123.6000
2026-03-16T21:00:00+00:00,MSCL.TO,BUY,724.0000,343.6300
2026-03-16T21:00:00+00:00,PLTR,SELL,53.0000,2284.2200
2026-03-16T21:00:00+00:00,PRQR,SELL,639.0000,292.0200
2026-03-16T21:00:00+00:00,QSI,BUY,52.0000,142.7300
2026-03-16T21:00:00+00:00,RR.L,SELL,503.0000,1880.3000
2026-03-16T21:00:00+00:00,SEYE.ST,BUY,113.0000,186.1500
2026-03-16T21:00:00+00:00,SGLN.L,BUY,3390.0000,305.7100
2026-03-16T21:00:00+00:00,SHEL.L,SELL,4345.0000,323.3900
2026-03-16T21:00:00+00:00,SLX.AX,BUY,59.0000,770.3500
2026-03-16T21:00:00+00:00,SMGB.L,SELL,1840.0000,361.8100
2026-03-16T21:00:00+00:00,VUL.AX,BUY,248.0000,154.3000
2026-03-16T21:00:00+00:00,VYGR,SELL,433.0000,179.6500
2026-03-16T21:00:00+00:00,WBT.AX,BUY,197.0000,378.8500
2026-04-16T21:00:00+00:00,AL3.AX,SELL,244.0000,440.3000
2026-04-16T21:00:00+00:00,ALCLS.PA,BUY,316.0000,413.0400
2026-04-16T21:00:00+00:00,ALMDT.PA,BUY,113.0000,419.0400
2026-04-16T21:00:00+00:00,AXE.AX,BUY,457.0000,183.3800
2026-04-16T21:00:00+00:00,AZN.L,BUY,6714.0000,243.2000
2026-04-16T21:00:00+00:00,BGO.L,SELL,288.0000,108.7700
2026-04-16T21:00:00+00:00,BRK-B,BUY,8386.0000,212.5900
2026-04-16T21:00:00+00:00,BRNT.L,BUY,865.0000,388.4700
2026-04-16T21:00:00+00:00,DBMG.L,SELL,25557.0000,166.5200
2026-04-16T21:00:00+00:00,EDIT,BUY,36.0000,320.7100
2026-04-16T21:00:00+00:00,EMV.AX,BUY,1681.0000,141.0100
2026-04-16T21:00:00+00:00,FTC.L,SELL,133.0000,2966.4400
2026-04-16T21:00:00+00:00,GSIT,SELL,33.0000,397.0800
2026-04-16T21:00:00+00:00,HSBA.L,SELL,887.0000,497.6200
2026-04-16T21:00:00+00:00,HYT.AX,BUY,184.0000,323.4800
2026-04-16T21:00:00+00:00,IBTM.L,BUY,53817.0000,106.8700
2026-04-16T21:00:00+00:00,IDN,SELL,570.0000,520.6200
2026-04-16T21:00:00+00:00,IITU.L,SELL,55.0000,281.3100
2026-04-16T21:00:00+00:00,IPWR,BUY,568.0000,120.0900
2026-04-16T21:00:00+00:00,ISF.L,SELL,15002.0000,199.5400
2026-04-16T21:00:00+00:00,LTBR,BUY,20.0000,503.4800
2026-04-16T21:00:00+00:00,MOLN.SW,SELL,713.0000,119.7600
2026-04-16T21:00:00+00:00,MSCL.TO,SELL,131.0000,402.7000
2026-04-16T21:00:00+00:00,PLTR,BUY,146.0000,2083.9600
2026-04-16T21:00:00+00:00,PRQR,SELL,4.0000,315.7800
2026-04-16T21:00:00+00:00,QSI,BUY,140.0000,153.4700
2026-04-16T21:00:00+00:00,RR.L,SELL,177.0000,1911.1800
2026-04-16T21:00:00+00:00,SEYE.ST,BUY,407.0000,199.5300
2026-04-16T21:00:00+00:00,SGLN.L,SELL,7536.0000,290.0000
2026-04-16T21:00:00+00:00,SHEL.L,BUY,2168.0000,320.5000
2026-04-16T21:00:00+00:00,SLX.AX,SELL,11.0000,870.2500
2026-04-16T21:00:00+00:00,SMGB.L,SELL,252.0000,412.2900
2026-04-16T21:00:00+00:00,VUL.AX,BUY,193.0000,177.9000
2026-04-16T21:00:00+00:00,VYGR,BUY,530.0000,160.7200
2026-04-16T21:00:00+00:00,WBT.AX,SELL,112.0000,331.1900
2026-05-18T21:00:00+00:00,AL3.AX,BUY,74.0000,401.5100
2026-05-18T21:00:00+00:00,ALCLS.PA,SELL,235.0000,372.4600
2026-05-18T21:00:00+00:00,ALMDT.PA,BUY,16.0000,440.6400
2026-05-18T21:00:00+00:00,AXE.AX,BUY,380.0000,173.1400
2026-05-18T21:00:00+00:00,AZN.L,SELL,6941.0000,224.3500
2026-05-18T21:00:00+00:00,BGO.L,SELL,609.0000,106.1400
2026-05-18T21:00:00+00:00,BRK-B,SELL,3854.0000,222.8800
2026-05-18T21:00:00+00:00,BRNT.L,BUY,407.0000,465.8000
2026-05-18T21:00:00+00:00,DBMG.L,BUY,17542.0000,171.8300
2026-05-18T21:00:00+00:00,EDIT,SELL,12.0000,247.0400
2026-05-18T21:00:00+00:00,EMV.AX,BUY,1877.0000,151.9800
2026-05-18T21:00:00+00:00,FTC.L,SELL,189.0000,5516.7800
2026-05-18T21:00:00+00:00,GSIT,SELL,10.0000,566.1000
2026-05-18T21:00:00+00:00,HSBA.L,SELL,1343.0000,500.1400
2026-05-18T21:00:00+00:00,HYT.AX,SELL,107.0000,307.2700
2026-05-18T21:00:00+00:00,IBTM.L,BUY,10053.0000,106.0300
2026-05-18T21:00:00+00:00,IDN,BUY,12.0000,275.1400
2026-05-18T21:00:00+00:00,IITU.L,BUY,1277.0000,318.1100
2026-05-18T21:00:00+00:00,IPWR,SELL,1650.0000,214.1600
2026-05-18T21:00:00+00:00,ISF.L,SELL,11314.0000,195.1600
2026-05-18T21:00:00+00:00,LTBR,SELL,29.0000,465.0700
2026-05-18T21:00:00+00:00,MOLN.SW,SELL,973.0000,108.1900
2026-05-18T21:00:00+00:00,MSCL.TO,BUY,138.0000,339.9800
2026-05-18T21:00:00+00:00,PLTR,SELL,134.0000,2012.0300
2026-05-18T21:00:00+00:00,PRQR,SELL,11.0000,249.4000
2026-05-18T21:00:00+00:00,QSI,SELL,104.0000,128.5300
2026-05-18T21:00:00+00:00,RR.L,SELL,68.0000,1777.2500
2026-05-18T21:00:00+00:00,SEYE.ST,SELL,1529.0000,273.6700
2026-05-18T21:00:00+00:00,SGLN.L,BUY,8317.0000,276.9400
2026-05-18T21:00:00+00:00,SHEL.L,BUY,2213.0000,311.5100
2026-05-18T21:00:00+00:00,SLX.AX,BUY,99.0000,816.1200
2026-05-18T21:00:00+00:00,SMGB.L,SELL,711.0000,507.1100
2026-05-18T21:00:00+00:00,VUL.AX,BUY,148.0000,184.9500
2026-05-18T21:00:00+00:00,VYGR,BUY,121.0000,146.1300
2026-05-18T21:00:00+00:00,WBT.AX,SELL,105.0000,536.5900
2026-06-17T21:00:00+00:00,AL3.AX,BUY,623.0000,306.8100
2026-06-17T21:00:00+00:00,ALCLS.PA,BUY,444.0000,302.3900
2026-06-17T21:00:00+00:00,ALMDT.PA,BUY,374.0000,440.8900
2026-06-17T21:00:00+00:00,AXE.AX,SELL,628.0000,196.3800
2026-06-17T21:00:00+00:00,AZN.L,BUY,7977.0000,220.4500
2026-06-17T21:00:00+00:00,BGO.L,BUY,1375.0000,109.6500
2026-06-17T21:00:00+00:00,BRK-B,BUY,3585.0000,222.2400
2026-06-17T21:00:00+00:00,BRNT.L,SELL,1386.0000,361.0800
2026-06-17T21:00:00+00:00,DBMG.L,BUY,592.0000,169.2400
2026-06-17T21:00:00+00:00,EDIT,BUY,133.0000,246.8000
2026-06-17T21:00:00+00:00,EMV.AX,BUY,2810.0000,137.2400
2026-06-17T21:00:00+00:00,FTC.L,SELL,9.0000,4966.4400
2026-06-17T21:00:00+00:00,GSIT,BUY,13.0000,458.4200
2026-06-17T21:00:00+00:00,HSBA.L,BUY,660.0000,537.3100
2026-06-17T21:00:00+00:00,HYT.AX,BUY,107.0000,322.0100
2026-06-17T21:00:00+00:00,IBTM.L,SELL,66087.0000,107.5600
2026-06-17T21:00:00+00:00,IDN,BUY,641.0000,263.8000
2026-06-17T21:00:00+00:00,IITU.L,BUY,9036.0000,330.4700
2026-06-17T21:00:00+00:00,IPWR,SELL,400.0000,210.0800
2026-06-17T21:00:00+00:00,ISF.L,BUY,13496.0000,198.6900
2026-06-17T21:00:00+00:00,LTBR,BUY,51.0000,394.7100
2026-06-17T21:00:00+00:00,MOLN.SW,BUY,402.0000,114.5200
2026-06-17T21:00:00+00:00,MSCL.TO,SELL,13.0000,271.4200
2026-06-17T21:00:00+00:00,PLTR,BUY,33.0000,1927.8000
2026-06-17T21:00:00+00:00,PRQR,BUY,42.0000,273.4000
2026-06-17T21:00:00+00:00,QSI,SELL,28.0000,140.8300
2026-06-17T21:00:00+00:00,RR.L,BUY,63.0000,2134.0500
2026-06-17T21:00:00+00:00,SEYE.ST,BUY,1564.0000,275.4400
2026-06-17T21:00:00+00:00,SGLN.L,SELL,4718.0000,265.8200
2026-06-17T21:00:00+00:00,SHEL.L,SELL,4847.0000,289.9900
2026-06-17T21:00:00+00:00,SLX.AX,SELL,96.0000,851.6300
2026-06-17T21:00:00+00:00,SMGB.L,BUY,80.0000,613.2600
2026-06-17T21:00:00+00:00,VUL.AX,SELL,229.0000,179.1400
2026-06-17T21:00:00+00:00,VYGR,BUY,461.0000,148.5400
2026-06-17T21:00:00+00:00,WBT.AX,SELL,193.0000,634.8900
2026-07-16T21:00:00+00:00,AL3.AX,BUY,428.0000,269.4300
2026-07-16T21:00:00+00:00,ALCLS.PA,BUY,323.0000,255.2500
2026-07-16T21:00:00+00:00,ALMDT.PA,SELL,278.0000,351.9700
2026-07-16T21:00:00+00:00,AXE.AX,BUY,356.0000,127.8600
2026-07-16T21:00:00+00:00,AZN.L,BUY,4463.0000,206.6400
2026-07-16T21:00:00+00:00,BGO.L,SELL,1269.0000,121.0500
2026-07-16T21:00:00+00:00,BRK-B,SELL,3140.0000,221.1800
2026-07-16T21:00:00+00:00,BRNT.L,BUY,388.0000,376.9100
2026-07-16T21:00:00+00:00,DBMG.L,BUY,16020.0000,169.6700
2026-07-16T21:00:00+00:00,EDIT,SELL,136.0000,276.3800
2026-07-16T21:00:00+00:00,EMV.AX,SELL,2667.0000,149.0500
2026-07-16T21:00:00+00:00,FTC.L,SELL,34.0000,3624.1600
2026-07-16T21:00:00+00:00,GSIT,SELL,18.0000,334.6900
2026-07-16T21:00:00+00:00,HSBA.L,SELL,72.0000,558.5400
2026-07-16T21:00:00+00:00,HYT.AX,BUY,223.0000,257.3300
2026-07-16T21:00:00+00:00,IBTM.L,BUY,47407.0000,106.2500
2026-07-16T21:00:00+00:00,IDN,SELL,522.0000,236.9300
2026-07-16T21:00:00+00:00,IITU.L,SELL,10495.0000,319.6100
2026-07-16T21:00:00+00:00,IPWR,SELL,97.0000,153.9400
2026-07-16T21:00:00+00:00,ISF.L,SELL,15363.0000,200.5600
2026-07-16T21:00:00+00:00,LTBR,BUY,58.0000,303.3100
2026-07-16T21:00:00+00:00,MOLN.SW,SELL,940.0000,115.8600
2026-07-16T21:00:00+00:00,MSCL.TO,SELL,525.0000,401.7300
2026-07-16T21:00:00+00:00,PLTR,SELL,87.0000,1967.2000
2026-07-16T21:00:00+00:00,PRQR,BUY,35.0000,271.0800
2026-07-16T21:00:00+00:00,QSI,BUY,47.0000,121.1500
2026-07-16T21:00:00+00:00,RR.L,SELL,161.0000,2116.2400
2026-07-16T21:00:00+00:00,SEYE.ST,SELL,1669.0000,272.3900
2026-07-16T21:00:00+00:00,SGLN.L,SELL,2559.0000,243.2500
2026-07-16T21:00:00+00:00,SHEL.L,BUY,2643.0000,301.9400
2026-07-16T21:00:00+00:00,SLX.AX,BUY,86.0000,679.0400
2026-07-16T21:00:00+00:00,SMGB.L,SELL,403.0000,553.2500
2026-07-16T21:00:00+00:00,VUL.AX,BUY,1336.0000,139.9500
2026-07-16T21:00:00+00:00,VYGR,SELL,332.0000,123.6800
2026-07-16T21:00:00+00:00,WBT.AX,BUY,216.0000,523.3100
2026-08-14T21:00:00+00:00,AL3.AX,SELL,191.0000,218.0300
2026-08-14T21:00:00+00:00,ALCLS.PA,SELL,168.0000,296.0400
2026-08-14T21:00:00+00:00,ALMDT.PA,BUY,72.0000,390.3100
2026-08-14T21:00:00+00:00,AXE.AX,BUY,2156.0000,123.8300
2026-08-14T21:00:00+00:00,AZN.L,SELL,981.0000,188.7900
2026-08-14T21:00:00+00:00,BGO.L,SELL,1242.0000,109.6500
2026-08-14T21:00:00+00:00,BRK-B,SELL,217.0000,226.9200
2026-08-14T21:00:00+00:00,BRNT.L,SELL,870.0000,395.7200
2026-08-14T21:00:00+00:00,DBMG.L,SELL,17796.0000,170.9400
2026-08-14T21:00:00+00:00,EDIT,BUY,241.0000,271.6300
2026-08-14T21:00:00+00:00,EMV.AX,SELL,2386.0000,157.8900
2026-08-14T21:00:00+00:00,FTC.L,BUY,45.0000,3436.2400
2026-08-14T21:00:00+00:00,GSIT,BUY,86.0000,438.1600
2026-08-14T21:00:00+00:00,HSBA.L,BUY,47.0000,574.0300
2026-08-14T21:00:00+00:00,HYT.AX,BUY,195.0000,120.1300
2026-08-14T21:00:00+00:00,IBTM.L,BUY,33793.0000,105.5000
2026-08-14T21:00:00+00:00,IDN,BUY,1214.0000,178.2000
2026-08-14T21:00:00+00:00,IITU.L,SELL,1557.0000,337.8800
2026-08-14T21:00:00+00:00,IPWR,BUY,41.0000,191.5000
2026-08-14T21:00:00+00:00,ISF.L,BUY,2829.0000,204.5700
2026-08-14T21:00:00+00:00,LTBR,BUY,1.0000,357.3100
2026-08-14T21:00:00+00:00,MOLN.SW,SELL,762.0000,119.5400
2026-08-14T21:00:00+00:00,MSCL.TO,SELL,227.0000,447.1700
2026-08-14T21:00:00+00:00,PLTR,SELL,61.0000,2556.2000
2026-08-14T21:00:00+00:00,PRQR,BUY,114.0000,312.8300
2026-08-14T21:00:00+00:00,QSI,BUY,406.0000,109.8700
2026-08-14T21:00:00+00:00,RR.L,SELL,10.0000,2375.1400
2026-08-14T21:00:00+00:00,SEYE.ST,BUY,160.0000,314.1800
2026-08-14T21:00:00+00:00,SGLN.L,BUY,5678.0000,264.6000
2026-08-14T21:00:00+00:00,SHEL.L,SELL,4753.0000,320.0200
2026-08-14T21:00:00+00:00,SLX.AX,SELL,114.0000,752.4800
2026-08-14T21:00:00+00:00,SMGB.L,SELL,158.0000,558.7700
2026-08-14T21:00:00+00:00,VUL.AX,BUY,1292.0000,149.2000
2026-08-14T21:00:00+00:00,VYGR,BUY,427.0000,133.5300
2026-08-14T21:00:00+00:00,WBT.AX,SELL,102.0000,360.4700
2026-09-15T21:00:00+00:00,AL3.AX,SELL,561.0000,308.1900
2026-09-15T21:00:00+00:00,ALCLS.PA,BUY,1461.0000,147.0500
2026-09-15T21:00:00+00:00,ALMDT.PA,BUY,436.0000,302.1200
2026-09-15T21:00:00+00:00,AXE.AX,BUY,652.0000,105.5800
2026-09-15T21:00:00+00:00,AZN.L,SELL,7677.0000,199.5900
2026-09-15T21:00:00+00:00,BGO.L,BUY,4165.0000,109.6500
2026-09-15T21:00:00+00:00,BRK-B,SELL,13239.0000,232.4700
2026-09-15T21:00:00+00:00,BRNT.L,SELL,7.0000,494.6100
2026-09-15T21:00:00+00:00,DBMG.L,BUY,14288.0000,176.1200
2026-09-15T21:00:00+00:00,EDIT,SELL,61.0000,253.1400
2026-09-15T21:00:00+00:00,EMV.AX,BUY,1796.0000,154.9200
2026-09-15T21:00:00+00:00,FTC.L,BUY,15.0000,2885.9100
2026-09-15T21:00:00+00:00,GSIT,BUY,153.0000,305.1700
2026-09-15T21:00:00+00:00,HSBA.L,BUY,479.0000,565.0100
2026-09-15T21:00:00+00:00,HYT.AX,SELL,142.0000,121.3000
2026-09-15T21:00:00+00:00,IBTM.L,SELL,46202.0000,103.9300
2026-09-15T21:00:00+00:00,IDN,SELL,726.0000,153.9900
2026-09-15T21:00:00+00:00,IITU.L,SELL,308.0000,332.0500
2026-09-15T21:00:00+00:00,IPWR,BUY,120.0000,153.6700
2026-09-15T21:00:00+00:00,ISF.L,BUY,17595.0000,203.2100
2026-09-15T21:00:00+00:00,LTBR,BUY,195.0000,279.2900
2026-09-15T21:00:00+00:00,MOLN.SW,BUY,2647.0000,118.9900
2026-09-15T21:00:00+00:00,MSCL.TO,BUY,578.0000,435.3300
2026-09-15T21:00:00+00:00,PLTR,BUY,29.0000,2532.5400
2026-09-15T21:00:00+00:00,PRQR,BUY,42.0000,299.5700
2026-09-15T21:00:00+00:00,QSI,BUY,133.0000,106.8200
2026-09-15T21:00:00+00:00,RR.L,BUY,221.0000,2188.9500
2026-09-15T21:00:00+00:00,SEYE.ST,BUY,1382.0000,167.4900
2026-09-15T21:00:00+00:00,SGLN.L,SELL,240.0000,259.4700
2026-09-15T21:00:00+00:00,SHEL.L,BUY,1046.0000,352.0700
2026-09-15T21:00:00+00:00,SLX.AX,BUY,184.0000,636.0800
2026-09-15T21:00:00+00:00,SMGB.L,SELL,48.0000,520.2300
2026-09-15T21:00:00+00:00,VUL.AX,BUY,1807.0000,115.1700
2026-09-15T21:00:00+00:00,VYGR,BUY,290.0000,126.0900
2026-09-15T21:00:00+00:00,WBT.AX,BUY,588.0000,247.5600
