ts,symbol,side,qty,price
2021-09-16T21:00:00+00:00,AL3.AX,BUY,2471.0000,364.2100
2021-09-16T21:00:00+00:00,ALCLS.PA,BUY,718.0000,1252.0400
2021-09-16T21:00:00+00:00,ALMDT.PA,BUY,707.0000,1272.2300
2021-09-16T21:00:00+00:00,AXE.AX,BUY,1017.0000,884.4600
2021-09-16T21:00:00+00:00,AZN.L,BUY,7248.0000,120.7600
2021-09-16T21:00:00+00:00,BGO.L,BUY,2326.0000,386.8400
2021-09-16T21:00:00+00:00,BRK-B,BUY,9493.0000,121.7000
2021-09-16T21:00:00+00:00,BRNT.L,BUY,27604.0000,152.1700
2021-09-16T21:00:00+00:00,DBMG.L,BUY,69744.0000,110.2400
2021-09-16T21:00:00+00:00,EDIT,BUY,157.0000,5723.8300
2021-09-16T21:00:00+00:00,EMV.AX,BUY,3410.0000,263.8600
2021-09-16T21:00:00+00:00,FTC.L,BUY,5959.0000,151.0100
2021-09-16T21:00:00+00:00,GSIT,BUY,2623.0000,343.0400
2021-09-16T21:00:00+00:00,HSBA.L,BUY,39609.0000,102.5400
2021-09-16T21:00:00+00:00,HYT.AX,BUY,160.0000,5619.6100
2021-09-16T21:00:00+00:00,IBTM.L,BUY,72767.0000,111.6300
2021-09-16T21:00:00+00:00,IDN,BUY,1627.0000,552.9000
2021-09-16T21:00:00+00:00,IITU.L,BUY,34774.0000,126.0100
2021-09-16T21:00:00+00:00,IPWR,BUY,1644.0000,547.1600
2021-09-16T21:00:00+00:00,ISF.L,BUY,97601.0000,112.6500
2021-09-16T21:00:00+00:00,LTBR,BUY,4309.0000,208.8400
2021-09-16T21:00:00+00:00,MOLN.SW,BUY,1588.0000,566.4400
2021-09-16T21:00:00+00:00,MSCL.TO,BUY,1490.0000,603.7100
2021-09-16T21:00:00+00:00,PLTR,BUY,9915.0000,409.6300
2021-09-16T21:00:00+00:00,PRQR,BUY,688.0000,1307.8400
2021-09-16T21:00:00+00:00,QSI,BUY,723.0000,1243.8700
2021-09-16T21:00:00+00:00,RR.L,BUY,24669.0000,164.6400
2021-09-16T21:00:00+00:00,SEYE.ST,BUY,1603.0000,561.2900
2021-09-16T21:00:00+00:00,SGLN.L,BUY,115146.0000,104.6100
2021-09-16T21:00:00+00:00,SHEL.L,BUY,34965.0000,116.1600
2021-09-16T21:00:00+00:00,SLX.AX,BUY,3585.0000,250.9900
2021-09-16T21:00:00+00:00,SMGB.L,BUY,102856.0000,131.1400
2021-09-16T21:00:00+00:00,VUL.AX,BUY,1194.0000,753.7200
2021-09-16T21:00:00+00:00,VYGR,BUY,7467.0000,120.5300
2021-09-16T21:00:00+00:00,WBT.AX,BUY,3602.0000,249.8500
2021-10-15T21:00:00+00:00,AL3.AX,BUY,87.0000,361.3700
2021-10-15T21:00:00+00:00,ALCLS.PA,BUY,206.0000,1000.1100
2021-10-15T21:00:00+00:00,ALMDT.PA,SELL,34.0000,1373.1800
2021-10-15T21:00:00+00:00,AXE.AX,SELL,4.0000,912.1900
2021-10-15T21:00:00+00:00,AZN.L,SELL,355.0000,130.4600
2021-10-15T21:00:00+00:00,BGO.L,BUY,685.0000,307.0200
2021-10-15T21:00:00+00:00,BRK-B,SELL,94.0000,126.2800
2021-10-15T21:00:00+00:00,BRNT.L,SELL,3125.0000,176.2900
2021-10-15T21:00:00+00:00,DBMG.L,BUY,694.0000,112.1400
2021-10-15T21:00:00+00:00,EDIT,BUY,98.0000,3614.5300
2021-10-15T21:00:00+00:00,EMV.AX,SELL,20.0000,272.7500
2021-10-15T21:00:00+00:00,FTC.L,BUY,601.0000,140.9400
2021-10-15T21:00:00+00:00,GSIT,BUY,353.0000,310.6500
2021-10-15T21:00:00+00:00,HSBA.L,SELL,5036.0000,120.6900
2021-10-15T21:00:00+00:00,IBTM.L,BUY,3279.0000,109.7400
2021-10-15T21:00:00+00:00,IDN,BUY,92.0000,537.6500
2021-10-15T21:00:00+00:00,IITU.L,BUY,1128.0000,125.3900
2021-10-15T21:00:00+00:00,IPWR,BUY,69.0000,539.5400
2021-10-15T21:00:00+00:00,ISF.L,SELL,343.0000,116.1400
2021-10-15T21:00:00+00:00,LTBR,SELL,782.0000,262.0900
2021-10-15T21:00:00+00:00,MOLN.SW,BUY,50.0000,564.2400
2021-10-15T21:00:00+00:00,MSCL.TO,SELL,177.0000,703.8700
2021-10-15T21:00:00+00:00,PLTR,BUY,2078.0000,347.9000
2021-10-15T21:00:00+00:00,PRQR,BUY,41.0000,1267.1700
2021-10-15T21:00:00+00:00,QSI,BUY,10.0000,1260.2500
2021-10-15T21:00:00+00:00,RR.L,SELL,5550.0000,218.2400
2021-10-15T21:00:00+00:00,SEYE.ST,BUY,223.0000,506.1000
2021-10-15T21:00:00+00:00,SGLN.L,BUY,1765.0000,105.8500
2021-10-15T21:00:00+00:00,SHEL.L,SELL,5284.0000,140.5800
2021-10-15T21:00:00+00:00,SLX.AX,BUY,802.0000,210.7400
2021-10-15T21:00:00+00:00,SMGB.L,BUY,6664.0000,126.5300
2021-10-15T21:00:00+00:00,VUL.AX,BUY,322.0000,609.8000
2021-10-15T21:00:00+00:00,VYGR,SELL,1872.0000,165.2500
2021-10-15T21:00:00+00:00,WBT.AX,SELL,396.0000,288.3400
2021-11-15T21:00:00+00:00,AL3.AX,BUY,101.0000,364.1100
2021-11-15T21:00:00+00:00,ALCLS.PA,BUY,61.0000,982.3100
2021-11-15T21:00:00+00:00,ALMDT.PA,BUY,47.0000,1344.2900
2021-11-15T21:00:00+00:00,AXE.AX,BUY,95.0000,873.1400
2021-11-15T21:00:00+00:00,AZN.L,BUY,186.0000,133.0300
2021-11-15T21:00:00+00:00,BGO.L,SELL,137.0000,336.8400
2021-11-15T21:00:00+00:00,BRK-B,BUY,247.0000,128.8600
2021-11-15T21:00:00+00:00,BRNT.L,BUY,1520.0000,173.8200
2021-11-15T21:00:00+00:00,DBMG.L,BUY,198.0000,117.1000
2021-11-15T21:00:00+00:00,EDIT,BUY,22.0000,3485.7500
2021-11-15T21:00:00+00:00,EMV.AX,BUY,545.0000,246.0400
2021-11-15T21:00:00+00:00,FTC.L,SELL,421.0000,157.7200
2021-11-15T21:00:00+00:00,GSIT,SELL,444.0000,382.2800
2021-11-15T21:00:00+00:00,HSBA.L,BUY,1422.0000,121.3900
2021-11-15T21:00:00+00:00,HYT.AX,BUY,7.0000,5793.5800
2021-11-15T21:00:00+00:00,IBTM.L,BUY,1869.0000,112.1600
2021-11-15T21:00:00+00:00,IDN,BUY,799.0000,384.5000
2021-11-15T21:00:00+00:00,IITU.L,SELL,1735.0000,137.9700
2021-11-15T21:00:00+00:00,IPWR,SELL,43.0000,579.4900
2021-11-15T21:00:00+00:00,ISF.L,BUY,2889.0000,118.1100
2021-11-15T21:00:00+00:00,LTBR,SELL,1720.0000,535.7200
2021-11-15T21:00:00+00:00,MOLN.SW,BUY,578.0000,436.9200
2021-11-15T21:00:00+00:00,MSCL.TO,BUY,242.0000,622.2800
2021-11-15T21:00:00+00:00,PLTR,BUY,645.0000,345.7200
2021-11-15T21:00:00+00:00,PRQR,BUY,32.0000,1271.3000
2021-11-15T21:00:00+00:00,QSI,BUY,89.0000,1177.9000
2021-11-15T21:00:00+00:00,RR.L,BUY,980.0000,217.3900
2021-11-15T21:00:00+00:00,SEYE.ST,SELL,338.0000,650.5100
2021-11-15T21:00:00+00:00,SGLN.L,SELL,3257.0000,114.0200
2021-11-15T21:00:00+00:00,SHEL.L,BUY,2820.0000,134.4400
2021-11-15T21:00:00+00:00,SLX.AX,BUY,205.0000,210.8100
2021-11-15T21:00:00+00:00,SMGB.L,SELL,11138.0000,147.5000
2021-11-15T21:00:00+00:00,VUL.AX,BUY,205.0000,562.3300
2021-11-15T21:00:00+00:00,VYGR,BUY,1299.0000,140.4300
2021-11-15T21:00:00+00:00,WBT.AX,BUY,309.0000,275.4100
2021-12-14T21:00:00+00:00,AL3.AX,BUY,63.0000,337.1000
2021-12-14T21:00:00+00:00,ALCLS.PA,BUY,210.0000,767.7600
2021-12-14T21:00:00+00:00,AXE.AX,BUY,349.0000,629.6800
2021-12-14T21:00:00+00:00,AZN.L,BUY,234.0000,122.0500
2021-12-14T21:00:00+00:00,BGO.L,SELL,143.0000,335.9600
2021-12-14T21:00:00+00:00,BRK-B,SELL,958.0000,135.6100
2021-12-14T21:00:00+00:00,BRNT.L,BUY,240.0000,163.2500
2021-12-14T21:00:00+00:00,DBMG.L,SELL,2137.0000,114.4600
2021-12-14T21:00:00+00:00,EDIT,BUY,49.0000,2814.6400
2021-12-14T21:00:00+00:00,EMV.AX,SELL,214.0000,246.6400
2021-12-14T21:00:00+00:00,FTC.L,SELL,62.0000,151.0100
2021-12-14T21:00:00+00:00,GSIT,BUY,510.0000,301.6300
2021-12-14T21:00:00+00:00,HSBA.L,SELL,1718.0000,120.8300
2021-12-14T21:00:00+00:00,HYT.AX,SELL,7.0000,5721.4000
2021-12-14T21:00:00+00:00,IBTM.L,SELL,6047.0000,115.2600
2021-12-14T21:00:00+00:00,IDN,BUY,136.0000,345.7500
2021-12-14T21:00:00+00:00,IITU.L,SELL,2429.0000,140.7900
2021-12-14T21:00:00+00:00,IPWR,BUY,785.0000,373.8400
2021-12-14T21:00:00+00:00,ISF.L,SELL,3601.0000,116.1300
2021-12-14T21:00:00+00:00,LTBR,BUY,1514.0000,276.3000
2021-12-14T21:00:00+00:00,MOLN.SW,SELL,276.0000,473.0500
2021-12-14T21:00:00+00:00,MSCL.TO,BUY,253.0000,507.5900
2021-12-14T21:00:00+00:00,PLTR,BUY,2179.0000,279.5200
2021-12-14T21:00:00+00:00,PRQR,BUY,76.0000,1096.2500
2021-12-14T21:00:00+00:00,QSI,BUY,202.0000,895.9000
2021-12-14T21:00:00+00:00,RR.L,BUY,3322.0000,176.8400
2021-12-14T21:00:00+00:00,SEYE.ST,BUY,88.0000,582.1700
2021-12-14T21:00:00+00:00,SGLN.L,SELL,2007.0000,110.0200
2021-12-14T21:00:00+00:00,SHEL.L,SELL,607.0000,129.8600
2021-12-14T21:00:00+00:00,SLX.AX,BUY,859.0000,168.3500
2021-12-14T21:00:00+00:00,SMGB.L,SELL,4587.0000,146.6500
2021-12-14T21:00:00+00:00,VUL.AX,SELL,284.0000,638.2500
2021-12-14T21:00:00+00:00,VYGR,BUY,1052.0000,115.4900
2021-12-14T21:00:00+00:00,WBT.AX,BUY,458.0000,230.9700
2022-01-17T21:00:00+00:00,AL3.AX,BUY,193.0000,318.6500
2022-01-17T21:00:00+00:00,ALCLS.PA,BUY,132.0000,699.8100
2022-01-17T21:00:00+00:00,ALMDT.PA,BUY,3.0000,1284.6000
2022-01-17T21:00:00+00:00,AXE.AX,SELL,96.0000,682.3200
2022-01-17T21:00:00+00:00,AZN.L,SELL,368.0000,130.0900
2022-01-17T21:00:00+00:00,BGO.L,BUY,19.0000,337.7200
2022-01-17T21:00:00+00:00,BRK-B,SELL,381.0000,143.5500
2022-01-17T21:00:00+00:00,BRNT.L,SELL,2743.0000,184.5200
2022-01-17T21:00:00+00:00,DBMG.L,BUY,2781.0000,111.3300
2022-01-17T21:00:00+00:00,EDIT,BUY,117.0000,2094.1600
2022-01-17T21:00:00+00:00,EMV.AX,BUY,439.0000,223.2500
2022-01-17T21:00:00+00:00,FTC.L,SELL,60.0000,154.3600
2022-01-17T21:00:00+00:00,GSIT,BUY,101.0000,295.5300
2022-01-17T21:00:00+00:00,HSBA.L,SELL,5220.0000,144.2700
2022-01-17T21:00:00+00:00,HYT.AX,BUY,6.0000,5594.8100
2022-01-17T21:00:00+00:00,IBTM.L,BUY,5397.0000,108.5100
2022-01-17T21:00:00+00:00,IDN,BUY,248.0000,320.0400
2022-01-17T21:00:00+00:00,IITU.L,BUY,1888.0000,134.5000
2022-01-17T21:00:00+00:00,IPWR,BUY,256.0000,342.5500
2022-01-17T21:00:00+00:00,ISF.L,SELL,3962.0000,122.5700
2022-01-17T21:00:00+00:00,LTBR,BUY,146.0000,267.8900
2022-01-17T21:00:00+00:00,MOLN.SW,SELL,666.0000,729.0000
2022-01-17T21:00:00+00:00,MSCL.TO,BUY,371.0000,426.2000
2022-01-17T21:00:00+00:00,PLTR,BUY,3305.0000,231.3200
2022-01-17T21:00:00+00:00,PRQR,BUY,20.0000,1083.5200
2022-01-17T21:00:00+00:00,QSI,BUY,65.0000,853.0000
2022-01-17T21:00:00+00:00,RR.L,SELL,1366.0000,190.0700
2022-01-17T21:00:00+00:00,SEYE.ST,BUY,559.0000,434.9300
2022-01-17T21:00:00+00:00,SGLN.L,BUY,1986.0000,109.4100
2022-01-17T21:00:00+00:00,SHEL.L,SELL,3528.0000,147.7800
2022-01-17T21:00:00+00:00,SLX.AX,SELL,770.0000,198.4400
2022-01-17T21:00:00+00:00,SMGB.L,SELL,672.0000,149.5000
2022-01-17T21:00:00+00:00,VUL.AX,BUY,424.0000,498.8900
2022-01-17T21:00:00+00:00,VYGR,SELL,82.0000,118.1100
2022-01-17T21:00:00+00:00,WBT.AX,SELL,575.0000,273.3300
2022-02-15T21:00:00+00:00,AL3.AX,BUY,372.0000,274.3300
2022-02-15T21:00:00+00:00,ALCLS.PA,BUY,338.0000,541.5600
2022-02-15T21:00:00+00:00,ALMDT.PA,BUY,75.0000,1130.0100
2022-02-15T21:00:00+00:00,AXE.AX,BUY,242.0000,562.2800
2022-02-15T21:00:00+00:00,AZN.L,SELL,275.0000,131.5000
2022-02-15T21:00:00+00:00,BGO.L,SELL,66.0000,335.9600
2022-02-15T21:00:00+00:00,BRK-B,SELL,149.0000,141.9100
2022-02-15T21:00:00+00:00,BRNT.L,SELL,2415.0000,199.6700
2022-02-15T21:00:00+00:00,DBMG.L,SELL,4741.0000,115.7900
2022-02-15T21:00:00+00:00,EDIT,BUY,121.0000,1598.8000
2022-02-15T21:00:00+00:00,EMV.AX,BUY,876.0000,179.0700
2022-02-15T21:00:00+00:00,FTC.L,SELL,299.0000,157.7200
2022-02-15T21:00:00+00:00,GSIT,BUY,140.0000,274.6300
2022-02-15T21:00:00+00:00,HSBA.L,SELL,2667.0000,154.2200
2022-02-15T21:00:00+00:00,HYT.AX,SELL,5.0000,5587.1800
2022-02-15T21:00:00+00:00,IBTM.L,SELL,1573.0000,107.5400
2022-02-15T21:00:00+00:00,IDN,BUY,842.0000,240.8700
2022-02-15T21:00:00+00:00,IITU.L,BUY,341.0000,129.2700
2022-02-15T21:00:00+00:00,IPWR,BUY,116.0000,319.0200
2022-02-15T21:00:00+00:00,ISF.L,SELL,2908.0000,122.8600
2022-02-15T21:00:00+00:00,LTBR,SELL,402.0000,294.2300
2022-02-15T21:00:00+00:00,MOLN.SW,SELL,85.0000,758.2200
2022-02-15T21:00:00+00:00,MSCL.TO,BUY,111.0000,393.7200
2022-02-15T21:00:00+00:00,PLTR,BUY,1495.0000,207.4700
2022-02-15T21:00:00+00:00,PRQR,BUY,3549.0000,204.6500
2022-02-15T21:00:00+00:00,QSI,BUY,411.0000,600.9300
2022-02-15T21:00:00+00:00,RR.L,BUY,351.0000,181.6400
2022-02-15T21:00:00+00:00,SEYE.ST,BUY,78.0000,407.3700
2022-02-15T21:00:00+00:00,SGLN.L,SELL,6082.0000,112.2300
2022-02-15T21:00:00+00:00,SHEL.L,SELL,2785.0000,159.1000
2022-02-15T21:00:00+00:00,SLX.AX,BUY,661.0000,168.8100
2022-02-15T21:00:00+00:00,SMGB.L,BUY,7089.0000,134.8800
2022-02-15T21:00:00+00:00,VUL.AX,BUY,113.0000,456.7000
2022-02-15T21:00:00+00:00,VYGR,SELL,1828.0000,149.4000
2022-02-15T21:00:00+00:00,WBT.AX,BUY,50.0000,261.5100
2022-03-16T21:00:00+00:00,AL3.AX,BUY,438.0000,241.0100
2022-03-16T21:00:00+00:00,ALCLS.PA,BUY,362.0000,442.8500
2022-03-16T21:00:00+00:00,ALMDT.PA,BUY,95.0000,1004.6600
2022-03-16T21:00:00+00:00,AXE.AX,BUY,118.0000,521.4600
2022-03-16T21:00:00+00:00,AZN.L,SELL,523.0000,142.0400
2022-03-16T21:00:00+00:00,BGO.L,BUY,182.0000,313.1600
2022-03-16T21:00:00+00:00,BRK-B,SELL,792.0000,156.4700
2022-03-16T21:00:00+00:00,BRNT.L,SELL,3092.0000,232.9300
2022-03-16T21:00:00+00:00,DBMG.L,SELL,5103.0000,124.8400
2022-03-16T21:00:00+00:00,EDIT,SELL,7.0000,1609.6100
2022-03-16T21:00:00+00:00,EMV.AX,SELL,56.0000,180.2700
2022-03-16T21:00:00+00:00,FTC.L,BUY,576.0000,142.6200
2022-03-16T21:00:00+00:00,GSIT,BUY,190.0000,258.4400
2022-03-16T21:00:00+00:00,HSBA.L,BUY,2261.0000,141.4100
2022-03-16T21:00:00+00:00,HYT.AX,SELL,8.0000,5843.5900
2022-03-16T21:00:00+00:00,IBTM.L,SELL,1920.0000,109.8400
2022-03-16T21:00:00+00:00,IDN,BUY,2032.0000,155.4200
2022-03-16T21:00:00+00:00,IITU.L,BUY,672.0000,126.1900
2022-03-16T21:00:00+00:00,IPWR,SELL,11.0000,318.8000
2022-03-16T21:00:00+00:00,ISF.L,BUY,2559.0000,118.9100
2022-03-16T21:00:00+00:00,LTBR,SELL,689.0000,377.7800
2022-03-16T21:00:00+00:00,MOLN.SW,BUY,328.0000,591.7200
2022-03-16T21:00:00+00:00,MSCL.TO,BUY,254.0000,352.8800
2022-03-16T21:00:00+00:00,PLTR,BUY,3009.0000,179.0600
2022-03-16T21:00:00+00:00,PRQR,BUY,1191.0000,160.3900
2022-03-16T21:00:00+00:00,QSI,SELL,1.0000,598.7700
2022-03-16T21:00:00+00:00,RR.L,BUY,6030.0000,142.4800
2022-03-16T21:00:00+00:00,SEYE.ST,BUY,241.0000,365.8300
2022-03-16T21:00:00+00:00,SGLN.L,SELL,7084.0000,119.6000
2022-03-16T21:00:00+00:00,SHEL.L,BUY,715.0000,154.0700
2022-03-16T21:00:00+00:00,SLX.AX,SELL,664.0000,191.9100
2022-03-16T21:00:00+00:00,SMGB.L,BUY,2188.0000,131.4000
2022-03-16T21:00:00+00:00,VUL.AX,SELL,103.0000,479.8000
2022-03-16T21:00:00+00:00,VYGR,SELL,3140.0000,309.9400
2022-03-16T21:00:00+00:00,WBT.AX,BUY,456.0000,229.9200
2022-04-14T21:00:00+00:00,AL3.AX,BUY,715.0000,208.1200
2022-04-14T21:00:00+00:00,ALCLS.PA,BUY,197.0000,415.4400
2022-04-14T21:00:00+00:00,ALMDT.PA,SELL,26.0000,1065.0900
2022-04-14T21:00:00+00:00,AXE.AX,SELL,20.0000,543.2500
2022-04-14T21:00:00+00:00,AZN.L,SELL,492.0000,158.9300
2022-04-14T21:00:00+00:00,BGO.L,BUY,44.0000,317.5400
2022-04-14T21:00:00+00:00,BRK-B,BUY,76.0000,159.4000
2022-04-14T21:00:00+00:00,BRNT.L,SELL,1363.0000,259.4100
2022-04-14T21:00:00+00:00,DBMG.L,SELL,4638.0000,138.9900
2022-04-14T21:00:00+00:00,EDIT,BUY,2.0000,1651.0700
2022-04-14T21:00:00+00:00,EMV.AX,SELL,420.0000,202.6200
2022-04-14T21:00:00+00:00,FTC.L,SELL,175.0000,151.0100
2022-04-14T21:00:00+00:00,GSIT,BUY,670.0000,223.0200
2022-04-14T21:00:00+00:00,HSBA.L,SELL,744.0000,149.4300
2022-04-14T21:00:00+00:00,IBTM.L,BUY,5532.0000,105.1700
2022-04-14T21:00:00+00:00,IDN,BUY,754.0000,141.5000
2022-04-14T21:00:00+00:00,IITU.L,BUY,978.0000,126.3200
2022-04-14T21:00:00+00:00,IPWR,BUY,106.0000,316.2500
2022-04-14T21:00:00+00:00,ISF.L,SELL,1553.0000,124.4900
2022-04-14T21:00:00+00:00,LTBR,BUY,166.0000,363.4800
2022-04-14T21:00:00+00:00,MOLN.SW,BUY,64.0000,584.3600
2022-04-14T21:00:00+00:00,MSCL.TO,SELL,690.0000,498.2000
2022-04-14T21:00:00+00:00,PLTR,SELL,394.0000,187.5700
2022-04-14T21:00:00+00:00,PRQR,BUY,1411.0000,131.8500
2022-04-14T21:00:00+00:00,QSI,SELL,69.0000,645.7800
2022-04-14T21:00:00+00:00,RR.L,BUY,1129.0000,141.0500
2022-04-14T21:00:00+00:00,SEYE.ST,BUY,406.0000,323.0000
2022-04-14T21:00:00+00:00,SGLN.L,SELL,371.0000,123.5600
2022-04-14T21:00:00+00:00,SHEL.L,SELL,2790.0000,177.4100
2022-04-14T21:00:00+00:00,SLX.AX,SELL,1242.0000,268.9100
2022-04-14T21:00:00+00:00,SMGB.L,BUY,9678.0000,123.5700
2022-04-14T21:00:00+00:00,VUL.AX,SELL,21.0000,499.3300
2022-04-14T21:00:00+00:00,VYGR,SELL,429.0000,374.5400
2022-04-14T21:00:00+00:00,WBT.AX,SELL,61.0000,240.4200
2022-05-18T21:00:00+00:00,AL3.AX,SELL,6.0000,199.3000
2022-05-18T21:00:00+00:00,ALCLS.PA,BUY,362.0000,341.6900
2022-05-18T21:00:00+00:00,ALMDT.PA,BUY,153.0000,866.4300
2022-05-18T21:00:00+00:00,AXE.AX,BUY,402.0000,420.2200
2022-05-18T21:00:00+00:00,AZN.L,SELL,93.0000,154.5300
2022-05-18T21:00:00+00:00,BGO.L,BUY,106.0000,292.9800
2022-05-18T21:00:00+00:00,BRK-B,BUY,163.0000,149.1800
2022-05-18T21:00:00+00:00,BRNT.L,SELL,1660.0000,275.6200
2022-05-18T21:00:00+00:00,DBMG.L,SELL,7054.0000,151.7800
2022-05-18T21:00:00+00:00,EDIT,BUY,233.0000,1115.8300
2022-05-18T21:00:00+00:00,EMV.AX,BUY,516.0000,174.1000
2022-05-18T21:00:00+00:00,FTC.L,BUY,304.0000,137.5800
2022-05-18T21:00:00+00:00,GSIT,BUY,131.0000,206.7700
2022-05-18T21:00:00+00:00,HSBA.L,BUY,231.0000,141.7400
2022-05-18T21:00:00+00:00,HYT.AX,SELL,5.0000,5969.3300
2022-05-18T21:00:00+00:00,IBTM.L,SELL,6702.0000,109.8700
2022-05-18T21:00:00+00:00,IDN,BUY,330.0000,128.8300
2022-05-18T21:00:00+00:00,IITU.L,BUY,352.0000,119.6300
2022-05-18T21:00:00+00:00,IPWR,SELL,785.0000,413.4700
2022-05-18T21:00:00+00:00,ISF.L,SELL,2256.0000,122.1000
2022-05-18T21:00:00+00:00,LTBR,BUY,736.0000,269.5900
2022-05-18T21:00:00+00:00,MOLN.SW,BUY,2383.0000,222.9000
2022-05-18T21:00:00+00:00,MSCL.TO,BUY,904.0000,320.4100
2022-05-18T21:00:00+00:00,PLTR,BUY,9140.0000,127.1300
2022-05-18T21:00:00+00:00,PRQR,BUY,897.0000,111.8000
2022-05-18T21:00:00+00:00,QSI,BUY,62.0000,592.0400
2022-05-18T21:00:00+00:00,RR.L,BUY,1596.0000,127.9900
2022-05-18T21:00:00+00:00,SEYE.ST,BUY,1908.0000,185.3500
2022-05-18T21:00:00+00:00,SGLN.L,SELL,1787.0000,120.3200
2022-05-18T21:00:00+00:00,SHEL.L,SELL,2718.0000,191.8600
2022-05-18T21:00:00+00:00,SLX.AX,BUY,817.0000,207.8000
2022-05-18T21:00:00+00:00,SMGB.L,SELL,5439.0000,124.2100
2022-05-18T21:00:00+00:00,VUL.AX,BUY,310.0000,409.0800
2022-05-18T21:00:00+00:00,VYGR,BUY,712.0000,278.0100
2022-05-18T21:00:00+00:00,WBT.AX,SELL,67.0000,234.0000
2022-06-20T21:00:00+00:00,AL3.AX,BUY,567.0000,172.8100
2022-06-20T21:00:00+00:00,ALCLS.PA,BUY,645.0000,267.4800
2022-06-20T21:00:00+00:00,ALMDT.PA,SELL,152.0000,995.1600
2022-06-20T21:00:00+00:00,AXE.AX,BUY,268.0000,364.5100
2022-06-20T21:00:00+00:00,AZN.L,SELL,19.0000,151.6600
2022-06-20T21:00:00+00:00,BGO.L,BUY,745.0000,229.8200
2022-06-20T21:00:00+00:00,BRK-B,BUY,814.0000,131.7900
2022-06-20T21:00:00+00:00,BRNT.L,SELL,1370.0000,296.7100
2022-06-20T21:00:00+00:00,DBMG.L,SELL,2703.0000,156.9700
2022-06-20T21:00:00+00:00,EDIT,SELL,65.0000,1187.4900
2022-06-20T21:00:00+00:00,EMV.AX,BUY,1808.0000,125.5600
2022-06-20T21:00:00+00:00,FTC.L,SELL,433.0000,144.3000
2022-06-20T21:00:00+00:00,GSIT,SELL,539.0000,231.4000
2022-06-20T21:00:00+00:00,HSBA.L,SELL,2768.0000,153.7500
2022-06-20T21:00:00+00:00,HYT.AX,SELL,5.0000,6026.8300
2022-06-20T21:00:00+00:00,IBTM.L,SELL,614.0000,108.3700
2022-06-20T21:00:00+00:00,IDN,BUY,272.0000,121.1800
2022-06-20T21:00:00+00:00,IITU.L,BUY,1230.0000,113.1300
2022-06-20T21:00:00+00:00,IPWR,SELL,256.0000,459.3900
2022-06-20T21:00:00+00:00,ISF.L,BUY,1771.0000,117.0700
2022-06-20T21:00:00+00:00,LTBR,BUY,534.0000,226.7100
2022-06-20T21:00:00+00:00,MOLN.SW,SELL,480.0000,248.0800
2022-06-20T21:00:00+00:00,MSCL.TO,BUY,1294.0000,213.3000
2022-06-20T21:00:00+00:00,PLTR,SELL,1855.0000,132.1500
2022-06-20T21:00:00+00:00,PRQR,SELL,1277.0000,130.4100
2022-06-20T21:00:00+00:00,QSI,BUY,315.0000,478.2700
2022-06-20T21:00:00+00:00,RR.L,SELL,2922.0000,138.1300
2022-06-20T21:00:00+00:00,SEYE.ST,BUY,115.0000,177.0000
2022-06-20T21:00:00+00:00,SGLN.L,SELL,4432.0000,123.2300
2022-06-20T21:00:00+00:00,SHEL.L,BUY,1852.0000,172.2900
2022-06-20T21:00:00+00:00,SLX.AX,SELL,1454.0000,308.7600
2022-06-20T21:00:00+00:00,SMGB.L,BUY,10004.0000,111.0600
2022-06-20T21:00:00+00:00,VUL.AX,BUY,729.0000,299.1200
2022-06-20T21:00:00+00:00,VYGR,BUY,697.0000,222.9500
2022-06-20T21:00:00+00:00,WBT.AX,BUY,1226.0000,172.7800
2022-07-19T21:00:00+00:00,AL3.AX,BUY,480.0000,166.1300
2022-07-19T21:00:00+00:00,ALCLS.PA,SELL,2.0000,282.0100
2022-07-19T21:00:00+00:00,ALMDT.PA,BUY,123.0000,918.7500
2022-07-19T21:00:00+00:00,AXE.AX,BUY,205.0000,353.4600
2022-07-19T21:00:00+00:00,AZN.L,SELL,316.0000,169.4300
2022-07-19T21:00:00+00:00,BGO.L,SELL,986.0000,328.0700
2022-07-19T21:00:00+00:00,BRK-B,SELL,308.0000,144.1300
2022-07-19T21:00:00+00:00,BRNT.L,BUY,1232.0000,286.6300
2022-07-19T21:00:00+00:00,DBMG.L,BUY,1394.0000,160.6200
2022-07-19T21:00:00+00:00,EDIT,SELL,236.0000,1852.1700
2022-07-19T21:00:00+00:00,EMV.AX,SELL,1660.0000,174.2900
2022-07-19T21:00:00+00:00,FTC.L,SELL,1279.0000,193.2900
2022-07-19T21:00:00+00:00,GSIT,SELL,556.0000,286.4200
2022-07-19T21:00:00+00:00,HSBA.L,BUY,2078.0000,149.7200
2022-07-19T21:00:00+00:00,HYT.AX,BUY,358.0000,1814.4500
2022-07-19T21:00:00+00:00,IBTM.L,BUY,717.0000,113.0500
2022-07-19T21:00:00+00:00,IDN,SELL,2164.0000,183.3000
2022-07-19T21:00:00+00:00,IITU.L,SELL,1182.0000,123.1000
2022-07-19T21:00:00+00:00,IPWR,BUY,114.0000,456.4200
2022-07-19T21:00:00+00:00,ISF.L,BUY,2450.0000,120.0800
2022-07-19T21:00:00+00:00,LTBR,SELL,357.0000,263.5400
2022-07-19T21:00:00+00:00,MOLN.SW,BUY,1035.0000,201.4800
2022-07-19T21:00:00+00:00,MSCL.TO,SELL,305.0000,242.9900
2022-07-19T21:00:00+00:00,PLTR,SELL,2985.0000,154.8900
2022-07-19T21:00:00+00:00,PRQR,SELL,456.0000,147.5400
2022-07-19T21:00:00+00:00,QSI,BUY,3.0000,502.9300
2022-07-19T21:00:00+00:00,RR.L,BUY,767.0000,141.6800
2022-07-19T21:00:00+00:00,SEYE.ST,BUY,431.0000,171.3700
2022-07-19T21:00:00+00:00,SGLN.L,BUY,10260.0000,117.0400
2022-07-19T21:00:00+00:00,SHEL.L,BUY,2111.0000,166.0400
2022-07-19T21:00:00+00:00,SLX.AX,SELL,881.0000,474.6400
2022-07-19T21:00:00+00:00,SMGB.L,SELL,3106.0000,120.2100
2022-07-19T21:00:00+00:00,VUL.AX,SELL,231.0000,342.5600
2022-07-19T21:00:00+00:00,VYGR,SELL,1010.0000,317.6800
2022-07-19T21:00:00+00:00,WBT.AX,SELL,1039.0000,229.7800
2022-08-17T21:00:00+00:00,AL3.AX,SELL,1755.0000,253.7000
2022-08-17T21:00:00+00:00,ALCLS.PA,SELL,834.0000,394.6200
2022-08-17T21:00:00+00:00,ALMDT.PA,BUY,39.0000,917.8100
2022-08-17T21:00:00+00:00,AXE.AX,SELL,945.0000,579.4200
2022-08-17T21:00:00+00:00,AZN.L,BUY,273.0000,167.1700
2022-08-17T21:00:00+00:00,BGO.L,BUY,432.0000,294.7400
2022-08-17T21:00:00+00:00,BRK-B,SELL,166.0000,152.7500
2022-08-17T21:00:00+00:00,BRNT.L,BUY,1805.0000,265.2900
2022-08-17T21:00:00+00:00,DBMG.L,BUY,4171.0000,153.5300
2022-08-17T21:00:00+00:00,EDIT,BUY,48.0000,1752.9600
2022-08-17T21:00:00+00:00,EMV.AX,BUY,770.0000,157.7200
2022-08-17T21:00:00+00:00,FTC.L,BUY,604.0000,177.8500
2022-08-17T21:00:00+00:00,GSIT,BUY,547.0000,253.6800
2022-08-17T21:00:00+00:00,HSBA.L,SELL,87.0000,155.9300
2022-08-17T21:00:00+00:00,HYT.AX,BUY,10.0000,1847.2600
2022-08-17T21:00:00+00:00,IBTM.L,BUY,2074.0000,114.1100
2022-08-17T21:00:00+00:00,IDN,BUY,444.0000,174.6700
2022-08-17T21:00:00+00:00,IITU.L,SELL,2499.0000,137.3300
2022-08-17T21:00:00+00:00,IPWR,SELL,275.0000,549.5700
2022-08-17T21:00:00+00:00,ISF.L,BUY,114.0000,124.5100
2022-08-17T21:00:00+00:00,LTBR,SELL,141.0000,285.2700
2022-08-17T21:00:00+00:00,MOLN.SW,BUY,143.0000,202.7800
2022-08-17T21:00:00+00:00,MSCL.TO,SELL,203.0000,266.7200
2022-08-17T21:00:00+00:00,PLTR,BUY,1093.0000,154.4400
2022-08-17T21:00:00+00:00,PRQR,SELL,50.0000,154.4300
2022-08-17T21:00:00+00:00,QSI,SELL,323.0000,635.7700
2022-08-17T21:00:00+00:00,RR.L,BUY,4839.0000,126.0600
2022-08-17T21:00:00+00:00,SEYE.ST,SELL,719.0000,205.7500
2022-08-17T21:00:00+00:00,SGLN.L,BUY,1177.0000,120.1500
2022-08-17T21:00:00+00:00,SHEL.L,SELL,1030.0000,179.8600
2022-08-17T21:00:00+00:00,SLX.AX,SELL,213.0000,554.3300
2022-08-17T21:00:00+00:00,SMGB.L,SELL,2370.0000,127.4600
2022-08-17T21:00:00+00:00,VUL.AX,SELL,728.0000,489.8300
2022-08-17T21:00:00+00:00,VYGR,BUY,707.0000,264.5700
2022-08-17T21:00:00+00:00,WBT.AX,SELL,115.0000,245.6300
2022-09-16T21:00:00+00:00,AL3.AX,BUY,468.0000,218.8400
2022-09-16T21:00:00+00:00,ALCLS.PA,BUY,195.0000,354.3200
2022-09-16T21:00:00+00:00,ALMDT.PA,BUY,120.0000,797.7500
2022-09-16T21:00:00+00:00,AXE.AX,BUY,215.0000,497.1700
2022-09-16T21:00:00+00:00,AZN.L,BUY,305.0000,153.8000
2022-09-16T21:00:00+00:00,BGO.L,SELL,565.0000,347.3700
2022-09-16T21:00:00+00:00,BRK-B,BUY,141.0000,145.7400
2022-09-16T21:00:00+00:00,BRNT.L,SELL,1212.0000,277.8200
2022-09-16T21:00:00+00:00,DBMG.L,SELL,6664.0000,170.6900
2022-09-16T21:00:00+00:00,EDIT,BUY,21.0000,1637.8800
2022-09-16T21:00:00+00:00,EMV.AX,BUY,237.0000,147.3200
2022-09-16T21:00:00+00:00,FTC.L,SELL,55.0000,174.5000
2022-09-16T21:00:00+00:00,GSIT,BUY,615.0000,211.4500
2022-09-16T21:00:00+00:00,HSBA.L,SELL,409.0000,153.7000
2022-09-16T21:00:00+00:00,HYT.AX,SELL,18.0000,1859.0200
2022-09-16T21:00:00+00:00,IBTM.L,SELL,3022.0000,115.4600
2022-09-16T21:00:00+00:00,IDN,SELL,960.0000,206.1800
2022-09-16T21:00:00+00:00,IITU.L,BUY,2679.0000,123.4700
2022-09-16T21:00:00+00:00,IPWR,SELL,132.0000,577.9600
2022-09-16T21:00:00+00:00,ISF.L,BUY,240.0000,120.5800
2022-09-16T21:00:00+00:00,LTBR,BUY,462.0000,243.0700
2022-09-16T21:00:00+00:00,MOLN.SW,SELL,638.0000,228.1100
2022-09-16T21:00:00+00:00,MSCL.TO,BUY,1590.0000,178.7800
2022-09-16T21:00:00+00:00,PLTR,BUY,3151.0000,134.6000
2022-09-16T21:00:00+00:00,PRQR,BUY,254.0000,143.9500
2022-09-16T21:00:00+00:00,QSI,BUY,304.0000,512.4500
2022-09-16T21:00:00+00:00,RR.L,BUY,2369.0000,114.3900
2022-09-16T21:00:00+00:00,SEYE.ST,SELL,202.0000,208.9200
2022-09-16T21:00:00+00:00,SGLN.L,SELL,3205.0000,120.3200
2022-09-16T21:00:00+00:00,SHEL.L,SELL,1838.0000,189.3000
2022-09-16T21:00:00+00:00,SLX.AX,SELL,31.0000,548.1000
2022-09-16T21:00:00+00:00,SMGB.L,BUY,10120.0000,113.4300
2022-09-16T21:00:00+00:00,VUL.AX,BUY,90.0000,454.3300
2022-09-16T21:00:00+00:00,VYGR,SELL,669.0000,316.0400
2022-09-16T21:00:00+00:00,WBT.AX,BUY,502.0000,210.9800
2022-10-18T21:00:00+00:00,AL3.AX,SELL,201.0000,219.4400
2022-10-18T21:00:00+00:00,ALCLS.PA,BUY,546.0000,279.3600
2022-10-18T21:00:00+00:00,ALMDT.PA,BUY,124.0000,687.6100
2022-10-18T21:00:00+00:00,AXE.AX,BUY,118.0000,446.0600
2022-10-18T21:00:00+00:00,AZN.L,SELL,108.0000,149.5800
2022-10-18T21:00:00+00:00,BGO.L,BUY,14.0000,329.8200
2022-10-18T21:00:00+00:00,BRK-B,SELL,620.0000,150.6700
2022-10-18T21:00:00+00:00,BRNT.L,SELL,609.0000,276.1100
2022-10-18T21:00:00+00:00,DBMG.L,SELL,3857.0000,177.8700
2022-10-18T21:00:00+00:00,EDIT,BUY,54.0000,1426.0700
2022-10-18T21:00:00+00:00,EMV.AX,BUY,921.0000,122.5100
2022-10-18T21:00:00+00:00,FTC.L,BUY,674.0000,147.6500
2022-10-18T21:00:00+00:00,GSIT,BUY,1458.0000,151.0800
2022-10-18T21:00:00+00:00,HSBA.L,BUY,2302.0000,135.1700
2022-10-18T21:00:00+00:00,HYT.AX,BUY,3.0000,1765.9900
2022-10-18T21:00:00+00:00,IBTM.L,SELL,986.0000,111.7500
2022-10-18T21:00:00+00:00,IDN,BUY,648.0000,171.8000
2022-10-18T21:00:00+00:00,IITU.L,SELL,150.0000,118.3500
2022-10-18T21:00:00+00:00,IPWR,BUY,310.0000,461.6000
2022-10-18T21:00:00+00:00,ISF.L,SELL,433.0000,115.6400
2022-10-18T21:00:00+00:00,LTBR,SELL,173.0000,243.1700
2022-10-18T21:00:00+00:00,MOLN.SW,SELL,14.0000,218.5100
2022-10-18T21:00:00+00:00,MSCL.TO,SELL,107.0000,174.2800
2022-10-18T21:00:00+00:00,PLTR,SELL,3007.0000,142.4000
2022-10-18T21:00:00+00:00,PRQR,SELL,1457.0000,178.1100
2022-10-18T21:00:00+00:00,QSI,SELL,5.0000,490.4400
2022-10-18T21:00:00+00:00,RR.L,SELL,952.0000,112.1400
2022-10-18T21:00:00+00:00,SEYE.ST,BUY,80.0000,195.8700
2022-10-18T21:00:00+00:00,SGLN.L,SELL,4094.0000,119.6500
2022-10-18T21:00:00+00:00,SHEL.L,SELL,590.0000,185.7100
2022-10-18T21:00:00+00:00,SLX.AX,BUY,216.0000,463.5100
2022-10-18T21:00:00+00:00,SMGB.L,BUY,9750.0000,100.2200
2022-10-18T21:00:00+00:00,VUL.AX,BUY,574.0000,337.7300
2022-10-18T21:00:00+00:00,VYGR,BUY,95.0000,292.1000
2022-10-18T21:00:00+00:00,WBT.AX,BUY,22.0000,200.4200
2022-11-16T21:00:00+00:00,AL3.AX,BUY,1404.0000,168.4800
2022-11-16T21:00:00+00:00,ALCLS.PA,BUY,638.0000,240.9500
2022-11-16T21:00:00+00:00,ALMDT.PA,BUY,62.0000,680.4200
2022-11-16T21:00:00+00:00,AXE.AX,BUY,236.0000,413.3000
2022-11-16T21:00:00+00:00,AZN.L,SELL,282.0000,163.3100
2022-11-16T21:00:00+00:00,BGO.L,BUY,64.0000,334.2100
2022-11-16T21:00:00+00:00,BRK-B,SELL,71.0000,157.8500
2022-11-16T21:00:00+00:00,BRNT.L,BUY,393.0000,279.1400
2022-11-16T21:00:00+00:00,DBMG.L,BUY,7117.0000,157.8900
2022-11-16T21:00:00+00:00,EDIT,BUY,64.0000,1339.9100
2022-11-16T21:00:00+00:00,EMV.AX,SELL,2260.0000,185.8800
2022-11-16T21:00:00+00:00,FTC.L,SELL,289.0000,161.0700
2022-11-16T21:00:00+00:00,GSIT,BUY,928.0000,135.1800
2022-11-16T21:00:00+00:00,HSBA.L,BUY,483.0000,138.0000
2022-11-16T21:00:00+00:00,HYT.AX,BUY,5.0000,1814.1600
2022-11-16T21:00:00+00:00,IBTM.L,BUY,4362.0000,109.2400
2022-11-16T21:00:00+00:00,IDN,BUY,1214.0000,144.0200
2022-11-16T21:00:00+00:00,IITU.L,SELL,66.0000,123.0500
2022-11-16T21:00:00+00:00,IPWR,SELL,308.0000,571.7000
2022-11-16T21:00:00+00:00,ISF.L,SELL,1925.0000,122.5600
2022-11-16T21:00:00+00:00,LTBR,BUY,230.0000,237.2000
2022-11-16T21:00:00+00:00,MSCL.TO,BUY,3623.0000,105.1200
2022-11-16T21:00:00+00:00,PLTR,BUY,2758.0000,134.4300
2022-11-16T21:00:00+00:00,PRQR,BUY,206.0000,177.4300
2022-11-16T21:00:00+00:00,QSI,BUY,5.0000,507.4900
2022-11-16T21:00:00+00:00,RR.L,SELL,4095.0000,131.6700
2022-11-16T21:00:00+00:00,SEYE.ST,BUY,1193.0000,160.4900
2022-11-16T21:00:00+00:00,SGLN.L,BUY,1266.0000,122.5900
2022-11-16T21:00:00+00:00,SHEL.L,SELL,477.0000,197.1400
2022-11-16T21:00:00+00:00,SLX.AX,SELL,18.0000,485.6700
2022-11-16T21:00:00+00:00,SMGB.L,SELL,16729.0000,119.2300
2022-11-16T21:00:00+00:00,VUL.AX,SELL,458.0000,425.6400
2022-11-16T21:00:00+00:00,VYGR,BUY,765.0000,241.5900
2022-11-16T21:00:00+00:00,WBT.AX,SELL,1244.0000,290.7100
2022-12-15T21:00:00+00:00,AL3.AX,SELL,48.0000,163.2700
2022-12-15T21:00:00+00:00,ALCLS.PA,BUY,57.0000,227.9300
2022-12-15T21:00:00+00:00,ALMDT.PA,SELL,15.0000,660.8400
2022-12-15T21:00:00+00:00,AXE.AX,BUY,207.0000,362.7800
2022-12-15T21:00:00+00:00,AZN.L,SELL,494.0000,172.6100
2022-12-15T21:00:00+00:00,BGO.L,SELL,200.0000,346.4900
2022-12-15T21:00:00+00:00,BRK-B,BUY,198.0000,147.6500
2022-12-15T21:00:00+00:00,BRNT.L,BUY,1693.0000,241.2200
2022-12-15T21:00:00+00:00,DBMG.L,BUY,1643.0000,146.7400
2022-12-15T21:00:00+00:00,EDIT,BUY,155.0000,1047.3800
2022-12-15T21:00:00+00:00,EMV.AX,SELL,131.0000,183.4100
2022-12-15T21:00:00+00:00,FTC.L,SELL,1158.0000,194.6300
2022-12-15T21:00:00+00:00,GSIT,BUY,816.0000,115.7700
2022-12-15T21:00:00+00:00,HSBA.L,SELL,2172.0000,142.9800
2022-12-15T21:00:00+00:00,HYT.AX,BUY,1675.0000,401.2300
2022-12-15T21:00:00+00:00,IBTM.L,SELL,2702.0000,108.8300
2022-12-15T21:00:00+00:00,IDN,SELL,7.0000,138.4600
2022-12-15T21:00:00+00:00,IITU.L,BUY,223.0000,117.4500
2022-12-15T21:00:00+00:00,IPWR,BUY,520.0000,413.7700
2022-12-15T21:00:00+00:00,ISF.L,SELL,4745.0000,124.2100
2022-12-15T21:00:00+00:00,LTBR,BUY,204.0000,216.3400
2022-12-15T21:00:00+00:00,MOLN.SW,BUY,94.0000,212.8000
2022-12-15T21:00:00+00:00,MSCL.TO,SELL,172.0000,103.0100
2022-12-15T21:00:00+00:00,PLTR,BUY,4713.0000,111.8400
2022-12-15T21:00:00+00:00,PRQR,SELL,2153.0000,293.8000
2022-12-15T21:00:00+00:00,QSI,BUY,727.0000,346.7600
2022-12-15T21:00:00+00:00,RR.L,SELL,1877.0000,134.5600
2022-12-15T21:00:00+00:00,SEYE.ST,BUY,790.0000,135.2700
2022-12-15T21:00:00+00:00,SGLN.L,SELL,1293.0000,119.2900
2022-12-15T21:00:00+00:00,SHEL.L,SELL,116.0000,190.4000
2022-12-15T21:00:00+00:00,SLX.AX,BUY,72.0000,449.1200
2022-12-15T21:00:00+00:00,SMGB.L,SELL,349.0000,114.8600
2022-12-15T21:00:00+00:00,VUL.AX,BUY,358.0000,350.1700
2022-12-15T21:00:00+00:00,VYGR,SELL,370.0000,257.2800
2022-12-15T21:00:00+00:00,WBT.AX,SELL,520.0000,334.8100
2023-01-18T21:00:00+00:00,AL3.AX,SELL,124.0000,180.0500
2023-01-18T21:00:00+00:00,ALCLS.PA,SELL,1206.0000,358.4000
2023-01-18T21:00:00+00:00,ALMDT.PA,BUY,123.0000,651.2800
2023-01-18T21:00:00+00:00,AXE.AX,BUY,90.0000,376.7500
2023-01-18T21:00:00+00:00,AZN.L,BUY,281.0000,175.9200
2023-01-18T21:00:00+00:00,BGO.L,SELL,26.0000,377.1900
2023-01-18T21:00:00+00:00,BRK-B,BUY,332.0000,152.4200
2023-01-18T21:00:00+00:00,BRNT.L,SELL,157.0000,262.3200
2023-01-18T21:00:00+00:00,DBMG.L,BUY,3717.0000,147.3200
2023-01-18T21:00:00+00:00,EDIT,BUY,263.0000,857.8800
2023-01-18T21:00:00+00:00,EMV.AX,BUY,1016.0000,162.8600
2023-01-18T21:00:00+00:00,FTC.L,BUY,1120.0000,167.7900
2023-01-18T21:00:00+00:00,GSIT,SELL,1461.0000,154.6900
2023-01-18T21:00:00+00:00,HSBA.L,SELL,2796.0000,171.4300
2023-01-18T21:00:00+00:00,HYT.AX,BUY,100.0000,413.3700
2023-01-18T21:00:00+00:00,IBTM.L,BUY,5768.0000,108.6000
2023-01-18T21:00:00+00:00,IDN,SELL,793.0000,170.6200
2023-01-18T21:00:00+00:00,IITU.L,BUY,2934.0000,117.0500
2023-01-18T21:00:00+00:00,IPWR,SELL,160.0000,482.5200
2023-01-18T21:00:00+00:00,ISF.L,BUY,1794.0000,131.0800
2023-01-18T21:00:00+00:00,LTBR,BUY,869.0000,191.7800
2023-01-18T21:00:00+00:00,MOLN.SW,BUY,117.0000,222.9100
2023-01-18T21:00:00+00:00,MSCL.TO,SELL,2060.0000,146.5900
2023-01-18T21:00:00+00:00,PLTR,BUY,2914.0000,111.2900
2023-01-18T21:00:00+00:00,PRQR,SELL,1319.0000,568.9900
2023-01-18T21:00:00+00:00,QSI,BUY,1.0000,373.3900
2023-01-18T21:00:00+00:00,RR.L,SELL,3310.0000,163.4400
2023-01-18T21:00:00+00:00,SEYE.ST,BUY,1122.0000,124.1600
2023-01-18T21:00:00+00:00,SGLN.L,BUY,1453.0000,126.6400
2023-01-18T21:00:00+00:00,SHEL.L,BUY,543.0000,199.8800
2023-01-18T21:00:00+00:00,SLX.AX,SELL,583.0000,690.8900
2023-01-18T21:00:00+00:00,SMGB.L,BUY,2914.0000,120.6600
2023-01-18T21:00:00+00:00,VUL.AX,SELL,76.0000,388.9800
2023-01-18T21:00:00+00:00,VYGR,SELL,1124.0000,414.3700
2023-01-18T21:00:00+00:00,WBT.AX,SELL,128.0000,379.3400
2023-02-16T21:00:00+00:00,AL3.AX,BUY,107.0000,186.3800
2023-02-16T21:00:00+00:00,ALCLS.PA,BUY,1063.0000,269.4300
2023-02-16T21:00:00+00:00,ALMDT.PA,BUY,242.0000,589.4300
2023-02-16T21:00:00+00:00,AXE.AX,BUY,249.0000,361.9000
2023-02-16T21:00:00+00:00,AZN.L,BUY,397.0000,172.6400
2023-02-16T21:00:00+00:00,BGO.L,SELL,73.0000,410.5300
2023-02-16T21:00:00+00:00,BRK-B,BUY,282.0000,155.4600
2023-02-16T21:00:00+00:00,BRNT.L,BUY,925.0000,262.5900
2023-02-16T21:00:00+00:00,DBMG.L,BUY,1273.0000,152.0700
2023-02-16T21:00:00+00:00,EDIT,SELL,172.0000,1075.0100
2023-02-16T21:00:00+00:00,EMV.AX,BUY,1158.0000,143.3100
2023-02-16T21:00:00+00:00,FTC.L,SELL,318.0000,187.9200
2023-02-16T21:00:00+00:00,GSIT,BUY,2491.0000,115.9300
2023-02-16T21:00:00+00:00,HSBA.L,BUY,223.0000,179.4700
2023-02-16T21:00:00+00:00,HYT.AX,BUY,107.0000,416.9400
2023-02-16T21:00:00+00:00,IBTM.L,BUY,4655.0000,108.2700
2023-02-16T21:00:00+00:00,IDN,BUY,58.0000,178.3600
2023-02-16T21:00:00+00:00,IITU.L,SELL,2456.0000,131.9200
2023-02-16T21:00:00+00:00,IPWR,SELL,101.0000,537.4700
2023-02-16T21:00:00+00:00,ISF.L,BUY,2839.0000,134.1200
2023-02-16T21:00:00+00:00,LTBR,SELL,346.0000,217.9500
2023-02-16T21:00:00+00:00,MOLN.SW,BUY,609.0000,205.7400
2023-02-16T21:00:00+00:00,MSCL.TO,SELL,1474.0000,201.0100
2023-02-16T21:00:00+00:00,PLTR,SELL,10086.0000,159.8000
2023-02-16T21:00:00+00:00,PRQR,BUY,230.0000,527.6200
2023-02-16T21:00:00+00:00,QSI,BUY,438.0000,336.0600
2023-02-16T21:00:00+00:00,RR.L,BUY,127.0000,171.8000
2023-02-16T21:00:00+00:00,SEYE.ST,SELL,1542.0000,164.6400
2023-02-16T21:00:00+00:00,SGLN.L,BUY,6604.0000,125.4400
2023-02-16T21:00:00+00:00,SHEL.L,SELL,592.0000,217.1900
2023-02-16T21:00:00+00:00,SLX.AX,SELL,98.0000,786.3500
2023-02-16T21:00:00+00:00,SMGB.L,SELL,6451.0000,134.9000
2023-02-16T21:00:00+00:00,VUL.AX,BUY,454.0000,346.0100
2023-02-16T21:00:00+00:00,VYGR,BUY,653.0000,339.9800
2023-02-16T21:00:00+00:00,WBT.AX,SELL,479.0000,496.5100
2023-03-17T21:00:00+00:00,AL3.AX,BUY,294.0000,169.5500
2023-03-17T21:00:00+00:00,ALCLS.PA,BUY,954.0000,205.4800
2023-03-17T21:00:00+00:00,ALMDT.PA,SELL,234.0000,656.6800
2023-03-17T21:00:00+00:00,AXE.AX,BUY,839.0000,266.0500
2023-03-17T21:00:00+00:00,AZN.L,SELL,33.0000,166.7000
2023-03-17T21:00:00+00:00,BGO.L,SELL,117.0000,414.0400
2023-03-17T21:00:00+00:00,BRK-B,BUY,113.0000,147.2000
2023-03-17T21:00:00+00:00,BRNT.L,BUY,1944.0000,227.0600
2023-03-17T21:00:00+00:00,DBMG.L,BUY,3737.0000,136.8100
2023-03-17T21:00:00+00:00,EDIT,BUY,138.0000,898.1200
2023-03-17T21:00:00+00:00,EMV.AX,BUY,738.0000,124.3300
2023-03-17T21:00:00+00:00,FTC.L,BUY,512.0000,164.4300
2023-03-17T21:00:00+00:00,GSIT,BUY,649.0000,103.4500
2023-03-17T21:00:00+00:00,HSBA.L,BUY,1577.0000,162.0400
2023-03-17T21:00:00+00:00,HYT.AX,BUY,450.0000,336.6600
2023-03-17T21:00:00+00:00,IBTM.L,SELL,4775.0000,110.2800
2023-03-17T21:00:00+00:00,IDN,BUY,248.0000,163.9000
2023-03-17T21:00:00+00:00,IITU.L,SELL,1117.0000,130.6000
2023-03-17T21:00:00+00:00,IPWR,BUY,277.0000,448.6700
2023-03-17T21:00:00+00:00,ISF.L,BUY,3572.0000,123.8500
2023-03-17T21:00:00+00:00,LTBR,BUY,741.0000,179.9400
2023-03-17T21:00:00+00:00,MOLN.SW,BUY,180.0000,190.4200
2023-03-17T21:00:00+00:00,MSCL.TO,BUY,448.0000,176.9000
2023-03-17T21:00:00+00:00,PLTR,BUY,5324.0000,128.9300
2023-03-17T21:00:00+00:00,PRQR,SELL,266.0000,589.8800
2023-03-17T21:00:00+00:00,QSI,BUY,377.0000,286.1400
2023-03-17T21:00:00+00:00,RR.L,SELL,5781.0000,211.8100
2023-03-17T21:00:00+00:00,SEYE.ST,SELL,47.0000,159.2900
2023-03-17T21:00:00+00:00,SGLN.L,SELL,9270.0000,131.9400
2023-03-17T21:00:00+00:00,SHEL.L,BUY,2515.0000,185.8400
2023-03-17T21:00:00+00:00,SLX.AX,BUY,525.0000,533.3200
2023-03-17T21:00:00+00:00,SMGB.L,SELL,4932.0000,135.5400
2023-03-17T21:00:00+00:00,VUL.AX,BUY,104.0000,320.5400
2023-03-17T21:00:00+00:00,VYGR,SELL,276.0000,360.2800
2023-03-17T21:00:00+00:00,WBT.AX,SELL,522.0000,645.0200
2023-04-19T21:00:00+00:00,AL3.AX,SELL,238.0000,180.5800
2023-04-19T21:00:00+00:00,ALCLS.PA,SELL,34.0000,211.1400
2023-04-19T21:00:00+00:00,ALMDT.PA,BUY,67.0000,640.3200
2023-04-19T21:00:00+00:00,AXE.AX,BUY,580.0000,233.6200
2023-04-19T21:00:00+00:00,AZN.L,SELL,447.0000,184.8600
2023-04-19T21:00:00+00:00,BGO.L,BUY,401.0000,359.6500
2023-04-19T21:00:00+00:00,BRK-B,SELL,411.0000,157.9300
2023-04-19T21:00:00+00:00,BRNT.L,SELL,1620.0000,252.4400
2023-04-19T21:00:00+00:00,DBMG.L,BUY,1037.0000,137.1500
2023-04-19T21:00:00+00:00,EDIT,BUY,88.0000,846.0700
2023-04-19T21:00:00+00:00,EMV.AX,SELL,901.0000,143.6700
2023-04-19T21:00:00+00:00,FTC.L,BUY,368.0000,157.7200
2023-04-19T21:00:00+00:00,GSIT,SELL,1772.0000,130.6000
2023-04-19T21:00:00+00:00,HSBA.L,SELL,950.0000,171.4000
2023-04-19T21:00:00+00:00,HYT.AX,BUY,100.0000,331.6800
2023-04-19T21:00:00+00:00,IBTM.L,BUY,4129.0000,106.8300
2023-04-19T21:00:00+00:00,IDN,BUY,324.0000,158.3600
2023-04-19T21:00:00+00:00,IITU.L,SELL,70.0000,133.4700
2023-04-19T21:00:00+00:00,IPWR,BUY,227.0000,413.4500
2023-04-19T21:00:00+00:00,ISF.L,SELL,5094.0000,133.5500
2023-04-19T21:00:00+00:00,LTBR,BUY,91.0000,180.4300
2023-04-19T21:00:00+00:00,MOLN.SW,SELL,157.0000,200.5000
2023-04-19T21:00:00+00:00,MSCL.TO,SELL,1486.0000,249.0800
2023-04-19T21:00:00+00:00,PLTR,SELL,959.0000,135.3900
2023-04-19T21:00:00+00:00,PRQR,BUY,849.0000,394.4900
2023-04-19T21:00:00+00:00,QSI,BUY,585.0000,248.2600
2023-04-19T21:00:00+00:00,RR.L,SELL,1603.0000,234.5300
2023-04-19T21:00:00+00:00,SEYE.ST,SELL,290.0000,170.7300
2023-04-19T21:00:00+00:00,SGLN.L,BUY,2305.0000,131.4400
2023-04-19T21:00:00+00:00,SHEL.L,SELL,1879.0000,206.2800
2023-04-19T21:00:00+00:00,SLX.AX,BUY,32.0000,534.4800
2023-04-19T21:00:00+00:00,SMGB.L,BUY,5655.0000,131.2100
2023-04-19T21:00:00+00:00,VUL.AX,BUY,152.0000,311.0500
2023-04-19T21:00:00+00:00,VYGR,BUY,127.0000,350.7100
2023-04-19T21:00:00+00:00,WBT.AX,BUY,588.0000,470.7200
2023-05-22T21:00:00+00:00,AL3.AX,BUY,1258.0000,153.5200
2023-05-22T21:00:00+00:00,ALCLS.PA,BUY,896.0000,185.3700
2023-05-22T21:00:00+00:00,ALMDT.PA,BUY,952.0000,412.8300
2023-05-22T21:00:00+00:00,AXE.AX,BUY,434.0000,221.8400
2023-05-22T21:00:00+00:00,AZN.L,BUY,229.0000,185.5400
2023-05-22T21:00:00+00:00,BGO.L,BUY,132.0000,359.6500
2023-05-22T21:00:00+00:00,BRK-B,BUY,256.0000,160.4200
2023-05-22T21:00:00+00:00,BRNT.L,BUY,2693.0000,230.2500
2023-05-22T21:00:00+00:00,DBMG.L,BUY,2675.0000,137.7400
2023-05-22T21:00:00+00:00,EDIT,SELL,136.0000,1005.3000
2023-05-22T21:00:00+00:00,EMV.AX,BUY,387.0000,142.5100
2023-05-22T21:00:00+00:00,FTC.L,SELL,322.0000,174.5000
2023-05-22T21:00:00+00:00,GSIT,SELL,4861.0000,394.0700
2023-05-22T21:00:00+00:00,HSBA.L,SELL,989.0000,186.9500
2023-05-22T21:00:00+00:00,HYT.AX,SELL,437.0000,408.6500
2023-05-22T21:00:00+00:00,IBTM.L,BUY,4167.0000,106.6200
2023-05-22T21:00:00+00:00,IDN,BUY,22.0000,165.4600
2023-05-22T21:00:00+00:00,IITU.L,SELL,461.0000,141.8000
2023-05-22T21:00:00+00:00,IPWR,BUY,129.0000,411.0800
2023-05-22T21:00:00+00:00,ISF.L,BUY,5280.0000,132.2000
2023-05-22T21:00:00+00:00,LTBR,SELL,650.0000,215.1600
2023-05-22T21:00:00+00:00,MOLN.SW,BUY,74.0000,207.0900
2023-05-22T21:00:00+00:00,MSCL.TO,SELL,187.0000,274.3600
2023-05-22T21:00:00+00:00,PLTR,SELL,7976.0000,188.2700
2023-05-22T21:00:00+00:00,PRQR,BUY,562.0000,336.9200
2023-05-22T21:00:00+00:00,QSI,SELL,292.0000,281.3000
2023-05-22T21:00:00+00:00,RR.L,BUY,667.0000,237.4700
2023-05-22T21:00:00+00:00,SEYE.ST,BUY,1751.0000,136.9500
2023-05-22T21:00:00+00:00,SGLN.L,BUY,5831.0000,130.1700
2023-05-22T21:00:00+00:00,SHEL.L,BUY,1400.0000,202.9600
2023-05-22T21:00:00+00:00,SLX.AX,SELL,119.0000,599.7300
2023-05-22T21:00:00+00:00,SMGB.L,SELL,2000.0000,140.1100
2023-05-22T21:00:00+00:00,VUL.AX,BUY,1547.0000,218.2500
2023-05-22T21:00:00+00:00,VYGR,SELL,1108.0000,612.3200
2023-05-22T21:00:00+00:00,WBT.AX,BUY,184.0000,453.1900
2023-06-21T21:00:00+00:00,AL3.AX,BUY,1861.0000,121.8000
2023-06-21T21:00:00+00:00,ALCLS.PA,SELL,232.0000,196.5300
2023-06-21T21:00:00+00:00,ALMDT.PA,SELL,417.0000,504.4300
2023-06-21T21:00:00+00:00,AXE.AX,SELL,2025.0000,402.4900
2023-06-21T21:00:00+00:00,AZN.L,BUY,295.0000,178.6000
2023-06-21T21:00:00+00:00,BGO.L,BUY,231.0000,337.7200
2023-06-21T21:00:00+00:00,BRK-B,BUY,92.0000,161.1100
2023-06-21T21:00:00+00:00,BRNT.L,BUY,373.0000,229.6900
2023-06-21T21:00:00+00:00,DBMG.L,BUY,1446.0000,136.7600
2023-06-21T21:00:00+00:00,EDIT,BUY,255.0000,816.4200
2023-06-21T21:00:00+00:00,EMV.AX,BUY,1836.0000,115.2000
2023-06-21T21:00:00+00:00,FTC.L,SELL,333.0000,187.9200
2023-06-21T21:00:00+00:00,GSIT,SELL,489.0000,493.3600
2023-06-21T21:00:00+00:00,HSBA.L,BUY,346.0000,187.2300
2023-06-21T21:00:00+00:00,HYT.AX,BUY,688.0000,325.4000
2023-06-21T21:00:00+00:00,IBTM.L,BUY,3876.0000,103.6300
2023-06-21T21:00:00+00:00,IDN,SELL,150.0000,172.2400
2023-06-21T21:00:00+00:00,IITU.L,SELL,1491.0000,150.4100
2023-06-21T21:00:00+00:00,IPWR,SELL,3.0000,417.9200
2023-06-21T21:00:00+00:00,ISF.L,BUY,3943.0000,128.8700
2023-06-21T21:00:00+00:00,LTBR,SELL,631.0000,252.0400
2023-06-21T21:00:00+00:00,MOLN.SW,BUY,337.0000,196.8300
2023-06-21T21:00:00+00:00,MSCL.TO,BUY,832.0000,227.6500
2023-06-21T21:00:00+00:00,PLTR,SELL,3878.0000,227.2400
2023-06-21T21:00:00+00:00,PRQR,BUY,410.0000,301.3300
2023-06-21T21:00:00+00:00,QSI,BUY,805.0000,233.8000
2023-06-21T21:00:00+00:00,RR.L,BUY,271.0000,237.8500
2023-06-21T21:00:00+00:00,SEYE.ST,BUY,1007.0000,122.5200
2023-06-21T21:00:00+00:00,SGLN.L,BUY,6611.0000,124.3600
2023-06-21T21:00:00+00:00,SHEL.L,BUY,661.0000,200.2900
2023-06-21T21:00:00+00:00,SLX.AX,BUY,5.0000,607.3200
2023-06-21T21:00:00+00:00,SMGB.L,SELL,7400.0000,152.6400
2023-06-21T21:00:00+00:00,VUL.AX,BUY,223.0000,211.5500
2023-06-21T21:00:00+00:00,VYGR,BUY,233.0000,545.5000
2023-06-21T21:00:00+00:00,WBT.AX,SELL,607.0000,630.0400
2023-07-20T21:00:00+00:00,AL3.AX,SELL,3.0000,124.2000
2023-07-20T21:00:00+00:00,ALCLS.PA,SELL,990.0000,246.6300
2023-07-20T21:00:00+00:00,ALMDT.PA,BUY,379.0000,434.0300
2023-07-20T21:00:00+00:00,AXE.AX,BUY,680.0000,324.5200
2023-07-20T21:00:00+00:00,AZN.L,BUY,587.0000,164.8800
2023-07-20T21:00:00+00:00,BGO.L,BUY,323.0000,311.4000
2023-07-20T21:00:00+00:00,BRK-B,BUY,77.0000,162.6900
2023-07-20T21:00:00+00:00,BRNT.L,SELL,24.0000,234.3900
2023-07-20T21:00:00+00:00,DBMG.L,BUY,1757.0000,135.7100
2023-07-20T21:00:00+00:00,EDIT,SELL,70.0000,880.7300
2023-07-20T21:00:00+00:00,EMV.AX,BUY,1247.0000,103.1200
2023-07-20T21:00:00+00:00,FTC.L,SELL,438.0000,208.0500
2023-07-20T21:00:00+00:00,GSIT,BUY,1125.0000,327.5000
2023-07-20T21:00:00+00:00,HSBA.L,SELL,389.0000,193.8600
2023-07-20T21:00:00+00:00,HYT.AX,SELL,985.0000,480.2600
2023-07-20T21:00:00+00:00,IBTM.L,BUY,2844.0000,102.4000
2023-07-20T21:00:00+00:00,IDN,BUY,151.0000,171.2400
2023-07-20T21:00:00+00:00,IITU.L,SELL,841.0000,157.2500
2023-07-20T21:00:00+00:00,IPWR,SELL,195.0000,462.2900
2023-07-20T21:00:00+00:00,ISF.L,BUY,626.0000,130.5200
2023-07-20T21:00:00+00:00,LTBR,BUY,19.0000,255.6900
2023-07-20T21:00:00+00:00,MOLN.SW,BUY,217.0000,192.6900
2023-07-20T21:00:00+00:00,MSCL.TO,BUY,874.0000,194.6900
2023-07-20T21:00:00+00:00,PLTR,SELL,2408.0000,262.3100
2023-07-20T21:00:00+00:00,PRQR,BUY,285.0000,283.6800
2023-07-20T21:00:00+00:00,QSI,SELL,2253.0000,484.5100
2023-07-20T21:00:00+00:00,RR.L,BUY,788.0000,233.0900
2023-07-20T21:00:00+00:00,SEYE.ST,SELL,511.0000,132.9200
2023-07-20T21:00:00+00:00,SGLN.L,BUY,928.0000,125.7100
2023-07-20T21:00:00+00:00,SHEL.L,BUY,132.0000,203.0000
2023-07-20T21:00:00+00:00,SLX.AX,BUY,247.0000,540.7200
2023-07-20T21:00:00+00:00,SMGB.L,SELL,130.0000,155.7800
2023-07-20T21:00:00+00:00,VUL.AX,SELL,445.0000,237.1600
2023-07-20T21:00:00+00:00,VYGR,BUY,851.0000,384.0300
2023-07-20T21:00:00+00:00,WBT.AX,BUY,521.0000,487.6600
2023-08-18T21:00:00+00:00,AL3.AX,SELL,2054.0000,159.0300
2023-08-18T21:00:00+00:00,ALCLS.PA,BUY,1167.0000,188.2500
2023-08-18T21:00:00+00:00,ALMDT.PA,SELL,34.0000,427.4500
2023-08-18T21:00:00+00:00,AXE.AX,BUY,591.0000,266.7400
2023-08-18T21:00:00+00:00,AZN.L,SELL,196.0000,165.3500
2023-08-18T21:00:00+00:00,BGO.L,SELL,273.0000,328.9500
2023-08-18T21:00:00+00:00,BRK-B,SELL,493.0000,167.9400
2023-08-18T21:00:00+00:00,BRNT.L,SELL,2253.0000,254.9500
2023-08-18T21:00:00+00:00,DBMG.L,SELL,3749.0000,139.6800
2023-08-18T21:00:00+00:00,EDIT,SELL,37.0000,882.6200
2023-08-18T21:00:00+00:00,EMV.AX,SELL,1598.0000,118.6700
2023-08-18T21:00:00+00:00,FTC.L,SELL,300.0000,214.7700
2023-08-18T21:00:00+00:00,GSIT,BUY,1156.0000,234.1100
2023-08-18T21:00:00+00:00,HSBA.L,BUY,1260.0000,179.1000
2023-08-18T21:00:00+00:00,HYT.AX,BUY,342.0000,403.5500
2023-08-18T21:00:00+00:00,IBTM.L,SELL,1218.0000,100.7700
2023-08-18T21:00:00+00:00,IDN,SELL,125.0000,169.7600
2023-08-18T21:00:00+00:00,IITU.L,BUY,1539.0000,145.8600
2023-08-18T21:00:00+00:00,IPWR,BUY,216.0000,410.2800
2023-08-18T21:00:00+00:00,ISF.L,BUY,1475.0000,124.9000
2023-08-18T21:00:00+00:00,LTBR,BUY,666.0000,213.8600
2023-08-18T21:00:00+00:00,MOLN.SW,BUY,255.0000,178.8300
2023-08-18T21:00:00+00:00,MSCL.TO,BUY,602.0000,170.1800
2023-08-18T21:00:00+00:00,PLTR,BUY,2515.0000,223.7800
2023-08-18T21:00:00+00:00,PRQR,BUY,115.0000,267.2100
2023-08-18T21:00:00+00:00,QSI,BUY,1135.0000,309.4800
2023-08-18T21:00:00+00:00,RR.L,SELL,5209.0000,303.7400
2023-08-18T21:00:00+00:00,SEYE.ST,SELL,7.0000,129.2100
2023-08-18T21:00:00+00:00,SGLN.L,BUY,232.0000,121.8400
2023-08-18T21:00:00+00:00,SHEL.L,SELL,579.0000,202.1400
2023-08-18T21:00:00+00:00,SLX.AX,BUY,373.0000,440.8800
2023-08-18T21:00:00+00:00,SMGB.L,BUY,3377.0000,146.4300
2023-08-18T21:00:00+00:00,VUL.AX,BUY,1849.0000,162.7500
2023-08-18T21:00:00+00:00,VYGR,SELL,200.0000,402.2700
2023-08-18T21:00:00+00:00,WBT.AX,BUY,391.0000,401.3000
2023-09-19T21:00:00+00:00,AL3.AX,SELL,471.0000,179.7300
2023-09-19T21:00:00+00:00,ALCLS.PA,BUY,788.0000,172.3000
2023-09-19T21:00:00+00:00,ALMDT.PA,BUY,434.0000,379.3300
2023-09-19T21:00:00+00:00,AXE.AX,BUY,429.0000,251.4400
2023-09-19T21:00:00+00:00,AZN.L,BUY,312.0000,164.7000
2023-09-19T21:00:00+00:00,BGO.L,BUY,97.0000,334.2100
2023-09-19T21:00:00+00:00,BRK-B,SELL,248.0000,181.7000
2023-09-19T21:00:00+00:00,BRNT.L,SELL,1770.0000,294.9100
2023-09-19T21:00:00+00:00,DBMG.L,SELL,156.0000,146.7100
2023-09-19T21:00:00+00:00,EDIT,BUY,119.0000,838.4300
2023-09-19T21:00:00+00:00,EMV.AX,SELL,1446.0000,149.3000
2023-09-19T21:00:00+00:00,FTC.L,BUY,181.0000,216.7800
2023-09-19T21:00:00+00:00,GSIT,BUY,1058.0000,197.5900
2023-09-19T21:00:00+00:00,HSBA.L,SELL,777.0000,193.4600
2023-09-19T21:00:00+00:00,HYT.AX,BUY,161.0000,397.7200
2023-09-19T21:00:00+00:00,IBTM.L,BUY,2228.0000,103.0800
2023-09-19T21:00:00+00:00,IDN,BUY,256.0000,170.6400
2023-09-19T21:00:00+00:00,IITU.L,SELL,269.0000,154.0300
2023-09-19T21:00:00+00:00,IPWR,BUY,78.0000,416.8300
2023-09-19T21:00:00+00:00,ISF.L,SELL,821.0000,131.9400
2023-09-19T21:00:00+00:00,LTBR,BUY,617.0000,198.5400
2023-09-19T21:00:00+00:00,MOLN.SW,BUY,2174.0000,135.8600
2023-09-19T21:00:00+00:00,MSCL.TO,SELL,735.0000,203.0700
2023-09-19T21:00:00+00:00,PLTR,SELL,677.0000,242.4000
2023-09-19T21:00:00+00:00,PRQR,BUY,93.0000,273.3400
2023-09-19T21:00:00+00:00,QSI,SELL,150.0000,339.6700
2023-09-19T21:00:00+00:00,RR.L,SELL,1025.0000,341.1800
2023-09-19T21:00:00+00:00,SEYE.ST,SELL,861.0000,151.8300
2023-09-19T21:00:00+00:00,SGLN.L,SELL,251.0000,127.9400
2023-09-19T21:00:00+00:00,SHEL.L,SELL,1230.0000,223.8100
2023-09-19T21:00:00+00:00,SLX.AX,SELL,265.0000,521.4100
2023-09-19T21:00:00+00:00,SMGB.L,BUY,1427.0000,151.3600
2023-09-19T21:00:00+00:00,VUL.AX,BUY,236.0000,164.3700
2023-09-19T21:00:00+00:00,VYGR,BUY,454.0000,357.6700
2023-09-19T21:00:00+00:00,WBT.AX,BUY,1263.0000,281.4100
2023-10-18T21:00:00+00:00,AL3.AX,BUY,554.0000,163.1600
2023-10-18T21:00:00+00:00,ALCLS.PA,BUY,1836.0000,132.0400
2023-10-18T21:00:00+00:00,ALMDT.PA,SELL,132.0000,394.5900
2023-10-18T21:00:00+00:00,AXE.AX,BUY,519.0000,222.4000
2023-10-18T21:00:00+00:00,AZN.L,SELL,49.0000,164.6400
2023-10-18T21:00:00+00:00,BGO.L,BUY,307.0000,302.6300
2023-10-18T21:00:00+00:00,BRK-B,BUY,457.0000,170.0000
2023-10-18T21:00:00+00:00,BRNT.L,SELL,23.0000,292.9000
2023-10-18T21:00:00+00:00,DBMG.L,SELL,2862.0000,152.4900
2023-10-18T21:00:00+00:00,EDIT,BUY,232.0000,704.2300
2023-10-18T21:00:00+00:00,EMV.AX,BUY,601.0000,136.6800
2023-10-18T21:00:00+00:00,FTC.L,BUY,6.0000,214.7700
2023-10-18T21:00:00+00:00,GSIT,BUY,888.0000,168.4600
2023-10-18T21:00:00+00:00,HSBA.L,SELL,953.0000,199.4700
2023-10-18T21:00:00+00:00,HYT.AX,BUY,262.0000,359.6100
2023-10-18T21:00:00+00:00,IBTM.L,BUY,846.0000,101.3300
2023-10-18T21:00:00+00:00,IDN,BUY,1444.0000,137.6900
2023-10-18T21:00:00+00:00,IITU.L,SELL,914.0000,157.0000
2023-10-18T21:00:00+00:00,IPWR,BUY,326.0000,367.0700
2023-10-18T21:00:00+00:00,ISF.L,SELL,132.0000,131.0400
2023-10-18T21:00:00+00:00,LTBR,SELL,843.0000,233.2600
2023-10-18T21:00:00+00:00,MOLN.SW,BUY,611.0000,125.0900
2023-10-18T21:00:00+00:00,MSCL.TO,BUY,588.0000,181.2800
2023-10-18T21:00:00+00:00,PLTR,SELL,2819.0000,279.8400
2023-10-18T21:00:00+00:00,PRQR,BUY,509.0000,240.0400
2023-10-18T21:00:00+00:00,QSI,BUY,1860.0000,212.1700
2023-10-18T21:00:00+00:00,RR.L,BUY,1119.0000,313.7100
2023-10-18T21:00:00+00:00,SEYE.ST,BUY,541.0000,139.9000
2023-10-18T21:00:00+00:00,SGLN.L,SELL,3678.0000,131.1900
2023-10-18T21:00:00+00:00,SHEL.L,SELL,1413.0000,237.4700
2023-10-18T21:00:00+00:00,SLX.AX,BUY,317.0000,448.1700
2023-10-18T21:00:00+00:00,SMGB.L,SELL,3151.0000,154.7100
2023-10-18T21:00:00+00:00,VUL.AX,BUY,1349.0000,135.1500
2023-10-18T21:00:00+00:00,VYGR,BUY,269.0000,325.6900
2023-10-18T21:00:00+00:00,WBT.AX,BUY,412.0000,251.9400
2023-11-16T21:00:00+00:00,AL3.AX,SELL,623.0000,185.5400
2023-11-16T21:00:00+00:00,ALCLS.PA,SELL,4099.0000,275.9600
2023-11-16T21:00:00+00:00,ALMDT.PA,BUY,319.0000,363.0500
2023-11-16T21:00:00+00:00,AXE.AX,BUY,121.0000,223.1500
2023-11-16T21:00:00+00:00,AZN.L,BUY,466.0000,157.7200
2023-11-16T21:00:00+00:00,BGO.L,BUY,101.0000,302.6300
2023-11-16T21:00:00+00:00,BRK-B,SELL,48.0000,175.9400
2023-11-16T21:00:00+00:00,BRNT.L,BUY,3387.0000,251.2500
2023-11-16T21:00:00+00:00,DBMG.L,BUY,6292.0000,141.9300
2023-11-16T21:00:00+00:00,EDIT,SELL,319.0000,918.4600
2023-11-16T21:00:00+00:00,EMV.AX,SELL,150.0000,143.3700
2023-11-16T21:00:00+00:00,FTC.L,BUY,143.0000,214.7700
2023-11-16T21:00:00+00:00,GSIT,BUY,452.0000,161.7700
2023-11-16T21:00:00+00:00,HSBA.L,BUY,2042.0000,189.2000
2023-11-16T21:00:00+00:00,HYT.AX,SELL,229.0000,400.9100
2023-11-16T21:00:00+00:00,IBTM.L,BUY,1460.0000,102.6700
2023-11-16T21:00:00+00:00,IDN,BUY,1462.0000,119.1500
2023-11-16T21:00:00+00:00,IITU.L,SELL,965.0000,166.3800
2023-11-16T21:00:00+00:00,IPWR,BUY,375.0000,334.4200
2023-11-16T21:00:00+00:00,ISF.L,BUY,4990.0000,128.3700
2023-11-16T21:00:00+00:00,LTBR,BUY,1400.0000,183.6900
2023-11-16T21:00:00+00:00,MOLN.SW,SELL,766.0000,141.4100
2023-11-16T21:00:00+00:00,MSCL.TO,SELL,617.0000,208.3700
2023-11-16T21:00:00+00:00,PLTR,SELL,1495.0000,315.3400
2023-11-16T21:00:00+00:00,PRQR,SELL,76.0000,251.2600
2023-11-16T21:00:00+00:00,QSI,SELL,733.0000,255.5700
2023-11-16T21:00:00+00:00,RR.L,SELL,1926.0000,369.1100
2023-11-16T21:00:00+00:00,SEYE.ST,SELL,1944.0000,193.2300
2023-11-16T21:00:00+00:00,SGLN.L,BUY,3321.0000,130.9700
2023-11-16T21:00:00+00:00,SHEL.L,BUY,2122.0000,221.1400
2023-11-16T21:00:00+00:00,SLX.AX,SELL,176.0000,497.8500
2023-11-16T21:00:00+00:00,SMGB.L,SELL,4667.0000,166.7000
2023-11-16T21:00:00+00:00,VUL.AX,BUY,51.0000,138.1600
2023-11-16T21:00:00+00:00,VYGR,BUY,502.0000,290.4800
2023-11-16T21:00:00+00:00,WBT.AX,SELL,736.0000,313.7500
2023-12-15T21:00:00+00:00,AL3.AX,SELL,462.0000,207.6300
2023-12-15T21:00:00+00:00,ALCLS.PA,SELL,289.0000,306.9700
2023-12-15T21:00:00+00:00,ALMDT.PA,BUY,18.0000,372.3500
2023-12-15T21:00:00+00:00,AXE.AX,BUY,628.0000,204.1300
2023-12-15T21:00:00+00:00,AZN.L,BUY,200.0000,158.0300
2023-12-15T21:00:00+00:00,BGO.L,SELL,358.0000,346.4900
2023-12-15T21:00:00+00:00,BRK-B,BUY,564.0000,169.5400
2023-12-15T21:00:00+00:00,BRNT.L,BUY,1507.0000,241.3400
2023-12-15T21:00:00+00:00,DBMG.L,BUY,6418.0000,133.4400
2023-12-15T21:00:00+00:00,EDIT,SELL,177.0000,1112.1200
2023-12-15T21:00:00+00:00,EMV.AX,BUY,809.0000,133.7500
2023-12-15T21:00:00+00:00,FTC.L,SELL,839.0000,265.1000
2023-12-15T21:00:00+00:00,GSIT,SELL,485.0000,179.7400
2023-12-15T21:00:00+00:00,HSBA.L,BUY,818.0000,189.2600
2023-12-15T21:00:00+00:00,HYT.AX,SELL,285.0000,461.6400
2023-12-15T21:00:00+00:00,IBTM.L,BUY,802.0000,105.0400
2023-12-15T21:00:00+00:00,IDN,SELL,966.0000,137.3300
2023-12-15T21:00:00+00:00,IITU.L,BUY,117.0000,171.0100
2023-12-15T21:00:00+00:00,IPWR,BUY,490.0000,300.1400
2023-12-15T21:00:00+00:00,ISF.L,BUY,655.0000,131.6000
2023-12-15T21:00:00+00:00,LTBR,BUY,1436.0000,152.7600
2023-12-15T21:00:00+00:00,MOLN.SW,BUY,490.0000,137.2100
2023-12-15T21:00:00+00:00,MSCL.TO,SELL,17.0000,215.6500
2023-12-15T21:00:00+00:00,PLTR,BUY,2386.0000,282.3700
2023-12-15T21:00:00+00:00,PRQR,SELL,1307.0000,370.0300
2023-12-15T21:00:00+00:00,QSI,SELL,48.0000,266.6200
2023-12-15T21:00:00+00:00,RR.L,SELL,1750.0000,437.9500
2023-12-15T21:00:00+00:00,SEYE.ST,SELL,405.0000,214.6500
2023-12-15T21:00:00+00:00,SGLN.L,BUY,3163.0000,131.4000
2023-12-15T21:00:00+00:00,SHEL.L,BUY,1191.0000,216.6000
2023-12-15T21:00:00+00:00,SLX.AX,SELL,342.0000,608.1400
2023-12-15T21:00:00+00:00,SMGB.L,SELL,4869.0000,180.9000
2023-12-15T21:00:00+00:00,VUL.AX,BUY,822.0000,129.1500
2023-12-15T21:00:00+00:00,VYGR,SELL,489.0000,344.2300
2023-12-15T21:00:00+00:00,WBT.AX,SELL,460.0000,372.7500
2024-01-18T21:00:00+00:00,AL3.AX,BUY,800.0000,178.6000
2024-01-18T21:00:00+00:00,ALCLS.PA,BUY,567.0000,262.4400
2024-01-18T21:00:00+00:00,ALMDT.PA,BUY,256.0000,338.8000
2024-01-18T21:00:00+00:00,AXE.AX,BUY,591.0000,181.9600
2024-01-18T21:00:00+00:00,AZN.L,SELL,257.0000,161.8500
2024-01-18T21:00:00+00:00,BGO.L,BUY,2625.0000,189.4700
2024-01-18T21:00:00+00:00,BRK-B,SELL,314.0000,173.6200
2024-01-18T21:00:00+00:00,BRNT.L,SELL,983.0000,249.2600
2024-01-18T21:00:00+00:00,DBMG.L,SELL,2725.0000,136.7800
2024-01-18T21:00:00+00:00,EDIT,BUY,315.0000,837.5000
2024-01-18T21:00:00+00:00,EMV.AX,SELL,2196.0000,178.2200
2024-01-18T21:00:00+00:00,FTC.L,SELL,572.0000,302.0100
2024-01-18T21:00:00+00:00,GSIT,BUY,1914.0000,135.9700
2024-01-18T21:00:00+00:00,HSBA.L,BUY,514.0000,183.2000
2024-01-18T21:00:00+00:00,HYT.AX,BUY,239.0000,414.9900
2024-01-18T21:00:00+00:00,IBTM.L,SELL,413.0000,104.0600
2024-01-18T21:00:00+00:00,IDN,BUY,749.0000,124.1800
2024-01-18T21:00:00+00:00,IITU.L,SELL,1254.0000,175.5300
2024-01-18T21:00:00+00:00,IPWR,BUY,80.0000,289.9100
2024-01-18T21:00:00+00:00,ISF.L,BUY,144.0000,129.6400
2024-01-18T21:00:00+00:00,LTBR,BUY,620.0000,139.0500
2024-01-18T21:00:00+00:00,MOLN.SW,SELL,590.0000,145.7900
2024-01-18T21:00:00+00:00,MSCL.TO,SELL,73.0000,215.7300
2024-01-18T21:00:00+00:00,PLTR,BUY,1566.0000,256.3400
2024-01-18T21:00:00+00:00,PRQR,SELL,21.0000,367.5900
2024-01-18T21:00:00+00:00,QSI,BUY,284.0000,246.4900
2024-01-18T21:00:00+00:00,RR.L,SELL,774.0000,462.7100
2024-01-18T21:00:00+00:00,SEYE.ST,SELL,720.0000,245.2500
2024-01-18T21:00:00+00:00,SGLN.L,SELL,566.0000,130.2600
2024-01-18T21:00:00+00:00,SHEL.L,BUY,945.0000,205.4300
2024-01-18T21:00:00+00:00,SLX.AX,SELL,275.0000,703.8200
2024-01-18T21:00:00+00:00,SMGB.L,SELL,3436.0000,185.2400
2024-01-18T21:00:00+00:00,VUL.AX,BUY,1764.0000,106.0400
2024-01-18T21:00:00+00:00,VYGR,BUY,241.0000,316.3700
2024-01-18T21:00:00+00:00,WBT.AX,BUY,899.0000,283.6600
2024-02-16T21:00:00+00:00,AL3.AX,BUY,591.0000,174.6900
2024-02-16T21:00:00+00:00,ALCLS.PA,BUY,16.0000,279.8900
2024-02-16T21:00:00+00:00,ALMDT.PA,BUY,191.0000,342.8400
2024-02-16T21:00:00+00:00,AXE.AX,SELL,37.0000,195.9800
2024-02-16T21:00:00+00:00,AZN.L,BUY,715.0000,156.6000
2024-02-16T21:00:00+00:00,BGO.L,BUY,163.0000,197.3700
2024-02-16T21:00:00+00:00,BRK-B,SELL,415.0000,195.7100
2024-02-16T21:00:00+00:00,BRNT.L,BUY,69.0000,265.9800
2024-02-16T21:00:00+00:00,DBMG.L,BUY,2785.0000,140.8100
2024-02-16T21:00:00+00:00,EDIT,BUY,89.0000,840.5900
2024-02-16T21:00:00+00:00,EMV.AX,BUY,266.0000,183.0200
2024-02-16T21:00:00+00:00,FTC.L,SELL,1353.0000,510.0700
2024-02-16T21:00:00+00:00,GSIT,SELL,1160.0000,169.5100
2024-02-16T21:00:00+00:00,HSBA.L,SELL,330.0000,198.5200
2024-02-16T21:00:00+00:00,HYT.AX,BUY,53.0000,435.7300
2024-02-16T21:00:00+00:00,IBTM.L,BUY,7355.0000,103.5400
2024-02-16T21:00:00+00:00,IDN,BUY,576.0000,124.9400
2024-02-16T21:00:00+00:00,IITU.L,SELL,5.0000,187.9500
2024-02-16T21:00:00+00:00,IPWR,BUY,632.0000,266.6000
2024-02-16T21:00:00+00:00,ISF.L,BUY,3656.0000,134.1300
2024-02-16T21:00:00+00:00,LTBR,BUY,741.0000,136.2800
2024-02-16T21:00:00+00:00,MOLN.SW,BUY,865.0000,140.2300
2024-02-16T21:00:00+00:00,MSCL.TO,SELL,454.0000,253.1700
2024-02-16T21:00:00+00:00,PLTR,SELL,5619.0000,384.3600
2024-02-16T21:00:00+00:00,PRQR,BUY,476.0000,340.2000
2024-02-16T21:00:00+00:00,QSI,SELL,107.0000,270.2700
2024-02-16T21:00:00+00:00,RR.L,BUY,163.0000,488.0700
2024-02-16T21:00:00+00:00,SEYE.ST,BUY,545.0000,234.4800
2024-02-16T21:00:00+00:00,SGLN.L,BUY,7739.0000,130.6400
2024-02-16T21:00:00+00:00,SHEL.L,BUY,168.0000,218.4400
2024-02-16T21:00:00+00:00,SLX.AX,BUY,147.0000,689.5300
2024-02-16T21:00:00+00:00,SMGB.L,SELL,4590.0000,208.9400
2024-02-16T21:00:00+00:00,VUL.AX,BUY,1161.0000,102.2500
2024-02-16T21:00:00+00:00,VYGR,BUY,92.0000,330.1300
2024-02-16T21:00:00+00:00,WBT.AX,SELL,129.0000,314.0100
2024-03-18T21:00:00+00:00,AL3.AX,BUY,1572.0000,147.9900
2024-03-18T21:00:00+00:00,ALCLS.PA,BUY,703.0000,250.3600
2024-03-18T21:00:00+00:00,ALMDT.PA,BUY,1675.0000,241.1900
2024-03-18T21:00:00+00:00,AXE.AX,SELL,687.0000,230.1000
2024-03-18T21:00:00+00:00,AZN.L,BUY,46.0000,162.1300
2024-03-18T21:00:00+00:00,BGO.L,BUY,516.0000,189.4700
2024-03-18T21:00:00+00:00,BRK-B,BUY,364.0000,194.8300
2024-03-18T21:00:00+00:00,BRNT.L,BUY,86.0000,275.9700
2024-03-18T21:00:00+00:00,DBMG.L,BUY,1090.0000,144.5200
2024-03-18T21:00:00+00:00,EDIT,BUY,158.0000,787.9800
2024-03-18T21:00:00+00:00,EMV.AX,SELL,950.0000,223.1400
2024-03-18T21:00:00+00:00,FTC.L,BUY,164.0000,496.6400
2024-03-18T21:00:00+00:00,GSIT,SELL,1648.0000,230.5000
2024-03-18T21:00:00+00:00,HSBA.L,BUY,1629.0000,195.1100
2024-03-18T21:00:00+00:00,HYT.AX,BUY,584.0000,374.2400
2024-03-18T21:00:00+00:00,IBTM.L,BUY,5323.0000,102.6200
2024-03-18T21:00:00+00:00,IDN,BUY,784.0000,120.2900
2024-03-18T21:00:00+00:00,IITU.L,BUY,633.0000,191.8800
2024-03-18T21:00:00+00:00,IPWR,SELL,1620.0000,434.9400
2024-03-18T21:00:00+00:00,ISF.L,BUY,3690.0000,135.1500
2024-03-18T21:00:00+00:00,LTBR,SELL,86.0000,143.3800
2024-03-18T21:00:00+00:00,MOLN.SW,BUY,2020.0000,118.0900
2024-03-18T21:00:00+00:00,MSCL.TO,SELL,49.0000,266.5100
2024-03-18T21:00:00+00:00,PLTR,BUY,1010.0000,373.5200
2024-03-18T21:00:00+00:00,PRQR,SELL,594.0000,426.4500
2024-03-18T21:00:00+00:00,QSI,SELL,278.0000,300.5000
2024-03-18T21:00:00+00:00,RR.L,SELL,1507.0000,588.7700
2024-03-18T21:00:00+00:00,SEYE.ST,SELL,1118.0000,312.9300
2024-03-18T21:00:00+00:00,SGLN.L,SELL,2540.0000,138.9800
2024-03-18T21:00:00+00:00,SHEL.L,BUY,394.0000,223.9900
2024-03-18T21:00:00+00:00,SLX.AX,BUY,166.0000,655.6200
2024-03-18T21:00:00+00:00,SMGB.L,BUY,105.0000,217.4000
2024-03-18T21:00:00+00:00,VUL.AX,SELL,3822.0000,158.3000
2024-03-18T21:00:00+00:00,VYGR,SELL,455.0000,393.3400
2024-03-18T21:00:00+00:00,WBT.AX,BUY,430.0000,293.9200
2024-04-18T21:00:00+00:00,AL3.AX,BUY,2081.0000,120.5800
2024-04-18T21:00:00+00:00,ALCLS.PA,SELL,68.0000,258.0200
2024-04-18T21:00:00+00:00,ALMDT.PA,SELL,774.0000,288.4200
2024-04-18T21:00:00+00:00,AXE.AX,SELL,508.0000,258.1600
2024-04-18T21:00:00+00:00,AZN.L,SELL,311.0000,171.9600
2024-04-18T21:00:00+00:00,BGO.L,SELL,753.0000,217.5400
2024-04-18T21:00:00+00:00,BRK-B,BUY,127.0000,195.0200
2024-04-18T21:00:00+00:00,BRNT.L,SELL,546.0000,287.9800
2024-04-18T21:00:00+00:00,DBMG.L,SELL,3985.0000,155.3100
2024-04-18T21:00:00+00:00,EDIT,BUY,605.0000,579.1100
2024-04-18T21:00:00+00:00,EMV.AX,BUY,684.0000,202.0400
2024-04-18T21:00:00+00:00,FTC.L,BUY,333.0000,445.6400
2024-04-18T21:00:00+00:00,GSIT,SELL,137.0000,240.3600
2024-04-18T21:00:00+00:00,HSBA.L,SELL,1438.0000,208.7500
2024-04-18T21:00:00+00:00,HYT.AX,SELL,127.0000,395.4600
2024-04-18T21:00:00+00:00,IBTM.L,BUY,1489.0000,102.9100
2024-04-18T21:00:00+00:00,IDN,SELL,3770.0000,192.3500
2024-04-18T21:00:00+00:00,IITU.L,BUY,1045.0000,188.7900
2024-04-18T21:00:00+00:00,IPWR,BUY,1557.0000,286.3800
2024-04-18T21:00:00+00:00,ISF.L,SELL,793.0000,138.3500
2024-04-18T21:00:00+00:00,LTBR,BUY,2368.0000,114.5100
2024-04-18T21:00:00+00:00,MOLN.SW,BUY,454.0000,115.0800
2024-04-18T21:00:00+00:00,MSCL.TO,BUY,1206.0000,215.2900
2024-04-18T21:00:00+00:00,PLTR,BUY,1945.0000,336.1900
2024-04-18T21:00:00+00:00,PRQR,BUY,936.0000,328.2900
2024-04-18T21:00:00+00:00,QSI,BUY,1067.0000,242.8700
2024-04-18T21:00:00+00:00,RR.L,SELL,144.0000,607.6400
2024-04-18T21:00:00+00:00,SEYE.ST,BUY,1389.0000,235.7800
2024-04-18T21:00:00+00:00,SGLN.L,SELL,11777.0000,156.6600
2024-04-18T21:00:00+00:00,SHEL.L,SELL,2108.0000,248.5700
2024-04-18T21:00:00+00:00,SLX.AX,SELL,127.0000,714.3200
2024-04-18T21:00:00+00:00,SMGB.L,BUY,3685.0000,211.8800
2024-04-18T21:00:00+00:00,VUL.AX,BUY,305.0000,154.8900
2024-04-18T21:00:00+00:00,VYGR,BUY,624.0000,333.9900
2024-04-18T21:00:00+00:00,WBT.AX,BUY,955.0000,243.7400
2024-05-20T21:00:00+00:00,AL3.AX,SELL,1318.0000,144.9200
2024-05-20T21:00:00+00:00,ALCLS.PA,SELL,317.0000,289.8500
2024-05-20T21:00:00+00:00,ALMDT.PA,BUY,74.0000,298.0700
2024-05-20T21:00:00+00:00,AXE.AX,BUY,1171.0000,218.9400
2024-05-20T21:00:00+00:00,AZN.L,SELL,371.0000,190.5800
2024-05-20T21:00:00+00:00,BGO.L,BUY,13.0000,228.0700
2024-05-20T21:00:00+00:00,BRK-B,BUY,318.0000,197.4100
2024-05-20T21:00:00+00:00,BRNT.L,BUY,1935.0000,276.5100
2024-05-20T21:00:00+00:00,DBMG.L,BUY,3319.0000,155.7700
2024-05-20T21:00:00+00:00,EDIT,BUY,171.0000,564.5300
2024-05-20T21:00:00+00:00,EMV.AX,BUY,1695.0000,167.0700
2024-05-20T21:00:00+00:00,FTC.L,SELL,1132.0000,778.5200
2024-05-20T21:00:00+00:00,GSIT,BUY,1836.0000,187.2700
2024-05-20T21:00:00+00:00,HSBA.L,SELL,1624.0000,233.2000
2024-05-20T21:00:00+00:00,HYT.AX,SELL,758.0000,544.4500
2024-05-20T21:00:00+00:00,IBTM.L,BUY,5796.0000,102.7700
2024-05-20T21:00:00+00:00,IDN,BUY,577.0000,185.8300
2024-05-20T21:00:00+00:00,IITU.L,SELL,270.0000,200.0400
2024-05-20T21:00:00+00:00,IPWR,BUY,64.0000,296.6200
2024-05-20T21:00:00+00:00,ISF.L,SELL,2393.0000,148.5600
2024-05-20T21:00:00+00:00,LTBR,SELL,1938.0000,145.9100
2024-05-20T21:00:00+00:00,MOLN.SW,BUY,861.0000,112.1400
2024-05-20T21:00:00+00:00,MSCL.TO,BUY,600.0000,205.2700
2024-05-20T21:00:00+00:00,PLTR,BUY,813.0000,337.1400
2024-05-20T21:00:00+00:00,PRQR,BUY,148.0000,332.1400
2024-05-20T21:00:00+00:00,QSI,SELL,445.0000,279.0200
2024-05-20T21:00:00+00:00,RR.L,SELL,298.0000,659.4200
2024-05-20T21:00:00+00:00,SEYE.ST,SELL,895.0000,297.3000
2024-05-20T21:00:00+00:00,SGLN.L,BUY,5921.0000,156.0700
2024-05-20T21:00:00+00:00,SHEL.L,BUY,1259.0000,247.6300
2024-05-20T21:00:00+00:00,SLX.AX,SELL,396.0000,966.4000
2024-05-20T21:00:00+00:00,SMGB.L,SELL,2681.0000,229.5200
2024-05-20T21:00:00+00:00,VUL.AX,SELL,2790.0000,247.1900
2024-05-20T21:00:00+00:00,VYGR,SELL,159.0000,366.3600
2024-05-20T21:00:00+00:00,WBT.AX,BUY,1910.0000,187.2400
2024-06-19T21:00:00+00:00,AL3.AX,BUY,248.0000,146.2300
2024-06-19T21:00:00+00:00,ALCLS.PA,BUY,2550.0000,193.0600
2024-06-19T21:00:00+00:00,ALMDT.PA,BUY,1116.0000,247.0900
2024-06-19T21:00:00+00:00,AXE.AX,BUY,972.0000,195.5800
2024-06-19T21:00:00+00:00,AZN.L,BUY,107.0000,194.4200
2024-06-19T21:00:00+00:00,BGO.L,SELL,260.0000,247.3700
2024-06-19T21:00:00+00:00,BRK-B,BUY,431.0000,194.8500
2024-06-19T21:00:00+00:00,BRNT.L,BUY,327.0000,282.4400
2024-06-19T21:00:00+00:00,DBMG.L,BUY,3265.0000,154.5100
2024-06-19T21:00:00+00:00,EDIT,BUY,320.0000,515.0500
2024-06-19T21:00:00+00:00,EMV.AX,BUY,81.0000,171.4100
2024-06-19T21:00:00+00:00,FTC.L,SELL,292.0000,973.1500
2024-06-19T21:00:00+00:00,GSIT,BUY,705.0000,176.5500
2024-06-19T21:00:00+00:00,HSBA.L,BUY,1034.0000,232.3300
2024-06-19T21:00:00+00:00,HYT.AX,SELL,293.0000,641.4000
2024-06-19T21:00:00+00:00,IBTM.L,BUY,2079.0000,104.6400
2024-06-19T21:00:00+00:00,IDN,SELL,612.0000,210.5900
2024-06-19T21:00:00+00:00,IITU.L,SELL,2933.0000,227.9700
2024-06-19T21:00:00+00:00,IPWR,BUY,541.0000,274.2500
2024-06-19T21:00:00+00:00,ISF.L,BUY,6753.0000,145.0000
2024-06-19T21:00:00+00:00,LTBR,BUY,3223.0000,111.7000
2024-06-19T21:00:00+00:00,MOLN.SW,SELL,7119.0000,290.8700
2024-06-19T21:00:00+00:00,MSCL.TO,SELL,681.0000,237.7500
2024-06-19T21:00:00+00:00,PLTR,SELL,2342.0000,402.3300
2024-06-19T21:00:00+00:00,PRQR,BUY,785.0000,287.8100
2024-06-19T21:00:00+00:00,QSI,BUY,1913.0000,206.3500
2024-06-19T21:00:00+00:00,RR.L,SELL,382.0000,713.3200
2024-06-19T21:00:00+00:00,SEYE.ST,SELL,195.0000,322.1500
2024-06-19T21:00:00+00:00,SGLN.L,BUY,9152.0000,149.7200
2024-06-19T21:00:00+00:00,SHEL.L,BUY,1392.0000,242.6800
2024-06-19T21:00:00+00:00,SLX.AX,BUY,392.0000,779.5600
2024-06-19T21:00:00+00:00,SMGB.L,SELL,8180.0000,262.6000
2024-06-19T21:00:00+00:00,VUL.AX,BUY,996.0000,216.1400
2024-06-19T21:00:00+00:00,VYGR,BUY,268.0000,353.5300
2024-06-19T21:00:00+00:00,WBT.AX,BUY,270.0000,186.9300
2024-07-18T21:00:00+00:00,AL3.AX,SELL,5322.0000,333.9600
2024-07-18T21:00:00+00:00,ALCLS.PA,SELL,458.0000,205.0300
2024-07-18T21:00:00+00:00,ALMDT.PA,BUY,2645.0000,166.5600
2024-07-18T21:00:00+00:00,AXE.AX,BUY,824.0000,174.0400
2024-07-18T21:00:00+00:00,AZN.L,BUY,79.0000,191.0500
2024-07-18T21:00:00+00:00,BGO.L,SELL,187.0000,254.3900
2024-07-18T21:00:00+00:00,BRK-B,SELL,556.0000,206.3000
2024-07-18T21:00:00+00:00,BRNT.L,BUY,308.0000,276.9700
2024-07-18T21:00:00+00:00,DBMG.L,BUY,336.0000,152.8900
2024-07-18T21:00:00+00:00,EDIT,SELL,89.0000,529.4900
2024-07-18T21:00:00+00:00,EMV.AX,SELL,111.0000,172.7300
2024-07-18T21:00:00+00:00,FTC.L,SELL,60.0000,1010.0700
2024-07-18T21:00:00+00:00,GSIT,SELL,239.0000,181.0000
2024-07-18T21:00:00+00:00,HSBA.L,BUY,1019.0000,222.4400
2024-07-18T21:00:00+00:00,HYT.AX,SELL,576.0000,870.6200
2024-07-18T21:00:00+00:00,IBTM.L,BUY,423.0000,103.6300
2024-07-18T21:00:00+00:00,IDN,BUY,67.0000,207.1800
2024-07-18T21:00:00+00:00,IITU.L,BUY,1724.0000,214.0300
2024-07-18T21:00:00+00:00,IPWR,SELL,291.0000,289.3800
2024-07-18T21:00:00+00:00,ISF.L,SELL,893.0000,145.2300
2024-07-18T21:00:00+00:00,LTBR,SELL,2958.0000,146.0400
2024-07-18T21:00:00+00:00,MOLN.SW,BUY,2044.0000,201.9600
2024-07-18T21:00:00+00:00,MSCL.TO,BUY,804.0000,207.5000
2024-07-18T21:00:00+00:00,PLTR,SELL,1290.0000,436.2800
2024-07-18T21:00:00+00:00,PRQR,SELL,285.0000,304.1700
2024-07-18T21:00:00+00:00,QSI,BUY,1481.0000,167.8500
2024-07-18T21:00:00+00:00,RR.L,BUY,702.0000,656.1000
2024-07-18T21:00:00+00:00,SEYE.ST,BUY,347.0000,296.1500
2024-07-18T21:00:00+00:00,SGLN.L,SELL,5327.0000,155.5300
2024-07-18T21:00:00+00:00,SHEL.L,SELL,934.0000,250.3200
2024-07-18T21:00:00+00:00,SLX.AX,BUY,156.0000,711.9300
2024-07-18T21:00:00+00:00,SMGB.L,BUY,9678.0000,232.3900
2024-07-18T21:00:00+00:00,VUL.AX,BUY,13.0000,214.3700
2024-07-18T21:00:00+00:00,VYGR,SELL,62.0000,357.0400
2024-07-18T21:00:00+00:00,WBT.AX,SELL,259.0000,192.5600
2024-08-16T21:00:00+00:00,AL3.AX,BUY,206.0000,321.1700
2024-08-16T21:00:00+00:00,ALCLS.PA,BUY,269.0000,199.0700
2024-08-16T21:00:00+00:00,ALMDT.PA,SELL,5445.0000,498.1500
2024-08-16T21:00:00+00:00,AXE.AX,BUY,2577.0000,132.4100
2024-08-16T21:00:00+00:00,AZN.L,SELL,467.0000,206.8100
2024-08-16T21:00:00+00:00,BGO.L,BUY,1079.0000,214.0400
2024-08-16T21:00:00+00:00,BRK-B,SELL,64.0000,209.9400
2024-08-16T21:00:00+00:00,BRNT.L,BUY,1077.0000,267.2700
2024-08-16T21:00:00+00:00,DBMG.L,BUY,4744.0000,145.4100
2024-08-16T21:00:00+00:00,EDIT,BUY,835.0000,404.2100
2024-08-16T21:00:00+00:00,EMV.AX,SELL,459.0000,185.1900
2024-08-16T21:00:00+00:00,FTC.L,BUY,117.0000,939.6000
2024-08-16T21:00:00+00:00,GSIT,BUY,1285.0000,156.2800
2024-08-16T21:00:00+00:00,HSBA.L,BUY,250.0000,222.6700
2024-08-16T21:00:00+00:00,HYT.AX,BUY,697.0000,609.5500
2024-08-16T21:00:00+00:00,IBTM.L,SELL,1994.0000,106.4500
2024-08-16T21:00:00+00:00,IDN,BUY,2971.0000,144.3700
2024-08-16T21:00:00+00:00,IITU.L,BUY,241.0000,214.5200
2024-08-16T21:00:00+00:00,IPWR,SELL,282.0000,310.7600
2024-08-16T21:00:00+00:00,ISF.L,SELL,1037.0000,148.0200
2024-08-16T21:00:00+00:00,LTBR,BUY,2570.0000,115.7800
2024-08-16T21:00:00+00:00,MOLN.SW,BUY,463.0000,190.9600
2024-08-16T21:00:00+00:00,MSCL.TO,BUY,16.0000,209.0700
2024-08-16T21:00:00+00:00,PLTR,SELL,1537.0000,494.3000
2024-08-16T21:00:00+00:00,PRQR,SELL,824.0000,376.0500
2024-08-16T21:00:00+00:00,QSI,BUY,949.0000,151.8700
2024-08-16T21:00:00+00:00,RR.L,SELL,1166.0000,756.3400
2024-08-16T21:00:00+00:00,SEYE.ST,SELL,399.0000,327.4000
2024-08-16T21:00:00+00:00,SGLN.L,SELL,611.0000,157.9100
2024-08-16T21:00:00+00:00,SHEL.L,BUY,411.0000,248.6900
2024-08-16T21:00:00+00:00,SLX.AX,BUY,349.0000,608.6500
2024-08-16T21:00:00+00:00,SMGB.L,BUY,2921.0000,227.2100
2024-08-16T21:00:00+00:00,VUL.AX,BUY,834.0000,191.5300
2024-08-16T21:00:00+00:00,VYGR,BUY,1154.0000,277.1800
2024-08-16T21:00:00+00:00,WBT.AX,BUY,1606.0000,158.6600
2024-09-17T21:00:00+00:00,AL3.AX,SELL,81.0000,319.2200
2024-09-17T21:00:00+00:00,ALCLS.PA,SELL,931.0000,224.2200
2024-09-17T21:00:00+00:00,ALMDT.PA,BUY,1272.0000,333.2100
2024-09-17T21:00:00+00:00,AXE.AX,BUY,715.0000,120.8700
2024-09-17T21:00:00+00:00,AZN.L,BUY,411.0000,189.7200
2024-09-17T21:00:00+00:00,BGO.L,BUY,497.0000,193.8600
2024-09-17T21:00:00+00:00,BRK-B,SELL,210.0000,209.9600
2024-09-17T21:00:00+00:00,BRNT.L,BUY,1861.0000,242.0200
2024-09-17T21:00:00+00:00,DBMG.L,BUY,100.0000,141.6400
2024-09-17T21:00:00+00:00,EDIT,BUY,131.0000,379.6900
2024-09-17T21:00:00+00:00,EMV.AX,SELL,70.0000,182.3300
2024-09-17T21:00:00+00:00,FTC.L,SELL,82.0000,969.8000
2024-09-17T21:00:00+00:00,GSIT,SELL,1466.0000,182.6700
2024-09-17T21:00:00+00:00,HSBA.L,SELL,907.0000,224.4300
2024-09-17T21:00:00+00:00,HYT.AX,SELL,586.0000,801.2800
2024-09-17T21:00:00+00:00,IBTM.L,SELL,3327.0000,106.8500
2024-09-17T21:00:00+00:00,IDN,BUY,887.0000,128.8700
2024-09-17T21:00:00+00:00,IITU.L,BUY,118.0000,208.4300
2024-09-17T21:00:00+00:00,IPWR,BUY,253.0000,286.7900
2024-09-17T21:00:00+00:00,ISF.L,SELL,3033.0000,148.3000
2024-09-17T21:00:00+00:00,LTBR,BUY,700.0000,106.6600
2024-09-17T21:00:00+00:00,MOLN.SW,BUY,1700.0000,150.8300
2024-09-17T21:00:00+00:00,MSCL.TO,BUY,79.0000,201.5100
2024-09-17T21:00:00+00:00,PLTR,SELL,1493.0000,546.7000
2024-09-17T21:00:00+00:00,PRQR,BUY,752.0000,304.4900
2024-09-17T21:00:00+00:00,QSI,SELL,29.0000,148.5900
2024-09-17T21:00:00+00:00,RR.L,SELL,106.0000,747.2800
2024-09-17T21:00:00+00:00,SEYE.ST,BUY,1494.0000,235.8800
2024-09-17T21:00:00+00:00,SGLN.L,SELL,4166.0000,159.6800
2024-09-17T21:00:00+00:00,SHEL.L,BUY,1568.0000,228.2800
2024-09-17T21:00:00+00:00,SLX.AX,BUY,405.0000,503.8900
2024-09-17T21:00:00+00:00,SMGB.L,BUY,3091.0000,214.3300
2024-09-17T21:00:00+00:00,VUL.AX,BUY,296.0000,179.4300
2024-09-17T21:00:00+00:00,VYGR,BUY,194.0000,260.2200
2024-09-17T21:00:00+00:00,WBT.AX,BUY,361.0000,148.5900
2024-10-16T21:00:00+00:00,AL3.AX,BUY,112.0000,330.0600
2024-10-16T21:00:00+00:00,ALCLS.PA,BUY,1391.0000,193.2800
2024-10-16T21:00:00+00:00,ALMDT.PA,BUY,563.0000,310.4400
2024-10-16T21:00:00+00:00,AXE.AX,SELL,63.0000,129.0000
2024-10-16T21:00:00+00:00,AZN.L,BUY,390.0000,190.6100
2024-10-16T21:00:00+00:00,BGO.L,BUY,1003.0000,179.8200
2024-10-16T21:00:00+00:00,BRK-B,BUY,243.0000,216.4700
2024-10-16T21:00:00+00:00,BRNT.L,BUY,756.0000,249.6000
2024-10-16T21:00:00+00:00,DBMG.L,BUY,4479.0000,142.4800
2024-10-16T21:00:00+00:00,EDIT,BUY,620.0000,343.1200
2024-10-16T21:00:00+00:00,EMV.AX,BUY,841.0000,173.7500
2024-10-16T21:00:00+00:00,FTC.L,BUY,61.0000,986.5800
2024-10-16T21:00:00+00:00,GSIT,SELL,1753.0000,254.2000
2024-10-16T21:00:00+00:00,HSBA.L,BUY,1192.0000,228.1600
2024-10-16T21:00:00+00:00,HYT.AX,SELL,158.0000,938.6700
2024-10-16T21:00:00+00:00,IBTM.L,BUY,8164.0000,105.8200
2024-10-16T21:00:00+00:00,IDN,SELL,250.0000,140.1200
2024-10-16T21:00:00+00:00,IITU.L,SELL,63.0000,221.6600
2024-10-16T21:00:00+00:00,IPWR,BUY,286.0000,286.9500
2024-10-16T21:00:00+00:00,ISF.L,BUY,6410.0000,148.8100
2024-10-16T21:00:00+00:00,LTBR,SELL,5913.0000,212.6200
2024-10-16T21:00:00+00:00,MOLN.SW,BUY,802.0000,146.9100
2024-10-16T21:00:00+00:00,MSCL.TO,SELL,1511.0000,276.1900
2024-10-16T21:00:00+00:00,PLTR,SELL,974.0000,635.8700
2024-10-16T21:00:00+00:00,PRQR,SELL,2314.0000,676.2800
2024-10-16T21:00:00+00:00,QSI,BUY,2365.0000,125.1000
2024-10-16T21:00:00+00:00,RR.L,SELL,504.0000,845.4100
2024-10-16T21:00:00+00:00,SEYE.ST,BUY,1689.0000,193.2800
2024-10-16T21:00:00+00:00,SGLN.L,BUY,740.0000,168.3700
2024-10-16T21:00:00+00:00,SHEL.L,BUY,1954.0000,225.7400
2024-10-16T21:00:00+00:00,SLX.AX,SELL,468.0000,648.0600
2024-10-16T21:00:00+00:00,SMGB.L,BUY,1728.0000,223.3800
2024-10-16T21:00:00+00:00,VUL.AX,SELL,1714.0000,246.6800
2024-10-16T21:00:00+00:00,VYGR,SELL,891.0000,333.5200
2024-10-16T21:00:00+00:00,WBT.AX,SELL,185.0000,160.9700
2024-11-14T21:00:00+00:00,AL3.AX,SELL,1477.0000,521.2500
2024-11-14T21:00:00+00:00,ALCLS.PA,BUY,594.0000,186.3300
2024-11-14T21:00:00+00:00,ALMDT.PA,SELL,202.0000,338.1300
2024-11-14T21:00:00+00:00,AXE.AX,SELL,3979.0000,209.4500
2024-11-14T21:00:00+00:00,AZN.L,BUY,1583.0000,163.1500
2024-11-14T21:00:00+00:00,BGO.L,BUY,132.0000,184.2100
2024-11-14T21:00:00+00:00,BRK-B,BUY,71.0000,223.5500
2024-11-14T21:00:00+00:00,BRNT.L,BUY,713.0000,253.1900
2024-11-14T21:00:00+00:00,DBMG.L,BUY,3260.0000,142.9500
2024-11-14T21:00:00+00:00,EDIT,BUY,1091.0000,283.2800
2024-11-14T21:00:00+00:00,EMV.AX,BUY,614.0000,168.3900
2024-11-14T21:00:00+00:00,FTC.L,BUY,29.0000,1006.7100
2024-11-14T21:00:00+00:00,GSIT,BUY,2870.0000,175.3600
2024-11-14T21:00:00+00:00,HSBA.L,SELL,527.0000,242.1100
2024-11-14T21:00:00+00:00,HYT.AX,BUY,249.0000,840.1500
2024-11-14T21:00:00+00:00,IBTM.L,BUY,5804.0000,105.2000
2024-11-14T21:00:00+00:00,IDN,SELL,991.0000,161.5900
2024-11-14T21:00:00+00:00,IITU.L,SELL,346.0000,233.4000
2024-11-14T21:00:00+00:00,IPWR,BUY,884.0000,253.8500
2024-11-14T21:00:00+00:00,ISF.L,BUY,8351.0000,144.6900
2024-11-14T21:00:00+00:00,LTBR,SELL,2203.0000,329.0700
2024-11-14T21:00:00+00:00,MOLN.SW,SELL,864.0000,167.8600
2024-11-14T21:00:00+00:00,MSCL.TO,SELL,945.0000,351.7500
2024-11-14T21:00:00+00:00,PLTR,SELL,2870.0000,922.8200
2024-11-14T21:00:00+00:00,PRQR,BUY,65.0000,683.2900
2024-11-14T21:00:00+00:00,QSI,BUY,697.0000,122.8000
2024-11-14T21:00:00+00:00,RR.L,BUY,532.0000,823.0700
2024-11-14T21:00:00+00:00,SEYE.ST,BUY,850.0000,180.5600
2024-11-14T21:00:00+00:00,SGLN.L,BUY,6512.0000,165.8500
2024-11-14T21:00:00+00:00,SHEL.L,BUY,881.0000,228.0600
2024-11-14T21:00:00+00:00,SLX.AX,SELL,214.0000,747.1000
2024-11-14T21:00:00+00:00,SMGB.L,BUY,2148.0000,227.5400
2024-11-14T21:00:00+00:00,VUL.AX,SELL,885.0000,303.1100
2024-11-14T21:00:00+00:00,VYGR,BUY,1236.0000,269.6700
2024-11-14T21:00:00+00:00,WBT.AX,SELL,3174.0000,260.6500
2024-12-13T21:00:00+00:00,AL3.AX,BUY,1436.0000,355.7800
2024-12-13T21:00:00+00:00,ALCLS.PA,BUY,709.0000,175.5000
2024-12-13T21:00:00+00:00,ALMDT.PA,BUY,454.0000,314.3300
2024-12-13T21:00:00+00:00,AXE.AX,BUY,1269.0000,182.2600
2024-12-13T21:00:00+00:00,AZN.L,BUY,71.0000,165.9400
2024-12-13T21:00:00+00:00,BGO.L,BUY,936.0000,169.3000
2024-12-13T21:00:00+00:00,BRK-B,BUY,384.0000,219.3800
2024-12-13T21:00:00+00:00,BRNT.L,SELL,151.0000,261.0400
2024-12-13T21:00:00+00:00,DBMG.L,BUY,1440.0000,144.2400
2024-12-13T21:00:00+00:00,EDIT,BUY,5093.0000,147.6100
2024-12-13T21:00:00+00:00,EMV.AX,BUY,824.0000,157.9600
2024-12-13T21:00:00+00:00,FTC.L,BUY,101.0000,966.4400
2024-12-13T21:00:00+00:00,GSIT,BUY,296.0000,173.7700
2024-12-13T21:00:00+00:00,HSBA.L,SELL,1527.0000,262.6800
2024-12-13T21:00:00+00:00,HYT.AX,BUY,214.0000,768.7700
2024-12-13T21:00:00+00:00,IBTM.L,BUY,1311.0000,106.7700
2024-12-13T21:00:00+00:00,IDN,SELL,1574.0000,199.7600
2024-12-13T21:00:00+00:00,IPWR,BUY,295.0000,247.8200
2024-12-13T21:00:00+00:00,ISF.L,SELL,479.0000,148.9200
2024-12-13T21:00:00+00:00,LTBR,BUY,2606.0000,214.1900
2024-12-13T21:00:00+00:00,MOLN.SW,BUY,344.0000,165.7000
2024-12-13T21:00:00+00:00,MSCL.TO,SELL,469.0000,405.5000
2024-12-13T21:00:00+00:00,PLTR,SELL,1488.0000,1188.9600
2024-12-13T21:00:00+00:00,PRQR,BUY,934.0000,490.6800
2024-12-13T21:00:00+00:00,QSI,SELL,6515.0000,271.7600
2024-12-13T21:00:00+00:00,RR.L,SELL,194.0000,864.4300
2024-12-13T21:00:00+00:00,SEYE.ST,BUY,380.0000,176.9900
2024-12-13T21:00:00+00:00,SGLN.L,SELL,1709.0000,172.5000
2024-12-13T21:00:00+00:00,SHEL.L,BUY,1148.0000,225.0800
2024-12-13T21:00:00+00:00,SLX.AX,SELL,93.0000,803.4900
2024-12-13T21:00:00+00:00,SMGB.L,BUY,2002.0000,228.6400
2024-12-13T21:00:00+00:00,VUL.AX,BUY,455.0000,284.4800
2024-12-13T21:00:00+00:00,VYGR,BUY,82.0000,272.4700
2024-12-13T21:00:00+00:00,WBT.AX,BUY,691.0000,238.4700
2025-01-16T21:00:00+00:00,AL3.AX,BUY,277.0000,349.9100
2025-01-16T21:00:00+00:00,ALCLS.PA,BUY,665.0000,170.6900
2025-01-16T21:00:00+00:00,ALMDT.PA,SELL,1043.0000,418.9300
2025-01-16T21:00:00+00:00,AXE.AX,SELL,1184.0000,222.1500
2025-01-16T21:00:00+00:00,AZN.L,BUY,95.0000,171.9000
2025-01-16T21:00:00+00:00,BGO.L,SELL,259.0000,182.4600
2025-01-16T21:00:00+00:00,BRK-B,BUY,3.0000,229.5900
2025-01-16T21:00:00+00:00,BRNT.L,SELL,1883.0000,293.5000
2025-01-16T21:00:00+00:00,DBMG.L,SELL,162.0000,151.2700
2025-01-16T21:00:00+00:00,EDIT,BUY,1803.0000,131.6100
2025-01-16T21:00:00+00:00,EMV.AX,BUY,321.0000,160.0600
2025-01-16T21:00:00+00:00,FTC.L,SELL,352.0000,1302.0100
2025-01-16T21:00:00+00:00,GSIT,SELL,324.0000,188.8600
2025-01-16T21:00:00+00:00,HSBA.L,SELL,504.0000,280.3700
2025-01-16T21:00:00+00:00,HYT.AX,SELL,8.0000,808.2200
2025-01-16T21:00:00+00:00,IBTM.L,BUY,3484.0000,108.8400
2025-01-16T21:00:00+00:00,IDN,BUY,925.0000,186.5700
2025-01-16T21:00:00+00:00,IITU.L,BUY,1196.0000,241.2500
2025-01-16T21:00:00+00:00,IPWR,SELL,1096.0000,315.5100
2025-01-16T21:00:00+00:00,ISF.L,BUY,4121.0000,150.9400
2025-01-16T21:00:00+00:00,LTBR,SELL,869.0000,255.3300
2025-01-16T21:00:00+00:00,MOLN.SW,SELL,14.0000,173.7300
2025-01-16T21:00:00+00:00,MSCL.TO,BUY,718.0000,356.6200
2025-01-16T21:00:00+00:00,PLTR,BUY,642.0000,1120.5700
2025-01-16T21:00:00+00:00,PRQR,BUY,760.0000,412.9200
2025-01-16T21:00:00+00:00,QSI,SELL,1774.0000,415.5500
2025-01-16T21:00:00+00:00,RR.L,BUY,285.0000,873.7900
2025-01-16T21:00:00+00:00,SEYE.ST,BUY,507.0000,175.0100
2025-01-16T21:00:00+00:00,SGLN.L,SELL,825.0000,181.8500
2025-01-16T21:00:00+00:00,SHEL.L,SELL,838.0000,242.2500
2025-01-16T21:00:00+00:00,SLX.AX,BUY,6.0000,838.3000
2025-01-16T21:00:00+00:00,SMGB.L,SELL,2690.0000,245.9600
2025-01-16T21:00:00+00:00,VUL.AX,BUY,39.0000,295.6900
2025-01-16T21:00:00+00:00,VYGR,BUY,1418.0000,227.6800
2025-01-16T21:00:00+00:00,WBT.AX,BUY,1414.0000,204.5300
2025-02-14T21:00:00+00:00,AL3.AX,BUY,636.0000,314.0400
2025-02-14T21:00:00+00:00,ALCLS.PA,BUY,644.0000,163.3000
2025-02-14T21:00:00+00:00,ALMDT.PA,BUY,3265.0000,230.9100
2025-02-14T21:00:00+00:00,AXE.AX,BUY,1164.0000,195.5300
2025-02-14T21:00:00+00:00,AZN.L,SELL,480.0000,185.6000
2025-02-14T21:00:00+00:00,BGO.L,BUY,650.0000,173.6800
2025-02-14T21:00:00+00:00,BRK-B,BUY,111.0000,231.8500
2025-02-14T21:00:00+00:00,BRNT.L,BUY,2516.0000,273.0700
2025-02-14T21:00:00+00:00,DBMG.L,BUY,5188.0000,146.2600
2025-02-14T21:00:00+00:00,EDIT,SELL,697.0000,142.7400
2025-02-14T21:00:00+00:00,EMV.AX,SELL,789.0000,177.6600
2025-02-14T21:00:00+00:00,FTC.L,SELL,96.0000,1442.9500
2025-02-14T21:00:00+00:00,GSIT,SELL,1408.0000,231.5700
2025-02-14T21:00:00+00:00,HSBA.L,SELL,995.0000,298.1600
2025-02-14T21:00:00+00:00,HYT.AX,BUY,383.0000,692.1500
2025-02-14T21:00:00+00:00,IBTM.L,BUY,5045.0000,107.2000
2025-02-14T21:00:00+00:00,IDN,BUY,808.0000,174.3300
2025-02-14T21:00:00+00:00,IITU.L,BUY,953.0000,239.5800
2025-02-14T21:00:00+00:00,IPWR,BUY,1153.0000,262.8000
2025-02-14T21:00:00+00:00,ISF.L,SELL,2399.0000,157.2300
2025-02-14T21:00:00+00:00,LTBR,SELL,3610.0000,615.7000
2025-02-14T21:00:00+00:00,MOLN.SW,BUY,2043.0000,145.3800
2025-02-14T21:00:00+00:00,MSCL.TO,BUY,816.0000,308.4900
2025-02-14T21:00:00+00:00,PLTR,SELL,2516.0000,1879.3300
2025-02-14T21:00:00+00:00,PRQR,SELL,11.0000,423.4000
2025-02-14T21:00:00+00:00,QSI,BUY,1411.0000,310.9000
2025-02-14T21:00:00+00:00,RR.L,SELL,435.0000,942.9300
2025-02-14T21:00:00+00:00,SEYE.ST,BUY,2826.0000,136.6800
2025-02-14T21:00:00+00:00,SGLN.L,SELL,1160.0000,187.7700
2025-02-14T21:00:00+00:00,SHEL.L,BUY,521.0000,243.4200
2025-02-14T21:00:00+00:00,SLX.AX,BUY,360.0000,721.1700
2025-02-14T21:00:00+00:00,SMGB.L,BUY,7086.0000,234.4300
2025-02-14T21:00:00+00:00,VUL.AX,BUY,2890.0000,197.0600
2025-02-14T21:00:00+00:00,VYGR,BUY,1792.0000,185.4900
2025-02-14T21:00:00+00:00,WBT.AX,BUY,2028.0000,166.0600
2025-03-17T21:00:00+00:00,AL3.AX,BUY,644.0000,264.8400
2025-03-17T21:00:00+00:00,ALCLS.PA,BUY,2218.0000,126.6700
2025-03-17T21:00:00+00:00,ALMDT.PA,BUY,58.0000,216.9900
2025-03-17T21:00:00+00:00,AXE.AX,BUY,1357.0000,159.4100
2025-03-17T21:00:00+00:00,AZN.L,SELL,699.0000,191.4400
2025-03-17T21:00:00+00:00,BGO.L,BUY,1488.0000,142.1100
2025-03-17T21:00:00+00:00,BRK-B,SELL,959.0000,245.6600
2025-03-17T21:00:00+00:00,BRNT.L,BUY,608.0000,253.2100
2025-03-17T21:00:00+00:00,DBMG.L,BUY,1211.0000,136.8400
2025-03-17T21:00:00+00:00,EDIT,SELL,523.0000,141.7000
2025-03-17T21:00:00+00:00,EMV.AX,BUY,1152.0000,149.6000
2025-03-17T21:00:00+00:00,FTC.L,SELL,59.0000,1442.9500
2025-03-17T21:00:00+00:00,GSIT,BUY,1830.0000,174.2700
2025-03-17T21:00:00+00:00,HSBA.L,SELL,2215.0000,310.2400
2025-03-17T21:00:00+00:00,HYT.AX,BUY,147.0000,617.3800
2025-03-17T21:00:00+00:00,IBTM.L,SELL,5574.0000,105.8500
2025-03-17T21:00:00+00:00,IDN,BUY,217.0000,161.4400
2025-03-17T21:00:00+00:00,IITU.L,BUY,3223.0000,206.9300
2025-03-17T21:00:00+00:00,IPWR,BUY,2317.0000,181.4600
2025-03-17T21:00:00+00:00,ISF.L,SELL,6909.0000,157.5300
2025-03-17T21:00:00+00:00,LTBR,BUY,1053.0000,417.7800
2025-03-17T21:00:00+00:00,MOLN.SW,BUY,1743.0000,119.2700
2025-03-17T21:00:00+00:00,MSCL.TO,SELL,807.0000,344.7100
2025-03-17T21:00:00+00:00,PLTR,BUY,1298.0000,1338.5200
2025-03-17T21:00:00+00:00,PRQR,BUY,1500.0000,288.9800
2025-03-17T21:00:00+00:00,QSI,BUY,802.0000,255.6000
2025-03-17T21:00:00+00:00,RR.L,SELL,2050.0000,1210.1400
2025-03-17T21:00:00+00:00,SEYE.ST,SELL,2652.0000,166.3500
2025-03-17T21:00:00+00:00,SGLN.L,SELL,6656.0000,188.6700
2025-03-17T21:00:00+00:00,SHEL.L,SELL,1615.0000,243.6000
2025-03-17T21:00:00+00:00,SLX.AX,BUY,634.0000,534.1500
2025-03-17T21:00:00+00:00,SMGB.L,BUY,7782.0000,206.7300
2025-03-17T21:00:00+00:00,VUL.AX,SELL,1063.0000,214.1100
2025-03-17T21:00:00+00:00,VYGR,BUY,533.0000,165.7300
2025-03-17T21:00:00+00:00,WBT.AX,BUY,626.0000,147.9300
2025-04-15T21:00:00+00:00,AL3.AX,SELL,1244.0000,319.5900
2025-04-15T21:00:00+00:00,ALCLS.PA,SELL,2733.0000,155.0000
2025-04-15T21:00:00+00:00,ALMDT.PA,SELL,326.0000,216.1000
2025-04-15T21:00:00+00:00,AXE.AX,BUY,1514.0000,131.0900
2025-04-15T21:00:00+00:00,AZN.L,BUY,791.0000,165.3300
2025-04-15T21:00:00+00:00,BGO.L,SELL,412.0000,140.3500
2025-04-15T21:00:00+00:00,BRK-B,SELL,333.0000,243.4900
2025-04-15T21:00:00+00:00,BRNT.L,BUY,1726.0000,226.9400
2025-04-15T21:00:00+00:00,DBMG.L,SELL,2268.0000,133.1700
2025-04-15T21:00:00+00:00,EDIT,BUY,124.0000,133.1600
2025-04-15T21:00:00+00:00,EMV.AX,SELL,537.0000,149.9500
2025-04-15T21:00:00+00:00,FTC.L,BUY,34.0000,1328.8600
2025-04-15T21:00:00+00:00,GSIT,SELL,681.0000,179.3400
2025-04-15T21:00:00+00:00,HSBA.L,BUY,1458.0000,276.9400
2025-04-15T21:00:00+00:00,HYT.AX,SELL,148.0000,623.6800
2025-04-15T21:00:00+00:00,IBTM.L,SELL,4153.0000,103.8600
2025-04-15T21:00:00+00:00,IDN,SELL,267.0000,157.8000
2025-04-15T21:00:00+00:00,IITU.L,BUY,644.0000,193.2500
2025-04-15T21:00:00+00:00,IPWR,BUY,228.0000,167.9700
2025-04-15T21:00:00+00:00,ISF.L,SELL,701.0000,150.5900
2025-04-15T21:00:00+00:00,LTBR,BUY,881.0000,320.8500
2025-04-15T21:00:00+00:00,MOLN.SW,SELL,489.0000,117.7800
2025-04-15T21:00:00+00:00,MSCL.TO,BUY,1012.0000,267.4600
2025-04-15T21:00:00+00:00,PLTR,SELL,734.0000,1479.9300
2025-04-15T21:00:00+00:00,PRQR,BUY,2056.0000,198.5400
2025-04-15T21:00:00+00:00,QSI,BUY,1813.0000,187.0100
2025-04-15T21:00:00+00:00,RR.L,BUY,237.0000,1104.7700
2025-04-15T21:00:00+00:00,SEYE.ST,SELL,441.0000,165.9500
2025-04-15T21:00:00+00:00,SGLN.L,SELL,11066.0000,199.3700
2025-04-15T21:00:00+00:00,SHEL.L,BUY,2079.0000,215.8800
2025-04-15T21:00:00+00:00,SLX.AX,BUY,1008.0000,376.7600
2025-04-15T21:00:00+00:00,SMGB.L,BUY,9202.0000,181.6000
2025-04-15T21:00:00+00:00,VUL.AX,SELL,253.0000,210.8700
2025-04-15T21:00:00+00:00,VYGR,BUY,1622.0000,134.2300
2025-04-15T21:00:00+00:00,WBT.AX,BUY,1104.0000,127.1900
2025-05-19T21:00:00+00:00,AL3.AX,BUY,658.0000,300.8600
2025-05-19T21:00:00+00:00,ALCLS.PA,BUY,1474.0000,144.3400
2025-05-19T21:00:00+00:00,ALMDT.PA,BUY,1830.0000,183.2600
2025-05-19T21:00:00+00:00,AXE.AX,BUY,354.0000,136.7000
2025-05-19T21:00:00+00:00,AZN.L,BUY,574.0000,166.8000
2025-05-19T21:00:00+00:00,BGO.L,SELL,460.0000,157.8900
2025-05-19T21:00:00+00:00,BRK-B,BUY,930.0000,233.8900
2025-05-19T21:00:00+00:00,BRNT.L,BUY,1845.0000,230.0900
2025-05-19T21:00:00+00:00,DBMG.L,BUY,8659.0000,131.2200
2025-05-19T21:00:00+00:00,EDIT,SELL,174.0000,145.5200
2025-05-19T21:00:00+00:00,EMV.AX,BUY,1567.0000,139.1100
2025-05-19T21:00:00+00:00,FTC.L,SELL,141.0000,1637.5800
2025-05-19T21:00:00+00:00,GSIT,SELL,546.0000,206.6500
2025-05-19T21:00:00+00:00,HSBA.L,SELL,1248.0000,314.2300
2025-05-19T21:00:00+00:00,HYT.AX,BUY,244.0000,607.8600
2025-05-19T21:00:00+00:00,IBTM.L,BUY,11729.0000,102.3400
2025-05-19T21:00:00+00:00,IDN,SELL,1890.0000,212.8300
2025-05-19T21:00:00+00:00,IITU.L,SELL,2199.0000,220.9600
2025-05-19T21:00:00+00:00,IPWR,SELL,301.0000,187.1100
2025-05-19T21:00:00+00:00,ISF.L,BUY,1889.0000,159.4600
2025-05-19T21:00:00+00:00,LTBR,SELL,989.0000,439.8800
2025-05-19T21:00:00+00:00,MOLN.SW,BUY,1362.0000,114.2500
2025-05-19T21:00:00+00:00,MSCL.TO,BUY,690.0000,255.6700
2025-05-19T21:00:00+00:00,PLTR,SELL,691.0000,1881.2900
2025-05-19T21:00:00+00:00,PRQR,SELL,1811.0000,282.4900
2025-05-19T21:00:00+00:00,QSI,SELL,412.0000,212.2600
2025-05-19T21:00:00+00:00,RR.L,SELL,283.0000,1247.1000
2025-05-19T21:00:00+00:00,SEYE.ST,SELL,1452.0000,213.4200
2025-05-19T21:00:00+00:00,SGLN.L,BUY,8249.0000,197.9400
2025-05-19T21:00:00+00:00,SHEL.L,BUY,633.0000,227.5300
2025-05-19T21:00:00+00:00,SLX.AX,SELL,50.0000,410.5300
2025-05-19T21:00:00+00:00,SMGB.L,SELL,10666.0000,214.1200
2025-05-19T21:00:00+00:00,VUL.AX,BUY,844.0000,202.3700
2025-05-19T21:00:00+00:00,VYGR,BUY,182.0000,142.0200
2025-05-19T21:00:00+00:00,WBT.AX,BUY,898.0000,126.9700
2025-06-18T21:00:00+00:00,AL3.AX,BUY,823.0000,271.2400
2025-06-18T21:00:00+00:00,ALCLS.PA,BUY,1258.0000,135.0100
2025-06-18T21:00:00+00:00,ALMDT.PA,BUY,7873.0000,100.0000
2025-06-18T21:00:00+00:00,AXE.AX,BUY,935.0000,131.8700
2025-06-18T21:00:00+00:00,AZN.L,BUY,232.0000,169.6400
2025-06-18T21:00:00+00:00,BGO.L,BUY,144.0000,162.2800
2025-06-18T21:00:00+00:00,BRK-B,BUY,969.0000,219.4000
2025-06-18T21:00:00+00:00,BRNT.L,SELL,2804.0000,262.8000
2025-06-18T21:00:00+00:00,DBMG.L,BUY,3004.0000,132.9300
2025-06-18T21:00:00+00:00,EDIT,SELL,3624.0000,227.3900
2025-06-18T21:00:00+00:00,EMV.AX,SELL,195.0000,147.5500
2025-06-18T21:00:00+00:00,FTC.L,SELL,217.0000,2201.3400
2025-06-18T21:00:00+00:00,GSIT,BUY,655.0000,198.4700
2025-06-18T21:00:00+00:00,HSBA.L,BUY,1146.0000,311.8800
2025-06-18T21:00:00+00:00,HYT.AX,BUY,1124.0000,442.8400
2025-06-18T21:00:00+00:00,IBTM.L,BUY,4913.0000,103.0700
2025-06-18T21:00:00+00:00,IDN,SELL,2515.0000,335.0800
2025-06-18T21:00:00+00:00,IITU.L,BUY,523.0000,226.9600
2025-06-18T21:00:00+00:00,IPWR,BUY,1624.0000,163.6800
2025-06-18T21:00:00+00:00,ISF.L,BUY,2834.0000,162.4500
2025-06-18T21:00:00+00:00,LTBR,SELL,622.0000,554.3100
2025-06-18T21:00:00+00:00,MOLN.SW,BUY,1137.0000,110.0800
2025-06-18T21:00:00+00:00,MSCL.TO,BUY,1127.0000,225.5200
2025-06-18T21:00:00+00:00,PLTR,SELL,191.0000,2064.9400
2025-06-18T21:00:00+00:00,PRQR,SELL,407.0000,317.5200
2025-06-18T21:00:00+00:00,QSI,SELL,1136.0000,261.0100
2025-06-18T21:00:00+00:00,RR.L,SELL,238.0000,1356.4100
2025-06-18T21:00:00+00:00,SEYE.ST,BUY,853.0000,199.5700
2025-06-18T21:00:00+00:00,SGLN.L,BUY,286.0000,205.8100
2025-06-18T21:00:00+00:00,SHEL.L,SELL,1046.0000,245.3800
2025-06-18T21:00:00+00:00,SLX.AX,SELL,795.0000,538.9000
2025-06-18T21:00:00+00:00,SMGB.L,SELL,2635.0000,228.6600
2025-06-18T21:00:00+00:00,VUL.AX,BUY,1976.0000,168.4700
2025-06-18T21:00:00+00:00,VYGR,BUY,2091.0000,124.7000
2025-06-18T21:00:00+00:00,WBT.AX,BUY,741.0000,124.9500
2025-07-17T21:00:00+00:00,AL3.AX,SELL,3236.0000,617.8000
2025-07-17T21:00:00+00:00,ALCLS.PA,SELL,2146.0000,174.7900
2025-07-17T21:00:00+00:00,ALMDT.PA,SELL,6665.0000,178.9700
2025-07-17T21:00:00+00:00,AXE.AX,SELL,1029.0000,153.3900
2025-07-17T21:00:00+00:00,AZN.L,BUY,872.0000,165.8400
2025-07-17T21:00:00+00:00,BGO.L,BUY,1717.0000,148.2500
2025-07-17T21:00:00+00:00,BRK-B,BUY,895.0000,214.3900
2025-07-17T21:00:00+00:00,BRNT.L,BUY,3847.0000,248.0500
2025-07-17T21:00:00+00:00,DBMG.L,BUY,5941.0000,134.4000
2025-07-17T21:00:00+00:00,EDIT,SELL,598.0000,264.5300
2025-07-17T21:00:00+00:00,EMV.AX,BUY,862.0000,146.2700
2025-07-17T21:00:00+00:00,FTC.L,BUY,41.0000,2228.1900
2025-07-17T21:00:00+00:00,GSIT,SELL,3065.0000,335.4300
2025-07-17T21:00:00+00:00,HSBA.L,BUY,30.0000,332.5600
2025-07-17T21:00:00+00:00,HYT.AX,BUY,785.0000,390.6400
2025-07-17T21:00:00+00:00,IBTM.L,BUY,9440.0000,103.3000
2025-07-17T21:00:00+00:00,IDN,BUY,296.0000,337.4700
2025-07-17T21:00:00+00:00,IITU.L,SELL,869.0000,248.4000
2025-07-17T21:00:00+00:00,IPWR,SELL,1780.0000,212.1600
2025-07-17T21:00:00+00:00,ISF.L,BUY,6400.0000,164.9400
2025-07-17T21:00:00+00:00,LTBR,SELL,196.0000,633.3600
2025-07-17T21:00:00+00:00,MOLN.SW,BUY,1258.0000,108.4400
2025-07-17T21:00:00+00:00,MSCL.TO,BUY,84.0000,238.0500
2025-07-17T21:00:00+00:00,PLTR,SELL,112.0000,2275.1400
2025-07-17T21:00:00+00:00,PRQR,SELL,719.0000,393.3600
2025-07-17T21:00:00+00:00,QSI,BUY,159.0000,271.8300
2025-07-17T21:00:00+00:00,RR.L,SELL,320.0000,1537.5600
2025-07-17T21:00:00+00:00,SEYE.ST,SELL,67.0000,214.8000
2025-07-17T21:00:00+00:00,SGLN.L,BUY,8568.0000,203.5000
2025-07-17T21:00:00+00:00,SHEL.L,BUY,2776.0000,240.0400
2025-07-17T21:00:00+00:00,SLX.AX,SELL,17.0000,578.5100
2025-07-17T21:00:00+00:00,SMGB.L,SELL,3088.0000,251.2900
2025-07-17T21:00:00+00:00,VUL.AX,BUY,608.0000,169.3600
2025-07-17T21:00:00+00:00,VYGR,BUY,86.0000,132.2700
2025-07-17T21:00:00+00:00,WBT.AX,SELL,2446.0000,163.6800
2025-08-15T21:00:00+00:00,AL3.AX,SELL,23.0000,629.8600
2025-08-15T21:00:00+00:00,ALCLS.PA,SELL,3686.0000,278.5300
2025-08-15T21:00:00+00:00,ALMDT.PA,SELL,2014.0000,227.4800
2025-08-15T21:00:00+00:00,AXE.AX,SELL,789.0000,166.5600
2025-08-15T21:00:00+00:00,AZN.L,SELL,1103.0000,187.7300
2025-08-15T21:00:00+00:00,BGO.L,SELL,278.0000,153.5100
2025-08-15T21:00:00+00:00,BRK-B,BUY,129.0000,214.2000
2025-08-15T21:00:00+00:00,BRNT.L,BUY,1455.0000,240.3200
2025-08-15T21:00:00+00:00,DBMG.L,BUY,1503.0000,134.1200
2025-08-15T21:00:00+00:00,EDIT,SELL,538.0000,291.0000
2025-08-15T21:00:00+00:00,EMV.AX,BUY,436.0000,142.7600
2025-08-15T21:00:00+00:00,FTC.L,BUY,119.0000,1959.7300
2025-08-15T21:00:00+00:00,GSIT,BUY,3739.0000,198.2400
2025-08-15T21:00:00+00:00,HSBA.L,SELL,73.0000,337.3500
2025-08-15T21:00:00+00:00,HYT.AX,BUY,341.0000,367.2600
2025-08-15T21:00:00+00:00,IBTM.L,BUY,1244.0000,103.6300
2025-08-15T21:00:00+00:00,IDN,BUY,393.0000,317.4100
2025-08-15T21:00:00+00:00,IITU.L,SELL,269.0000,253.1700
2025-08-15T21:00:00+00:00,IPWR,BUY,1011.0000,191.3000
2025-08-15T21:00:00+00:00,ISF.L,SELL,1676.0000,168.9700
2025-08-15T21:00:00+00:00,LTBR,SELL,168.0000,681.7300
2025-08-15T21:00:00+00:00,MOLN.SW,BUY,1165.0000,102.3300
2025-08-15T21:00:00+00:00,MSCL.TO,BUY,89.0000,237.8600
2025-08-15T21:00:00+00:00,PLTR,SELL,396.0000,2594.4800
2025-08-15T21:00:00+00:00,PRQR,BUY,873.0000,333.0200
2025-08-15T21:00:00+00:00,QSI,BUY,4465.0000,162.8400
2025-08-15T21:00:00+00:00,RR.L,SELL,274.0000,1641.8300
2025-08-15T21:00:00+00:00,SEYE.ST,BUY,788.0000,198.1900
2025-08-15T21:00:00+00:00,SGLN.L,BUY,2492.0000,201.4700
2025-08-15T21:00:00+00:00,SHEL.L,SELL,339.0000,245.2600
2025-08-15T21:00:00+00:00,SLX.AX,BUY,416.0000,514.9100
2025-08-15T21:00:00+00:00,SMGB.L,BUY,1269.0000,251.1000
2025-08-15T21:00:00+00:00,VUL.AX,SELL,36.0000,171.8600
2025-08-15T21:00:00+00:00,VYGR,SELL,1590.0000,151.8700
2025-08-15T21:00:00+00:00,WBT.AX,SELL,1193.0000,186.1500
2025-09-16T21:00:00+00:00,AL3.AX,BUY,536.0000,551.5600
2025-09-16T21:00:00+00:00,ALCLS.PA,SELL,181.0000,298.4500
2025-09-16T21:00:00+00:00,ALMDT.PA,SELL,359.0000,248.2300
2025-09-16T21:00:00+00:00,AXE.AX,BUY,2631.0000,139.2300
2025-09-16T21:00:00+00:00,AZN.L,BUY,590.0000,183.7500
2025-09-16T21:00:00+00:00,BGO.L,SELL,2493.0000,203.5100
2025-09-16T21:00:00+00:00,BRK-B,BUY,186.0000,219.2300
2025-09-16T21:00:00+00:00,BRNT.L,BUY,244.0000,248.5000
2025-09-16T21:00:00+00:00,DBMG.L,BUY,639.0000,138.8800
2025-09-16T21:00:00+00:00,EDIT,BUY,741.0000,270.3500
2025-09-16T21:00:00+00:00,EMV.AX,SELL,2889.0000,193.3600
2025-09-16T21:00:00+00:00,FTC.L,BUY,100.0000,1838.9300
2025-09-16T21:00:00+00:00,GSIT,SELL,134.0000,209.5500
2025-09-16T21:00:00+00:00,HSBA.L,SELL,570.0000,359.8800
2025-09-16T21:00:00+00:00,HYT.AX,BUY,354.0000,356.4400
2025-09-16T21:00:00+00:00,IBTM.L,BUY,3852.0000,105.3000
2025-09-16T21:00:00+00:00,IDN,SELL,140.0000,339.0000
2025-09-16T21:00:00+00:00,IITU.L,BUY,783.0000,257.7500
2025-09-16T21:00:00+00:00,IPWR,BUY,493.0000,189.2000
2025-09-16T21:00:00+00:00,ISF.L,BUY,4507.0000,170.0100
2025-09-16T21:00:00+00:00,LTBR,BUY,305.0000,635.7600
2025-09-16T21:00:00+00:00,MOLN.SW,BUY,813.0000,101.8100
2025-09-16T21:00:00+00:00,MSCL.TO,SELL,282.0000,257.3800
2025-09-16T21:00:00+00:00,PLTR,BUY,277.0000,2480.1000
2025-09-16T21:00:00+00:00,PRQR,BUY,420.0000,321.5700
2025-09-16T21:00:00+00:00,QSI,SELL,1470.0000,195.8500
2025-09-16T21:00:00+00:00,RR.L,SELL,52.0000,1728.2000
2025-09-16T21:00:00+00:00,SEYE.ST,SELL,2102.0000,269.2800
2025-09-16T21:00:00+00:00,SGLN.L,SELL,5799.0000,220.5900
2025-09-16T21:00:00+00:00,SHEL.L,BUY,1382.0000,245.0700
2025-09-16T21:00:00+00:00,SLX.AX,SELL,243.0000,576.6100
2025-09-16T21:00:00+00:00,SMGB.L,BUY,472.0000,260.3200
2025-09-16T21:00:00+00:00,VUL.AX,SELL,1218.0000,202.7700
2025-09-16T21:00:00+00:00,VYGR,SELL,954.0000,172.1300
2025-09-16T21:00:00+00:00,WBT.AX,SELL,1104.0000,219.0800
2025-10-15T21:00:00+00:00,AL3.AX,BUY,867.0000,486.9900
2025-10-15T21:00:00+00:00,ALCLS.PA,SELL,1087.0000,401.5100
2025-10-15T21:00:00+00:00,ALMDT.PA,BUY,87.0000,272.4700
2025-10-15T21:00:00+00:00,AXE.AX,SELL,3147.0000,202.3200
2025-10-15T21:00:00+00:00,AZN.L,SELL,35.0000,204.7700
2025-10-15T21:00:00+00:00,BGO.L,BUY,2808.0000,172.8100
2025-10-15T21:00:00+00:00,BRK-B,BUY,823.0000,226.3100
2025-10-15T21:00:00+00:00,BRNT.L,BUY,6534.0000,232.4000
2025-10-15T21:00:00+00:00,DBMG.L,BUY,4552.0000,148.3000
2025-10-15T21:00:00+00:00,EDIT,SELL,1663.0000,396.0400
2025-10-15T21:00:00+00:00,EMV.AX,BUY,4273.0000,148.6000
2025-10-15T21:00:00+00:00,FTC.L,BUY,185.0000,1724.8300
2025-10-15T21:00:00+00:00,GSIT,SELL,2710.0000,335.1600
2025-10-15T21:00:00+00:00,HSBA.L,BUY,2908.0000,355.2400
2025-10-15T21:00:00+00:00,HYT.AX,SELL,398.0000,428.5900
2025-10-15T21:00:00+00:00,IBTM.L,BUY,13473.0000,107.8000
2025-10-15T21:00:00+00:00,IDN,BUY,1324.0000,303.1300
2025-10-15T21:00:00+00:00,IITU.L,BUY,1824.0000,272.0500
2025-10-15T21:00:00+00:00,IPWR,BUY,777.0000,194.6700
2025-10-15T21:00:00+00:00,ISF.L,BUY,11100.0000,174.2800
2025-10-15T21:00:00+00:00,LTBR,SELL,1153.0000,1166.4600
2025-10-15T21:00:00+00:00,MOLN.SW,BUY,1248.0000,105.8100
2025-10-15T21:00:00+00:00,MSCL.TO,SELL,297.0000,298.0500
2025-10-15T21:00:00+00:00,PLTR,BUY,104.0000,2671.6400
2025-10-15T21:00:00+00:00,PRQR,SELL,1164.0000,447.1500
2025-10-15T21:00:00+00:00,QSI,SELL,4268.0000,395.4500
2025-10-15T21:00:00+00:00,RR.L,BUY,622.0000,1700.6800
2025-10-15T21:00:00+00:00,SEYE.ST,BUY,514.0000,278.2800
2025-10-15T21:00:00+00:00,SGLN.L,SELL,4803.0000,255.8400
2025-10-15T21:00:00+00:00,SHEL.L,BUY,3006.0000,250.1400
2025-10-15T21:00:00+00:00,SLX.AX,SELL,1187.0000,1013.8400
2025-10-15T21:00:00+00:00,SMGB.L,SELL,4663.0000,302.2300
2025-10-15T21:00:00+00:00,VUL.AX,SELL,3374.0000,356.3900
2025-10-15T21:00:00+00:00,VYGR,SELL,1363.0000,218.7700
2025-10-15T21:00:00+00:00,WBT.AX,SELL,1722.0000,305.2600
2025-11-13T21:00:00+00:00,AL3.AX,BUY,1544.0000,362.8100
2025-11-13T21:00:00+00:00,ALCLS.PA,BUY,672.0000,360.9500
2025-11-13T21:00:00+00:00,ALMDT.PA,BUY,226.0000,268.9200
2025-11-13T21:00:00+00:00,AXE.AX,BUY,634.0000,193.6300
2025-11-13T21:00:00+00:00,AZN.L,SELL,466.0000,218.5300
2025-11-13T21:00:00+00:00,BGO.L,BUY,1492.0000,156.1400
2025-11-13T21:00:00+00:00,BRK-B,SELL,362.0000,237.3900
2025-11-13T21:00:00+00:00,BRNT.L,SELL,925.0000,241.6300
2025-11-13T21:00:00+00:00,DBMG.L,SELL,2161.0000,153.5400
2025-11-13T21:00:00+00:00,EDIT,BUY,3131.0000,251.4300
2025-11-13T21:00:00+00:00,EMV.AX,SELL,624.0000,158.1700
2025-11-13T21:00:00+00:00,FTC.L,BUY,6.0000,1744.9700
2025-11-13T21:00:00+00:00,GSIT,SELL,1795.0000,481.0200
2025-11-13T21:00:00+00:00,HSBA.L,SELL,2850.0000,405.1900
2025-11-13T21:00:00+00:00,HYT.AX,SELL,577.0000,495.0200
2025-11-13T21:00:00+00:00,IBTM.L,BUY,679.0000,109.1500
2025-11-13T21:00:00+00:00,IDN,SELL,1598.0000,402.7500
2025-11-13T21:00:00+00:00,IITU.L,SELL,625.0000,281.3100
2025-11-13T21:00:00+00:00,IPWR,BUY,4423.0000,139.6000
2025-11-13T21:00:00+00:00,ISF.L,SELL,3863.0000,182.0200
2025-11-13T21:00:00+00:00,LTBR,BUY,918.0000,780.4300
2025-11-13T21:00:00+00:00,MOLN.SW,SELL,2333.0000,122.1800
2025-11-13T21:00:00+00:00,MSCL.TO,BUY,497.0000,282.6900
2025-11-13T21:00:00+00:00,PLTR,BUY,158.0000,2598.1800
2025-11-13T21:00:00+00:00,PRQR,BUY,1184.0000,361.6600
2025-11-13T21:00:00+00:00,QSI,BUY,4669.0000,212.0900
2025-11-13T21:00:00+00:00,RR.L,BUY,51.0000,1712.9100
2025-11-13T21:00:00+00:00,SEYE.ST,BUY,541.0000,263.6300
2025-11-13T21:00:00+00:00,SGLN.L,SELL,239.0000,260.6400
2025-11-13T21:00:00+00:00,SHEL.L,SELL,1940.0000,268.2500
2025-11-13T21:00:00+00:00,SLX.AX,SELL,398.0000,1281.3000
2025-11-13T21:00:00+00:00,SMGB.L,SELL,1182.0000,310.8100
2025-11-13T21:00:00+00:00,VUL.AX,BUY,581.0000,329.2600
2025-11-13T21:00:00+00:00,VYGR,BUY,3125.0000,167.0200
2025-11-13T21:00:00+00:00,WBT.AX,BUY,136.0000,304.1700
2025-12-12T21:00:00+00:00,AL3.AX,BUY,276.0000,341.8300
2025-12-12T21:00:00+00:00,ALCLS.PA,SELL,1298.0000,458.8000
2025-12-12T21:00:00+00:00,ALMDT.PA,SELL,129.0000,269.9500
2025-12-12T21:00:00+00:00,AXE.AX,BUY,15.0000,190.8800
2025-12-12T21:00:00+00:00,AZN.L,SELL,85.0000,217.7200
2025-12-12T21:00:00+00:00,BGO.L,SELL,463.0000,159.6500
2025-12-12T21:00:00+00:00,BRK-B,BUY,389.0000,226.5700
2025-12-12T21:00:00+00:00,BRNT.L,BUY,1464.0000,230.2100
2025-12-12T21:00:00+00:00,DBMG.L,SELL,504.0000,152.2300
2025-12-12T21:00:00+00:00,EDIT,BUY,91.0000,245.5300
2025-12-12T21:00:00+00:00,EMV.AX,BUY,618.0000,149.1800
2025-12-12T21:00:00+00:00,FTC.L,SELL,123.0000,1919.4600
2025-12-12T21:00:00+00:00,GSIT,BUY,1383.0000,360.4400
2025-12-12T21:00:00+00:00,HSBA.L,SELL,130.0000,402.2300
2025-12-12T21:00:00+00:00,HYT.AX,BUY,1490.0000,361.4900
2025-12-12T21:00:00+00:00,IBTM.L,BUY,130.0000,107.6700
2025-12-12T21:00:00+00:00,IDN,SELL,335.0000,424.8800
2025-12-12T21:00:00+00:00,IITU.L,BUY,409.0000,274.6100
2025-12-12T21:00:00+00:00,IPWR,SELL,1660.0000,154.9400
2025-12-12T21:00:00+00:00,ISF.L,SELL,34.0000,179.7300
2025-12-12T21:00:00+00:00,LTBR,BUY,458.0000,658.1900
2025-12-12T21:00:00+00:00,MOLN.SW,SELL,429.0000,123.7100
2025-12-12T21:00:00+00:00,MSCL.TO,BUY,145.0000,273.7000
2025-12-12T21:00:00+00:00,PLTR,SELL,203.0000,2716.3500
2025-12-12T21:00:00+00:00,PRQR,SELL,385.0000,382.4700
2025-12-12T21:00:00+00:00,QSI,BUY,840.0000,192.9700
2025-12-12T21:00:00+00:00,RR.L,BUY,48.0000,1676.2200
2025-12-12T21:00:00+00:00,SEYE.ST,BUY,408.0000,247.5300
2025-12-12T21:00:00+00:00,SGLN.L,SELL,1927.0000,261.9900
2025-12-12T21:00:00+00:00,SHEL.L,BUY,1791.0000,252.0200
2025-12-12T21:00:00+00:00,SLX.AX,BUY,141.0000,1163.9900
2025-12-12T21:00:00+00:00,SMGB.L,SELL,2835.0000,315.6800
2025-12-12T21:00:00+00:00,VUL.AX,BUY,4516.0000,190.1600
2025-12-12T21:00:00+00:00,VYGR,SELL,1094.0000,180.6100
2025-12-12T21:00:00+00:00,WBT.AX,SELL,285.0000,313.2100
2026-01-15T21:00:00+00:00,AL3.AX,SELL,330.0000,383.0200
2026-01-15T21:00:00+00:00,ALCLS.PA,BUY,1040.0000,395.0100
2026-01-15T21:00:00+00:00,ALMDT.PA,SELL,1497.0000,355.3500
2026-01-15T21:00:00+00:00,AXE.AX,SELL,733.0000,216.8800
2026-01-15T21:00:00+00:00,AZN.L,BUY,142.0000,227.1500
2026-01-15T21:00:00+00:00,BGO.L,BUY,1739.0000,149.1200
2026-01-15T21:00:00+00:00,BRK-B,BUY,920.0000,222.5700
2026-01-15T21:00:00+00:00,BRNT.L,BUY,544.0000,240.7600
2026-01-15T21:00:00+00:00,DBMG.L,BUY,1245.0000,159.5600
2026-01-15T21:00:00+00:00,EDIT,BUY,2422.0000,202.0400
2026-01-15T21:00:00+00:00,EMV.AX,BUY,389.0000,153.7300
2026-01-15T21:00:00+00:00,FTC.L,SELL,219.0000,2550.3400
2026-01-15T21:00:00+00:00,GSIT,SELL,1195.0000,482.2600
2026-01-15T21:00:00+00:00,HSBA.L,SELL,1107.0000,447.4500
2026-01-15T21:00:00+00:00,HYT.AX,SELL,234.0000,399.2800
2026-01-15T21:00:00+00:00,IBTM.L,BUY,9860.0000,107.9300
2026-01-15T21:00:00+00:00,IDN,BUY,824.0000,385.0400
2026-01-15T21:00:00+00:00,IITU.L,BUY,1931.0000,276.3700
2026-01-15T21:00:00+00:00,IPWR,BUY,5115.0000,118.6900
2026-01-15T21:00:00+00:00,ISF.L,SELL,27.0000,190.4400
2026-01-15T21:00:00+00:00,LTBR,SELL,204.0000,745.6000
2026-01-15T21:00:00+00:00,MOLN.SW,BUY,1855.0000,117.9700
2026-01-15T21:00:00+00:00,MSCL.TO,SELL,1391.0000,355.2900
2026-01-15T21:00:00+00:00,PLTR,BUY,352.0000,2610.0000
2026-01-15T21:00:00+00:00,PRQR,BUY,3075.0000,258.3500
2026-01-15T21:00:00+00:00,QSI,BUY,1238.0000,183.2800
2026-01-15T21:00:00+00:00,RR.L,SELL,487.0000,1946.0400
2026-01-15T21:00:00+00:00,SEYE.ST,SELL,674.0000,285.2300
2026-01-15T21:00:00+00:00,SGLN.L,SELL,1514.0000,281.5800
2026-01-15T21:00:00+00:00,SHEL.L,BUY,1342.0000,257.6500
2026-01-15T21:00:00+00:00,SLX.AX,BUY,589.0000,926.4300
2026-01-15T21:00:00+00:00,SMGB.L,SELL,7627.0000,362.5700
2026-01-15T21:00:00+00:00,VUL.AX,SELL,648.0000,214.2100
2026-01-15T21:00:00+00:00,VYGR,BUY,2546.0000,156.5500
2026-01-15T21:00:00+00:00,WBT.AX,SELL,633.0000,366.9800
2026-02-13T21:00:00+00:00,AL3.AX,BUY,765.0000,335.9000
2026-02-13T21:00:00+00:00,ALCLS.PA,BUY,393.0000,366.7900
2026-02-13T21:00:00+00:00,ALMDT.PA,SELL,1461.0000,463.0000
2026-02-13T21:00:00+00:00,AXE.AX,BUY,517.0000,205.1400
2026-02-13T21:00:00+00:00,AZN.L,SELL,727.0000,244.8300
2026-02-13T21:00:00+00:00,BGO.L,BUY,1331.0000,135.9600
2026-02-13T21:00:00+00:00,BRK-B,SELL,33.0000,221.8700
2026-02-13T21:00:00+00:00,BRNT.L,SELL,2588.0000,254.9000
2026-02-13T21:00:00+00:00,DBMG.L,SELL,4129.0000,164.4300
2026-02-13T21:00:00+00:00,EDIT,BUY,2130.0000,167.9200
2026-02-13T21:00:00+00:00,EMV.AX,SELL,564.0000,159.1500
2026-02-13T21:00:00+00:00,FTC.L,SELL,35.0000,2644.3000
2026-02-13T21:00:00+00:00,GSIT,BUY,1205.0000,379.0500
2026-02-13T21:00:00+00:00,HSBA.L,SELL,158.0000,448.1000
2026-02-13T21:00:00+00:00,HYT.AX,BUY,1811.0000,298.5200
2026-02-13T21:00:00+00:00,IBTM.L,BUY,226.0000,107.1800
2026-02-13T21:00:00+00:00,IDN,BUY,1388.0000,307.7900
2026-02-13T21:00:00+00:00,IITU.L,BUY,2553.0000,257.7500
2026-02-13T21:00:00+00:00,IPWR,SELL,313.0000,120.0400
2026-02-13T21:00:00+00:00,ISF.L,SELL,3851.0000,194.6800
2026-02-13T21:00:00+00:00,LTBR,BUY,1051.0000,546.1500
2026-02-13T21:00:00+00:00,MOLN.SW,SELL,1393.0000,126.8000
2026-02-13T21:00:00+00:00,MSCL.TO,SELL,2082.0000,533.2000
2026-02-13T21:00:00+00:00,PLTR,BUY,1355.0000,1911.7200
2026-02-13T21:00:00+00:00,PRQR,BUY,765.0000,235.6200
2026-02-13T21:00:00+00:00,QSI,BUY,2995.0000,145.7400
2026-02-13T21:00:00+00:00,RR.L,SELL,21.0000,1942.9800
2026-02-13T21:00:00+00:00,SEYE.ST,BUY,1174.0000,246.0400
2026-02-13T21:00:00+00:00,SGLN.L,SELL,7279.0000,300.9900
2026-02-13T21:00:00+00:00,SHEL.L,SELL,1894.0000,269.4700
2026-02-13T21:00:00+00:00,SLX.AX,SELL,105.0000,963.9200
2026-02-13T21:00:00+00:00,SMGB.L,SELL,742.0000,363.4700
2026-02-13T21:00:00+00:00,VUL.AX,BUY,2035.0000,177.6600
2026-02-13T21:00:00+00:00,VYGR,BUY,1893.0000,137.1200
2026-02-13T21:00:00+00:00,WBT.AX,SELL,473.0000,396.2300
2026-03-16T21:00:00+00:00,AL3.AX,BUY,1171.0000,297.2900
2026-03-16T21:00:00+00:00,ALCLS.PA,BUY,740.0000,340.7800
2026-03-16T21:00:00+00:00,ALMDT.PA,BUY,929.0000,404.0100
2026-03-16T21:00:00+00:00,AXE.AX,BUY,1789.0000,183.4400
2026-03-16T21:00:00+00:00,AZN.L,BUY,764.0000,235.0500
2026-03-16T21:00:00+00:00,BGO.L,BUY,2123.0000,125.4400
2026-03-16T21:00:00+00:00,BRK-B,BUY,343.0000,225.6600
2026-03-16T21:00:00+00:00,BRNT.L,SELL,13262.0000,398.8300
2026-03-16T21:00:00+00:00,DBMG.L,BUY,146.0000,171.5700
2026-03-16T21:00:00+00:00,EDIT,SELL,3840.0000,249.1500
2026-03-16T21:00:00+00:00,EMV.AX,BUY,2146.0000,143.7500
2026-03-16T21:00:00+00:00,FTC.L,BUY,90.0000,2489.9300
2026-03-16T21:00:00+00:00,GSIT,SELL,2079.0000,620.1100
2026-03-16T21:00:00+00:00,HSBA.L,BUY,1159.0000,444.6700
2026-03-16T21:00:00+00:00,HYT.AX,SELL,678.0000,343.8000
2026-03-16T21:00:00+00:00,IBTM.L,BUY,5345.0000,108.8100
2026-03-16T21:00:00+00:00,IDN,BUY,13.0000,320.9600
2026-03-16T21:00:00+00:00,IITU.L,BUY,1006.0000,262.8700
2026-03-16T21:00:00+00:00,IPWR,BUY,869.0000,119.6900
2026-03-16T21:00:00+00:00,ISF.L,BUY,7108.0000,193.3500
2026-03-16T21:00:00+00:00,LTBR,BUY,628.0000,493.0500
2026-03-16T21:00:00+00:00,MOLN.SW,BUY,1235.0000,123.6000
2026-03-16T21:00:00+00:00,MSCL.TO,BUY,2539.0000,343.6300
2026-03-16T21:00:00+00:00,PLTR,SELL,646.0000,2284.2200
2026-03-16T21:00:00+00:00,PRQR,SELL,1452.0000,292.0200
2026-03-16T21:00:00+00:00,QSI,BUY,999.0000,142.7300
2026-03-16T21:00:00+00:00,RR.L,BUY,403.0000,1880.3000
2026-03-16T21:00:00+00:00,SEYE.ST,BUY,3374.0000,186.1500
2026-03-16T21:00:00+00:00,SGLN.L,BUY,2777.0000,305.7100
2026-03-16T21:00:00+00:00,SHEL.L,SELL,4725.0000,323.3900
2026-03-16T21:00:00+00:00,SLX.AX,BUY,695.0000,770.3500
2026-03-16T21:00:00+00:00,SMGB.L,BUY,4455.0000,361.8100
2026-03-16T21:00:00+00:00,VUL.AX,BUY,2490.0000,154.3000
2026-03-16T21:00:00+00:00,VYGR,SELL,3220.0000,179.6500
2026-03-16T21:00:00+00:00,WBT.AX,BUY,510.0000,378.8500
2026-04-16T21:00:00+00:00,AL3.AX,SELL,2328.0000,440.3000
2026-04-16T21:00:00+00:00,ALCLS.PA,SELL,999.0000,413.0400
2026-04-16T21:00:00+00:00,ALMDT.PA,SELL,34.0000,419.0400
2026-04-16T21:00:00+00:00,AXE.AX,BUY,389.0000,183.3800
2026-04-16T21:00:00+00:00,AZN.L,SELL,34.0000,243.2000
2026-04-16T21:00:00+00:00,BGO.L,BUY,3431.0000,108.7700
2026-04-16T21:00:00+00:00,BRK-B,BUY,1223.0000,212.5900
2026-04-16T21:00:00+00:00,BRNT.L,BUY,1558.0000,388.4700
2026-04-16T21:00:00+00:00,DBMG.L,BUY,7059.0000,166.5200
2026-04-16T21:00:00+00:00,EDIT,SELL,1820.0000,320.7100
2026-04-16T21:00:00+00:00,EMV.AX,BUY,808.0000,141.0100
2026-04-16T21:00:00+00:00,FTC.L,SELL,123.0000,2966.4400
2026-04-16T21:00:00+00:00,GSIT,BUY,2241.0000,397.0800
2026-04-16T21:00:00+00:00,HSBA.L,SELL,1819.0000,497.6200
2026-04-16T21:00:00+00:00,HYT.AX,BUY,634.0000,323.4800
2026-04-16T21:00:00+00:00,IBTM.L,BUY,9388.0000,106.8700
2026-04-16T21:00:00+00:00,IDN,SELL,2585.0000,520.6200
2026-04-16T21:00:00+00:00,IITU.L,SELL,1544.0000,281.3100
2026-04-16T21:00:00+00:00,IPWR,BUY,524.0000,120.0900
2026-04-16T21:00:00+00:00,ISF.L,SELL,145.0000,199.5400
2026-04-16T21:00:00+00:00,LTBR,BUY,44.0000,503.4800
2026-04-16T21:00:00+00:00,MOLN.SW,BUY,1180.0000,119.7600
2026-04-16T21:00:00+00:00,MSCL.TO,SELL,797.0000,402.7000
2026-04-16T21:00:00+00:00,PLTR,BUY,585.0000,2083.9600
2026-04-16T21:00:00+00:00,PRQR,SELL,364.0000,315.7800
2026-04-16T21:00:00+00:00,QSI,SELL,657.0000,153.4700
2026-04-16T21:00:00+00:00,RR.L,BUY,78.0000,1911.1800
2026-04-16T21:00:00+00:00,SEYE.ST,SELL,466.0000,199.5300
2026-04-16T21:00:00+00:00,SGLN.L,BUY,8657.0000,290.0000
2026-04-16T21:00:00+00:00,SHEL.L,BUY,1280.0000,320.5000
2026-04-16T21:00:00+00:00,SLX.AX,SELL,258.0000,870.2500
2026-04-16T21:00:00+00:00,SMGB.L,SELL,8986.0000,412.2900
2026-04-16T21:00:00+00:00,VUL.AX,SELL,1562.0000,177.9000
2026-04-16T21:00:00+00:00,VYGR,BUY,1932.0000,160.7200
2026-04-16T21:00:00+00:00,WBT.AX,BUY,1078.0000,331.1900
2026-05-18T21:00:00+00:00,AL3.AX,BUY,785.0000,401.5100
2026-05-18T21:00:00+00:00,ALCLS.PA,BUY,910.0000,372.4600
2026-05-18T21:00:00+00:00,ALMDT.PA,SELL,30.0000,440.6400
2026-05-18T21:00:00+00:00,AXE.AX,BUY,1381.0000,173.1400
2026-05-18T21:00:00+00:00,AZN.L,BUY,1257.0000,224.3500
2026-05-18T21:00:00+00:00,BGO.L,BUY,1553.0000,106.1400
2026-05-18T21:00:00+00:00,BRK-B,SELL,32.0000,222.8800
2026-05-18T21:00:00+00:00,BRNT.L,SELL,3601.0000,465.8000
2026-05-18T21:00:00+00:00,DBMG.L,BUY,1648.0000,171.8300
2026-05-18T21:00:00+00:00,EDIT,BUY,2621.0000,247.0400
2026-05-18T21:00:00+00:00,EMV.AX,SELL,491.0000,151.9800
2026-05-18T21:00:00+00:00,FTC.L,SELL,346.0000,5516.7800
2026-05-18T21:00:00+00:00,GSIT,SELL,1575.0000,566.1000
2026-05-18T21:00:00+00:00,HSBA.L,BUY,867.0000,500.1400
2026-05-18T21:00:00+00:00,HYT.AX,BUY,735.0000,307.2700
2026-05-18T21:00:00+00:00,IBTM.L,BUY,10766.0000,106.0300
2026-05-18T21:00:00+00:00,IDN,BUY,4416.0000,275.1400
2026-05-18T21:00:00+00:00,IITU.L,SELL,3048.0000,318.1100
2026-05-18T21:00:00+00:00,IPWR,SELL,8084.0000,214.1600
2026-05-18T21:00:00+00:00,ISF.L,BUY,9988.0000,195.1600
2026-05-18T21:00:00+00:00,LTBR,BUY,618.0000,465.0700
2026-05-18T21:00:00+00:00,MOLN.SW,BUY,3095.0000,108.1900
2026-05-18T21:00:00+00:00,MSCL.TO,BUY,1394.0000,339.9800
2026-05-18T21:00:00+00:00,PLTR,BUY,424.0000,2012.0300
2026-05-18T21:00:00+00:00,PRQR,BUY,2412.0000,249.4000
2026-05-18T21:00:00+00:00,QSI,BUY,3810.0000,128.5300
2026-05-18T21:00:00+00:00,RR.L,BUY,692.0000,1777.2500
2026-05-18T21:00:00+00:00,SEYE.ST,SELL,2794.0000,273.6700
2026-05-18T21:00:00+00:00,SGLN.L,BUY,10331.0000,276.9400
2026-05-18T21:00:00+00:00,SHEL.L,BUY,2519.0000,311.5100
2026-05-18T21:00:00+00:00,SLX.AX,BUY,311.0000,816.1200
2026-05-18T21:00:00+00:00,SMGB.L,SELL,12767.0000,507.1100
2026-05-18T21:00:00+00:00,VUL.AX,BUY,81.0000,184.9500
2026-05-18T21:00:00+00:00,VYGR,BUY,2198.0000,146.1300
2026-05-18T21:00:00+00:00,WBT.AX,SELL,2512.0000,536.5900
2026-06-17T21:00:00+00:00,AL3.AX,BUY,2042.0000,306.8100
2026-06-17T21:00:00+00:00,ALCLS.PA,BUY,1684.0000,302.3900
2026-06-17T21:00:00+00:00,ALMDT.PA,BUY,105.0000,440.8900
2026-06-17T21:00:00+00:00,AXE.AX,SELL,1438.0000,196.3800
2026-06-17T21:00:00+00:00,AZN.L,BUY,398.0000,220.4500
2026-06-17T21:00:00+00:00,BGO.L,SELL,309.0000,109.6500
2026-06-17T21:00:00+00:00,BRK-B,BUY,314.0000,222.2400
2026-06-17T21:00:00+00:00,BRNT.L,BUY,7749.0000,361.0800
2026-06-17T21:00:00+00:00,DBMG.L,BUY,4258.0000,169.2400
2026-06-17T21:00:00+00:00,EDIT,BUY,201.0000,246.8000
2026-06-17T21:00:00+00:00,EMV.AX,BUY,2081.0000,137.2400
2026-06-17T21:00:00+00:00,FTC.L,BUY,59.0000,4966.4400
2026-06-17T21:00:00+00:00,GSIT,BUY,1122.0000,458.4200
2026-06-17T21:00:00+00:00,HSBA.L,SELL,1135.0000,537.3100
2026-06-17T21:00:00+00:00,HYT.AX,SELL,219.0000,322.0100
2026-06-17T21:00:00+00:00,IBTM.L,BUY,999.0000,107.5600
2026-06-17T21:00:00+00:00,IDN,BUY,563.0000,263.8000
2026-06-17T21:00:00+00:00,IITU.L,SELL,709.0000,330.4700
2026-06-17T21:00:00+00:00,IPWR,BUY,448.0000,210.0800
2026-06-17T21:00:00+00:00,ISF.L,BUY,179.0000,198.6900
2026-06-17T21:00:00+00:00,LTBR,BUY,1061.0000,394.7100
2026-06-17T21:00:00+00:00,MOLN.SW,SELL,841.0000,114.5200
2026-06-17T21:00:00+00:00,MSCL.TO,BUY,1999.0000,271.4200
2026-06-17T21:00:00+00:00,PLTR,BUY,352.0000,1927.8000
2026-06-17T21:00:00+00:00,PRQR,SELL,691.0000,273.4000
2026-06-17T21:00:00+00:00,QSI,SELL,1333.0000,140.8300
2026-06-17T21:00:00+00:00,RR.L,SELL,943.0000,2134.0500
2026-06-17T21:00:00+00:00,SEYE.ST,BUY,114.0000,275.4400
2026-06-17T21:00:00+00:00,SGLN.L,BUY,7349.0000,265.8200
2026-06-17T21:00:00+00:00,SHEL.L,BUY,3377.0000,289.9900
2026-06-17T21:00:00+00:00,SLX.AX,SELL,70.0000,851.6300
2026-06-17T21:00:00+00:00,SMGB.L,SELL,11408.0000,613.2600
2026-06-17T21:00:00+00:00,VUL.AX,BUY,695.0000,179.1400
2026-06-17T21:00:00+00:00,VYGR,BUY,46.0000,148.5400
2026-06-17T21:00:00+00:00,WBT.AX,SELL,634.0000,634.8900
2026-07-16T21:00:00+00:00,AL3.AX,BUY,758.0000,269.4300
2026-07-16T21:00:00+00:00,ALCLS.PA,BUY,1135.0000,255.2500
2026-07-16T21:00:00+00:00,ALMDT.PA,BUY,1148.0000,351.9700
2026-07-16T21:00:00+00:00,AXE.AX,BUY,6044.0000,127.8600
2026-07-16T21:00:00+00:00,AZN.L,BUY,264.0000,206.6400
2026-07-16T21:00:00+00:00,BGO.L,SELL,2983.0000,121.0500
2026-07-16T21:00:00+00:00,BRK-B,SELL,516.0000,221.1800
2026-07-16T21:00:00+00:00,BRNT.L,SELL,2606.0000,376.9100
2026-07-16T21:00:00+00:00,DBMG.L,SELL,5393.0000,169.6700
2026-07-16T21:00:00+00:00,EDIT,SELL,1450.0000,276.3800
2026-07-16T21:00:00+00:00,EMV.AX,SELL,2122.0000,149.0500
2026-07-16T21:00:00+00:00,FTC.L,BUY,158.0000,3624.1600
2026-07-16T21:00:00+00:00,GSIT,BUY,1718.0000,334.6900
2026-07-16T21:00:00+00:00,HSBA.L,SELL,1614.0000,558.5400
2026-07-16T21:00:00+00:00,HYT.AX,BUY,1562.0000,257.3300
2026-07-16T21:00:00+00:00,IBTM.L,SELL,5969.0000,106.2500
2026-07-16T21:00:00+00:00,IDN,BUY,651.0000,236.9300
2026-07-16T21:00:00+00:00,IITU.L,SELL,281.0000,319.6100
2026-07-16T21:00:00+00:00,IPWR,BUY,3691.0000,153.9400
2026-07-16T21:00:00+00:00,ISF.L,SELL,7572.0000,200.5600
2026-07-16T21:00:00+00:00,LTBR,BUY,1579.0000,303.3100
2026-07-16T21:00:00+00:00,MOLN.SW,SELL,1123.0000,115.8600
2026-07-16T21:00:00+00:00,MSCL.TO,SELL,3243.0000,401.7300
2026-07-16T21:00:00+00:00,PLTR,SELL,349.0000,1967.2000
2026-07-16T21:00:00+00:00,PRQR,SELL,293.0000,271.0800
2026-07-16T21:00:00+00:00,QSI,BUY,2056.0000,121.1500
2026-07-16T21:00:00+00:00,RR.L,SELL,170.0000,2116.2400
2026-07-16T21:00:00+00:00,SEYE.ST,SELL,268.0000,272.3900
2026-07-16T21:00:00+00:00,SGLN.L,BUY,6151.0000,243.2500
2026-07-16T21:00:00+00:00,SHEL.L,SELL,3048.0000,301.9400
2026-07-16T21:00:00+00:00,SLX.AX,BUY,599.0000,679.0400
2026-07-16T21:00:00+00:00,SMGB.L,BUY,3907.0000,553.2500
2026-07-16T21:00:00+00:00,VUL.AX,BUY,3194.0000,139.9500
2026-07-16T21:00:00+00:00,VYGR,BUY,2573.0000,123.6800
2026-07-16T21:00:00+00:00,WBT.AX,BUY,648.0000,523.3100
2026-08-14T21:00:00+00:00,AL3.AX,BUY,2551.0000,218.0300
2026-08-14T21:00:00+00:00,ALCLS.PA,SELL,967.0000,296.0400
2026-08-14T21:00:00+00:00,ALMDT.PA,SELL,420.0000,390.3100
2026-08-14T21:00:00+00:00,AXE.AX,BUY,1401.0000,123.8300
2026-08-14T21:00:00+00:00,AZN.L,BUY,1573.0000,188.7900
2026-08-14T21:00:00+00:00,BGO.L,BUY,2956.0000,109.6500
2026-08-14T21:00:00+00:00,BRK-B,BUY,201.0000,226.9200
2026-08-14T21:00:00+00:00,BRNT.L,SELL,261.0000,395.7200
2026-08-14T21:00:00+00:00,DBMG.L,BUY,3988.0000,170.9400
2026-08-14T21:00:00+00:00,EDIT,BUY,512.0000,271.6300
2026-08-14T21:00:00+00:00,EMV.AX,SELL,283.0000,157.8900
2026-08-14T21:00:00+00:00,FTC.L,BUY,65.0000,3436.2400
2026-08-14T21:00:00+00:00,GSIT,SELL,1472.0000,438.1600
2026-08-14T21:00:00+00:00,HSBA.L,BUY,245.0000,574.0300
2026-08-14T21:00:00+00:00,HYT.AX,BUY,11478.0000,120.1300
2026-08-14T21:00:00+00:00,IBTM.L,BUY,9817.0000,105.5000
2026-08-14T21:00:00+00:00,IDN,BUY,3891.0000,178.2000
2026-08-14T21:00:00+00:00,IITU.L,SELL,570.0000,337.8800
2026-08-14T21:00:00+00:00,IPWR,SELL,2550.0000,191.5000
2026-08-14T21:00:00+00:00,ISF.L,BUY,2971.0000,204.5700
2026-08-14T21:00:00+00:00,LTBR,SELL,923.0000,357.3100
2026-08-14T21:00:00+00:00,MOLN.SW,BUY,180.0000,119.5400
2026-08-14T21:00:00+00:00,MSCL.TO,SELL,389.0000,447.1700
2026-08-14T21:00:00+00:00,PLTR,SELL,1097.0000,2556.2000
2026-08-14T21:00:00+00:00,PRQR,SELL,870.0000,312.8300
2026-08-14T21:00:00+00:00,QSI,BUY,2926.0000,109.8700
2026-08-14T21:00:00+00:00,RR.L,SELL,373.0000,2375.1400
2026-08-14T21:00:00+00:00,SEYE.ST,SELL,862.0000,314.1800
2026-08-14T21:00:00+00:00,SGLN.L,SELL,5720.0000,264.6000
2026-08-14T21:00:00+00:00,SHEL.L,SELL,650.0000,320.0200
2026-08-14T21:00:00+00:00,SLX.AX,SELL,216.0000,752.4800
2026-08-14T21:00:00+00:00,SMGB.L,BUY,1980.0000,558.7700
2026-08-14T21:00:00+00:00,VUL.AX,SELL,409.0000,149.2000
2026-08-14T21:00:00+00:00,VYGR,SELL,701.0000,133.5300
2026-08-14T21:00:00+00:00,WBT.AX,BUY,2345.0000,360.4700
2026-09-15T21:00:00+00:00,AL3.AX,SELL,3572.0000,308.1900
2026-09-15T21:00:00+00:00,ALCLS.PA,BUY,8103.0000,147.0500
2026-09-15T21:00:00+00:00,ALMDT.PA,BUY,1649.0000,302.1200
2026-09-15T21:00:00+00:00,AXE.AX,BUY,2858.0000,105.5800
2026-09-15T21:00:00+00:00,AZN.L,SELL,1023.0000,199.5900
2026-09-15T21:00:00+00:00,BGO.L,SELL,610.0000,109.6500
2026-09-15T21:00:00+00:00,BRK-B,SELL,707.0000,232.4700
2026-09-15T21:00:00+00:00,BRNT.L,SELL,6528.0000,494.6100
2026-09-15T21:00:00+00:00,DBMG.L,SELL,6917.0000,176.1200
2026-09-15T21:00:00+00:00,EDIT,BUY,408.0000,253.1400
2026-09-15T21:00:00+00:00,EMV.AX,SELL,128.0000,154.9200
2026-09-15T21:00:00+00:00,FTC.L,BUY,116.0000,2885.9100
2026-09-15T21:00:00+00:00,GSIT,BUY,2268.0000,305.1700
2026-09-15T21:00:00+00:00,HSBA.L,SELL,220.0000,565.0100
2026-09-15T21:00:00+00:00,HYT.AX,SELL,752.0000,121.3000
2026-09-15T21:00:00+00:00,IBTM.L,SELL,2573.0000,103.9300
2026-09-15T21:00:00+00:00,IDN,BUY,1772.0000,153.9900
2026-09-15T21:00:00+00:00,IITU.L,SELL,348.0000,332.0500
2026-09-15T21:00:00+00:00,IPWR,BUY,2779.0000,153.6700
2026-09-15T21:00:00+00:00,ISF.L,SELL,3018.0000,203.2100
2026-09-15T21:00:00+00:00,LTBR,BUY,1715.0000,279.2900
2026-09-15T21:00:00+00:00,MOLN.SW,SELL,465.0000,118.9900
2026-09-15T21:00:00+00:00,MSCL.TO,SELL,1.0000,435.3300
2026-09-15T21:00:00+00:00,PLTR,SELL,78.0000,2532.5400
2026-09-15T21:00:00+00:00,PRQR,BUY,130.0000,299.5700
2026-09-15T21:00:00+00:00,QSI,BUY,24.0000,106.8200
2026-09-15T21:00:00+00:00,RR.L,BUY,267.0000,2188.9500
2026-09-15T21:00:00+00:00,SEYE.ST,BUY,6571.0000,167.4900
2026-09-15T21:00:00+00:00,SGLN.L,SELL,947.0000,259.4700
2026-09-15T21:00:00+00:00,SHEL.L,SELL,4066.0000,352.0700
2026-09-15T21:00:00+00:00,SLX.AX,BUY,503.0000,636.0800
2026-09-15T21:00:00+00:00,SMGB.L,BUY,3043.0000,520.2300
2026-09-15T21:00:00+00:00,VUL.AX,BUY,4371.0000,115.1700
2026-09-15T21:00:00+00:00,VYGR,BUY,575.0000,126.0900
2026-09-15T21:00:00+00:00,WBT.AX,BUY,2894.0000,247.5600
