ts,symbol,side,qty,price
2021-09-16T21:00:00+00:00,AL3.AX,BUY,7766.0000,364.2100
2021-09-16T21:00:00+00:00,ALCLS.PA,BUY,2259.0000,1252.0400
2021-09-16T21:00:00+00:00,ALMDT.PA,BUY,2223.0000,1272.2300
2021-09-16T21:00:00+00:00,AXE.AX,BUY,3198.0000,884.4600
2021-09-16T21:00:00+00:00,AZN.L,BUY,23423.0000,120.7600
2021-09-16T21:00:00+00:00,BGO.L,BUY,7311.0000,386.8400
2021-09-16T21:00:00+00:00,BRK-B,BUY,23242.0000,121.7000
2021-09-16T21:00:00+00:00,BRNT.L,BUY,18588.0000,152.1700
2021-09-16T21:00:00+00:00,DBMG.L,BUY,25658.0000,110.2400
2021-09-16T21:00:00+00:00,EDIT,BUY,494.0000,5723.8300
2021-09-16T21:00:00+00:00,EMV.AX,BUY,10719.0000,263.8600
2021-09-16T21:00:00+00:00,FTC.L,BUY,18731.0000,151.0100
2021-09-16T21:00:00+00:00,GSIT,BUY,8245.0000,343.0400
2021-09-16T21:00:00+00:00,HSBA.L,BUY,27585.0000,102.5400
2021-09-16T21:00:00+00:00,HYT.AX,BUY,503.0000,5619.6100
2021-09-16T21:00:00+00:00,IBTM.L,BUY,25338.0000,111.6300
2021-09-16T21:00:00+00:00,IDN,BUY,5115.0000,552.9000
2021-09-16T21:00:00+00:00,IITU.L,BUY,22447.0000,126.0100
2021-09-16T21:00:00+00:00,IPWR,BUY,5169.0000,547.1600
2021-09-16T21:00:00+00:00,ISF.L,BUY,25109.0000,112.6500
2021-09-16T21:00:00+00:00,LTBR,BUY,13544.0000,208.8400
2021-09-16T21:00:00+00:00,MOLN.SW,BUY,4993.0000,566.4400
2021-09-16T21:00:00+00:00,MSCL.TO,BUY,4685.0000,603.7100
2021-09-16T21:00:00+00:00,PLTR,BUY,6905.0000,409.6300
2021-09-16T21:00:00+00:00,PRQR,BUY,2162.0000,1307.8400
2021-09-16T21:00:00+00:00,QSI,BUY,2274.0000,1243.8700
2021-09-16T21:00:00+00:00,RR.L,BUY,17180.0000,164.6400
2021-09-16T21:00:00+00:00,SEYE.ST,BUY,5039.0000,561.2900
2021-09-16T21:00:00+00:00,SGLN.L,BUY,27039.0000,104.6100
2021-09-16T21:00:00+00:00,SHEL.L,BUY,24350.0000,116.1600
2021-09-16T21:00:00+00:00,SLX.AX,BUY,11269.0000,250.9900
2021-09-16T21:00:00+00:00,SMGB.L,BUY,21569.0000,131.1400
2021-09-16T21:00:00+00:00,VUL.AX,BUY,3752.0000,753.7200
2021-09-16T21:00:00+00:00,VYGR,BUY,23467.0000,120.5300
2021-09-16T21:00:00+00:00,WBT.AX,BUY,11321.0000,249.8500
2021-10-15T21:00:00+00:00,AL3.AX,BUY,171.0000,361.3700
2021-10-15T21:00:00+00:00,ALCLS.PA,BUY,609.0000,1000.1100
2021-10-15T21:00:00+00:00,ALMDT.PA,SELL,135.0000,1373.1800
2021-10-15T21:00:00+00:00,AXE.AX,SELL,54.0000,912.1900
2021-10-15T21:00:00+00:00,AZN.L,SELL,1437.0000,130.4600
2021-10-15T21:00:00+00:00,BGO.L,BUY,2031.0000,307.0200
2021-10-15T21:00:00+00:00,BRK-B,SELL,528.0000,126.2800
2021-10-15T21:00:00+00:00,BRNT.L,SELL,2318.0000,176.2900
2021-10-15T21:00:00+00:00,DBMG.L,SELL,80.0000,112.1400
2021-10-15T21:00:00+00:00,EDIT,BUY,299.0000,3614.5300
2021-10-15T21:00:00+00:00,EMV.AX,SELL,203.0000,272.7500
2021-10-15T21:00:00+00:00,FTC.L,BUY,1620.0000,140.9400
2021-10-15T21:00:00+00:00,GSIT,BUY,988.0000,310.6500
2021-10-15T21:00:00+00:00,HSBA.L,SELL,3819.0000,120.6900
2021-10-15T21:00:00+00:00,HYT.AX,SELL,5.0000,5750.0200
2021-10-15T21:00:00+00:00,IBTM.L,BUY,799.0000,109.7400
2021-10-15T21:00:00+00:00,IDN,BUY,220.0000,537.6500
2021-10-15T21:00:00+00:00,IITU.L,BUY,428.0000,125.3900
2021-10-15T21:00:00+00:00,IPWR,BUY,147.0000,539.5400
2021-10-15T21:00:00+00:00,ISF.L,SELL,412.0000,116.1400
2021-10-15T21:00:00+00:00,LTBR,SELL,2600.0000,262.0900
2021-10-15T21:00:00+00:00,MOLN.SW,BUY,90.0000,564.2400
2021-10-15T21:00:00+00:00,MSCL.TO,SELL,610.0000,703.8700
2021-10-15T21:00:00+00:00,PLTR,BUY,1339.0000,347.9000
2021-10-15T21:00:00+00:00,PRQR,BUY,101.0000,1267.1700
2021-10-15T21:00:00+00:00,QSI,BUY,2.0000,1260.2500
2021-10-15T21:00:00+00:00,RR.L,SELL,4037.0000,218.2400
2021-10-15T21:00:00+00:00,SEYE.ST,BUY,628.0000,506.1000
2021-10-15T21:00:00+00:00,SGLN.L,BUY,59.0000,105.8500
2021-10-15T21:00:00+00:00,SHEL.L,SELL,3947.0000,140.5800
2021-10-15T21:00:00+00:00,SLX.AX,BUY,2341.0000,210.7400
2021-10-15T21:00:00+00:00,SMGB.L,BUY,1100.0000,126.5300
2021-10-15T21:00:00+00:00,VUL.AX,BUY,951.0000,609.8000
2021-10-15T21:00:00+00:00,VYGR,SELL,6110.0000,165.2500
2021-10-15T21:00:00+00:00,WBT.AX,SELL,1374.0000,288.3400
2021-11-15T21:00:00+00:00,AL3.AX,BUY,184.0000,364.1100
2021-11-15T21:00:00+00:00,ALCLS.PA,BUY,142.0000,982.3100
2021-11-15T21:00:00+00:00,ALMDT.PA,BUY,111.0000,1344.2900
2021-11-15T21:00:00+00:00,AXE.AX,BUY,242.0000,873.1400
2021-11-15T21:00:00+00:00,AZN.L,BUY,242.0000,133.0300
2021-11-15T21:00:00+00:00,BGO.L,SELL,564.0000,336.8400
2021-11-15T21:00:00+00:00,BRK-B,BUY,234.0000,128.8600
2021-11-15T21:00:00+00:00,BRNT.L,BUY,742.0000,173.8200
2021-11-15T21:00:00+00:00,DBMG.L,SELL,326.0000,117.1000
2021-11-15T21:00:00+00:00,EDIT,BUY,55.0000,3485.7500
2021-11-15T21:00:00+00:00,EMV.AX,BUY,1502.0000,246.0400
2021-11-15T21:00:00+00:00,FTC.L,SELL,1602.0000,157.7200
2021-11-15T21:00:00+00:00,GSIT,SELL,1498.0000,382.2800
2021-11-15T21:00:00+00:00,HSBA.L,BUY,594.0000,121.3900
2021-11-15T21:00:00+00:00,HYT.AX,BUY,12.0000,5793.5800
2021-11-15T21:00:00+00:00,IBTM.L,BUY,228.0000,112.1600
2021-11-15T21:00:00+00:00,IDN,BUY,2355.0000,384.5000
2021-11-15T21:00:00+00:00,IITU.L,SELL,1443.0000,137.9700
2021-11-15T21:00:00+00:00,IPWR,SELL,214.0000,579.4900
2021-11-15T21:00:00+00:00,ISF.L,BUY,339.0000,118.1100
2021-11-15T21:00:00+00:00,LTBR,SELL,5425.0000,535.7200
2021-11-15T21:00:00+00:00,MOLN.SW,BUY,1685.0000,436.9200
2021-11-15T21:00:00+00:00,MSCL.TO,BUY,677.0000,622.2800
2021-11-15T21:00:00+00:00,PLTR,BUY,309.0000,345.7200
2021-11-15T21:00:00+00:00,PRQR,BUY,63.0000,1271.3000
2021-11-15T21:00:00+00:00,QSI,BUY,234.0000,1177.9000
2021-11-15T21:00:00+00:00,RR.L,BUY,459.0000,217.3900
2021-11-15T21:00:00+00:00,SEYE.ST,SELL,1122.0000,650.5100
2021-11-15T21:00:00+00:00,SGLN.L,SELL,1164.0000,114.0200
2021-11-15T21:00:00+00:00,SHEL.L,BUY,1592.0000,134.4400
2021-11-15T21:00:00+00:00,SLX.AX,BUY,417.0000,210.8100
2021-11-15T21:00:00+00:00,SMGB.L,SELL,2621.0000,147.5000
2021-11-15T21:00:00+00:00,VUL.AX,BUY,555.0000,562.3300
2021-11-15T21:00:00+00:00,VYGR,BUY,3700.0000,140.4300
2021-11-15T21:00:00+00:00,WBT.AX,BUY,790.0000,275.4100
2021-12-14T21:00:00+00:00,AL3.AX,SELL,230.0000,337.1000
2021-12-14T21:00:00+00:00,ALCLS.PA,BUY,454.0000,767.7600
2021-12-14T21:00:00+00:00,ALMDT.PA,SELL,113.0000,1274.6400
2021-12-14T21:00:00+00:00,AXE.AX,BUY,838.0000,629.6800
2021-12-14T21:00:00+00:00,AZN.L,SELL,433.0000,122.0500
2021-12-14T21:00:00+00:00,BGO.L,SELL,860.0000,335.9600
2021-12-14T21:00:00+00:00,BRK-B,SELL,3332.0000,135.6100
2021-12-14T21:00:00+00:00,BRNT.L,SELL,718.0000,163.2500
2021-12-14T21:00:00+00:00,DBMG.L,SELL,2012.0000,114.4600
2021-12-14T21:00:00+00:00,EDIT,BUY,97.0000,2814.6400
2021-12-14T21:00:00+00:00,EMV.AX,SELL,1233.0000,246.6400
2021-12-14T21:00:00+00:00,FTC.L,SELL,1134.0000,151.0100
2021-12-14T21:00:00+00:00,GSIT,BUY,1084.0000,301.6300
2021-12-14T21:00:00+00:00,HSBA.L,SELL,2345.0000,120.8300
2021-12-14T21:00:00+00:00,HYT.AX,SELL,46.0000,5721.4000
2021-12-14T21:00:00+00:00,IBTM.L,SELL,3286.0000,115.2600
2021-12-14T21:00:00+00:00,IDN,BUY,3.0000,345.7500
2021-12-14T21:00:00+00:00,IITU.L,SELL,2538.0000,140.7900
2021-12-14T21:00:00+00:00,IPWR,BUY,2013.0000,373.8400
2021-12-14T21:00:00+00:00,ISF.L,SELL,2130.0000,116.1300
2021-12-14T21:00:00+00:00,LTBR,BUY,4108.0000,276.3000
2021-12-14T21:00:00+00:00,MOLN.SW,SELL,1145.0000,473.0500
2021-12-14T21:00:00+00:00,MSCL.TO,BUY,488.0000,507.5900
2021-12-14T21:00:00+00:00,PLTR,BUY,963.0000,279.5200
2021-12-14T21:00:00+00:00,PRQR,BUY,100.0000,1096.2500
2021-12-14T21:00:00+00:00,QSI,BUY,459.0000,895.9000
2021-12-14T21:00:00+00:00,RR.L,BUY,1440.0000,176.8400
2021-12-14T21:00:00+00:00,SEYE.ST,BUY,24.0000,582.1700
2021-12-14T21:00:00+00:00,SGLN.L,SELL,1756.0000,110.0200
2021-12-14T21:00:00+00:00,SHEL.L,SELL,1511.0000,129.8600
2021-12-14T21:00:00+00:00,SLX.AX,BUY,1774.0000,168.3500
2021-12-14T21:00:00+00:00,SMGB.L,SELL,1909.0000,146.6500
2021-12-14T21:00:00+00:00,VUL.AX,SELL,1091.0000,638.2500
2021-12-14T21:00:00+00:00,VYGR,BUY,1976.0000,115.4900
2021-12-14T21:00:00+00:00,WBT.AX,BUY,780.0000,230.9700
2022-01-17T21:00:00+00:00,AL3.AX,BUY,470.0000,318.6500
2022-01-17T21:00:00+00:00,ALCLS.PA,BUY,343.0000,699.8100
2022-01-17T21:00:00+00:00,ALMDT.PA,SELL,12.0000,1284.6000
2022-01-17T21:00:00+00:00,AXE.AX,SELL,320.0000,682.3200
2022-01-17T21:00:00+00:00,AZN.L,SELL,1314.0000,130.0900
2022-01-17T21:00:00+00:00,BGO.L,SELL,29.0000,337.7200
2022-01-17T21:00:00+00:00,BRK-B,SELL,1056.0000,143.5500
2022-01-17T21:00:00+00:00,BRNT.L,SELL,1855.0000,184.5200
2022-01-17T21:00:00+00:00,DBMG.L,BUY,692.0000,111.3300
2022-01-17T21:00:00+00:00,EDIT,BUY,327.0000,2094.1600
2022-01-17T21:00:00+00:00,EMV.AX,BUY,1149.0000,223.2500
2022-01-17T21:00:00+00:00,FTC.L,SELL,354.0000,154.3600
2022-01-17T21:00:00+00:00,GSIT,BUY,196.0000,295.5300
2022-01-17T21:00:00+00:00,HSBA.L,SELL,3547.0000,144.2700
2022-01-17T21:00:00+00:00,HYT.AX,BUY,12.0000,5594.8100
2022-01-17T21:00:00+00:00,IBTM.L,BUY,1475.0000,108.5100
2022-01-17T21:00:00+00:00,IDN,BUY,632.0000,320.0400
2022-01-17T21:00:00+00:00,IITU.L,BUY,915.0000,134.5000
2022-01-17T21:00:00+00:00,IPWR,BUY,663.0000,342.5500
2022-01-17T21:00:00+00:00,ISF.L,SELL,1169.0000,122.5700
2022-01-17T21:00:00+00:00,LTBR,BUY,318.0000,267.8900
2022-01-17T21:00:00+00:00,MOLN.SW,SELL,1969.0000,729.0000
2022-01-17T21:00:00+00:00,MSCL.TO,BUY,1011.0000,426.2000
2022-01-17T21:00:00+00:00,PLTR,BUY,2002.0000,231.3200
2022-01-17T21:00:00+00:00,PRQR,BUY,33.0000,1083.5200
2022-01-17T21:00:00+00:00,QSI,BUY,154.0000,853.0000
2022-01-17T21:00:00+00:00,RR.L,SELL,1024.0000,190.0700
2022-01-17T21:00:00+00:00,SEYE.ST,BUY,1557.0000,434.9300
2022-01-17T21:00:00+00:00,SGLN.L,BUY,174.0000,109.4100
2022-01-17T21:00:00+00:00,SHEL.L,SELL,2455.0000,147.7800
2022-01-17T21:00:00+00:00,SLX.AX,SELL,2375.0000,198.4400
2022-01-17T21:00:00+00:00,SMGB.L,SELL,317.0000,149.5000
2022-01-17T21:00:00+00:00,VUL.AX,BUY,1173.0000,498.8900
2022-01-17T21:00:00+00:00,VYGR,SELL,475.0000,118.1100
2022-01-17T21:00:00+00:00,WBT.AX,SELL,1770.0000,273.3300
2022-02-15T21:00:00+00:00,AL3.AX,BUY,641.0000,274.3300
2022-02-15T21:00:00+00:00,ALCLS.PA,BUY,753.0000,541.5600
2022-02-15T21:00:00+00:00,ALMDT.PA,BUY,111.0000,1130.0100
2022-02-15T21:00:00+00:00,AXE.AX,BUY,488.0000,562.2800
2022-02-15T21:00:00+00:00,AZN.L,SELL,1701.0000,131.5000
2022-02-15T21:00:00+00:00,BGO.L,SELL,539.0000,335.9600
2022-02-15T21:00:00+00:00,BRK-B,SELL,1158.0000,141.9100
2022-02-15T21:00:00+00:00,BRNT.L,SELL,2071.0000,199.6700
2022-02-15T21:00:00+00:00,DBMG.L,SELL,2604.0000,115.7900
2022-02-15T21:00:00+00:00,EDIT,BUY,272.0000,1598.8000
2022-02-15T21:00:00+00:00,EMV.AX,BUY,1857.0000,179.0700
2022-02-15T21:00:00+00:00,FTC.L,SELL,1603.0000,157.7200
2022-02-15T21:00:00+00:00,GSIT,SELL,23.0000,274.6300
2022-02-15T21:00:00+00:00,HSBA.L,SELL,2455.0000,154.2200
2022-02-15T21:00:00+00:00,HYT.AX,SELL,34.0000,5587.1800
2022-02-15T21:00:00+00:00,IBTM.L,SELL,1590.0000,107.5400
2022-02-15T21:00:00+00:00,IDN,BUY,1927.0000,240.8700
2022-02-15T21:00:00+00:00,IITU.L,SELL,705.0000,129.2700
2022-02-15T21:00:00+00:00,IPWR,SELL,37.0000,319.0200
2022-02-15T21:00:00+00:00,ISF.L,SELL,1637.0000,122.8600
2022-02-15T21:00:00+00:00,LTBR,SELL,1552.0000,294.2300
2022-02-15T21:00:00+00:00,MOLN.SW,SELL,397.0000,758.2200
2022-02-15T21:00:00+00:00,MSCL.TO,BUY,21.0000,393.7200
2022-02-15T21:00:00+00:00,PLTR,BUY,385.0000,207.4700
2022-02-15T21:00:00+00:00,PRQR,BUY,9608.0000,204.6500
2022-02-15T21:00:00+00:00,QSI,BUY,986.0000,600.9300
2022-02-15T21:00:00+00:00,RR.L,SELL,422.0000,181.6400
2022-02-15T21:00:00+00:00,SEYE.ST,SELL,64.0000,407.3700
2022-02-15T21:00:00+00:00,SGLN.L,SELL,2348.0000,112.2300
2022-02-15T21:00:00+00:00,SHEL.L,SELL,2507.0000,159.1000
2022-02-15T21:00:00+00:00,SLX.AX,BUY,1203.0000,168.8100
2022-02-15T21:00:00+00:00,SMGB.L,BUY,487.0000,134.8800
2022-02-15T21:00:00+00:00,VUL.AX,BUY,67.0000,456.7000
2022-02-15T21:00:00+00:00,VYGR,SELL,6028.0000,149.4000
2022-02-15T21:00:00+00:00,WBT.AX,SELL,304.0000,261.5100
2022-03-16T21:00:00+00:00,AL3.AX,BUY,1169.0000,241.0100
2022-03-16T21:00:00+00:00,ALCLS.PA,BUY,975.0000,442.8500
2022-03-16T21:00:00+00:00,ALMDT.PA,BUY,255.0000,1004.6600
2022-03-16T21:00:00+00:00,AXE.AX,BUY,309.0000,521.4600
2022-03-16T21:00:00+00:00,AZN.L,SELL,1522.0000,142.0400
2022-03-16T21:00:00+00:00,BGO.L,BUY,477.0000,313.1600
2022-03-16T21:00:00+00:00,BRK-B,SELL,1736.0000,156.4700
2022-03-16T21:00:00+00:00,BRNT.L,SELL,1844.0000,232.9300
2022-03-16T21:00:00+00:00,DBMG.L,SELL,1692.0000,124.8400
2022-03-16T21:00:00+00:00,EDIT,SELL,22.0000,1609.6100
2022-03-16T21:00:00+00:00,EMV.AX,SELL,193.0000,180.2700
2022-03-16T21:00:00+00:00,FTC.L,BUY,1530.0000,142.6200
2022-03-16T21:00:00+00:00,GSIT,BUY,493.0000,258.4400
2022-03-16T21:00:00+00:00,HSBA.L,BUY,1322.0000,141.4100
2022-03-16T21:00:00+00:00,HYT.AX,SELL,23.0000,5843.5900
2022-03-16T21:00:00+00:00,IBTM.L,SELL,646.0000,109.8400
2022-03-16T21:00:00+00:00,IDN,BUY,5520.0000,155.4200
2022-03-16T21:00:00+00:00,IITU.L,BUY,322.0000,126.1900
2022-03-16T21:00:00+00:00,IPWR,SELL,52.0000,318.8000
2022-03-16T21:00:00+00:00,ISF.L,BUY,515.0000,118.9100
2022-03-16T21:00:00+00:00,LTBR,SELL,1905.0000,377.7800
2022-03-16T21:00:00+00:00,MOLN.SW,BUY,885.0000,591.7200
2022-03-16T21:00:00+00:00,MSCL.TO,BUY,674.0000,352.8800
2022-03-16T21:00:00+00:00,PLTR,BUY,1787.0000,179.0600
2022-03-16T21:00:00+00:00,PRQR,BUY,3217.0000,160.3900
2022-03-16T21:00:00+00:00,QSI,SELL,15.0000,598.7700
2022-03-16T21:00:00+00:00,RR.L,BUY,3609.0000,142.4800
2022-03-16T21:00:00+00:00,SEYE.ST,BUY,638.0000,365.8300
2022-03-16T21:00:00+00:00,SGLN.L,SELL,1508.0000,119.6000
2022-03-16T21:00:00+00:00,SHEL.L,BUY,389.0000,154.0700
2022-03-16T21:00:00+00:00,SLX.AX,SELL,1856.0000,191.9100
2022-03-16T21:00:00+00:00,SMGB.L,BUY,347.0000,131.4000
2022-03-16T21:00:00+00:00,VUL.AX,SELL,298.0000,479.8000
2022-03-16T21:00:00+00:00,VYGR,SELL,8621.0000,309.9400
2022-03-16T21:00:00+00:00,WBT.AX,BUY,1219.0000,229.9200
2022-04-14T21:00:00+00:00,AL3.AX,BUY,2058.0000,208.1200
2022-04-14T21:00:00+00:00,ALCLS.PA,BUY,591.0000,415.4400
2022-04-14T21:00:00+00:00,ALMDT.PA,SELL,51.0000,1065.0900
2022-04-14T21:00:00+00:00,AXE.AX,SELL,16.0000,543.2500
2022-04-14T21:00:00+00:00,AZN.L,SELL,1244.0000,158.9300
2022-04-14T21:00:00+00:00,BGO.L,BUY,188.0000,317.5400
2022-04-14T21:00:00+00:00,BRK-B,BUY,301.0000,159.4000
2022-04-14T21:00:00+00:00,BRNT.L,SELL,713.0000,259.4100
2022-04-14T21:00:00+00:00,DBMG.L,SELL,1325.0000,138.9900
2022-04-14T21:00:00+00:00,EDIT,BUY,19.0000,1651.0700
2022-04-14T21:00:00+00:00,EMV.AX,SELL,1037.0000,202.6200
2022-04-14T21:00:00+00:00,FTC.L,SELL,334.0000,151.0100
2022-04-14T21:00:00+00:00,GSIT,BUY,1927.0000,223.0200
2022-04-14T21:00:00+00:00,HSBA.L,SELL,303.0000,149.4300
2022-04-14T21:00:00+00:00,HYT.AX,BUY,3.0000,6020.9100
2022-04-14T21:00:00+00:00,IBTM.L,BUY,1882.0000,105.1700
2022-04-14T21:00:00+00:00,IDN,BUY,2215.0000,141.5000
2022-04-14T21:00:00+00:00,IITU.L,BUY,722.0000,126.3200
2022-04-14T21:00:00+00:00,IPWR,BUY,358.0000,316.2500
2022-04-14T21:00:00+00:00,ISF.L,SELL,171.0000,124.4900
2022-04-14T21:00:00+00:00,LTBR,BUY,514.0000,363.4800
2022-04-14T21:00:00+00:00,MOLN.SW,BUY,213.0000,584.3600
2022-04-14T21:00:00+00:00,MSCL.TO,SELL,1838.0000,498.2000
2022-04-14T21:00:00+00:00,PLTR,SELL,121.0000,187.5700
2022-04-14T21:00:00+00:00,PRQR,BUY,4019.0000,131.8500
2022-04-14T21:00:00+00:00,QSI,SELL,153.0000,645.7800
2022-04-14T21:00:00+00:00,RR.L,BUY,839.0000,141.0500
2022-04-14T21:00:00+00:00,SEYE.ST,BUY,1179.0000,323.0000
2022-04-14T21:00:00+00:00,SGLN.L,BUY,102.0000,123.5600
2022-04-14T21:00:00+00:00,SHEL.L,SELL,1565.0000,177.4100
2022-04-14T21:00:00+00:00,SLX.AX,SELL,3309.0000,268.9100
2022-04-14T21:00:00+00:00,SMGB.L,BUY,1940.0000,123.5700
2022-04-14T21:00:00+00:00,VUL.AX,SELL,12.0000,499.3300
2022-04-14T21:00:00+00:00,VYGR,SELL,1114.0000,374.5400
2022-04-14T21:00:00+00:00,WBT.AX,SELL,76.0000,240.4200
2022-05-18T21:00:00+00:00,AL3.AX,SELL,935.0000,199.3000
2022-05-18T21:00:00+00:00,ALCLS.PA,BUY,461.0000,341.6900
2022-05-18T21:00:00+00:00,ALMDT.PA,BUY,209.0000,866.4300
2022-05-18T21:00:00+00:00,AXE.AX,BUY,671.0000,420.2200
2022-05-18T21:00:00+00:00,AZN.L,SELL,1447.0000,154.5300
2022-05-18T21:00:00+00:00,BGO.L,SELL,332.0000,292.9800
2022-05-18T21:00:00+00:00,BRK-B,SELL,878.0000,149.1800
2022-05-18T21:00:00+00:00,BRNT.L,SELL,1644.0000,275.6200
2022-05-18T21:00:00+00:00,DBMG.L,SELL,3481.0000,151.7800
2022-05-18T21:00:00+00:00,EDIT,BUY,476.0000,1115.8300
2022-05-18T21:00:00+00:00,EMV.AX,BUY,368.0000,174.1000
2022-05-18T21:00:00+00:00,FTC.L,SELL,493.0000,137.5800
2022-05-18T21:00:00+00:00,GSIT,SELL,526.0000,206.7700
2022-05-18T21:00:00+00:00,HSBA.L,SELL,1151.0000,141.7400
2022-05-18T21:00:00+00:00,HYT.AX,SELL,45.0000,5969.3300
2022-05-18T21:00:00+00:00,IBTM.L,SELL,3712.0000,109.8700
2022-05-18T21:00:00+00:00,IDN,SELL,515.0000,128.8300
2022-05-18T21:00:00+00:00,IITU.L,SELL,1332.0000,119.6300
2022-05-18T21:00:00+00:00,IPWR,SELL,2603.0000,413.4700
2022-05-18T21:00:00+00:00,ISF.L,SELL,2008.0000,122.1000
2022-05-18T21:00:00+00:00,LTBR,BUY,1347.0000,269.5900
2022-05-18T21:00:00+00:00,MOLN.SW,BUY,5743.0000,222.9000
2022-05-18T21:00:00+00:00,MSCL.TO,BUY,1917.0000,320.4100
2022-05-18T21:00:00+00:00,PLTR,BUY,4137.0000,127.1300
2022-05-18T21:00:00+00:00,PRQR,BUY,831.0000,111.8000
2022-05-18T21:00:00+00:00,QSI,SELL,139.0000,592.0400
2022-05-18T21:00:00+00:00,RR.L,SELL,457.0000,127.9900
2022-05-18T21:00:00+00:00,SEYE.ST,BUY,4265.0000,185.3500
2022-05-18T21:00:00+00:00,SGLN.L,SELL,1890.0000,120.3200
2022-05-18T21:00:00+00:00,SHEL.L,SELL,2614.0000,191.8600
2022-05-18T21:00:00+00:00,SLX.AX,BUY,1368.0000,207.8000
2022-05-18T21:00:00+00:00,SMGB.L,SELL,2474.0000,124.2100
2022-05-18T21:00:00+00:00,VUL.AX,BUY,405.0000,409.0800
2022-05-18T21:00:00+00:00,VYGR,BUY,1301.0000,278.0100
2022-05-18T21:00:00+00:00,WBT.AX,SELL,967.0000,234.0000
2022-06-20T21:00:00+00:00,AL3.AX,BUY,1237.0000,172.8100
2022-06-20T21:00:00+00:00,ALCLS.PA,BUY,1509.0000,267.4800
2022-06-20T21:00:00+00:00,ALMDT.PA,SELL,422.0000,995.1600
2022-06-20T21:00:00+00:00,AXE.AX,BUY,585.0000,364.5100
2022-06-20T21:00:00+00:00,AZN.L,SELL,288.0000,151.6600
2022-06-20T21:00:00+00:00,BGO.L,BUY,1739.0000,229.8200
2022-06-20T21:00:00+00:00,BRK-B,BUY,1342.0000,131.7900
2022-06-20T21:00:00+00:00,BRNT.L,SELL,869.0000,296.7100
2022-06-20T21:00:00+00:00,DBMG.L,SELL,1034.0000,156.9700
2022-06-20T21:00:00+00:00,EDIT,SELL,194.0000,1187.4900
2022-06-20T21:00:00+00:00,EMV.AX,BUY,4318.0000,125.5600
2022-06-20T21:00:00+00:00,FTC.L,SELL,1354.0000,144.3000
2022-06-20T21:00:00+00:00,GSIT,SELL,1528.0000,231.4000
2022-06-20T21:00:00+00:00,HSBA.L,SELL,1797.0000,153.7500
2022-06-20T21:00:00+00:00,HYT.AX,SELL,18.0000,6026.8300
2022-06-20T21:00:00+00:00,IBTM.L,SELL,505.0000,108.3700
2022-06-20T21:00:00+00:00,IDN,BUY,398.0000,121.1800
2022-06-20T21:00:00+00:00,IITU.L,BUY,326.0000,113.1300
2022-06-20T21:00:00+00:00,IPWR,SELL,731.0000,459.3900
2022-06-20T21:00:00+00:00,ISF.L,BUY,62.0000,117.0700
2022-06-20T21:00:00+00:00,LTBR,BUY,1203.0000,226.7100
2022-06-20T21:00:00+00:00,MOLN.SW,SELL,1369.0000,248.0800
2022-06-20T21:00:00+00:00,MSCL.TO,BUY,3127.0000,213.3000
2022-06-20T21:00:00+00:00,PLTR,SELL,1319.0000,132.1500
2022-06-20T21:00:00+00:00,PRQR,SELL,3529.0000,130.4100
2022-06-20T21:00:00+00:00,QSI,BUY,725.0000,478.2700
2022-06-20T21:00:00+00:00,RR.L,SELL,1910.0000,138.1300
2022-06-20T21:00:00+00:00,SEYE.ST,BUY,90.0000,177.0000
2022-06-20T21:00:00+00:00,SGLN.L,SELL,1135.0000,123.2300
2022-06-20T21:00:00+00:00,SHEL.L,BUY,837.0000,172.2900
2022-06-20T21:00:00+00:00,SLX.AX,SELL,3819.0000,308.7600
2022-06-20T21:00:00+00:00,SMGB.L,BUY,1377.0000,111.0600
2022-06-20T21:00:00+00:00,VUL.AX,BUY,1737.0000,299.1200
2022-06-20T21:00:00+00:00,VYGR,BUY,1617.0000,222.9500
2022-06-20T21:00:00+00:00,WBT.AX,BUY,2914.0000,172.7800
2022-07-19T21:00:00+00:00,AL3.AX,BUY,1940.0000,166.1300
2022-07-19T21:00:00+00:00,ALCLS.PA,BUY,429.0000,282.0100
2022-07-19T21:00:00+00:00,ALMDT.PA,BUY,440.0000,918.7500
2022-07-19T21:00:00+00:00,AXE.AX,BUY,860.0000,353.4600
2022-07-19T21:00:00+00:00,AZN.L,SELL,90.0000,169.4300
2022-07-19T21:00:00+00:00,BGO.L,SELL,2094.0000,328.0700
2022-07-19T21:00:00+00:00,BRK-B,BUY,249.0000,144.1300
2022-07-19T21:00:00+00:00,BRNT.L,BUY,1089.0000,286.6300
2022-07-19T21:00:00+00:00,DBMG.L,BUY,1172.0000,160.6200
2022-07-19T21:00:00+00:00,EDIT,SELL,525.0000,1852.1700
2022-07-19T21:00:00+00:00,EMV.AX,SELL,3453.0000,174.2900
2022-07-19T21:00:00+00:00,FTC.L,SELL,2569.0000,193.2900
2022-07-19T21:00:00+00:00,GSIT,SELL,965.0000,286.4200
2022-07-19T21:00:00+00:00,HSBA.L,BUY,1973.0000,149.7200
2022-07-19T21:00:00+00:00,HYT.AX,BUY,966.0000,1814.4500
2022-07-19T21:00:00+00:00,IBTM.L,BUY,1283.0000,113.0500
2022-07-19T21:00:00+00:00,IDN,SELL,4754.0000,183.3000
2022-07-19T21:00:00+00:00,IITU.L,BUY,388.0000,123.1000
2022-07-19T21:00:00+00:00,IPWR,BUY,554.0000,456.4200
2022-07-19T21:00:00+00:00,ISF.L,BUY,1523.0000,120.0800
2022-07-19T21:00:00+00:00,LTBR,SELL,430.0000,263.5400
2022-07-19T21:00:00+00:00,MOLN.SW,BUY,3203.0000,201.4800
2022-07-19T21:00:00+00:00,MSCL.TO,SELL,258.0000,242.9900
2022-07-19T21:00:00+00:00,PLTR,SELL,866.0000,154.8900
2022-07-19T21:00:00+00:00,PRQR,SELL,310.0000,147.5400
2022-07-19T21:00:00+00:00,QSI,BUY,253.0000,502.9300
2022-07-19T21:00:00+00:00,RR.L,BUY,1292.0000,141.6800
2022-07-19T21:00:00+00:00,SEYE.ST,BUY,1795.0000,171.3700
2022-07-19T21:00:00+00:00,SGLN.L,BUY,2968.0000,117.0400
2022-07-19T21:00:00+00:00,SHEL.L,BUY,1910.0000,166.0400
2022-07-19T21:00:00+00:00,SLX.AX,SELL,1948.0000,474.6400
2022-07-19T21:00:00+00:00,SMGB.L,BUY,500.0000,120.2100
2022-07-19T21:00:00+00:00,VUL.AX,SELL,221.0000,342.5600
2022-07-19T21:00:00+00:00,VYGR,SELL,2146.0000,317.6800
2022-07-19T21:00:00+00:00,WBT.AX,SELL,2071.0000,229.7800
2022-08-17T21:00:00+00:00,AL3.AX,SELL,4276.0000,253.7000
2022-08-17T21:00:00+00:00,ALCLS.PA,SELL,1971.0000,394.6200
2022-08-17T21:00:00+00:00,ALMDT.PA,BUY,202.0000,917.8100
2022-08-17T21:00:00+00:00,AXE.AX,SELL,2338.0000,579.4200
2022-08-17T21:00:00+00:00,AZN.L,BUY,1283.0000,167.1700
2022-08-17T21:00:00+00:00,BGO.L,BUY,1447.0000,294.7400
2022-08-17T21:00:00+00:00,BRK-B,BUY,252.0000,152.7500
2022-08-17T21:00:00+00:00,BRNT.L,BUY,1362.0000,265.2900
2022-08-17T21:00:00+00:00,DBMG.L,BUY,1878.0000,153.5300
2022-08-17T21:00:00+00:00,EDIT,BUY,177.0000,1752.9600
2022-08-17T21:00:00+00:00,EMV.AX,BUY,2605.0000,157.7200
2022-08-17T21:00:00+00:00,FTC.L,BUY,2105.0000,177.8500
2022-08-17T21:00:00+00:00,GSIT,BUY,1802.0000,253.6800
2022-08-17T21:00:00+00:00,HSBA.L,BUY,530.0000,155.9300
2022-08-17T21:00:00+00:00,HYT.AX,BUY,75.0000,1847.2600
2022-08-17T21:00:00+00:00,IBTM.L,BUY,1400.0000,114.1100
2022-08-17T21:00:00+00:00,IDN,BUY,1691.0000,174.6700
2022-08-17T21:00:00+00:00,IITU.L,SELL,696.0000,137.3300
2022-08-17T21:00:00+00:00,IPWR,SELL,561.0000,549.5700
2022-08-17T21:00:00+00:00,ISF.L,BUY,752.0000,124.5100
2022-08-17T21:00:00+00:00,LTBR,SELL,56.0000,285.2700
2022-08-17T21:00:00+00:00,MOLN.SW,BUY,823.0000,202.7800
2022-08-17T21:00:00+00:00,MSCL.TO,SELL,197.0000,266.7200
2022-08-17T21:00:00+00:00,PLTR,BUY,1226.0000,154.4400
2022-08-17T21:00:00+00:00,PRQR,BUY,453.0000,154.4300
2022-08-17T21:00:00+00:00,QSI,SELL,712.0000,635.7700
2022-08-17T21:00:00+00:00,RR.L,BUY,3548.0000,126.0600
2022-08-17T21:00:00+00:00,SEYE.ST,SELL,1458.0000,205.7500
2022-08-17T21:00:00+00:00,SGLN.L,BUY,986.0000,120.1500
2022-08-17T21:00:00+00:00,SHEL.L,SELL,99.0000,179.8600
2022-08-17T21:00:00+00:00,SLX.AX,SELL,400.0000,554.3300
2022-08-17T21:00:00+00:00,SMGB.L,BUY,293.0000,127.4600
2022-08-17T21:00:00+00:00,VUL.AX,SELL,1738.0000,489.8300
2022-08-17T21:00:00+00:00,VYGR,BUY,2209.0000,264.5700
2022-08-17T21:00:00+00:00,WBT.AX,BUY,68.0000,245.6300
2022-09-16T21:00:00+00:00,AL3.AX,BUY,1149.0000,218.8400
2022-09-16T21:00:00+00:00,ALCLS.PA,BUY,452.0000,354.3200
2022-09-16T21:00:00+00:00,ALMDT.PA,BUY,293.0000,797.7500
2022-09-16T21:00:00+00:00,AXE.AX,BUY,530.0000,497.1700
2022-09-16T21:00:00+00:00,AZN.L,BUY,669.0000,153.8000
2022-09-16T21:00:00+00:00,BGO.L,SELL,1629.0000,347.3700
2022-09-16T21:00:00+00:00,BRK-B,BUY,102.0000,145.7400
2022-09-16T21:00:00+00:00,BRNT.L,SELL,814.0000,277.8200
2022-09-16T21:00:00+00:00,DBMG.L,SELL,2302.0000,170.6900
2022-09-16T21:00:00+00:00,EDIT,BUY,40.0000,1637.8800
2022-09-16T21:00:00+00:00,EMV.AX,BUY,452.0000,147.3200
2022-09-16T21:00:00+00:00,FTC.L,SELL,317.0000,174.5000
2022-09-16T21:00:00+00:00,GSIT,BUY,1545.0000,211.4500
2022-09-16T21:00:00+00:00,HSBA.L,SELL,435.0000,153.7000
2022-09-16T21:00:00+00:00,HYT.AX,SELL,65.0000,1859.0200
2022-09-16T21:00:00+00:00,IBTM.L,SELL,1165.0000,115.4600
2022-09-16T21:00:00+00:00,IDN,SELL,2767.0000,206.1800
2022-09-16T21:00:00+00:00,IITU.L,BUY,1272.0000,123.4700
2022-09-16T21:00:00+00:00,IPWR,SELL,411.0000,577.9600
2022-09-16T21:00:00+00:00,ISF.L,SELL,185.0000,120.5800
2022-09-16T21:00:00+00:00,LTBR,BUY,1147.0000,243.0700
2022-09-16T21:00:00+00:00,MOLN.SW,SELL,1872.0000,228.1100
2022-09-16T21:00:00+00:00,MSCL.TO,BUY,4189.0000,178.7800
2022-09-16T21:00:00+00:00,PLTR,BUY,1697.0000,134.6000
2022-09-16T21:00:00+00:00,PRQR,BUY,498.0000,143.9500
2022-09-16T21:00:00+00:00,QSI,BUY,776.0000,512.4500
2022-09-16T21:00:00+00:00,RR.L,BUY,1185.0000,114.3900
2022-09-16T21:00:00+00:00,SEYE.ST,SELL,689.0000,208.9200
2022-09-16T21:00:00+00:00,SGLN.L,SELL,894.0000,120.3200
2022-09-16T21:00:00+00:00,SHEL.L,SELL,1266.0000,189.3000
2022-09-16T21:00:00+00:00,SLX.AX,SELL,136.0000,548.1000
2022-09-16T21:00:00+00:00,SMGB.L,BUY,1594.0000,113.4300
2022-09-16T21:00:00+00:00,VUL.AX,BUY,184.0000,454.3300
2022-09-16T21:00:00+00:00,VYGR,SELL,1921.0000,316.0400
2022-09-16T21:00:00+00:00,WBT.AX,BUY,1236.0000,210.9800
2022-10-18T21:00:00+00:00,AL3.AX,SELL,807.0000,219.4400
2022-10-18T21:00:00+00:00,ALCLS.PA,BUY,1271.0000,279.3600
2022-10-18T21:00:00+00:00,ALMDT.PA,BUY,252.0000,687.6100
2022-10-18T21:00:00+00:00,AXE.AX,BUY,191.0000,446.0600
2022-10-18T21:00:00+00:00,AZN.L,SELL,682.0000,149.5800
2022-10-18T21:00:00+00:00,BGO.L,SELL,135.0000,329.8200
2022-10-18T21:00:00+00:00,BRK-B,SELL,1687.0000,150.6700
2022-10-18T21:00:00+00:00,BRNT.L,SELL,560.0000,276.1100
2022-10-18T21:00:00+00:00,DBMG.L,SELL,1544.0000,177.8700
2022-10-18T21:00:00+00:00,EDIT,BUY,106.0000,1426.0700
2022-10-18T21:00:00+00:00,EMV.AX,BUY,2024.0000,122.5100
2022-10-18T21:00:00+00:00,FTC.L,BUY,1435.0000,147.6500
2022-10-18T21:00:00+00:00,GSIT,BUY,3566.0000,151.0800
2022-10-18T21:00:00+00:00,HSBA.L,BUY,955.0000,135.1700
2022-10-18T21:00:00+00:00,HYT.AX,SELL,26.0000,1765.9900
2022-10-18T21:00:00+00:00,IBTM.L,SELL,808.0000,111.7500
2022-10-18T21:00:00+00:00,IDN,BUY,1420.0000,171.8000
2022-10-18T21:00:00+00:00,IITU.L,SELL,567.0000,118.3500
2022-10-18T21:00:00+00:00,IPWR,BUY,714.0000,461.6000
2022-10-18T21:00:00+00:00,ISF.L,SELL,591.0000,115.6400
2022-10-18T21:00:00+00:00,LTBR,SELL,704.0000,243.1700
2022-10-18T21:00:00+00:00,MOLN.SW,SELL,301.0000,218.5100
2022-10-18T21:00:00+00:00,MSCL.TO,SELL,618.0000,174.2800
2022-10-18T21:00:00+00:00,PLTR,SELL,2205.0000,142.4000
2022-10-18T21:00:00+00:00,PRQR,SELL,4263.0000,178.1100
2022-10-18T21:00:00+00:00,QSI,SELL,129.0000,490.4400
2022-10-18T21:00:00+00:00,RR.L,SELL,1081.0000,112.1400
2022-10-18T21:00:00+00:00,SEYE.ST,SELL,76.0000,195.8700
2022-10-18T21:00:00+00:00,SGLN.L,SELL,1307.0000,119.6500
2022-10-18T21:00:00+00:00,SHEL.L,SELL,663.0000,185.7100
2022-10-18T21:00:00+00:00,SLX.AX,BUY,460.0000,463.5100
2022-10-18T21:00:00+00:00,SMGB.L,BUY,1187.0000,100.2200
2022-10-18T21:00:00+00:00,VUL.AX,BUY,1383.0000,337.7300
2022-10-18T21:00:00+00:00,VYGR,BUY,61.0000,292.1000
2022-10-18T21:00:00+00:00,WBT.AX,SELL,228.0000,200.4200
2022-11-16T21:00:00+00:00,AL3.AX,BUY,3455.0000,168.4800
2022-11-16T21:00:00+00:00,ALCLS.PA,BUY,1507.0000,240.9500
2022-11-16T21:00:00+00:00,ALMDT.PA,BUY,101.0000,680.4200
2022-11-16T21:00:00+00:00,AXE.AX,BUY,520.0000,413.3000
2022-11-16T21:00:00+00:00,AZN.L,SELL,1024.0000,163.3100
2022-11-16T21:00:00+00:00,BGO.L,BUY,42.0000,334.2100
2022-11-16T21:00:00+00:00,BRK-B,SELL,412.0000,157.8500
2022-11-16T21:00:00+00:00,BRNT.L,BUY,70.0000,279.1400
2022-11-16T21:00:00+00:00,DBMG.L,BUY,1931.0000,157.8900
2022-11-16T21:00:00+00:00,EDIT,BUY,138.0000,1339.9100
2022-11-16T21:00:00+00:00,EMV.AX,SELL,6193.0000,185.8800
2022-11-16T21:00:00+00:00,FTC.L,SELL,1025.0000,161.0700
2022-11-16T21:00:00+00:00,GSIT,BUY,2133.0000,135.1800
2022-11-16T21:00:00+00:00,HSBA.L,SELL,24.0000,138.0000
2022-11-16T21:00:00+00:00,HYT.AX,SELL,10.0000,1814.1600
2022-11-16T21:00:00+00:00,IBTM.L,BUY,887.0000,109.2400
2022-11-16T21:00:00+00:00,IDN,BUY,2909.0000,144.0200
2022-11-16T21:00:00+00:00,IITU.L,SELL,381.0000,123.0500
2022-11-16T21:00:00+00:00,IPWR,SELL,886.0000,571.7000
2022-11-16T21:00:00+00:00,ISF.L,SELL,762.0000,122.5600
2022-11-16T21:00:00+00:00,LTBR,BUY,429.0000,237.2000
2022-11-16T21:00:00+00:00,MOLN.SW,SELL,186.0000,226.7500
2022-11-16T21:00:00+00:00,MSCL.TO,BUY,9158.0000,105.1200
2022-11-16T21:00:00+00:00,PLTR,BUY,1298.0000,134.4300
2022-11-16T21:00:00+00:00,PRQR,BUY,303.0000,177.4300
2022-11-16T21:00:00+00:00,QSI,SELL,70.0000,507.4900
2022-11-16T21:00:00+00:00,RR.L,SELL,2717.0000,131.6700
2022-11-16T21:00:00+00:00,SEYE.ST,BUY,2883.0000,160.4900
2022-11-16T21:00:00+00:00,SGLN.L,SELL,96.0000,122.5900
2022-11-16T21:00:00+00:00,SHEL.L,SELL,493.0000,197.1400
2022-11-16T21:00:00+00:00,SLX.AX,SELL,135.0000,485.6700
2022-11-16T21:00:00+00:00,SMGB.L,SELL,3301.0000,119.2300
2022-11-16T21:00:00+00:00,VUL.AX,SELL,1309.0000,425.6400
2022-11-16T21:00:00+00:00,VYGR,BUY,1842.0000,241.5900
2022-11-16T21:00:00+00:00,WBT.AX,SELL,3429.0000,290.7100
2022-12-15T21:00:00+00:00,AL3.AX,SELL,346.0000,163.2700
2022-12-15T21:00:00+00:00,ALCLS.PA,SELL,9.0000,227.9300
2022-12-15T21:00:00+00:00,ALMDT.PA,SELL,93.0000,660.8400
2022-12-15T21:00:00+00:00,AXE.AX,BUY,437.0000,362.7800
2022-12-15T21:00:00+00:00,AZN.L,SELL,1527.0000,172.6100
2022-12-15T21:00:00+00:00,BGO.L,SELL,623.0000,346.4900
2022-12-15T21:00:00+00:00,BRK-B,BUY,155.0000,147.6500
2022-12-15T21:00:00+00:00,BRNT.L,BUY,791.0000,241.2200
2022-12-15T21:00:00+00:00,DBMG.L,BUY,253.0000,146.7400
2022-12-15T21:00:00+00:00,EDIT,BUY,368.0000,1047.3800
2022-12-15T21:00:00+00:00,EMV.AX,SELL,534.0000,183.4100
2022-12-15T21:00:00+00:00,FTC.L,SELL,3189.0000,194.6300
2022-12-15T21:00:00+00:00,GSIT,BUY,1806.0000,115.7700
2022-12-15T21:00:00+00:00,HSBA.L,SELL,1500.0000,142.9800
2022-12-15T21:00:00+00:00,HYT.AX,BUY,4254.0000,401.2300
2022-12-15T21:00:00+00:00,IBTM.L,SELL,1107.0000,108.8300
2022-12-15T21:00:00+00:00,IDN,SELL,277.0000,138.4600
2022-12-15T21:00:00+00:00,IITU.L,SELL,188.0000,117.4500
2022-12-15T21:00:00+00:00,IPWR,BUY,1261.0000,413.7700
2022-12-15T21:00:00+00:00,ISF.L,SELL,1297.0000,124.2100
2022-12-15T21:00:00+00:00,LTBR,BUY,361.0000,216.3400
2022-12-15T21:00:00+00:00,MOLN.SW,BUY,74.0000,212.8000
2022-12-15T21:00:00+00:00,MSCL.TO,SELL,796.0000,103.0100
2022-12-15T21:00:00+00:00,PLTR,BUY,2385.0000,111.8400
2022-12-15T21:00:00+00:00,PRQR,SELL,5703.0000,293.8000
2022-12-15T21:00:00+00:00,QSI,BUY,1780.0000,346.7600
2022-12-15T21:00:00+00:00,RR.L,SELL,1346.0000,134.5600
2022-12-15T21:00:00+00:00,SEYE.ST,BUY,1782.0000,135.2700
2022-12-15T21:00:00+00:00,SGLN.L,SELL,552.0000,119.2900
2022-12-15T21:00:00+00:00,SHEL.L,SELL,256.0000,190.4000
2022-12-15T21:00:00+00:00,SLX.AX,BUY,107.0000,449.1200
2022-12-15T21:00:00+00:00,SMGB.L,SELL,374.0000,114.8600
2022-12-15T21:00:00+00:00,VUL.AX,BUY,824.0000,350.1700
2022-12-15T21:00:00+00:00,VYGR,SELL,1098.0000,257.2800
2022-12-15T21:00:00+00:00,WBT.AX,SELL,1455.0000,334.8100
2023-01-18T21:00:00+00:00,AL3.AX,BUY,327.0000,180.0500
2023-01-18T21:00:00+00:00,ALCLS.PA,SELL,2756.0000,358.4000
2023-01-18T21:00:00+00:00,ALMDT.PA,BUY,491.0000,651.2800
2023-01-18T21:00:00+00:00,AXE.AX,BUY,536.0000,376.7500
2023-01-18T21:00:00+00:00,AZN.L,BUY,1393.0000,175.9200
2023-01-18T21:00:00+00:00,BGO.L,BUY,240.0000,377.1900
2023-01-18T21:00:00+00:00,BRK-B,BUY,1416.0000,152.4200
2023-01-18T21:00:00+00:00,BRNT.L,BUY,354.0000,262.3200
2023-01-18T21:00:00+00:00,DBMG.L,BUY,1893.0000,147.3200
2023-01-18T21:00:00+00:00,EDIT,BUY,805.0000,857.8800
2023-01-18T21:00:00+00:00,EMV.AX,BUY,3300.0000,162.8600
2023-01-18T21:00:00+00:00,FTC.L,BUY,3547.0000,167.7900
2023-01-18T21:00:00+00:00,GSIT,SELL,2982.0000,154.6900
2023-01-18T21:00:00+00:00,HSBA.L,SELL,908.0000,171.4300
2023-01-18T21:00:00+00:00,HYT.AX,BUY,533.0000,413.3700
2023-01-18T21:00:00+00:00,IBTM.L,BUY,2693.0000,108.6000
2023-01-18T21:00:00+00:00,IDN,SELL,1347.0000,170.6200
2023-01-18T21:00:00+00:00,IITU.L,BUY,2524.0000,117.0500
2023-01-18T21:00:00+00:00,IPWR,SELL,170.0000,482.5200
2023-01-18T21:00:00+00:00,ISF.L,BUY,1255.0000,131.0800
2023-01-18T21:00:00+00:00,LTBR,BUY,2819.0000,191.7800
2023-01-18T21:00:00+00:00,MOLN.SW,BUY,816.0000,222.9100
2023-01-18T21:00:00+00:00,MSCL.TO,SELL,4468.0000,146.5900
2023-01-18T21:00:00+00:00,PLTR,BUY,2684.0000,111.2900
2023-01-18T21:00:00+00:00,PRQR,SELL,3162.0000,568.9900
2023-01-18T21:00:00+00:00,QSI,BUY,312.0000,373.3900
2023-01-18T21:00:00+00:00,RR.L,SELL,1165.0000,163.4400
2023-01-18T21:00:00+00:00,SEYE.ST,BUY,3792.0000,124.1600
2023-01-18T21:00:00+00:00,SGLN.L,BUY,1188.0000,126.6400
2023-01-18T21:00:00+00:00,SHEL.L,BUY,884.0000,199.8800
2023-01-18T21:00:00+00:00,SLX.AX,SELL,1320.0000,690.8900
2023-01-18T21:00:00+00:00,SMGB.L,BUY,1452.0000,120.6600
2023-01-18T21:00:00+00:00,VUL.AX,BUY,105.0000,388.9800
2023-01-18T21:00:00+00:00,VYGR,SELL,2589.0000,414.3700
2023-01-18T21:00:00+00:00,WBT.AX,SELL,22.0000,379.3400
2023-02-16T21:00:00+00:00,AL3.AX,BUY,122.0000,186.3800
2023-02-16T21:00:00+00:00,ALCLS.PA,BUY,2731.0000,269.4300
2023-02-16T21:00:00+00:00,ALMDT.PA,BUY,595.0000,589.4300
2023-02-16T21:00:00+00:00,AXE.AX,BUY,582.0000,361.9000
2023-02-16T21:00:00+00:00,AZN.L,BUY,916.0000,172.6400
2023-02-16T21:00:00+00:00,BGO.L,SELL,271.0000,410.5300
2023-02-16T21:00:00+00:00,BRK-B,BUY,392.0000,155.4600
2023-02-16T21:00:00+00:00,BRNT.L,BUY,414.0000,262.5900
2023-02-16T21:00:00+00:00,DBMG.L,BUY,198.0000,152.0700
2023-02-16T21:00:00+00:00,EDIT,SELL,489.0000,1075.0100
2023-02-16T21:00:00+00:00,EMV.AX,BUY,2883.0000,143.3100
2023-02-16T21:00:00+00:00,FTC.L,SELL,1015.0000,187.9200
2023-02-16T21:00:00+00:00,GSIT,BUY,6398.0000,115.9300
2023-02-16T21:00:00+00:00,HSBA.L,SELL,37.0000,179.4700
2023-02-16T21:00:00+00:00,HYT.AX,BUY,214.0000,416.9400
2023-02-16T21:00:00+00:00,IBTM.L,BUY,1098.0000,108.2700
2023-02-16T21:00:00+00:00,IDN,SELL,16.0000,178.3600
2023-02-16T21:00:00+00:00,IITU.L,SELL,1580.0000,131.9200
2023-02-16T21:00:00+00:00,IPWR,SELL,327.0000,537.4700
2023-02-16T21:00:00+00:00,ISF.L,BUY,394.0000,134.1200
2023-02-16T21:00:00+00:00,LTBR,SELL,1065.0000,217.9500
2023-02-16T21:00:00+00:00,MOLN.SW,BUY,1483.0000,205.7400
2023-02-16T21:00:00+00:00,MSCL.TO,SELL,4093.0000,201.0100
2023-02-16T21:00:00+00:00,PLTR,SELL,6166.0000,159.8000
2023-02-16T21:00:00+00:00,PRQR,BUY,558.0000,527.6200
2023-02-16T21:00:00+00:00,QSI,BUY,1080.0000,336.0600
2023-02-16T21:00:00+00:00,RR.L,SELL,102.0000,171.8000
2023-02-16T21:00:00+00:00,SEYE.ST,SELL,4307.0000,164.6400
2023-02-16T21:00:00+00:00,SGLN.L,BUY,1077.0000,125.4400
2023-02-16T21:00:00+00:00,SHEL.L,SELL,491.0000,217.1900
2023-02-16T21:00:00+00:00,SLX.AX,SELL,301.0000,786.3500
2023-02-16T21:00:00+00:00,SMGB.L,SELL,1376.0000,134.9000
2023-02-16T21:00:00+00:00,VUL.AX,BUY,1125.0000,346.0100
2023-02-16T21:00:00+00:00,VYGR,BUY,1656.0000,339.9800
2023-02-16T21:00:00+00:00,WBT.AX,SELL,1341.0000,496.5100
2023-03-17T21:00:00+00:00,AL3.AX,BUY,328.0000,169.5500
2023-03-17T21:00:00+00:00,ALCLS.PA,BUY,2151.0000,205.4800
2023-03-17T21:00:00+00:00,ALMDT.PA,SELL,733.0000,656.6800
2023-03-17T21:00:00+00:00,AXE.AX,BUY,1933.0000,266.0500
2023-03-17T21:00:00+00:00,AZN.L,SELL,547.0000,166.7000
2023-03-17T21:00:00+00:00,BGO.L,SELL,493.0000,414.0400
2023-03-17T21:00:00+00:00,BRK-B,SELL,284.0000,147.2000
2023-03-17T21:00:00+00:00,BRNT.L,BUY,766.0000,227.0600
2023-03-17T21:00:00+00:00,DBMG.L,BUY,600.0000,136.8100
2023-03-17T21:00:00+00:00,EDIT,BUY,280.0000,898.1200
2023-03-17T21:00:00+00:00,EMV.AX,BUY,1339.0000,124.3300
2023-03-17T21:00:00+00:00,FTC.L,BUY,894.0000,164.4300
2023-03-17T21:00:00+00:00,GSIT,BUY,979.0000,103.4500
2023-03-17T21:00:00+00:00,HSBA.L,BUY,454.0000,162.0400
2023-03-17T21:00:00+00:00,HYT.AX,BUY,964.0000,336.6600
2023-03-17T21:00:00+00:00,IBTM.L,SELL,2088.0000,110.2800
2023-03-17T21:00:00+00:00,IDN,BUY,192.0000,163.9000
2023-03-17T21:00:00+00:00,IITU.L,SELL,1189.0000,130.6000
2023-03-17T21:00:00+00:00,IPWR,BUY,563.0000,448.6700
2023-03-17T21:00:00+00:00,ISF.L,BUY,159.0000,123.8500
2023-03-17T21:00:00+00:00,LTBR,BUY,1538.0000,179.9400
2023-03-17T21:00:00+00:00,MOLN.SW,BUY,74.0000,190.4200
2023-03-17T21:00:00+00:00,MSCL.TO,BUY,755.0000,176.9000
2023-03-17T21:00:00+00:00,PLTR,BUY,2528.0000,128.9300
2023-03-17T21:00:00+00:00,PRQR,SELL,834.0000,589.8800
2023-03-17T21:00:00+00:00,QSI,BUY,729.0000,286.1400
2023-03-17T21:00:00+00:00,RR.L,SELL,3745.0000,211.8100
2023-03-17T21:00:00+00:00,SEYE.ST,SELL,603.0000,159.2900
2023-03-17T21:00:00+00:00,SGLN.L,SELL,2408.0000,131.9400
2023-03-17T21:00:00+00:00,SHEL.L,BUY,1064.0000,185.8400
2023-03-17T21:00:00+00:00,SLX.AX,BUY,1245.0000,533.3200
2023-03-17T21:00:00+00:00,SMGB.L,SELL,1431.0000,135.5400
2023-03-17T21:00:00+00:00,VUL.AX,BUY,37.0000,320.5400
2023-03-17T21:00:00+00:00,VYGR,SELL,939.0000,360.2800
2023-03-17T21:00:00+00:00,WBT.AX,SELL,1500.0000,645.0200
2023-04-19T21:00:00+00:00,AL3.AX,SELL,724.0000,180.5800
2023-04-19T21:00:00+00:00,ALCLS.PA,SELL,185.0000,211.1400
2023-04-19T21:00:00+00:00,ALMDT.PA,BUY,139.0000,640.3200
2023-04-19T21:00:00+00:00,AXE.AX,BUY,1397.0000,233.6200
2023-04-19T21:00:00+00:00,AZN.L,SELL,1288.0000,184.8600
2023-04-19T21:00:00+00:00,BGO.L,BUY,972.0000,359.6500
2023-04-19T21:00:00+00:00,BRK-B,SELL,950.0000,157.9300
2023-04-19T21:00:00+00:00,BRNT.L,SELL,971.0000,252.4400
2023-04-19T21:00:00+00:00,DBMG.L,BUY,162.0000,137.1500
2023-04-19T21:00:00+00:00,EDIT,BUY,200.0000,846.0700
2023-04-19T21:00:00+00:00,EMV.AX,SELL,2451.0000,143.6700
2023-04-19T21:00:00+00:00,FTC.L,BUY,812.0000,157.7200
2023-04-19T21:00:00+00:00,GSIT,SELL,4698.0000,130.6000
2023-04-19T21:00:00+00:00,HSBA.L,SELL,659.0000,171.4000
2023-04-19T21:00:00+00:00,HYT.AX,BUY,194.0000,331.6800
2023-04-19T21:00:00+00:00,IBTM.L,BUY,981.0000,106.8300
2023-04-19T21:00:00+00:00,IDN,BUY,700.0000,158.3600
2023-04-19T21:00:00+00:00,IITU.L,SELL,191.0000,133.4700
2023-04-19T21:00:00+00:00,IPWR,BUY,533.0000,413.4500
2023-04-19T21:00:00+00:00,ISF.L,SELL,1223.0000,133.5500
2023-04-19T21:00:00+00:00,LTBR,BUY,119.0000,180.4300
2023-04-19T21:00:00+00:00,MOLN.SW,SELL,505.0000,200.5000
2023-04-19T21:00:00+00:00,MSCL.TO,SELL,3892.0000,249.0800
2023-04-19T21:00:00+00:00,PLTR,SELL,696.0000,135.3900
2023-04-19T21:00:00+00:00,PRQR,BUY,2126.0000,394.4900
2023-04-19T21:00:00+00:00,QSI,BUY,1418.0000,248.2600
2023-04-19T21:00:00+00:00,RR.L,SELL,998.0000,234.5300
2023-04-19T21:00:00+00:00,SEYE.ST,SELL,864.0000,170.7300
2023-04-19T21:00:00+00:00,SGLN.L,BUY,286.0000,131.4400
2023-04-19T21:00:00+00:00,SHEL.L,SELL,1167.0000,206.2800
2023-04-19T21:00:00+00:00,SLX.AX,BUY,43.0000,534.4800
2023-04-19T21:00:00+00:00,SMGB.L,BUY,811.0000,131.2100
2023-04-19T21:00:00+00:00,VUL.AX,BUY,324.0000,311.0500
2023-04-19T21:00:00+00:00,VYGR,BUY,265.0000,350.7100
2023-04-19T21:00:00+00:00,WBT.AX,BUY,1464.0000,470.7200
2023-05-22T21:00:00+00:00,AL3.AX,BUY,3813.0000,153.5200
2023-05-22T21:00:00+00:00,ALCLS.PA,BUY,2787.0000,185.3700
2023-05-22T21:00:00+00:00,ALMDT.PA,BUY,2649.0000,412.8300
2023-05-22T21:00:00+00:00,AXE.AX,BUY,1530.0000,221.8400
2023-05-22T21:00:00+00:00,AZN.L,BUY,1108.0000,185.5400
2023-05-22T21:00:00+00:00,BGO.L,BUY,597.0000,359.6500
2023-05-22T21:00:00+00:00,BRK-B,BUY,1095.0000,160.4200
2023-05-22T21:00:00+00:00,BRNT.L,BUY,1877.0000,230.2500
2023-05-22T21:00:00+00:00,DBMG.L,BUY,1481.0000,137.7400
2023-05-22T21:00:00+00:00,EDIT,SELL,249.0000,1005.3000
2023-05-22T21:00:00+00:00,EMV.AX,BUY,1646.0000,142.5100
2023-05-22T21:00:00+00:00,FTC.L,SELL,278.0000,174.5000
2023-05-22T21:00:00+00:00,GSIT,SELL,12120.0000,394.0700
2023-05-22T21:00:00+00:00,HSBA.L,SELL,52.0000,186.9500
2023-05-22T21:00:00+00:00,HYT.AX,SELL,879.0000,408.6500
2023-05-22T21:00:00+00:00,IBTM.L,BUY,2059.0000,106.6200
2023-05-22T21:00:00+00:00,IDN,BUY,627.0000,165.4600
2023-05-22T21:00:00+00:00,IITU.L,BUY,426.0000,141.8000
2023-05-22T21:00:00+00:00,IPWR,BUY,557.0000,411.0800
2023-05-22T21:00:00+00:00,ISF.L,BUY,1813.0000,132.2000
2023-05-22T21:00:00+00:00,LTBR,SELL,1215.0000,215.1600
2023-05-22T21:00:00+00:00,MOLN.SW,BUY,644.0000,207.0900
2023-05-22T21:00:00+00:00,MSCL.TO,SELL,133.0000,274.3600
2023-05-22T21:00:00+00:00,PLTR,SELL,3992.0000,188.2700
2023-05-22T21:00:00+00:00,PRQR,BUY,1708.0000,336.9200
2023-05-22T21:00:00+00:00,QSI,SELL,407.0000,281.3000
2023-05-22T21:00:00+00:00,RR.L,BUY,773.0000,237.4700
2023-05-22T21:00:00+00:00,SEYE.ST,BUY,5142.0000,136.9500
2023-05-22T21:00:00+00:00,SGLN.L,BUY,1833.0000,130.1700
2023-05-22T21:00:00+00:00,SHEL.L,BUY,1254.0000,202.9600
2023-05-22T21:00:00+00:00,SLX.AX,SELL,146.0000,599.7300
2023-05-22T21:00:00+00:00,SMGB.L,BUY,334.0000,140.1100
2023-05-22T21:00:00+00:00,VUL.AX,BUY,4365.0000,218.2500
2023-05-22T21:00:00+00:00,VYGR,SELL,2663.0000,612.3200
2023-05-22T21:00:00+00:00,WBT.AX,BUY,677.0000,453.1900
2023-06-21T21:00:00+00:00,AL3.AX,BUY,4981.0000,121.8000
2023-06-21T21:00:00+00:00,ALCLS.PA,SELL,563.0000,196.5300
2023-06-21T21:00:00+00:00,ALMDT.PA,SELL,1081.0000,504.4300
2023-06-21T21:00:00+00:00,AXE.AX,SELL,5312.0000,402.4900
2023-06-21T21:00:00+00:00,AZN.L,BUY,850.0000,178.6000
2023-06-21T21:00:00+00:00,BGO.L,BUY,637.0000,337.7200
2023-06-21T21:00:00+00:00,BRK-B,BUY,246.0000,161.1100
2023-06-21T21:00:00+00:00,BRNT.L,BUY,252.0000,229.6900
2023-06-21T21:00:00+00:00,DBMG.L,BUY,515.0000,136.7600
2023-06-21T21:00:00+00:00,EDIT,BUY,681.0000,816.4200
2023-06-21T21:00:00+00:00,EMV.AX,BUY,4917.0000,115.2000
2023-06-21T21:00:00+00:00,FTC.L,SELL,828.0000,187.9200
2023-06-21T21:00:00+00:00,GSIT,SELL,1269.0000,493.3600
2023-06-21T21:00:00+00:00,HSBA.L,BUY,252.0000,187.2300
2023-06-21T21:00:00+00:00,HYT.AX,BUY,1840.0000,325.4000
2023-06-21T21:00:00+00:00,IBTM.L,BUY,1221.0000,103.6300
2023-06-21T21:00:00+00:00,IDN,SELL,342.0000,172.2400
2023-06-21T21:00:00+00:00,IITU.L,SELL,745.0000,150.4100
2023-06-21T21:00:00+00:00,IPWR,BUY,15.0000,417.9200
2023-06-21T21:00:00+00:00,ISF.L,BUY,923.0000,128.8700
2023-06-21T21:00:00+00:00,LTBR,SELL,1625.0000,252.0400
2023-06-21T21:00:00+00:00,MOLN.SW,BUY,937.0000,196.8300
2023-06-21T21:00:00+00:00,MSCL.TO,BUY,2235.0000,227.6500
2023-06-21T21:00:00+00:00,PLTR,SELL,2224.0000,227.2400
2023-06-21T21:00:00+00:00,PRQR,BUY,1113.0000,301.3300
2023-06-21T21:00:00+00:00,QSI,BUY,2161.0000,233.8000
2023-06-21T21:00:00+00:00,RR.L,BUY,197.0000,237.8500
2023-06-21T21:00:00+00:00,SEYE.ST,BUY,2730.0000,122.5200
2023-06-21T21:00:00+00:00,SGLN.L,BUY,1376.0000,124.3600
2023-06-21T21:00:00+00:00,SHEL.L,BUY,432.0000,200.2900
2023-06-21T21:00:00+00:00,SLX.AX,BUY,29.0000,607.3200
2023-06-21T21:00:00+00:00,SMGB.L,SELL,1239.0000,152.6400
2023-06-21T21:00:00+00:00,VUL.AX,BUY,632.0000,211.5500
2023-06-21T21:00:00+00:00,VYGR,BUY,632.0000,545.5000
2023-06-21T21:00:00+00:00,WBT.AX,SELL,1584.0000,630.0400
2023-07-20T21:00:00+00:00,AL3.AX,BUY,82.0000,124.2000
2023-07-20T21:00:00+00:00,ALCLS.PA,SELL,2572.0000,246.6300
2023-07-20T21:00:00+00:00,ALMDT.PA,BUY,1029.0000,434.0300
2023-07-20T21:00:00+00:00,AXE.AX,BUY,1833.0000,324.5200
2023-07-20T21:00:00+00:00,AZN.L,BUY,1665.0000,164.8800
2023-07-20T21:00:00+00:00,BGO.L,BUY,892.0000,311.4000
2023-07-20T21:00:00+00:00,BRK-B,BUY,229.0000,162.6900
2023-07-20T21:00:00+00:00,BRNT.L,BUY,34.0000,234.3900
2023-07-20T21:00:00+00:00,DBMG.L,BUY,628.0000,135.7100
2023-07-20T21:00:00+00:00,EDIT,SELL,172.0000,880.7300
2023-07-20T21:00:00+00:00,EMV.AX,BUY,3408.0000,103.1200
2023-07-20T21:00:00+00:00,FTC.L,SELL,1102.0000,208.0500
2023-07-20T21:00:00+00:00,GSIT,BUY,3008.0000,327.5000
2023-07-20T21:00:00+00:00,HSBA.L,SELL,170.0000,193.8600
2023-07-20T21:00:00+00:00,HYT.AX,SELL,2581.0000,480.2600
2023-07-20T21:00:00+00:00,IBTM.L,BUY,945.0000,102.4000
2023-07-20T21:00:00+00:00,IDN,BUY,468.0000,171.2400
2023-07-20T21:00:00+00:00,IITU.L,SELL,384.0000,157.2500
2023-07-20T21:00:00+00:00,IPWR,SELL,490.0000,462.2900
2023-07-20T21:00:00+00:00,ISF.L,BUY,223.0000,130.5200
2023-07-20T21:00:00+00:00,LTBR,BUY,96.0000,255.6900
2023-07-20T21:00:00+00:00,MOLN.SW,BUY,632.0000,192.6900
2023-07-20T21:00:00+00:00,MSCL.TO,BUY,2368.0000,194.6900
2023-07-20T21:00:00+00:00,PLTR,SELL,1367.0000,262.3100
2023-07-20T21:00:00+00:00,PRQR,BUY,792.0000,283.6800
2023-07-20T21:00:00+00:00,QSI,SELL,5931.0000,484.5100
2023-07-20T21:00:00+00:00,RR.L,BUY,511.0000,233.0900
2023-07-20T21:00:00+00:00,SEYE.ST,SELL,1267.0000,132.9200
2023-07-20T21:00:00+00:00,SGLN.L,BUY,274.0000,125.7100
2023-07-20T21:00:00+00:00,SHEL.L,BUY,134.0000,203.0000
2023-07-20T21:00:00+00:00,SLX.AX,BUY,674.0000,540.7200
2023-07-20T21:00:00+00:00,SMGB.L,BUY,50.0000,155.7800
2023-07-20T21:00:00+00:00,VUL.AX,SELL,1128.0000,237.1600
2023-07-20T21:00:00+00:00,VYGR,BUY,2279.0000,384.0300
2023-07-20T21:00:00+00:00,WBT.AX,BUY,1401.0000,487.6600
2023-08-18T21:00:00+00:00,AL3.AX,SELL,5894.0000,159.0300
2023-08-18T21:00:00+00:00,ALCLS.PA,BUY,2724.0000,188.2500
2023-08-18T21:00:00+00:00,ALMDT.PA,SELL,254.0000,427.4500
2023-08-18T21:00:00+00:00,AXE.AX,BUY,1305.0000,266.7400
2023-08-18T21:00:00+00:00,AZN.L,SELL,962.0000,165.3500
2023-08-18T21:00:00+00:00,BGO.L,SELL,940.0000,328.9500
2023-08-18T21:00:00+00:00,BRK-B,SELL,1438.0000,167.9400
2023-08-18T21:00:00+00:00,BRNT.L,SELL,1557.0000,254.9500
2023-08-18T21:00:00+00:00,DBMG.L,SELL,1669.0000,139.6800
2023-08-18T21:00:00+00:00,EDIT,SELL,178.0000,882.6200
2023-08-18T21:00:00+00:00,EMV.AX,SELL,4836.0000,118.6700
2023-08-18T21:00:00+00:00,FTC.L,SELL,1125.0000,214.7700
2023-08-18T21:00:00+00:00,GSIT,BUY,2770.0000,234.1100
2023-08-18T21:00:00+00:00,HSBA.L,BUY,349.0000,179.1000
2023-08-18T21:00:00+00:00,HYT.AX,BUY,735.0000,403.5500
2023-08-18T21:00:00+00:00,IBTM.L,SELL,1057.0000,100.7700
2023-08-18T21:00:00+00:00,IDN,SELL,747.0000,169.7600
2023-08-18T21:00:00+00:00,IITU.L,BUY,356.0000,145.8600
2023-08-18T21:00:00+00:00,IPWR,BUY,400.0000,410.2800
2023-08-18T21:00:00+00:00,ISF.L,SELL,243.0000,124.9000
2023-08-18T21:00:00+00:00,LTBR,BUY,1438.0000,213.8600
2023-08-18T21:00:00+00:00,MOLN.SW,BUY,283.0000,178.8300
2023-08-18T21:00:00+00:00,MSCL.TO,BUY,1186.0000,170.1800
2023-08-18T21:00:00+00:00,PLTR,BUY,1165.0000,223.7800
2023-08-18T21:00:00+00:00,PRQR,BUY,44.0000,267.2100
2023-08-18T21:00:00+00:00,QSI,BUY,2785.0000,309.4800
2023-08-18T21:00:00+00:00,RR.L,SELL,3295.0000,303.7400
2023-08-18T21:00:00+00:00,SEYE.ST,SELL,563.0000,129.2100
2023-08-18T21:00:00+00:00,SGLN.L,SELL,531.0000,121.8400
2023-08-18T21:00:00+00:00,SHEL.L,SELL,689.0000,202.1400
2023-08-18T21:00:00+00:00,SLX.AX,BUY,832.0000,440.8800
2023-08-18T21:00:00+00:00,SMGB.L,BUY,117.0000,146.4300
2023-08-18T21:00:00+00:00,VUL.AX,BUY,4478.0000,162.7500
2023-08-18T21:00:00+00:00,VYGR,SELL,707.0000,402.2700
2023-08-18T21:00:00+00:00,WBT.AX,BUY,861.0000,401.3000
2023-09-19T21:00:00+00:00,AL3.AX,SELL,1580.0000,179.7300
2023-09-19T21:00:00+00:00,ALCLS.PA,BUY,1660.0000,172.3000
2023-09-19T21:00:00+00:00,ALMDT.PA,BUY,949.0000,379.3300
2023-09-19T21:00:00+00:00,AXE.AX,BUY,849.0000,251.4400
2023-09-19T21:00:00+00:00,AZN.L,BUY,436.0000,164.7000
2023-09-19T21:00:00+00:00,BGO.L,BUY,57.0000,334.2100
2023-09-19T21:00:00+00:00,BRK-B,SELL,859.0000,181.7000
2023-09-19T21:00:00+00:00,BRNT.L,SELL,1202.0000,294.9100
2023-09-19T21:00:00+00:00,DBMG.L,SELL,492.0000,146.7100
2023-09-19T21:00:00+00:00,EDIT,BUY,232.0000,838.4300
2023-09-19T21:00:00+00:00,EMV.AX,SELL,4175.0000,149.3000
2023-09-19T21:00:00+00:00,FTC.L,BUY,168.0000,216.7800
2023-09-19T21:00:00+00:00,GSIT,BUY,2405.0000,197.5900
2023-09-19T21:00:00+00:00,HSBA.L,SELL,783.0000,193.4600
2023-09-19T21:00:00+00:00,HYT.AX,BUY,251.0000,397.7200
2023-09-19T21:00:00+00:00,IBTM.L,BUY,6.0000,103.0800
2023-09-19T21:00:00+00:00,IDN,BUY,279.0000,170.6400
2023-09-19T21:00:00+00:00,IITU.L,SELL,566.0000,154.0300
2023-09-19T21:00:00+00:00,IPWR,BUY,46.0000,416.8300
2023-09-19T21:00:00+00:00,ISF.L,SELL,668.0000,131.9400
2023-09-19T21:00:00+00:00,LTBR,BUY,1266.0000,198.5400
2023-09-19T21:00:00+00:00,MOLN.SW,BUY,5143.0000,135.8600
2023-09-19T21:00:00+00:00,MSCL.TO,SELL,2223.0000,203.0700
2023-09-19T21:00:00+00:00,PLTR,SELL,657.0000,242.4000
2023-09-19T21:00:00+00:00,PRQR,BUY,1.0000,273.3400
2023-09-19T21:00:00+00:00,QSI,SELL,582.0000,339.6700
2023-09-19T21:00:00+00:00,RR.L,SELL,779.0000,341.1800
2023-09-19T21:00:00+00:00,SEYE.ST,SELL,2655.0000,151.8300
2023-09-19T21:00:00+00:00,SGLN.L,SELL,559.0000,127.9400
2023-09-19T21:00:00+00:00,SHEL.L,SELL,996.0000,223.8100
2023-09-19T21:00:00+00:00,SLX.AX,SELL,812.0000,521.4100
2023-09-19T21:00:00+00:00,SMGB.L,SELL,184.0000,151.3600
2023-09-19T21:00:00+00:00,VUL.AX,BUY,212.0000,164.3700
2023-09-19T21:00:00+00:00,VYGR,BUY,994.0000,357.6700
2023-09-19T21:00:00+00:00,WBT.AX,BUY,3035.0000,281.4100
2023-10-18T21:00:00+00:00,AL3.AX,BUY,485.0000,163.1600
2023-10-18T21:00:00+00:00,ALCLS.PA,BUY,3508.0000,132.0400
2023-10-18T21:00:00+00:00,ALMDT.PA,SELL,710.0000,394.5900
2023-10-18T21:00:00+00:00,AXE.AX,BUY,641.0000,222.4000
2023-10-18T21:00:00+00:00,AZN.L,SELL,1033.0000,164.6400
2023-10-18T21:00:00+00:00,BGO.L,BUY,282.0000,302.6300
2023-10-18T21:00:00+00:00,BRK-B,BUY,22.0000,170.0000
2023-10-18T21:00:00+00:00,BRNT.L,SELL,521.0000,292.9000
2023-10-18T21:00:00+00:00,DBMG.L,SELL,1823.0000,152.4900
2023-10-18T21:00:00+00:00,EDIT,BUY,374.0000,704.2300
2023-10-18T21:00:00+00:00,EMV.AX,BUY,427.0000,136.6800
2023-10-18T21:00:00+00:00,FTC.L,SELL,679.0000,214.7700
2023-10-18T21:00:00+00:00,GSIT,BUY,1360.0000,168.4600
2023-10-18T21:00:00+00:00,HSBA.L,SELL,1280.0000,199.4700
2023-10-18T21:00:00+00:00,HYT.AX,BUY,247.0000,359.6100
2023-10-18T21:00:00+00:00,IBTM.L,SELL,1234.0000,101.3300
2023-10-18T21:00:00+00:00,IDN,BUY,2564.0000,137.6900
2023-10-18T21:00:00+00:00,IITU.L,SELL,1423.0000,157.0000
2023-10-18T21:00:00+00:00,IPWR,BUY,417.0000,367.0700
2023-10-18T21:00:00+00:00,ISF.L,SELL,1164.0000,131.0400
2023-10-18T21:00:00+00:00,LTBR,SELL,2768.0000,233.2600
2023-10-18T21:00:00+00:00,MOLN.SW,BUY,353.0000,125.0900
2023-10-18T21:00:00+00:00,MSCL.TO,BUY,663.0000,181.2800
2023-10-18T21:00:00+00:00,PLTR,SELL,2110.0000,279.8400
2023-10-18T21:00:00+00:00,PRQR,BUY,665.0000,240.0400
2023-10-18T21:00:00+00:00,QSI,BUY,3996.0000,212.1700
2023-10-18T21:00:00+00:00,RR.L,BUY,151.0000,313.7100
2023-10-18T21:00:00+00:00,SEYE.ST,BUY,302.0000,139.9000
2023-10-18T21:00:00+00:00,SGLN.L,SELL,1829.0000,131.1900
2023-10-18T21:00:00+00:00,SHEL.L,SELL,1418.0000,237.4700
2023-10-18T21:00:00+00:00,SLX.AX,BUY,469.0000,448.1700
2023-10-18T21:00:00+00:00,SMGB.L,SELL,1494.0000,154.7100
2023-10-18T21:00:00+00:00,VUL.AX,BUY,2305.0000,135.1500
2023-10-18T21:00:00+00:00,VYGR,BUY,220.0000,325.6900
2023-10-18T21:00:00+00:00,WBT.AX,BUY,449.0000,251.9400
2023-11-16T21:00:00+00:00,AL3.AX,SELL,942.0000,185.5400
2023-11-16T21:00:00+00:00,ALCLS.PA,SELL,9414.0000,275.9600
2023-11-16T21:00:00+00:00,ALMDT.PA,BUY,1039.0000,363.0500
2023-11-16T21:00:00+00:00,AXE.AX,BUY,741.0000,223.1500
2023-11-16T21:00:00+00:00,AZN.L,BUY,1781.0000,157.7200
2023-11-16T21:00:00+00:00,BGO.L,BUY,575.0000,302.6300
2023-11-16T21:00:00+00:00,BRK-B,BUY,484.0000,175.9400
2023-11-16T21:00:00+00:00,BRNT.L,BUY,2132.0000,251.2500
2023-11-16T21:00:00+00:00,DBMG.L,BUY,2467.0000,141.9300
2023-11-16T21:00:00+00:00,EDIT,SELL,653.0000,918.4600
2023-11-16T21:00:00+00:00,EMV.AX,BUY,345.0000,143.3700
2023-11-16T21:00:00+00:00,FTC.L,BUY,810.0000,214.7700
2023-11-16T21:00:00+00:00,GSIT,BUY,1700.0000,161.7700
2023-11-16T21:00:00+00:00,HSBA.L,BUY,1612.0000,189.2000
2023-11-16T21:00:00+00:00,HYT.AX,SELL,294.0000,400.9100
2023-11-16T21:00:00+00:00,IBTM.L,BUY,1367.0000,102.6700
2023-11-16T21:00:00+00:00,IDN,BUY,4334.0000,119.1500
2023-11-16T21:00:00+00:00,IITU.L,BUY,132.0000,166.3800
2023-11-16T21:00:00+00:00,IPWR,BUY,1196.0000,334.4200
2023-11-16T21:00:00+00:00,ISF.L,BUY,1759.0000,128.3700
2023-11-16T21:00:00+00:00,LTBR,BUY,3889.0000,183.6900
2023-11-16T21:00:00+00:00,MOLN.SW,SELL,1116.0000,141.4100
2023-11-16T21:00:00+00:00,MSCL.TO,SELL,989.0000,208.3700
2023-11-16T21:00:00+00:00,PLTR,SELL,471.0000,315.3400
2023-11-16T21:00:00+00:00,PRQR,BUY,220.0000,251.2600
2023-11-16T21:00:00+00:00,QSI,SELL,1355.0000,255.5700
2023-11-16T21:00:00+00:00,RR.L,SELL,745.0000,369.1100
2023-11-16T21:00:00+00:00,SEYE.ST,SELL,4117.0000,193.2300
2023-11-16T21:00:00+00:00,SGLN.L,BUY,1361.0000,130.9700
2023-11-16T21:00:00+00:00,SHEL.L,BUY,1577.0000,221.1400
2023-11-16T21:00:00+00:00,SLX.AX,SELL,217.0000,497.8500
2023-11-16T21:00:00+00:00,SMGB.L,SELL,139.0000,166.7000
2023-11-16T21:00:00+00:00,VUL.AX,BUY,849.0000,138.1600
2023-11-16T21:00:00+00:00,VYGR,BUY,1545.0000,290.4800
2023-11-16T21:00:00+00:00,WBT.AX,SELL,1434.0000,313.7500
2023-12-15T21:00:00+00:00,AL3.AX,SELL,783.0000,207.6300
2023-12-15T21:00:00+00:00,ALCLS.PA,SELL,471.0000,306.9700
2023-12-15T21:00:00+00:00,ALMDT.PA,BUY,245.0000,372.3500
2023-12-15T21:00:00+00:00,AXE.AX,BUY,1922.0000,204.1300
2023-12-15T21:00:00+00:00,AZN.L,BUY,984.0000,158.0300
2023-12-15T21:00:00+00:00,BGO.L,SELL,672.0000,346.4900
2023-12-15T21:00:00+00:00,BRK-B,BUY,1532.0000,169.5400
2023-12-15T21:00:00+00:00,BRNT.L,BUY,1111.0000,241.3400
2023-12-15T21:00:00+00:00,DBMG.L,BUY,2423.0000,133.4400
2023-12-15T21:00:00+00:00,EDIT,SELL,371.0000,1112.1200
2023-12-15T21:00:00+00:00,EMV.AX,BUY,2566.0000,133.7500
2023-12-15T21:00:00+00:00,FTC.L,SELL,1795.0000,265.1000
2023-12-15T21:00:00+00:00,GSIT,SELL,785.0000,179.7400
2023-12-15T21:00:00+00:00,HSBA.L,BUY,845.0000,189.2600
2023-12-15T21:00:00+00:00,HYT.AX,SELL,543.0000,461.6400
2023-12-15T21:00:00+00:00,IBTM.L,BUY,935.0000,105.0400
2023-12-15T21:00:00+00:00,IDN,SELL,1848.0000,137.3300
2023-12-15T21:00:00+00:00,IITU.L,BUY,499.0000,171.0100
2023-12-15T21:00:00+00:00,IPWR,BUY,1464.0000,300.1400
2023-12-15T21:00:00+00:00,ISF.L,BUY,703.0000,131.6000
2023-12-15T21:00:00+00:00,LTBR,BUY,4048.0000,152.7600
2023-12-15T21:00:00+00:00,MOLN.SW,BUY,1761.0000,137.2100
2023-12-15T21:00:00+00:00,MSCL.TO,BUY,306.0000,215.6500
2023-12-15T21:00:00+00:00,PLTR,BUY,1576.0000,282.3700
2023-12-15T21:00:00+00:00,PRQR,SELL,3037.0000,370.0300
2023-12-15T21:00:00+00:00,QSI,BUY,163.0000,266.6200
2023-12-15T21:00:00+00:00,RR.L,SELL,790.0000,437.9500
2023-12-15T21:00:00+00:00,SEYE.ST,SELL,654.0000,214.6500
2023-12-15T21:00:00+00:00,SGLN.L,BUY,1156.0000,131.4000
2023-12-15T21:00:00+00:00,SHEL.L,BUY,1001.0000,216.6000
2023-12-15T21:00:00+00:00,SLX.AX,SELL,725.0000,608.1400
2023-12-15T21:00:00+00:00,SMGB.L,SELL,390.0000,180.9000
2023-12-15T21:00:00+00:00,VUL.AX,BUY,2618.0000,129.1500
2023-12-15T21:00:00+00:00,VYGR,SELL,993.0000,344.2300
2023-12-15T21:00:00+00:00,WBT.AX,SELL,940.0000,372.7500
2024-01-18T21:00:00+00:00,AL3.AX,BUY,1574.0000,178.6000
2024-01-18T21:00:00+00:00,ALCLS.PA,BUY,1129.0000,262.4400
2024-01-18T21:00:00+00:00,ALMDT.PA,BUY,407.0000,338.8000
2024-01-18T21:00:00+00:00,AXE.AX,BUY,1052.0000,181.9600
2024-01-18T21:00:00+00:00,AZN.L,SELL,1179.0000,161.8500
2024-01-18T21:00:00+00:00,BGO.L,BUY,6243.0000,189.4700
2024-01-18T21:00:00+00:00,BRK-B,SELL,1098.0000,173.6200
2024-01-18T21:00:00+00:00,BRNT.L,SELL,866.0000,249.2600
2024-01-18T21:00:00+00:00,DBMG.L,SELL,1413.0000,136.7800
2024-01-18T21:00:00+00:00,EDIT,BUY,704.0000,837.5000
2024-01-18T21:00:00+00:00,EMV.AX,SELL,6049.0000,178.2200
2024-01-18T21:00:00+00:00,FTC.L,SELL,1729.0000,302.0100
2024-01-18T21:00:00+00:00,GSIT,BUY,4263.0000,135.9700
2024-01-18T21:00:00+00:00,HSBA.L,SELL,159.0000,183.2000
2024-01-18T21:00:00+00:00,HYT.AX,BUY,408.0000,414.9900
2024-01-18T21:00:00+00:00,IBTM.L,SELL,908.0000,104.0600
2024-01-18T21:00:00+00:00,IDN,BUY,1243.0000,124.1800
2024-01-18T21:00:00+00:00,IITU.L,SELL,1124.0000,175.5300
2024-01-18T21:00:00+00:00,IPWR,SELL,80.0000,289.9100
2024-01-18T21:00:00+00:00,ISF.L,SELL,605.0000,129.6400
2024-01-18T21:00:00+00:00,LTBR,BUY,986.0000,139.0500
2024-01-18T21:00:00+00:00,MOLN.SW,SELL,2067.0000,145.7900
2024-01-18T21:00:00+00:00,MSCL.TO,SELL,567.0000,215.7300
2024-01-18T21:00:00+00:00,PLTR,BUY,562.0000,256.3400
2024-01-18T21:00:00+00:00,PRQR,SELL,278.0000,367.5900
2024-01-18T21:00:00+00:00,QSI,BUY,389.0000,246.4900
2024-01-18T21:00:00+00:00,RR.L,SELL,614.0000,462.7100
2024-01-18T21:00:00+00:00,SEYE.ST,SELL,2167.0000,245.2500
2024-01-18T21:00:00+00:00,SGLN.L,SELL,739.0000,130.2600
2024-01-18T21:00:00+00:00,SHEL.L,BUY,132.0000,205.4300
2024-01-18T21:00:00+00:00,SLX.AX,SELL,816.0000,703.8200
2024-01-18T21:00:00+00:00,SMGB.L,SELL,1028.0000,185.2400
2024-01-18T21:00:00+00:00,VUL.AX,BUY,3712.0000,106.0400
2024-01-18T21:00:00+00:00,VYGR,BUY,353.0000,316.3700
2024-01-18T21:00:00+00:00,WBT.AX,BUY,1998.0000,283.6600
2024-02-16T21:00:00+00:00,AL3.AX,BUY,1429.0000,174.6900
2024-02-16T21:00:00+00:00,ALCLS.PA,BUY,21.0000,279.8900
2024-02-16T21:00:00+00:00,ALMDT.PA,BUY,457.0000,342.8400
2024-02-16T21:00:00+00:00,AXE.AX,SELL,118.0000,195.9800
2024-02-16T21:00:00+00:00,AZN.L,BUY,1780.0000,156.6000
2024-02-16T21:00:00+00:00,BGO.L,BUY,377.0000,197.3700
2024-02-16T21:00:00+00:00,BRK-B,SELL,824.0000,195.7100
2024-02-16T21:00:00+00:00,BRNT.L,BUY,17.0000,265.9800
2024-02-16T21:00:00+00:00,DBMG.L,BUY,768.0000,140.8100
2024-02-16T21:00:00+00:00,EDIT,BUY,213.0000,840.5900
2024-02-16T21:00:00+00:00,EMV.AX,BUY,629.0000,183.0200
2024-02-16T21:00:00+00:00,FTC.L,SELL,3352.0000,510.0700
2024-02-16T21:00:00+00:00,GSIT,SELL,2894.0000,169.5100
2024-02-16T21:00:00+00:00,HSBA.L,SELL,207.0000,198.5200
2024-02-16T21:00:00+00:00,HYT.AX,BUY,119.0000,435.7300
2024-02-16T21:00:00+00:00,IBTM.L,BUY,1962.0000,103.5400
2024-02-16T21:00:00+00:00,IDN,BUY,1381.0000,124.9400
2024-02-16T21:00:00+00:00,IITU.L,SELL,31.0000,187.9500
2024-02-16T21:00:00+00:00,IPWR,BUY,1542.0000,266.6000
2024-02-16T21:00:00+00:00,ISF.L,BUY,700.0000,134.1300
2024-02-16T21:00:00+00:00,LTBR,BUY,1792.0000,136.2800
2024-02-16T21:00:00+00:00,MOLN.SW,BUY,2101.0000,140.2300
2024-02-16T21:00:00+00:00,MSCL.TO,SELL,1142.0000,253.1700
2024-02-16T21:00:00+00:00,PLTR,SELL,3090.0000,384.3600
2024-02-16T21:00:00+00:00,PRQR,BUY,1160.0000,340.2000
2024-02-16T21:00:00+00:00,QSI,SELL,283.0000,270.2700
2024-02-16T21:00:00+00:00,RR.L,BUY,79.0000,488.0700
2024-02-16T21:00:00+00:00,SEYE.ST,BUY,1324.0000,234.4800
2024-02-16T21:00:00+00:00,SGLN.L,BUY,1388.0000,130.6400
2024-02-16T21:00:00+00:00,SHEL.L,BUY,67.0000,218.4400
2024-02-16T21:00:00+00:00,SLX.AX,BUY,356.0000,689.5300
2024-02-16T21:00:00+00:00,SMGB.L,SELL,781.0000,208.9400
2024-02-16T21:00:00+00:00,VUL.AX,BUY,2816.0000,102.2500
2024-02-16T21:00:00+00:00,VYGR,BUY,211.0000,330.1300
2024-02-16T21:00:00+00:00,WBT.AX,SELL,336.0000,314.0100
2024-03-18T21:00:00+00:00,AL3.AX,BUY,4282.0000,147.9900
2024-03-18T21:00:00+00:00,ALCLS.PA,BUY,1974.0000,250.3600
2024-03-18T21:00:00+00:00,ALMDT.PA,BUY,4382.0000,241.1900
2024-03-18T21:00:00+00:00,AXE.AX,SELL,1432.0000,230.1000
2024-03-18T21:00:00+00:00,AZN.L,BUY,490.0000,162.1300
2024-03-18T21:00:00+00:00,BGO.L,BUY,1591.0000,189.4700
2024-03-18T21:00:00+00:00,BRK-B,BUY,1009.0000,194.8300
2024-03-18T21:00:00+00:00,BRNT.L,BUY,263.0000,275.9700
2024-03-18T21:00:00+00:00,DBMG.L,BUY,732.0000,144.5200
2024-03-18T21:00:00+00:00,EDIT,BUY,467.0000,787.9800
2024-03-18T21:00:00+00:00,EMV.AX,SELL,2073.0000,223.1400
2024-03-18T21:00:00+00:00,FTC.L,BUY,526.0000,496.6400
2024-03-18T21:00:00+00:00,GSIT,SELL,3804.0000,230.5000
2024-03-18T21:00:00+00:00,HSBA.L,BUY,1199.0000,195.1100
2024-03-18T21:00:00+00:00,HYT.AX,BUY,1601.0000,374.2400
2024-03-18T21:00:00+00:00,IBTM.L,BUY,2042.0000,102.6200
2024-03-18T21:00:00+00:00,IDN,BUY,2436.0000,120.2900
2024-03-18T21:00:00+00:00,IITU.L,BUY,635.0000,191.8800
2024-03-18T21:00:00+00:00,IPWR,SELL,3855.0000,434.9400
2024-03-18T21:00:00+00:00,ISF.L,BUY,1191.0000,135.1500
2024-03-18T21:00:00+00:00,LTBR,BUY,209.0000,143.3800
2024-03-18T21:00:00+00:00,MOLN.SW,BUY,5491.0000,118.0900
2024-03-18T21:00:00+00:00,MSCL.TO,BUY,106.0000,266.5100
2024-03-18T21:00:00+00:00,PLTR,BUY,714.0000,373.5200
2024-03-18T21:00:00+00:00,PRQR,SELL,1321.0000,426.4500
2024-03-18T21:00:00+00:00,QSI,SELL,486.0000,300.5000
2024-03-18T21:00:00+00:00,RR.L,SELL,721.0000,588.7700
2024-03-18T21:00:00+00:00,SEYE.ST,SELL,2564.0000,312.9300
2024-03-18T21:00:00+00:00,SGLN.L,SELL,34.0000,138.9800
2024-03-18T21:00:00+00:00,SHEL.L,BUY,485.0000,223.9900
2024-03-18T21:00:00+00:00,SLX.AX,BUY,501.0000,655.6200
2024-03-18T21:00:00+00:00,SMGB.L,BUY,295.0000,217.4000
2024-03-18T21:00:00+00:00,VUL.AX,SELL,9043.0000,158.3000
2024-03-18T21:00:00+00:00,VYGR,SELL,968.0000,393.3400
2024-03-18T21:00:00+00:00,WBT.AX,BUY,1265.0000,293.9200
2024-04-18T21:00:00+00:00,AL3.AX,BUY,4270.0000,120.5800
2024-04-18T21:00:00+00:00,ALCLS.PA,SELL,622.0000,258.0200
2024-04-18T21:00:00+00:00,ALMDT.PA,SELL,2349.0000,288.4200
2024-04-18T21:00:00+00:00,AXE.AX,SELL,1729.0000,258.1600
2024-04-18T21:00:00+00:00,AZN.L,SELL,1480.0000,171.9600
2024-04-18T21:00:00+00:00,BGO.L,SELL,2429.0000,217.5400
2024-04-18T21:00:00+00:00,BRK-B,SELL,347.0000,195.0200
2024-04-18T21:00:00+00:00,BRNT.L,SELL,697.0000,287.9800
2024-04-18T21:00:00+00:00,DBMG.L,SELL,1921.0000,155.3100
2024-04-18T21:00:00+00:00,EDIT,BUY,1321.0000,579.1100
2024-04-18T21:00:00+00:00,EMV.AX,BUY,1145.0000,202.0400
2024-04-18T21:00:00+00:00,FTC.L,BUY,576.0000,445.6400
2024-04-18T21:00:00+00:00,GSIT,SELL,826.0000,240.3600
2024-04-18T21:00:00+00:00,HSBA.L,SELL,1358.0000,208.7500
2024-04-18T21:00:00+00:00,HYT.AX,SELL,613.0000,395.4600
2024-04-18T21:00:00+00:00,IBTM.L,SELL,715.0000,102.9100
2024-04-18T21:00:00+00:00,IDN,SELL,10083.0000,192.3500
2024-04-18T21:00:00+00:00,IITU.L,SELL,76.0000,188.7900
2024-04-18T21:00:00+00:00,IPWR,BUY,3506.0000,286.3800
2024-04-18T21:00:00+00:00,ISF.L,SELL,1003.0000,138.3500
2024-04-18T21:00:00+00:00,LTBR,BUY,4938.0000,114.5100
2024-04-18T21:00:00+00:00,MOLN.SW,BUY,131.0000,115.0800
2024-04-18T21:00:00+00:00,MSCL.TO,BUY,2493.0000,215.2900
2024-04-18T21:00:00+00:00,PLTR,BUY,738.0000,336.1900
2024-04-18T21:00:00+00:00,PRQR,BUY,1997.0000,328.2900
2024-04-18T21:00:00+00:00,QSI,BUY,2204.0000,242.8700
2024-04-18T21:00:00+00:00,RR.L,SELL,272.0000,607.6400
2024-04-18T21:00:00+00:00,SEYE.ST,BUY,2998.0000,235.7800
2024-04-18T21:00:00+00:00,SGLN.L,SELL,2954.0000,156.6600
2024-04-18T21:00:00+00:00,SHEL.L,SELL,1642.0000,248.5700
2024-04-18T21:00:00+00:00,SLX.AX,SELL,483.0000,714.3200
2024-04-18T21:00:00+00:00,SMGB.L,BUY,69.0000,211.8800
2024-04-18T21:00:00+00:00,VUL.AX,BUY,17.0000,154.8900
2024-04-18T21:00:00+00:00,VYGR,BUY,1220.0000,333.9900
2024-04-18T21:00:00+00:00,WBT.AX,BUY,1926.0000,243.7400
2024-05-20T21:00:00+00:00,AL3.AX,SELL,2537.0000,144.9200
2024-05-20T21:00:00+00:00,ALCLS.PA,SELL,438.0000,289.8500
2024-05-20T21:00:00+00:00,ALMDT.PA,BUY,498.0000,298.0700
2024-05-20T21:00:00+00:00,AXE.AX,BUY,3273.0000,218.9400
2024-05-20T21:00:00+00:00,AZN.L,SELL,424.0000,190.5800
2024-05-20T21:00:00+00:00,BGO.L,BUY,450.0000,228.0700
2024-05-20T21:00:00+00:00,BRK-B,BUY,1081.0000,197.4100
2024-05-20T21:00:00+00:00,BRNT.L,BUY,1349.0000,276.5100
2024-05-20T21:00:00+00:00,DBMG.L,BUY,1553.0000,155.7700
2024-05-20T21:00:00+00:00,EDIT,BUY,581.0000,564.5300
2024-05-20T21:00:00+00:00,EMV.AX,BUY,4677.0000,167.0700
2024-05-20T21:00:00+00:00,FTC.L,SELL,2618.0000,778.5200
2024-05-20T21:00:00+00:00,GSIT,BUY,4955.0000,187.2700
2024-05-20T21:00:00+00:00,HSBA.L,SELL,463.0000,233.2000
2024-05-20T21:00:00+00:00,HYT.AX,SELL,1659.0000,544.4500
2024-05-20T21:00:00+00:00,IBTM.L,BUY,2483.0000,102.7700
2024-05-20T21:00:00+00:00,IDN,BUY,1909.0000,185.8300
2024-05-20T21:00:00+00:00,IITU.L,BUY,342.0000,200.0400
2024-05-20T21:00:00+00:00,IPWR,BUY,477.0000,296.6200
2024-05-20T21:00:00+00:00,ISF.L,BUY,167.0000,148.5600
2024-05-20T21:00:00+00:00,LTBR,SELL,4040.0000,145.9100
2024-05-20T21:00:00+00:00,MOLN.SW,BUY,2937.0000,112.1400
2024-05-20T21:00:00+00:00,MSCL.TO,BUY,1918.0000,205.2700
2024-05-20T21:00:00+00:00,PLTR,BUY,718.0000,337.1400
2024-05-20T21:00:00+00:00,PRQR,BUY,648.0000,332.1400
2024-05-20T21:00:00+00:00,QSI,SELL,735.0000,279.0200
2024-05-20T21:00:00+00:00,RR.L,SELL,15.0000,659.4200
2024-05-20T21:00:00+00:00,SEYE.ST,SELL,1846.0000,297.3000
2024-05-20T21:00:00+00:00,SGLN.L,BUY,1682.0000,156.0700
2024-05-20T21:00:00+00:00,SHEL.L,BUY,1060.0000,247.6300
2024-05-20T21:00:00+00:00,SLX.AX,SELL,859.0000,966.4000
2024-05-20T21:00:00+00:00,SMGB.L,SELL,18.0000,229.5200
2024-05-20T21:00:00+00:00,VUL.AX,SELL,6373.0000,247.1900
2024-05-20T21:00:00+00:00,VYGR,SELL,126.0000,366.3600
2024-05-20T21:00:00+00:00,WBT.AX,BUY,5135.0000,187.2400
2024-06-19T21:00:00+00:00,AL3.AX,BUY,571.0000,146.2300
2024-06-19T21:00:00+00:00,ALCLS.PA,BUY,6323.0000,193.0600
2024-06-19T21:00:00+00:00,ALMDT.PA,BUY,2754.0000,247.0900
2024-06-19T21:00:00+00:00,AXE.AX,BUY,2389.0000,195.5800
2024-06-19T21:00:00+00:00,AZN.L,BUY,240.0000,194.4200
2024-06-19T21:00:00+00:00,BGO.L,SELL,676.0000,247.3700
2024-06-19T21:00:00+00:00,BRK-B,BUY,803.0000,194.8500
2024-06-19T21:00:00+00:00,BRNT.L,BUY,150.0000,282.4400
2024-06-19T21:00:00+00:00,DBMG.L,BUY,908.0000,154.5100
2024-06-19T21:00:00+00:00,EDIT,BUY,785.0000,515.0500
2024-06-19T21:00:00+00:00,EMV.AX,BUY,160.0000,171.4100
2024-06-19T21:00:00+00:00,FTC.L,SELL,736.0000,973.1500
2024-06-19T21:00:00+00:00,GSIT,BUY,1718.0000,176.5500
2024-06-19T21:00:00+00:00,HSBA.L,BUY,542.0000,232.3300
2024-06-19T21:00:00+00:00,HYT.AX,SELL,744.0000,641.4000
2024-06-19T21:00:00+00:00,IBTM.L,BUY,508.0000,104.6400
2024-06-19T21:00:00+00:00,IDN,SELL,1559.0000,210.5900
2024-06-19T21:00:00+00:00,IITU.L,SELL,1533.0000,227.9700
2024-06-19T21:00:00+00:00,IPWR,BUY,1326.0000,274.2500
2024-06-19T21:00:00+00:00,ISF.L,BUY,1330.0000,145.0000
2024-06-19T21:00:00+00:00,LTBR,BUY,7976.0000,111.7000
2024-06-19T21:00:00+00:00,MOLN.SW,SELL,17779.0000,290.8700
2024-06-19T21:00:00+00:00,MSCL.TO,SELL,1730.0000,237.7500
2024-06-19T21:00:00+00:00,PLTR,SELL,1311.0000,402.3300
2024-06-19T21:00:00+00:00,PRQR,BUY,1931.0000,287.8100
2024-06-19T21:00:00+00:00,QSI,BUY,4735.0000,206.3500
2024-06-19T21:00:00+00:00,RR.L,SELL,221.0000,713.3200
2024-06-19T21:00:00+00:00,SEYE.ST,SELL,508.0000,322.1500
2024-06-19T21:00:00+00:00,SGLN.L,BUY,1659.0000,149.7200
2024-06-19T21:00:00+00:00,SHEL.L,BUY,741.0000,242.6800
2024-06-19T21:00:00+00:00,SLX.AX,BUY,967.0000,779.5600
2024-06-19T21:00:00+00:00,SMGB.L,SELL,1388.0000,262.6000
2024-06-19T21:00:00+00:00,VUL.AX,BUY,2452.0000,216.1400
2024-06-19T21:00:00+00:00,VYGR,BUY,649.0000,353.5300
2024-06-19T21:00:00+00:00,WBT.AX,BUY,637.0000,186.9300
2024-07-18T21:00:00+00:00,AL3.AX,SELL,12920.0000,333.9600
2024-07-18T21:00:00+00:00,ALCLS.PA,SELL,610.0000,205.0300
2024-07-18T21:00:00+00:00,ALMDT.PA,BUY,7235.0000,166.5600
2024-07-18T21:00:00+00:00,AXE.AX,BUY,2673.0000,174.0400
2024-07-18T21:00:00+00:00,AZN.L,BUY,769.0000,191.0500
2024-07-18T21:00:00+00:00,BGO.L,SELL,38.0000,254.3900
2024-07-18T21:00:00+00:00,BRK-B,SELL,553.0000,206.3000
2024-07-18T21:00:00+00:00,BRNT.L,BUY,556.0000,276.9700
2024-07-18T21:00:00+00:00,DBMG.L,BUY,807.0000,152.8900
2024-07-18T21:00:00+00:00,EDIT,SELL,17.0000,529.4900
2024-07-18T21:00:00+00:00,EMV.AX,BUY,353.0000,172.7300
2024-07-18T21:00:00+00:00,FTC.L,SELL,42.0000,1010.0700
2024-07-18T21:00:00+00:00,GSIT,BUY,6.0000,181.0000
2024-07-18T21:00:00+00:00,HSBA.L,BUY,1049.0000,222.4400
2024-07-18T21:00:00+00:00,HYT.AX,SELL,1307.0000,870.6200
2024-07-18T21:00:00+00:00,IBTM.L,BUY,1164.0000,103.6300
2024-07-18T21:00:00+00:00,IDN,BUY,691.0000,207.1800
2024-07-18T21:00:00+00:00,IITU.L,BUY,1388.0000,214.0300
2024-07-18T21:00:00+00:00,IPWR,SELL,352.0000,289.3800
2024-07-18T21:00:00+00:00,ISF.L,BUY,565.0000,145.2300
2024-07-18T21:00:00+00:00,LTBR,SELL,6620.0000,146.0400
2024-07-18T21:00:00+00:00,MOLN.SW,BUY,5623.0000,201.9600
2024-07-18T21:00:00+00:00,MSCL.TO,BUY,2524.0000,207.5000
2024-07-18T21:00:00+00:00,PLTR,SELL,463.0000,436.2800
2024-07-18T21:00:00+00:00,PRQR,SELL,353.0000,304.1700
2024-07-18T21:00:00+00:00,QSI,BUY,4333.0000,167.8500
2024-07-18T21:00:00+00:00,RR.L,BUY,553.0000,656.1000
2024-07-18T21:00:00+00:00,SEYE.ST,BUY,1230.0000,296.1500
2024-07-18T21:00:00+00:00,SGLN.L,SELL,293.0000,155.5300
2024-07-18T21:00:00+00:00,SHEL.L,SELL,82.0000,250.3200
2024-07-18T21:00:00+00:00,SLX.AX,BUY,541.0000,711.9300
2024-07-18T21:00:00+00:00,SMGB.L,BUY,2074.0000,232.3900
2024-07-18T21:00:00+00:00,VUL.AX,BUY,539.0000,214.3700
2024-07-18T21:00:00+00:00,VYGR,BUY,150.0000,357.0400
2024-07-18T21:00:00+00:00,WBT.AX,SELL,83.0000,192.5600
2024-08-16T21:00:00+00:00,AL3.AX,BUY,514.0000,321.1700
2024-08-16T21:00:00+00:00,ALCLS.PA,BUY,666.0000,199.0700
2024-08-16T21:00:00+00:00,ALMDT.PA,SELL,13993.0000,498.1500
2024-08-16T21:00:00+00:00,AXE.AX,BUY,6582.0000,132.4100
2024-08-16T21:00:00+00:00,AZN.L,SELL,1256.0000,206.8100
2024-08-16T21:00:00+00:00,BGO.L,BUY,2747.0000,214.0400
2024-08-16T21:00:00+00:00,BRK-B,SELL,151.0000,209.9400
2024-08-16T21:00:00+00:00,BRNT.L,BUY,574.0000,267.2700
2024-08-16T21:00:00+00:00,DBMG.L,BUY,1392.0000,145.4100
2024-08-16T21:00:00+00:00,EDIT,BUY,2134.0000,404.2100
2024-08-16T21:00:00+00:00,EMV.AX,SELL,1206.0000,185.1900
2024-08-16T21:00:00+00:00,FTC.L,BUY,294.0000,939.6000
2024-08-16T21:00:00+00:00,GSIT,BUY,3267.0000,156.2800
2024-08-16T21:00:00+00:00,HSBA.L,BUY,120.0000,222.6700
2024-08-16T21:00:00+00:00,HYT.AX,BUY,1780.0000,609.5500
2024-08-16T21:00:00+00:00,IBTM.L,SELL,614.0000,106.4500
2024-08-16T21:00:00+00:00,IDN,BUY,7595.0000,144.3700
2024-08-16T21:00:00+00:00,IITU.L,BUY,104.0000,214.5200
2024-08-16T21:00:00+00:00,IPWR,SELL,738.0000,310.7600
2024-08-16T21:00:00+00:00,ISF.L,SELL,251.0000,148.0200
2024-08-16T21:00:00+00:00,LTBR,BUY,6556.0000,115.7800
2024-08-16T21:00:00+00:00,MOLN.SW,BUY,1162.0000,190.9600
2024-08-16T21:00:00+00:00,MSCL.TO,BUY,18.0000,209.0700
2024-08-16T21:00:00+00:00,PLTR,SELL,885.0000,494.3000
2024-08-16T21:00:00+00:00,PRQR,SELL,2129.0000,376.0500
2024-08-16T21:00:00+00:00,QSI,BUY,2404.0000,151.8700
2024-08-16T21:00:00+00:00,RR.L,SELL,671.0000,756.3400
2024-08-16T21:00:00+00:00,SEYE.ST,SELL,1041.0000,327.4000
2024-08-16T21:00:00+00:00,SGLN.L,SELL,149.0000,157.9100
2024-08-16T21:00:00+00:00,SHEL.L,BUY,214.0000,248.6900
2024-08-16T21:00:00+00:00,SLX.AX,BUY,888.0000,608.6500
2024-08-16T21:00:00+00:00,SMGB.L,BUY,479.0000,227.2100
2024-08-16T21:00:00+00:00,VUL.AX,BUY,2115.0000,191.5300
2024-08-16T21:00:00+00:00,VYGR,BUY,2947.0000,277.1800
2024-08-16T21:00:00+00:00,WBT.AX,BUY,4094.0000,158.6600
2024-09-17T21:00:00+00:00,AL3.AX,SELL,425.0000,319.2200
2024-09-17T21:00:00+00:00,ALCLS.PA,SELL,2699.0000,224.2200
2024-09-17T21:00:00+00:00,ALMDT.PA,BUY,3053.0000,333.2100
2024-09-17T21:00:00+00:00,AXE.AX,BUY,1258.0000,120.8700
2024-09-17T21:00:00+00:00,AZN.L,BUY,717.0000,189.7200
2024-09-17T21:00:00+00:00,BGO.L,BUY,916.0000,193.8600
2024-09-17T21:00:00+00:00,BRK-B,SELL,749.0000,209.9600
2024-09-17T21:00:00+00:00,BRNT.L,BUY,736.0000,242.0200
2024-09-17T21:00:00+00:00,DBMG.L,SELL,459.0000,141.6400
2024-09-17T21:00:00+00:00,EDIT,BUY,153.0000,379.6900
2024-09-17T21:00:00+00:00,EMV.AX,SELL,561.0000,182.3300
2024-09-17T21:00:00+00:00,FTC.L,SELL,280.0000,969.8000
2024-09-17T21:00:00+00:00,GSIT,SELL,4138.0000,182.6700
2024-09-17T21:00:00+00:00,HSBA.L,SELL,824.0000,224.4300
2024-09-17T21:00:00+00:00,HYT.AX,SELL,1589.0000,801.2800
2024-09-17T21:00:00+00:00,IBTM.L,SELL,1594.0000,106.8500
2024-09-17T21:00:00+00:00,IDN,BUY,1736.0000,128.8700
2024-09-17T21:00:00+00:00,IITU.L,SELL,270.0000,208.4300
2024-09-17T21:00:00+00:00,IPWR,BUY,406.0000,286.7900
2024-09-17T21:00:00+00:00,ISF.L,SELL,1104.0000,148.3000
2024-09-17T21:00:00+00:00,LTBR,BUY,1147.0000,106.6600
2024-09-17T21:00:00+00:00,MOLN.SW,BUY,3901.0000,150.8300
2024-09-17T21:00:00+00:00,MSCL.TO,SELL,142.0000,201.5100
2024-09-17T21:00:00+00:00,PLTR,SELL,975.0000,546.7000
2024-09-17T21:00:00+00:00,PRQR,BUY,1701.0000,304.4900
2024-09-17T21:00:00+00:00,QSI,SELL,541.0000,148.5900
2024-09-17T21:00:00+00:00,RR.L,SELL,153.0000,747.2800
2024-09-17T21:00:00+00:00,SEYE.ST,BUY,3538.0000,235.8800
2024-09-17T21:00:00+00:00,SGLN.L,SELL,1232.0000,159.6800
2024-09-17T21:00:00+00:00,SHEL.L,BUY,588.0000,228.2800
2024-09-17T21:00:00+00:00,SLX.AX,BUY,900.0000,503.8900
2024-09-17T21:00:00+00:00,SMGB.L,BUY,205.0000,214.3300
2024-09-17T21:00:00+00:00,VUL.AX,BUY,374.0000,179.4300
2024-09-17T21:00:00+00:00,VYGR,BUY,231.0000,260.2200
2024-09-17T21:00:00+00:00,WBT.AX,BUY,458.0000,148.5900
2024-10-16T21:00:00+00:00,AL3.AX,BUY,848.0000,330.0600
2024-10-16T21:00:00+00:00,ALCLS.PA,BUY,4464.0000,193.2800
2024-10-16T21:00:00+00:00,ALMDT.PA,BUY,2019.0000,310.4400
2024-10-16T21:00:00+00:00,AXE.AX,BUY,1295.0000,129.0000
2024-10-16T21:00:00+00:00,AZN.L,BUY,1989.0000,190.6100
2024-10-16T21:00:00+00:00,BGO.L,BUY,3562.0000,179.8200
2024-10-16T21:00:00+00:00,BRK-B,BUY,1339.0000,216.4700
2024-10-16T21:00:00+00:00,BRNT.L,BUY,1157.0000,249.6000
2024-10-16T21:00:00+00:00,DBMG.L,BUY,2631.0000,142.4800
2024-10-16T21:00:00+00:00,EDIT,BUY,2103.0000,343.1200
2024-10-16T21:00:00+00:00,EMV.AX,BUY,3192.0000,173.7500
2024-10-16T21:00:00+00:00,FTC.L,BUY,341.0000,986.5800
2024-10-16T21:00:00+00:00,GSIT,SELL,3668.0000,254.2000
2024-10-16T21:00:00+00:00,HSBA.L,BUY,1484.0000,228.1600
2024-10-16T21:00:00+00:00,HYT.AX,SELL,198.0000,938.6700
2024-10-16T21:00:00+00:00,IBTM.L,BUY,4042.0000,105.8200
2024-10-16T21:00:00+00:00,IDN,BUY,708.0000,140.1200
2024-10-16T21:00:00+00:00,IITU.L,BUY,812.0000,221.6600
2024-10-16T21:00:00+00:00,IPWR,BUY,1370.0000,286.9500
2024-10-16T21:00:00+00:00,ISF.L,BUY,2576.0000,148.8100
2024-10-16T21:00:00+00:00,LTBR,SELL,13981.0000,212.6200
2024-10-16T21:00:00+00:00,MOLN.SW,BUY,3289.0000,146.9100
2024-10-16T21:00:00+00:00,MSCL.TO,SELL,3119.0000,276.1900
2024-10-16T21:00:00+00:00,PLTR,SELL,248.0000,635.8700
2024-10-16T21:00:00+00:00,PRQR,SELL,5537.0000,676.2800
2024-10-16T21:00:00+00:00,QSI,BUY,7442.0000,125.1000
2024-10-16T21:00:00+00:00,RR.L,SELL,59.0000,845.4100
2024-10-16T21:00:00+00:00,SEYE.ST,BUY,5212.0000,193.2800
2024-10-16T21:00:00+00:00,SGLN.L,BUY,1250.0000,168.3700
2024-10-16T21:00:00+00:00,SHEL.L,BUY,1917.0000,225.7400
2024-10-16T21:00:00+00:00,SLX.AX,SELL,887.0000,648.0600
2024-10-16T21:00:00+00:00,SMGB.L,BUY,1128.0000,223.3800
2024-10-16T21:00:00+00:00,VUL.AX,SELL,3549.0000,246.6800
2024-10-16T21:00:00+00:00,VYGR,SELL,1679.0000,333.5200
2024-10-16T21:00:00+00:00,WBT.AX,BUY,700.0000,160.9700
2024-11-14T21:00:00+00:00,AL3.AX,SELL,3622.0000,521.2500
2024-11-14T21:00:00+00:00,ALCLS.PA,BUY,2364.0000,186.3300
2024-11-14T21:00:00+00:00,ALMDT.PA,SELL,98.0000,338.1300
2024-11-14T21:00:00+00:00,AXE.AX,SELL,9816.0000,209.4500
2024-11-14T21:00:00+00:00,AZN.L,BUY,5209.0000,163.1500
2024-11-14T21:00:00+00:00,BGO.L,BUY,1151.0000,184.2100
2024-11-14T21:00:00+00:00,BRK-B,BUY,808.0000,223.5500
2024-11-14T21:00:00+00:00,BRNT.L,BUY,988.0000,253.1900
2024-11-14T21:00:00+00:00,DBMG.L,BUY,2043.0000,142.9500
2024-11-14T21:00:00+00:00,EDIT,BUY,3405.0000,283.2800
2024-11-14T21:00:00+00:00,EMV.AX,BUY,2502.0000,168.3900
2024-11-14T21:00:00+00:00,FTC.L,BUY,226.0000,1006.7100
2024-11-14T21:00:00+00:00,GSIT,BUY,8430.0000,175.3600
2024-11-14T21:00:00+00:00,HSBA.L,BUY,302.0000,242.1100
2024-11-14T21:00:00+00:00,HYT.AX,BUY,835.0000,840.1500
2024-11-14T21:00:00+00:00,IBTM.L,BUY,3105.0000,105.2000
2024-11-14T21:00:00+00:00,IDN,SELL,1705.0000,161.5900
2024-11-14T21:00:00+00:00,IITU.L,BUY,445.0000,233.4000
2024-11-14T21:00:00+00:00,IPWR,BUY,2920.0000,253.8500
2024-11-14T21:00:00+00:00,ISF.L,BUY,2829.0000,144.6900
2024-11-14T21:00:00+00:00,LTBR,SELL,5375.0000,329.0700
2024-11-14T21:00:00+00:00,MOLN.SW,SELL,1402.0000,167.8600
2024-11-14T21:00:00+00:00,MSCL.TO,SELL,2078.0000,351.7500
2024-11-14T21:00:00+00:00,PLTR,SELL,1521.0000,922.8200
2024-11-14T21:00:00+00:00,PRQR,BUY,389.0000,683.2900
2024-11-14T21:00:00+00:00,QSI,BUY,3046.0000,122.8000
2024-11-14T21:00:00+00:00,RR.L,BUY,491.0000,823.0700
2024-11-14T21:00:00+00:00,SEYE.ST,BUY,3066.0000,180.5600
2024-11-14T21:00:00+00:00,SGLN.L,BUY,2178.0000,165.8500
2024-11-14T21:00:00+00:00,SHEL.L,BUY,1164.0000,228.0600
2024-11-14T21:00:00+00:00,SLX.AX,SELL,367.0000,747.1000
2024-11-14T21:00:00+00:00,SMGB.L,BUY,1028.0000,227.5400
2024-11-14T21:00:00+00:00,VUL.AX,SELL,1853.0000,303.1100
2024-11-14T21:00:00+00:00,VYGR,BUY,3817.0000,269.6700
2024-11-14T21:00:00+00:00,WBT.AX,SELL,7825.0000,260.6500
2024-12-13T21:00:00+00:00,AL3.AX,BUY,3677.0000,355.7800
2024-12-13T21:00:00+00:00,ALCLS.PA,BUY,1411.0000,175.5000
2024-12-13T21:00:00+00:00,ALMDT.PA,BUY,947.0000,314.3300
2024-12-13T21:00:00+00:00,AXE.AX,BUY,2967.0000,182.2600
2024-12-13T21:00:00+00:00,AZN.L,SELL,362.0000,165.9400
2024-12-13T21:00:00+00:00,BGO.L,BUY,2014.0000,169.3000
2024-12-13T21:00:00+00:00,BRK-B,BUY,393.0000,219.3800
2024-12-13T21:00:00+00:00,BRNT.L,SELL,448.0000,261.0400
2024-12-13T21:00:00+00:00,DBMG.L,SELL,187.0000,144.2400
2024-12-13T21:00:00+00:00,EDIT,BUY,13336.0000,147.6100
2024-12-13T21:00:00+00:00,EMV.AX,BUY,1666.0000,157.9600
2024-12-13T21:00:00+00:00,FTC.L,BUY,179.0000,966.4400
2024-12-13T21:00:00+00:00,GSIT,BUY,271.0000,173.7700
2024-12-13T21:00:00+00:00,HSBA.L,SELL,1285.0000,262.6800
2024-12-13T21:00:00+00:00,HYT.AX,BUY,465.0000,768.7700
2024-12-13T21:00:00+00:00,IBTM.L,SELL,479.0000,106.7700
2024-12-13T21:00:00+00:00,IDN,SELL,4787.0000,199.7600
2024-12-13T21:00:00+00:00,IITU.L,SELL,391.0000,239.3100
2024-12-13T21:00:00+00:00,IPWR,BUY,432.0000,247.8200
2024-12-13T21:00:00+00:00,ISF.L,SELL,736.0000,148.9200
2024-12-13T21:00:00+00:00,LTBR,BUY,6712.0000,214.1900
2024-12-13T21:00:00+00:00,MOLN.SW,BUY,378.0000,165.7000
2024-12-13T21:00:00+00:00,MSCL.TO,SELL,1517.0000,405.5000
2024-12-13T21:00:00+00:00,PLTR,SELL,984.0000,1188.9600
2024-12-13T21:00:00+00:00,PRQR,BUY,2369.0000,490.6800
2024-12-13T21:00:00+00:00,QSI,SELL,18218.0000,271.7600
2024-12-13T21:00:00+00:00,RR.L,SELL,226.0000,864.4300
2024-12-13T21:00:00+00:00,SEYE.ST,BUY,513.0000,176.9900
2024-12-13T21:00:00+00:00,SGLN.L,SELL,893.0000,172.5000
2024-12-13T21:00:00+00:00,SHEL.L,BUY,282.0000,225.0800
2024-12-13T21:00:00+00:00,SLX.AX,SELL,371.0000,803.4900
2024-12-13T21:00:00+00:00,SMGB.L,SELL,43.0000,228.6400
2024-12-13T21:00:00+00:00,VUL.AX,BUY,919.0000,284.4800
2024-12-13T21:00:00+00:00,VYGR,SELL,120.0000,272.4700
2024-12-13T21:00:00+00:00,WBT.AX,BUY,1501.0000,238.4700
2025-01-16T21:00:00+00:00,AL3.AX,BUY,843.0000,349.9100
2025-01-16T21:00:00+00:00,ALCLS.PA,BUY,1991.0000,170.6900
2025-01-16T21:00:00+00:00,ALMDT.PA,SELL,2713.0000,418.9300
2025-01-16T21:00:00+00:00,AXE.AX,SELL,3015.0000,222.1500
2025-01-16T21:00:00+00:00,AZN.L,BUY,467.0000,171.9000
2025-01-16T21:00:00+00:00,BGO.L,SELL,500.0000,182.4600
2025-01-16T21:00:00+00:00,BRK-B,BUY,160.0000,229.5900
2025-01-16T21:00:00+00:00,BRNT.L,SELL,962.0000,293.5000
2025-01-16T21:00:00+00:00,DBMG.L,BUY,183.0000,151.2700
2025-01-16T21:00:00+00:00,EDIT,BUY,5105.0000,131.6100
2025-01-16T21:00:00+00:00,EMV.AX,BUY,1081.0000,160.0600
2025-01-16T21:00:00+00:00,FTC.L,SELL,918.0000,1302.0100
2025-01-16T21:00:00+00:00,GSIT,SELL,681.0000,188.8600
2025-01-16T21:00:00+00:00,HSBA.L,SELL,174.0000,280.3700
2025-01-16T21:00:00+00:00,HYT.AX,BUY,21.0000,808.2200
2025-01-16T21:00:00+00:00,IBTM.L,BUY,1360.0000,108.8400
2025-01-16T21:00:00+00:00,IDN,BUY,2671.0000,186.5700
2025-01-16T21:00:00+00:00,IITU.L,BUY,805.0000,241.2500
2025-01-16T21:00:00+00:00,IPWR,SELL,2828.0000,315.5100
2025-01-16T21:00:00+00:00,ISF.L,BUY,1138.0000,150.9400
2025-01-16T21:00:00+00:00,LTBR,SELL,2193.0000,255.3300
2025-01-16T21:00:00+00:00,MOLN.SW,BUY,166.0000,173.7300
2025-01-16T21:00:00+00:00,MSCL.TO,BUY,2024.0000,356.6200
2025-01-16T21:00:00+00:00,PLTR,BUY,414.0000,1120.5700
2025-01-16T21:00:00+00:00,PRQR,BUY,2124.0000,412.9200
2025-01-16T21:00:00+00:00,QSI,SELL,4672.0000,415.5500
2025-01-16T21:00:00+00:00,RR.L,BUY,209.0000,873.7900
2025-01-16T21:00:00+00:00,SEYE.ST,BUY,1561.0000,175.0100
2025-01-16T21:00:00+00:00,SGLN.L,BUY,29.0000,181.8500
2025-01-16T21:00:00+00:00,SHEL.L,SELL,352.0000,242.2500
2025-01-16T21:00:00+00:00,SLX.AX,BUY,59.0000,838.3000
2025-01-16T21:00:00+00:00,SMGB.L,SELL,337.0000,245.9600
2025-01-16T21:00:00+00:00,VUL.AX,BUY,223.0000,295.6900
2025-01-16T21:00:00+00:00,VYGR,BUY,3959.0000,227.6800
2025-01-16T21:00:00+00:00,WBT.AX,BUY,3965.0000,204.5300
2025-02-14T21:00:00+00:00,AL3.AX,BUY,1424.0000,314.0400
2025-02-14T21:00:00+00:00,ALCLS.PA,BUY,1168.0000,163.3000
2025-02-14T21:00:00+00:00,ALMDT.PA,BUY,8425.0000,230.9100
2025-02-14T21:00:00+00:00,AXE.AX,BUY,2669.0000,195.5300
2025-02-14T21:00:00+00:00,AZN.L,SELL,1840.0000,185.6000
2025-02-14T21:00:00+00:00,BGO.L,BUY,1218.0000,173.6800
2025-02-14T21:00:00+00:00,BRK-B,SELL,169.0000,231.8500
2025-02-14T21:00:00+00:00,BRNT.L,BUY,1116.0000,273.0700
2025-02-14T21:00:00+00:00,DBMG.L,BUY,1003.0000,146.2600
2025-02-14T21:00:00+00:00,EDIT,SELL,2540.0000,142.7400
2025-02-14T21:00:00+00:00,EMV.AX,SELL,2659.0000,177.6600
2025-02-14T21:00:00+00:00,FTC.L,SELL,322.0000,1442.9500
2025-02-14T21:00:00+00:00,GSIT,SELL,4211.0000,231.5700
2025-02-14T21:00:00+00:00,HSBA.L,SELL,909.0000,298.1600
2025-02-14T21:00:00+00:00,HYT.AX,BUY,903.0000,692.1500
2025-02-14T21:00:00+00:00,IBTM.L,BUY,640.0000,107.2000
2025-02-14T21:00:00+00:00,IDN,BUY,1647.0000,174.3300
2025-02-14T21:00:00+00:00,IITU.L,BUY,139.0000,239.5800
2025-02-14T21:00:00+00:00,IPWR,BUY,2763.0000,262.8000
2025-02-14T21:00:00+00:00,ISF.L,SELL,1125.0000,157.2300
2025-02-14T21:00:00+00:00,LTBR,SELL,9913.0000,615.7000
2025-02-14T21:00:00+00:00,MOLN.SW,BUY,4880.0000,145.3800
2025-02-14T21:00:00+00:00,MSCL.TO,BUY,1904.0000,308.4900
2025-02-14T21:00:00+00:00,PLTR,SELL,1557.0000,1879.3300
2025-02-14T21:00:00+00:00,PRQR,SELL,251.0000,423.4000
2025-02-14T21:00:00+00:00,QSI,BUY,3516.0000,310.9000
2025-02-14T21:00:00+00:00,RR.L,SELL,359.0000,942.9300
2025-02-14T21:00:00+00:00,SEYE.ST,BUY,6959.0000,136.6800
2025-02-14T21:00:00+00:00,SGLN.L,SELL,733.0000,187.7700
2025-02-14T21:00:00+00:00,SHEL.L,SELL,72.0000,243.4200
2025-02-14T21:00:00+00:00,SLX.AX,BUY,843.0000,721.1700
2025-02-14T21:00:00+00:00,SMGB.L,BUY,879.0000,234.4300
2025-02-14T21:00:00+00:00,VUL.AX,BUY,7341.0000,197.0600
2025-02-14T21:00:00+00:00,VYGR,BUY,4341.0000,185.4900
2025-02-14T21:00:00+00:00,WBT.AX,BUY,4922.0000,166.0600
2025-03-17T21:00:00+00:00,AL3.AX,BUY,1159.0000,264.8400
2025-03-17T21:00:00+00:00,ALCLS.PA,BUY,4737.0000,126.6700
2025-03-17T21:00:00+00:00,ALMDT.PA,SELL,508.0000,216.9900
2025-03-17T21:00:00+00:00,AXE.AX,BUY,2689.0000,159.4100
2025-03-17T21:00:00+00:00,AZN.L,SELL,2651.0000,191.4400
2025-03-17T21:00:00+00:00,BGO.L,BUY,2926.0000,142.1100
2025-03-17T21:00:00+00:00,BRK-B,SELL,2562.0000,245.6600
2025-03-17T21:00:00+00:00,BRNT.L,SELL,223.0000,253.2100
2025-03-17T21:00:00+00:00,DBMG.L,SELL,676.0000,136.8400
2025-03-17T21:00:00+00:00,EDIT,SELL,2398.0000,141.7000
2025-03-17T21:00:00+00:00,EMV.AX,BUY,2089.0000,149.6000
2025-03-17T21:00:00+00:00,FTC.L,SELL,258.0000,1442.9500
2025-03-17T21:00:00+00:00,GSIT,BUY,4018.0000,174.2700
2025-03-17T21:00:00+00:00,HSBA.L,SELL,1762.0000,310.2400
2025-03-17T21:00:00+00:00,HYT.AX,BUY,156.0000,617.3800
2025-03-17T21:00:00+00:00,IBTM.L,SELL,2994.0000,105.8500
2025-03-17T21:00:00+00:00,IDN,SELL,316.0000,161.4400
2025-03-17T21:00:00+00:00,IITU.L,BUY,1058.0000,206.9300
2025-03-17T21:00:00+00:00,IPWR,BUY,5340.0000,181.4600
2025-03-17T21:00:00+00:00,ISF.L,SELL,2410.0000,157.5300
2025-03-17T21:00:00+00:00,LTBR,BUY,2443.0000,417.7800
2025-03-17T21:00:00+00:00,MOLN.SW,BUY,3407.0000,119.2700
2025-03-17T21:00:00+00:00,MSCL.TO,SELL,2552.0000,344.7100
2025-03-17T21:00:00+00:00,PLTR,BUY,653.0000,1338.5200
2025-03-17T21:00:00+00:00,PRQR,BUY,3472.0000,288.9800
2025-03-17T21:00:00+00:00,QSI,BUY,1561.0000,255.6000
2025-03-17T21:00:00+00:00,RR.L,SELL,1321.0000,1210.1400
2025-03-17T21:00:00+00:00,SEYE.ST,SELL,7883.0000,166.3500
2025-03-17T21:00:00+00:00,SGLN.L,SELL,2078.0000,188.6700
2025-03-17T21:00:00+00:00,SHEL.L,SELL,1537.0000,243.6000
2025-03-17T21:00:00+00:00,SLX.AX,BUY,1407.0000,534.1500
2025-03-17T21:00:00+00:00,SMGB.L,BUY,679.0000,206.7300
2025-03-17T21:00:00+00:00,VUL.AX,SELL,3484.0000,214.1100
2025-03-17T21:00:00+00:00,VYGR,BUY,543.0000,165.7300
2025-03-17T21:00:00+00:00,WBT.AX,BUY,685.0000,147.9300
2025-04-15T21:00:00+00:00,AL3.AX,SELL,3375.0000,319.5900
2025-04-15T21:00:00+00:00,ALCLS.PA,SELL,7391.0000,155.0000
2025-04-15T21:00:00+00:00,ALMDT.PA,SELL,1129.0000,216.1000
2025-04-15T21:00:00+00:00,AXE.AX,BUY,3381.0000,131.0900
2025-04-15T21:00:00+00:00,AZN.L,BUY,1692.0000,165.3300
2025-04-15T21:00:00+00:00,BGO.L,SELL,1504.0000,140.3500
2025-04-15T21:00:00+00:00,BRK-B,SELL,924.0000,243.4900
2025-04-15T21:00:00+00:00,BRNT.L,BUY,663.0000,226.9400
2025-04-15T21:00:00+00:00,DBMG.L,SELL,1156.0000,133.1700
2025-04-15T21:00:00+00:00,EDIT,SELL,162.0000,133.1600
2025-04-15T21:00:00+00:00,EMV.AX,SELL,1796.0000,149.9500
2025-04-15T21:00:00+00:00,FTC.L,BUY,40.0000,1328.8600
2025-04-15T21:00:00+00:00,GSIT,SELL,2093.0000,179.3400
2025-04-15T21:00:00+00:00,HSBA.L,BUY,595.0000,276.9400
2025-04-15T21:00:00+00:00,HYT.AX,SELL,482.0000,623.6800
2025-04-15T21:00:00+00:00,IBTM.L,SELL,1787.0000,103.8600
2025-04-15T21:00:00+00:00,IDN,SELL,1083.0000,157.8000
2025-04-15T21:00:00+00:00,IITU.L,BUY,8.0000,193.2500
2025-04-15T21:00:00+00:00,IPWR,BUY,204.0000,167.9700
2025-04-15T21:00:00+00:00,ISF.L,SELL,569.0000,150.5900
2025-04-15T21:00:00+00:00,LTBR,BUY,2052.0000,320.8500
2025-04-15T21:00:00+00:00,MOLN.SW,SELL,1788.0000,117.7800
2025-04-15T21:00:00+00:00,MSCL.TO,BUY,2344.0000,267.4600
2025-04-15T21:00:00+00:00,PLTR,SELL,458.0000,1479.9300
2025-04-15T21:00:00+00:00,PRQR,BUY,4931.0000,198.5400
2025-04-15T21:00:00+00:00,QSI,BUY,4290.0000,187.0100
2025-04-15T21:00:00+00:00,RR.L,BUY,77.0000,1104.7700
2025-04-15T21:00:00+00:00,SEYE.ST,SELL,1510.0000,165.9500
2025-04-15T21:00:00+00:00,SGLN.L,SELL,2431.0000,199.3700
2025-04-15T21:00:00+00:00,SHEL.L,BUY,881.0000,215.8800
2025-04-15T21:00:00+00:00,SLX.AX,BUY,2406.0000,376.7600
2025-04-15T21:00:00+00:00,SMGB.L,BUY,1218.0000,181.6000
2025-04-15T21:00:00+00:00,VUL.AX,SELL,949.0000,210.8700
2025-04-15T21:00:00+00:00,VYGR,BUY,3668.0000,134.2300
2025-04-15T21:00:00+00:00,WBT.AX,BUY,2319.0000,127.1900
2025-05-19T21:00:00+00:00,AL3.AX,BUY,1727.0000,300.8600
2025-05-19T21:00:00+00:00,ALCLS.PA,BUY,3860.0000,144.3400
2025-05-19T21:00:00+00:00,ALMDT.PA,BUY,4720.0000,183.2600
2025-05-19T21:00:00+00:00,AXE.AX,BUY,1057.0000,136.7000
2025-05-19T21:00:00+00:00,AZN.L,BUY,1618.0000,166.8000
2025-05-19T21:00:00+00:00,BGO.L,SELL,1010.0000,157.8900
2025-05-19T21:00:00+00:00,BRK-B,BUY,1918.0000,233.8900
2025-05-19T21:00:00+00:00,BRNT.L,BUY,1093.0000,230.0900
2025-05-19T21:00:00+00:00,DBMG.L,BUY,2720.0000,131.2200
2025-05-19T21:00:00+00:00,EDIT,SELL,278.0000,145.5200
2025-05-19T21:00:00+00:00,EMV.AX,BUY,4099.0000,139.1100
2025-05-19T21:00:00+00:00,FTC.L,SELL,340.0000,1637.5800
2025-05-19T21:00:00+00:00,GSIT,SELL,1260.0000,206.6500
2025-05-19T21:00:00+00:00,HSBA.L,SELL,622.0000,314.2300
2025-05-19T21:00:00+00:00,HYT.AX,BUY,653.0000,607.8600
2025-05-19T21:00:00+00:00,IBTM.L,BUY,3487.0000,102.3400
2025-05-19T21:00:00+00:00,IDN,SELL,4638.0000,212.8300
2025-05-19T21:00:00+00:00,IITU.L,SELL,1030.0000,220.9600
2025-05-19T21:00:00+00:00,IPWR,SELL,635.0000,187.1100
2025-05-19T21:00:00+00:00,ISF.L,BUY,533.0000,159.4600
2025-05-19T21:00:00+00:00,LTBR,SELL,2431.0000,439.8800
2025-05-19T21:00:00+00:00,MOLN.SW,BUY,3620.0000,114.2500
2025-05-19T21:00:00+00:00,MSCL.TO,BUY,1822.0000,255.6700
2025-05-19T21:00:00+00:00,PLTR,SELL,372.0000,1881.2900
2025-05-19T21:00:00+00:00,PRQR,SELL,4465.0000,282.4900
2025-05-19T21:00:00+00:00,QSI,SELL,927.0000,212.2600
2025-05-19T21:00:00+00:00,RR.L,SELL,140.0000,1247.1000
2025-05-19T21:00:00+00:00,SEYE.ST,SELL,3539.0000,213.4200
2025-05-19T21:00:00+00:00,SGLN.L,BUY,1664.0000,197.9400
2025-05-19T21:00:00+00:00,SHEL.L,BUY,454.0000,227.5300
2025-05-19T21:00:00+00:00,SLX.AX,SELL,70.0000,410.5300
2025-05-19T21:00:00+00:00,SMGB.L,SELL,1680.0000,214.1200
2025-05-19T21:00:00+00:00,VUL.AX,BUY,2233.0000,202.3700
2025-05-19T21:00:00+00:00,VYGR,BUY,620.0000,142.0200
2025-05-19T21:00:00+00:00,WBT.AX,BUY,2435.0000,126.9700
2025-06-18T21:00:00+00:00,AL3.AX,BUY,2041.0000,271.2400
2025-06-18T21:00:00+00:00,ALCLS.PA,BUY,3098.0000,135.0100
2025-06-18T21:00:00+00:00,ALMDT.PA,BUY,19776.0000,100.0000
2025-06-18T21:00:00+00:00,AXE.AX,BUY,2282.0000,131.8700
2025-06-18T21:00:00+00:00,AZN.L,BUY,539.0000,169.6400
2025-06-18T21:00:00+00:00,BGO.L,BUY,298.0000,162.2800
2025-06-18T21:00:00+00:00,BRK-B,BUY,1857.0000,219.4000
2025-06-18T21:00:00+00:00,BRNT.L,SELL,1557.0000,262.8000
2025-06-18T21:00:00+00:00,DBMG.L,BUY,808.0000,132.9300
2025-06-18T21:00:00+00:00,EDIT,SELL,9200.0000,227.3900
2025-06-18T21:00:00+00:00,EMV.AX,SELL,564.0000,147.5500
2025-06-18T21:00:00+00:00,FTC.L,SELL,553.0000,2201.3400
2025-06-18T21:00:00+00:00,GSIT,BUY,1602.0000,198.4700
2025-06-18T21:00:00+00:00,HSBA.L,BUY,608.0000,311.8800
2025-06-18T21:00:00+00:00,HYT.AX,BUY,2813.0000,442.8400
2025-06-18T21:00:00+00:00,IBTM.L,BUY,1271.0000,103.0700
2025-06-18T21:00:00+00:00,IDN,SELL,6384.0000,335.0800
2025-06-18T21:00:00+00:00,IITU.L,BUY,224.0000,226.9600
2025-06-18T21:00:00+00:00,IPWR,BUY,4036.0000,163.6800
2025-06-18T21:00:00+00:00,ISF.L,BUY,520.0000,162.4500
2025-06-18T21:00:00+00:00,LTBR,SELL,1590.0000,554.3100
2025-06-18T21:00:00+00:00,MOLN.SW,BUY,2776.0000,110.0800
2025-06-18T21:00:00+00:00,MSCL.TO,BUY,2800.0000,225.5200
2025-06-18T21:00:00+00:00,PLTR,SELL,112.0000,2064.9400
2025-06-18T21:00:00+00:00,PRQR,SELL,1060.0000,317.5200
2025-06-18T21:00:00+00:00,QSI,SELL,2910.0000,261.0100
2025-06-18T21:00:00+00:00,RR.L,SELL,141.0000,1356.4100
2025-06-18T21:00:00+00:00,SEYE.ST,BUY,2100.0000,199.5700
2025-06-18T21:00:00+00:00,SGLN.L,BUY,2.0000,205.8100
2025-06-18T21:00:00+00:00,SHEL.L,SELL,629.0000,245.3800
2025-06-18T21:00:00+00:00,SLX.AX,SELL,2026.0000,538.9000
2025-06-18T21:00:00+00:00,SMGB.L,SELL,490.0000,228.6600
2025-06-18T21:00:00+00:00,VUL.AX,BUY,4926.0000,168.4700
2025-06-18T21:00:00+00:00,VYGR,BUY,5193.0000,124.7000
2025-06-18T21:00:00+00:00,WBT.AX,BUY,1787.0000,124.9500
2025-07-17T21:00:00+00:00,AL3.AX,SELL,7680.0000,617.8000
2025-07-17T21:00:00+00:00,ALCLS.PA,SELL,3742.0000,174.7900
2025-07-17T21:00:00+00:00,ALMDT.PA,SELL,15165.0000,178.9700
2025-07-17T21:00:00+00:00,AXE.AX,SELL,698.0000,153.3900
2025-07-17T21:00:00+00:00,AZN.L,BUY,4011.0000,165.8400
2025-07-17T21:00:00+00:00,BGO.L,BUY,6285.0000,148.2500
2025-07-17T21:00:00+00:00,BRK-B,BUY,3111.0000,214.3900
2025-07-17T21:00:00+00:00,BRNT.L,BUY,3247.0000,248.0500
2025-07-17T21:00:00+00:00,DBMG.L,BUY,3914.0000,134.4000
2025-07-17T21:00:00+00:00,EDIT,SELL,407.0000,264.5300
2025-07-17T21:00:00+00:00,EMV.AX,BUY,4157.0000,146.2700
2025-07-17T21:00:00+00:00,FTC.L,BUY,234.0000,2228.1900
2025-07-17T21:00:00+00:00,GSIT,SELL,6856.0000,335.4300
2025-07-17T21:00:00+00:00,HSBA.L,BUY,890.0000,332.5600
2025-07-17T21:00:00+00:00,HYT.AX,BUY,2720.0000,390.6400
2025-07-17T21:00:00+00:00,IBTM.L,BUY,5448.0000,103.3000
2025-07-17T21:00:00+00:00,IDN,BUY,1607.0000,337.4700
2025-07-17T21:00:00+00:00,IITU.L,BUY,720.0000,248.4000
2025-07-17T21:00:00+00:00,IPWR,SELL,3113.0000,212.1600
2025-07-17T21:00:00+00:00,ISF.L,BUY,3081.0000,164.9400
2025-07-17T21:00:00+00:00,LTBR,SELL,34.0000,633.3600
2025-07-17T21:00:00+00:00,MOLN.SW,BUY,5847.0000,108.4400
2025-07-17T21:00:00+00:00,MSCL.TO,BUY,1432.0000,238.0500
2025-07-17T21:00:00+00:00,PLTR,BUY,65.0000,2275.1400
2025-07-17T21:00:00+00:00,PRQR,SELL,1073.0000,393.3600
2025-07-17T21:00:00+00:00,QSI,BUY,1470.0000,271.8300
2025-07-17T21:00:00+00:00,RR.L,BUY,11.0000,1537.5600
2025-07-17T21:00:00+00:00,SEYE.ST,BUY,1185.0000,214.8000
2025-07-17T21:00:00+00:00,SGLN.L,BUY,3041.0000,203.5000
2025-07-17T21:00:00+00:00,SHEL.L,BUY,2760.0000,240.0400
2025-07-17T21:00:00+00:00,SLX.AX,BUY,460.0000,578.5100
2025-07-17T21:00:00+00:00,SMGB.L,BUY,637.0000,251.2900
2025-07-17T21:00:00+00:00,VUL.AX,BUY,3247.0000,169.3600
2025-07-17T21:00:00+00:00,VYGR,BUY,2415.0000,132.2700
2025-07-17T21:00:00+00:00,WBT.AX,SELL,4386.0000,163.6800
2025-08-15T21:00:00+00:00,AL3.AX,SELL,85.0000,629.8600
2025-08-15T21:00:00+00:00,ALCLS.PA,SELL,9946.0000,278.5300
2025-08-15T21:00:00+00:00,ALMDT.PA,SELL,5469.0000,227.4800
2025-08-15T21:00:00+00:00,AXE.AX,SELL,2206.0000,166.5600
2025-08-15T21:00:00+00:00,AZN.L,SELL,3120.0000,187.7300
2025-08-15T21:00:00+00:00,BGO.L,SELL,841.0000,153.5100
2025-08-15T21:00:00+00:00,BRK-B,BUY,201.0000,214.2000
2025-08-15T21:00:00+00:00,BRNT.L,BUY,776.0000,240.3200
2025-08-15T21:00:00+00:00,DBMG.L,BUY,364.0000,134.1200
2025-08-15T21:00:00+00:00,EDIT,SELL,1493.0000,291.0000
2025-08-15T21:00:00+00:00,EMV.AX,BUY,1068.0000,142.7600
2025-08-15T21:00:00+00:00,FTC.L,BUY,311.0000,1959.7300
2025-08-15T21:00:00+00:00,GSIT,BUY,9962.0000,198.2400
2025-08-15T21:00:00+00:00,HSBA.L,SELL,87.0000,337.3500
2025-08-15T21:00:00+00:00,HYT.AX,BUY,877.0000,367.2600
2025-08-15T21:00:00+00:00,IBTM.L,BUY,229.0000,103.6300
2025-08-15T21:00:00+00:00,IDN,BUY,1009.0000,317.4100
2025-08-15T21:00:00+00:00,IITU.L,SELL,205.0000,253.1700
2025-08-15T21:00:00+00:00,IPWR,BUY,2636.0000,191.3000
2025-08-15T21:00:00+00:00,ISF.L,SELL,454.0000,168.9700
2025-08-15T21:00:00+00:00,LTBR,SELL,473.0000,681.7300
2025-08-15T21:00:00+00:00,MOLN.SW,BUY,2986.0000,102.3300
2025-08-15T21:00:00+00:00,MSCL.TO,BUY,179.0000,237.8600
2025-08-15T21:00:00+00:00,PLTR,SELL,241.0000,2594.4800
2025-08-15T21:00:00+00:00,PRQR,BUY,2297.0000,333.0200
2025-08-15T21:00:00+00:00,QSI,BUY,11893.0000,162.8400
2025-08-15T21:00:00+00:00,RR.L,SELL,172.0000,1641.8300
2025-08-15T21:00:00+00:00,SEYE.ST,BUY,2043.0000,198.1900
2025-08-15T21:00:00+00:00,SGLN.L,BUY,427.0000,201.4700
2025-08-15T21:00:00+00:00,SHEL.L,SELL,261.0000,245.2600
2025-08-15T21:00:00+00:00,SLX.AX,BUY,1086.0000,514.9100
2025-08-15T21:00:00+00:00,SMGB.L,BUY,169.0000,251.1000
2025-08-15T21:00:00+00:00,VUL.AX,SELL,180.0000,171.8600
2025-08-15T21:00:00+00:00,VYGR,SELL,4362.0000,151.8700
2025-08-15T21:00:00+00:00,WBT.AX,SELL,3282.0000,186.1500
2025-09-16T21:00:00+00:00,AL3.AX,BUY,1558.0000,551.5600
2025-09-16T21:00:00+00:00,ALCLS.PA,SELL,252.0000,298.4500
2025-09-16T21:00:00+00:00,ALMDT.PA,SELL,682.0000,248.2300
2025-09-16T21:00:00+00:00,AXE.AX,BUY,7535.0000,139.2300
2025-09-16T21:00:00+00:00,AZN.L,BUY,1998.0000,183.7500
2025-09-16T21:00:00+00:00,BGO.L,SELL,6330.0000,203.5100
2025-09-16T21:00:00+00:00,BRK-B,BUY,703.0000,219.2300
2025-09-16T21:00:00+00:00,BRNT.L,BUY,417.0000,248.5000
2025-09-16T21:00:00+00:00,DBMG.L,BUY,696.0000,138.8800
2025-09-16T21:00:00+00:00,EDIT,BUY,2236.0000,270.3500
2025-09-16T21:00:00+00:00,EMV.AX,SELL,7371.0000,193.3600
2025-09-16T21:00:00+00:00,FTC.L,BUY,304.0000,1838.9300
2025-09-16T21:00:00+00:00,GSIT,SELL,29.0000,209.5500
2025-09-16T21:00:00+00:00,HSBA.L,SELL,146.0000,359.8800
2025-09-16T21:00:00+00:00,HYT.AX,BUY,1141.0000,356.4400
2025-09-16T21:00:00+00:00,IBTM.L,BUY,1797.0000,105.3000
2025-09-16T21:00:00+00:00,IDN,SELL,172.0000,339.0000
2025-09-16T21:00:00+00:00,IITU.L,BUY,697.0000,257.7500
2025-09-16T21:00:00+00:00,IPWR,BUY,1684.0000,189.2000
2025-09-16T21:00:00+00:00,ISF.L,BUY,1392.0000,170.0100
2025-09-16T21:00:00+00:00,LTBR,BUY,924.0000,635.7600
2025-09-16T21:00:00+00:00,MOLN.SW,BUY,2852.0000,101.8100
2025-09-16T21:00:00+00:00,MSCL.TO,SELL,487.0000,257.3800
2025-09-16T21:00:00+00:00,PLTR,BUY,192.0000,2480.1000
2025-09-16T21:00:00+00:00,PRQR,BUY,1338.0000,321.5700
2025-09-16T21:00:00+00:00,QSI,SELL,3581.0000,195.8500
2025-09-16T21:00:00+00:00,RR.L,BUY,9.0000,1728.2000
2025-09-16T21:00:00+00:00,SEYE.ST,SELL,5368.0000,269.2800
2025-09-16T21:00:00+00:00,SGLN.L,SELL,847.0000,220.5900
2025-09-16T21:00:00+00:00,SHEL.L,BUY,1101.0000,245.0700
2025-09-16T21:00:00+00:00,SLX.AX,SELL,530.0000,576.6100
2025-09-16T21:00:00+00:00,SMGB.L,BUY,349.0000,260.3200
2025-09-16T21:00:00+00:00,VUL.AX,SELL,2920.0000,202.7700
2025-09-16T21:00:00+00:00,VYGR,SELL,2153.0000,172.1300
2025-09-16T21:00:00+00:00,WBT.AX,SELL,2638.0000,219.0800
2025-10-15T21:00:00+00:00,AL3.AX,BUY,3208.0000,486.9900
2025-10-15T21:00:00+00:00,ALCLS.PA,SELL,1911.0000,401.5100
2025-10-15T21:00:00+00:00,ALMDT.PA,BUY,1763.0000,272.4700
2025-10-15T21:00:00+00:00,AXE.AX,SELL,6478.0000,202.3200
2025-10-15T21:00:00+00:00,AZN.L,BUY,1935.0000,204.7700
2025-10-15T21:00:00+00:00,BGO.L,BUY,10025.0000,172.8100
2025-10-15T21:00:00+00:00,BRK-B,BUY,3578.0000,226.3100
2025-10-15T21:00:00+00:00,BRNT.L,BUY,5589.0000,232.4000
2025-10-15T21:00:00+00:00,DBMG.L,BUY,4253.0000,148.3000
2025-10-15T21:00:00+00:00,EDIT,SELL,3459.0000,396.0400
2025-10-15T21:00:00+00:00,EMV.AX,BUY,14392.0000,148.6000
2025-10-15T21:00:00+00:00,FTC.L,BUY,745.0000,1724.8300
2025-10-15T21:00:00+00:00,GSIT,SELL,6110.0000,335.1600
2025-10-15T21:00:00+00:00,HSBA.L,BUY,2920.0000,355.2400
2025-10-15T21:00:00+00:00,HYT.AX,SELL,110.0000,428.5900
2025-10-15T21:00:00+00:00,IBTM.L,BUY,7911.0000,107.8000
2025-10-15T21:00:00+00:00,IDN,BUY,4966.0000,303.1300
2025-10-15T21:00:00+00:00,IITU.L,BUY,2547.0000,272.0500
2025-10-15T21:00:00+00:00,IPWR,BUY,4247.0000,194.6700
2025-10-15T21:00:00+00:00,ISF.L,BUY,4854.0000,174.2800
2025-10-15T21:00:00+00:00,LTBR,SELL,2772.0000,1166.4600
2025-10-15T21:00:00+00:00,MOLN.SW,BUY,7320.0000,105.8100
2025-10-15T21:00:00+00:00,MSCL.TO,BUY,591.0000,298.0500
2025-10-15T21:00:00+00:00,PLTR,BUY,218.0000,2671.6400
2025-10-15T21:00:00+00:00,PRQR,SELL,2225.0000,447.1500
2025-10-15T21:00:00+00:00,QSI,SELL,10525.0000,395.4500
2025-10-15T21:00:00+00:00,RR.L,BUY,619.0000,1700.6800
2025-10-15T21:00:00+00:00,SEYE.ST,BUY,2889.0000,278.2800
2025-10-15T21:00:00+00:00,SGLN.L,BUY,654.0000,255.8400
2025-10-15T21:00:00+00:00,SHEL.L,BUY,3471.0000,250.1400
2025-10-15T21:00:00+00:00,SLX.AX,SELL,2809.0000,1013.8400
2025-10-15T21:00:00+00:00,SMGB.L,BUY,534.0000,302.2300
2025-10-15T21:00:00+00:00,VUL.AX,SELL,7982.0000,356.3900
2025-10-15T21:00:00+00:00,VYGR,SELL,1795.0000,218.7700
2025-10-15T21:00:00+00:00,WBT.AX,SELL,3307.0000,305.2600
2025-11-13T21:00:00+00:00,AL3.AX,BUY,3931.0000,362.8100
2025-11-13T21:00:00+00:00,ALCLS.PA,BUY,1386.0000,360.9500
2025-11-13T21:00:00+00:00,ALMDT.PA,SELL,105.0000,268.9200
2025-11-13T21:00:00+00:00,AXE.AX,BUY,783.0000,193.6300
2025-11-13T21:00:00+00:00,AZN.L,SELL,2337.0000,218.5300
2025-11-13T21:00:00+00:00,BGO.L,BUY,3031.0000,156.1400
2025-11-13T21:00:00+00:00,BRK-B,SELL,1689.0000,237.3900
2025-11-13T21:00:00+00:00,BRNT.L,SELL,1429.0000,241.6300
2025-11-13T21:00:00+00:00,DBMG.L,SELL,2078.0000,153.5400
2025-11-13T21:00:00+00:00,EDIT,BUY,8305.0000,251.4300
2025-11-13T21:00:00+00:00,EMV.AX,SELL,3121.0000,158.1700
2025-11-13T21:00:00+00:00,FTC.L,SELL,101.0000,1744.9700
2025-11-13T21:00:00+00:00,GSIT,SELL,5660.0000,481.0200
2025-11-13T21:00:00+00:00,HSBA.L,SELL,2349.0000,405.1900
2025-11-13T21:00:00+00:00,HYT.AX,SELL,2098.0000,495.0200
2025-11-13T21:00:00+00:00,IBTM.L,SELL,1667.0000,109.1500
2025-11-13T21:00:00+00:00,IDN,SELL,5169.0000,402.7500
2025-11-13T21:00:00+00:00,IITU.L,SELL,1106.0000,281.3100
2025-11-13T21:00:00+00:00,IPWR,BUY,11416.0000,139.6000
2025-11-13T21:00:00+00:00,ISF.L,SELL,2052.0000,182.0200
2025-11-13T21:00:00+00:00,LTBR,BUY,2413.0000,780.4300
2025-11-13T21:00:00+00:00,MOLN.SW,SELL,8484.0000,122.1800
2025-11-13T21:00:00+00:00,MSCL.TO,BUY,719.0000,282.6900
2025-11-13T21:00:00+00:00,PLTR,BUY,23.0000,2598.1800
2025-11-13T21:00:00+00:00,PRQR,BUY,2882.0000,361.6600
2025-11-13T21:00:00+00:00,QSI,BUY,12638.0000,212.0900
2025-11-13T21:00:00+00:00,RR.L,SELL,88.0000,1712.9100
2025-11-13T21:00:00+00:00,SEYE.ST,BUY,796.0000,263.6300
2025-11-13T21:00:00+00:00,SGLN.L,SELL,841.0000,260.6400
2025-11-13T21:00:00+00:00,SHEL.L,SELL,2020.0000,268.2500
2025-11-13T21:00:00+00:00,SLX.AX,SELL,1321.0000,1281.3000
2025-11-13T21:00:00+00:00,SMGB.L,SELL,892.0000,310.8100
2025-11-13T21:00:00+00:00,VUL.AX,BUY,1066.0000,329.2600
2025-11-13T21:00:00+00:00,VYGR,BUY,7875.0000,167.0200
2025-11-13T21:00:00+00:00,WBT.AX,SELL,280.0000,304.1700
2025-12-12T21:00:00+00:00,AL3.AX,BUY,529.0000,341.8300
2025-12-12T21:00:00+00:00,ALCLS.PA,SELL,3838.0000,458.8000
2025-12-12T21:00:00+00:00,ALMDT.PA,SELL,678.0000,269.9500
2025-12-12T21:00:00+00:00,AXE.AX,SELL,402.0000,190.8800
2025-12-12T21:00:00+00:00,AZN.L,SELL,636.0000,217.7200
2025-12-12T21:00:00+00:00,BGO.L,SELL,1837.0000,159.6500
2025-12-12T21:00:00+00:00,BRK-B,BUY,479.0000,226.5700
2025-12-12T21:00:00+00:00,BRNT.L,BUY,515.0000,230.2100
2025-12-12T21:00:00+00:00,DBMG.L,SELL,723.0000,152.2300
2025-12-12T21:00:00+00:00,EDIT,SELL,89.0000,245.5300
2025-12-12T21:00:00+00:00,EMV.AX,BUY,1173.0000,149.1800
2025-12-12T21:00:00+00:00,FTC.L,SELL,391.0000,1919.4600
2025-12-12T21:00:00+00:00,GSIT,BUY,3661.0000,360.4400
2025-12-12T21:00:00+00:00,HSBA.L,SELL,291.0000,402.2300
2025-12-12T21:00:00+00:00,HYT.AX,BUY,3962.0000,361.4900
2025-12-12T21:00:00+00:00,IBTM.L,SELL,747.0000,107.6700
2025-12-12T21:00:00+00:00,IDN,SELL,1141.0000,424.8800
2025-12-12T21:00:00+00:00,IITU.L,SELL,72.0000,274.6100
2025-12-12T21:00:00+00:00,IPWR,SELL,5223.0000,154.9400
2025-12-12T21:00:00+00:00,ISF.L,SELL,480.0000,179.7300
2025-12-12T21:00:00+00:00,LTBR,BUY,1161.0000,658.1900
2025-12-12T21:00:00+00:00,MOLN.SW,SELL,1895.0000,123.7100
2025-12-12T21:00:00+00:00,MSCL.TO,BUY,99.0000,273.7000
2025-12-12T21:00:00+00:00,PLTR,SELL,158.0000,2716.3500
2025-12-12T21:00:00+00:00,PRQR,SELL,1308.0000,382.4700
2025-12-12T21:00:00+00:00,QSI,BUY,1926.0000,192.9700
2025-12-12T21:00:00+00:00,RR.L,SELL,20.0000,1676.2200
2025-12-12T21:00:00+00:00,SEYE.ST,BUY,808.0000,247.5300
2025-12-12T21:00:00+00:00,SGLN.L,SELL,730.0000,261.9900
2025-12-12T21:00:00+00:00,SHEL.L,BUY,781.0000,252.0200
2025-12-12T21:00:00+00:00,SLX.AX,BUY,327.0000,1163.9900
2025-12-12T21:00:00+00:00,SMGB.L,SELL,801.0000,315.6800
2025-12-12T21:00:00+00:00,VUL.AX,BUY,12272.0000,190.1600
2025-12-12T21:00:00+00:00,VYGR,SELL,3549.0000,180.6100
2025-12-12T21:00:00+00:00,WBT.AX,SELL,1073.0000,313.2100
2026-01-15T21:00:00+00:00,AL3.AX,SELL,1190.0000,383.0200
2026-01-15T21:00:00+00:00,ALCLS.PA,BUY,2620.0000,395.0100
2026-01-15T21:00:00+00:00,ALMDT.PA,SELL,4448.0000,355.3500
2026-01-15T21:00:00+00:00,AXE.AX,SELL,2516.0000,216.8800
2026-01-15T21:00:00+00:00,AZN.L,SELL,54.0000,227.1500
2026-01-15T21:00:00+00:00,BGO.L,BUY,4127.0000,149.1200
2026-01-15T21:00:00+00:00,BRK-B,BUY,1519.0000,222.5700
2026-01-15T21:00:00+00:00,BRNT.L,SELL,111.0000,240.7600
2026-01-15T21:00:00+00:00,DBMG.L,SELL,251.0000,159.5600
2026-01-15T21:00:00+00:00,EDIT,BUY,6206.0000,202.0400
2026-01-15T21:00:00+00:00,EMV.AX,BUY,399.0000,153.7300
2026-01-15T21:00:00+00:00,FTC.L,SELL,648.0000,2550.3400
2026-01-15T21:00:00+00:00,GSIT,SELL,3534.0000,482.2600
2026-01-15T21:00:00+00:00,HSBA.L,SELL,915.0000,447.4500
2026-01-15T21:00:00+00:00,HYT.AX,SELL,911.0000,399.2800
2026-01-15T21:00:00+00:00,IBTM.L,BUY,2063.0000,107.9300
2026-01-15T21:00:00+00:00,IDN,BUY,2012.0000,385.0400
2026-01-15T21:00:00+00:00,IITU.L,BUY,722.0000,276.3700
2026-01-15T21:00:00+00:00,IPWR,BUY,13314.0000,118.6900
2026-01-15T21:00:00+00:00,ISF.L,SELL,555.0000,190.4400
2026-01-15T21:00:00+00:00,LTBR,SELL,706.0000,745.6000
2026-01-15T21:00:00+00:00,MOLN.SW,BUY,4264.0000,117.9700
2026-01-15T21:00:00+00:00,MSCL.TO,SELL,4153.0000,355.2900
2026-01-15T21:00:00+00:00,PLTR,BUY,177.0000,2610.0000
2026-01-15T21:00:00+00:00,PRQR,BUY,8131.0000,258.3500
2026-01-15T21:00:00+00:00,QSI,BUY,2864.0000,183.2800
2026-01-15T21:00:00+00:00,RR.L,SELL,354.0000,1946.0400
2026-01-15T21:00:00+00:00,SEYE.ST,SELL,2238.0000,285.2300
2026-01-15T21:00:00+00:00,SGLN.L,SELL,685.0000,281.5800
2026-01-15T21:00:00+00:00,SHEL.L,BUY,419.0000,257.6500
2026-01-15T21:00:00+00:00,SLX.AX,BUY,1520.0000,926.4300
2026-01-15T21:00:00+00:00,SMGB.L,SELL,1701.0000,362.5700
2026-01-15T21:00:00+00:00,VUL.AX,SELL,2287.0000,214.2100
2026-01-15T21:00:00+00:00,VYGR,BUY,6398.0000,156.5500
2026-01-15T21:00:00+00:00,WBT.AX,SELL,2042.0000,366.9800
2026-02-13T21:00:00+00:00,AL3.AX,BUY,1626.0000,335.9000
2026-02-13T21:00:00+00:00,ALCLS.PA,BUY,648.0000,366.7900
2026-02-13T21:00:00+00:00,ALMDT.PA,SELL,4322.0000,463.0000
2026-02-13T21:00:00+00:00,AXE.AX,BUY,653.0000,205.1400
2026-02-13T21:00:00+00:00,AZN.L,SELL,2676.0000,244.8300
2026-02-13T21:00:00+00:00,BGO.L,BUY,2486.0000,135.9600
2026-02-13T21:00:00+00:00,BRK-B,SELL,771.0000,221.8700
2026-02-13T21:00:00+00:00,BRNT.L,SELL,2122.0000,254.9000
2026-02-13T21:00:00+00:00,DBMG.L,SELL,2264.0000,164.4300
2026-02-13T21:00:00+00:00,EDIT,BUY,4884.0000,167.9200
2026-02-13T21:00:00+00:00,EMV.AX,SELL,2517.0000,159.1500
2026-02-13T21:00:00+00:00,FTC.L,SELL,155.0000,2644.3000
2026-02-13T21:00:00+00:00,GSIT,BUY,2875.0000,379.0500
2026-02-13T21:00:00+00:00,HSBA.L,SELL,443.0000,448.1000
2026-02-13T21:00:00+00:00,HYT.AX,BUY,4419.0000,298.5200
2026-02-13T21:00:00+00:00,IBTM.L,SELL,1382.0000,107.1800
2026-02-13T21:00:00+00:00,IDN,BUY,3282.0000,307.7900
2026-02-13T21:00:00+00:00,IITU.L,BUY,827.0000,257.7500
2026-02-13T21:00:00+00:00,IPWR,SELL,2147.0000,120.0400
2026-02-13T21:00:00+00:00,ISF.L,SELL,1659.0000,194.6800
2026-02-13T21:00:00+00:00,LTBR,BUY,2582.0000,546.1500
2026-02-13T21:00:00+00:00,MOLN.SW,SELL,5026.0000,126.8000
2026-02-13T21:00:00+00:00,MSCL.TO,SELL,5972.0000,533.2000
2026-02-13T21:00:00+00:00,PLTR,BUY,737.0000,1911.7200
2026-02-13T21:00:00+00:00,PRQR,BUY,1427.0000,235.6200
2026-02-13T21:00:00+00:00,QSI,BUY,7103.0000,145.7400
2026-02-13T21:00:00+00:00,RR.L,SELL,92.0000,1942.9800
2026-02-13T21:00:00+00:00,SEYE.ST,BUY,2569.0000,246.0400
2026-02-13T21:00:00+00:00,SGLN.L,SELL,2000.0000,300.9900
2026-02-13T21:00:00+00:00,SHEL.L,SELL,1722.0000,269.4700
2026-02-13T21:00:00+00:00,SLX.AX,SELL,447.0000,963.9200
2026-02-13T21:00:00+00:00,SMGB.L,SELL,563.0000,363.4700
2026-02-13T21:00:00+00:00,VUL.AX,BUY,4676.0000,177.6600
2026-02-13T21:00:00+00:00,VYGR,BUY,4030.0000,137.1200
2026-02-13T21:00:00+00:00,WBT.AX,SELL,1682.0000,396.2300
2026-03-16T21:00:00+00:00,AL3.AX,BUY,2828.0000,297.2900
2026-03-16T21:00:00+00:00,ALCLS.PA,BUY,1719.0000,340.7800
2026-03-16T21:00:00+00:00,ALMDT.PA,BUY,2260.0000,404.0100
2026-03-16T21:00:00+00:00,AXE.AX,BUY,4295.0000,183.4400
2026-03-16T21:00:00+00:00,AZN.L,BUY,1730.0000,235.0500
2026-03-16T21:00:00+00:00,BGO.L,BUY,4970.0000,125.4400
2026-03-16T21:00:00+00:00,BRK-B,BUY,339.0000,225.6600
2026-03-16T21:00:00+00:00,BRNT.L,SELL,7759.0000,398.8300
2026-03-16T21:00:00+00:00,DBMG.L,SELL,443.0000,171.5700
2026-03-16T21:00:00+00:00,EDIT,SELL,10538.0000,249.1500
2026-03-16T21:00:00+00:00,EMV.AX,BUY,5118.0000,143.7500
2026-03-16T21:00:00+00:00,FTC.L,BUY,206.0000,2489.9300
2026-03-16T21:00:00+00:00,GSIT,SELL,5655.0000,620.1100
2026-03-16T21:00:00+00:00,HSBA.L,BUY,494.0000,444.6700
2026-03-16T21:00:00+00:00,HYT.AX,SELL,2044.0000,343.8000
2026-03-16T21:00:00+00:00,IBTM.L,BUY,802.0000,108.8100
2026-03-16T21:00:00+00:00,IDN,SELL,226.0000,320.9600
2026-03-16T21:00:00+00:00,IITU.L,BUY,230.0000,262.8700
2026-03-16T21:00:00+00:00,IPWR,BUY,1606.0000,119.6900
2026-03-16T21:00:00+00:00,ISF.L,BUY,1112.0000,193.3500
2026-03-16T21:00:00+00:00,LTBR,BUY,1497.0000,493.0500
2026-03-16T21:00:00+00:00,MOLN.SW,BUY,2601.0000,123.6000
2026-03-16T21:00:00+00:00,MSCL.TO,BUY,6501.0000,343.6300
2026-03-16T21:00:00+00:00,PLTR,SELL,417.0000,2284.2200
2026-03-16T21:00:00+00:00,PRQR,SELL,4145.0000,292.0200
2026-03-16T21:00:00+00:00,QSI,BUY,2066.0000,142.7300
2026-03-16T21:00:00+00:00,RR.L,BUY,192.0000,1880.3000
2026-03-16T21:00:00+00:00,SEYE.ST,BUY,8513.0000,186.1500
2026-03-16T21:00:00+00:00,SGLN.L,BUY,277.0000,305.7100
2026-03-16T21:00:00+00:00,SHEL.L,SELL,3040.0000,323.3900
2026-03-16T21:00:00+00:00,SLX.AX,BUY,1737.0000,770.3500
2026-03-16T21:00:00+00:00,SMGB.L,BUY,558.0000,361.8100
2026-03-16T21:00:00+00:00,VUL.AX,BUY,6070.0000,154.3000
2026-03-16T21:00:00+00:00,VYGR,SELL,9021.0000,179.6500
2026-03-16T21:00:00+00:00,WBT.AX,BUY,1133.0000,378.8500
2026-04-16T21:00:00+00:00,AL3.AX,SELL,5813.0000,440.3000
2026-04-16T21:00:00+00:00,ALCLS.PA,SELL,2311.0000,413.0400
2026-04-16T21:00:00+00:00,ALMDT.PA,BUY,210.0000,419.0400
2026-04-16T21:00:00+00:00,AXE.AX,BUY,1701.0000,183.3800
2026-04-16T21:00:00+00:00,AZN.L,BUY,425.0000,243.2000
2026-04-16T21:00:00+00:00,BGO.L,BUY,10139.0000,108.7700
2026-04-16T21:00:00+00:00,BRK-B,BUY,3084.0000,212.5900
2026-04-16T21:00:00+00:00,BRNT.L,BUY,1198.0000,388.4700
2026-04-16T21:00:00+00:00,DBMG.L,BUY,2916.0000,166.5200
2026-04-16T21:00:00+00:00,EDIT,SELL,4376.0000,320.7100
2026-04-16T21:00:00+00:00,EMV.AX,BUY,3005.0000,141.0100
2026-04-16T21:00:00+00:00,FTC.L,SELL,280.0000,2966.4400
2026-04-16T21:00:00+00:00,GSIT,BUY,6184.0000,397.0800
2026-04-16T21:00:00+00:00,HSBA.L,SELL,804.0000,497.6200
2026-04-16T21:00:00+00:00,HYT.AX,BUY,2048.0000,323.4800
2026-04-16T21:00:00+00:00,IBTM.L,BUY,3897.0000,106.8700
2026-04-16T21:00:00+00:00,IDN,SELL,6532.0000,520.6200
2026-04-16T21:00:00+00:00,IITU.L,SELL,385.0000,281.3100
2026-04-16T21:00:00+00:00,IPWR,BUY,2417.0000,120.0900
2026-04-16T21:00:00+00:00,ISF.L,BUY,597.0000,199.5400
2026-04-16T21:00:00+00:00,LTBR,BUY,365.0000,503.4800
2026-04-16T21:00:00+00:00,MOLN.SW,BUY,4137.0000,119.7600
2026-04-16T21:00:00+00:00,MSCL.TO,SELL,1776.0000,402.7000
2026-04-16T21:00:00+00:00,PLTR,BUY,400.0000,2083.9600
2026-04-16T21:00:00+00:00,PRQR,SELL,556.0000,315.7800
2026-04-16T21:00:00+00:00,QSI,SELL,904.0000,153.4700
2026-04-16T21:00:00+00:00,RR.L,BUY,111.0000,1911.1800
2026-04-16T21:00:00+00:00,SEYE.ST,SELL,595.0000,199.5300
2026-04-16T21:00:00+00:00,SGLN.L,BUY,2126.0000,290.0000
2026-04-16T21:00:00+00:00,SHEL.L,BUY,1134.0000,320.5000
2026-04-16T21:00:00+00:00,SLX.AX,SELL,533.0000,870.2500
2026-04-16T21:00:00+00:00,SMGB.L,SELL,1267.0000,412.2900
2026-04-16T21:00:00+00:00,VUL.AX,SELL,3385.0000,177.9000
2026-04-16T21:00:00+00:00,VYGR,BUY,5840.0000,160.7200
2026-04-16T21:00:00+00:00,WBT.AX,BUY,3203.0000,331.1900
2026-05-18T21:00:00+00:00,AL3.AX,BUY,2136.0000,401.5100
2026-05-18T21:00:00+00:00,ALCLS.PA,BUY,2474.0000,372.4600
2026-05-18T21:00:00+00:00,ALMDT.PA,SELL,42.0000,440.6400
2026-05-18T21:00:00+00:00,AXE.AX,BUY,3785.0000,173.1400
2026-05-18T21:00:00+00:00,AZN.L,BUY,3527.0000,224.3500
2026-05-18T21:00:00+00:00,BGO.L,BUY,4302.0000,106.1400
2026-05-18T21:00:00+00:00,BRK-B,BUY,5.0000,222.8800
2026-05-18T21:00:00+00:00,BRNT.L,SELL,2028.0000,465.8000
2026-05-18T21:00:00+00:00,DBMG.L,BUY,610.0000,171.8300
2026-05-18T21:00:00+00:00,EDIT,BUY,7070.0000,247.0400
2026-05-18T21:00:00+00:00,EMV.AX,SELL,1206.0000,151.9800
2026-05-18T21:00:00+00:00,FTC.L,SELL,923.0000,5516.7800
2026-05-18T21:00:00+00:00,GSIT,SELL,4180.0000,566.1000
2026-05-18T21:00:00+00:00,HSBA.L,BUY,546.0000,500.1400
2026-05-18T21:00:00+00:00,HYT.AX,BUY,2016.0000,307.2700
2026-05-18T21:00:00+00:00,IBTM.L,BUY,3341.0000,106.0300
2026-05-18T21:00:00+00:00,IDN,BUY,11863.0000,275.1400
2026-05-18T21:00:00+00:00,IITU.L,SELL,1623.0000,318.1100
2026-05-18T21:00:00+00:00,IPWR,SELL,21532.0000,214.1600
2026-05-18T21:00:00+00:00,ISF.L,BUY,2268.0000,195.1600
2026-05-18T21:00:00+00:00,LTBR,BUY,1685.0000,465.0700
2026-05-18T21:00:00+00:00,MOLN.SW,BUY,8421.0000,108.1900
2026-05-18T21:00:00+00:00,MSCL.TO,BUY,3772.0000,339.9800
2026-05-18T21:00:00+00:00,PLTR,BUY,259.0000,2012.0300
2026-05-18T21:00:00+00:00,PRQR,BUY,6512.0000,249.4000
2026-05-18T21:00:00+00:00,QSI,BUY,10307.0000,128.5300
2026-05-18T21:00:00+00:00,RR.L,BUY,419.0000,1777.2500
2026-05-18T21:00:00+00:00,SEYE.ST,SELL,7407.0000,273.6700
2026-05-18T21:00:00+00:00,SGLN.L,BUY,2122.0000,276.9400
2026-05-18T21:00:00+00:00,SHEL.L,BUY,1544.0000,311.5100
2026-05-18T21:00:00+00:00,SLX.AX,BUY,852.0000,816.1200
2026-05-18T21:00:00+00:00,SMGB.L,SELL,2245.0000,507.1100
2026-05-18T21:00:00+00:00,VUL.AX,BUY,303.0000,184.9500
2026-05-18T21:00:00+00:00,VYGR,BUY,5985.0000,146.1300
2026-05-18T21:00:00+00:00,WBT.AX,SELL,6686.0000,536.5900
2026-06-17T21:00:00+00:00,AL3.AX,BUY,4819.0000,306.8100
2026-06-17T21:00:00+00:00,ALCLS.PA,BUY,3850.0000,302.3900
2026-06-17T21:00:00+00:00,ALMDT.PA,SELL,176.0000,440.8900
2026-06-17T21:00:00+00:00,AXE.AX,SELL,4873.0000,196.3800
2026-06-17T21:00:00+00:00,AZN.L,BUY,184.0000,220.4500
2026-06-17T21:00:00+00:00,BGO.L,SELL,2657.0000,109.6500
2026-06-17T21:00:00+00:00,BRK-B,SELL,247.0000,222.2400
2026-06-17T21:00:00+00:00,BRNT.L,BUY,3893.0000,361.0800
2026-06-17T21:00:00+00:00,DBMG.L,BUY,150.0000,169.2400
2026-06-17T21:00:00+00:00,EDIT,SELL,273.0000,246.8000
2026-06-17T21:00:00+00:00,EMV.AX,BUY,4113.0000,137.2400
2026-06-17T21:00:00+00:00,FTC.L,BUY,118.0000,4966.4400
2026-06-17T21:00:00+00:00,GSIT,BUY,2570.0000,458.4200
2026-06-17T21:00:00+00:00,HSBA.L,SELL,1047.0000,537.3100
2026-06-17T21:00:00+00:00,HYT.AX,SELL,1209.0000,322.0100
2026-06-17T21:00:00+00:00,IBTM.L,SELL,1569.0000,107.5600
2026-06-17T21:00:00+00:00,IDN,BUY,749.0000,263.8000
2026-06-17T21:00:00+00:00,IITU.L,SELL,997.0000,330.4700
2026-06-17T21:00:00+00:00,IPWR,BUY,246.0000,210.0800
2026-06-17T21:00:00+00:00,ISF.L,SELL,970.0000,198.6900
2026-06-17T21:00:00+00:00,LTBR,BUY,2336.0000,394.7100
2026-06-17T21:00:00+00:00,MOLN.SW,SELL,4005.0000,114.5200
2026-06-17T21:00:00+00:00,MSCL.TO,BUY,4617.0000,271.4200
2026-06-17T21:00:00+00:00,PLTR,BUY,105.0000,1927.8000
2026-06-17T21:00:00+00:00,PRQR,SELL,2585.0000,273.4000
2026-06-17T21:00:00+00:00,QSI,SELL,4995.0000,140.8300
2026-06-17T21:00:00+00:00,RR.L,SELL,653.0000,2134.0500
2026-06-17T21:00:00+00:00,SEYE.ST,SELL,422.0000,275.4400
2026-06-17T21:00:00+00:00,SGLN.L,BUY,716.0000,265.8200
2026-06-17T21:00:00+00:00,SHEL.L,BUY,1313.0000,289.9900
2026-06-17T21:00:00+00:00,SLX.AX,SELL,423.0000,851.6300
2026-06-17T21:00:00+00:00,SMGB.L,SELL,2366.0000,613.2600
2026-06-17T21:00:00+00:00,VUL.AX,BUY,743.0000,179.1400
2026-06-17T21:00:00+00:00,VYGR,SELL,1227.0000,148.5400
2026-06-17T21:00:00+00:00,WBT.AX,SELL,2015.0000,634.8900
2026-07-16T21:00:00+00:00,AL3.AX,BUY,1276.0000,269.4300
2026-07-16T21:00:00+00:00,ALCLS.PA,BUY,2215.0000,255.2500
2026-07-16T21:00:00+00:00,ALMDT.PA,BUY,2453.0000,351.9700
2026-07-16T21:00:00+00:00,AXE.AX,BUY,14246.0000,127.8600
2026-07-16T21:00:00+00:00,AZN.L,SELL,199.0000,206.6400
2026-07-16T21:00:00+00:00,BGO.L,SELL,9296.0000,121.0500
2026-07-16T21:00:00+00:00,BRK-B,SELL,1889.0000,221.1800
2026-07-16T21:00:00+00:00,BRNT.L,SELL,1947.0000,376.9100
2026-07-16T21:00:00+00:00,DBMG.L,SELL,2742.0000,169.6700
2026-07-16T21:00:00+00:00,EDIT,SELL,4446.0000,276.3800
2026-07-16T21:00:00+00:00,EMV.AX,SELL,6768.0000,149.0500
2026-07-16T21:00:00+00:00,FTC.L,BUY,361.0000,3624.1600
2026-07-16T21:00:00+00:00,GSIT,BUY,3906.0000,334.6900
2026-07-16T21:00:00+00:00,HSBA.L,SELL,1264.0000,558.5400
2026-07-16T21:00:00+00:00,HYT.AX,BUY,3335.0000,257.3300
2026-07-16T21:00:00+00:00,IBTM.L,SELL,3478.0000,106.2500
2026-07-16T21:00:00+00:00,IDN,BUY,903.0000,236.9300
2026-07-16T21:00:00+00:00,IITU.L,SELL,735.0000,319.6100
2026-07-16T21:00:00+00:00,IPWR,BUY,8380.0000,153.9400
2026-07-16T21:00:00+00:00,ISF.L,SELL,2544.0000,200.5600
2026-07-16T21:00:00+00:00,LTBR,BUY,3488.0000,303.3100
2026-07-16T21:00:00+00:00,MOLN.SW,SELL,4531.0000,115.8600
2026-07-16T21:00:00+00:00,MSCL.TO,SELL,8893.0000,401.7300
2026-07-16T21:00:00+00:00,PLTR,SELL,296.0000,1967.2000
2026-07-16T21:00:00+00:00,PRQR,SELL,1453.0000,271.0800
2026-07-16T21:00:00+00:00,QSI,BUY,3800.0000,121.1500
2026-07-16T21:00:00+00:00,RR.L,SELL,187.0000,2116.2400
2026-07-16T21:00:00+00:00,SEYE.ST,SELL,1383.0000,272.3900
2026-07-16T21:00:00+00:00,SGLN.L,BUY,426.0000,243.2500
2026-07-16T21:00:00+00:00,SHEL.L,SELL,2375.0000,301.9400
2026-07-16T21:00:00+00:00,SLX.AX,BUY,1281.0000,679.0400
2026-07-16T21:00:00+00:00,SMGB.L,BUY,340.0000,553.2500
2026-07-16T21:00:00+00:00,VUL.AX,BUY,6964.0000,139.9500
2026-07-16T21:00:00+00:00,VYGR,BUY,5176.0000,123.6800
2026-07-16T21:00:00+00:00,WBT.AX,BUY,1328.0000,523.3100
2026-08-14T21:00:00+00:00,AL3.AX,BUY,5984.0000,218.0300
2026-08-14T21:00:00+00:00,ALCLS.PA,SELL,2767.0000,296.0400
2026-08-14T21:00:00+00:00,ALMDT.PA,SELL,1309.0000,390.3100
2026-08-14T21:00:00+00:00,AXE.AX,BUY,2744.0000,123.8300
2026-08-14T21:00:00+00:00,AZN.L,BUY,3560.0000,188.7900
2026-08-14T21:00:00+00:00,BGO.L,BUY,6560.0000,109.6500
2026-08-14T21:00:00+00:00,BRK-B,SELL,37.0000,226.9200
2026-08-14T21:00:00+00:00,BRNT.L,SELL,388.0000,395.7200
2026-08-14T21:00:00+00:00,DBMG.L,BUY,605.0000,170.9400
2026-08-14T21:00:00+00:00,EDIT,BUY,931.0000,271.6300
2026-08-14T21:00:00+00:00,EMV.AX,SELL,1333.0000,157.8900
2026-08-14T21:00:00+00:00,FTC.L,BUY,135.0000,3436.2400
2026-08-14T21:00:00+00:00,GSIT,SELL,3935.0000,438.1600
2026-08-14T21:00:00+00:00,HSBA.L,SELL,34.0000,574.0300
2026-08-14T21:00:00+00:00,HYT.AX,BUY,28126.0000,120.1300
2026-08-14T21:00:00+00:00,IBTM.L,BUY,1816.0000,105.5000
2026-08-14T21:00:00+00:00,IDN,BUY,9262.0000,178.2000
2026-08-14T21:00:00+00:00,IITU.L,SELL,584.0000,337.8800
2026-08-14T21:00:00+00:00,IPWR,SELL,6941.0000,191.5000
2026-08-14T21:00:00+00:00,ISF.L,BUY,136.0000,204.5700
2026-08-14T21:00:00+00:00,LTBR,SELL,2602.0000,357.3100
2026-08-14T21:00:00+00:00,MOLN.SW,SELL,365.0000,119.5400
2026-08-14T21:00:00+00:00,MSCL.TO,SELL,1200.0000,447.1700
2026-08-14T21:00:00+00:00,PLTR,SELL,651.0000,2556.2000
2026-08-14T21:00:00+00:00,PRQR,SELL,2506.0000,312.8300
2026-08-14T21:00:00+00:00,QSI,BUY,6489.0000,109.8700
2026-08-14T21:00:00+00:00,RR.L,SELL,249.0000,2375.1400
2026-08-14T21:00:00+00:00,SEYE.ST,SELL,2484.0000,314.1800
2026-08-14T21:00:00+00:00,SGLN.L,SELL,1447.0000,264.6000
2026-08-14T21:00:00+00:00,SHEL.L,SELL,668.0000,320.0200
2026-08-14T21:00:00+00:00,SLX.AX,SELL,673.0000,752.4800
2026-08-14T21:00:00+00:00,SMGB.L,BUY,158.0000,558.7700
2026-08-14T21:00:00+00:00,VUL.AX,SELL,1686.0000,149.2000
2026-08-14T21:00:00+00:00,VYGR,SELL,2498.0000,133.5300
2026-08-14T21:00:00+00:00,WBT.AX,BUY,5643.0000,360.4700
2026-09-15T21:00:00+00:00,AL3.AX,SELL,9835.0000,308.1900
2026-09-15T21:00:00+00:00,ALCLS.PA,BUY,18087.0000,147.0500
2026-09-15T21:00:00+00:00,ALMDT.PA,BUY,3106.0000,302.1200
2026-09-15T21:00:00+00:00,AXE.AX,BUY,4268.0000,105.5800
2026-09-15T21:00:00+00:00,AZN.L,SELL,4105.0000,199.5900
2026-09-15T21:00:00+00:00,BGO.L,SELL,4233.0000,109.6500
2026-09-15T21:00:00+00:00,BRK-B,SELL,2649.0000,232.4700
2026-09-15T21:00:00+00:00,BRNT.L,SELL,4075.0000,494.6100
2026-09-15T21:00:00+00:00,DBMG.L,SELL,3703.0000,176.1200
2026-09-15T21:00:00+00:00,EDIT,SELL,164.0000,253.1400
2026-09-15T21:00:00+00:00,EMV.AX,SELL,2242.0000,154.9200
2026-09-15T21:00:00+00:00,FTC.L,BUY,183.0000,2885.9100
2026-09-15T21:00:00+00:00,GSIT,BUY,4653.0000,305.1700
2026-09-15T21:00:00+00:00,HSBA.L,SELL,649.0000,565.0100
2026-09-15T21:00:00+00:00,HYT.AX,SELL,4325.0000,121.3000
2026-09-15T21:00:00+00:00,IBTM.L,SELL,3577.0000,103.9300
2026-09-15T21:00:00+00:00,IDN,BUY,2462.0000,153.9900
2026-09-15T21:00:00+00:00,IITU.L,SELL,1076.0000,332.0500
2026-09-15T21:00:00+00:00,IPWR,BUY,4958.0000,153.6700
2026-09-15T21:00:00+00:00,ISF.L,SELL,2081.0000,203.2100
2026-09-15T21:00:00+00:00,LTBR,BUY,3190.0000,279.2900
2026-09-15T21:00:00+00:00,MOLN.SW,SELL,3661.0000,118.9900
2026-09-15T21:00:00+00:00,MSCL.TO,SELL,689.0000,435.3300
2026-09-15T21:00:00+00:00,PLTR,SELL,161.0000,2532.5400
2026-09-15T21:00:00+00:00,PRQR,SELL,671.0000,299.5700
2026-09-15T21:00:00+00:00,QSI,SELL,2732.0000,106.8200
2026-09-15T21:00:00+00:00,RR.L,BUY,10.0000,2188.9500
2026-09-15T21:00:00+00:00,SEYE.ST,BUY,14531.0000,167.4900
2026-09-15T21:00:00+00:00,SGLN.L,SELL,1325.0000,259.4700
2026-09-15T21:00:00+00:00,SHEL.L,SELL,3084.0000,352.0700
2026-09-15T21:00:00+00:00,SLX.AX,BUY,780.0000,636.0800
2026-09-15T21:00:00+00:00,SMGB.L,SELL,70.0000,520.2300
2026-09-15T21:00:00+00:00,VUL.AX,BUY,8262.0000,115.1700
2026-09-15T21:00:00+00:00,VYGR,SELL,939.0000,126.0900
2026-09-15T21:00:00+00:00,WBT.AX,BUY,5978.0000,247.5600
