ts,symbol,side,qty,price
2021-09-16T21:00:00+00:00,AL3.AX,BUY,1488.0000,364.2100
2021-09-16T21:00:00+00:00,ALCLS.PA,BUY,341.0000,1252.0400
2021-09-16T21:00:00+00:00,ALMDT.PA,BUY,459.0000,1272.2300
2021-09-16T21:00:00+00:00,AXE.AX,BUY,241.0000,884.4600
2021-09-16T21:00:00+00:00,AZN.L,BUY,60394.0000,120.7600
2021-09-16T21:00:00+00:00,BGO.L,BUY,4766.0000,386.8400
2021-09-16T21:00:00+00:00,BRK-B,BUY,37368.0000,121.7000
2021-09-16T21:00:00+00:00,BRNT.L,BUY,8910.0000,152.1700
2021-09-16T21:00:00+00:00,DBMG.L,BUY,34717.0000,110.2400
2021-09-16T21:00:00+00:00,EDIT,BUY,32.0000,5723.8300
2021-09-16T21:00:00+00:00,EMV.AX,BUY,3803.0000,263.8600
2021-09-16T21:00:00+00:00,FTC.L,BUY,7790.0000,151.0100
2021-09-16T21:00:00+00:00,GSIT,BUY,3521.0000,343.0400
2021-09-16T21:00:00+00:00,HSBA.L,BUY,15431.0000,102.5400
2021-09-16T21:00:00+00:00,IBTM.L,BUY,354024.0000,111.6300
2021-09-16T21:00:00+00:00,IDN,BUY,843.0000,552.9000
2021-09-16T21:00:00+00:00,IITU.L,BUY,33503.0000,126.0100
2021-09-16T21:00:00+00:00,IPWR,BUY,152.0000,547.1600
2021-09-16T21:00:00+00:00,ISF.L,BUY,50442.0000,112.6500
2021-09-16T21:00:00+00:00,LTBR,BUY,564.0000,208.8400
2021-09-16T21:00:00+00:00,MOLN.SW,BUY,2263.0000,566.4400
2021-09-16T21:00:00+00:00,MSCL.TO,BUY,315.0000,603.7100
2021-09-16T21:00:00+00:00,PLTR,BUY,678.0000,409.6300
2021-09-16T21:00:00+00:00,PRQR,BUY,101.0000,1307.8400
2021-09-16T21:00:00+00:00,QSI,BUY,127.0000,1243.8700
2021-09-16T21:00:00+00:00,RR.L,BUY,2918.0000,164.6400
2021-09-16T21:00:00+00:00,SEYE.ST,BUY,1659.0000,561.2900
2021-09-16T21:00:00+00:00,SGLN.L,BUY,144010.0000,104.6100
2021-09-16T21:00:00+00:00,SHEL.L,BUY,10510.0000,116.1600
2021-09-16T21:00:00+00:00,SLX.AX,BUY,1580.0000,250.9900
2021-09-16T21:00:00+00:00,SMGB.L,BUY,15366.0000,131.1400
2021-09-16T21:00:00+00:00,VUL.AX,BUY,286.0000,753.7200
2021-09-16T21:00:00+00:00,VYGR,BUY,3785.0000,120.5300
2021-09-16T21:00:00+00:00,WBT.AX,BUY,1178.0000,249.8500
2021-10-15T21:00:00+00:00,AL3.AX,BUY,216.0000,361.3700
2021-10-15T21:00:00+00:00,ALCLS.PA,SELL,23.0000,1000.1100
2021-10-15T21:00:00+00:00,ALMDT.PA,BUY,45.0000,1373.1800
2021-10-15T21:00:00+00:00,AXE.AX,SELL,39.0000,912.1900
2021-10-15T21:00:00+00:00,AZN.L,SELL,14638.0000,130.4600
2021-10-15T21:00:00+00:00,BGO.L,BUY,1094.0000,307.0200
2021-10-15T21:00:00+00:00,BRK-B,SELL,4825.0000,126.2800
2021-10-15T21:00:00+00:00,BRNT.L,SELL,1660.0000,176.2900
2021-10-15T21:00:00+00:00,DBMG.L,SELL,917.0000,112.1400
2021-10-15T21:00:00+00:00,EDIT,BUY,22.0000,3614.5300
2021-10-15T21:00:00+00:00,EMV.AX,BUY,120.0000,272.7500
2021-10-15T21:00:00+00:00,FTC.L,BUY,2600.0000,140.9400
2021-10-15T21:00:00+00:00,GSIT,BUY,1245.0000,310.6500
2021-10-15T21:00:00+00:00,HSBA.L,SELL,3138.0000,120.6900
2021-10-15T21:00:00+00:00,IBTM.L,BUY,26397.0000,109.7400
2021-10-15T21:00:00+00:00,IDN,SELL,136.0000,537.6500
2021-10-15T21:00:00+00:00,IITU.L,SELL,6711.0000,125.3900
2021-10-15T21:00:00+00:00,IPWR,SELL,12.0000,539.5400
2021-10-15T21:00:00+00:00,ISF.L,BUY,1681.0000,116.1400
2021-10-15T21:00:00+00:00,LTBR,SELL,103.0000,262.0900
2021-10-15T21:00:00+00:00,MOLN.SW,SELL,201.0000,564.2400
2021-10-15T21:00:00+00:00,MSCL.TO,BUY,4.0000,703.8700
2021-10-15T21:00:00+00:00,PLTR,BUY,97.0000,347.9000
2021-10-15T21:00:00+00:00,PRQR,SELL,7.0000,1267.1700
2021-10-15T21:00:00+00:00,QSI,BUY,2.0000,1260.2500
2021-10-15T21:00:00+00:00,RR.L,SELL,959.0000,218.2400
2021-10-15T21:00:00+00:00,SEYE.ST,SELL,980.0000,506.1000
2021-10-15T21:00:00+00:00,SGLN.L,BUY,9008.0000,105.8500
2021-10-15T21:00:00+00:00,SHEL.L,SELL,2431.0000,140.5800
2021-10-15T21:00:00+00:00,SLX.AX,BUY,1005.0000,210.7400
2021-10-15T21:00:00+00:00,SMGB.L,SELL,463.0000,126.5300
2021-10-15T21:00:00+00:00,VUL.AX,BUY,226.0000,609.8000
2021-10-15T21:00:00+00:00,VYGR,SELL,1791.0000,165.2500
2021-10-15T21:00:00+00:00,WBT.AX,BUY,139.0000,288.3400
2021-11-15T21:00:00+00:00,AL3.AX,SELL,144.0000,364.1100
2021-11-15T21:00:00+00:00,ALCLS.PA,SELL,33.0000,982.3100
2021-11-15T21:00:00+00:00,ALMDT.PA,SELL,42.0000,1344.2900
2021-11-15T21:00:00+00:00,AXE.AX,BUY,99.0000,873.1400
2021-11-15T21:00:00+00:00,AZN.L,SELL,6773.0000,133.0300
2021-11-15T21:00:00+00:00,BGO.L,SELL,622.0000,336.8400
2021-11-15T21:00:00+00:00,BRK-B,SELL,4422.0000,128.8600
2021-11-15T21:00:00+00:00,BRNT.L,BUY,3288.0000,173.8200
2021-11-15T21:00:00+00:00,DBMG.L,BUY,5393.0000,117.1000
2021-11-15T21:00:00+00:00,EDIT,SELL,6.0000,3485.7500
2021-11-15T21:00:00+00:00,EMV.AX,BUY,662.0000,246.0400
2021-11-15T21:00:00+00:00,FTC.L,SELL,3902.0000,157.7200
2021-11-15T21:00:00+00:00,GSIT,SELL,3054.0000,382.2800
2021-11-15T21:00:00+00:00,HSBA.L,BUY,7775.0000,121.3900
2021-11-15T21:00:00+00:00,IBTM.L,BUY,3737.0000,112.1600
2021-11-15T21:00:00+00:00,IDN,BUY,36.0000,384.5000
2021-11-15T21:00:00+00:00,IITU.L,BUY,7343.0000,137.9700
2021-11-15T21:00:00+00:00,IPWR,BUY,107.0000,579.4900
2021-11-15T21:00:00+00:00,ISF.L,BUY,4596.0000,118.1100
2021-11-15T21:00:00+00:00,LTBR,SELL,310.0000,535.7200
2021-11-15T21:00:00+00:00,MOLN.SW,BUY,771.0000,436.9200
2021-11-15T21:00:00+00:00,MSCL.TO,BUY,140.0000,622.2800
2021-11-15T21:00:00+00:00,PLTR,BUY,101.0000,345.7200
2021-11-15T21:00:00+00:00,PRQR,SELL,14.0000,1271.3000
2021-11-15T21:00:00+00:00,QSI,SELL,25.0000,1177.9000
2021-11-15T21:00:00+00:00,RR.L,BUY,1042.0000,217.3900
2021-11-15T21:00:00+00:00,SEYE.ST,BUY,662.0000,650.5100
2021-11-15T21:00:00+00:00,SGLN.L,SELL,19546.0000,114.0200
2021-11-15T21:00:00+00:00,SHEL.L,BUY,1722.0000,134.4400
2021-11-15T21:00:00+00:00,SLX.AX,SELL,342.0000,210.8100
2021-11-15T21:00:00+00:00,SMGB.L,BUY,322.0000,147.5000
2021-11-15T21:00:00+00:00,VUL.AX,BUY,380.0000,562.3300
2021-11-15T21:00:00+00:00,VYGR,SELL,287.0000,140.4300
2021-11-15T21:00:00+00:00,WBT.AX,BUY,321.0000,275.4100
2021-12-14T21:00:00+00:00,AL3.AX,BUY,46.0000,337.1000
2021-12-14T21:00:00+00:00,ALCLS.PA,BUY,460.0000,767.7600
2021-12-14T21:00:00+00:00,ALMDT.PA,SELL,65.0000,1274.6400
2021-12-14T21:00:00+00:00,AXE.AX,BUY,133.0000,629.6800
2021-12-14T21:00:00+00:00,AZN.L,BUY,14999.0000,122.0500
2021-12-14T21:00:00+00:00,BGO.L,SELL,460.0000,335.9600
2021-12-14T21:00:00+00:00,BRK-B,BUY,2738.0000,135.6100
2021-12-14T21:00:00+00:00,BRNT.L,SELL,3721.0000,163.2500
2021-12-14T21:00:00+00:00,DBMG.L,SELL,2884.0000,114.4600
2021-12-14T21:00:00+00:00,EDIT,BUY,80.0000,2814.6400
2021-12-14T21:00:00+00:00,EMV.AX,BUY,684.0000,246.6400
2021-12-14T21:00:00+00:00,FTC.L,BUY,3107.0000,151.0100
2021-12-14T21:00:00+00:00,GSIT,BUY,1870.0000,301.6300
2021-12-14T21:00:00+00:00,HSBA.L,BUY,520.0000,120.8300
2021-12-14T21:00:00+00:00,IBTM.L,SELL,55656.0000,115.2600
2021-12-14T21:00:00+00:00,IDN,BUY,485.0000,345.7500
2021-12-14T21:00:00+00:00,IITU.L,BUY,1595.0000,140.7900
2021-12-14T21:00:00+00:00,IPWR,BUY,137.0000,373.8400
2021-12-14T21:00:00+00:00,ISF.L,BUY,19269.0000,116.1300
2021-12-14T21:00:00+00:00,LTBR,BUY,387.0000,276.3000
2021-12-14T21:00:00+00:00,MOLN.SW,SELL,1709.0000,473.0500
2021-12-14T21:00:00+00:00,MSCL.TO,BUY,866.0000,507.5900
2021-12-14T21:00:00+00:00,PLTR,BUY,1200.0000,279.5200
2021-12-14T21:00:00+00:00,PRQR,BUY,89.0000,1096.2500
2021-12-14T21:00:00+00:00,QSI,BUY,438.0000,895.9000
2021-12-14T21:00:00+00:00,RR.L,BUY,1815.0000,176.8400
2021-12-14T21:00:00+00:00,SEYE.ST,SELL,151.0000,582.1700
2021-12-14T21:00:00+00:00,SGLN.L,SELL,2395.0000,110.0200
2021-12-14T21:00:00+00:00,SHEL.L,BUY,1487.0000,129.8600
2021-12-14T21:00:00+00:00,SLX.AX,SELL,176.0000,168.3500
2021-12-14T21:00:00+00:00,SMGB.L,BUY,1183.0000,146.6500
2021-12-14T21:00:00+00:00,VUL.AX,SELL,288.0000,638.2500
2021-12-14T21:00:00+00:00,VYGR,BUY,270.0000,115.4900
2021-12-14T21:00:00+00:00,WBT.AX,BUY,249.0000,230.9700
2022-01-17T21:00:00+00:00,AL3.AX,BUY,1021.0000,318.6500
2022-01-17T21:00:00+00:00,ALCLS.PA,SELL,380.0000,699.8100
2022-01-17T21:00:00+00:00,ALMDT.PA,BUY,223.0000,1284.6000
2022-01-17T21:00:00+00:00,AXE.AX,SELL,8.0000,682.3200
2022-01-17T21:00:00+00:00,AZN.L,SELL,2506.0000,130.0900
2022-01-17T21:00:00+00:00,BGO.L,BUY,1511.0000,337.7200
2022-01-17T21:00:00+00:00,BRK-B,SELL,7467.0000,143.5500
2022-01-17T21:00:00+00:00,BRNT.L,SELL,1072.0000,184.5200
2022-01-17T21:00:00+00:00,DBMG.L,BUY,6412.0000,111.3300
2022-01-17T21:00:00+00:00,EDIT,SELL,34.0000,2094.1600
2022-01-17T21:00:00+00:00,EMV.AX,BUY,1330.0000,223.2500
2022-01-17T21:00:00+00:00,FTC.L,SELL,278.0000,154.3600
2022-01-17T21:00:00+00:00,GSIT,SELL,1069.0000,295.5300
2022-01-17T21:00:00+00:00,HSBA.L,SELL,8103.0000,144.2700
2022-01-17T21:00:00+00:00,IBTM.L,SELL,3086.0000,108.5100
2022-01-17T21:00:00+00:00,IDN,SELL,270.0000,320.0400
2022-01-17T21:00:00+00:00,IITU.L,BUY,31660.0000,134.5000
2022-01-17T21:00:00+00:00,IPWR,SELL,4.0000,342.5500
2022-01-17T21:00:00+00:00,ISF.L,SELL,26190.0000,122.5700
2022-01-17T21:00:00+00:00,LTBR,SELL,20.0000,267.8900
2022-01-17T21:00:00+00:00,MOLN.SW,SELL,401.0000,729.0000
2022-01-17T21:00:00+00:00,MSCL.TO,BUY,303.0000,426.2000
2022-01-17T21:00:00+00:00,PLTR,BUY,7.0000,231.3200
2022-01-17T21:00:00+00:00,PRQR,BUY,260.0000,1083.5200
2022-01-17T21:00:00+00:00,QSI,SELL,263.0000,853.0000
2022-01-17T21:00:00+00:00,RR.L,SELL,1888.0000,190.0700
2022-01-17T21:00:00+00:00,SEYE.ST,BUY,890.0000,434.9300
2022-01-17T21:00:00+00:00,SGLN.L,BUY,12947.0000,109.4100
2022-01-17T21:00:00+00:00,SHEL.L,SELL,2765.0000,147.7800
2022-01-17T21:00:00+00:00,SLX.AX,SELL,12.0000,198.4400
2022-01-17T21:00:00+00:00,SMGB.L,SELL,3074.0000,149.5000
2022-01-17T21:00:00+00:00,VUL.AX,BUY,203.0000,498.8900
2022-01-17T21:00:00+00:00,VYGR,BUY,432.0000,118.1100
2022-01-17T21:00:00+00:00,WBT.AX,BUY,362.0000,273.3300
2022-02-15T21:00:00+00:00,AL3.AX,SELL,364.0000,274.3300
2022-02-15T21:00:00+00:00,ALCLS.PA,BUY,54.0000,541.5600
2022-02-15T21:00:00+00:00,ALMDT.PA,SELL,22.0000,1130.0100
2022-02-15T21:00:00+00:00,AXE.AX,BUY,2.0000,562.2800
2022-02-15T21:00:00+00:00,AZN.L,SELL,6064.0000,131.5000
2022-02-15T21:00:00+00:00,BGO.L,SELL,670.0000,335.9600
2022-02-15T21:00:00+00:00,BRK-B,BUY,2583.0000,141.9100
2022-02-15T21:00:00+00:00,BRNT.L,SELL,661.0000,199.6700
2022-02-15T21:00:00+00:00,DBMG.L,BUY,2837.0000,115.7900
2022-02-15T21:00:00+00:00,EDIT,BUY,3.0000,1598.8000
2022-02-15T21:00:00+00:00,EMV.AX,BUY,819.0000,179.0700
2022-02-15T21:00:00+00:00,FTC.L,BUY,1728.0000,157.7200
2022-02-15T21:00:00+00:00,GSIT,SELL,115.0000,274.6300
2022-02-15T21:00:00+00:00,HSBA.L,SELL,1722.0000,154.2200
2022-02-15T21:00:00+00:00,IBTM.L,BUY,24761.0000,107.5400
2022-02-15T21:00:00+00:00,IDN,BUY,246.0000,240.8700
2022-02-15T21:00:00+00:00,IITU.L,SELL,12653.0000,129.2700
2022-02-15T21:00:00+00:00,IPWR,BUY,5.0000,319.0200
2022-02-15T21:00:00+00:00,ISF.L,SELL,7452.0000,122.8600
2022-02-15T21:00:00+00:00,LTBR,SELL,132.0000,294.2300
2022-02-15T21:00:00+00:00,MOLN.SW,SELL,38.0000,758.2200
2022-02-15T21:00:00+00:00,MSCL.TO,SELL,312.0000,393.7200
2022-02-15T21:00:00+00:00,PLTR,SELL,350.0000,207.4700
2022-02-15T21:00:00+00:00,PRQR,BUY,92.0000,204.6500
2022-02-15T21:00:00+00:00,QSI,SELL,43.0000,600.9300
2022-02-15T21:00:00+00:00,RR.L,SELL,137.0000,181.6400
2022-02-15T21:00:00+00:00,SEYE.ST,SELL,214.0000,407.3700
2022-02-15T21:00:00+00:00,SGLN.L,BUY,10356.0000,112.2300
2022-02-15T21:00:00+00:00,SHEL.L,SELL,2133.0000,159.1000
2022-02-15T21:00:00+00:00,SLX.AX,BUY,939.0000,168.8100
2022-02-15T21:00:00+00:00,SMGB.L,SELL,1268.0000,134.8800
2022-02-15T21:00:00+00:00,VUL.AX,BUY,133.0000,456.7000
2022-02-15T21:00:00+00:00,VYGR,SELL,580.0000,149.4000
2022-02-15T21:00:00+00:00,WBT.AX,SELL,506.0000,261.5100
2022-03-16T21:00:00+00:00,AL3.AX,BUY,554.0000,241.0100
2022-03-16T21:00:00+00:00,ALCLS.PA,BUY,102.0000,442.8500
2022-03-16T21:00:00+00:00,ALMDT.PA,SELL,280.0000,1004.6600
2022-03-16T21:00:00+00:00,AXE.AX,BUY,114.0000,521.4600
2022-03-16T21:00:00+00:00,AZN.L,SELL,10031.0000,142.0400
2022-03-16T21:00:00+00:00,BGO.L,SELL,2098.0000,313.1600
2022-03-16T21:00:00+00:00,BRK-B,BUY,365.0000,156.4700
2022-03-16T21:00:00+00:00,BRNT.L,BUY,2065.0000,232.9300
2022-03-16T21:00:00+00:00,DBMG.L,BUY,70713.0000,124.8400
2022-03-16T21:00:00+00:00,EDIT,SELL,15.0000,1609.6100
2022-03-16T21:00:00+00:00,EMV.AX,BUY,366.0000,180.2700
2022-03-16T21:00:00+00:00,FTC.L,BUY,6731.0000,142.6200
2022-03-16T21:00:00+00:00,GSIT,SELL,63.0000,258.4400
2022-03-16T21:00:00+00:00,HSBA.L,SELL,1707.0000,141.4100
2022-03-16T21:00:00+00:00,IBTM.L,BUY,20690.0000,109.8400
2022-03-16T21:00:00+00:00,IDN,BUY,66.0000,155.4200
2022-03-16T21:00:00+00:00,IITU.L,SELL,35697.0000,126.1900
2022-03-16T21:00:00+00:00,IPWR,BUY,34.0000,318.8000
2022-03-16T21:00:00+00:00,ISF.L,SELL,8478.0000,118.9100
2022-03-16T21:00:00+00:00,LTBR,SELL,177.0000,377.7800
2022-03-16T21:00:00+00:00,MOLN.SW,BUY,183.0000,591.7200
2022-03-16T21:00:00+00:00,MSCL.TO,BUY,88.0000,352.8800
2022-03-16T21:00:00+00:00,PLTR,SELL,297.0000,179.0600
2022-03-16T21:00:00+00:00,PRQR,SELL,76.0000,160.3900
2022-03-16T21:00:00+00:00,QSI,BUY,35.0000,598.7700
2022-03-16T21:00:00+00:00,RR.L,BUY,2908.0000,142.4800
2022-03-16T21:00:00+00:00,SEYE.ST,SELL,708.0000,365.8300
2022-03-16T21:00:00+00:00,SGLN.L,SELL,43140.0000,119.6000
2022-03-16T21:00:00+00:00,SHEL.L,BUY,5577.0000,154.0700
2022-03-16T21:00:00+00:00,SLX.AX,SELL,761.0000,191.9100
2022-03-16T21:00:00+00:00,SMGB.L,SELL,2302.0000,131.4000
2022-03-16T21:00:00+00:00,VUL.AX,BUY,58.0000,479.8000
2022-03-16T21:00:00+00:00,VYGR,SELL,994.0000,309.9400
2022-03-16T21:00:00+00:00,WBT.AX,BUY,257.0000,229.9200
2022-04-14T21:00:00+00:00,AL3.AX,BUY,1766.0000,208.1200
2022-04-14T21:00:00+00:00,ALCLS.PA,BUY,53.0000,415.4400
2022-04-14T21:00:00+00:00,ALMDT.PA,BUY,478.0000,1065.0900
2022-04-14T21:00:00+00:00,AXE.AX,SELL,330.0000,543.2500
2022-04-14T21:00:00+00:00,AZN.L,SELL,11720.0000,158.9300
2022-04-14T21:00:00+00:00,BGO.L,SELL,6.0000,317.5400
2022-04-14T21:00:00+00:00,BRK-B,SELL,694.0000,159.4000
2022-04-14T21:00:00+00:00,BRNT.L,SELL,2247.0000,259.4100
2022-04-14T21:00:00+00:00,DBMG.L,SELL,14960.0000,138.9900
2022-04-14T21:00:00+00:00,EDIT,SELL,11.0000,1651.0700
2022-04-14T21:00:00+00:00,EMV.AX,SELL,4834.0000,202.6200
2022-04-14T21:00:00+00:00,FTC.L,SELL,1240.0000,151.0100
2022-04-14T21:00:00+00:00,GSIT,SELL,356.0000,223.0200
2022-04-14T21:00:00+00:00,HSBA.L,BUY,5279.0000,149.4300
2022-04-14T21:00:00+00:00,IBTM.L,BUY,12210.0000,105.1700
2022-04-14T21:00:00+00:00,IDN,BUY,162.0000,141.5000
2022-04-14T21:00:00+00:00,IITU.L,SELL,1832.0000,126.3200
2022-04-14T21:00:00+00:00,IPWR,SELL,64.0000,316.2500
2022-04-14T21:00:00+00:00,ISF.L,BUY,26118.0000,124.4900
2022-04-14T21:00:00+00:00,LTBR,SELL,1.0000,363.4800
2022-04-14T21:00:00+00:00,MOLN.SW,SELL,149.0000,584.3600
2022-04-14T21:00:00+00:00,MSCL.TO,SELL,691.0000,498.2000
2022-04-14T21:00:00+00:00,PLTR,SELL,378.0000,187.5700
2022-04-14T21:00:00+00:00,PRQR,BUY,114.0000,131.8500
2022-04-14T21:00:00+00:00,QSI,SELL,88.0000,645.7800
2022-04-14T21:00:00+00:00,RR.L,SELL,1455.0000,141.0500
2022-04-14T21:00:00+00:00,SEYE.ST,BUY,169.0000,323.0000
2022-04-14T21:00:00+00:00,SGLN.L,BUY,14221.0000,123.5600
2022-04-14T21:00:00+00:00,SHEL.L,BUY,560.0000,177.4100
2022-04-14T21:00:00+00:00,SLX.AX,SELL,1444.0000,268.9100
2022-04-14T21:00:00+00:00,SMGB.L,SELL,155.0000,123.5700
2022-04-14T21:00:00+00:00,VUL.AX,SELL,579.0000,499.3300
2022-04-14T21:00:00+00:00,VYGR,SELL,290.0000,374.5400
2022-04-14T21:00:00+00:00,WBT.AX,SELL,1222.0000,240.4200
2022-05-18T21:00:00+00:00,AL3.AX,SELL,1242.0000,199.3000
2022-05-18T21:00:00+00:00,ALCLS.PA,BUY,172.0000,341.6900
2022-05-18T21:00:00+00:00,ALMDT.PA,SELL,350.0000,866.4300
2022-05-18T21:00:00+00:00,AXE.AX,BUY,383.0000,420.2200
2022-05-18T21:00:00+00:00,AZN.L,BUY,11619.0000,154.5300
2022-05-18T21:00:00+00:00,BGO.L,BUY,955.0000,292.9800
2022-05-18T21:00:00+00:00,BRK-B,BUY,2095.0000,149.1800
2022-05-18T21:00:00+00:00,BRNT.L,BUY,1443.0000,275.6200
2022-05-18T21:00:00+00:00,DBMG.L,SELL,8511.0000,151.7800
2022-05-18T21:00:00+00:00,EDIT,BUY,61.0000,1115.8300
2022-05-18T21:00:00+00:00,EMV.AX,BUY,5110.0000,174.1000
2022-05-18T21:00:00+00:00,FTC.L,BUY,7005.0000,137.5800
2022-05-18T21:00:00+00:00,GSIT,BUY,1159.0000,206.7700
2022-05-18T21:00:00+00:00,HSBA.L,SELL,4714.0000,141.7400
2022-05-18T21:00:00+00:00,IBTM.L,SELL,46505.0000,109.8700
2022-05-18T21:00:00+00:00,IDN,BUY,134.0000,128.8300
2022-05-18T21:00:00+00:00,IITU.L,BUY,1157.0000,119.6300
2022-05-18T21:00:00+00:00,IPWR,SELL,30.0000,413.4700
2022-05-18T21:00:00+00:00,ISF.L,SELL,20974.0000,122.1000
2022-05-18T21:00:00+00:00,LTBR,BUY,153.0000,269.5900
2022-05-18T21:00:00+00:00,MOLN.SW,BUY,807.0000,222.9000
2022-05-18T21:00:00+00:00,MSCL.TO,BUY,503.0000,320.4100
2022-05-18T21:00:00+00:00,PLTR,BUY,450.0000,127.1300
2022-05-18T21:00:00+00:00,PRQR,SELL,46.0000,111.8000
2022-05-18T21:00:00+00:00,QSI,SELL,30.0000,592.0400
2022-05-18T21:00:00+00:00,RR.L,BUY,7467.0000,127.9900
2022-05-18T21:00:00+00:00,SEYE.ST,BUY,846.0000,185.3500
2022-05-18T21:00:00+00:00,SGLN.L,BUY,16615.0000,120.3200
2022-05-18T21:00:00+00:00,SHEL.L,BUY,3847.0000,191.8600
2022-05-18T21:00:00+00:00,SLX.AX,BUY,642.0000,207.8000
2022-05-18T21:00:00+00:00,SMGB.L,BUY,411.0000,124.2100
2022-05-18T21:00:00+00:00,VUL.AX,BUY,495.0000,409.0800
2022-05-18T21:00:00+00:00,VYGR,BUY,150.0000,278.0100
2022-05-18T21:00:00+00:00,WBT.AX,BUY,735.0000,234.0000
2022-06-20T21:00:00+00:00,AL3.AX,SELL,372.0000,172.8100
2022-06-20T21:00:00+00:00,ALCLS.PA,BUY,73.0000,267.4800
2022-06-20T21:00:00+00:00,ALMDT.PA,BUY,41.0000,995.1600
2022-06-20T21:00:00+00:00,AXE.AX,BUY,574.0000,364.5100
2022-06-20T21:00:00+00:00,AZN.L,BUY,1109.0000,151.6600
2022-06-20T21:00:00+00:00,BGO.L,BUY,10500.0000,229.8200
2022-06-20T21:00:00+00:00,BRK-B,SELL,6647.0000,131.7900
2022-06-20T21:00:00+00:00,BRNT.L,BUY,1071.0000,296.7100
2022-06-20T21:00:00+00:00,DBMG.L,SELL,10861.0000,156.9700
2022-06-20T21:00:00+00:00,EDIT,SELL,22.0000,1187.4900
2022-06-20T21:00:00+00:00,EMV.AX,BUY,1974.0000,125.5600
2022-06-20T21:00:00+00:00,FTC.L,SELL,11605.0000,144.3000
2022-06-20T21:00:00+00:00,GSIT,SELL,757.0000,231.4000
2022-06-20T21:00:00+00:00,HSBA.L,SELL,1158.0000,153.7500
2022-06-20T21:00:00+00:00,IBTM.L,SELL,10280.0000,108.3700
2022-06-20T21:00:00+00:00,IDN,SELL,566.0000,121.1800
2022-06-20T21:00:00+00:00,IITU.L,SELL,2243.0000,113.1300
2022-06-20T21:00:00+00:00,IPWR,BUY,120.0000,459.3900
2022-06-20T21:00:00+00:00,ISF.L,BUY,983.0000,117.0700
2022-06-20T21:00:00+00:00,LTBR,SELL,100.0000,226.7100
2022-06-20T21:00:00+00:00,MOLN.SW,SELL,111.0000,248.0800
2022-06-20T21:00:00+00:00,MSCL.TO,BUY,2062.0000,213.3000
2022-06-20T21:00:00+00:00,PLTR,SELL,145.0000,132.1500
2022-06-20T21:00:00+00:00,PRQR,BUY,601.0000,130.4100
2022-06-20T21:00:00+00:00,QSI,BUY,146.0000,478.2700
2022-06-20T21:00:00+00:00,RR.L,SELL,8403.0000,138.1300
2022-06-20T21:00:00+00:00,SEYE.ST,BUY,62.0000,177.0000
2022-06-20T21:00:00+00:00,SGLN.L,BUY,7647.0000,123.2300
2022-06-20T21:00:00+00:00,SHEL.L,BUY,8140.0000,172.2900
2022-06-20T21:00:00+00:00,SLX.AX,BUY,155.0000,308.7600
2022-06-20T21:00:00+00:00,SMGB.L,SELL,326.0000,111.0600
2022-06-20T21:00:00+00:00,VUL.AX,BUY,1110.0000,299.1200
2022-06-20T21:00:00+00:00,VYGR,BUY,960.0000,222.9500
2022-06-20T21:00:00+00:00,WBT.AX,BUY,1687.0000,172.7800
2022-07-19T21:00:00+00:00,AL3.AX,BUY,243.0000,166.1300
2022-07-19T21:00:00+00:00,ALCLS.PA,BUY,70.0000,282.0100
2022-07-19T21:00:00+00:00,ALMDT.PA,BUY,1025.0000,918.7500
2022-07-19T21:00:00+00:00,AXE.AX,BUY,548.0000,353.4600
2022-07-19T21:00:00+00:00,AZN.L,BUY,7002.0000,169.4300
2022-07-19T21:00:00+00:00,BGO.L,SELL,5757.0000,328.0700
2022-07-19T21:00:00+00:00,BRK-B,BUY,134.0000,144.1300
2022-07-19T21:00:00+00:00,BRNT.L,SELL,2542.0000,286.6300
2022-07-19T21:00:00+00:00,DBMG.L,BUY,9910.0000,160.6200
2022-07-19T21:00:00+00:00,EDIT,SELL,24.0000,1852.1700
2022-07-19T21:00:00+00:00,EMV.AX,BUY,1140.0000,174.2900
2022-07-19T21:00:00+00:00,FTC.L,SELL,2874.0000,193.2900
2022-07-19T21:00:00+00:00,GSIT,SELL,479.0000,286.4200
2022-07-19T21:00:00+00:00,HSBA.L,BUY,2135.0000,149.7200
2022-07-19T21:00:00+00:00,IBTM.L,SELL,32290.0000,113.0500
2022-07-19T21:00:00+00:00,IDN,BUY,181.0000,183.3000
2022-07-19T21:00:00+00:00,IITU.L,BUY,925.0000,123.1000
2022-07-19T21:00:00+00:00,IPWR,BUY,63.0000,456.4200
2022-07-19T21:00:00+00:00,ISF.L,SELL,217.0000,120.0800
2022-07-19T21:00:00+00:00,LTBR,BUY,174.0000,263.5400
2022-07-19T21:00:00+00:00,MOLN.SW,BUY,585.0000,201.4800
2022-07-19T21:00:00+00:00,MSCL.TO,SELL,1370.0000,242.9900
2022-07-19T21:00:00+00:00,PLTR,BUY,106.0000,154.8900
2022-07-19T21:00:00+00:00,PRQR,SELL,341.0000,147.5400
2022-07-19T21:00:00+00:00,QSI,BUY,93.0000,502.9300
2022-07-19T21:00:00+00:00,RR.L,BUY,303.0000,141.6800
2022-07-19T21:00:00+00:00,SEYE.ST,BUY,488.0000,171.3700
2022-07-19T21:00:00+00:00,SGLN.L,BUY,39531.0000,117.0400
2022-07-19T21:00:00+00:00,SHEL.L,SELL,10242.0000,166.0400
2022-07-19T21:00:00+00:00,SLX.AX,SELL,379.0000,474.6400
2022-07-19T21:00:00+00:00,SMGB.L,BUY,348.0000,120.2100
2022-07-19T21:00:00+00:00,VUL.AX,SELL,241.0000,342.5600
2022-07-19T21:00:00+00:00,VYGR,SELL,1096.0000,317.6800
2022-07-19T21:00:00+00:00,WBT.AX,SELL,170.0000,229.7800
2022-08-17T21:00:00+00:00,AL3.AX,SELL,1380.0000,253.7000
2022-08-17T21:00:00+00:00,ALCLS.PA,SELL,274.0000,394.6200
2022-08-17T21:00:00+00:00,ALMDT.PA,SELL,855.0000,917.8100
2022-08-17T21:00:00+00:00,AXE.AX,SELL,251.0000,579.4200
2022-08-17T21:00:00+00:00,AZN.L,SELL,23555.0000,167.1700
2022-08-17T21:00:00+00:00,BGO.L,SELL,3273.0000,294.7400
2022-08-17T21:00:00+00:00,BRK-B,BUY,4325.0000,152.7500
2022-08-17T21:00:00+00:00,BRNT.L,BUY,1776.0000,265.2900
2022-08-17T21:00:00+00:00,DBMG.L,SELL,17022.0000,153.5300
2022-08-17T21:00:00+00:00,EDIT,BUY,20.0000,1752.9600
2022-08-17T21:00:00+00:00,EMV.AX,BUY,34.0000,157.7200
2022-08-17T21:00:00+00:00,FTC.L,SELL,3869.0000,177.8500
2022-08-17T21:00:00+00:00,GSIT,BUY,2444.0000,253.6800
2022-08-17T21:00:00+00:00,HSBA.L,SELL,1936.0000,155.9300
2022-08-17T21:00:00+00:00,IBTM.L,BUY,71339.0000,114.1100
2022-08-17T21:00:00+00:00,IDN,BUY,1817.0000,174.6700
2022-08-17T21:00:00+00:00,IITU.L,SELL,1801.0000,137.3300
2022-08-17T21:00:00+00:00,IPWR,BUY,91.0000,549.5700
2022-08-17T21:00:00+00:00,ISF.L,SELL,5414.0000,124.5100
2022-08-17T21:00:00+00:00,LTBR,BUY,479.0000,285.2700
2022-08-17T21:00:00+00:00,MOLN.SW,SELL,855.0000,202.7800
2022-08-17T21:00:00+00:00,MSCL.TO,SELL,1171.0000,266.7200
2022-08-17T21:00:00+00:00,PLTR,BUY,203.0000,154.4400
2022-08-17T21:00:00+00:00,PRQR,BUY,486.0000,154.4300
2022-08-17T21:00:00+00:00,QSI,BUY,4.0000,635.7700
2022-08-17T21:00:00+00:00,RR.L,BUY,2881.0000,126.0600
2022-08-17T21:00:00+00:00,SEYE.ST,SELL,525.0000,205.7500
2022-08-17T21:00:00+00:00,SGLN.L,SELL,2295.0000,120.1500
2022-08-17T21:00:00+00:00,SHEL.L,BUY,7399.0000,179.8600
2022-08-17T21:00:00+00:00,SLX.AX,SELL,197.0000,554.3300
2022-08-17T21:00:00+00:00,SMGB.L,SELL,442.0000,127.4600
2022-08-17T21:00:00+00:00,VUL.AX,SELL,684.0000,489.8300
2022-08-17T21:00:00+00:00,VYGR,BUY,484.0000,264.5700
2022-08-17T21:00:00+00:00,WBT.AX,SELL,810.0000,245.6300
2022-09-16T21:00:00+00:00,AL3.AX,BUY,174.0000,218.8400
2022-09-16T21:00:00+00:00,ALCLS.PA,BUY,825.0000,354.3200
2022-09-16T21:00:00+00:00,ALMDT.PA,BUY,881.0000,797.7500
2022-09-16T21:00:00+00:00,AXE.AX,SELL,360.0000,497.1700
2022-09-16T21:00:00+00:00,AZN.L,BUY,253.0000,153.8000
2022-09-16T21:00:00+00:00,BGO.L,SELL,340.0000,347.3700
2022-09-16T21:00:00+00:00,BRK-B,SELL,7284.0000,145.7400
2022-09-16T21:00:00+00:00,BRNT.L,BUY,12.0000,277.8200
2022-09-16T21:00:00+00:00,DBMG.L,SELL,1336.0000,170.6900
2022-09-16T21:00:00+00:00,EDIT,SELL,13.0000,1637.8800
2022-09-16T21:00:00+00:00,EMV.AX,SELL,16.0000,147.3200
2022-09-16T21:00:00+00:00,FTC.L,BUY,3421.0000,174.5000
2022-09-16T21:00:00+00:00,GSIT,SELL,614.0000,211.4500
2022-09-16T21:00:00+00:00,HSBA.L,BUY,1097.0000,153.7000
2022-09-16T21:00:00+00:00,IBTM.L,SELL,5237.0000,115.4600
2022-09-16T21:00:00+00:00,IDN,SELL,1710.0000,206.1800
2022-09-16T21:00:00+00:00,IITU.L,BUY,4092.0000,123.4700
2022-09-16T21:00:00+00:00,IPWR,SELL,317.0000,577.9600
2022-09-16T21:00:00+00:00,ISF.L,BUY,4378.0000,120.5800
2022-09-16T21:00:00+00:00,LTBR,SELL,138.0000,243.0700
2022-09-16T21:00:00+00:00,MOLN.SW,BUY,1055.0000,228.1100
2022-09-16T21:00:00+00:00,MSCL.TO,BUY,183.0000,178.7800
2022-09-16T21:00:00+00:00,PLTR,SELL,161.0000,134.6000
2022-09-16T21:00:00+00:00,PRQR,SELL,697.0000,143.9500
2022-09-16T21:00:00+00:00,QSI,SELL,161.0000,512.4500
2022-09-16T21:00:00+00:00,RR.L,SELL,1849.0000,114.3900
2022-09-16T21:00:00+00:00,SEYE.ST,BUY,1868.0000,208.9200
2022-09-16T21:00:00+00:00,SGLN.L,SELL,3587.0000,120.3200
2022-09-16T21:00:00+00:00,SHEL.L,SELL,959.0000,189.3000
2022-09-16T21:00:00+00:00,SLX.AX,BUY,376.0000,548.1000
2022-09-16T21:00:00+00:00,SMGB.L,BUY,1710.0000,113.4300
2022-09-16T21:00:00+00:00,VUL.AX,BUY,113.0000,454.3300
2022-09-16T21:00:00+00:00,VYGR,SELL,456.0000,316.0400
2022-09-16T21:00:00+00:00,WBT.AX,BUY,436.0000,210.9800
2022-10-18T21:00:00+00:00,AL3.AX,BUY,251.0000,219.4400
2022-10-18T21:00:00+00:00,ALCLS.PA,SELL,577.0000,279.3600
2022-10-18T21:00:00+00:00,ALMDT.PA,SELL,839.0000,687.6100
2022-10-18T21:00:00+00:00,AXE.AX,BUY,302.0000,446.0600
2022-10-18T21:00:00+00:00,AZN.L,SELL,1874.0000,149.5800
2022-10-18T21:00:00+00:00,BGO.L,BUY,1311.0000,329.8200
2022-10-18T21:00:00+00:00,BRK-B,BUY,1397.0000,150.6700
2022-10-18T21:00:00+00:00,BRNT.L,SELL,1432.0000,276.1100
2022-10-18T21:00:00+00:00,DBMG.L,SELL,1433.0000,177.8700
2022-10-18T21:00:00+00:00,EDIT,SELL,12.0000,1426.0700
2022-10-18T21:00:00+00:00,EMV.AX,BUY,5124.0000,122.5100
2022-10-18T21:00:00+00:00,FTC.L,BUY,5305.0000,147.6500
2022-10-18T21:00:00+00:00,GSIT,BUY,278.0000,151.0800
2022-10-18T21:00:00+00:00,HSBA.L,BUY,12042.0000,135.1700
2022-10-18T21:00:00+00:00,IBTM.L,SELL,77392.0000,111.7500
2022-10-18T21:00:00+00:00,IDN,SELL,204.0000,171.8000
2022-10-18T21:00:00+00:00,IITU.L,SELL,5472.0000,118.3500
2022-10-18T21:00:00+00:00,IPWR,BUY,321.0000,461.6000
2022-10-18T21:00:00+00:00,ISF.L,BUY,40261.0000,115.6400
2022-10-18T21:00:00+00:00,LTBR,SELL,169.0000,243.1700
2022-10-18T21:00:00+00:00,MOLN.SW,SELL,939.0000,218.5100
2022-10-18T21:00:00+00:00,MSCL.TO,BUY,1406.0000,174.2800
2022-10-18T21:00:00+00:00,PLTR,SELL,251.0000,142.4000
2022-10-18T21:00:00+00:00,PRQR,SELL,165.0000,178.1100
2022-10-18T21:00:00+00:00,QSI,SELL,22.0000,490.4400
2022-10-18T21:00:00+00:00,RR.L,BUY,8726.0000,112.1400
2022-10-18T21:00:00+00:00,SEYE.ST,SELL,2054.0000,195.8700
2022-10-18T21:00:00+00:00,SGLN.L,BUY,23532.0000,119.6500
2022-10-18T21:00:00+00:00,SHEL.L,SELL,6666.0000,185.7100
2022-10-18T21:00:00+00:00,SLX.AX,SELL,288.0000,463.5100
2022-10-18T21:00:00+00:00,SMGB.L,SELL,1823.0000,100.2200
2022-10-18T21:00:00+00:00,VUL.AX,BUY,948.0000,337.7300
2022-10-18T21:00:00+00:00,VYGR,SELL,312.0000,292.1000
2022-10-18T21:00:00+00:00,WBT.AX,BUY,1713.0000,200.4200
2022-11-16T21:00:00+00:00,AL3.AX,BUY,68.0000,168.4800
2022-11-16T21:00:00+00:00,ALCLS.PA,SELL,260.0000,240.9500
2022-11-16T21:00:00+00:00,ALMDT.PA,SELL,93.0000,680.4200
2022-11-16T21:00:00+00:00,AXE.AX,SELL,23.0000,413.3000
2022-11-16T21:00:00+00:00,AZN.L,BUY,9804.0000,163.3100
2022-11-16T21:00:00+00:00,BGO.L,SELL,4027.0000,334.2100
2022-11-16T21:00:00+00:00,BRK-B,SELL,1077.0000,157.8500
2022-11-16T21:00:00+00:00,BRNT.L,BUY,3347.0000,279.1400
2022-11-16T21:00:00+00:00,DBMG.L,SELL,360.0000,157.8900
2022-11-16T21:00:00+00:00,EDIT,BUY,40.0000,1339.9100
2022-11-16T21:00:00+00:00,EMV.AX,SELL,10643.0000,185.8800
2022-11-16T21:00:00+00:00,FTC.L,BUY,115.0000,161.0700
2022-11-16T21:00:00+00:00,GSIT,SELL,257.0000,135.1800
2022-11-16T21:00:00+00:00,HSBA.L,BUY,19.0000,138.0000
2022-11-16T21:00:00+00:00,IBTM.L,BUY,1260.0000,109.2400
2022-11-16T21:00:00+00:00,IDN,BUY,376.0000,144.0200
2022-11-16T21:00:00+00:00,IITU.L,BUY,7300.0000,123.0500
2022-11-16T21:00:00+00:00,IPWR,SELL,13.0000,571.7000
2022-11-16T21:00:00+00:00,ISF.L,BUY,3545.0000,122.5600
2022-11-16T21:00:00+00:00,LTBR,BUY,253.0000,237.2000
2022-11-16T21:00:00+00:00,MOLN.SW,SELL,487.0000,226.7500
2022-11-16T21:00:00+00:00,MSCL.TO,BUY,2301.0000,105.1200
2022-11-16T21:00:00+00:00,PLTR,BUY,403.0000,134.4300
2022-11-16T21:00:00+00:00,PRQR,BUY,540.0000,177.4300
2022-11-16T21:00:00+00:00,QSI,BUY,199.0000,507.4900
2022-11-16T21:00:00+00:00,RR.L,SELL,5912.0000,131.6700
2022-11-16T21:00:00+00:00,SEYE.ST,SELL,247.0000,160.4900
2022-11-16T21:00:00+00:00,SGLN.L,SELL,14838.0000,122.5900
2022-11-16T21:00:00+00:00,SHEL.L,BUY,11943.0000,197.1400
2022-11-16T21:00:00+00:00,SLX.AX,BUY,212.0000,485.6700
2022-11-16T21:00:00+00:00,SMGB.L,BUY,809.0000,119.2300
2022-11-16T21:00:00+00:00,VUL.AX,SELL,961.0000,425.6400
2022-11-16T21:00:00+00:00,VYGR,BUY,525.0000,241.5900
2022-11-16T21:00:00+00:00,WBT.AX,SELL,1749.0000,290.7100
2022-12-15T21:00:00+00:00,AL3.AX,SELL,332.0000,163.2700
2022-12-15T21:00:00+00:00,ALCLS.PA,BUY,1903.0000,227.9300
2022-12-15T21:00:00+00:00,ALMDT.PA,BUY,1251.0000,660.8400
2022-12-15T21:00:00+00:00,AXE.AX,BUY,291.0000,362.7800
2022-12-15T21:00:00+00:00,AZN.L,BUY,5504.0000,172.6100
2022-12-15T21:00:00+00:00,BGO.L,BUY,4719.0000,346.4900
2022-12-15T21:00:00+00:00,BRK-B,BUY,149.0000,147.6500
2022-12-15T21:00:00+00:00,BRNT.L,BUY,62.0000,241.2200
2022-12-15T21:00:00+00:00,DBMG.L,SELL,12304.0000,146.7400
2022-12-15T21:00:00+00:00,EDIT,SELL,6.0000,1047.3800
2022-12-15T21:00:00+00:00,EMV.AX,BUY,477.0000,183.4100
2022-12-15T21:00:00+00:00,FTC.L,SELL,9300.0000,194.6300
2022-12-15T21:00:00+00:00,GSIT,BUY,330.0000,115.7700
2022-12-15T21:00:00+00:00,HSBA.L,SELL,7176.0000,142.9800
2022-12-15T21:00:00+00:00,IBTM.L,SELL,1543.0000,108.8300
2022-12-15T21:00:00+00:00,IDN,BUY,303.0000,138.4600
2022-12-15T21:00:00+00:00,IITU.L,BUY,2477.0000,117.4500
2022-12-15T21:00:00+00:00,IPWR,SELL,142.0000,413.7700
2022-12-15T21:00:00+00:00,ISF.L,SELL,19495.0000,124.2100
2022-12-15T21:00:00+00:00,LTBR,BUY,564.0000,216.3400
2022-12-15T21:00:00+00:00,MOLN.SW,BUY,1893.0000,212.8000
2022-12-15T21:00:00+00:00,MSCL.TO,SELL,2429.0000,103.0100
2022-12-15T21:00:00+00:00,PLTR,BUY,195.0000,111.8400
2022-12-15T21:00:00+00:00,PRQR,BUY,933.0000,293.8000
2022-12-15T21:00:00+00:00,QSI,SELL,164.0000,346.7600
2022-12-15T21:00:00+00:00,RR.L,SELL,2656.0000,134.5600
2022-12-15T21:00:00+00:00,SEYE.ST,BUY,2106.0000,135.2700
2022-12-15T21:00:00+00:00,SGLN.L,BUY,13773.0000,119.2900
2022-12-15T21:00:00+00:00,SHEL.L,SELL,2795.0000,190.4000
2022-12-15T21:00:00+00:00,SLX.AX,SELL,245.0000,449.1200
2022-12-15T21:00:00+00:00,SMGB.L,BUY,15182.0000,114.8600
2022-12-15T21:00:00+00:00,VUL.AX,BUY,475.0000,350.1700
2022-12-15T21:00:00+00:00,VYGR,SELL,478.0000,257.2800
2022-12-15T21:00:00+00:00,WBT.AX,SELL,924.0000,334.8100
2023-01-18T21:00:00+00:00,AL3.AX,SELL,119.0000,180.0500
2023-01-18T21:00:00+00:00,ALCLS.PA,SELL,1574.0000,358.4000
2023-01-18T21:00:00+00:00,ALMDT.PA,SELL,481.0000,651.2800
2023-01-18T21:00:00+00:00,AXE.AX,SELL,316.0000,376.7500
2023-01-18T21:00:00+00:00,AZN.L,BUY,33433.0000,175.9200
2023-01-18T21:00:00+00:00,BGO.L,SELL,1660.0000,377.1900
2023-01-18T21:00:00+00:00,BRK-B,SELL,873.0000,152.4200
2023-01-18T21:00:00+00:00,BRNT.L,BUY,367.0000,262.3200
2023-01-18T21:00:00+00:00,DBMG.L,BUY,28569.0000,147.3200
2023-01-18T21:00:00+00:00,EDIT,BUY,69.0000,857.8800
2023-01-18T21:00:00+00:00,EMV.AX,BUY,866.0000,162.8600
2023-01-18T21:00:00+00:00,FTC.L,BUY,4088.0000,167.7900
2023-01-18T21:00:00+00:00,GSIT,BUY,5014.0000,154.6900
2023-01-18T21:00:00+00:00,HSBA.L,SELL,3368.0000,171.4300
2023-01-18T21:00:00+00:00,IBTM.L,SELL,66661.0000,108.6000
2023-01-18T21:00:00+00:00,IDN,SELL,408.0000,170.6200
2023-01-18T21:00:00+00:00,IITU.L,SELL,1054.0000,117.0500
2023-01-18T21:00:00+00:00,IPWR,BUY,124.0000,482.5200
2023-01-18T21:00:00+00:00,ISF.L,SELL,4423.0000,131.0800
2023-01-18T21:00:00+00:00,LTBR,BUY,3.0000,191.7800
2023-01-18T21:00:00+00:00,MOLN.SW,SELL,654.0000,222.9100
2023-01-18T21:00:00+00:00,MSCL.TO,BUY,1044.0000,146.5900
2023-01-18T21:00:00+00:00,PLTR,BUY,433.0000,111.2900
2023-01-18T21:00:00+00:00,PRQR,SELL,993.0000,568.9900
2023-01-18T21:00:00+00:00,QSI,BUY,320.0000,373.3900
2023-01-18T21:00:00+00:00,RR.L,BUY,2675.0000,163.4400
2023-01-18T21:00:00+00:00,SEYE.ST,SELL,936.0000,124.1600
2023-01-18T21:00:00+00:00,SGLN.L,BUY,2153.0000,126.6400
2023-01-18T21:00:00+00:00,SHEL.L,SELL,1384.0000,199.8800
2023-01-18T21:00:00+00:00,SLX.AX,SELL,468.0000,690.8900
2023-01-18T21:00:00+00:00,SMGB.L,SELL,12677.0000,120.6600
2023-01-18T21:00:00+00:00,VUL.AX,BUY,72.0000,388.9800
2023-01-18T21:00:00+00:00,VYGR,BUY,165.0000,414.3700
2023-01-18T21:00:00+00:00,WBT.AX,BUY,630.0000,379.3400
2023-02-16T21:00:00+00:00,AL3.AX,SELL,478.0000,186.3800
2023-02-16T21:00:00+00:00,ALCLS.PA,SELL,176.0000,269.4300
2023-02-16T21:00:00+00:00,ALMDT.PA,BUY,1300.0000,589.4300
2023-02-16T21:00:00+00:00,AXE.AX,BUY,3.0000,361.9000
2023-02-16T21:00:00+00:00,AZN.L,SELL,3582.0000,172.6400
2023-02-16T21:00:00+00:00,BGO.L,SELL,1605.0000,410.5300
2023-02-16T21:00:00+00:00,BRK-B,BUY,83.0000,155.4600
2023-02-16T21:00:00+00:00,BRNT.L,BUY,5792.0000,262.5900
2023-02-16T21:00:00+00:00,DBMG.L,BUY,10609.0000,152.0700
2023-02-16T21:00:00+00:00,EDIT,SELL,36.0000,1075.0100
2023-02-16T21:00:00+00:00,EMV.AX,BUY,296.0000,143.3100
2023-02-16T21:00:00+00:00,FTC.L,BUY,480.0000,187.9200
2023-02-16T21:00:00+00:00,GSIT,SELL,4986.0000,115.9300
2023-02-16T21:00:00+00:00,HSBA.L,SELL,1957.0000,179.4700
2023-02-16T21:00:00+00:00,IBTM.L,BUY,2066.0000,108.2700
2023-02-16T21:00:00+00:00,IDN,BUY,650.0000,178.3600
2023-02-16T21:00:00+00:00,IITU.L,SELL,1664.0000,131.9200
2023-02-16T21:00:00+00:00,IPWR,SELL,145.0000,537.4700
2023-02-16T21:00:00+00:00,ISF.L,BUY,7747.0000,134.1200
2023-02-16T21:00:00+00:00,LTBR,BUY,413.0000,217.9500
2023-02-16T21:00:00+00:00,MOLN.SW,BUY,2029.0000,205.7400
2023-02-16T21:00:00+00:00,MSCL.TO,SELL,1141.0000,201.0100
2023-02-16T21:00:00+00:00,PLTR,SELL,795.0000,159.8000
2023-02-16T21:00:00+00:00,PRQR,BUY,143.0000,527.6200
2023-02-16T21:00:00+00:00,QSI,SELL,68.0000,336.0600
2023-02-16T21:00:00+00:00,RR.L,BUY,211.0000,171.8000
2023-02-16T21:00:00+00:00,SEYE.ST,BUY,1081.0000,164.6400
2023-02-16T21:00:00+00:00,SGLN.L,BUY,4071.0000,125.4400
2023-02-16T21:00:00+00:00,SHEL.L,SELL,15095.0000,217.1900
2023-02-16T21:00:00+00:00,SLX.AX,BUY,97.0000,786.3500
2023-02-16T21:00:00+00:00,SMGB.L,SELL,1626.0000,134.9000
2023-02-16T21:00:00+00:00,VUL.AX,SELL,171.0000,346.0100
2023-02-16T21:00:00+00:00,VYGR,BUY,321.0000,339.9800
2023-02-16T21:00:00+00:00,WBT.AX,SELL,641.0000,496.5100
2023-03-17T21:00:00+00:00,AL3.AX,BUY,38.0000,169.5500
2023-03-17T21:00:00+00:00,ALCLS.PA,BUY,884.0000,205.4800
2023-03-17T21:00:00+00:00,ALMDT.PA,SELL,439.0000,656.6800
2023-03-17T21:00:00+00:00,AXE.AX,BUY,2366.0000,266.0500
2023-03-17T21:00:00+00:00,AZN.L,BUY,2197.0000,166.7000
2023-03-17T21:00:00+00:00,BGO.L,BUY,293.0000,414.0400
2023-03-17T21:00:00+00:00,BRK-B,BUY,2790.0000,147.2000
2023-03-17T21:00:00+00:00,BRNT.L,SELL,11040.0000,227.0600
2023-03-17T21:00:00+00:00,DBMG.L,SELL,9019.0000,136.8100
2023-03-17T21:00:00+00:00,EDIT,BUY,116.0000,898.1200
2023-03-17T21:00:00+00:00,EMV.AX,BUY,201.0000,124.3300
2023-03-17T21:00:00+00:00,FTC.L,BUY,414.0000,164.4300
2023-03-17T21:00:00+00:00,GSIT,BUY,6462.0000,103.4500
2023-03-17T21:00:00+00:00,HSBA.L,BUY,3390.0000,162.0400
2023-03-17T21:00:00+00:00,IBTM.L,BUY,2420.0000,110.2800
2023-03-17T21:00:00+00:00,IDN,BUY,2990.0000,163.9000
2023-03-17T21:00:00+00:00,IITU.L,BUY,611.0000,130.6000
2023-03-17T21:00:00+00:00,IPWR,BUY,499.0000,448.6700
2023-03-17T21:00:00+00:00,ISF.L,SELL,422.0000,123.8500
2023-03-17T21:00:00+00:00,LTBR,BUY,385.0000,179.9400
2023-03-17T21:00:00+00:00,MOLN.SW,BUY,634.0000,190.4200
2023-03-17T21:00:00+00:00,MSCL.TO,SELL,1556.0000,176.9000
2023-03-17T21:00:00+00:00,PLTR,BUY,1212.0000,128.9300
2023-03-17T21:00:00+00:00,PRQR,SELL,182.0000,589.8800
2023-03-17T21:00:00+00:00,QSI,BUY,563.0000,286.1400
2023-03-17T21:00:00+00:00,RR.L,SELL,4646.0000,211.8100
2023-03-17T21:00:00+00:00,SEYE.ST,BUY,63.0000,159.2900
2023-03-17T21:00:00+00:00,SGLN.L,BUY,5257.0000,131.9400
2023-03-17T21:00:00+00:00,SHEL.L,BUY,1679.0000,185.8400
2023-03-17T21:00:00+00:00,SLX.AX,BUY,42.0000,533.3200
2023-03-17T21:00:00+00:00,SMGB.L,BUY,244.0000,135.5400
2023-03-17T21:00:00+00:00,VUL.AX,BUY,768.0000,320.5400
2023-03-17T21:00:00+00:00,VYGR,BUY,168.0000,360.2800
2023-03-17T21:00:00+00:00,WBT.AX,SELL,941.0000,645.0200
2023-04-19T21:00:00+00:00,AL3.AX,BUY,695.0000,180.5800
2023-04-19T21:00:00+00:00,ALCLS.PA,BUY,1905.0000,211.1400
2023-04-19T21:00:00+00:00,ALMDT.PA,BUY,153.0000,640.3200
2023-04-19T21:00:00+00:00,AXE.AX,SELL,1294.0000,233.6200
2023-04-19T21:00:00+00:00,AZN.L,SELL,3275.0000,184.8600
2023-04-19T21:00:00+00:00,BGO.L,BUY,1890.0000,359.6500
2023-04-19T21:00:00+00:00,BRK-B,SELL,2953.0000,157.9300
2023-04-19T21:00:00+00:00,BRNT.L,BUY,1520.0000,252.4400
2023-04-19T21:00:00+00:00,DBMG.L,BUY,4985.0000,137.1500
2023-04-19T21:00:00+00:00,EDIT,SELL,31.0000,846.0700
2023-04-19T21:00:00+00:00,EMV.AX,BUY,143.0000,143.6700
2023-04-19T21:00:00+00:00,FTC.L,BUY,1648.0000,157.7200
2023-04-19T21:00:00+00:00,GSIT,SELL,2609.0000,130.6000
2023-04-19T21:00:00+00:00,HSBA.L,BUY,410.0000,171.4000
2023-04-19T21:00:00+00:00,IBTM.L,SELL,1771.0000,106.8300
2023-04-19T21:00:00+00:00,IDN,SELL,3128.0000,158.3600
2023-04-19T21:00:00+00:00,IITU.L,BUY,4186.0000,133.4700
2023-04-19T21:00:00+00:00,IPWR,SELL,58.0000,413.4500
2023-04-19T21:00:00+00:00,ISF.L,BUY,11349.0000,133.5500
2023-04-19T21:00:00+00:00,LTBR,BUY,135.0000,180.4300
2023-04-19T21:00:00+00:00,MOLN.SW,BUY,7533.0000,200.5000
2023-04-19T21:00:00+00:00,MSCL.TO,BUY,1116.0000,249.0800
2023-04-19T21:00:00+00:00,PLTR,SELL,115.0000,135.3900
2023-04-19T21:00:00+00:00,PRQR,BUY,154.0000,394.4900
2023-04-19T21:00:00+00:00,QSI,SELL,338.0000,248.2600
2023-04-19T21:00:00+00:00,RR.L,BUY,411.0000,234.5300
2023-04-19T21:00:00+00:00,SEYE.ST,BUY,335.0000,170.7300
2023-04-19T21:00:00+00:00,SGLN.L,SELL,46437.0000,131.4400
2023-04-19T21:00:00+00:00,SHEL.L,BUY,4147.0000,206.2800
2023-04-19T21:00:00+00:00,SLX.AX,SELL,52.0000,534.4800
2023-04-19T21:00:00+00:00,SMGB.L,BUY,81.0000,131.2100
2023-04-19T21:00:00+00:00,VUL.AX,SELL,338.0000,311.0500
2023-04-19T21:00:00+00:00,VYGR,BUY,1247.0000,350.7100
2023-04-19T21:00:00+00:00,WBT.AX,BUY,1367.0000,470.7200
2023-05-22T21:00:00+00:00,AL3.AX,BUY,1369.0000,153.5200
2023-05-22T21:00:00+00:00,ALCLS.PA,BUY,1256.0000,185.3700
2023-05-22T21:00:00+00:00,ALMDT.PA,SELL,1289.0000,412.8300
2023-05-22T21:00:00+00:00,AXE.AX,BUY,4467.0000,221.8400
2023-05-22T21:00:00+00:00,AZN.L,BUY,1636.0000,185.5400
2023-05-22T21:00:00+00:00,BGO.L,BUY,168.0000,359.6500
2023-05-22T21:00:00+00:00,BRK-B,BUY,6593.0000,160.4200
2023-05-22T21:00:00+00:00,BRNT.L,SELL,2261.0000,230.2500
2023-05-22T21:00:00+00:00,DBMG.L,SELL,7405.0000,137.7400
2023-05-22T21:00:00+00:00,EDIT,BUY,130.0000,1005.3000
2023-05-22T21:00:00+00:00,EMV.AX,SELL,3577.0000,142.5100
2023-05-22T21:00:00+00:00,FTC.L,BUY,1541.0000,174.5000
2023-05-22T21:00:00+00:00,GSIT,SELL,7767.0000,394.0700
2023-05-22T21:00:00+00:00,HSBA.L,SELL,884.0000,186.9500
2023-05-22T21:00:00+00:00,IBTM.L,BUY,14835.0000,106.6200
2023-05-22T21:00:00+00:00,IDN,BUY,942.0000,165.4600
2023-05-22T21:00:00+00:00,IITU.L,SELL,6351.0000,141.8000
2023-05-22T21:00:00+00:00,IPWR,BUY,435.0000,411.0800
2023-05-22T21:00:00+00:00,ISF.L,BUY,6760.0000,132.2000
2023-05-22T21:00:00+00:00,LTBR,BUY,64.0000,215.1600
2023-05-22T21:00:00+00:00,MOLN.SW,SELL,847.0000,207.0900
2023-05-22T21:00:00+00:00,MSCL.TO,SELL,132.0000,274.3600
2023-05-22T21:00:00+00:00,PLTR,SELL,716.0000,188.2700
2023-05-22T21:00:00+00:00,PRQR,BUY,251.0000,336.9200
2023-05-22T21:00:00+00:00,QSI,BUY,222.0000,281.3000
2023-05-22T21:00:00+00:00,RR.L,SELL,300.0000,237.4700
2023-05-22T21:00:00+00:00,SEYE.ST,BUY,1000.0000,136.9500
2023-05-22T21:00:00+00:00,SGLN.L,BUY,10331.0000,130.1700
2023-05-22T21:00:00+00:00,SHEL.L,SELL,5826.0000,202.9600
2023-05-22T21:00:00+00:00,SLX.AX,BUY,1090.0000,599.7300
2023-05-22T21:00:00+00:00,SMGB.L,BUY,143.0000,140.1100
2023-05-22T21:00:00+00:00,VUL.AX,BUY,5617.0000,218.2500
2023-05-22T21:00:00+00:00,VYGR,SELL,1771.0000,612.3200
2023-05-22T21:00:00+00:00,WBT.AX,SELL,524.0000,453.1900
2023-06-21T21:00:00+00:00,AL3.AX,BUY,1387.0000,121.8000
2023-06-21T21:00:00+00:00,ALCLS.PA,SELL,262.0000,196.5300
2023-06-21T21:00:00+00:00,ALMDT.PA,SELL,661.0000,504.4300
2023-06-21T21:00:00+00:00,AXE.AX,SELL,4742.0000,402.4900
2023-06-21T21:00:00+00:00,AZN.L,BUY,8513.0000,178.6000
2023-06-21T21:00:00+00:00,BGO.L,BUY,5129.0000,337.7200
2023-06-21T21:00:00+00:00,BRK-B,SELL,2796.0000,161.1100
2023-06-21T21:00:00+00:00,BRNT.L,BUY,3892.0000,229.6900
2023-06-21T21:00:00+00:00,DBMG.L,BUY,14062.0000,136.7600
2023-06-21T21:00:00+00:00,EDIT,SELL,24.0000,816.4200
2023-06-21T21:00:00+00:00,EMV.AX,BUY,5982.0000,115.2000
2023-06-21T21:00:00+00:00,FTC.L,SELL,1622.0000,187.9200
2023-06-21T21:00:00+00:00,GSIT,SELL,34.0000,493.3600
2023-06-21T21:00:00+00:00,HSBA.L,BUY,1268.0000,187.2300
2023-06-21T21:00:00+00:00,IBTM.L,SELL,11246.0000,103.6300
2023-06-21T21:00:00+00:00,IDN,SELL,743.0000,172.2400
2023-06-21T21:00:00+00:00,IITU.L,SELL,5844.0000,150.4100
2023-06-21T21:00:00+00:00,IPWR,SELL,260.0000,417.9200
2023-06-21T21:00:00+00:00,ISF.L,BUY,5685.0000,128.8700
2023-06-21T21:00:00+00:00,LTBR,SELL,1059.0000,252.0400
2023-06-21T21:00:00+00:00,MOLN.SW,SELL,5454.0000,196.8300
2023-06-21T21:00:00+00:00,MSCL.TO,BUY,137.0000,227.6500
2023-06-21T21:00:00+00:00,PLTR,SELL,678.0000,227.2400
2023-06-21T21:00:00+00:00,PRQR,BUY,110.0000,301.3300
2023-06-21T21:00:00+00:00,QSI,BUY,44.0000,233.8000
2023-06-21T21:00:00+00:00,RR.L,BUY,159.0000,237.8500
2023-06-21T21:00:00+00:00,SEYE.ST,BUY,1106.0000,122.5200
2023-06-21T21:00:00+00:00,SGLN.L,SELL,9292.0000,124.3600
2023-06-21T21:00:00+00:00,SHEL.L,BUY,5265.0000,200.2900
2023-06-21T21:00:00+00:00,SLX.AX,SELL,50.0000,607.3200
2023-06-21T21:00:00+00:00,SMGB.L,SELL,3903.0000,152.6400
2023-06-21T21:00:00+00:00,VUL.AX,SELL,223.0000,211.5500
2023-06-21T21:00:00+00:00,VYGR,SELL,174.0000,545.5000
2023-06-21T21:00:00+00:00,WBT.AX,SELL,643.0000,630.0400
2023-07-20T21:00:00+00:00,AL3.AX,SELL,1227.0000,124.2000
2023-07-20T21:00:00+00:00,ALCLS.PA,SELL,711.0000,246.6300
2023-07-20T21:00:00+00:00,ALMDT.PA,BUY,546.0000,434.0300
2023-07-20T21:00:00+00:00,AXE.AX,BUY,397.0000,324.5200
2023-07-20T21:00:00+00:00,AZN.L,SELL,9719.0000,164.8800
2023-07-20T21:00:00+00:00,BGO.L,BUY,593.0000,311.4000
2023-07-20T21:00:00+00:00,BRK-B,BUY,3636.0000,162.6900
2023-07-20T21:00:00+00:00,BRNT.L,SELL,601.0000,234.3900
2023-07-20T21:00:00+00:00,DBMG.L,SELL,56571.0000,135.7100
2023-07-20T21:00:00+00:00,EDIT,BUY,14.0000,880.7300
2023-07-20T21:00:00+00:00,EMV.AX,SELL,553.0000,103.1200
2023-07-20T21:00:00+00:00,FTC.L,SELL,1858.0000,208.0500
2023-07-20T21:00:00+00:00,GSIT,BUY,46.0000,327.5000
2023-07-20T21:00:00+00:00,HSBA.L,BUY,3011.0000,193.8600
2023-07-20T21:00:00+00:00,IBTM.L,BUY,39203.0000,102.4000
2023-07-20T21:00:00+00:00,IDN,BUY,40.0000,171.2400
2023-07-20T21:00:00+00:00,IITU.L,BUY,5838.0000,157.2500
2023-07-20T21:00:00+00:00,IPWR,BUY,10.0000,462.2900
2023-07-20T21:00:00+00:00,ISF.L,SELL,14291.0000,130.5200
2023-07-20T21:00:00+00:00,LTBR,BUY,205.0000,255.6900
2023-07-20T21:00:00+00:00,MOLN.SW,SELL,645.0000,192.6900
2023-07-20T21:00:00+00:00,MSCL.TO,BUY,664.0000,194.6900
2023-07-20T21:00:00+00:00,PLTR,BUY,162.0000,262.3100
2023-07-20T21:00:00+00:00,PRQR,SELL,131.0000,283.6800
2023-07-20T21:00:00+00:00,QSI,SELL,582.0000,484.5100
2023-07-20T21:00:00+00:00,RR.L,BUY,6270.0000,233.0900
2023-07-20T21:00:00+00:00,SEYE.ST,SELL,888.0000,132.9200
2023-07-20T21:00:00+00:00,SGLN.L,BUY,24361.0000,125.7100
2023-07-20T21:00:00+00:00,SHEL.L,SELL,1618.0000,203.0000
2023-07-20T21:00:00+00:00,SLX.AX,BUY,669.0000,540.7200
2023-07-20T21:00:00+00:00,SMGB.L,BUY,3483.0000,155.7800
2023-07-20T21:00:00+00:00,VUL.AX,BUY,929.0000,237.1600
2023-07-20T21:00:00+00:00,VYGR,BUY,590.0000,384.0300
2023-07-20T21:00:00+00:00,WBT.AX,BUY,323.0000,487.6600
2023-08-18T21:00:00+00:00,AL3.AX,SELL,2520.0000,159.0300
2023-08-18T21:00:00+00:00,ALCLS.PA,SELL,981.0000,188.2500
2023-08-18T21:00:00+00:00,ALMDT.PA,BUY,677.0000,427.4500
2023-08-18T21:00:00+00:00,AXE.AX,BUY,138.0000,266.7400
2023-08-18T21:00:00+00:00,AZN.L,SELL,11196.0000,165.3500
2023-08-18T21:00:00+00:00,BGO.L,SELL,5136.0000,328.9500
2023-08-18T21:00:00+00:00,BRK-B,BUY,1321.0000,167.9400
2023-08-18T21:00:00+00:00,BRNT.L,SELL,1038.0000,254.9500
2023-08-18T21:00:00+00:00,DBMG.L,BUY,9229.0000,139.6800
2023-08-18T21:00:00+00:00,EDIT,BUY,67.0000,882.6200
2023-08-18T21:00:00+00:00,EMV.AX,SELL,2116.0000,118.6700
2023-08-18T21:00:00+00:00,FTC.L,SELL,3741.0000,214.7700
2023-08-18T21:00:00+00:00,GSIT,SELL,8.0000,234.1100
2023-08-18T21:00:00+00:00,HSBA.L,BUY,1366.0000,179.1000
2023-08-18T21:00:00+00:00,IBTM.L,SELL,5323.0000,100.7700
2023-08-18T21:00:00+00:00,IDN,BUY,2932.0000,169.7600
2023-08-18T21:00:00+00:00,IITU.L,BUY,18913.0000,145.8600
2023-08-18T21:00:00+00:00,IPWR,BUY,870.0000,410.2800
2023-08-18T21:00:00+00:00,ISF.L,SELL,4441.0000,124.9000
2023-08-18T21:00:00+00:00,LTBR,BUY,475.0000,213.8600
2023-08-18T21:00:00+00:00,MOLN.SW,BUY,7119.0000,178.8300
2023-08-18T21:00:00+00:00,MSCL.TO,SELL,881.0000,170.1800
2023-08-18T21:00:00+00:00,PLTR,BUY,773.0000,223.7800
2023-08-18T21:00:00+00:00,PRQR,SELL,215.0000,267.2100
2023-08-18T21:00:00+00:00,QSI,BUY,212.0000,309.4800
2023-08-18T21:00:00+00:00,RR.L,SELL,7588.0000,303.7400
2023-08-18T21:00:00+00:00,SEYE.ST,SELL,765.0000,129.2100
2023-08-18T21:00:00+00:00,SGLN.L,BUY,392.0000,121.8400
2023-08-18T21:00:00+00:00,SHEL.L,SELL,95.0000,202.1400
2023-08-18T21:00:00+00:00,SLX.AX,BUY,320.0000,440.8800
2023-08-18T21:00:00+00:00,SMGB.L,BUY,8495.0000,146.4300
2023-08-18T21:00:00+00:00,VUL.AX,BUY,3038.0000,162.7500
2023-08-18T21:00:00+00:00,VYGR,BUY,162.0000,402.2700
2023-08-18T21:00:00+00:00,WBT.AX,SELL,417.0000,401.3000
2023-09-19T21:00:00+00:00,AL3.AX,BUY,367.0000,179.7300
2023-09-19T21:00:00+00:00,ALCLS.PA,BUY,191.0000,172.3000
2023-09-19T21:00:00+00:00,ALMDT.PA,BUY,186.0000,379.3300
2023-09-19T21:00:00+00:00,AXE.AX,BUY,707.0000,251.4400
2023-09-19T21:00:00+00:00,AZN.L,SELL,9997.0000,164.7000
2023-09-19T21:00:00+00:00,BGO.L,BUY,909.0000,334.2100
2023-09-19T21:00:00+00:00,BRK-B,SELL,4184.0000,181.7000
2023-09-19T21:00:00+00:00,BRNT.L,SELL,918.0000,294.9100
2023-09-19T21:00:00+00:00,DBMG.L,SELL,17049.0000,146.7100
2023-09-19T21:00:00+00:00,EDIT,BUY,247.0000,838.4300
2023-09-19T21:00:00+00:00,EMV.AX,SELL,2986.0000,149.3000
2023-09-19T21:00:00+00:00,FTC.L,BUY,4027.0000,216.7800
2023-09-19T21:00:00+00:00,GSIT,SELL,13.0000,197.5900
2023-09-19T21:00:00+00:00,HSBA.L,SELL,4853.0000,193.4600
2023-09-19T21:00:00+00:00,IBTM.L,BUY,40292.0000,103.0800
2023-09-19T21:00:00+00:00,IDN,SELL,1164.0000,170.6400
2023-09-19T21:00:00+00:00,IITU.L,SELL,544.0000,154.0300
2023-09-19T21:00:00+00:00,IPWR,SELL,106.0000,416.8300
2023-09-19T21:00:00+00:00,ISF.L,SELL,8755.0000,131.9400
2023-09-19T21:00:00+00:00,LTBR,BUY,337.0000,198.5400
2023-09-19T21:00:00+00:00,MOLN.SW,BUY,3155.0000,135.8600
2023-09-19T21:00:00+00:00,MSCL.TO,SELL,459.0000,203.0700
2023-09-19T21:00:00+00:00,PLTR,SELL,561.0000,242.4000
2023-09-19T21:00:00+00:00,PRQR,SELL,29.0000,273.3400
2023-09-19T21:00:00+00:00,QSI,BUY,177.0000,339.6700
2023-09-19T21:00:00+00:00,RR.L,SELL,166.0000,341.1800
2023-09-19T21:00:00+00:00,SEYE.ST,BUY,5007.0000,151.8300
2023-09-19T21:00:00+00:00,SGLN.L,BUY,17360.0000,127.9400
2023-09-19T21:00:00+00:00,SHEL.L,SELL,622.0000,223.8100
2023-09-19T21:00:00+00:00,SLX.AX,SELL,248.0000,521.4100
2023-09-19T21:00:00+00:00,SMGB.L,SELL,7419.0000,151.3600
2023-09-19T21:00:00+00:00,VUL.AX,SELL,333.0000,164.3700
2023-09-19T21:00:00+00:00,VYGR,SELL,79.0000,357.6700
2023-09-19T21:00:00+00:00,WBT.AX,BUY,1257.0000,281.4100
2023-10-18T21:00:00+00:00,AL3.AX,BUY,1536.0000,163.1600
2023-10-18T21:00:00+00:00,ALCLS.PA,BUY,3631.0000,132.0400
2023-10-18T21:00:00+00:00,ALMDT.PA,SELL,620.0000,394.5900
2023-10-18T21:00:00+00:00,AXE.AX,BUY,737.0000,222.4000
2023-10-18T21:00:00+00:00,AZN.L,SELL,3914.0000,164.6400
2023-10-18T21:00:00+00:00,BGO.L,BUY,325.0000,302.6300
2023-10-18T21:00:00+00:00,BRK-B,BUY,6089.0000,170.0000
2023-10-18T21:00:00+00:00,BRNT.L,BUY,57.0000,292.9000
2023-10-18T21:00:00+00:00,DBMG.L,SELL,313.0000,152.4900
2023-10-18T21:00:00+00:00,EDIT,BUY,69.0000,704.2300
2023-10-18T21:00:00+00:00,EMV.AX,BUY,1277.0000,136.6800
2023-10-18T21:00:00+00:00,FTC.L,SELL,253.0000,214.7700
2023-10-18T21:00:00+00:00,GSIT,BUY,72.0000,168.4600
2023-10-18T21:00:00+00:00,HSBA.L,BUY,3634.0000,199.4700
2023-10-18T21:00:00+00:00,IBTM.L,SELL,2712.0000,101.3300
2023-10-18T21:00:00+00:00,IDN,BUY,2183.0000,137.6900
2023-10-18T21:00:00+00:00,IITU.L,SELL,1938.0000,157.0000
2023-10-18T21:00:00+00:00,IPWR,BUY,596.0000,367.0700
2023-10-18T21:00:00+00:00,ISF.L,BUY,13472.0000,131.0400
2023-10-18T21:00:00+00:00,LTBR,BUY,21.0000,233.2600
2023-10-18T21:00:00+00:00,MOLN.SW,SELL,3048.0000,125.0900
2023-10-18T21:00:00+00:00,MSCL.TO,BUY,140.0000,181.2800
2023-10-18T21:00:00+00:00,PLTR,BUY,73.0000,279.8400
2023-10-18T21:00:00+00:00,PRQR,BUY,715.0000,240.0400
2023-10-18T21:00:00+00:00,QSI,BUY,361.0000,212.1700
2023-10-18T21:00:00+00:00,RR.L,BUY,1205.0000,313.7100
2023-10-18T21:00:00+00:00,SEYE.ST,SELL,3924.0000,139.9000
2023-10-18T21:00:00+00:00,SGLN.L,SELL,39336.0000,131.1900
2023-10-18T21:00:00+00:00,SHEL.L,SELL,53.0000,237.4700
2023-10-18T21:00:00+00:00,SLX.AX,BUY,591.0000,448.1700
2023-10-18T21:00:00+00:00,SMGB.L,BUY,7465.0000,154.7100
2023-10-18T21:00:00+00:00,VUL.AX,BUY,901.0000,135.1500
2023-10-18T21:00:00+00:00,VYGR,BUY,566.0000,325.6900
2023-10-18T21:00:00+00:00,WBT.AX,SELL,19.0000,251.9400
2023-11-16T21:00:00+00:00,AL3.AX,BUY,493.0000,185.5400
2023-11-16T21:00:00+00:00,ALCLS.PA,SELL,6507.0000,275.9600
2023-11-16T21:00:00+00:00,ALMDT.PA,BUY,1770.0000,363.0500
2023-11-16T21:00:00+00:00,AXE.AX,BUY,108.0000,223.1500
2023-11-16T21:00:00+00:00,AZN.L,BUY,6432.0000,157.7200
2023-11-16T21:00:00+00:00,BGO.L,SELL,3526.0000,302.6300
2023-11-16T21:00:00+00:00,BRK-B,BUY,2389.0000,175.9400
2023-11-16T21:00:00+00:00,BRNT.L,BUY,901.0000,251.2500
2023-11-16T21:00:00+00:00,DBMG.L,BUY,5091.0000,141.9300
2023-11-16T21:00:00+00:00,EDIT,SELL,317.0000,918.4600
2023-11-16T21:00:00+00:00,EMV.AX,BUY,2197.0000,143.3700
2023-11-16T21:00:00+00:00,FTC.L,BUY,2503.0000,214.7700
2023-11-16T21:00:00+00:00,GSIT,SELL,67.0000,161.7700
2023-11-16T21:00:00+00:00,HSBA.L,BUY,195.0000,189.2000
2023-11-16T21:00:00+00:00,IBTM.L,BUY,2183.0000,102.6700
2023-11-16T21:00:00+00:00,IDN,SELL,415.0000,119.1500
2023-11-16T21:00:00+00:00,IITU.L,BUY,3361.0000,166.3800
2023-11-16T21:00:00+00:00,IPWR,BUY,453.0000,334.4200
2023-11-16T21:00:00+00:00,ISF.L,BUY,13.0000,128.3700
2023-11-16T21:00:00+00:00,LTBR,SELL,537.0000,183.6900
2023-11-16T21:00:00+00:00,MOLN.SW,SELL,5128.0000,141.4100
2023-11-16T21:00:00+00:00,MSCL.TO,BUY,776.0000,208.3700
2023-11-16T21:00:00+00:00,PLTR,SELL,592.0000,315.3400
2023-11-16T21:00:00+00:00,PRQR,SELL,161.0000,251.2600
2023-11-16T21:00:00+00:00,QSI,SELL,267.0000,255.5700
2023-11-16T21:00:00+00:00,RR.L,SELL,716.0000,369.1100
2023-11-16T21:00:00+00:00,SEYE.ST,BUY,614.0000,193.2300
2023-11-16T21:00:00+00:00,SGLN.L,SELL,4481.0000,130.9700
2023-11-16T21:00:00+00:00,SHEL.L,BUY,1079.0000,221.1400
2023-11-16T21:00:00+00:00,SLX.AX,SELL,178.0000,497.8500
2023-11-16T21:00:00+00:00,SMGB.L,BUY,635.0000,166.7000
2023-11-16T21:00:00+00:00,VUL.AX,SELL,1191.0000,138.1600
2023-11-16T21:00:00+00:00,VYGR,SELL,90.0000,290.4800
2023-11-16T21:00:00+00:00,WBT.AX,SELL,465.0000,313.7500
2023-12-15T21:00:00+00:00,AL3.AX,SELL,443.0000,207.6300
2023-12-15T21:00:00+00:00,ALCLS.PA,BUY,112.0000,306.9700
2023-12-15T21:00:00+00:00,ALMDT.PA,SELL,1844.0000,372.3500
2023-12-15T21:00:00+00:00,AXE.AX,BUY,516.0000,204.1300
2023-12-15T21:00:00+00:00,AZN.L,SELL,21524.0000,158.0300
2023-12-15T21:00:00+00:00,BGO.L,BUY,1511.0000,346.4900
2023-12-15T21:00:00+00:00,BRK-B,BUY,15977.0000,169.5400
2023-12-15T21:00:00+00:00,BRNT.L,BUY,980.0000,241.3400
2023-12-15T21:00:00+00:00,DBMG.L,BUY,23175.0000,133.4400
2023-12-15T21:00:00+00:00,EDIT,BUY,145.0000,1112.1200
2023-12-15T21:00:00+00:00,EMV.AX,SELL,1012.0000,133.7500
2023-12-15T21:00:00+00:00,FTC.L,SELL,3276.0000,265.1000
2023-12-15T21:00:00+00:00,GSIT,BUY,131.0000,179.7400
2023-12-15T21:00:00+00:00,HSBA.L,SELL,2394.0000,189.2600
2023-12-15T21:00:00+00:00,IBTM.L,BUY,15548.0000,105.0400
2023-12-15T21:00:00+00:00,IDN,BUY,1304.0000,137.3300
2023-12-15T21:00:00+00:00,IITU.L,BUY,987.0000,171.0100
2023-12-15T21:00:00+00:00,IPWR,BUY,1899.0000,300.1400
2023-12-15T21:00:00+00:00,ISF.L,SELL,8196.0000,131.6000
2023-12-15T21:00:00+00:00,LTBR,BUY,192.0000,152.7600
2023-12-15T21:00:00+00:00,MOLN.SW,BUY,2479.0000,137.2100
2023-12-15T21:00:00+00:00,MSCL.TO,SELL,906.0000,215.6500
2023-12-15T21:00:00+00:00,PLTR,SELL,34.0000,282.3700
2023-12-15T21:00:00+00:00,PRQR,BUY,270.0000,370.0300
2023-12-15T21:00:00+00:00,QSI,SELL,332.0000,266.6200
2023-12-15T21:00:00+00:00,RR.L,SELL,570.0000,437.9500
2023-12-15T21:00:00+00:00,SEYE.ST,SELL,3477.0000,214.6500
2023-12-15T21:00:00+00:00,SGLN.L,SELL,2286.0000,131.4000
2023-12-15T21:00:00+00:00,SHEL.L,SELL,1246.0000,216.6000
2023-12-15T21:00:00+00:00,SLX.AX,SELL,100.0000,608.1400
2023-12-15T21:00:00+00:00,SMGB.L,SELL,4794.0000,180.9000
2023-12-15T21:00:00+00:00,VUL.AX,SELL,1441.0000,129.1500
2023-12-15T21:00:00+00:00,VYGR,SELL,462.0000,344.2300
2023-12-15T21:00:00+00:00,WBT.AX,SELL,223.0000,372.7500
2024-01-18T21:00:00+00:00,AL3.AX,SELL,1013.0000,178.6000
2024-01-18T21:00:00+00:00,ALCLS.PA,SELL,61.0000,262.4400
2024-01-18T21:00:00+00:00,ALMDT.PA,BUY,618.0000,338.8000
2024-01-18T21:00:00+00:00,AXE.AX,SELL,1871.0000,181.9600
2024-01-18T21:00:00+00:00,AZN.L,SELL,6728.0000,161.8500
2024-01-18T21:00:00+00:00,BGO.L,SELL,3286.0000,189.4700
2024-01-18T21:00:00+00:00,BRK-B,BUY,2442.0000,173.6200
2024-01-18T21:00:00+00:00,BRNT.L,SELL,753.0000,249.2600
2024-01-18T21:00:00+00:00,DBMG.L,BUY,32662.0000,136.7800
2024-01-18T21:00:00+00:00,EDIT,SELL,49.0000,837.5000
2024-01-18T21:00:00+00:00,EMV.AX,SELL,3886.0000,178.2200
2024-01-18T21:00:00+00:00,FTC.L,SELL,4052.0000,302.0100
2024-01-18T21:00:00+00:00,GSIT,SELL,72.0000,135.9700
2024-01-18T21:00:00+00:00,HSBA.L,BUY,30133.0000,183.2000
2024-01-18T21:00:00+00:00,IBTM.L,SELL,12513.0000,104.0600
2024-01-18T21:00:00+00:00,IDN,SELL,540.0000,124.1800
2024-01-18T21:00:00+00:00,IITU.L,SELL,13765.0000,175.5300
2024-01-18T21:00:00+00:00,IPWR,SELL,2453.0000,289.9100
2024-01-18T21:00:00+00:00,ISF.L,BUY,22335.0000,129.6400
2024-01-18T21:00:00+00:00,LTBR,BUY,271.0000,139.0500
2024-01-18T21:00:00+00:00,MOLN.SW,SELL,3757.0000,145.7900
2024-01-18T21:00:00+00:00,MSCL.TO,BUY,500.0000,215.7300
2024-01-18T21:00:00+00:00,PLTR,BUY,514.0000,256.3400
2024-01-18T21:00:00+00:00,PRQR,SELL,649.0000,367.5900
2024-01-18T21:00:00+00:00,QSI,BUY,136.0000,246.4900
2024-01-18T21:00:00+00:00,RR.L,BUY,1851.0000,462.7100
2024-01-18T21:00:00+00:00,SEYE.ST,SELL,205.0000,245.2500
2024-01-18T21:00:00+00:00,SGLN.L,SELL,32778.0000,130.2600
2024-01-18T21:00:00+00:00,SHEL.L,BUY,6403.0000,205.4300
2024-01-18T21:00:00+00:00,SLX.AX,SELL,1502.0000,703.8200
2024-01-18T21:00:00+00:00,SMGB.L,SELL,3372.0000,185.2400
2024-01-18T21:00:00+00:00,VUL.AX,SELL,2877.0000,106.0400
2024-01-18T21:00:00+00:00,VYGR,BUY,156.0000,316.3700
2024-01-18T21:00:00+00:00,WBT.AX,SELL,162.0000,283.6600
2024-02-16T21:00:00+00:00,AL3.AX,SELL,490.0000,174.6900
2024-02-16T21:00:00+00:00,ALCLS.PA,SELL,37.0000,279.8900
2024-02-16T21:00:00+00:00,ALMDT.PA,BUY,622.0000,342.8400
2024-02-16T21:00:00+00:00,AXE.AX,SELL,894.0000,195.9800
2024-02-16T21:00:00+00:00,AZN.L,SELL,2047.0000,156.6000
2024-02-16T21:00:00+00:00,BGO.L,SELL,588.0000,197.3700
2024-02-16T21:00:00+00:00,BRK-B,SELL,4340.0000,195.7100
2024-02-16T21:00:00+00:00,BRNT.L,BUY,2091.0000,265.9800
2024-02-16T21:00:00+00:00,DBMG.L,BUY,6444.0000,140.8100
2024-02-16T21:00:00+00:00,EDIT,SELL,65.0000,840.5900
2024-02-16T21:00:00+00:00,EMV.AX,BUY,1029.0000,183.0200
2024-02-16T21:00:00+00:00,FTC.L,SELL,3276.0000,510.0700
2024-02-16T21:00:00+00:00,GSIT,BUY,543.0000,169.5100
2024-02-16T21:00:00+00:00,HSBA.L,SELL,21333.0000,198.5200
2024-02-16T21:00:00+00:00,IBTM.L,BUY,48606.0000,103.5400
2024-02-16T21:00:00+00:00,IDN,SELL,151.0000,124.9400
2024-02-16T21:00:00+00:00,IITU.L,SELL,2042.0000,187.9500
2024-02-16T21:00:00+00:00,IPWR,SELL,291.0000,266.6000
2024-02-16T21:00:00+00:00,ISF.L,SELL,11896.0000,134.1300
2024-02-16T21:00:00+00:00,LTBR,BUY,771.0000,136.2800
2024-02-16T21:00:00+00:00,MOLN.SW,SELL,1160.0000,140.2300
2024-02-16T21:00:00+00:00,MSCL.TO,SELL,224.0000,253.1700
2024-02-16T21:00:00+00:00,PLTR,SELL,585.0000,384.3600
2024-02-16T21:00:00+00:00,PRQR,BUY,183.0000,340.2000
2024-02-16T21:00:00+00:00,QSI,SELL,158.0000,270.2700
2024-02-16T21:00:00+00:00,RR.L,SELL,1658.0000,488.0700
2024-02-16T21:00:00+00:00,SEYE.ST,SELL,185.0000,234.4800
2024-02-16T21:00:00+00:00,SGLN.L,BUY,20689.0000,130.6400
2024-02-16T21:00:00+00:00,SHEL.L,BUY,5375.0000,218.4400
2024-02-16T21:00:00+00:00,SLX.AX,BUY,46.0000,689.5300
2024-02-16T21:00:00+00:00,SMGB.L,SELL,1411.0000,208.9400
2024-02-16T21:00:00+00:00,VUL.AX,SELL,13.0000,102.2500
2024-02-16T21:00:00+00:00,VYGR,BUY,510.0000,330.1300
2024-02-16T21:00:00+00:00,WBT.AX,SELL,161.0000,314.0100
2024-03-18T21:00:00+00:00,AL3.AX,BUY,1206.0000,147.9900
2024-03-18T21:00:00+00:00,ALCLS.PA,BUY,56.0000,250.3600
2024-03-18T21:00:00+00:00,ALMDT.PA,BUY,2966.0000,241.1900
2024-03-18T21:00:00+00:00,AXE.AX,SELL,3.0000,230.1000
2024-03-18T21:00:00+00:00,AZN.L,SELL,980.0000,162.1300
2024-03-18T21:00:00+00:00,BGO.L,BUY,661.0000,189.4700
2024-03-18T21:00:00+00:00,BRK-B,BUY,6378.0000,194.8300
2024-03-18T21:00:00+00:00,BRNT.L,BUY,1401.0000,275.9700
2024-03-18T21:00:00+00:00,DBMG.L,SELL,6869.0000,144.5200
2024-03-18T21:00:00+00:00,EDIT,BUY,11.0000,787.9800
2024-03-18T21:00:00+00:00,EMV.AX,SELL,1392.0000,223.1400
2024-03-18T21:00:00+00:00,FTC.L,BUY,205.0000,496.6400
2024-03-18T21:00:00+00:00,GSIT,BUY,216.0000,230.5000
2024-03-18T21:00:00+00:00,HSBA.L,SELL,5906.0000,195.1100
2024-03-18T21:00:00+00:00,IBTM.L,BUY,15379.0000,102.6200
2024-03-18T21:00:00+00:00,IDN,BUY,3535.0000,120.2900
2024-03-18T21:00:00+00:00,IITU.L,BUY,1892.0000,191.8800
2024-03-18T21:00:00+00:00,IPWR,SELL,1276.0000,434.9400
2024-03-18T21:00:00+00:00,ISF.L,BUY,4344.0000,135.1500
2024-03-18T21:00:00+00:00,LTBR,SELL,759.0000,143.3800
2024-03-18T21:00:00+00:00,MOLN.SW,SELL,389.0000,118.0900
2024-03-18T21:00:00+00:00,MSCL.TO,SELL,20.0000,266.5100
2024-03-18T21:00:00+00:00,PLTR,BUY,10.0000,373.5200
2024-03-18T21:00:00+00:00,PRQR,SELL,673.0000,426.4500
2024-03-18T21:00:00+00:00,QSI,SELL,90.0000,300.5000
2024-03-18T21:00:00+00:00,RR.L,BUY,1309.0000,588.7700
2024-03-18T21:00:00+00:00,SEYE.ST,SELL,726.0000,312.9300
2024-03-18T21:00:00+00:00,SGLN.L,SELL,14167.0000,138.9800
2024-03-18T21:00:00+00:00,SHEL.L,SELL,2355.0000,223.9900
2024-03-18T21:00:00+00:00,SLX.AX,BUY,322.0000,655.6200
2024-03-18T21:00:00+00:00,SMGB.L,BUY,553.0000,217.4000
2024-03-18T21:00:00+00:00,VUL.AX,SELL,2661.0000,158.3000
2024-03-18T21:00:00+00:00,VYGR,SELL,483.0000,393.3400
2024-03-18T21:00:00+00:00,WBT.AX,BUY,233.0000,293.9200
2024-04-18T21:00:00+00:00,AL3.AX,BUY,911.0000,120.5800
2024-04-18T21:00:00+00:00,ALCLS.PA,SELL,25.0000,258.0200
2024-04-18T21:00:00+00:00,ALMDT.PA,SELL,3476.0000,288.4200
2024-04-18T21:00:00+00:00,AXE.AX,SELL,515.0000,258.1600
2024-04-18T21:00:00+00:00,AZN.L,BUY,137.0000,171.9600
2024-04-18T21:00:00+00:00,BGO.L,SELL,970.0000,217.5400
2024-04-18T21:00:00+00:00,BRK-B,BUY,4604.0000,195.0200
2024-04-18T21:00:00+00:00,BRNT.L,BUY,1173.0000,287.9800
2024-04-18T21:00:00+00:00,DBMG.L,SELL,7441.0000,155.3100
2024-04-18T21:00:00+00:00,EDIT,SELL,14.0000,579.1100
2024-04-18T21:00:00+00:00,EMV.AX,BUY,1024.0000,202.0400
2024-04-18T21:00:00+00:00,FTC.L,BUY,102.0000,445.6400
2024-04-18T21:00:00+00:00,GSIT,SELL,376.0000,240.3600
2024-04-18T21:00:00+00:00,HSBA.L,SELL,2313.0000,208.7500
2024-04-18T21:00:00+00:00,IBTM.L,BUY,112471.0000,102.9100
2024-04-18T21:00:00+00:00,IDN,SELL,8545.0000,192.3500
2024-04-18T21:00:00+00:00,IITU.L,SELL,6577.0000,188.7900
2024-04-18T21:00:00+00:00,IPWR,BUY,436.0000,286.3800
2024-04-18T21:00:00+00:00,ISF.L,SELL,6223.0000,138.3500
2024-04-18T21:00:00+00:00,LTBR,BUY,640.0000,114.5100
2024-04-18T21:00:00+00:00,MOLN.SW,BUY,1171.0000,115.0800
2024-04-18T21:00:00+00:00,MSCL.TO,BUY,211.0000,215.2900
2024-04-18T21:00:00+00:00,PLTR,SELL,60.0000,336.1900
2024-04-18T21:00:00+00:00,PRQR,BUY,402.0000,328.2900
2024-04-18T21:00:00+00:00,QSI,BUY,34.0000,242.8700
2024-04-18T21:00:00+00:00,RR.L,SELL,1794.0000,607.6400
2024-04-18T21:00:00+00:00,SEYE.ST,SELL,34.0000,235.7800
2024-04-18T21:00:00+00:00,SGLN.L,SELL,43911.0000,156.6600
2024-04-18T21:00:00+00:00,SHEL.L,BUY,7270.0000,248.5700
2024-04-18T21:00:00+00:00,SLX.AX,SELL,539.0000,714.3200
2024-04-18T21:00:00+00:00,SMGB.L,SELL,2564.0000,211.8800
2024-04-18T21:00:00+00:00,VUL.AX,SELL,372.0000,154.8900
2024-04-18T21:00:00+00:00,VYGR,BUY,401.0000,333.9900
2024-04-18T21:00:00+00:00,WBT.AX,BUY,468.0000,243.7400
2024-05-20T21:00:00+00:00,AL3.AX,SELL,1482.0000,144.9200
2024-05-20T21:00:00+00:00,ALMDT.PA,SELL,542.0000,298.0700
2024-05-20T21:00:00+00:00,AXE.AX,BUY,248.0000,218.9400
2024-05-20T21:00:00+00:00,AZN.L,BUY,1226.0000,190.5800
2024-05-20T21:00:00+00:00,BGO.L,BUY,520.0000,228.0700
2024-05-20T21:00:00+00:00,BRK-B,SELL,5433.0000,197.4100
2024-05-20T21:00:00+00:00,BRNT.L,BUY,154.0000,276.5100
2024-05-20T21:00:00+00:00,DBMG.L,SELL,13386.0000,155.7700
2024-05-20T21:00:00+00:00,EDIT,BUY,302.0000,564.5300
2024-05-20T21:00:00+00:00,EMV.AX,BUY,435.0000,167.0700
2024-05-20T21:00:00+00:00,FTC.L,SELL,989.0000,778.5200
2024-05-20T21:00:00+00:00,GSIT,BUY,505.0000,187.2700
2024-05-20T21:00:00+00:00,HSBA.L,SELL,2103.0000,233.2000
2024-05-20T21:00:00+00:00,IBTM.L,SELL,9561.0000,102.7700
2024-05-20T21:00:00+00:00,IDN,BUY,314.0000,185.8300
2024-05-20T21:00:00+00:00,IITU.L,SELL,6983.0000,200.0400
2024-05-20T21:00:00+00:00,IPWR,BUY,23.0000,296.6200
2024-05-20T21:00:00+00:00,ISF.L,BUY,19804.0000,148.5600
2024-05-20T21:00:00+00:00,LTBR,BUY,210.0000,145.9100
2024-05-20T21:00:00+00:00,MOLN.SW,SELL,373.0000,112.1400
2024-05-20T21:00:00+00:00,MSCL.TO,SELL,443.0000,205.2700
2024-05-20T21:00:00+00:00,PLTR,BUY,970.0000,337.1400
2024-05-20T21:00:00+00:00,PRQR,BUY,227.0000,332.1400
2024-05-20T21:00:00+00:00,QSI,BUY,439.0000,279.0200
2024-05-20T21:00:00+00:00,RR.L,BUY,724.0000,659.4200
2024-05-20T21:00:00+00:00,SEYE.ST,SELL,36.0000,297.3000
2024-05-20T21:00:00+00:00,SGLN.L,BUY,15132.0000,156.0700
2024-05-20T21:00:00+00:00,SHEL.L,BUY,5071.0000,247.6300
2024-05-20T21:00:00+00:00,SLX.AX,SELL,123.0000,966.4000
2024-05-20T21:00:00+00:00,SMGB.L,SELL,2988.0000,229.5200
2024-05-20T21:00:00+00:00,VUL.AX,SELL,1590.0000,247.1900
2024-05-20T21:00:00+00:00,VYGR,SELL,130.0000,366.3600
2024-05-20T21:00:00+00:00,WBT.AX,BUY,472.0000,187.2400
2024-06-19T21:00:00+00:00,AL3.AX,BUY,1375.0000,146.2300
2024-06-19T21:00:00+00:00,ALCLS.PA,BUY,117.0000,193.0600
2024-06-19T21:00:00+00:00,ALMDT.PA,BUY,948.0000,247.0900
2024-06-19T21:00:00+00:00,AXE.AX,BUY,160.0000,195.5800
2024-06-19T21:00:00+00:00,AZN.L,SELL,398.0000,194.4200
2024-06-19T21:00:00+00:00,BGO.L,SELL,274.0000,247.3700
2024-06-19T21:00:00+00:00,BRK-B,BUY,2967.0000,194.8500
2024-06-19T21:00:00+00:00,BRNT.L,SELL,3774.0000,282.4400
2024-06-19T21:00:00+00:00,DBMG.L,BUY,916.0000,154.5100
2024-06-19T21:00:00+00:00,EDIT,SELL,120.0000,515.0500
2024-06-19T21:00:00+00:00,EMV.AX,SELL,519.0000,171.4100
2024-06-19T21:00:00+00:00,FTC.L,SELL,138.0000,973.1500
2024-06-19T21:00:00+00:00,GSIT,BUY,72.0000,176.5500
2024-06-19T21:00:00+00:00,HSBA.L,BUY,1684.0000,232.3300
2024-06-19T21:00:00+00:00,IBTM.L,BUY,40379.0000,104.6400
2024-06-19T21:00:00+00:00,IDN,SELL,254.0000,210.5900
2024-06-19T21:00:00+00:00,IITU.L,SELL,618.0000,227.9700
2024-06-19T21:00:00+00:00,IPWR,SELL,176.0000,274.2500
2024-06-19T21:00:00+00:00,ISF.L,BUY,2521.0000,145.0000
2024-06-19T21:00:00+00:00,LTBR,BUY,1343.0000,111.7000
2024-06-19T21:00:00+00:00,MOLN.SW,SELL,3602.0000,290.8700
2024-06-19T21:00:00+00:00,MSCL.TO,BUY,478.0000,237.7500
2024-06-19T21:00:00+00:00,PLTR,BUY,99.0000,402.3300
2024-06-19T21:00:00+00:00,PRQR,BUY,315.0000,287.8100
2024-06-19T21:00:00+00:00,QSI,BUY,252.0000,206.3500
2024-06-19T21:00:00+00:00,RR.L,BUY,90.0000,713.3200
2024-06-19T21:00:00+00:00,SEYE.ST,SELL,604.0000,322.1500
2024-06-19T21:00:00+00:00,SGLN.L,SELL,5309.0000,149.7200
2024-06-19T21:00:00+00:00,SHEL.L,SELL,13695.0000,242.6800
2024-06-19T21:00:00+00:00,SLX.AX,BUY,360.0000,779.5600
2024-06-19T21:00:00+00:00,SMGB.L,SELL,302.0000,262.6000
2024-06-19T21:00:00+00:00,VUL.AX,BUY,248.0000,216.1400
2024-06-19T21:00:00+00:00,VYGR,BUY,74.0000,353.5300
2024-06-19T21:00:00+00:00,WBT.AX,BUY,513.0000,186.9300
2024-07-18T21:00:00+00:00,AL3.AX,SELL,2868.0000,333.9600
2024-07-18T21:00:00+00:00,ALCLS.PA,SELL,6.0000,205.0300
2024-07-18T21:00:00+00:00,ALMDT.PA,BUY,472.0000,166.5600
2024-07-18T21:00:00+00:00,AXE.AX,BUY,773.0000,174.0400
2024-07-18T21:00:00+00:00,AZN.L,SELL,241.0000,191.0500
2024-07-18T21:00:00+00:00,BGO.L,SELL,424.0000,254.3900
2024-07-18T21:00:00+00:00,BRK-B,SELL,5092.0000,206.3000
2024-07-18T21:00:00+00:00,BRNT.L,BUY,1983.0000,276.9700
2024-07-18T21:00:00+00:00,DBMG.L,SELL,22230.0000,152.8900
2024-07-18T21:00:00+00:00,EDIT,SELL,150.0000,529.4900
2024-07-18T21:00:00+00:00,EMV.AX,BUY,1344.0000,172.7300
2024-07-18T21:00:00+00:00,FTC.L,SELL,170.0000,1010.0700
2024-07-18T21:00:00+00:00,GSIT,SELL,247.0000,181.0000
2024-07-18T21:00:00+00:00,HSBA.L,BUY,439.0000,222.4400
2024-07-18T21:00:00+00:00,IBTM.L,BUY,14795.0000,103.6300
2024-07-18T21:00:00+00:00,IDN,SELL,626.0000,207.1800
2024-07-18T21:00:00+00:00,IITU.L,BUY,4733.0000,214.0300
2024-07-18T21:00:00+00:00,IPWR,BUY,352.0000,289.3800
2024-07-18T21:00:00+00:00,ISF.L,SELL,2050.0000,145.2300
2024-07-18T21:00:00+00:00,LTBR,SELL,1957.0000,146.0400
2024-07-18T21:00:00+00:00,MOLN.SW,BUY,367.0000,201.9600
2024-07-18T21:00:00+00:00,MSCL.TO,SELL,328.0000,207.5000
2024-07-18T21:00:00+00:00,PLTR,SELL,863.0000,436.2800
2024-07-18T21:00:00+00:00,PRQR,SELL,270.0000,304.1700
2024-07-18T21:00:00+00:00,QSI,BUY,516.0000,167.8500
2024-07-18T21:00:00+00:00,RR.L,BUY,56.0000,656.1000
2024-07-18T21:00:00+00:00,SEYE.ST,BUY,717.0000,296.1500
2024-07-18T21:00:00+00:00,SGLN.L,SELL,2082.0000,155.5300
2024-07-18T21:00:00+00:00,SHEL.L,BUY,9415.0000,250.3200
2024-07-18T21:00:00+00:00,SLX.AX,BUY,605.0000,711.9300
2024-07-18T21:00:00+00:00,SMGB.L,BUY,2184.0000,232.3900
2024-07-18T21:00:00+00:00,VUL.AX,SELL,237.0000,214.3700
2024-07-18T21:00:00+00:00,VYGR,SELL,419.0000,357.0400
2024-07-18T21:00:00+00:00,WBT.AX,BUY,888.0000,192.5600
2024-08-16T21:00:00+00:00,AL3.AX,BUY,26.0000,321.1700
2024-08-16T21:00:00+00:00,ALCLS.PA,BUY,4814.0000,199.0700
2024-08-16T21:00:00+00:00,ALMDT.PA,SELL,2260.0000,498.1500
2024-08-16T21:00:00+00:00,AXE.AX,SELL,208.0000,132.4100
2024-08-16T21:00:00+00:00,AZN.L,BUY,8475.0000,206.8100
2024-08-16T21:00:00+00:00,BGO.L,BUY,712.0000,214.0400
2024-08-16T21:00:00+00:00,BRK-B,BUY,2405.0000,209.9400
2024-08-16T21:00:00+00:00,BRNT.L,BUY,322.0000,267.2700
2024-08-16T21:00:00+00:00,DBMG.L,BUY,26626.0000,145.4100
2024-08-16T21:00:00+00:00,EDIT,BUY,318.0000,404.2100
2024-08-16T21:00:00+00:00,EMV.AX,SELL,1355.0000,185.1900
2024-08-16T21:00:00+00:00,FTC.L,BUY,74.0000,939.6000
2024-08-16T21:00:00+00:00,GSIT,BUY,58.0000,156.2800
2024-08-16T21:00:00+00:00,HSBA.L,SELL,3332.0000,222.6700
2024-08-16T21:00:00+00:00,IBTM.L,BUY,9770.0000,106.4500
2024-08-16T21:00:00+00:00,IDN,BUY,790.0000,144.3700
2024-08-16T21:00:00+00:00,IITU.L,SELL,7268.0000,214.5200
2024-08-16T21:00:00+00:00,IPWR,SELL,335.0000,310.7600
2024-08-16T21:00:00+00:00,ISF.L,SELL,7306.0000,148.0200
2024-08-16T21:00:00+00:00,LTBR,SELL,319.0000,115.7800
2024-08-16T21:00:00+00:00,MOLN.SW,BUY,295.0000,190.9600
2024-08-16T21:00:00+00:00,MSCL.TO,BUY,143.0000,209.0700
2024-08-16T21:00:00+00:00,PLTR,SELL,155.0000,494.3000
2024-08-16T21:00:00+00:00,PRQR,SELL,88.0000,376.0500
2024-08-16T21:00:00+00:00,QSI,SELL,652.0000,151.8700
2024-08-16T21:00:00+00:00,RR.L,SELL,249.0000,756.3400
2024-08-16T21:00:00+00:00,SEYE.ST,SELL,239.0000,327.4000
2024-08-16T21:00:00+00:00,SGLN.L,SELL,6348.0000,157.9100
2024-08-16T21:00:00+00:00,SHEL.L,SELL,5258.0000,248.6900
2024-08-16T21:00:00+00:00,SLX.AX,SELL,842.0000,608.6500
2024-08-16T21:00:00+00:00,SMGB.L,SELL,3383.0000,227.2100
2024-08-16T21:00:00+00:00,VUL.AX,BUY,48.0000,191.5300
2024-08-16T21:00:00+00:00,VYGR,BUY,525.0000,277.1800
2024-08-16T21:00:00+00:00,WBT.AX,BUY,220.0000,158.6600
2024-09-17T21:00:00+00:00,AL3.AX,SELL,188.0000,319.2200
2024-09-17T21:00:00+00:00,ALCLS.PA,BUY,96.0000,224.2200
2024-09-17T21:00:00+00:00,ALMDT.PA,BUY,77.0000,333.2100
2024-09-17T21:00:00+00:00,AXE.AX,BUY,279.0000,120.8700
2024-09-17T21:00:00+00:00,AZN.L,SELL,8948.0000,189.7200
2024-09-17T21:00:00+00:00,BGO.L,BUY,139.0000,193.8600
2024-09-17T21:00:00+00:00,BRK-B,SELL,17597.0000,209.9600
2024-09-17T21:00:00+00:00,BRNT.L,BUY,171.0000,242.0200
2024-09-17T21:00:00+00:00,DBMG.L,SELL,18031.0000,141.6400
2024-09-17T21:00:00+00:00,EDIT,SELL,245.0000,379.6900
2024-09-17T21:00:00+00:00,EMV.AX,BUY,71.0000,182.3300
2024-09-17T21:00:00+00:00,FTC.L,BUY,44.0000,969.8000
2024-09-17T21:00:00+00:00,GSIT,SELL,51.0000,182.6700
2024-09-17T21:00:00+00:00,HSBA.L,SELL,2024.0000,224.4300
2024-09-17T21:00:00+00:00,IBTM.L,BUY,78021.0000,106.8500
2024-09-17T21:00:00+00:00,IDN,SELL,342.0000,128.8700
2024-09-17T21:00:00+00:00,IITU.L,BUY,1053.0000,208.4300
2024-09-17T21:00:00+00:00,IPWR,BUY,299.0000,286.7900
2024-09-17T21:00:00+00:00,ISF.L,SELL,17330.0000,148.3000
2024-09-17T21:00:00+00:00,LTBR,BUY,1807.0000,106.6600
2024-09-17T21:00:00+00:00,MOLN.SW,BUY,1053.0000,150.8300
2024-09-17T21:00:00+00:00,MSCL.TO,BUY,408.0000,201.5100
2024-09-17T21:00:00+00:00,PLTR,BUY,5.0000,546.7000
2024-09-17T21:00:00+00:00,PRQR,BUY,376.0000,304.4900
2024-09-17T21:00:00+00:00,QSI,SELL,335.0000,148.5900
2024-09-17T21:00:00+00:00,RR.L,SELL,725.0000,747.2800
2024-09-17T21:00:00+00:00,SEYE.ST,BUY,1060.0000,235.8800
2024-09-17T21:00:00+00:00,SGLN.L,BUY,15718.0000,159.6800
2024-09-17T21:00:00+00:00,SHEL.L,SELL,4911.0000,228.2800
2024-09-17T21:00:00+00:00,SLX.AX,BUY,593.0000,503.8900
2024-09-17T21:00:00+00:00,SMGB.L,BUY,1680.0000,214.3300
2024-09-17T21:00:00+00:00,VUL.AX,BUY,290.0000,179.4300
2024-09-17T21:00:00+00:00,VYGR,SELL,54.0000,260.2200
2024-09-17T21:00:00+00:00,WBT.AX,BUY,345.0000,148.5900
2024-10-16T21:00:00+00:00,AL3.AX,BUY,147.0000,330.0600
2024-10-16T21:00:00+00:00,ALCLS.PA,BUY,1236.0000,193.2800
2024-10-16T21:00:00+00:00,ALMDT.PA,BUY,296.0000,310.4400
2024-10-16T21:00:00+00:00,AXE.AX,SELL,471.0000,129.0000
2024-10-16T21:00:00+00:00,AZN.L,SELL,541.0000,190.6100
2024-10-16T21:00:00+00:00,BGO.L,BUY,1876.0000,179.8200
2024-10-16T21:00:00+00:00,BRK-B,BUY,1834.0000,216.4700
2024-10-16T21:00:00+00:00,BRNT.L,SELL,864.0000,249.6000
2024-10-16T21:00:00+00:00,DBMG.L,BUY,3587.0000,142.4800
2024-10-16T21:00:00+00:00,EDIT,BUY,393.0000,343.1200
2024-10-16T21:00:00+00:00,EMV.AX,BUY,2358.0000,173.7500
2024-10-16T21:00:00+00:00,FTC.L,SELL,88.0000,986.5800
2024-10-16T21:00:00+00:00,GSIT,SELL,292.0000,254.2000
2024-10-16T21:00:00+00:00,HSBA.L,BUY,2074.0000,228.1600
2024-10-16T21:00:00+00:00,IBTM.L,BUY,6294.0000,105.8200
2024-10-16T21:00:00+00:00,IDN,BUY,339.0000,140.1200
2024-10-16T21:00:00+00:00,IITU.L,SELL,1539.0000,221.6600
2024-10-16T21:00:00+00:00,IPWR,SELL,311.0000,286.9500
2024-10-16T21:00:00+00:00,ISF.L,SELL,5607.0000,148.8100
2024-10-16T21:00:00+00:00,LTBR,SELL,2559.0000,212.6200
2024-10-16T21:00:00+00:00,MOLN.SW,BUY,1674.0000,146.9100
2024-10-16T21:00:00+00:00,MSCL.TO,BUY,232.0000,276.1900
2024-10-16T21:00:00+00:00,PLTR,SELL,150.0000,635.8700
2024-10-16T21:00:00+00:00,PRQR,SELL,1441.0000,676.2800
2024-10-16T21:00:00+00:00,QSI,BUY,632.0000,125.1000
2024-10-16T21:00:00+00:00,RR.L,BUY,530.0000,845.4100
2024-10-16T21:00:00+00:00,SEYE.ST,BUY,968.0000,193.2800
2024-10-16T21:00:00+00:00,SGLN.L,SELL,130.0000,168.3700
2024-10-16T21:00:00+00:00,SHEL.L,SELL,1066.0000,225.7400
2024-10-16T21:00:00+00:00,SLX.AX,SELL,315.0000,648.0600
2024-10-16T21:00:00+00:00,SMGB.L,SELL,1861.0000,223.3800
2024-10-16T21:00:00+00:00,VUL.AX,SELL,393.0000,246.6800
2024-10-16T21:00:00+00:00,VYGR,SELL,160.0000,333.5200
2024-10-16T21:00:00+00:00,WBT.AX,BUY,283.0000,160.9700
2024-11-14T21:00:00+00:00,AL3.AX,SELL,298.0000,521.2500
2024-11-14T21:00:00+00:00,ALCLS.PA,SELL,1552.0000,186.3300
2024-11-14T21:00:00+00:00,ALMDT.PA,SELL,141.0000,338.1300
2024-11-14T21:00:00+00:00,AXE.AX,SELL,1054.0000,209.4500
2024-11-14T21:00:00+00:00,AZN.L,BUY,13482.0000,163.1500
2024-11-14T21:00:00+00:00,BGO.L,BUY,5689.0000,184.2100
2024-11-14T21:00:00+00:00,BRK-B,SELL,11704.0000,223.5500
2024-11-14T21:00:00+00:00,BRNT.L,SELL,1885.0000,253.1900
2024-11-14T21:00:00+00:00,DBMG.L,BUY,2127.0000,142.9500
2024-11-14T21:00:00+00:00,EDIT,SELL,413.0000,283.2800
2024-11-14T21:00:00+00:00,EMV.AX,SELL,414.0000,168.3900
2024-11-14T21:00:00+00:00,FTC.L,BUY,130.0000,1006.7100
2024-11-14T21:00:00+00:00,GSIT,BUY,1251.0000,175.3600
2024-11-14T21:00:00+00:00,HSBA.L,SELL,3221.0000,242.1100
2024-11-14T21:00:00+00:00,IBTM.L,BUY,18211.0000,105.2000
2024-11-14T21:00:00+00:00,IDN,SELL,678.0000,161.5900
2024-11-14T21:00:00+00:00,IITU.L,SELL,503.0000,233.4000
2024-11-14T21:00:00+00:00,IPWR,BUY,993.0000,253.8500
2024-11-14T21:00:00+00:00,ISF.L,BUY,9167.0000,144.6900
2024-11-14T21:00:00+00:00,LTBR,SELL,1040.0000,329.0700
2024-11-14T21:00:00+00:00,MOLN.SW,SELL,4167.0000,167.8600
2024-11-14T21:00:00+00:00,MSCL.TO,SELL,314.0000,351.7500
2024-11-14T21:00:00+00:00,PLTR,SELL,310.0000,922.8200
2024-11-14T21:00:00+00:00,PRQR,BUY,12.0000,683.2900
2024-11-14T21:00:00+00:00,QSI,SELL,356.0000,122.8000
2024-11-14T21:00:00+00:00,RR.L,SELL,815.0000,823.0700
2024-11-14T21:00:00+00:00,SEYE.ST,BUY,2084.0000,180.5600
2024-11-14T21:00:00+00:00,SGLN.L,BUY,2610.0000,165.8500
2024-11-14T21:00:00+00:00,SHEL.L,SELL,2910.0000,228.0600
2024-11-14T21:00:00+00:00,SLX.AX,BUY,164.0000,747.1000
2024-11-14T21:00:00+00:00,SMGB.L,BUY,1232.0000,227.5400
2024-11-14T21:00:00+00:00,VUL.AX,SELL,207.0000,303.1100
2024-11-14T21:00:00+00:00,VYGR,SELL,671.0000,269.6700
2024-11-14T21:00:00+00:00,WBT.AX,SELL,2164.0000,260.6500
2024-12-13T21:00:00+00:00,AL3.AX,BUY,190.0000,355.7800
2024-12-13T21:00:00+00:00,ALCLS.PA,BUY,3793.0000,175.5000
2024-12-13T21:00:00+00:00,ALMDT.PA,BUY,22.0000,314.3300
2024-12-13T21:00:00+00:00,AXE.AX,BUY,563.0000,182.2600
2024-12-13T21:00:00+00:00,AZN.L,BUY,19639.0000,165.9400
2024-12-13T21:00:00+00:00,BGO.L,BUY,1240.0000,169.3000
2024-12-13T21:00:00+00:00,BRK-B,BUY,7149.0000,219.3800
2024-12-13T21:00:00+00:00,BRNT.L,BUY,62.0000,261.0400
2024-12-13T21:00:00+00:00,DBMG.L,BUY,5765.0000,144.2400
2024-12-13T21:00:00+00:00,EDIT,BUY,1987.0000,147.6100
2024-12-13T21:00:00+00:00,EMV.AX,BUY,2373.0000,157.9600
2024-12-13T21:00:00+00:00,FTC.L,BUY,6.0000,966.4400
2024-12-13T21:00:00+00:00,GSIT,BUY,618.0000,173.7700
2024-12-13T21:00:00+00:00,HSBA.L,BUY,2154.0000,262.6800
2024-12-13T21:00:00+00:00,IBTM.L,SELL,49154.0000,106.7700
2024-12-13T21:00:00+00:00,IDN,BUY,353.0000,199.7600
2024-12-13T21:00:00+00:00,IITU.L,BUY,1606.0000,239.3100
2024-12-13T21:00:00+00:00,IPWR,BUY,798.0000,247.8200
2024-12-13T21:00:00+00:00,ISF.L,BUY,4274.0000,148.9200
2024-12-13T21:00:00+00:00,LTBR,BUY,30.0000,214.1900
2024-12-13T21:00:00+00:00,MOLN.SW,BUY,1952.0000,165.7000
2024-12-13T21:00:00+00:00,MSCL.TO,SELL,825.0000,405.5000
2024-12-13T21:00:00+00:00,PLTR,SELL,21.0000,1188.9600
2024-12-13T21:00:00+00:00,PRQR,BUY,24.0000,490.6800
2024-12-13T21:00:00+00:00,QSI,SELL,700.0000,271.7600
2024-12-13T21:00:00+00:00,RR.L,BUY,187.0000,864.4300
2024-12-13T21:00:00+00:00,SEYE.ST,SELL,3310.0000,176.9900
2024-12-13T21:00:00+00:00,SGLN.L,SELL,23329.0000,172.5000
2024-12-13T21:00:00+00:00,SHEL.L,BUY,836.0000,225.0800
2024-12-13T21:00:00+00:00,SLX.AX,SELL,150.0000,803.4900
2024-12-13T21:00:00+00:00,SMGB.L,BUY,312.0000,228.6400
2024-12-13T21:00:00+00:00,VUL.AX,BUY,128.0000,284.4800
2024-12-13T21:00:00+00:00,VYGR,BUY,910.0000,272.4700
2024-12-13T21:00:00+00:00,WBT.AX,BUY,408.0000,238.4700
2025-01-16T21:00:00+00:00,AL3.AX,SELL,47.0000,349.9100
2025-01-16T21:00:00+00:00,ALCLS.PA,SELL,1817.0000,170.6900
2025-01-16T21:00:00+00:00,ALMDT.PA,SELL,389.0000,418.9300
2025-01-16T21:00:00+00:00,AXE.AX,SELL,112.0000,222.1500
2025-01-16T21:00:00+00:00,AZN.L,SELL,7763.0000,171.9000
2025-01-16T21:00:00+00:00,BGO.L,BUY,3897.0000,182.4600
2025-01-16T21:00:00+00:00,BRK-B,BUY,5982.0000,229.5900
2025-01-16T21:00:00+00:00,BRNT.L,BUY,2548.0000,293.5000
2025-01-16T21:00:00+00:00,DBMG.L,BUY,1901.0000,151.2700
2025-01-16T21:00:00+00:00,EDIT,SELL,503.0000,131.6100
2025-01-16T21:00:00+00:00,EMV.AX,BUY,1126.0000,160.0600
2025-01-16T21:00:00+00:00,FTC.L,SELL,158.0000,1302.0100
2025-01-16T21:00:00+00:00,GSIT,SELL,907.0000,188.8600
2025-01-16T21:00:00+00:00,HSBA.L,BUY,6551.0000,280.3700
2025-01-16T21:00:00+00:00,IBTM.L,SELL,83709.0000,108.8400
2025-01-16T21:00:00+00:00,IDN,BUY,361.0000,186.5700
2025-01-16T21:00:00+00:00,IITU.L,SELL,1410.0000,241.2500
2025-01-16T21:00:00+00:00,IPWR,SELL,1642.0000,315.5100
2025-01-16T21:00:00+00:00,ISF.L,BUY,43996.0000,150.9400
2025-01-16T21:00:00+00:00,LTBR,SELL,140.0000,255.3300
2025-01-16T21:00:00+00:00,MOLN.SW,SELL,416.0000,173.7300
2025-01-16T21:00:00+00:00,MSCL.TO,BUY,93.0000,356.6200
2025-01-16T21:00:00+00:00,PLTR,BUY,124.0000,1120.5700
2025-01-16T21:00:00+00:00,PRQR,SELL,5.0000,412.9200
2025-01-16T21:00:00+00:00,QSI,SELL,221.0000,415.5500
2025-01-16T21:00:00+00:00,RR.L,SELL,153.0000,873.7900
2025-01-16T21:00:00+00:00,SEYE.ST,BUY,2446.0000,175.0100
2025-01-16T21:00:00+00:00,SGLN.L,SELL,9169.0000,181.8500
2025-01-16T21:00:00+00:00,SHEL.L,BUY,7467.0000,242.2500
2025-01-16T21:00:00+00:00,SLX.AX,SELL,309.0000,838.3000
2025-01-16T21:00:00+00:00,SMGB.L,SELL,245.0000,245.9600
2025-01-16T21:00:00+00:00,VUL.AX,BUY,353.0000,295.6900
2025-01-16T21:00:00+00:00,VYGR,SELL,9.0000,227.6800
2025-01-16T21:00:00+00:00,WBT.AX,BUY,875.0000,204.5300
2025-02-14T21:00:00+00:00,AL3.AX,BUY,10.0000,314.0400
2025-02-14T21:00:00+00:00,ALCLS.PA,BUY,2777.0000,163.3000
2025-02-14T21:00:00+00:00,ALMDT.PA,BUY,650.0000,230.9100
2025-02-14T21:00:00+00:00,AXE.AX,BUY,109.0000,195.5300
2025-02-14T21:00:00+00:00,AZN.L,SELL,4562.0000,185.6000
2025-02-14T21:00:00+00:00,BGO.L,SELL,4108.0000,173.6800
2025-02-14T21:00:00+00:00,BRK-B,SELL,6916.0000,231.8500
2025-02-14T21:00:00+00:00,BRNT.L,SELL,3470.0000,273.0700
2025-02-14T21:00:00+00:00,DBMG.L,BUY,138.0000,146.2600
2025-02-14T21:00:00+00:00,EDIT,BUY,72.0000,142.7400
2025-02-14T21:00:00+00:00,EMV.AX,SELL,961.0000,177.6600
2025-02-14T21:00:00+00:00,FTC.L,BUY,259.0000,1442.9500
2025-02-14T21:00:00+00:00,GSIT,SELL,561.0000,231.5700
2025-02-14T21:00:00+00:00,HSBA.L,BUY,3531.0000,298.1600
2025-02-14T21:00:00+00:00,IBTM.L,SELL,12404.0000,107.2000
2025-02-14T21:00:00+00:00,IDN,BUY,635.0000,174.3300
2025-02-14T21:00:00+00:00,IITU.L,BUY,5502.0000,239.5800
2025-02-14T21:00:00+00:00,IPWR,BUY,777.0000,262.8000
2025-02-14T21:00:00+00:00,ISF.L,BUY,24944.0000,157.2300
2025-02-14T21:00:00+00:00,LTBR,SELL,256.0000,615.7000
2025-02-14T21:00:00+00:00,MOLN.SW,BUY,623.0000,145.3800
2025-02-14T21:00:00+00:00,MSCL.TO,BUY,374.0000,308.4900
2025-02-14T21:00:00+00:00,PLTR,SELL,326.0000,1879.3300
2025-02-14T21:00:00+00:00,PRQR,SELL,25.0000,423.4000
2025-02-14T21:00:00+00:00,QSI,BUY,40.0000,310.9000
2025-02-14T21:00:00+00:00,RR.L,BUY,632.0000,942.9300
2025-02-14T21:00:00+00:00,SEYE.ST,BUY,5569.0000,136.6800
2025-02-14T21:00:00+00:00,SGLN.L,SELL,4641.0000,187.7700
2025-02-14T21:00:00+00:00,SHEL.L,SELL,9392.0000,243.4200
2025-02-14T21:00:00+00:00,SLX.AX,SELL,84.0000,721.1700
2025-02-14T21:00:00+00:00,SMGB.L,BUY,594.0000,234.4300
2025-02-14T21:00:00+00:00,VUL.AX,BUY,860.0000,197.0600
2025-02-14T21:00:00+00:00,VYGR,BUY,362.0000,185.4900
2025-02-14T21:00:00+00:00,WBT.AX,BUY,869.0000,166.0600
2025-03-17T21:00:00+00:00,AL3.AX,BUY,413.0000,264.8400
2025-03-17T21:00:00+00:00,ALCLS.PA,BUY,2171.0000,126.6700
2025-03-17T21:00:00+00:00,ALMDT.PA,SELL,278.0000,216.9900
2025-03-17T21:00:00+00:00,AXE.AX,BUY,73.0000,159.4100
2025-03-17T21:00:00+00:00,AZN.L,SELL,107.0000,191.4400
2025-03-17T21:00:00+00:00,BGO.L,BUY,4638.0000,142.1100
2025-03-17T21:00:00+00:00,BRK-B,SELL,2400.0000,245.6600
2025-03-17T21:00:00+00:00,BRNT.L,BUY,5000.0000,253.2100
2025-03-17T21:00:00+00:00,DBMG.L,BUY,15728.0000,136.8400
2025-03-17T21:00:00+00:00,EDIT,SELL,1196.0000,141.7000
2025-03-17T21:00:00+00:00,EMV.AX,BUY,1563.0000,149.6000
2025-03-17T21:00:00+00:00,FTC.L,BUY,88.0000,1442.9500
2025-03-17T21:00:00+00:00,GSIT,BUY,404.0000,174.2700
2025-03-17T21:00:00+00:00,HSBA.L,SELL,5346.0000,310.2400
2025-03-17T21:00:00+00:00,IBTM.L,SELL,29209.0000,105.8500
2025-03-17T21:00:00+00:00,IDN,BUY,512.0000,161.4400
2025-03-17T21:00:00+00:00,IITU.L,SELL,1672.0000,206.9300
2025-03-17T21:00:00+00:00,IPWR,BUY,532.0000,181.4600
2025-03-17T21:00:00+00:00,ISF.L,SELL,22118.0000,157.5300
2025-03-17T21:00:00+00:00,LTBR,BUY,51.0000,417.7800
2025-03-17T21:00:00+00:00,MOLN.SW,BUY,1214.0000,119.2700
2025-03-17T21:00:00+00:00,MSCL.TO,BUY,81.0000,344.7100
2025-03-17T21:00:00+00:00,PLTR,BUY,28.0000,1338.5200
2025-03-17T21:00:00+00:00,PRQR,BUY,87.0000,288.9800
2025-03-17T21:00:00+00:00,QSI,BUY,32.0000,255.6000
2025-03-17T21:00:00+00:00,RR.L,SELL,276.0000,1210.1400
2025-03-17T21:00:00+00:00,SEYE.ST,SELL,6123.0000,166.3500
2025-03-17T21:00:00+00:00,SGLN.L,BUY,14916.0000,188.6700
2025-03-17T21:00:00+00:00,SHEL.L,BUY,8738.0000,243.6000
2025-03-17T21:00:00+00:00,SLX.AX,BUY,659.0000,534.1500
2025-03-17T21:00:00+00:00,SMGB.L,SELL,32.0000,206.7300
2025-03-17T21:00:00+00:00,VUL.AX,BUY,28.0000,214.1100
2025-03-17T21:00:00+00:00,VYGR,BUY,596.0000,165.7300
2025-03-17T21:00:00+00:00,WBT.AX,BUY,376.0000,147.9300
2025-04-15T21:00:00+00:00,AL3.AX,SELL,160.0000,319.5900
2025-04-15T21:00:00+00:00,ALCLS.PA,SELL,8636.0000,155.0000
2025-04-15T21:00:00+00:00,ALMDT.PA,BUY,633.0000,216.1000
2025-04-15T21:00:00+00:00,AXE.AX,BUY,1496.0000,131.0900
2025-04-15T21:00:00+00:00,AZN.L,SELL,23780.0000,165.3300
2025-04-15T21:00:00+00:00,BGO.L,SELL,8202.0000,140.3500
2025-04-15T21:00:00+00:00,BRK-B,SELL,167.0000,243.4900
2025-04-15T21:00:00+00:00,BRNT.L,SELL,5058.0000,226.9400
2025-04-15T21:00:00+00:00,DBMG.L,BUY,34492.0000,133.1700
2025-04-15T21:00:00+00:00,EDIT,BUY,291.0000,133.1600
2025-04-15T21:00:00+00:00,EMV.AX,SELL,4805.0000,149.9500
2025-04-15T21:00:00+00:00,FTC.L,SELL,313.0000,1328.8600
2025-04-15T21:00:00+00:00,GSIT,BUY,370.0000,179.3400
2025-04-15T21:00:00+00:00,HSBA.L,SELL,7732.0000,276.9400
2025-04-15T21:00:00+00:00,IBTM.L,BUY,169881.0000,103.8600
2025-04-15T21:00:00+00:00,IDN,BUY,3324.0000,157.8000
2025-04-15T21:00:00+00:00,IITU.L,SELL,5307.0000,193.2500
2025-04-15T21:00:00+00:00,IPWR,BUY,2399.0000,167.9700
2025-04-15T21:00:00+00:00,ISF.L,SELL,90115.0000,150.5900
2025-04-15T21:00:00+00:00,LTBR,BUY,166.0000,320.8500
2025-04-15T21:00:00+00:00,MOLN.SW,SELL,1910.0000,117.7800
2025-04-15T21:00:00+00:00,MSCL.TO,BUY,1687.0000,267.4600
2025-04-15T21:00:00+00:00,PLTR,BUY,66.0000,1479.9300
2025-04-15T21:00:00+00:00,PRQR,BUY,443.0000,198.5400
2025-04-15T21:00:00+00:00,QSI,BUY,168.0000,187.0100
2025-04-15T21:00:00+00:00,RR.L,SELL,751.0000,1104.7700
2025-04-15T21:00:00+00:00,SEYE.ST,BUY,1084.0000,165.9500
2025-04-15T21:00:00+00:00,SGLN.L,BUY,26994.0000,199.3700
2025-04-15T21:00:00+00:00,SHEL.L,SELL,10967.0000,215.8800
2025-04-15T21:00:00+00:00,SLX.AX,SELL,618.0000,376.7600
2025-04-15T21:00:00+00:00,SMGB.L,SELL,1853.0000,181.6000
2025-04-15T21:00:00+00:00,VUL.AX,SELL,1577.0000,210.8700
2025-04-15T21:00:00+00:00,VYGR,BUY,2336.0000,134.2300
2025-04-15T21:00:00+00:00,WBT.AX,SELL,2346.0000,127.1900
2025-05-19T21:00:00+00:00,AL3.AX,BUY,575.0000,300.8600
2025-05-19T21:00:00+00:00,ALCLS.PA,BUY,2218.0000,144.3400
2025-05-19T21:00:00+00:00,ALMDT.PA,BUY,224.0000,183.2600
2025-05-19T21:00:00+00:00,AXE.AX,BUY,761.0000,136.7000
2025-05-19T21:00:00+00:00,AZN.L,BUY,7074.0000,166.8000
2025-05-19T21:00:00+00:00,BGO.L,BUY,47.0000,157.8900
2025-05-19T21:00:00+00:00,BRK-B,BUY,6440.0000,233.8900
2025-05-19T21:00:00+00:00,BRNT.L,BUY,2596.0000,230.0900
2025-05-19T21:00:00+00:00,DBMG.L,BUY,70279.0000,131.2200
2025-05-19T21:00:00+00:00,EDIT,BUY,28.0000,145.5200
2025-05-19T21:00:00+00:00,EMV.AX,BUY,12.0000,139.1100
2025-05-19T21:00:00+00:00,FTC.L,SELL,90.0000,1637.5800
2025-05-19T21:00:00+00:00,GSIT,SELL,541.0000,206.6500
2025-05-19T21:00:00+00:00,HSBA.L,SELL,594.0000,314.2300
2025-05-19T21:00:00+00:00,IBTM.L,BUY,18404.0000,102.3400
2025-05-19T21:00:00+00:00,IDN,SELL,867.0000,212.8300
2025-05-19T21:00:00+00:00,IITU.L,BUY,356.0000,220.9600
2025-05-19T21:00:00+00:00,IPWR,BUY,721.0000,187.1100
2025-05-19T21:00:00+00:00,ISF.L,BUY,8700.0000,159.4600
2025-05-19T21:00:00+00:00,LTBR,SELL,120.0000,439.8800
2025-05-19T21:00:00+00:00,MOLN.SW,BUY,1378.0000,114.2500
2025-05-19T21:00:00+00:00,MSCL.TO,BUY,120.0000,255.6700
2025-05-19T21:00:00+00:00,PLTR,SELL,156.0000,1881.2900
2025-05-19T21:00:00+00:00,PRQR,SELL,240.0000,282.4900
2025-05-19T21:00:00+00:00,QSI,SELL,28.0000,212.2600
2025-05-19T21:00:00+00:00,RR.L,SELL,46.0000,1247.1000
2025-05-19T21:00:00+00:00,SEYE.ST,SELL,281.0000,213.4200
2025-05-19T21:00:00+00:00,SGLN.L,SELL,85831.0000,197.9400
2025-05-19T21:00:00+00:00,SHEL.L,BUY,4784.0000,227.5300
2025-05-19T21:00:00+00:00,SLX.AX,BUY,386.0000,410.5300
2025-05-19T21:00:00+00:00,SMGB.L,BUY,939.0000,214.1200
2025-05-19T21:00:00+00:00,VUL.AX,BUY,473.0000,202.3700
2025-05-19T21:00:00+00:00,VYGR,SELL,1023.0000,142.0200
2025-05-19T21:00:00+00:00,WBT.AX,SELL,614.0000,126.9700
2025-06-18T21:00:00+00:00,AL3.AX,SELL,112.0000,271.2400
2025-06-18T21:00:00+00:00,ALCLS.PA,BUY,265.0000,135.0100
2025-06-18T21:00:00+00:00,ALMDT.PA,BUY,3788.0000,100.0000
2025-06-18T21:00:00+00:00,AXE.AX,SELL,602.0000,131.8700
2025-06-18T21:00:00+00:00,AZN.L,SELL,6598.0000,169.6400
2025-06-18T21:00:00+00:00,BGO.L,SELL,1328.0000,162.2800
2025-06-18T21:00:00+00:00,BRK-B,BUY,3270.0000,219.4000
2025-06-18T21:00:00+00:00,BRNT.L,SELL,2702.0000,262.8000
2025-06-18T21:00:00+00:00,DBMG.L,BUY,9010.0000,132.9300
2025-06-18T21:00:00+00:00,EDIT,SELL,446.0000,227.3900
2025-06-18T21:00:00+00:00,EMV.AX,BUY,242.0000,147.5500
2025-06-18T21:00:00+00:00,FTC.L,SELL,89.0000,2201.3400
2025-06-18T21:00:00+00:00,GSIT,BUY,273.0000,198.4700
2025-06-18T21:00:00+00:00,HSBA.L,BUY,471.0000,311.8800
2025-06-18T21:00:00+00:00,IBTM.L,SELL,57765.0000,103.0700
2025-06-18T21:00:00+00:00,IDN,SELL,2738.0000,335.0800
2025-06-18T21:00:00+00:00,IITU.L,SELL,648.0000,226.9600
2025-06-18T21:00:00+00:00,IPWR,SELL,38.0000,163.6800
2025-06-18T21:00:00+00:00,ISF.L,SELL,4301.0000,162.4500
2025-06-18T21:00:00+00:00,LTBR,SELL,43.0000,554.3100
2025-06-18T21:00:00+00:00,MOLN.SW,BUY,79.0000,110.0800
2025-06-18T21:00:00+00:00,MSCL.TO,BUY,300.0000,225.5200
2025-06-18T21:00:00+00:00,PLTR,SELL,5.0000,2064.9400
2025-06-18T21:00:00+00:00,PRQR,SELL,39.0000,317.5200
2025-06-18T21:00:00+00:00,QSI,SELL,58.0000,261.0100
2025-06-18T21:00:00+00:00,RR.L,BUY,62.0000,1356.4100
2025-06-18T21:00:00+00:00,SEYE.ST,BUY,1859.0000,199.5700
2025-06-18T21:00:00+00:00,SGLN.L,BUY,41303.0000,205.8100
2025-06-18T21:00:00+00:00,SHEL.L,SELL,3833.0000,245.3800
2025-06-18T21:00:00+00:00,SLX.AX,SELL,754.0000,538.9000
2025-06-18T21:00:00+00:00,SMGB.L,SELL,1063.0000,228.6600
2025-06-18T21:00:00+00:00,VUL.AX,BUY,348.0000,168.4700
2025-06-18T21:00:00+00:00,VYGR,BUY,116.0000,124.7000
2025-06-18T21:00:00+00:00,WBT.AX,BUY,1070.0000,124.9500
2025-07-17T21:00:00+00:00,AL3.AX,SELL,957.0000,617.8000
2025-07-17T21:00:00+00:00,ALCLS.PA,SELL,2693.0000,174.7900
2025-07-17T21:00:00+00:00,ALMDT.PA,SELL,4789.0000,178.9700
2025-07-17T21:00:00+00:00,AXE.AX,SELL,383.0000,153.3900
2025-07-17T21:00:00+00:00,AZN.L,BUY,2999.0000,165.8400
2025-07-17T21:00:00+00:00,BGO.L,BUY,195.0000,148.2500
2025-07-17T21:00:00+00:00,BRK-B,BUY,784.0000,214.3900
2025-07-17T21:00:00+00:00,BRNT.L,BUY,9386.0000,248.0500
2025-07-17T21:00:00+00:00,DBMG.L,BUY,4294.0000,134.4000
2025-07-17T21:00:00+00:00,EDIT,SELL,96.0000,264.5300
2025-07-17T21:00:00+00:00,EMV.AX,BUY,1285.0000,146.2700
2025-07-17T21:00:00+00:00,FTC.L,BUY,34.0000,2228.1900
2025-07-17T21:00:00+00:00,GSIT,SELL,494.0000,335.4300
2025-07-17T21:00:00+00:00,HSBA.L,SELL,1141.0000,332.5600
2025-07-17T21:00:00+00:00,IBTM.L,BUY,3605.0000,103.3000
2025-07-17T21:00:00+00:00,IDN,BUY,75.0000,337.4700
2025-07-17T21:00:00+00:00,IITU.L,SELL,402.0000,248.4000
2025-07-17T21:00:00+00:00,IPWR,SELL,2036.0000,212.1600
2025-07-17T21:00:00+00:00,ISF.L,BUY,959.0000,164.9400
2025-07-17T21:00:00+00:00,LTBR,SELL,6.0000,633.3600
2025-07-17T21:00:00+00:00,MOLN.SW,BUY,531.0000,108.4400
2025-07-17T21:00:00+00:00,MSCL.TO,SELL,334.0000,238.0500
2025-07-17T21:00:00+00:00,PLTR,BUY,6.0000,2275.1400
2025-07-17T21:00:00+00:00,PRQR,SELL,135.0000,393.3600
2025-07-17T21:00:00+00:00,QSI,SELL,20.0000,271.8300
2025-07-17T21:00:00+00:00,RR.L,SELL,191.0000,1537.5600
2025-07-17T21:00:00+00:00,SEYE.ST,SELL,111.0000,214.8000
2025-07-17T21:00:00+00:00,SGLN.L,SELL,13597.0000,203.5000
2025-07-17T21:00:00+00:00,SHEL.L,BUY,7915.0000,240.0400
2025-07-17T21:00:00+00:00,SLX.AX,SELL,340.0000,578.5100
2025-07-17T21:00:00+00:00,SMGB.L,BUY,75.0000,251.2900
2025-07-17T21:00:00+00:00,VUL.AX,SELL,274.0000,169.3600
2025-07-17T21:00:00+00:00,VYGR,BUY,1246.0000,132.2700
2025-07-17T21:00:00+00:00,WBT.AX,SELL,306.0000,163.6800
2025-08-15T21:00:00+00:00,AL3.AX,SELL,6.0000,629.8600
2025-08-15T21:00:00+00:00,ALCLS.PA,SELL,1962.0000,278.5300
2025-08-15T21:00:00+00:00,ALMDT.PA,SELL,189.0000,227.4800
2025-08-15T21:00:00+00:00,AXE.AX,SELL,152.0000,166.5600
2025-08-15T21:00:00+00:00,AZN.L,BUY,1895.0000,187.7300
2025-08-15T21:00:00+00:00,BGO.L,SELL,1382.0000,153.5100
2025-08-15T21:00:00+00:00,BRK-B,SELL,918.0000,214.2000
2025-08-15T21:00:00+00:00,BRNT.L,BUY,1331.0000,240.3200
2025-08-15T21:00:00+00:00,DBMG.L,BUY,8496.0000,134.1200
2025-08-15T21:00:00+00:00,EDIT,SELL,156.0000,291.0000
2025-08-15T21:00:00+00:00,EMV.AX,SELL,985.0000,142.7600
2025-08-15T21:00:00+00:00,FTC.L,BUY,19.0000,1959.7300
2025-08-15T21:00:00+00:00,GSIT,BUY,567.0000,198.2400
2025-08-15T21:00:00+00:00,HSBA.L,SELL,318.0000,337.3500
2025-08-15T21:00:00+00:00,IBTM.L,SELL,10376.0000,103.6300
2025-08-15T21:00:00+00:00,IDN,BUY,344.0000,317.4100
2025-08-15T21:00:00+00:00,IITU.L,BUY,998.0000,253.1700
2025-08-15T21:00:00+00:00,IPWR,SELL,283.0000,191.3000
2025-08-15T21:00:00+00:00,ISF.L,SELL,1351.0000,168.9700
2025-08-15T21:00:00+00:00,LTBR,BUY,19.0000,681.7300
2025-08-15T21:00:00+00:00,MOLN.SW,BUY,1191.0000,102.3300
2025-08-15T21:00:00+00:00,MSCL.TO,BUY,106.0000,237.8600
2025-08-15T21:00:00+00:00,PLTR,SELL,34.0000,2594.4800
2025-08-15T21:00:00+00:00,PRQR,BUY,1410.0000,333.0200
2025-08-15T21:00:00+00:00,QSI,BUY,133.0000,162.8400
2025-08-15T21:00:00+00:00,RR.L,BUY,26.0000,1641.8300
2025-08-15T21:00:00+00:00,SEYE.ST,BUY,417.0000,198.1900
2025-08-15T21:00:00+00:00,SGLN.L,BUY,392.0000,201.4700
2025-08-15T21:00:00+00:00,SHEL.L,SELL,1333.0000,245.2600
2025-08-15T21:00:00+00:00,SLX.AX,BUY,147.0000,514.9100
2025-08-15T21:00:00+00:00,SMGB.L,BUY,1493.0000,251.1000
2025-08-15T21:00:00+00:00,VUL.AX,SELL,252.0000,171.8600
2025-08-15T21:00:00+00:00,VYGR,SELL,1659.0000,151.8700
2025-08-15T21:00:00+00:00,WBT.AX,SELL,1344.0000,186.1500
2025-09-16T21:00:00+00:00,AL3.AX,BUY,261.0000,551.5600
2025-09-16T21:00:00+00:00,ALCLS.PA,BUY,227.0000,298.4500
2025-09-16T21:00:00+00:00,ALMDT.PA,BUY,589.0000,248.2300
2025-09-16T21:00:00+00:00,AXE.AX,BUY,1136.0000,139.2300
2025-09-16T21:00:00+00:00,AZN.L,BUY,847.0000,183.7500
2025-09-16T21:00:00+00:00,BGO.L,SELL,1896.0000,203.5100
2025-09-16T21:00:00+00:00,BRK-B,BUY,8253.0000,219.2300
2025-09-16T21:00:00+00:00,BRNT.L,SELL,12129.0000,248.5000
2025-09-16T21:00:00+00:00,DBMG.L,SELL,14363.0000,138.8800
2025-09-16T21:00:00+00:00,EDIT,SELL,63.0000,270.3500
2025-09-16T21:00:00+00:00,EMV.AX,BUY,405.0000,193.3600
2025-09-16T21:00:00+00:00,FTC.L,BUY,104.0000,1838.9300
2025-09-16T21:00:00+00:00,GSIT,BUY,30.0000,209.5500
2025-09-16T21:00:00+00:00,HSBA.L,BUY,11.0000,359.8800
2025-09-16T21:00:00+00:00,IBTM.L,BUY,22663.0000,105.3000
2025-09-16T21:00:00+00:00,IDN,BUY,20.0000,339.0000
2025-09-16T21:00:00+00:00,IITU.L,BUY,130.0000,257.7500
2025-09-16T21:00:00+00:00,IPWR,SELL,80.0000,189.2000
2025-09-16T21:00:00+00:00,ISF.L,BUY,3642.0000,170.0100
2025-09-16T21:00:00+00:00,LTBR,BUY,41.0000,635.7600
2025-09-16T21:00:00+00:00,MOLN.SW,BUY,457.0000,101.8100
2025-09-16T21:00:00+00:00,MSCL.TO,BUY,171.0000,257.3800
2025-09-16T21:00:00+00:00,PLTR,BUY,79.0000,2480.1000
2025-09-16T21:00:00+00:00,PRQR,SELL,471.0000,321.5700
2025-09-16T21:00:00+00:00,QSI,BUY,58.0000,195.8500
2025-09-16T21:00:00+00:00,RR.L,SELL,9.0000,1728.2000
2025-09-16T21:00:00+00:00,SEYE.ST,SELL,4280.0000,269.2800
2025-09-16T21:00:00+00:00,SGLN.L,BUY,12780.0000,220.5900
2025-09-16T21:00:00+00:00,SHEL.L,SELL,8295.0000,245.0700
2025-09-16T21:00:00+00:00,SLX.AX,BUY,17.0000,576.6100
2025-09-16T21:00:00+00:00,SMGB.L,SELL,730.0000,260.3200
2025-09-16T21:00:00+00:00,VUL.AX,BUY,154.0000,202.7700
2025-09-16T21:00:00+00:00,VYGR,SELL,531.0000,172.1300
2025-09-16T21:00:00+00:00,WBT.AX,BUY,89.0000,219.0800
2025-10-15T21:00:00+00:00,AL3.AX,BUY,212.0000,486.9900
2025-10-15T21:00:00+00:00,ALCLS.PA,BUY,121.0000,401.5100
2025-10-15T21:00:00+00:00,ALMDT.PA,BUY,161.0000,272.4700
2025-10-15T21:00:00+00:00,AXE.AX,SELL,1008.0000,202.3200
2025-10-15T21:00:00+00:00,AZN.L,SELL,1030.0000,204.7700
2025-10-15T21:00:00+00:00,BGO.L,BUY,1267.0000,172.8100
2025-10-15T21:00:00+00:00,BRK-B,SELL,17871.0000,226.3100
2025-10-15T21:00:00+00:00,BRNT.L,BUY,8099.0000,232.4000
2025-10-15T21:00:00+00:00,DBMG.L,SELL,33096.0000,148.3000
2025-10-15T21:00:00+00:00,EDIT,SELL,158.0000,396.0400
2025-10-15T21:00:00+00:00,EMV.AX,BUY,4398.0000,148.6000
2025-10-15T21:00:00+00:00,FTC.L,BUY,64.0000,1724.8300
2025-10-15T21:00:00+00:00,GSIT,SELL,770.0000,335.1600
2025-10-15T21:00:00+00:00,HSBA.L,BUY,942.0000,355.2400
2025-10-15T21:00:00+00:00,IBTM.L,BUY,7975.0000,107.8000
2025-10-15T21:00:00+00:00,IDN,SELL,634.0000,303.1300
2025-10-15T21:00:00+00:00,IITU.L,BUY,5336.0000,272.0500
2025-10-15T21:00:00+00:00,IPWR,BUY,445.0000,194.6700
2025-10-15T21:00:00+00:00,ISF.L,BUY,9550.0000,174.2800
2025-10-15T21:00:00+00:00,LTBR,SELL,103.0000,1166.4600
2025-10-15T21:00:00+00:00,MOLN.SW,BUY,11268.0000,105.8100
2025-10-15T21:00:00+00:00,MSCL.TO,BUY,92.0000,298.0500
2025-10-15T21:00:00+00:00,PLTR,SELL,15.0000,2671.6400
2025-10-15T21:00:00+00:00,PRQR,SELL,349.0000,447.1500
2025-10-15T21:00:00+00:00,QSI,BUY,188.0000,395.4500
2025-10-15T21:00:00+00:00,RR.L,BUY,438.0000,1700.6800
2025-10-15T21:00:00+00:00,SEYE.ST,SELL,309.0000,278.2800
2025-10-15T21:00:00+00:00,SGLN.L,SELL,13950.0000,255.8400
2025-10-15T21:00:00+00:00,SHEL.L,BUY,16092.0000,250.1400
2025-10-15T21:00:00+00:00,SLX.AX,BUY,39.0000,1013.8400
2025-10-15T21:00:00+00:00,SMGB.L,BUY,1773.0000,302.2300
2025-10-15T21:00:00+00:00,VUL.AX,SELL,157.0000,356.3900
2025-10-15T21:00:00+00:00,VYGR,SELL,1082.0000,218.7700
2025-10-15T21:00:00+00:00,WBT.AX,SELL,144.0000,305.2600
2025-11-13T21:00:00+00:00,AL3.AX,BUY,679.0000,362.8100
2025-11-13T21:00:00+00:00,ALCLS.PA,SELL,444.0000,360.9500
2025-11-13T21:00:00+00:00,ALMDT.PA,SELL,160.0000,268.9200
2025-11-13T21:00:00+00:00,AXE.AX,SELL,496.0000,193.6300
2025-11-13T21:00:00+00:00,AZN.L,BUY,3921.0000,218.5300
2025-11-13T21:00:00+00:00,BGO.L,BUY,4037.0000,156.1400
2025-11-13T21:00:00+00:00,BRK-B,BUY,11191.0000,237.3900
2025-11-13T21:00:00+00:00,BRNT.L,BUY,7791.0000,241.6300
2025-11-13T21:00:00+00:00,DBMG.L,BUY,31127.0000,153.5400
2025-11-13T21:00:00+00:00,EDIT,BUY,138.0000,251.4300
2025-11-13T21:00:00+00:00,EMV.AX,SELL,1755.0000,158.1700
2025-11-13T21:00:00+00:00,FTC.L,BUY,167.0000,1744.9700
2025-11-13T21:00:00+00:00,GSIT,SELL,731.0000,481.0200
2025-11-13T21:00:00+00:00,HSBA.L,SELL,2177.0000,405.1900
2025-11-13T21:00:00+00:00,IBTM.L,BUY,24595.0000,109.1500
2025-11-13T21:00:00+00:00,IDN,SELL,351.0000,402.7500
2025-11-13T21:00:00+00:00,IITU.L,SELL,6263.0000,281.3100
2025-11-13T21:00:00+00:00,IPWR,SELL,32.0000,139.6000
2025-11-13T21:00:00+00:00,ISF.L,SELL,10839.0000,182.0200
2025-11-13T21:00:00+00:00,LTBR,BUY,126.0000,780.4300
2025-11-13T21:00:00+00:00,MOLN.SW,SELL,7276.0000,122.1800
2025-11-13T21:00:00+00:00,MSCL.TO,SELL,247.0000,282.6900
2025-11-13T21:00:00+00:00,PLTR,BUY,9.0000,2598.1800
2025-11-13T21:00:00+00:00,PRQR,BUY,337.0000,361.6600
2025-11-13T21:00:00+00:00,QSI,BUY,616.0000,212.0900
2025-11-13T21:00:00+00:00,RR.L,SELL,330.0000,1712.9100
2025-11-13T21:00:00+00:00,SEYE.ST,BUY,486.0000,263.6300
2025-11-13T21:00:00+00:00,SGLN.L,SELL,11722.0000,260.6400
2025-11-13T21:00:00+00:00,SHEL.L,SELL,11078.0000,268.2500
2025-11-13T21:00:00+00:00,SLX.AX,SELL,391.0000,1281.3000
2025-11-13T21:00:00+00:00,SMGB.L,SELL,2915.0000,310.8100
2025-11-13T21:00:00+00:00,VUL.AX,SELL,982.0000,329.2600
2025-11-13T21:00:00+00:00,VYGR,BUY,2976.0000,167.0200
2025-11-13T21:00:00+00:00,WBT.AX,SELL,420.0000,304.1700
2025-12-12T21:00:00+00:00,AL3.AX,SELL,250.0000,341.8300
2025-12-12T21:00:00+00:00,ALCLS.PA,SELL,288.0000,458.8000
2025-12-12T21:00:00+00:00,ALMDT.PA,BUY,19.0000,269.9500
2025-12-12T21:00:00+00:00,AXE.AX,SELL,175.0000,190.8800
2025-12-12T21:00:00+00:00,AZN.L,SELL,1049.0000,217.7200
2025-12-12T21:00:00+00:00,BGO.L,SELL,2734.0000,159.6500
2025-12-12T21:00:00+00:00,BRK-B,SELL,8394.0000,226.5700
2025-12-12T21:00:00+00:00,BRNT.L,SELL,9773.0000,230.2100
2025-12-12T21:00:00+00:00,DBMG.L,SELL,40467.0000,152.2300
2025-12-12T21:00:00+00:00,EDIT,BUY,167.0000,245.5300
2025-12-12T21:00:00+00:00,EMV.AX,SELL,358.0000,149.1800
2025-12-12T21:00:00+00:00,FTC.L,SELL,126.0000,1919.4600
2025-12-12T21:00:00+00:00,GSIT,SELL,18.0000,360.4400
2025-12-12T21:00:00+00:00,HSBA.L,BUY,1455.0000,402.2300
2025-12-12T21:00:00+00:00,IBTM.L,BUY,146953.0000,107.6700
2025-12-12T21:00:00+00:00,IDN,SELL,904.0000,424.8800
2025-12-12T21:00:00+00:00,IITU.L,SELL,1987.0000,274.6100
2025-12-12T21:00:00+00:00,IPWR,SELL,316.0000,154.9400
2025-12-12T21:00:00+00:00,ISF.L,BUY,1633.0000,179.7300
2025-12-12T21:00:00+00:00,LTBR,BUY,15.0000,658.1900
2025-12-12T21:00:00+00:00,MOLN.SW,BUY,3192.0000,123.7100
2025-12-12T21:00:00+00:00,MSCL.TO,BUY,570.0000,273.7000
2025-12-12T21:00:00+00:00,PLTR,SELL,29.0000,2716.3500
2025-12-12T21:00:00+00:00,PRQR,SELL,535.0000,382.4700
2025-12-12T21:00:00+00:00,QSI,SELL,381.0000,192.9700
2025-12-12T21:00:00+00:00,RR.L,SELL,134.0000,1676.2200
2025-12-12T21:00:00+00:00,SEYE.ST,BUY,1746.0000,247.5300
2025-12-12T21:00:00+00:00,SGLN.L,SELL,27022.0000,261.9900
2025-12-12T21:00:00+00:00,SHEL.L,BUY,1216.0000,252.0200
2025-12-12T21:00:00+00:00,SLX.AX,BUY,332.0000,1163.9900
2025-12-12T21:00:00+00:00,SMGB.L,BUY,4818.0000,315.6800
2025-12-12T21:00:00+00:00,VUL.AX,BUY,2453.0000,190.1600
2025-12-12T21:00:00+00:00,VYGR,SELL,3035.0000,180.6100
2025-12-12T21:00:00+00:00,WBT.AX,BUY,1010.0000,313.2100
2026-01-15T21:00:00+00:00,AL3.AX,BUY,29.0000,383.0200
2026-01-15T21:00:00+00:00,ALCLS.PA,SELL,238.0000,395.0100
2026-01-15T21:00:00+00:00,ALMDT.PA,SELL,456.0000,355.3500
2026-01-15T21:00:00+00:00,AXE.AX,SELL,693.0000,216.8800
2026-01-15T21:00:00+00:00,AZN.L,SELL,4771.0000,227.1500
2026-01-15T21:00:00+00:00,BGO.L,BUY,397.0000,149.1200
2026-01-15T21:00:00+00:00,BRK-B,BUY,10576.0000,222.5700
2026-01-15T21:00:00+00:00,BRNT.L,BUY,1170.0000,240.7600
2026-01-15T21:00:00+00:00,DBMG.L,SELL,26285.0000,159.5600
2026-01-15T21:00:00+00:00,EDIT,BUY,315.0000,202.0400
2026-01-15T21:00:00+00:00,EMV.AX,BUY,4310.0000,153.7300
2026-01-15T21:00:00+00:00,FTC.L,SELL,81.0000,2550.3400
2026-01-15T21:00:00+00:00,GSIT,SELL,9.0000,482.2600
2026-01-15T21:00:00+00:00,HSBA.L,BUY,4017.0000,447.4500
2026-01-15T21:00:00+00:00,IBTM.L,SELL,151102.0000,107.9300
2026-01-15T21:00:00+00:00,IDN,SELL,72.0000,385.0400
2026-01-15T21:00:00+00:00,IITU.L,BUY,4792.0000,276.3700
2026-01-15T21:00:00+00:00,IPWR,BUY,13.0000,118.6900
2026-01-15T21:00:00+00:00,ISF.L,BUY,88156.0000,190.4400
2026-01-15T21:00:00+00:00,LTBR,SELL,75.0000,745.6000
2026-01-15T21:00:00+00:00,MOLN.SW,SELL,6248.0000,117.9700
2026-01-15T21:00:00+00:00,MSCL.TO,SELL,2717.0000,355.2900
2026-01-15T21:00:00+00:00,PLTR,BUY,9.0000,2610.0000
2026-01-15T21:00:00+00:00,PRQR,BUY,477.0000,258.3500
2026-01-15T21:00:00+00:00,QSI,BUY,97.0000,183.2800
2026-01-15T21:00:00+00:00,RR.L,BUY,435.0000,1946.0400
2026-01-15T21:00:00+00:00,SEYE.ST,SELL,2292.0000,285.2300
2026-01-15T21:00:00+00:00,SGLN.L,SELL,3273.0000,281.5800
2026-01-15T21:00:00+00:00,SHEL.L,BUY,11647.0000,257.6500
2026-01-15T21:00:00+00:00,SLX.AX,SELL,136.0000,926.4300
2026-01-15T21:00:00+00:00,SMGB.L,SELL,3632.0000,362.5700
2026-01-15T21:00:00+00:00,VUL.AX,SELL,583.0000,214.2100
2026-01-15T21:00:00+00:00,VYGR,BUY,268.0000,156.5500
2026-01-15T21:00:00+00:00,WBT.AX,SELL,837.0000,366.9800
2026-02-13T21:00:00+00:00,AL3.AX,SELL,308.0000,335.9000
2026-02-13T21:00:00+00:00,ALCLS.PA,BUY,388.0000,366.7900
2026-02-13T21:00:00+00:00,ALMDT.PA,SELL,295.0000,463.0000
2026-02-13T21:00:00+00:00,AXE.AX,SELL,498.0000,205.1400
2026-02-13T21:00:00+00:00,AZN.L,BUY,2494.0000,244.8300
2026-02-13T21:00:00+00:00,BGO.L,BUY,906.0000,135.9600
2026-02-13T21:00:00+00:00,BRK-B,BUY,10504.0000,221.8700
2026-02-13T21:00:00+00:00,BRNT.L,SELL,565.0000,254.9000
2026-02-13T21:00:00+00:00,DBMG.L,SELL,48691.0000,164.4300
2026-02-13T21:00:00+00:00,EDIT,BUY,295.0000,167.9200
2026-02-13T21:00:00+00:00,EMV.AX,SELL,3187.0000,159.1500
2026-02-13T21:00:00+00:00,FTC.L,SELL,54.0000,2644.3000
2026-02-13T21:00:00+00:00,GSIT,SELL,22.0000,379.0500
2026-02-13T21:00:00+00:00,HSBA.L,BUY,4205.0000,448.1000
2026-02-13T21:00:00+00:00,IBTM.L,SELL,59375.0000,107.1800
2026-02-13T21:00:00+00:00,IDN,BUY,431.0000,307.7900
2026-02-13T21:00:00+00:00,IITU.L,BUY,4303.0000,257.7500
2026-02-13T21:00:00+00:00,IPWR,SELL,2098.0000,120.0400
2026-02-13T21:00:00+00:00,ISF.L,BUY,51859.0000,194.6800
2026-02-13T21:00:00+00:00,LTBR,SELL,8.0000,546.1500
2026-02-13T21:00:00+00:00,MOLN.SW,BUY,596.0000,126.8000
2026-02-13T21:00:00+00:00,MSCL.TO,SELL,287.0000,533.2000
2026-02-13T21:00:00+00:00,PLTR,BUY,99.0000,1911.7200
2026-02-13T21:00:00+00:00,PRQR,BUY,1019.0000,235.6200
2026-02-13T21:00:00+00:00,QSI,SELL,28.0000,145.7400
2026-02-13T21:00:00+00:00,RR.L,BUY,894.0000,1942.9800
2026-02-13T21:00:00+00:00,SEYE.ST,SELL,279.0000,246.0400
2026-02-13T21:00:00+00:00,SGLN.L,SELL,418.0000,300.9900
2026-02-13T21:00:00+00:00,SHEL.L,SELL,7757.0000,269.4700
2026-02-13T21:00:00+00:00,SLX.AX,SELL,128.0000,963.9200
2026-02-13T21:00:00+00:00,SMGB.L,SELL,450.0000,363.4700
2026-02-13T21:00:00+00:00,VUL.AX,SELL,820.0000,177.6600
2026-02-13T21:00:00+00:00,VYGR,BUY,736.0000,137.1200
2026-02-13T21:00:00+00:00,WBT.AX,SELL,468.0000,396.2300
2026-03-16T21:00:00+00:00,AL3.AX,BUY,610.0000,297.2900
2026-03-16T21:00:00+00:00,ALCLS.PA,BUY,243.0000,340.7800
2026-03-16T21:00:00+00:00,ALMDT.PA,BUY,247.0000,404.0100
2026-03-16T21:00:00+00:00,AXE.AX,BUY,377.0000,183.4400
2026-03-16T21:00:00+00:00,AZN.L,BUY,9007.0000,235.0500
2026-03-16T21:00:00+00:00,BGO.L,BUY,2294.0000,125.4400
2026-03-16T21:00:00+00:00,BRK-B,BUY,3429.0000,225.6600
2026-03-16T21:00:00+00:00,BRNT.L,SELL,7964.0000,398.8300
2026-03-16T21:00:00+00:00,DBMG.L,SELL,2859.0000,171.5700
2026-03-16T21:00:00+00:00,EDIT,SELL,603.0000,249.1500
2026-03-16T21:00:00+00:00,EMV.AX,BUY,5557.0000,143.7500
2026-03-16T21:00:00+00:00,FTC.L,BUY,156.0000,2489.9300
2026-03-16T21:00:00+00:00,GSIT,SELL,29.0000,620.1100
2026-03-16T21:00:00+00:00,HSBA.L,SELL,6205.0000,444.6700
2026-03-16T21:00:00+00:00,IBTM.L,BUY,169447.0000,108.8100
2026-03-16T21:00:00+00:00,IDN,BUY,804.0000,320.9600
2026-03-16T21:00:00+00:00,IITU.L,SELL,557.0000,262.8700
2026-03-16T21:00:00+00:00,IPWR,BUY,1611.0000,119.6900
2026-03-16T21:00:00+00:00,ISF.L,SELL,71636.0000,193.3500
2026-03-16T21:00:00+00:00,LTBR,BUY,158.0000,493.0500
2026-03-16T21:00:00+00:00,MOLN.SW,SELL,1480.0000,123.6000
2026-03-16T21:00:00+00:00,MSCL.TO,BUY,881.0000,343.6300
2026-03-16T21:00:00+00:00,PLTR,SELL,27.0000,2284.2200
2026-03-16T21:00:00+00:00,PRQR,SELL,1164.0000,292.0200
2026-03-16T21:00:00+00:00,QSI,BUY,256.0000,142.7300
2026-03-16T21:00:00+00:00,RR.L,SELL,655.0000,1880.3000
2026-03-16T21:00:00+00:00,SEYE.ST,BUY,3032.0000,186.1500
2026-03-16T21:00:00+00:00,SGLN.L,SELL,1711.0000,305.7100
2026-03-16T21:00:00+00:00,SHEL.L,SELL,5504.0000,323.3900
2026-03-16T21:00:00+00:00,SLX.AX,BUY,104.0000,770.3500
2026-03-16T21:00:00+00:00,SMGB.L,SELL,126.0000,361.8100
2026-03-16T21:00:00+00:00,VUL.AX,BUY,891.0000,154.3000
2026-03-16T21:00:00+00:00,VYGR,SELL,1233.0000,179.6500
2026-03-16T21:00:00+00:00,WBT.AX,BUY,147.0000,378.8500
2026-04-16T21:00:00+00:00,AL3.AX,SELL,781.0000,440.3000
2026-04-16T21:00:00+00:00,ALCLS.PA,SELL,41.0000,413.0400
2026-04-16T21:00:00+00:00,ALMDT.PA,SELL,2.0000,419.0400
2026-04-16T21:00:00+00:00,AXE.AX,BUY,490.0000,183.3800
2026-04-16T21:00:00+00:00,AZN.L,BUY,2460.0000,243.2000
2026-04-16T21:00:00+00:00,BGO.L,BUY,5816.0000,108.7700
2026-04-16T21:00:00+00:00,BRK-B,BUY,18619.0000,212.5900
2026-04-16T21:00:00+00:00,BRNT.L,BUY,1211.0000,388.4700
2026-04-16T21:00:00+00:00,DBMG.L,SELL,36236.0000,166.5200
2026-04-16T21:00:00+00:00,EDIT,SELL,43.0000,320.7100
2026-04-16T21:00:00+00:00,EMV.AX,SELL,9263.0000,141.0100
2026-04-16T21:00:00+00:00,FTC.L,SELL,167.0000,2966.4400
2026-04-16T21:00:00+00:00,GSIT,BUY,4.0000,397.0800
2026-04-16T21:00:00+00:00,HSBA.L,SELL,3635.0000,497.6200
2026-04-16T21:00:00+00:00,IBTM.L,BUY,169643.0000,106.8700
2026-04-16T21:00:00+00:00,IDN,SELL,1164.0000,520.6200
2026-04-16T21:00:00+00:00,IITU.L,SELL,2076.0000,281.3100
2026-04-16T21:00:00+00:00,IPWR,BUY,622.0000,120.0900
2026-04-16T21:00:00+00:00,ISF.L,SELL,46740.0000,199.5400
2026-04-16T21:00:00+00:00,LTBR,SELL,22.0000,503.4800
2026-04-16T21:00:00+00:00,MOLN.SW,BUY,4893.0000,119.7600
2026-04-16T21:00:00+00:00,MSCL.TO,SELL,133.0000,402.7000
2026-04-16T21:00:00+00:00,PLTR,BUY,159.0000,2083.9600
2026-04-16T21:00:00+00:00,PRQR,BUY,199.0000,315.7800
2026-04-16T21:00:00+00:00,QSI,BUY,24.0000,153.4700
2026-04-16T21:00:00+00:00,RR.L,SELL,771.0000,1911.1800
2026-04-16T21:00:00+00:00,SEYE.ST,SELL,1353.0000,199.5300
2026-04-16T21:00:00+00:00,SGLN.L,SELL,10069.0000,290.0000
2026-04-16T21:00:00+00:00,SHEL.L,BUY,3016.0000,320.5000
2026-04-16T21:00:00+00:00,SLX.AX,SELL,5.0000,870.2500
2026-04-16T21:00:00+00:00,SMGB.L,SELL,1841.0000,412.2900
2026-04-16T21:00:00+00:00,VUL.AX,SELL,396.0000,177.9000
2026-04-16T21:00:00+00:00,VYGR,BUY,487.0000,160.7200
2026-04-16T21:00:00+00:00,WBT.AX,BUY,344.0000,331.1900
2026-05-18T21:00:00+00:00,AL3.AX,BUY,519.0000,401.5100
2026-05-18T21:00:00+00:00,ALCLS.PA,SELL,312.0000,372.4600
2026-05-18T21:00:00+00:00,ALMDT.PA,SELL,58.0000,440.6400
2026-05-18T21:00:00+00:00,AXE.AX,BUY,210.0000,173.1400
2026-05-18T21:00:00+00:00,AZN.L,SELL,13486.0000,224.3500
2026-05-18T21:00:00+00:00,BGO.L,SELL,4824.0000,106.1400
2026-05-18T21:00:00+00:00,BRK-B,SELL,5279.0000,222.8800
2026-05-18T21:00:00+00:00,BRNT.L,SELL,915.0000,465.8000
2026-05-18T21:00:00+00:00,DBMG.L,BUY,34677.0000,171.8300
2026-05-18T21:00:00+00:00,EDIT,BUY,169.0000,247.0400
2026-05-18T21:00:00+00:00,EMV.AX,BUY,201.0000,151.9800
2026-05-18T21:00:00+00:00,FTC.L,SELL,229.0000,5516.7800
2026-05-18T21:00:00+00:00,GSIT,SELL,85.0000,566.1000
2026-05-18T21:00:00+00:00,HSBA.L,SELL,1293.0000,500.1400
2026-05-18T21:00:00+00:00,IBTM.L,BUY,15765.0000,106.0300
2026-05-18T21:00:00+00:00,IDN,SELL,51.0000,275.1400
2026-05-18T21:00:00+00:00,IITU.L,BUY,2559.0000,318.1100
2026-05-18T21:00:00+00:00,IPWR,SELL,2646.0000,214.1600
2026-05-18T21:00:00+00:00,ISF.L,SELL,20120.0000,195.1600
2026-05-18T21:00:00+00:00,LTBR,SELL,79.0000,465.0700
2026-05-18T21:00:00+00:00,MOLN.SW,SELL,2752.0000,108.1900
2026-05-18T21:00:00+00:00,MSCL.TO,SELL,475.0000,339.9800
2026-05-18T21:00:00+00:00,PLTR,SELL,194.0000,2012.0300
2026-05-18T21:00:00+00:00,PRQR,SELL,88.0000,249.4000
2026-05-18T21:00:00+00:00,QSI,SELL,461.0000,128.5300
2026-05-18T21:00:00+00:00,RR.L,BUY,216.0000,1777.2500
2026-05-18T21:00:00+00:00,SEYE.ST,SELL,1962.0000,273.6700
2026-05-18T21:00:00+00:00,SGLN.L,BUY,9821.0000,276.9400
2026-05-18T21:00:00+00:00,SHEL.L,BUY,1515.0000,311.5100
2026-05-18T21:00:00+00:00,SLX.AX,BUY,11.0000,816.1200
2026-05-18T21:00:00+00:00,SMGB.L,BUY,2273.0000,507.1100
2026-05-18T21:00:00+00:00,VUL.AX,SELL,73.0000,184.9500
2026-05-18T21:00:00+00:00,VYGR,BUY,133.0000,146.1300
2026-05-18T21:00:00+00:00,WBT.AX,SELL,495.0000,536.5900
2026-06-17T21:00:00+00:00,AL3.AX,SELL,158.0000,306.8100
2026-06-17T21:00:00+00:00,ALCLS.PA,BUY,1327.0000,302.3900
2026-06-17T21:00:00+00:00,ALMDT.PA,BUY,248.0000,440.8900
2026-06-17T21:00:00+00:00,AXE.AX,SELL,868.0000,196.3800
2026-06-17T21:00:00+00:00,AZN.L,BUY,17018.0000,220.4500
2026-06-17T21:00:00+00:00,BGO.L,SELL,4816.0000,109.6500
2026-06-17T21:00:00+00:00,BRK-B,SELL,2898.0000,222.2400
2026-06-17T21:00:00+00:00,BRNT.L,BUY,3232.0000,361.0800
2026-06-17T21:00:00+00:00,DBMG.L,SELL,13550.0000,169.2400
2026-06-17T21:00:00+00:00,EDIT,BUY,61.0000,246.8000
2026-06-17T21:00:00+00:00,EMV.AX,BUY,5375.0000,137.2400
2026-06-17T21:00:00+00:00,FTC.L,SELL,34.0000,4966.4400
2026-06-17T21:00:00+00:00,GSIT,BUY,66.0000,458.4200
2026-06-17T21:00:00+00:00,HSBA.L,BUY,519.0000,537.3100
2026-06-17T21:00:00+00:00,IBTM.L,SELL,26066.0000,107.5600
2026-06-17T21:00:00+00:00,IDN,BUY,318.0000,263.8000
2026-06-17T21:00:00+00:00,IITU.L,SELL,1381.0000,330.4700
2026-06-17T21:00:00+00:00,IPWR,SELL,186.0000,210.0800
2026-06-17T21:00:00+00:00,ISF.L,BUY,13419.0000,198.6900
2026-06-17T21:00:00+00:00,LTBR,BUY,110.0000,394.7100
2026-06-17T21:00:00+00:00,MOLN.SW,SELL,3110.0000,114.5200
2026-06-17T21:00:00+00:00,MSCL.TO,BUY,1562.0000,271.4200
2026-06-17T21:00:00+00:00,PLTR,BUY,78.0000,1927.8000
2026-06-17T21:00:00+00:00,PRQR,SELL,158.0000,273.4000
2026-06-17T21:00:00+00:00,QSI,BUY,277.0000,140.8300
2026-06-17T21:00:00+00:00,RR.L,SELL,19.0000,2134.0500
2026-06-17T21:00:00+00:00,SEYE.ST,BUY,738.0000,275.4400
2026-06-17T21:00:00+00:00,SGLN.L,SELL,5297.0000,265.8200
2026-06-17T21:00:00+00:00,SHEL.L,BUY,211.0000,289.9900
2026-06-17T21:00:00+00:00,SLX.AX,SELL,46.0000,851.6300
2026-06-17T21:00:00+00:00,SMGB.L,SELL,1922.0000,613.2600
2026-06-17T21:00:00+00:00,VUL.AX,BUY,170.0000,179.1400
2026-06-17T21:00:00+00:00,VYGR,BUY,929.0000,148.5400
2026-06-17T21:00:00+00:00,WBT.AX,SELL,194.0000,634.8900
2026-07-16T21:00:00+00:00,AL3.AX,BUY,790.0000,269.4300
2026-07-16T21:00:00+00:00,ALCLS.PA,SELL,700.0000,255.2500
2026-07-16T21:00:00+00:00,ALMDT.PA,SELL,66.0000,351.9700
2026-07-16T21:00:00+00:00,AXE.AX,BUY,1753.0000,127.8600
2026-07-16T21:00:00+00:00,AZN.L,BUY,355.0000,206.6400
2026-07-16T21:00:00+00:00,BGO.L,BUY,4641.0000,121.0500
2026-07-16T21:00:00+00:00,BRK-B,BUY,1248.0000,221.1800
2026-07-16T21:00:00+00:00,BRNT.L,SELL,3284.0000,376.9100
2026-07-16T21:00:00+00:00,DBMG.L,BUY,22650.0000,169.6700
2026-07-16T21:00:00+00:00,EDIT,SELL,283.0000,276.3800
2026-07-16T21:00:00+00:00,EMV.AX,BUY,4695.0000,149.0500
2026-07-16T21:00:00+00:00,FTC.L,SELL,10.0000,3624.1600
2026-07-16T21:00:00+00:00,GSIT,SELL,36.0000,334.6900
2026-07-16T21:00:00+00:00,HSBA.L,BUY,2817.0000,558.5400
2026-07-16T21:00:00+00:00,IBTM.L,SELL,37770.0000,106.2500
2026-07-16T21:00:00+00:00,IDN,SELL,306.0000,236.9300
2026-07-16T21:00:00+00:00,IITU.L,SELL,4935.0000,319.6100
2026-07-16T21:00:00+00:00,IPWR,SELL,221.0000,153.9400
2026-07-16T21:00:00+00:00,ISF.L,BUY,10935.0000,200.5600
2026-07-16T21:00:00+00:00,LTBR,BUY,92.0000,303.3100
2026-07-16T21:00:00+00:00,MOLN.SW,BUY,4839.0000,115.8600
2026-07-16T21:00:00+00:00,MSCL.TO,SELL,2065.0000,401.7300
2026-07-16T21:00:00+00:00,PLTR,SELL,144.0000,1967.2000
2026-07-16T21:00:00+00:00,PRQR,SELL,52.0000,271.0800
2026-07-16T21:00:00+00:00,QSI,BUY,90.0000,121.1500
2026-07-16T21:00:00+00:00,RR.L,BUY,13.0000,2116.2400
2026-07-16T21:00:00+00:00,SEYE.ST,SELL,889.0000,272.3900
2026-07-16T21:00:00+00:00,SGLN.L,SELL,2755.0000,243.2500
2026-07-16T21:00:00+00:00,SHEL.L,SELL,2446.0000,301.9400
2026-07-16T21:00:00+00:00,SLX.AX,BUY,219.0000,679.0400
2026-07-16T21:00:00+00:00,SMGB.L,SELL,1355.0000,553.2500
2026-07-16T21:00:00+00:00,VUL.AX,BUY,2588.0000,139.9500
2026-07-16T21:00:00+00:00,VYGR,SELL,859.0000,123.6800
2026-07-16T21:00:00+00:00,WBT.AX,BUY,234.0000,523.3100
2026-08-14T21:00:00+00:00,AL3.AX,SELL,392.0000,218.0300
2026-08-14T21:00:00+00:00,ALCLS.PA,BUY,105.0000,296.0400
2026-08-14T21:00:00+00:00,ALMDT.PA,BUY,116.0000,390.3100
2026-08-14T21:00:00+00:00,AXE.AX,SELL,1232.0000,123.8300
2026-08-14T21:00:00+00:00,AZN.L,SELL,5743.0000,188.7900
2026-08-14T21:00:00+00:00,BGO.L,SELL,3435.0000,109.6500
2026-08-14T21:00:00+00:00,BRK-B,BUY,377.0000,226.9200
2026-08-14T21:00:00+00:00,BRNT.L,SELL,764.0000,395.7200
2026-08-14T21:00:00+00:00,DBMG.L,SELL,3769.0000,170.9400
2026-08-14T21:00:00+00:00,EDIT,BUY,369.0000,271.6300
2026-08-14T21:00:00+00:00,EMV.AX,SELL,8221.0000,157.8900
2026-08-14T21:00:00+00:00,FTC.L,BUY,16.0000,3436.2400
2026-08-14T21:00:00+00:00,GSIT,BUY,226.0000,438.1600
2026-08-14T21:00:00+00:00,HSBA.L,SELL,3266.0000,574.0300
2026-08-14T21:00:00+00:00,IBTM.L,BUY,100651.0000,105.5000
2026-08-14T21:00:00+00:00,IDN,BUY,1826.0000,178.2000
2026-08-14T21:00:00+00:00,IITU.L,BUY,1585.0000,337.8800
2026-08-14T21:00:00+00:00,IPWR,BUY,96.0000,191.5000
2026-08-14T21:00:00+00:00,ISF.L,SELL,19765.0000,204.5700
2026-08-14T21:00:00+00:00,LTBR,BUY,120.0000,357.3100
2026-08-14T21:00:00+00:00,MOLN.SW,SELL,4333.0000,119.5400
2026-08-14T21:00:00+00:00,MSCL.TO,BUY,114.0000,447.1700
2026-08-14T21:00:00+00:00,PLTR,BUY,186.0000,2556.2000
2026-08-14T21:00:00+00:00,PRQR,BUY,72.0000,312.8300
2026-08-14T21:00:00+00:00,QSI,BUY,786.0000,109.8700
2026-08-14T21:00:00+00:00,RR.L,SELL,169.0000,2375.1400
2026-08-14T21:00:00+00:00,SEYE.ST,BUY,270.0000,314.1800
2026-08-14T21:00:00+00:00,SGLN.L,SELL,1325.0000,264.6000
2026-08-14T21:00:00+00:00,SHEL.L,SELL,4193.0000,320.0200
2026-08-14T21:00:00+00:00,SLX.AX,SELL,189.0000,752.4800
2026-08-14T21:00:00+00:00,SMGB.L,BUY,205.0000,558.7700
2026-08-14T21:00:00+00:00,VUL.AX,SELL,2567.0000,149.2000
2026-08-14T21:00:00+00:00,VYGR,BUY,1160.0000,133.5300
2026-08-14T21:00:00+00:00,WBT.AX,BUY,124.0000,360.4700
2026-09-15T21:00:00+00:00,AL3.AX,BUY,228.0000,308.1900
2026-09-15T21:00:00+00:00,ALCLS.PA,BUY,1326.0000,147.0500
2026-09-15T21:00:00+00:00,ALMDT.PA,BUY,652.0000,302.1200
2026-09-15T21:00:00+00:00,AXE.AX,BUY,7309.0000,105.5800
2026-09-15T21:00:00+00:00,AZN.L,SELL,7083.0000,199.5900
2026-09-15T21:00:00+00:00,BGO.L,BUY,6859.0000,109.6500
2026-09-15T21:00:00+00:00,BRK-B,SELL,21370.0000,232.4700
2026-09-15T21:00:00+00:00,BRNT.L,BUY,232.0000,494.6100
2026-09-15T21:00:00+00:00,DBMG.L,SELL,10011.0000,176.1200
2026-09-15T21:00:00+00:00,EDIT,SELL,85.0000,253.1400
2026-09-15T21:00:00+00:00,EMV.AX,BUY,5886.0000,154.9200
2026-09-15T21:00:00+00:00,FTC.L,BUY,8.0000,2885.9100
2026-09-15T21:00:00+00:00,GSIT,BUY,109.0000,305.1700
2026-09-15T21:00:00+00:00,HSBA.L,BUY,4687.0000,565.0100
2026-09-15T21:00:00+00:00,IBTM.L,SELL,99151.0000,103.9300
2026-09-15T21:00:00+00:00,IDN,SELL,1011.0000,153.9900
2026-09-15T21:00:00+00:00,IITU.L,BUY,2412.0000,332.0500
2026-09-15T21:00:00+00:00,IPWR,BUY,120.0000,153.6700
2026-09-15T21:00:00+00:00,ISF.L,BUY,29794.0000,203.2100
2026-09-15T21:00:00+00:00,LTBR,BUY,144.0000,279.2900
2026-09-15T21:00:00+00:00,MOLN.SW,BUY,6862.0000,118.9900
2026-09-15T21:00:00+00:00,MSCL.TO,BUY,159.0000,435.3300
2026-09-15T21:00:00+00:00,PLTR,SELL,236.0000,2532.5400
2026-09-15T21:00:00+00:00,PRQR,BUY,172.0000,299.5700
2026-09-15T21:00:00+00:00,QSI,SELL,57.0000,106.8200
2026-09-15T21:00:00+00:00,RR.L,BUY,205.0000,2188.9500
2026-09-15T21:00:00+00:00,SEYE.ST,BUY,1946.0000,167.4900
2026-09-15T21:00:00+00:00,SGLN.L,BUY,5435.0000,259.4700
2026-09-15T21:00:00+00:00,SHEL.L,BUY,7492.0000,352.0700
2026-09-15T21:00:00+00:00,SLX.AX,BUY,65.0000,636.0800
2026-09-15T21:00:00+00:00,SMGB.L,BUY,469.0000,520.2300
2026-09-15T21:00:00+00:00,VUL.AX,BUY,4377.0000,115.1700
2026-09-15T21:00:00+00:00,VYGR,SELL,8.0000,126.0900
2026-09-15T21:00:00+00:00,WBT.AX,BUY,243.0000,247.5600
