ts,symbol,side,qty,price
2021-09-16T21:00:00+00:00,AL3.AX,BUY,8237.0000,364.2100
2021-09-16T21:00:00+00:00,ALCLS.PA,BUY,2396.0000,1252.0400
2021-09-16T21:00:00+00:00,ALMDT.PA,BUY,2358.0000,1272.2300
2021-09-16T21:00:00+00:00,AXE.AX,BUY,3391.0000,884.4600
2021-09-16T21:00:00+00:00,AZN.L,BUY,24842.0000,120.7600
2021-09-16T21:00:00+00:00,BGO.L,BUY,7755.0000,386.8400
2021-09-16T21:00:00+00:00,BRK-B,BUY,24650.0000,121.7000
2021-09-16T21:00:00+00:00,BRNT.L,BUY,19714.0000,152.1700
2021-09-16T21:00:00+00:00,DBMG.L,BUY,27213.0000,110.2400
2021-09-16T21:00:00+00:00,EDIT,BUY,524.0000,5723.8300
2021-09-16T21:00:00+00:00,EMV.AX,BUY,11369.0000,263.8600
2021-09-16T21:00:00+00:00,FTC.L,BUY,19866.0000,151.0100
2021-09-16T21:00:00+00:00,GSIT,BUY,8745.0000,343.0400
2021-09-16T21:00:00+00:00,HSBA.L,BUY,29256.0000,102.5400
2021-09-16T21:00:00+00:00,IBTM.L,BUY,26874.0000,111.6300
2021-09-16T21:00:00+00:00,IDN,BUY,5425.0000,552.9000
2021-09-16T21:00:00+00:00,IITU.L,BUY,23807.0000,126.0100
2021-09-16T21:00:00+00:00,IPWR,BUY,5482.0000,547.1600
2021-09-16T21:00:00+00:00,ISF.L,BUY,26631.0000,112.6500
2021-09-16T21:00:00+00:00,LTBR,BUY,14365.0000,208.8400
2021-09-16T21:00:00+00:00,MOLN.SW,BUY,5296.0000,566.4400
2021-09-16T21:00:00+00:00,PLTR,BUY,7323.0000,409.6300
2021-09-16T21:00:00+00:00,PRQR,BUY,2293.0000,1307.8400
2021-09-16T21:00:00+00:00,QSI,BUY,2411.0000,1243.8700
2021-09-16T21:00:00+00:00,RR.L,BUY,18221.0000,164.6400
2021-09-16T21:00:00+00:00,SEYE.ST,BUY,5344.0000,561.2900
2021-09-16T21:00:00+00:00,SGLN.L,BUY,28677.0000,104.6100
2021-09-16T21:00:00+00:00,SHEL.L,BUY,25826.0000,116.1600
2021-09-16T21:00:00+00:00,SLX.AX,BUY,11952.0000,250.9900
2021-09-16T21:00:00+00:00,SMGB.L,BUY,22876.0000,131.1400
2021-09-16T21:00:00+00:00,VUL.AX,BUY,3980.0000,753.7200
2021-09-16T21:00:00+00:00,VYGR,BUY,24890.0000,120.5300
2021-09-16T21:00:00+00:00,WBT.AX,BUY,12007.0000,249.8500
2021-10-15T21:00:00+00:00,AL3.AX,BUY,141.0000,361.3700
2021-10-15T21:00:00+00:00,ALCLS.PA,BUY,631.0000,1000.1100
2021-10-15T21:00:00+00:00,ALMDT.PA,SELL,154.0000,1373.1800
2021-10-15T21:00:00+00:00,AXE.AX,SELL,72.0000,912.1900
2021-10-15T21:00:00+00:00,AZN.L,SELL,1634.0000,130.4600
2021-10-15T21:00:00+00:00,BGO.L,BUY,2106.0000,307.0200
2021-10-15T21:00:00+00:00,BRK-B,SELL,674.0000,126.2800
2021-10-15T21:00:00+00:00,BRNT.L,SELL,2540.0000,176.2900
2021-10-15T21:00:00+00:00,DBMG.L,SELL,214.0000,112.1400
2021-10-15T21:00:00+00:00,EDIT,BUY,313.0000,3614.5300
2021-10-15T21:00:00+00:00,EMV.AX,SELL,269.0000,272.7500
2021-10-15T21:00:00+00:00,FTC.L,BUY,1616.0000,140.9400
2021-10-15T21:00:00+00:00,GSIT,BUY,1001.0000,310.6500
2021-10-15T21:00:00+00:00,HSBA.L,SELL,4170.0000,120.6900
2021-10-15T21:00:00+00:00,IBTM.L,BUY,716.0000,109.7400
2021-10-15T21:00:00+00:00,IDN,BUY,206.0000,537.6500
2021-10-15T21:00:00+00:00,IITU.L,BUY,339.0000,125.3900
2021-10-15T21:00:00+00:00,IPWR,BUY,129.0000,539.5400
2021-10-15T21:00:00+00:00,ISF.L,SELL,562.0000,116.1400
2021-10-15T21:00:00+00:00,LTBR,SELL,2813.0000,262.0900
2021-10-15T21:00:00+00:00,MOLN.SW,BUY,70.0000,564.2400
2021-10-15T21:00:00+00:00,PLTR,BUY,1379.0000,347.9000
2021-10-15T21:00:00+00:00,PRQR,BUY,96.0000,1267.1700
2021-10-15T21:00:00+00:00,QSI,SELL,9.0000,1260.2500
2021-10-15T21:00:00+00:00,RR.L,SELL,4348.0000,218.2400
2021-10-15T21:00:00+00:00,SEYE.ST,BUY,638.0000,506.1000
2021-10-15T21:00:00+00:00,SGLN.L,SELL,73.0000,105.8500
2021-10-15T21:00:00+00:00,SHEL.L,SELL,4289.0000,140.5800
2021-10-15T21:00:00+00:00,SLX.AX,BUY,2415.0000,210.7400
2021-10-15T21:00:00+00:00,SMGB.L,BUY,1053.0000,126.5300
2021-10-15T21:00:00+00:00,VUL.AX,BUY,985.0000,609.8000
2021-10-15T21:00:00+00:00,VYGR,SELL,6568.0000,165.2500
2021-10-15T21:00:00+00:00,WBT.AX,SELL,1507.0000,288.3400
2021-11-15T21:00:00+00:00,AL3.AX,BUY,237.0000,364.1100
2021-11-15T21:00:00+00:00,ALCLS.PA,BUY,166.0000,982.3100
2021-11-15T21:00:00+00:00,ALMDT.PA,BUY,129.0000,1344.2900
2021-11-15T21:00:00+00:00,AXE.AX,BUY,273.0000,873.1400
2021-11-15T21:00:00+00:00,AZN.L,BUY,372.0000,133.0300
2021-11-15T21:00:00+00:00,BGO.L,SELL,549.0000,336.8400
2021-11-15T21:00:00+00:00,BRK-B,BUY,367.0000,128.8600
2021-11-15T21:00:00+00:00,BRNT.L,BUY,872.0000,173.8200
2021-11-15T21:00:00+00:00,DBMG.L,SELL,211.0000,117.1000
2021-11-15T21:00:00+00:00,EDIT,BUY,62.0000,3485.7500
2021-11-15T21:00:00+00:00,EMV.AX,BUY,1649.0000,246.0400
2021-11-15T21:00:00+00:00,FTC.L,SELL,1593.0000,157.7200
2021-11-15T21:00:00+00:00,GSIT,SELL,1541.0000,382.2800
2021-11-15T21:00:00+00:00,HSBA.L,BUY,755.0000,121.3900
2021-11-15T21:00:00+00:00,IBTM.L,BUY,378.0000,112.1600
2021-11-15T21:00:00+00:00,IDN,BUY,2527.0000,384.5000
2021-11-15T21:00:00+00:00,IITU.L,SELL,1410.0000,137.9700
2021-11-15T21:00:00+00:00,IPWR,SELL,198.0000,579.4900
2021-11-15T21:00:00+00:00,ISF.L,BUY,490.0000,118.1100
2021-11-15T21:00:00+00:00,LTBR,SELL,5697.0000,535.7200
2021-11-15T21:00:00+00:00,MOLN.SW,BUY,1813.0000,436.9200
2021-11-15T21:00:00+00:00,PLTR,BUY,371.0000,345.7200
2021-11-15T21:00:00+00:00,PRQR,BUY,78.0000,1271.3000
2021-11-15T21:00:00+00:00,QSI,BUY,261.0000,1177.9000
2021-11-15T21:00:00+00:00,RR.L,BUY,556.0000,217.3900
2021-11-15T21:00:00+00:00,SEYE.ST,SELL,1160.0000,650.5100
2021-11-15T21:00:00+00:00,SGLN.L,SELL,1092.0000,114.0200
2021-11-15T21:00:00+00:00,SHEL.L,BUY,1796.0000,134.4400
2021-11-15T21:00:00+00:00,SLX.AX,BUY,513.0000,210.8100
2021-11-15T21:00:00+00:00,SMGB.L,SELL,2662.0000,147.5000
2021-11-15T21:00:00+00:00,VUL.AX,BUY,613.0000,562.3300
2021-11-15T21:00:00+00:00,VYGR,BUY,4015.0000,140.4300
2021-11-15T21:00:00+00:00,WBT.AX,BUY,890.0000,275.4100
2021-12-14T21:00:00+00:00,AL3.AX,SELL,246.0000,337.1000
2021-12-14T21:00:00+00:00,ALCLS.PA,BUY,481.0000,767.7600
2021-12-14T21:00:00+00:00,ALMDT.PA,SELL,120.0000,1274.6400
2021-12-14T21:00:00+00:00,AXE.AX,BUY,888.0000,629.6800
2021-12-14T21:00:00+00:00,AZN.L,SELL,464.0000,122.0500
2021-12-14T21:00:00+00:00,BGO.L,SELL,915.0000,335.9600
2021-12-14T21:00:00+00:00,BRK-B,SELL,3539.0000,135.6100
2021-12-14T21:00:00+00:00,BRNT.L,SELL,764.0000,163.2500
2021-12-14T21:00:00+00:00,DBMG.L,SELL,2139.0000,114.4600
2021-12-14T21:00:00+00:00,EDIT,BUY,103.0000,2814.6400
2021-12-14T21:00:00+00:00,EMV.AX,SELL,1310.0000,246.6400
2021-12-14T21:00:00+00:00,FTC.L,SELL,1206.0000,151.0100
2021-12-14T21:00:00+00:00,GSIT,BUY,1148.0000,301.6300
2021-12-14T21:00:00+00:00,HSBA.L,SELL,2492.0000,120.8300
2021-12-14T21:00:00+00:00,IBTM.L,SELL,3490.0000,115.2600
2021-12-14T21:00:00+00:00,IDN,BUY,2.0000,345.7500
2021-12-14T21:00:00+00:00,IITU.L,SELL,2697.0000,140.7900
2021-12-14T21:00:00+00:00,IPWR,BUY,2133.0000,373.8400
2021-12-14T21:00:00+00:00,ISF.L,SELL,2265.0000,116.1300
2021-12-14T21:00:00+00:00,LTBR,BUY,4356.0000,276.3000
2021-12-14T21:00:00+00:00,MOLN.SW,SELL,1215.0000,473.0500
2021-12-14T21:00:00+00:00,PLTR,BUY,1020.0000,279.5200
2021-12-14T21:00:00+00:00,PRQR,BUY,106.0000,1096.2500
2021-12-14T21:00:00+00:00,QSI,BUY,486.0000,895.9000
2021-12-14T21:00:00+00:00,RR.L,BUY,1525.0000,176.8400
2021-12-14T21:00:00+00:00,SEYE.ST,BUY,24.0000,582.1700
2021-12-14T21:00:00+00:00,SGLN.L,SELL,1869.0000,110.0200
2021-12-14T21:00:00+00:00,SHEL.L,SELL,1608.0000,129.8600
2021-12-14T21:00:00+00:00,SLX.AX,BUY,1878.0000,168.3500
2021-12-14T21:00:00+00:00,SMGB.L,SELL,2029.0000,146.6500
2021-12-14T21:00:00+00:00,VUL.AX,SELL,1158.0000,638.2500
2021-12-14T21:00:00+00:00,VYGR,BUY,2092.0000,115.4900
2021-12-14T21:00:00+00:00,WBT.AX,BUY,825.0000,230.9700
2022-01-17T21:00:00+00:00,AL3.AX,BUY,548.0000,318.6500
2022-01-17T21:00:00+00:00,ALCLS.PA,BUY,386.0000,699.8100
2022-01-17T21:00:00+00:00,ALMDT.PA,SELL,1.0000,1284.6000
2022-01-17T21:00:00+00:00,AXE.AX,SELL,316.0000,682.3200
2022-01-17T21:00:00+00:00,AZN.L,SELL,1273.0000,130.0900
2022-01-17T21:00:00+00:00,BGO.L,BUY,17.0000,337.7200
2022-01-17T21:00:00+00:00,BRK-B,SELL,1009.0000,143.5500
2022-01-17T21:00:00+00:00,BRNT.L,SELL,1883.0000,184.5200
2022-01-17T21:00:00+00:00,DBMG.L,BUY,874.0000,111.3300
2022-01-17T21:00:00+00:00,EDIT,BUY,354.0000,2094.1600
2022-01-17T21:00:00+00:00,EMV.AX,BUY,1289.0000,223.2500
2022-01-17T21:00:00+00:00,FTC.L,SELL,275.0000,154.3600
2022-01-17T21:00:00+00:00,GSIT,BUY,262.0000,295.5300
2022-01-17T21:00:00+00:00,HSBA.L,SELL,3653.0000,144.2700
2022-01-17T21:00:00+00:00,IBTM.L,BUY,1709.0000,108.5100
2022-01-17T21:00:00+00:00,IDN,BUY,718.0000,320.0400
2022-01-17T21:00:00+00:00,IITU.L,BUY,1087.0000,134.5000
2022-01-17T21:00:00+00:00,IPWR,BUY,749.0000,342.5500
2022-01-17T21:00:00+00:00,ISF.L,SELL,1111.0000,122.5700
2022-01-17T21:00:00+00:00,LTBR,BUY,396.0000,267.8900
2022-01-17T21:00:00+00:00,MOLN.SW,SELL,2067.0000,729.0000
2022-01-17T21:00:00+00:00,PLTR,BUY,2191.0000,231.3200
2022-01-17T21:00:00+00:00,PRQR,BUY,49.0000,1083.5200
2022-01-17T21:00:00+00:00,QSI,BUY,182.0000,853.0000
2022-01-17T21:00:00+00:00,RR.L,SELL,1004.0000,190.0700
2022-01-17T21:00:00+00:00,SEYE.ST,BUY,1687.0000,434.9300
2022-01-17T21:00:00+00:00,SGLN.L,BUY,328.0000,109.4100
2022-01-17T21:00:00+00:00,SHEL.L,SELL,2497.0000,147.7800
2022-01-17T21:00:00+00:00,SLX.AX,SELL,2439.0000,198.4400
2022-01-17T21:00:00+00:00,SMGB.L,SELL,231.0000,149.5000
2022-01-17T21:00:00+00:00,VUL.AX,BUY,1275.0000,498.8900
2022-01-17T21:00:00+00:00,VYGR,SELL,371.0000,118.1100
2022-01-17T21:00:00+00:00,WBT.AX,SELL,1819.0000,273.3300
2022-02-15T21:00:00+00:00,AL3.AX,BUY,662.0000,274.3300
2022-02-15T21:00:00+00:00,ALCLS.PA,BUY,792.0000,541.5600
2022-02-15T21:00:00+00:00,ALMDT.PA,BUY,113.0000,1130.0100
2022-02-15T21:00:00+00:00,AXE.AX,BUY,509.0000,562.2800
2022-02-15T21:00:00+00:00,AZN.L,SELL,1860.0000,131.5000
2022-02-15T21:00:00+00:00,BGO.L,SELL,593.0000,335.9600
2022-02-15T21:00:00+00:00,BRK-B,SELL,1278.0000,141.9100
2022-02-15T21:00:00+00:00,BRNT.L,SELL,2239.0000,199.6700
2022-02-15T21:00:00+00:00,DBMG.L,SELL,2829.0000,115.7900
2022-02-15T21:00:00+00:00,EDIT,BUY,287.0000,1598.8000
2022-02-15T21:00:00+00:00,EMV.AX,BUY,1946.0000,179.0700
2022-02-15T21:00:00+00:00,FTC.L,SELL,1747.0000,157.7200
2022-02-15T21:00:00+00:00,GSIT,SELL,47.0000,274.6300
2022-02-15T21:00:00+00:00,HSBA.L,SELL,2657.0000,154.2200
2022-02-15T21:00:00+00:00,IBTM.L,SELL,1752.0000,107.5400
2022-02-15T21:00:00+00:00,IDN,BUY,2031.0000,240.8700
2022-02-15T21:00:00+00:00,IITU.L,SELL,798.0000,129.2700
2022-02-15T21:00:00+00:00,IPWR,SELL,58.0000,319.0200
2022-02-15T21:00:00+00:00,ISF.L,SELL,1795.0000,122.8600
2022-02-15T21:00:00+00:00,LTBR,SELL,1676.0000,294.2300
2022-02-15T21:00:00+00:00,MOLN.SW,SELL,432.0000,758.2200
2022-02-15T21:00:00+00:00,PLTR,BUY,382.0000,207.4700
2022-02-15T21:00:00+00:00,PRQR,BUY,10218.0000,204.6500
2022-02-15T21:00:00+00:00,QSI,BUY,1041.0000,600.9300
2022-02-15T21:00:00+00:00,RR.L,SELL,483.0000,181.6400
2022-02-15T21:00:00+00:00,SEYE.ST,SELL,83.0000,407.3700
2022-02-15T21:00:00+00:00,SGLN.L,SELL,2557.0000,112.2300
2022-02-15T21:00:00+00:00,SHEL.L,SELL,2712.0000,159.1000
2022-02-15T21:00:00+00:00,SLX.AX,BUY,1247.0000,168.8100
2022-02-15T21:00:00+00:00,SMGB.L,BUY,475.0000,134.8800
2022-02-15T21:00:00+00:00,VUL.AX,BUY,58.0000,456.7000
2022-02-15T21:00:00+00:00,VYGR,SELL,6469.0000,149.4000
2022-02-15T21:00:00+00:00,WBT.AX,SELL,348.0000,261.5100
2022-03-16T21:00:00+00:00,AL3.AX,BUY,1258.0000,241.0100
2022-03-16T21:00:00+00:00,ALCLS.PA,BUY,1045.0000,442.8500
2022-03-16T21:00:00+00:00,ALMDT.PA,BUY,274.0000,1004.6600
2022-03-16T21:00:00+00:00,AXE.AX,BUY,335.0000,521.4600
2022-03-16T21:00:00+00:00,AZN.L,SELL,1595.0000,142.0400
2022-03-16T21:00:00+00:00,BGO.L,BUY,519.0000,313.1600
2022-03-16T21:00:00+00:00,BRK-B,SELL,1825.0000,156.4700
2022-03-16T21:00:00+00:00,BRNT.L,SELL,1947.0000,232.9300
2022-03-16T21:00:00+00:00,DBMG.L,SELL,1773.0000,124.8400
2022-03-16T21:00:00+00:00,EDIT,SELL,21.0000,1609.6100
2022-03-16T21:00:00+00:00,EMV.AX,SELL,186.0000,180.2700
2022-03-16T21:00:00+00:00,FTC.L,BUY,1652.0000,142.6200
2022-03-16T21:00:00+00:00,GSIT,BUY,538.0000,258.4400
2022-03-16T21:00:00+00:00,HSBA.L,BUY,1431.0000,141.4100
2022-03-16T21:00:00+00:00,IBTM.L,SELL,657.0000,109.8400
2022-03-16T21:00:00+00:00,IDN,BUY,5896.0000,155.4200
2022-03-16T21:00:00+00:00,IITU.L,BUY,370.0000,126.1900
2022-03-16T21:00:00+00:00,IPWR,SELL,45.0000,318.8000
2022-03-16T21:00:00+00:00,ISF.L,BUY,577.0000,118.9100
2022-03-16T21:00:00+00:00,LTBR,SELL,2018.0000,377.7800
2022-03-16T21:00:00+00:00,MOLN.SW,BUY,949.0000,591.7200
2022-03-16T21:00:00+00:00,PLTR,BUY,1920.0000,179.0600
2022-03-16T21:00:00+00:00,PRQR,BUY,3444.0000,160.3900
2022-03-16T21:00:00+00:00,QSI,SELL,10.0000,598.7700
2022-03-16T21:00:00+00:00,RR.L,BUY,3864.0000,142.4800
2022-03-16T21:00:00+00:00,SEYE.ST,BUY,689.0000,365.8300
2022-03-16T21:00:00+00:00,SGLN.L,SELL,1576.0000,119.6000
2022-03-16T21:00:00+00:00,SHEL.L,BUY,436.0000,154.0700
2022-03-16T21:00:00+00:00,SLX.AX,SELL,1957.0000,191.9100
2022-03-16T21:00:00+00:00,SMGB.L,BUY,395.0000,131.4000
2022-03-16T21:00:00+00:00,VUL.AX,SELL,310.0000,479.8000
2022-03-16T21:00:00+00:00,VYGR,SELL,9162.0000,309.9400
2022-03-16T21:00:00+00:00,WBT.AX,BUY,1311.0000,229.9200
2022-04-14T21:00:00+00:00,AL3.AX,BUY,2055.0000,208.1200
2022-04-14T21:00:00+00:00,ALCLS.PA,BUY,561.0000,415.4400
2022-04-14T21:00:00+00:00,ALMDT.PA,SELL,80.0000,1065.0900
2022-04-14T21:00:00+00:00,AXE.AX,SELL,69.0000,543.2500
2022-04-14T21:00:00+00:00,AZN.L,SELL,1506.0000,158.9300
2022-04-14T21:00:00+00:00,BGO.L,BUY,109.0000,317.5400
2022-04-14T21:00:00+00:00,BRK-B,BUY,141.0000,159.4000
2022-04-14T21:00:00+00:00,BRNT.L,SELL,870.0000,259.4100
2022-04-14T21:00:00+00:00,DBMG.L,SELL,1617.0000,138.9900
2022-04-14T21:00:00+00:00,EDIT,BUY,3.0000,1651.0700
2022-04-14T21:00:00+00:00,EMV.AX,SELL,1246.0000,202.6200
2022-04-14T21:00:00+00:00,FTC.L,SELL,545.0000,151.0100
2022-04-14T21:00:00+00:00,GSIT,BUY,1925.0000,223.0200
2022-04-14T21:00:00+00:00,HSBA.L,SELL,514.0000,149.4300
2022-04-14T21:00:00+00:00,IBTM.L,BUY,1734.0000,105.1700
2022-04-14T21:00:00+00:00,IDN,BUY,2157.0000,141.5000
2022-04-14T21:00:00+00:00,IITU.L,BUY,543.0000,126.3200
2022-04-14T21:00:00+00:00,IPWR,BUY,292.0000,316.2500
2022-04-14T21:00:00+00:00,ISF.L,SELL,412.0000,124.4900
2022-04-14T21:00:00+00:00,LTBR,BUY,468.0000,363.4800
2022-04-14T21:00:00+00:00,MOLN.SW,BUY,177.0000,584.3600
2022-04-14T21:00:00+00:00,PLTR,SELL,282.0000,187.5700
2022-04-14T21:00:00+00:00,PRQR,BUY,4066.0000,131.8500
2022-04-14T21:00:00+00:00,QSI,SELL,208.0000,645.7800
2022-04-14T21:00:00+00:00,RR.L,BUY,691.0000,141.0500
2022-04-14T21:00:00+00:00,SEYE.ST,BUY,1168.0000,323.0000
2022-04-14T21:00:00+00:00,SGLN.L,SELL,123.0000,123.5600
2022-04-14T21:00:00+00:00,SHEL.L,SELL,1828.0000,177.4100
2022-04-14T21:00:00+00:00,SLX.AX,SELL,3631.0000,268.9100
2022-04-14T21:00:00+00:00,SMGB.L,BUY,1836.0000,123.5700
2022-04-14T21:00:00+00:00,VUL.AX,SELL,70.0000,499.3300
2022-04-14T21:00:00+00:00,VYGR,SELL,1264.0000,374.5400
2022-04-14T21:00:00+00:00,WBT.AX,SELL,199.0000,240.4200
2022-05-18T21:00:00+00:00,AL3.AX,SELL,932.0000,199.3000
2022-05-18T21:00:00+00:00,ALCLS.PA,BUY,518.0000,341.6900
2022-05-18T21:00:00+00:00,ALMDT.PA,BUY,232.0000,866.4300
2022-05-18T21:00:00+00:00,AXE.AX,BUY,733.0000,420.2200
2022-05-18T21:00:00+00:00,AZN.L,SELL,1457.0000,154.5300
2022-05-18T21:00:00+00:00,BGO.L,SELL,313.0000,292.9800
2022-05-18T21:00:00+00:00,BRK-B,SELL,855.0000,149.1800
2022-05-18T21:00:00+00:00,BRNT.L,SELL,1695.0000,275.6200
2022-05-18T21:00:00+00:00,DBMG.L,SELL,3599.0000,151.7800
2022-05-18T21:00:00+00:00,EDIT,BUY,511.0000,1115.8300
2022-05-18T21:00:00+00:00,EMV.AX,BUY,449.0000,174.1000
2022-05-18T21:00:00+00:00,FTC.L,SELL,442.0000,137.5800
2022-05-18T21:00:00+00:00,GSIT,SELL,503.0000,206.7700
2022-05-18T21:00:00+00:00,HSBA.L,SELL,1139.0000,141.7400
2022-05-18T21:00:00+00:00,IBTM.L,SELL,3817.0000,109.8700
2022-05-18T21:00:00+00:00,IDN,SELL,460.0000,128.8300
2022-05-18T21:00:00+00:00,IITU.L,SELL,1316.0000,119.6300
2022-05-18T21:00:00+00:00,IPWR,SELL,2719.0000,413.4700
2022-05-18T21:00:00+00:00,ISF.L,SELL,2031.0000,122.1000
2022-05-18T21:00:00+00:00,LTBR,BUY,1461.0000,269.5900
2022-05-18T21:00:00+00:00,MOLN.SW,BUY,6103.0000,222.9000
2022-05-18T21:00:00+00:00,PLTR,BUY,4446.0000,127.1300
2022-05-18T21:00:00+00:00,PRQR,BUY,971.0000,111.8000
2022-05-18T21:00:00+00:00,QSI,SELL,128.0000,592.0400
2022-05-18T21:00:00+00:00,RR.L,SELL,398.0000,127.9900
2022-05-18T21:00:00+00:00,SEYE.ST,BUY,4553.0000,185.3500
2022-05-18T21:00:00+00:00,SGLN.L,SELL,1904.0000,120.3200
2022-05-18T21:00:00+00:00,SHEL.L,SELL,2700.0000,191.8600
2022-05-18T21:00:00+00:00,SLX.AX,BUY,1493.0000,207.8000
2022-05-18T21:00:00+00:00,SMGB.L,SELL,2522.0000,124.2100
2022-05-18T21:00:00+00:00,VUL.AX,BUY,454.0000,409.0800
2022-05-18T21:00:00+00:00,VYGR,BUY,1411.0000,278.0100
2022-05-18T21:00:00+00:00,WBT.AX,SELL,974.0000,234.0000
2022-06-20T21:00:00+00:00,AL3.AX,BUY,1412.0000,172.8100
2022-06-20T21:00:00+00:00,ALCLS.PA,BUY,1663.0000,267.4800
2022-06-20T21:00:00+00:00,ALMDT.PA,SELL,429.0000,995.1600
2022-06-20T21:00:00+00:00,AXE.AX,BUY,667.0000,364.5100
2022-06-20T21:00:00+00:00,AZN.L,SELL,188.0000,151.6600
2022-06-20T21:00:00+00:00,BGO.L,BUY,1919.0000,229.8200
2022-06-20T21:00:00+00:00,BRK-B,BUY,1557.0000,131.7900
2022-06-20T21:00:00+00:00,BRNT.L,SELL,860.0000,296.7100
2022-06-20T21:00:00+00:00,DBMG.L,SELL,983.0000,156.9700
2022-06-20T21:00:00+00:00,EDIT,SELL,190.0000,1187.4900
2022-06-20T21:00:00+00:00,EMV.AX,BUY,4714.0000,125.5600
2022-06-20T21:00:00+00:00,FTC.L,SELL,1312.0000,144.3000
2022-06-20T21:00:00+00:00,GSIT,SELL,1542.0000,231.4000
2022-06-20T21:00:00+00:00,HSBA.L,SELL,1787.0000,153.7500
2022-06-20T21:00:00+00:00,IBTM.L,SELL,371.0000,108.3700
2022-06-20T21:00:00+00:00,IDN,BUY,568.0000,121.1800
2022-06-20T21:00:00+00:00,IITU.L,BUY,502.0000,113.1300
2022-06-20T21:00:00+00:00,IPWR,SELL,735.0000,459.3900
2022-06-20T21:00:00+00:00,ISF.L,BUY,217.0000,117.0700
2022-06-20T21:00:00+00:00,LTBR,BUY,1351.0000,226.7100
2022-06-20T21:00:00+00:00,MOLN.SW,SELL,1379.0000,248.0800
2022-06-20T21:00:00+00:00,PLTR,SELL,1263.0000,132.1500
2022-06-20T21:00:00+00:00,PRQR,SELL,3601.0000,130.4100
2022-06-20T21:00:00+00:00,QSI,BUY,805.0000,478.2700
2022-06-20T21:00:00+00:00,RR.L,SELL,1894.0000,138.1300
2022-06-20T21:00:00+00:00,SEYE.ST,BUY,196.0000,177.0000
2022-06-20T21:00:00+00:00,SGLN.L,SELL,1058.0000,123.2300
2022-06-20T21:00:00+00:00,SHEL.L,BUY,989.0000,172.2900
2022-06-20T21:00:00+00:00,SLX.AX,SELL,3987.0000,308.7600
2022-06-20T21:00:00+00:00,SMGB.L,BUY,1617.0000,111.0600
2022-06-20T21:00:00+00:00,VUL.AX,BUY,1898.0000,299.1200
2022-06-20T21:00:00+00:00,VYGR,BUY,1791.0000,222.9500
2022-06-20T21:00:00+00:00,WBT.AX,BUY,3189.0000,172.7800
2022-07-19T21:00:00+00:00,AL3.AX,BUY,2397.0000,166.1300
2022-07-19T21:00:00+00:00,ALCLS.PA,BUY,650.0000,282.0100
2022-07-19T21:00:00+00:00,ALMDT.PA,BUY,529.0000,918.7500
2022-07-19T21:00:00+00:00,AXE.AX,BUY,1072.0000,353.4600
2022-07-19T21:00:00+00:00,AZN.L,BUY,225.0000,169.4300
2022-07-19T21:00:00+00:00,BGO.L,SELL,2070.0000,328.0700
2022-07-19T21:00:00+00:00,BRK-B,BUY,641.0000,144.1300
2022-07-19T21:00:00+00:00,BRNT.L,BUY,1351.0000,286.6300
2022-07-19T21:00:00+00:00,DBMG.L,BUY,1588.0000,160.6200
2022-07-19T21:00:00+00:00,EDIT,SELL,532.0000,1852.1700
2022-07-19T21:00:00+00:00,EMV.AX,SELL,3374.0000,174.2900
2022-07-19T21:00:00+00:00,FTC.L,SELL,2461.0000,193.2900
2022-07-19T21:00:00+00:00,GSIT,SELL,840.0000,286.4200
2022-07-19T21:00:00+00:00,HSBA.L,BUY,2467.0000,149.7200
2022-07-19T21:00:00+00:00,IBTM.L,BUY,1849.0000,113.0500
2022-07-19T21:00:00+00:00,IDN,SELL,4778.0000,183.3000
2022-07-19T21:00:00+00:00,IITU.L,BUY,854.0000,123.1000
2022-07-19T21:00:00+00:00,IPWR,BUY,709.0000,456.4200
2022-07-19T21:00:00+00:00,ISF.L,BUY,2077.0000,120.0800
2022-07-19T21:00:00+00:00,LTBR,SELL,253.0000,263.5400
2022-07-19T21:00:00+00:00,MOLN.SW,BUY,3687.0000,201.4800
2022-07-19T21:00:00+00:00,PLTR,SELL,574.0000,154.8900
2022-07-19T21:00:00+00:00,PRQR,BUY,36.0000,147.5400
2022-07-19T21:00:00+00:00,QSI,BUY,378.0000,502.9300
2022-07-19T21:00:00+00:00,RR.L,BUY,1760.0000,141.6800
2022-07-19T21:00:00+00:00,SEYE.ST,BUY,2231.0000,171.3700
2022-07-19T21:00:00+00:00,SGLN.L,BUY,3630.0000,117.0400
2022-07-19T21:00:00+00:00,SHEL.L,BUY,2364.0000,166.0400
2022-07-19T21:00:00+00:00,SLX.AX,SELL,1965.0000,474.6400
2022-07-19T21:00:00+00:00,SMGB.L,BUY,985.0000,120.2100
2022-07-19T21:00:00+00:00,VUL.AX,SELL,78.0000,342.5600
2022-07-19T21:00:00+00:00,VYGR,SELL,2119.0000,317.6800
2022-07-19T21:00:00+00:00,WBT.AX,SELL,1974.0000,229.7800
2022-08-17T21:00:00+00:00,AL3.AX,SELL,4649.0000,253.7000
2022-08-17T21:00:00+00:00,ALCLS.PA,SELL,2140.0000,394.6200
2022-08-17T21:00:00+00:00,ALMDT.PA,BUY,223.0000,917.8100
2022-08-17T21:00:00+00:00,AXE.AX,SELL,2542.0000,579.4200
2022-08-17T21:00:00+00:00,AZN.L,BUY,1415.0000,167.1700
2022-08-17T21:00:00+00:00,BGO.L,BUY,1587.0000,294.7400
2022-08-17T21:00:00+00:00,BRK-B,BUY,294.0000,152.7500
2022-08-17T21:00:00+00:00,BRNT.L,BUY,1496.0000,265.2900
2022-08-17T21:00:00+00:00,DBMG.L,BUY,2066.0000,153.5300
2022-08-17T21:00:00+00:00,EDIT,BUY,195.0000,1752.9600
2022-08-17T21:00:00+00:00,EMV.AX,BUY,2857.0000,157.7200
2022-08-17T21:00:00+00:00,FTC.L,BUY,2310.0000,177.8500
2022-08-17T21:00:00+00:00,GSIT,BUY,1975.0000,253.6800
2022-08-17T21:00:00+00:00,HSBA.L,BUY,596.0000,155.9300
2022-08-17T21:00:00+00:00,IBTM.L,BUY,1552.0000,114.1100
2022-08-17T21:00:00+00:00,IDN,BUY,1860.0000,174.6700
2022-08-17T21:00:00+00:00,IITU.L,SELL,737.0000,137.3300
2022-08-17T21:00:00+00:00,IPWR,SELL,606.0000,549.5700
2022-08-17T21:00:00+00:00,ISF.L,BUY,843.0000,124.5100
2022-08-17T21:00:00+00:00,LTBR,SELL,50.0000,285.2700
2022-08-17T21:00:00+00:00,MOLN.SW,BUY,911.0000,202.7800
2022-08-17T21:00:00+00:00,PLTR,BUY,1355.0000,154.4400
2022-08-17T21:00:00+00:00,PRQR,BUY,513.0000,154.4300
2022-08-17T21:00:00+00:00,QSI,SELL,772.0000,635.7700
2022-08-17T21:00:00+00:00,RR.L,BUY,3891.0000,126.0600
2022-08-17T21:00:00+00:00,SEYE.ST,SELL,1575.0000,205.7500
2022-08-17T21:00:00+00:00,SGLN.L,BUY,1099.0000,120.1500
2022-08-17T21:00:00+00:00,SHEL.L,SELL,91.0000,179.8600
2022-08-17T21:00:00+00:00,SLX.AX,SELL,430.0000,554.3300
2022-08-17T21:00:00+00:00,SMGB.L,BUY,342.0000,127.4600
2022-08-17T21:00:00+00:00,VUL.AX,SELL,1888.0000,489.8300
2022-08-17T21:00:00+00:00,VYGR,BUY,2418.0000,264.5700
2022-08-17T21:00:00+00:00,WBT.AX,BUY,85.0000,245.6300
2022-09-16T21:00:00+00:00,AL3.AX,BUY,1348.0000,218.8400
2022-09-16T21:00:00+00:00,ALCLS.PA,BUY,551.0000,354.3200
2022-09-16T21:00:00+00:00,ALMDT.PA,BUY,346.0000,797.7500
2022-09-16T21:00:00+00:00,AXE.AX,BUY,619.0000,497.1700
2022-09-16T21:00:00+00:00,AZN.L,BUY,863.0000,153.8000
2022-09-16T21:00:00+00:00,BGO.L,SELL,1718.0000,347.3700
2022-09-16T21:00:00+00:00,BRK-B,BUY,251.0000,145.7400
2022-09-16T21:00:00+00:00,BRNT.L,SELL,814.0000,277.8200
2022-09-16T21:00:00+00:00,DBMG.L,SELL,2391.0000,170.6900
2022-09-16T21:00:00+00:00,EDIT,BUY,56.0000,1637.8800
2022-09-16T21:00:00+00:00,EMV.AX,BUY,633.0000,147.3200
2022-09-16T21:00:00+00:00,FTC.L,SELL,227.0000,174.5000
2022-09-16T21:00:00+00:00,GSIT,BUY,1782.0000,211.4500
2022-09-16T21:00:00+00:00,HSBA.L,SELL,341.0000,153.7000
2022-09-16T21:00:00+00:00,IBTM.L,SELL,1094.0000,115.4600
2022-09-16T21:00:00+00:00,IDN,SELL,2919.0000,206.1800
2022-09-16T21:00:00+00:00,IITU.L,BUY,1554.0000,123.4700
2022-09-16T21:00:00+00:00,IPWR,SELL,413.0000,577.9600
2022-09-16T21:00:00+00:00,ISF.L,SELL,31.0000,120.5800
2022-09-16T21:00:00+00:00,LTBR,BUY,1335.0000,243.0700
2022-09-16T21:00:00+00:00,MOLN.SW,SELL,1952.0000,228.1100
2022-09-16T21:00:00+00:00,PLTR,BUY,2003.0000,134.6000
2022-09-16T21:00:00+00:00,PRQR,BUY,685.0000,143.9500
2022-09-16T21:00:00+00:00,QSI,BUY,887.0000,512.4500
2022-09-16T21:00:00+00:00,RR.L,BUY,1471.0000,114.3900
2022-09-16T21:00:00+00:00,SEYE.ST,SELL,652.0000,208.9200
2022-09-16T21:00:00+00:00,SGLN.L,SELL,805.0000,120.3200
2022-09-16T21:00:00+00:00,SHEL.L,SELL,1273.0000,189.3000
2022-09-16T21:00:00+00:00,SLX.AX,SELL,111.0000,548.1000
2022-09-16T21:00:00+00:00,SMGB.L,BUY,1919.0000,113.4300
2022-09-16T21:00:00+00:00,VUL.AX,BUY,246.0000,454.3300
2022-09-16T21:00:00+00:00,VYGR,SELL,2031.0000,316.0400
2022-09-16T21:00:00+00:00,WBT.AX,BUY,1446.0000,210.9800
2022-10-18T21:00:00+00:00,AL3.AX,SELL,910.0000,219.4400
2022-10-18T21:00:00+00:00,ALCLS.PA,BUY,1379.0000,279.3600
2022-10-18T21:00:00+00:00,ALMDT.PA,BUY,268.0000,687.6100
2022-10-18T21:00:00+00:00,AXE.AX,BUY,198.0000,446.0600
2022-10-18T21:00:00+00:00,AZN.L,SELL,784.0000,149.5800
2022-10-18T21:00:00+00:00,BGO.L,SELL,164.0000,329.8200
2022-10-18T21:00:00+00:00,BRK-B,SELL,1887.0000,150.6700
2022-10-18T21:00:00+00:00,BRNT.L,SELL,635.0000,276.1100
2022-10-18T21:00:00+00:00,DBMG.L,SELL,1726.0000,177.8700
2022-10-18T21:00:00+00:00,EDIT,BUY,113.0000,1426.0700
2022-10-18T21:00:00+00:00,EMV.AX,BUY,2182.0000,122.5100
2022-10-18T21:00:00+00:00,FTC.L,BUY,1542.0000,147.6500
2022-10-18T21:00:00+00:00,GSIT,BUY,3885.0000,151.0800
2022-10-18T21:00:00+00:00,HSBA.L,BUY,1012.0000,135.1700
2022-10-18T21:00:00+00:00,IBTM.L,SELL,935.0000,111.7500
2022-10-18T21:00:00+00:00,IDN,BUY,1530.0000,171.8000
2022-10-18T21:00:00+00:00,IITU.L,SELL,667.0000,118.3500
2022-10-18T21:00:00+00:00,IPWR,BUY,774.0000,461.6000
2022-10-18T21:00:00+00:00,ISF.L,SELL,695.0000,115.6400
2022-10-18T21:00:00+00:00,LTBR,SELL,795.0000,243.1700
2022-10-18T21:00:00+00:00,MOLN.SW,SELL,354.0000,218.5100
2022-10-18T21:00:00+00:00,PLTR,SELL,2460.0000,142.4000
2022-10-18T21:00:00+00:00,PRQR,SELL,4714.0000,178.1100
2022-10-18T21:00:00+00:00,QSI,SELL,153.0000,490.4400
2022-10-18T21:00:00+00:00,RR.L,SELL,1234.0000,112.1400
2022-10-18T21:00:00+00:00,SEYE.ST,SELL,111.0000,195.8700
2022-10-18T21:00:00+00:00,SGLN.L,SELL,1479.0000,119.6500
2022-10-18T21:00:00+00:00,SHEL.L,SELL,756.0000,185.7100
2022-10-18T21:00:00+00:00,SLX.AX,BUY,494.0000,463.5100
2022-10-18T21:00:00+00:00,SMGB.L,BUY,1254.0000,100.2200
2022-10-18T21:00:00+00:00,VUL.AX,BUY,1505.0000,337.7300
2022-10-18T21:00:00+00:00,VYGR,BUY,50.0000,292.1000
2022-10-18T21:00:00+00:00,WBT.AX,SELL,277.0000,200.4200
2022-11-16T21:00:00+00:00,AL3.AX,BUY,3974.0000,168.4800
2022-11-16T21:00:00+00:00,ALCLS.PA,BUY,1781.0000,240.9500
2022-11-16T21:00:00+00:00,ALMDT.PA,BUY,158.0000,680.4200
2022-11-16T21:00:00+00:00,AXE.AX,BUY,645.0000,413.3000
2022-11-16T21:00:00+00:00,AZN.L,SELL,932.0000,163.3100
2022-11-16T21:00:00+00:00,BGO.L,BUY,140.0000,334.2100
2022-11-16T21:00:00+00:00,BRK-B,SELL,256.0000,157.8500
2022-11-16T21:00:00+00:00,BRNT.L,BUY,188.0000,279.1400
2022-11-16T21:00:00+00:00,DBMG.L,BUY,2315.0000,157.8900
2022-11-16T21:00:00+00:00,EDIT,BUY,175.0000,1339.9100
2022-11-16T21:00:00+00:00,EMV.AX,SELL,6625.0000,185.8800
2022-11-16T21:00:00+00:00,FTC.L,SELL,931.0000,161.0700
2022-11-16T21:00:00+00:00,GSIT,BUY,2570.0000,135.1800
2022-11-16T21:00:00+00:00,HSBA.L,BUY,199.0000,138.0000
2022-11-16T21:00:00+00:00,IBTM.L,BUY,1259.0000,109.2400
2022-11-16T21:00:00+00:00,IDN,BUY,3407.0000,144.0200
2022-11-16T21:00:00+00:00,IITU.L,SELL,164.0000,123.0500
2022-11-16T21:00:00+00:00,IPWR,SELL,917.0000,571.7000
2022-11-16T21:00:00+00:00,ISF.L,SELL,581.0000,122.5600
2022-11-16T21:00:00+00:00,LTBR,BUY,602.0000,237.2000
2022-11-16T21:00:00+00:00,MOLN.SW,SELL,67.0000,226.7500
2022-11-16T21:00:00+00:00,PLTR,BUY,1655.0000,134.4300
2022-11-16T21:00:00+00:00,PRQR,BUY,508.0000,177.4300
2022-11-16T21:00:00+00:00,QSI,SELL,15.0000,507.4900
2022-11-16T21:00:00+00:00,RR.L,SELL,2744.0000,131.6700
2022-11-16T21:00:00+00:00,SEYE.ST,BUY,3356.0000,160.4900
2022-11-16T21:00:00+00:00,SGLN.L,BUY,148.0000,122.5900
2022-11-16T21:00:00+00:00,SHEL.L,SELL,383.0000,197.1400
2022-11-16T21:00:00+00:00,SLX.AX,SELL,84.0000,485.6700
2022-11-16T21:00:00+00:00,SMGB.L,SELL,3360.0000,119.2300
2022-11-16T21:00:00+00:00,VUL.AX,SELL,1362.0000,425.6400
2022-11-16T21:00:00+00:00,VYGR,BUY,2149.0000,241.5900
2022-11-16T21:00:00+00:00,WBT.AX,SELL,3654.0000,290.7100
2022-12-15T21:00:00+00:00,AL3.AX,SELL,53.0000,163.2700
2022-12-15T21:00:00+00:00,ALCLS.PA,BUY,227.0000,227.9300
2022-12-15T21:00:00+00:00,ALMDT.PA,SELL,22.0000,660.8400
2022-12-15T21:00:00+00:00,AXE.AX,BUY,635.0000,362.7800
2022-12-15T21:00:00+00:00,AZN.L,SELL,1383.0000,172.6100
2022-12-15T21:00:00+00:00,BGO.L,SELL,537.0000,346.4900
2022-12-15T21:00:00+00:00,BRK-B,BUY,538.0000,147.6500
2022-12-15T21:00:00+00:00,BRNT.L,BUY,1102.0000,241.2200
2022-12-15T21:00:00+00:00,DBMG.L,BUY,648.0000,146.7400
2022-12-15T21:00:00+00:00,EDIT,BUY,459.0000,1047.3800
2022-12-15T21:00:00+00:00,EMV.AX,SELL,299.0000,183.4100
2022-12-15T21:00:00+00:00,FTC.L,SELL,3263.0000,194.6300
2022-12-15T21:00:00+00:00,GSIT,BUY,2471.0000,115.7700
2022-12-15T21:00:00+00:00,HSBA.L,SELL,1288.0000,142.9800
2022-12-15T21:00:00+00:00,IBTM.L,SELL,733.0000,108.8300
2022-12-15T21:00:00+00:00,IDN,BUY,82.0000,138.4600
2022-12-15T21:00:00+00:00,IITU.L,BUY,250.0000,117.4500
2022-12-15T21:00:00+00:00,IPWR,BUY,1530.0000,413.7700
2022-12-15T21:00:00+00:00,ISF.L,SELL,1006.0000,124.2100
2022-12-15T21:00:00+00:00,LTBR,BUY,649.0000,216.3400
2022-12-15T21:00:00+00:00,MOLN.SW,BUY,336.0000,212.8000
2022-12-15T21:00:00+00:00,PLTR,BUY,3131.0000,111.8400
2022-12-15T21:00:00+00:00,PRQR,SELL,6147.0000,293.8000
2022-12-15T21:00:00+00:00,QSI,BUY,2132.0000,346.7600
2022-12-15T21:00:00+00:00,RR.L,SELL,1093.0000,134.5600
2022-12-15T21:00:00+00:00,SEYE.ST,BUY,2378.0000,135.2700
2022-12-15T21:00:00+00:00,SGLN.L,SELL,161.0000,119.2900
2022-12-15T21:00:00+00:00,SHEL.L,SELL,1.0000,190.4000
2022-12-15T21:00:00+00:00,SLX.AX,BUY,239.0000,449.1200
2022-12-15T21:00:00+00:00,SMGB.L,BUY,54.0000,114.8600
2022-12-15T21:00:00+00:00,VUL.AX,BUY,1069.0000,350.1700
2022-12-15T21:00:00+00:00,VYGR,SELL,1010.0000,257.2800
2022-12-15T21:00:00+00:00,WBT.AX,SELL,1453.0000,334.8100
2023-01-18T21:00:00+00:00,AL3.AX,BUY,289.0000,180.0500
2023-01-18T21:00:00+00:00,ALCLS.PA,SELL,3166.0000,358.4000
2023-01-18T21:00:00+00:00,ALMDT.PA,BUY,535.0000,651.2800
2023-01-18T21:00:00+00:00,AXE.AX,BUY,569.0000,376.7500
2023-01-18T21:00:00+00:00,AZN.L,BUY,1497.0000,175.9200
2023-01-18T21:00:00+00:00,BGO.L,BUY,233.0000,377.1900
2023-01-18T21:00:00+00:00,BRK-B,BUY,1510.0000,152.4200
2023-01-18T21:00:00+00:00,BRNT.L,BUY,346.0000,262.3200
2023-01-18T21:00:00+00:00,DBMG.L,BUY,2049.0000,147.3200
2023-01-18T21:00:00+00:00,EDIT,BUY,897.0000,857.8800
2023-01-18T21:00:00+00:00,EMV.AX,BUY,3653.0000,162.8600
2023-01-18T21:00:00+00:00,FTC.L,BUY,3936.0000,167.7900
2023-01-18T21:00:00+00:00,GSIT,SELL,3476.0000,154.6900
2023-01-18T21:00:00+00:00,HSBA.L,SELL,1114.0000,171.4300
2023-01-18T21:00:00+00:00,IBTM.L,BUY,2920.0000,108.6000
2023-01-18T21:00:00+00:00,IDN,SELL,1613.0000,170.6200
2023-01-18T21:00:00+00:00,IITU.L,BUY,2738.0000,117.0500
2023-01-18T21:00:00+00:00,IPWR,SELL,224.0000,482.5200
2023-01-18T21:00:00+00:00,ISF.L,BUY,1313.0000,131.0800
2023-01-18T21:00:00+00:00,LTBR,BUY,3122.0000,191.7800
2023-01-18T21:00:00+00:00,MOLN.SW,BUY,860.0000,222.9100
2023-01-18T21:00:00+00:00,PLTR,BUY,2913.0000,111.2900
2023-01-18T21:00:00+00:00,PRQR,SELL,3612.0000,568.9900
2023-01-18T21:00:00+00:00,QSI,BUY,315.0000,373.3900
2023-01-18T21:00:00+00:00,RR.L,SELL,1411.0000,163.4400
2023-01-18T21:00:00+00:00,SEYE.ST,BUY,4183.0000,124.1600
2023-01-18T21:00:00+00:00,SGLN.L,BUY,1233.0000,126.6400
2023-01-18T21:00:00+00:00,SHEL.L,BUY,930.0000,199.8800
2023-01-18T21:00:00+00:00,SLX.AX,SELL,1518.0000,690.8900
2023-01-18T21:00:00+00:00,SMGB.L,BUY,1527.0000,120.6600
2023-01-18T21:00:00+00:00,VUL.AX,BUY,81.0000,388.9800
2023-01-18T21:00:00+00:00,VYGR,SELL,2971.0000,414.3700
2023-01-18T21:00:00+00:00,WBT.AX,SELL,64.0000,379.3400
2023-02-16T21:00:00+00:00,AL3.AX,BUY,5.0000,186.3800
2023-02-16T21:00:00+00:00,ALCLS.PA,BUY,2990.0000,269.4300
2023-02-16T21:00:00+00:00,ALMDT.PA,BUY,628.0000,589.4300
2023-02-16T21:00:00+00:00,AXE.AX,BUY,588.0000,361.9000
2023-02-16T21:00:00+00:00,AZN.L,BUY,890.0000,172.6400
2023-02-16T21:00:00+00:00,BGO.L,SELL,365.0000,410.5300
2023-02-16T21:00:00+00:00,BRK-B,BUY,284.0000,155.4600
2023-02-16T21:00:00+00:00,BRNT.L,BUY,373.0000,262.5900
2023-02-16T21:00:00+00:00,DBMG.L,BUY,61.0000,152.0700
2023-02-16T21:00:00+00:00,EDIT,SELL,575.0000,1075.0100
2023-02-16T21:00:00+00:00,EMV.AX,BUY,3081.0000,143.3100
2023-02-16T21:00:00+00:00,FTC.L,SELL,1276.0000,187.9200
2023-02-16T21:00:00+00:00,GSIT,BUY,7005.0000,115.9300
2023-02-16T21:00:00+00:00,HSBA.L,SELL,181.0000,179.4700
2023-02-16T21:00:00+00:00,IBTM.L,BUY,1010.0000,108.2700
2023-02-16T21:00:00+00:00,IDN,SELL,157.0000,178.3600
2023-02-16T21:00:00+00:00,IITU.L,SELL,1970.0000,131.9200
2023-02-16T21:00:00+00:00,IPWR,SELL,414.0000,537.4700
2023-02-16T21:00:00+00:00,ISF.L,BUY,260.0000,134.1200
2023-02-16T21:00:00+00:00,LTBR,SELL,1315.0000,217.9500
2023-02-16T21:00:00+00:00,MOLN.SW,BUY,1553.0000,205.7400
2023-02-16T21:00:00+00:00,PLTR,SELL,7113.0000,159.8000
2023-02-16T21:00:00+00:00,PRQR,BUY,582.0000,527.6200
2023-02-16T21:00:00+00:00,QSI,BUY,1144.0000,336.0600
2023-02-16T21:00:00+00:00,RR.L,SELL,258.0000,171.8000
2023-02-16T21:00:00+00:00,SEYE.ST,SELL,5010.0000,164.6400
2023-02-16T21:00:00+00:00,SGLN.L,BUY,1018.0000,125.4400
2023-02-16T21:00:00+00:00,SHEL.L,SELL,668.0000,217.1900
2023-02-16T21:00:00+00:00,SLX.AX,SELL,371.0000,786.3500
2023-02-16T21:00:00+00:00,SMGB.L,SELL,1737.0000,134.9000
2023-02-16T21:00:00+00:00,VUL.AX,BUY,1198.0000,346.0100
2023-02-16T21:00:00+00:00,VYGR,BUY,1796.0000,339.9800
2023-02-16T21:00:00+00:00,WBT.AX,SELL,1563.0000,496.5100
2023-03-17T21:00:00+00:00,AL3.AX,BUY,457.0000,169.5500
2023-03-17T21:00:00+00:00,ALCLS.PA,BUY,2481.0000,205.4800
2023-03-17T21:00:00+00:00,ALMDT.PA,SELL,797.0000,656.6800
2023-03-17T21:00:00+00:00,AXE.AX,BUY,2220.0000,266.0500
2023-03-17T21:00:00+00:00,AZN.L,SELL,520.0000,166.7000
2023-03-17T21:00:00+00:00,BGO.L,SELL,515.0000,414.0400
2023-03-17T21:00:00+00:00,BRK-B,SELL,215.0000,147.2000
2023-03-17T21:00:00+00:00,BRNT.L,BUY,924.0000,227.0600
2023-03-17T21:00:00+00:00,DBMG.L,BUY,783.0000,136.8100
2023-03-17T21:00:00+00:00,EDIT,BUY,330.0000,898.1200
2023-03-17T21:00:00+00:00,EMV.AX,BUY,1621.0000,124.3300
2023-03-17T21:00:00+00:00,FTC.L,BUY,1092.0000,164.4300
2023-03-17T21:00:00+00:00,GSIT,BUY,1243.0000,103.4500
2023-03-17T21:00:00+00:00,HSBA.L,BUY,603.0000,162.0400
2023-03-17T21:00:00+00:00,IBTM.L,SELL,2198.0000,110.2800
2023-03-17T21:00:00+00:00,IDN,BUY,308.0000,163.9000
2023-03-17T21:00:00+00:00,IITU.L,SELL,1214.0000,130.6000
2023-03-17T21:00:00+00:00,IPWR,BUY,664.0000,448.6700
2023-03-17T21:00:00+00:00,ISF.L,BUY,301.0000,123.8500
2023-03-17T21:00:00+00:00,LTBR,BUY,1805.0000,179.9400
2023-03-17T21:00:00+00:00,MOLN.SW,BUY,163.0000,190.4200
2023-03-17T21:00:00+00:00,PLTR,BUY,2947.0000,128.9300
2023-03-17T21:00:00+00:00,PRQR,SELL,906.0000,589.8800
2023-03-17T21:00:00+00:00,QSI,BUY,870.0000,286.1400
2023-03-17T21:00:00+00:00,RR.L,SELL,4120.0000,211.8100
2023-03-17T21:00:00+00:00,SEYE.ST,SELL,580.0000,159.2900
2023-03-17T21:00:00+00:00,SGLN.L,SELL,2579.0000,131.9400
2023-03-17T21:00:00+00:00,SHEL.L,BUY,1273.0000,185.8400
2023-03-17T21:00:00+00:00,SLX.AX,BUY,1422.0000,533.3200
2023-03-17T21:00:00+00:00,SMGB.L,SELL,1489.0000,135.5400
2023-03-17T21:00:00+00:00,VUL.AX,BUY,89.0000,320.5400
2023-03-17T21:00:00+00:00,VYGR,SELL,1009.0000,360.2800
2023-03-17T21:00:00+00:00,WBT.AX,SELL,1655.0000,645.0200
2023-04-19T21:00:00+00:00,AL3.AX,SELL,984.0000,180.5800
2023-04-19T21:00:00+00:00,ALCLS.PA,SELL,353.0000,211.1400
2023-04-19T21:00:00+00:00,ALMDT.PA,BUY,109.0000,640.3200
2023-04-19T21:00:00+00:00,AXE.AX,BUY,1442.0000,233.6200
2023-04-19T21:00:00+00:00,AZN.L,SELL,1615.0000,184.8600
2023-04-19T21:00:00+00:00,BGO.L,BUY,1009.0000,359.6500
2023-04-19T21:00:00+00:00,BRK-B,SELL,1262.0000,157.9300
2023-04-19T21:00:00+00:00,BRNT.L,SELL,1213.0000,252.4400
2023-04-19T21:00:00+00:00,DBMG.L,SELL,41.0000,137.1500
2023-04-19T21:00:00+00:00,EDIT,BUY,190.0000,846.0700
2023-04-19T21:00:00+00:00,EMV.AX,SELL,2971.0000,143.6700
2023-04-19T21:00:00+00:00,FTC.L,BUY,720.0000,157.7200
2023-04-19T21:00:00+00:00,GSIT,SELL,5520.0000,130.6000
2023-04-19T21:00:00+00:00,HSBA.L,SELL,920.0000,171.4000
2023-04-19T21:00:00+00:00,IBTM.L,BUY,818.0000,106.8300
2023-04-19T21:00:00+00:00,IDN,BUY,595.0000,158.3600
2023-04-19T21:00:00+00:00,IITU.L,SELL,443.0000,133.4700
2023-04-19T21:00:00+00:00,IPWR,BUY,526.0000,413.4500
2023-04-19T21:00:00+00:00,ISF.L,SELL,1605.0000,133.5500
2023-04-19T21:00:00+00:00,LTBR,SELL,34.0000,180.4300
2023-04-19T21:00:00+00:00,MOLN.SW,SELL,721.0000,200.5000
2023-04-19T21:00:00+00:00,PLTR,SELL,1009.0000,135.3900
2023-04-19T21:00:00+00:00,PRQR,BUY,2314.0000,394.4900
2023-04-19T21:00:00+00:00,QSI,BUY,1473.0000,248.2600
2023-04-19T21:00:00+00:00,RR.L,SELL,1253.0000,234.5300
2023-04-19T21:00:00+00:00,SEYE.ST,SELL,1150.0000,170.7300
2023-04-19T21:00:00+00:00,SGLN.L,BUY,89.0000,131.4400
2023-04-19T21:00:00+00:00,SHEL.L,SELL,1461.0000,206.2800
2023-04-19T21:00:00+00:00,SLX.AX,SELL,9.0000,534.4800
2023-04-19T21:00:00+00:00,SMGB.L,BUY,680.0000,131.2100
2023-04-19T21:00:00+00:00,VUL.AX,BUY,266.0000,311.0500
2023-04-19T21:00:00+00:00,VYGR,BUY,212.0000,350.7100
2023-04-19T21:00:00+00:00,WBT.AX,BUY,1582.0000,470.7200
2023-05-22T21:00:00+00:00,AL3.AX,BUY,4159.0000,153.5200
2023-05-22T21:00:00+00:00,ALCLS.PA,BUY,3032.0000,185.3700
2023-05-22T21:00:00+00:00,ALMDT.PA,BUY,2917.0000,412.8300
2023-05-22T21:00:00+00:00,AXE.AX,BUY,1644.0000,221.8400
2023-05-22T21:00:00+00:00,AZN.L,BUY,1163.0000,185.5400
2023-05-22T21:00:00+00:00,BGO.L,BUY,628.0000,359.6500
2023-05-22T21:00:00+00:00,BRK-B,BUY,1137.0000,160.4200
2023-05-22T21:00:00+00:00,BRNT.L,BUY,2032.0000,230.2500
2023-05-22T21:00:00+00:00,DBMG.L,BUY,1554.0000,137.7400
2023-05-22T21:00:00+00:00,EDIT,SELL,291.0000,1005.3000
2023-05-22T21:00:00+00:00,EMV.AX,BUY,1741.0000,142.5100
2023-05-22T21:00:00+00:00,FTC.L,SELL,384.0000,174.5000
2023-05-22T21:00:00+00:00,GSIT,SELL,13522.0000,394.0700
2023-05-22T21:00:00+00:00,HSBA.L,SELL,128.0000,186.9500
2023-05-22T21:00:00+00:00,IBTM.L,BUY,2169.0000,106.6200
2023-05-22T21:00:00+00:00,IDN,BUY,619.0000,165.4600
2023-05-22T21:00:00+00:00,IITU.L,BUY,381.0000,141.8000
2023-05-22T21:00:00+00:00,IPWR,BUY,588.0000,411.0800
2023-05-22T21:00:00+00:00,ISF.L,BUY,1919.0000,132.2000
2023-05-22T21:00:00+00:00,LTBR,SELL,1414.0000,215.1600
2023-05-22T21:00:00+00:00,MOLN.SW,BUY,654.0000,207.0900
2023-05-22T21:00:00+00:00,PLTR,SELL,4512.0000,188.2700
2023-05-22T21:00:00+00:00,PRQR,BUY,1863.0000,336.9200
2023-05-22T21:00:00+00:00,QSI,SELL,500.0000,281.3000
2023-05-22T21:00:00+00:00,RR.L,BUY,806.0000,237.4700
2023-05-22T21:00:00+00:00,SEYE.ST,BUY,5627.0000,136.9500
2023-05-22T21:00:00+00:00,SGLN.L,BUY,1940.0000,130.1700
2023-05-22T21:00:00+00:00,SHEL.L,BUY,1331.0000,202.9600
2023-05-22T21:00:00+00:00,SLX.AX,SELL,184.0000,599.7300
2023-05-22T21:00:00+00:00,SMGB.L,BUY,279.0000,140.1100
2023-05-22T21:00:00+00:00,VUL.AX,BUY,4798.0000,218.2500
2023-05-22T21:00:00+00:00,VYGR,SELL,2985.0000,612.3200
2023-05-22T21:00:00+00:00,WBT.AX,BUY,725.0000,453.1900
2023-06-21T21:00:00+00:00,AL3.AX,BUY,5822.0000,121.8000
2023-06-21T21:00:00+00:00,ALCLS.PA,SELL,437.0000,196.5300
2023-06-21T21:00:00+00:00,ALMDT.PA,SELL,1125.0000,504.4300
2023-06-21T21:00:00+00:00,AXE.AX,SELL,5795.0000,402.4900
2023-06-21T21:00:00+00:00,AZN.L,BUY,1148.0000,178.6000
2023-06-21T21:00:00+00:00,BGO.L,BUY,815.0000,337.7200
2023-06-21T21:00:00+00:00,BRK-B,BUY,502.0000,161.1100
2023-06-21T21:00:00+00:00,BRNT.L,BUY,439.0000,229.6900
2023-06-21T21:00:00+00:00,DBMG.L,BUY,839.0000,136.7600
2023-06-21T21:00:00+00:00,EDIT,BUY,800.0000,816.4200
2023-06-21T21:00:00+00:00,EMV.AX,BUY,5768.0000,115.2000
2023-06-21T21:00:00+00:00,FTC.L,SELL,721.0000,187.9200
2023-06-21T21:00:00+00:00,GSIT,SELL,1331.0000,493.3600
2023-06-21T21:00:00+00:00,HSBA.L,BUY,476.0000,187.2300
2023-06-21T21:00:00+00:00,IBTM.L,BUY,1709.0000,103.6300
2023-06-21T21:00:00+00:00,IDN,SELL,165.0000,172.2400
2023-06-21T21:00:00+00:00,IITU.L,SELL,581.0000,150.4100
2023-06-21T21:00:00+00:00,IPWR,BUY,105.0000,417.9200
2023-06-21T21:00:00+00:00,ISF.L,BUY,1309.0000,128.8700
2023-06-21T21:00:00+00:00,LTBR,SELL,1654.0000,252.0400
2023-06-21T21:00:00+00:00,MOLN.SW,BUY,1225.0000,196.8300
2023-06-21T21:00:00+00:00,PLTR,SELL,2302.0000,227.2400
2023-06-21T21:00:00+00:00,PRQR,BUY,1355.0000,301.3300
2023-06-21T21:00:00+00:00,QSI,BUY,2552.0000,233.8000
2023-06-21T21:00:00+00:00,RR.L,BUY,373.0000,237.8500
2023-06-21T21:00:00+00:00,SEYE.ST,BUY,3326.0000,122.5200
2023-06-21T21:00:00+00:00,SGLN.L,BUY,1822.0000,124.3600
2023-06-21T21:00:00+00:00,SHEL.L,BUY,663.0000,200.2900
2023-06-21T21:00:00+00:00,SLX.AX,BUY,92.0000,607.3200
2023-06-21T21:00:00+00:00,SMGB.L,SELL,1132.0000,152.6400
2023-06-21T21:00:00+00:00,VUL.AX,BUY,875.0000,211.5500
2023-06-21T21:00:00+00:00,VYGR,BUY,767.0000,545.5000
2023-06-21T21:00:00+00:00,WBT.AX,SELL,1696.0000,630.0400
2023-07-20T21:00:00+00:00,AL3.AX,SELL,119.0000,124.2000
2023-07-20T21:00:00+00:00,ALCLS.PA,SELL,2990.0000,246.6300
2023-07-20T21:00:00+00:00,ALMDT.PA,BUY,1094.0000,434.0300
2023-07-20T21:00:00+00:00,AXE.AX,BUY,1975.0000,324.5200
2023-07-20T21:00:00+00:00,AZN.L,BUY,1709.0000,164.8800
2023-07-20T21:00:00+00:00,BGO.L,BUY,916.0000,311.4000
2023-07-20T21:00:00+00:00,BRK-B,BUY,96.0000,162.6900
2023-07-20T21:00:00+00:00,BRNT.L,SELL,73.0000,234.3900
2023-07-20T21:00:00+00:00,DBMG.L,BUY,512.0000,135.7100
2023-07-20T21:00:00+00:00,EDIT,SELL,223.0000,880.7300
2023-07-20T21:00:00+00:00,EMV.AX,BUY,3569.0000,103.1200
2023-07-20T21:00:00+00:00,FTC.L,SELL,1362.0000,208.0500
2023-07-20T21:00:00+00:00,GSIT,BUY,3294.0000,327.5000
2023-07-20T21:00:00+00:00,HSBA.L,SELL,325.0000,193.8600
2023-07-20T21:00:00+00:00,IBTM.L,BUY,804.0000,102.4000
2023-07-20T21:00:00+00:00,IDN,BUY,372.0000,171.2400
2023-07-20T21:00:00+00:00,IITU.L,SELL,597.0000,157.2500
2023-07-20T21:00:00+00:00,IPWR,SELL,607.0000,462.2900
2023-07-20T21:00:00+00:00,ISF.L,BUY,50.0000,130.5200
2023-07-20T21:00:00+00:00,LTBR,BUY,5.0000,255.6900
2023-07-20T21:00:00+00:00,MOLN.SW,BUY,574.0000,192.6900
2023-07-20T21:00:00+00:00,PLTR,SELL,1633.0000,262.3100
2023-07-20T21:00:00+00:00,PRQR,BUY,796.0000,283.6800
2023-07-20T21:00:00+00:00,QSI,SELL,6706.0000,484.5100
2023-07-20T21:00:00+00:00,RR.L,BUY,461.0000,233.0900
2023-07-20T21:00:00+00:00,SEYE.ST,SELL,1618.0000,132.9200
2023-07-20T21:00:00+00:00,SGLN.L,BUY,99.0000,125.7100
2023-07-20T21:00:00+00:00,SHEL.L,BUY,21.0000,203.0000
2023-07-20T21:00:00+00:00,SLX.AX,BUY,708.0000,540.7200
2023-07-20T21:00:00+00:00,SMGB.L,SELL,112.0000,155.7800
2023-07-20T21:00:00+00:00,VUL.AX,SELL,1375.0000,237.1600
2023-07-20T21:00:00+00:00,VYGR,BUY,2488.0000,384.0300
2023-07-20T21:00:00+00:00,WBT.AX,BUY,1517.0000,487.6600
2023-08-18T21:00:00+00:00,AL3.AX,SELL,6451.0000,159.0300
2023-08-18T21:00:00+00:00,ALCLS.PA,BUY,3117.0000,188.2500
2023-08-18T21:00:00+00:00,ALMDT.PA,SELL,244.0000,427.4500
2023-08-18T21:00:00+00:00,AXE.AX,BUY,1514.0000,266.7400
2023-08-18T21:00:00+00:00,AZN.L,SELL,969.0000,165.3500
2023-08-18T21:00:00+00:00,BGO.L,SELL,995.0000,328.9500
2023-08-18T21:00:00+00:00,BRK-B,SELL,1501.0000,167.9400
2023-08-18T21:00:00+00:00,BRNT.L,SELL,1667.0000,254.9500
2023-08-18T21:00:00+00:00,DBMG.L,SELL,1738.0000,139.6800
2023-08-18T21:00:00+00:00,EDIT,SELL,179.0000,882.6200
2023-08-18T21:00:00+00:00,EMV.AX,SELL,5239.0000,118.6700
2023-08-18T21:00:00+00:00,FTC.L,SELL,1175.0000,214.7700
2023-08-18T21:00:00+00:00,GSIT,BUY,3151.0000,234.1100
2023-08-18T21:00:00+00:00,HSBA.L,BUY,480.0000,179.1000
2023-08-18T21:00:00+00:00,IBTM.L,SELL,1011.0000,100.7700
2023-08-18T21:00:00+00:00,IDN,SELL,734.0000,169.7600
2023-08-18T21:00:00+00:00,IITU.L,BUY,510.0000,145.8600
2023-08-18T21:00:00+00:00,IPWR,BUY,486.0000,410.2800
2023-08-18T21:00:00+00:00,ISF.L,SELL,138.0000,124.9000
2023-08-18T21:00:00+00:00,LTBR,BUY,1677.0000,213.8600
2023-08-18T21:00:00+00:00,MOLN.SW,BUY,407.0000,178.8300
2023-08-18T21:00:00+00:00,PLTR,BUY,1370.0000,223.7800
2023-08-18T21:00:00+00:00,PRQR,BUY,110.0000,267.2100
2023-08-18T21:00:00+00:00,QSI,BUY,3151.0000,309.4800
2023-08-18T21:00:00+00:00,RR.L,SELL,3611.0000,303.7400
2023-08-18T21:00:00+00:00,SEYE.ST,SELL,499.0000,129.2100
2023-08-18T21:00:00+00:00,SGLN.L,SELL,456.0000,121.8400
2023-08-18T21:00:00+00:00,SHEL.L,SELL,684.0000,202.1400
2023-08-18T21:00:00+00:00,SLX.AX,BUY,962.0000,440.8800
2023-08-18T21:00:00+00:00,SMGB.L,BUY,244.0000,146.4300
2023-08-18T21:00:00+00:00,VUL.AX,BUY,5081.0000,162.7500
2023-08-18T21:00:00+00:00,VYGR,SELL,745.0000,402.2700
2023-08-18T21:00:00+00:00,WBT.AX,BUY,999.0000,401.3000
2023-09-19T21:00:00+00:00,AL3.AX,SELL,1833.0000,179.7300
2023-09-19T21:00:00+00:00,ALCLS.PA,BUY,1789.0000,172.3000
2023-09-19T21:00:00+00:00,ALMDT.PA,BUY,1030.0000,379.3300
2023-09-19T21:00:00+00:00,AXE.AX,BUY,903.0000,251.4400
2023-09-19T21:00:00+00:00,AZN.L,BUY,415.0000,164.7000
2023-09-19T21:00:00+00:00,BGO.L,BUY,28.0000,334.2100
2023-09-19T21:00:00+00:00,BRK-B,SELL,1025.0000,181.7000
2023-09-19T21:00:00+00:00,BRNT.L,SELL,1384.0000,294.9100
2023-09-19T21:00:00+00:00,DBMG.L,SELL,630.0000,146.7100
2023-09-19T21:00:00+00:00,EDIT,BUY,245.0000,838.4300
2023-09-19T21:00:00+00:00,EMV.AX,SELL,4749.0000,149.3000
2023-09-19T21:00:00+00:00,FTC.L,BUY,135.0000,216.7800
2023-09-19T21:00:00+00:00,GSIT,BUY,2630.0000,197.5900
2023-09-19T21:00:00+00:00,HSBA.L,SELL,936.0000,193.4600
2023-09-19T21:00:00+00:00,IBTM.L,SELL,108.0000,103.0800
2023-09-19T21:00:00+00:00,IDN,BUY,243.0000,170.6400
2023-09-19T21:00:00+00:00,IITU.L,SELL,710.0000,154.0300
2023-09-19T21:00:00+00:00,IPWR,BUY,23.0000,416.8300
2023-09-19T21:00:00+00:00,ISF.L,SELL,837.0000,131.9400
2023-09-19T21:00:00+00:00,LTBR,BUY,1357.0000,198.5400
2023-09-19T21:00:00+00:00,MOLN.SW,BUY,5666.0000,135.8600
2023-09-19T21:00:00+00:00,PLTR,SELL,784.0000,242.4000
2023-09-19T21:00:00+00:00,PRQR,SELL,41.0000,273.3400
2023-09-19T21:00:00+00:00,QSI,SELL,685.0000,339.6700
2023-09-19T21:00:00+00:00,RR.L,SELL,905.0000,341.1800
2023-09-19T21:00:00+00:00,SEYE.ST,SELL,3046.0000,151.8300
2023-09-19T21:00:00+00:00,SGLN.L,SELL,716.0000,127.9400
2023-09-19T21:00:00+00:00,SHEL.L,SELL,1168.0000,223.8100
2023-09-19T21:00:00+00:00,SLX.AX,SELL,930.0000,521.4100
2023-09-19T21:00:00+00:00,SMGB.L,SELL,284.0000,151.3600
2023-09-19T21:00:00+00:00,VUL.AX,BUY,166.0000,164.3700
2023-09-19T21:00:00+00:00,VYGR,BUY,1079.0000,357.6700
2023-09-19T21:00:00+00:00,WBT.AX,BUY,3352.0000,281.4100
2023-10-18T21:00:00+00:00,AL3.AX,BUY,583.0000,163.1600
2023-10-18T21:00:00+00:00,ALCLS.PA,BUY,3960.0000,132.0400
2023-10-18T21:00:00+00:00,ALMDT.PA,SELL,774.0000,394.5900
2023-10-18T21:00:00+00:00,AXE.AX,BUY,744.0000,222.4000
2023-10-18T21:00:00+00:00,AZN.L,SELL,1109.0000,164.6400
2023-10-18T21:00:00+00:00,BGO.L,BUY,338.0000,302.6300
2023-10-18T21:00:00+00:00,BRK-B,BUY,65.0000,170.0000
2023-10-18T21:00:00+00:00,BRNT.L,SELL,557.0000,292.9000
2023-10-18T21:00:00+00:00,DBMG.L,SELL,1986.0000,152.4900
2023-10-18T21:00:00+00:00,EDIT,BUY,427.0000,704.2300
2023-10-18T21:00:00+00:00,EMV.AX,BUY,526.0000,136.6800
2023-10-18T21:00:00+00:00,FTC.L,SELL,725.0000,214.7700
2023-10-18T21:00:00+00:00,GSIT,BUY,1556.0000,168.4600
2023-10-18T21:00:00+00:00,HSBA.L,SELL,1392.0000,199.4700
2023-10-18T21:00:00+00:00,IBTM.L,SELL,1306.0000,101.3300
2023-10-18T21:00:00+00:00,IDN,BUY,2907.0000,137.6900
2023-10-18T21:00:00+00:00,IITU.L,SELL,1541.0000,157.0000
2023-10-18T21:00:00+00:00,IPWR,BUY,483.0000,367.0700
2023-10-18T21:00:00+00:00,ISF.L,SELL,1244.0000,131.0400
2023-10-18T21:00:00+00:00,LTBR,SELL,3054.0000,233.2600
2023-10-18T21:00:00+00:00,MOLN.SW,BUY,448.0000,125.0900
2023-10-18T21:00:00+00:00,PLTR,SELL,2325.0000,279.8400
2023-10-18T21:00:00+00:00,PRQR,BUY,770.0000,240.0400
2023-10-18T21:00:00+00:00,QSI,BUY,4484.0000,212.1700
2023-10-18T21:00:00+00:00,RR.L,BUY,190.0000,313.7100
2023-10-18T21:00:00+00:00,SEYE.ST,BUY,385.0000,139.9000
2023-10-18T21:00:00+00:00,SGLN.L,SELL,1986.0000,131.1900
2023-10-18T21:00:00+00:00,SHEL.L,SELL,1550.0000,237.4700
2023-10-18T21:00:00+00:00,SLX.AX,BUY,538.0000,448.1700
2023-10-18T21:00:00+00:00,SMGB.L,SELL,1620.0000,154.7100
2023-10-18T21:00:00+00:00,VUL.AX,BUY,2619.0000,135.1500
2023-10-18T21:00:00+00:00,VYGR,BUY,266.0000,325.6900
2023-10-18T21:00:00+00:00,WBT.AX,BUY,528.0000,251.9400
2023-11-16T21:00:00+00:00,AL3.AX,SELL,1110.0000,185.5400
2023-11-16T21:00:00+00:00,ALCLS.PA,SELL,10553.0000,275.9600
2023-11-16T21:00:00+00:00,ALMDT.PA,BUY,1131.0000,363.0500
2023-11-16T21:00:00+00:00,AXE.AX,BUY,780.0000,223.1500
2023-11-16T21:00:00+00:00,AZN.L,BUY,1921.0000,157.7200
2023-11-16T21:00:00+00:00,BGO.L,BUY,606.0000,302.6300
2023-11-16T21:00:00+00:00,BRK-B,BUY,479.0000,175.9400
2023-11-16T21:00:00+00:00,BRNT.L,BUY,2338.0000,251.2500
2023-11-16T21:00:00+00:00,DBMG.L,BUY,2679.0000,141.9300
2023-11-16T21:00:00+00:00,EDIT,SELL,741.0000,918.4600
2023-11-16T21:00:00+00:00,EMV.AX,BUY,311.0000,143.3700
2023-11-16T21:00:00+00:00,FTC.L,BUY,855.0000,214.7700
2023-11-16T21:00:00+00:00,GSIT,BUY,1832.0000,161.7700
2023-11-16T21:00:00+00:00,HSBA.L,BUY,1743.0000,189.2000
2023-11-16T21:00:00+00:00,IBTM.L,BUY,1422.0000,102.6700
2023-11-16T21:00:00+00:00,IDN,BUY,4750.0000,119.1500
2023-11-16T21:00:00+00:00,IITU.L,BUY,83.0000,166.3800
2023-11-16T21:00:00+00:00,IPWR,BUY,1304.0000,334.4200
2023-11-16T21:00:00+00:00,ISF.L,BUY,1880.0000,128.3700
2023-11-16T21:00:00+00:00,LTBR,BUY,4285.0000,183.6900
2023-11-16T21:00:00+00:00,MOLN.SW,SELL,1323.0000,141.4100
2023-11-16T21:00:00+00:00,PLTR,SELL,561.0000,315.3400
2023-11-16T21:00:00+00:00,PRQR,BUY,202.0000,251.2600
2023-11-16T21:00:00+00:00,QSI,SELL,1555.0000,255.5700
2023-11-16T21:00:00+00:00,RR.L,SELL,861.0000,369.1100
2023-11-16T21:00:00+00:00,SEYE.ST,SELL,4653.0000,193.2300
2023-11-16T21:00:00+00:00,SGLN.L,BUY,1438.0000,130.9700
2023-11-16T21:00:00+00:00,SHEL.L,BUY,1713.0000,221.1400
2023-11-16T21:00:00+00:00,SLX.AX,SELL,264.0000,497.8500
2023-11-16T21:00:00+00:00,SMGB.L,SELL,220.0000,166.7000
2023-11-16T21:00:00+00:00,VUL.AX,BUY,870.0000,138.1600
2023-11-16T21:00:00+00:00,VYGR,BUY,1689.0000,290.4800
2023-11-16T21:00:00+00:00,WBT.AX,SELL,1636.0000,313.7500
2023-12-15T21:00:00+00:00,AL3.AX,SELL,901.0000,207.6300
2023-12-15T21:00:00+00:00,ALCLS.PA,SELL,544.0000,306.9700
2023-12-15T21:00:00+00:00,ALMDT.PA,BUY,257.0000,372.3500
2023-12-15T21:00:00+00:00,AXE.AX,BUY,2110.0000,204.1300
2023-12-15T21:00:00+00:00,AZN.L,BUY,1057.0000,158.0300
2023-12-15T21:00:00+00:00,BGO.L,SELL,766.0000,346.4900
2023-12-15T21:00:00+00:00,BRK-B,BUY,1669.0000,169.5400
2023-12-15T21:00:00+00:00,BRNT.L,BUY,1211.0000,241.3400
2023-12-15T21:00:00+00:00,DBMG.L,BUY,2652.0000,133.4400
2023-12-15T21:00:00+00:00,EDIT,SELL,418.0000,1112.1200
2023-12-15T21:00:00+00:00,EMV.AX,BUY,2810.0000,133.7500
2023-12-15T21:00:00+00:00,FTC.L,SELL,2021.0000,265.1000
2023-12-15T21:00:00+00:00,GSIT,SELL,906.0000,179.7400
2023-12-15T21:00:00+00:00,HSBA.L,BUY,909.0000,189.2600
2023-12-15T21:00:00+00:00,IBTM.L,BUY,982.0000,105.0400
2023-12-15T21:00:00+00:00,IDN,SELL,2100.0000,137.3300
2023-12-15T21:00:00+00:00,IITU.L,BUY,520.0000,171.0100
2023-12-15T21:00:00+00:00,IPWR,BUY,1609.0000,300.1400
2023-12-15T21:00:00+00:00,ISF.L,BUY,737.0000,131.6000
2023-12-15T21:00:00+00:00,LTBR,BUY,4465.0000,152.7600
2023-12-15T21:00:00+00:00,MOLN.SW,BUY,1915.0000,137.2100
2023-12-15T21:00:00+00:00,PLTR,BUY,1733.0000,282.3700
2023-12-15T21:00:00+00:00,PRQR,SELL,3395.0000,370.0300
2023-12-15T21:00:00+00:00,QSI,BUY,158.0000,266.6200
2023-12-15T21:00:00+00:00,RR.L,SELL,893.0000,437.9500
2023-12-15T21:00:00+00:00,SEYE.ST,SELL,756.0000,214.6500
2023-12-15T21:00:00+00:00,SGLN.L,BUY,1241.0000,131.4000
2023-12-15T21:00:00+00:00,SHEL.L,BUY,1085.0000,216.6000
2023-12-15T21:00:00+00:00,SLX.AX,SELL,817.0000,608.1400
2023-12-15T21:00:00+00:00,SMGB.L,SELL,467.0000,180.9000
2023-12-15T21:00:00+00:00,VUL.AX,BUY,2866.0000,129.1500
2023-12-15T21:00:00+00:00,VYGR,SELL,1123.0000,344.2300
2023-12-15T21:00:00+00:00,WBT.AX,SELL,1061.0000,372.7500
2024-01-18T21:00:00+00:00,AL3.AX,BUY,1756.0000,178.6000
2024-01-18T21:00:00+00:00,ALCLS.PA,BUY,1260.0000,262.4400
2024-01-18T21:00:00+00:00,ALMDT.PA,BUY,457.0000,338.8000
2024-01-18T21:00:00+00:00,AXE.AX,BUY,1176.0000,181.9600
2024-01-18T21:00:00+00:00,AZN.L,SELL,1301.0000,161.8500
2024-01-18T21:00:00+00:00,BGO.L,BUY,6943.0000,189.4700
2024-01-18T21:00:00+00:00,BRK-B,SELL,1211.0000,173.6200
2024-01-18T21:00:00+00:00,BRNT.L,SELL,955.0000,249.2600
2024-01-18T21:00:00+00:00,DBMG.L,SELL,1559.0000,136.7800
2024-01-18T21:00:00+00:00,EDIT,BUY,783.0000,837.5000
2024-01-18T21:00:00+00:00,EMV.AX,SELL,6711.0000,178.2200
2024-01-18T21:00:00+00:00,FTC.L,SELL,1915.0000,302.0100
2024-01-18T21:00:00+00:00,GSIT,BUY,4745.0000,135.9700
2024-01-18T21:00:00+00:00,HSBA.L,SELL,168.0000,183.2000
2024-01-18T21:00:00+00:00,IBTM.L,SELL,994.0000,104.0600
2024-01-18T21:00:00+00:00,IDN,BUY,1392.0000,124.1800
2024-01-18T21:00:00+00:00,IITU.L,SELL,1241.0000,175.5300
2024-01-18T21:00:00+00:00,IPWR,SELL,83.0000,289.9100
2024-01-18T21:00:00+00:00,ISF.L,SELL,661.0000,129.6400
2024-01-18T21:00:00+00:00,LTBR,BUY,1105.0000,139.0500
2024-01-18T21:00:00+00:00,MOLN.SW,SELL,2284.0000,145.7900
2024-01-18T21:00:00+00:00,PLTR,BUY,629.0000,256.3400
2024-01-18T21:00:00+00:00,PRQR,SELL,306.0000,367.5900
2024-01-18T21:00:00+00:00,QSI,BUY,439.0000,246.4900
2024-01-18T21:00:00+00:00,RR.L,SELL,679.0000,462.7100
2024-01-18T21:00:00+00:00,SEYE.ST,SELL,2401.0000,245.2500
2024-01-18T21:00:00+00:00,SGLN.L,SELL,810.0000,130.2600
2024-01-18T21:00:00+00:00,SHEL.L,BUY,154.0000,205.4300
2024-01-18T21:00:00+00:00,SLX.AX,SELL,904.0000,703.8200
2024-01-18T21:00:00+00:00,SMGB.L,SELL,1134.0000,185.2400
2024-01-18T21:00:00+00:00,VUL.AX,BUY,4138.0000,106.0400
2024-01-18T21:00:00+00:00,VYGR,BUY,397.0000,316.3700
2024-01-18T21:00:00+00:00,WBT.AX,BUY,2223.0000,283.6600
2024-02-16T21:00:00+00:00,AL3.AX,BUY,1544.0000,174.6900
2024-02-16T21:00:00+00:00,ALCLS.PA,SELL,4.0000,279.8900
2024-02-16T21:00:00+00:00,ALMDT.PA,BUY,484.0000,342.8400
2024-02-16T21:00:00+00:00,AXE.AX,SELL,171.0000,195.9800
2024-02-16T21:00:00+00:00,AZN.L,BUY,1929.0000,156.6000
2024-02-16T21:00:00+00:00,BGO.L,BUY,380.0000,197.3700
2024-02-16T21:00:00+00:00,BRK-B,SELL,956.0000,195.7100
2024-02-16T21:00:00+00:00,BRNT.L,SELL,11.0000,265.9800
2024-02-16T21:00:00+00:00,DBMG.L,BUY,798.0000,140.8100
2024-02-16T21:00:00+00:00,EDIT,BUY,228.0000,840.5900
2024-02-16T21:00:00+00:00,EMV.AX,BUY,656.0000,183.0200
2024-02-16T21:00:00+00:00,FTC.L,SELL,3740.0000,510.0700
2024-02-16T21:00:00+00:00,GSIT,SELL,3262.0000,169.5100
2024-02-16T21:00:00+00:00,HSBA.L,SELL,270.0000,198.5200
2024-02-16T21:00:00+00:00,IBTM.L,BUY,2105.0000,103.5400
2024-02-16T21:00:00+00:00,IDN,BUY,1472.0000,124.9400
2024-02-16T21:00:00+00:00,IITU.L,SELL,75.0000,187.9500
2024-02-16T21:00:00+00:00,IPWR,BUY,1684.0000,266.6000
2024-02-16T21:00:00+00:00,ISF.L,BUY,720.0000,134.1300
2024-02-16T21:00:00+00:00,LTBR,BUY,1935.0000,136.2800
2024-02-16T21:00:00+00:00,MOLN.SW,BUY,2278.0000,140.2300
2024-02-16T21:00:00+00:00,PLTR,SELL,3453.0000,384.3600
2024-02-16T21:00:00+00:00,PRQR,BUY,1267.0000,340.2000
2024-02-16T21:00:00+00:00,QSI,SELL,344.0000,270.2700
2024-02-16T21:00:00+00:00,RR.L,BUY,71.0000,488.0700
2024-02-16T21:00:00+00:00,SEYE.ST,BUY,1438.0000,234.4800
2024-02-16T21:00:00+00:00,SGLN.L,BUY,1483.0000,130.6400
2024-02-16T21:00:00+00:00,SHEL.L,BUY,40.0000,218.4400
2024-02-16T21:00:00+00:00,SLX.AX,BUY,384.0000,689.5300
2024-02-16T21:00:00+00:00,SMGB.L,SELL,905.0000,208.9400
2024-02-16T21:00:00+00:00,VUL.AX,BUY,3053.0000,102.2500
2024-02-16T21:00:00+00:00,VYGR,BUY,210.0000,330.1300
2024-02-16T21:00:00+00:00,WBT.AX,SELL,398.0000,314.0100
2024-03-18T21:00:00+00:00,AL3.AX,BUY,4889.0000,147.9900
2024-03-18T21:00:00+00:00,ALCLS.PA,BUY,2272.0000,250.3600
2024-03-18T21:00:00+00:00,ALMDT.PA,BUY,4945.0000,241.1900
2024-03-18T21:00:00+00:00,AXE.AX,SELL,1496.0000,230.1000
2024-03-18T21:00:00+00:00,AZN.L,BUY,672.0000,162.1300
2024-03-18T21:00:00+00:00,BGO.L,BUY,1874.0000,189.4700
2024-03-18T21:00:00+00:00,BRK-B,BUY,1227.0000,194.8300
2024-03-18T21:00:00+00:00,BRNT.L,BUY,368.0000,275.9700
2024-03-18T21:00:00+00:00,DBMG.L,BUY,957.0000,144.5200
2024-03-18T21:00:00+00:00,EDIT,BUY,544.0000,787.9800
2024-03-18T21:00:00+00:00,EMV.AX,SELL,2203.0000,223.1400
2024-03-18T21:00:00+00:00,FTC.L,BUY,625.0000,496.6400
2024-03-18T21:00:00+00:00,GSIT,SELL,4125.0000,230.5000
2024-03-18T21:00:00+00:00,HSBA.L,BUY,1437.0000,195.1100
2024-03-18T21:00:00+00:00,IBTM.L,BUY,2469.0000,102.6200
2024-03-18T21:00:00+00:00,IDN,BUY,2876.0000,120.2900
2024-03-18T21:00:00+00:00,IITU.L,BUY,813.0000,191.8800
2024-03-18T21:00:00+00:00,IPWR,SELL,4226.0000,434.9400
2024-03-18T21:00:00+00:00,ISF.L,BUY,1476.0000,135.1500
2024-03-18T21:00:00+00:00,LTBR,BUY,378.0000,143.3800
2024-03-18T21:00:00+00:00,MOLN.SW,BUY,6266.0000,118.0900
2024-03-18T21:00:00+00:00,PLTR,BUY,847.0000,373.5200
2024-03-18T21:00:00+00:00,PRQR,SELL,1416.0000,426.4500
2024-03-18T21:00:00+00:00,QSI,SELL,469.0000,300.5000
2024-03-18T21:00:00+00:00,RR.L,SELL,763.0000,588.7700
2024-03-18T21:00:00+00:00,SEYE.ST,SELL,2775.0000,312.9300
2024-03-18T21:00:00+00:00,SGLN.L,BUY,113.0000,138.9800
2024-03-18T21:00:00+00:00,SHEL.L,BUY,631.0000,223.9900
2024-03-18T21:00:00+00:00,SLX.AX,BUY,587.0000,655.6200
2024-03-18T21:00:00+00:00,SMGB.L,BUY,423.0000,217.4000
2024-03-18T21:00:00+00:00,VUL.AX,SELL,9893.0000,158.3000
2024-03-18T21:00:00+00:00,VYGR,SELL,1020.0000,393.3400
2024-03-18T21:00:00+00:00,WBT.AX,BUY,1474.0000,293.9200
2024-04-18T21:00:00+00:00,AL3.AX,BUY,4844.0000,120.5800
2024-04-18T21:00:00+00:00,ALCLS.PA,SELL,655.0000,258.0200
2024-04-18T21:00:00+00:00,ALMDT.PA,SELL,2586.0000,288.4200
2024-04-18T21:00:00+00:00,AXE.AX,SELL,1891.0000,258.1600
2024-04-18T21:00:00+00:00,AZN.L,SELL,1593.0000,171.9600
2024-04-18T21:00:00+00:00,BGO.L,SELL,2664.0000,217.5400
2024-04-18T21:00:00+00:00,BRK-B,SELL,337.0000,195.0200
2024-04-18T21:00:00+00:00,BRNT.L,SELL,744.0000,287.9800
2024-04-18T21:00:00+00:00,DBMG.L,SELL,2080.0000,155.3100
2024-04-18T21:00:00+00:00,EDIT,BUY,1490.0000,579.1100
2024-04-18T21:00:00+00:00,EMV.AX,BUY,1325.0000,202.0400
2024-04-18T21:00:00+00:00,FTC.L,BUY,664.0000,445.6400
2024-04-18T21:00:00+00:00,GSIT,SELL,881.0000,240.3600
2024-04-18T21:00:00+00:00,HSBA.L,SELL,1468.0000,208.7500
2024-04-18T21:00:00+00:00,IBTM.L,SELL,702.0000,102.9100
2024-04-18T21:00:00+00:00,IDN,SELL,11195.0000,192.3500
2024-04-18T21:00:00+00:00,IITU.L,SELL,32.0000,188.7900
2024-04-18T21:00:00+00:00,IPWR,BUY,3945.0000,286.3800
2024-04-18T21:00:00+00:00,ISF.L,SELL,1048.0000,138.3500
2024-04-18T21:00:00+00:00,LTBR,BUY,5592.0000,114.5100
2024-04-18T21:00:00+00:00,MOLN.SW,BUY,231.0000,115.0800
2024-04-18T21:00:00+00:00,PLTR,BUY,852.0000,336.1900
2024-04-18T21:00:00+00:00,PRQR,BUY,2258.0000,328.2900
2024-04-18T21:00:00+00:00,QSI,BUY,2499.0000,242.8700
2024-04-18T21:00:00+00:00,RR.L,SELL,287.0000,607.6400
2024-04-18T21:00:00+00:00,SEYE.ST,BUY,3385.0000,235.7800
2024-04-18T21:00:00+00:00,SGLN.L,SELL,3232.0000,156.6600
2024-04-18T21:00:00+00:00,SHEL.L,SELL,1792.0000,248.5700
2024-04-18T21:00:00+00:00,SLX.AX,SELL,524.0000,714.3200
2024-04-18T21:00:00+00:00,SMGB.L,BUY,124.0000,211.8800
2024-04-18T21:00:00+00:00,VUL.AX,BUY,83.0000,154.8900
2024-04-18T21:00:00+00:00,VYGR,BUY,1390.0000,333.9900
2024-04-18T21:00:00+00:00,WBT.AX,BUY,2189.0000,243.7400
2024-05-20T21:00:00+00:00,AL3.AX,SELL,2954.0000,144.9200
2024-05-20T21:00:00+00:00,ALCLS.PA,SELL,549.0000,289.8500
2024-05-20T21:00:00+00:00,ALMDT.PA,BUY,501.0000,298.0700
2024-05-20T21:00:00+00:00,AXE.AX,BUY,3584.0000,218.9400
2024-05-20T21:00:00+00:00,AZN.L,SELL,564.0000,190.5800
2024-05-20T21:00:00+00:00,BGO.L,BUY,429.0000,228.0700
2024-05-20T21:00:00+00:00,BRK-B,BUY,1123.0000,197.4100
2024-05-20T21:00:00+00:00,BRNT.L,BUY,1448.0000,276.5100
2024-05-20T21:00:00+00:00,DBMG.L,BUY,1628.0000,155.7700
2024-05-20T21:00:00+00:00,EDIT,BUY,620.0000,564.5300
2024-05-20T21:00:00+00:00,EMV.AX,BUY,5130.0000,167.0700
2024-05-20T21:00:00+00:00,FTC.L,SELL,2950.0000,778.5200
2024-05-20T21:00:00+00:00,GSIT,BUY,5452.0000,187.2700
2024-05-20T21:00:00+00:00,HSBA.L,SELL,590.0000,233.2000
2024-05-20T21:00:00+00:00,IBTM.L,BUY,2612.0000,102.7700
2024-05-20T21:00:00+00:00,IDN,BUY,2045.0000,185.8300
2024-05-20T21:00:00+00:00,IITU.L,BUY,297.0000,200.0400
2024-05-20T21:00:00+00:00,IPWR,BUY,476.0000,296.6200
2024-05-20T21:00:00+00:00,ISF.L,BUY,73.0000,148.5600
2024-05-20T21:00:00+00:00,LTBR,SELL,4634.0000,145.9100
2024-05-20T21:00:00+00:00,MOLN.SW,BUY,3134.0000,112.1400
2024-05-20T21:00:00+00:00,PLTR,BUY,754.0000,337.1400
2024-05-20T21:00:00+00:00,PRQR,BUY,673.0000,332.1400
2024-05-20T21:00:00+00:00,QSI,SELL,883.0000,279.0200
2024-05-20T21:00:00+00:00,RR.L,SELL,43.0000,659.4200
2024-05-20T21:00:00+00:00,SEYE.ST,SELL,2121.0000,297.3000
2024-05-20T21:00:00+00:00,SGLN.L,BUY,1773.0000,156.0700
2024-05-20T21:00:00+00:00,SHEL.L,BUY,1117.0000,247.6300
2024-05-20T21:00:00+00:00,SLX.AX,SELL,979.0000,966.4000
2024-05-20T21:00:00+00:00,SMGB.L,SELL,94.0000,229.5200
2024-05-20T21:00:00+00:00,VUL.AX,SELL,7197.0000,247.1900
2024-05-20T21:00:00+00:00,VYGR,SELL,186.0000,366.3600
2024-05-20T21:00:00+00:00,WBT.AX,BUY,5653.0000,187.2400
2024-06-19T21:00:00+00:00,AL3.AX,BUY,433.0000,146.2300
2024-06-19T21:00:00+00:00,ALCLS.PA,BUY,6887.0000,193.0600
2024-06-19T21:00:00+00:00,ALMDT.PA,BUY,2947.0000,247.0900
2024-06-19T21:00:00+00:00,AXE.AX,BUY,2509.0000,195.5800
2024-06-19T21:00:00+00:00,AZN.L,BUY,115.0000,194.4200
2024-06-19T21:00:00+00:00,BGO.L,SELL,872.0000,247.3700
2024-06-19T21:00:00+00:00,BRK-B,BUY,742.0000,194.8500
2024-06-19T21:00:00+00:00,BRNT.L,BUY,62.0000,282.4400
2024-06-19T21:00:00+00:00,DBMG.L,BUY,820.0000,154.5100
2024-06-19T21:00:00+00:00,EDIT,BUY,816.0000,515.0500
2024-06-19T21:00:00+00:00,EMV.AX,BUY,5.0000,171.4100
2024-06-19T21:00:00+00:00,FTC.L,SELL,849.0000,973.1500
2024-06-19T21:00:00+00:00,GSIT,BUY,1745.0000,176.5500
2024-06-19T21:00:00+00:00,HSBA.L,BUY,476.0000,232.3300
2024-06-19T21:00:00+00:00,IBTM.L,BUY,283.0000,104.6400
2024-06-19T21:00:00+00:00,IDN,SELL,1877.0000,210.5900
2024-06-19T21:00:00+00:00,IITU.L,SELL,1836.0000,227.9700
2024-06-19T21:00:00+00:00,IPWR,BUY,1368.0000,274.2500
2024-06-19T21:00:00+00:00,ISF.L,BUY,1277.0000,145.0000
2024-06-19T21:00:00+00:00,LTBR,BUY,8616.0000,111.7000
2024-06-19T21:00:00+00:00,MOLN.SW,SELL,19897.0000,290.8700
2024-06-19T21:00:00+00:00,PLTR,SELL,1534.0000,402.3300
2024-06-19T21:00:00+00:00,PRQR,BUY,2048.0000,287.8100
2024-06-19T21:00:00+00:00,QSI,BUY,5129.0000,206.3500
2024-06-19T21:00:00+00:00,RR.L,SELL,287.0000,713.3200
2024-06-19T21:00:00+00:00,SEYE.ST,SELL,658.0000,322.1500
2024-06-19T21:00:00+00:00,SGLN.L,BUY,1649.0000,149.7200
2024-06-19T21:00:00+00:00,SHEL.L,BUY,703.0000,242.6800
2024-06-19T21:00:00+00:00,SLX.AX,BUY,1039.0000,779.5600
2024-06-19T21:00:00+00:00,SMGB.L,SELL,1658.0000,262.6000
2024-06-19T21:00:00+00:00,VUL.AX,BUY,2593.0000,216.1400
2024-06-19T21:00:00+00:00,VYGR,BUY,639.0000,353.5300
2024-06-19T21:00:00+00:00,WBT.AX,BUY,550.0000,186.9300
2024-07-18T21:00:00+00:00,AL3.AX,SELL,14335.0000,333.9600
2024-07-18T21:00:00+00:00,ALCLS.PA,SELL,774.0000,205.0300
2024-07-18T21:00:00+00:00,ALMDT.PA,BUY,7871.0000,166.5600
2024-07-18T21:00:00+00:00,AXE.AX,BUY,2836.0000,174.0400
2024-07-18T21:00:00+00:00,AZN.L,BUY,744.0000,191.0500
2024-07-18T21:00:00+00:00,BGO.L,SELL,122.0000,254.3900
2024-07-18T21:00:00+00:00,BRK-B,SELL,709.0000,206.3000
2024-07-18T21:00:00+00:00,BRNT.L,BUY,541.0000,276.9700
2024-07-18T21:00:00+00:00,DBMG.L,BUY,759.0000,152.8900
2024-07-18T21:00:00+00:00,EDIT,SELL,56.0000,529.4900
2024-07-18T21:00:00+00:00,EMV.AX,BUY,273.0000,172.7300
2024-07-18T21:00:00+00:00,FTC.L,SELL,67.0000,1010.0700
2024-07-18T21:00:00+00:00,GSIT,SELL,106.0000,181.0000
2024-07-18T21:00:00+00:00,HSBA.L,BUY,1068.0000,222.4400
2024-07-18T21:00:00+00:00,IBTM.L,BUY,1089.0000,103.6300
2024-07-18T21:00:00+00:00,IDN,BUY,665.0000,207.1800
2024-07-18T21:00:00+00:00,IITU.L,BUY,1439.0000,214.0300
2024-07-18T21:00:00+00:00,IPWR,SELL,458.0000,289.3800
2024-07-18T21:00:00+00:00,ISF.L,BUY,484.0000,145.2300
2024-07-18T21:00:00+00:00,LTBR,SELL,7453.0000,146.0400
2024-07-18T21:00:00+00:00,MOLN.SW,BUY,6112.0000,201.9600
2024-07-18T21:00:00+00:00,PLTR,SELL,558.0000,436.2800
2024-07-18T21:00:00+00:00,PRQR,SELL,457.0000,304.1700
2024-07-18T21:00:00+00:00,QSI,BUY,4666.0000,167.8500
2024-07-18T21:00:00+00:00,RR.L,BUY,579.0000,656.1000
2024-07-18T21:00:00+00:00,SEYE.ST,BUY,1290.0000,296.1500
2024-07-18T21:00:00+00:00,SGLN.L,SELL,454.0000,155.5300
2024-07-18T21:00:00+00:00,SHEL.L,SELL,171.0000,250.3200
2024-07-18T21:00:00+00:00,SLX.AX,BUY,569.0000,711.9300
2024-07-18T21:00:00+00:00,SMGB.L,BUY,2204.0000,232.3900
2024-07-18T21:00:00+00:00,VUL.AX,BUY,501.0000,214.3700
2024-07-18T21:00:00+00:00,VYGR,BUY,109.0000,357.0400
2024-07-18T21:00:00+00:00,WBT.AX,SELL,196.0000,192.5600
2024-08-16T21:00:00+00:00,AL3.AX,BUY,676.0000,321.1700
2024-08-16T21:00:00+00:00,ALCLS.PA,BUY,913.0000,199.0700
2024-08-16T21:00:00+00:00,ALMDT.PA,SELL,15307.0000,498.1500
2024-08-16T21:00:00+00:00,AXE.AX,BUY,7505.0000,132.4100
2024-08-16T21:00:00+00:00,AZN.L,SELL,1207.0000,206.8100
2024-08-16T21:00:00+00:00,BGO.L,BUY,3187.0000,214.0400
2024-08-16T21:00:00+00:00,BRK-B,BUY,5.0000,209.9400
2024-08-16T21:00:00+00:00,BRNT.L,BUY,766.0000,267.2700
2024-08-16T21:00:00+00:00,DBMG.L,BUY,1777.0000,145.4100
2024-08-16T21:00:00+00:00,EDIT,BUY,2434.0000,404.2100
2024-08-16T21:00:00+00:00,EMV.AX,SELL,1131.0000,185.1900
2024-08-16T21:00:00+00:00,FTC.L,BUY,361.0000,939.6000
2024-08-16T21:00:00+00:00,GSIT,BUY,3821.0000,156.2800
2024-08-16T21:00:00+00:00,HSBA.L,BUY,293.0000,222.6700
2024-08-16T21:00:00+00:00,IBTM.L,SELL,337.0000,106.4500
2024-08-16T21:00:00+00:00,IDN,BUY,8596.0000,144.3700
2024-08-16T21:00:00+00:00,IITU.L,BUY,281.0000,214.5200
2024-08-16T21:00:00+00:00,IPWR,SELL,696.0000,310.7600
2024-08-16T21:00:00+00:00,ISF.L,SELL,33.0000,148.0200
2024-08-16T21:00:00+00:00,LTBR,BUY,7515.0000,115.7800
2024-08-16T21:00:00+00:00,MOLN.SW,BUY,1465.0000,190.9600
2024-08-16T21:00:00+00:00,PLTR,SELL,899.0000,494.3000
2024-08-16T21:00:00+00:00,PRQR,SELL,2244.0000,376.0500
2024-08-16T21:00:00+00:00,QSI,BUY,2879.0000,151.8700
2024-08-16T21:00:00+00:00,RR.L,SELL,689.0000,756.3400
2024-08-16T21:00:00+00:00,SEYE.ST,SELL,1034.0000,327.4000
2024-08-16T21:00:00+00:00,SGLN.L,BUY,64.0000,157.9100
2024-08-16T21:00:00+00:00,SHEL.L,BUY,379.0000,248.6900
2024-08-16T21:00:00+00:00,SLX.AX,BUY,1035.0000,608.6500
2024-08-16T21:00:00+00:00,SMGB.L,BUY,684.0000,227.2100
2024-08-16T21:00:00+00:00,VUL.AX,BUY,2512.0000,191.5300
2024-08-16T21:00:00+00:00,VYGR,BUY,3368.0000,277.1800
2024-08-16T21:00:00+00:00,WBT.AX,BUY,4725.0000,158.6600
2024-09-17T21:00:00+00:00,AL3.AX,SELL,607.0000,319.2200
2024-09-17T21:00:00+00:00,ALCLS.PA,SELL,3187.0000,224.2200
2024-09-17T21:00:00+00:00,ALMDT.PA,BUY,3257.0000,333.2100
2024-09-17T21:00:00+00:00,AXE.AX,BUY,1037.0000,120.8700
2024-09-17T21:00:00+00:00,AZN.L,BUY,567.0000,189.7200
2024-09-17T21:00:00+00:00,BGO.L,BUY,791.0000,193.8600
2024-09-17T21:00:00+00:00,BRK-B,SELL,1038.0000,209.9600
2024-09-17T21:00:00+00:00,BRNT.L,BUY,636.0000,242.0200
2024-09-17T21:00:00+00:00,DBMG.L,SELL,816.0000,141.6400
2024-09-17T21:00:00+00:00,EDIT,BUY,55.0000,379.6900
2024-09-17T21:00:00+00:00,EMV.AX,SELL,860.0000,182.3300
2024-09-17T21:00:00+00:00,FTC.L,SELL,355.0000,969.8000
2024-09-17T21:00:00+00:00,GSIT,SELL,4828.0000,182.6700
2024-09-17T21:00:00+00:00,HSBA.L,SELL,1108.0000,224.4300
2024-09-17T21:00:00+00:00,IBTM.L,SELL,2174.0000,106.8500
2024-09-17T21:00:00+00:00,IDN,BUY,1589.0000,128.8700
2024-09-17T21:00:00+00:00,IITU.L,SELL,508.0000,208.4300
2024-09-17T21:00:00+00:00,IPWR,BUY,299.0000,286.7900
2024-09-17T21:00:00+00:00,ISF.L,SELL,1518.0000,148.3000
2024-09-17T21:00:00+00:00,LTBR,BUY,865.0000,106.6600
2024-09-17T21:00:00+00:00,MOLN.SW,BUY,4039.0000,150.8300
2024-09-17T21:00:00+00:00,PLTR,SELL,1161.0000,546.7000
2024-09-17T21:00:00+00:00,PRQR,BUY,1744.0000,304.4900
2024-09-17T21:00:00+00:00,QSI,SELL,893.0000,148.5900
2024-09-17T21:00:00+00:00,RR.L,SELL,228.0000,747.2800
2024-09-17T21:00:00+00:00,SEYE.ST,BUY,3740.0000,235.8800
2024-09-17T21:00:00+00:00,SGLN.L,SELL,1639.0000,159.6800
2024-09-17T21:00:00+00:00,SHEL.L,BUY,462.0000,228.2800
2024-09-17T21:00:00+00:00,SLX.AX,BUY,912.0000,503.8900
2024-09-17T21:00:00+00:00,SMGB.L,BUY,25.0000,214.3300
2024-09-17T21:00:00+00:00,VUL.AX,BUY,172.0000,179.4300
2024-09-17T21:00:00+00:00,VYGR,BUY,89.0000,260.2200
2024-09-17T21:00:00+00:00,WBT.AX,BUY,216.0000,148.5900
2024-10-16T21:00:00+00:00,AL3.AX,BUY,827.0000,330.0600
2024-10-16T21:00:00+00:00,ALCLS.PA,BUY,4717.0000,193.2800
2024-10-16T21:00:00+00:00,ALMDT.PA,BUY,2103.0000,310.4400
2024-10-16T21:00:00+00:00,AXE.AX,BUY,1155.0000,129.0000
2024-10-16T21:00:00+00:00,AZN.L,BUY,2001.0000,190.6100
2024-10-16T21:00:00+00:00,BGO.L,BUY,3716.0000,179.8200
2024-10-16T21:00:00+00:00,BRK-B,BUY,1311.0000,216.4700
2024-10-16T21:00:00+00:00,BRNT.L,BUY,1132.0000,249.6000
2024-10-16T21:00:00+00:00,DBMG.L,BUY,2645.0000,142.4800
2024-10-16T21:00:00+00:00,EDIT,BUY,2206.0000,343.1200
2024-10-16T21:00:00+00:00,EMV.AX,BUY,3303.0000,173.7500
2024-10-16T21:00:00+00:00,FTC.L,BUY,339.0000,986.5800
2024-10-16T21:00:00+00:00,GSIT,SELL,4156.0000,254.2000
2024-10-16T21:00:00+00:00,HSBA.L,BUY,1478.0000,228.1600
2024-10-16T21:00:00+00:00,IBTM.L,BUY,4108.0000,105.8200
2024-10-16T21:00:00+00:00,IDN,BUY,532.0000,140.1200
2024-10-16T21:00:00+00:00,IITU.L,BUY,736.0000,221.6600
2024-10-16T21:00:00+00:00,IPWR,BUY,1383.0000,286.9500
2024-10-16T21:00:00+00:00,ISF.L,BUY,2596.0000,148.8100
2024-10-16T21:00:00+00:00,LTBR,SELL,15489.0000,212.6200
2024-10-16T21:00:00+00:00,MOLN.SW,BUY,3373.0000,146.9100
2024-10-16T21:00:00+00:00,PLTR,SELL,326.0000,635.8700
2024-10-16T21:00:00+00:00,PRQR,SELL,6121.0000,676.2800
2024-10-16T21:00:00+00:00,QSI,BUY,7886.0000,125.1000
2024-10-16T21:00:00+00:00,RR.L,SELL,105.0000,845.4100
2024-10-16T21:00:00+00:00,SEYE.ST,BUY,5537.0000,193.2800
2024-10-16T21:00:00+00:00,SGLN.L,BUY,1169.0000,168.3700
2024-10-16T21:00:00+00:00,SHEL.L,BUY,1950.0000,225.7400
2024-10-16T21:00:00+00:00,SLX.AX,SELL,1025.0000,648.0600
2024-10-16T21:00:00+00:00,SMGB.L,BUY,1084.0000,223.3800
2024-10-16T21:00:00+00:00,VUL.AX,SELL,4029.0000,246.6800
2024-10-16T21:00:00+00:00,VYGR,SELL,1942.0000,333.5200
2024-10-16T21:00:00+00:00,WBT.AX,BUY,555.0000,160.9700
2024-11-14T21:00:00+00:00,AL3.AX,SELL,3940.0000,521.2500
2024-11-14T21:00:00+00:00,ALCLS.PA,BUY,2567.0000,186.3300
2024-11-14T21:00:00+00:00,ALMDT.PA,SELL,109.0000,338.1300
2024-11-14T21:00:00+00:00,AXE.AX,SELL,10678.0000,209.4500
2024-11-14T21:00:00+00:00,AZN.L,BUY,5659.0000,163.1500
2024-11-14T21:00:00+00:00,BGO.L,BUY,1247.0000,184.2100
2024-11-14T21:00:00+00:00,BRK-B,BUY,875.0000,223.5500
2024-11-14T21:00:00+00:00,BRNT.L,BUY,1071.0000,253.1900
2024-11-14T21:00:00+00:00,DBMG.L,BUY,2216.0000,142.9500
2024-11-14T21:00:00+00:00,EDIT,BUY,3700.0000,283.2800
2024-11-14T21:00:00+00:00,EMV.AX,BUY,2715.0000,168.3900
2024-11-14T21:00:00+00:00,FTC.L,BUY,245.0000,1006.7100
2024-11-14T21:00:00+00:00,GSIT,BUY,9163.0000,175.3600
2024-11-14T21:00:00+00:00,HSBA.L,BUY,325.0000,242.1100
2024-11-14T21:00:00+00:00,IBTM.L,BUY,3369.0000,105.2000
2024-11-14T21:00:00+00:00,IDN,SELL,1859.0000,161.5900
2024-11-14T21:00:00+00:00,IITU.L,BUY,481.0000,233.4000
2024-11-14T21:00:00+00:00,IPWR,BUY,3171.0000,253.8500
2024-11-14T21:00:00+00:00,ISF.L,BUY,3070.0000,144.6900
2024-11-14T21:00:00+00:00,LTBR,SELL,5846.0000,329.0700
2024-11-14T21:00:00+00:00,MOLN.SW,SELL,1529.0000,167.8600
2024-11-14T21:00:00+00:00,PLTR,SELL,1655.0000,922.8200
2024-11-14T21:00:00+00:00,PRQR,BUY,421.0000,683.2900
2024-11-14T21:00:00+00:00,QSI,BUY,3306.0000,122.8000
2024-11-14T21:00:00+00:00,RR.L,BUY,533.0000,823.0700
2024-11-14T21:00:00+00:00,SEYE.ST,BUY,3329.0000,180.5600
2024-11-14T21:00:00+00:00,SGLN.L,BUY,2362.0000,165.8500
2024-11-14T21:00:00+00:00,SHEL.L,BUY,1263.0000,228.0600
2024-11-14T21:00:00+00:00,SLX.AX,SELL,400.0000,747.1000
2024-11-14T21:00:00+00:00,SMGB.L,BUY,1114.0000,227.5400
2024-11-14T21:00:00+00:00,VUL.AX,SELL,2017.0000,303.1100
2024-11-14T21:00:00+00:00,VYGR,BUY,4146.0000,269.6700
2024-11-14T21:00:00+00:00,WBT.AX,SELL,8511.0000,260.6500
2024-12-13T21:00:00+00:00,AL3.AX,BUY,3973.0000,355.7800
2024-12-13T21:00:00+00:00,ALCLS.PA,BUY,1486.0000,175.5000
2024-12-13T21:00:00+00:00,ALMDT.PA,BUY,1003.0000,314.3300
2024-12-13T21:00:00+00:00,AXE.AX,BUY,3180.0000,182.2600
2024-12-13T21:00:00+00:00,AZN.L,SELL,444.0000,165.9400
2024-12-13T21:00:00+00:00,BGO.L,BUY,2140.0000,169.3000
2024-12-13T21:00:00+00:00,BRK-B,BUY,389.0000,219.3800
2024-12-13T21:00:00+00:00,BRNT.L,SELL,519.0000,261.0400
2024-12-13T21:00:00+00:00,DBMG.L,SELL,262.0000,144.2400
2024-12-13T21:00:00+00:00,EDIT,BUY,14441.0000,147.6100
2024-12-13T21:00:00+00:00,EMV.AX,BUY,1758.0000,157.9600
2024-12-13T21:00:00+00:00,FTC.L,BUY,186.0000,966.4400
2024-12-13T21:00:00+00:00,GSIT,BUY,245.0000,173.7700
2024-12-13T21:00:00+00:00,HSBA.L,SELL,1429.0000,262.6800
2024-12-13T21:00:00+00:00,IBTM.L,SELL,599.0000,106.7700
2024-12-13T21:00:00+00:00,IDN,SELL,5245.0000,199.7600
2024-12-13T21:00:00+00:00,IITU.L,SELL,460.0000,239.3100
2024-12-13T21:00:00+00:00,IPWR,BUY,436.0000,247.8200
2024-12-13T21:00:00+00:00,ISF.L,SELL,857.0000,148.9200
2024-12-13T21:00:00+00:00,LTBR,BUY,7257.0000,214.1900
2024-12-13T21:00:00+00:00,MOLN.SW,BUY,360.0000,165.7000
2024-12-13T21:00:00+00:00,PLTR,SELL,1076.0000,1188.9600
2024-12-13T21:00:00+00:00,PRQR,BUY,2559.0000,490.6800
2024-12-13T21:00:00+00:00,QSI,SELL,19836.0000,271.7600
2024-12-13T21:00:00+00:00,RR.L,SELL,256.0000,864.4300
2024-12-13T21:00:00+00:00,SEYE.ST,BUY,511.0000,176.9900
2024-12-13T21:00:00+00:00,SGLN.L,SELL,1019.0000,172.5000
2024-12-13T21:00:00+00:00,SHEL.L,BUY,269.0000,225.0800
2024-12-13T21:00:00+00:00,SLX.AX,SELL,414.0000,803.4900
2024-12-13T21:00:00+00:00,SMGB.L,SELL,83.0000,228.6400
2024-12-13T21:00:00+00:00,VUL.AX,BUY,969.0000,284.4800
2024-12-13T21:00:00+00:00,VYGR,SELL,161.0000,272.4700
2024-12-13T21:00:00+00:00,WBT.AX,BUY,1597.0000,238.4700
2025-01-16T21:00:00+00:00,AL3.AX,BUY,985.0000,349.9100
2025-01-16T21:00:00+00:00,ALCLS.PA,BUY,2302.0000,170.6900
2025-01-16T21:00:00+00:00,ALMDT.PA,SELL,2886.0000,418.9300
2025-01-16T21:00:00+00:00,AXE.AX,SELL,3163.0000,222.1500
2025-01-16T21:00:00+00:00,AZN.L,BUY,647.0000,171.9000
2025-01-16T21:00:00+00:00,BGO.L,SELL,410.0000,182.4600
2025-01-16T21:00:00+00:00,BRK-B,BUY,279.0000,229.5900
2025-01-16T21:00:00+00:00,BRNT.L,SELL,961.0000,293.5000
2025-01-16T21:00:00+00:00,DBMG.L,BUY,359.0000,151.2700
2025-01-16T21:00:00+00:00,EDIT,BUY,5723.0000,131.6100
2025-01-16T21:00:00+00:00,EMV.AX,BUY,1324.0000,160.0600
2025-01-16T21:00:00+00:00,FTC.L,SELL,978.0000,1302.0100
2025-01-16T21:00:00+00:00,GSIT,SELL,610.0000,188.8600
2025-01-16T21:00:00+00:00,HSBA.L,SELL,102.0000,280.3700
2025-01-16T21:00:00+00:00,IBTM.L,BUY,1698.0000,108.8400
2025-01-16T21:00:00+00:00,IDN,BUY,3027.0000,186.5700
2025-01-16T21:00:00+00:00,IITU.L,BUY,973.0000,241.2500
2025-01-16T21:00:00+00:00,IPWR,SELL,2992.0000,315.5100
2025-01-16T21:00:00+00:00,ISF.L,BUY,1396.0000,150.9400
2025-01-16T21:00:00+00:00,LTBR,SELL,2284.0000,255.3300
2025-01-16T21:00:00+00:00,MOLN.SW,BUY,319.0000,173.7300
2025-01-16T21:00:00+00:00,PLTR,BUY,470.0000,1120.5700
2025-01-16T21:00:00+00:00,PRQR,BUY,2364.0000,412.9200
2025-01-16T21:00:00+00:00,QSI,SELL,5012.0000,415.5500
2025-01-16T21:00:00+00:00,RR.L,BUY,255.0000,873.7900
2025-01-16T21:00:00+00:00,SEYE.ST,BUY,1833.0000,175.0100
2025-01-16T21:00:00+00:00,SGLN.L,BUY,164.0000,181.8500
2025-01-16T21:00:00+00:00,SHEL.L,SELL,282.0000,242.2500
2025-01-16T21:00:00+00:00,SLX.AX,BUY,93.0000,838.3000
2025-01-16T21:00:00+00:00,SMGB.L,SELL,268.0000,245.9600
2025-01-16T21:00:00+00:00,VUL.AX,BUY,324.0000,295.6900
2025-01-16T21:00:00+00:00,VYGR,BUY,4402.0000,227.6800
2025-01-16T21:00:00+00:00,WBT.AX,BUY,4420.0000,204.5300
2025-02-14T21:00:00+00:00,AL3.AX,BUY,1678.0000,314.0400
2025-02-14T21:00:00+00:00,ALCLS.PA,BUY,1517.0000,163.3000
2025-02-14T21:00:00+00:00,ALMDT.PA,BUY,9360.0000,230.9100
2025-02-14T21:00:00+00:00,AXE.AX,BUY,3114.0000,195.5300
2025-02-14T21:00:00+00:00,AZN.L,SELL,1792.0000,185.6000
2025-02-14T21:00:00+00:00,BGO.L,BUY,1558.0000,173.6800
2025-02-14T21:00:00+00:00,BRK-B,SELL,13.0000,231.8500
2025-02-14T21:00:00+00:00,BRNT.L,BUY,1362.0000,273.0700
2025-02-14T21:00:00+00:00,DBMG.L,BUY,1365.0000,146.2600
2025-02-14T21:00:00+00:00,EDIT,SELL,2492.0000,142.7400
2025-02-14T21:00:00+00:00,EMV.AX,SELL,2677.0000,177.6600
2025-02-14T21:00:00+00:00,FTC.L,SELL,324.0000,1442.9500
2025-02-14T21:00:00+00:00,GSIT,SELL,4422.0000,231.5700
2025-02-14T21:00:00+00:00,HSBA.L,SELL,859.0000,298.1600
2025-02-14T21:00:00+00:00,IBTM.L,BUY,1068.0000,107.2000
2025-02-14T21:00:00+00:00,IDN,BUY,2025.0000,174.3300
2025-02-14T21:00:00+00:00,IITU.L,BUY,318.0000,239.5800
2025-02-14T21:00:00+00:00,IPWR,BUY,3165.0000,262.8000
2025-02-14T21:00:00+00:00,ISF.L,SELL,975.0000,157.2300
2025-02-14T21:00:00+00:00,LTBR,SELL,10748.0000,615.7000
2025-02-14T21:00:00+00:00,MOLN.SW,BUY,5596.0000,145.3800
2025-02-14T21:00:00+00:00,PLTR,SELL,1677.0000,1879.3300
2025-02-14T21:00:00+00:00,PRQR,SELL,181.0000,423.4000
2025-02-14T21:00:00+00:00,QSI,BUY,3963.0000,310.9000
2025-02-14T21:00:00+00:00,RR.L,SELL,350.0000,942.9300
2025-02-14T21:00:00+00:00,SEYE.ST,BUY,7879.0000,136.6800
2025-02-14T21:00:00+00:00,SGLN.L,SELL,587.0000,187.7700
2025-02-14T21:00:00+00:00,SHEL.L,BUY,84.0000,243.4200
2025-02-14T21:00:00+00:00,SLX.AX,BUY,975.0000,721.1700
2025-02-14T21:00:00+00:00,SMGB.L,BUY,1129.0000,234.4300
2025-02-14T21:00:00+00:00,VUL.AX,BUY,8208.0000,197.0600
2025-02-14T21:00:00+00:00,VYGR,BUY,4949.0000,185.4900
2025-02-14T21:00:00+00:00,WBT.AX,BUY,5607.0000,166.0600
2025-03-17T21:00:00+00:00,AL3.AX,BUY,1177.0000,264.8400
2025-03-17T21:00:00+00:00,ALCLS.PA,BUY,5003.0000,126.6700
2025-03-17T21:00:00+00:00,ALMDT.PA,SELL,679.0000,216.9900
2025-03-17T21:00:00+00:00,AXE.AX,BUY,2794.0000,159.4100
2025-03-17T21:00:00+00:00,AZN.L,SELL,3053.0000,191.4400
2025-03-17T21:00:00+00:00,BGO.L,BUY,3034.0000,142.1100
2025-03-17T21:00:00+00:00,BRK-B,SELL,2924.0000,245.6600
2025-03-17T21:00:00+00:00,BRNT.L,SELL,348.0000,253.2100
2025-03-17T21:00:00+00:00,DBMG.L,SELL,934.0000,136.8400
2025-03-17T21:00:00+00:00,EDIT,SELL,2822.0000,141.7000
2025-03-17T21:00:00+00:00,EMV.AX,BUY,2124.0000,149.6000
2025-03-17T21:00:00+00:00,FTC.L,SELL,301.0000,1442.9500
2025-03-17T21:00:00+00:00,GSIT,BUY,4269.0000,174.2700
2025-03-17T21:00:00+00:00,HSBA.L,SELL,2022.0000,310.2400
2025-03-17T21:00:00+00:00,IBTM.L,SELL,3539.0000,105.8500
2025-03-17T21:00:00+00:00,IDN,SELL,511.0000,161.4400
2025-03-17T21:00:00+00:00,IITU.L,BUY,1037.0000,206.9300
2025-03-17T21:00:00+00:00,IPWR,BUY,5729.0000,181.4600
2025-03-17T21:00:00+00:00,ISF.L,SELL,2816.0000,157.5300
2025-03-17T21:00:00+00:00,LTBR,BUY,2624.0000,417.7800
2025-03-17T21:00:00+00:00,MOLN.SW,BUY,3528.0000,119.2700
2025-03-17T21:00:00+00:00,PLTR,BUY,699.0000,1338.5200
2025-03-17T21:00:00+00:00,PRQR,BUY,3729.0000,288.9800
2025-03-17T21:00:00+00:00,QSI,BUY,1614.0000,255.6000
2025-03-17T21:00:00+00:00,RR.L,SELL,1474.0000,1210.1400
2025-03-17T21:00:00+00:00,SEYE.ST,SELL,8827.0000,166.3500
2025-03-17T21:00:00+00:00,SGLN.L,SELL,2424.0000,188.6700
2025-03-17T21:00:00+00:00,SHEL.L,SELL,1798.0000,243.6000
2025-03-17T21:00:00+00:00,SLX.AX,BUY,1498.0000,534.1500
2025-03-17T21:00:00+00:00,SMGB.L,BUY,620.0000,206.7300
2025-03-17T21:00:00+00:00,VUL.AX,SELL,3954.0000,214.1100
2025-03-17T21:00:00+00:00,VYGR,BUY,439.0000,165.7300
2025-03-17T21:00:00+00:00,WBT.AX,BUY,578.0000,147.9300
2025-04-15T21:00:00+00:00,AL3.AX,SELL,3656.0000,319.5900
2025-04-15T21:00:00+00:00,ALCLS.PA,SELL,8011.0000,155.0000
2025-04-15T21:00:00+00:00,ALMDT.PA,SELL,1185.0000,216.1000
2025-04-15T21:00:00+00:00,AXE.AX,BUY,3776.0000,131.0900
2025-04-15T21:00:00+00:00,AZN.L,BUY,1914.0000,165.3300
2025-04-15T21:00:00+00:00,BGO.L,SELL,1569.0000,140.3500
2025-04-15T21:00:00+00:00,BRK-B,SELL,968.0000,243.4900
2025-04-15T21:00:00+00:00,BRNT.L,BUY,772.0000,226.9400
2025-04-15T21:00:00+00:00,DBMG.L,SELL,1185.0000,133.1700
2025-04-15T21:00:00+00:00,EDIT,SELL,97.0000,133.1600
2025-04-15T21:00:00+00:00,EMV.AX,SELL,1894.0000,149.9500
2025-04-15T21:00:00+00:00,FTC.L,BUY,51.0000,1328.8600
2025-04-15T21:00:00+00:00,GSIT,SELL,2229.0000,179.3400
2025-04-15T21:00:00+00:00,HSBA.L,BUY,688.0000,276.9400
2025-04-15T21:00:00+00:00,IBTM.L,SELL,1853.0000,103.8600
2025-04-15T21:00:00+00:00,IDN,SELL,1117.0000,157.8000
2025-04-15T21:00:00+00:00,IITU.L,BUY,63.0000,193.2500
2025-04-15T21:00:00+00:00,IPWR,BUY,286.0000,167.9700
2025-04-15T21:00:00+00:00,ISF.L,SELL,552.0000,150.5900
2025-04-15T21:00:00+00:00,LTBR,BUY,2277.0000,320.8500
2025-04-15T21:00:00+00:00,MOLN.SW,SELL,1866.0000,117.7800
2025-04-15T21:00:00+00:00,PLTR,SELL,494.0000,1479.9300
2025-04-15T21:00:00+00:00,PRQR,BUY,5443.0000,198.5400
2025-04-15T21:00:00+00:00,QSI,BUY,4746.0000,187.0100
2025-04-15T21:00:00+00:00,RR.L,BUY,93.0000,1104.7700
2025-04-15T21:00:00+00:00,SEYE.ST,SELL,1587.0000,165.9500
2025-04-15T21:00:00+00:00,SGLN.L,SELL,2605.0000,199.3700
2025-04-15T21:00:00+00:00,SHEL.L,BUY,1013.0000,215.8800
2025-04-15T21:00:00+00:00,SLX.AX,BUY,2659.0000,376.7600
2025-04-15T21:00:00+00:00,SMGB.L,BUY,1389.0000,181.6000
2025-04-15T21:00:00+00:00,VUL.AX,SELL,988.0000,210.8700
2025-04-15T21:00:00+00:00,VYGR,BUY,4089.0000,134.2300
2025-04-15T21:00:00+00:00,WBT.AX,BUY,2618.0000,127.1900
2025-05-19T21:00:00+00:00,AL3.AX,BUY,1987.0000,300.8600
2025-05-19T21:00:00+00:00,ALCLS.PA,BUY,4429.0000,144.3400
2025-05-19T21:00:00+00:00,ALMDT.PA,BUY,5329.0000,183.2600
2025-05-19T21:00:00+00:00,AXE.AX,BUY,1368.0000,136.7000
2025-05-19T21:00:00+00:00,AZN.L,BUY,1945.0000,166.8000
2025-05-19T21:00:00+00:00,BGO.L,SELL,926.0000,157.8900
2025-05-19T21:00:00+00:00,BRK-B,BUY,2225.0000,233.8900
2025-05-19T21:00:00+00:00,BRNT.L,BUY,1322.0000,230.0900
2025-05-19T21:00:00+00:00,DBMG.L,BUY,3200.0000,131.2200
2025-05-19T21:00:00+00:00,EDIT,SELL,110.0000,145.5200
2025-05-19T21:00:00+00:00,EMV.AX,BUY,4698.0000,139.1100
2025-05-19T21:00:00+00:00,FTC.L,SELL,355.0000,1637.5800
2025-05-19T21:00:00+00:00,GSIT,SELL,1243.0000,206.6500
2025-05-19T21:00:00+00:00,HSBA.L,SELL,590.0000,314.2300
2025-05-19T21:00:00+00:00,IBTM.L,BUY,4102.0000,102.3400
2025-05-19T21:00:00+00:00,IDN,SELL,4949.0000,212.8300
2025-05-19T21:00:00+00:00,IITU.L,SELL,999.0000,220.9600
2025-05-19T21:00:00+00:00,IPWR,SELL,543.0000,187.1100
2025-05-19T21:00:00+00:00,ISF.L,BUY,762.0000,159.4600
2025-05-19T21:00:00+00:00,LTBR,SELL,2600.0000,439.8800
2025-05-19T21:00:00+00:00,MOLN.SW,BUY,4219.0000,114.2500
2025-05-19T21:00:00+00:00,PLTR,SELL,393.0000,1881.2900
2025-05-19T21:00:00+00:00,PRQR,SELL,4792.0000,282.4900
2025-05-19T21:00:00+00:00,QSI,SELL,881.0000,212.2600
2025-05-19T21:00:00+00:00,RR.L,SELL,129.0000,1247.1000
2025-05-19T21:00:00+00:00,SEYE.ST,SELL,3746.0000,213.4200
2025-05-19T21:00:00+00:00,SGLN.L,BUY,1968.0000,197.9400
2025-05-19T21:00:00+00:00,SHEL.L,BUY,623.0000,227.5300
2025-05-19T21:00:00+00:00,SLX.AX,SELL,8.0000,410.5300
2025-05-19T21:00:00+00:00,SMGB.L,SELL,1707.0000,214.1200
2025-05-19T21:00:00+00:00,VUL.AX,BUY,2589.0000,202.3700
2025-05-19T21:00:00+00:00,VYGR,BUY,881.0000,142.0200
2025-05-19T21:00:00+00:00,WBT.AX,BUY,2894.0000,126.9700
2025-06-18T21:00:00+00:00,AL3.AX,BUY,2481.0000,271.2400
2025-06-18T21:00:00+00:00,ALCLS.PA,BUY,3878.0000,135.0100
2025-06-18T21:00:00+00:00,ALMDT.PA,BUY,22440.0000,100.0000
2025-06-18T21:00:00+00:00,AXE.AX,BUY,2990.0000,131.8700
2025-06-18T21:00:00+00:00,AZN.L,BUY,961.0000,169.6400
2025-06-18T21:00:00+00:00,BGO.L,BUY,711.0000,162.2800
2025-06-18T21:00:00+00:00,BRK-B,BUY,2333.0000,219.4000
2025-06-18T21:00:00+00:00,BRNT.L,SELL,1482.0000,262.8000
2025-06-18T21:00:00+00:00,DBMG.L,BUY,1359.0000,132.9300
2025-06-18T21:00:00+00:00,EDIT,SELL,9875.0000,227.3900
2025-06-18T21:00:00+00:00,EMV.AX,SELL,200.0000,147.5500
2025-06-18T21:00:00+00:00,FTC.L,SELL,582.0000,2201.3400
2025-06-18T21:00:00+00:00,GSIT,BUY,2081.0000,198.4700
2025-06-18T21:00:00+00:00,HSBA.L,BUY,870.0000,311.8800
2025-06-18T21:00:00+00:00,IBTM.L,BUY,2006.0000,103.0700
2025-06-18T21:00:00+00:00,IDN,SELL,6857.0000,335.0800
2025-06-18T21:00:00+00:00,IITU.L,BUY,521.0000,226.9600
2025-06-18T21:00:00+00:00,IPWR,BUY,4833.0000,163.6800
2025-06-18T21:00:00+00:00,ISF.L,BUY,957.0000,162.4500
2025-06-18T21:00:00+00:00,LTBR,SELL,1642.0000,554.3100
2025-06-18T21:00:00+00:00,MOLN.SW,BUY,3628.0000,110.0800
2025-06-18T21:00:00+00:00,PLTR,SELL,93.0000,2064.9400
2025-06-18T21:00:00+00:00,PRQR,SELL,974.0000,317.5200
2025-06-18T21:00:00+00:00,QSI,SELL,2971.0000,261.0100
2025-06-18T21:00:00+00:00,RR.L,SELL,110.0000,1356.4100
2025-06-18T21:00:00+00:00,SEYE.ST,BUY,2630.0000,199.5700
2025-06-18T21:00:00+00:00,SGLN.L,BUY,305.0000,205.8100
2025-06-18T21:00:00+00:00,SHEL.L,SELL,441.0000,245.3800
2025-06-18T21:00:00+00:00,SLX.AX,SELL,2119.0000,538.9000
2025-06-18T21:00:00+00:00,SMGB.L,SELL,269.0000,228.6600
2025-06-18T21:00:00+00:00,VUL.AX,BUY,5804.0000,168.4700
2025-06-18T21:00:00+00:00,VYGR,BUY,6228.0000,124.7000
2025-06-18T21:00:00+00:00,WBT.AX,BUY,2469.0000,124.9500
2025-07-17T21:00:00+00:00,AL3.AX,SELL,8511.0000,617.8000
2025-07-17T21:00:00+00:00,ALCLS.PA,SELL,3913.0000,174.7900
2025-07-17T21:00:00+00:00,ALMDT.PA,SELL,16692.0000,178.9700
2025-07-17T21:00:00+00:00,AXE.AX,SELL,472.0000,153.3900
2025-07-17T21:00:00+00:00,AZN.L,BUY,4772.0000,165.8400
2025-07-17T21:00:00+00:00,BGO.L,BUY,7349.0000,148.2500
2025-07-17T21:00:00+00:00,BRK-B,BUY,3700.0000,214.3900
2025-07-17T21:00:00+00:00,BRNT.L,BUY,3823.0000,248.0500
2025-07-17T21:00:00+00:00,DBMG.L,BUY,4729.0000,134.4000
2025-07-17T21:00:00+00:00,EDIT,SELL,275.0000,264.5300
2025-07-17T21:00:00+00:00,EMV.AX,BUY,4973.0000,146.2700
2025-07-17T21:00:00+00:00,FTC.L,BUY,283.0000,2228.1900
2025-07-17T21:00:00+00:00,GSIT,SELL,7524.0000,335.4300
2025-07-17T21:00:00+00:00,HSBA.L,BUY,1138.0000,332.5600
2025-07-17T21:00:00+00:00,IBTM.L,BUY,6551.0000,103.3000
2025-07-17T21:00:00+00:00,IDN,BUY,1937.0000,337.4700
2025-07-17T21:00:00+00:00,IITU.L,BUY,997.0000,248.4000
2025-07-17T21:00:00+00:00,IPWR,SELL,3257.0000,212.1600
2025-07-17T21:00:00+00:00,ISF.L,BUY,3734.0000,164.9400
2025-07-17T21:00:00+00:00,LTBR,BUY,37.0000,633.3600
2025-07-17T21:00:00+00:00,MOLN.SW,BUY,6975.0000,108.4400
2025-07-17T21:00:00+00:00,PLTR,BUY,94.0000,2275.1400
2025-07-17T21:00:00+00:00,PRQR,SELL,1079.0000,393.3600
2025-07-17T21:00:00+00:00,QSI,BUY,1818.0000,271.8300
2025-07-17T21:00:00+00:00,RR.L,BUY,43.0000,1537.5600
2025-07-17T21:00:00+00:00,SEYE.ST,BUY,1545.0000,214.8000
2025-07-17T21:00:00+00:00,SGLN.L,BUY,3633.0000,203.5000
2025-07-17T21:00:00+00:00,SHEL.L,BUY,3284.0000,240.0400
2025-07-17T21:00:00+00:00,SLX.AX,BUY,596.0000,578.5100
2025-07-17T21:00:00+00:00,SMGB.L,BUY,901.0000,251.2900
2025-07-17T21:00:00+00:00,VUL.AX,BUY,3912.0000,169.3600
2025-07-17T21:00:00+00:00,VYGR,BUY,3059.0000,132.2700
2025-07-17T21:00:00+00:00,WBT.AX,SELL,4614.0000,163.6800
2025-08-15T21:00:00+00:00,AL3.AX,SELL,76.0000,629.8600
2025-08-15T21:00:00+00:00,ALCLS.PA,SELL,11177.0000,278.5300
2025-08-15T21:00:00+00:00,ALMDT.PA,SELL,6116.0000,227.4800
2025-08-15T21:00:00+00:00,AXE.AX,SELL,2415.0000,166.5600
2025-08-15T21:00:00+00:00,AZN.L,SELL,3455.0000,187.7300
2025-08-15T21:00:00+00:00,BGO.L,SELL,868.0000,153.5100
2025-08-15T21:00:00+00:00,BRK-B,BUY,285.0000,214.2000
2025-08-15T21:00:00+00:00,BRNT.L,BUY,926.0000,240.3200
2025-08-15T21:00:00+00:00,DBMG.L,BUY,503.0000,134.1200
2025-08-15T21:00:00+00:00,EDIT,SELL,1643.0000,291.0000
2025-08-15T21:00:00+00:00,EMV.AX,BUY,1292.0000,142.7600
2025-08-15T21:00:00+00:00,FTC.L,BUY,357.0000,1959.7300
2025-08-15T21:00:00+00:00,GSIT,BUY,11301.0000,198.2400
2025-08-15T21:00:00+00:00,HSBA.L,SELL,61.0000,337.3500
2025-08-15T21:00:00+00:00,IBTM.L,BUY,378.0000,103.6300
2025-08-15T21:00:00+00:00,IDN,BUY,1178.0000,317.4100
2025-08-15T21:00:00+00:00,IITU.L,SELL,183.0000,253.1700
2025-08-15T21:00:00+00:00,IPWR,BUY,3038.0000,191.3000
2025-08-15T21:00:00+00:00,ISF.L,SELL,440.0000,168.9700
2025-08-15T21:00:00+00:00,LTBR,SELL,516.0000,681.7300
2025-08-15T21:00:00+00:00,MOLN.SW,BUY,3491.0000,102.3300
2025-08-15T21:00:00+00:00,PLTR,SELL,268.0000,2594.4800
2025-08-15T21:00:00+00:00,PRQR,BUY,2629.0000,333.0200
2025-08-15T21:00:00+00:00,QSI,BUY,13494.0000,162.8400
2025-08-15T21:00:00+00:00,RR.L,SELL,187.0000,1641.8300
2025-08-15T21:00:00+00:00,SEYE.ST,BUY,2368.0000,198.1900
2025-08-15T21:00:00+00:00,SGLN.L,BUY,544.0000,201.4700
2025-08-15T21:00:00+00:00,SHEL.L,SELL,244.0000,245.2600
2025-08-15T21:00:00+00:00,SLX.AX,BUY,1250.0000,514.9100
2025-08-15T21:00:00+00:00,SMGB.L,BUY,240.0000,251.1000
2025-08-15T21:00:00+00:00,VUL.AX,SELL,132.0000,171.8600
2025-08-15T21:00:00+00:00,VYGR,SELL,4840.0000,151.8700
2025-08-15T21:00:00+00:00,WBT.AX,SELL,3636.0000,186.1500
2025-09-16T21:00:00+00:00,AL3.AX,BUY,1780.0000,551.5600
2025-09-16T21:00:00+00:00,ALCLS.PA,SELL,252.0000,298.4500
2025-09-16T21:00:00+00:00,ALMDT.PA,SELL,732.0000,248.2300
2025-09-16T21:00:00+00:00,AXE.AX,BUY,8591.0000,139.2300
2025-09-16T21:00:00+00:00,AZN.L,BUY,2313.0000,183.7500
2025-09-16T21:00:00+00:00,BGO.L,SELL,7111.0000,203.5100
2025-09-16T21:00:00+00:00,BRK-B,BUY,839.0000,219.2300
2025-09-16T21:00:00+00:00,BRNT.L,BUY,511.0000,248.5000
2025-09-16T21:00:00+00:00,DBMG.L,BUY,858.0000,138.8800
2025-09-16T21:00:00+00:00,EDIT,BUY,2565.0000,270.3500
2025-09-16T21:00:00+00:00,EMV.AX,SELL,8286.0000,193.3600
2025-09-16T21:00:00+00:00,FTC.L,BUY,350.0000,1838.9300
2025-09-16T21:00:00+00:00,GSIT,BUY,13.0000,209.5500
2025-09-16T21:00:00+00:00,HSBA.L,SELL,138.0000,359.8800
2025-09-16T21:00:00+00:00,IBTM.L,BUY,2124.0000,105.3000
2025-09-16T21:00:00+00:00,IDN,SELL,167.0000,339.0000
2025-09-16T21:00:00+00:00,IITU.L,BUY,826.0000,257.7500
2025-09-16T21:00:00+00:00,IPWR,BUY,1955.0000,189.2000
2025-09-16T21:00:00+00:00,ISF.L,BUY,1632.0000,170.0100
2025-09-16T21:00:00+00:00,LTBR,BUY,1061.0000,635.7600
2025-09-16T21:00:00+00:00,MOLN.SW,BUY,3320.0000,101.8100
2025-09-16T21:00:00+00:00,PLTR,BUY,222.0000,2480.1000
2025-09-16T21:00:00+00:00,PRQR,BUY,1543.0000,321.5700
2025-09-16T21:00:00+00:00,QSI,SELL,4000.0000,195.8500
2025-09-16T21:00:00+00:00,RR.L,BUY,16.0000,1728.2000
2025-09-16T21:00:00+00:00,SEYE.ST,SELL,6035.0000,269.2800
2025-09-16T21:00:00+00:00,SGLN.L,SELL,914.0000,220.5900
2025-09-16T21:00:00+00:00,SHEL.L,BUY,1285.0000,245.0700
2025-09-16T21:00:00+00:00,SLX.AX,SELL,583.0000,576.6100
2025-09-16T21:00:00+00:00,SMGB.L,BUY,433.0000,260.3200
2025-09-16T21:00:00+00:00,VUL.AX,SELL,3254.0000,202.7700
2025-09-16T21:00:00+00:00,VYGR,SELL,2377.0000,172.1300
2025-09-16T21:00:00+00:00,WBT.AX,SELL,2940.0000,219.0800
2025-10-15T21:00:00+00:00,AL3.AX,BUY,3644.0000,486.9900
2025-10-15T21:00:00+00:00,ALCLS.PA,SELL,2153.0000,401.5100
2025-10-15T21:00:00+00:00,ALMDT.PA,BUY,2016.0000,272.4700
2025-10-15T21:00:00+00:00,AXE.AX,SELL,7312.0000,202.3200
2025-10-15T21:00:00+00:00,AZN.L,BUY,2216.0000,204.7700
2025-10-15T21:00:00+00:00,BGO.L,BUY,11386.0000,172.8100
2025-10-15T21:00:00+00:00,BRK-B,BUY,4075.0000,226.3100
2025-10-15T21:00:00+00:00,BRNT.L,BUY,6353.0000,232.4000
2025-10-15T21:00:00+00:00,DBMG.L,BUY,4851.0000,148.3000
2025-10-15T21:00:00+00:00,EDIT,SELL,3905.0000,396.0400
2025-10-15T21:00:00+00:00,EMV.AX,BUY,16337.0000,148.6000
2025-10-15T21:00:00+00:00,FTC.L,BUY,847.0000,1724.8300
2025-10-15T21:00:00+00:00,GSIT,SELL,6905.0000,335.1600
2025-10-15T21:00:00+00:00,HSBA.L,BUY,3322.0000,355.2400
2025-10-15T21:00:00+00:00,IBTM.L,BUY,9008.0000,107.8000
2025-10-15T21:00:00+00:00,IDN,BUY,5643.0000,303.1300
2025-10-15T21:00:00+00:00,IITU.L,BUY,2904.0000,272.0500
2025-10-15T21:00:00+00:00,IPWR,BUY,4837.0000,194.6700
2025-10-15T21:00:00+00:00,ISF.L,BUY,5527.0000,174.2800
2025-10-15T21:00:00+00:00,LTBR,SELL,3135.0000,1166.4600
2025-10-15T21:00:00+00:00,MOLN.SW,BUY,8339.0000,105.8100
2025-10-15T21:00:00+00:00,PLTR,BUY,249.0000,2671.6400
2025-10-15T21:00:00+00:00,PRQR,SELL,2510.0000,447.1500
2025-10-15T21:00:00+00:00,QSI,SELL,11910.0000,395.4500
2025-10-15T21:00:00+00:00,RR.L,BUY,704.0000,1700.6800
2025-10-15T21:00:00+00:00,SEYE.ST,BUY,3291.0000,278.2800
2025-10-15T21:00:00+00:00,SGLN.L,BUY,761.0000,255.8400
2025-10-15T21:00:00+00:00,SHEL.L,BUY,3952.0000,250.1400
2025-10-15T21:00:00+00:00,SLX.AX,SELL,3177.0000,1013.8400
2025-10-15T21:00:00+00:00,SMGB.L,BUY,621.0000,302.2300
2025-10-15T21:00:00+00:00,VUL.AX,SELL,9027.0000,356.3900
2025-10-15T21:00:00+00:00,VYGR,SELL,2011.0000,218.7700
2025-10-15T21:00:00+00:00,WBT.AX,SELL,3729.0000,305.2600
2025-11-13T21:00:00+00:00,AL3.AX,BUY,4377.0000,362.8100
2025-11-13T21:00:00+00:00,ALCLS.PA,BUY,1494.0000,360.9500
2025-11-13T21:00:00+00:00,ALMDT.PA,SELL,225.0000,268.9200
2025-11-13T21:00:00+00:00,AXE.AX,BUY,740.0000,193.6300
2025-11-13T21:00:00+00:00,AZN.L,SELL,2779.0000,218.5300
2025-11-13T21:00:00+00:00,BGO.L,BUY,3253.0000,156.1400
2025-11-13T21:00:00+00:00,BRK-B,SELL,2035.0000,237.3900
2025-11-13T21:00:00+00:00,BRNT.L,SELL,1738.0000,241.6300
2025-11-13T21:00:00+00:00,DBMG.L,SELL,2541.0000,153.5400
2025-11-13T21:00:00+00:00,EDIT,BUY,9301.0000,251.4300
2025-11-13T21:00:00+00:00,EMV.AX,SELL,3718.0000,158.1700
2025-11-13T21:00:00+00:00,FTC.L,SELL,131.0000,1744.9700
2025-11-13T21:00:00+00:00,GSIT,SELL,6475.0000,481.0200
2025-11-13T21:00:00+00:00,HSBA.L,SELL,2733.0000,405.1900
2025-11-13T21:00:00+00:00,IBTM.L,SELL,2150.0000,109.1500
2025-11-13T21:00:00+00:00,IDN,SELL,5931.0000,402.7500
2025-11-13T21:00:00+00:00,IITU.L,SELL,1356.0000,281.3100
2025-11-13T21:00:00+00:00,IPWR,BUY,12738.0000,139.6000
2025-11-13T21:00:00+00:00,ISF.L,SELL,2483.0000,182.0200
2025-11-13T21:00:00+00:00,LTBR,BUY,2698.0000,780.4300
2025-11-13T21:00:00+00:00,MOLN.SW,SELL,9850.0000,122.1800
2025-11-13T21:00:00+00:00,PLTR,BUY,14.0000,2598.1800
2025-11-13T21:00:00+00:00,PRQR,BUY,3189.0000,361.6600
2025-11-13T21:00:00+00:00,QSI,BUY,14192.0000,212.0900
2025-11-13T21:00:00+00:00,RR.L,SELL,116.0000,1712.9100
2025-11-13T21:00:00+00:00,SEYE.ST,BUY,794.0000,263.6300
2025-11-13T21:00:00+00:00,SGLN.L,SELL,1064.0000,260.6400
2025-11-13T21:00:00+00:00,SHEL.L,SELL,2396.0000,268.2500
2025-11-13T21:00:00+00:00,SLX.AX,SELL,1519.0000,1281.3000
2025-11-13T21:00:00+00:00,SMGB.L,SELL,1103.0000,310.8100
2025-11-13T21:00:00+00:00,VUL.AX,BUY,1122.0000,329.2600
2025-11-13T21:00:00+00:00,VYGR,BUY,8756.0000,167.0200
2025-11-13T21:00:00+00:00,WBT.AX,SELL,411.0000,304.1700
2025-12-12T21:00:00+00:00,AL3.AX,BUY,742.0000,341.8300
2025-12-12T21:00:00+00:00,ALCLS.PA,SELL,4226.0000,458.8000
2025-12-12T21:00:00+00:00,ALMDT.PA,SELL,583.0000,269.9500
2025-12-12T21:00:00+00:00,AXE.AX,SELL,195.0000,190.8800
2025-12-12T21:00:00+00:00,AZN.L,SELL,492.0000,217.7200
2025-12-12T21:00:00+00:00,BGO.L,SELL,1765.0000,159.6500
2025-12-12T21:00:00+00:00,BRK-B,BUY,759.0000,226.5700
2025-12-12T21:00:00+00:00,BRNT.L,BUY,795.0000,230.2100
2025-12-12T21:00:00+00:00,DBMG.L,SELL,492.0000,152.2300
2025-12-12T21:00:00+00:00,EDIT,BUY,100.0000,245.5300
2025-12-12T21:00:00+00:00,EMV.AX,BUY,1655.0000,149.1800
2025-12-12T21:00:00+00:00,FTC.L,SELL,416.0000,1919.4600
2025-12-12T21:00:00+00:00,GSIT,BUY,4269.0000,360.4400
2025-12-12T21:00:00+00:00,HSBA.L,SELL,207.0000,402.2300
2025-12-12T21:00:00+00:00,IBTM.L,SELL,385.0000,107.6700
2025-12-12T21:00:00+00:00,IDN,SELL,1172.0000,424.8800
2025-12-12T21:00:00+00:00,IITU.L,BUY,98.0000,274.6100
2025-12-12T21:00:00+00:00,IPWR,SELL,5578.0000,154.9400
2025-12-12T21:00:00+00:00,ISF.L,SELL,267.0000,179.7300
2025-12-12T21:00:00+00:00,LTBR,BUY,1385.0000,658.1900
2025-12-12T21:00:00+00:00,MOLN.SW,SELL,1740.0000,123.7100
2025-12-12T21:00:00+00:00,PLTR,SELL,160.0000,2716.3500
2025-12-12T21:00:00+00:00,PRQR,SELL,1347.0000,382.4700
2025-12-12T21:00:00+00:00,QSI,BUY,2430.0000,192.9700
2025-12-12T21:00:00+00:00,RR.L,BUY,7.0000,1676.2200
2025-12-12T21:00:00+00:00,SEYE.ST,BUY,1112.0000,247.5300
2025-12-12T21:00:00+00:00,SGLN.L,SELL,635.0000,261.9900
2025-12-12T21:00:00+00:00,SHEL.L,BUY,1077.0000,252.0200
2025-12-12T21:00:00+00:00,SLX.AX,BUY,411.0000,1163.9900
2025-12-12T21:00:00+00:00,SMGB.L,SELL,748.0000,315.6800
2025-12-12T21:00:00+00:00,VUL.AX,BUY,14112.0000,190.1600
2025-12-12T21:00:00+00:00,VYGR,SELL,3732.0000,180.6100
2025-12-12T21:00:00+00:00,WBT.AX,SELL,1053.0000,313.2100
2026-01-15T21:00:00+00:00,AL3.AX,SELL,1517.0000,383.0200
2026-01-15T21:00:00+00:00,ALCLS.PA,BUY,2822.0000,395.0100
2026-01-15T21:00:00+00:00,ALMDT.PA,SELL,5235.0000,355.3500
2026-01-15T21:00:00+00:00,AXE.AX,SELL,3151.0000,216.8800
2026-01-15T21:00:00+00:00,AZN.L,SELL,337.0000,227.1500
2026-01-15T21:00:00+00:00,BGO.L,BUY,4274.0000,149.1200
2026-01-15T21:00:00+00:00,BRK-B,BUY,1446.0000,222.5700
2026-01-15T21:00:00+00:00,BRNT.L,SELL,386.0000,240.7600
2026-01-15T21:00:00+00:00,DBMG.L,SELL,678.0000,159.5600
2026-01-15T21:00:00+00:00,EDIT,BUY,6748.0000,202.0400
2026-01-15T21:00:00+00:00,EMV.AX,BUY,47.0000,153.7300
2026-01-15T21:00:00+00:00,FTC.L,SELL,761.0000,2550.3400
2026-01-15T21:00:00+00:00,GSIT,SELL,4150.0000,482.2600
2026-01-15T21:00:00+00:00,HSBA.L,SELL,1180.0000,447.4500
2026-01-15T21:00:00+00:00,IBTM.L,BUY,1766.0000,107.9300
2026-01-15T21:00:00+00:00,IDN,BUY,2127.0000,385.0400
2026-01-15T21:00:00+00:00,IITU.L,BUY,596.0000,276.3700
2026-01-15T21:00:00+00:00,IPWR,BUY,14616.0000,118.6900
2026-01-15T21:00:00+00:00,ISF.L,SELL,960.0000,190.4400
2026-01-15T21:00:00+00:00,LTBR,SELL,886.0000,745.6000
2026-01-15T21:00:00+00:00,MOLN.SW,BUY,4318.0000,117.9700
2026-01-15T21:00:00+00:00,PLTR,BUY,177.0000,2610.0000
2026-01-15T21:00:00+00:00,PRQR,BUY,9004.0000,258.3500
2026-01-15T21:00:00+00:00,QSI,BUY,2916.0000,183.2800
2026-01-15T21:00:00+00:00,RR.L,SELL,435.0000,1946.0400
2026-01-15T21:00:00+00:00,SEYE.ST,SELL,2765.0000,285.2300
2026-01-15T21:00:00+00:00,SGLN.L,SELL,1002.0000,281.5800
2026-01-15T21:00:00+00:00,SHEL.L,BUY,234.0000,257.6500
2026-01-15T21:00:00+00:00,SLX.AX,BUY,1661.0000,926.4300
2026-01-15T21:00:00+00:00,SMGB.L,SELL,2107.0000,362.5700
2026-01-15T21:00:00+00:00,VUL.AX,SELL,2894.0000,214.2100
2026-01-15T21:00:00+00:00,VYGR,BUY,6877.0000,156.5500
2026-01-15T21:00:00+00:00,WBT.AX,SELL,2494.0000,366.9800
2026-02-13T21:00:00+00:00,AL3.AX,BUY,1644.0000,335.9000
2026-02-13T21:00:00+00:00,ALCLS.PA,BUY,558.0000,366.7900
2026-02-13T21:00:00+00:00,ALMDT.PA,SELL,5007.0000,463.0000
2026-02-13T21:00:00+00:00,AXE.AX,BUY,428.0000,205.1400
2026-02-13T21:00:00+00:00,AZN.L,SELL,3273.0000,244.8300
2026-02-13T21:00:00+00:00,BGO.L,BUY,2337.0000,135.9600
2026-02-13T21:00:00+00:00,BRK-B,SELL,1153.0000,221.8700
2026-02-13T21:00:00+00:00,BRNT.L,SELL,2639.0000,254.9000
2026-02-13T21:00:00+00:00,DBMG.L,SELL,2935.0000,164.4300
2026-02-13T21:00:00+00:00,EDIT,BUY,5128.0000,167.9200
2026-02-13T21:00:00+00:00,EMV.AX,SELL,3233.0000,159.1500
2026-02-13T21:00:00+00:00,FTC.L,SELL,199.0000,2644.3000
2026-02-13T21:00:00+00:00,GSIT,BUY,3074.0000,379.0500
2026-02-13T21:00:00+00:00,HSBA.L,SELL,640.0000,448.1000
2026-02-13T21:00:00+00:00,IBTM.L,SELL,2147.0000,107.1800
2026-02-13T21:00:00+00:00,IDN,BUY,3493.0000,307.7900
2026-02-13T21:00:00+00:00,IITU.L,BUY,687.0000,257.7500
2026-02-13T21:00:00+00:00,IPWR,SELL,2946.0000,120.0400
2026-02-13T21:00:00+00:00,ISF.L,SELL,2193.0000,194.6800
2026-02-13T21:00:00+00:00,LTBR,BUY,2793.0000,546.1500
2026-02-13T21:00:00+00:00,MOLN.SW,SELL,6162.0000,126.8000
2026-02-13T21:00:00+00:00,PLTR,BUY,799.0000,1911.7200
2026-02-13T21:00:00+00:00,PRQR,BUY,1341.0000,235.6200
2026-02-13T21:00:00+00:00,QSI,BUY,7571.0000,145.7400
2026-02-13T21:00:00+00:00,RR.L,SELL,137.0000,1942.9800
2026-02-13T21:00:00+00:00,SEYE.ST,BUY,2638.0000,246.0400
2026-02-13T21:00:00+00:00,SGLN.L,SELL,2463.0000,300.9900
2026-02-13T21:00:00+00:00,SHEL.L,SELL,2175.0000,269.4700
2026-02-13T21:00:00+00:00,SLX.AX,SELL,570.0000,963.9200
2026-02-13T21:00:00+00:00,SMGB.L,SELL,808.0000,363.4700
2026-02-13T21:00:00+00:00,VUL.AX,BUY,4914.0000,177.6600
2026-02-13T21:00:00+00:00,VYGR,BUY,4080.0000,137.1200
2026-02-13T21:00:00+00:00,WBT.AX,SELL,2054.0000,396.2300
2026-03-16T21:00:00+00:00,AL3.AX,BUY,3329.0000,297.2900
2026-03-16T21:00:00+00:00,ALCLS.PA,BUY,2069.0000,340.7800
2026-03-16T21:00:00+00:00,ALMDT.PA,BUY,2649.0000,404.0100
2026-03-16T21:00:00+00:00,AXE.AX,BUY,5073.0000,183.4400
2026-03-16T21:00:00+00:00,AZN.L,BUY,2149.0000,235.0500
2026-03-16T21:00:00+00:00,BGO.L,BUY,5956.0000,125.4400
2026-03-16T21:00:00+00:00,BRK-B,BUY,606.0000,225.6600
2026-03-16T21:00:00+00:00,BRNT.L,SELL,8529.0000,398.8300
2026-03-16T21:00:00+00:00,DBMG.L,SELL,195.0000,171.5700
2026-03-16T21:00:00+00:00,EDIT,SELL,11554.0000,249.1500
2026-03-16T21:00:00+00:00,EMV.AX,BUY,6068.0000,143.7500
2026-03-16T21:00:00+00:00,FTC.L,BUY,251.0000,2489.9300
2026-03-16T21:00:00+00:00,GSIT,SELL,6229.0000,620.1100
2026-03-16T21:00:00+00:00,HSBA.L,BUY,667.0000,444.6700
2026-03-16T21:00:00+00:00,IBTM.L,BUY,1368.0000,108.8100
2026-03-16T21:00:00+00:00,IDN,SELL,92.0000,320.9600
2026-03-16T21:00:00+00:00,IITU.L,BUY,451.0000,262.8700
2026-03-16T21:00:00+00:00,IPWR,BUY,2222.0000,119.6900
2026-03-16T21:00:00+00:00,ISF.L,BUY,1506.0000,193.3500
2026-03-16T21:00:00+00:00,LTBR,BUY,1775.0000,493.0500
2026-03-16T21:00:00+00:00,MOLN.SW,BUY,3319.0000,123.6000
2026-03-16T21:00:00+00:00,PLTR,SELL,443.0000,2284.2200
2026-03-16T21:00:00+00:00,PRQR,SELL,4450.0000,292.0200
2026-03-16T21:00:00+00:00,QSI,BUY,2666.0000,142.7300
2026-03-16T21:00:00+00:00,RR.L,BUY,243.0000,1880.3000
2026-03-16T21:00:00+00:00,SEYE.ST,BUY,9777.0000,186.1500
2026-03-16T21:00:00+00:00,SGLN.L,BUY,477.0000,305.7100
2026-03-16T21:00:00+00:00,SHEL.L,SELL,3234.0000,323.3900
2026-03-16T21:00:00+00:00,SLX.AX,BUY,2005.0000,770.3500
2026-03-16T21:00:00+00:00,SMGB.L,BUY,764.0000,361.8100
2026-03-16T21:00:00+00:00,VUL.AX,BUY,7107.0000,154.3000
2026-03-16T21:00:00+00:00,VYGR,SELL,9781.0000,179.6500
2026-03-16T21:00:00+00:00,WBT.AX,BUY,1400.0000,378.8500
2026-04-16T21:00:00+00:00,AL3.AX,SELL,6541.0000,440.3000
2026-04-16T21:00:00+00:00,ALCLS.PA,SELL,2603.0000,413.0400
2026-04-16T21:00:00+00:00,ALMDT.PA,BUY,233.0000,419.0400
2026-04-16T21:00:00+00:00,AXE.AX,BUY,1906.0000,183.3800
2026-04-16T21:00:00+00:00,AZN.L,BUY,471.0000,243.2000
2026-04-16T21:00:00+00:00,BGO.L,BUY,11388.0000,108.7700
2026-04-16T21:00:00+00:00,BRK-B,BUY,3461.0000,212.5900
2026-04-16T21:00:00+00:00,BRNT.L,BUY,1342.0000,388.4700
2026-04-16T21:00:00+00:00,DBMG.L,BUY,3270.0000,166.5200
2026-04-16T21:00:00+00:00,EDIT,SELL,4926.0000,320.7100
2026-04-16T21:00:00+00:00,EMV.AX,BUY,3369.0000,141.0100
2026-04-16T21:00:00+00:00,FTC.L,SELL,316.0000,2966.4400
2026-04-16T21:00:00+00:00,GSIT,BUY,6951.0000,397.0800
2026-04-16T21:00:00+00:00,HSBA.L,SELL,908.0000,497.6200
2026-04-16T21:00:00+00:00,IBTM.L,BUY,4368.0000,106.8700
2026-04-16T21:00:00+00:00,IDN,SELL,7349.0000,520.6200
2026-04-16T21:00:00+00:00,IITU.L,SELL,438.0000,281.3100
2026-04-16T21:00:00+00:00,IPWR,BUY,2704.0000,120.0900
2026-04-16T21:00:00+00:00,ISF.L,BUY,663.0000,199.5400
2026-04-16T21:00:00+00:00,LTBR,BUY,408.0000,503.4800
2026-04-16T21:00:00+00:00,MOLN.SW,BUY,4639.0000,119.7600
2026-04-16T21:00:00+00:00,PLTR,BUY,448.0000,2083.9600
2026-04-16T21:00:00+00:00,PRQR,SELL,630.0000,315.7800
2026-04-16T21:00:00+00:00,QSI,SELL,1027.0000,153.4700
2026-04-16T21:00:00+00:00,RR.L,BUY,124.0000,1911.1800
2026-04-16T21:00:00+00:00,SEYE.ST,SELL,677.0000,199.5300
2026-04-16T21:00:00+00:00,SGLN.L,BUY,2386.0000,290.0000
2026-04-16T21:00:00+00:00,SHEL.L,BUY,1270.0000,320.5000
2026-04-16T21:00:00+00:00,SLX.AX,SELL,600.0000,870.2500
2026-04-16T21:00:00+00:00,SMGB.L,SELL,1428.0000,412.2900
2026-04-16T21:00:00+00:00,VUL.AX,SELL,3816.0000,177.9000
2026-04-16T21:00:00+00:00,VYGR,BUY,6559.0000,160.7200
2026-04-16T21:00:00+00:00,WBT.AX,BUY,3597.0000,331.1900
2026-05-18T21:00:00+00:00,AL3.AX,BUY,2562.0000,401.5100
2026-05-18T21:00:00+00:00,ALCLS.PA,BUY,2954.0000,372.4600
2026-05-18T21:00:00+00:00,ALMDT.PA,BUY,99.0000,440.6400
2026-05-18T21:00:00+00:00,AXE.AX,BUY,4627.0000,173.1400
2026-05-18T21:00:00+00:00,AZN.L,BUY,4252.0000,224.3500
2026-05-18T21:00:00+00:00,BGO.L,BUY,5443.0000,106.1400
2026-05-18T21:00:00+00:00,BRK-B,BUY,294.0000,222.8800
2026-05-18T21:00:00+00:00,BRNT.L,SELL,2141.0000,465.8000
2026-05-18T21:00:00+00:00,DBMG.L,BUY,1060.0000,171.8300
2026-05-18T21:00:00+00:00,EDIT,BUY,8209.0000,247.0400
2026-05-18T21:00:00+00:00,EMV.AX,SELL,933.0000,151.9800
2026-05-18T21:00:00+00:00,FTC.L,SELL,1026.0000,5516.7800
2026-05-18T21:00:00+00:00,GSIT,SELL,4586.0000,566.1000
2026-05-18T21:00:00+00:00,HSBA.L,BUY,743.0000,500.1400
2026-05-18T21:00:00+00:00,IBTM.L,BUY,4362.0000,106.0300
2026-05-18T21:00:00+00:00,IDN,BUY,13572.0000,275.1400
2026-05-18T21:00:00+00:00,IITU.L,SELL,1622.0000,318.1100
2026-05-18T21:00:00+00:00,IPWR,SELL,23908.0000,214.1600
2026-05-18T21:00:00+00:00,ISF.L,BUY,2880.0000,195.1600
2026-05-18T21:00:00+00:00,LTBR,BUY,2033.0000,465.0700
2026-05-18T21:00:00+00:00,MOLN.SW,BUY,10064.0000,108.1900
2026-05-18T21:00:00+00:00,PLTR,BUY,324.0000,2012.0300
2026-05-18T21:00:00+00:00,PRQR,BUY,7580.0000,249.4000
2026-05-18T21:00:00+00:00,QSI,BUY,12088.0000,128.5300
2026-05-18T21:00:00+00:00,RR.L,BUY,507.0000,1777.2500
2026-05-18T21:00:00+00:00,SEYE.ST,SELL,8093.0000,273.6700
2026-05-18T21:00:00+00:00,SGLN.L,BUY,2617.0000,276.9400
2026-05-18T21:00:00+00:00,SHEL.L,BUY,1943.0000,311.5100
2026-05-18T21:00:00+00:00,SLX.AX,BUY,1036.0000,816.1200
2026-05-18T21:00:00+00:00,SMGB.L,SELL,2397.0000,507.1100
2026-05-18T21:00:00+00:00,VUL.AX,BUY,689.0000,184.9500
2026-05-18T21:00:00+00:00,VYGR,BUY,7169.0000,146.1300
2026-05-18T21:00:00+00:00,WBT.AX,SELL,7397.0000,536.5900
2026-06-17T21:00:00+00:00,AL3.AX,BUY,5561.0000,306.8100
2026-06-17T21:00:00+00:00,ALCLS.PA,BUY,4464.0000,302.3900
2026-06-17T21:00:00+00:00,ALMDT.PA,SELL,133.0000,440.8900
2026-06-17T21:00:00+00:00,AXE.AX,SELL,5378.0000,196.3800
2026-06-17T21:00:00+00:00,AZN.L,BUY,343.0000,220.4500
2026-06-17T21:00:00+00:00,BGO.L,SELL,2745.0000,109.6500
2026-06-17T21:00:00+00:00,BRK-B,SELL,148.0000,222.2400
2026-06-17T21:00:00+00:00,BRNT.L,BUY,4496.0000,361.0800
2026-06-17T21:00:00+00:00,DBMG.L,BUY,344.0000,169.2400
2026-06-17T21:00:00+00:00,EDIT,SELL,190.0000,246.8000
2026-06-17T21:00:00+00:00,EMV.AX,BUY,4879.0000,137.2400
2026-06-17T21:00:00+00:00,FTC.L,BUY,139.0000,4966.4400
2026-06-17T21:00:00+00:00,GSIT,BUY,2978.0000,458.4200
2026-06-17T21:00:00+00:00,HSBA.L,SELL,1134.0000,537.3100
2026-06-17T21:00:00+00:00,IBTM.L,SELL,1505.0000,107.5600
2026-06-17T21:00:00+00:00,IDN,BUY,960.0000,263.8000
2026-06-17T21:00:00+00:00,IITU.L,SELL,1042.0000,330.4700
2026-06-17T21:00:00+00:00,IPWR,BUY,419.0000,210.0800
2026-06-17T21:00:00+00:00,ISF.L,SELL,952.0000,198.6900
2026-06-17T21:00:00+00:00,LTBR,BUY,2723.0000,394.7100
2026-06-17T21:00:00+00:00,MOLN.SW,SELL,4287.0000,114.5200
2026-06-17T21:00:00+00:00,PLTR,BUY,134.0000,1927.8000
2026-06-17T21:00:00+00:00,PRQR,SELL,2825.0000,273.4000
2026-06-17T21:00:00+00:00,QSI,SELL,5456.0000,140.8300
2026-06-17T21:00:00+00:00,RR.L,SELL,728.0000,2134.0500
2026-06-17T21:00:00+00:00,SEYE.ST,SELL,372.0000,275.4400
2026-06-17T21:00:00+00:00,SGLN.L,BUY,924.0000,265.8200
2026-06-17T21:00:00+00:00,SHEL.L,BUY,1591.0000,289.9900
2026-06-17T21:00:00+00:00,SLX.AX,SELL,445.0000,851.6300
2026-06-17T21:00:00+00:00,SMGB.L,SELL,2636.0000,613.2600
2026-06-17T21:00:00+00:00,VUL.AX,BUY,1006.0000,179.1400
2026-06-17T21:00:00+00:00,VYGR,SELL,1194.0000,148.5400
2026-06-17T21:00:00+00:00,WBT.AX,SELL,2239.0000,634.8900
2026-07-16T21:00:00+00:00,AL3.AX,BUY,1108.0000,269.4300
2026-07-16T21:00:00+00:00,ALCLS.PA,BUY,2158.0000,255.2500
2026-07-16T21:00:00+00:00,ALMDT.PA,BUY,2529.0000,351.9700
2026-07-16T21:00:00+00:00,AXE.AX,BUY,15494.0000,127.8600
2026-07-16T21:00:00+00:00,AZN.L,SELL,677.0000,206.6400
2026-07-16T21:00:00+00:00,BGO.L,SELL,11354.0000,121.0500
2026-07-16T21:00:00+00:00,BRK-B,SELL,2571.0000,221.1800
2026-07-16T21:00:00+00:00,BRNT.L,SELL,2464.0000,376.9100
2026-07-16T21:00:00+00:00,DBMG.L,SELL,3671.0000,169.6700
2026-07-16T21:00:00+00:00,EDIT,SELL,5399.0000,276.3800
2026-07-16T21:00:00+00:00,EMV.AX,SELL,8330.0000,149.0500
2026-07-16T21:00:00+00:00,FTC.L,BUY,386.0000,3624.1600
2026-07-16T21:00:00+00:00,GSIT,BUY,4170.0000,334.6900
2026-07-16T21:00:00+00:00,HSBA.L,SELL,1605.0000,558.5400
2026-07-16T21:00:00+00:00,IBTM.L,SELL,4837.0000,106.2500
2026-07-16T21:00:00+00:00,IDN,BUY,636.0000,236.9300
2026-07-16T21:00:00+00:00,IITU.L,SELL,1128.0000,319.6100
2026-07-16T21:00:00+00:00,IPWR,BUY,8937.0000,153.9400
2026-07-16T21:00:00+00:00,ISF.L,SELL,3360.0000,200.5600
2026-07-16T21:00:00+00:00,LTBR,BUY,3665.0000,303.3100
2026-07-16T21:00:00+00:00,MOLN.SW,SELL,5962.0000,115.8600
2026-07-16T21:00:00+00:00,PLTR,SELL,384.0000,1967.2000
2026-07-16T21:00:00+00:00,PRQR,SELL,1997.0000,271.0800
2026-07-16T21:00:00+00:00,QSI,BUY,3560.0000,121.1500
2026-07-16T21:00:00+00:00,RR.L,SELL,256.0000,2116.2400
2026-07-16T21:00:00+00:00,SEYE.ST,SELL,1916.0000,272.3900
2026-07-16T21:00:00+00:00,SGLN.L,BUY,102.0000,243.2500
2026-07-16T21:00:00+00:00,SHEL.L,SELL,3012.0000,301.9400
2026-07-16T21:00:00+00:00,SLX.AX,BUY,1322.0000,679.0400
2026-07-16T21:00:00+00:00,SMGB.L,BUY,218.0000,553.2500
2026-07-16T21:00:00+00:00,VUL.AX,BUY,7265.0000,139.9500
2026-07-16T21:00:00+00:00,VYGR,BUY,5142.0000,123.6800
2026-07-16T21:00:00+00:00,WBT.AX,BUY,1334.0000,523.3100
2026-08-14T21:00:00+00:00,AL3.AX,BUY,7161.0000,218.0300
2026-08-14T21:00:00+00:00,ALCLS.PA,SELL,2784.0000,296.0400
2026-08-14T21:00:00+00:00,ALMDT.PA,SELL,1225.0000,390.3100
2026-08-14T21:00:00+00:00,AXE.AX,BUY,3857.0000,123.8300
2026-08-14T21:00:00+00:00,AZN.L,BUY,4507.0000,188.7900
2026-08-14T21:00:00+00:00,BGO.L,BUY,8244.0000,109.6500
2026-08-14T21:00:00+00:00,BRK-B,BUY,381.0000,226.9200
2026-08-14T21:00:00+00:00,BRNT.L,SELL,193.0000,395.7200
2026-08-14T21:00:00+00:00,DBMG.L,BUY,1241.0000,170.9400
2026-08-14T21:00:00+00:00,EDIT,BUY,1399.0000,271.6300
2026-08-14T21:00:00+00:00,EMV.AX,SELL,890.0000,157.8900
2026-08-14T21:00:00+00:00,FTC.L,BUY,179.0000,3436.2400
2026-08-14T21:00:00+00:00,GSIT,SELL,4200.0000,438.1600
2026-08-14T21:00:00+00:00,HSBA.L,BUY,129.0000,574.0300
2026-08-14T21:00:00+00:00,IBTM.L,BUY,2950.0000,105.5000
2026-08-14T21:00:00+00:00,IDN,BUY,10942.0000,178.2000
2026-08-14T21:00:00+00:00,IITU.L,SELL,373.0000,337.8800
2026-08-14T21:00:00+00:00,IPWR,SELL,7296.0000,191.5000
2026-08-14T21:00:00+00:00,ISF.L,BUY,621.0000,204.5700
2026-08-14T21:00:00+00:00,LTBR,SELL,2654.0000,357.3100
2026-08-14T21:00:00+00:00,MOLN.SW,BUY,393.0000,119.5400
2026-08-14T21:00:00+00:00,PLTR,SELL,694.0000,2556.2000
2026-08-14T21:00:00+00:00,PRQR,SELL,2509.0000,312.8300
2026-08-14T21:00:00+00:00,QSI,BUY,8161.0000,109.8700
2026-08-14T21:00:00+00:00,RR.L,SELL,240.0000,2375.1400
2026-08-14T21:00:00+00:00,SEYE.ST,SELL,2486.0000,314.1800
2026-08-14T21:00:00+00:00,SGLN.L,SELL,1263.0000,264.6000
2026-08-14T21:00:00+00:00,SHEL.L,SELL,451.0000,320.0200
2026-08-14T21:00:00+00:00,SLX.AX,SELL,629.0000,752.4800
2026-08-14T21:00:00+00:00,SMGB.L,BUY,350.0000,558.7700
2026-08-14T21:00:00+00:00,VUL.AX,SELL,1251.0000,149.2000
2026-08-14T21:00:00+00:00,VYGR,SELL,2089.0000,133.5300
2026-08-14T21:00:00+00:00,WBT.AX,BUY,6604.0000,360.4700
2026-09-15T21:00:00+00:00,AL3.AX,SELL,11291.0000,308.1900
2026-09-15T21:00:00+00:00,ALCLS.PA,BUY,20401.0000,147.0500
2026-09-15T21:00:00+00:00,ALMDT.PA,BUY,3442.0000,302.1200
2026-09-15T21:00:00+00:00,AXE.AX,BUY,4590.0000,105.5800
2026-09-15T21:00:00+00:00,AZN.L,SELL,4817.0000,199.5900
2026-09-15T21:00:00+00:00,BGO.L,SELL,5080.0000,109.6500
2026-09-15T21:00:00+00:00,BRK-B,SELL,3140.0000,232.4700
2026-09-15T21:00:00+00:00,BRNT.L,SELL,4698.0000,494.6100
2026-09-15T21:00:00+00:00,DBMG.L,SELL,4379.0000,176.1200
2026-09-15T21:00:00+00:00,EDIT,SELL,300.0000,253.1400
2026-09-15T21:00:00+00:00,EMV.AX,SELL,2738.0000,154.9200
2026-09-15T21:00:00+00:00,FTC.L,BUY,200.0000,2885.9100
2026-09-15T21:00:00+00:00,GSIT,BUY,5204.0000,305.1700
2026-09-15T21:00:00+00:00,HSBA.L,SELL,789.0000,565.0100
2026-09-15T21:00:00+00:00,IBTM.L,SELL,4348.0000,103.9300
2026-09-15T21:00:00+00:00,IDN,BUY,2618.0000,153.9900
2026-09-15T21:00:00+00:00,IITU.L,SELL,1310.0000,332.0500
2026-09-15T21:00:00+00:00,IPWR,BUY,5461.0000,153.6700
2026-09-15T21:00:00+00:00,ISF.L,SELL,2510.0000,203.2100
2026-09-15T21:00:00+00:00,LTBR,BUY,3531.0000,279.2900
2026-09-15T21:00:00+00:00,MOLN.SW,SELL,4408.0000,118.9900
2026-09-15T21:00:00+00:00,PLTR,SELL,195.0000,2532.5400
2026-09-15T21:00:00+00:00,PRQR,SELL,859.0000,299.5700
2026-09-15T21:00:00+00:00,QSI,SELL,3378.0000,106.8200
2026-09-15T21:00:00+00:00,RR.L,SELL,1.0000,2188.9500
2026-09-15T21:00:00+00:00,SEYE.ST,BUY,16377.0000,167.4900
2026-09-15T21:00:00+00:00,SGLN.L,SELL,1618.0000,259.4700
2026-09-15T21:00:00+00:00,SHEL.L,SELL,3593.0000,352.0700
2026-09-15T21:00:00+00:00,SLX.AX,BUY,844.0000,636.0800
2026-09-15T21:00:00+00:00,SMGB.L,SELL,134.0000,520.2300
2026-09-15T21:00:00+00:00,VUL.AX,BUY,9161.0000,115.1700
2026-09-15T21:00:00+00:00,VYGR,SELL,1294.0000,126.0900
2026-09-15T21:00:00+00:00,WBT.AX,BUY,6693.0000,247.5600
