ts,symbol,side,qty,price
2021-09-16T21:00:00+00:00,AL3.AX,BUY,7994.0000,364.2100
2021-09-16T21:00:00+00:00,ALCLS.PA,BUY,2325.0000,1252.0400
2021-09-16T21:00:00+00:00,ALMDT.PA,BUY,2288.0000,1272.2300
2021-09-16T21:00:00+00:00,AXE.AX,BUY,3292.0000,884.4600
2021-09-16T21:00:00+00:00,AZN.L,BUY,24111.0000,120.7600
2021-09-16T21:00:00+00:00,BGO.L,BUY,7527.0000,386.8400
2021-09-16T21:00:00+00:00,BRK-B,BUY,23925.0000,121.7000
2021-09-16T21:00:00+00:00,BRNT.L,BUY,19134.0000,152.1700
2021-09-16T21:00:00+00:00,DBMG.L,BUY,26412.0000,110.2400
2021-09-16T21:00:00+00:00,EDIT,BUY,508.0000,5723.8300
2021-09-16T21:00:00+00:00,EMV.AX,BUY,11035.0000,263.8600
2021-09-16T21:00:00+00:00,FTC.L,BUY,19281.0000,151.0100
2021-09-16T21:00:00+00:00,GSIT,BUY,8488.0000,343.0400
2021-09-16T21:00:00+00:00,HSBA.L,BUY,28396.0000,102.5400
2021-09-16T21:00:00+00:00,IBTM.L,BUY,26084.0000,111.6300
2021-09-16T21:00:00+00:00,IDN,BUY,5266.0000,552.9000
2021-09-16T21:00:00+00:00,IITU.L,BUY,23107.0000,126.0100
2021-09-16T21:00:00+00:00,IPWR,BUY,5321.0000,547.1600
2021-09-16T21:00:00+00:00,ISF.L,BUY,25847.0000,112.6500
2021-09-16T21:00:00+00:00,LTBR,BUY,13942.0000,208.8400
2021-09-16T21:00:00+00:00,MOLN.SW,BUY,5140.0000,566.4400
2021-09-16T21:00:00+00:00,MSCL.TO,BUY,4823.0000,603.7100
2021-09-16T21:00:00+00:00,PLTR,BUY,7108.0000,409.6300
2021-09-16T21:00:00+00:00,PRQR,BUY,2226.0000,1307.8400
2021-09-16T21:00:00+00:00,QSI,BUY,2340.0000,1243.8700
2021-09-16T21:00:00+00:00,RR.L,BUY,17685.0000,164.6400
2021-09-16T21:00:00+00:00,SEYE.ST,BUY,5187.0000,561.2900
2021-09-16T21:00:00+00:00,SGLN.L,BUY,27834.0000,104.6100
2021-09-16T21:00:00+00:00,SHEL.L,BUY,25066.0000,116.1600
2021-09-16T21:00:00+00:00,SLX.AX,BUY,11601.0000,250.9900
2021-09-16T21:00:00+00:00,SMGB.L,BUY,22203.0000,131.1400
2021-09-16T21:00:00+00:00,VUL.AX,BUY,3863.0000,753.7200
2021-09-16T21:00:00+00:00,VYGR,BUY,24158.0000,120.5300
2021-09-16T21:00:00+00:00,WBT.AX,BUY,11654.0000,249.8500
2021-10-15T21:00:00+00:00,AL3.AX,BUY,174.0000,361.3700
2021-10-15T21:00:00+00:00,ALCLS.PA,BUY,626.0000,1000.1100
2021-10-15T21:00:00+00:00,ALMDT.PA,SELL,139.0000,1373.1800
2021-10-15T21:00:00+00:00,AXE.AX,SELL,56.0000,912.1900
2021-10-15T21:00:00+00:00,AZN.L,SELL,1484.0000,130.4600
2021-10-15T21:00:00+00:00,BGO.L,BUY,2088.0000,307.0200
2021-10-15T21:00:00+00:00,BRK-B,SELL,549.0000,126.2800
2021-10-15T21:00:00+00:00,BRNT.L,SELL,2389.0000,176.2900
2021-10-15T21:00:00+00:00,DBMG.L,SELL,88.0000,112.1400
2021-10-15T21:00:00+00:00,EDIT,BUY,308.0000,3614.5300
2021-10-15T21:00:00+00:00,EMV.AX,SELL,212.0000,272.7500
2021-10-15T21:00:00+00:00,FTC.L,BUY,1664.0000,140.9400
2021-10-15T21:00:00+00:00,GSIT,BUY,1014.0000,310.6500
2021-10-15T21:00:00+00:00,HSBA.L,SELL,3937.0000,120.6900
2021-10-15T21:00:00+00:00,IBTM.L,BUY,815.0000,109.7400
2021-10-15T21:00:00+00:00,IDN,BUY,224.0000,537.6500
2021-10-15T21:00:00+00:00,IITU.L,BUY,435.0000,125.3900
2021-10-15T21:00:00+00:00,IPWR,BUY,150.0000,539.5400
2021-10-15T21:00:00+00:00,ISF.L,SELL,430.0000,116.1400
2021-10-15T21:00:00+00:00,LTBR,SELL,2679.0000,262.0900
2021-10-15T21:00:00+00:00,MOLN.SW,BUY,91.0000,564.2400
2021-10-15T21:00:00+00:00,MSCL.TO,SELL,630.0000,703.8700
2021-10-15T21:00:00+00:00,PLTR,BUY,1377.0000,347.9000
2021-10-15T21:00:00+00:00,PRQR,BUY,103.0000,1267.1700
2021-10-15T21:00:00+00:00,QSI,BUY,2.0000,1260.2500
2021-10-15T21:00:00+00:00,RR.L,SELL,4159.0000,218.2400
2021-10-15T21:00:00+00:00,SEYE.ST,BUY,645.0000,506.1000
2021-10-15T21:00:00+00:00,SGLN.L,BUY,54.0000,105.8500
2021-10-15T21:00:00+00:00,SHEL.L,SELL,4068.0000,140.5800
2021-10-15T21:00:00+00:00,SLX.AX,BUY,2406.0000,210.7400
2021-10-15T21:00:00+00:00,SMGB.L,BUY,1127.0000,126.5300
2021-10-15T21:00:00+00:00,VUL.AX,BUY,977.0000,609.8000
2021-10-15T21:00:00+00:00,VYGR,SELL,6295.0000,165.2500
2021-10-15T21:00:00+00:00,WBT.AX,SELL,1417.0000,288.3400
2021-11-15T21:00:00+00:00,AL3.AX,BUY,195.0000,364.1100
2021-11-15T21:00:00+00:00,ALCLS.PA,BUY,149.0000,982.3100
2021-11-15T21:00:00+00:00,ALMDT.PA,BUY,116.0000,1344.2900
2021-11-15T21:00:00+00:00,AXE.AX,BUY,251.0000,873.1400
2021-11-15T21:00:00+00:00,AZN.L,BUY,265.0000,133.0300
2021-11-15T21:00:00+00:00,BGO.L,SELL,575.0000,336.8400
2021-11-15T21:00:00+00:00,BRK-B,BUY,257.0000,128.8600
2021-11-15T21:00:00+00:00,BRNT.L,BUY,775.0000,173.8200
2021-11-15T21:00:00+00:00,DBMG.L,SELL,318.0000,117.1000
2021-11-15T21:00:00+00:00,EDIT,BUY,57.0000,3485.7500
2021-11-15T21:00:00+00:00,EMV.AX,BUY,1554.0000,246.0400
2021-11-15T21:00:00+00:00,FTC.L,SELL,1637.0000,157.7200
2021-11-15T21:00:00+00:00,GSIT,SELL,1536.0000,382.2800
2021-11-15T21:00:00+00:00,HSBA.L,BUY,628.0000,121.3900
2021-11-15T21:00:00+00:00,IBTM.L,BUY,252.0000,112.1600
2021-11-15T21:00:00+00:00,IDN,BUY,2430.0000,384.5000
2021-11-15T21:00:00+00:00,IITU.L,SELL,1470.0000,137.9700
2021-11-15T21:00:00+00:00,IPWR,SELL,216.0000,579.4900
2021-11-15T21:00:00+00:00,ISF.L,BUY,367.0000,118.1100
2021-11-15T21:00:00+00:00,LTBR,SELL,5579.0000,535.7200
2021-11-15T21:00:00+00:00,MOLN.SW,BUY,1739.0000,436.9200
2021-11-15T21:00:00+00:00,MSCL.TO,BUY,700.0000,622.2800
2021-11-15T21:00:00+00:00,PLTR,BUY,323.0000,345.7200
2021-11-15T21:00:00+00:00,PRQR,BUY,66.0000,1271.3000
2021-11-15T21:00:00+00:00,QSI,BUY,243.0000,1177.9000
2021-11-15T21:00:00+00:00,RR.L,BUY,482.0000,217.3900
2021-11-15T21:00:00+00:00,SEYE.ST,SELL,1151.0000,650.5100
2021-11-15T21:00:00+00:00,SGLN.L,SELL,1179.0000,114.0200
2021-11-15T21:00:00+00:00,SHEL.L,BUY,1654.0000,134.4400
2021-11-15T21:00:00+00:00,SLX.AX,BUY,439.0000,210.8100
2021-11-15T21:00:00+00:00,SMGB.L,SELL,2684.0000,147.5000
2021-11-15T21:00:00+00:00,VUL.AX,BUY,575.0000,562.3300
2021-11-15T21:00:00+00:00,VYGR,BUY,3822.0000,140.4300
2021-11-15T21:00:00+00:00,WBT.AX,BUY,820.0000,275.4100
2021-12-14T21:00:00+00:00,AL3.AX,SELL,260.0000,337.1000
2021-12-14T21:00:00+00:00,ALCLS.PA,BUY,457.0000,767.7600
2021-12-14T21:00:00+00:00,ALMDT.PA,SELL,122.0000,1274.6400
2021-12-14T21:00:00+00:00,AXE.AX,BUY,851.0000,629.6800
2021-12-14T21:00:00+00:00,AZN.L,SELL,511.0000,122.0500
2021-12-14T21:00:00+00:00,BGO.L,SELL,910.0000,335.9600
2021-12-14T21:00:00+00:00,BRK-B,SELL,3490.0000,135.6100
2021-12-14T21:00:00+00:00,BRNT.L,SELL,788.0000,163.2500
2021-12-14T21:00:00+00:00,DBMG.L,SELL,2141.0000,114.4600
2021-12-14T21:00:00+00:00,EDIT,BUY,97.0000,2814.6400
2021-12-14T21:00:00+00:00,EMV.AX,SELL,1302.0000,246.6400
2021-12-14T21:00:00+00:00,FTC.L,SELL,1219.0000,151.0100
2021-12-14T21:00:00+00:00,GSIT,BUY,1090.0000,301.6300
2021-12-14T21:00:00+00:00,HSBA.L,SELL,2480.0000,120.8300
2021-12-14T21:00:00+00:00,IBTM.L,SELL,3452.0000,115.2600
2021-12-14T21:00:00+00:00,IDN,SELL,20.0000,345.7500
2021-12-14T21:00:00+00:00,IITU.L,SELL,2670.0000,140.7900
2021-12-14T21:00:00+00:00,IPWR,BUY,2052.0000,373.8400
2021-12-14T21:00:00+00:00,ISF.L,SELL,2262.0000,116.1300
2021-12-14T21:00:00+00:00,LTBR,BUY,4202.0000,276.3000
2021-12-14T21:00:00+00:00,MOLN.SW,SELL,1196.0000,473.0500
2021-12-14T21:00:00+00:00,MSCL.TO,BUY,488.0000,507.5900
2021-12-14T21:00:00+00:00,PLTR,BUY,964.0000,279.5200
2021-12-14T21:00:00+00:00,PRQR,BUY,96.0000,1096.2500
2021-12-14T21:00:00+00:00,QSI,BUY,464.0000,895.9000
2021-12-14T21:00:00+00:00,RR.L,BUY,1439.0000,176.8400
2021-12-14T21:00:00+00:00,SEYE.ST,BUY,11.0000,582.1700
2021-12-14T21:00:00+00:00,SGLN.L,SELL,1881.0000,110.0200
2021-12-14T21:00:00+00:00,SHEL.L,SELL,1617.0000,129.8600
2021-12-14T21:00:00+00:00,SLX.AX,BUY,1780.0000,168.3500
2021-12-14T21:00:00+00:00,SMGB.L,SELL,2019.0000,146.6500
2021-12-14T21:00:00+00:00,VUL.AX,SELL,1136.0000,638.2500
2021-12-14T21:00:00+00:00,VYGR,BUY,1967.0000,115.4900
2021-12-14T21:00:00+00:00,WBT.AX,BUY,769.0000,230.9700
2022-01-17T21:00:00+00:00,AL3.AX,BUY,489.0000,318.6500
2022-01-17T21:00:00+00:00,ALCLS.PA,BUY,355.0000,699.8100
2022-01-17T21:00:00+00:00,ALMDT.PA,SELL,12.0000,1284.6000
2022-01-17T21:00:00+00:00,AXE.AX,SELL,326.0000,682.3200
2022-01-17T21:00:00+00:00,AZN.L,SELL,1335.0000,130.0900
2022-01-17T21:00:00+00:00,BGO.L,SELL,23.0000,337.7200
2022-01-17T21:00:00+00:00,BRK-B,SELL,1071.0000,143.5500
2022-01-17T21:00:00+00:00,BRNT.L,SELL,1894.0000,184.5200
2022-01-17T21:00:00+00:00,DBMG.L,BUY,727.0000,111.3300
2022-01-17T21:00:00+00:00,EDIT,BUY,337.0000,2094.1600
2022-01-17T21:00:00+00:00,EMV.AX,BUY,1188.0000,223.2500
2022-01-17T21:00:00+00:00,FTC.L,SELL,352.0000,154.3600
2022-01-17T21:00:00+00:00,GSIT,BUY,208.0000,295.5300
2022-01-17T21:00:00+00:00,HSBA.L,SELL,3630.0000,144.2700
2022-01-17T21:00:00+00:00,IBTM.L,BUY,1533.0000,108.5100
2022-01-17T21:00:00+00:00,IDN,BUY,654.0000,320.0400
2022-01-17T21:00:00+00:00,IITU.L,BUY,954.0000,134.5000
2022-01-17T21:00:00+00:00,IPWR,BUY,685.0000,342.5500
2022-01-17T21:00:00+00:00,ISF.L,SELL,1185.0000,122.5700
2022-01-17T21:00:00+00:00,LTBR,BUY,334.0000,267.8900
2022-01-17T21:00:00+00:00,MOLN.SW,SELL,2019.0000,729.0000
2022-01-17T21:00:00+00:00,MSCL.TO,BUY,1043.0000,426.2000
2022-01-17T21:00:00+00:00,PLTR,BUY,2064.0000,231.3200
2022-01-17T21:00:00+00:00,PRQR,BUY,35.0000,1083.5200
2022-01-17T21:00:00+00:00,QSI,BUY,160.0000,853.0000
2022-01-17T21:00:00+00:00,RR.L,SELL,1043.0000,190.0700
2022-01-17T21:00:00+00:00,SEYE.ST,BUY,1603.0000,434.9300
2022-01-17T21:00:00+00:00,SGLN.L,BUY,196.0000,109.4100
2022-01-17T21:00:00+00:00,SHEL.L,SELL,2508.0000,147.7800
2022-01-17T21:00:00+00:00,SLX.AX,SELL,2429.0000,198.4400
2022-01-17T21:00:00+00:00,SMGB.L,SELL,314.0000,149.5000
2022-01-17T21:00:00+00:00,VUL.AX,BUY,1209.0000,498.8900
2022-01-17T21:00:00+00:00,VYGR,SELL,471.0000,118.1100
2022-01-17T21:00:00+00:00,WBT.AX,SELL,1810.0000,273.3300
2022-02-15T21:00:00+00:00,AL3.AX,BUY,637.0000,274.3300
2022-02-15T21:00:00+00:00,ALCLS.PA,BUY,763.0000,541.5600
2022-02-15T21:00:00+00:00,ALMDT.PA,BUY,109.0000,1130.0100
2022-02-15T21:00:00+00:00,AXE.AX,BUY,491.0000,562.2800
2022-02-15T21:00:00+00:00,AZN.L,SELL,1792.0000,131.5000
2022-02-15T21:00:00+00:00,BGO.L,SELL,571.0000,335.9600
2022-02-15T21:00:00+00:00,BRK-B,SELL,1230.0000,141.9100
2022-02-15T21:00:00+00:00,BRNT.L,SELL,2158.0000,199.6700
2022-02-15T21:00:00+00:00,DBMG.L,SELL,2726.0000,115.7900
2022-02-15T21:00:00+00:00,EDIT,BUY,276.0000,1598.8000
2022-02-15T21:00:00+00:00,EMV.AX,BUY,1876.0000,179.0700
2022-02-15T21:00:00+00:00,FTC.L,SELL,1684.0000,157.7200
2022-02-15T21:00:00+00:00,GSIT,SELL,45.0000,274.6300
2022-02-15T21:00:00+00:00,HSBA.L,SELL,2560.0000,154.2200
2022-02-15T21:00:00+00:00,IBTM.L,SELL,1688.0000,107.5400
2022-02-15T21:00:00+00:00,IDN,BUY,1957.0000,240.8700
2022-02-15T21:00:00+00:00,IITU.L,SELL,770.0000,129.2700
2022-02-15T21:00:00+00:00,IPWR,SELL,56.0000,319.0200
2022-02-15T21:00:00+00:00,ISF.L,SELL,1729.0000,122.8600
2022-02-15T21:00:00+00:00,LTBR,SELL,1615.0000,294.2300
2022-02-15T21:00:00+00:00,MOLN.SW,SELL,416.0000,758.2200
2022-02-15T21:00:00+00:00,MSCL.TO,BUY,6.0000,393.7200
2022-02-15T21:00:00+00:00,PLTR,BUY,368.0000,207.4700
2022-02-15T21:00:00+00:00,PRQR,BUY,9846.0000,204.6500
2022-02-15T21:00:00+00:00,QSI,BUY,1004.0000,600.9300
2022-02-15T21:00:00+00:00,RR.L,SELL,465.0000,181.6400
2022-02-15T21:00:00+00:00,SEYE.ST,SELL,80.0000,407.3700
2022-02-15T21:00:00+00:00,SGLN.L,SELL,2464.0000,112.2300
2022-02-15T21:00:00+00:00,SHEL.L,SELL,2613.0000,159.1000
2022-02-15T21:00:00+00:00,SLX.AX,BUY,1201.0000,168.8100
2022-02-15T21:00:00+00:00,SMGB.L,BUY,459.0000,134.8800
2022-02-15T21:00:00+00:00,VUL.AX,BUY,56.0000,456.7000
2022-02-15T21:00:00+00:00,VYGR,SELL,6234.0000,149.4000
2022-02-15T21:00:00+00:00,WBT.AX,SELL,334.0000,261.5100
2022-03-16T21:00:00+00:00,AL3.AX,BUY,1183.0000,241.0100
2022-03-16T21:00:00+00:00,ALCLS.PA,BUY,991.0000,442.8500
2022-03-16T21:00:00+00:00,ALMDT.PA,BUY,257.0000,1004.6600
2022-03-16T21:00:00+00:00,AXE.AX,BUY,309.0000,521.4600
2022-03-16T21:00:00+00:00,AZN.L,SELL,1588.0000,142.0400
2022-03-16T21:00:00+00:00,BGO.L,BUY,477.0000,313.1600
2022-03-16T21:00:00+00:00,BRK-B,SELL,1805.0000,156.4700
2022-03-16T21:00:00+00:00,BRNT.L,SELL,1907.0000,232.9300
2022-03-16T21:00:00+00:00,DBMG.L,SELL,1766.0000,124.8400
2022-03-16T21:00:00+00:00,EDIT,SELL,24.0000,1609.6100
2022-03-16T21:00:00+00:00,EMV.AX,SELL,219.0000,180.2700
2022-03-16T21:00:00+00:00,FTC.L,BUY,1542.0000,142.6200
2022-03-16T21:00:00+00:00,GSIT,BUY,490.0000,258.4400
2022-03-16T21:00:00+00:00,HSBA.L,BUY,1328.0000,141.4100
2022-03-16T21:00:00+00:00,IBTM.L,SELL,699.0000,109.8400
2022-03-16T21:00:00+00:00,IDN,BUY,5634.0000,155.4200
2022-03-16T21:00:00+00:00,IITU.L,BUY,299.0000,126.1900
2022-03-16T21:00:00+00:00,IPWR,SELL,65.0000,318.8000
2022-03-16T21:00:00+00:00,ISF.L,BUY,495.0000,118.9100
2022-03-16T21:00:00+00:00,LTBR,SELL,1963.0000,377.7800
2022-03-16T21:00:00+00:00,MOLN.SW,BUY,901.0000,591.7200
2022-03-16T21:00:00+00:00,MSCL.TO,BUY,681.0000,352.8800
2022-03-16T21:00:00+00:00,PLTR,BUY,1810.0000,179.0600
2022-03-16T21:00:00+00:00,PRQR,BUY,3273.0000,160.3900
2022-03-16T21:00:00+00:00,QSI,SELL,23.0000,598.7700
2022-03-16T21:00:00+00:00,RR.L,BUY,3673.0000,142.4800
2022-03-16T21:00:00+00:00,SEYE.ST,BUY,644.0000,365.8300
2022-03-16T21:00:00+00:00,SGLN.L,SELL,1579.0000,119.6000
2022-03-16T21:00:00+00:00,SHEL.L,BUY,373.0000,154.0700
2022-03-16T21:00:00+00:00,SLX.AX,SELL,1923.0000,191.9100
2022-03-16T21:00:00+00:00,SMGB.L,BUY,325.0000,131.4000
2022-03-16T21:00:00+00:00,VUL.AX,SELL,314.0000,479.8000
2022-03-16T21:00:00+00:00,VYGR,SELL,8851.0000,309.9400
2022-03-16T21:00:00+00:00,WBT.AX,BUY,1232.0000,229.9200
2022-04-14T21:00:00+00:00,AL3.AX,BUY,2109.0000,208.1200
2022-04-14T21:00:00+00:00,ALCLS.PA,BUY,606.0000,415.4400
2022-04-14T21:00:00+00:00,ALMDT.PA,SELL,51.0000,1065.0900
2022-04-14T21:00:00+00:00,AXE.AX,SELL,15.0000,543.2500
2022-04-14T21:00:00+00:00,AZN.L,SELL,1269.0000,158.9300
2022-04-14T21:00:00+00:00,BGO.L,BUY,193.0000,317.5400
2022-04-14T21:00:00+00:00,BRK-B,BUY,311.0000,159.4000
2022-04-14T21:00:00+00:00,BRNT.L,SELL,728.0000,259.4100
2022-04-14T21:00:00+00:00,DBMG.L,SELL,1351.0000,138.9900
2022-04-14T21:00:00+00:00,EDIT,BUY,19.0000,1651.0700
2022-04-14T21:00:00+00:00,EMV.AX,SELL,1059.0000,202.6200
2022-04-14T21:00:00+00:00,FTC.L,SELL,338.0000,151.0100
2022-04-14T21:00:00+00:00,GSIT,BUY,1975.0000,223.0200
2022-04-14T21:00:00+00:00,HSBA.L,SELL,306.0000,149.4300
2022-04-14T21:00:00+00:00,IBTM.L,BUY,1933.0000,105.1700
2022-04-14T21:00:00+00:00,IDN,BUY,2271.0000,141.5000
2022-04-14T21:00:00+00:00,IITU.L,BUY,745.0000,126.3200
2022-04-14T21:00:00+00:00,IPWR,BUY,369.0000,316.2500
2022-04-14T21:00:00+00:00,ISF.L,SELL,170.0000,124.4900
2022-04-14T21:00:00+00:00,LTBR,BUY,527.0000,363.4800
2022-04-14T21:00:00+00:00,MOLN.SW,BUY,219.0000,584.3600
2022-04-14T21:00:00+00:00,MSCL.TO,SELL,1881.0000,498.2000
2022-04-14T21:00:00+00:00,PLTR,SELL,121.0000,187.5700
2022-04-14T21:00:00+00:00,PRQR,BUY,4119.0000,131.8500
2022-04-14T21:00:00+00:00,QSI,SELL,155.0000,645.7800
2022-04-14T21:00:00+00:00,RR.L,BUY,863.0000,141.0500
2022-04-14T21:00:00+00:00,SEYE.ST,BUY,1209.0000,323.0000
2022-04-14T21:00:00+00:00,SGLN.L,BUY,109.0000,123.5600
2022-04-14T21:00:00+00:00,SHEL.L,SELL,1598.0000,177.4100
2022-04-14T21:00:00+00:00,SLX.AX,SELL,3385.0000,268.9100
2022-04-14T21:00:00+00:00,SMGB.L,BUY,1992.0000,123.5700
2022-04-14T21:00:00+00:00,VUL.AX,SELL,12.0000,499.3300
2022-04-14T21:00:00+00:00,VYGR,SELL,1139.0000,374.5400
2022-04-14T21:00:00+00:00,WBT.AX,SELL,75.0000,240.4200
2022-05-18T21:00:00+00:00,AL3.AX,SELL,998.0000,199.3000
2022-05-18T21:00:00+00:00,ALCLS.PA,BUY,449.0000,341.6900
2022-05-18T21:00:00+00:00,ALMDT.PA,BUY,204.0000,866.4300
2022-05-18T21:00:00+00:00,AXE.AX,BUY,668.0000,420.2200
2022-05-18T21:00:00+00:00,AZN.L,SELL,1535.0000,154.5300
2022-05-18T21:00:00+00:00,BGO.L,SELL,368.0000,292.9800
2022-05-18T21:00:00+00:00,BRK-B,SELL,953.0000,149.1800
2022-05-18T21:00:00+00:00,BRNT.L,SELL,1713.0000,275.6200
2022-05-18T21:00:00+00:00,DBMG.L,SELL,3618.0000,151.7800
2022-05-18T21:00:00+00:00,EDIT,BUY,480.0000,1115.8300
2022-05-18T21:00:00+00:00,EMV.AX,BUY,330.0000,174.1000
2022-05-18T21:00:00+00:00,FTC.L,SELL,564.0000,137.5800
2022-05-18T21:00:00+00:00,GSIT,SELL,577.0000,206.7700
2022-05-18T21:00:00+00:00,HSBA.L,SELL,1236.0000,141.7400
2022-05-18T21:00:00+00:00,IBTM.L,SELL,3875.0000,109.8700
2022-05-18T21:00:00+00:00,IDN,SELL,590.0000,128.8300
2022-05-18T21:00:00+00:00,IITU.L,SELL,1433.0000,119.6300
2022-05-18T21:00:00+00:00,IPWR,SELL,2686.0000,413.4700
2022-05-18T21:00:00+00:00,ISF.L,SELL,2124.0000,122.1000
2022-05-18T21:00:00+00:00,LTBR,BUY,1349.0000,269.5900
2022-05-18T21:00:00+00:00,MOLN.SW,BUY,5844.0000,222.9000
2022-05-18T21:00:00+00:00,MSCL.TO,BUY,1937.0000,320.4100
2022-05-18T21:00:00+00:00,PLTR,BUY,4172.0000,127.1300
2022-05-18T21:00:00+00:00,PRQR,BUY,778.0000,111.8000
2022-05-18T21:00:00+00:00,QSI,SELL,156.0000,592.0400
2022-05-18T21:00:00+00:00,RR.L,SELL,532.0000,127.9900
2022-05-18T21:00:00+00:00,SEYE.ST,BUY,4322.0000,185.3500
2022-05-18T21:00:00+00:00,SGLN.L,SELL,2003.0000,120.3200
2022-05-18T21:00:00+00:00,SHEL.L,SELL,2719.0000,191.8600
2022-05-18T21:00:00+00:00,SLX.AX,BUY,1362.0000,207.8000
2022-05-18T21:00:00+00:00,SMGB.L,SELL,2600.0000,124.2100
2022-05-18T21:00:00+00:00,VUL.AX,BUY,396.0000,409.0800
2022-05-18T21:00:00+00:00,VYGR,BUY,1303.0000,278.0100
2022-05-18T21:00:00+00:00,WBT.AX,SELL,1025.0000,234.0000
2022-06-20T21:00:00+00:00,AL3.AX,BUY,1243.0000,172.8100
2022-06-20T21:00:00+00:00,ALCLS.PA,BUY,1527.0000,267.4800
2022-06-20T21:00:00+00:00,ALMDT.PA,SELL,434.0000,995.1600
2022-06-20T21:00:00+00:00,AXE.AX,BUY,587.0000,364.5100
2022-06-20T21:00:00+00:00,AZN.L,SELL,315.0000,151.6600
2022-06-20T21:00:00+00:00,BGO.L,BUY,1761.0000,229.8200
2022-06-20T21:00:00+00:00,BRK-B,BUY,1345.0000,131.7900
2022-06-20T21:00:00+00:00,BRNT.L,SELL,897.0000,296.7100
2022-06-20T21:00:00+00:00,DBMG.L,SELL,1077.0000,156.9700
2022-06-20T21:00:00+00:00,EDIT,SELL,201.0000,1187.4900
2022-06-20T21:00:00+00:00,EMV.AX,BUY,4379.0000,125.5600
2022-06-20T21:00:00+00:00,FTC.L,SELL,1404.0000,144.3000
2022-06-20T21:00:00+00:00,GSIT,SELL,1573.0000,231.4000
2022-06-20T21:00:00+00:00,HSBA.L,SELL,1854.0000,153.7500
2022-06-20T21:00:00+00:00,IBTM.L,SELL,545.0000,108.3700
2022-06-20T21:00:00+00:00,IDN,BUY,380.0000,121.1800
2022-06-20T21:00:00+00:00,IITU.L,BUY,304.0000,113.1300
2022-06-20T21:00:00+00:00,IPWR,SELL,752.0000,459.3900
2022-06-20T21:00:00+00:00,ISF.L,BUY,36.0000,117.0700
2022-06-20T21:00:00+00:00,LTBR,BUY,1213.0000,226.7100
2022-06-20T21:00:00+00:00,MOLN.SW,SELL,1410.0000,248.0800
2022-06-20T21:00:00+00:00,MSCL.TO,BUY,3176.0000,213.3000
2022-06-20T21:00:00+00:00,PLTR,SELL,1371.0000,132.1500
2022-06-20T21:00:00+00:00,PRQR,SELL,3625.0000,130.4100
2022-06-20T21:00:00+00:00,QSI,BUY,733.0000,478.2700
2022-06-20T21:00:00+00:00,RR.L,SELL,1972.0000,138.1300
2022-06-20T21:00:00+00:00,SEYE.ST,BUY,74.0000,177.0000
2022-06-20T21:00:00+00:00,SGLN.L,SELL,1184.0000,123.2300
2022-06-20T21:00:00+00:00,SHEL.L,BUY,835.0000,172.2900
2022-06-20T21:00:00+00:00,SLX.AX,SELL,3907.0000,308.7600
2022-06-20T21:00:00+00:00,SMGB.L,BUY,1376.0000,111.0600
2022-06-20T21:00:00+00:00,VUL.AX,BUY,1761.0000,299.1200
2022-06-20T21:00:00+00:00,VYGR,BUY,1635.0000,222.9500
2022-06-20T21:00:00+00:00,WBT.AX,BUY,2954.0000,172.7800
2022-07-19T21:00:00+00:00,AL3.AX,BUY,2290.0000,166.1300
2022-07-19T21:00:00+00:00,ALCLS.PA,BUY,621.0000,282.0100
2022-07-19T21:00:00+00:00,ALMDT.PA,BUY,506.0000,918.7500
2022-07-19T21:00:00+00:00,AXE.AX,BUY,1024.0000,353.4600
2022-07-19T21:00:00+00:00,AZN.L,BUY,216.0000,169.4300
2022-07-19T21:00:00+00:00,BGO.L,SELL,1975.0000,328.0700
2022-07-19T21:00:00+00:00,BRK-B,BUY,614.0000,144.1300
2022-07-19T21:00:00+00:00,BRNT.L,BUY,1291.0000,286.6300
2022-07-19T21:00:00+00:00,DBMG.L,BUY,1518.0000,160.6200
2022-07-19T21:00:00+00:00,EDIT,SELL,507.0000,1852.1700
2022-07-19T21:00:00+00:00,EMV.AX,SELL,3219.0000,174.2900
2022-07-19T21:00:00+00:00,FTC.L,SELL,2349.0000,193.2900
2022-07-19T21:00:00+00:00,GSIT,SELL,802.0000,286.4200
2022-07-19T21:00:00+00:00,HSBA.L,BUY,2357.0000,149.7200
2022-07-19T21:00:00+00:00,IBTM.L,BUY,1767.0000,113.0500
2022-07-19T21:00:00+00:00,IDN,SELL,4561.0000,183.3000
2022-07-19T21:00:00+00:00,IITU.L,BUY,818.0000,123.1000
2022-07-19T21:00:00+00:00,IPWR,BUY,678.0000,456.4200
2022-07-19T21:00:00+00:00,ISF.L,BUY,1985.0000,120.0800
2022-07-19T21:00:00+00:00,LTBR,SELL,240.0000,263.5400
2022-07-19T21:00:00+00:00,MOLN.SW,BUY,3521.0000,201.4800
2022-07-19T21:00:00+00:00,MSCL.TO,SELL,50.0000,242.9900
2022-07-19T21:00:00+00:00,PLTR,SELL,546.0000,154.8900
2022-07-19T21:00:00+00:00,PRQR,BUY,36.0000,147.5400
2022-07-19T21:00:00+00:00,QSI,BUY,361.0000,502.9300
2022-07-19T21:00:00+00:00,RR.L,BUY,1683.0000,141.6800
2022-07-19T21:00:00+00:00,SEYE.ST,BUY,2131.0000,171.3700
2022-07-19T21:00:00+00:00,SGLN.L,BUY,3468.0000,117.0400
2022-07-19T21:00:00+00:00,SHEL.L,BUY,2259.0000,166.0400
2022-07-19T21:00:00+00:00,SLX.AX,SELL,1876.0000,474.6400
2022-07-19T21:00:00+00:00,SMGB.L,BUY,942.0000,120.2100
2022-07-19T21:00:00+00:00,VUL.AX,SELL,74.0000,342.5600
2022-07-19T21:00:00+00:00,VYGR,SELL,2022.0000,317.6800
2022-07-19T21:00:00+00:00,WBT.AX,SELL,1883.0000,229.7800
2022-08-17T21:00:00+00:00,AL3.AX,SELL,4433.0000,253.7000
2022-08-17T21:00:00+00:00,ALCLS.PA,SELL,2040.0000,394.6200
2022-08-17T21:00:00+00:00,ALMDT.PA,BUY,214.0000,917.8100
2022-08-17T21:00:00+00:00,AXE.AX,SELL,2425.0000,579.4200
2022-08-17T21:00:00+00:00,AZN.L,BUY,1359.0000,167.1700
2022-08-17T21:00:00+00:00,BGO.L,BUY,1520.0000,294.7400
2022-08-17T21:00:00+00:00,BRK-B,BUY,290.0000,152.7500
2022-08-17T21:00:00+00:00,BRNT.L,BUY,1433.0000,265.2900
2022-08-17T21:00:00+00:00,DBMG.L,BUY,1983.0000,153.5300
2022-08-17T21:00:00+00:00,EDIT,BUY,187.0000,1752.9600
2022-08-17T21:00:00+00:00,EMV.AX,BUY,2737.0000,157.7200
2022-08-17T21:00:00+00:00,FTC.L,BUY,2214.0000,177.8500
2022-08-17T21:00:00+00:00,GSIT,BUY,1892.0000,253.6800
2022-08-17T21:00:00+00:00,HSBA.L,BUY,578.0000,155.9300
2022-08-17T21:00:00+00:00,IBTM.L,BUY,1494.0000,114.1100
2022-08-17T21:00:00+00:00,IDN,BUY,1785.0000,174.6700
2022-08-17T21:00:00+00:00,IITU.L,SELL,693.0000,137.3300
2022-08-17T21:00:00+00:00,IPWR,SELL,576.0000,549.5700
2022-08-17T21:00:00+00:00,ISF.L,BUY,816.0000,124.5100
2022-08-17T21:00:00+00:00,LTBR,SELL,43.0000,285.2700
2022-08-17T21:00:00+00:00,MOLN.SW,BUY,877.0000,202.7800
2022-08-17T21:00:00+00:00,MSCL.TO,SELL,188.0000,266.7200
2022-08-17T21:00:00+00:00,PLTR,BUY,1303.0000,154.4400
2022-08-17T21:00:00+00:00,PRQR,BUY,499.0000,154.4300
2022-08-17T21:00:00+00:00,QSI,SELL,734.0000,635.7700
2022-08-17T21:00:00+00:00,RR.L,BUY,3726.0000,126.0600
2022-08-17T21:00:00+00:00,SEYE.ST,SELL,1496.0000,205.7500
2022-08-17T21:00:00+00:00,SGLN.L,BUY,1061.0000,120.1500
2022-08-17T21:00:00+00:00,SHEL.L,SELL,79.0000,179.8600
2022-08-17T21:00:00+00:00,SLX.AX,SELL,407.0000,554.3300
2022-08-17T21:00:00+00:00,SMGB.L,BUY,338.0000,127.4600
2022-08-17T21:00:00+00:00,VUL.AX,SELL,1799.0000,489.8300
2022-08-17T21:00:00+00:00,VYGR,BUY,2314.0000,264.5700
2022-08-17T21:00:00+00:00,WBT.AX,BUY,87.0000,245.6300
2022-09-16T21:00:00+00:00,AL3.AX,BUY,1181.0000,218.8400
2022-09-16T21:00:00+00:00,ALCLS.PA,BUY,461.0000,354.3200
2022-09-16T21:00:00+00:00,ALMDT.PA,BUY,302.0000,797.7500
2022-09-16T21:00:00+00:00,AXE.AX,BUY,544.0000,497.1700
2022-09-16T21:00:00+00:00,AZN.L,BUY,674.0000,153.8000
2022-09-16T21:00:00+00:00,BGO.L,SELL,1708.0000,347.3700
2022-09-16T21:00:00+00:00,BRK-B,BUY,81.0000,145.7400
2022-09-16T21:00:00+00:00,BRNT.L,SELL,861.0000,277.8200
2022-09-16T21:00:00+00:00,DBMG.L,SELL,2421.0000,170.6900
2022-09-16T21:00:00+00:00,EDIT,BUY,40.0000,1637.8800
2022-09-16T21:00:00+00:00,EMV.AX,BUY,447.0000,147.3200
2022-09-16T21:00:00+00:00,FTC.L,SELL,351.0000,174.5000
2022-09-16T21:00:00+00:00,GSIT,BUY,1592.0000,211.4500
2022-09-16T21:00:00+00:00,HSBA.L,SELL,477.0000,153.7000
2022-09-16T21:00:00+00:00,IBTM.L,SELL,1246.0000,115.4600
2022-09-16T21:00:00+00:00,IDN,SELL,2901.0000,206.1800
2022-09-16T21:00:00+00:00,IITU.L,BUY,1296.0000,123.4700
2022-09-16T21:00:00+00:00,IPWR,SELL,435.0000,577.9600
2022-09-16T21:00:00+00:00,ISF.L,SELL,223.0000,120.5800
2022-09-16T21:00:00+00:00,LTBR,BUY,1179.0000,243.0700
2022-09-16T21:00:00+00:00,MOLN.SW,SELL,1967.0000,228.1100
2022-09-16T21:00:00+00:00,MSCL.TO,BUY,4344.0000,178.7800
2022-09-16T21:00:00+00:00,PLTR,BUY,1741.0000,134.6000
2022-09-16T21:00:00+00:00,PRQR,BUY,493.0000,143.9500
2022-09-16T21:00:00+00:00,QSI,BUY,802.0000,512.4500
2022-09-16T21:00:00+00:00,RR.L,BUY,1203.0000,114.3900
2022-09-16T21:00:00+00:00,SEYE.ST,SELL,735.0000,208.9200
2022-09-16T21:00:00+00:00,SGLN.L,SELL,963.0000,120.3200
2022-09-16T21:00:00+00:00,SHEL.L,SELL,1339.0000,189.3000
2022-09-16T21:00:00+00:00,SLX.AX,SELL,149.0000,548.1000
2022-09-16T21:00:00+00:00,SMGB.L,BUY,1629.0000,113.4300
2022-09-16T21:00:00+00:00,VUL.AX,BUY,183.0000,454.3300
2022-09-16T21:00:00+00:00,VYGR,SELL,2014.0000,316.0400
2022-09-16T21:00:00+00:00,WBT.AX,BUY,1272.0000,210.9800
2022-10-18T21:00:00+00:00,AL3.AX,SELL,846.0000,219.4400
2022-10-18T21:00:00+00:00,ALCLS.PA,BUY,1318.0000,279.3600
2022-10-18T21:00:00+00:00,ALMDT.PA,BUY,259.0000,687.6100
2022-10-18T21:00:00+00:00,AXE.AX,BUY,196.0000,446.0600
2022-10-18T21:00:00+00:00,AZN.L,SELL,719.0000,149.5800
2022-10-18T21:00:00+00:00,BGO.L,SELL,145.0000,329.8200
2022-10-18T21:00:00+00:00,BRK-B,SELL,1765.0000,150.6700
2022-10-18T21:00:00+00:00,BRNT.L,SELL,589.0000,276.1100
2022-10-18T21:00:00+00:00,DBMG.L,SELL,1614.0000,177.8700
2022-10-18T21:00:00+00:00,EDIT,BUY,109.0000,1426.0700
2022-10-18T21:00:00+00:00,EMV.AX,BUY,2094.0000,122.5100
2022-10-18T21:00:00+00:00,FTC.L,BUY,1484.0000,147.6500
2022-10-18T21:00:00+00:00,GSIT,BUY,3701.0000,151.0800
2022-10-18T21:00:00+00:00,HSBA.L,BUY,984.0000,135.1700
2022-10-18T21:00:00+00:00,IBTM.L,SELL,854.0000,111.7500
2022-10-18T21:00:00+00:00,IDN,BUY,1468.0000,171.8000
2022-10-18T21:00:00+00:00,IITU.L,SELL,603.0000,118.3500
2022-10-18T21:00:00+00:00,IPWR,BUY,740.0000,461.6000
2022-10-18T21:00:00+00:00,ISF.L,SELL,628.0000,115.6400
2022-10-18T21:00:00+00:00,LTBR,SELL,738.0000,243.1700
2022-10-18T21:00:00+00:00,MOLN.SW,SELL,319.0000,218.5100
2022-10-18T21:00:00+00:00,MSCL.TO,SELL,651.0000,174.2800
2022-10-18T21:00:00+00:00,PLTR,SELL,2305.0000,142.4000
2022-10-18T21:00:00+00:00,PRQR,SELL,4444.0000,178.1100
2022-10-18T21:00:00+00:00,QSI,SELL,138.0000,490.4400
2022-10-18T21:00:00+00:00,RR.L,SELL,1139.0000,112.1400
2022-10-18T21:00:00+00:00,SEYE.ST,SELL,87.0000,195.8700
2022-10-18T21:00:00+00:00,SGLN.L,SELL,1371.0000,119.6500
2022-10-18T21:00:00+00:00,SHEL.L,SELL,697.0000,185.7100
2022-10-18T21:00:00+00:00,SLX.AX,BUY,475.0000,463.5100
2022-10-18T21:00:00+00:00,SMGB.L,BUY,1221.0000,100.2200
2022-10-18T21:00:00+00:00,VUL.AX,BUY,1435.0000,337.7300
2022-10-18T21:00:00+00:00,VYGR,BUY,59.0000,292.1000
2022-10-18T21:00:00+00:00,WBT.AX,SELL,246.0000,200.4200
2022-11-16T21:00:00+00:00,AL3.AX,BUY,3590.0000,168.4800
2022-11-16T21:00:00+00:00,ALCLS.PA,BUY,1564.0000,240.9500
2022-11-16T21:00:00+00:00,ALMDT.PA,BUY,105.0000,680.4200
2022-11-16T21:00:00+00:00,AXE.AX,BUY,539.0000,413.3000
2022-11-16T21:00:00+00:00,AZN.L,SELL,1068.0000,163.3100
2022-11-16T21:00:00+00:00,BGO.L,BUY,43.0000,334.2100
2022-11-16T21:00:00+00:00,BRK-B,SELL,432.0000,157.8500
2022-11-16T21:00:00+00:00,BRNT.L,BUY,72.0000,279.1400
2022-11-16T21:00:00+00:00,DBMG.L,BUY,2004.0000,157.8900
2022-11-16T21:00:00+00:00,EDIT,BUY,143.0000,1339.9100
2022-11-16T21:00:00+00:00,EMV.AX,SELL,6443.0000,185.8800
2022-11-16T21:00:00+00:00,FTC.L,SELL,1070.0000,161.0700
2022-11-16T21:00:00+00:00,GSIT,BUY,2215.0000,135.1800
2022-11-16T21:00:00+00:00,HSBA.L,SELL,30.0000,138.0000
2022-11-16T21:00:00+00:00,IBTM.L,BUY,919.0000,109.2400
2022-11-16T21:00:00+00:00,IDN,BUY,3022.0000,144.0200
2022-11-16T21:00:00+00:00,IITU.L,SELL,400.0000,123.0500
2022-11-16T21:00:00+00:00,IPWR,SELL,922.0000,571.7000
2022-11-16T21:00:00+00:00,ISF.L,SELL,796.0000,122.5600
2022-11-16T21:00:00+00:00,LTBR,BUY,444.0000,237.2000
2022-11-16T21:00:00+00:00,MOLN.SW,SELL,196.0000,226.7500
2022-11-16T21:00:00+00:00,MSCL.TO,BUY,9519.0000,105.1200
2022-11-16T21:00:00+00:00,PLTR,BUY,1346.0000,134.4300
2022-11-16T21:00:00+00:00,PRQR,BUY,313.0000,177.4300
2022-11-16T21:00:00+00:00,QSI,SELL,74.0000,507.4900
2022-11-16T21:00:00+00:00,RR.L,SELL,2829.0000,131.6700
2022-11-16T21:00:00+00:00,SEYE.ST,BUY,2995.0000,160.4900
2022-11-16T21:00:00+00:00,SGLN.L,SELL,104.0000,122.5900
2022-11-16T21:00:00+00:00,SHEL.L,SELL,516.0000,197.1400
2022-11-16T21:00:00+00:00,SLX.AX,SELL,142.0000,485.6700
2022-11-16T21:00:00+00:00,SMGB.L,SELL,3438.0000,119.2300
2022-11-16T21:00:00+00:00,VUL.AX,SELL,1362.0000,425.6400
2022-11-16T21:00:00+00:00,VYGR,BUY,1913.0000,241.5900
2022-11-16T21:00:00+00:00,WBT.AX,SELL,3567.0000,290.7100
2022-12-15T21:00:00+00:00,AL3.AX,SELL,44.0000,163.2700
2022-12-15T21:00:00+00:00,ALCLS.PA,BUY,218.0000,227.9300
2022-12-15T21:00:00+00:00,ALMDT.PA,SELL,19.0000,660.8400
2022-12-15T21:00:00+00:00,AXE.AX,BUY,597.0000,362.7800
2022-12-15T21:00:00+00:00,AZN.L,SELL,1290.0000,172.6100
2022-12-15T21:00:00+00:00,BGO.L,SELL,500.0000,346.4900
2022-12-15T21:00:00+00:00,BRK-B,BUY,511.0000,147.6500
2022-12-15T21:00:00+00:00,BRNT.L,BUY,1036.0000,241.2200
2022-12-15T21:00:00+00:00,DBMG.L,BUY,614.0000,146.7400
2022-12-15T21:00:00+00:00,EDIT,BUY,432.0000,1047.3800
2022-12-15T21:00:00+00:00,EMV.AX,SELL,274.0000,183.4100
2022-12-15T21:00:00+00:00,FTC.L,SELL,3050.0000,194.6300
2022-12-15T21:00:00+00:00,GSIT,BUY,2324.0000,115.7700
2022-12-15T21:00:00+00:00,HSBA.L,SELL,1198.0000,142.9800
2022-12-15T21:00:00+00:00,IBTM.L,SELL,678.0000,108.8300
2022-12-15T21:00:00+00:00,IDN,BUY,84.0000,138.4600
2022-12-15T21:00:00+00:00,IITU.L,BUY,244.0000,117.4500
2022-12-15T21:00:00+00:00,IPWR,BUY,1436.0000,413.7700
2022-12-15T21:00:00+00:00,ISF.L,SELL,933.0000,124.2100
2022-12-15T21:00:00+00:00,LTBR,BUY,613.0000,216.3400
2022-12-15T21:00:00+00:00,MOLN.SW,BUY,319.0000,212.8000
2022-12-15T21:00:00+00:00,MSCL.TO,SELL,327.0000,103.0100
2022-12-15T21:00:00+00:00,PLTR,BUY,2941.0000,111.8400
2022-12-15T21:00:00+00:00,PRQR,SELL,5754.0000,293.8000
2022-12-15T21:00:00+00:00,QSI,BUY,2000.0000,346.7600
2022-12-15T21:00:00+00:00,RR.L,SELL,1016.0000,134.5600
2022-12-15T21:00:00+00:00,SEYE.ST,BUY,2235.0000,135.2700
2022-12-15T21:00:00+00:00,SGLN.L,SELL,142.0000,119.2900
2022-12-15T21:00:00+00:00,SHEL.L,BUY,5.0000,190.4000
2022-12-15T21:00:00+00:00,SLX.AX,BUY,226.0000,449.1200
2022-12-15T21:00:00+00:00,SMGB.L,BUY,61.0000,114.8600
2022-12-15T21:00:00+00:00,VUL.AX,BUY,1005.0000,350.1700
2022-12-15T21:00:00+00:00,VYGR,SELL,941.0000,257.2800
2022-12-15T21:00:00+00:00,WBT.AX,SELL,1358.0000,334.8100
2023-01-18T21:00:00+00:00,AL3.AX,BUY,386.0000,180.0500
2023-01-18T21:00:00+00:00,ALCLS.PA,SELL,2910.0000,358.4000
2023-01-18T21:00:00+00:00,ALMDT.PA,BUY,533.0000,651.2800
2023-01-18T21:00:00+00:00,AXE.AX,BUY,589.0000,376.7500
2023-01-18T21:00:00+00:00,AZN.L,BUY,1520.0000,175.9200
2023-01-18T21:00:00+00:00,BGO.L,BUY,273.0000,377.1900
2023-01-18T21:00:00+00:00,BRK-B,BUY,1550.0000,152.4200
2023-01-18T21:00:00+00:00,BRNT.L,BUY,403.0000,262.3200
2023-01-18T21:00:00+00:00,DBMG.L,BUY,2060.0000,147.3200
2023-01-18T21:00:00+00:00,EDIT,BUY,864.0000,857.8800
2023-01-18T21:00:00+00:00,EMV.AX,BUY,3549.0000,162.8600
2023-01-18T21:00:00+00:00,FTC.L,BUY,3811.0000,167.7900
2023-01-18T21:00:00+00:00,GSIT,SELL,3125.0000,154.6900
2023-01-18T21:00:00+00:00,HSBA.L,SELL,925.0000,171.4300
2023-01-18T21:00:00+00:00,IBTM.L,BUY,2926.0000,108.6000
2023-01-18T21:00:00+00:00,IDN,SELL,1390.0000,170.6200
2023-01-18T21:00:00+00:00,IITU.L,BUY,2741.0000,117.0500
2023-01-18T21:00:00+00:00,IPWR,SELL,167.0000,482.5200
2023-01-18T21:00:00+00:00,ISF.L,BUY,1386.0000,131.0800
2023-01-18T21:00:00+00:00,LTBR,BUY,3033.0000,191.7800
2023-01-18T21:00:00+00:00,MOLN.SW,BUY,899.0000,222.9100
2023-01-18T21:00:00+00:00,MSCL.TO,SELL,4702.0000,146.5900
2023-01-18T21:00:00+00:00,PLTR,BUY,2915.0000,111.2900
2023-01-18T21:00:00+00:00,PRQR,SELL,3349.0000,568.9900
2023-01-18T21:00:00+00:00,QSI,BUY,351.0000,373.3900
2023-01-18T21:00:00+00:00,RR.L,SELL,1196.0000,163.4400
2023-01-18T21:00:00+00:00,SEYE.ST,BUY,4085.0000,124.1600
2023-01-18T21:00:00+00:00,SGLN.L,BUY,1317.0000,126.6400
2023-01-18T21:00:00+00:00,SHEL.L,BUY,974.0000,199.8800
2023-01-18T21:00:00+00:00,SLX.AX,SELL,1392.0000,690.8900
2023-01-18T21:00:00+00:00,SMGB.L,BUY,1601.0000,120.6600
2023-01-18T21:00:00+00:00,VUL.AX,BUY,129.0000,388.9800
2023-01-18T21:00:00+00:00,VYGR,SELL,2735.0000,414.3700
2023-01-18T21:00:00+00:00,WBT.AX,SELL,6.0000,379.3400
2023-02-16T21:00:00+00:00,AL3.AX,BUY,145.0000,186.3800
2023-02-16T21:00:00+00:00,ALCLS.PA,BUY,2920.0000,269.4300
2023-02-16T21:00:00+00:00,ALMDT.PA,BUY,638.0000,589.4300
2023-02-16T21:00:00+00:00,AXE.AX,BUY,627.0000,361.9000
2023-02-16T21:00:00+00:00,AZN.L,BUY,993.0000,172.6400
2023-02-16T21:00:00+00:00,BGO.L,SELL,281.0000,410.5300
2023-02-16T21:00:00+00:00,BRK-B,BUY,436.0000,155.4600
2023-02-16T21:00:00+00:00,BRNT.L,BUY,451.0000,262.5900
2023-02-16T21:00:00+00:00,DBMG.L,BUY,229.0000,152.0700
2023-02-16T21:00:00+00:00,EDIT,SELL,519.0000,1075.0100
2023-02-16T21:00:00+00:00,EMV.AX,BUY,3093.0000,143.3100
2023-02-16T21:00:00+00:00,FTC.L,SELL,1066.0000,187.9200
2023-02-16T21:00:00+00:00,GSIT,BUY,6841.0000,115.9300
2023-02-16T21:00:00+00:00,HSBA.L,SELL,24.0000,179.4700
2023-02-16T21:00:00+00:00,IBTM.L,BUY,1196.0000,108.2700
2023-02-16T21:00:00+00:00,IDN,SELL,2.0000,178.3600
2023-02-16T21:00:00+00:00,IITU.L,SELL,1662.0000,131.9200
2023-02-16T21:00:00+00:00,IPWR,SELL,343.0000,537.4700
2023-02-16T21:00:00+00:00,ISF.L,BUY,442.0000,134.1200
2023-02-16T21:00:00+00:00,LTBR,SELL,1122.0000,217.9500
2023-02-16T21:00:00+00:00,MOLN.SW,BUY,1593.0000,205.7400
2023-02-16T21:00:00+00:00,MSCL.TO,SELL,4347.0000,201.0100
2023-02-16T21:00:00+00:00,PLTR,SELL,6553.0000,159.8000
2023-02-16T21:00:00+00:00,PRQR,BUY,600.0000,527.6200
2023-02-16T21:00:00+00:00,QSI,BUY,1158.0000,336.0600
2023-02-16T21:00:00+00:00,RR.L,SELL,92.0000,171.8000
2023-02-16T21:00:00+00:00,SEYE.ST,SELL,4572.0000,164.6400
2023-02-16T21:00:00+00:00,SGLN.L,BUY,1170.0000,125.4400
2023-02-16T21:00:00+00:00,SHEL.L,SELL,510.0000,217.1900
2023-02-16T21:00:00+00:00,SLX.AX,SELL,317.0000,786.3500
2023-02-16T21:00:00+00:00,SMGB.L,SELL,1446.0000,134.9000
2023-02-16T21:00:00+00:00,VUL.AX,BUY,1206.0000,346.0100
2023-02-16T21:00:00+00:00,VYGR,BUY,1773.0000,339.9800
2023-02-16T21:00:00+00:00,WBT.AX,SELL,1423.0000,496.5100
2023-03-17T21:00:00+00:00,AL3.AX,BUY,409.0000,169.5500
2023-03-17T21:00:00+00:00,ALCLS.PA,BUY,2344.0000,205.4800
2023-03-17T21:00:00+00:00,ALMDT.PA,SELL,767.0000,656.6800
2023-03-17T21:00:00+00:00,AXE.AX,BUY,2099.0000,266.0500
2023-03-17T21:00:00+00:00,AZN.L,SELL,523.0000,166.7000
2023-03-17T21:00:00+00:00,BGO.L,SELL,502.0000,414.0400
2023-03-17T21:00:00+00:00,BRK-B,SELL,235.0000,147.2000
2023-03-17T21:00:00+00:00,BRNT.L,BUY,862.0000,227.0600
2023-03-17T21:00:00+00:00,DBMG.L,BUY,714.0000,136.8100
2023-03-17T21:00:00+00:00,EDIT,BUY,309.0000,898.1200
2023-03-17T21:00:00+00:00,EMV.AX,BUY,1508.0000,124.3300
2023-03-17T21:00:00+00:00,FTC.L,BUY,1013.0000,164.4300
2023-03-17T21:00:00+00:00,GSIT,BUY,1141.0000,103.4500
2023-03-17T21:00:00+00:00,HSBA.L,BUY,546.0000,162.0400
2023-03-17T21:00:00+00:00,IBTM.L,SELL,2137.0000,110.2800
2023-03-17T21:00:00+00:00,IDN,BUY,266.0000,163.9000
2023-03-17T21:00:00+00:00,IITU.L,SELL,1191.0000,130.6000
2023-03-17T21:00:00+00:00,IPWR,BUY,623.0000,448.6700
2023-03-17T21:00:00+00:00,ISF.L,BUY,250.0000,123.8500
2023-03-17T21:00:00+00:00,LTBR,BUY,1696.0000,179.9400
2023-03-17T21:00:00+00:00,MOLN.SW,BUY,132.0000,190.4200
2023-03-17T21:00:00+00:00,MSCL.TO,BUY,862.0000,176.9000
2023-03-17T21:00:00+00:00,PLTR,BUY,2774.0000,128.9300
2023-03-17T21:00:00+00:00,PRQR,SELL,872.0000,589.8800
2023-03-17T21:00:00+00:00,QSI,BUY,813.0000,286.1400
2023-03-17T21:00:00+00:00,RR.L,SELL,3948.0000,211.8100
2023-03-17T21:00:00+00:00,SEYE.ST,SELL,581.0000,159.2900
2023-03-17T21:00:00+00:00,SGLN.L,SELL,2492.0000,131.9400
2023-03-17T21:00:00+00:00,SHEL.L,BUY,1189.0000,185.8400
2023-03-17T21:00:00+00:00,SLX.AX,BUY,1347.0000,533.3200
2023-03-17T21:00:00+00:00,SMGB.L,SELL,1453.0000,135.5400
2023-03-17T21:00:00+00:00,VUL.AX,BUY,71.0000,320.5400
2023-03-17T21:00:00+00:00,VYGR,SELL,974.0000,360.2800
2023-03-17T21:00:00+00:00,WBT.AX,SELL,1585.0000,645.0200
2023-04-19T21:00:00+00:00,AL3.AX,SELL,764.0000,180.5800
2023-04-19T21:00:00+00:00,ALCLS.PA,SELL,189.0000,211.1400
2023-04-19T21:00:00+00:00,ALMDT.PA,BUY,153.0000,640.3200
2023-04-19T21:00:00+00:00,AXE.AX,BUY,1505.0000,233.6200
2023-04-19T21:00:00+00:00,AZN.L,SELL,1369.0000,184.8600
2023-04-19T21:00:00+00:00,BGO.L,BUY,1047.0000,359.6500
2023-04-19T21:00:00+00:00,BRK-B,SELL,1005.0000,157.9300
2023-04-19T21:00:00+00:00,BRNT.L,SELL,1032.0000,252.4400
2023-04-19T21:00:00+00:00,DBMG.L,BUY,188.0000,137.1500
2023-04-19T21:00:00+00:00,EDIT,BUY,218.0000,846.0700
2023-04-19T21:00:00+00:00,EMV.AX,SELL,2611.0000,143.6700
2023-04-19T21:00:00+00:00,FTC.L,BUY,883.0000,157.7200
2023-04-19T21:00:00+00:00,GSIT,SELL,5015.0000,130.6000
2023-04-19T21:00:00+00:00,HSBA.L,SELL,694.0000,171.4000
2023-04-19T21:00:00+00:00,IBTM.L,BUY,1070.0000,106.8300
2023-04-19T21:00:00+00:00,IDN,BUY,763.0000,158.3600
2023-04-19T21:00:00+00:00,IITU.L,SELL,189.0000,133.4700
2023-04-19T21:00:00+00:00,IPWR,BUY,575.0000,413.4500
2023-04-19T21:00:00+00:00,ISF.L,SELL,1294.0000,133.5500
2023-04-19T21:00:00+00:00,LTBR,BUY,139.0000,180.4300
2023-04-19T21:00:00+00:00,MOLN.SW,SELL,531.0000,200.5000
2023-04-19T21:00:00+00:00,MSCL.TO,SELL,4160.0000,249.0800
2023-04-19T21:00:00+00:00,PLTR,SELL,730.0000,135.3900
2023-04-19T21:00:00+00:00,PRQR,BUY,2281.0000,394.4900
2023-04-19T21:00:00+00:00,QSI,BUY,1527.0000,248.2600
2023-04-19T21:00:00+00:00,RR.L,SELL,1060.0000,234.5300
2023-04-19T21:00:00+00:00,SEYE.ST,SELL,912.0000,170.7300
2023-04-19T21:00:00+00:00,SGLN.L,BUY,321.0000,131.4400
2023-04-19T21:00:00+00:00,SHEL.L,SELL,1240.0000,206.2800
2023-04-19T21:00:00+00:00,SLX.AX,BUY,49.0000,534.4800
2023-04-19T21:00:00+00:00,SMGB.L,BUY,884.0000,131.2100
2023-04-19T21:00:00+00:00,VUL.AX,BUY,353.0000,311.0500
2023-04-19T21:00:00+00:00,VYGR,BUY,290.0000,350.7100
2023-04-19T21:00:00+00:00,WBT.AX,BUY,1572.0000,470.7200
2023-05-22T21:00:00+00:00,AL3.AX,BUY,4013.0000,153.5200
2023-05-22T21:00:00+00:00,ALCLS.PA,BUY,2927.0000,185.3700
2023-05-22T21:00:00+00:00,ALMDT.PA,BUY,2811.0000,412.8300
2023-05-22T21:00:00+00:00,AXE.AX,BUY,1589.0000,221.8400
2023-05-22T21:00:00+00:00,AZN.L,BUY,1127.0000,185.5400
2023-05-22T21:00:00+00:00,BGO.L,BUY,608.0000,359.6500
2023-05-22T21:00:00+00:00,BRK-B,BUY,1104.0000,160.4200
2023-05-22T21:00:00+00:00,BRNT.L,BUY,1963.0000,230.2500
2023-05-22T21:00:00+00:00,DBMG.L,BUY,1506.0000,137.7400
2023-05-22T21:00:00+00:00,EDIT,SELL,279.0000,1005.3000
2023-05-22T21:00:00+00:00,EMV.AX,BUY,1687.0000,142.5100
2023-05-22T21:00:00+00:00,FTC.L,SELL,362.0000,174.5000
2023-05-22T21:00:00+00:00,GSIT,SELL,13016.0000,394.0700
2023-05-22T21:00:00+00:00,HSBA.L,SELL,115.0000,186.9500
2023-05-22T21:00:00+00:00,IBTM.L,BUY,2102.0000,106.6200
2023-05-22T21:00:00+00:00,IDN,BUY,604.0000,165.4600
2023-05-22T21:00:00+00:00,IITU.L,BUY,377.0000,141.8000
2023-05-22T21:00:00+00:00,IPWR,BUY,570.0000,411.0800
2023-05-22T21:00:00+00:00,ISF.L,BUY,1858.0000,132.2000
2023-05-22T21:00:00+00:00,LTBR,SELL,1354.0000,215.1600
2023-05-22T21:00:00+00:00,MOLN.SW,BUY,637.0000,207.0900
2023-05-22T21:00:00+00:00,MSCL.TO,SELL,183.0000,274.3600
2023-05-22T21:00:00+00:00,PLTR,SELL,4337.0000,188.2700
2023-05-22T21:00:00+00:00,PRQR,BUY,1798.0000,336.9200
2023-05-22T21:00:00+00:00,QSI,SELL,476.0000,281.3000
2023-05-22T21:00:00+00:00,RR.L,BUY,782.0000,237.4700
2023-05-22T21:00:00+00:00,SEYE.ST,BUY,5428.0000,136.9500
2023-05-22T21:00:00+00:00,SGLN.L,BUY,1879.0000,130.1700
2023-05-22T21:00:00+00:00,SHEL.L,BUY,1289.0000,202.9600
2023-05-22T21:00:00+00:00,SLX.AX,SELL,174.0000,599.7300
2023-05-22T21:00:00+00:00,SMGB.L,BUY,279.0000,140.1100
2023-05-22T21:00:00+00:00,VUL.AX,BUY,4627.0000,218.2500
2023-05-22T21:00:00+00:00,VYGR,SELL,2872.0000,612.3200
2023-05-22T21:00:00+00:00,WBT.AX,BUY,701.0000,453.1900
2023-06-21T21:00:00+00:00,AL3.AX,BUY,5471.0000,121.8000
2023-06-21T21:00:00+00:00,ALCLS.PA,SELL,507.0000,196.5300
2023-06-21T21:00:00+00:00,ALMDT.PA,SELL,1117.0000,504.4300
2023-06-21T21:00:00+00:00,AXE.AX,SELL,5624.0000,402.4900
2023-06-21T21:00:00+00:00,AZN.L,BUY,1012.0000,178.6000
2023-06-21T21:00:00+00:00,BGO.L,BUY,735.0000,337.7200
2023-06-21T21:00:00+00:00,BRK-B,BUY,379.0000,161.1100
2023-06-21T21:00:00+00:00,BRNT.L,BUY,349.0000,229.6900
2023-06-21T21:00:00+00:00,DBMG.L,BUY,685.0000,136.7600
2023-06-21T21:00:00+00:00,EDIT,BUY,751.0000,816.4200
2023-06-21T21:00:00+00:00,EMV.AX,BUY,5410.0000,115.2000
2023-06-21T21:00:00+00:00,FTC.L,SELL,785.0000,187.9200
2023-06-21T21:00:00+00:00,GSIT,SELL,1317.0000,493.3600
2023-06-21T21:00:00+00:00,HSBA.L,BUY,368.0000,187.2300
2023-06-21T21:00:00+00:00,IBTM.L,BUY,1484.0000,103.6300
2023-06-21T21:00:00+00:00,IDN,SELL,257.0000,172.2400
2023-06-21T21:00:00+00:00,IITU.L,SELL,672.0000,150.4100
2023-06-21T21:00:00+00:00,IPWR,BUY,61.0000,417.9200
2023-06-21T21:00:00+00:00,ISF.L,BUY,1130.0000,128.8700
2023-06-21T21:00:00+00:00,LTBR,SELL,1661.0000,252.0400
2023-06-21T21:00:00+00:00,MOLN.SW,BUY,1094.0000,196.8300
2023-06-21T21:00:00+00:00,MSCL.TO,BUY,2468.0000,227.6500
2023-06-21T21:00:00+00:00,PLTR,SELL,2292.0000,227.2400
2023-06-21T21:00:00+00:00,PRQR,BUY,1249.0000,301.3300
2023-06-21T21:00:00+00:00,QSI,BUY,2386.0000,233.8000
2023-06-21T21:00:00+00:00,RR.L,BUY,289.0000,237.8500
2023-06-21T21:00:00+00:00,SEYE.ST,BUY,3067.0000,122.5200
2023-06-21T21:00:00+00:00,SGLN.L,BUY,1619.0000,124.3600
2023-06-21T21:00:00+00:00,SHEL.L,BUY,554.0000,200.2900
2023-06-21T21:00:00+00:00,SLX.AX,BUY,61.0000,607.3200
2023-06-21T21:00:00+00:00,SMGB.L,SELL,1202.0000,152.6400
2023-06-21T21:00:00+00:00,VUL.AX,BUY,763.0000,211.5500
2023-06-21T21:00:00+00:00,VYGR,BUY,709.0000,545.5000
2023-06-21T21:00:00+00:00,WBT.AX,SELL,1661.0000,630.0400
2023-07-20T21:00:00+00:00,AL3.AX,SELL,224.0000,124.2000
2023-07-20T21:00:00+00:00,ALCLS.PA,SELL,2919.0000,246.6300
2023-07-20T21:00:00+00:00,ALMDT.PA,BUY,1016.0000,434.0300
2023-07-20T21:00:00+00:00,AXE.AX,BUY,1850.0000,324.5200
2023-07-20T21:00:00+00:00,AZN.L,BUY,1554.0000,164.8800
2023-07-20T21:00:00+00:00,BGO.L,BUY,834.0000,311.4000
2023-07-20T21:00:00+00:00,BRK-B,BUY,8.0000,162.6900
2023-07-20T21:00:00+00:00,BRNT.L,SELL,128.0000,234.3900
2023-07-20T21:00:00+00:00,DBMG.L,BUY,389.0000,135.7100
2023-07-20T21:00:00+00:00,EDIT,SELL,229.0000,880.7300
2023-07-20T21:00:00+00:00,EMV.AX,BUY,3286.0000,103.1200
2023-07-20T21:00:00+00:00,FTC.L,SELL,1370.0000,208.0500
2023-07-20T21:00:00+00:00,GSIT,BUY,3114.0000,327.5000
2023-07-20T21:00:00+00:00,HSBA.L,SELL,382.0000,193.8600
2023-07-20T21:00:00+00:00,IBTM.L,BUY,635.0000,102.4000
2023-07-20T21:00:00+00:00,IDN,BUY,276.0000,171.2400
2023-07-20T21:00:00+00:00,IITU.L,SELL,659.0000,157.2500
2023-07-20T21:00:00+00:00,IPWR,SELL,611.0000,462.2900
2023-07-20T21:00:00+00:00,ISF.L,SELL,57.0000,130.5200
2023-07-20T21:00:00+00:00,LTBR,SELL,49.0000,255.6900
2023-07-20T21:00:00+00:00,MOLN.SW,BUY,478.0000,192.6900
2023-07-20T21:00:00+00:00,MSCL.TO,BUY,2344.0000,194.6900
2023-07-20T21:00:00+00:00,PLTR,SELL,1616.0000,262.3100
2023-07-20T21:00:00+00:00,PRQR,BUY,714.0000,283.6800
2023-07-20T21:00:00+00:00,QSI,SELL,6452.0000,484.5100
2023-07-20T21:00:00+00:00,RR.L,BUY,382.0000,233.0900
2023-07-20T21:00:00+00:00,SEYE.ST,SELL,1653.0000,132.9200
2023-07-20T21:00:00+00:00,SGLN.L,SELL,14.0000,125.7100
2023-07-20T21:00:00+00:00,SHEL.L,SELL,47.0000,203.0000
2023-07-20T21:00:00+00:00,SLX.AX,BUY,652.0000,540.7200
2023-07-20T21:00:00+00:00,SMGB.L,SELL,194.0000,155.7800
2023-07-20T21:00:00+00:00,VUL.AX,SELL,1375.0000,237.1600
2023-07-20T21:00:00+00:00,VYGR,BUY,2347.0000,384.0300
2023-07-20T21:00:00+00:00,WBT.AX,BUY,1426.0000,487.6600
2023-08-18T21:00:00+00:00,AL3.AX,SELL,6193.0000,159.0300
2023-08-18T21:00:00+00:00,ALCLS.PA,BUY,2936.0000,188.2500
2023-08-18T21:00:00+00:00,ALMDT.PA,SELL,248.0000,427.4500
2023-08-18T21:00:00+00:00,AXE.AX,BUY,1418.0000,266.7400
2023-08-18T21:00:00+00:00,AZN.L,SELL,965.0000,165.3500
2023-08-18T21:00:00+00:00,BGO.L,SELL,969.0000,328.9500
2023-08-18T21:00:00+00:00,BRK-B,SELL,1471.0000,167.9400
2023-08-18T21:00:00+00:00,BRNT.L,SELL,1615.0000,254.9500
2023-08-18T21:00:00+00:00,DBMG.L,SELL,1704.0000,139.6800
2023-08-18T21:00:00+00:00,EDIT,SELL,179.0000,882.6200
2023-08-18T21:00:00+00:00,EMV.AX,SELL,5052.0000,118.6700
2023-08-18T21:00:00+00:00,FTC.L,SELL,1150.0000,214.7700
2023-08-18T21:00:00+00:00,GSIT,BUY,2976.0000,234.1100
2023-08-18T21:00:00+00:00,HSBA.L,BUY,421.0000,179.1000
2023-08-18T21:00:00+00:00,IBTM.L,SELL,1029.0000,100.7700
2023-08-18T21:00:00+00:00,IDN,SELL,738.0000,169.7600
2023-08-18T21:00:00+00:00,IITU.L,BUY,441.0000,145.8600
2023-08-18T21:00:00+00:00,IPWR,BUY,447.0000,410.2800
2023-08-18T21:00:00+00:00,ISF.L,SELL,185.0000,124.9000
2023-08-18T21:00:00+00:00,LTBR,BUY,1568.0000,213.8600
2023-08-18T21:00:00+00:00,MOLN.SW,BUY,352.0000,178.8300
2023-08-18T21:00:00+00:00,MSCL.TO,BUY,1312.0000,170.1800
2023-08-18T21:00:00+00:00,PLTR,BUY,1276.0000,223.7800
2023-08-18T21:00:00+00:00,PRQR,BUY,81.0000,267.2100
2023-08-18T21:00:00+00:00,QSI,BUY,2983.0000,309.4800
2023-08-18T21:00:00+00:00,RR.L,SELL,3465.0000,303.7400
2023-08-18T21:00:00+00:00,SEYE.ST,SELL,527.0000,129.2100
2023-08-18T21:00:00+00:00,SGLN.L,SELL,488.0000,121.8400
2023-08-18T21:00:00+00:00,SHEL.L,SELL,685.0000,202.1400
2023-08-18T21:00:00+00:00,SLX.AX,BUY,903.0000,440.8800
2023-08-18T21:00:00+00:00,SMGB.L,BUY,187.0000,146.4300
2023-08-18T21:00:00+00:00,VUL.AX,BUY,4804.0000,162.7500
2023-08-18T21:00:00+00:00,VYGR,SELL,727.0000,402.2700
2023-08-18T21:00:00+00:00,WBT.AX,BUY,935.0000,401.3000
2023-09-19T21:00:00+00:00,AL3.AX,SELL,1664.0000,179.7300
2023-09-19T21:00:00+00:00,ALCLS.PA,BUY,1784.0000,172.3000
2023-09-19T21:00:00+00:00,ALMDT.PA,BUY,1018.0000,379.3300
2023-09-19T21:00:00+00:00,AXE.AX,BUY,916.0000,251.4400
2023-09-19T21:00:00+00:00,AZN.L,BUY,483.0000,164.7000
2023-09-19T21:00:00+00:00,BGO.L,BUY,70.0000,334.2100
2023-09-19T21:00:00+00:00,BRK-B,SELL,896.0000,181.7000
2023-09-19T21:00:00+00:00,BRNT.L,SELL,1269.0000,294.9100
2023-09-19T21:00:00+00:00,DBMG.L,SELL,502.0000,146.7100
2023-09-19T21:00:00+00:00,EDIT,BUY,250.0000,838.4300
2023-09-19T21:00:00+00:00,EMV.AX,SELL,4421.0000,149.3000
2023-09-19T21:00:00+00:00,FTC.L,BUY,193.0000,216.7800
2023-09-19T21:00:00+00:00,GSIT,BUY,2574.0000,197.5900
2023-09-19T21:00:00+00:00,HSBA.L,SELL,817.0000,193.4600
2023-09-19T21:00:00+00:00,IBTM.L,BUY,36.0000,103.0800
2023-09-19T21:00:00+00:00,IDN,BUY,315.0000,170.6400
2023-09-19T21:00:00+00:00,IITU.L,SELL,583.0000,154.0300
2023-09-19T21:00:00+00:00,IPWR,BUY,56.0000,416.8300
2023-09-19T21:00:00+00:00,ISF.L,SELL,687.0000,131.9400
2023-09-19T21:00:00+00:00,LTBR,BUY,1363.0000,198.5400
2023-09-19T21:00:00+00:00,MOLN.SW,BUY,5494.0000,135.8600
2023-09-19T21:00:00+00:00,MSCL.TO,SELL,2350.0000,203.0700
2023-09-19T21:00:00+00:00,PLTR,SELL,686.0000,242.4000
2023-09-19T21:00:00+00:00,PRQR,BUY,13.0000,273.3400
2023-09-19T21:00:00+00:00,QSI,SELL,609.0000,339.6700
2023-09-19T21:00:00+00:00,RR.L,SELL,819.0000,341.1800
2023-09-19T21:00:00+00:00,SEYE.ST,SELL,2804.0000,151.8300
2023-09-19T21:00:00+00:00,SGLN.L,SELL,571.0000,127.9400
2023-09-19T21:00:00+00:00,SHEL.L,SELL,1047.0000,223.8100
2023-09-19T21:00:00+00:00,SLX.AX,SELL,858.0000,521.4100
2023-09-19T21:00:00+00:00,SMGB.L,SELL,176.0000,151.3600
2023-09-19T21:00:00+00:00,VUL.AX,BUY,245.0000,164.3700
2023-09-19T21:00:00+00:00,VYGR,BUY,1066.0000,357.6700
2023-09-19T21:00:00+00:00,WBT.AX,BUY,3240.0000,281.4100
2023-10-18T21:00:00+00:00,AL3.AX,BUY,533.0000,163.1600
2023-10-18T21:00:00+00:00,ALCLS.PA,BUY,3757.0000,132.0400
2023-10-18T21:00:00+00:00,ALMDT.PA,SELL,750.0000,394.5900
2023-10-18T21:00:00+00:00,AXE.AX,BUY,694.0000,222.4000
2023-10-18T21:00:00+00:00,AZN.L,SELL,1084.0000,164.6400
2023-10-18T21:00:00+00:00,BGO.L,BUY,309.0000,302.6300
2023-10-18T21:00:00+00:00,BRK-B,BUY,39.0000,170.0000
2023-10-18T21:00:00+00:00,BRNT.L,SELL,545.0000,292.9000
2023-10-18T21:00:00+00:00,DBMG.L,SELL,1924.0000,152.4900
2023-10-18T21:00:00+00:00,EDIT,BUY,402.0000,704.2300
2023-10-18T21:00:00+00:00,EMV.AX,BUY,475.0000,136.6800
2023-10-18T21:00:00+00:00,FTC.L,SELL,711.0000,214.7700
2023-10-18T21:00:00+00:00,GSIT,BUY,1465.0000,168.4600
2023-10-18T21:00:00+00:00,HSBA.L,SELL,1349.0000,199.4700
2023-10-18T21:00:00+00:00,IBTM.L,SELL,1287.0000,101.3300
2023-10-18T21:00:00+00:00,IDN,BUY,2750.0000,137.6900
2023-10-18T21:00:00+00:00,IITU.L,SELL,1498.0000,157.0000
2023-10-18T21:00:00+00:00,IPWR,BUY,452.0000,367.0700
2023-10-18T21:00:00+00:00,ISF.L,SELL,1220.0000,131.0400
2023-10-18T21:00:00+00:00,LTBR,SELL,2936.0000,233.2600
2023-10-18T21:00:00+00:00,MOLN.SW,BUY,398.0000,125.0900
2023-10-18T21:00:00+00:00,MSCL.TO,BUY,721.0000,181.2800
2023-10-18T21:00:00+00:00,PLTR,SELL,2237.0000,279.8400
2023-10-18T21:00:00+00:00,PRQR,BUY,719.0000,240.0400
2023-10-18T21:00:00+00:00,QSI,BUY,4268.0000,212.1700
2023-10-18T21:00:00+00:00,RR.L,BUY,170.0000,313.7100
2023-10-18T21:00:00+00:00,SEYE.ST,BUY,341.0000,139.9000
2023-10-18T21:00:00+00:00,SGLN.L,SELL,1927.0000,131.1900
2023-10-18T21:00:00+00:00,SHEL.L,SELL,1498.0000,237.4700
2023-10-18T21:00:00+00:00,SLX.AX,BUY,506.0000,448.1700
2023-10-18T21:00:00+00:00,SMGB.L,SELL,1574.0000,154.7100
2023-10-18T21:00:00+00:00,VUL.AX,BUY,2474.0000,135.1500
2023-10-18T21:00:00+00:00,VYGR,BUY,243.0000,325.6900
2023-10-18T21:00:00+00:00,WBT.AX,BUY,489.0000,251.9400
2023-11-16T21:00:00+00:00,AL3.AX,SELL,1024.0000,185.5400
2023-11-16T21:00:00+00:00,ALCLS.PA,SELL,10050.0000,275.9600
2023-11-16T21:00:00+00:00,ALMDT.PA,BUY,1098.0000,363.0500
2023-11-16T21:00:00+00:00,AXE.AX,BUY,774.0000,223.1500
2023-11-16T21:00:00+00:00,AZN.L,BUY,1876.0000,157.7200
2023-11-16T21:00:00+00:00,BGO.L,BUY,601.0000,302.6300
2023-11-16T21:00:00+00:00,BRK-B,BUY,495.0000,175.9400
2023-11-16T21:00:00+00:00,BRNT.L,BUY,2258.0000,251.2500
2023-11-16T21:00:00+00:00,DBMG.L,BUY,2604.0000,141.9300
2023-11-16T21:00:00+00:00,EDIT,SELL,700.0000,918.4600
2023-11-16T21:00:00+00:00,EMV.AX,BUY,343.0000,143.3700
2023-11-16T21:00:00+00:00,FTC.L,BUY,847.0000,214.7700
2023-11-16T21:00:00+00:00,GSIT,BUY,1789.0000,161.7700
2023-11-16T21:00:00+00:00,HSBA.L,BUY,1699.0000,189.2000
2023-11-16T21:00:00+00:00,IBTM.L,BUY,1422.0000,102.6700
2023-11-16T21:00:00+00:00,IDN,BUY,4590.0000,119.1500
2023-11-16T21:00:00+00:00,IITU.L,BUY,120.0000,166.3800
2023-11-16T21:00:00+00:00,IPWR,BUY,1264.0000,334.4200
2023-11-16T21:00:00+00:00,ISF.L,BUY,1847.0000,128.3700
2023-11-16T21:00:00+00:00,LTBR,BUY,4126.0000,183.6900
2023-11-16T21:00:00+00:00,MOLN.SW,SELL,1216.0000,141.4100
2023-11-16T21:00:00+00:00,MSCL.TO,SELL,1071.0000,208.3700
2023-11-16T21:00:00+00:00,PLTR,SELL,514.0000,315.3400
2023-11-16T21:00:00+00:00,PRQR,BUY,220.0000,251.2600
2023-11-16T21:00:00+00:00,QSI,SELL,1458.0000,255.5700
2023-11-16T21:00:00+00:00,RR.L,SELL,805.0000,369.1100
2023-11-16T21:00:00+00:00,SEYE.ST,SELL,4407.0000,193.2300
2023-11-16T21:00:00+00:00,SGLN.L,BUY,1423.0000,130.9700
2023-11-16T21:00:00+00:00,SHEL.L,BUY,1665.0000,221.1400
2023-11-16T21:00:00+00:00,SLX.AX,SELL,238.0000,497.8500
2023-11-16T21:00:00+00:00,SMGB.L,SELL,170.0000,166.7000
2023-11-16T21:00:00+00:00,VUL.AX,BUY,879.0000,138.1600
2023-11-16T21:00:00+00:00,VYGR,BUY,1635.0000,290.4800
2023-11-16T21:00:00+00:00,WBT.AX,SELL,1541.0000,313.7500
2023-12-15T21:00:00+00:00,AL3.AX,SELL,871.0000,207.6300
2023-12-15T21:00:00+00:00,ALCLS.PA,SELL,526.0000,306.9700
2023-12-15T21:00:00+00:00,ALMDT.PA,BUY,240.0000,372.3500
2023-12-15T21:00:00+00:00,AXE.AX,BUY,2009.0000,204.1300
2023-12-15T21:00:00+00:00,AZN.L,BUY,999.0000,158.0300
2023-12-15T21:00:00+00:00,BGO.L,SELL,738.0000,346.4900
2023-12-15T21:00:00+00:00,BRK-B,BUY,1585.0000,169.5400
2023-12-15T21:00:00+00:00,BRNT.L,BUY,1151.0000,241.3400
2023-12-15T21:00:00+00:00,DBMG.L,BUY,2523.0000,133.4400
2023-12-15T21:00:00+00:00,EDIT,SELL,401.0000,1112.1200
2023-12-15T21:00:00+00:00,EMV.AX,BUY,2674.0000,133.7500
2023-12-15T21:00:00+00:00,FTC.L,SELL,1940.0000,265.1000
2023-12-15T21:00:00+00:00,GSIT,SELL,878.0000,179.7400
2023-12-15T21:00:00+00:00,HSBA.L,BUY,859.0000,189.2600
2023-12-15T21:00:00+00:00,IBTM.L,BUY,921.0000,105.0400
2023-12-15T21:00:00+00:00,IDN,SELL,2023.0000,137.3300
2023-12-15T21:00:00+00:00,IITU.L,BUY,485.0000,171.0100
2023-12-15T21:00:00+00:00,IPWR,BUY,1533.0000,300.1400
2023-12-15T21:00:00+00:00,ISF.L,BUY,690.0000,131.6000
2023-12-15T21:00:00+00:00,LTBR,BUY,4260.0000,152.7600
2023-12-15T21:00:00+00:00,MOLN.SW,BUY,1818.0000,137.2100
2023-12-15T21:00:00+00:00,MSCL.TO,BUY,289.0000,215.6500
2023-12-15T21:00:00+00:00,PLTR,BUY,1650.0000,282.3700
2023-12-15T21:00:00+00:00,PRQR,SELL,3254.0000,370.0300
2023-12-15T21:00:00+00:00,QSI,BUY,144.0000,266.6200
2023-12-15T21:00:00+00:00,RR.L,SELL,858.0000,437.9500
2023-12-15T21:00:00+00:00,SEYE.ST,SELL,732.0000,214.6500
2023-12-15T21:00:00+00:00,SGLN.L,BUY,1172.0000,131.4000
2023-12-15T21:00:00+00:00,SHEL.L,BUY,1029.0000,216.6000
2023-12-15T21:00:00+00:00,SLX.AX,SELL,785.0000,608.1400
2023-12-15T21:00:00+00:00,SMGB.L,SELL,458.0000,180.9000
2023-12-15T21:00:00+00:00,VUL.AX,BUY,2728.0000,129.1500
2023-12-15T21:00:00+00:00,VYGR,SELL,1080.0000,344.2300
2023-12-15T21:00:00+00:00,WBT.AX,SELL,1020.0000,372.7500
2024-01-18T21:00:00+00:00,AL3.AX,BUY,1701.0000,178.6000
2024-01-18T21:00:00+00:00,ALCLS.PA,BUY,1218.0000,262.4400
2024-01-18T21:00:00+00:00,ALMDT.PA,BUY,449.0000,338.8000
2024-01-18T21:00:00+00:00,AXE.AX,BUY,1146.0000,181.9600
2024-01-18T21:00:00+00:00,AZN.L,SELL,1221.0000,161.8500
2024-01-18T21:00:00+00:00,BGO.L,BUY,6659.0000,189.4700
2024-01-18T21:00:00+00:00,BRK-B,SELL,1135.0000,173.6200
2024-01-18T21:00:00+00:00,BRNT.L,SELL,899.0000,249.2600
2024-01-18T21:00:00+00:00,DBMG.L,SELL,1463.0000,136.7800
2024-01-18T21:00:00+00:00,EDIT,BUY,754.0000,837.5000
2024-01-18T21:00:00+00:00,EMV.AX,SELL,6396.0000,178.2200
2024-01-18T21:00:00+00:00,FTC.L,SELL,1819.0000,302.0100
2024-01-18T21:00:00+00:00,GSIT,BUY,4566.0000,135.9700
2024-01-18T21:00:00+00:00,HSBA.L,SELL,141.0000,183.2000
2024-01-18T21:00:00+00:00,IBTM.L,SELL,914.0000,104.0600
2024-01-18T21:00:00+00:00,IDN,BUY,1362.0000,124.1800
2024-01-18T21:00:00+00:00,IITU.L,SELL,1164.0000,175.5300
2024-01-18T21:00:00+00:00,IPWR,SELL,67.0000,289.9100
2024-01-18T21:00:00+00:00,ISF.L,SELL,602.0000,129.6400
2024-01-18T21:00:00+00:00,LTBR,BUY,1084.0000,139.0500
2024-01-18T21:00:00+00:00,MOLN.SW,SELL,2158.0000,145.7900
2024-01-18T21:00:00+00:00,MSCL.TO,SELL,578.0000,215.7300
2024-01-18T21:00:00+00:00,PLTR,BUY,617.0000,256.3400
2024-01-18T21:00:00+00:00,PRQR,SELL,281.0000,367.5900
2024-01-18T21:00:00+00:00,QSI,BUY,435.0000,246.4900
2024-01-18T21:00:00+00:00,RR.L,SELL,641.0000,462.7100
2024-01-18T21:00:00+00:00,SEYE.ST,SELL,2281.0000,245.2500
2024-01-18T21:00:00+00:00,SGLN.L,SELL,745.0000,130.2600
2024-01-18T21:00:00+00:00,SHEL.L,BUY,166.0000,205.4300
2024-01-18T21:00:00+00:00,SLX.AX,SELL,859.0000,703.8200
2024-01-18T21:00:00+00:00,SMGB.L,SELL,1063.0000,185.2400
2024-01-18T21:00:00+00:00,VUL.AX,BUY,3992.0000,106.0400
2024-01-18T21:00:00+00:00,VYGR,BUY,391.0000,316.3700
2024-01-18T21:00:00+00:00,WBT.AX,BUY,2139.0000,283.6600
2024-02-16T21:00:00+00:00,AL3.AX,BUY,1530.0000,174.6900
2024-02-16T21:00:00+00:00,ALCLS.PA,BUY,30.0000,279.8900
2024-02-16T21:00:00+00:00,ALMDT.PA,BUY,490.0000,342.8400
2024-02-16T21:00:00+00:00,AXE.AX,SELL,117.0000,195.9800
2024-02-16T21:00:00+00:00,AZN.L,BUY,1905.0000,156.6000
2024-02-16T21:00:00+00:00,BGO.L,BUY,409.0000,197.3700
2024-02-16T21:00:00+00:00,BRK-B,SELL,869.0000,195.7100
2024-02-16T21:00:00+00:00,BRNT.L,BUY,25.0000,265.9800
2024-02-16T21:00:00+00:00,DBMG.L,BUY,829.0000,140.8100
2024-02-16T21:00:00+00:00,EDIT,BUY,228.0000,840.5900
2024-02-16T21:00:00+00:00,EMV.AX,BUY,678.0000,183.0200
2024-02-16T21:00:00+00:00,FTC.L,SELL,3563.0000,510.0700
2024-02-16T21:00:00+00:00,GSIT,SELL,3070.0000,169.5100
2024-02-16T21:00:00+00:00,HSBA.L,SELL,212.0000,198.5200
2024-02-16T21:00:00+00:00,IBTM.L,BUY,2104.0000,103.5400
2024-02-16T21:00:00+00:00,IDN,BUY,1482.0000,124.9400
2024-02-16T21:00:00+00:00,IITU.L,SELL,23.0000,187.9500
2024-02-16T21:00:00+00:00,IPWR,BUY,1647.0000,266.6000
2024-02-16T21:00:00+00:00,ISF.L,BUY,757.0000,134.1300
2024-02-16T21:00:00+00:00,LTBR,BUY,1919.0000,136.2800
2024-02-16T21:00:00+00:00,MOLN.SW,BUY,2246.0000,140.2300
2024-02-16T21:00:00+00:00,MSCL.TO,SELL,1208.0000,253.1700
2024-02-16T21:00:00+00:00,PLTR,SELL,3282.0000,384.3600
2024-02-16T21:00:00+00:00,PRQR,BUY,1239.0000,340.2000
2024-02-16T21:00:00+00:00,QSI,SELL,296.0000,270.2700
2024-02-16T21:00:00+00:00,RR.L,BUY,87.0000,488.0700
2024-02-16T21:00:00+00:00,SEYE.ST,BUY,1416.0000,234.4800
2024-02-16T21:00:00+00:00,SGLN.L,BUY,1490.0000,130.6400
2024-02-16T21:00:00+00:00,SHEL.L,BUY,80.0000,218.4400
2024-02-16T21:00:00+00:00,SLX.AX,BUY,381.0000,689.5300
2024-02-16T21:00:00+00:00,SMGB.L,SELL,824.0000,208.9400
2024-02-16T21:00:00+00:00,VUL.AX,BUY,3012.0000,102.2500
2024-02-16T21:00:00+00:00,VYGR,BUY,229.0000,330.1300
2024-02-16T21:00:00+00:00,WBT.AX,SELL,352.0000,314.0100
2024-03-18T21:00:00+00:00,AL3.AX,BUY,4684.0000,147.9900
2024-03-18T21:00:00+00:00,ALCLS.PA,BUY,2175.0000,250.3600
2024-03-18T21:00:00+00:00,ALMDT.PA,BUY,4742.0000,241.1900
2024-03-18T21:00:00+00:00,AXE.AX,SELL,1444.0000,230.1000
2024-03-18T21:00:00+00:00,AZN.L,BUY,636.0000,162.1300
2024-03-18T21:00:00+00:00,BGO.L,BUY,1792.0000,189.4700
2024-03-18T21:00:00+00:00,BRK-B,BUY,1170.0000,194.8300
2024-03-18T21:00:00+00:00,BRNT.L,BUY,348.0000,275.9700
2024-03-18T21:00:00+00:00,DBMG.L,BUY,908.0000,144.5200
2024-03-18T21:00:00+00:00,EDIT,BUY,521.0000,787.9800
2024-03-18T21:00:00+00:00,EMV.AX,SELL,2122.0000,223.1400
2024-03-18T21:00:00+00:00,FTC.L,BUY,597.0000,496.6400
2024-03-18T21:00:00+00:00,GSIT,SELL,3968.0000,230.5000
2024-03-18T21:00:00+00:00,HSBA.L,BUY,1372.0000,195.1100
2024-03-18T21:00:00+00:00,IBTM.L,BUY,2355.0000,102.6200
2024-03-18T21:00:00+00:00,IDN,BUY,2748.0000,120.2900
2024-03-18T21:00:00+00:00,IITU.L,BUY,772.0000,191.8800
2024-03-18T21:00:00+00:00,IPWR,SELL,4061.0000,434.9400
2024-03-18T21:00:00+00:00,ISF.L,BUY,1406.0000,135.1500
2024-03-18T21:00:00+00:00,LTBR,BUY,352.0000,143.3800
2024-03-18T21:00:00+00:00,MOLN.SW,BUY,6004.0000,118.0900
2024-03-18T21:00:00+00:00,MSCL.TO,BUY,182.0000,266.5100
2024-03-18T21:00:00+00:00,PLTR,BUY,809.0000,373.5200
2024-03-18T21:00:00+00:00,PRQR,SELL,1363.0000,426.4500
2024-03-18T21:00:00+00:00,QSI,SELL,455.0000,300.5000
2024-03-18T21:00:00+00:00,RR.L,SELL,736.0000,588.7700
2024-03-18T21:00:00+00:00,SEYE.ST,SELL,2670.0000,312.9300
2024-03-18T21:00:00+00:00,SGLN.L,BUY,98.0000,138.9800
2024-03-18T21:00:00+00:00,SHEL.L,BUY,599.0000,223.9900
2024-03-18T21:00:00+00:00,SLX.AX,BUY,561.0000,655.6200
2024-03-18T21:00:00+00:00,SMGB.L,BUY,400.0000,217.4000
2024-03-18T21:00:00+00:00,VUL.AX,SELL,9509.0000,158.3000
2024-03-18T21:00:00+00:00,VYGR,SELL,983.0000,393.3400
2024-03-18T21:00:00+00:00,WBT.AX,BUY,1410.0000,293.9200
2024-04-18T21:00:00+00:00,AL3.AX,BUY,4509.0000,120.5800
2024-04-18T21:00:00+00:00,ALCLS.PA,SELL,695.0000,258.0200
2024-04-18T21:00:00+00:00,ALMDT.PA,SELL,2541.0000,288.4200
2024-04-18T21:00:00+00:00,AXE.AX,SELL,1880.0000,258.1600
2024-04-18T21:00:00+00:00,AZN.L,SELL,1628.0000,171.9600
2024-04-18T21:00:00+00:00,BGO.L,SELL,2635.0000,217.5400
2024-04-18T21:00:00+00:00,BRK-B,SELL,411.0000,195.0200
2024-04-18T21:00:00+00:00,BRNT.L,SELL,774.0000,287.9800
2024-04-18T21:00:00+00:00,DBMG.L,SELL,2106.0000,155.3100
2024-04-18T21:00:00+00:00,EDIT,BUY,1401.0000,579.1100
2024-04-18T21:00:00+00:00,EMV.AX,BUY,1187.0000,202.0400
2024-04-18T21:00:00+00:00,FTC.L,BUY,599.0000,445.6400
2024-04-18T21:00:00+00:00,GSIT,SELL,916.0000,240.3600
2024-04-18T21:00:00+00:00,HSBA.L,SELL,1490.0000,208.7500
2024-04-18T21:00:00+00:00,IBTM.L,SELL,839.0000,102.9100
2024-04-18T21:00:00+00:00,IDN,SELL,10833.0000,192.3500
2024-04-18T21:00:00+00:00,IITU.L,SELL,121.0000,188.7900
2024-04-18T21:00:00+00:00,IPWR,BUY,3727.0000,286.3800
2024-04-18T21:00:00+00:00,ISF.L,SELL,1129.0000,138.3500
2024-04-18T21:00:00+00:00,LTBR,BUY,5219.0000,114.5100
2024-04-18T21:00:00+00:00,MOLN.SW,BUY,74.0000,115.0800
2024-04-18T21:00:00+00:00,MSCL.TO,BUY,2634.0000,215.2900
2024-04-18T21:00:00+00:00,PLTR,BUY,768.0000,336.1900
2024-04-18T21:00:00+00:00,PRQR,BUY,2115.0000,328.2900
2024-04-18T21:00:00+00:00,QSI,BUY,2328.0000,242.8700
2024-04-18T21:00:00+00:00,RR.L,SELL,303.0000,607.6400
2024-04-18T21:00:00+00:00,SEYE.ST,BUY,3177.0000,235.7800
2024-04-18T21:00:00+00:00,SGLN.L,SELL,3211.0000,156.6600
2024-04-18T21:00:00+00:00,SHEL.L,SELL,1789.0000,248.5700
2024-04-18T21:00:00+00:00,SLX.AX,SELL,527.0000,714.3200
2024-04-18T21:00:00+00:00,SMGB.L,BUY,39.0000,211.8800
2024-04-18T21:00:00+00:00,VUL.AX,SELL,30.0000,154.8900
2024-04-18T21:00:00+00:00,VYGR,BUY,1284.0000,333.9900
2024-04-18T21:00:00+00:00,WBT.AX,BUY,2031.0000,243.7400
2024-05-20T21:00:00+00:00,AL3.AX,SELL,2903.0000,144.9200
2024-05-20T21:00:00+00:00,ALCLS.PA,SELL,565.0000,289.8500
2024-05-20T21:00:00+00:00,ALMDT.PA,BUY,438.0000,298.0700
2024-05-20T21:00:00+00:00,AXE.AX,BUY,3368.0000,218.9400
2024-05-20T21:00:00+00:00,AZN.L,SELL,600.0000,190.5800
2024-05-20T21:00:00+00:00,BGO.L,BUY,358.0000,228.0700
2024-05-20T21:00:00+00:00,BRK-B,BUY,1013.0000,197.4100
2024-05-20T21:00:00+00:00,BRNT.L,BUY,1340.0000,276.5100
2024-05-20T21:00:00+00:00,DBMG.L,BUY,1479.0000,155.7700
2024-05-20T21:00:00+00:00,EDIT,BUY,571.0000,564.5300
2024-05-20T21:00:00+00:00,EMV.AX,BUY,4828.0000,167.0700
2024-05-20T21:00:00+00:00,FTC.L,SELL,2832.0000,778.5200
2024-05-20T21:00:00+00:00,GSIT,BUY,5143.0000,187.2700
2024-05-20T21:00:00+00:00,HSBA.L,SELL,614.0000,233.2000
2024-05-20T21:00:00+00:00,IBTM.L,BUY,2380.0000,102.7700
2024-05-20T21:00:00+00:00,IDN,BUY,1889.0000,185.8300
2024-05-20T21:00:00+00:00,IITU.L,BUY,225.0000,200.0400
2024-05-20T21:00:00+00:00,IPWR,BUY,415.0000,296.6200
2024-05-20T21:00:00+00:00,ISF.L,SELL,10.0000,148.5600
2024-05-20T21:00:00+00:00,LTBR,SELL,4506.0000,145.9100
2024-05-20T21:00:00+00:00,MOLN.SW,BUY,2886.0000,112.1400
2024-05-20T21:00:00+00:00,MSCL.TO,BUY,1912.0000,205.2700
2024-05-20T21:00:00+00:00,PLTR,BUY,684.0000,337.1400
2024-05-20T21:00:00+00:00,PRQR,BUY,607.0000,332.1400
2024-05-20T21:00:00+00:00,QSI,SELL,885.0000,279.0200
2024-05-20T21:00:00+00:00,RR.L,SELL,59.0000,659.4200
2024-05-20T21:00:00+00:00,SEYE.ST,SELL,2065.0000,297.3000
2024-05-20T21:00:00+00:00,SGLN.L,BUY,1617.0000,156.0700
2024-05-20T21:00:00+00:00,SHEL.L,BUY,1020.0000,247.6300
2024-05-20T21:00:00+00:00,SLX.AX,SELL,947.0000,966.4000
2024-05-20T21:00:00+00:00,SMGB.L,SELL,142.0000,229.5200
2024-05-20T21:00:00+00:00,VUL.AX,SELL,6920.0000,247.1900
2024-05-20T21:00:00+00:00,VYGR,SELL,211.0000,366.3600
2024-05-20T21:00:00+00:00,WBT.AX,BUY,5335.0000,187.2400
2024-06-19T21:00:00+00:00,AL3.AX,BUY,504.0000,146.2300
2024-06-19T21:00:00+00:00,ALCLS.PA,BUY,6624.0000,193.0600
2024-06-19T21:00:00+00:00,ALMDT.PA,BUY,2859.0000,247.0900
2024-06-19T21:00:00+00:00,AXE.AX,BUY,2456.0000,195.5800
2024-06-19T21:00:00+00:00,AZN.L,BUY,179.0000,194.4200
2024-06-19T21:00:00+00:00,BGO.L,SELL,776.0000,247.3700
2024-06-19T21:00:00+00:00,BRK-B,BUY,775.0000,194.8500
2024-06-19T21:00:00+00:00,BRNT.L,BUY,107.0000,282.4400
2024-06-19T21:00:00+00:00,DBMG.L,BUY,867.0000,154.5100
2024-06-19T21:00:00+00:00,EDIT,BUY,803.0000,515.0500
2024-06-19T21:00:00+00:00,EMV.AX,BUY,83.0000,171.4100
2024-06-19T21:00:00+00:00,FTC.L,SELL,794.0000,973.1500
2024-06-19T21:00:00+00:00,GSIT,BUY,1737.0000,176.5500
2024-06-19T21:00:00+00:00,HSBA.L,BUY,510.0000,232.3300
2024-06-19T21:00:00+00:00,IBTM.L,BUY,397.0000,104.6400
2024-06-19T21:00:00+00:00,IDN,SELL,1722.0000,210.5900
2024-06-19T21:00:00+00:00,IITU.L,SELL,1689.0000,227.9700
2024-06-19T21:00:00+00:00,IPWR,BUY,1351.0000,274.2500
2024-06-19T21:00:00+00:00,ISF.L,BUY,1308.0000,145.0000
2024-06-19T21:00:00+00:00,LTBR,BUY,8320.0000,111.7000
2024-06-19T21:00:00+00:00,MOLN.SW,SELL,18887.0000,290.8700
2024-06-19T21:00:00+00:00,MSCL.TO,SELL,1895.0000,237.7500
2024-06-19T21:00:00+00:00,PLTR,SELL,1426.0000,402.3300
2024-06-19T21:00:00+00:00,PRQR,BUY,1996.0000,287.8100
2024-06-19T21:00:00+00:00,QSI,BUY,4945.0000,206.3500
2024-06-19T21:00:00+00:00,RR.L,SELL,254.0000,713.3200
2024-06-19T21:00:00+00:00,SEYE.ST,SELL,584.0000,322.1500
2024-06-19T21:00:00+00:00,SGLN.L,BUY,1660.0000,149.7200
2024-06-19T21:00:00+00:00,SHEL.L,BUY,724.0000,242.6800
2024-06-19T21:00:00+00:00,SLX.AX,BUY,1007.0000,779.5600
2024-06-19T21:00:00+00:00,SMGB.L,SELL,1526.0000,262.6000
2024-06-19T21:00:00+00:00,VUL.AX,BUY,2530.0000,216.1400
2024-06-19T21:00:00+00:00,VYGR,BUY,647.0000,353.5300
2024-06-19T21:00:00+00:00,WBT.AX,BUY,595.0000,186.9300
2024-07-18T21:00:00+00:00,AL3.AX,SELL,13739.0000,333.9600
2024-07-18T21:00:00+00:00,ALCLS.PA,SELL,815.0000,205.0300
2024-07-18T21:00:00+00:00,ALMDT.PA,BUY,7425.0000,166.5600
2024-07-18T21:00:00+00:00,AXE.AX,BUY,2620.0000,174.0400
2024-07-18T21:00:00+00:00,AZN.L,BUY,628.0000,191.0500
2024-07-18T21:00:00+00:00,BGO.L,SELL,178.0000,254.3900
2024-07-18T21:00:00+00:00,BRK-B,SELL,752.0000,206.3000
2024-07-18T21:00:00+00:00,BRNT.L,BUY,460.0000,276.9700
2024-07-18T21:00:00+00:00,DBMG.L,BUY,624.0000,152.8900
2024-07-18T21:00:00+00:00,EDIT,SELL,84.0000,529.4900
2024-07-18T21:00:00+00:00,EMV.AX,BUY,171.0000,172.7300
2024-07-18T21:00:00+00:00,FTC.L,SELL,79.0000,1010.0700
2024-07-18T21:00:00+00:00,GSIT,SELL,187.0000,181.0000
2024-07-18T21:00:00+00:00,HSBA.L,BUY,951.0000,222.4400
2024-07-18T21:00:00+00:00,IBTM.L,BUY,891.0000,103.6300
2024-07-18T21:00:00+00:00,IDN,BUY,560.0000,207.1800
2024-07-18T21:00:00+00:00,IITU.L,BUY,1302.0000,214.0300
2024-07-18T21:00:00+00:00,IPWR,SELL,492.0000,289.3800
2024-07-18T21:00:00+00:00,ISF.L,BUY,356.0000,145.2300
2024-07-18T21:00:00+00:00,LTBR,SELL,7226.0000,146.0400
2024-07-18T21:00:00+00:00,MOLN.SW,BUY,5761.0000,201.9600
2024-07-18T21:00:00+00:00,MSCL.TO,BUY,2496.0000,207.5000
2024-07-18T21:00:00+00:00,PLTR,SELL,568.0000,436.2800
2024-07-18T21:00:00+00:00,PRQR,SELL,488.0000,304.1700
2024-07-18T21:00:00+00:00,QSI,BUY,4365.0000,167.8500
2024-07-18T21:00:00+00:00,RR.L,BUY,529.0000,656.1000
2024-07-18T21:00:00+00:00,SEYE.ST,BUY,1180.0000,296.1500
2024-07-18T21:00:00+00:00,SGLN.L,SELL,534.0000,155.5300
2024-07-18T21:00:00+00:00,SHEL.L,SELL,226.0000,250.3200
2024-07-18T21:00:00+00:00,SLX.AX,BUY,521.0000,711.9300
2024-07-18T21:00:00+00:00,SMGB.L,BUY,2038.0000,232.3900
2024-07-18T21:00:00+00:00,VUL.AX,BUY,406.0000,214.3700
2024-07-18T21:00:00+00:00,VYGR,BUY,60.0000,357.0400
2024-07-18T21:00:00+00:00,WBT.AX,SELL,268.0000,192.5600
2024-08-16T21:00:00+00:00,AL3.AX,BUY,640.0000,321.1700
2024-08-16T21:00:00+00:00,ALCLS.PA,BUY,862.0000,199.0700
2024-08-16T21:00:00+00:00,ALMDT.PA,SELL,14561.0000,498.1500
2024-08-16T21:00:00+00:00,AXE.AX,BUY,7130.0000,132.4100
2024-08-16T21:00:00+00:00,AZN.L,SELL,1153.0000,206.8100
2024-08-16T21:00:00+00:00,BGO.L,BUY,3027.0000,214.0400
2024-08-16T21:00:00+00:00,BRK-B,SELL,1.0000,209.9400
2024-08-16T21:00:00+00:00,BRNT.L,BUY,724.0000,267.2700
2024-08-16T21:00:00+00:00,DBMG.L,BUY,1682.0000,145.4100
2024-08-16T21:00:00+00:00,EDIT,BUY,2312.0000,404.2100
2024-08-16T21:00:00+00:00,EMV.AX,SELL,1082.0000,185.1900
2024-08-16T21:00:00+00:00,FTC.L,BUY,342.0000,939.6000
2024-08-16T21:00:00+00:00,GSIT,BUY,3626.0000,156.2800
2024-08-16T21:00:00+00:00,HSBA.L,BUY,274.0000,222.6700
2024-08-16T21:00:00+00:00,IBTM.L,SELL,332.0000,106.4500
2024-08-16T21:00:00+00:00,IDN,BUY,8168.0000,144.3700
2024-08-16T21:00:00+00:00,IITU.L,BUY,263.0000,214.5200
2024-08-16T21:00:00+00:00,IPWR,SELL,666.0000,310.7600
2024-08-16T21:00:00+00:00,ISF.L,SELL,40.0000,148.0200
2024-08-16T21:00:00+00:00,LTBR,BUY,7139.0000,115.7800
2024-08-16T21:00:00+00:00,MOLN.SW,BUY,1387.0000,190.9600
2024-08-16T21:00:00+00:00,MSCL.TO,BUY,176.0000,209.0700
2024-08-16T21:00:00+00:00,PLTR,SELL,859.0000,494.3000
2024-08-16T21:00:00+00:00,PRQR,SELL,2138.0000,376.0500
2024-08-16T21:00:00+00:00,QSI,BUY,2731.0000,151.8700
2024-08-16T21:00:00+00:00,RR.L,SELL,656.0000,756.3400
2024-08-16T21:00:00+00:00,SEYE.ST,SELL,988.0000,327.4000
2024-08-16T21:00:00+00:00,SGLN.L,BUY,53.0000,157.9100
2024-08-16T21:00:00+00:00,SHEL.L,BUY,357.0000,248.6900
2024-08-16T21:00:00+00:00,SLX.AX,BUY,983.0000,608.6500
2024-08-16T21:00:00+00:00,SMGB.L,BUY,646.0000,227.2100
2024-08-16T21:00:00+00:00,VUL.AX,BUY,2383.0000,191.5300
2024-08-16T21:00:00+00:00,VYGR,BUY,3200.0000,277.1800
2024-08-16T21:00:00+00:00,WBT.AX,BUY,4487.0000,158.6600
2024-09-17T21:00:00+00:00,AL3.AX,SELL,570.0000,319.2200
2024-09-17T21:00:00+00:00,ALCLS.PA,SELL,3021.0000,224.2200
2024-09-17T21:00:00+00:00,ALMDT.PA,BUY,3103.0000,333.2100
2024-09-17T21:00:00+00:00,AXE.AX,BUY,1003.0000,120.8700
2024-09-17T21:00:00+00:00,AZN.L,BUY,550.0000,189.7200
2024-09-17T21:00:00+00:00,BGO.L,BUY,763.0000,193.8600
2024-09-17T21:00:00+00:00,BRK-B,SELL,977.0000,209.9600
2024-09-17T21:00:00+00:00,BRNT.L,BUY,614.0000,242.0200
2024-09-17T21:00:00+00:00,DBMG.L,SELL,761.0000,141.6400
2024-09-17T21:00:00+00:00,EDIT,BUY,59.0000,379.6900
2024-09-17T21:00:00+00:00,EMV.AX,SELL,806.0000,182.3300
2024-09-17T21:00:00+00:00,FTC.L,SELL,335.0000,969.8000
2024-09-17T21:00:00+00:00,GSIT,SELL,4578.0000,182.6700
2024-09-17T21:00:00+00:00,HSBA.L,SELL,1044.0000,224.4300
2024-09-17T21:00:00+00:00,IBTM.L,SELL,2047.0000,106.8500
2024-09-17T21:00:00+00:00,IDN,BUY,1528.0000,128.8700
2024-09-17T21:00:00+00:00,IITU.L,SELL,473.0000,208.4300
2024-09-17T21:00:00+00:00,IPWR,BUY,293.0000,286.7900
2024-09-17T21:00:00+00:00,ISF.L,SELL,1428.0000,148.3000
2024-09-17T21:00:00+00:00,LTBR,BUY,843.0000,106.6600
2024-09-17T21:00:00+00:00,MOLN.SW,BUY,3855.0000,150.8300
2024-09-17T21:00:00+00:00,MSCL.TO,SELL,344.0000,201.5100
2024-09-17T21:00:00+00:00,PLTR,SELL,1099.0000,546.7000
2024-09-17T21:00:00+00:00,PRQR,BUY,1666.0000,304.4900
2024-09-17T21:00:00+00:00,QSI,SELL,835.0000,148.5900
2024-09-17T21:00:00+00:00,RR.L,SELL,214.0000,747.2800
2024-09-17T21:00:00+00:00,SEYE.ST,BUY,3566.0000,235.8800
2024-09-17T21:00:00+00:00,SGLN.L,SELL,1544.0000,159.6800
2024-09-17T21:00:00+00:00,SHEL.L,BUY,448.0000,228.2800
2024-09-17T21:00:00+00:00,SLX.AX,BUY,871.0000,503.8900
2024-09-17T21:00:00+00:00,SMGB.L,BUY,34.0000,214.3300
2024-09-17T21:00:00+00:00,VUL.AX,BUY,176.0000,179.4300
2024-09-17T21:00:00+00:00,VYGR,BUY,93.0000,260.2200
2024-09-17T21:00:00+00:00,WBT.AX,BUY,220.0000,148.5900
2024-10-16T21:00:00+00:00,AL3.AX,BUY,868.0000,330.0600
2024-10-16T21:00:00+00:00,ALCLS.PA,BUY,4629.0000,193.2800
2024-10-16T21:00:00+00:00,ALMDT.PA,BUY,2088.0000,310.4400
2024-10-16T21:00:00+00:00,AXE.AX,BUY,1308.0000,129.0000
2024-10-16T21:00:00+00:00,AZN.L,BUY,2046.0000,190.6100
2024-10-16T21:00:00+00:00,BGO.L,BUY,3685.0000,179.8200
2024-10-16T21:00:00+00:00,BRK-B,BUY,1372.0000,216.4700
2024-10-16T21:00:00+00:00,BRNT.L,BUY,1186.0000,249.6000
2024-10-16T21:00:00+00:00,DBMG.L,BUY,2707.0000,142.4800
2024-10-16T21:00:00+00:00,EDIT,BUY,2177.0000,343.1200
2024-10-16T21:00:00+00:00,EMV.AX,BUY,3297.0000,173.7500
2024-10-16T21:00:00+00:00,FTC.L,BUY,350.0000,986.5800
2024-10-16T21:00:00+00:00,GSIT,SELL,3848.0000,254.2000
2024-10-16T21:00:00+00:00,HSBA.L,BUY,1524.0000,228.1600
2024-10-16T21:00:00+00:00,IBTM.L,BUY,4164.0000,105.8200
2024-10-16T21:00:00+00:00,IDN,BUY,699.0000,140.1200
2024-10-16T21:00:00+00:00,IITU.L,BUY,822.0000,221.6600
2024-10-16T21:00:00+00:00,IPWR,BUY,1410.0000,286.9500
2024-10-16T21:00:00+00:00,ISF.L,BUY,2650.0000,148.8100
2024-10-16T21:00:00+00:00,LTBR,SELL,14610.0000,212.6200
2024-10-16T21:00:00+00:00,MOLN.SW,BUY,3393.0000,146.9100
2024-10-16T21:00:00+00:00,MSCL.TO,SELL,3273.0000,276.1900
2024-10-16T21:00:00+00:00,PLTR,SELL,268.0000,635.8700
2024-10-16T21:00:00+00:00,PRQR,SELL,5783.0000,676.2800
2024-10-16T21:00:00+00:00,QSI,BUY,7719.0000,125.1000
2024-10-16T21:00:00+00:00,RR.L,SELL,69.0000,845.4100
2024-10-16T21:00:00+00:00,SEYE.ST,BUY,5408.0000,193.2800
2024-10-16T21:00:00+00:00,SGLN.L,BUY,1271.0000,168.3700
2024-10-16T21:00:00+00:00,SHEL.L,BUY,1975.0000,225.7400
2024-10-16T21:00:00+00:00,SLX.AX,SELL,934.0000,648.0600
2024-10-16T21:00:00+00:00,SMGB.L,BUY,1152.0000,223.3800
2024-10-16T21:00:00+00:00,VUL.AX,SELL,3724.0000,246.6800
2024-10-16T21:00:00+00:00,VYGR,SELL,1768.0000,333.5200
2024-10-16T21:00:00+00:00,WBT.AX,BUY,696.0000,160.9700
2024-11-14T21:00:00+00:00,AL3.AX,SELL,3732.0000,521.2500
2024-11-14T21:00:00+00:00,ALCLS.PA,BUY,2577.0000,186.3300
2024-11-14T21:00:00+00:00,ALMDT.PA,SELL,39.0000,338.1300
2024-11-14T21:00:00+00:00,AXE.AX,SELL,10123.0000,209.4500
2024-11-14T21:00:00+00:00,AZN.L,BUY,5556.0000,163.1500
2024-11-14T21:00:00+00:00,BGO.L,BUY,1315.0000,184.2100
2024-11-14T21:00:00+00:00,BRK-B,BUY,938.0000,223.5500
2024-11-14T21:00:00+00:00,BRNT.L,BUY,1113.0000,253.1900
2024-11-14T21:00:00+00:00,DBMG.L,BUY,2276.0000,142.9500
2024-11-14T21:00:00+00:00,EDIT,BUY,3622.0000,283.2800
2024-11-14T21:00:00+00:00,EMV.AX,BUY,2733.0000,168.3900
2024-11-14T21:00:00+00:00,FTC.L,BUY,256.0000,1006.7100
2024-11-14T21:00:00+00:00,GSIT,BUY,8903.0000,175.3600
2024-11-14T21:00:00+00:00,HSBA.L,BUY,402.0000,242.1100
2024-11-14T21:00:00+00:00,IBTM.L,BUY,3437.0000,105.2000
2024-11-14T21:00:00+00:00,IDN,SELL,1644.0000,161.5900
2024-11-14T21:00:00+00:00,IITU.L,BUY,555.0000,233.4000
2024-11-14T21:00:00+00:00,IPWR,BUY,3125.0000,253.8500
2024-11-14T21:00:00+00:00,ISF.L,BUY,3094.0000,144.6900
2024-11-14T21:00:00+00:00,LTBR,SELL,5533.0000,329.0700
2024-11-14T21:00:00+00:00,MOLN.SW,SELL,1333.0000,167.8600
2024-11-14T21:00:00+00:00,MSCL.TO,SELL,2104.0000,351.7500
2024-11-14T21:00:00+00:00,PLTR,SELL,1561.0000,922.8200
2024-11-14T21:00:00+00:00,PRQR,BUY,435.0000,683.2900
2024-11-14T21:00:00+00:00,QSI,BUY,3347.0000,122.8000
2024-11-14T21:00:00+00:00,RR.L,BUY,538.0000,823.0700
2024-11-14T21:00:00+00:00,SEYE.ST,BUY,3311.0000,180.5600
2024-11-14T21:00:00+00:00,SGLN.L,BUY,2397.0000,165.8500
2024-11-14T21:00:00+00:00,SHEL.L,BUY,1307.0000,228.0600
2024-11-14T21:00:00+00:00,SLX.AX,SELL,353.0000,747.1000
2024-11-14T21:00:00+00:00,SMGB.L,BUY,1165.0000,227.5400
2024-11-14T21:00:00+00:00,VUL.AX,SELL,1859.0000,303.1100
2024-11-14T21:00:00+00:00,VYGR,BUY,4054.0000,269.6700
2024-11-14T21:00:00+00:00,WBT.AX,SELL,8068.0000,260.6500
2024-12-13T21:00:00+00:00,AL3.AX,BUY,3880.0000,355.7800
2024-12-13T21:00:00+00:00,ALCLS.PA,BUY,1539.0000,175.5000
2024-12-13T21:00:00+00:00,ALMDT.PA,BUY,1026.0000,314.3300
2024-12-13T21:00:00+00:00,AXE.AX,BUY,3166.0000,182.2600
2024-12-13T21:00:00+00:00,AZN.L,SELL,312.0000,165.9400
2024-12-13T21:00:00+00:00,BGO.L,BUY,2173.0000,169.3000
2024-12-13T21:00:00+00:00,BRK-B,BUY,461.0000,219.3800
2024-12-13T21:00:00+00:00,BRNT.L,SELL,427.0000,261.0400
2024-12-13T21:00:00+00:00,DBMG.L,SELL,120.0000,144.2400
2024-12-13T21:00:00+00:00,EDIT,BUY,14035.0000,147.6100
2024-12-13T21:00:00+00:00,EMV.AX,BUY,1813.0000,157.9600
2024-12-13T21:00:00+00:00,FTC.L,BUY,199.0000,966.4400
2024-12-13T21:00:00+00:00,GSIT,BUY,346.0000,173.7700
2024-12-13T21:00:00+00:00,HSBA.L,SELL,1303.0000,262.6800
2024-12-13T21:00:00+00:00,IBTM.L,SELL,399.0000,106.7700
2024-12-13T21:00:00+00:00,IDN,SELL,4956.0000,199.7600
2024-12-13T21:00:00+00:00,IITU.L,SELL,364.0000,239.3100
2024-12-13T21:00:00+00:00,IPWR,BUY,496.0000,247.8200
2024-12-13T21:00:00+00:00,ISF.L,SELL,697.0000,148.9200
2024-12-13T21:00:00+00:00,LTBR,BUY,7077.0000,214.1900
2024-12-13T21:00:00+00:00,MOLN.SW,BUY,461.0000,165.7000
2024-12-13T21:00:00+00:00,MSCL.TO,SELL,1561.0000,405.5000
2024-12-13T21:00:00+00:00,PLTR,SELL,1021.0000,1188.9600
2024-12-13T21:00:00+00:00,PRQR,BUY,2503.0000,490.6800
2024-12-13T21:00:00+00:00,QSI,SELL,19032.0000,271.7600
2024-12-13T21:00:00+00:00,RR.L,SELL,224.0000,864.4300
2024-12-13T21:00:00+00:00,SEYE.ST,BUY,599.0000,176.9900
2024-12-13T21:00:00+00:00,SGLN.L,SELL,871.0000,172.5000
2024-12-13T21:00:00+00:00,SHEL.L,BUY,343.0000,225.0800
2024-12-13T21:00:00+00:00,SLX.AX,SELL,376.0000,803.4900
2024-12-13T21:00:00+00:00,SMGB.L,BUY,2.0000,228.6400
2024-12-13T21:00:00+00:00,VUL.AX,BUY,1000.0000,284.4800
2024-12-13T21:00:00+00:00,VYGR,SELL,85.0000,272.4700
2024-12-13T21:00:00+00:00,WBT.AX,BUY,1617.0000,238.4700
2025-01-16T21:00:00+00:00,AL3.AX,BUY,886.0000,349.9100
2025-01-16T21:00:00+00:00,ALCLS.PA,BUY,2093.0000,170.6900
2025-01-16T21:00:00+00:00,ALMDT.PA,SELL,2846.0000,418.9300
2025-01-16T21:00:00+00:00,AXE.AX,SELL,3162.0000,222.1500
2025-01-16T21:00:00+00:00,AZN.L,BUY,493.0000,171.9000
2025-01-16T21:00:00+00:00,BGO.L,SELL,521.0000,182.4600
2025-01-16T21:00:00+00:00,BRK-B,BUY,170.0000,229.5900
2025-01-16T21:00:00+00:00,BRNT.L,SELL,1008.0000,293.5000
2025-01-16T21:00:00+00:00,DBMG.L,BUY,196.0000,151.2700
2025-01-16T21:00:00+00:00,EDIT,BUY,5362.0000,131.6100
2025-01-16T21:00:00+00:00,EMV.AX,BUY,1138.0000,160.0600
2025-01-16T21:00:00+00:00,FTC.L,SELL,963.0000,1302.0100
2025-01-16T21:00:00+00:00,GSIT,SELL,711.0000,188.8600
2025-01-16T21:00:00+00:00,HSBA.L,SELL,180.0000,280.3700
2025-01-16T21:00:00+00:00,IBTM.L,BUY,1433.0000,108.8400
2025-01-16T21:00:00+00:00,IDN,BUY,2805.0000,186.5700
2025-01-16T21:00:00+00:00,IITU.L,BUY,848.0000,241.2500
2025-01-16T21:00:00+00:00,IPWR,SELL,2966.0000,315.5100
2025-01-16T21:00:00+00:00,ISF.L,BUY,1199.0000,150.9400
2025-01-16T21:00:00+00:00,LTBR,SELL,2299.0000,255.3300
2025-01-16T21:00:00+00:00,MOLN.SW,BUY,178.0000,173.7300
2025-01-16T21:00:00+00:00,MSCL.TO,BUY,2125.0000,356.6200
2025-01-16T21:00:00+00:00,PLTR,BUY,435.0000,1120.5700
2025-01-16T21:00:00+00:00,PRQR,BUY,2231.0000,412.9200
2025-01-16T21:00:00+00:00,QSI,SELL,4902.0000,415.5500
2025-01-16T21:00:00+00:00,RR.L,BUY,220.0000,873.7900
2025-01-16T21:00:00+00:00,SEYE.ST,BUY,1642.0000,175.0100
2025-01-16T21:00:00+00:00,SGLN.L,BUY,33.0000,181.8500
2025-01-16T21:00:00+00:00,SHEL.L,SELL,367.0000,242.2500
2025-01-16T21:00:00+00:00,SLX.AX,BUY,63.0000,838.3000
2025-01-16T21:00:00+00:00,SMGB.L,SELL,352.0000,245.9600
2025-01-16T21:00:00+00:00,VUL.AX,BUY,236.0000,295.6900
2025-01-16T21:00:00+00:00,VYGR,BUY,4158.0000,227.6800
2025-01-16T21:00:00+00:00,WBT.AX,BUY,4164.0000,204.5300
2025-02-14T21:00:00+00:00,AL3.AX,BUY,1555.0000,314.0400
2025-02-14T21:00:00+00:00,ALCLS.PA,BUY,1343.0000,163.3000
2025-02-14T21:00:00+00:00,ALMDT.PA,BUY,8926.0000,230.9100
2025-02-14T21:00:00+00:00,AXE.AX,BUY,2900.0000,195.5300
2025-02-14T21:00:00+00:00,AZN.L,SELL,1828.0000,185.6000
2025-02-14T21:00:00+00:00,BGO.L,BUY,1389.0000,173.6800
2025-02-14T21:00:00+00:00,BRK-B,SELL,95.0000,231.8500
2025-02-14T21:00:00+00:00,BRNT.L,BUY,1241.0000,273.0700
2025-02-14T21:00:00+00:00,DBMG.L,BUY,1184.0000,146.2600
2025-02-14T21:00:00+00:00,EDIT,SELL,2532.0000,142.7400
2025-02-14T21:00:00+00:00,EMV.AX,SELL,2683.0000,177.6600
2025-02-14T21:00:00+00:00,FTC.L,SELL,325.0000,1442.9500
2025-02-14T21:00:00+00:00,GSIT,SELL,4337.0000,231.5700
2025-02-14T21:00:00+00:00,HSBA.L,SELL,891.0000,298.1600
2025-02-14T21:00:00+00:00,IBTM.L,BUY,850.0000,107.2000
2025-02-14T21:00:00+00:00,IDN,BUY,1840.0000,174.3300
2025-02-14T21:00:00+00:00,IITU.L,BUY,226.0000,239.5800
2025-02-14T21:00:00+00:00,IPWR,BUY,2973.0000,262.8000
2025-02-14T21:00:00+00:00,ISF.L,SELL,1060.0000,157.2300
2025-02-14T21:00:00+00:00,LTBR,SELL,10375.0000,615.7000
2025-02-14T21:00:00+00:00,MOLN.SW,BUY,5254.0000,145.3800
2025-02-14T21:00:00+00:00,MSCL.TO,BUY,2061.0000,308.4900
2025-02-14T21:00:00+00:00,PLTR,SELL,1625.0000,1879.3300
2025-02-14T21:00:00+00:00,PRQR,SELL,219.0000,423.4000
2025-02-14T21:00:00+00:00,QSI,BUY,3752.0000,310.9000
2025-02-14T21:00:00+00:00,RR.L,SELL,357.0000,942.9300
2025-02-14T21:00:00+00:00,SEYE.ST,BUY,7444.0000,136.6800
2025-02-14T21:00:00+00:00,SGLN.L,SELL,666.0000,187.7700
2025-02-14T21:00:00+00:00,SHEL.L,BUY,3.0000,243.4200
2025-02-14T21:00:00+00:00,SLX.AX,BUY,912.0000,721.1700
2025-02-14T21:00:00+00:00,SMGB.L,BUY,1005.0000,234.4300
2025-02-14T21:00:00+00:00,VUL.AX,BUY,7803.0000,197.0600
2025-02-14T21:00:00+00:00,VYGR,BUY,4659.0000,185.4900
2025-02-14T21:00:00+00:00,WBT.AX,BUY,5281.0000,166.0600
2025-03-17T21:00:00+00:00,AL3.AX,BUY,1233.0000,264.8400
2025-03-17T21:00:00+00:00,ALCLS.PA,BUY,5015.0000,126.6700
2025-03-17T21:00:00+00:00,ALMDT.PA,SELL,523.0000,216.9900
2025-03-17T21:00:00+00:00,AXE.AX,BUY,2852.0000,159.4100
2025-03-17T21:00:00+00:00,AZN.L,SELL,2780.0000,191.4400
2025-03-17T21:00:00+00:00,BGO.L,BUY,3104.0000,142.1100
2025-03-17T21:00:00+00:00,BRK-B,SELL,2689.0000,245.6600
2025-03-17T21:00:00+00:00,BRNT.L,SELL,224.0000,253.2100
2025-03-17T21:00:00+00:00,DBMG.L,SELL,692.0000,136.8400
2025-03-17T21:00:00+00:00,EDIT,SELL,2507.0000,141.7000
2025-03-17T21:00:00+00:00,EMV.AX,BUY,2221.0000,149.6000
2025-03-17T21:00:00+00:00,FTC.L,SELL,269.0000,1442.9500
2025-03-17T21:00:00+00:00,GSIT,BUY,4251.0000,174.2700
2025-03-17T21:00:00+00:00,HSBA.L,SELL,1848.0000,310.2400
2025-03-17T21:00:00+00:00,IBTM.L,SELL,3128.0000,105.8500
2025-03-17T21:00:00+00:00,IDN,SELL,317.0000,161.4400
2025-03-17T21:00:00+00:00,IITU.L,BUY,1128.0000,206.9300
2025-03-17T21:00:00+00:00,IPWR,BUY,5644.0000,181.4600
2025-03-17T21:00:00+00:00,ISF.L,SELL,2522.0000,157.5300
2025-03-17T21:00:00+00:00,LTBR,BUY,2582.0000,417.7800
2025-03-17T21:00:00+00:00,MOLN.SW,BUY,3615.0000,119.2700
2025-03-17T21:00:00+00:00,MSCL.TO,SELL,2682.0000,344.7100
2025-03-17T21:00:00+00:00,PLTR,BUY,691.0000,1338.5200
2025-03-17T21:00:00+00:00,PRQR,BUY,3670.0000,288.9800
2025-03-17T21:00:00+00:00,QSI,BUY,1656.0000,255.6000
2025-03-17T21:00:00+00:00,RR.L,SELL,1390.0000,1210.1400
2025-03-17T21:00:00+00:00,SEYE.ST,SELL,8292.0000,166.3500
2025-03-17T21:00:00+00:00,SGLN.L,SELL,2176.0000,188.6700
2025-03-17T21:00:00+00:00,SHEL.L,SELL,1609.0000,243.6000
2025-03-17T21:00:00+00:00,SLX.AX,BUY,1488.0000,534.1500
2025-03-17T21:00:00+00:00,SMGB.L,BUY,729.0000,206.7300
2025-03-17T21:00:00+00:00,VUL.AX,SELL,3660.0000,214.1100
2025-03-17T21:00:00+00:00,VYGR,BUY,590.0000,165.7300
2025-03-17T21:00:00+00:00,WBT.AX,BUY,742.0000,147.9300
2025-04-15T21:00:00+00:00,AL3.AX,SELL,3589.0000,319.5900
2025-04-15T21:00:00+00:00,ALCLS.PA,SELL,7855.0000,155.0000
2025-04-15T21:00:00+00:00,ALMDT.PA,SELL,1233.0000,216.1000
2025-04-15T21:00:00+00:00,AXE.AX,BUY,3495.0000,131.0900
2025-04-15T21:00:00+00:00,AZN.L,BUY,1729.0000,165.3300
2025-04-15T21:00:00+00:00,BGO.L,SELL,1653.0000,140.3500
2025-04-15T21:00:00+00:00,BRK-B,SELL,1013.0000,243.4900
2025-04-15T21:00:00+00:00,BRNT.L,BUY,659.0000,226.9400
2025-04-15T21:00:00+00:00,DBMG.L,SELL,1289.0000,133.1700
2025-04-15T21:00:00+00:00,EDIT,SELL,241.0000,133.1600
2025-04-15T21:00:00+00:00,EMV.AX,SELL,1957.0000,149.9500
2025-04-15T21:00:00+00:00,FTC.L,BUY,35.0000,1328.8600
2025-04-15T21:00:00+00:00,GSIT,SELL,2259.0000,179.3400
2025-04-15T21:00:00+00:00,HSBA.L,BUY,594.0000,276.9400
2025-04-15T21:00:00+00:00,IBTM.L,SELL,1976.0000,103.8600
2025-04-15T21:00:00+00:00,IDN,SELL,1201.0000,157.8000
2025-04-15T21:00:00+00:00,IITU.L,SELL,40.0000,193.2500
2025-04-15T21:00:00+00:00,IPWR,BUY,160.0000,167.9700
2025-04-15T21:00:00+00:00,ISF.L,SELL,662.0000,150.5900
2025-04-15T21:00:00+00:00,LTBR,BUY,2136.0000,320.8500
2025-04-15T21:00:00+00:00,MOLN.SW,SELL,1966.0000,117.7800
2025-04-15T21:00:00+00:00,MSCL.TO,BUY,2438.0000,267.4600
2025-04-15T21:00:00+00:00,PLTR,SELL,489.0000,1479.9300
2025-04-15T21:00:00+00:00,PRQR,BUY,5154.0000,198.5400
2025-04-15T21:00:00+00:00,QSI,BUY,4476.0000,187.0100
2025-04-15T21:00:00+00:00,RR.L,BUY,73.0000,1104.7700
2025-04-15T21:00:00+00:00,SEYE.ST,SELL,1649.0000,165.9500
2025-04-15T21:00:00+00:00,SGLN.L,SELL,2611.0000,199.3700
2025-04-15T21:00:00+00:00,SHEL.L,BUY,887.0000,215.8800
2025-04-15T21:00:00+00:00,SLX.AX,BUY,2513.0000,376.7600
2025-04-15T21:00:00+00:00,SMGB.L,BUY,1234.0000,181.6000
2025-04-15T21:00:00+00:00,VUL.AX,SELL,1045.0000,210.8700
2025-04-15T21:00:00+00:00,VYGR,BUY,3799.0000,134.2300
2025-04-15T21:00:00+00:00,WBT.AX,BUY,2372.0000,127.1900
2025-05-19T21:00:00+00:00,AL3.AX,BUY,1858.0000,300.8600
2025-05-19T21:00:00+00:00,ALCLS.PA,BUY,4147.0000,144.3400
2025-05-19T21:00:00+00:00,ALMDT.PA,BUY,5033.0000,183.2600
2025-05-19T21:00:00+00:00,AXE.AX,BUY,1202.0000,136.7000
2025-05-19T21:00:00+00:00,AZN.L,BUY,1776.0000,166.8000
2025-05-19T21:00:00+00:00,BGO.L,SELL,985.0000,157.8900
2025-05-19T21:00:00+00:00,BRK-B,BUY,2071.0000,233.8900
2025-05-19T21:00:00+00:00,BRNT.L,BUY,1204.0000,230.0900
2025-05-19T21:00:00+00:00,DBMG.L,BUY,2956.0000,131.2200
2025-05-19T21:00:00+00:00,EDIT,SELL,209.0000,145.5200
2025-05-19T21:00:00+00:00,EMV.AX,BUY,4402.0000,139.1100
2025-05-19T21:00:00+00:00,FTC.L,SELL,351.0000,1637.5800
2025-05-19T21:00:00+00:00,GSIT,SELL,1267.0000,206.6500
2025-05-19T21:00:00+00:00,HSBA.L,SELL,615.0000,314.2300
2025-05-19T21:00:00+00:00,IBTM.L,BUY,3790.0000,102.3400
2025-05-19T21:00:00+00:00,IDN,SELL,4823.0000,212.8300
2025-05-19T21:00:00+00:00,IITU.L,SELL,1028.0000,220.9600
2025-05-19T21:00:00+00:00,IPWR,SELL,602.0000,187.1100
2025-05-19T21:00:00+00:00,ISF.L,BUY,637.0000,159.4600
2025-05-19T21:00:00+00:00,LTBR,SELL,2531.0000,439.8800
2025-05-19T21:00:00+00:00,MOLN.SW,BUY,3917.0000,114.2500
2025-05-19T21:00:00+00:00,MSCL.TO,BUY,1965.0000,255.6700
2025-05-19T21:00:00+00:00,PLTR,SELL,386.0000,1881.2900
2025-05-19T21:00:00+00:00,PRQR,SELL,4655.0000,282.4900
2025-05-19T21:00:00+00:00,QSI,SELL,917.0000,212.2600
2025-05-19T21:00:00+00:00,RR.L,SELL,137.0000,1247.1000
2025-05-19T21:00:00+00:00,SEYE.ST,SELL,3667.0000,213.4200
2025-05-19T21:00:00+00:00,SGLN.L,BUY,1813.0000,197.9400
2025-05-19T21:00:00+00:00,SHEL.L,BUY,531.0000,227.5300
2025-05-19T21:00:00+00:00,SLX.AX,SELL,43.0000,410.5300
2025-05-19T21:00:00+00:00,SMGB.L,SELL,1710.0000,214.1200
2025-05-19T21:00:00+00:00,VUL.AX,BUY,2410.0000,202.3700
2025-05-19T21:00:00+00:00,VYGR,BUY,740.0000,142.0200
2025-05-19T21:00:00+00:00,WBT.AX,BUY,2659.0000,126.9700
2025-06-18T21:00:00+00:00,AL3.AX,BUY,2295.0000,271.2400
2025-06-18T21:00:00+00:00,ALCLS.PA,BUY,3553.0000,135.0100
2025-06-18T21:00:00+00:00,ALMDT.PA,BUY,21254.0000,100.0000
2025-06-18T21:00:00+00:00,AXE.AX,BUY,2699.0000,131.8700
2025-06-18T21:00:00+00:00,AZN.L,BUY,795.0000,169.6400
2025-06-18T21:00:00+00:00,BGO.L,BUY,550.0000,162.2800
2025-06-18T21:00:00+00:00,BRK-B,BUY,2134.0000,219.4000
2025-06-18T21:00:00+00:00,BRNT.L,SELL,1498.0000,262.8000
2025-06-18T21:00:00+00:00,DBMG.L,BUY,1141.0000,132.9300
2025-06-18T21:00:00+00:00,EDIT,SELL,9539.0000,227.3900
2025-06-18T21:00:00+00:00,EMV.AX,SELL,336.0000,147.5500
2025-06-18T21:00:00+00:00,FTC.L,SELL,566.0000,2201.3400
2025-06-18T21:00:00+00:00,GSIT,BUY,1883.0000,198.4700
2025-06-18T21:00:00+00:00,HSBA.L,BUY,764.0000,311.8800
2025-06-18T21:00:00+00:00,IBTM.L,BUY,1713.0000,103.0700
2025-06-18T21:00:00+00:00,IDN,SELL,6622.0000,335.0800
2025-06-18T21:00:00+00:00,IITU.L,BUY,406.0000,226.9600
2025-06-18T21:00:00+00:00,IPWR,BUY,4494.0000,163.6800
2025-06-18T21:00:00+00:00,ISF.L,BUY,785.0000,162.4500
2025-06-18T21:00:00+00:00,LTBR,SELL,1609.0000,554.3100
2025-06-18T21:00:00+00:00,MOLN.SW,BUY,3278.0000,110.0800
2025-06-18T21:00:00+00:00,MSCL.TO,BUY,3125.0000,225.5200
2025-06-18T21:00:00+00:00,PLTR,SELL,99.0000,2064.9400
2025-06-18T21:00:00+00:00,PRQR,SELL,998.0000,317.5200
2025-06-18T21:00:00+00:00,QSI,SELL,2925.0000,261.0100
2025-06-18T21:00:00+00:00,RR.L,SELL,121.0000,1356.4100
2025-06-18T21:00:00+00:00,SEYE.ST,BUY,2409.0000,199.5700
2025-06-18T21:00:00+00:00,SGLN.L,BUY,188.0000,205.8100
2025-06-18T21:00:00+00:00,SHEL.L,SELL,508.0000,245.3800
2025-06-18T21:00:00+00:00,SLX.AX,SELL,2067.0000,538.9000
2025-06-18T21:00:00+00:00,SMGB.L,SELL,350.0000,228.6600
2025-06-18T21:00:00+00:00,VUL.AX,BUY,5426.0000,168.4700
2025-06-18T21:00:00+00:00,VYGR,BUY,5787.0000,124.7000
2025-06-18T21:00:00+00:00,WBT.AX,BUY,2192.0000,124.9500
2025-07-17T21:00:00+00:00,AL3.AX,SELL,8122.0000,617.8000
2025-07-17T21:00:00+00:00,ALCLS.PA,SELL,3795.0000,174.7900
2025-07-17T21:00:00+00:00,ALMDT.PA,SELL,15959.0000,178.9700
2025-07-17T21:00:00+00:00,AXE.AX,SELL,527.0000,153.3900
2025-07-17T21:00:00+00:00,AZN.L,BUY,4469.0000,165.8400
2025-07-17T21:00:00+00:00,BGO.L,BUY,6914.0000,148.2500
2025-07-17T21:00:00+00:00,BRK-B,BUY,3467.0000,214.3900
2025-07-17T21:00:00+00:00,BRNT.L,BUY,3590.0000,248.0500
2025-07-17T21:00:00+00:00,DBMG.L,BUY,4413.0000,134.4000
2025-07-17T21:00:00+00:00,EDIT,SELL,308.0000,264.5300
2025-07-17T21:00:00+00:00,EMV.AX,BUY,4652.0000,146.2700
2025-07-17T21:00:00+00:00,FTC.L,BUY,264.0000,2228.1900
2025-07-17T21:00:00+00:00,GSIT,SELL,7199.0000,335.4300
2025-07-17T21:00:00+00:00,HSBA.L,BUY,1047.0000,332.5600
2025-07-17T21:00:00+00:00,IBTM.L,BUY,6120.0000,103.3000
2025-07-17T21:00:00+00:00,IDN,BUY,1809.0000,337.4700
2025-07-17T21:00:00+00:00,IITU.L,BUY,900.0000,248.4000
2025-07-17T21:00:00+00:00,IPWR,SELL,3159.0000,212.1600
2025-07-17T21:00:00+00:00,ISF.L,BUY,3481.0000,164.9400
2025-07-17T21:00:00+00:00,LTBR,BUY,16.0000,633.3600
2025-07-17T21:00:00+00:00,MOLN.SW,BUY,6530.0000,108.4400
2025-07-17T21:00:00+00:00,MSCL.TO,BUY,1663.0000,238.0500
2025-07-17T21:00:00+00:00,PLTR,BUY,84.0000,2275.1400
2025-07-17T21:00:00+00:00,PRQR,SELL,1058.0000,393.3600
2025-07-17T21:00:00+00:00,QSI,BUY,1687.0000,271.8300
2025-07-17T21:00:00+00:00,RR.L,BUY,33.0000,1537.5600
2025-07-17T21:00:00+00:00,SEYE.ST,BUY,1416.0000,214.8000
2025-07-17T21:00:00+00:00,SGLN.L,BUY,3400.0000,203.5000
2025-07-17T21:00:00+00:00,SHEL.L,BUY,3077.0000,240.0400
2025-07-17T21:00:00+00:00,SLX.AX,BUY,547.0000,578.5100
2025-07-17T21:00:00+00:00,SMGB.L,BUY,810.0000,251.2900
2025-07-17T21:00:00+00:00,VUL.AX,BUY,3653.0000,169.3600
2025-07-17T21:00:00+00:00,VYGR,BUY,2821.0000,132.2700
2025-07-17T21:00:00+00:00,WBT.AX,SELL,4466.0000,163.6800
2025-08-15T21:00:00+00:00,AL3.AX,SELL,75.0000,629.8600
2025-08-15T21:00:00+00:00,ALCLS.PA,SELL,10621.0000,278.5300
2025-08-15T21:00:00+00:00,ALMDT.PA,SELL,5816.0000,227.4800
2025-08-15T21:00:00+00:00,AXE.AX,SELL,2304.0000,166.5600
2025-08-15T21:00:00+00:00,AZN.L,SELL,3290.0000,187.7300
2025-08-15T21:00:00+00:00,BGO.L,SELL,835.0000,153.5100
2025-08-15T21:00:00+00:00,BRK-B,BUY,262.0000,214.2000
2025-08-15T21:00:00+00:00,BRNT.L,BUY,873.0000,240.3200
2025-08-15T21:00:00+00:00,DBMG.L,BUY,464.0000,134.1200
2025-08-15T21:00:00+00:00,EDIT,SELL,1567.0000,291.0000
2025-08-15T21:00:00+00:00,EMV.AX,BUY,1215.0000,142.7600
2025-08-15T21:00:00+00:00,FTC.L,BUY,338.0000,1959.7300
2025-08-15T21:00:00+00:00,GSIT,BUY,10725.0000,198.2400
2025-08-15T21:00:00+00:00,HSBA.L,SELL,63.0000,337.3500
2025-08-15T21:00:00+00:00,IBTM.L,BUY,343.0000,103.6300
2025-08-15T21:00:00+00:00,IDN,BUY,1112.0000,317.4100
2025-08-15T21:00:00+00:00,IITU.L,SELL,181.0000,253.1700
2025-08-15T21:00:00+00:00,IPWR,BUY,2878.0000,191.3000
2025-08-15T21:00:00+00:00,ISF.L,SELL,427.0000,168.9700
2025-08-15T21:00:00+00:00,LTBR,SELL,492.0000,681.7300
2025-08-15T21:00:00+00:00,MOLN.SW,BUY,3298.0000,102.3300
2025-08-15T21:00:00+00:00,MSCL.TO,BUY,235.0000,237.8600
2025-08-15T21:00:00+00:00,PLTR,SELL,255.0000,2594.4800
2025-08-15T21:00:00+00:00,PRQR,BUY,2492.0000,333.0200
2025-08-15T21:00:00+00:00,QSI,BUY,12806.0000,162.8400
2025-08-15T21:00:00+00:00,RR.L,SELL,178.0000,1641.8300
2025-08-15T21:00:00+00:00,SEYE.ST,BUY,2240.0000,198.1900
2025-08-15T21:00:00+00:00,SGLN.L,BUY,508.0000,201.4700
2025-08-15T21:00:00+00:00,SHEL.L,SELL,239.0000,245.2600
2025-08-15T21:00:00+00:00,SLX.AX,BUY,1183.0000,514.9100
2025-08-15T21:00:00+00:00,SMGB.L,BUY,221.0000,251.1000
2025-08-15T21:00:00+00:00,VUL.AX,SELL,135.0000,171.8600
2025-08-15T21:00:00+00:00,VYGR,SELL,4608.0000,151.8700
2025-08-15T21:00:00+00:00,WBT.AX,SELL,3462.0000,186.1500
2025-09-16T21:00:00+00:00,AL3.AX,BUY,1696.0000,551.5600
2025-09-16T21:00:00+00:00,ALCLS.PA,SELL,228.0000,298.4500
2025-09-16T21:00:00+00:00,ALMDT.PA,SELL,680.0000,248.2300
2025-09-16T21:00:00+00:00,AXE.AX,BUY,8182.0000,139.2300
2025-09-16T21:00:00+00:00,AZN.L,BUY,2216.0000,183.7500
2025-09-16T21:00:00+00:00,BGO.L,SELL,6734.0000,203.5100
2025-09-16T21:00:00+00:00,BRK-B,BUY,813.0000,219.2300
2025-09-16T21:00:00+00:00,BRNT.L,BUY,500.0000,248.5000
2025-09-16T21:00:00+00:00,DBMG.L,BUY,840.0000,138.8800
2025-09-16T21:00:00+00:00,EDIT,BUY,2449.0000,270.3500
2025-09-16T21:00:00+00:00,EMV.AX,SELL,7848.0000,193.3600
2025-09-16T21:00:00+00:00,FTC.L,BUY,334.0000,1838.9300
2025-09-16T21:00:00+00:00,GSIT,BUY,30.0000,209.5500
2025-09-16T21:00:00+00:00,HSBA.L,SELL,121.0000,359.8800
2025-09-16T21:00:00+00:00,IBTM.L,BUY,2051.0000,105.3000
2025-09-16T21:00:00+00:00,IDN,SELL,147.0000,339.0000
2025-09-16T21:00:00+00:00,IITU.L,BUY,799.0000,257.7500
2025-09-16T21:00:00+00:00,IPWR,BUY,1875.0000,189.2000
2025-09-16T21:00:00+00:00,ISF.L,BUY,1570.0000,170.0100
2025-09-16T21:00:00+00:00,LTBR,BUY,1013.0000,635.7600
2025-09-16T21:00:00+00:00,MOLN.SW,BUY,3188.0000,101.8100
2025-09-16T21:00:00+00:00,MSCL.TO,SELL,474.0000,257.3800
2025-09-16T21:00:00+00:00,PLTR,BUY,212.0000,2480.1000
2025-09-16T21:00:00+00:00,PRQR,BUY,1476.0000,321.5700
2025-09-16T21:00:00+00:00,QSI,SELL,3779.0000,195.8500
2025-09-16T21:00:00+00:00,RR.L,BUY,17.0000,1728.2000
2025-09-16T21:00:00+00:00,SEYE.ST,SELL,5717.0000,269.2800
2025-09-16T21:00:00+00:00,SGLN.L,SELL,851.0000,220.5900
2025-09-16T21:00:00+00:00,SHEL.L,BUY,1234.0000,245.0700
2025-09-16T21:00:00+00:00,SLX.AX,SELL,547.0000,576.6100
2025-09-16T21:00:00+00:00,SMGB.L,BUY,424.0000,260.3200
2025-09-16T21:00:00+00:00,VUL.AX,SELL,3072.0000,202.7700
2025-09-16T21:00:00+00:00,VYGR,SELL,2236.0000,172.1300
2025-09-16T21:00:00+00:00,WBT.AX,SELL,2775.0000,219.0800
2025-10-15T21:00:00+00:00,AL3.AX,BUY,3450.0000,486.9900
2025-10-15T21:00:00+00:00,ALCLS.PA,SELL,2060.0000,401.5100
2025-10-15T21:00:00+00:00,ALMDT.PA,BUY,1893.0000,272.4700
2025-10-15T21:00:00+00:00,AXE.AX,SELL,6977.0000,202.3200
2025-10-15T21:00:00+00:00,AZN.L,BUY,2076.0000,204.7700
2025-10-15T21:00:00+00:00,BGO.L,BUY,10783.0000,172.8100
2025-10-15T21:00:00+00:00,BRK-B,BUY,3845.0000,226.3100
2025-10-15T21:00:00+00:00,BRNT.L,BUY,6010.0000,232.4000
2025-10-15T21:00:00+00:00,DBMG.L,BUY,4569.0000,148.3000
2025-10-15T21:00:00+00:00,EDIT,SELL,3725.0000,396.0400
2025-10-15T21:00:00+00:00,EMV.AX,BUY,15481.0000,148.6000
2025-10-15T21:00:00+00:00,FTC.L,BUY,801.0000,1724.8300
2025-10-15T21:00:00+00:00,GSIT,SELL,6579.0000,335.1600
2025-10-15T21:00:00+00:00,HSBA.L,BUY,3139.0000,355.2400
2025-10-15T21:00:00+00:00,IBTM.L,BUY,8503.0000,107.8000
2025-10-15T21:00:00+00:00,IDN,BUY,5341.0000,303.1300
2025-10-15T21:00:00+00:00,IITU.L,BUY,2737.0000,272.0500
2025-10-15T21:00:00+00:00,IPWR,BUY,4564.0000,194.6700
2025-10-15T21:00:00+00:00,ISF.L,BUY,5217.0000,174.2800
2025-10-15T21:00:00+00:00,LTBR,SELL,2984.0000,1166.4600
2025-10-15T21:00:00+00:00,MOLN.SW,BUY,7866.0000,105.8100
2025-10-15T21:00:00+00:00,MSCL.TO,BUY,633.0000,298.0500
2025-10-15T21:00:00+00:00,PLTR,BUY,234.0000,2671.6400
2025-10-15T21:00:00+00:00,PRQR,SELL,2398.0000,447.1500
2025-10-15T21:00:00+00:00,QSI,SELL,11331.0000,395.4500
2025-10-15T21:00:00+00:00,RR.L,BUY,665.0000,1700.6800
2025-10-15T21:00:00+00:00,SEYE.ST,BUY,3105.0000,278.2800
2025-10-15T21:00:00+00:00,SGLN.L,BUY,699.0000,255.8400
2025-10-15T21:00:00+00:00,SHEL.L,BUY,3731.0000,250.1400
2025-10-15T21:00:00+00:00,SLX.AX,SELL,3024.0000,1013.8400
2025-10-15T21:00:00+00:00,SMGB.L,BUY,571.0000,302.2300
2025-10-15T21:00:00+00:00,VUL.AX,SELL,8593.0000,356.3900
2025-10-15T21:00:00+00:00,VYGR,SELL,1938.0000,218.7700
2025-10-15T21:00:00+00:00,WBT.AX,SELL,3563.0000,305.2600
2025-11-13T21:00:00+00:00,AL3.AX,BUY,4140.0000,362.8100
2025-11-13T21:00:00+00:00,ALCLS.PA,BUY,1402.0000,360.9500
2025-11-13T21:00:00+00:00,ALMDT.PA,SELL,234.0000,268.9200
2025-11-13T21:00:00+00:00,AXE.AX,BUY,674.0000,193.6300
2025-11-13T21:00:00+00:00,AZN.L,SELL,2663.0000,218.5300
2025-11-13T21:00:00+00:00,BGO.L,BUY,3052.0000,156.1400
2025-11-13T21:00:00+00:00,BRK-B,SELL,1954.0000,237.3900
2025-11-13T21:00:00+00:00,BRNT.L,SELL,1673.0000,241.6300
2025-11-13T21:00:00+00:00,DBMG.L,SELL,2447.0000,153.5400
2025-11-13T21:00:00+00:00,EDIT,BUY,8806.0000,251.4300
2025-11-13T21:00:00+00:00,EMV.AX,SELL,3564.0000,158.1700
2025-11-13T21:00:00+00:00,FTC.L,SELL,128.0000,1744.9700
2025-11-13T21:00:00+00:00,GSIT,SELL,6157.0000,481.0200
2025-11-13T21:00:00+00:00,HSBA.L,SELL,2607.0000,405.1900
2025-11-13T21:00:00+00:00,IBTM.L,SELL,2092.0000,109.1500
2025-11-13T21:00:00+00:00,IDN,SELL,5643.0000,402.7500
2025-11-13T21:00:00+00:00,IITU.L,SELL,1307.0000,281.3100
2025-11-13T21:00:00+00:00,IPWR,BUY,12051.0000,139.6000
2025-11-13T21:00:00+00:00,ISF.L,SELL,2387.0000,182.0200
2025-11-13T21:00:00+00:00,LTBR,BUY,2554.0000,780.4300
2025-11-13T21:00:00+00:00,MOLN.SW,SELL,9395.0000,122.1800
2025-11-13T21:00:00+00:00,MSCL.TO,BUY,658.0000,282.6900
2025-11-13T21:00:00+00:00,PLTR,BUY,12.0000,2598.1800
2025-11-13T21:00:00+00:00,PRQR,BUY,3012.0000,361.6600
2025-11-13T21:00:00+00:00,QSI,BUY,13445.0000,212.0900
2025-11-13T21:00:00+00:00,RR.L,SELL,113.0000,1712.9100
2025-11-13T21:00:00+00:00,SEYE.ST,BUY,733.0000,263.6300
2025-11-13T21:00:00+00:00,SGLN.L,SELL,1031.0000,260.6400
2025-11-13T21:00:00+00:00,SHEL.L,SELL,2295.0000,268.2500
2025-11-13T21:00:00+00:00,SLX.AX,SELL,1447.0000,1281.3000
2025-11-13T21:00:00+00:00,SMGB.L,SELL,1065.0000,310.8100
2025-11-13T21:00:00+00:00,VUL.AX,BUY,1048.0000,329.2600
2025-11-13T21:00:00+00:00,VYGR,BUY,8278.0000,167.0200
2025-11-13T21:00:00+00:00,WBT.AX,SELL,408.0000,304.1700
2025-12-12T21:00:00+00:00,AL3.AX,BUY,697.0000,341.8300
2025-12-12T21:00:00+00:00,ALCLS.PA,SELL,4011.0000,458.8000
2025-12-12T21:00:00+00:00,ALMDT.PA,SELL,561.0000,269.9500
2025-12-12T21:00:00+00:00,AXE.AX,SELL,196.0000,190.8800
2025-12-12T21:00:00+00:00,AZN.L,SELL,477.0000,217.7200
2025-12-12T21:00:00+00:00,BGO.L,SELL,1687.0000,159.6500
2025-12-12T21:00:00+00:00,BRK-B,BUY,710.0000,226.5700
2025-12-12T21:00:00+00:00,BRNT.L,BUY,745.0000,230.2100
2025-12-12T21:00:00+00:00,DBMG.L,SELL,482.0000,152.2300
2025-12-12T21:00:00+00:00,EDIT,BUY,86.0000,245.5300
2025-12-12T21:00:00+00:00,EMV.AX,BUY,1555.0000,149.1800
2025-12-12T21:00:00+00:00,FTC.L,SELL,395.0000,1919.4600
2025-12-12T21:00:00+00:00,GSIT,BUY,4042.0000,360.4400
2025-12-12T21:00:00+00:00,HSBA.L,SELL,202.0000,402.2300
2025-12-12T21:00:00+00:00,IBTM.L,SELL,385.0000,107.6700
2025-12-12T21:00:00+00:00,IDN,SELL,1117.0000,424.8800
2025-12-12T21:00:00+00:00,IITU.L,BUY,85.0000,274.6100
2025-12-12T21:00:00+00:00,IPWR,SELL,5303.0000,154.9400
2025-12-12T21:00:00+00:00,ISF.L,SELL,265.0000,179.7300
2025-12-12T21:00:00+00:00,LTBR,BUY,1311.0000,658.1900
2025-12-12T21:00:00+00:00,MOLN.SW,SELL,1668.0000,123.7100
2025-12-12T21:00:00+00:00,MSCL.TO,BUY,269.0000,273.7000
2025-12-12T21:00:00+00:00,PLTR,SELL,153.0000,2716.3500
2025-12-12T21:00:00+00:00,PRQR,SELL,1283.0000,382.4700
2025-12-12T21:00:00+00:00,QSI,BUY,2293.0000,192.9700
2025-12-12T21:00:00+00:00,RR.L,BUY,5.0000,1676.2200
2025-12-12T21:00:00+00:00,SEYE.ST,BUY,1046.0000,247.5300
2025-12-12T21:00:00+00:00,SGLN.L,SELL,610.0000,261.9900
2025-12-12T21:00:00+00:00,SHEL.L,BUY,1013.0000,252.0200
2025-12-12T21:00:00+00:00,SLX.AX,BUY,388.0000,1163.9900
2025-12-12T21:00:00+00:00,SMGB.L,SELL,717.0000,315.6800
2025-12-12T21:00:00+00:00,VUL.AX,BUY,13372.0000,190.1600
2025-12-12T21:00:00+00:00,VYGR,SELL,3551.0000,180.6100
2025-12-12T21:00:00+00:00,WBT.AX,SELL,1006.0000,313.2100
2026-01-15T21:00:00+00:00,AL3.AX,SELL,1313.0000,383.0200
2026-01-15T21:00:00+00:00,ALCLS.PA,BUY,2796.0000,395.0100
2026-01-15T21:00:00+00:00,ALMDT.PA,SELL,4828.0000,355.3500
2026-01-15T21:00:00+00:00,AXE.AX,SELL,2766.0000,216.8800
2026-01-15T21:00:00+00:00,AZN.L,SELL,108.0000,227.1500
2026-01-15T21:00:00+00:00,BGO.L,BUY,4373.0000,149.1200
2026-01-15T21:00:00+00:00,BRK-B,BUY,1586.0000,222.5700
2026-01-15T21:00:00+00:00,BRNT.L,SELL,167.0000,240.7600
2026-01-15T21:00:00+00:00,DBMG.L,SELL,342.0000,159.5600
2026-01-15T21:00:00+00:00,EDIT,BUY,6636.0000,202.0400
2026-01-15T21:00:00+00:00,EMV.AX,BUY,356.0000,153.7300
2026-01-15T21:00:00+00:00,FTC.L,SELL,703.0000,2550.3400
2026-01-15T21:00:00+00:00,GSIT,SELL,3835.0000,482.2600
2026-01-15T21:00:00+00:00,HSBA.L,SELL,1011.0000,447.4500
2026-01-15T21:00:00+00:00,IBTM.L,BUY,2118.0000,107.9300
2026-01-15T21:00:00+00:00,IDN,BUY,2141.0000,385.0400
2026-01-15T21:00:00+00:00,IITU.L,BUY,738.0000,276.3700
2026-01-15T21:00:00+00:00,IPWR,BUY,14260.0000,118.6900
2026-01-15T21:00:00+00:00,ISF.L,SELL,659.0000,190.4400
2026-01-15T21:00:00+00:00,LTBR,SELL,777.0000,745.6000
2026-01-15T21:00:00+00:00,MOLN.SW,BUY,4501.0000,117.9700
2026-01-15T21:00:00+00:00,MSCL.TO,SELL,4510.0000,355.2900
2026-01-15T21:00:00+00:00,PLTR,BUY,187.0000,2610.0000
2026-01-15T21:00:00+00:00,PRQR,BUY,8722.0000,258.3500
2026-01-15T21:00:00+00:00,QSI,BUY,3027.0000,183.2800
2026-01-15T21:00:00+00:00,RR.L,SELL,387.0000,1946.0400
2026-01-15T21:00:00+00:00,SEYE.ST,SELL,2453.0000,285.2300
2026-01-15T21:00:00+00:00,SGLN.L,SELL,780.0000,281.5800
2026-01-15T21:00:00+00:00,SHEL.L,BUY,408.0000,257.6500
2026-01-15T21:00:00+00:00,SLX.AX,BUY,1627.0000,926.4300
2026-01-15T21:00:00+00:00,SMGB.L,SELL,1865.0000,362.5700
2026-01-15T21:00:00+00:00,VUL.AX,SELL,2519.0000,214.2100
2026-01-15T21:00:00+00:00,VYGR,BUY,6826.0000,156.5500
2026-01-15T21:00:00+00:00,WBT.AX,SELL,2233.0000,366.9800
2026-02-13T21:00:00+00:00,AL3.AX,BUY,1873.0000,335.9000
2026-02-13T21:00:00+00:00,ALCLS.PA,BUY,810.0000,366.7900
2026-02-13T21:00:00+00:00,ALMDT.PA,SELL,4563.0000,463.0000
2026-02-13T21:00:00+00:00,AXE.AX,BUY,904.0000,205.1400
2026-02-13T21:00:00+00:00,AZN.L,SELL,2712.0000,244.8300
2026-02-13T21:00:00+00:00,BGO.L,BUY,2980.0000,135.9600
2026-02-13T21:00:00+00:00,BRK-B,SELL,643.0000,221.8700
2026-02-13T21:00:00+00:00,BRNT.L,SELL,2122.0000,254.9000
2026-02-13T21:00:00+00:00,DBMG.L,SELL,2185.0000,164.4300
2026-02-13T21:00:00+00:00,EDIT,BUY,5503.0000,167.9200
2026-02-13T21:00:00+00:00,EMV.AX,SELL,2449.0000,159.1500
2026-02-13T21:00:00+00:00,FTC.L,SELL,151.0000,2644.3000
2026-02-13T21:00:00+00:00,GSIT,BUY,3205.0000,379.0500
2026-02-13T21:00:00+00:00,HSBA.L,SELL,385.0000,448.1000
2026-02-13T21:00:00+00:00,IBTM.L,SELL,1102.0000,107.1800
2026-02-13T21:00:00+00:00,IDN,BUY,3667.0000,307.7900
2026-02-13T21:00:00+00:00,IITU.L,BUY,1051.0000,257.7500
2026-02-13T21:00:00+00:00,IPWR,SELL,1967.0000,120.0400
2026-02-13T21:00:00+00:00,ISF.L,SELL,1573.0000,194.6800
2026-02-13T21:00:00+00:00,LTBR,BUY,2855.0000,546.1500
2026-02-13T21:00:00+00:00,MOLN.SW,SELL,5084.0000,126.8000
2026-02-13T21:00:00+00:00,MSCL.TO,SELL,6350.0000,533.2000
2026-02-13T21:00:00+00:00,PLTR,BUY,815.0000,1911.7200
2026-02-13T21:00:00+00:00,PRQR,BUY,1712.0000,235.6200
2026-02-13T21:00:00+00:00,QSI,BUY,7928.0000,145.7400
2026-02-13T21:00:00+00:00,RR.L,SELL,79.0000,1942.9800
2026-02-13T21:00:00+00:00,SEYE.ST,BUY,2932.0000,246.0400
2026-02-13T21:00:00+00:00,SGLN.L,SELL,2015.0000,300.9900
2026-02-13T21:00:00+00:00,SHEL.L,SELL,1700.0000,269.4700
2026-02-13T21:00:00+00:00,SLX.AX,SELL,439.0000,963.9200
2026-02-13T21:00:00+00:00,SMGB.L,SELL,492.0000,363.4700
2026-02-13T21:00:00+00:00,VUL.AX,BUY,5265.0000,177.6600
2026-02-13T21:00:00+00:00,VYGR,BUY,4638.0000,137.1200
2026-02-13T21:00:00+00:00,WBT.AX,SELL,1706.0000,396.2300
2026-03-16T21:00:00+00:00,AL3.AX,BUY,2990.0000,297.2900
2026-03-16T21:00:00+00:00,ALCLS.PA,BUY,1798.0000,340.7800
2026-03-16T21:00:00+00:00,ALMDT.PA,BUY,2394.0000,404.0100
2026-03-16T21:00:00+00:00,AXE.AX,BUY,4533.0000,183.4400
2026-03-16T21:00:00+00:00,AZN.L,BUY,1781.0000,235.0500
2026-03-16T21:00:00+00:00,BGO.L,BUY,5208.0000,125.4400
2026-03-16T21:00:00+00:00,BRK-B,BUY,269.0000,225.6600
2026-03-16T21:00:00+00:00,BRNT.L,SELL,8461.0000,398.8300
2026-03-16T21:00:00+00:00,DBMG.L,SELL,610.0000,171.5700
2026-03-16T21:00:00+00:00,EDIT,SELL,11507.0000,249.1500
2026-03-16T21:00:00+00:00,EMV.AX,BUY,5391.0000,143.7500
2026-03-16T21:00:00+00:00,FTC.L,BUY,215.0000,2489.9300
2026-03-16T21:00:00+00:00,GSIT,SELL,6164.0000,620.1100
2026-03-16T21:00:00+00:00,HSBA.L,BUY,486.0000,444.6700
2026-03-16T21:00:00+00:00,IBTM.L,BUY,666.0000,108.8100
2026-03-16T21:00:00+00:00,IDN,SELL,314.0000,320.9600
2026-03-16T21:00:00+00:00,IITU.L,BUY,164.0000,262.8700
2026-03-16T21:00:00+00:00,IPWR,BUY,1555.0000,119.6900
2026-03-16T21:00:00+00:00,ISF.L,BUY,1090.0000,193.3500
2026-03-16T21:00:00+00:00,LTBR,BUY,1577.0000,493.0500
2026-03-16T21:00:00+00:00,MOLN.SW,BUY,2639.0000,123.6000
2026-03-16T21:00:00+00:00,MSCL.TO,BUY,6979.0000,343.6300
2026-03-16T21:00:00+00:00,PLTR,SELL,461.0000,2284.2200
2026-03-16T21:00:00+00:00,PRQR,SELL,4568.0000,292.0200
2026-03-16T21:00:00+00:00,QSI,BUY,2084.0000,142.7300
2026-03-16T21:00:00+00:00,RR.L,BUY,197.0000,1880.3000
2026-03-16T21:00:00+00:00,SEYE.ST,BUY,9106.0000,186.1500
2026-03-16T21:00:00+00:00,SGLN.L,BUY,227.0000,305.7100
2026-03-16T21:00:00+00:00,SHEL.L,SELL,3363.0000,323.3900
2026-03-16T21:00:00+00:00,SLX.AX,BUY,1853.0000,770.3500
2026-03-16T21:00:00+00:00,SMGB.L,BUY,543.0000,361.8100
2026-03-16T21:00:00+00:00,VUL.AX,BUY,6434.0000,154.3000
2026-03-16T21:00:00+00:00,VYGR,SELL,9897.0000,179.6500
2026-03-16T21:00:00+00:00,WBT.AX,BUY,1170.0000,378.8500
2026-04-16T21:00:00+00:00,AL3.AX,SELL,6229.0000,440.3000
2026-04-16T21:00:00+00:00,ALCLS.PA,SELL,2446.0000,413.0400
2026-04-16T21:00:00+00:00,ALMDT.PA,BUY,277.0000,419.0400
2026-04-16T21:00:00+00:00,AXE.AX,BUY,1952.0000,183.3800
2026-04-16T21:00:00+00:00,AZN.L,BUY,544.0000,243.2000
2026-04-16T21:00:00+00:00,BGO.L,BUY,11142.0000,108.7700
2026-04-16T21:00:00+00:00,BRK-B,BUY,3429.0000,212.5900
2026-04-16T21:00:00+00:00,BRNT.L,BUY,1346.0000,388.4700
2026-04-16T21:00:00+00:00,DBMG.L,BUY,3276.0000,166.5200
2026-04-16T21:00:00+00:00,EDIT,SELL,4660.0000,320.7100
2026-04-16T21:00:00+00:00,EMV.AX,BUY,3393.0000,141.0100
2026-04-16T21:00:00+00:00,FTC.L,SELL,296.0000,2966.4400
2026-04-16T21:00:00+00:00,GSIT,BUY,6731.0000,397.0800
2026-04-16T21:00:00+00:00,HSBA.L,SELL,827.0000,497.6200
2026-04-16T21:00:00+00:00,IBTM.L,BUY,4404.0000,106.8700
2026-04-16T21:00:00+00:00,IDN,SELL,7013.0000,520.6200
2026-04-16T21:00:00+00:00,IITU.L,SELL,341.0000,281.3100
2026-04-16T21:00:00+00:00,IPWR,BUY,2784.0000,120.0900
2026-04-16T21:00:00+00:00,ISF.L,BUY,750.0000,199.5400
2026-04-16T21:00:00+00:00,LTBR,BUY,436.0000,503.4800
2026-04-16T21:00:00+00:00,MOLN.SW,BUY,4642.0000,119.7600
2026-04-16T21:00:00+00:00,MSCL.TO,SELL,1866.0000,402.7000
2026-04-16T21:00:00+00:00,PLTR,BUY,441.0000,2083.9600
2026-04-16T21:00:00+00:00,PRQR,SELL,533.0000,315.7800
2026-04-16T21:00:00+00:00,QSI,SELL,840.0000,153.4700
2026-04-16T21:00:00+00:00,RR.L,BUY,131.0000,1911.1800
2026-04-16T21:00:00+00:00,SEYE.ST,SELL,538.0000,199.5300
2026-04-16T21:00:00+00:00,SGLN.L,BUY,2369.0000,290.0000
2026-04-16T21:00:00+00:00,SHEL.L,BUY,1290.0000,320.5000
2026-04-16T21:00:00+00:00,SLX.AX,SELL,551.0000,870.2500
2026-04-16T21:00:00+00:00,SMGB.L,SELL,1317.0000,412.2900
2026-04-16T21:00:00+00:00,VUL.AX,SELL,3538.0000,177.9000
2026-04-16T21:00:00+00:00,VYGR,BUY,6437.0000,160.7200
2026-04-16T21:00:00+00:00,WBT.AX,BUY,3521.0000,331.1900
2026-05-18T21:00:00+00:00,AL3.AX,BUY,2362.0000,401.5100
2026-05-18T21:00:00+00:00,ALCLS.PA,BUY,2733.0000,372.4600
2026-05-18T21:00:00+00:00,ALMDT.PA,SELL,1.0000,440.6400
2026-05-18T21:00:00+00:00,AXE.AX,BUY,4213.0000,173.1400
2026-05-18T21:00:00+00:00,AZN.L,BUY,3908.0000,224.3500
2026-05-18T21:00:00+00:00,BGO.L,BUY,4844.0000,106.1400
2026-05-18T21:00:00+00:00,BRK-B,BUY,93.0000,222.8800
2026-05-18T21:00:00+00:00,BRNT.L,SELL,2154.0000,465.8000
2026-05-18T21:00:00+00:00,DBMG.L,BUY,774.0000,171.8300
2026-05-18T21:00:00+00:00,EDIT,BUY,7737.0000,247.0400
2026-05-18T21:00:00+00:00,EMV.AX,SELL,1177.0000,151.9800
2026-05-18T21:00:00+00:00,FTC.L,SELL,996.0000,5516.7800
2026-05-18T21:00:00+00:00,GSIT,SELL,4493.0000,566.1000
2026-05-18T21:00:00+00:00,HSBA.L,BUY,631.0000,500.1400
2026-05-18T21:00:00+00:00,IBTM.L,BUY,3803.0000,106.0300
2026-05-18T21:00:00+00:00,IDN,BUY,12920.0000,275.1400
2026-05-18T21:00:00+00:00,IITU.L,SELL,1696.0000,318.1100
2026-05-18T21:00:00+00:00,IPWR,SELL,23229.0000,214.1600
2026-05-18T21:00:00+00:00,ISF.L,BUY,2557.0000,195.1600
2026-05-18T21:00:00+00:00,LTBR,BUY,1868.0000,465.0700
2026-05-18T21:00:00+00:00,MOLN.SW,BUY,9303.0000,108.1900
2026-05-18T21:00:00+00:00,MSCL.TO,BUY,4143.0000,339.9800
2026-05-18T21:00:00+00:00,PLTR,BUY,291.0000,2012.0300
2026-05-18T21:00:00+00:00,PRQR,BUY,7132.0000,249.4000
2026-05-18T21:00:00+00:00,QSI,BUY,11316.0000,128.5300
2026-05-18T21:00:00+00:00,RR.L,BUY,465.0000,1777.2500
2026-05-18T21:00:00+00:00,SEYE.ST,SELL,7950.0000,273.6700
2026-05-18T21:00:00+00:00,SGLN.L,BUY,2368.0000,276.9400
2026-05-18T21:00:00+00:00,SHEL.L,BUY,1735.0000,311.5100
2026-05-18T21:00:00+00:00,SLX.AX,BUY,947.0000,816.1200
2026-05-18T21:00:00+00:00,SMGB.L,SELL,2392.0000,507.1100
2026-05-18T21:00:00+00:00,VUL.AX,BUY,435.0000,184.9500
2026-05-18T21:00:00+00:00,VYGR,BUY,6617.0000,146.1300
2026-05-18T21:00:00+00:00,WBT.AX,SELL,7205.0000,536.5900
2026-06-17T21:00:00+00:00,AL3.AX,BUY,5194.0000,306.8100
2026-06-17T21:00:00+00:00,ALCLS.PA,BUY,4141.0000,302.3900
2026-06-17T21:00:00+00:00,ALMDT.PA,SELL,219.0000,440.8900
2026-06-17T21:00:00+00:00,AXE.AX,SELL,5356.0000,196.3800
2026-06-17T21:00:00+00:00,AZN.L,BUY,144.0000,220.4500
2026-06-17T21:00:00+00:00,BGO.L,SELL,2998.0000,109.6500
2026-06-17T21:00:00+00:00,BRK-B,SELL,323.0000,222.2400
2026-06-17T21:00:00+00:00,BRNT.L,BUY,4195.0000,361.0800
2026-06-17T21:00:00+00:00,DBMG.L,BUY,91.0000,169.2400
2026-06-17T21:00:00+00:00,EDIT,SELL,346.0000,246.8000
2026-06-17T21:00:00+00:00,EMV.AX,BUY,4378.0000,137.2400
2026-06-17T21:00:00+00:00,FTC.L,BUY,125.0000,4966.4400
2026-06-17T21:00:00+00:00,GSIT,BUY,2764.0000,458.4200
2026-06-17T21:00:00+00:00,HSBA.L,SELL,1161.0000,537.3100
2026-06-17T21:00:00+00:00,IBTM.L,SELL,1818.0000,107.5600
2026-06-17T21:00:00+00:00,IDN,BUY,767.0000,263.8000
2026-06-17T21:00:00+00:00,IITU.L,SELL,1120.0000,330.4700
2026-06-17T21:00:00+00:00,IPWR,BUY,208.0000,210.0800
2026-06-17T21:00:00+00:00,ISF.L,SELL,1116.0000,198.6900
2026-06-17T21:00:00+00:00,LTBR,BUY,2505.0000,394.7100
2026-06-17T21:00:00+00:00,MOLN.SW,SELL,4458.0000,114.5200
2026-06-17T21:00:00+00:00,MSCL.TO,BUY,4970.0000,271.4200
2026-06-17T21:00:00+00:00,PLTR,BUY,107.0000,1927.8000
2026-06-17T21:00:00+00:00,PRQR,SELL,2853.0000,273.4000
2026-06-17T21:00:00+00:00,QSI,SELL,5513.0000,140.8300
2026-06-17T21:00:00+00:00,RR.L,SELL,716.0000,2134.0500
2026-06-17T21:00:00+00:00,SEYE.ST,SELL,504.0000,275.4400
2026-06-17T21:00:00+00:00,SGLN.L,BUY,732.0000,265.8200
2026-06-17T21:00:00+00:00,SHEL.L,BUY,1384.0000,289.9900
2026-06-17T21:00:00+00:00,SLX.AX,SELL,474.0000,851.6300
2026-06-17T21:00:00+00:00,SMGB.L,SELL,2591.0000,613.2600
2026-06-17T21:00:00+00:00,VUL.AX,BUY,737.0000,179.1400
2026-06-17T21:00:00+00:00,VYGR,SELL,1416.0000,148.5400
2026-06-17T21:00:00+00:00,WBT.AX,SELL,2208.0000,634.8900
2026-07-16T21:00:00+00:00,AL3.AX,BUY,1484.0000,269.4300
2026-07-16T21:00:00+00:00,ALCLS.PA,BUY,2508.0000,255.2500
2026-07-16T21:00:00+00:00,ALMDT.PA,BUY,2736.0000,351.9700
2026-07-16T21:00:00+00:00,AXE.AX,BUY,15657.0000,127.8600
2026-07-16T21:00:00+00:00,AZN.L,SELL,85.0000,206.6400
2026-07-16T21:00:00+00:00,BGO.L,SELL,9857.0000,121.0500
2026-07-16T21:00:00+00:00,BRK-B,SELL,1926.0000,221.1800
2026-07-16T21:00:00+00:00,BRNT.L,SELL,2041.0000,376.9100
2026-07-16T21:00:00+00:00,DBMG.L,SELL,2815.0000,169.6700
2026-07-16T21:00:00+00:00,EDIT,SELL,4723.0000,276.3800
2026-07-16T21:00:00+00:00,EMV.AX,SELL,7158.0000,149.0500
2026-07-16T21:00:00+00:00,FTC.L,BUY,399.0000,3624.1600
2026-07-16T21:00:00+00:00,GSIT,BUY,4316.0000,334.6900
2026-07-16T21:00:00+00:00,HSBA.L,SELL,1322.0000,558.5400
2026-07-16T21:00:00+00:00,IBTM.L,SELL,3517.0000,106.2500
2026-07-16T21:00:00+00:00,IDN,BUY,1092.0000,236.9300
2026-07-16T21:00:00+00:00,IITU.L,SELL,712.0000,319.6100
2026-07-16T21:00:00+00:00,IPWR,BUY,9261.0000,153.9400
2026-07-16T21:00:00+00:00,ISF.L,SELL,2623.0000,200.5600
2026-07-16T21:00:00+00:00,LTBR,BUY,3870.0000,303.3100
2026-07-16T21:00:00+00:00,MOLN.SW,SELL,4680.0000,115.8600
2026-07-16T21:00:00+00:00,MSCL.TO,SELL,9576.0000,401.7300
2026-07-16T21:00:00+00:00,PLTR,SELL,307.0000,1967.2000
2026-07-16T21:00:00+00:00,PRQR,SELL,1475.0000,271.0800
2026-07-16T21:00:00+00:00,QSI,BUY,4343.0000,121.1500
2026-07-16T21:00:00+00:00,RR.L,SELL,189.0000,2116.2400
2026-07-16T21:00:00+00:00,SEYE.ST,SELL,1400.0000,272.3900
2026-07-16T21:00:00+00:00,SGLN.L,BUY,573.0000,243.2500
2026-07-16T21:00:00+00:00,SHEL.L,SELL,2485.0000,301.9400
2026-07-16T21:00:00+00:00,SLX.AX,BUY,1429.0000,679.0400
2026-07-16T21:00:00+00:00,SMGB.L,BUY,417.0000,553.2500
2026-07-16T21:00:00+00:00,VUL.AX,BUY,7744.0000,139.9500
2026-07-16T21:00:00+00:00,VYGR,BUY,5830.0000,123.6800
2026-07-16T21:00:00+00:00,WBT.AX,BUY,1491.0000,523.3100
2026-08-14T21:00:00+00:00,AL3.AX,BUY,7005.0000,218.0300
2026-08-14T21:00:00+00:00,ALCLS.PA,SELL,2651.0000,296.0400
2026-08-14T21:00:00+00:00,ALMDT.PA,SELL,1151.0000,390.3100
2026-08-14T21:00:00+00:00,AXE.AX,BUY,3852.0000,123.8300
2026-08-14T21:00:00+00:00,AZN.L,BUY,4443.0000,188.7900
2026-08-14T21:00:00+00:00,BGO.L,BUY,8120.0000,109.6500
2026-08-14T21:00:00+00:00,BRK-B,BUY,432.0000,226.9200
2026-08-14T21:00:00+00:00,BRNT.L,SELL,151.0000,395.7200
2026-08-14T21:00:00+00:00,DBMG.L,BUY,1286.0000,170.9400
2026-08-14T21:00:00+00:00,EDIT,BUY,1408.0000,271.6300
2026-08-14T21:00:00+00:00,EMV.AX,SELL,772.0000,157.8900
2026-08-14T21:00:00+00:00,FTC.L,BUY,178.0000,3436.2400
2026-08-14T21:00:00+00:00,GSIT,SELL,4039.0000,438.1600
2026-08-14T21:00:00+00:00,HSBA.L,BUY,151.0000,574.0300
2026-08-14T21:00:00+00:00,IBTM.L,BUY,2993.0000,105.5000
2026-08-14T21:00:00+00:00,IDN,BUY,10685.0000,178.2000
2026-08-14T21:00:00+00:00,IITU.L,SELL,320.0000,337.8800
2026-08-14T21:00:00+00:00,IPWR,SELL,6997.0000,191.5000
2026-08-14T21:00:00+00:00,ISF.L,BUY,672.0000,204.5700
2026-08-14T21:00:00+00:00,LTBR,SELL,2532.0000,357.3100
2026-08-14T21:00:00+00:00,MOLN.SW,BUY,500.0000,119.5400
2026-08-14T21:00:00+00:00,MSCL.TO,SELL,1066.0000,447.1700
2026-08-14T21:00:00+00:00,PLTR,SELL,667.0000,2556.2000
2026-08-14T21:00:00+00:00,PRQR,SELL,2387.0000,312.8300
2026-08-14T21:00:00+00:00,QSI,BUY,8040.0000,109.8700
2026-08-14T21:00:00+00:00,RR.L,SELL,226.0000,2375.1400
2026-08-14T21:00:00+00:00,SEYE.ST,SELL,2364.0000,314.1800
2026-08-14T21:00:00+00:00,SGLN.L,SELL,1170.0000,264.6000
2026-08-14T21:00:00+00:00,SHEL.L,SELL,393.0000,320.0200
2026-08-14T21:00:00+00:00,SLX.AX,SELL,590.0000,752.4800
2026-08-14T21:00:00+00:00,SMGB.L,BUY,364.0000,558.7700
2026-08-14T21:00:00+00:00,VUL.AX,SELL,1118.0000,149.2000
2026-08-14T21:00:00+00:00,VYGR,SELL,1918.0000,133.5300
2026-08-14T21:00:00+00:00,WBT.AX,BUY,6440.0000,360.4700
2026-09-15T21:00:00+00:00,AL3.AX,SELL,10931.0000,308.1900
2026-09-15T21:00:00+00:00,ALCLS.PA,BUY,19886.0000,147.0500
2026-09-15T21:00:00+00:00,ALMDT.PA,BUY,3379.0000,302.1200
2026-09-15T21:00:00+00:00,AXE.AX,BUY,4559.0000,105.5800
2026-09-15T21:00:00+00:00,AZN.L,SELL,4625.0000,199.5900
2026-09-15T21:00:00+00:00,BGO.L,SELL,4837.0000,109.6500
2026-09-15T21:00:00+00:00,BRK-B,SELL,3004.0000,232.4700
2026-09-15T21:00:00+00:00,BRNT.L,SELL,4541.0000,494.6100
2026-09-15T21:00:00+00:00,DBMG.L,SELL,4193.0000,176.1200
2026-09-15T21:00:00+00:00,EDIT,SELL,249.0000,253.1400
2026-09-15T21:00:00+00:00,EMV.AX,SELL,2590.0000,154.9200
2026-09-15T21:00:00+00:00,FTC.L,BUY,197.0000,2885.9100
2026-09-15T21:00:00+00:00,GSIT,BUY,5089.0000,305.1700
2026-09-15T21:00:00+00:00,HSBA.L,SELL,748.0000,565.0100
2026-09-15T21:00:00+00:00,IBTM.L,SELL,4121.0000,103.9300
2026-09-15T21:00:00+00:00,IDN,BUY,2612.0000,153.9900
2026-09-15T21:00:00+00:00,IITU.L,SELL,1240.0000,332.0500
2026-09-15T21:00:00+00:00,IPWR,BUY,5373.0000,153.6700
2026-09-15T21:00:00+00:00,ISF.L,SELL,2386.0000,203.2100
2026-09-15T21:00:00+00:00,LTBR,BUY,3467.0000,279.2900
2026-09-15T21:00:00+00:00,MOLN.SW,SELL,4192.0000,118.9900
2026-09-15T21:00:00+00:00,MSCL.TO,SELL,801.0000,435.3300
2026-09-15T21:00:00+00:00,PLTR,SELL,184.0000,2532.5400
2026-09-15T21:00:00+00:00,PRQR,SELL,799.0000,299.5700
2026-09-15T21:00:00+00:00,QSI,SELL,3182.0000,106.8200
2026-09-15T21:00:00+00:00,RR.L,BUY,3.0000,2188.9500
2026-09-15T21:00:00+00:00,SEYE.ST,BUY,15969.0000,167.4900
2026-09-15T21:00:00+00:00,SGLN.L,SELL,1531.0000,259.4700
2026-09-15T21:00:00+00:00,SHEL.L,SELL,3459.0000,352.0700
2026-09-15T21:00:00+00:00,SLX.AX,BUY,835.0000,636.0800
2026-09-15T21:00:00+00:00,SMGB.L,SELL,109.0000,520.2300
2026-09-15T21:00:00+00:00,VUL.AX,BUY,8989.0000,115.1700
2026-09-15T21:00:00+00:00,VYGR,SELL,1173.0000,126.0900
2026-09-15T21:00:00+00:00,WBT.AX,BUY,6543.0000,247.5600
