ts,symbol,side,qty,price
2021-09-16T21:00:00+00:00,AL3.AX,BUY,1544.0000,364.2100
2021-09-16T21:00:00+00:00,ALCLS.PA,BUY,449.0000,1252.0400
2021-09-16T21:00:00+00:00,ALMDT.PA,BUY,442.0000,1272.2300
2021-09-16T21:00:00+00:00,AXE.AX,BUY,635.0000,884.4600
2021-09-16T21:00:00+00:00,AZN.L,BUY,8031.0000,120.7600
2021-09-16T21:00:00+00:00,BGO.L,BUY,1454.0000,386.8400
2021-09-16T21:00:00+00:00,BRK-B,BUY,10518.0000,121.7000
2021-09-16T21:00:00+00:00,BRNT.L,BUY,30585.0000,152.1700
2021-09-16T21:00:00+00:00,DBMG.L,BUY,77273.0000,110.2400
2021-09-16T21:00:00+00:00,EDIT,BUY,98.0000,5723.8300
2021-09-16T21:00:00+00:00,EMV.AX,BUY,2131.0000,263.8600
2021-09-16T21:00:00+00:00,FTC.L,BUY,3724.0000,151.0100
2021-09-16T21:00:00+00:00,GSIT,BUY,1639.0000,343.0400
2021-09-16T21:00:00+00:00,HSBA.L,BUY,43885.0000,102.5400
2021-09-16T21:00:00+00:00,IBTM.L,BUY,80623.0000,111.6300
2021-09-16T21:00:00+00:00,IDN,BUY,1017.0000,552.9000
2021-09-16T21:00:00+00:00,IITU.L,BUY,38528.0000,126.0100
2021-09-16T21:00:00+00:00,IPWR,BUY,1028.0000,547.1600
2021-09-16T21:00:00+00:00,ISF.L,BUY,108137.0000,112.6500
2021-09-16T21:00:00+00:00,LTBR,BUY,2693.0000,208.8400
2021-09-16T21:00:00+00:00,MOLN.SW,BUY,993.0000,566.4400
2021-09-16T21:00:00+00:00,PLTR,BUY,10985.0000,409.6300
2021-09-16T21:00:00+00:00,PRQR,BUY,430.0000,1307.8400
2021-09-16T21:00:00+00:00,QSI,BUY,452.0000,1243.8700
2021-09-16T21:00:00+00:00,RR.L,BUY,27332.0000,164.6400
2021-09-16T21:00:00+00:00,SEYE.ST,BUY,1002.0000,561.2900
2021-09-16T21:00:00+00:00,SGLN.L,BUY,127577.0000,104.6100
2021-09-16T21:00:00+00:00,SHEL.L,BUY,38739.0000,116.1600
2021-09-16T21:00:00+00:00,SLX.AX,BUY,2241.0000,250.9900
2021-09-16T21:00:00+00:00,SMGB.L,BUY,113960.0000,131.1400
2021-09-16T21:00:00+00:00,VUL.AX,BUY,746.0000,753.7200
2021-09-16T21:00:00+00:00,VYGR,BUY,4666.0000,120.5300
2021-09-16T21:00:00+00:00,WBT.AX,BUY,2251.0000,249.8500
2021-10-15T21:00:00+00:00,AL3.AX,BUY,60.0000,361.3700
2021-10-15T21:00:00+00:00,ALCLS.PA,BUY,130.0000,1000.1100
2021-10-15T21:00:00+00:00,ALMDT.PA,SELL,20.0000,1373.1800
2021-10-15T21:00:00+00:00,AZN.L,SELL,369.0000,130.4600
2021-10-15T21:00:00+00:00,BGO.L,BUY,434.0000,307.0200
2021-10-15T21:00:00+00:00,BRK-B,SELL,70.0000,126.2800
2021-10-15T21:00:00+00:00,BRNT.L,SELL,3373.0000,176.2900
2021-10-15T21:00:00+00:00,DBMG.L,BUY,1026.0000,112.1400
2021-10-15T21:00:00+00:00,EDIT,BUY,62.0000,3614.5300
2021-10-15T21:00:00+00:00,EMV.AX,SELL,6.0000,272.7500
2021-10-15T21:00:00+00:00,FTC.L,BUY,389.0000,140.9400
2021-10-15T21:00:00+00:00,GSIT,BUY,227.0000,310.6500
2021-10-15T21:00:00+00:00,HSBA.L,SELL,5454.0000,120.6900
2021-10-15T21:00:00+00:00,IBTM.L,BUY,3910.0000,109.7400
2021-10-15T21:00:00+00:00,IDN,BUY,61.0000,537.6500
2021-10-15T21:00:00+00:00,IITU.L,BUY,1381.0000,125.3900
2021-10-15T21:00:00+00:00,IPWR,BUY,46.0000,539.5400
2021-10-15T21:00:00+00:00,ISF.L,SELL,24.0000,116.1400
2021-10-15T21:00:00+00:00,LTBR,SELL,481.0000,262.0900
2021-10-15T21:00:00+00:00,MOLN.SW,BUY,34.0000,564.2400
2021-10-15T21:00:00+00:00,PLTR,BUY,2347.0000,347.9000
2021-10-15T21:00:00+00:00,PRQR,BUY,27.0000,1267.1700
2021-10-15T21:00:00+00:00,QSI,BUY,8.0000,1260.2500
2021-10-15T21:00:00+00:00,RR.L,SELL,6079.0000,218.2400
2021-10-15T21:00:00+00:00,SEYE.ST,BUY,143.0000,506.1000
2021-10-15T21:00:00+00:00,SGLN.L,BUY,2382.0000,105.8500
2021-10-15T21:00:00+00:00,SHEL.L,SELL,5745.0000,140.5800
2021-10-15T21:00:00+00:00,SLX.AX,BUY,510.0000,210.7400
2021-10-15T21:00:00+00:00,SMGB.L,BUY,7783.0000,126.5300
2021-10-15T21:00:00+00:00,VUL.AX,BUY,204.0000,609.8000
2021-10-15T21:00:00+00:00,VYGR,SELL,1158.0000,165.2500
2021-10-15T21:00:00+00:00,WBT.AX,SELL,241.0000,288.3400
2021-11-15T21:00:00+00:00,AL3.AX,BUY,67.0000,364.1100
2021-11-15T21:00:00+00:00,ALCLS.PA,BUY,40.0000,982.3100
2021-11-15T21:00:00+00:00,ALMDT.PA,BUY,30.0000,1344.2900
2021-11-15T21:00:00+00:00,AXE.AX,BUY,62.0000,873.1400
2021-11-15T21:00:00+00:00,AZN.L,BUY,227.0000,133.0300
2021-11-15T21:00:00+00:00,BGO.L,SELL,81.0000,336.8400
2021-11-15T21:00:00+00:00,BRK-B,BUY,302.0000,128.8600
2021-11-15T21:00:00+00:00,BRNT.L,BUY,1763.0000,173.8200
2021-11-15T21:00:00+00:00,DBMG.L,BUY,424.0000,117.1000
2021-11-15T21:00:00+00:00,EDIT,BUY,14.0000,3485.7500
2021-11-15T21:00:00+00:00,EMV.AX,BUY,349.0000,246.0400
2021-11-15T21:00:00+00:00,FTC.L,SELL,254.0000,157.7200
2021-11-15T21:00:00+00:00,GSIT,SELL,274.0000,382.2800
2021-11-15T21:00:00+00:00,HSBA.L,BUY,1685.0000,121.3900
2021-11-15T21:00:00+00:00,IBTM.L,BUY,2302.0000,112.1600
2021-11-15T21:00:00+00:00,IDN,BUY,505.0000,384.5000
2021-11-15T21:00:00+00:00,IITU.L,SELL,1830.0000,137.9700
2021-11-15T21:00:00+00:00,IPWR,SELL,24.0000,579.4900
2021-11-15T21:00:00+00:00,ISF.L,BUY,3499.0000,118.1100
2021-11-15T21:00:00+00:00,LTBR,SELL,1076.0000,535.7200
2021-11-15T21:00:00+00:00,MOLN.SW,BUY,366.0000,436.9200
2021-11-15T21:00:00+00:00,PLTR,BUY,753.0000,345.7200
2021-11-15T21:00:00+00:00,PRQR,BUY,21.0000,1271.3000
2021-11-15T21:00:00+00:00,QSI,BUY,56.0000,1177.9000
2021-11-15T21:00:00+00:00,RR.L,BUY,1147.0000,217.3900
2021-11-15T21:00:00+00:00,SEYE.ST,SELL,210.0000,650.5100
2021-11-15T21:00:00+00:00,SGLN.L,SELL,3294.0000,114.0200
2021-11-15T21:00:00+00:00,SHEL.L,BUY,3228.0000,134.4400
2021-11-15T21:00:00+00:00,SLX.AX,BUY,136.0000,210.8100
2021-11-15T21:00:00+00:00,SMGB.L,SELL,12099.0000,147.5000
2021-11-15T21:00:00+00:00,VUL.AX,BUY,132.0000,562.3300
2021-11-15T21:00:00+00:00,VYGR,BUY,826.0000,140.4300
2021-11-15T21:00:00+00:00,WBT.AX,BUY,200.0000,275.4100
2021-12-14T21:00:00+00:00,AL3.AX,BUY,56.0000,337.1000
2021-12-14T21:00:00+00:00,ALCLS.PA,BUY,139.0000,767.7600
2021-12-14T21:00:00+00:00,ALMDT.PA,BUY,4.0000,1274.6400
2021-12-14T21:00:00+00:00,AXE.AX,BUY,227.0000,629.6800
2021-12-14T21:00:00+00:00,AZN.L,BUY,335.0000,122.0500
2021-12-14T21:00:00+00:00,BGO.L,SELL,75.0000,335.9600
2021-12-14T21:00:00+00:00,BRK-B,SELL,980.0000,135.6100
2021-12-14T21:00:00+00:00,BRNT.L,BUY,532.0000,163.2500
2021-12-14T21:00:00+00:00,DBMG.L,SELL,1692.0000,114.4600
2021-12-14T21:00:00+00:00,EDIT,BUY,32.0000,2814.6400
2021-12-14T21:00:00+00:00,EMV.AX,SELL,114.0000,246.6400
2021-12-14T21:00:00+00:00,FTC.L,SELL,4.0000,151.0100
2021-12-14T21:00:00+00:00,GSIT,BUY,338.0000,301.6300
2021-12-14T21:00:00+00:00,HSBA.L,SELL,1569.0000,120.8300
2021-12-14T21:00:00+00:00,IBTM.L,SELL,6016.0000,115.2600
2021-12-14T21:00:00+00:00,IDN,BUY,100.0000,345.7500
2021-12-14T21:00:00+00:00,IITU.L,SELL,2388.0000,140.7900
2021-12-14T21:00:00+00:00,IPWR,BUY,507.0000,373.8400
2021-12-14T21:00:00+00:00,ISF.L,SELL,3041.0000,116.1300
2021-12-14T21:00:00+00:00,LTBR,BUY,971.0000,276.3000
2021-12-14T21:00:00+00:00,MOLN.SW,SELL,163.0000,473.0500
2021-12-14T21:00:00+00:00,PLTR,BUY,2577.0000,279.5200
2021-12-14T21:00:00+00:00,PRQR,BUY,53.0000,1096.2500
2021-12-14T21:00:00+00:00,QSI,BUY,133.0000,895.9000
2021-12-14T21:00:00+00:00,RR.L,BUY,3938.0000,176.8400
2021-12-14T21:00:00+00:00,SEYE.ST,BUY,65.0000,582.1700
2021-12-14T21:00:00+00:00,SGLN.L,SELL,1112.0000,110.0200
2021-12-14T21:00:00+00:00,SHEL.L,SELL,356.0000,129.8600
2021-12-14T21:00:00+00:00,SLX.AX,BUY,571.0000,168.3500
2021-12-14T21:00:00+00:00,SMGB.L,SELL,4167.0000,146.6500
2021-12-14T21:00:00+00:00,VUL.AX,SELL,170.0000,638.2500
2021-12-14T21:00:00+00:00,VYGR,BUY,707.0000,115.4900
2021-12-14T21:00:00+00:00,WBT.AX,BUY,310.0000,230.9700
2022-01-17T21:00:00+00:00,AL3.AX,BUY,129.0000,318.6500
2022-01-17T21:00:00+00:00,ALCLS.PA,BUY,87.0000,699.8100
2022-01-17T21:00:00+00:00,ALMDT.PA,BUY,4.0000,1284.6000
2022-01-17T21:00:00+00:00,AXE.AX,SELL,57.0000,682.3200
2022-01-17T21:00:00+00:00,AZN.L,SELL,384.0000,130.0900
2022-01-17T21:00:00+00:00,BGO.L,BUY,19.0000,337.7200
2022-01-17T21:00:00+00:00,BRK-B,SELL,392.0000,143.5500
2022-01-17T21:00:00+00:00,BRNT.L,SELL,2981.0000,184.5200
2022-01-17T21:00:00+00:00,DBMG.L,BUY,3440.0000,111.3300
2022-01-17T21:00:00+00:00,EDIT,BUY,76.0000,2094.1600
2022-01-17T21:00:00+00:00,EMV.AX,BUY,289.0000,223.2500
2022-01-17T21:00:00+00:00,FTC.L,SELL,23.0000,154.3600
2022-01-17T21:00:00+00:00,GSIT,BUY,71.0000,295.5300
2022-01-17T21:00:00+00:00,HSBA.L,SELL,5744.0000,144.2700
2022-01-17T21:00:00+00:00,IBTM.L,BUY,6409.0000,108.5100
2022-01-17T21:00:00+00:00,IDN,BUY,165.0000,320.0400
2022-01-17T21:00:00+00:00,IITU.L,BUY,2270.0000,134.5000
2022-01-17T21:00:00+00:00,IPWR,BUY,169.0000,342.5500
2022-01-17T21:00:00+00:00,ISF.L,SELL,4049.0000,122.5700
2022-01-17T21:00:00+00:00,LTBR,BUY,101.0000,267.8900
2022-01-17T21:00:00+00:00,MOLN.SW,SELL,419.0000,729.0000
2022-01-17T21:00:00+00:00,PLTR,BUY,3797.0000,231.3200
2022-01-17T21:00:00+00:00,PRQR,BUY,14.0000,1083.5200
2022-01-17T21:00:00+00:00,QSI,BUY,44.0000,853.0000
2022-01-17T21:00:00+00:00,RR.L,SELL,1439.0000,190.0700
2022-01-17T21:00:00+00:00,SEYE.ST,BUY,360.0000,434.9300
2022-01-17T21:00:00+00:00,SGLN.L,BUY,2732.0000,109.4100
2022-01-17T21:00:00+00:00,SHEL.L,SELL,3842.0000,147.7800
2022-01-17T21:00:00+00:00,SLX.AX,SELL,477.0000,198.4400
2022-01-17T21:00:00+00:00,SMGB.L,SELL,346.0000,149.5000
2022-01-17T21:00:00+00:00,VUL.AX,BUY,273.0000,498.8900
2022-01-17T21:00:00+00:00,VYGR,SELL,33.0000,118.1100
2022-01-17T21:00:00+00:00,WBT.AX,SELL,356.0000,273.3300
2022-02-15T21:00:00+00:00,AL3.AX,BUY,256.0000,274.3300
2022-02-15T21:00:00+00:00,ALCLS.PA,BUY,224.0000,541.5600
2022-02-15T21:00:00+00:00,ALMDT.PA,BUY,52.0000,1130.0100
2022-02-15T21:00:00+00:00,AXE.AX,BUY,163.0000,562.2800
2022-02-15T21:00:00+00:00,AZN.L,SELL,244.0000,131.5000
2022-02-15T21:00:00+00:00,BGO.L,SELL,27.0000,335.9600
2022-02-15T21:00:00+00:00,BRK-B,SELL,87.0000,141.9100
2022-02-15T21:00:00+00:00,BRNT.L,SELL,2517.0000,199.6700
2022-02-15T21:00:00+00:00,DBMG.L,SELL,4692.0000,115.7900
2022-02-15T21:00:00+00:00,EDIT,BUY,80.0000,1598.8000
2022-02-15T21:00:00+00:00,EMV.AX,BUY,586.0000,179.0700
2022-02-15T21:00:00+00:00,FTC.L,SELL,159.0000,157.7200
2022-02-15T21:00:00+00:00,GSIT,BUY,108.0000,274.6300
2022-02-15T21:00:00+00:00,HSBA.L,SELL,2748.0000,154.2200
2022-02-15T21:00:00+00:00,IBTM.L,SELL,1024.0000,107.5400
2022-02-15T21:00:00+00:00,IDN,BUY,557.0000,240.8700
2022-02-15T21:00:00+00:00,IITU.L,BUY,724.0000,129.2700
2022-02-15T21:00:00+00:00,IPWR,BUY,90.0000,319.0200
2022-02-15T21:00:00+00:00,ISF.L,SELL,2392.0000,122.8600
2022-02-15T21:00:00+00:00,LTBR,SELL,239.0000,294.2300
2022-02-15T21:00:00+00:00,MOLN.SW,SELL,47.0000,758.2200
2022-02-15T21:00:00+00:00,PLTR,BUY,1882.0000,207.4700
2022-02-15T21:00:00+00:00,PRQR,BUY,2286.0000,204.6500
2022-02-15T21:00:00+00:00,QSI,BUY,271.0000,600.9300
2022-02-15T21:00:00+00:00,RR.L,BUY,619.0000,181.6400
2022-02-15T21:00:00+00:00,SEYE.ST,BUY,62.0000,407.3700
2022-02-15T21:00:00+00:00,SGLN.L,SELL,5797.0000,112.2300
2022-02-15T21:00:00+00:00,SHEL.L,SELL,2891.0000,159.1000
2022-02-15T21:00:00+00:00,SLX.AX,BUY,451.0000,168.8100
2022-02-15T21:00:00+00:00,SMGB.L,BUY,8998.0000,134.8800
2022-02-15T21:00:00+00:00,VUL.AX,BUY,83.0000,456.7000
2022-02-15T21:00:00+00:00,VYGR,SELL,1130.0000,149.4000
2022-02-15T21:00:00+00:00,WBT.AX,BUY,51.0000,261.5100
2022-03-16T21:00:00+00:00,AL3.AX,BUY,283.0000,241.0100
2022-03-16T21:00:00+00:00,ALCLS.PA,BUY,234.0000,442.8500
2022-03-16T21:00:00+00:00,ALMDT.PA,BUY,62.0000,1004.6600
2022-03-16T21:00:00+00:00,AXE.AX,BUY,76.0000,521.4600
2022-03-16T21:00:00+00:00,AZN.L,SELL,589.0000,142.0400
2022-03-16T21:00:00+00:00,BGO.L,BUY,119.0000,313.1600
2022-03-16T21:00:00+00:00,BRK-B,SELL,896.0000,156.4700
2022-03-16T21:00:00+00:00,BRNT.L,SELL,3505.0000,232.9300
2022-03-16T21:00:00+00:00,DBMG.L,SELL,5753.0000,124.8400
2022-03-16T21:00:00+00:00,EDIT,SELL,4.0000,1609.6100
2022-03-16T21:00:00+00:00,EMV.AX,SELL,33.0000,180.2700
2022-03-16T21:00:00+00:00,FTC.L,BUY,374.0000,142.6200
2022-03-16T21:00:00+00:00,GSIT,BUY,124.0000,258.4400
2022-03-16T21:00:00+00:00,HSBA.L,BUY,2602.0000,141.4100
2022-03-16T21:00:00+00:00,IBTM.L,SELL,2118.0000,109.8400
2022-03-16T21:00:00+00:00,IDN,BUY,1309.0000,155.4200
2022-03-16T21:00:00+00:00,IITU.L,BUY,797.0000,126.1900
2022-03-16T21:00:00+00:00,IPWR,SELL,6.0000,318.8000
2022-03-16T21:00:00+00:00,ISF.L,BUY,3001.0000,118.9100
2022-03-16T21:00:00+00:00,LTBR,SELL,441.0000,377.7800
2022-03-16T21:00:00+00:00,MOLN.SW,BUY,211.0000,591.7200
2022-03-16T21:00:00+00:00,PLTR,BUY,3449.0000,179.0600
2022-03-16T21:00:00+00:00,PRQR,BUY,768.0000,160.3900
2022-03-16T21:00:00+00:00,RR.L,BUY,6893.0000,142.4800
2022-03-16T21:00:00+00:00,SEYE.ST,BUY,155.0000,365.8300
2022-03-16T21:00:00+00:00,SGLN.L,SELL,7974.0000,119.6000
2022-03-16T21:00:00+00:00,SHEL.L,BUY,840.0000,154.0700
2022-03-16T21:00:00+00:00,SLX.AX,SELL,425.0000,191.9100
2022-03-16T21:00:00+00:00,SMGB.L,BUY,2588.0000,131.4000
2022-03-16T21:00:00+00:00,VUL.AX,SELL,65.0000,479.8000
2022-03-16T21:00:00+00:00,VYGR,SELL,2016.0000,309.9400
2022-03-16T21:00:00+00:00,WBT.AX,BUY,295.0000,229.9200
2022-04-14T21:00:00+00:00,AL3.AX,BUY,452.0000,208.1200
2022-04-14T21:00:00+00:00,ALCLS.PA,BUY,123.0000,415.4400
2022-04-14T21:00:00+00:00,ALMDT.PA,SELL,18.0000,1065.0900
2022-04-14T21:00:00+00:00,AXE.AX,SELL,16.0000,543.2500
2022-04-14T21:00:00+00:00,AZN.L,SELL,578.0000,158.9300
2022-04-14T21:00:00+00:00,BGO.L,BUY,23.0000,317.5400
2022-04-14T21:00:00+00:00,BRK-B,BUY,66.0000,159.4000
2022-04-14T21:00:00+00:00,BRNT.L,SELL,1602.0000,259.4100
2022-04-14T21:00:00+00:00,DBMG.L,SELL,5453.0000,138.9900
2022-04-14T21:00:00+00:00,EMV.AX,SELL,278.0000,202.6200
2022-04-14T21:00:00+00:00,FTC.L,SELL,123.0000,151.0100
2022-04-14T21:00:00+00:00,GSIT,BUY,424.0000,223.0200
2022-04-14T21:00:00+00:00,HSBA.L,SELL,930.0000,149.4300
2022-04-14T21:00:00+00:00,IBTM.L,BUY,6074.0000,105.1700
2022-04-14T21:00:00+00:00,IDN,BUY,474.0000,141.5000
2022-04-14T21:00:00+00:00,IITU.L,BUY,1010.0000,126.3200
2022-04-14T21:00:00+00:00,IPWR,BUY,63.0000,316.2500
2022-04-14T21:00:00+00:00,ISF.L,SELL,2036.0000,124.4900
2022-04-14T21:00:00+00:00,LTBR,BUY,102.0000,363.4800
2022-04-14T21:00:00+00:00,MOLN.SW,BUY,39.0000,584.3600
2022-04-14T21:00:00+00:00,PLTR,SELL,514.0000,187.5700
2022-04-14T21:00:00+00:00,PRQR,BUY,895.0000,131.8500
2022-04-14T21:00:00+00:00,QSI,SELL,47.0000,645.7800
2022-04-14T21:00:00+00:00,RR.L,BUY,1201.0000,141.0500
2022-04-14T21:00:00+00:00,SEYE.ST,BUY,257.0000,323.0000
2022-04-14T21:00:00+00:00,SGLN.L,SELL,716.0000,123.5600
2022-04-14T21:00:00+00:00,SHEL.L,SELL,3249.0000,177.4100
2022-04-14T21:00:00+00:00,SLX.AX,SELL,804.0000,268.9100
2022-04-14T21:00:00+00:00,SMGB.L,BUY,10704.0000,123.5700
2022-04-14T21:00:00+00:00,VUL.AX,SELL,17.0000,499.3300
2022-04-14T21:00:00+00:00,VYGR,SELL,280.0000,374.5400
2022-04-14T21:00:00+00:00,WBT.AX,SELL,45.0000,240.4200
2022-05-18T21:00:00+00:00,AL3.AX,BUY,37.0000,199.3000
2022-05-18T21:00:00+00:00,ALCLS.PA,BUY,256.0000,341.6900
2022-05-18T21:00:00+00:00,ALMDT.PA,BUY,107.0000,866.4300
2022-05-18T21:00:00+00:00,AXE.AX,BUY,277.0000,420.2200
2022-05-18T21:00:00+00:00,AZN.L,SELL,16.0000,154.5300
2022-05-18T21:00:00+00:00,BGO.L,BUY,95.0000,292.9800
2022-05-18T21:00:00+00:00,BRK-B,BUY,307.0000,149.1800
2022-05-18T21:00:00+00:00,BRNT.L,SELL,1647.0000,275.6200
2022-05-18T21:00:00+00:00,DBMG.L,SELL,7222.0000,151.7800
2022-05-18T21:00:00+00:00,EDIT,BUY,157.0000,1115.8300
2022-05-18T21:00:00+00:00,EMV.AX,BUY,377.0000,174.1000
2022-05-18T21:00:00+00:00,FTC.L,BUY,253.0000,137.5800
2022-05-18T21:00:00+00:00,GSIT,BUY,122.0000,206.7700
2022-05-18T21:00:00+00:00,HSBA.L,BUY,715.0000,141.7400
2022-05-18T21:00:00+00:00,IBTM.L,SELL,6455.0000,109.8700
2022-05-18T21:00:00+00:00,IDN,BUY,273.0000,128.8300
2022-05-18T21:00:00+00:00,IITU.L,BUY,978.0000,119.6300
2022-05-18T21:00:00+00:00,IPWR,SELL,483.0000,413.4700
2022-05-18T21:00:00+00:00,ISF.L,SELL,1146.0000,122.1000
2022-05-18T21:00:00+00:00,LTBR,BUY,502.0000,269.5900
2022-05-18T21:00:00+00:00,MOLN.SW,BUY,1564.0000,222.9000
2022-05-18T21:00:00+00:00,PLTR,BUY,10894.0000,127.1300
2022-05-18T21:00:00+00:00,PRQR,BUY,647.0000,111.8000
2022-05-18T21:00:00+00:00,QSI,BUY,53.0000,592.0400
2022-05-18T21:00:00+00:00,RR.L,BUY,2315.0000,127.9900
2022-05-18T21:00:00+00:00,SEYE.ST,BUY,1267.0000,185.3500
2022-05-18T21:00:00+00:00,SGLN.L,SELL,454.0000,120.3200
2022-05-18T21:00:00+00:00,SHEL.L,SELL,2757.0000,191.8600
2022-05-18T21:00:00+00:00,SLX.AX,BUY,563.0000,207.8000
2022-05-18T21:00:00+00:00,SMGB.L,SELL,4473.0000,124.2100
2022-05-18T21:00:00+00:00,VUL.AX,BUY,219.0000,409.0800
2022-05-18T21:00:00+00:00,VYGR,BUY,485.0000,278.0100
2022-05-18T21:00:00+00:00,WBT.AX,SELL,9.0000,234.0000
2022-06-20T21:00:00+00:00,AL3.AX,BUY,384.0000,172.8100
2022-06-20T21:00:00+00:00,ALCLS.PA,BUY,429.0000,267.4800
2022-06-20T21:00:00+00:00,ALMDT.PA,SELL,96.0000,995.1600
2022-06-20T21:00:00+00:00,AXE.AX,BUY,182.0000,364.5100
2022-06-20T21:00:00+00:00,AZN.L,BUY,9.0000,151.6600
2022-06-20T21:00:00+00:00,BGO.L,BUY,497.0000,229.8200
2022-06-20T21:00:00+00:00,BRK-B,BUY,987.0000,131.7900
2022-06-20T21:00:00+00:00,BRNT.L,SELL,1502.0000,296.7100
2022-06-20T21:00:00+00:00,DBMG.L,SELL,2850.0000,156.9700
2022-06-20T21:00:00+00:00,EDIT,SELL,40.0000,1187.4900
2022-06-20T21:00:00+00:00,EMV.AX,BUY,1198.0000,125.5600
2022-06-20T21:00:00+00:00,FTC.L,SELL,263.0000,144.3000
2022-06-20T21:00:00+00:00,GSIT,SELL,338.0000,231.4000
2022-06-20T21:00:00+00:00,HSBA.L,SELL,3049.0000,153.7500
2022-06-20T21:00:00+00:00,IBTM.L,SELL,300.0000,108.3700
2022-06-20T21:00:00+00:00,IDN,BUY,200.0000,121.1800
2022-06-20T21:00:00+00:00,IITU.L,BUY,1628.0000,113.1300
2022-06-20T21:00:00+00:00,IPWR,SELL,161.0000,459.3900
2022-06-20T21:00:00+00:00,ISF.L,BUY,2552.0000,117.0700
2022-06-20T21:00:00+00:00,LTBR,BUY,359.0000,226.7100
2022-06-20T21:00:00+00:00,MOLN.SW,SELL,301.0000,248.0800
2022-06-20T21:00:00+00:00,PLTR,SELL,1972.0000,132.1500
2022-06-20T21:00:00+00:00,PRQR,SELL,810.0000,130.4100
2022-06-20T21:00:00+00:00,QSI,BUY,211.0000,478.2700
2022-06-20T21:00:00+00:00,RR.L,SELL,3210.0000,138.1300
2022-06-20T21:00:00+00:00,SEYE.ST,BUY,90.0000,177.0000
2022-06-20T21:00:00+00:00,SGLN.L,SELL,4579.0000,123.2300
2022-06-20T21:00:00+00:00,SHEL.L,BUY,2263.0000,172.2900
2022-06-20T21:00:00+00:00,SLX.AX,SELL,937.0000,308.7600
2022-06-20T21:00:00+00:00,SMGB.L,BUY,12193.0000,111.0600
2022-06-20T21:00:00+00:00,VUL.AX,BUY,483.0000,299.1200
2022-06-20T21:00:00+00:00,VYGR,BUY,466.0000,222.9500
2022-06-20T21:00:00+00:00,WBT.AX,BUY,813.0000,172.7800
2022-07-19T21:00:00+00:00,AL3.AX,BUY,295.0000,166.1300
2022-07-19T21:00:00+00:00,ALCLS.PA,SELL,13.0000,282.0100
2022-07-19T21:00:00+00:00,ALMDT.PA,BUY,77.0000,918.7500
2022-07-19T21:00:00+00:00,AXE.AX,BUY,125.0000,353.4600
2022-07-19T21:00:00+00:00,AZN.L,SELL,399.0000,169.4300
2022-07-19T21:00:00+00:00,BGO.L,SELL,654.0000,328.0700
2022-07-19T21:00:00+00:00,BRK-B,SELL,409.0000,144.1300
2022-07-19T21:00:00+00:00,BRNT.L,BUY,1334.0000,286.6300
2022-07-19T21:00:00+00:00,DBMG.L,BUY,1309.0000,160.6200
2022-07-19T21:00:00+00:00,EDIT,SELL,156.0000,1852.1700
2022-07-19T21:00:00+00:00,EMV.AX,SELL,1103.0000,174.2900
2022-07-19T21:00:00+00:00,FTC.L,SELL,852.0000,193.2900
2022-07-19T21:00:00+00:00,GSIT,SELL,375.0000,286.4200
2022-07-19T21:00:00+00:00,HSBA.L,BUY,2235.0000,149.7200
2022-07-19T21:00:00+00:00,IBTM.L,BUY,371.0000,113.0500
2022-07-19T21:00:00+00:00,IDN,SELL,1432.0000,183.3000
2022-07-19T21:00:00+00:00,IITU.L,SELL,1596.0000,123.1000
2022-07-19T21:00:00+00:00,IPWR,BUY,67.0000,456.4200
2022-07-19T21:00:00+00:00,ISF.L,BUY,2253.0000,120.0800
2022-07-19T21:00:00+00:00,LTBR,SELL,245.0000,263.5400
2022-07-19T21:00:00+00:00,MOLN.SW,BUY,660.0000,201.4800
2022-07-19T21:00:00+00:00,PLTR,SELL,3625.0000,154.8900
2022-07-19T21:00:00+00:00,PRQR,SELL,319.0000,147.5400
2022-07-19T21:00:00+00:00,QSI,SELL,5.0000,502.9300
2022-07-19T21:00:00+00:00,RR.L,BUY,706.0000,141.6800
2022-07-19T21:00:00+00:00,SEYE.ST,BUY,263.0000,171.3700
2022-07-19T21:00:00+00:00,SGLN.L,BUY,11229.0000,117.0400
2022-07-19T21:00:00+00:00,SHEL.L,BUY,2289.0000,166.0400
2022-07-19T21:00:00+00:00,SLX.AX,SELL,582.0000,474.6400
2022-07-19T21:00:00+00:00,SMGB.L,SELL,4315.0000,120.2100
2022-07-19T21:00:00+00:00,VUL.AX,SELL,161.0000,342.5600
2022-07-19T21:00:00+00:00,VYGR,SELL,670.0000,317.6800
2022-07-19T21:00:00+00:00,WBT.AX,SELL,693.0000,229.7800
2022-08-17T21:00:00+00:00,AL3.AX,SELL,1158.0000,253.7000
2022-08-17T21:00:00+00:00,ALCLS.PA,SELL,552.0000,394.6200
2022-08-17T21:00:00+00:00,ALMDT.PA,BUY,20.0000,917.8100
2022-08-17T21:00:00+00:00,AXE.AX,SELL,621.0000,579.4200
2022-08-17T21:00:00+00:00,AZN.L,BUY,270.0000,167.1700
2022-08-17T21:00:00+00:00,BGO.L,BUY,266.0000,294.7400
2022-08-17T21:00:00+00:00,BRK-B,SELL,256.0000,152.7500
2022-08-17T21:00:00+00:00,BRNT.L,BUY,1943.0000,265.2900
2022-08-17T21:00:00+00:00,DBMG.L,BUY,4377.0000,153.5300
2022-08-17T21:00:00+00:00,EDIT,BUY,29.0000,1752.9600
2022-08-17T21:00:00+00:00,EMV.AX,BUY,472.0000,157.7200
2022-08-17T21:00:00+00:00,FTC.L,BUY,368.0000,177.8500
2022-08-17T21:00:00+00:00,GSIT,BUY,339.0000,253.6800
2022-08-17T21:00:00+00:00,HSBA.L,SELL,324.0000,155.9300
2022-08-17T21:00:00+00:00,IBTM.L,BUY,1779.0000,114.1100
2022-08-17T21:00:00+00:00,IDN,BUY,264.0000,174.6700
2022-08-17T21:00:00+00:00,IITU.L,SELL,3154.0000,137.3300
2022-08-17T21:00:00+00:00,IPWR,SELL,186.0000,549.5700
2022-08-17T21:00:00+00:00,ISF.L,SELL,626.0000,124.5100
2022-08-17T21:00:00+00:00,LTBR,SELL,108.0000,285.2700
2022-08-17T21:00:00+00:00,MOLN.SW,BUY,72.0000,202.7800
2022-08-17T21:00:00+00:00,PLTR,BUY,1033.0000,154.4400
2022-08-17T21:00:00+00:00,PRQR,SELL,61.0000,154.4300
2022-08-17T21:00:00+00:00,QSI,SELL,217.0000,635.7700
2022-08-17T21:00:00+00:00,RR.L,BUY,5299.0000,126.0600
2022-08-17T21:00:00+00:00,SEYE.ST,SELL,489.0000,205.7500
2022-08-17T21:00:00+00:00,SGLN.L,BUY,495.0000,120.1500
2022-08-17T21:00:00+00:00,SHEL.L,SELL,1380.0000,179.8600
2022-08-17T21:00:00+00:00,SLX.AX,SELL,147.0000,554.3300
2022-08-17T21:00:00+00:00,SMGB.L,SELL,3640.0000,127.4600
2022-08-17T21:00:00+00:00,VUL.AX,SELL,482.0000,489.8300
2022-08-17T21:00:00+00:00,VYGR,BUY,443.0000,264.5700
2022-08-17T21:00:00+00:00,WBT.AX,SELL,92.0000,245.6300
2022-09-16T21:00:00+00:00,AL3.AX,BUY,311.0000,218.8400
2022-09-16T21:00:00+00:00,ALCLS.PA,BUY,131.0000,354.3200
2022-09-16T21:00:00+00:00,ALMDT.PA,BUY,81.0000,797.7500
2022-09-16T21:00:00+00:00,AXE.AX,BUY,142.0000,497.1700
2022-09-16T21:00:00+00:00,AZN.L,BUY,370.0000,153.8000
2022-09-16T21:00:00+00:00,BGO.L,SELL,359.0000,347.3700
2022-09-16T21:00:00+00:00,BRK-B,BUY,191.0000,145.7400
2022-09-16T21:00:00+00:00,BRNT.L,SELL,1328.0000,277.8200
2022-09-16T21:00:00+00:00,DBMG.L,SELL,7451.0000,170.6900
2022-09-16T21:00:00+00:00,EDIT,BUY,14.0000,1637.8800
2022-09-16T21:00:00+00:00,EMV.AX,BUY,166.0000,147.3200
2022-09-16T21:00:00+00:00,FTC.L,SELL,24.0000,174.5000
2022-09-16T21:00:00+00:00,GSIT,BUY,406.0000,211.4500
2022-09-16T21:00:00+00:00,HSBA.L,SELL,367.0000,153.7000
2022-09-16T21:00:00+00:00,IBTM.L,SELL,3187.0000,115.4600
2022-09-16T21:00:00+00:00,IDN,SELL,611.0000,206.1800
2022-09-16T21:00:00+00:00,IITU.L,BUY,3202.0000,123.4700
2022-09-16T21:00:00+00:00,IPWR,SELL,82.0000,577.9600
2022-09-16T21:00:00+00:00,ISF.L,BUY,626.0000,120.5800
2022-09-16T21:00:00+00:00,LTBR,BUY,307.0000,243.0700
2022-09-16T21:00:00+00:00,MOLN.SW,SELL,404.0000,228.1100
2022-09-16T21:00:00+00:00,PLTR,BUY,3722.0000,134.6000
2022-09-16T21:00:00+00:00,PRQR,BUY,178.0000,143.9500
2022-09-16T21:00:00+00:00,QSI,BUY,200.0000,512.4500
2022-09-16T21:00:00+00:00,RR.L,BUY,2847.0000,114.3900
2022-09-16T21:00:00+00:00,SEYE.ST,SELL,120.0000,208.9200
2022-09-16T21:00:00+00:00,SGLN.L,SELL,3280.0000,120.3200
2022-09-16T21:00:00+00:00,SHEL.L,SELL,2020.0000,189.3000
2022-09-16T21:00:00+00:00,SLX.AX,SELL,16.0000,548.1000
2022-09-16T21:00:00+00:00,SMGB.L,BUY,12037.0000,113.4300
2022-09-16T21:00:00+00:00,VUL.AX,BUY,63.0000,454.3300
2022-09-16T21:00:00+00:00,VYGR,SELL,426.0000,316.0400
2022-09-16T21:00:00+00:00,WBT.AX,BUY,333.0000,210.9800
2022-10-18T21:00:00+00:00,AL3.AX,SELL,118.0000,219.4400
2022-10-18T21:00:00+00:00,ALCLS.PA,BUY,364.0000,279.3600
2022-10-18T21:00:00+00:00,ALMDT.PA,BUY,84.0000,687.6100
2022-10-18T21:00:00+00:00,AXE.AX,BUY,83.0000,446.0600
2022-10-18T21:00:00+00:00,AZN.L,SELL,91.0000,149.5800
2022-10-18T21:00:00+00:00,BGO.L,BUY,17.0000,329.8200
2022-10-18T21:00:00+00:00,BRK-B,SELL,669.0000,150.6700
2022-10-18T21:00:00+00:00,BRNT.L,SELL,615.0000,276.1100
2022-10-18T21:00:00+00:00,DBMG.L,SELL,4187.0000,177.8700
2022-10-18T21:00:00+00:00,EDIT,BUY,37.0000,1426.0700
2022-10-18T21:00:00+00:00,EMV.AX,BUY,620.0000,122.5100
2022-10-18T21:00:00+00:00,FTC.L,BUY,455.0000,147.6500
2022-10-18T21:00:00+00:00,GSIT,BUY,963.0000,151.0800
2022-10-18T21:00:00+00:00,HSBA.L,BUY,2811.0000,135.1700
2022-10-18T21:00:00+00:00,IBTM.L,SELL,726.0000,111.7500
2022-10-18T21:00:00+00:00,IDN,BUY,437.0000,171.8000
2022-10-18T21:00:00+00:00,IITU.L,BUY,34.0000,118.3500
2022-10-18T21:00:00+00:00,IPWR,BUY,207.0000,461.6000
2022-10-18T21:00:00+00:00,ISF.L,BUY,33.0000,115.6400
2022-10-18T21:00:00+00:00,LTBR,SELL,101.0000,243.1700
2022-10-18T21:00:00+00:00,MOLN.SW,BUY,4.0000,218.5100
2022-10-18T21:00:00+00:00,PLTR,SELL,3294.0000,142.4000
2022-10-18T21:00:00+00:00,PRQR,SELL,928.0000,178.1100
2022-10-18T21:00:00+00:00,QSI,BUY,3.0000,490.4400
2022-10-18T21:00:00+00:00,RR.L,SELL,890.0000,112.1400
2022-10-18T21:00:00+00:00,SEYE.ST,BUY,66.0000,195.8700
2022-10-18T21:00:00+00:00,SGLN.L,SELL,4138.0000,119.6500
2022-10-18T21:00:00+00:00,SHEL.L,SELL,556.0000,185.7100
2022-10-18T21:00:00+00:00,SLX.AX,BUY,146.0000,463.5100
2022-10-18T21:00:00+00:00,SMGB.L,BUY,11942.0000,100.2200
2022-10-18T21:00:00+00:00,VUL.AX,BUY,380.0000,337.7300
2022-10-18T21:00:00+00:00,VYGR,BUY,72.0000,292.1000
2022-10-18T21:00:00+00:00,WBT.AX,BUY,28.0000,200.4200
2022-11-16T21:00:00+00:00,AL3.AX,BUY,932.0000,168.4800
2022-11-16T21:00:00+00:00,ALCLS.PA,BUY,427.0000,240.9500
2022-11-16T21:00:00+00:00,ALMDT.PA,BUY,45.0000,680.4200
2022-11-16T21:00:00+00:00,AXE.AX,BUY,161.0000,413.3000
2022-11-16T21:00:00+00:00,AZN.L,SELL,292.0000,163.3100
2022-11-16T21:00:00+00:00,BGO.L,BUY,51.0000,334.2100
2022-11-16T21:00:00+00:00,BRK-B,SELL,36.0000,157.8500
2022-11-16T21:00:00+00:00,BRNT.L,BUY,546.0000,279.1400
2022-11-16T21:00:00+00:00,DBMG.L,BUY,8510.0000,157.8900
2022-11-16T21:00:00+00:00,EDIT,BUY,44.0000,1339.9100
2022-11-16T21:00:00+00:00,EMV.AX,SELL,1454.0000,185.8800
2022-11-16T21:00:00+00:00,FTC.L,SELL,168.0000,161.0700
2022-11-16T21:00:00+00:00,GSIT,BUY,626.0000,135.1800
2022-11-16T21:00:00+00:00,HSBA.L,BUY,738.0000,138.0000
2022-11-16T21:00:00+00:00,IBTM.L,BUY,5489.0000,109.2400
2022-11-16T21:00:00+00:00,IDN,BUY,811.0000,144.0200
2022-11-16T21:00:00+00:00,IITU.L,BUY,142.0000,123.0500
2022-11-16T21:00:00+00:00,IPWR,SELL,195.0000,571.7000
2022-11-16T21:00:00+00:00,ISF.L,SELL,1670.0000,122.5600
2022-11-16T21:00:00+00:00,LTBR,BUY,163.0000,237.2000
2022-11-16T21:00:00+00:00,MOLN.SW,BUY,14.0000,226.7500
2022-11-16T21:00:00+00:00,PLTR,BUY,3368.0000,134.4300
2022-11-16T21:00:00+00:00,PRQR,BUY,151.0000,177.4300
2022-11-16T21:00:00+00:00,QSI,BUY,10.0000,507.4900
2022-11-16T21:00:00+00:00,RR.L,SELL,4535.0000,131.6700
2022-11-16T21:00:00+00:00,SEYE.ST,BUY,795.0000,160.4900
2022-11-16T21:00:00+00:00,SGLN.L,BUY,2063.0000,122.5900
2022-11-16T21:00:00+00:00,SHEL.L,SELL,423.0000,197.1400
2022-11-16T21:00:00+00:00,SLX.AX,SELL,6.0000,485.6700
2022-11-16T21:00:00+00:00,SMGB.L,SELL,18604.0000,119.2300
2022-11-16T21:00:00+00:00,VUL.AX,SELL,291.0000,425.6400
2022-11-16T21:00:00+00:00,VYGR,BUY,510.0000,241.5900
2022-11-16T21:00:00+00:00,WBT.AX,SELL,799.0000,290.7100
2022-12-15T21:00:00+00:00,AL3.AX,SELL,7.0000,163.2700
2022-12-15T21:00:00+00:00,ALCLS.PA,BUY,56.0000,227.9300
2022-12-15T21:00:00+00:00,ALMDT.PA,SELL,4.0000,660.8400
2022-12-15T21:00:00+00:00,AXE.AX,BUY,146.0000,362.7800
2022-12-15T21:00:00+00:00,AZN.L,SELL,534.0000,172.6100
2022-12-15T21:00:00+00:00,BGO.L,SELL,119.0000,346.4900
2022-12-15T21:00:00+00:00,BRK-B,BUY,291.0000,147.6500
2022-12-15T21:00:00+00:00,BRNT.L,BUY,2100.0000,241.2200
2022-12-15T21:00:00+00:00,DBMG.L,BUY,2314.0000,146.7400
2022-12-15T21:00:00+00:00,EDIT,BUY,106.0000,1047.3800
2022-12-15T21:00:00+00:00,EMV.AX,SELL,64.0000,183.4100
2022-12-15T21:00:00+00:00,FTC.L,SELL,738.0000,194.6300
2022-12-15T21:00:00+00:00,GSIT,BUY,569.0000,115.7700
2022-12-15T21:00:00+00:00,HSBA.L,SELL,2297.0000,142.9800
2022-12-15T21:00:00+00:00,IBTM.L,SELL,2551.0000,108.8300
2022-12-15T21:00:00+00:00,IDN,BUY,25.0000,138.4600
2022-12-15T21:00:00+00:00,IITU.L,BUY,551.0000,117.4500
2022-12-15T21:00:00+00:00,IPWR,BUY,350.0000,413.7700
2022-12-15T21:00:00+00:00,ISF.L,SELL,4811.0000,124.2100
2022-12-15T21:00:00+00:00,LTBR,BUY,152.0000,216.3400
2022-12-15T21:00:00+00:00,MOLN.SW,BUY,80.0000,212.8000
2022-12-15T21:00:00+00:00,PLTR,BUY,5749.0000,111.8400
2022-12-15T21:00:00+00:00,PRQR,SELL,1394.0000,293.8000
2022-12-15T21:00:00+00:00,QSI,BUY,487.0000,346.7600
2022-12-15T21:00:00+00:00,RR.L,SELL,1941.0000,134.5600
2022-12-15T21:00:00+00:00,SEYE.ST,BUY,547.0000,135.2700
2022-12-15T21:00:00+00:00,SGLN.L,SELL,710.0000,119.2900
2022-12-15T21:00:00+00:00,SHEL.L,BUY,32.0000,190.4000
2022-12-15T21:00:00+00:00,SLX.AX,BUY,56.0000,449.1200
2022-12-15T21:00:00+00:00,SMGB.L,BUY,513.0000,114.8600
2022-12-15T21:00:00+00:00,VUL.AX,BUY,245.0000,350.1700
2022-12-15T21:00:00+00:00,VYGR,SELL,226.0000,257.2800
2022-12-15T21:00:00+00:00,WBT.AX,SELL,328.0000,334.8100
2023-01-18T21:00:00+00:00,AL3.AX,SELL,115.0000,180.0500
2023-01-18T21:00:00+00:00,ALCLS.PA,SELL,812.0000,358.4000
2023-01-18T21:00:00+00:00,ALMDT.PA,BUY,72.0000,651.2800
2023-01-18T21:00:00+00:00,AXE.AX,BUY,43.0000,376.7500
2023-01-18T21:00:00+00:00,AZN.L,BUY,268.0000,175.9200
2023-01-18T21:00:00+00:00,BGO.L,SELL,34.0000,377.1900
2023-01-18T21:00:00+00:00,BRK-B,BUY,295.0000,152.4200
2023-01-18T21:00:00+00:00,BRNT.L,SELL,378.0000,262.3200
2023-01-18T21:00:00+00:00,DBMG.L,BUY,3707.0000,147.3200
2023-01-18T21:00:00+00:00,EDIT,BUY,166.0000,857.8800
2023-01-18T21:00:00+00:00,EMV.AX,BUY,631.0000,162.8600
2023-01-18T21:00:00+00:00,FTC.L,BUY,702.0000,167.7900
2023-01-18T21:00:00+00:00,GSIT,SELL,1003.0000,154.6900
2023-01-18T21:00:00+00:00,HSBA.L,SELL,3553.0000,171.4300
2023-01-18T21:00:00+00:00,IBTM.L,BUY,5826.0000,108.6000
2023-01-18T21:00:00+00:00,IDN,SELL,559.0000,170.6200
2023-01-18T21:00:00+00:00,IITU.L,BUY,2971.0000,117.0500
2023-01-18T21:00:00+00:00,IPWR,SELL,119.0000,482.5200
2023-01-18T21:00:00+00:00,ISF.L,BUY,1075.0000,131.0800
2023-01-18T21:00:00+00:00,LTBR,BUY,540.0000,191.7800
2023-01-18T21:00:00+00:00,MOLN.SW,BUY,49.0000,222.9100
2023-01-18T21:00:00+00:00,PLTR,BUY,2959.0000,111.2900
2023-01-18T21:00:00+00:00,PRQR,SELL,880.0000,568.9900
2023-01-18T21:00:00+00:00,QSI,SELL,16.0000,373.3900
2023-01-18T21:00:00+00:00,RR.L,SELL,4167.0000,163.4400
2023-01-18T21:00:00+00:00,SEYE.ST,BUY,689.0000,124.1600
2023-01-18T21:00:00+00:00,SGLN.L,BUY,540.0000,126.6400
2023-01-18T21:00:00+00:00,SHEL.L,BUY,388.0000,199.8800
2023-01-18T21:00:00+00:00,SLX.AX,SELL,392.0000,690.8900
2023-01-18T21:00:00+00:00,SMGB.L,BUY,2043.0000,120.6600
2023-01-18T21:00:00+00:00,VUL.AX,SELL,65.0000,388.9800
2023-01-18T21:00:00+00:00,VYGR,SELL,756.0000,414.3700
2023-01-18T21:00:00+00:00,WBT.AX,SELL,101.0000,379.3400
2023-02-16T21:00:00+00:00,AL3.AX,BUY,73.0000,186.3800
2023-02-16T21:00:00+00:00,ALCLS.PA,BUY,696.0000,269.4300
2023-02-16T21:00:00+00:00,ALMDT.PA,BUY,158.0000,589.4300
2023-02-16T21:00:00+00:00,AXE.AX,BUY,164.0000,361.9000
2023-02-16T21:00:00+00:00,AZN.L,BUY,466.0000,172.6400
2023-02-16T21:00:00+00:00,BGO.L,SELL,46.0000,410.5300
2023-02-16T21:00:00+00:00,BRK-B,BUY,336.0000,155.4600
2023-02-16T21:00:00+00:00,BRNT.L,BUY,1090.0000,262.5900
2023-02-16T21:00:00+00:00,DBMG.L,BUY,1538.0000,152.0700
2023-02-16T21:00:00+00:00,EDIT,SELL,112.0000,1075.0100
2023-02-16T21:00:00+00:00,EMV.AX,BUY,760.0000,143.3100
2023-02-16T21:00:00+00:00,FTC.L,SELL,205.0000,187.9200
2023-02-16T21:00:00+00:00,GSIT,BUY,1631.0000,115.9300
2023-02-16T21:00:00+00:00,HSBA.L,BUY,287.0000,179.4700
2023-02-16T21:00:00+00:00,IBTM.L,BUY,5483.0000,108.2700
2023-02-16T21:00:00+00:00,IDN,BUY,41.0000,178.3600
2023-02-16T21:00:00+00:00,IITU.L,SELL,2796.0000,131.9200
2023-02-16T21:00:00+00:00,IPWR,SELL,64.0000,537.4700
2023-02-16T21:00:00+00:00,ISF.L,BUY,3392.0000,134.1200
2023-02-16T21:00:00+00:00,LTBR,SELL,222.0000,217.9500
2023-02-16T21:00:00+00:00,MOLN.SW,BUY,401.0000,205.7400
2023-02-16T21:00:00+00:00,PLTR,SELL,11626.0000,159.8000
2023-02-16T21:00:00+00:00,PRQR,BUY,151.0000,527.6200
2023-02-16T21:00:00+00:00,QSI,BUY,287.0000,336.0600
2023-02-16T21:00:00+00:00,RR.L,BUY,179.0000,171.8000
2023-02-16T21:00:00+00:00,SEYE.ST,SELL,1001.0000,164.6400
2023-02-16T21:00:00+00:00,SGLN.L,BUY,7764.0000,125.4400
2023-02-16T21:00:00+00:00,SHEL.L,SELL,660.0000,217.1900
2023-02-16T21:00:00+00:00,SLX.AX,SELL,63.0000,786.3500
2023-02-16T21:00:00+00:00,SMGB.L,SELL,7323.0000,134.9000
2023-02-16T21:00:00+00:00,VUL.AX,BUY,298.0000,346.0100
2023-02-16T21:00:00+00:00,VYGR,BUY,428.0000,339.9800
2023-02-16T21:00:00+00:00,WBT.AX,SELL,311.0000,496.5100
2023-03-17T21:00:00+00:00,AL3.AX,BUY,214.0000,169.5500
2023-03-17T21:00:00+00:00,ALCLS.PA,BUY,641.0000,205.4800
2023-03-17T21:00:00+00:00,ALMDT.PA,SELL,146.0000,656.6800
2023-03-17T21:00:00+00:00,AXE.AX,BUY,562.0000,266.0500
2023-03-17T21:00:00+00:00,BGO.L,SELL,67.0000,414.0400
2023-03-17T21:00:00+00:00,BRK-B,BUY,188.0000,147.2000
2023-03-17T21:00:00+00:00,BRNT.L,BUY,2385.0000,227.0600
2023-03-17T21:00:00+00:00,DBMG.L,BUY,4736.0000,136.8100
2023-03-17T21:00:00+00:00,EDIT,BUY,94.0000,898.1200
2023-03-17T21:00:00+00:00,EMV.AX,BUY,512.0000,124.3300
2023-03-17T21:00:00+00:00,FTC.L,BUY,358.0000,164.4300
2023-03-17T21:00:00+00:00,GSIT,BUY,459.0000,103.4500
2023-03-17T21:00:00+00:00,HSBA.L,BUY,2009.0000,162.0400
2023-03-17T21:00:00+00:00,IBTM.L,SELL,4989.0000,110.2800
2023-03-17T21:00:00+00:00,IDN,BUY,185.0000,163.9000
2023-03-17T21:00:00+00:00,IITU.L,SELL,1047.0000,130.6000
2023-03-17T21:00:00+00:00,IPWR,BUY,189.0000,448.6700
2023-03-17T21:00:00+00:00,ISF.L,BUY,4782.0000,123.8500
2023-03-17T21:00:00+00:00,LTBR,BUY,504.0000,179.9400
2023-03-17T21:00:00+00:00,MOLN.SW,BUY,137.0000,190.4200
2023-03-17T21:00:00+00:00,PLTR,BUY,6391.0000,128.9300
2023-03-17T21:00:00+00:00,PRQR,SELL,167.0000,589.8800
2023-03-17T21:00:00+00:00,QSI,BUY,259.0000,286.1400
2023-03-17T21:00:00+00:00,RR.L,SELL,6552.0000,211.8100
2023-03-17T21:00:00+00:00,SEYE.ST,SELL,8.0000,159.2900
2023-03-17T21:00:00+00:00,SGLN.L,SELL,10063.0000,131.9400
2023-03-17T21:00:00+00:00,SHEL.L,BUY,3070.0000,185.8400
2023-03-17T21:00:00+00:00,SLX.AX,BUY,349.0000,533.3200
2023-03-17T21:00:00+00:00,SMGB.L,SELL,4982.0000,135.5400
2023-03-17T21:00:00+00:00,VUL.AX,BUY,79.0000,320.5400
2023-03-17T21:00:00+00:00,VYGR,SELL,169.0000,360.2800
2023-03-17T21:00:00+00:00,WBT.AX,SELL,335.0000,645.0200
2023-04-19T21:00:00+00:00,AL3.AX,SELL,153.0000,180.5800
2023-04-19T21:00:00+00:00,ALCLS.PA,SELL,20.0000,211.1400
2023-04-19T21:00:00+00:00,ALMDT.PA,BUY,44.0000,640.3200
2023-04-19T21:00:00+00:00,AXE.AX,BUY,384.0000,233.6200
2023-04-19T21:00:00+00:00,AZN.L,SELL,514.0000,184.8600
2023-04-19T21:00:00+00:00,BGO.L,BUY,265.0000,359.6500
2023-04-19T21:00:00+00:00,BRK-B,SELL,469.0000,157.9300
2023-04-19T21:00:00+00:00,BRNT.L,SELL,1865.0000,252.4400
2023-04-19T21:00:00+00:00,DBMG.L,BUY,1277.0000,137.1500
2023-04-19T21:00:00+00:00,EDIT,BUY,59.0000,846.0700
2023-04-19T21:00:00+00:00,EMV.AX,SELL,587.0000,143.6700
2023-04-19T21:00:00+00:00,FTC.L,BUY,245.0000,157.7200
2023-04-19T21:00:00+00:00,GSIT,SELL,1159.0000,130.6000
2023-04-19T21:00:00+00:00,HSBA.L,SELL,1077.0000,171.4000
2023-04-19T21:00:00+00:00,IBTM.L,BUY,4902.0000,106.8300
2023-04-19T21:00:00+00:00,IDN,BUY,217.0000,158.3600
2023-04-19T21:00:00+00:00,IITU.L,SELL,41.0000,133.4700
2023-04-19T21:00:00+00:00,IPWR,BUY,151.0000,413.4500
2023-04-19T21:00:00+00:00,ISF.L,SELL,5828.0000,133.5500
2023-04-19T21:00:00+00:00,LTBR,BUY,64.0000,180.4300
2023-04-19T21:00:00+00:00,MOLN.SW,SELL,100.0000,200.5000
2023-04-19T21:00:00+00:00,PLTR,SELL,1079.0000,135.3900
2023-04-19T21:00:00+00:00,PRQR,BUY,559.0000,394.4900
2023-04-19T21:00:00+00:00,QSI,BUY,387.0000,248.2600
2023-04-19T21:00:00+00:00,RR.L,SELL,1844.0000,234.5300
2023-04-19T21:00:00+00:00,SEYE.ST,SELL,187.0000,170.7300
2023-04-19T21:00:00+00:00,SGLN.L,BUY,2799.0000,131.4400
2023-04-19T21:00:00+00:00,SHEL.L,SELL,2163.0000,206.2800
2023-04-19T21:00:00+00:00,SLX.AX,BUY,22.0000,534.4800
2023-04-19T21:00:00+00:00,SMGB.L,BUY,6711.0000,131.2100
2023-04-19T21:00:00+00:00,VUL.AX,BUY,102.0000,311.0500
2023-04-19T21:00:00+00:00,VYGR,BUY,84.0000,350.7100
2023-04-19T21:00:00+00:00,WBT.AX,BUY,387.0000,470.7200
2023-05-22T21:00:00+00:00,AL3.AX,BUY,795.0000,153.5200
2023-05-22T21:00:00+00:00,ALCLS.PA,BUY,562.0000,185.3700
2023-05-22T21:00:00+00:00,ALMDT.PA,BUY,614.0000,412.8300
2023-05-22T21:00:00+00:00,AXE.AX,BUY,263.0000,221.8400
2023-05-22T21:00:00+00:00,AZN.L,BUY,221.0000,185.5400
2023-05-22T21:00:00+00:00,BGO.L,BUY,73.0000,359.6500
2023-05-22T21:00:00+00:00,BRK-B,BUY,228.0000,160.4200
2023-05-22T21:00:00+00:00,BRNT.L,BUY,2961.0000,230.2500
2023-05-22T21:00:00+00:00,DBMG.L,BUY,2576.0000,137.7400
2023-05-22T21:00:00+00:00,EDIT,SELL,94.0000,1005.3000
2023-05-22T21:00:00+00:00,EMV.AX,BUY,220.0000,142.5100
2023-05-22T21:00:00+00:00,FTC.L,SELL,240.0000,174.5000
2023-05-22T21:00:00+00:00,GSIT,SELL,3208.0000,394.0700
2023-05-22T21:00:00+00:00,HSBA.L,SELL,1363.0000,186.9500
2023-05-22T21:00:00+00:00,IBTM.L,BUY,4117.0000,106.6200
2023-05-22T21:00:00+00:00,IDN,SELL,15.0000,165.4600
2023-05-22T21:00:00+00:00,IITU.L,SELL,837.0000,141.8000
2023-05-22T21:00:00+00:00,IPWR,BUY,72.0000,411.0800
2023-05-22T21:00:00+00:00,ISF.L,BUY,5347.0000,132.2000
2023-05-22T21:00:00+00:00,LTBR,SELL,451.0000,215.1600
2023-05-22T21:00:00+00:00,MOLN.SW,BUY,25.0000,207.0900
2023-05-22T21:00:00+00:00,PLTR,SELL,9504.0000,188.2700
2023-05-22T21:00:00+00:00,PRQR,BUY,355.0000,336.9200
2023-05-22T21:00:00+00:00,QSI,SELL,209.0000,281.3000
2023-05-22T21:00:00+00:00,RR.L,BUY,612.0000,237.4700
2023-05-22T21:00:00+00:00,SEYE.ST,BUY,1115.0000,136.9500
2023-05-22T21:00:00+00:00,SGLN.L,BUY,5897.0000,130.1700
2023-05-22T21:00:00+00:00,SHEL.L,BUY,1438.0000,202.9600
2023-05-22T21:00:00+00:00,SLX.AX,SELL,86.0000,599.7300
2023-05-22T21:00:00+00:00,SMGB.L,SELL,3264.0000,140.1100
2023-05-22T21:00:00+00:00,VUL.AX,BUY,994.0000,218.2500
2023-05-22T21:00:00+00:00,VYGR,SELL,736.0000,612.3200
2023-05-22T21:00:00+00:00,WBT.AX,BUY,111.0000,453.1900
2023-06-21T21:00:00+00:00,AL3.AX,BUY,1224.0000,121.8000
2023-06-21T21:00:00+00:00,ALCLS.PA,SELL,145.0000,196.5300
2023-06-21T21:00:00+00:00,ALMDT.PA,SELL,270.0000,504.4300
2023-06-21T21:00:00+00:00,AXE.AX,SELL,1319.0000,402.4900
2023-06-21T21:00:00+00:00,AZN.L,BUY,352.0000,178.6000
2023-06-21T21:00:00+00:00,BGO.L,BUY,154.0000,337.7200
2023-06-21T21:00:00+00:00,BRK-B,BUY,123.0000,161.1100
2023-06-21T21:00:00+00:00,BRNT.L,BUY,474.0000,229.6900
2023-06-21T21:00:00+00:00,DBMG.L,BUY,1802.0000,136.7600
2023-06-21T21:00:00+00:00,EDIT,BUY,167.0000,816.4200
2023-06-21T21:00:00+00:00,EMV.AX,BUY,1207.0000,115.2000
2023-06-21T21:00:00+00:00,FTC.L,SELL,211.0000,187.9200
2023-06-21T21:00:00+00:00,GSIT,SELL,317.0000,493.3600
2023-06-21T21:00:00+00:00,HSBA.L,BUY,450.0000,187.2300
2023-06-21T21:00:00+00:00,IBTM.L,BUY,4664.0000,103.6300
2023-06-21T21:00:00+00:00,IDN,SELL,92.0000,172.2400
2023-06-21T21:00:00+00:00,IITU.L,SELL,1658.0000,150.4100
2023-06-21T21:00:00+00:00,IPWR,BUY,1.0000,417.9200
2023-06-21T21:00:00+00:00,ISF.L,BUY,4757.0000,128.8700
2023-06-21T21:00:00+00:00,LTBR,SELL,407.0000,252.0400
2023-06-21T21:00:00+00:00,MOLN.SW,BUY,226.0000,196.8300
2023-06-21T21:00:00+00:00,PLTR,SELL,4445.0000,227.2400
2023-06-21T21:00:00+00:00,PRQR,BUY,271.0000,301.3300
2023-06-21T21:00:00+00:00,QSI,BUY,530.0000,233.8000
2023-06-21T21:00:00+00:00,RR.L,BUY,352.0000,237.8500
2023-06-21T21:00:00+00:00,SEYE.ST,BUY,667.0000,122.5200
2023-06-21T21:00:00+00:00,SGLN.L,BUY,7871.0000,124.3600
2023-06-21T21:00:00+00:00,SHEL.L,BUY,810.0000,200.2900
2023-06-21T21:00:00+00:00,SLX.AX,BUY,5.0000,607.3200
2023-06-21T21:00:00+00:00,SMGB.L,SELL,8356.0000,152.6400
2023-06-21T21:00:00+00:00,VUL.AX,BUY,151.0000,211.5500
2023-06-21T21:00:00+00:00,VYGR,BUY,154.0000,545.5000
2023-06-21T21:00:00+00:00,WBT.AX,SELL,394.0000,630.0400
2023-07-20T21:00:00+00:00,AL3.AX,SELL,16.0000,124.2000
2023-07-20T21:00:00+00:00,ALCLS.PA,SELL,654.0000,246.6300
2023-07-20T21:00:00+00:00,ALMDT.PA,BUY,244.0000,434.0300
2023-07-20T21:00:00+00:00,AXE.AX,BUY,440.0000,324.5200
2023-07-20T21:00:00+00:00,AZN.L,BUY,663.0000,164.8800
2023-07-20T21:00:00+00:00,BGO.L,BUY,206.0000,311.4000
2023-07-20T21:00:00+00:00,BRK-B,BUY,66.0000,162.6900
2023-07-20T21:00:00+00:00,BRNT.L,SELL,88.0000,234.3900
2023-07-20T21:00:00+00:00,DBMG.L,BUY,1849.0000,135.7100
2023-07-20T21:00:00+00:00,EDIT,SELL,47.0000,880.7300
2023-07-20T21:00:00+00:00,EMV.AX,BUY,800.0000,103.1200
2023-07-20T21:00:00+00:00,FTC.L,SELL,294.0000,208.0500
2023-07-20T21:00:00+00:00,GSIT,BUY,731.0000,327.5000
2023-07-20T21:00:00+00:00,HSBA.L,SELL,520.0000,193.8600
2023-07-20T21:00:00+00:00,IBTM.L,BUY,3033.0000,102.4000
2023-07-20T21:00:00+00:00,IDN,BUY,90.0000,171.2400
2023-07-20T21:00:00+00:00,IITU.L,SELL,1066.0000,157.2500
2023-07-20T21:00:00+00:00,IPWR,SELL,131.0000,462.2900
2023-07-20T21:00:00+00:00,ISF.L,BUY,447.0000,130.5200
2023-07-20T21:00:00+00:00,LTBR,BUY,6.0000,255.6900
2023-07-20T21:00:00+00:00,MOLN.SW,BUY,133.0000,192.6900
2023-07-20T21:00:00+00:00,PLTR,SELL,2842.0000,262.3100
2023-07-20T21:00:00+00:00,PRQR,BUY,180.0000,283.6800
2023-07-20T21:00:00+00:00,QSI,SELL,1476.0000,484.5100
2023-07-20T21:00:00+00:00,RR.L,BUY,855.0000,233.0900
2023-07-20T21:00:00+00:00,SEYE.ST,SELL,347.0000,132.9200
2023-07-20T21:00:00+00:00,SGLN.L,BUY,758.0000,125.7100
2023-07-20T21:00:00+00:00,SHEL.L,BUY,87.0000,203.0000
2023-07-20T21:00:00+00:00,SLX.AX,BUY,158.0000,540.7200
2023-07-20T21:00:00+00:00,SMGB.L,SELL,438.0000,155.7800
2023-07-20T21:00:00+00:00,VUL.AX,SELL,297.0000,237.1600
2023-07-20T21:00:00+00:00,VYGR,BUY,552.0000,384.0300
2023-07-20T21:00:00+00:00,WBT.AX,BUY,337.0000,487.6600
2023-08-18T21:00:00+00:00,AL3.AX,SELL,1310.0000,159.0300
2023-08-18T21:00:00+00:00,ALCLS.PA,BUY,786.0000,188.2500
2023-08-18T21:00:00+00:00,ALMDT.PA,SELL,11.0000,427.4500
2023-08-18T21:00:00+00:00,AXE.AX,BUY,403.0000,266.7400
2023-08-18T21:00:00+00:00,AZN.L,SELL,178.0000,165.3500
2023-08-18T21:00:00+00:00,BGO.L,SELL,164.0000,328.9500
2023-08-18T21:00:00+00:00,BRK-B,SELL,506.0000,167.9400
2023-08-18T21:00:00+00:00,BRNT.L,SELL,2452.0000,254.9500
2023-08-18T21:00:00+00:00,DBMG.L,SELL,3826.0000,139.6800
2023-08-18T21:00:00+00:00,EDIT,SELL,19.0000,882.6200
2023-08-18T21:00:00+00:00,EMV.AX,SELL,1003.0000,118.6700
2023-08-18T21:00:00+00:00,FTC.L,SELL,174.0000,214.7700
2023-08-18T21:00:00+00:00,GSIT,BUY,774.0000,234.1100
2023-08-18T21:00:00+00:00,HSBA.L,BUY,1666.0000,179.1000
2023-08-18T21:00:00+00:00,IBTM.L,SELL,664.0000,100.7700
2023-08-18T21:00:00+00:00,IDN,SELL,55.0000,169.7600
2023-08-18T21:00:00+00:00,IITU.L,BUY,2056.0000,145.8600
2023-08-18T21:00:00+00:00,IPWR,BUY,152.0000,410.2800
2023-08-18T21:00:00+00:00,ISF.L,BUY,2517.0000,124.9000
2023-08-18T21:00:00+00:00,LTBR,BUY,456.0000,213.8600
2023-08-18T21:00:00+00:00,MOLN.SW,BUY,192.0000,178.8300
2023-08-18T21:00:00+00:00,PLTR,BUY,3075.0000,223.7800
2023-08-18T21:00:00+00:00,PRQR,BUY,93.0000,267.2100
2023-08-18T21:00:00+00:00,QSI,BUY,755.0000,309.4800
2023-08-18T21:00:00+00:00,RR.L,SELL,5897.0000,303.7400
2023-08-18T21:00:00+00:00,SEYE.ST,BUY,32.0000,129.2100
2023-08-18T21:00:00+00:00,SGLN.L,BUY,1181.0000,121.8400
2023-08-18T21:00:00+00:00,SHEL.L,SELL,484.0000,202.1400
2023-08-18T21:00:00+00:00,SLX.AX,BUY,254.0000,440.8800
2023-08-18T21:00:00+00:00,SMGB.L,BUY,4753.0000,146.4300
2023-08-18T21:00:00+00:00,VUL.AX,BUY,1234.0000,162.7500
2023-08-18T21:00:00+00:00,VYGR,SELL,119.0000,402.2700
2023-08-18T21:00:00+00:00,WBT.AX,BUY,266.0000,401.3000
2023-09-19T21:00:00+00:00,AL3.AX,SELL,292.0000,179.7300
2023-09-19T21:00:00+00:00,ALCLS.PA,BUY,535.0000,172.3000
2023-09-19T21:00:00+00:00,ALMDT.PA,BUY,293.0000,379.3300
2023-09-19T21:00:00+00:00,AXE.AX,BUY,293.0000,251.4400
2023-09-19T21:00:00+00:00,AZN.L,BUY,395.0000,164.7000
2023-09-19T21:00:00+00:00,BGO.L,BUY,73.0000,334.2100
2023-09-19T21:00:00+00:00,BRK-B,SELL,251.0000,181.7000
2023-09-19T21:00:00+00:00,BRNT.L,SELL,1975.0000,294.9100
2023-09-19T21:00:00+00:00,DBMG.L,BUY,131.0000,146.7100
2023-09-19T21:00:00+00:00,EDIT,BUY,82.0000,838.4300
2023-09-19T21:00:00+00:00,EMV.AX,SELL,929.0000,149.3000
2023-09-19T21:00:00+00:00,FTC.L,BUY,133.0000,216.7800
2023-09-19T21:00:00+00:00,GSIT,BUY,710.0000,197.5900
2023-09-19T21:00:00+00:00,HSBA.L,SELL,779.0000,193.4600
2023-09-19T21:00:00+00:00,IBTM.L,BUY,3063.0000,103.0800
2023-09-19T21:00:00+00:00,IDN,BUY,186.0000,170.6400
2023-09-19T21:00:00+00:00,IITU.L,SELL,144.0000,154.0300
2023-09-19T21:00:00+00:00,IPWR,BUY,59.0000,416.8300
2023-09-19T21:00:00+00:00,ISF.L,SELL,458.0000,131.9400
2023-09-19T21:00:00+00:00,LTBR,BUY,420.0000,198.5400
2023-09-19T21:00:00+00:00,MOLN.SW,BUY,1450.0000,135.8600
2023-09-19T21:00:00+00:00,PLTR,SELL,689.0000,242.4000
2023-09-19T21:00:00+00:00,PRQR,BUY,73.0000,273.3400
2023-09-19T21:00:00+00:00,QSI,SELL,90.0000,339.6700
2023-09-19T21:00:00+00:00,RR.L,SELL,1122.0000,341.1800
2023-09-19T21:00:00+00:00,SEYE.ST,SELL,545.0000,151.8300
2023-09-19T21:00:00+00:00,SGLN.L,BUY,269.0000,127.9400
2023-09-19T21:00:00+00:00,SHEL.L,SELL,1324.0000,223.8100
2023-09-19T21:00:00+00:00,SLX.AX,SELL,168.0000,521.4100
2023-09-19T21:00:00+00:00,SMGB.L,BUY,2194.0000,151.3600
2023-09-19T21:00:00+00:00,VUL.AX,BUY,174.0000,164.3700
2023-09-19T21:00:00+00:00,VYGR,BUY,307.0000,357.6700
2023-09-19T21:00:00+00:00,WBT.AX,BUY,840.0000,281.4100
2023-10-18T21:00:00+00:00,AL3.AX,BUY,412.0000,163.1600
2023-10-18T21:00:00+00:00,ALCLS.PA,BUY,1268.0000,132.0400
2023-10-18T21:00:00+00:00,ALMDT.PA,SELL,68.0000,394.5900
2023-10-18T21:00:00+00:00,AXE.AX,BUY,377.0000,222.4000
2023-10-18T21:00:00+00:00,AZN.L,BUY,22.0000,164.6400
2023-10-18T21:00:00+00:00,BGO.L,BUY,228.0000,302.6300
2023-10-18T21:00:00+00:00,BRK-B,BUY,635.0000,170.0000
2023-10-18T21:00:00+00:00,BRNT.L,BUY,188.0000,292.9000
2023-10-18T21:00:00+00:00,DBMG.L,SELL,2592.0000,152.4900
2023-10-18T21:00:00+00:00,EDIT,BUY,164.0000,704.2300
2023-10-18T21:00:00+00:00,EMV.AX,BUY,452.0000,136.6800
2023-10-18T21:00:00+00:00,FTC.L,BUY,39.0000,214.7700
2023-10-18T21:00:00+00:00,GSIT,BUY,631.0000,168.4600
2023-10-18T21:00:00+00:00,HSBA.L,SELL,810.0000,199.4700
2023-10-18T21:00:00+00:00,IBTM.L,BUY,2188.0000,101.3300
2023-10-18T21:00:00+00:00,IDN,BUY,1007.0000,137.6900
2023-10-18T21:00:00+00:00,IITU.L,SELL,651.0000,157.0000
2023-10-18T21:00:00+00:00,IPWR,BUY,235.0000,367.0700
2023-10-18T21:00:00+00:00,ISF.L,BUY,1100.0000,131.0400
2023-10-18T21:00:00+00:00,LTBR,SELL,523.0000,233.2600
2023-10-18T21:00:00+00:00,MOLN.SW,BUY,464.0000,125.0900
2023-10-18T21:00:00+00:00,PLTR,SELL,3077.0000,279.8400
2023-10-18T21:00:00+00:00,PRQR,BUY,367.0000,240.0400
2023-10-18T21:00:00+00:00,QSI,BUY,1263.0000,212.1700
2023-10-18T21:00:00+00:00,RR.L,BUY,1502.0000,313.7100
2023-10-18T21:00:00+00:00,SEYE.ST,BUY,411.0000,139.9000
2023-10-18T21:00:00+00:00,SGLN.L,SELL,2927.0000,131.1900
2023-10-18T21:00:00+00:00,SHEL.L,SELL,1395.0000,237.4700
2023-10-18T21:00:00+00:00,SLX.AX,BUY,226.0000,448.1700
2023-10-18T21:00:00+00:00,SMGB.L,SELL,2381.0000,154.7100
2023-10-18T21:00:00+00:00,VUL.AX,BUY,945.0000,135.1500
2023-10-18T21:00:00+00:00,VYGR,BUY,200.0000,325.6900
2023-10-18T21:00:00+00:00,WBT.AX,BUY,302.0000,251.9400
2023-11-16T21:00:00+00:00,AL3.AX,SELL,448.0000,185.5400
2023-11-16T21:00:00+00:00,ALCLS.PA,SELL,2754.0000,275.9600
2023-11-16T21:00:00+00:00,ALMDT.PA,BUY,197.0000,363.0500
2023-11-16T21:00:00+00:00,AXE.AX,BUY,54.0000,223.1500
2023-11-16T21:00:00+00:00,AZN.L,BUY,485.0000,157.7200
2023-11-16T21:00:00+00:00,BGO.L,BUY,47.0000,302.6300
2023-11-16T21:00:00+00:00,BRK-B,SELL,134.0000,175.9400
2023-11-16T21:00:00+00:00,BRNT.L,BUY,3803.0000,251.2500
2023-11-16T21:00:00+00:00,DBMG.L,BUY,6792.0000,141.9300
2023-11-16T21:00:00+00:00,EDIT,SELL,220.0000,918.4600
2023-11-16T21:00:00+00:00,EMV.AX,SELL,142.0000,143.3700
2023-11-16T21:00:00+00:00,FTC.L,BUY,67.0000,214.7700
2023-11-16T21:00:00+00:00,GSIT,BUY,263.0000,161.7700
2023-11-16T21:00:00+00:00,HSBA.L,BUY,2158.0000,189.2000
2023-11-16T21:00:00+00:00,IBTM.L,BUY,787.0000,102.6700
2023-11-16T21:00:00+00:00,IDN,BUY,925.0000,119.1500
2023-11-16T21:00:00+00:00,IITU.L,SELL,1453.0000,166.3800
2023-11-16T21:00:00+00:00,IPWR,BUY,233.0000,334.4200
2023-11-16T21:00:00+00:00,ISF.L,BUY,4880.0000,128.3700
2023-11-16T21:00:00+00:00,LTBR,BUY,901.0000,183.6900
2023-11-16T21:00:00+00:00,MOLN.SW,SELL,553.0000,141.4100
2023-11-16T21:00:00+00:00,PLTR,SELL,1920.0000,315.3400
2023-11-16T21:00:00+00:00,PRQR,SELL,75.0000,251.2600
2023-11-16T21:00:00+00:00,QSI,SELL,513.0000,255.5700
2023-11-16T21:00:00+00:00,RR.L,SELL,2407.0000,369.1100
2023-11-16T21:00:00+00:00,SEYE.ST,SELL,1327.0000,193.2300
2023-11-16T21:00:00+00:00,SGLN.L,BUY,2833.0000,130.9700
2023-11-16T21:00:00+00:00,SHEL.L,BUY,2290.0000,221.1400
2023-11-16T21:00:00+00:00,SLX.AX,SELL,129.0000,497.8500
2023-11-16T21:00:00+00:00,SMGB.L,SELL,6475.0000,166.7000
2023-11-16T21:00:00+00:00,VUL.AX,SELL,10.0000,138.1600
2023-11-16T21:00:00+00:00,VYGR,BUY,315.0000,290.4800
2023-11-16T21:00:00+00:00,WBT.AX,SELL,510.0000,313.7500
2023-12-15T21:00:00+00:00,AL3.AX,SELL,327.0000,207.6300
2023-12-15T21:00:00+00:00,ALCLS.PA,SELL,206.0000,306.9700
2023-12-15T21:00:00+00:00,ALMDT.PA,SELL,1.0000,372.3500
2023-12-15T21:00:00+00:00,AXE.AX,BUY,392.0000,204.1300
2023-12-15T21:00:00+00:00,AZN.L,BUY,184.0000,158.0300
2023-12-15T21:00:00+00:00,BGO.L,SELL,250.0000,346.4900
2023-12-15T21:00:00+00:00,BRK-B,BUY,600.0000,169.5400
2023-12-15T21:00:00+00:00,BRNT.L,BUY,1609.0000,241.3400
2023-12-15T21:00:00+00:00,DBMG.L,BUY,7001.0000,133.4400
2023-12-15T21:00:00+00:00,EDIT,SELL,121.0000,1112.1200
2023-12-15T21:00:00+00:00,EMV.AX,BUY,500.0000,133.7500
2023-12-15T21:00:00+00:00,FTC.L,SELL,571.0000,265.1000
2023-12-15T21:00:00+00:00,GSIT,SELL,346.0000,179.7400
2023-12-15T21:00:00+00:00,HSBA.L,BUY,764.0000,189.2600
2023-12-15T21:00:00+00:00,IBTM.L,BUY,241.0000,105.0400
2023-12-15T21:00:00+00:00,IDN,SELL,673.0000,137.3300
2023-12-15T21:00:00+00:00,IITU.L,SELL,93.0000,171.0100
2023-12-15T21:00:00+00:00,IPWR,BUY,308.0000,300.1400
2023-12-15T21:00:00+00:00,ISF.L,BUY,12.0000,131.6000
2023-12-15T21:00:00+00:00,LTBR,BUY,919.0000,152.7600
2023-12-15T21:00:00+00:00,MOLN.SW,BUY,290.0000,137.2100
2023-12-15T21:00:00+00:00,PLTR,BUY,2666.0000,282.3700
2023-12-15T21:00:00+00:00,PRQR,SELL,877.0000,370.0300
2023-12-15T21:00:00+00:00,QSI,SELL,48.0000,266.6200
2023-12-15T21:00:00+00:00,RR.L,SELL,2136.0000,437.9500
2023-12-15T21:00:00+00:00,SEYE.ST,SELL,289.0000,214.6500
2023-12-15T21:00:00+00:00,SGLN.L,BUY,2877.0000,131.4000
2023-12-15T21:00:00+00:00,SHEL.L,BUY,1226.0000,216.6000
2023-12-15T21:00:00+00:00,SLX.AX,SELL,234.0000,608.1400
2023-12-15T21:00:00+00:00,SMGB.L,SELL,6380.0000,180.9000
2023-12-15T21:00:00+00:00,VUL.AX,BUY,508.0000,129.1500
2023-12-15T21:00:00+00:00,VYGR,SELL,337.0000,344.2300
2023-12-15T21:00:00+00:00,WBT.AX,SELL,316.0000,372.7500
2024-01-18T21:00:00+00:00,AL3.AX,BUY,549.0000,178.6000
2024-01-18T21:00:00+00:00,ALCLS.PA,BUY,389.0000,262.4400
2024-01-18T21:00:00+00:00,ALMDT.PA,BUY,180.0000,338.8000
2024-01-18T21:00:00+00:00,AXE.AX,BUY,411.0000,181.9600
2024-01-18T21:00:00+00:00,AZN.L,SELL,254.0000,161.8500
2024-01-18T21:00:00+00:00,BGO.L,BUY,1747.0000,189.4700
2024-01-18T21:00:00+00:00,BRK-B,SELL,312.0000,173.6200
2024-01-18T21:00:00+00:00,BRNT.L,SELL,1006.0000,249.2600
2024-01-18T21:00:00+00:00,DBMG.L,SELL,2714.0000,136.7800
2024-01-18T21:00:00+00:00,EDIT,BUY,212.0000,837.5000
2024-01-18T21:00:00+00:00,EMV.AX,SELL,1420.0000,178.2200
2024-01-18T21:00:00+00:00,FTC.L,SELL,363.0000,302.0100
2024-01-18T21:00:00+00:00,GSIT,BUY,1288.0000,135.9700
2024-01-18T21:00:00+00:00,HSBA.L,BUY,782.0000,183.2000
2024-01-18T21:00:00+00:00,IBTM.L,BUY,158.0000,104.0600
2024-01-18T21:00:00+00:00,IDN,BUY,526.0000,124.1800
2024-01-18T21:00:00+00:00,IITU.L,SELL,1257.0000,175.5300
2024-01-18T21:00:00+00:00,IPWR,BUY,67.0000,289.9100
2024-01-18T21:00:00+00:00,ISF.L,BUY,863.0000,129.6400
2024-01-18T21:00:00+00:00,LTBR,BUY,437.0000,139.0500
2024-01-18T21:00:00+00:00,MOLN.SW,SELL,359.0000,145.7900
2024-01-18T21:00:00+00:00,PLTR,BUY,1954.0000,256.3400
2024-01-18T21:00:00+00:00,PRQR,SELL,2.0000,367.5900
2024-01-18T21:00:00+00:00,QSI,BUY,203.0000,246.4900
2024-01-18T21:00:00+00:00,RR.L,SELL,828.0000,462.7100
2024-01-18T21:00:00+00:00,SEYE.ST,SELL,457.0000,245.2500
2024-01-18T21:00:00+00:00,SGLN.L,BUY,100.0000,130.2600
2024-01-18T21:00:00+00:00,SHEL.L,BUY,1263.0000,205.4300
2024-01-18T21:00:00+00:00,SLX.AX,SELL,175.0000,703.8200
2024-01-18T21:00:00+00:00,SMGB.L,SELL,3405.0000,185.2400
2024-01-18T21:00:00+00:00,VUL.AX,BUY,1199.0000,106.0400
2024-01-18T21:00:00+00:00,VYGR,BUY,171.0000,316.3700
2024-01-18T21:00:00+00:00,WBT.AX,BUY,605.0000,283.6600
2024-02-16T21:00:00+00:00,AL3.AX,BUY,393.0000,174.6900
2024-02-16T21:00:00+00:00,ALCLS.PA,BUY,12.0000,279.8900
2024-02-16T21:00:00+00:00,ALMDT.PA,BUY,128.0000,342.8400
2024-02-16T21:00:00+00:00,AXE.AX,SELL,21.0000,195.9800
2024-02-16T21:00:00+00:00,AZN.L,BUY,842.0000,156.6000
2024-02-16T21:00:00+00:00,BGO.L,BUY,110.0000,197.3700
2024-02-16T21:00:00+00:00,BRK-B,SELL,480.0000,195.7100
2024-02-16T21:00:00+00:00,BRNT.L,BUY,97.0000,265.9800
2024-02-16T21:00:00+00:00,DBMG.L,BUY,3318.0000,140.8100
2024-02-16T21:00:00+00:00,EDIT,BUY,59.0000,840.5900
2024-02-16T21:00:00+00:00,EMV.AX,BUY,179.0000,183.0200
2024-02-16T21:00:00+00:00,FTC.L,SELL,893.0000,510.0700
2024-02-16T21:00:00+00:00,GSIT,SELL,763.0000,169.5100
2024-02-16T21:00:00+00:00,HSBA.L,SELL,367.0000,198.5200
2024-02-16T21:00:00+00:00,IBTM.L,BUY,8694.0000,103.5400
2024-02-16T21:00:00+00:00,IDN,BUY,385.0000,124.9400
2024-02-16T21:00:00+00:00,IITU.L,BUY,18.0000,187.9500
2024-02-16T21:00:00+00:00,IPWR,BUY,420.0000,266.6000
2024-02-16T21:00:00+00:00,ISF.L,BUY,4365.0000,134.1300
2024-02-16T21:00:00+00:00,LTBR,BUY,494.0000,136.2800
2024-02-16T21:00:00+00:00,MOLN.SW,BUY,575.0000,140.2300
2024-02-16T21:00:00+00:00,PLTR,SELL,6571.0000,384.3600
2024-02-16T21:00:00+00:00,PRQR,BUY,316.0000,340.2000
2024-02-16T21:00:00+00:00,QSI,SELL,68.0000,270.2700
2024-02-16T21:00:00+00:00,RR.L,BUY,199.0000,488.0700
2024-02-16T21:00:00+00:00,SEYE.ST,BUY,363.0000,234.4800
2024-02-16T21:00:00+00:00,SGLN.L,BUY,9157.0000,130.6400
2024-02-16T21:00:00+00:00,SHEL.L,BUY,215.0000,218.4400
2024-02-16T21:00:00+00:00,SLX.AX,BUY,98.0000,689.5300
2024-02-16T21:00:00+00:00,SMGB.L,SELL,5312.0000,208.9400
2024-02-16T21:00:00+00:00,VUL.AX,BUY,772.0000,102.2500
2024-02-16T21:00:00+00:00,VYGR,BUY,63.0000,330.1300
2024-02-16T21:00:00+00:00,WBT.AX,SELL,84.0000,314.0100
2024-03-18T21:00:00+00:00,AL3.AX,BUY,1024.0000,147.9900
2024-03-18T21:00:00+00:00,ALCLS.PA,BUY,456.0000,250.3600
2024-03-18T21:00:00+00:00,ALMDT.PA,BUY,1099.0000,241.1900
2024-03-18T21:00:00+00:00,AXE.AX,SELL,464.0000,230.1000
2024-03-18T21:00:00+00:00,AZN.L,BUY,31.0000,162.1300
2024-03-18T21:00:00+00:00,BGO.L,BUY,330.0000,189.4700
2024-03-18T21:00:00+00:00,BRK-B,BUY,402.0000,194.8300
2024-03-18T21:00:00+00:00,BRNT.L,BUY,33.0000,275.9700
2024-03-18T21:00:00+00:00,DBMG.L,BUY,1045.0000,144.5200
2024-03-18T21:00:00+00:00,EDIT,BUY,102.0000,787.9800
2024-03-18T21:00:00+00:00,EMV.AX,SELL,638.0000,223.1400
2024-03-18T21:00:00+00:00,FTC.L,BUY,104.0000,496.6400
2024-03-18T21:00:00+00:00,GSIT,SELL,1099.0000,230.5000
2024-03-18T21:00:00+00:00,HSBA.L,BUY,1819.0000,195.1100
2024-03-18T21:00:00+00:00,IBTM.L,BUY,5895.0000,102.6200
2024-03-18T21:00:00+00:00,IDN,BUY,500.0000,120.2900
2024-03-18T21:00:00+00:00,IITU.L,BUY,642.0000,191.8800
2024-03-18T21:00:00+00:00,IPWR,SELL,1076.0000,434.9400
2024-03-18T21:00:00+00:00,ISF.L,BUY,3971.0000,135.1500
2024-03-18T21:00:00+00:00,LTBR,SELL,73.0000,143.3800
2024-03-18T21:00:00+00:00,MOLN.SW,BUY,1317.0000,118.0900
2024-03-18T21:00:00+00:00,PLTR,BUY,1137.0000,373.5200
2024-03-18T21:00:00+00:00,PRQR,SELL,398.0000,426.4500
2024-03-18T21:00:00+00:00,QSI,SELL,192.0000,300.5000
2024-03-18T21:00:00+00:00,RR.L,SELL,1796.0000,588.7700
2024-03-18T21:00:00+00:00,SEYE.ST,SELL,746.0000,312.9300
2024-03-18T21:00:00+00:00,SGLN.L,SELL,3353.0000,138.9800
2024-03-18T21:00:00+00:00,SHEL.L,BUY,383.0000,223.9900
2024-03-18T21:00:00+00:00,SLX.AX,BUY,106.0000,655.6200
2024-03-18T21:00:00+00:00,SMGB.L,SELL,147.0000,217.4000
2024-03-18T21:00:00+00:00,VUL.AX,SELL,2541.0000,158.3000
2024-03-18T21:00:00+00:00,VYGR,SELL,307.0000,393.3400
2024-03-18T21:00:00+00:00,WBT.AX,BUY,277.0000,293.9200
2024-04-18T21:00:00+00:00,AL3.AX,BUY,1424.0000,120.5800
2024-04-18T21:00:00+00:00,ALCLS.PA,SELL,21.0000,258.0200
2024-04-18T21:00:00+00:00,ALMDT.PA,SELL,489.0000,288.4200
2024-04-18T21:00:00+00:00,AXE.AX,SELL,312.0000,258.1600
2024-04-18T21:00:00+00:00,AZN.L,SELL,302.0000,171.9600
2024-04-18T21:00:00+00:00,BGO.L,SELL,469.0000,217.5400
2024-04-18T21:00:00+00:00,BRK-B,BUY,219.0000,195.0200
2024-04-18T21:00:00+00:00,BRNT.L,SELL,462.0000,287.9800
2024-04-18T21:00:00+00:00,DBMG.L,SELL,4060.0000,155.3100
2024-04-18T21:00:00+00:00,EDIT,BUY,410.0000,579.1100
2024-04-18T21:00:00+00:00,EMV.AX,BUY,481.0000,202.0400
2024-04-18T21:00:00+00:00,FTC.L,BUY,233.0000,445.6400
2024-04-18T21:00:00+00:00,GSIT,SELL,65.0000,240.3600
2024-04-18T21:00:00+00:00,HSBA.L,SELL,1446.0000,208.7500
2024-04-18T21:00:00+00:00,IBTM.L,BUY,2694.0000,102.9100
2024-04-18T21:00:00+00:00,IDN,SELL,2454.0000,192.3500
2024-04-18T21:00:00+00:00,IITU.L,BUY,1503.0000,188.7900
2024-04-18T21:00:00+00:00,IPWR,BUY,1047.0000,286.3800
2024-04-18T21:00:00+00:00,ISF.L,BUY,33.0000,138.3500
2024-04-18T21:00:00+00:00,LTBR,BUY,1615.0000,114.5100
2024-04-18T21:00:00+00:00,MOLN.SW,BUY,353.0000,115.0800
2024-04-18T21:00:00+00:00,PLTR,BUY,2419.0000,336.1900
2024-04-18T21:00:00+00:00,PRQR,BUY,636.0000,328.2900
2024-04-18T21:00:00+00:00,QSI,BUY,729.0000,242.8700
2024-04-18T21:00:00+00:00,RR.L,SELL,88.0000,607.6400
2024-04-18T21:00:00+00:00,SEYE.ST,BUY,941.0000,235.7800
2024-04-18T21:00:00+00:00,SGLN.L,SELL,12839.0000,156.6600
2024-04-18T21:00:00+00:00,SHEL.L,SELL,2267.0000,248.5700
2024-04-18T21:00:00+00:00,SLX.AX,SELL,75.0000,714.3200
2024-04-18T21:00:00+00:00,SMGB.L,BUY,5077.0000,211.8800
2024-04-18T21:00:00+00:00,VUL.AX,BUY,241.0000,154.8900
2024-04-18T21:00:00+00:00,VYGR,BUY,430.0000,333.9900
2024-04-18T21:00:00+00:00,WBT.AX,BUY,656.0000,243.7400
2024-05-20T21:00:00+00:00,AL3.AX,SELL,916.0000,144.9200
2024-05-20T21:00:00+00:00,ALCLS.PA,SELL,230.0000,289.8500
2024-05-20T21:00:00+00:00,ALMDT.PA,BUY,29.0000,298.0700
2024-05-20T21:00:00+00:00,AXE.AX,BUY,752.0000,218.9400
2024-05-20T21:00:00+00:00,AZN.L,SELL,489.0000,190.5800
2024-05-20T21:00:00+00:00,BGO.L,SELL,16.0000,228.0700
2024-05-20T21:00:00+00:00,BRK-B,BUY,308.0000,197.4100
2024-05-20T21:00:00+00:00,BRNT.L,BUY,2108.0000,276.5100
2024-05-20T21:00:00+00:00,DBMG.L,BUY,3354.0000,155.7700
2024-05-20T21:00:00+00:00,EDIT,BUY,103.0000,564.5300
2024-05-20T21:00:00+00:00,EMV.AX,BUY,1093.0000,167.0700
2024-05-20T21:00:00+00:00,FTC.L,SELL,758.0000,778.5200
2024-05-20T21:00:00+00:00,GSIT,BUY,1189.0000,187.2700
2024-05-20T21:00:00+00:00,HSBA.L,SELL,2108.0000,233.2000
2024-05-20T21:00:00+00:00,IBTM.L,BUY,5936.0000,102.7700
2024-05-20T21:00:00+00:00,IDN,BUY,352.0000,185.8300
2024-05-20T21:00:00+00:00,IITU.L,SELL,566.0000,200.0400
2024-05-20T21:00:00+00:00,IPWR,BUY,24.0000,296.6200
2024-05-20T21:00:00+00:00,ISF.L,SELL,3650.0000,148.5600
2024-05-20T21:00:00+00:00,LTBR,SELL,1326.0000,145.9100
2024-05-20T21:00:00+00:00,MOLN.SW,BUY,521.0000,112.1400
2024-05-20T21:00:00+00:00,PLTR,BUY,822.0000,337.1400
2024-05-20T21:00:00+00:00,PRQR,BUY,81.0000,332.1400
2024-05-20T21:00:00+00:00,QSI,SELL,316.0000,279.0200
2024-05-20T21:00:00+00:00,RR.L,SELL,420.0000,659.4200
2024-05-20T21:00:00+00:00,SEYE.ST,SELL,613.0000,297.3000
2024-05-20T21:00:00+00:00,SGLN.L,BUY,6103.0000,156.0700
2024-05-20T21:00:00+00:00,SHEL.L,BUY,1298.0000,247.6300
2024-05-20T21:00:00+00:00,SLX.AX,SELL,269.0000,966.4000
2024-05-20T21:00:00+00:00,SMGB.L,SELL,3819.0000,229.5200
2024-05-20T21:00:00+00:00,VUL.AX,SELL,1877.0000,247.1900
2024-05-20T21:00:00+00:00,VYGR,SELL,121.0000,366.3600
2024-05-20T21:00:00+00:00,WBT.AX,BUY,1238.0000,187.2400
2024-06-19T21:00:00+00:00,AL3.AX,BUY,158.0000,146.2300
2024-06-19T21:00:00+00:00,ALCLS.PA,BUY,1678.0000,193.0600
2024-06-19T21:00:00+00:00,ALMDT.PA,BUY,733.0000,247.0900
2024-06-19T21:00:00+00:00,AXE.AX,BUY,637.0000,195.5800
2024-06-19T21:00:00+00:00,AZN.L,BUY,118.0000,194.4200
2024-06-19T21:00:00+00:00,BGO.L,SELL,175.0000,247.3700
2024-06-19T21:00:00+00:00,BRK-B,BUY,495.0000,194.8500
2024-06-19T21:00:00+00:00,BRNT.L,BUY,357.0000,282.4400
2024-06-19T21:00:00+00:00,DBMG.L,BUY,3732.0000,154.5100
2024-06-19T21:00:00+00:00,EDIT,BUY,209.0000,515.0500
2024-06-19T21:00:00+00:00,EMV.AX,BUY,47.0000,171.4100
2024-06-19T21:00:00+00:00,FTC.L,SELL,194.0000,973.1500
2024-06-19T21:00:00+00:00,GSIT,BUY,460.0000,176.5500
2024-06-19T21:00:00+00:00,HSBA.L,BUY,1179.0000,232.3300
2024-06-19T21:00:00+00:00,IBTM.L,BUY,2296.0000,104.6400
2024-06-19T21:00:00+00:00,IDN,SELL,408.0000,210.5900
2024-06-19T21:00:00+00:00,IITU.L,SELL,3465.0000,227.9700
2024-06-19T21:00:00+00:00,IPWR,BUY,354.0000,274.2500
2024-06-19T21:00:00+00:00,ISF.L,BUY,7767.0000,145.0000
2024-06-19T21:00:00+00:00,LTBR,BUY,2119.0000,111.7000
2024-06-19T21:00:00+00:00,MOLN.SW,SELL,4701.0000,290.8700
2024-06-19T21:00:00+00:00,PLTR,SELL,2758.0000,402.3300
2024-06-19T21:00:00+00:00,PRQR,BUY,515.0000,287.8100
2024-06-19T21:00:00+00:00,QSI,BUY,1258.0000,206.3500
2024-06-19T21:00:00+00:00,RR.L,SELL,457.0000,713.3200
2024-06-19T21:00:00+00:00,SEYE.ST,SELL,132.0000,322.1500
2024-06-19T21:00:00+00:00,SGLN.L,BUY,10567.0000,149.7200
2024-06-19T21:00:00+00:00,SHEL.L,BUY,1599.0000,242.6800
2024-06-19T21:00:00+00:00,SLX.AX,BUY,258.0000,779.5600
2024-06-19T21:00:00+00:00,SMGB.L,SELL,9660.0000,262.6000
2024-06-19T21:00:00+00:00,VUL.AX,BUY,653.0000,216.1400
2024-06-19T21:00:00+00:00,VYGR,BUY,174.0000,353.5300
2024-06-19T21:00:00+00:00,WBT.AX,BUY,173.0000,186.9300
2024-07-18T21:00:00+00:00,AL3.AX,SELL,3527.0000,333.9600
2024-07-18T21:00:00+00:00,ALCLS.PA,SELL,331.0000,205.0300
2024-07-18T21:00:00+00:00,ALMDT.PA,BUY,1709.0000,166.5600
2024-07-18T21:00:00+00:00,AXE.AX,BUY,509.0000,174.0400
2024-07-18T21:00:00+00:00,AZN.L,BUY,39.0000,191.0500
2024-07-18T21:00:00+00:00,BGO.L,SELL,147.0000,254.3900
2024-07-18T21:00:00+00:00,BRK-B,SELL,715.0000,206.3000
2024-07-18T21:00:00+00:00,BRNT.L,BUY,183.0000,276.9700
2024-07-18T21:00:00+00:00,DBMG.L,SELL,191.0000,152.8900
2024-07-18T21:00:00+00:00,EDIT,SELL,69.0000,529.4900
2024-07-18T21:00:00+00:00,EMV.AX,SELL,107.0000,172.7300
2024-07-18T21:00:00+00:00,FTC.L,SELL,45.0000,1010.0700
2024-07-18T21:00:00+00:00,GSIT,SELL,190.0000,181.0000
2024-07-18T21:00:00+00:00,HSBA.L,BUY,979.0000,222.4400
2024-07-18T21:00:00+00:00,IBTM.L,SELL,415.0000,103.6300
2024-07-18T21:00:00+00:00,IDN,BUY,16.0000,207.1800
2024-07-18T21:00:00+00:00,IITU.L,BUY,1778.0000,214.0300
2024-07-18T21:00:00+00:00,IPWR,SELL,213.0000,289.3800
2024-07-18T21:00:00+00:00,ISF.L,SELL,1923.0000,145.2300
2024-07-18T21:00:00+00:00,LTBR,SELL,1990.0000,146.0400
2024-07-18T21:00:00+00:00,MOLN.SW,BUY,1318.0000,201.9600
2024-07-18T21:00:00+00:00,PLTR,SELL,1616.0000,436.2800
2024-07-18T21:00:00+00:00,PRQR,SELL,208.0000,304.1700
2024-07-18T21:00:00+00:00,QSI,BUY,941.0000,167.8500
2024-07-18T21:00:00+00:00,RR.L,BUY,749.0000,656.1000
2024-07-18T21:00:00+00:00,SEYE.ST,BUY,209.0000,296.1500
2024-07-18T21:00:00+00:00,SGLN.L,SELL,7125.0000,155.5300
2024-07-18T21:00:00+00:00,SHEL.L,SELL,1280.0000,250.3200
2024-07-18T21:00:00+00:00,SLX.AX,BUY,94.0000,711.9300
2024-07-18T21:00:00+00:00,SMGB.L,BUY,10638.0000,232.3900
2024-07-18T21:00:00+00:00,VUL.AX,SELL,18.0000,214.3700
2024-07-18T21:00:00+00:00,VYGR,SELL,57.0000,357.0400
2024-07-18T21:00:00+00:00,WBT.AX,SELL,201.0000,192.5600
2024-08-16T21:00:00+00:00,AL3.AX,BUY,143.0000,321.1700
2024-08-16T21:00:00+00:00,ALCLS.PA,BUY,190.0000,199.0700
2024-08-16T21:00:00+00:00,ALMDT.PA,SELL,3562.0000,498.1500
2024-08-16T21:00:00+00:00,AXE.AX,BUY,1708.0000,132.4100
2024-08-16T21:00:00+00:00,AZN.L,SELL,521.0000,206.8100
2024-08-16T21:00:00+00:00,BGO.L,BUY,719.0000,214.0400
2024-08-16T21:00:00+00:00,BRK-B,SELL,47.0000,209.9400
2024-08-16T21:00:00+00:00,BRNT.L,BUY,1331.0000,267.2700
2024-08-16T21:00:00+00:00,DBMG.L,BUY,5776.0000,145.4100
2024-08-16T21:00:00+00:00,EDIT,BUY,553.0000,404.2100
2024-08-16T21:00:00+00:00,EMV.AX,SELL,286.0000,185.1900
2024-08-16T21:00:00+00:00,FTC.L,BUY,78.0000,939.6000
2024-08-16T21:00:00+00:00,GSIT,BUY,858.0000,156.2800
2024-08-16T21:00:00+00:00,HSBA.L,BUY,383.0000,222.6700
2024-08-16T21:00:00+00:00,IBTM.L,SELL,1928.0000,106.4500
2024-08-16T21:00:00+00:00,IDN,BUY,1964.0000,144.3700
2024-08-16T21:00:00+00:00,IITU.L,BUY,383.0000,214.5200
2024-08-16T21:00:00+00:00,IPWR,SELL,176.0000,310.7600
2024-08-16T21:00:00+00:00,ISF.L,SELL,827.0000,148.0200
2024-08-16T21:00:00+00:00,LTBR,BUY,1705.0000,115.7800
2024-08-16T21:00:00+00:00,MOLN.SW,BUY,316.0000,190.9600
2024-08-16T21:00:00+00:00,PLTR,SELL,1743.0000,494.3000
2024-08-16T21:00:00+00:00,PRQR,SELL,532.0000,376.0500
2024-08-16T21:00:00+00:00,QSI,BUY,639.0000,151.8700
2024-08-16T21:00:00+00:00,RR.L,SELL,1327.0000,756.3400
2024-08-16T21:00:00+00:00,SEYE.ST,SELL,253.0000,327.4000
2024-08-16T21:00:00+00:00,SGLN.L,SELL,322.0000,157.9100
2024-08-16T21:00:00+00:00,SHEL.L,BUY,561.0000,248.6900
2024-08-16T21:00:00+00:00,SLX.AX,BUY,233.0000,608.6500
2024-08-16T21:00:00+00:00,SMGB.L,BUY,3692.0000,227.2100
2024-08-16T21:00:00+00:00,VUL.AX,BUY,559.0000,191.5300
2024-08-16T21:00:00+00:00,VYGR,BUY,765.0000,277.1800
2024-08-16T21:00:00+00:00,WBT.AX,BUY,1068.0000,158.6600
2024-09-17T21:00:00+00:00,AL3.AX,SELL,48.0000,319.2200
2024-09-17T21:00:00+00:00,ALCLS.PA,SELL,607.0000,224.2200
2024-09-17T21:00:00+00:00,ALMDT.PA,BUY,840.0000,333.2100
2024-09-17T21:00:00+00:00,AXE.AX,BUY,481.0000,120.8700
2024-09-17T21:00:00+00:00,AZN.L,BUY,491.0000,189.7200
2024-09-17T21:00:00+00:00,BGO.L,BUY,333.0000,193.8600
2024-09-17T21:00:00+00:00,BRK-B,SELL,229.0000,209.9600
2024-09-17T21:00:00+00:00,BRNT.L,BUY,2212.0000,242.0200
2024-09-17T21:00:00+00:00,DBMG.L,BUY,260.0000,141.6400
2024-09-17T21:00:00+00:00,EDIT,BUY,90.0000,379.6900
2024-09-17T21:00:00+00:00,EMV.AX,SELL,39.0000,182.3300
2024-09-17T21:00:00+00:00,FTC.L,SELL,51.0000,969.8000
2024-09-17T21:00:00+00:00,GSIT,SELL,955.0000,182.6700
2024-09-17T21:00:00+00:00,HSBA.L,SELL,1009.0000,224.4300
2024-09-17T21:00:00+00:00,IBTM.L,SELL,3675.0000,106.8500
2024-09-17T21:00:00+00:00,IDN,BUY,593.0000,128.8700
2024-09-17T21:00:00+00:00,IITU.L,BUY,194.0000,208.4300
2024-09-17T21:00:00+00:00,IPWR,BUY,171.0000,286.7900
2024-09-17T21:00:00+00:00,ISF.L,SELL,3336.0000,148.3000
2024-09-17T21:00:00+00:00,LTBR,BUY,473.0000,106.6600
2024-09-17T21:00:00+00:00,MOLN.SW,BUY,1126.0000,150.8300
2024-09-17T21:00:00+00:00,PLTR,SELL,1718.0000,546.7000
2024-09-17T21:00:00+00:00,PRQR,BUY,498.0000,304.4900
2024-09-17T21:00:00+00:00,QSI,SELL,10.0000,148.5900
2024-09-17T21:00:00+00:00,RR.L,SELL,110.0000,747.2800
2024-09-17T21:00:00+00:00,SEYE.ST,BUY,987.0000,235.8800
2024-09-17T21:00:00+00:00,SGLN.L,SELL,4652.0000,159.6800
2024-09-17T21:00:00+00:00,SHEL.L,BUY,1872.0000,228.2800
2024-09-17T21:00:00+00:00,SLX.AX,BUY,269.0000,503.8900
2024-09-17T21:00:00+00:00,SMGB.L,BUY,3766.0000,214.3300
2024-09-17T21:00:00+00:00,VUL.AX,BUY,202.0000,179.4300
2024-09-17T21:00:00+00:00,VYGR,BUY,133.0000,260.2200
2024-09-17T21:00:00+00:00,WBT.AX,BUY,246.0000,148.5900
2024-10-16T21:00:00+00:00,AL3.AX,BUY,41.0000,330.0600
2024-10-16T21:00:00+00:00,ALCLS.PA,BUY,860.0000,193.2800
2024-10-16T21:00:00+00:00,ALMDT.PA,BUY,336.0000,310.4400
2024-10-16T21:00:00+00:00,AXE.AX,SELL,124.0000,129.0000
2024-10-16T21:00:00+00:00,AZN.L,BUY,357.0000,190.6100
2024-10-16T21:00:00+00:00,BGO.L,BUY,601.0000,179.8200
2024-10-16T21:00:00+00:00,BRK-B,BUY,170.0000,216.4700
2024-10-16T21:00:00+00:00,BRNT.L,BUY,529.0000,249.6000
2024-10-16T21:00:00+00:00,DBMG.L,BUY,4088.0000,142.4800
2024-10-16T21:00:00+00:00,EDIT,BUY,376.0000,343.1200
2024-10-16T21:00:00+00:00,EMV.AX,BUY,492.0000,173.7500
2024-10-16T21:00:00+00:00,FTC.L,BUY,28.0000,986.5800
2024-10-16T21:00:00+00:00,GSIT,SELL,1195.0000,254.2000
2024-10-16T21:00:00+00:00,HSBA.L,BUY,1016.0000,228.1600
2024-10-16T21:00:00+00:00,IBTM.L,BUY,7905.0000,105.8200
2024-10-16T21:00:00+00:00,IDN,SELL,241.0000,140.1200
2024-10-16T21:00:00+00:00,IITU.L,SELL,491.0000,221.6600
2024-10-16T21:00:00+00:00,IPWR,BUY,151.0000,286.9500
2024-10-16T21:00:00+00:00,ISF.L,BUY,5919.0000,148.8100
2024-10-16T21:00:00+00:00,LTBR,SELL,3941.0000,212.6200
2024-10-16T21:00:00+00:00,MOLN.SW,BUY,455.0000,146.9100
2024-10-16T21:00:00+00:00,PLTR,SELL,1271.0000,635.8700
2024-10-16T21:00:00+00:00,PRQR,SELL,1538.0000,676.2800
2024-10-16T21:00:00+00:00,QSI,BUY,1471.0000,125.1000
2024-10-16T21:00:00+00:00,RR.L,SELL,689.0000,845.4100
2024-10-16T21:00:00+00:00,SEYE.ST,BUY,1055.0000,193.2800
2024-10-16T21:00:00+00:00,SGLN.L,SELL,645.0000,168.3700
2024-10-16T21:00:00+00:00,SHEL.L,BUY,1900.0000,225.7400
2024-10-16T21:00:00+00:00,SLX.AX,SELL,325.0000,648.0600
2024-10-16T21:00:00+00:00,SMGB.L,BUY,744.0000,223.3800
2024-10-16T21:00:00+00:00,VUL.AX,SELL,1171.0000,246.6800
2024-10-16T21:00:00+00:00,VYGR,SELL,619.0000,333.5200
2024-10-16T21:00:00+00:00,WBT.AX,SELL,188.0000,160.9700
2024-11-14T21:00:00+00:00,AL3.AX,SELL,974.0000,521.2500
2024-11-14T21:00:00+00:00,ALCLS.PA,BUY,352.0000,186.3300
2024-11-14T21:00:00+00:00,ALMDT.PA,SELL,151.0000,338.1300
2024-11-14T21:00:00+00:00,AXE.AX,SELL,2620.0000,209.4500
2024-11-14T21:00:00+00:00,AZN.L,BUY,1757.0000,163.1500
2024-11-14T21:00:00+00:00,BGO.L,BUY,50.0000,184.2100
2024-11-14T21:00:00+00:00,BRK-B,BUY,16.0000,223.5500
2024-11-14T21:00:00+00:00,BRNT.L,BUY,609.0000,253.1900
2024-11-14T21:00:00+00:00,DBMG.L,BUY,3070.0000,142.9500
2024-11-14T21:00:00+00:00,EDIT,BUY,687.0000,283.2800
2024-11-14T21:00:00+00:00,EMV.AX,BUY,361.0000,168.3900
2024-11-14T21:00:00+00:00,FTC.L,BUY,13.0000,1006.7100
2024-11-14T21:00:00+00:00,GSIT,BUY,1829.0000,175.3600
2024-11-14T21:00:00+00:00,HSBA.L,SELL,823.0000,242.1100
2024-11-14T21:00:00+00:00,IBTM.L,BUY,5703.0000,105.2000
2024-11-14T21:00:00+00:00,IDN,SELL,685.0000,161.5900
2024-11-14T21:00:00+00:00,IITU.L,SELL,639.0000,233.4000
2024-11-14T21:00:00+00:00,IPWR,BUY,549.0000,253.8500
2024-11-14T21:00:00+00:00,ISF.L,BUY,8655.0000,144.6900
2024-11-14T21:00:00+00:00,LTBR,SELL,1452.0000,329.0700
2024-11-14T21:00:00+00:00,MOLN.SW,SELL,600.0000,167.8600
2024-11-14T21:00:00+00:00,PLTR,SELL,3365.0000,922.8200
2024-11-14T21:00:00+00:00,PRQR,BUY,33.0000,683.2900
2024-11-14T21:00:00+00:00,QSI,BUY,400.0000,122.8000
2024-11-14T21:00:00+00:00,RR.L,BUY,551.0000,823.0700
2024-11-14T21:00:00+00:00,SEYE.ST,BUY,517.0000,180.5600
2024-11-14T21:00:00+00:00,SGLN.L,BUY,6578.0000,165.8500
2024-11-14T21:00:00+00:00,SHEL.L,BUY,788.0000,228.0600
2024-11-14T21:00:00+00:00,SLX.AX,SELL,147.0000,747.1000
2024-11-14T21:00:00+00:00,SMGB.L,BUY,1716.0000,227.5400
2024-11-14T21:00:00+00:00,VUL.AX,SELL,597.0000,303.1100
2024-11-14T21:00:00+00:00,VYGR,BUY,780.0000,269.6700
2024-11-14T21:00:00+00:00,WBT.AX,SELL,2089.0000,260.6500
2024-12-13T21:00:00+00:00,AL3.AX,BUY,940.0000,355.7800
2024-12-13T21:00:00+00:00,ALCLS.PA,BUY,482.0000,175.5000
2024-12-13T21:00:00+00:00,ALMDT.PA,BUY,307.0000,314.3300
2024-12-13T21:00:00+00:00,AXE.AX,BUY,844.0000,182.2600
2024-12-13T21:00:00+00:00,AZN.L,BUY,126.0000,165.9400
2024-12-13T21:00:00+00:00,BGO.L,BUY,630.0000,169.3000
2024-12-13T21:00:00+00:00,BRK-B,BUY,484.0000,219.3800
2024-12-13T21:00:00+00:00,BRNT.L,SELL,38.0000,261.0400
2024-12-13T21:00:00+00:00,DBMG.L,BUY,2096.0000,144.2400
2024-12-13T21:00:00+00:00,EDIT,BUY,3319.0000,147.6100
2024-12-13T21:00:00+00:00,EMV.AX,BUY,559.0000,157.9600
2024-12-13T21:00:00+00:00,FTC.L,BUY,70.0000,966.4400
2024-12-13T21:00:00+00:00,GSIT,BUY,215.0000,173.7700
2024-12-13T21:00:00+00:00,HSBA.L,SELL,1619.0000,262.6800
2024-12-13T21:00:00+00:00,IBTM.L,BUY,2140.0000,106.7700
2024-12-13T21:00:00+00:00,IDN,SELL,995.0000,199.7600
2024-12-13T21:00:00+00:00,IITU.L,BUY,154.0000,239.3100
2024-12-13T21:00:00+00:00,IPWR,BUY,208.0000,247.8200
2024-12-13T21:00:00+00:00,ISF.L,BUY,73.0000,148.9200
2024-12-13T21:00:00+00:00,LTBR,BUY,1703.0000,214.1900
2024-12-13T21:00:00+00:00,MOLN.SW,BUY,247.0000,165.7000
2024-12-13T21:00:00+00:00,PLTR,SELL,1677.0000,1188.9600
2024-12-13T21:00:00+00:00,PRQR,BUY,612.0000,490.6800
2024-12-13T21:00:00+00:00,QSI,SELL,4194.0000,271.7600
2024-12-13T21:00:00+00:00,RR.L,SELL,183.0000,864.4300
2024-12-13T21:00:00+00:00,SEYE.ST,BUY,270.0000,176.9900
2024-12-13T21:00:00+00:00,SGLN.L,SELL,1370.0000,172.5000
2024-12-13T21:00:00+00:00,SHEL.L,BUY,1466.0000,225.0800
2024-12-13T21:00:00+00:00,SLX.AX,SELL,55.0000,803.4900
2024-12-13T21:00:00+00:00,SMGB.L,BUY,2789.0000,228.6400
2024-12-13T21:00:00+00:00,VUL.AX,BUY,309.0000,284.4800
2024-12-13T21:00:00+00:00,VYGR,BUY,69.0000,272.4700
2024-12-13T21:00:00+00:00,WBT.AX,BUY,464.0000,238.4700
2025-01-16T21:00:00+00:00,AL3.AX,BUY,178.0000,349.9100
2025-01-16T21:00:00+00:00,ALCLS.PA,BUY,427.0000,170.6900
2025-01-16T21:00:00+00:00,ALMDT.PA,SELL,679.0000,418.9300
2025-01-16T21:00:00+00:00,AXE.AX,SELL,772.0000,222.1500
2025-01-16T21:00:00+00:00,AZN.L,BUY,101.0000,171.9000
2025-01-16T21:00:00+00:00,BGO.L,SELL,172.0000,182.4600
2025-01-16T21:00:00+00:00,BRK-B,SELL,5.0000,229.5900
2025-01-16T21:00:00+00:00,BRNT.L,SELL,2189.0000,293.5000
2025-01-16T21:00:00+00:00,DBMG.L,SELL,265.0000,151.2700
2025-01-16T21:00:00+00:00,EDIT,BUY,1164.0000,131.6100
2025-01-16T21:00:00+00:00,EMV.AX,BUY,203.0000,160.0600
2025-01-16T21:00:00+00:00,FTC.L,SELL,230.0000,1302.0100
2025-01-16T21:00:00+00:00,GSIT,SELL,214.0000,188.8600
2025-01-16T21:00:00+00:00,HSBA.L,SELL,602.0000,280.3700
2025-01-16T21:00:00+00:00,IBTM.L,BUY,3891.0000,108.8400
2025-01-16T21:00:00+00:00,IDN,BUY,596.0000,186.5700
2025-01-16T21:00:00+00:00,IITU.L,BUY,1347.0000,241.2500
2025-01-16T21:00:00+00:00,IPWR,SELL,714.0000,315.5100
2025-01-16T21:00:00+00:00,ISF.L,BUY,4626.0000,150.9400
2025-01-16T21:00:00+00:00,LTBR,SELL,567.0000,255.3300
2025-01-16T21:00:00+00:00,MOLN.SW,SELL,13.0000,173.7300
2025-01-16T21:00:00+00:00,PLTR,BUY,734.0000,1120.5700
2025-01-16T21:00:00+00:00,PRQR,BUY,491.0000,412.9200
2025-01-16T21:00:00+00:00,QSI,SELL,1153.0000,415.5500
2025-01-16T21:00:00+00:00,RR.L,BUY,320.0000,873.7900
2025-01-16T21:00:00+00:00,SEYE.ST,BUY,324.0000,175.0100
2025-01-16T21:00:00+00:00,SGLN.L,SELL,1053.0000,181.8500
2025-01-16T21:00:00+00:00,SHEL.L,SELL,990.0000,242.2500
2025-01-16T21:00:00+00:00,SLX.AX,BUY,3.0000,838.3000
2025-01-16T21:00:00+00:00,SMGB.L,SELL,3180.0000,245.9600
2025-01-16T21:00:00+00:00,VUL.AX,BUY,22.0000,295.6900
2025-01-16T21:00:00+00:00,VYGR,BUY,917.0000,227.6800
2025-01-16T21:00:00+00:00,WBT.AX,BUY,913.0000,204.5300
2025-02-14T21:00:00+00:00,AL3.AX,BUY,437.0000,314.0400
2025-02-14T21:00:00+00:00,ALCLS.PA,BUY,464.0000,163.3000
2025-02-14T21:00:00+00:00,ALMDT.PA,BUY,2151.0000,230.9100
2025-02-14T21:00:00+00:00,AXE.AX,BUY,794.0000,195.5300
2025-02-14T21:00:00+00:00,AZN.L,SELL,481.0000,185.6000
2025-02-14T21:00:00+00:00,BGO.L,BUY,465.0000,173.6800
2025-02-14T21:00:00+00:00,BRK-B,BUY,203.0000,231.8500
2025-02-14T21:00:00+00:00,BRNT.L,BUY,3125.0000,273.0700
2025-02-14T21:00:00+00:00,DBMG.L,BUY,6759.0000,146.2600
2025-02-14T21:00:00+00:00,EDIT,SELL,398.0000,142.7400
2025-02-14T21:00:00+00:00,EMV.AX,SELL,468.0000,177.6600
2025-02-14T21:00:00+00:00,FTC.L,SELL,56.0000,1442.9500
2025-02-14T21:00:00+00:00,GSIT,SELL,879.0000,231.5700
2025-02-14T21:00:00+00:00,HSBA.L,SELL,937.0000,298.1600
2025-02-14T21:00:00+00:00,IBTM.L,BUY,6947.0000,107.2000
2025-02-14T21:00:00+00:00,IDN,BUY,567.0000,174.3300
2025-02-14T21:00:00+00:00,IITU.L,BUY,1373.0000,239.5800
2025-02-14T21:00:00+00:00,IPWR,BUY,777.0000,262.8000
2025-02-14T21:00:00+00:00,ISF.L,SELL,1698.0000,157.2300
2025-02-14T21:00:00+00:00,LTBR,SELL,2328.0000,615.7000
2025-02-14T21:00:00+00:00,MOLN.SW,BUY,1377.0000,145.3800
2025-02-14T21:00:00+00:00,PLTR,SELL,2859.0000,1879.3300
2025-02-14T21:00:00+00:00,PRQR,BUY,11.0000,423.4000
2025-02-14T21:00:00+00:00,QSI,BUY,940.0000,310.9000
2025-02-14T21:00:00+00:00,RR.L,SELL,434.0000,942.9300
2025-02-14T21:00:00+00:00,SEYE.ST,BUY,1889.0000,136.6800
2025-02-14T21:00:00+00:00,SGLN.L,SELL,362.0000,187.7700
2025-02-14T21:00:00+00:00,SHEL.L,BUY,852.0000,243.4200
2025-02-14T21:00:00+00:00,SLX.AX,BUY,244.0000,721.1700
2025-02-14T21:00:00+00:00,SMGB.L,BUY,9016.0000,234.4300
2025-02-14T21:00:00+00:00,VUL.AX,BUY,1914.0000,197.0600
2025-02-14T21:00:00+00:00,VYGR,BUY,1203.0000,185.4900
2025-02-14T21:00:00+00:00,WBT.AX,BUY,1362.0000,166.0600
2025-03-17T21:00:00+00:00,AL3.AX,BUY,445.0000,264.8400
2025-03-17T21:00:00+00:00,ALCLS.PA,BUY,1502.0000,126.6700
2025-03-17T21:00:00+00:00,ALMDT.PA,BUY,69.0000,216.9900
2025-03-17T21:00:00+00:00,AXE.AX,BUY,928.0000,159.4100
2025-03-17T21:00:00+00:00,AZN.L,SELL,748.0000,191.4400
2025-03-17T21:00:00+00:00,BGO.L,BUY,1019.0000,142.1100
2025-03-17T21:00:00+00:00,BRK-B,SELL,1047.0000,245.6600
2025-03-17T21:00:00+00:00,BRNT.L,BUY,924.0000,253.2100
2025-03-17T21:00:00+00:00,DBMG.L,BUY,2144.0000,136.8400
2025-03-17T21:00:00+00:00,EDIT,SELL,294.0000,141.7000
2025-03-17T21:00:00+00:00,EMV.AX,BUY,797.0000,149.6000
2025-03-17T21:00:00+00:00,FTC.L,SELL,34.0000,1442.9500
2025-03-17T21:00:00+00:00,GSIT,BUY,1233.0000,174.2700
2025-03-17T21:00:00+00:00,HSBA.L,SELL,2391.0000,310.2400
2025-03-17T21:00:00+00:00,IBTM.L,SELL,5439.0000,105.8500
2025-03-17T21:00:00+00:00,IDN,BUY,184.0000,161.4400
2025-03-17T21:00:00+00:00,IITU.L,BUY,4011.0000,206.9300
2025-03-17T21:00:00+00:00,IPWR,BUY,1550.0000,181.4600
2025-03-17T21:00:00+00:00,ISF.L,SELL,7077.0000,157.5300
2025-03-17T21:00:00+00:00,LTBR,BUY,704.0000,417.7800
2025-03-17T21:00:00+00:00,MOLN.SW,BUY,1194.0000,119.2700
2025-03-17T21:00:00+00:00,PLTR,BUY,1542.0000,1338.5200
2025-03-17T21:00:00+00:00,PRQR,BUY,1003.0000,288.9800
2025-03-17T21:00:00+00:00,QSI,BUY,550.0000,255.6000
2025-03-17T21:00:00+00:00,RR.L,SELL,2329.0000,1210.1400
2025-03-17T21:00:00+00:00,SEYE.ST,SELL,1692.0000,166.3500
2025-03-17T21:00:00+00:00,SGLN.L,SELL,6860.0000,188.6700
2025-03-17T21:00:00+00:00,SHEL.L,SELL,1650.0000,243.6000
2025-03-17T21:00:00+00:00,SLX.AX,BUY,426.0000,534.1500
2025-03-17T21:00:00+00:00,SMGB.L,BUY,9872.0000,206.7300
2025-03-17T21:00:00+00:00,VUL.AX,SELL,663.0000,214.1100
2025-03-17T21:00:00+00:00,VYGR,BUY,388.0000,165.7300
2025-03-17T21:00:00+00:00,WBT.AX,BUY,454.0000,147.9300
2025-04-15T21:00:00+00:00,AL3.AX,SELL,808.0000,319.5900
2025-04-15T21:00:00+00:00,ALCLS.PA,SELL,1777.0000,155.0000
2025-04-15T21:00:00+00:00,ALMDT.PA,SELL,201.0000,216.1000
2025-04-15T21:00:00+00:00,AXE.AX,BUY,1019.0000,131.0900
2025-04-15T21:00:00+00:00,AZN.L,BUY,954.0000,165.3300
2025-04-15T21:00:00+00:00,BGO.L,SELL,248.0000,140.3500
2025-04-15T21:00:00+00:00,BRK-B,SELL,360.0000,243.4900
2025-04-15T21:00:00+00:00,BRNT.L,BUY,2123.0000,226.9400
2025-04-15T21:00:00+00:00,DBMG.L,SELL,2293.0000,133.1700
2025-04-15T21:00:00+00:00,EDIT,BUY,104.0000,133.1600
2025-04-15T21:00:00+00:00,EMV.AX,SELL,332.0000,149.9500
2025-04-15T21:00:00+00:00,FTC.L,BUY,25.0000,1328.8600
2025-04-15T21:00:00+00:00,GSIT,SELL,430.0000,179.3400
2025-04-15T21:00:00+00:00,HSBA.L,BUY,1787.0000,276.9400
2025-04-15T21:00:00+00:00,IBTM.L,SELL,4365.0000,103.8600
2025-04-15T21:00:00+00:00,IDN,SELL,156.0000,157.8000
2025-04-15T21:00:00+00:00,IITU.L,BUY,887.0000,193.2500
2025-04-15T21:00:00+00:00,IPWR,BUY,168.0000,167.9700
2025-04-15T21:00:00+00:00,ISF.L,SELL,374.0000,150.5900
2025-04-15T21:00:00+00:00,LTBR,BUY,588.0000,320.8500
2025-04-15T21:00:00+00:00,MOLN.SW,SELL,295.0000,117.7800
2025-04-15T21:00:00+00:00,PLTR,SELL,839.0000,1479.9300
2025-04-15T21:00:00+00:00,PRQR,BUY,1367.0000,198.5400
2025-04-15T21:00:00+00:00,QSI,BUY,1209.0000,187.0100
2025-04-15T21:00:00+00:00,RR.L,BUY,299.0000,1104.7700
2025-04-15T21:00:00+00:00,SEYE.ST,SELL,271.0000,165.9500
2025-04-15T21:00:00+00:00,SGLN.L,SELL,12530.0000,199.3700
2025-04-15T21:00:00+00:00,SHEL.L,BUY,2537.0000,215.8800
2025-04-15T21:00:00+00:00,SLX.AX,BUY,671.0000,376.7600
2025-04-15T21:00:00+00:00,SMGB.L,BUY,11173.0000,181.6000
2025-04-15T21:00:00+00:00,VUL.AX,SELL,152.0000,210.8700
2025-04-15T21:00:00+00:00,VYGR,BUY,1089.0000,134.2300
2025-04-15T21:00:00+00:00,WBT.AX,BUY,750.0000,127.1900
2025-05-19T21:00:00+00:00,AL3.AX,BUY,434.0000,300.8600
2025-05-19T21:00:00+00:00,ALCLS.PA,BUY,972.0000,144.3400
2025-05-19T21:00:00+00:00,ALMDT.PA,BUY,1207.0000,183.2600
2025-05-19T21:00:00+00:00,AXE.AX,BUY,233.0000,136.7000
2025-05-19T21:00:00+00:00,AZN.L,BUY,670.0000,166.8000
2025-05-19T21:00:00+00:00,BGO.L,SELL,304.0000,157.8900
2025-05-19T21:00:00+00:00,BRK-B,BUY,1087.0000,233.8900
2025-05-19T21:00:00+00:00,BRNT.L,BUY,2156.0000,230.0900
2025-05-19T21:00:00+00:00,DBMG.L,BUY,10119.0000,131.2200
2025-05-19T21:00:00+00:00,EDIT,SELL,114.0000,145.5200
2025-05-19T21:00:00+00:00,EMV.AX,BUY,1032.0000,139.1100
2025-05-19T21:00:00+00:00,FTC.L,SELL,93.0000,1637.5800
2025-05-19T21:00:00+00:00,GSIT,SELL,361.0000,206.6500
2025-05-19T21:00:00+00:00,HSBA.L,SELL,1460.0000,314.2300
2025-05-19T21:00:00+00:00,IBTM.L,BUY,13706.0000,102.3400
2025-05-19T21:00:00+00:00,IDN,SELL,1247.0000,212.8300
2025-05-19T21:00:00+00:00,IITU.L,SELL,2572.0000,220.9600
2025-05-19T21:00:00+00:00,IPWR,SELL,199.0000,187.1100
2025-05-19T21:00:00+00:00,ISF.L,BUY,2204.0000,159.4600
2025-05-19T21:00:00+00:00,LTBR,SELL,652.0000,439.8800
2025-05-19T21:00:00+00:00,MOLN.SW,BUY,898.0000,114.2500
2025-05-19T21:00:00+00:00,PLTR,SELL,808.0000,1881.2900
2025-05-19T21:00:00+00:00,PRQR,SELL,1194.0000,282.4900
2025-05-19T21:00:00+00:00,QSI,SELL,272.0000,212.2600
2025-05-19T21:00:00+00:00,RR.L,SELL,332.0000,1247.1000
2025-05-19T21:00:00+00:00,SEYE.ST,SELL,958.0000,213.4200
2025-05-19T21:00:00+00:00,SGLN.L,BUY,9639.0000,197.9400
2025-05-19T21:00:00+00:00,SHEL.L,BUY,739.0000,227.5300
2025-05-19T21:00:00+00:00,SLX.AX,SELL,33.0000,410.5300
2025-05-19T21:00:00+00:00,SMGB.L,SELL,12473.0000,214.1200
2025-05-19T21:00:00+00:00,VUL.AX,BUY,556.0000,202.3700
2025-05-19T21:00:00+00:00,VYGR,BUY,121.0000,142.0200
2025-05-19T21:00:00+00:00,WBT.AX,BUY,592.0000,126.9700
2025-06-18T21:00:00+00:00,AL3.AX,BUY,554.0000,271.2400
2025-06-18T21:00:00+00:00,ALCLS.PA,BUY,853.0000,135.0100
2025-06-18T21:00:00+00:00,ALMDT.PA,BUY,5223.0000,100.0000
2025-06-18T21:00:00+00:00,AXE.AX,BUY,640.0000,131.8700
2025-06-18T21:00:00+00:00,AZN.L,BUY,303.0000,169.6400
2025-06-18T21:00:00+00:00,BGO.L,BUY,114.0000,162.2800
2025-06-18T21:00:00+00:00,BRK-B,BUY,1165.0000,219.4000
2025-06-18T21:00:00+00:00,BRNT.L,SELL,3181.0000,262.8000
2025-06-18T21:00:00+00:00,DBMG.L,BUY,3863.0000,132.9300
2025-06-18T21:00:00+00:00,EDIT,SELL,2377.0000,227.3900
2025-06-18T21:00:00+00:00,EMV.AX,SELL,107.0000,147.5500
2025-06-18T21:00:00+00:00,FTC.L,SELL,142.0000,2201.3400
2025-06-18T21:00:00+00:00,GSIT,BUY,448.0000,198.4700
2025-06-18T21:00:00+00:00,HSBA.L,BUY,1419.0000,311.8800
2025-06-18T21:00:00+00:00,IBTM.L,BUY,6221.0000,103.0700
2025-06-18T21:00:00+00:00,IDN,SELL,1649.0000,335.0800
2025-06-18T21:00:00+00:00,IITU.L,BUY,728.0000,226.9600
2025-06-18T21:00:00+00:00,IPWR,BUY,1090.0000,163.6800
2025-06-18T21:00:00+00:00,ISF.L,BUY,3723.0000,162.4500
2025-06-18T21:00:00+00:00,LTBR,SELL,405.0000,554.3100
2025-06-18T21:00:00+00:00,MOLN.SW,BUY,778.0000,110.0800
2025-06-18T21:00:00+00:00,PLTR,SELL,211.0000,2064.9400
2025-06-18T21:00:00+00:00,PRQR,SELL,259.0000,317.5200
2025-06-18T21:00:00+00:00,QSI,SELL,738.0000,261.0100
2025-06-18T21:00:00+00:00,RR.L,SELL,260.0000,1356.4100
2025-06-18T21:00:00+00:00,SEYE.ST,BUY,578.0000,199.5700
2025-06-18T21:00:00+00:00,SGLN.L,BUY,689.0000,205.8100
2025-06-18T21:00:00+00:00,SHEL.L,SELL,1123.0000,245.3800
2025-06-18T21:00:00+00:00,SLX.AX,SELL,518.0000,538.9000
2025-06-18T21:00:00+00:00,SMGB.L,SELL,2723.0000,228.6600
2025-06-18T21:00:00+00:00,VUL.AX,BUY,1321.0000,168.4700
2025-06-18T21:00:00+00:00,VYGR,BUY,1403.0000,124.7000
2025-06-18T21:00:00+00:00,WBT.AX,BUY,513.0000,124.9500
2025-07-17T21:00:00+00:00,AL3.AX,SELL,2160.0000,617.8000
2025-07-17T21:00:00+00:00,ALCLS.PA,SELL,1493.0000,174.7900
2025-07-17T21:00:00+00:00,ALMDT.PA,SELL,4480.0000,178.9700
2025-07-17T21:00:00+00:00,AXE.AX,SELL,764.0000,153.3900
2025-07-17T21:00:00+00:00,AZN.L,BUY,889.0000,165.8400
2025-07-17T21:00:00+00:00,BGO.L,BUY,1048.0000,148.2500
2025-07-17T21:00:00+00:00,BRK-B,BUY,913.0000,214.3900
2025-07-17T21:00:00+00:00,BRNT.L,BUY,4081.0000,248.0500
2025-07-17T21:00:00+00:00,DBMG.L,BUY,5515.0000,134.4000
2025-07-17T21:00:00+00:00,EDIT,SELL,444.0000,264.5300
2025-07-17T21:00:00+00:00,EMV.AX,BUY,482.0000,146.2700
2025-07-17T21:00:00+00:00,FTC.L,BUY,21.0000,2228.1900
2025-07-17T21:00:00+00:00,GSIT,SELL,2066.0000,335.4300
2025-07-17T21:00:00+00:00,HSBA.L,SELL,274.0000,332.5600
2025-07-17T21:00:00+00:00,IBTM.L,BUY,9074.0000,103.3000
2025-07-17T21:00:00+00:00,IDN,BUY,158.0000,337.4700
2025-07-17T21:00:00+00:00,IITU.L,SELL,1465.0000,248.4000
2025-07-17T21:00:00+00:00,IPWR,SELL,1237.0000,212.1600
2025-07-17T21:00:00+00:00,ISF.L,BUY,5814.0000,164.9400
2025-07-17T21:00:00+00:00,LTBR,SELL,149.0000,633.3600
2025-07-17T21:00:00+00:00,MOLN.SW,BUY,713.0000,108.4400
2025-07-17T21:00:00+00:00,PLTR,SELL,176.0000,2275.1400
2025-07-17T21:00:00+00:00,PRQR,SELL,508.0000,393.3600
2025-07-17T21:00:00+00:00,QSI,BUY,58.0000,271.8300
2025-07-17T21:00:00+00:00,RR.L,SELL,442.0000,1537.5600
2025-07-17T21:00:00+00:00,SEYE.ST,SELL,104.0000,214.8000
2025-07-17T21:00:00+00:00,SGLN.L,BUY,8544.0000,203.5000
2025-07-17T21:00:00+00:00,SHEL.L,BUY,2826.0000,240.0400
2025-07-17T21:00:00+00:00,SLX.AX,SELL,34.0000,578.5100
2025-07-17T21:00:00+00:00,SMGB.L,SELL,4980.0000,251.2900
2025-07-17T21:00:00+00:00,VUL.AX,BUY,327.0000,169.3600
2025-07-17T21:00:00+00:00,VYGR,SELL,40.0000,132.2700
2025-07-17T21:00:00+00:00,WBT.AX,SELL,1696.0000,163.6800
2025-08-15T21:00:00+00:00,AL3.AX,SELL,12.0000,629.8600
2025-08-15T21:00:00+00:00,ALCLS.PA,SELL,2403.0000,278.5300
2025-08-15T21:00:00+00:00,ALMDT.PA,SELL,1307.0000,227.4800
2025-08-15T21:00:00+00:00,AXE.AX,SELL,503.0000,166.5600
2025-08-15T21:00:00+00:00,AZN.L,SELL,1259.0000,187.7300
2025-08-15T21:00:00+00:00,BGO.L,SELL,167.0000,153.5100
2025-08-15T21:00:00+00:00,BRK-B,BUY,173.0000,214.2000
2025-08-15T21:00:00+00:00,BRNT.L,BUY,1763.0000,240.3200
2025-08-15T21:00:00+00:00,DBMG.L,BUY,1995.0000,134.1200
2025-08-15T21:00:00+00:00,EDIT,SELL,344.0000,291.0000
2025-08-15T21:00:00+00:00,EMV.AX,BUY,301.0000,142.7600
2025-08-15T21:00:00+00:00,FTC.L,BUY,79.0000,1959.7300
2025-08-15T21:00:00+00:00,GSIT,BUY,2457.0000,198.2400
2025-08-15T21:00:00+00:00,HSBA.L,SELL,32.0000,337.3500
2025-08-15T21:00:00+00:00,IBTM.L,BUY,1788.0000,103.6300
2025-08-15T21:00:00+00:00,IDN,BUY,264.0000,317.4100
2025-08-15T21:00:00+00:00,IITU.L,SELL,235.0000,253.1700
2025-08-15T21:00:00+00:00,IPWR,BUY,672.0000,191.3000
2025-08-15T21:00:00+00:00,ISF.L,SELL,1656.0000,168.9700
2025-08-15T21:00:00+00:00,LTBR,SELL,107.0000,681.7300
2025-08-15T21:00:00+00:00,MOLN.SW,BUY,784.0000,102.3300
2025-08-15T21:00:00+00:00,PLTR,SELL,453.0000,2594.4800
2025-08-15T21:00:00+00:00,PRQR,BUY,577.0000,333.0200
2025-08-15T21:00:00+00:00,QSI,BUY,2934.0000,162.8400
2025-08-15T21:00:00+00:00,RR.L,SELL,306.0000,1641.8300
2025-08-15T21:00:00+00:00,SEYE.ST,BUY,527.0000,198.1900
2025-08-15T21:00:00+00:00,SGLN.L,BUY,3154.0000,201.4700
2025-08-15T21:00:00+00:00,SHEL.L,SELL,320.0000,245.2600
2025-08-15T21:00:00+00:00,SLX.AX,BUY,276.0000,514.9100
2025-08-15T21:00:00+00:00,SMGB.L,BUY,1708.0000,251.1000
2025-08-15T21:00:00+00:00,VUL.AX,SELL,11.0000,171.8600
2025-08-15T21:00:00+00:00,VYGR,SELL,1025.0000,151.8700
2025-08-15T21:00:00+00:00,WBT.AX,SELL,769.0000,186.1500
2025-09-16T21:00:00+00:00,AL3.AX,BUY,345.0000,551.5600
2025-09-16T21:00:00+00:00,ALCLS.PA,SELL,130.0000,298.4500
2025-09-16T21:00:00+00:00,ALMDT.PA,SELL,250.0000,248.2300
2025-09-16T21:00:00+00:00,AXE.AX,BUY,1699.0000,139.2300
2025-09-16T21:00:00+00:00,AZN.L,BUY,653.0000,183.7500
2025-09-16T21:00:00+00:00,BGO.L,SELL,1650.0000,203.5100
2025-09-16T21:00:00+00:00,BRK-B,BUY,179.0000,219.2300
2025-09-16T21:00:00+00:00,BRNT.L,BUY,166.0000,248.5000
2025-09-16T21:00:00+00:00,DBMG.L,BUY,357.0000,138.8800
2025-09-16T21:00:00+00:00,EDIT,BUY,472.0000,270.3500
2025-09-16T21:00:00+00:00,EMV.AX,SELL,1911.0000,193.3600
2025-09-16T21:00:00+00:00,FTC.L,BUY,63.0000,1838.9300
2025-09-16T21:00:00+00:00,GSIT,SELL,104.0000,209.5500
2025-09-16T21:00:00+00:00,HSBA.L,SELL,741.0000,359.8800
2025-09-16T21:00:00+00:00,IBTM.L,BUY,3938.0000,105.3000
2025-09-16T21:00:00+00:00,IDN,SELL,103.0000,339.0000
2025-09-16T21:00:00+00:00,IITU.L,BUY,790.0000,257.7500
2025-09-16T21:00:00+00:00,IPWR,BUY,305.0000,189.2000
2025-09-16T21:00:00+00:00,ISF.L,BUY,4785.0000,170.0100
2025-09-16T21:00:00+00:00,LTBR,BUY,194.0000,635.7600
2025-09-16T21:00:00+00:00,MOLN.SW,BUY,498.0000,101.8100
2025-09-16T21:00:00+00:00,PLTR,BUY,311.0000,2480.1000
2025-09-16T21:00:00+00:00,PRQR,BUY,264.0000,321.5700
2025-09-16T21:00:00+00:00,QSI,SELL,981.0000,195.8500
2025-09-16T21:00:00+00:00,RR.L,SELL,78.0000,1728.2000
2025-09-16T21:00:00+00:00,SEYE.ST,SELL,1391.0000,269.2800
2025-09-16T21:00:00+00:00,SGLN.L,SELL,7117.0000,220.5900
2025-09-16T21:00:00+00:00,SHEL.L,BUY,1490.0000,245.0700
2025-09-16T21:00:00+00:00,SLX.AX,SELL,165.0000,576.6100
2025-09-16T21:00:00+00:00,SMGB.L,BUY,187.0000,260.3200
2025-09-16T21:00:00+00:00,VUL.AX,SELL,816.0000,202.7700
2025-09-16T21:00:00+00:00,VYGR,SELL,646.0000,172.1300
2025-09-16T21:00:00+00:00,WBT.AX,SELL,739.0000,219.0800
2025-10-15T21:00:00+00:00,AL3.AX,BUY,524.0000,486.9900
2025-10-15T21:00:00+00:00,ALCLS.PA,SELL,762.0000,401.5100
2025-10-15T21:00:00+00:00,ALMDT.PA,SELL,19.0000,272.4700
2025-10-15T21:00:00+00:00,AXE.AX,SELL,2158.0000,202.3200
2025-10-15T21:00:00+00:00,AZN.L,SELL,215.0000,204.7700
2025-10-15T21:00:00+00:00,BGO.L,BUY,1715.0000,172.8100
2025-10-15T21:00:00+00:00,BRK-B,BUY,746.0000,226.3100
2025-10-15T21:00:00+00:00,BRNT.L,BUY,6834.0000,232.4000
2025-10-15T21:00:00+00:00,DBMG.L,BUY,3169.0000,148.3000
2025-10-15T21:00:00+00:00,EDIT,SELL,1138.0000,396.0400
2025-10-15T21:00:00+00:00,EMV.AX,BUY,2653.0000,148.6000
2025-10-15T21:00:00+00:00,FTC.L,BUY,110.0000,1724.8300
2025-10-15T21:00:00+00:00,GSIT,SELL,1832.0000,335.1600
2025-10-15T21:00:00+00:00,HSBA.L,BUY,2905.0000,355.2400
2025-10-15T21:00:00+00:00,IBTM.L,BUY,12547.0000,107.8000
2025-10-15T21:00:00+00:00,IDN,BUY,798.0000,303.1300
2025-10-15T21:00:00+00:00,IITU.L,BUY,1460.0000,272.0500
2025-10-15T21:00:00+00:00,IPWR,BUY,402.0000,194.6700
2025-10-15T21:00:00+00:00,ISF.L,BUY,10297.0000,174.2800
2025-10-15T21:00:00+00:00,LTBR,SELL,771.0000,1166.4600
2025-10-15T21:00:00+00:00,MOLN.SW,BUY,621.0000,105.8100
2025-10-15T21:00:00+00:00,PLTR,BUY,59.0000,2671.6400
2025-10-15T21:00:00+00:00,PRQR,SELL,806.0000,447.1500
2025-10-15T21:00:00+00:00,QSI,SELL,2841.0000,395.4500
2025-10-15T21:00:00+00:00,RR.L,BUY,624.0000,1700.6800
2025-10-15T21:00:00+00:00,SEYE.ST,BUY,262.0000,278.2800
2025-10-15T21:00:00+00:00,SGLN.L,SELL,7473.0000,255.8400
2025-10-15T21:00:00+00:00,SHEL.L,BUY,2823.0000,250.1400
2025-10-15T21:00:00+00:00,SLX.AX,SELL,796.0000,1013.8400
2025-10-15T21:00:00+00:00,SMGB.L,SELL,7210.0000,302.2300
2025-10-15T21:00:00+00:00,VUL.AX,SELL,2261.0000,356.3900
2025-10-15T21:00:00+00:00,VYGR,SELL,985.0000,218.7700
2025-10-15T21:00:00+00:00,WBT.AX,SELL,1193.0000,305.2600
2025-11-13T21:00:00+00:00,AL3.AX,BUY,1016.0000,362.8100
2025-11-13T21:00:00+00:00,ALCLS.PA,BUY,455.0000,360.9500
2025-11-13T21:00:00+00:00,ALMDT.PA,BUY,177.0000,268.9200
2025-11-13T21:00:00+00:00,AXE.AX,BUY,450.0000,193.6300
2025-11-13T21:00:00+00:00,AZN.L,SELL,466.0000,218.5300
2025-11-13T21:00:00+00:00,BGO.L,BUY,1013.0000,156.1400
2025-11-13T21:00:00+00:00,BRK-B,SELL,334.0000,237.3900
2025-11-13T21:00:00+00:00,BRNT.L,SELL,773.0000,241.6300
2025-11-13T21:00:00+00:00,DBMG.L,SELL,1654.0000,153.5400
2025-11-13T21:00:00+00:00,EDIT,BUY,2047.0000,251.4300
2025-11-13T21:00:00+00:00,EMV.AX,SELL,350.0000,158.1700
2025-11-13T21:00:00+00:00,FTC.L,BUY,8.0000,1744.9700
2025-11-13T21:00:00+00:00,GSIT,SELL,1138.0000,481.0200
2025-11-13T21:00:00+00:00,HSBA.L,SELL,3089.0000,405.1900
2025-11-13T21:00:00+00:00,IBTM.L,BUY,1979.0000,109.1500
2025-11-13T21:00:00+00:00,IDN,SELL,1008.0000,402.7500
2025-11-13T21:00:00+00:00,IITU.L,SELL,461.0000,281.3100
2025-11-13T21:00:00+00:00,IPWR,BUY,2904.0000,139.6000
2025-11-13T21:00:00+00:00,ISF.L,SELL,3428.0000,182.0200
2025-11-13T21:00:00+00:00,LTBR,BUY,601.0000,780.4300
2025-11-13T21:00:00+00:00,MOLN.SW,SELL,1434.0000,122.1800
2025-11-13T21:00:00+00:00,PLTR,BUY,205.0000,2598.1800
2025-11-13T21:00:00+00:00,PRQR,BUY,785.0000,361.6600
2025-11-13T21:00:00+00:00,QSI,BUY,3043.0000,212.0900
2025-11-13T21:00:00+00:00,RR.L,BUY,96.0000,1712.9100
2025-11-13T21:00:00+00:00,SEYE.ST,BUY,379.0000,263.6300
2025-11-13T21:00:00+00:00,SGLN.L,BUY,476.0000,260.6400
2025-11-13T21:00:00+00:00,SHEL.L,SELL,1967.0000,268.2500
2025-11-13T21:00:00+00:00,SLX.AX,SELL,249.0000,1281.3000
2025-11-13T21:00:00+00:00,SMGB.L,SELL,646.0000,310.8100
2025-11-13T21:00:00+00:00,VUL.AX,BUY,398.0000,329.2600
2025-11-13T21:00:00+00:00,VYGR,BUY,2059.0000,167.0200
2025-11-13T21:00:00+00:00,WBT.AX,BUY,115.0000,304.1700
2025-12-12T21:00:00+00:00,AL3.AX,BUY,193.0000,341.8300
2025-12-12T21:00:00+00:00,ALCLS.PA,SELL,829.0000,458.8000
2025-12-12T21:00:00+00:00,ALMDT.PA,SELL,65.0000,269.9500
2025-12-12T21:00:00+00:00,AXE.AX,BUY,36.0000,190.8800
2025-12-12T21:00:00+00:00,AZN.L,SELL,58.0000,217.7200
2025-12-12T21:00:00+00:00,BGO.L,SELL,269.0000,159.6500
2025-12-12T21:00:00+00:00,BRK-B,BUY,497.0000,226.5700
2025-12-12T21:00:00+00:00,BRNT.L,BUY,1861.0000,230.2100
2025-12-12T21:00:00+00:00,DBMG.L,SELL,76.0000,152.2300
2025-12-12T21:00:00+00:00,EDIT,BUY,79.0000,245.5300
2025-12-12T21:00:00+00:00,EMV.AX,BUY,434.0000,149.1800
2025-12-12T21:00:00+00:00,FTC.L,SELL,77.0000,1919.4600
2025-12-12T21:00:00+00:00,GSIT,BUY,909.0000,360.4400
2025-12-12T21:00:00+00:00,HSBA.L,SELL,48.0000,402.2300
2025-12-12T21:00:00+00:00,IBTM.L,BUY,900.0000,107.6700
2025-12-12T21:00:00+00:00,IDN,SELL,205.0000,424.8800
2025-12-12T21:00:00+00:00,IITU.L,BUY,628.0000,274.6100
2025-12-12T21:00:00+00:00,IPWR,SELL,1042.0000,154.9400
2025-12-12T21:00:00+00:00,ISF.L,BUY,569.0000,179.7300
2025-12-12T21:00:00+00:00,LTBR,BUY,304.0000,658.1900
2025-12-12T21:00:00+00:00,MOLN.SW,SELL,237.0000,123.7100
2025-12-12T21:00:00+00:00,PLTR,SELL,218.0000,2716.3500
2025-12-12T21:00:00+00:00,PRQR,SELL,237.0000,382.4700
2025-12-12T21:00:00+00:00,QSI,BUY,570.0000,192.9700
2025-12-12T21:00:00+00:00,RR.L,BUY,80.0000,1676.2200
2025-12-12T21:00:00+00:00,SEYE.ST,BUY,285.0000,247.5300
2025-12-12T21:00:00+00:00,SGLN.L,SELL,1755.0000,261.9900
2025-12-12T21:00:00+00:00,SHEL.L,BUY,2214.0000,252.0200
2025-12-12T21:00:00+00:00,SLX.AX,BUY,96.0000,1163.9900
2025-12-12T21:00:00+00:00,SMGB.L,SELL,2829.0000,315.6800
2025-12-12T21:00:00+00:00,VUL.AX,BUY,2950.0000,190.1600
2025-12-12T21:00:00+00:00,VYGR,SELL,679.0000,180.6100
2025-12-12T21:00:00+00:00,WBT.AX,SELL,168.0000,313.2100
2026-01-15T21:00:00+00:00,AL3.AX,SELL,212.0000,383.0200
2026-01-15T21:00:00+00:00,ALCLS.PA,BUY,678.0000,395.0100
2026-01-15T21:00:00+00:00,ALMDT.PA,SELL,970.0000,355.3500
2026-01-15T21:00:00+00:00,AXE.AX,SELL,472.0000,216.8800
2026-01-15T21:00:00+00:00,AZN.L,BUY,172.0000,227.1500
2026-01-15T21:00:00+00:00,BGO.L,BUY,1137.0000,149.1200
2026-01-15T21:00:00+00:00,BRK-B,BUY,1069.0000,222.5700
2026-01-15T21:00:00+00:00,BRNT.L,BUY,660.0000,240.7600
2026-01-15T21:00:00+00:00,DBMG.L,BUY,1525.0000,159.5600
2026-01-15T21:00:00+00:00,EDIT,BUY,1579.0000,202.0400
2026-01-15T21:00:00+00:00,EMV.AX,BUY,259.0000,153.7300
2026-01-15T21:00:00+00:00,FTC.L,SELL,142.0000,2550.3400
2026-01-15T21:00:00+00:00,GSIT,SELL,775.0000,482.2600
2026-01-15T21:00:00+00:00,HSBA.L,SELL,1258.0000,447.4500
2026-01-15T21:00:00+00:00,IBTM.L,BUY,11500.0000,107.9300
2026-01-15T21:00:00+00:00,IDN,BUY,538.0000,385.0400
2026-01-15T21:00:00+00:00,IITU.L,BUY,2254.0000,276.3700
2026-01-15T21:00:00+00:00,IPWR,BUY,3332.0000,118.6900
2026-01-15T21:00:00+00:00,ISF.L,BUY,79.0000,190.4400
2026-01-15T21:00:00+00:00,LTBR,SELL,131.0000,745.6000
2026-01-15T21:00:00+00:00,MOLN.SW,BUY,1214.0000,117.9700
2026-01-15T21:00:00+00:00,PLTR,BUY,409.0000,2610.0000
2026-01-15T21:00:00+00:00,PRQR,BUY,2002.0000,258.3500
2026-01-15T21:00:00+00:00,QSI,BUY,809.0000,183.2800
2026-01-15T21:00:00+00:00,RR.L,SELL,557.0000,1946.0400
2026-01-15T21:00:00+00:00,SEYE.ST,SELL,435.0000,285.2300
2026-01-15T21:00:00+00:00,SGLN.L,SELL,1662.0000,281.5800
2026-01-15T21:00:00+00:00,SHEL.L,BUY,1577.0000,257.6500
2026-01-15T21:00:00+00:00,SLX.AX,BUY,383.0000,926.4300
2026-01-15T21:00:00+00:00,SMGB.L,SELL,8713.0000,362.5700
2026-01-15T21:00:00+00:00,VUL.AX,SELL,417.0000,214.2100
2026-01-15T21:00:00+00:00,VYGR,BUY,1660.0000,156.5500
2026-01-15T21:00:00+00:00,WBT.AX,SELL,409.0000,366.9800
2026-02-13T21:00:00+00:00,AL3.AX,BUY,509.0000,335.9000
2026-02-13T21:00:00+00:00,ALCLS.PA,BUY,266.0000,366.7900
2026-02-13T21:00:00+00:00,ALMDT.PA,SELL,942.0000,463.0000
2026-02-13T21:00:00+00:00,AXE.AX,BUY,355.0000,205.1400
2026-02-13T21:00:00+00:00,AZN.L,SELL,812.0000,244.8300
2026-02-13T21:00:00+00:00,BGO.L,BUY,893.0000,135.9600
2026-02-13T21:00:00+00:00,BRK-B,BUY,2.0000,221.8700
2026-02-13T21:00:00+00:00,BRNT.L,SELL,2858.0000,254.9000
2026-02-13T21:00:00+00:00,DBMG.L,SELL,4405.0000,164.4300
2026-02-13T21:00:00+00:00,EDIT,BUY,1408.0000,167.9200
2026-02-13T21:00:00+00:00,EMV.AX,SELL,343.0000,159.1500
2026-02-13T21:00:00+00:00,FTC.L,SELL,21.0000,2644.3000
2026-02-13T21:00:00+00:00,GSIT,BUY,794.0000,379.0500
2026-02-13T21:00:00+00:00,HSBA.L,SELL,114.0000,448.1000
2026-02-13T21:00:00+00:00,IBTM.L,BUY,833.0000,107.1800
2026-02-13T21:00:00+00:00,IDN,BUY,915.0000,307.7900
2026-02-13T21:00:00+00:00,IITU.L,BUY,3072.0000,257.7500
2026-02-13T21:00:00+00:00,IPWR,SELL,171.0000,120.0400
2026-02-13T21:00:00+00:00,ISF.L,SELL,4011.0000,194.6800
2026-02-13T21:00:00+00:00,LTBR,BUY,691.0000,546.1500
2026-02-13T21:00:00+00:00,MOLN.SW,SELL,876.0000,126.8000
2026-02-13T21:00:00+00:00,PLTR,BUY,1578.0000,1911.7200
2026-02-13T21:00:00+00:00,PRQR,BUY,514.0000,235.6200
2026-02-13T21:00:00+00:00,QSI,BUY,1974.0000,145.7400
2026-02-13T21:00:00+00:00,RR.L,SELL,9.0000,1942.9800
2026-02-13T21:00:00+00:00,SEYE.ST,BUY,779.0000,246.0400
2026-02-13T21:00:00+00:00,SGLN.L,SELL,8087.0000,300.9900
2026-02-13T21:00:00+00:00,SHEL.L,SELL,2070.0000,269.4700
2026-02-13T21:00:00+00:00,SLX.AX,SELL,64.0000,963.9200
2026-02-13T21:00:00+00:00,SMGB.L,SELL,575.0000,363.4700
2026-02-13T21:00:00+00:00,VUL.AX,BUY,1345.0000,177.6600
2026-02-13T21:00:00+00:00,VYGR,BUY,1259.0000,137.1200
2026-02-13T21:00:00+00:00,WBT.AX,SELL,298.0000,396.2300
2026-03-16T21:00:00+00:00,AL3.AX,BUY,791.0000,297.2900
2026-03-16T21:00:00+00:00,ALCLS.PA,BUY,506.0000,340.7800
2026-03-16T21:00:00+00:00,ALMDT.PA,BUY,625.0000,404.0100
2026-03-16T21:00:00+00:00,AXE.AX,BUY,1210.0000,183.4400
2026-03-16T21:00:00+00:00,AZN.L,BUY,941.0000,235.0500
2026-03-16T21:00:00+00:00,BGO.L,BUY,1447.0000,125.4400
2026-03-16T21:00:00+00:00,BRK-B,BUY,477.0000,225.6600
2026-03-16T21:00:00+00:00,BRNT.L,SELL,15163.0000,398.8300
2026-03-16T21:00:00+00:00,DBMG.L,BUY,870.0000,171.5700
2026-03-16T21:00:00+00:00,EDIT,SELL,2472.0000,249.1500
2026-03-16T21:00:00+00:00,EMV.AX,BUY,1455.0000,143.7500
2026-03-16T21:00:00+00:00,FTC.L,BUY,62.0000,2489.9300
2026-03-16T21:00:00+00:00,GSIT,SELL,1342.0000,620.1100
2026-03-16T21:00:00+00:00,HSBA.L,BUY,1483.0000,444.6700
2026-03-16T21:00:00+00:00,IBTM.L,BUY,7345.0000,108.8100
2026-03-16T21:00:00+00:00,IDN,BUY,33.0000,320.9600
2026-03-16T21:00:00+00:00,IITU.L,BUY,1422.0000,262.8700
2026-03-16T21:00:00+00:00,IPWR,BUY,632.0000,119.6900
2026-03-16T21:00:00+00:00,ISF.L,BUY,9103.0000,193.3500
2026-03-16T21:00:00+00:00,LTBR,BUY,425.0000,493.0500
2026-03-16T21:00:00+00:00,MOLN.SW,BUY,870.0000,123.6000
2026-03-16T21:00:00+00:00,PLTR,SELL,720.0000,2284.2200
2026-03-16T21:00:00+00:00,PRQR,SELL,920.0000,292.0200
2026-03-16T21:00:00+00:00,QSI,BUY,707.0000,142.7300
2026-03-16T21:00:00+00:00,RR.L,BUY,500.0000,1880.3000
2026-03-16T21:00:00+00:00,SEYE.ST,BUY,2242.0000,186.1500
2026-03-16T21:00:00+00:00,SGLN.L,BUY,3825.0000,305.7100
2026-03-16T21:00:00+00:00,SHEL.L,SELL,5264.0000,323.3900
2026-03-16T21:00:00+00:00,SLX.AX,BUY,463.0000,770.3500
2026-03-16T21:00:00+00:00,SMGB.L,BUY,5732.0000,361.8100
2026-03-16T21:00:00+00:00,VUL.AX,BUY,1675.0000,154.3000
2026-03-16T21:00:00+00:00,VYGR,SELL,2055.0000,179.6500
2026-03-16T21:00:00+00:00,WBT.AX,BUY,354.0000,378.8500
2026-04-16T21:00:00+00:00,AL3.AX,SELL,1542.0000,440.3000
2026-04-16T21:00:00+00:00,ALCLS.PA,SELL,672.0000,413.0400
2026-04-16T21:00:00+00:00,ALMDT.PA,SELL,39.0000,419.0400
2026-04-16T21:00:00+00:00,AXE.AX,BUY,217.0000,183.3800
2026-04-16T21:00:00+00:00,AZN.L,SELL,88.0000,243.2000
2026-04-16T21:00:00+00:00,BGO.L,BUY,2185.0000,108.7700
2026-04-16T21:00:00+00:00,BRK-B,BUY,1345.0000,212.5900
2026-04-16T21:00:00+00:00,BRNT.L,BUY,1662.0000,388.4700
2026-04-16T21:00:00+00:00,DBMG.L,BUY,7563.0000,166.5200
2026-04-16T21:00:00+00:00,EDIT,SELL,1215.0000,320.7100
2026-04-16T21:00:00+00:00,EMV.AX,BUY,480.0000,141.0100
2026-04-16T21:00:00+00:00,FTC.L,SELL,83.0000,2966.4400
2026-04-16T21:00:00+00:00,GSIT,BUY,1451.0000,397.0800
2026-04-16T21:00:00+00:00,HSBA.L,SELL,2227.0000,497.6200
2026-04-16T21:00:00+00:00,IBTM.L,BUY,9857.0000,106.8700
2026-04-16T21:00:00+00:00,IDN,SELL,1708.0000,520.6200
2026-04-16T21:00:00+00:00,IITU.L,SELL,2009.0000,281.3100
2026-04-16T21:00:00+00:00,IPWR,BUY,285.0000,120.0900
2026-04-16T21:00:00+00:00,ISF.L,SELL,929.0000,199.5400
2026-04-16T21:00:00+00:00,LTBR,BUY,15.0000,503.4800
2026-04-16T21:00:00+00:00,MOLN.SW,BUY,714.0000,119.7600
2026-04-16T21:00:00+00:00,PLTR,BUY,653.0000,2083.9600
2026-04-16T21:00:00+00:00,PRQR,SELL,260.0000,315.7800
2026-04-16T21:00:00+00:00,QSI,SELL,476.0000,153.4700
2026-04-16T21:00:00+00:00,RR.L,BUY,61.0000,1911.1800
2026-04-16T21:00:00+00:00,SEYE.ST,SELL,341.0000,199.5300
2026-04-16T21:00:00+00:00,SGLN.L,BUY,9485.0000,290.0000
2026-04-16T21:00:00+00:00,SHEL.L,BUY,1312.0000,320.5000
2026-04-16T21:00:00+00:00,SLX.AX,SELL,177.0000,870.2500
2026-04-16T21:00:00+00:00,SMGB.L,SELL,10893.0000,412.2900
2026-04-16T21:00:00+00:00,VUL.AX,SELL,1063.0000,177.9000
2026-04-16T21:00:00+00:00,VYGR,BUY,1222.0000,160.7200
2026-04-16T21:00:00+00:00,WBT.AX,BUY,685.0000,331.1900
2026-05-18T21:00:00+00:00,AL3.AX,BUY,512.0000,401.5100
2026-05-18T21:00:00+00:00,ALCLS.PA,BUY,595.0000,372.4600
2026-05-18T21:00:00+00:00,ALMDT.PA,SELL,18.0000,440.6400
2026-05-18T21:00:00+00:00,AXE.AX,BUY,903.0000,173.1400
2026-05-18T21:00:00+00:00,AZN.L,BUY,1456.0000,224.3500
2026-05-18T21:00:00+00:00,BGO.L,BUY,1016.0000,106.1400
2026-05-18T21:00:00+00:00,BRK-B,SELL,34.0000,222.8800
2026-05-18T21:00:00+00:00,BRNT.L,SELL,4159.0000,465.8000
2026-05-18T21:00:00+00:00,DBMG.L,BUY,1936.0000,171.8300
2026-05-18T21:00:00+00:00,EDIT,BUY,1711.0000,247.0400
2026-05-18T21:00:00+00:00,EMV.AX,SELL,319.0000,151.9800
2026-05-18T21:00:00+00:00,FTC.L,SELL,226.0000,5516.7800
2026-05-18T21:00:00+00:00,GSIT,SELL,1027.0000,566.1000
2026-05-18T21:00:00+00:00,HSBA.L,BUY,1009.0000,500.1400
2026-05-18T21:00:00+00:00,IBTM.L,BUY,12504.0000,106.0300
2026-05-18T21:00:00+00:00,IDN,BUY,2883.0000,275.1400
2026-05-18T21:00:00+00:00,IITU.L,SELL,3516.0000,318.1100
2026-05-18T21:00:00+00:00,IPWR,SELL,5272.0000,214.1600
2026-05-18T21:00:00+00:00,ISF.L,BUY,11590.0000,195.1600
2026-05-18T21:00:00+00:00,LTBR,BUY,404.0000,465.0700
2026-05-18T21:00:00+00:00,MOLN.SW,BUY,2023.0000,108.1900
2026-05-18T21:00:00+00:00,PLTR,BUY,492.0000,2012.0300
2026-05-18T21:00:00+00:00,PRQR,BUY,1575.0000,249.4000
2026-05-18T21:00:00+00:00,QSI,BUY,2488.0000,128.5300
2026-05-18T21:00:00+00:00,RR.L,BUY,802.0000,1777.2500
2026-05-18T21:00:00+00:00,SEYE.ST,SELL,1821.0000,273.6700
2026-05-18T21:00:00+00:00,SGLN.L,BUY,11978.0000,276.9400
2026-05-18T21:00:00+00:00,SHEL.L,BUY,2922.0000,311.5100
2026-05-18T21:00:00+00:00,SLX.AX,BUY,203.0000,816.1200
2026-05-18T21:00:00+00:00,SMGB.L,SELL,14749.0000,507.1100
2026-05-18T21:00:00+00:00,VUL.AX,BUY,55.0000,184.9500
2026-05-18T21:00:00+00:00,VYGR,BUY,1437.0000,146.1300
2026-05-18T21:00:00+00:00,WBT.AX,SELL,1639.0000,536.5900
2026-06-17T21:00:00+00:00,AL3.AX,BUY,1361.0000,306.8100
2026-06-17T21:00:00+00:00,ALCLS.PA,BUY,1127.0000,302.3900
2026-06-17T21:00:00+00:00,ALMDT.PA,BUY,87.0000,440.8900
2026-06-17T21:00:00+00:00,AXE.AX,SELL,895.0000,196.3800
2026-06-17T21:00:00+00:00,AZN.L,BUY,526.0000,220.4500
2026-06-17T21:00:00+00:00,BGO.L,SELL,124.0000,109.6500
2026-06-17T21:00:00+00:00,BRK-B,BUY,451.0000,222.2400
2026-06-17T21:00:00+00:00,BRNT.L,BUY,9159.0000,361.0800
2026-06-17T21:00:00+00:00,DBMG.L,BUY,5686.0000,169.2400
2026-06-17T21:00:00+00:00,EDIT,BUY,166.0000,246.8000
2026-06-17T21:00:00+00:00,EMV.AX,BUY,1420.0000,137.2400
2026-06-17T21:00:00+00:00,FTC.L,BUY,40.0000,4966.4400
2026-06-17T21:00:00+00:00,GSIT,BUY,751.0000,458.4200
2026-06-17T21:00:00+00:00,HSBA.L,SELL,1187.0000,537.3100
2026-06-17T21:00:00+00:00,IBTM.L,BUY,2417.0000,107.5600
2026-06-17T21:00:00+00:00,IDN,BUY,400.0000,263.8000
2026-06-17T21:00:00+00:00,IITU.L,SELL,598.0000,330.4700
2026-06-17T21:00:00+00:00,IPWR,BUY,332.0000,210.0800
2026-06-17T21:00:00+00:00,ISF.L,BUY,1132.0000,198.6900
2026-06-17T21:00:00+00:00,LTBR,BUY,714.0000,394.7100
2026-06-17T21:00:00+00:00,MOLN.SW,SELL,475.0000,114.5200
2026-06-17T21:00:00+00:00,PLTR,BUY,442.0000,1927.8000
2026-06-17T21:00:00+00:00,PRQR,SELL,420.0000,273.4000
2026-06-17T21:00:00+00:00,QSI,SELL,810.0000,140.8300
2026-06-17T21:00:00+00:00,RR.L,SELL,1058.0000,2134.0500
2026-06-17T21:00:00+00:00,SEYE.ST,BUY,105.0000,275.4400
2026-06-17T21:00:00+00:00,SGLN.L,BUY,9259.0000,265.8200
2026-06-17T21:00:00+00:00,SHEL.L,BUY,4141.0000,289.9900
2026-06-17T21:00:00+00:00,SLX.AX,SELL,35.0000,851.6300
2026-06-17T21:00:00+00:00,SMGB.L,SELL,12829.0000,613.2600
2026-06-17T21:00:00+00:00,VUL.AX,BUY,500.0000,179.1400
2026-06-17T21:00:00+00:00,VYGR,BUY,87.0000,148.5400
2026-06-17T21:00:00+00:00,WBT.AX,SELL,400.0000,634.8900
2026-07-16T21:00:00+00:00,AL3.AX,BUY,522.0000,269.4300
2026-07-16T21:00:00+00:00,ALCLS.PA,BUY,770.0000,255.2500
2026-07-16T21:00:00+00:00,ALMDT.PA,BUY,772.0000,351.9700
2026-07-16T21:00:00+00:00,AXE.AX,BUY,4016.0000,127.8600
2026-07-16T21:00:00+00:00,AZN.L,BUY,363.0000,206.6400
2026-07-16T21:00:00+00:00,BGO.L,SELL,1902.0000,121.0500
2026-07-16T21:00:00+00:00,BRK-B,SELL,531.0000,221.1800
2026-07-16T21:00:00+00:00,BRNT.L,SELL,2885.0000,376.9100
2026-07-16T21:00:00+00:00,DBMG.L,SELL,5678.0000,169.6700
2026-07-16T21:00:00+00:00,EDIT,SELL,927.0000,276.3800
2026-07-16T21:00:00+00:00,EMV.AX,SELL,1347.0000,149.0500
2026-07-16T21:00:00+00:00,FTC.L,BUY,106.0000,3624.1600
2026-07-16T21:00:00+00:00,GSIT,BUY,1146.0000,334.6900
2026-07-16T21:00:00+00:00,HSBA.L,SELL,1781.0000,558.5400
2026-07-16T21:00:00+00:00,IBTM.L,SELL,5939.0000,106.2500
2026-07-16T21:00:00+00:00,IDN,BUY,455.0000,236.9300
2026-07-16T21:00:00+00:00,IITU.L,SELL,148.0000,319.6100
2026-07-16T21:00:00+00:00,IPWR,BUY,2465.0000,153.9400
2026-07-16T21:00:00+00:00,ISF.L,SELL,8087.0000,200.5600
2026-07-16T21:00:00+00:00,LTBR,BUY,1058.0000,303.3100
2026-07-16T21:00:00+00:00,MOLN.SW,SELL,679.0000,115.8600
2026-07-16T21:00:00+00:00,PLTR,SELL,378.0000,1967.2000
2026-07-16T21:00:00+00:00,PRQR,SELL,168.0000,271.0800
2026-07-16T21:00:00+00:00,QSI,BUY,1404.0000,121.1500
2026-07-16T21:00:00+00:00,RR.L,SELL,173.0000,2116.2400
2026-07-16T21:00:00+00:00,SEYE.ST,SELL,151.0000,272.3900
2026-07-16T21:00:00+00:00,SGLN.L,BUY,7802.0000,243.2500
2026-07-16T21:00:00+00:00,SHEL.L,SELL,3368.0000,301.9400
2026-07-16T21:00:00+00:00,SLX.AX,BUY,402.0000,679.0400
2026-07-16T21:00:00+00:00,SMGB.L,BUY,4862.0000,553.2500
2026-07-16T21:00:00+00:00,VUL.AX,BUY,2143.0000,139.9500
2026-07-16T21:00:00+00:00,VYGR,BUY,1741.0000,123.6800
2026-07-16T21:00:00+00:00,WBT.AX,BUY,438.0000,523.3100
2026-08-14T21:00:00+00:00,AL3.AX,BUY,1723.0000,218.0300
2026-08-14T21:00:00+00:00,ALCLS.PA,SELL,605.0000,296.0400
2026-08-14T21:00:00+00:00,ALMDT.PA,SELL,252.0000,390.3100
2026-08-14T21:00:00+00:00,AXE.AX,BUY,999.0000,123.8300
2026-08-14T21:00:00+00:00,AZN.L,BUY,1922.0000,188.7900
2026-08-14T21:00:00+00:00,BGO.L,BUY,2033.0000,109.6500
2026-08-14T21:00:00+00:00,BRK-B,BUY,328.0000,226.9200
2026-08-14T21:00:00+00:00,BRNT.L,SELL,109.0000,395.7200
2026-08-14T21:00:00+00:00,DBMG.L,BUY,5486.0000,170.9400
2026-08-14T21:00:00+00:00,EDIT,BUY,372.0000,271.6300
2026-08-14T21:00:00+00:00,EMV.AX,SELL,127.0000,157.8900
2026-08-14T21:00:00+00:00,FTC.L,BUY,46.0000,3436.2400
2026-08-14T21:00:00+00:00,GSIT,SELL,948.0000,438.1600
2026-08-14T21:00:00+00:00,HSBA.L,BUY,416.0000,574.0300
2026-08-14T21:00:00+00:00,IBTM.L,BUY,12883.0000,105.5000
2026-08-14T21:00:00+00:00,IDN,BUY,2615.0000,178.2000
2026-08-14T21:00:00+00:00,IITU.L,SELL,426.0000,337.8800
2026-08-14T21:00:00+00:00,IPWR,SELL,1631.0000,191.5000
2026-08-14T21:00:00+00:00,ISF.L,BUY,4460.0000,204.5700
2026-08-14T21:00:00+00:00,LTBR,SELL,582.0000,357.3100
2026-08-14T21:00:00+00:00,MOLN.SW,BUY,197.0000,119.5400
2026-08-14T21:00:00+00:00,PLTR,SELL,1252.0000,2556.2000
2026-08-14T21:00:00+00:00,PRQR,SELL,543.0000,312.8300
2026-08-14T21:00:00+00:00,QSI,BUY,2012.0000,109.8700
2026-08-14T21:00:00+00:00,RR.L,SELL,404.0000,2375.1400
2026-08-14T21:00:00+00:00,SEYE.ST,SELL,538.0000,314.1800
2026-08-14T21:00:00+00:00,SGLN.L,SELL,5841.0000,264.6000
2026-08-14T21:00:00+00:00,SHEL.L,SELL,525.0000,320.0200
2026-08-14T21:00:00+00:00,SLX.AX,SELL,129.0000,752.4800
2026-08-14T21:00:00+00:00,SMGB.L,BUY,2757.0000,558.7700
2026-08-14T21:00:00+00:00,VUL.AX,SELL,207.0000,149.2000
2026-08-14T21:00:00+00:00,VYGR,SELL,391.0000,133.5300
2026-08-14T21:00:00+00:00,WBT.AX,BUY,1571.0000,360.4700
2026-09-15T21:00:00+00:00,AL3.AX,SELL,2314.0000,308.1900
2026-09-15T21:00:00+00:00,ALCLS.PA,BUY,5478.0000,147.0500
2026-09-15T21:00:00+00:00,ALMDT.PA,BUY,1145.0000,302.1200
2026-09-15T21:00:00+00:00,AXE.AX,BUY,2045.0000,105.5800
2026-09-15T21:00:00+00:00,AZN.L,SELL,1062.0000,199.5900
2026-09-15T21:00:00+00:00,BGO.L,SELL,258.0000,109.6500
2026-09-15T21:00:00+00:00,BRK-B,SELL,673.0000,232.4700
2026-09-15T21:00:00+00:00,BRNT.L,SELL,7397.0000,494.6100
2026-09-15T21:00:00+00:00,DBMG.L,SELL,6741.0000,176.1200
2026-09-15T21:00:00+00:00,EDIT,BUY,334.0000,253.1400
2026-09-15T21:00:00+00:00,EMV.AX,BUY,19.0000,154.9200
2026-09-15T21:00:00+00:00,FTC.L,BUY,82.0000,2885.9100
2026-09-15T21:00:00+00:00,GSIT,BUY,1555.0000,305.1700
2026-09-15T21:00:00+00:00,HSBA.L,SELL,30.0000,565.0100
2026-09-15T21:00:00+00:00,IBTM.L,SELL,547.0000,103.9300
2026-09-15T21:00:00+00:00,IDN,BUY,1278.0000,153.9900
2026-09-15T21:00:00+00:00,IITU.L,BUY,10.0000,332.0500
2026-09-15T21:00:00+00:00,IPWR,BUY,1946.0000,153.6700
2026-09-15T21:00:00+00:00,ISF.L,SELL,1832.0000,203.2100
2026-09-15T21:00:00+00:00,LTBR,BUY,1194.0000,279.2900
2026-09-15T21:00:00+00:00,MOLN.SW,SELL,173.0000,118.9900
2026-09-15T21:00:00+00:00,PLTR,SELL,41.0000,2532.5400
2026-09-15T21:00:00+00:00,PRQR,BUY,140.0000,299.5700
2026-09-15T21:00:00+00:00,QSI,BUY,167.0000,106.8200
2026-09-15T21:00:00+00:00,RR.L,BUY,371.0000,2188.9500
2026-09-15T21:00:00+00:00,SEYE.ST,BUY,4449.0000,167.4900
2026-09-15T21:00:00+00:00,SGLN.L,BUY,358.0000,259.4700
2026-09-15T21:00:00+00:00,SHEL.L,SELL,4410.0000,352.0700
2026-09-15T21:00:00+00:00,SLX.AX,BUY,358.0000,636.0800
2026-09-15T21:00:00+00:00,SMGB.L,BUY,4395.0000,520.2300
2026-09-15T21:00:00+00:00,VUL.AX,BUY,3036.0000,115.1700
2026-09-15T21:00:00+00:00,VYGR,BUY,508.0000,126.0900
2026-09-15T21:00:00+00:00,WBT.AX,BUY,1982.0000,247.5600
