date,equity_own_weights,equity_own_weights_8020,equity_equal_weight,equity_hrp_optimised,equity_own_weights_engine,equity_own_weights_8020_engine,equity_equal_weight_engine,equity_hrp_optimised_engine
2020-12-10,200000.000000,200000.000000,200000.000000,200000.000000,100000000.000000,100000000.000000,100000000.000000,100000000.000000
2020-12-11,200000.000000,200000.000000,200000.000000,200000.000000,100000000.000000,100000000.000000,100000000.000000,100000000.000000
2020-12-14,200000.000000,200000.000000,200000.000000,200000.000000,100000000.000000,100000000.000000,100000000.000000,100000000.000000
2020-12-15,200000.000000,200000.000000,200000.000000,200000.000000,100000000.000000,100000000.000000,100000000.000000,100000000.000000
2020-12-16,200000.000000,200000.000000,200000.000000,200000.000000,100000000.000000,100000000.000000,100000000.000000,100000000.000000
2020-12-17,200000.000000,200000.000000,200000.000000,200000.000000,100000000.000000,100000000.000000,100000000.000000,100000000.000000
2020-12-18,200000.000000,200000.000000,200000.000000,200000.000000,100000000.000000,100000000.000000,100000000.000000,100000000.000000
2020-12-21,200000.000000,200000.000000,200000.000000,200000.000000,100000000.000000,100000000.000000,100000000.000000,100000000.000000
2020-12-22,200000.000000,200000.000000,200000.000000,200000.000000,100000000.000000,100000000.000000,100000000.000000,100000000.000000
2020-12-23,200000.000000,200000.000000,200000.000000,200000.000000,100000000.000000,100000000.000000,100000000.000000,100000000.000000
2020-12-24,200000.000000,200000.000000,200000.000000,200000.000000,100000000.000000,100000000.000000,100000000.000000,100000000.000000
2020-12-29,200000.000000,200000.000000,200000.000000,200000.000000,100000000.000000,100000000.000000,100000000.000000,100000000.000000
2020-12-30,200000.000000,200000.000000,200000.000000,200000.000000,100000000.000000,100000000.000000,100000000.000000,100000000.000000
2020-12-31,200000.000000,200000.000000,200000.000000,200000.000000,100000000.000000,100000000.000000,100000000.000000,100000000.000000
2021-01-04,200000.000000,200000.000000,200000.000000,200000.000000,100000000.000000,100000000.000000,100000000.000000,100000000.000000
2021-01-05,200000.000000,200000.000000,200000.000000,200000.000000,100000000.000000,100000000.000000,100000000.000000,100000000.000000
2021-01-06,200000.000000,200000.000000,200000.000000,200000.000000,100000000.000000,100000000.000000,100000000.000000,100000000.000000
2021-01-07,200000.000000,200000.000000,200000.000000,200000.000000,100000000.000000,100000000.000000,100000000.000000,100000000.000000
2021-01-08,200000.000000,200000.000000,200000.000000,200000.000000,100000000.000000,100000000.000000,100000000.000000,100000000.000000
2021-01-11,200000.000000,200000.000000,200000.000000,200000.000000,100000000.000000,100000000.000000,100000000.000000,100000000.000000
2021-01-12,200000.000000,200000.000000,200000.000000,200000.000000,100000000.000000,100000000.000000,100000000.000000,100000000.000000
2021-01-13,200000.000000,200000.000000,200000.000000,200000.000000,100000000.000000,100000000.000000,100000000.000000,100000000.000000
2021-01-14,200000.000000,200000.000000,200000.000000,200000.000000,100000000.000000,100000000.000000,100000000.000000,100000000.000000
2021-01-15,200000.000000,200000.000000,200000.000000,200000.000000,100000000.000000,100000000.000000,100000000.000000,100000000.000000
2021-01-18,200000.000000,200000.000000,200000.000000,200000.000000,100000000.000000,100000000.000000,100000000.000000,100000000.000000
2021-01-19,200000.000000,200000.000000,200000.000000,200000.000000,100000000.000000,100000000.000000,100000000.000000,100000000.000000
2021-01-20,200000.000000,200000.000000,200000.000000,200000.000000,100000000.000000,100000000.000000,100000000.000000,100000000.000000
2021-01-21,200000.000000,200000.000000,200000.000000,200000.000000,100000000.000000,100000000.000000,100000000.000000,100000000.000000
2021-01-22,200000.000000,200000.000000,200000.000000,200000.000000,100000000.000000,100000000.000000,100000000.000000,100000000.000000
2021-01-25,200000.000000,200000.000000,200000.000000,200000.000000,100000000.000000,100000000.000000,100000000.000000,100000000.000000
2021-01-26,200000.000000,200000.000000,200000.000000,200000.000000,100000000.000000,100000000.000000,100000000.000000,100000000.000000
2021-01-27,200000.000000,200000.000000,200000.000000,200000.000000,100000000.000000,100000000.000000,100000000.000000,100000000.000000
2021-01-28,200000.000000,200000.000000,200000.000000,200000.000000,100000000.000000,100000000.000000,100000000.000000,100000000.000000
2021-01-29,200000.000000,200000.000000,200000.000000,200000.000000,100000000.000000,100000000.000000,100000000.000000,100000000.000000
2021-02-01,200000.000000,200000.000000,200000.000000,200000.000000,100000000.000000,100000000.000000,100000000.000000,100000000.000000
2021-02-02,200000.000000,200000.000000,200000.000000,200000.000000,100000000.000000,100000000.000000,100000000.000000,100000000.000000
2021-02-03,200000.000000,200000.000000,200000.000000,200000.000000,100000000.000000,100000000.000000,100000000.000000,100000000.000000
2021-02-04,200000.000000,200000.000000,200000.000000,200000.000000,100000000.000000,100000000.000000,100000000.000000,100000000.000000
2021-02-05,200000.000000,200000.000000,200000.000000,200000.000000,100000000.000000,100000000.000000,100000000.000000,100000000.000000
2021-02-08,200000.000000,200000.000000,200000.000000,200000.000000,100000000.000000,100000000.000000,100000000.000000,100000000.000000
2021-02-09,200000.000000,200000.000000,200000.000000,200000.000000,100000000.000000,100000000.000000,100000000.000000,100000000.000000
2021-02-10,200000.000000,200000.000000,200000.000000,200000.000000,100000000.000000,100000000.000000,100000000.000000,100000000.000000
2021-02-11,200000.000000,200000.000000,200000.000000,200000.000000,100000000.000000,100000000.000000,100000000.000000,100000000.000000
2021-02-12,200000.000000,200000.000000,200000.000000,200000.000000,100000000.000000,100000000.000000,100000000.000000,100000000.000000
2021-02-15,200000.000000,200000.000000,200000.000000,200000.000000,100000000.000000,100000000.000000,100000000.000000,100000000.000000
2021-02-16,200000.000000,200000.000000,200000.000000,200000.000000,100000000.000000,100000000.000000,100000000.000000,100000000.000000
2021-02-17,200000.000000,200000.000000,200000.000000,200000.000000,100000000.000000,100000000.000000,100000000.000000,100000000.000000
2021-02-18,200000.000000,200000.000000,200000.000000,200000.000000,100000000.000000,100000000.000000,100000000.000000,100000000.000000
2021-02-19,200000.000000,200000.000000,200000.000000,200000.000000,100000000.000000,100000000.000000,100000000.000000,100000000.000000
2021-02-22,200000.000000,200000.000000,200000.000000,200000.000000,100000000.000000,100000000.000000,100000000.000000,100000000.000000
2021-02-23,200000.000000,200000.000000,200000.000000,200000.000000,100000000.000000,100000000.000000,100000000.000000,100000000.000000
2021-02-24,200000.000000,200000.000000,200000.000000,200000.000000,100000000.000000,100000000.000000,100000000.000000,100000000.000000
2021-02-25,200000.000000,200000.000000,200000.000000,200000.000000,100000000.000000,100000000.000000,100000000.000000,100000000.000000
2021-02-26,200000.000000,200000.000000,200000.000000,200000.000000,100000000.000000,100000000.000000,100000000.000000,100000000.000000
2021-03-01,200000.000000,200000.000000,200000.000000,200000.000000,100000000.000000,100000000.000000,100000000.000000,100000000.000000
2021-03-02,200000.000000,200000.000000,200000.000000,200000.000000,100000000.000000,100000000.000000,100000000.000000,100000000.000000
2021-03-03,200000.000000,200000.000000,200000.000000,200000.000000,100000000.000000,100000000.000000,100000000.000000,100000000.000000
2021-03-04,200000.000000,200000.000000,200000.000000,200000.000000,100000000.000000,100000000.000000,100000000.000000,100000000.000000
2021-03-05,200000.000000,200000.000000,200000.000000,200000.000000,100000000.000000,100000000.000000,100000000.000000,100000000.000000
2021-03-08,200000.000000,200000.000000,200000.000000,200000.000000,100000000.000000,100000000.000000,100000000.000000,100000000.000000
2021-03-09,200000.000000,200000.000000,200000.000000,200000.000000,100000000.000000,100000000.000000,100000000.000000,100000000.000000
2021-03-10,200000.000000,200000.000000,200000.000000,200000.000000,100000000.000000,100000000.000000,100000000.000000,100000000.000000
2021-03-11,200000.000000,200000.000000,200000.000000,200000.000000,100000000.000000,100000000.000000,100000000.000000,100000000.000000
2021-03-12,200000.000000,200000.000000,200000.000000,200000.000000,100000000.000000,100000000.000000,100000000.000000,100000000.000000
2021-03-15,200000.000000,200000.000000,200000.000000,200000.000000,100000000.000000,100000000.000000,100000000.000000,100000000.000000
2021-03-16,200000.000000,200000.000000,200000.000000,200000.000000,100000000.000000,100000000.000000,100000000.000000,100000000.000000
2021-03-17,200000.000000,200000.000000,200000.000000,200000.000000,100000000.000000,100000000.000000,100000000.000000,100000000.000000
2021-03-18,200000.000000,200000.000000,200000.000000,200000.000000,100000000.000000,100000000.000000,100000000.000000,100000000.000000
2021-03-19,200000.000000,200000.000000,200000.000000,200000.000000,100000000.000000,100000000.000000,100000000.000000,100000000.000000
2021-03-22,200000.000000,200000.000000,200000.000000,200000.000000,100000000.000000,100000000.000000,100000000.000000,100000000.000000
2021-03-23,200000.000000,200000.000000,200000.000000,200000.000000,100000000.000000,100000000.000000,100000000.000000,100000000.000000
2021-03-24,200000.000000,200000.000000,200000.000000,200000.000000,100000000.000000,100000000.000000,100000000.000000,100000000.000000
2021-03-25,200000.000000,200000.000000,200000.000000,200000.000000,100000000.000000,100000000.000000,100000000.000000,100000000.000000
2021-03-26,200000.000000,200000.000000,200000.000000,200000.000000,100000000.000000,100000000.000000,100000000.000000,100000000.000000
2021-03-29,200000.000000,200000.000000,200000.000000,200000.000000,100000000.000000,100000000.000000,100000000.000000,100000000.000000
2021-03-30,200000.000000,200000.000000,200000.000000,200000.000000,100000000.000000,100000000.000000,100000000.000000,100000000.000000
2021-03-31,200000.000000,200000.000000,200000.000000,200000.000000,100000000.000000,100000000.000000,100000000.000000,100000000.000000
2021-04-01,200000.000000,200000.000000,200000.000000,200000.000000,100000000.000000,100000000.000000,100000000.000000,100000000.000000
2021-04-06,200000.000000,200000.000000,200000.000000,200000.000000,100000000.000000,100000000.000000,100000000.000000,100000000.000000
2021-04-07,200000.000000,200000.000000,200000.000000,200000.000000,100000000.000000,100000000.000000,100000000.000000,100000000.000000
2021-04-08,200000.000000,200000.000000,200000.000000,200000.000000,100000000.000000,100000000.000000,100000000.000000,100000000.000000
2021-04-09,200000.000000,200000.000000,200000.000000,200000.000000,100000000.000000,100000000.000000,100000000.000000,100000000.000000
2021-04-12,200000.000000,200000.000000,200000.000000,200000.000000,100000000.000000,100000000.000000,100000000.000000,100000000.000000
2021-04-13,200000.000000,200000.000000,200000.000000,200000.000000,100000000.000000,100000000.000000,100000000.000000,100000000.000000
2021-04-14,200000.000000,200000.000000,200000.000000,200000.000000,100000000.000000,100000000.000000,100000000.000000,100000000.000000
2021-04-15,200000.000000,200000.000000,200000.000000,200000.000000,100000000.000000,100000000.000000,100000000.000000,100000000.000000
2021-04-16,200000.000000,200000.000000,200000.000000,200000.000000,100000000.000000,100000000.000000,100000000.000000,100000000.000000
2021-04-19,200000.000000,200000.000000,200000.000000,200000.000000,100000000.000000,100000000.000000,100000000.000000,100000000.000000
2021-04-20,200000.000000,200000.000000,200000.000000,200000.000000,100000000.000000,100000000.000000,100000000.000000,100000000.000000
2021-04-21,200000.000000,200000.000000,200000.000000,200000.000000,100000000.000000,100000000.000000,100000000.000000,100000000.000000
2021-04-22,200000.000000,200000.000000,200000.000000,200000.000000,100000000.000000,100000000.000000,100000000.000000,100000000.000000
2021-04-23,200000.000000,200000.000000,200000.000000,200000.000000,100000000.000000,100000000.000000,100000000.000000,100000000.000000
2021-04-26,200000.000000,200000.000000,200000.000000,200000.000000,100000000.000000,100000000.000000,100000000.000000,100000000.000000
2021-04-27,200000.000000,200000.000000,200000.000000,200000.000000,100000000.000000,100000000.000000,100000000.000000,100000000.000000
2021-04-28,200000.000000,200000.000000,200000.000000,200000.000000,100000000.000000,100000000.000000,100000000.000000,100000000.000000
2021-04-29,200000.000000,200000.000000,200000.000000,200000.000000,100000000.000000,100000000.000000,100000000.000000,100000000.000000
2021-04-30,200000.000000,200000.000000,200000.000000,200000.000000,100000000.000000,100000000.000000,100000000.000000,100000000.000000
2021-05-04,200000.000000,200000.000000,200000.000000,200000.000000,100000000.000000,100000000.000000,100000000.000000,100000000.000000
2021-05-05,200000.000000,200000.000000,200000.000000,200000.000000,100000000.000000,100000000.000000,100000000.000000,100000000.000000
2021-05-06,200000.000000,200000.000000,200000.000000,200000.000000,100000000.000000,100000000.000000,100000000.000000,100000000.000000
2021-05-07,200000.000000,200000.000000,200000.000000,200000.000000,100000000.000000,100000000.000000,100000000.000000,100000000.000000
2021-05-10,200000.000000,200000.000000,200000.000000,200000.000000,100000000.000000,100000000.000000,100000000.000000,100000000.000000
2021-05-11,200000.000000,200000.000000,200000.000000,200000.000000,100000000.000000,100000000.000000,100000000.000000,100000000.000000
2021-05-12,200000.000000,200000.000000,200000.000000,200000.000000,100000000.000000,100000000.000000,100000000.000000,100000000.000000
2021-05-13,200000.000000,200000.000000,200000.000000,200000.000000,100000000.000000,100000000.000000,100000000.000000,100000000.000000
2021-05-14,200000.000000,200000.000000,200000.000000,200000.000000,100000000.000000,100000000.000000,100000000.000000,100000000.000000
2021-05-17,200000.000000,200000.000000,200000.000000,200000.000000,100000000.000000,100000000.000000,100000000.000000,100000000.000000
2021-05-18,200000.000000,200000.000000,200000.000000,200000.000000,100000000.000000,100000000.000000,100000000.000000,100000000.000000
2021-05-19,200000.000000,200000.000000,200000.000000,200000.000000,100000000.000000,100000000.000000,100000000.000000,100000000.000000
2021-05-20,200000.000000,200000.000000,200000.000000,200000.000000,100000000.000000,100000000.000000,100000000.000000,100000000.000000
2021-05-21,200000.000000,200000.000000,200000.000000,200000.000000,100000000.000000,100000000.000000,100000000.000000,100000000.000000
2021-05-24,200000.000000,200000.000000,200000.000000,200000.000000,100000000.000000,100000000.000000,100000000.000000,100000000.000000
2021-05-25,200000.000000,200000.000000,200000.000000,200000.000000,100000000.000000,100000000.000000,100000000.000000,100000000.000000
2021-05-26,200000.000000,200000.000000,200000.000000,200000.000000,100000000.000000,100000000.000000,100000000.000000,100000000.000000
2021-05-27,200000.000000,200000.000000,200000.000000,200000.000000,100000000.000000,100000000.000000,100000000.000000,100000000.000000
2021-05-28,200000.000000,200000.000000,200000.000000,200000.000000,100000000.000000,100000000.000000,100000000.000000,100000000.000000
2021-06-01,200000.000000,200000.000000,200000.000000,200000.000000,100000000.000000,100000000.000000,100000000.000000,100000000.000000
2021-06-02,200000.000000,200000.000000,200000.000000,200000.000000,100000000.000000,100000000.000000,100000000.000000,100000000.000000
2021-06-03,200000.000000,200000.000000,200000.000000,200000.000000,100000000.000000,100000000.000000,100000000.000000,100000000.000000
2021-06-04,200000.000000,200000.000000,200000.000000,200000.000000,100000000.000000,100000000.000000,100000000.000000,100000000.000000
2021-06-07,200000.000000,200000.000000,200000.000000,200000.000000,100000000.000000,100000000.000000,100000000.000000,100000000.000000
2021-06-08,200000.000000,200000.000000,200000.000000,200000.000000,100000000.000000,100000000.000000,100000000.000000,100000000.000000
2021-06-09,200000.000000,200000.000000,200000.000000,200000.000000,100000000.000000,100000000.000000,100000000.000000,100000000.000000
2021-06-10,200000.000000,200000.000000,200000.000000,200000.000000,100000000.000000,100000000.000000,100000000.000000,100000000.000000
2021-06-11,200000.000000,200000.000000,200000.000000,200000.000000,100000000.000000,100000000.000000,100000000.000000,100000000.000000
2021-06-14,200000.000000,200000.000000,200000.000000,200000.000000,100000000.000000,100000000.000000,100000000.000000,100000000.000000
2021-06-15,200000.000000,200000.000000,200000.000000,200000.000000,100000000.000000,100000000.000000,100000000.000000,100000000.000000
2021-06-16,200000.000000,200000.000000,200000.000000,200000.000000,100000000.000000,100000000.000000,100000000.000000,100000000.000000
2021-06-17,200000.000000,200000.000000,200000.000000,200000.000000,100000000.000000,100000000.000000,100000000.000000,100000000.000000
2021-06-18,200000.000000,200000.000000,200000.000000,200000.000000,100000000.000000,100000000.000000,100000000.000000,100000000.000000
2021-06-21,200000.000000,200000.000000,200000.000000,200000.000000,100000000.000000,100000000.000000,100000000.000000,100000000.000000
2021-06-22,200000.000000,200000.000000,200000.000000,200000.000000,100000000.000000,100000000.000000,100000000.000000,100000000.000000
2021-06-23,200000.000000,200000.000000,200000.000000,200000.000000,100000000.000000,100000000.000000,100000000.000000,100000000.000000
2021-06-24,200000.000000,200000.000000,200000.000000,200000.000000,100000000.000000,100000000.000000,100000000.000000,100000000.000000
2021-06-25,200000.000000,200000.000000,200000.000000,200000.000000,100000000.000000,100000000.000000,100000000.000000,100000000.000000
2021-06-28,200000.000000,200000.000000,200000.000000,200000.000000,100000000.000000,100000000.000000,100000000.000000,100000000.000000
2021-06-29,200000.000000,200000.000000,200000.000000,200000.000000,100000000.000000,100000000.000000,100000000.000000,100000000.000000
2021-06-30,200000.000000,200000.000000,200000.000000,200000.000000,100000000.000000,100000000.000000,100000000.000000,100000000.000000
2021-07-01,200000.000000,200000.000000,200000.000000,200000.000000,100000000.000000,100000000.000000,100000000.000000,100000000.000000
2021-07-02,200000.000000,200000.000000,200000.000000,200000.000000,100000000.000000,100000000.000000,100000000.000000,100000000.000000
2021-07-05,200000.000000,200000.000000,200000.000000,200000.000000,100000000.000000,100000000.000000,100000000.000000,100000000.000000
2021-07-06,200000.000000,200000.000000,200000.000000,200000.000000,100000000.000000,100000000.000000,100000000.000000,100000000.000000
2021-07-07,200000.000000,200000.000000,200000.000000,200000.000000,100000000.000000,100000000.000000,100000000.000000,100000000.000000
2021-07-08,200000.000000,200000.000000,200000.000000,200000.000000,100000000.000000,100000000.000000,100000000.000000,100000000.000000
2021-07-09,200000.000000,200000.000000,200000.000000,200000.000000,100000000.000000,100000000.000000,100000000.000000,100000000.000000
2021-07-12,200000.000000,200000.000000,200000.000000,200000.000000,100000000.000000,100000000.000000,100000000.000000,100000000.000000
2021-07-13,200000.000000,200000.000000,200000.000000,200000.000000,100000000.000000,100000000.000000,100000000.000000,100000000.000000
2021-07-14,200000.000000,200000.000000,200000.000000,200000.000000,100000000.000000,100000000.000000,100000000.000000,100000000.000000
2021-07-15,200000.000000,200000.000000,200000.000000,200000.000000,100000000.000000,100000000.000000,100000000.000000,100000000.000000
2021-07-16,200000.000000,200000.000000,200000.000000,200000.000000,100000000.000000,100000000.000000,100000000.000000,100000000.000000
2021-07-19,200000.000000,200000.000000,200000.000000,200000.000000,100000000.000000,100000000.000000,100000000.000000,100000000.000000
2021-07-20,200000.000000,200000.000000,200000.000000,200000.000000,100000000.000000,100000000.000000,100000000.000000,100000000.000000
2021-07-21,200000.000000,200000.000000,200000.000000,200000.000000,100000000.000000,100000000.000000,100000000.000000,100000000.000000
2021-07-22,200000.000000,200000.000000,200000.000000,200000.000000,100000000.000000,100000000.000000,100000000.000000,100000000.000000
2021-07-23,200000.000000,200000.000000,200000.000000,200000.000000,100000000.000000,100000000.000000,100000000.000000,100000000.000000
2021-07-26,200000.000000,200000.000000,200000.000000,200000.000000,100000000.000000,100000000.000000,100000000.000000,100000000.000000
2021-07-27,200000.000000,200000.000000,200000.000000,200000.000000,100000000.000000,100000000.000000,100000000.000000,100000000.000000
2021-07-28,200000.000000,200000.000000,200000.000000,200000.000000,100000000.000000,100000000.000000,100000000.000000,100000000.000000
2021-07-29,200000.000000,200000.000000,200000.000000,200000.000000,100000000.000000,100000000.000000,100000000.000000,100000000.000000
2021-07-30,200000.000000,200000.000000,200000.000000,200000.000000,100000000.000000,100000000.000000,100000000.000000,100000000.000000
2021-08-02,200000.000000,200000.000000,200000.000000,200000.000000,100000000.000000,100000000.000000,100000000.000000,100000000.000000
2021-08-03,200000.000000,200000.000000,200000.000000,200000.000000,100000000.000000,100000000.000000,100000000.000000,100000000.000000
2021-08-04,200000.000000,200000.000000,200000.000000,200000.000000,100000000.000000,100000000.000000,100000000.000000,100000000.000000
2021-08-05,200000.000000,200000.000000,200000.000000,200000.000000,100000000.000000,100000000.000000,100000000.000000,100000000.000000
2021-08-06,200000.000000,200000.000000,200000.000000,200000.000000,100000000.000000,100000000.000000,100000000.000000,100000000.000000
2021-08-09,200000.000000,200000.000000,200000.000000,200000.000000,100000000.000000,100000000.000000,100000000.000000,100000000.000000
2021-08-10,200000.000000,200000.000000,200000.000000,200000.000000,100000000.000000,100000000.000000,100000000.000000,100000000.000000
2021-08-11,200000.000000,200000.000000,200000.000000,200000.000000,100000000.000000,100000000.000000,100000000.000000,100000000.000000
2021-08-12,200000.000000,200000.000000,200000.000000,200000.000000,100000000.000000,100000000.000000,100000000.000000,100000000.000000
2021-08-13,200000.000000,200000.000000,200000.000000,200000.000000,100000000.000000,100000000.000000,100000000.000000,100000000.000000
2021-08-16,200000.000000,200000.000000,200000.000000,200000.000000,100000000.000000,100000000.000000,100000000.000000,100000000.000000
2021-08-17,200000.000000,200000.000000,200000.000000,200000.000000,100000000.000000,100000000.000000,100000000.000000,100000000.000000
2021-08-18,200000.000000,200000.000000,200000.000000,200000.000000,100000000.000000,100000000.000000,100000000.000000,100000000.000000
2021-08-19,200000.000000,200000.000000,200000.000000,200000.000000,100000000.000000,100000000.000000,100000000.000000,100000000.000000
2021-08-20,200000.000000,200000.000000,200000.000000,200000.000000,100000000.000000,100000000.000000,100000000.000000,100000000.000000
2021-08-23,200000.000000,200000.000000,200000.000000,200000.000000,100000000.000000,100000000.000000,100000000.000000,100000000.000000
2021-08-24,200000.000000,200000.000000,200000.000000,200000.000000,100000000.000000,100000000.000000,100000000.000000,100000000.000000
2021-08-25,200000.000000,200000.000000,200000.000000,200000.000000,100000000.000000,100000000.000000,100000000.000000,100000000.000000
2021-08-26,200000.000000,200000.000000,200000.000000,200000.000000,100000000.000000,100000000.000000,100000000.000000,100000000.000000
2021-08-27,200000.000000,200000.000000,200000.000000,200000.000000,100000000.000000,100000000.000000,100000000.000000,100000000.000000
2021-08-31,200000.000000,200000.000000,200000.000000,200000.000000,100000000.000000,100000000.000000,100000000.000000,100000000.000000
2021-09-01,200000.000000,200000.000000,200000.000000,200000.000000,100000000.000000,100000000.000000,100000000.000000,100000000.000000
2021-09-02,200000.000000,200000.000000,200000.000000,200000.000000,100000000.000000,100000000.000000,100000000.000000,100000000.000000
2021-09-03,200000.000000,200000.000000,200000.000000,200000.000000,100000000.000000,100000000.000000,100000000.000000,100000000.000000
2021-09-06,200000.000000,200000.000000,200000.000000,200000.000000,100000000.000000,100000000.000000,100000000.000000,100000000.000000
2021-09-07,200000.000000,200000.000000,200000.000000,200000.000000,100000000.000000,100000000.000000,100000000.000000,100000000.000000
2021-09-08,200000.000000,200000.000000,200000.000000,200000.000000,100000000.000000,100000000.000000,100000000.000000,100000000.000000
2021-09-09,200000.000000,200000.000000,200000.000000,200000.000000,100000000.000000,100000000.000000,100000000.000000,100000000.000000
2021-09-10,200000.000000,200000.000000,200000.000000,200000.000000,100000000.000000,100000000.000000,100000000.000000,100000000.000000
2021-09-13,200000.000000,200000.000000,200000.000000,200000.000000,100000000.000000,100000000.000000,100000000.000000,100000000.000000
2021-09-14,200000.000000,200000.000000,200000.000000,200000.000000,100000000.000000,100000000.000000,100000000.000000,100000000.000000
2021-09-15,200000.000000,200000.000000,200000.000000,200000.000000,100000000.000000,100000000.000000,100000000.000000,100000000.000000
2021-09-16,200000.000000,200000.000000,200000.000000,200000.000000,100000000.000000,100000000.000000,100000000.000000,100000000.000000
2021-09-17,200165.210000,200560.520000,202565.410000,199725.890000,100082602.700000,100280257.570000,101282703.120000,99862946.440000
2021-09-20,198223.350000,197973.730000,197102.740000,200456.440000,99111674.780000,98986867.110000,98551371.580000,100228217.580000
2021-09-21,199929.780000,199672.130000,198859.950000,201686.960000,99964891.900000,99836062.650000,99429976.660000,100843482.040000
2021-09-22,202021.180000,201575.580000,199966.440000,202081.730000,101010591.840000,100787789.530000,99983218.880000,101040864.780000
2021-09-23,203068.350000,202737.470000,202132.210000,201299.160000,101534173.000000,101368734.710000,101066104.400000,100649582.310000
2021-09-24,203003.210000,202321.620000,200200.340000,201507.260000,101501605.160000,101160809.240000,100100169.960000,100753631.150000
2021-09-27,204503.990000,203673.060000,201169.920000,201014.320000,102251994.220000,101836527.920000,100584962.380000,100507161.590000
2021-09-28,201999.170000,200817.370000,196482.990000,200496.960000,100999586.450000,100408686.590000,98241492.510000,100248479.290000
2021-09-29,202816.010000,201294.550000,195668.860000,202254.930000,101408002.910000,100647273.840000,97834429.080000,101127466.310000
2021-09-30,202911.980000,201471.990000,196095.350000,202477.670000,101455988.360000,100735993.630000,98047673.050000,101238837.420000
2021-10-01,202140.460000,200930.890000,196795.390000,201940.190000,101070230.100000,100465447.310000,98397694.000000,100970096.030000
2021-10-04,200215.950000,198654.890000,192948.790000,200786.820000,100107975.820000,99327445.610000,96474395.920000,100393410.390000
2021-10-05,201283.700000,199481.040000,192807.960000,200720.610000,100641847.700000,99740518.230000,96403977.670000,100360303.350000
2021-10-06,201084.580000,199609.690000,194416.010000,201354.610000,100542289.960000,99804846.620000,97208007.150000,100677303.790000
2021-10-07,203181.480000,201857.070000,197462.800000,201901.290000,101590737.530000,100928534.360000,98731398.060000,100950646.570000
2021-10-08,203397.210000,202141.500000,198293.380000,201606.680000,101698606.550000,101070751.050000,99146689.310000,100803341.330000
2021-10-11,204168.290000,202564.590000,197185.460000,201769.750000,102084144.680000,101282296.860000,98592729.860000,100884874.300000
2021-10-12,203488.880000,202059.170000,197451.390000,201432.970000,101744438.960000,101029585.440000,98725696.640000,100716486.620000
2021-10-13,204547.600000,203504.740000,200530.810000,202092.630000,102273801.080000,101752371.630000,100265403.860000,101046314.650000
2021-10-14,205780.830000,204688.710000,201372.470000,202696.590000,102890413.420000,102344355.280000,100686232.720000,101348294.030000
2021-10-15,206149.060000,205038.790000,201849.630000,201981.540000,103074529.700000,102519396.050000,100924815.230000,100990770.570000
2021-10-18,206128.910000,205256.960000,202991.160000,201839.080000,103064456.200000,102628478.240000,101495580.370000,100919538.960000
2021-10-19,206856.010000,206272.020000,205427.580000,201480.170000,103428002.620000,103136010.050000,102713791.300000,100740085.660000
2021-10-20,206393.120000,205520.110000,203289.470000,201453.990000,103196562.450000,102760053.330000,101644734.420000,100726993.040000
2021-10-21,206193.690000,205417.720000,203659.100000,201639.700000,103096847.100000,102708861.370000,101829550.660000,100819849.180000
2021-10-22,206678.690000,205857.400000,203874.800000,203083.960000,103339342.880000,102928698.800000,101937400.820000,101541980.210000
2021-10-25,207872.040000,206845.440000,203994.300000,203396.210000,103936019.560000,103422722.030000,101997151.980000,101698103.040000
2021-10-26,208421.710000,207469.520000,205079.270000,203364.520000,104210856.000000,103734759.280000,102539634.020000,101682260.830000
2021-10-27,207922.570000,207032.840000,204756.700000,204248.030000,103961285.090000,103516420.360000,102378347.850000,102124012.770000
2021-10-28,208040.870000,207495.180000,206817.130000,203998.410000,104020435.860000,103747592.040000,103408567.130000,101999205.430000
2021-10-29,207825.920000,206815.550000,203858.500000,203893.180000,103912961.810000,103407773.350000,101929252.120000,101946588.180000
2021-11-01,210566.730000,210088.880000,209652.990000,205345.220000,105283366.880000,105044438.100000,104826495.700000,102672611.600000
2021-11-02,211325.580000,210870.450000,210521.290000,206972.360000,105662788.690000,105435226.020000,105260644.200000,103486181.070000
2021-11-03,210211.510000,209945.320000,210512.950000,205469.940000,105105755.760000,104972657.680000,105256473.990000,102734971.610000
2021-11-04,213418.370000,212955.160000,212130.060000,208352.250000,106709185.800000,106477579.850000,106065031.430000,104176126.020000
2021-11-05,216343.270000,215545.530000,213048.010000,209724.620000,108171633.990000,107772765.070000,106524006.930000,104862311.800000
2021-11-08,216791.240000,216048.640000,213870.420000,208849.180000,108395621.070000,108024320.550000,106935211.120000,104424591.610000
2021-11-09,216321.520000,215659.090000,213489.650000,209140.720000,108160761.690000,107829545.250000,106744823.630000,104570359.720000
2021-11-10,215085.260000,213949.180000,209461.720000,209447.090000,107542630.950000,106974589.530000,104730858.940000,104723544.440000
2021-11-11,216566.110000,215364.950000,210500.930000,210431.100000,108283056.550000,107682474.890000,105250464.410000,105215548.500000
2021-11-12,216652.840000,215541.180000,210648.820000,209528.480000,108326420.060000,107770592.250000,105324410.700000,104764240.110000
2021-11-15,216432.540000,215059.100000,209128.330000,209256.950000,108216270.790000,107529548.680000,104564162.700000,104628475.520000
2021-11-16,216098.870000,214139.540000,205337.230000,207881.910000,108049434.010000,107069770.980000,102668614.790000,103940956.720000
2021-11-17,215042.240000,213174.660000,204602.150000,207073.950000,107521119.660000,106587329.830000,102301072.820000,103536977.020000
2021-11-18,214162.870000,212063.230000,202066.870000,206553.420000,107081435.030000,106031616.200000,101033433.540000,103276712.080000
2021-11-19,212817.180000,210542.990000,199559.760000,206669.060000,106408589.980000,105271495.420000,99779879.150000,103334531.760000
2021-11-22,213010.350000,210547.910000,198815.520000,206655.800000,106505174.060000,105273956.490000,99407762.460000,103327899.720000
2021-11-23,211698.270000,209100.140000,197254.010000,206003.870000,105849132.620000,104550067.740000,98627006.210000,103001936.770000
2021-11-24,213042.800000,210432.020000,198465.280000,206710.440000,106521398.310000,105216010.650000,99232639.230000,103355220.120000
2021-11-25,213785.360000,211084.930000,198646.690000,207121.640000,106892679.260000,105542465.770000,99323346.700000,103560822.270000
2021-11-26,207200.370000,204692.710000,192720.720000,205741.330000,103600186.840000,102346356.540000,96360360.710000,102870663.420000
2021-11-29,208391.470000,205522.540000,191801.860000,205841.910000,104195733.110000,102761271.600000,95900929.150000,102920956.380000
2021-11-30,208407.770000,205803.510000,192987.000000,206557.720000,104203882.510000,102901755.990000,96493499.100000,103278860.940000
2021-12-01,208841.850000,205810.800000,190930.650000,206104.920000,104420924.960000,102905402.040000,95465325.870000,103052462.460000
2021-12-02,206825.830000,203797.060000,189306.480000,205626.590000,103412915.200000,101898529.540000,94653241.570000,102813292.670000
2021-12-03,206481.280000,202869.580000,185550.180000,206455.970000,103240637.990000,101434789.510000,92775088.550000,103227983.630000
2021-12-06,206813.550000,202902.510000,184653.430000,206748.550000,103406773.250000,101451256.630000,92326714.520000,103374273.010000
2021-12-07,212141.690000,208505.840000,191188.000000,208435.110000,106070843.750000,104252922.290000,95593999.420000,104217555.650000
2021-12-08,212287.090000,209101.250000,193881.220000,208085.810000,106143547.110000,104550625.360000,96940608.080000,104042905.330000
2021-12-09,211516.400000,208272.480000,192733.900000,208766.720000,105758200.470000,104136238.830000,96366948.650000,104383357.880000
2021-12-10,210100.530000,206810.040000,191101.050000,208461.570000,105050266.280000,103405021.570000,95550525.230000,104230786.850000
2021-12-13,208293.650000,204959.530000,188980.610000,208376.810000,104146825.730000,102479767.480000,94490306.680000,104188406.240000
2021-12-14,207005.960000,203685.720000,188089.140000,207920.040000,103502981.310000,101842861.600000,94044568.320000,103960017.720000
2021-12-15,206852.550000,203669.930000,188540.640000,207678.850000,103426274.380000,101834965.520000,94270319.310000,103839427.090000
2021-12-16,208223.940000,204797.920000,188753.070000,208603.460000,104111968.920000,102398959.920000,94376533.090000,104301732.100000
2021-12-17,207978.190000,204809.500000,189788.110000,208912.720000,103989094.510000,102404748.370000,94894055.970000,104456361.110000
2021-12-20,205609.900000,202668.650000,188448.540000,207996.960000,102804948.090000,101334325.580000,94224271.250000,103998478.650000
2021-12-21,208601.950000,205731.450000,192102.000000,208964.270000,104300975.460000,102865725.910000,96050998.190000,104482134.680000
2021-12-22,209617.240000,206783.850000,193308.520000,208844.690000,104808618.140000,103391925.410000,96654261.710000,104422344.470000
2021-12-23,210991.750000,208094.200000,194251.070000,208994.110000,105495877.460000,104047099.440000,97125534.000000,104497053.010000
2021-12-24,210718.940000,207903.730000,194463.810000,208935.870000,105359468.730000,103951863.230000,97231903.880000,104467934.870000
2021-12-29,210035.740000,206706.050000,191106.710000,208326.910000,105017871.160000,103353023.020000,95553353.410000,104163456.690000
2021-12-30,210691.640000,207480.100000,192426.340000,208485.950000,105345819.480000,103740050.910000,96213168.590000,104242973.020000
2021-12-31,209924.980000,206812.240000,192139.960000,208679.420000,104962491.780000,103406119.440000,96069981.500000,104339709.700000
2022-01-04,211438.690000,208459.220000,194703.730000,208111.730000,105719344.160000,104229610.310000,97351863.660000,104055866.440000
2022-01-05,210560.460000,206987.470000,190550.200000,207389.450000,105280229.860000,103493734.560000,95275101.180000,103694726.340000
2022-01-06,208441.740000,204570.620000,187091.600000,205618.890000,104220869.770000,102285312.350000,93545799.340000,102809445.490000
2022-01-07,207830.320000,203992.300000,186944.150000,205073.330000,103915160.000000,101996148.080000,93472073.740000,102536662.770000
2022-01-10,206551.380000,202896.990000,186746.950000,204625.960000,103275690.120000,101448496.670000,93373474.330000,102312978.990000
2022-01-11,208988.890000,205354.240000,189274.990000,206053.720000,104494443.440000,102677120.830000,94637495.630000,103026861.590000
2022-01-12,209611.740000,205938.060000,189710.690000,206277.200000,104805871.590000,102969028.160000,94855345.350000,103138602.310000
2022-01-13,209469.520000,205893.620000,189974.810000,205923.720000,104734761.440000,102946808.070000,94987406.250000,102961859.950000
2022-01-14,209682.100000,206267.520000,191155.020000,206622.890000,104841049.450000,103133761.310000,95577507.600000,103311447.480000
2022-01-17,210337.080000,206458.350000,189438.590000,206687.080000,105168541.510000,103229175.460000,94719297.440000,103343540.600000
2022-01-18,208691.270000,204541.710000,186391.280000,206405.140000,104345636.910000,102270854.160000,93195639.030000,103202572.500000
2022-01-19,207360.980000,203194.790000,184998.730000,205932.280000,103680489.600000,101597395.020000,92499362.680000,102966142.420000
2022-01-20,207684.740000,203785.390000,186716.620000,206363.750000,103842370.980000,101892694.670000,93358308.870000,103181874.390000
2022-01-21,204511.680000,200225.360000,181259.240000,205375.100000,102255838.670000,100112680.720000,90629622.110000,102687547.950000
2022-01-24,200137.730000,195739.630000,176105.450000,203281.850000,100068864.790000,97869816.340000,88052725.480000,101640925.390000
2022-01-25,201313.250000,196337.970000,174496.050000,203416.600000,100656624.150000,98168984.750000,87248025.040000,101708301.300000
2022-01-26,203286.710000,198114.040000,175544.910000,204048.900000,101643356.130000,99057017.700000,87772453.550000,102024450.800000
2022-01-27,201722.960000,196139.010000,172198.090000,204353.120000,100861481.600000,98069507.260000,86099044.000000,102176560.900000
2022-01-28,201102.470000,195719.680000,172875.700000,203821.350000,100551236.850000,97859838.100000,86437850.600000,101910672.960000
2022-01-31,203819.260000,198791.080000,177252.920000,204501.900000,101909627.550000,99395539.800000,88626462.500000,102250950.220000
2022-02-01,206264.400000,201669.500000,182008.000000,205087.670000,103132198.680000,100834749.500000,91003998.380000,102543834.270000
2022-02-02,205504.240000,200718.780000,180071.750000,205259.960000,102752122.310000,100359389.020000,90035875.740000,102629977.940000
2022-02-03,203400.620000,198233.540000,175896.140000,203066.000000,101700311.390000,99116772.260000,87948067.720000,101533002.350000
2022-02-04,203850.170000,198874.320000,177537.290000,203078.290000,101925083.010000,99437158.660000,88768645.300000,101539146.310000
2022-02-07,206072.560000,201367.350000,181182.520000,204521.270000,103036278.850000,100683672.940000,90591262.200000,102260635.680000
2022-02-08,205473.430000,200593.170000,179626.850000,204170.890000,102736713.660000,100296584.440000,89813427.410000,102085444.240000
2022-02-09,208570.750000,203810.910000,183355.280000,205796.180000,104285373.310000,101905455.280000,91677641.750000,102898088.420000
2022-02-10,208322.200000,203370.560000,182228.190000,205151.780000,104161097.880000,101685278.510000,91114093.760000,102575891.360000
2022-02-11,205905.050000,200186.330000,175851.600000,203822.480000,102952526.300000,100093166.620000,87925799.830000,101911242.230000
2022-02-14,204696.550000,198750.870000,173277.010000,203605.330000,102348272.900000,99375434.850000,86638506.530000,101802662.890000
2022-02-15,206009.250000,200123.230000,175189.220000,204341.140000,103004623.900000,100061616.880000,87594608.400000,102170568.150000
2022-02-16,206341.770000,200569.300000,176150.600000,204269.310000,103170885.850000,100284650.860000,88075302.360000,102134657.340000
2022-02-17,202786.990000,196849.500000,171352.110000,203789.780000,101393495.420000,98424748.660000,85676056.260000,101894892.250000
2022-02-18,200766.880000,194811.640000,169258.940000,203475.380000,100383441.800000,97405821.610000,84629470.080000,101737689.870000
2022-02-21,199751.980000,193660.020000,167829.190000,203485.290000,99875990.970000,96830010.800000,83914593.220000,101742645.730000
2022-02-22,200254.760000,193675.140000,165702.120000,203117.220000,100127378.490000,96837571.150000,82851061.510000,101558610.180000
2022-02-23,200322.070000,193763.070000,165782.070000,203464.550000,100161035.920000,96881537.330000,82891037.480000,101732273.850000
2022-02-24,199813.820000,193097.490000,164339.080000,204579.380000,99906910.420000,96548742.950000,82169538.900000,102289691.910000
2022-02-25,202932.800000,196266.850000,167885.200000,205330.280000,101466399.530000,98133426.000000,83942600.050000,102665138.520000
2022-02-28,203855.790000,197529.580000,170496.040000,206683.610000,101927897.110000,98764789.600000,85248021.690000,103341803.670000
2022-03-01,204367.070000,198305.900000,172269.190000,209604.450000,102183535.430000,99152948.640000,86134594.720000,104802225.540000
2022-03-02,206377.480000,200113.240000,173645.130000,209401.160000,103188738.480000,100056618.940000,86822565.310000,104700582.480000
2022-03-03,203899.530000,197578.800000,170645.330000,208294.140000,101949766.800000,98789398.150000,85322666.410000,104147067.550000
2022-03-04,201335.380000,194766.510000,166501.220000,209481.600000,100667691.890000,97383257.150000,83250610.110000,104740801.760000
2022-03-07,203831.600000,196944.420000,167664.810000,210530.270000,101915800.650000,98472211.550000,83832406.100000,105265133.500000
2022-03-08,206602.670000,199885.410000,171417.080000,212691.370000,103301336.950000,99942704.450000,85708538.860000,106345683.430000
2022-03-09,208276.440000,202648.560000,178703.180000,211799.040000,104138220.480000,101324282.240000,89351590.100000,105899521.060000
2022-03-10,205808.260000,200207.110000,176333.290000,211245.930000,102904127.990000,100103554.860000,88166645.580000,105622964.260000
2022-03-11,206422.430000,200491.980000,175257.060000,211896.500000,103211217.340000,100245991.210000,87628529.010000,105948251.060000
2022-03-14,203140.940000,197109.180000,171645.740000,210130.710000,101570469.570000,98554589.270000,85822867.730000,105065352.850000
2022-03-15,202678.340000,196386.590000,169865.180000,209240.840000,101339167.990000,98193296.220000,84932590.690000,104620420.560000
2022-03-16,205245.840000,199291.480000,174125.460000,208958.340000,102622920.950000,99645740.590000,87062728.750000,104479171.340000
2022-03-17,208158.130000,202590.360000,179187.370000,210862.160000,104079063.670000,101295181.410000,89593683.960000,105431081.720000
2022-03-18,209861.230000,204734.510000,182992.150000,211469.170000,104930615.740000,102367255.220000,91496072.940000,105734583.060000
2022-03-21,211420.230000,205910.060000,182819.890000,211508.850000,105710117.070000,102955027.580000,91409946.980000,105754427.370000
2022-03-22,212715.800000,207408.970000,185283.790000,210860.140000,106357899.290000,103704484.070000,92641896.180000,105430070.800000
2022-03-23,213184.340000,207642.090000,184580.640000,211884.750000,106592171.180000,103821046.920000,92290321.380000,105942372.820000
2022-03-24,214695.840000,209123.120000,185948.700000,213152.370000,107347920.430000,104561557.930000,92974350.280000,106576185.490000
2022-03-25,216088.510000,210011.430000,185211.160000,211972.340000,108044257.170000,105005714.200000,92605581.920000,105986171.930000
2022-03-28,214743.730000,208724.760000,183903.590000,212834.110000,107371865.890000,104362378.300000,91951796.910000,106417057.470000
2022-03-29,216516.280000,210636.170000,186507.130000,212560.130000,108258139.110000,105318085.750000,93253564.340000,106280065.450000
2022-03-30,217264.130000,211137.070000,186186.880000,213966.060000,108632067.450000,105568532.930000,93093438.240000,106983031.310000
2022-03-31,215382.250000,209241.340000,184162.700000,213518.360000,107691124.740000,104620670.970000,92081351.580000,106759182.040000
2022-04-01,214446.600000,208816.950000,185907.660000,213154.300000,107223298.170000,104408475.890000,92953830.190000,106577149.600000
2022-04-04,216884.030000,211335.320000,188763.890000,213663.520000,108442016.930000,105667660.340000,94381943.220000,106831759.970000
2022-04-05,214993.520000,209553.870000,187541.850000,212693.420000,107496758.090000,104776936.550000,93770925.600000,106346708.100000
2022-04-06,212370.550000,206950.850000,185026.680000,212109.310000,106185273.920000,103475427.170000,92513341.870000,106054654.220000
2022-04-07,211013.110000,205502.190000,183199.330000,211772.150000,105506554.080000,102751093.230000,91599662.750000,105886076.410000
2022-04-08,212131.960000,206199.870000,182426.110000,212789.120000,106065979.650000,103099935.320000,91213057.010000,106394559.120000
2022-04-11,210238.420000,204183.420000,180000.950000,211470.390000,105119209.240000,102091710.600000,90000475.790000,105735196.230000
2022-04-12,210463.950000,204110.900000,178395.600000,211258.290000,105231974.160000,102055449.780000,89197799.490000,105629143.560000
2022-04-13,211926.090000,205719.790000,180583.880000,211809.170000,105963043.480000,102859893.300000,90291938.770000,105904585.460000
2022-04-14,210715.960000,204393.560000,178879.100000,210897.980000,105357981.080000,102196780.730000,89439549.480000,105448987.570000
2022-04-19,212489.280000,205761.550000,178736.720000,211030.600000,106244640.970000,102880775.490000,89368362.040000,105515300.390000
2022-04-20,212210.650000,205646.710000,179252.810000,210764.770000,106105325.330000,102823357.440000,89626407.140000,105382385.610000
2022-04-21,211928.030000,205126.840000,177750.060000,210448.490000,105964012.620000,102563421.730000,88875029.730000,105224245.220000
2022-04-22,209566.900000,202641.150000,174408.550000,210306.320000,104783451.440000,101320574.360000,87204274.390000,105153158.310000
2022-04-25,207384.230000,200845.130000,174059.790000,210848.690000,103692116.120000,100422566.060000,87029894.980000,105424342.730000
2022-04-26,206097.030000,199072.800000,170186.750000,211154.660000,103048514.460000,99536397.940000,85093376.460000,105577331.050000
2022-04-27,206203.050000,198831.270000,168645.690000,211582.640000,103101522.910000,99415635.880000,84322844.720000,105791320.860000
2022-04-28,209267.100000,201400.790000,169200.000000,212697.510000,104633551.090000,100700397.490000,84600001.940000,106348756.820000
2022-04-29,209096.240000,201143.310000,168521.260000,211779.080000,104548118.010000,100571653.450000,84260628.490000,105889539.090000
2022-05-03,209338.480000,201458.290000,169134.730000,211021.340000,104669240.800000,100729147.320000,84567364.250000,105510669.170000
2022-05-04,208790.690000,200932.730000,168971.030000,210369.160000,104395344.070000,100466367.170000,84485517.020000,105184578.400000
2022-05-05,209536.580000,201330.070000,167457.570000,211451.650000,104768287.910000,100665035.120000,83728783.000000,105725826.420000
2022-05-06,209217.780000,200521.800000,164620.500000,210997.110000,104608891.630000,100260902.360000,82310248.020000,105498556.230000
2022-05-09,201350.340000,192380.090000,155203.440000,207743.890000,100675172.490000,96190042.880000,77601720.510000,103871943.050000
2022-05-10,200989.900000,192010.620000,154773.920000,208423.150000,100494952.230000,96005307.650000,77386962.240000,104211576.010000
2022-05-11,202024.660000,192548.490000,153169.670000,208322.860000,101012327.880000,96274247.240000,76584833.490000,104161430.870000
2022-05-12,201160.760000,191613.620000,152039.250000,208846.580000,100580380.420000,95806812.240000,76019627.100000,104423292.200000
2022-05-13,206056.710000,196622.610000,157746.270000,210215.370000,103028354.300000,98311302.890000,78873132.870000,105107684.210000
2022-05-16,205200.200000,195791.660000,157022.480000,210044.730000,102600101.750000,97895830.660000,78511239.550000,105022367.250000
2022-05-17,206096.900000,197190.230000,160569.970000,208236.350000,103048452.020000,98595117.260000,80284987.350000,104118174.450000
2022-05-18,204372.470000,195537.720000,158915.270000,207945.530000,102186235.910000,97768861.410000,79457636.490000,103972765.920000
2022-05-19,203847.200000,195446.000000,160559.730000,207646.120000,101923597.550000,97723000.450000,80279865.810000,103823062.190000
2022-05-20,203101.650000,194861.280000,160699.320000,208178.560000,101550823.490000,97430641.930000,80349661.070000,104089279.780000
2022-05-23,203881.160000,195548.950000,161143.370000,207723.480000,101940582.290000,97774476.580000,80571683.980000,103861739.240000
2022-05-24,202009.930000,193370.200000,157771.040000,208337.430000,101004966.640000,96685101.210000,78885519.780000,104168715.350000
2022-05-25,203003.510000,194121.390000,157806.260000,207752.370000,101501757.460000,97060694.010000,78903131.180000,103876184.420000
2022-05-26,205533.170000,196456.590000,159425.420000,207866.380000,102766586.380000,98228294.350000,79712708.390000,103933190.900000
2022-05-27,208565.090000,199917.120000,164407.240000,208971.830000,104282544.430000,99958557.960000,82203621.770000,104485914.090000
2022-05-30,209963.710000,201457.420000,166339.770000,208650.960000,104981853.530000,100728711.820000,83169884.400000,104325481.860000
2022-05-31,208556.440000,200004.560000,164755.320000,208328.860000,104278218.340000,100002282.130000,82377657.830000,104164427.710000
2022-06-01,208535.420000,199619.880000,162954.810000,208615.430000,104267708.400000,99809942.200000,81477403.190000,104307717.340000
2022-06-06,211033.730000,202054.900000,165203.110000,208646.590000,105516864.040000,101027451.840000,82601557.200000,104323295.600000
2022-06-07,210482.530000,201552.000000,165066.850000,208598.460000,105241265.890000,100776000.120000,82533422.990000,104299230.850000
2022-06-08,211120.100000,202086.950000,165136.780000,208757.790000,105560049.520000,101043476.670000,82568388.770000,104378896.540000
2022-06-09,208614.100000,199623.170000,162722.220000,207306.130000,104307050.640000,99811583.280000,81361107.630000,103653065.710000
2022-06-10,205324.170000,196353.170000,159267.420000,207168.890000,102662085.930000,98176586.650000,79633711.040000,103584445.530000
2022-06-13,202291.660000,192925.830000,154457.570000,205875.780000,101145829.250000,96462915.750000,77228785.270000,102937889.280000
2022-06-14,203755.170000,193816.960000,153353.880000,206449.370000,101877585.860000,96908482.090000,76676940.250000,103224687.300000
2022-06-15,205361.360000,195580.900000,155796.550000,206787.120000,102680678.140000,97790452.000000,77898272.930000,103393560.500000
2022-06-16,198762.340000,189570.240000,151946.130000,202768.470000,99381171.580000,94785121.860000,75973063.700000,101384235.700000
2022-06-17,198955.500000,189830.600000,152371.620000,203488.910000,99477752.430000,94915298.900000,76185809.710000,101744457.160000
2022-06-20,200858.110000,191650.190000,154062.550000,204301.250000,100429054.860000,95825096.250000,77031276.240000,102150626.870000
2022-06-21,203337.070000,194219.300000,157020.860000,205744.270000,101668535.920000,97109652.230000,78510431.720000,102872137.440000
2022-06-22,201221.470000,192022.550000,154582.850000,204393.090000,100610736.730000,96011275.940000,77291423.860000,102196545.770000
2022-06-23,201259.930000,192605.590000,157168.150000,205297.040000,100629962.760000,96302794.700000,78584074.960000,102648520.350000
2022-06-24,204645.600000,195827.420000,160050.490000,206403.720000,102322798.380000,97913709.330000,80025245.840000,103201858.180000
2022-06-27,205049.070000,196374.680000,160984.620000,206473.790000,102524534.840000,98187338.910000,80492312.060000,103236894.840000
2022-06-28,205632.540000,196675.770000,160304.220000,208781.930000,102816269.650000,98337882.810000,80152109.220000,104390966.500000
2022-06-29,204992.590000,195822.880000,158914.770000,210334.910000,102496294.620000,97911438.110000,79457385.720000,105167453.300000
2022-06-30,203096.780000,194217.290000,158236.340000,209855.610000,101548390.870000,97108644.570000,79118171.520000,104927807.200000
2022-07-01,203329.280000,194845.890000,160546.860000,211643.130000,101664639.380000,97422945.240000,80273429.770000,105821564.680000
2022-07-04,204004.000000,195716.440000,162327.990000,212101.520000,102002001.400000,97858218.900000,81163994.290000,106050762.140000
2022-07-05,203418.100000,196429.930000,167505.840000,213482.650000,101709048.030000,98214963.170000,83752918.940000,106741322.640000
2022-07-06,204231.630000,197031.100000,167329.620000,213420.000000,102115816.140000,98515549.550000,83664810.550000,106710000.830000
2022-07-07,207591.550000,200292.900000,170363.610000,213955.040000,103795777.480000,100146452.110000,85181803.490000,106977522.220000
2022-07-08,207822.130000,200474.250000,170292.720000,213648.590000,103911064.610000,100237126.210000,85146362.160000,106824294.560000
2022-07-11,206532.220000,198731.940000,166849.350000,214875.510000,103266108.800000,99365971.900000,83424676.610000,107437753.170000
2022-07-12,206247.730000,198448.790000,166534.160000,214565.620000,103123866.950000,99224393.210000,83267082.050000,107282807.980000
2022-07-13,206136.550000,198841.750000,168635.390000,214785.700000,103068276.910000,99420872.960000,84317692.730000,107392848.630000
2022-07-14,204246.430000,196983.520000,166610.630000,214557.130000,102123212.660000,98491760.890000,83305315.330000,107278565.980000
2022-07-15,207385.750000,199825.380000,168500.050000,215689.150000,103692875.970000,99912691.900000,84250022.740000,107844577.250000
2022-07-18,208713.610000,201351.290000,170734.950000,215418.270000,104356807.350000,100675647.340000,85367474.160000,107709135.790000
2022-07-19,210464.880000,203555.930000,174651.740000,215893.190000,105232438.890000,101777962.530000,87325868.290000,107946592.650000
2022-07-20,213362.180000,207039.870000,180238.740000,217314.470000,106681087.870000,103519934.800000,90119370.540000,108657233.600000
2022-07-21,214441.640000,208330.650000,182281.120000,218060.730000,107220818.470000,104165326.210000,91140559.310000,109030363.350000
2022-07-22,212874.680000,206484.100000,179245.660000,218283.930000,106437339.000000,103242049.940000,89622832.070000,109141963.620000
2022-07-25,211782.270000,205139.920000,177105.460000,217288.620000,105891132.540000,102569957.610000,88552730.890000,108644311.940000
2022-07-26,211046.860000,204616.020000,177312.540000,217964.860000,105523428.550000,102308011.910000,88656270.460000,108982430.010000
2022-07-27,212964.530000,206383.590000,178578.300000,218093.730000,106482262.630000,103191792.580000,89289152.490000,109046865.980000
2022-07-28,213551.100000,207090.800000,179571.620000,218568.600000,106775547.750000,103545401.610000,89785808.010000,109284301.060000
2022-07-29,214992.900000,208569.170000,181435.880000,219008.470000,107496448.830000,104284586.790000,90717938.520000,109504233.710000
2022-08-01,214710.440000,208128.480000,180225.690000,217530.640000,107355220.680000,104064241.000000,90112845.590000,108765317.750000
2022-08-02,215404.630000,208956.290000,181498.180000,218065.170000,107702313.660000,104478147.080000,90749089.750000,109032583.090000
2022-08-03,218305.920000,212293.930000,186599.730000,218985.550000,109152959.150000,106146964.510000,93299864.330000,109492775.800000
2022-08-04,217871.730000,212027.810000,186576.970000,219653.640000,108935867.110000,106013904.580000,93288486.250000,109826818.860000
2022-08-05,218320.250000,212549.090000,187511.590000,219786.770000,109160126.560000,106274544.170000,93755795.990000,109893383.330000
2022-08-08,217830.710000,212482.740000,188955.160000,220503.340000,108915356.980000,106241368.150000,94477579.260000,110251669.430000
2022-08-09,215887.700000,210380.120000,186378.320000,220515.580000,107943850.460000,105190057.790000,93189161.000000,110257790.190000
2022-08-10,216543.640000,211477.020000,189227.910000,219149.050000,108271818.320000,105738510.380000,94613953.450000,109574523.340000
2022-08-11,217887.750000,213233.150000,192400.380000,219524.170000,108943873.940000,106616575.280000,96200188.040000,109762083.360000
2022-08-12,220000.030000,215355.230000,194631.330000,221131.380000,110000015.080000,107677613.090000,97315663.540000,110565691.040000
2022-08-15,220843.770000,216552.720000,197234.340000,222470.840000,110421886.040000,108276360.560000,98617169.400000,111235421.240000
2022-08-16,219838.750000,215054.940000,193928.850000,221512.680000,109919372.970000,107527471.210000,96964425.300000,110756339.120000
2022-08-17,216948.770000,211549.910000,188092.530000,220150.890000,108474382.840000,105774952.740000,94046264.220000,110075446.360000
2022-08-18,218816.510000,213001.110000,187671.030000,221512.290000,109408256.370000,106500554.050000,93835516.620000,110756143.260000
2022-08-19,218195.660000,212194.410000,186022.560000,222654.350000,109097828.430000,106097202.750000,93011280.500000,111327172.900000
2022-08-22,216146.960000,210043.370000,183522.400000,222022.620000,108073478.560000,105021686.140000,91761199.220000,111011312.180000
2022-08-23,216700.820000,210792.220000,185140.350000,222025.100000,108350408.110000,105396110.990000,92570172.600000,111012549.000000
2022-08-24,216918.310000,211326.820000,187013.310000,222138.540000,108459154.490000,105663408.950000,93506653.180000,111069270.990000
2022-08-25,218658.700000,213162.440000,189356.770000,222748.390000,109329347.520000,106581221.000000,94678383.460000,111374195.940000
2022-08-26,215638.830000,209726.750000,184071.080000,221766.330000,107819415.650000,104863376.080000,92035540.330000,110883162.600000
2022-08-30,215039.230000,209943.480000,187695.950000,223364.110000,107519616.570000,104971738.790000,93847975.890000,111682056.390000
2022-08-31,214450.210000,209809.210000,189191.110000,223426.170000,107225104.500000,104904606.480000,94595553.200000,111713086.060000
2022-09-01,210705.710000,205822.790000,184279.540000,222088.270000,105352854.290000,102911393.840000,92139769.390000,111044135.350000
2022-09-02,213740.900000,208347.600000,184551.080000,223033.750000,106870449.990000,104173800.120000,92275539.970000,111516875.490000
2022-09-05,213486.620000,208017.560000,183998.710000,223572.130000,106743309.700000,104008780.100000,91999356.400000,111786067.130000
2022-09-06,212559.220000,207156.250000,183354.000000,222166.510000,106279611.360000,103578125.680000,91676999.640000,111083254.660000
2022-09-07,212728.200000,207651.290000,185038.190000,223235.430000,106364100.120000,103825642.770000,92519094.950000,111617715.150000
2022-09-08,214153.730000,209114.700000,186691.540000,223646.680000,107076865.820000,104557348.370000,93345768.870000,111823341.610000
2022-09-09,215635.770000,210562.160000,188040.090000,223356.940000,107817887.000000,105281082.020000,94020046.100000,111678468.320000
2022-09-12,216202.640000,210976.790000,188104.150000,222422.760000,108101319.950000,105488394.300000,94052077.340000,111211382.060000
2022-09-13,213152.670000,207955.900000,184872.360000,221963.160000,106576334.940000,103977951.550000,92436181.990000,110981580.970000
2022-09-14,212512.510000,207274.100000,184153.730000,221710.420000,106256256.040000,103637051.680000,92076863.460000,110855207.690000
2022-09-15,211932.180000,206787.350000,184170.610000,220962.780000,105966092.110000,103393673.260000,92085305.410000,110481389.430000
2022-09-16,211340.410000,205881.230000,181901.360000,221532.730000,105670204.620000,102940615.160000,90950679.670000,110766364.880000
2022-09-20,211124.000000,205438.210000,180500.560000,220652.810000,105561997.910000,102719105.960000,90250282.100000,110326406.800000
2022-09-21,212289.200000,206338.400000,180038.340000,221670.570000,106144599.200000,103169202.010000,90019168.550000,110835282.540000
2022-09-22,209905.690000,203901.650000,177511.560000,221364.700000,104952846.900000,101950826.030000,88755780.840000,110682350.040000
2022-09-23,209025.810000,202528.410000,173886.000000,223074.740000,104512905.470000,101264207.220000,86943000.940000,111537369.780000
2022-09-26,212067.400000,205323.540000,175738.060000,226450.240000,106033699.700000,102661767.580000,87869031.970000,113225121.810000
2022-09-27,212018.340000,205467.880000,176594.690000,226021.860000,106009170.310000,102733940.600000,88297343.950000,113010931.620000
2022-09-28,213346.940000,207030.220000,179212.100000,227872.670000,106673471.570000,103515108.560000,89606050.950000,113936334.830000
2022-09-29,208669.380000,202327.720000,174810.770000,223554.050000,104334691.420000,101163860.270000,87405385.620000,111777026.150000
2022-09-30,207034.490000,200620.400000,172632.510000,221043.200000,103517243.420000,100310200.090000,86316253.080000,110521599.930000
2022-10-03,206801.020000,200286.940000,172066.390000,220351.520000,103400509.270000,100143472.040000,86033193.500000,110175757.970000
2022-10-04,210444.850000,204233.810000,177336.880000,220938.850000,105222426.310000,102116903.230000,88668440.140000,110469427.020000
2022-10-05,210077.780000,203530.630000,175150.940000,220899.070000,105038890.200000,101765316.980000,87575471.350000,110449537.020000
2022-10-06,211571.920000,204867.150000,175481.980000,221817.620000,105785959.030000,102433574.330000,87740989.030000,110908810.600000
2022-10-07,209951.010000,203119.560000,173588.340000,222298.910000,104975503.200000,101559779.030000,86794170.160000,111149455.160000
2022-10-10,207506.590000,200742.220000,171668.350000,221139.210000,103753293.780000,100371110.550000,85834175.600000,110569604.930000
2022-10-11,205126.400000,198313.560000,169188.030000,220120.820000,102563200.510000,99156779.760000,84594015.570000,110060409.800000
2022-10-12,204603.050000,197788.330000,168613.450000,219829.120000,102301524.140000,98894166.030000,84306726.570000,109914559.890000
2022-10-13,203774.160000,197007.580000,168405.910000,216859.820000,101887081.590000,98503790.060000,84202953.260000,108429908.470000
2022-10-14,201824.990000,194985.240000,165820.620000,216020.390000,100912495.060000,97492619.760000,82910312.370000,108010192.710000
2022-10-17,202436.260000,195852.810000,168125.550000,215399.830000,101218131.120000,97926406.170000,84062774.310000,107699913.880000
2022-10-18,202744.580000,196285.610000,169092.220000,215638.160000,101372287.510000,98142803.410000,84546111.190000,107819081.180000
2022-10-19,203348.190000,196507.770000,167644.730000,215899.270000,101674095.530000,98253886.650000,83822364.400000,107949636.350000
2022-10-20,204970.000000,197811.880000,167554.460000,216082.880000,102485000.850000,98905938.630000,83777227.860000,108041441.510000
2022-10-21,205769.210000,198658.840000,168782.170000,216575.080000,102884607.280000,99329419.600000,84391085.640000,108287538.120000
2022-10-24,205912.810000,198704.860000,168405.910000,216374.290000,102956404.700000,99352430.110000,84202957.320000,108187143.790000
2022-10-25,206059.130000,199268.410000,170586.140000,215441.190000,103029566.120000,99634206.510000,85293067.570000,107720597.240000
2022-10-26,205485.600000,198855.160000,170906.600000,214722.310000,102742802.020000,99427580.530000,85453299.660000,107361157.310000
2022-10-27,205391.800000,198783.030000,171060.840000,215241.400000,102695899.390000,99391515.190000,85530418.210000,107620701.280000
2022-10-28,205892.330000,199242.920000,171616.290000,214859.220000,102946164.580000,99621461.600000,85808143.680000,107429609.650000
2022-10-31,206375.190000,199418.190000,170505.830000,215479.930000,103187595.750000,99709092.690000,85252913.020000,107739965.420000
2022-11-01,208712.830000,201722.080000,172762.930000,217108.710000,104356416.390000,100861038.350000,86381464.100000,108554356.700000
2022-11-02,207973.130000,200868.370000,171438.700000,217266.580000,103986564.820000,100434184.260000,85719351.040000,108633291.080000
2022-11-03,208130.660000,200783.070000,170323.910000,219391.210000,104065328.100000,100391534.750000,85161953.410000,109695604.400000
2022-11-04,211625.450000,204151.000000,173346.610000,221943.640000,105812726.380000,102075499.910000,86673303.350000,110971817.880000
2022-11-07,209354.320000,202062.520000,171792.230000,219977.690000,104677159.810000,101031260.800000,85896114.370000,109988844.990000
2022-11-08,210077.830000,202731.360000,171957.340000,219437.520000,105038916.260000,101365681.990000,85978670.050000,109718761.630000
2022-11-09,208828.070000,201189.080000,169089.310000,220025.700000,104414033.320000,100594538.100000,84544654.560000,110012848.190000
2022-11-10,211849.550000,204537.350000,173943.390000,220791.550000,105924776.330000,102268677.260000,86971695.010000,110395776.950000
2022-11-11,212835.810000,205557.590000,174953.430000,218696.120000,106417906.390000,102778793.410000,87476713.800000,109348060.880000
2022-11-14,214856.070000,207928.330000,178479.250000,220865.340000,107428036.970000,103964164.170000,89239624.670000,110432668.870000
2022-11-15,214931.680000,207928.190000,178251.710000,219777.070000,107465838.150000,103964094.070000,89125855.690000,109888532.930000
2022-11-16,211516.540000,204450.310000,174460.540000,219220.020000,105758268.660000,102225156.000000,87230268.700000,109610008.750000
2022-11-17,211089.810000,204106.480000,174285.120000,219593.760000,105544904.120000,102053237.560000,87142560.850000,109796881.560000
2022-11-18,210147.070000,203494.290000,175048.320000,218495.230000,105073533.480000,101747142.980000,87524157.580000,109247615.020000
2022-11-21,209472.550000,202967.020000,174996.390000,219098.370000,104736273.120000,101483508.250000,87498195.930000,109549183.750000
2022-11-22,211330.240000,204745.190000,176686.080000,219884.730000,105665122.000000,102372597.280000,88343039.400000,109942363.170000
2022-11-23,210825.820000,204372.080000,176829.070000,217897.780000,105412910.960000,102186041.630000,88414535.700000,108948891.440000
2022-11-24,211172.980000,204747.580000,177282.770000,218278.040000,105586491.780000,102373791.060000,88641384.950000,109139019.390000
2022-11-25,209927.540000,203417.860000,175650.400000,217796.330000,104963768.730000,101708931.540000,87825199.890000,108898165.020000
2022-11-28,208539.900000,201783.570000,173017.680000,217731.170000,104269947.860000,100891783.530000,86508840.710000,108865586.110000
2022-11-29,209101.490000,202054.470000,172357.110000,218989.410000,104550744.960000,101027233.140000,86178553.620000,109494704.560000
2022-11-30,211358.670000,204482.640000,175630.180000,220114.670000,105679334.690000,102241320.050000,87815092.120000,110057336.820000
2022-12-01,210998.150000,204220.770000,175544.010000,218732.730000,105499076.940000,102110385.490000,87772002.710000,109366364.970000
2022-12-02,209267.450000,202469.860000,173731.260000,217427.860000,104633723.340000,101234928.930000,86865631.620000,108713928.660000
2022-12-05,208816.730000,201916.230000,172566.870000,217664.360000,104408363.780000,100958115.230000,86283437.260000,108832178.540000
2022-12-06,206419.450000,199155.970000,168514.290000,216304.920000,103209723.470000,99577986.560000,84257143.270000,108152458.710000
2022-12-07,205885.830000,198885.530000,169197.560000,217060.730000,102942916.630000,99442765.830000,84598779.010000,108530363.310000
2022-12-08,206234.610000,199186.820000,169202.150000,216727.040000,103117305.270000,99593407.670000,84601076.760000,108363519.510000
2022-12-09,206883.100000,199953.780000,170437.730000,216697.120000,103441548.720000,99976887.840000,85218863.980000,108348560.430000
2022-12-12,206386.130000,199501.210000,170401.390000,216140.090000,103193065.960000,99750607.370000,85200697.450000,108070044.820000
2022-12-13,208263.320000,201070.280000,170566.310000,216525.360000,104131659.540000,100535141.250000,85283157.360000,108262680.330000
2022-12-14,207135.830000,199914.080000,169309.530000,215934.040000,103567917.020000,99957039.110000,84654767.310000,107967019.510000
2022-12-15,204552.600000,197699.750000,168483.920000,215831.670000,102276299.510000,98849873.830000,84241959.650000,107915832.760000
2022-12-16,204049.780000,197157.110000,167705.480000,215888.070000,102024891.540000,98578557.080000,83852742.290000,107944034.450000
2022-12-19,203302.360000,196348.660000,166653.730000,215469.890000,101651179.610000,98174332.120000,83326866.980000,107734942.560000
2022-12-20,203423.890000,196180.670000,165354.670000,215849.360000,101711945.710000,98090333.500000,82677336.570000,107924679.880000
2022-12-21,206215.460000,198702.780000,166902.550000,217442.280000,103107730.190000,99351389.130000,83451273.410000,108721140.890000
2022-12-22,205860.310000,199194.330000,170879.800000,218706.320000,102930156.750000,99597162.810000,85439897.740000,109353162.060000
2022-12-23,205916.000000,199072.290000,170123.110000,218293.130000,102958000.110000,99536143.250000,85061553.430000,109146563.220000
2022-12-28,204774.520000,197858.450000,168691.030000,218102.800000,102387257.740000,98929222.550000,84345514.770000,109051402.070000
2022-12-29,206797.360000,200096.100000,171785.530000,219010.420000,103398679.610000,100048051.140000,85892762.930000,109505211.600000
2022-12-30,207098.910000,200979.350000,174889.730000,219526.730000,103549452.660000,100489676.830000,87444865.700000,109763365.570000
2023-01-03,208776.920000,202174.160000,174343.560000,221260.060000,104388461.380000,101087081.040000,87171782.290000,110630030.090000
2023-01-04,210150.780000,203645.270000,176136.070000,222229.640000,105075391.360000,101822635.960000,88068036.400000,111114821.160000
2023-01-05,210949.020000,204595.030000,177639.820000,223650.170000,105474510.660000,102297516.230000,88819908.420000,111825087.310000
2023-01-06,213022.270000,207077.350000,181847.800000,225181.780000,106511136.940000,103538676.620000,90923898.830000,112590890.750000
2023-01-09,214103.870000,208061.340000,182095.290000,224385.680000,107051935.790000,104030668.220000,91047647.430000,112192837.780000
2023-01-10,214004.680000,208667.950000,185516.840000,224535.540000,107002339.610000,104333973.640000,92758421.770000,112267768.230000
2023-01-11,216459.310000,211187.490000,188361.780000,225671.910000,108229654.970000,105593744.290000,94180888.460000,112835956.450000
2023-01-12,218477.700000,213207.120000,190214.260000,226855.990000,109238849.070000,106603557.910000,95107132.440000,113427993.080000
2023-01-13,219837.320000,214705.800000,192316.560000,227911.200000,109918660.680000,107352897.840000,96158280.990000,113955597.730000
2023-01-16,220081.970000,215121.490000,193330.550000,227965.630000,110040984.740000,107560743.160000,96665272.700000,113982814.980000
2023-01-17,219860.370000,214781.490000,192590.200000,227461.100000,109930183.150000,107390745.960000,96295098.940000,113730549.220000
2023-01-18,218181.590000,212781.730000,189271.390000,226300.510000,109090795.620000,106390864.210000,94635693.180000,113150252.820000
2023-01-19,215295.120000,209761.070000,185576.500000,225343.140000,107647560.910000,104880533.210000,92788250.660000,112671568.780000
2023-01-20,216195.960000,210500.690000,185715.080000,224803.350000,108097980.840000,105250342.790000,92857539.930000,112401676.320000
2023-01-23,219320.660000,213401.820000,187461.190000,225095.130000,109660329.990000,106700910.050000,93730595.730000,112547566.940000
2023-01-24,219914.420000,214162.870000,188587.610000,226150.270000,109957210.620000,107081435.020000,94293805.790000,113075135.550000
2023-01-25,219452.440000,213766.260000,188717.190000,226132.680000,109726219.110000,106883127.880000,94358594.880000,113066339.000000
2023-01-26,219916.190000,214114.770000,188503.650000,225698.630000,109958094.510000,107057383.440000,94251827.350000,112849316.950000
2023-01-27,220562.060000,214976.810000,190202.680000,225620.380000,110281027.920000,107488405.270000,95101338.850000,112810191.880000
2023-01-30,219494.420000,213871.740000,188959.450000,225311.670000,109747211.420000,106935869.490000,94479726.750000,112655834.230000
2023-01-31,220288.880000,214676.700000,189813.520000,225621.570000,110144441.290000,107338350.490000,94906760.230000,112810782.830000
2023-02-01,222452.210000,217047.900000,192834.420000,226137.990000,111226103.670000,108523948.570000,96417210.180000,113068996.970000
2023-02-02,226031.810000,220506.720000,195599.230000,227163.500000,113015903.670000,110253358.660000,97799617.480000,113581750.270000
2023-02-03,227039.240000,221342.430000,195738.140000,227913.260000,113519619.080000,110671216.820000,97869069.760000,113956631.340000
2023-02-06,226102.070000,220278.160000,194283.320000,228192.410000,113051032.790000,110139079.040000,97141662.250000,114096206.740000
2023-02-07,227968.660000,222621.230000,198769.010000,229824.660000,113984332.390000,111310614.010000,99384505.110000,114912331.250000
2023-02-08,228007.840000,222897.040000,200040.580000,229744.870000,114003918.540000,111448521.830000,100020287.560000,114872435.420000
2023-02-09,227286.770000,221782.210000,197403.420000,229471.670000,113643384.260000,110891104.850000,98701708.760000,114735836.990000
2023-02-10,225156.410000,219589.400000,195223.440000,229180.590000,112578205.700000,109794701.800000,97611717.770000,114590295.030000
2023-02-13,225956.760000,220079.820000,194595.520000,228614.160000,112978381.840000,110039908.440000,97297758.060000,114307077.760000
2023-02-14,227528.950000,221308.980000,194748.040000,227598.000000,113764475.270000,110654490.660000,97374019.810000,113798998.970000
2023-02-15,230191.140000,223625.170000,195795.050000,228605.080000,115095572.180000,111812586.140000,97897524.180000,114302542.390000
2023-02-16,230708.980000,224088.180000,195990.180000,229485.650000,115354492.190000,112044087.850000,97995092.380000,114742824.250000
2023-02-17,228579.580000,222240.610000,195320.720000,229299.590000,114289788.450000,111120306.630000,97660359.910000,114649794.870000
2023-02-20,228576.270000,222345.880000,195863.040000,229654.450000,114288134.790000,111172942.120000,97931521.770000,114827226.180000
2023-02-21,225408.950000,219184.920000,192757.480000,227775.940000,112704472.550000,109592461.620000,96378739.120000,113887971.490000
2023-02-22,223499.180000,217152.260000,190089.190000,226660.790000,111749590.670000,108576130.020000,95044596.950000,113330397.200000
2023-02-23,226712.410000,220090.840000,192180.310000,227431.460000,113356203.010000,110045419.360000,96090154.400000,113715731.950000
2023-02-24,227195.050000,220387.390000,191811.970000,227761.730000,113597524.220000,110193694.330000,95905983.490000,113880864.720000
2023-02-27,228343.430000,221402.430000,192439.890000,228209.710000,114171714.210000,110701214.840000,96219944.240000,114104853.850000
2023-02-28,226954.200000,220123.620000,191585.880000,226780.000000,113477101.530000,110061808.320000,95792939.660000,113390002.380000
2023-03-01,228436.640000,221500.340000,192413.250000,228566.460000,114218320.610000,110750170.680000,96206625.750000,114283229.640000
2023-03-02,229226.360000,222062.940000,192213.110000,229142.330000,114613178.440000,111031467.520000,96106556.010000,114571164.440000
2023-03-03,231178.900000,224035.060000,194316.440000,229673.080000,115589451.060000,112017527.850000,97158218.640000,114836539.330000
2023-03-06,231961.830000,224547.080000,193737.910000,229819.130000,115980912.740000,112273538.500000,96868954.580000,114909562.680000
2023-03-07,231497.990000,224237.530000,194072.000000,230398.160000,115748992.820000,112118764.260000,97036000.580000,115199078.980000
2023-03-08,233352.600000,226119.070000,196025.020000,231553.030000,116676302.450000,113059533.710000,98012512.250000,115776514.880000
2023-03-09,232214.120000,224918.420000,194409.570000,230479.900000,116107057.560000,112459208.160000,97204785.730000,115239948.670000
2023-03-10,227136.000000,219832.250000,189124.880000,227718.490000,113567998.500000,109916122.790000,94562437.860000,113859242.790000
2023-03-13,223772.400000,216586.220000,186290.210000,226147.800000,111886197.750000,108293107.900000,93145103.900000,113073901.090000
2023-03-14,225909.320000,218346.800000,186489.530000,226206.360000,112954659.620000,109173400.740000,93244763.050000,113103179.950000
2023-03-15,221774.040000,214538.960000,183419.020000,225414.520000,110887020.820000,107269480.680000,91709511.340000,112707261.370000
2023-03-16,223737.400000,216328.230000,184615.210000,225201.770000,111868701.850000,108164115.660000,92307606.330000,112600886.560000
2023-03-17,222767.370000,215403.620000,183463.560000,224956.590000,111383687.160000,107701807.630000,91731780.700000,112478295.040000
2023-03-20,221956.040000,214040.810000,180108.180000,223907.990000,110978017.770000,107020403.570000,90054091.290000,111953993.200000
2023-03-21,224614.550000,216600.530000,182562.640000,224497.360000,112307276.330000,108300265.650000,91281319.640000,112248679.630000
2023-03-22,224904.800000,216668.180000,181725.980000,224445.480000,112452401.160000,108334089.690000,90862992.120000,112222739.840000
2023-03-23,224949.600000,216659.580000,181259.590000,225002.510000,112474800.920000,108329790.180000,90629795.690000,112501252.690000
2023-03-24,222455.150000,214340.270000,179627.030000,225018.730000,111227575.750000,107170133.230000,89813514.340000,112509366.860000
2023-03-27,222982.360000,214960.800000,180892.860000,224856.130000,111491179.650000,107480400.900000,90446432.010000,112428067.020000
2023-03-28,221646.680000,213395.380000,178591.530000,223430.990000,110823339.310000,106697690.370000,89295765.360000,111715496.300000
2023-03-29,223805.630000,215024.390000,178118.810000,224043.010000,111902815.570000,107512194.290000,89059404.760000,112021505.250000
2023-03-30,225161.710000,216246.110000,178683.890000,224239.240000,112580853.400000,108123052.600000,89341946.340000,112119621.200000
2023-03-31,225525.000000,216798.050000,180041.770000,224690.410000,112762501.410000,108399023.010000,90020883.970000,112345207.030000
2023-04-03,227636.760000,218949.890000,182633.230000,226527.360000,113818381.940000,109474945.630000,91316612.730000,113263681.510000
2023-04-04,225602.130000,216911.560000,180445.820000,225469.910000,112801065.160000,108455781.250000,90222909.440000,112734956.540000
2023-04-05,223596.220000,214814.210000,178204.790000,225775.700000,111798110.100000,107407104.760000,89102394.700000,112887851.290000
2023-04-06,225465.800000,216663.020000,180105.960000,226900.160000,112732900.490000,108331511.960000,90052981.600000,113450081.500000
2023-04-11,227030.060000,218241.130000,181782.140000,227058.760000,113515028.920000,109120566.720000,90891070.720000,113529381.730000
2023-04-12,226609.660000,217899.000000,181898.420000,227807.660000,113304829.020000,108949502.200000,90949209.970000,113903831.880000
2023-04-13,227670.630000,219262.390000,184533.180000,228957.540000,113835317.330000,109631195.760000,92266591.510000,114478771.680000
2023-04-14,228176.900000,219450.480000,183604.350000,228124.460000,114088451.920000,109725238.580000,91802177.170000,114062228.240000
2023-04-17,228575.400000,219956.080000,184604.360000,228541.520000,114287701.270000,109978041.660000,92302181.380000,114270760.990000
2023-04-18,229278.180000,220399.020000,184114.690000,229129.980000,114639091.880000,110199510.250000,92057343.760000,114564989.380000
2023-04-19,227434.960000,218813.370000,183549.170000,227645.520000,113717482.000000,109406682.960000,91774586.740000,113822760.160000
2023-04-20,226603.160000,217568.570000,180532.570000,227347.400000,113301577.790000,108784284.150000,90266284.500000,113673701.380000
2023-04-21,226149.620000,217118.000000,180244.430000,226821.330000,113074812.400000,108559000.990000,90122214.920000,113410665.840000
2023-04-24,225409.940000,216416.580000,179803.760000,226871.930000,112704969.730000,108208288.880000,89901877.960000,113435966.430000
2023-04-25,223772.660000,214821.160000,178261.440000,226879.180000,111886329.930000,107410581.400000,89130721.580000,113439590.670000
2023-04-26,222898.590000,213586.570000,175589.170000,225153.620000,111449295.660000,106793284.150000,87794584.210000,112576811.900000
2023-04-27,221882.720000,212601.580000,174823.300000,224084.770000,110941360.490000,106300790.030000,87411648.430000,112042386.820000
2023-04-28,222531.480000,213140.840000,174944.270000,224104.550000,111265741.240000,106570417.680000,87472136.190000,112052274.540000
2023-05-02,222512.010000,213051.810000,174273.420000,225015.400000,111256005.860000,106525906.200000,87136708.450000,112507697.580000
2023-05-03,221776.470000,212669.830000,175244.510000,224796.040000,110888234.020000,106334913.440000,87622256.630000,112398019.630000
2023-05-04,220410.050000,211282.560000,173642.840000,224427.840000,110205026.270000,105641281.570000,86821418.770000,112213917.790000
2023-05-05,221592.400000,212514.670000,175336.470000,223505.500000,110796201.690000,106257336.690000,87668236.270000,111752749.950000
2023-05-09,224872.640000,215933.930000,179660.060000,224487.780000,112436317.910000,107966962.680000,89830028.020000,112243889.520000
2023-05-10,226605.010000,217738.840000,181792.680000,224685.810000,113302506.990000,108869418.610000,90896340.670000,112342902.510000
2023-05-11,225476.680000,216395.210000,179519.300000,225215.230000,112738340.700000,108197603.670000,89759650.540000,112607615.850000
2023-05-12,228221.970000,220610.580000,189258.010000,229314.550000,114110983.200000,110305289.180000,94629005.670000,114657275.030000
2023-05-15,228978.600000,221458.540000,190471.970000,229292.130000,114489300.330000,110729270.230000,95235984.560000,114646064.220000
2023-05-16,227889.170000,219380.120000,184540.390000,227066.200000,113944585.380000,109690059.240000,92270193.720000,113533099.220000
2023-05-17,229811.780000,221253.550000,186461.760000,227134.660000,114905888.330000,110626774.970000,93230880.250000,113567331.320000
2023-05-18,234944.670000,226654.000000,193033.380000,229212.180000,117472335.500000,113326999.530000,96516688.680000,114606088.000000
2023-05-19,235871.680000,228132.080000,196665.150000,230676.500000,117935841.980000,114066040.170000,98332575.150000,115338251.980000
2023-05-22,236742.380000,229230.570000,198606.950000,231040.620000,118371190.850000,114615283.130000,99303475.710000,115520308.820000
2023-05-23,237224.740000,229718.710000,199217.960000,231120.610000,118612370.020000,114859352.770000,99608977.590000,115560306.980000
2023-05-24,234105.840000,226400.790000,194979.100000,229887.470000,117052918.860000,113200394.140000,97489552.460000,114943736.900000
2023-05-25,236998.210000,228710.060000,194593.480000,229055.490000,118499106.070000,114355029.960000,97296737.840000,114527745.800000
2023-05-26,240655.570000,232090.640000,196847.340000,229875.960000,120327784.060000,116045320.610000,98423672.180000,114937981.570000
2023-05-30,241871.420000,233536.170000,198863.750000,229390.840000,120935712.380000,116768085.350000,99431873.330000,114695421.930000
2023-05-31,239390.970000,231384.180000,198189.040000,229783.750000,119695486.400000,115692087.910000,99094520.470000,114891876.510000
2023-06-01,239927.890000,232373.500000,201077.940000,229147.750000,119963946.970000,116186750.220000,100538969.590000,114573873.340000
2023-06-02,241454.160000,233901.870000,202736.090000,230135.850000,120727077.690000,116950934.080000,101368046.950000,115067923.950000
2023-06-05,242536.910000,234993.030000,204101.970000,230948.020000,121268452.880000,117496513.250000,102050982.520000,115474007.960000
2023-06-06,243581.300000,236408.950000,207014.830000,231636.870000,121790648.410000,118204474.650000,103507416.190000,115818432.750000
2023-06-07,242698.980000,235346.140000,205228.110000,230485.540000,121349490.620000,117673069.880000,102614054.930000,115242769.880000
2023-06-08,241915.130000,234511.190000,204327.750000,229832.670000,120957567.240000,117255593.800000,102163875.940000,114916333.470000
2023-06-09,240994.480000,233555.980000,203112.620000,229001.490000,120497241.410000,116777988.800000,101556309.140000,114500742.860000
2023-06-12,242662.920000,235178.550000,204358.620000,229500.260000,121331458.040000,117589273.400000,102179309.260000,114750131.560000
2023-06-13,244357.370000,236984.240000,206726.170000,229100.490000,122178683.510000,118492122.320000,103363085.030000,114550246.040000
2023-06-14,243510.500000,236063.050000,205388.750000,228064.800000,121755248.840000,118031526.740000,102694373.140000,114032401.030000
2023-06-15,243901.710000,236394.120000,205777.350000,228071.660000,121950852.760000,118197060.080000,102888674.430000,114035831.240000
2023-06-16,243040.440000,235563.270000,205088.470000,228118.500000,121520221.540000,117781633.460000,102544235.640000,114059252.200000
2023-06-19,242482.710000,235006.010000,204620.680000,227208.000000,121241353.170000,117503004.250000,102310338.830000,113604000.590000
2023-06-20,242051.070000,234803.030000,205294.270000,227817.350000,121025532.660000,117401516.000000,102647137.240000,113908672.950000
2023-06-21,240844.340000,233744.930000,204847.390000,228043.130000,120422171.140000,116872463.100000,102423694.680000,114021564.220000
2023-06-22,238743.000000,231571.740000,202244.270000,226839.320000,119371498.840000,115785871.770000,101122136.570000,113419659.340000
2023-06-23,237824.060000,230624.450000,201113.790000,226811.230000,118912029.990000,115312223.150000,100556897.250000,113405612.780000
2023-06-26,237728.350000,229950.250000,197989.410000,226007.740000,118864172.610000,114975124.030000,98994704.740000,113003867.810000
2023-06-27,237507.280000,229431.300000,196407.340000,224779.130000,118753639.250000,114715647.540000,98203668.350000,112389566.310000
2023-06-28,240184.250000,232116.520000,198993.410000,226303.350000,120092125.160000,116058261.450000,99496702.980000,113151677.130000
2023-06-29,239824.500000,231545.130000,197595.520000,226405.080000,119912251.160000,115772563.160000,98797757.570000,113202538.950000
2023-06-30,241007.180000,232875.350000,199730.800000,226548.570000,120503589.740000,116437677.070000,99865398.970000,113274283.050000
2023-07-03,241961.850000,234015.680000,201206.470000,225892.860000,120980925.980000,117007839.840000,100603235.950000,112946428.740000
2023-07-04,241755.840000,233817.490000,201117.810000,225795.730000,120877919.260000,116908747.420000,100558906.270000,112897865.410000
2023-07-05,240524.950000,232610.880000,200121.340000,225134.220000,120262475.720000,116305441.530000,100060667.590000,112567108.170000
2023-07-06,236357.930000,228567.650000,196521.310000,222090.510000,118178963.410000,114283826.230000,98260655.310000,111045255.550000
2023-07-07,236896.760000,229165.220000,197364.940000,221225.270000,118448380.070000,114582609.630000,98682470.450000,110612637.250000
2023-07-10,237760.340000,230104.650000,198696.290000,221251.740000,118880172.270000,115052323.290000,99348145.690000,110625869.160000
2023-07-11,237344.740000,229883.090000,199310.230000,221190.020000,118672368.820000,114941546.160000,99655113.030000,110595011.630000
2023-07-12,239331.710000,231703.570000,200440.660000,222124.190000,119665856.070000,115851785.880000,100220327.740000,111062096.390000
2023-07-13,240055.310000,232956.980000,203814.930000,222766.990000,120027654.430000,116478489.100000,101907464.190000,111383497.460000
2023-07-14,239605.640000,232460.500000,202775.110000,222272.870000,119802822.460000,116230250.180000,101387553.550000,111136436.110000
2023-07-17,241072.870000,234489.790000,207248.840000,222632.800000,120536436.890000,117244894.490000,103624419.330000,111316402.100000
2023-07-18,242958.610000,236383.060000,209261.000000,224090.710000,121479305.870000,118191530.000000,104630500.890000,112045352.650000
2023-07-19,246102.490000,239052.930000,209934.680000,226465.240000,123051246.260000,119526466.460000,104967337.910000,113232618.050000
2023-07-20,244886.190000,237611.920000,207901.510000,227116.830000,122443096.310000,118805958.970000,103950754.990000,113558413.220000
2023-07-21,245423.580000,238486.530000,210196.670000,228100.000000,122711787.750000,119243264.950000,105098332.550000,114050000.690000
2023-07-24,246109.530000,239087.960000,210576.910000,228606.180000,123054767.370000,119543981.020000,105288452.700000,114303088.610000
2023-07-25,246156.390000,239000.850000,209814.000000,228097.850000,123078196.830000,119500423.050000,104907001.280000,114048925.960000
2023-07-26,246663.230000,239376.210000,210224.670000,228366.290000,123331613.290000,119688103.090000,105112337.310000,114183142.570000
2023-07-27,248173.450000,240620.610000,210143.450000,228269.220000,124086723.870000,120310304.460000,105071725.120000,114134611.060000
2023-07-28,251113.440000,243494.690000,213145.030000,229956.110000,125556718.890000,121747347.420000,106572514.330000,114978057.340000
2023-07-31,252434.480000,245009.690000,215674.160000,230898.780000,126217239.090000,122504844.620000,107837081.340000,115449390.630000
2023-08-01,252738.470000,245010.740000,214502.050000,230564.570000,126369235.420000,122505369.620000,107251022.540000,115282287.250000
2023-08-02,249035.080000,241265.370000,210534.180000,228607.000000,124517539.100000,120632687.000000,105267089.830000,114303501.500000
2023-08-03,249353.970000,241378.900000,210062.500000,228001.530000,124676983.550000,120689450.920000,105031250.050000,114000767.200000
2023-08-04,250265.540000,242182.680000,210535.310000,228341.810000,125132770.380000,121091340.680000,105267653.040000,114170904.020000
2023-08-07,248964.090000,240108.140000,205547.210000,227846.750000,124482044.480000,120054072.470000,102773606.050000,113923374.160000
2023-08-08,247214.990000,238404.530000,204023.800000,228033.420000,123607494.800000,119202264.330000,102011900.960000,114016708.660000
2023-08-09,246395.120000,237586.730000,203167.370000,228119.780000,123197558.500000,118793363.290000,101583685.990000,114059892.200000
2023-08-10,247169.160000,238284.720000,203566.590000,228201.230000,123584579.280000,119142360.350000,101783296.950000,114100613.680000
2023-08-11,245885.720000,237445.050000,204682.220000,227950.150000,122942861.000000,118722524.250000,102341107.580000,113975076.010000
2023-08-14,246206.490000,237536.030000,203834.360000,227496.990000,123103245.570000,118768015.860000,101917179.360000,113748496.250000
2023-08-15,243711.510000,234966.960000,200705.450000,225270.810000,121855754.510000,117483477.510000,100352723.730000,112635405.550000
2023-08-16,242548.560000,233809.740000,199624.950000,224407.870000,121274280.010000,116904872.160000,99812473.890000,112203935.590000
2023-08-17,239838.680000,231142.080000,197068.240000,222912.780000,119919342.210000,115571039.910000,98534118.910000,111456391.940000
2023-08-18,239502.930000,231035.340000,197803.080000,222647.890000,119751464.070000,115517668.600000,98901540.630000,111323943.930000
2023-08-21,240506.010000,231876.550000,197964.700000,222100.260000,120253002.640000,115938272.890000,98982347.920000,111050129.440000
2023-08-22,241604.570000,233060.300000,199308.880000,222839.160000,120802283.010000,116530150.220000,99654440.880000,111419581.850000
2023-08-23,244084.000000,235701.280000,202559.750000,225118.990000,122042000.700000,117850638.530000,101279877.330000,112559494.890000
2023-08-24,243506.390000,235247.000000,202436.700000,225940.670000,121753194.560000,117623498.680000,101218349.020000,112970336.010000
2023-08-25,243912.710000,235581.240000,202726.700000,226132.190000,121956354.560000,117790622.190000,101363348.680000,113066097.100000
2023-08-29,247733.080000,238579.600000,202525.020000,227895.330000,123866538.390000,119289799.790000,101262510.780000,113947664.520000
2023-08-30,248580.530000,239568.700000,204268.530000,227420.770000,124290265.130000,119784350.760000,102134265.420000,113710385.180000
2023-08-31,248475.670000,239561.680000,204313.470000,227806.470000,124237837.230000,119780838.130000,102156734.530000,113903233.150000
2023-09-01,249743.560000,240920.320000,206158.890000,228394.820000,124871781.330000,120460158.740000,103079444.380000,114197411.660000
2023-09-04,250038.340000,241242.530000,206604.410000,228348.560000,125019171.170000,120621267.160000,103302206.060000,114174278.610000
2023-09-05,250284.210000,240955.530000,204304.880000,228060.730000,125142107.420000,120477765.790000,102152441.870000,114030365.300000
2023-09-06,249774.010000,240400.770000,203561.350000,227598.580000,124887006.990000,120200386.990000,101780676.380000,113799289.800000
2023-09-07,249123.010000,239514.580000,202154.480000,227556.290000,124561504.410000,119757287.740000,101077240.590000,113778143.400000
2023-09-08,249524.200000,239726.070000,201565.820000,228088.030000,124762101.070000,119863037.100000,100782908.330000,114044016.780000
2023-09-11,248923.210000,238854.650000,199753.310000,226476.590000,124461606.950000,119427326.480000,99876656.090000,113238293.450000
2023-09-12,249946.770000,239848.940000,200693.300000,227347.110000,124973384.080000,119924468.940000,100346652.360000,113673557.180000
2023-09-13,250245.440000,239956.540000,200038.170000,226969.180000,125122721.830000,119978269.370000,100019083.350000,113484589.180000
2023-09-14,253006.410000,242585.220000,202258.540000,228921.730000,126503203.250000,121292608.490000,101129271.020000,114460865.170000
2023-09-15,252599.190000,242405.280000,203097.990000,230081.490000,126299597.070000,121202638.370000,101548997.290000,115040743.450000
2023-09-18,252158.060000,241899.490000,202316.350000,230083.910000,126079028.340000,120949744.800000,101158175.740000,115041954.770000
2023-09-19,252009.560000,241635.450000,201592.720000,229897.230000,126004780.590000,120817722.720000,100796358.520000,114948616.480000
2023-09-20,251735.210000,241252.450000,200752.010000,230510.440000,125867605.990000,120626226.050000,100376006.920000,115255219.010000
2023-09-21,249799.370000,239490.710000,199685.870000,229590.340000,124899686.250000,119745355.940000,99842934.580000,114795172.050000
2023-09-22,251058.020000,240497.250000,199686.030000,230701.400000,125529008.570000,120248624.720000,99843015.820000,115350698.270000
2023-09-25,250674.260000,239876.540000,198290.780000,230680.720000,125337130.140000,119938272.010000,99145391.060000,115340360.740000
2023-09-26,249936.550000,239044.210000,197105.650000,230407.430000,124968273.990000,119522104.510000,98552826.160000,115203714.470000
2023-09-27,250999.660000,239930.350000,197519.370000,229944.130000,125499827.760000,119965175.260000,98759685.010000,114972063.570000
2023-09-28,251575.630000,240246.550000,196998.220000,228047.730000,125787813.280000,120123277.470000,98499108.260000,114023866.180000
2023-09-29,251976.570000,240889.670000,198355.700000,228741.960000,125988285.770000,120444834.860000,99177848.690000,114370978.780000
2023-10-02,250633.420000,239327.100000,195825.670000,227316.080000,125316708.680000,119663550.940000,97912834.700000,113658040.060000
2023-10-03,249023.080000,237555.000000,193352.490000,226495.640000,124511542.210000,118777499.560000,96676244.780000,113247819.960000
2023-10-04,247713.960000,236099.380000,191441.340000,225054.720000,123856979.800000,118049690.110000,95720670.030000,112527360.010000
2023-10-05,247040.590000,235610.980000,191649.680000,225058.120000,123520293.800000,117805489.260000,95824842.090000,112529060.090000
2023-10-06,248537.060000,236957.040000,192506.290000,224912.680000,124268529.180000,118478522.200000,96253145.850000,112456342.000000
2023-10-09,249452.880000,237256.130000,190524.690000,225848.810000,124726438.100000,118628063.480000,95262345.110000,112924405.620000
2023-10-10,252239.510000,240082.750000,193476.650000,226935.130000,126119754.860000,120041375.770000,96738325.440000,113467566.410000
2023-10-11,251425.410000,239151.040000,192067.600000,226613.430000,125712703.110000,119575521.530000,96033797.930000,113306714.690000
2023-10-12,253055.570000,240219.170000,190833.770000,227595.430000,126527786.310000,120109586.020000,95416883.750000,113797715.480000
2023-10-13,253567.030000,240528.050000,190332.610000,229297.800000,126783513.210000,120264026.930000,95166305.980000,114648897.700000
2023-10-16,253812.380000,240766.620000,190623.020000,228443.540000,126906187.630000,120383311.100000,95311512.240000,114221768.760000
2023-10-17,253755.020000,240510.560000,189829.720000,228124.940000,126877509.410000,120255281.640000,94914862.030000,114062467.970000
2023-10-18,252658.330000,239631.110000,189346.470000,227709.260000,126329164.240000,119815555.960000,94673235.930000,113854629.500000
2023-10-19,252025.490000,238761.200000,187470.890000,227050.240000,126012745.580000,119380601.370000,93735445.440000,113525118.400000
2023-10-20,249169.100000,236192.050000,185825.230000,226502.780000,124584551.170000,118096025.560000,92912615.160000,113251389.630000
2023-10-23,248128.900000,235271.890000,185327.600000,224597.330000,124064448.340000,117635946.930000,92663797.780000,112298664.670000
2023-10-24,248123.410000,235410.170000,186057.750000,224866.690000,124061705.280000,117705086.250000,93028874.230000,112433346.420000
2023-10-25,247272.020000,234150.200000,183376.840000,225215.090000,123636010.670000,117075101.730000,91688421.530000,112607544.160000
2023-10-26,245692.010000,232713.320000,182435.400000,224769.290000,122846004.200000,116356661.450000,91217700.600000,112384645.260000
2023-10-27,244724.280000,231317.570000,179294.720000,223661.770000,122362140.770000,115658785.060000,89647360.420000,111830886.200000
2023-10-30,244009.530000,230723.520000,179216.480000,224212.730000,122004764.120000,115361759.260000,89608240.990000,112106362.670000
2023-10-31,245175.200000,231786.680000,180004.210000,224583.570000,122587598.340000,115893338.510000,90002104.920000,112291784.460000
2023-11-01,248462.410000,236395.820000,189242.720000,227636.780000,124231202.870000,118197911.250000,94621361.850000,113818389.130000
2023-11-02,253913.090000,241845.250000,194919.520000,229989.210000,126956544.710000,120922624.470000,97459761.560000,114994603.180000
2023-11-03,253963.620000,242582.350000,198100.100000,230055.820000,126981810.710000,121291176.170000,99050048.010000,115027909.330000
2023-11-06,253450.650000,242409.330000,199051.100000,229048.780000,126725326.510000,121204667.260000,99525549.760000,114524392.140000
2023-11-07,254283.410000,243148.180000,199284.090000,229834.890000,127141705.930000,121574090.590000,99642044.930000,114917443.280000
2023-11-08,253657.610000,242208.130000,197239.780000,229489.730000,126828803.720000,121104063.820000,98619889.210000,114744865.980000
2023-11-09,255024.400000,243268.360000,197181.170000,230204.240000,127512198.320000,121634179.770000,98590583.550000,115102121.550000
2023-11-10,256348.860000,244325.920000,197336.370000,229824.460000,128174431.570000,122162959.200000,98668184.140000,114912232.360000
2023-11-13,257415.940000,245319.250000,198234.560000,230223.610000,128707968.110000,122659623.020000,99117278.530000,115111805.190000
2023-11-14,257622.630000,246025.670000,200673.210000,229539.090000,128811317.100000,123012832.710000,100336603.390000,114769545.420000
2023-11-15,258750.790000,247541.560000,203341.650000,230551.220000,129375397.110000,123770779.530000,101670823.050000,115275608.400000
2023-11-16,257794.090000,246409.440000,201583.650000,231069.710000,128897045.060000,123204720.470000,100791824.900000,115534856.790000
2023-11-17,259644.930000,248234.370000,203413.880000,231458.100000,129822466.870000,124117186.930000,101706937.880000,115729049.840000
2023-11-20,260709.950000,249435.220000,205271.710000,230945.860000,130354976.200000,124717608.180000,102635853.590000,115472932.280000
2023-11-21,258650.330000,247387.340000,203090.770000,231296.420000,129325164.830000,123693672.050000,101545383.510000,115648212.180000
2023-11-22,258008.540000,246569.670000,201300.750000,230998.200000,129004270.930000,123284836.930000,100650377.360000,115499098.050000
2023-11-23,257651.200000,246018.870000,200302.230000,230216.140000,128825597.560000,123009435.090000,100151115.550000,115108070.960000
2023-11-24,256842.970000,245348.650000,200195.250000,229315.800000,128421485.450000,122674326.820000,100097625.640000,114657901.810000
2023-11-27,256293.100000,244953.530000,200143.540000,228960.310000,128146549.210000,122476763.020000,100071769.550000,114480152.750000
2023-11-28,257226.530000,245836.850000,201048.940000,229343.980000,128613264.240000,122918423.650000,100524472.150000,114671991.090000
2023-11-29,257666.190000,246452.150000,202211.920000,230389.650000,128833097.150000,123226072.620000,101105958.400000,115194824.340000
2023-11-30,257515.840000,246182.210000,201698.260000,230104.680000,128757920.510000,123091103.790000,100849131.890000,115052340.400000
2023-12-01,259526.380000,248354.260000,204492.150000,231238.000000,129763189.050000,124177129.820000,102246075.230000,115619000.740000
2023-12-04,257200.950000,246494.930000,204310.300000,230679.720000,128600474.090000,123247462.590000,102155148.540000,115339858.220000
2023-12-05,256831.000000,245844.820000,202607.680000,230809.250000,128415498.530000,122922409.140000,101303839.400000,115404626.630000
2023-12-06,257236.310000,246470.230000,203717.090000,232054.360000,128618153.990000,123235114.290000,101858543.780000,116027182.230000
2023-12-07,258025.650000,247656.030000,206283.180000,232460.050000,129012826.610000,123828012.890000,103141588.510000,116230026.560000
2023-12-08,259571.270000,248935.330000,206662.800000,232425.120000,129785635.210000,124467663.010000,103331399.790000,116212560.130000
2023-12-11,260479.630000,249631.040000,206560.440000,232304.950000,130239816.860000,124815519.220000,103280220.780000,116152475.560000
2023-12-12,261070.690000,250071.120000,206407.900000,233082.080000,130535345.500000,125035561.110000,103203948.570000,116541042.130000
2023-12-13,262076.340000,251259.660000,208338.440000,234136.960000,131038171.700000,125629829.990000,104169222.460000,117068480.400000
2023-12-14,263933.670000,253509.820000,211866.210000,235449.470000,131966833.230000,126754909.840000,105933106.040000,117724733.790000
2023-12-15,264306.870000,254184.070000,213114.080000,236024.910000,132153436.800000,127092034.720000,106557038.690000,118012456.490000
2023-12-18,265801.800000,256300.740000,217897.870000,238325.740000,132900900.000000,128150370.020000,108948936.980000,119162868.320000
2023-12-19,266407.750000,257048.470000,219271.410000,238505.830000,133203874.740000,128524236.260000,109635706.620000,119252913.210000
2023-12-20,267055.880000,257616.740000,219382.640000,239180.350000,133527941.940000,128808372.170000,109691319.970000,119590172.860000
2023-12-21,267431.550000,257952.740000,219593.130000,239556.420000,133715774.520000,128976368.070000,109796566.900000,119778208.570000
2023-12-22,267431.460000,257805.660000,218865.800000,239363.140000,133715728.840000,128902830.240000,109432899.290000,119681568.370000
2023-12-27,268183.340000,258806.360000,220723.610000,239809.180000,134091669.860000,129403182.010000,110361806.330000,119904588.560000
2023-12-28,268394.920000,259135.190000,221376.750000,240222.190000,134197460.060000,129567593.490000,110688374.340000,120111097.300000
2023-12-29,267670.000000,258079.230000,219136.290000,239875.510000,133835000.820000,129039616.640000,109568144.380000,119937755.440000
2024-01-02,266875.010000,257893.690000,221425.880000,240948.230000,133437506.920000,128946844.250000,110712941.440000,120474114.780000
2024-01-03,264557.680000,255519.690000,219254.010000,239539.030000,132278840.410000,127759845.560000,109627004.300000,119769513.430000
2024-01-04,264199.020000,254892.740000,217615.250000,238900.000000,132099509.730000,127446368.650000,108807626.660000,119449999.380000
2024-01-05,263213.400000,253531.900000,214862.150000,237995.000000,131606699.200000,126765950.900000,107431074.030000,118997500.590000
2024-01-08,263913.000000,254256.580000,215638.100000,237770.280000,131956498.150000,127128287.920000,107819050.780000,118885139.940000
2024-01-09,264053.000000,254012.070000,213951.410000,237781.060000,132026500.470000,127006035.030000,106975705.200000,118890530.060000
2024-01-10,264169.810000,254196.500000,214485.560000,238189.540000,132084903.890000,127098248.950000,107242777.580000,119094772.350000
2024-01-11,261817.580000,251616.760000,210924.840000,236694.450000,130908787.900000,125808380.490000,105462418.460000,118347226.870000
2024-01-12,263264.750000,252877.960000,211384.860000,237826.490000,131632374.010000,126438981.230000,105692431.600000,118913245.410000
2024-01-15,263048.730000,252812.570000,211762.920000,238120.350000,131524366.520000,126406286.310000,105881460.370000,119060174.430000
2024-01-16,263858.870000,253683.270000,212575.250000,238272.050000,131929437.150000,126841634.040000,106287625.660000,119136024.680000
2024-01-17,261303.400000,251092.220000,209925.310000,236266.190000,130651700.770000,125546108.340000,104962656.440000,118133096.420000
2024-01-18,262207.220000,250652.930000,204232.440000,235105.070000,131103612.220000,125326466.740000,102116218.840000,117552533.970000
2024-01-19,263667.830000,252031.060000,205241.170000,235595.240000,131833914.290000,126015530.060000,102620586.050000,117797619.300000
2024-01-22,265896.960000,254071.400000,206671.510000,236118.780000,132948478.460000,127035698.720000,103335755.390000,118059387.800000
2024-01-23,266097.400000,254362.730000,207158.090000,236563.360000,133048702.370000,127181362.790000,103579045.630000,118281677.670000
2024-01-24,266847.480000,254919.660000,206937.830000,236575.850000,133423741.160000,127459828.830000,103468916.750000,118287924.950000
2024-01-25,267769.520000,255683.750000,207018.070000,237554.850000,133884761.660000,127841873.680000,103509034.840000,118777422.710000
2024-01-26,266961.160000,254708.530000,205774.290000,237961.530000,133480580.550000,127354262.860000,102887146.220000,118980763.710000
2024-01-29,268022.120000,255825.680000,207174.960000,238789.120000,134011060.220000,127912839.010000,103587480.820000,119394561.510000
2024-01-30,268538.860000,256028.320000,206198.930000,239381.840000,134269429.600000,128014158.980000,103099462.900000,119690921.660000
2024-01-31,265848.790000,253617.980000,204764.280000,238830.500000,132924394.320000,126808988.150000,102382139.270000,119415247.910000
2024-02-01,267018.350000,254747.090000,205715.490000,240225.480000,133509177.380000,127373546.240000,102857746.830000,120112739.440000
2024-02-02,267921.090000,255469.280000,205692.240000,239686.400000,133960547.190000,127734640.370000,102846119.970000,119843201.470000
2024-02-05,269021.020000,256323.210000,205563.060000,240253.620000,134510510.870000,128161606.910000,102781529.650000,120126811.130000
2024-02-06,274791.170000,261772.380000,210676.500000,242234.760000,137395584.000000,130886188.990000,105338250.110000,121117380.910000
2024-02-07,276168.550000,263112.920000,212062.960000,242154.110000,138084272.570000,131556462.420000,106031479.830000,121077052.660000
2024-02-08,277369.100000,264185.270000,212284.550000,241802.190000,138684550.130000,132092636.300000,106142277.380000,120901096.190000
2024-02-09,278345.160000,265714.850000,215761.130000,242854.410000,139172580.230000,132857426.430000,107880567.210000,121427206.740000
2024-02-12,279266.000000,266580.900000,216164.430000,242153.040000,139633000.960000,133290450.290000,108082216.390000,121076519.900000
2024-02-13,275646.080000,262952.540000,212777.620000,240462.360000,137823040.860000,131476270.920000,106388808.440000,120231179.540000
2024-02-14,278583.250000,265826.390000,215581.540000,242186.410000,139291625.070000,132913193.840000,107790768.700000,121093206.170000
2024-02-15,280571.250000,268013.780000,218597.910000,243163.260000,140285624.600000,134006888.290000,109298954.280000,121581628.880000
2024-02-16,280901.140000,268089.900000,217744.130000,243706.870000,140450568.430000,134044949.090000,108872067.120000,121853434.730000
2024-02-19,281112.170000,268221.170000,217881.520000,243973.080000,140556083.230000,134110586.480000,108940762.380000,121986540.870000
2024-02-20,278615.700000,266084.300000,217035.640000,243507.980000,139307850.900000,133042147.970000,108517822.230000,121753990.380000
2024-02-21,277161.470000,265104.640000,217574.020000,242842.400000,138580732.690000,132552319.010000,108787009.810000,121421198.150000
2024-02-22,282261.270000,269703.730000,220278.440000,244079.100000,141130635.150000,134851862.610000,110139217.520000,122039549.000000
2024-02-23,281917.640000,269781.940000,221972.540000,244621.520000,140958821.810000,134890969.780000,110986272.200000,122310759.440000
2024-02-26,283131.250000,271320.060000,224613.850000,244406.170000,141565622.710000,135660030.760000,112306924.760000,122203086.300000
2024-02-27,283781.530000,271897.050000,225048.640000,244394.030000,141890764.240000,135948525.390000,112524318.670000,122197014.020000
2024-02-28,284714.270000,273501.210000,229202.840000,245173.200000,142357134.430000,136750604.580000,114601420.510000,122586601.780000
2024-02-29,286284.770000,274891.940000,229706.860000,246179.060000,143142386.820000,137445969.600000,114853428.930000,123089527.820000
2024-03-01,290466.670000,278736.810000,231944.420000,248228.760000,145233335.500000,139368404.070000,115972211.400000,124114379.740000
2024-03-04,290942.150000,279166.620000,231753.730000,247993.570000,145471074.320000,139583310.090000,115876864.350000,123996783.840000
2024-03-05,288113.240000,275859.140000,226816.660000,246982.180000,144056618.670000,137929570.030000,113408331.390000,123491089.900000
2024-03-06,291994.590000,279591.760000,230056.460000,248197.230000,145997294.150000,139795880.180000,115028230.720000,124098612.850000
2024-03-07,295215.930000,283478.510000,236186.630000,249059.110000,147607964.310000,141739255.720000,118093317.220000,124529553.810000
2024-03-08,292870.330000,281589.990000,235980.010000,247898.270000,146435163.770000,140794997.430000,117990004.330000,123949135.580000
2024-03-11,290334.110000,278857.550000,232828.840000,247564.360000,145167057.080000,139428774.920000,116414420.200000,123782179.710000
2024-03-12,291581.080000,279687.770000,232141.870000,248236.110000,145790542.290000,139843883.380000,116070937.430000,124118055.030000
2024-03-13,292245.690000,280720.290000,234739.740000,249151.510000,146122843.360000,140360143.590000,117369869.180000,124575757.310000
2024-03-14,291217.690000,279512.580000,232862.940000,248677.950000,145608843.390000,139756290.620000,116431469.990000,124338974.990000
2024-03-15,291723.970000,280378.970000,235041.840000,249597.700000,145861984.390000,140189483.200000,117520920.520000,124798850.180000
2024-03-18,291848.980000,279956.220000,232697.600000,249504.980000,145924491.440000,139978110.970000,116348800.920000,124752488.100000
2024-03-19,291883.520000,279704.290000,231563.280000,250006.990000,145941762.100000,139852146.750000,115781641.020000,125003494.240000
2024-03-20,293131.660000,280972.850000,232970.200000,250817.490000,146565831.890000,140486425.850000,116485100.260000,125408744.210000
2024-03-21,297837.710000,284920.400000,233609.470000,252845.970000,148918855.470000,142460199.830000,116804732.950000,126422983.370000
2024-03-22,299178.630000,286691.710000,237074.180000,255666.150000,149589315.850000,143345853.310000,118537090.850000,127833073.980000
2024-03-25,301004.740000,289421.700000,243234.150000,257061.080000,150502371.570000,144710852.270000,121617073.480000,128530538.170000
2024-03-26,300337.150000,288106.170000,239616.810000,256312.410000,150168573.240000,144053083.520000,119808403.560000,128156207.080000
2024-03-27,300054.980000,288373.400000,242036.940000,257133.250000,150027492.060000,144186700.480000,121018468.050000,128566623.860000
2024-03-28,300681.780000,288641.090000,240739.110000,258144.910000,150340888.840000,144320542.580000,120369555.090000,129072454.370000
2024-04-02,302125.390000,289937.820000,241387.580000,259101.300000,151062693.230000,144968909.150000,120693790.150000,129550647.960000
2024-04-03,302898.410000,290243.600000,239911.720000,258809.370000,151449203.290000,145121802.020000,119955861.920000,129404682.700000
2024-04-04,302448.850000,289878.660000,239836.720000,258541.490000,151224423.820000,144939332.190000,119918360.070000,129270746.630000
2024-04-05,303023.020000,290297.760000,239817.570000,259644.520000,151511509.680000,145148880.150000,119908784.340000,129822259.270000
2024-04-08,303384.710000,290484.900000,239326.140000,259358.330000,151692356.760000,145242451.450000,119663070.580000,129679164.260000
2024-04-09,302360.300000,289745.300000,239608.360000,259689.030000,151180149.010000,144872650.420000,119804179.280000,129844513.650000
2024-04-10,303820.190000,290873.360000,239262.290000,260384.290000,151910094.690000,145436678.220000,119631145.900000,130192142.940000
2024-04-11,305626.960000,293041.160000,242897.190000,261881.590000,152813481.440000,146520581.950000,121448594.670000,130940796.940000
2024-04-12,307516.470000,294692.680000,243544.570000,264533.260000,153758233.540000,147346340.650000,121772287.350000,132266630.130000
2024-04-15,305114.170000,291799.140000,238803.320000,262595.930000,152557083.400000,145899568.790000,119401660.300000,131297963.580000
2024-04-16,302944.370000,289368.390000,235160.870000,261419.740000,151472186.720000,144684193.060000,117580436.310000,130709867.590000
2024-04-17,300663.630000,286774.290000,231559.520000,260595.520000,150331817.120000,143387143.750000,115779761.880000,130297757.850000
2024-04-18,298833.910000,284653.690000,228537.800000,259691.310000,149416953.440000,142326846.090000,114268901.200000,129845653.770000
2024-04-19,297499.280000,283614.310000,228705.460000,260718.990000,148749642.210000,141807155.270000,114352728.790000,130359497.120000
2024-04-22,299297.900000,285608.110000,231925.350000,262066.870000,149648948.640000,142804053.000000,115962676.130000,131033434.580000
2024-04-23,301365.830000,287687.180000,234116.390000,261836.840000,150682914.130000,143843587.820000,117058195.320000,130918420.860000
2024-04-24,302045.110000,288614.970000,235741.490000,261652.340000,151022557.260000,144307482.720000,117870745.410000,130826169.600000
2024-04-25,300630.970000,286993.820000,233683.730000,260730.830000,150315485.350000,143496909.920000,116841864.950000,130365414.720000
2024-04-26,304864.520000,290790.690000,235681.110000,262406.620000,152432262.310000,145395343.020000,117840552.700000,131203308.600000
2024-04-29,304757.560000,291569.790000,239700.480000,261729.590000,152378781.500000,145784897.090000,119850237.770000,130864795.430000
2024-04-30,303267.390000,289777.380000,236810.230000,260735.110000,151633693.260000,144888692.130000,118405115.030000,130367554.770000
2024-05-01,301224.160000,288362.280000,237980.560000,260788.610000,150612080.450000,144181139.140000,118990278.690000,130394304.150000
2024-05-02,301904.910000,288944.330000,238221.110000,260937.160000,150952454.400000,144472163.500000,119110553.710000,130468579.330000
2024-05-03,304643.130000,291717.480000,241018.020000,261561.640000,152321565.380000,145858738.880000,120509011.990000,130780821.360000
2024-05-07,306172.300000,292912.900000,240583.780000,263665.500000,153086151.830000,146456449.380000,120291890.170000,131832751.310000
2024-05-08,307798.660000,294643.520000,242870.860000,264874.690000,153899332.020000,147321758.220000,121435428.250000,132437344.780000
2024-05-09,308354.530000,295139.040000,243111.290000,265430.520000,154177266.570000,147569518.750000,121555643.030000,132715262.060000
2024-05-10,308944.420000,295562.180000,242705.830000,266292.750000,154472209.650000,147781089.500000,121352914.690000,133146376.410000
2024-05-13,307903.100000,294389.200000,241212.420000,265337.450000,153951547.610000,147194600.630000,120606209.510000,132668726.830000
2024-05-14,308785.580000,295528.510000,243105.090000,265263.940000,154392788.080000,147764255.190000,121552543.940000,132631967.510000
2024-05-15,310291.240000,296918.930000,243879.800000,265580.210000,155145620.790000,148459467.120000,121939900.210000,132790106.990000
2024-05-16,310524.320000,297180.900000,244005.690000,265348.570000,155262161.330000,148590449.660000,122002847.300000,132674284.290000
2024-05-17,310067.460000,296788.870000,243941.890000,265501.340000,155033730.690000,148394435.830000,121970944.630000,132750671.740000
2024-05-20,311983.200000,298799.070000,246126.610000,265680.650000,155991597.700000,149399533.990000,123063304.030000,132840326.320000
2024-05-21,311129.210000,297728.560000,244376.850000,265824.270000,155564604.210000,148864279.250000,122188427.380000,132912135.380000
2024-05-22,310522.640000,297824.880000,247054.010000,264690.420000,155261319.620000,148912439.540000,123527002.740000,132345211.300000
2024-05-23,309791.220000,296697.120000,244432.110000,263105.950000,154895612.220000,148348560.430000,122216052.770000,131552973.320000
2024-05-24,310028.900000,296849.070000,244335.300000,262836.630000,155014451.180000,148424535.390000,122167651.190000,131418315.470000
2024-05-28,310643.670000,296976.860000,242374.620000,262333.850000,155321832.810000,148488431.660000,121187307.750000,131166924.580000
2024-05-29,309304.870000,295715.890000,241531.280000,261532.750000,154652432.940000,147857946.520000,120765638.470000,130766373.100000
2024-05-30,309870.590000,296491.210000,243401.510000,262448.570000,154935297.110000,148245605.110000,121700754.230000,131224287.060000
2024-05-31,308186.020000,294942.060000,242703.360000,262884.190000,154093010.770000,147471030.330000,121351681.890000,131442094.850000
2024-06-03,308882.080000,296155.570000,245703.170000,263050.940000,154441038.630000,148077785.310000,122851586.830000,131525470.270000
2024-06-04,307098.020000,294613.590000,245076.180000,261954.800000,153549009.400000,147306796.240000,122538091.800000,130977399.040000
2024-06-05,311542.840000,298540.060000,246747.850000,263553.160000,155771418.040000,149270030.660000,123373923.070000,131776580.720000
2024-06-06,313085.770000,299496.560000,245651.370000,264315.970000,156542885.150000,149748282.240000,122825682.590000,132157984.760000
2024-06-07,311699.480000,298068.770000,244217.830000,263121.250000,155849738.000000,149034385.140000,122108916.520000,131560623.870000
2024-06-10,313420.100000,299654.500000,245295.340000,263476.090000,156710050.620000,149827252.430000,122647670.380000,131738044.060000
2024-06-11,313241.100000,299756.020000,246462.380000,263126.250000,156620548.690000,149878008.940000,123231190.510000,131563123.760000
2024-06-12,316459.740000,303356.070000,251255.530000,264674.390000,158229871.730000,151678034.670000,125627767.460000,132337196.270000
2024-06-13,315272.380000,301590.370000,247100.140000,264049.370000,157636187.550000,150795184.740000,123550068.150000,132024685.130000
2024-06-14,316205.140000,302111.080000,246020.030000,265497.430000,158102568.600000,151055540.290000,123010015.060000,132748714.070000
2024-06-17,318594.880000,304240.140000,247370.680000,265733.510000,159297440.980000,152120069.760000,123685341.610000,132866755.170000
2024-06-18,321535.210000,306942.470000,249033.430000,266914.290000,160767606.300000,153471237.490000,124516715.940000,133457146.650000
2024-06-19,322998.530000,308845.750000,252576.600000,267464.090000,161499267.220000,154422874.850000,126288300.370000,133732042.670000
2024-06-20,324579.230000,310285.760000,253447.820000,268877.710000,162289614.280000,155142879.690000,126723912.360000,134438852.940000
2024-06-21,321366.210000,307404.850000,251921.870000,268622.510000,160683107.490000,153702424.190000,125960936.210000,134311255.450000
2024-06-24,319915.980000,305804.770000,250150.270000,268304.260000,159957992.120000,152902386.650000,125075135.200000,134152130.340000
2024-06-25,319660.470000,305726.990000,250737.080000,268039.650000,159830236.390000,152863495.860000,125368538.260000,134019825.030000
2024-06-26,318948.140000,305142.550000,250586.700000,268005.160000,159474069.620000,152571275.620000,125293349.990000,134002577.890000
2024-06-27,320629.570000,307079.080000,253457.600000,268634.360000,160314783.090000,153539540.890000,126728802.010000,134317177.750000
2024-06-28,321706.960000,308116.660000,254193.000000,268604.030000,160853482.050000,154058329.840000,127096499.470000,134302017.000000
2024-07-01,321944.970000,308351.980000,254556.330000,267906.580000,160972484.270000,154175990.600000,127278162.710000,133953287.780000
2024-07-02,321505.620000,307816.010000,253597.030000,267460.940000,160752807.570000,153908005.730000,126798517.490000,133730470.420000
2024-07-03,323950.080000,310867.610000,258501.990000,268159.800000,161975040.180000,155433804.320000,129250993.130000,134079897.970000
2024-07-04,326515.690000,314074.900000,264118.960000,269312.370000,163257842.950000,157037451.260000,132059478.710000,134656185.120000
2024-07-05,328086.540000,316781.130000,270980.290000,270306.660000,164043271.280000,158390565.170000,135490144.090000,135153327.930000
2024-07-08,327315.710000,315557.410000,267996.930000,268946.300000,163657855.760000,157778702.730000,133998465.170000,134473147.820000
2024-07-09,325039.340000,312565.770000,262296.780000,268183.980000,162519670.360000,156282883.620000,131148388.050000,134091990.930000
2024-07-10,328625.190000,316560.500000,267798.190000,269675.330000,164312595.150000,158280250.410000,133899097.220000,134837662.550000
2024-07-11,326633.730000,314950.750000,267651.160000,269764.660000,163316864.230000,157475376.380000,133825578.470000,134882331.280000
2024-07-12,326844.220000,315394.300000,269120.010000,269191.720000,163422108.690000,157697149.610000,134560006.120000,134595859.170000
2024-07-15,326678.090000,315114.570000,268453.660000,269330.270000,163339046.480000,157557285.500000,134226827.640000,134665137.140000
2024-07-16,326777.410000,315167.050000,268373.570000,270199.790000,163388707.410000,157583525.650000,134186782.800000,135099895.710000
2024-07-17,321659.740000,309545.680000,261492.990000,268943.260000,160829869.140000,154772840.260000,130746496.380000,134471629.150000
2024-07-18,318925.560000,306540.820000,257665.480000,268362.870000,159462778.500000,153270412.250000,128832742.220000,134181433.820000
2024-07-19,318686.180000,306891.410000,260358.710000,267640.600000,159343089.870000,153445703.440000,130179353.420000,133820299.390000
2024-07-22,319732.280000,308433.340000,263795.680000,268066.530000,159866140.430000,154216672.470000,131897839.440000,134033266.370000
2024-07-23,321280.990000,309973.630000,265134.110000,268126.030000,160640494.540000,154986815.490000,132567054.670000,134063012.920000
2024-07-24,317018.640000,305954.320000,262087.400000,267646.820000,158509318.960000,152977158.510000,131043701.400000,133823410.320000
2024-07-25,314001.390000,303101.210000,260078.320000,266878.020000,157000695.140000,151550606.740000,130039157.910000,133439010.810000
2024-07-26,316712.560000,306021.060000,263852.030000,268755.860000,158356278.040000,153010527.790000,131926016.260000,134377930.290000
2024-07-29,316414.390000,305828.470000,264167.110000,268982.050000,158207195.840000,152914235.890000,132083552.610000,134491023.760000
2024-07-30,314838.420000,304102.450000,261932.590000,269251.140000,157419210.410000,152051227.400000,130966293.910000,134625572.200000
2024-07-31,320754.420000,309571.900000,265542.870000,271644.930000,160377211.110000,154785948.190000,132771434.220000,135822464.920000
2024-08-01,318358.970000,306750.450000,261123.060000,271959.730000,159179485.870000,153375224.080000,130561528.900000,135979864.960000
2024-08-02,309294.150000,297788.920000,253074.000000,270512.070000,154647077.140000,148894462.110000,126537002.430000,135256034.620000
2024-08-05,302773.940000,290681.750000,243426.070000,267231.120000,151386967.560000,145340874.770000,121713033.230000,133615562.320000
2024-08-06,306627.750000,294392.030000,246924.810000,268326.530000,153313877.190000,147196016.730000,123462402.740000,134163266.410000
2024-08-07,310529.210000,298278.280000,250991.100000,269879.750000,155264605.360000,149139141.440000,125495551.080000,134939874.140000
2024-08-08,313375.360000,301763.610000,257196.650000,270819.720000,156687679.450000,150881806.310000,128598325.700000,135409862.260000
2024-08-09,314541.240000,302642.620000,257012.750000,271196.790000,157270622.240000,151321308.220000,128506376.070000,135598396.610000
2024-08-12,316238.440000,304246.010000,258093.440000,272118.180000,158119221.720000,152123006.290000,129046722.350000,136059092.310000
2024-08-13,318479.030000,306394.490000,259928.360000,272718.500000,159239514.830000,153197244.380000,129964182.210000,136359247.530000
2024-08-14,319335.140000,307018.620000,259732.480000,273103.140000,159667571.290000,153509309.950000,129866239.780000,136551569.290000
2024-08-15,323327.620000,311063.860000,263982.350000,273532.130000,161663809.900000,155531931.410000,131991173.340000,136766066.020000
2024-08-16,323043.180000,310496.450000,262282.780000,273317.100000,161521591.460000,155248226.280000,131141387.750000,136658551.740000
2024-08-19,323422.560000,310912.590000,262859.700000,273210.280000,161711279.610000,155456293.920000,131429851.570000,136605140.110000
2024-08-20,321404.310000,309105.980000,261690.280000,272419.010000,160702155.260000,154552989.760000,130845138.490000,136209505.010000
2024-08-21,321679.890000,309823.320000,264019.980000,271984.770000,160839944.960000,154911658.150000,132009989.750000,135992385.950000
2024-08-22,319196.860000,306995.030000,260033.130000,270513.590000,159598428.660000,153497517.230000,130016564.470000,135256796.360000
2024-08-23,319247.900000,307038.290000,260185.240000,270291.620000,159623947.850000,153519143.210000,130092619.350000,135145809.920000
2024-08-27,317667.860000,305855.350000,260766.600000,270077.870000,158833929.490000,152927674.050000,130383302.460000,135038933.310000
2024-08-28,316163.650000,304411.560000,259593.460000,270258.260000,158081826.710000,152205780.940000,129796728.180000,135129130.230000
2024-08-29,319035.980000,307010.770000,261127.610000,271270.550000,159517988.410000,153505385.980000,130563807.450000,135635273.110000
2024-08-30,318268.400000,306192.870000,260255.620000,271481.430000,159134198.590000,153096433.540000,130127811.940000,135740716.420000
2024-09-02,317016.630000,304466.030000,256484.410000,270400.910000,158508315.050000,152233016.960000,128242203.580000,135200453.250000
2024-09-03,311988.470000,299705.920000,253011.280000,270074.420000,155994236.120000,149852960.880000,126505639.480000,135037208.600000
2024-09-04,310246.610000,297721.810000,250217.220000,269474.820000,155123303.430000,148860906.910000,125108611.000000,134737411.140000
2024-09-05,308934.290000,296498.000000,248893.610000,268461.240000,154467146.040000,148248998.110000,124446806.710000,134230622.350000
2024-09-06,304945.700000,292552.500000,245140.900000,267967.340000,152472849.320000,146276248.310000,122570450.900000,133983669.790000
2024-09-09,308981.900000,296022.260000,246835.710000,269212.220000,154490951.900000,148011130.360000,123417855.630000,134606111.030000
2024-09-10,309325.230000,296344.260000,246748.170000,269495.290000,154662614.120000,148172132.230000,123374086.580000,134747646.170000
2024-09-11,310642.350000,297628.250000,247649.350000,270108.950000,155321173.290000,148814126.350000,123824677.390000,135054476.190000
2024-09-12,315189.190000,301990.390000,251031.660000,270671.550000,157594594.930000,150995194.670000,125515829.830000,135335774.390000
2024-09-13,316453.250000,303044.800000,251029.870000,270311.890000,158226623.940000,151522400.240000,125514933.750000,135155945.090000
2024-09-16,314763.370000,301139.320000,248574.540000,269671.130000,157381685.920000,150569659.610000,124287272.250000,134835564.240000
2024-09-17,315532.010000,301595.940000,247778.230000,269910.350000,157766005.730000,150797971.700000,123889117.280000,134955174.960000
2024-09-18,314024.130000,300146.700000,246690.120000,268679.040000,157012064.420000,150073349.660000,123345061.430000,134339521.130000
2024-09-19,318544.130000,304539.370000,250622.530000,268888.320000,159272066.690000,152269686.650000,125311264.970000,134444157.650000
2024-09-20,316457.260000,302730.100000,249836.330000,268206.070000,158228632.270000,151365050.090000,124918162.620000,134103034.960000
2024-09-23,316282.230000,301930.970000,246659.490000,267161.640000,158141115.680000,150965483.490000,123329745.910000,133580819.930000
2024-09-24,316646.710000,302030.200000,245460.470000,267417.910000,158323354.720000,151015101.790000,122730236.920000,133708952.690000
2024-09-25,316837.220000,302082.130000,244797.010000,267076.430000,158418608.180000,151041064.130000,122398505.440000,133538217.340000
2024-09-26,317773.610000,303253.400000,246701.650000,266760.400000,158886803.170000,151626698.660000,123350827.380000,133380199.430000
2024-09-27,317556.990000,303677.810000,249432.790000,267267.750000,158778493.230000,151838903.630000,124716394.580000,133633877.280000
2024-09-30,316831.550000,303280.320000,250547.290000,266894.350000,158415776.570000,151640159.790000,125273645.520000,133447174.960000
2024-10-01,316798.360000,302499.940000,247041.920000,269388.130000,158399179.060000,151249971.360000,123520960.320000,134694064.130000
2024-10-02,319225.860000,304940.310000,249608.940000,269378.220000,159612931.350000,152470157.220000,124804470.720000,134689110.320000
2024-10-03,323038.950000,308559.970000,252629.070000,271543.070000,161519475.020000,154279984.530000,126314536.720000,135771533.870000
2024-10-04,325662.080000,311774.950000,258171.630000,271468.140000,162831038.040000,155887475.910000,129085817.260000,135734070.850000
2024-10-07,326379.000000,312640.760000,259562.590000,271380.830000,163189502.460000,156320380.410000,129781295.110000,135690413.080000
2024-10-08,325296.330000,311528.860000,258323.810000,269954.540000,162648165.590000,155764430.590000,129161906.660000,134977269.570000
2024-10-09,326864.540000,312634.190000,257767.200000,270118.290000,163432268.530000,156317093.620000,128883600.160000,135059144.940000
2024-10-10,328014.230000,313647.880000,258314.370000,270706.290000,164007116.150000,156823940.640000,129157185.830000,135353143.050000
2024-10-11,329326.280000,314864.110000,259189.210000,271244.780000,164663141.850000,157432053.640000,129594605.180000,135622392.150000
2024-10-14,330617.970000,316407.760000,261567.650000,271457.060000,165308986.210000,158203882.220000,130783827.080000,135728528.210000
2024-10-15,326096.360000,312438.720000,259829.010000,271056.430000,163048181.390000,156219362.110000,129914507.450000,135528217.360000
2024-10-16,331078.500000,319446.080000,274376.040000,275077.370000,165539252.430000,159723040.910000,137188022.240000,137538683.270000
2024-10-17,333727.450000,321864.470000,275790.110000,275372.300000,166863726.300000,160932235.170000,137895056.670000,137686151.170000
2024-10-18,334727.000000,323991.310000,282288.990000,275657.020000,167363498.230000,161995656.030000,141144496.500000,137828509.090000
2024-10-21,335139.220000,325278.910000,287067.270000,275755.630000,167569607.670000,162639453.680000,143533635.720000,137877813.040000
2024-10-22,334973.170000,323923.090000,281093.360000,275450.580000,167486587.390000,161961543.780000,140546681.500000,137725288.720000
2024-10-23,333045.380000,321638.770000,277390.300000,274540.500000,166522687.510000,160819385.060000,138695149.380000,137270251.630000
2024-10-24,333672.230000,322124.650000,277170.840000,274816.910000,166836115.000000,161062324.770000,138585420.130000,137408454.270000
2024-10-25,335669.440000,324184.590000,279336.800000,274705.860000,167834721.680000,162092294.190000,139668399.560000,137352931.530000
2024-10-28,335710.440000,325154.470000,283980.880000,274447.980000,167855220.710000,162577235.210000,141990442.370000,137223988.230000
2024-10-29,337066.650000,327190.630000,288433.650000,274135.250000,168533323.060000,163595316.100000,144216822.500000,137067622.770000
2024-10-30,334893.050000,324808.920000,285156.670000,274190.210000,167446522.690000,162404460.910000,142578336.500000,137095105.460000
2024-10-31,331887.520000,321874.350000,282578.070000,274348.780000,165943762.440000,160937174.950000,141289033.500000,137174390.160000
2024-11-01,332732.150000,322284.620000,281374.150000,273459.630000,166366075.360000,161142308.650000,140687076.860000,136729812.710000
2024-11-04,331809.200000,320810.600000,277642.030000,272808.500000,165904598.480000,160405299.260000,138821016.460000,136404247.560000
2024-11-05,336213.520000,325188.060000,282255.080000,271969.660000,168106759.760000,162594031.480000,141127538.780000,135984828.810000
2024-11-06,339434.420000,328548.900000,286594.830000,272972.720000,169717211.490000,164274449.670000,143297415.770000,136486359.630000
2024-11-07,342371.410000,332051.280000,291886.860000,273547.680000,171185703.990000,166025637.830000,145943431.660000,136773838.580000
2024-11-08,342013.560000,331855.430000,292384.200000,274277.390000,171006779.680000,165927713.840000,146192100.610000,137138693.620000
2024-11-11,342532.540000,333169.180000,297457.590000,274270.630000,171266267.990000,166584588.880000,148728796.250000,137135316.300000
2024-11-12,341836.550000,332447.240000,296606.820000,275017.750000,170918274.880000,166223620.240000,148303408.170000,137508873.470000
2024-11-13,342416.560000,332916.490000,297083.390000,275654.600000,171208278.260000,166458243.180000,148541694.150000,137827298.310000
2024-11-14,342471.500000,332832.910000,296393.550000,275920.080000,171235747.830000,166416453.830000,148196772.650000,137960042.310000
2024-11-15,341706.290000,331291.980000,292148.020000,276237.790000,170853147.220000,165645988.990000,146074008.170000,138118895.520000
2024-11-18,342732.070000,332216.620000,292372.050000,277567.750000,171366032.620000,166108312.250000,146186022.850000,138783874.230000
2024-11-19,341679.960000,330673.950000,288774.880000,277318.410000,170839979.250000,165336972.740000,144387438.970000,138659207.300000
2024-11-20,343143.290000,333488.860000,296972.540000,278259.020000,171571644.110000,166744431.520000,148486272.240000,139129511.770000
2024-11-21,346356.920000,336233.020000,297762.350000,279625.800000,173178460.260000,168116511.550000,148881174.850000,139812901.480000
2024-11-22,351512.050000,341822.490000,305433.610000,282860.440000,175756026.940000,170911243.930000,152716804.200000,141430222.120000
2024-11-25,349810.560000,340006.720000,303250.990000,282150.480000,174905278.400000,170003360.970000,151625497.160000,141075242.230000
2024-11-26,348582.530000,338051.700000,298620.790000,282190.650000,174291266.720000,169025849.040000,149310395.480000,141095323.620000
2024-11-27,344895.030000,334406.360000,295523.830000,280842.480000,172447515.900000,167203182.220000,147761915.020000,140421239.380000
2024-11-28,346146.860000,335466.350000,295652.670000,280853.600000,173073428.970000,167733173.240000,147826337.400000,140426798.930000
2024-11-29,348727.190000,338713.900000,301533.960000,281601.810000,174363596.630000,169356950.150000,150766978.450000,140800906.480000
2024-12-02,349378.070000,338484.710000,297367.290000,282112.590000,174689037.030000,169242356.720000,148683644.090000,141056296.470000
2024-12-03,351881.140000,340455.950000,297741.410000,282233.500000,175940567.940000,170227974.800000,148870707.330000,141116751.700000
2024-12-04,352349.880000,341212.010000,299258.340000,281533.410000,176174938.330000,170606003.850000,149629167.790000,140766705.600000
2024-12-05,350167.010000,338663.020000,295571.700000,280255.930000,175083506.260000,169331508.420000,147785848.840000,140127964.150000
2024-12-06,350871.230000,339762.650000,298479.450000,280556.800000,175435615.540000,169881323.320000,149239726.390000,140278400.670000
2024-12-09,351759.250000,341554.860000,303788.910000,280625.350000,175879625.330000,170777428.930000,151894455.370000,140312672.910000
2024-12-10,350408.470000,340911.460000,305840.770000,280462.080000,175204232.810000,170455731.200000,152920385.810000,140231038.390000
2024-12-11,351648.760000,341175.050000,302019.680000,280802.140000,175824378.430000,170587526.170000,151009841.680000,140401071.510000
2024-12-12,350664.570000,339790.760000,299129.550000,280227.360000,175332287.450000,169895379.930000,149564776.980000,140113680.320000
2024-12-13,352661.280000,340895.470000,296553.150000,280177.590000,176330638.580000,170447733.820000,148276573.620000,140088793.140000
2024-12-16,352726.280000,340820.480000,295887.640000,278829.970000,176363139.120000,170410238.110000,147943818.210000,139414983.230000
2024-12-17,350124.290000,338135.200000,292797.230000,277733.720000,175062144.010000,169067601.810000,146398613.690000,138866861.990000
2024-12-18,349822.300000,337377.290000,289868.570000,277188.680000,174911150.780000,168688642.650000,144934284.210000,138594337.640000
2024-12-19,347176.490000,334894.230000,288619.880000,276540.560000,173588243.350000,167447114.100000,144309940.120000,138270278.980000
2024-12-20,349591.100000,336995.940000,289677.070000,277374.660000,174795548.500000,168497969.880000,144838535.300000,138687331.030000
2024-12-23,350873.240000,338351.360000,291233.610000,278046.060000,175436619.980000,169175680.410000,145616807.420000,139023030.440000
2024-12-24,353219.240000,340776.480000,294120.150000,278123.920000,176609617.860000,170388239.190000,147060073.900000,139061961.800000
2024-12-27,356240.440000,346708.200000,311605.110000,278352.550000,178120220.730000,173354100.700000,155802556.770000,139176274.710000
2024-12-30,353754.340000,343733.780000,306607.080000,278852.570000,176877168.200000,171866891.090000,153303537.700000,139426283.050000
2024-12-31,354929.260000,344833.790000,307380.230000,279870.980000,177464630.990000,172416893.180000,153690117.180000,139935487.750000
2025-01-02,362035.270000,353094.360000,320026.420000,283621.730000,181017635.990000,176547179.500000,160013210.060000,141810866.600000
2025-01-03,365157.670000,357087.330000,327890.020000,283852.160000,182578836.380000,178543665.630000,163945011.640000,141926081.470000
2025-01-06,365523.350000,357320.460000,327088.040000,282824.810000,182761676.860000,178660230.670000,163544021.120000,141412405.340000
2025-01-07,362795.760000,354303.180000,322661.330000,282767.300000,181397878.310000,177151591.590000,161330667.300000,141383652.500000
2025-01-08,361543.340000,351697.940000,314622.790000,284707.900000,180771671.720000,175848970.270000,157311397.260000,142353950.550000
2025-01-09,363628.300000,353439.940000,315166.110000,286469.870000,181814150.210000,176719968.970000,157583054.740000,143234935.920000
2025-01-10,363625.840000,353084.120000,313420.590000,286860.520000,181812922.050000,176542060.430000,156710296.490000,143430261.370000
2025-01-13,361531.770000,350068.420000,306831.200000,286639.230000,180765882.850000,175034212.160000,153415600.340000,143319617.430000
2025-01-14,360840.360000,349202.130000,305255.410000,285807.100000,180420182.000000,174601064.080000,152627706.060000,142903551.630000
2025-01-15,365501.200000,354313.070000,312164.660000,287776.040000,182750599.300000,177156532.880000,156082327.590000,143888018.500000
2025-01-16,368908.080000,357549.050000,314621.440000,289484.120000,184454041.800000,178774526.440000,157310718.290000,144742060.350000
2025-01-17,372790.990000,361621.230000,319662.960000,291528.060000,186395495.260000,180810616.240000,159831478.080000,145764031.820000
2025-01-20,372033.150000,360620.170000,317661.490000,290203.490000,186016574.430000,180310082.550000,158830745.950000,145101743.880000
2025-01-21,371084.720000,359404.460000,315396.070000,289545.750000,185542358.460000,179702231.440000,157698036.690000,144772873.460000
2025-01-22,374905.840000,363196.160000,318856.230000,289594.690000,187452920.550000,181598079.050000,159428117.440000,144797345.760000
2025-01-23,375598.140000,364994.140000,325536.870000,289532.730000,187799068.400000,182497069.280000,162768435.540000,144766366.220000
2025-01-24,371032.820000,359519.490000,316455.960000,287273.910000,185516412.140000,179759747.140000,158227980.420000,143636954.140000
2025-01-27,360446.130000,348823.050000,306109.060000,286279.900000,180223063.480000,174411523.930000,153054530.130000,143139952.340000
2025-01-28,361136.860000,348623.560000,302457.860000,286246.090000,180568432.400000,174311778.940000,151228931.400000,143123047.070000
2025-01-29,362109.740000,349131.610000,301010.990000,286836.540000,181054870.570000,174565805.950000,150505494.520000,143418270.130000
2025-01-30,366270.310000,353499.000000,306105.260000,288087.280000,183135155.700000,176749498.330000,153052628.420000,144043641.050000
2025-01-31,369871.330000,356698.900000,307473.020000,289468.360000,184935665.250000,178349451.030000,153736511.010000,144734181.840000
2025-02-03,366855.090000,353843.660000,305412.200000,288547.960000,183427547.370000,176921831.490000,152706101.330000,144273981.550000
2025-02-04,370957.730000,357379.690000,307447.060000,287631.820000,185478862.520000,178689843.870000,153723532.350000,143815909.880000
2025-02-05,371603.900000,358460.470000,310110.070000,288757.010000,185801949.310000,179230232.730000,155055035.100000,144378505.120000
2025-02-06,375969.470000,361992.250000,311196.680000,291164.890000,187984734.390000,180996126.750000,155598340.460000,145582445.520000
2025-02-07,376927.990000,363472.170000,314631.770000,291236.700000,188463996.560000,181736087.120000,157315884.610000,145618351.710000
2025-02-10,381764.190000,367450.020000,315308.490000,293183.990000,190882094.990000,183725009.140000,157654244.760000,146591994.280000
2025-02-11,380995.070000,366054.170000,311390.360000,292731.220000,190497533.090000,183027083.400000,155695181.410000,146365612.390000
2025-02-12,381964.770000,368267.910000,319033.520000,292079.000000,190982384.310000,184133955.960000,159516759.690000,146039500.610000
2025-02-13,382576.630000,369128.700000,321083.980000,291778.260000,191288317.110000,184564347.550000,160541991.100000,145889131.880000
2025-02-14,379899.270000,366283.080000,317513.290000,290359.260000,189949636.610000,183141537.750000,158756644.290000,145179628.690000
2025-02-17,381253.010000,367636.410000,318940.240000,290574.980000,190626503.870000,183818203.640000,159470119.770000,145287490.910000
2025-02-18,384567.920000,371069.650000,322994.730000,292074.440000,192283959.380000,185534826.170000,161497366.550000,146037218.480000
2025-02-19,385135.900000,373371.680000,331746.020000,292543.100000,192567949.140000,186685838.910000,165873010.740000,146271551.590000
2025-02-20,380868.180000,367974.750000,321633.660000,291326.090000,190434090.330000,183987374.260000,160816832.000000,145663044.110000
2025-02-21,376741.210000,363431.430000,315239.060000,290443.640000,188370604.830000,181715715.140000,157619527.730000,145221821.760000
2025-02-24,372848.150000,359300.080000,310285.560000,290653.450000,186424073.220000,179650041.910000,155142778.970000,145326724.130000
2025-02-25,368349.030000,354543.300000,305106.500000,290452.320000,184174515.390000,177271649.290000,152553247.580000,145226160.560000
2025-02-26,370431.410000,356028.100000,303991.660000,290215.290000,185215704.390000,178014047.720000,151995832.370000,145107646.090000
2025-02-27,371035.660000,356212.700000,303440.320000,291743.620000,185517832.310000,178106347.890000,151720158.300000,145871809.930000
2025-02-28,370379.920000,355575.970000,303398.740000,292920.320000,185189959.860000,177787985.800000,151699372.480000,146460158.790000
2025-03-03,370225.060000,354729.070000,299858.290000,292481.680000,185112531.770000,177364534.430000,149929146.820000,146240841.870000
2025-03-04,364335.670000,349018.780000,294815.600000,290394.010000,182167837.290000,174509389.840000,147407800.730000,145197007.400000
2025-03-05,364857.140000,350254.580000,299043.530000,288519.160000,182428570.360000,175127288.490000,149521763.110000,144259579.390000
2025-03-06,360080.410000,344815.360000,290723.750000,285812.140000,180040203.270000,172407679.270000,145361874.710000,142906069.670000
2025-03-07,359804.430000,344456.050000,290332.000000,286365.880000,179902216.390000,172228023.260000,145166001.580000,143182941.480000
2025-03-10,352580.740000,336914.830000,280794.220000,283811.170000,176290368.470000,168457415.320000,140397109.660000,141905586.370000
2025-03-11,350402.260000,334444.500000,277238.050000,281706.690000,175201129.870000,167222247.750000,138619024.670000,140853346.820000
2025-03-12,354838.970000,338454.970000,279732.900000,282171.980000,177419485.070000,169227486.600000,139866447.790000,141085991.400000
2025-03-13,354642.650000,338135.930000,278903.960000,283580.050000,177321325.290000,169067964.520000,139451977.610000,141790023.230000
2025-03-14,360137.290000,343397.450000,283633.710000,285959.280000,180068645.640000,171698724.850000,141816853.950000,142979639.810000
2025-03-17,362321.950000,346091.090000,288544.520000,286744.890000,181160976.500000,173045545.360000,144272259.060000,143372447.240000
2025-03-18,361887.790000,345251.930000,286001.990000,287167.080000,180943892.800000,172625962.700000,143000996.970000,143583539.700000
2025-03-19,364213.210000,348014.480000,290479.900000,288078.300000,182106607.300000,174007242.270000,145239949.890000,144039149.330000
2025-03-20,363864.910000,347636.420000,289999.400000,288816.270000,181932457.280000,173818210.280000,144999700.610000,144408133.730000
2025-03-21,364530.290000,348501.300000,291682.490000,288939.740000,182265143.860000,174250648.090000,145841245.950000,144469871.560000
2025-03-24,367312.390000,350527.460000,290854.350000,288458.280000,183656192.590000,175263729.340000,145427172.910000,144229139.090000
2025-03-25,366648.450000,349428.070000,288229.250000,288503.730000,183324226.920000,174714036.400000,144114626.180000,144251864.120000
2025-03-26,365473.770000,348619.230000,288953.080000,289348.270000,182736886.360000,174309613.180000,144476540.950000,144674137.450000
2025-03-27,363628.400000,346955.950000,288097.140000,288829.420000,181814200.840000,173477977.380000,144048570.270000,144414708.820000
2025-03-28,359664.380000,343169.120000,284708.160000,288796.000000,179832189.820000,171584561.730000,142354078.960000,144398001.570000
2025-03-31,357868.470000,340981.810000,281040.010000,288939.930000,178934236.870000,170490906.620000,140520004.470000,144469963.600000
2025-04-01,360728.990000,343479.970000,282203.320000,290140.890000,180364495.840000,171739986.350000,141101660.480000,145070447.280000
2025-04-02,360019.090000,342623.510000,280801.000000,288892.180000,180009545.930000,171311757.250000,140400498.480000,144446089.210000
2025-04-03,346100.640000,329077.420000,268617.540000,283894.670000,173050321.380000,164538709.770000,134308768.780000,141947333.410000
2025-04-04,331095.790000,314485.120000,254270.160000,278438.790000,165547893.850000,157242560.110000,127135079.180000,139219393.590000
2025-04-07,327061.850000,309931.010000,247435.300000,275446.190000,163530923.830000,154965504.480000,123717649.010000,137723092.910000
2025-04-08,334220.290000,317192.670000,255097.190000,278612.990000,167110144.350000,158596336.270000,127548593.300000,139306494.690000
2025-04-09,332269.000000,315515.140000,254739.460000,275783.040000,166134498.820000,157757569.060000,127369728.520000,137891518.890000
2025-04-10,338455.530000,321370.840000,259130.210000,277830.150000,169227762.730000,160685420.030000,129565105.260000,138915074.370000
2025-04-11,339315.120000,323085.170000,263943.960000,276898.460000,169657559.120000,161542585.760000,131971980.790000,138449229.940000
2025-04-14,343191.450000,327364.200000,270282.620000,278675.140000,171595725.490000,163682100.870000,135141308.980000,139337572.250000
2025-04-15,345433.900000,329133.000000,270289.190000,279472.330000,172716949.520000,164566501.130000,135144594.180000,139736167.450000
2025-04-16,343375.630000,326656.940000,266053.100000,279735.810000,171687813.550000,163328467.680000,133026551.030000,139867906.060000
2025-04-17,342448.990000,326103.780000,267081.590000,279820.640000,171224492.860000,163051890.220000,133540797.120000,139910319.640000
2025-04-22,342859.750000,326700.420000,268176.330000,277770.920000,171429876.970000,163350211.690000,134088167.390000,138885460.630000
2025-04-23,348654.430000,332776.290000,275755.450000,280461.380000,174327217.140000,166388145.910000,137877726.730000,140230689.100000
2025-04-24,353944.480000,338250.370000,281849.060000,281764.680000,176972241.130000,169125182.520000,140924529.440000,140882340.780000
2025-04-25,354268.660000,338054.060000,279991.200000,281463.080000,177134327.820000,169027030.550000,139995599.770000,140731540.200000
2025-04-28,354006.950000,338049.620000,281103.280000,280854.980000,177003476.860000,169024807.910000,140551640.660000,140427487.730000
2025-04-29,355276.770000,339459.510000,282960.670000,281628.250000,177638383.010000,169729756.460000,141480334.570000,140814125.730000
2025-04-30,355384.750000,339556.080000,283016.960000,282701.050000,177692376.200000,169778039.820000,141508479.840000,141350525.170000
2025-05-01,357150.400000,341669.390000,286280.520000,282880.120000,178575201.530000,170834697.260000,143140258.360000,141440058.510000
2025-05-02,362593.220000,347259.590000,292749.080000,283361.280000,181296612.400000,173629793.090000,146374539.850000,141680638.080000
2025-05-06,358498.070000,342505.890000,284613.530000,280911.480000,179249034.920000,171252946.090000,142306765.460000,140455741.000000
2025-05-07,358190.680000,342370.080000,284895.100000,282011.690000,179095340.130000,171185041.750000,142447552.400000,141005845.040000
2025-05-08,363138.650000,347202.330000,289305.130000,282508.120000,181569326.670000,173601163.090000,144652562.620000,141254060.140000
2025-05-09,363600.720000,347507.520000,289119.920000,282583.980000,181800359.450000,173753761.900000,144559960.290000,141291989.690000
2025-05-12,369167.530000,352876.760000,293544.340000,282974.540000,184583766.360000,176438379.210000,146772170.240000,141487268.800000
2025-05-13,374198.970000,357723.640000,297866.940000,282552.180000,187099486.570000,178861821.180000,148933472.280000,141276087.770000
2025-05-14,372599.730000,356174.040000,296344.380000,280740.980000,186299863.020000,178087019.000000,148172190.100000,140370490.950000
2025-05-15,373477.310000,356970.160000,296854.540000,282203.310000,186738653.960000,178485078.370000,148427267.990000,141101653.710000
2025-05-16,373480.740000,356812.980000,296400.020000,283122.010000,186740372.130000,178406489.720000,148200009.290000,141561006.170000
2025-05-19,371549.760000,354841.240000,294319.000000,280918.760000,185774881.140000,177420619.320000,147159498.520000,140459377.560000
2025-05-20,373612.160000,357457.190000,298744.640000,281820.150000,186806079.080000,178728593.800000,149372321.700000,140910073.210000
2025-05-21,372408.060000,356005.330000,296180.700000,280110.060000,186204027.920000,178002665.890000,148090349.980000,140055028.560000
2025-05-22,370286.330000,354117.770000,295277.430000,279303.300000,185143165.100000,177058885.020000,147638713.420000,139651650.760000
2025-05-23,370562.570000,355925.370000,302979.130000,279530.610000,185281287.160000,177962686.480000,151489567.270000,139765302.850000
2025-05-27,373025.000000,358859.210000,307492.710000,280360.720000,186512499.640000,179429606.630000,153746356.230000,140180361.530000
2025-05-28,373917.510000,359615.490000,307705.230000,280554.840000,186958755.200000,179807743.360000,153852615.620000,140277420.380000
2025-05-29,373790.110000,359318.060000,306746.350000,280866.210000,186895053.430000,179659032.240000,153373173.960000,140433106.930000
2025-05-30,373250.420000,358445.510000,305240.280000,281590.610000,186625210.030000,179222752.520000,152620141.460000,140795306.650000
2025-06-02,375109.520000,360318.590000,307083.090000,281086.890000,187554758.400000,180159294.080000,153541545.020000,140543446.090000
2025-06-03,378520.120000,363443.400000,309008.050000,281797.160000,189260057.690000,181721700.440000,154504027.050000,140898580.550000
2025-06-04,378790.990000,364175.640000,311178.450000,281780.890000,189395495.580000,182087820.630000,155589226.450000,140890443.930000
2025-06-05,377399.310000,362664.240000,308807.140000,281127.650000,188699652.750000,181332118.690000,154403567.780000,140563825.740000
2025-06-06,379836.090000,365233.400000,312255.080000,281445.380000,189918043.030000,182616697.840000,156127540.270000,140722692.140000
2025-06-09,380803.490000,365762.360000,311255.270000,280933.610000,190401742.620000,182881179.320000,155627634.760000,140466804.690000
2025-06-10,382147.770000,366744.910000,310844.430000,281963.170000,191073885.560000,183372457.070000,155422216.560000,140981587.110000
2025-06-11,384019.270000,368233.600000,310885.430000,281769.940000,192009633.700000,184116800.020000,155442712.860000,140884969.520000
2025-06-12,385189.780000,369784.530000,313934.140000,282898.830000,192594888.970000,184892262.760000,156967070.200000,141449413.940000
2025-06-13,383487.320000,367047.040000,307403.010000,281875.400000,191743660.790000,183523519.610000,153701505.950000,140937702.290000
2025-06-16,386260.610000,370218.630000,312027.920000,282453.130000,193130306.710000,185109316.740000,156013961.420000,141226565.740000
2025-06-17,386845.940000,370185.190000,309485.550000,283457.210000,193422969.650000,185092594.680000,154742773.770000,141728603.950000
2025-06-18,388448.100000,371583.570000,310202.880000,285014.240000,194224049.060000,185791783.190000,155101439.770000,142507118.400000
2025-06-19,387529.890000,370637.810000,309443.180000,285050.650000,193764943.960000,185318904.220000,154721589.170000,142525324.550000
2025-06-20,386039.140000,369103.430000,307493.510000,284059.280000,193019568.290000,184551715.120000,153746753.220000,142029638.550000
2025-06-23,386111.820000,368591.120000,304866.950000,284498.600000,193055907.870000,184295560.440000,152433474.090000,142249302.050000
2025-06-24,386016.820000,369825.750000,310858.070000,282258.620000,193008412.170000,184912875.010000,155429037.390000,141129312.090000
2025-06-25,386113.810000,369747.570000,309819.570000,281794.990000,193056903.080000,184873783.210000,154909784.430000,140897497.220000
2025-06-26,386012.180000,369988.140000,311331.060000,281025.610000,193006090.110000,184994071.890000,155665527.590000,140512805.980000
2025-06-27,386519.350000,371232.500000,315101.440000,281824.880000,193259674.160000,185616248.190000,157550721.820000,140912441.270000
2025-06-30,386733.560000,371163.350000,314029.060000,281866.540000,193366778.360000,185581673.230000,157014527.900000,140933268.290000
2025-07-01,386344.470000,371341.320000,316356.780000,282579.850000,193172236.710000,185670658.020000,158178390.130000,141289922.920000
2025-07-02,390466.150000,375437.780000,320028.810000,284205.570000,195233072.690000,187718888.960000,160014402.740000,142102783.160000
2025-07-03,394387.740000,380877.520000,331322.860000,284901.300000,197193869.900000,190438759.790000,165661430.600000,142450649.970000
2025-07-04,394784.640000,381848.190000,334659.910000,285334.610000,197392322.160000,190924093.570000,167329957.010000,142667303.490000
2025-07-07,394085.310000,380746.790000,332059.130000,284225.330000,197042653.930000,190373395.490000,166029566.970000,142112663.870000
2025-07-08,396713.610000,383222.220000,333949.720000,285473.700000,198356804.970000,191611107.750000,166974859.420000,142736850.630000
2025-07-09,399954.380000,387438.560000,342108.040000,286724.760000,199977192.480000,193719279.120000,171054020.180000,143362379.670000
2025-07-10,403228.620000,391426.140000,348660.640000,288235.890000,201614312.470000,195713068.890000,174330318.550000,144117943.170000
2025-07-11,403819.450000,391041.620000,344359.640000,288768.140000,201909725.310000,195520811.980000,172179821.430000,144384069.180000
2025-07-14,406012.760000,393640.290000,348898.900000,289741.370000,203006378.680000,196820145.120000,174449447.870000,144870683.580000
2025-07-15,407917.950000,395701.000000,351127.800000,290125.890000,203958972.680000,197850497.540000,175563899.340000,145062947.250000
2025-07-16,405948.720000,394559.590000,353456.210000,289085.530000,202974362.310000,197279797.000000,176728105.770000,144542765.320000
2025-07-17,410144.700000,398440.020000,356007.580000,290554.740000,205072350.370000,199220008.980000,178003789.410000,145277371.180000
2025-07-18,410129.230000,398525.540000,356515.920000,290905.370000,205064616.440000,199262767.840000,178257961.780000,145452683.730000
2025-07-21,410990.860000,399502.520000,357753.590000,291117.120000,205495430.600000,199751258.850000,178876794.430000,145558562.270000
2025-07-22,408072.140000,396268.750000,353320.790000,290675.660000,204036068.810000,198134374.040000,176660397.110000,145337830.880000
2025-07-23,408566.400000,397394.330000,357769.070000,290222.040000,204283200.190000,198697165.090000,178884532.680000,145111021.080000
2025-07-24,410550.370000,399418.480000,360113.740000,290573.890000,205275186.190000,199709238.950000,180056868.160000,145286947.470000
2025-07-25,411914.500000,401064.740000,363029.770000,292494.130000,205957248.210000,200532370.730000,181514887.080000,146247066.680000
2025-07-28,413500.890000,402558.740000,364118.850000,292905.630000,206750446.370000,201279369.480000,182059424.110000,146452812.850000
2025-07-29,415543.110000,403274.560000,359585.780000,294460.640000,207771554.100000,201637278.630000,179792888.810000,147230321.540000
2025-07-30,415102.740000,402336.950000,356730.290000,294671.440000,207551368.450000,201168476.970000,178365145.660000,147335719.100000
2025-07-31,416757.470000,403708.640000,357221.270000,295830.100000,208378733.560000,201854319.400000,178610636.400000,147915052.260000
2025-08-01,412070.680000,398423.370000,349285.350000,295368.350000,206035341.340000,199211683.950000,174642675.710000,147684175.330000
2025-08-04,415442.290000,402030.780000,353531.990000,295571.470000,207721145.840000,201015388.630000,176765995.060000,147785735.030000
2025-08-05,415825.740000,402275.000000,353637.290000,295571.070000,207912870.860000,201137497.670000,176818647.310000,147785534.570000
2025-08-06,415857.620000,401859.120000,351846.930000,294899.420000,207928812.130000,200929558.680000,175923462.770000,147449709.190000
2025-08-07,414709.440000,400265.470000,347914.930000,293283.900000,207354722.000000,200132734.720000,173957462.650000,146641948.590000
2025-08-08,414178.860000,399164.840000,344489.390000,292202.300000,207089428.340000,199582420.850000,172244695.200000,146101152.400000
2025-08-11,414578.320000,399209.520000,343066.440000,292888.060000,207289161.610000,199604759.980000,171533218.150000,146444030.300000
2025-08-12,416077.830000,401436.050000,348677.020000,291954.930000,208038913.810000,200718027.010000,174338511.760000,145977466.480000
2025-08-13,416924.940000,403454.690000,355687.580000,292579.640000,208462470.160000,201727343.860000,177843790.510000,146289819.420000
2025-08-14,417788.240000,404678.850000,358487.040000,293114.430000,208894118.110000,202339422.780000,179243519.760000,146557217.070000
2025-08-15,415573.420000,403147.300000,359758.430000,292403.990000,207786708.230000,201573648.380000,179879212.760000,146201992.820000
2025-08-18,415726.880000,403270.420000,359744.700000,293192.280000,207863440.430000,201635207.740000,179872350.430000,146596140.340000
2025-08-19,413228.730000,400310.120000,354711.440000,293737.600000,206614363.840000,200155059.020000,177355719.460000,146868800.070000
2025-08-20,411543.750000,398044.240000,350318.500000,294001.140000,205771875.290000,199022121.050000,175159249.870000,147000569.890000
2025-08-21,413850.860000,400554.520000,353749.210000,294967.020000,206925431.890000,200277260.700000,176874605.520000,147483507.930000
2025-08-22,416957.650000,404048.270000,358731.990000,295574.040000,208478826.890000,202024137.150000,179365995.880000,147787019.830000
2025-08-26,417687.450000,404765.950000,359360.310000,296073.940000,208843725.350000,202382974.350000,179680155.020000,148036970.220000
2025-08-27,417788.480000,405004.970000,360057.590000,296619.270000,208894238.600000,202502485.570000,180028792.900000,148309637.080000
2025-08-28,418527.750000,405981.890000,362041.820000,296957.810000,209263873.780000,202990946.980000,181020911.880000,148478905.040000
2025-08-29,417490.960000,405211.270000,362531.380000,296955.180000,208745479.000000,202605637.070000,181265688.720000,148477590.650000
2025-09-01,418265.080000,405720.790000,362150.210000,296956.810000,209132539.620000,202860396.920000,181075106.310000,148478405.480000
2025-09-02,417515.760000,404437.440000,358473.280000,298024.890000,208757881.460000,202218720.170000,179236641.220000,149012442.540000
2025-09-03,419446.700000,406557.080000,361606.860000,299129.530000,209723352.360000,203278541.250000,180803428.420000,149564764.910000
2025-09-04,420144.750000,407045.270000,361094.410000,300052.990000,210072374.940000,203522632.800000,180547205.280000,150026495.130000
2025-09-05,420472.650000,408316.330000,365640.960000,299824.120000,210236324.500000,204158167.130000,182820482.450000,149912059.500000
2025-09-08,424759.740000,412705.570000,370108.910000,301112.020000,212379869.460000,206352785.820000,185054456.630000,150556008.060000
2025-09-09,425492.370000,413237.070000,369891.780000,301086.530000,212746186.080000,206618533.370000,184945889.300000,150543263.510000
2025-09-10,427961.460000,415330.000000,370553.300000,302001.780000,213980731.110000,207664999.930000,185276648.540000,151000889.250000
2025-09-11,429745.900000,417419.790000,373928.910000,302857.450000,214872951.360000,208709897.150000,186964457.180000,151428725.580000
2025-09-12,431170.190000,419087.350000,376555.890000,303125.900000,215585093.010000,209543677.290000,188277946.400000,151562950.710000
2025-09-15,432075.160000,420103.940000,377700.710000,302804.080000,216037577.800000,210051972.380000,188850355.080000,151402042.120000
2025-09-16,431485.930000,420191.690000,380467.700000,302018.720000,215742965.530000,210095845.260000,190233849.100000,151009358.550000
2025-09-17,430998.120000,420093.900000,381864.200000,301982.030000,215499057.950000,210046947.620000,190932100.720000,150991014.200000
2025-09-18,438664.490000,428705.210000,394011.410000,303796.140000,219332246.700000,214352602.810000,197005706.230000,151898067.950000
2025-09-19,441604.910000,432374.800000,401091.640000,305459.810000,220802456.130000,216187399.100000,200545821.530000,152729906.930000
2025-09-22,444652.750000,435709.480000,405551.080000,305862.130000,222326376.230000,217854740.600000,202775538.030000,152931065.090000
2025-09-23,447391.990000,437718.630000,404204.720000,306426.030000,223695996.420000,218859313.450000,202102359.660000,153213015.710000
2025-09-24,447531.840000,437866.020000,404444.950000,307435.740000,223765919.630000,218933007.920000,202222473.640000,153717868.190000
2025-09-25,447559.720000,437330.980000,401336.860000,307881.900000,223779861.780000,218665491.530000,200668431.430000,153940952.210000
2025-09-26,450034.780000,440419.510000,407433.250000,308382.200000,225017390.900000,220209757.210000,203716627.330000,154191099.360000
2025-09-29,449540.040000,439064.490000,401891.300000,308220.480000,224770020.540000,219532244.420000,200945650.260000,154110241.670000
2025-09-30,449663.030000,438994.340000,401212.580000,307922.860000,224831513.450000,219497168.620000,200606289.100000,153961430.300000
2025-10-01,453235.350000,443069.410000,408169.370000,309191.070000,226617673.350000,221534702.850000,204084686.160000,154595535.900000
2025-10-02,457184.020000,448047.050000,416916.250000,310630.850000,228592010.200000,224023524.310000,208458122.680000,155315422.930000
2025-10-03,459568.930000,451619.030000,425309.400000,311567.550000,229784466.940000,225809512.700000,212654697.630000,155783776.180000
2025-10-06,464072.750000,455684.040000,427235.580000,312752.510000,232036374.160000,227842019.660000,213617790.300000,156376255.050000
2025-10-07,463977.470000,455587.870000,427312.350000,313808.900000,231988732.980000,227793935.450000,213656172.920000,156904448.770000
2025-10-08,470291.540000,462689.640000,437448.510000,316669.660000,235145768.630000,231344821.980000,218724254.190000,158334830.870000
2025-10-09,470236.120000,462381.250000,435908.170000,317433.820000,235118062.000000,231190626.160000,217954085.440000,158716912.360000
2025-10-10,461451.280000,454260.220000,430370.750000,314422.450000,230725641.400000,227130109.180000,215185374.230000,157211224.690000
2025-10-13,465569.800000,458589.060000,435054.960000,315449.680000,232784901.060000,229294529.440000,217527477.950000,157724840.100000
2025-10-14,466604.250000,459600.710000,435887.510000,317533.460000,233302124.040000,229800357.180000,217943757.470000,158766728.280000
2025-10-15,471786.780000,467407.810000,454238.960000,318039.630000,235893392.400000,233703906.450000,227119477.560000,159019813.710000
2025-10-16,472696.720000,467910.590000,452236.670000,317597.710000,236348358.200000,233955292.650000,226118335.740000,158798857.220000
2025-10-17,467838.530000,462452.550000,444074.440000,317194.830000,233919262.600000,231226273.540000,222037220.560000,158597412.780000
2025-10-20,478856.150000,476388.340000,470921.780000,320159.780000,239428073.560000,238194171.860000,235460891.680000,160079888.590000
2025-10-21,474654.820000,471425.110000,463207.230000,319673.540000,237327411.850000,235712556.670000,231603614.830000,159836771.460000
2025-10-22,471288.350000,468260.890000,461517.940000,319339.420000,235644172.600000,234130445.780000,230758969.690000,159669709.960000
2025-10-23,478659.560000,474985.450000,464971.590000,322040.960000,239329778.240000,237492724.400000,232485793.090000,161020478.220000
2025-10-24,480168.030000,476465.120000,466762.960000,322491.410000,240084014.030000,238232561.720000,233381480.910000,161245702.600000
2025-10-27,483916.610000,481111.430000,475293.330000,322542.900000,241958303.930000,240555715.910000,237646665.130000,161271450.010000
2025-10-28,485073.430000,481155.750000,470046.250000,322901.670000,242536715.410000,240577877.310000,235023124.540000,161450832.520000
2025-10-29,491633.100000,487456.840000,475370.210000,324732.300000,245816549.270000,243728417.650000,237685105.280000,162366149.940000
2025-10-30,491911.400000,487690.510000,475434.810000,325408.300000,245955697.730000,243845252.750000,237717406.170000,162704149.370000
2025-10-31,491040.510000,486909.190000,475310.380000,325110.540000,245520255.530000,243454597.300000,237655188.460000,162555269.810000
2025-11-03,491745.680000,486710.040000,471009.290000,324678.620000,245872840.390000,243355021.590000,235504643.830000,162339309.730000
2025-11-04,486623.330000,480005.810000,457047.260000,325532.650000,243311664.980000,240002906.810000,228523629.760000,162766323.380000
2025-11-05,487884.230000,481179.100000,457865.030000,325702.520000,243942112.950000,240589548.720000,228932514.750000,162851260.520000
2025-11-06,480179.940000,472866.040000,447119.070000,324231.610000,240089970.440000,236433019.400000,223559535.490000,162115806.670000
2025-11-07,474915.850000,466862.580000,438324.580000,322514.020000,237457925.330000,233431289.220000,219162287.500000,161257010.270000
2025-11-10,485508.210000,477781.330000,450642.910000,324811.970000,242754103.290000,238890663.560000,225321455.180000,162405982.780000
2025-11-11,486186.470000,477863.830000,448444.620000,326083.970000,243093233.200000,238931913.660000,224222310.950000,163041985.730000
2025-11-12,489655.700000,481649.940000,452912.710000,328285.590000,244827851.260000,240824971.090000,226456353.420000,164142792.950000
2025-11-13,482495.860000,474160.030000,444281.880000,326287.110000,241247928.370000,237080013.440000,222140940.140000,163143556.440000
2025-11-14,480608.350000,472220.210000,442341.650000,325649.500000,240304174.240000,236110104.310000,221170823.990000,162824749.970000
2025-11-17,477285.890000,469144.690000,440368.500000,324562.390000,238642944.080000,234572346.450000,220184252.290000,162281196.420000
2025-11-18,471489.730000,463424.640000,435015.890000,323710.200000,235744865.390000,231712320.830000,217507944.020000,161855098.250000
2025-11-19,472959.030000,464895.310000,435966.200000,325369.580000,236479517.370000,232447653.780000,217983099.340000,162684789.060000
2025-11-20,473403.670000,465788.290000,438757.690000,326130.330000,236701836.140000,232894143.490000,219378843.170000,163065166.660000
2025-11-21,464684.020000,455908.770000,424272.240000,324661.880000,232342010.060000,227954385.200000,212136122.440000,162330940.810000
2025-11-24,471380.370000,462874.880000,432127.770000,325880.240000,235690186.880000,231437439.120000,216063886.550000,162940121.300000
2025-11-25,471034.390000,462958.120000,434367.240000,325849.770000,235517194.810000,231479059.910000,217183620.560000,162924884.240000
2025-11-26,476183.770000,467773.390000,437319.870000,326211.380000,238091884.790000,233886694.550000,218659937.130000,163105688.560000
2025-11-27,475137.690000,466645.690000,435853.000000,325771.330000,237568847.040000,233322846.850000,217926501.580000,162885663.160000
2025-11-28,479048.690000,470813.120000,440889.630000,326753.090000,239524345.140000,235406559.460000,220444815.380000,163376543.240000
2025-12-01,476638.190000,466748.980000,429174.010000,325221.600000,238319097.450000,233374487.770000,214587005.820000,162610799.320000
2025-12-02,477648.540000,467496.220000,428867.600000,325525.920000,238824270.500000,233748108.540000,214433800.520000,162762957.570000
2025-12-03,478867.910000,469732.060000,435508.590000,323485.070000,239433952.840000,234866029.530000,217754297.360000,161742533.770000
2025-12-04,479921.580000,471166.690000,438460.250000,322979.090000,239960790.450000,235583343.640000,219230125.930000,161489543.110000
2025-12-05,480786.420000,471947.920000,438861.930000,323095.690000,240393210.880000,235973962.260000,219430967.430000,161547842.730000
2025-12-08,480671.270000,471737.570000,438138.560000,322212.860000,240335635.310000,235868782.850000,219069281.860000,161106428.400000
2025-12-09,481391.830000,472266.520000,437517.990000,322074.790000,240695914.850000,236133257.520000,218758993.630000,161037397.430000
2025-12-10,482453.930000,473757.480000,441101.380000,322081.590000,241226965.770000,236878740.300000,220550690.630000,161040793.330000
2025-12-11,481198.070000,472857.810000,441839.490000,321904.580000,240599034.360000,236428905.480000,220919746.640000,160952288.880000
2025-12-12,478105.530000,469165.180000,435492.610000,321810.050000,239052764.960000,234582592.490000,217746305.050000,160905025.580000
2025-12-15,478116.170000,468231.480000,430784.130000,322248.660000,239058083.630000,234115739.610000,215392063.660000,161124328.270000
2025-12-16,473868.120000,464177.640000,427493.750000,320367.750000,236934062.280000,232088821.800000,213746875.550000,160183874.890000
2025-12-17,471952.150000,461736.630000,422969.460000,321292.020000,235976076.460000,230868313.770000,211484732.390000,160646011.680000
2025-12-18,478098.480000,467413.420000,426603.510000,322790.060000,239049238.930000,233706710.240000,213301754.760000,161395031.690000
2025-12-19,483817.420000,473622.410000,434967.650000,324234.930000,241908710.330000,236811206.350000,217483826.840000,162117466.870000
2025-12-22,486488.070000,477353.720000,443257.030000,323985.110000,243244035.920000,238676861.240000,221628514.570000,161992554.840000
2025-12-23,486406.970000,476785.940000,440541.670000,323485.990000,243203485.920000,238392968.520000,220270834.600000,161742994.930000
2025-12-24,486415.300000,477080.880000,441935.000000,322834.480000,243207651.730000,238540440.730000,220967499.430000,161417240.020000
2025-12-29,483816.490000,475356.570000,444024.270000,323802.880000,241908243.270000,237678284.400000,222012136.890000,161901441.050000
2025-12-30,484764.410000,475131.840000,438551.040000,324347.790000,242382207.240000,237565917.840000,219275521.020000,162173896.810000
2025-12-31,483636.560000,474455.570000,440055.350000,324302.440000,241818281.030000,237227786.350000,220027673.400000,162151218.950000
2026-01-02,485696.990000,476852.920000,443101.540000,323618.970000,242848496.500000,238426459.080000,221550768.520000,161809483.150000
2026-01-05,493847.620000,485428.330000,452990.030000,325200.200000,246923807.860000,242714166.760000,226495017.010000,162600098.780000
2026-01-06,496683.800000,486835.180000,448379.040000,325902.570000,248341898.580000,243417588.350000,224189522.390000,162951282.750000
2026-01-07,496461.950000,487572.050000,453303.620000,326762.950000,248230975.010000,243786026.650000,226651810.270000,163381476.060000
2026-01-08,493759.230000,485025.150000,451666.020000,326873.720000,246879617.300000,242512576.070000,225833009.500000,163436861.200000
2026-01-09,500033.780000,490290.970000,452263.480000,328354.940000,250016892.150000,245145487.090000,226131740.370000,164177471.100000
2026-01-12,502993.380000,493303.530000,455206.280000,328822.890000,251496688.350000,246651767.390000,227603141.180000,164411447.240000
2026-01-13,506263.720000,495824.800000,454275.430000,330559.150000,253131860.800000,247912399.350000,227137716.780000,165279574.320000
2026-01-14,504170.480000,494060.720000,454329.480000,330285.490000,252085237.990000,247030362.450000,227164739.100000,165142744.790000
2026-01-15,506841.720000,495487.730000,449251.150000,329950.950000,253420860.370000,247743864.530000,224625573.080000,164975474.090000
2026-01-16,506615.930000,495890.330000,452403.500000,329580.990000,253307963.760000,247945166.330000,226201750.980000,164790494.440000
2026-01-19,503707.520000,493134.710000,450239.720000,327957.550000,251853761.570000,246567356.770000,225119860.940000,163978777.030000
2026-01-20,505054.590000,494297.030000,449763.240000,327507.100000,252527296.350000,247148517.420000,224881619.170000,163753550.820000
2026-01-21,508218.190000,497308.580000,451102.600000,328615.580000,254109094.700000,248654292.050000,225551299.940000,164307788.260000
2026-01-22,510832.750000,501712.060000,463008.370000,329416.500000,255416377.100000,250856028.400000,231504184.540000,164708251.360000
2026-01-23,510894.990000,501714.770000,462796.230000,328767.070000,255447494.390000,250857385.890000,231398117.300000,164383533.130000
2026-01-26,506402.130000,496072.800000,452440.510000,327038.090000,253201067.360000,248036401.930000,226220255.410000,163519046.170000
2026-01-27,510304.500000,500106.600000,456781.110000,327648.910000,255152247.600000,250053302.070000,228390556.520000,163824455.530000
2026-01-28,511366.290000,500657.230000,453709.470000,327160.440000,255683143.220000,250328614.820000,226854735.350000,163580220.390000
2026-01-29,510180.940000,499410.200000,452464.780000,327865.700000,255090467.570000,249705098.370000,226232389.940000,163932850.250000
2026-01-30,506309.000000,495197.290000,447695.330000,327488.630000,253154501.200000,247598644.610000,223847665.090000,163744315.870000
2026-02-02,503139.980000,492413.180000,447729.890000,328005.460000,251569991.590000,246206591.750000,223864943.470000,164002727.960000
2026-02-03,505560.270000,493891.300000,445090.050000,328423.150000,252780136.210000,246945651.420000,222545026.590000,164211576.920000
2026-02-04,498648.360000,486141.750000,434398.040000,330180.540000,249324178.100000,243070873.280000,217199021.700000,165090269.500000
2026-02-05,494087.570000,480376.650000,423280.920000,329244.980000,247043785.450000,240188325.690000,211640460.840000,164622489.570000
2026-02-06,502127.960000,488195.540000,430203.650000,331246.170000,251063981.220000,244097769.140000,215101826.090000,165623086.670000
2026-02-09,510228.670000,497364.560000,443298.030000,332903.950000,255114336.900000,248682278.520000,221649015.330000,166451975.740000
2026-02-10,507805.970000,495149.900000,442097.870000,332774.010000,253902984.240000,247574947.660000,221048935.810000,166387003.350000
2026-02-11,510880.790000,497077.990000,439355.530000,334643.500000,255440393.920000,248538992.630000,219677765.620000,167321750.720000
2026-02-12,503233.130000,489660.150000,433014.010000,332424.320000,251616566.710000,244830073.120000,216507006.700000,166212158.950000
2026-02-13,505304.530000,490949.730000,430790.150000,333650.490000,252652267.170000,245474863.250000,215395075.370000,166825244.940000
2026-02-16,505570.770000,491341.110000,431977.510000,334220.960000,252785384.200000,245670553.960000,215988754.020000,167110481.960000
2026-02-17,506273.490000,491317.110000,429439.740000,335880.600000,253136742.840000,245658555.760000,214719870.470000,167940298.420000
2026-02-18,514776.790000,499241.290000,434769.960000,338293.570000,257388393.580000,249620643.730000,217384980.640000,169146784.500000
2026-02-19,516877.280000,501909.240000,439833.020000,339703.130000,258438637.890000,250954621.820000,219916510.830000,169851567.480000
2026-02-20,518520.200000,503041.110000,438708.460000,339976.120000,259260098.730000,251520554.930000,219354230.750000,169988060.590000
2026-02-23,518561.440000,502448.190000,435044.770000,340662.830000,259280722.110000,251224096.170000,217522386.420000,170331414.930000
2026-02-24,519183.920000,503851.710000,439425.280000,340508.340000,259591959.390000,251925856.060000,219712637.590000,170254169.910000
2026-02-25,527779.410000,513347.560000,452516.220000,343264.490000,263889704.400000,256673779.020000,226258109.910000,171632242.880000
2026-02-26,527504.230000,513463.820000,454913.890000,344573.160000,263752115.200000,256731908.600000,227456946.510000,172286580.960000
2026-02-27,529288.820000,514437.220000,452861.920000,347051.760000,264644411.850000,257218612.090000,226430962.140000,173525881.270000
2026-03-02,532672.230000,517512.330000,454604.890000,345650.720000,266336115.930000,258756163.810000,227302444.270000,172825359.010000
2026-03-03,523045.220000,507395.820000,443553.060000,341335.820000,261522609.210000,253697909.250000,221776531.720000,170667911.400000
2026-03-04,527175.100000,511462.460000,447665.190000,342116.690000,263587548.660000,255731229.540000,223832596.700000,171058347.360000
2026-03-05,524433.750000,508576.490000,444620.580000,341026.520000,262216875.690000,254288243.870000,222310288.790000,170513260.420000
2026-03-06,526134.430000,509659.860000,443414.130000,340225.790000,263067212.790000,254829931.880000,221707066.040000,170112893.180000
2026-03-09,526638.890000,510229.010000,445302.620000,340332.100000,263319447.250000,255114503.190000,222651310.990000,170166051.440000
2026-03-10,531123.160000,516311.450000,456200.760000,341752.090000,265561581.540000,258155725.140000,228100377.830000,170876047.010000
2026-03-11,531972.280000,517255.980000,457839.410000,340959.700000,265986138.140000,258627988.060000,228919706.730000,170479847.880000
2026-03-12,530974.860000,515193.510000,452176.170000,341214.980000,265487428.040000,257596753.220000,226088087.410000,170607488.840000
2026-03-13,528749.180000,512251.950000,446255.760000,341013.960000,264374591.190000,256125975.660000,223127880.940000,170506978.010000
2026-03-16,530749.610000,513961.350000,447260.730000,341522.120000,265374806.360000,256980672.910000,223630363.010000,170761060.900000
2026-03-17,532659.030000,515644.670000,448118.380000,342595.100000,266329514.330000,257822334.800000,224059189.720000,171297548.600000
2026-03-18,531003.350000,513651.130000,444902.240000,341440.130000,265501676.420000,256825565.010000,222451117.880000,170720064.900000
2026-03-19,519070.620000,501667.190000,433849.180000,336394.330000,259535307.820000,250833592.850000,216924592.200000,168197164.000000
2026-03-20,513955.200000,496967.340000,430211.640000,334009.780000,256977598.340000,248483668.570000,215105818.330000,167004891.820000
2026-03-23,510781.670000,494464.130000,431178.990000,332039.230000,255390834.910000,247232064.910000,215589495.140000,166019613.110000
2026-03-24,510416.650000,492995.920000,424870.230000,332109.420000,255208324.780000,246497958.440000,212435112.870000,166054709.440000
2026-03-25,516972.710000,500268.180000,434363.670000,334630.360000,258486354.300000,250134089.360000,217181834.920000,167315178.730000
2026-03-26,509789.310000,493430.380000,429736.460000,332934.980000,254894657.410000,246715187.990000,214868230.530000,166467488.160000
2026-03-27,508321.390000,490594.270000,421279.840000,333518.810000,254160697.440000,245297135.870000,210639920.430000,166759403.510000
2026-03-30,509562.120000,491428.510000,421128.420000,337350.670000,254781057.640000,245714255.460000,210564211.100000,168675332.630000
2026-03-31,516562.240000,499631.890000,434326.660000,339121.470000,258281117.900000,249815944.920000,217163329.030000,169560732.750000
2026-04-01,525829.850000,509109.020000,443566.850000,340206.480000,262914925.960000,254554508.590000,221783423.340000,170103239.540000
2026-04-02,526461.160000,509701.960000,444590.920000,341723.070000,263230578.230000,254850979.850000,222295460.140000,170861536.460000
2026-04-07,526288.600000,508973.740000,441524.030000,340628.440000,263144299.250000,254486868.310000,220762016.230000,170314221.330000
2026-04-08,532822.600000,516963.920000,453994.040000,341110.260000,266411300.430000,258481959.080000,226997021.980000,170555131.940000
2026-04-09,534740.000000,518436.610000,453192.870000,341825.800000,267369998.010000,259218306.040000,226596433.770000,170912901.880000
2026-04-10,535370.130000,518292.180000,449303.880000,340916.260000,267685065.200000,259146088.510000,224651938.430000,170458128.150000
2026-04-13,537411.320000,520837.600000,454308.230000,340814.020000,268705658.530000,260418799.120000,227154113.170000,170407011.430000
2026-04-14,538926.550000,523173.140000,459328.550000,339798.520000,269463275.390000,261586571.440000,229664273.040000,169899261.010000
2026-04-15,540385.070000,525117.980000,463056.410000,339378.440000,270192535.410000,262558988.970000,231528202.740000,169689218.330000
2026-04-16,544696.680000,530098.310000,470406.690000,340873.440000,272348341.630000,265049153.720000,235203343.910000,170436719.870000
2026-04-17,548092.150000,534853.490000,480426.310000,342341.770000,274046075.500000,267426745.150000,240213156.610000,171170884.370000
2026-04-20,547003.190000,533556.450000,478472.600000,342713.210000,273501594.190000,266778225.220000,239236299.580000,171356606.040000
2026-04-21,544867.750000,531601.300000,476809.670000,341904.110000,272433875.500000,265800647.980000,238404834.090000,170952054.260000
2026-04-22,550436.100000,538438.050000,488652.520000,343161.940000,275218051.030000,269219025.610000,244326258.040000,171580972.480000
2026-04-23,550747.920000,537478.440000,481902.810000,343145.250000,275373960.500000,268739218.140000,240951404.160000,171572623.860000
2026-04-24,554513.450000,541026.100000,483491.900000,342738.320000,277256726.890000,270513052.240000,241745948.370000,171369158.920000
2026-04-27,550513.020000,536593.270000,477874.620000,340376.480000,275256509.220000,268296635.950000,238937312.040000,170188238.130000
2026-04-28,545316.670000,531000.260000,471722.190000,340244.200000,272658337.100000,265500129.330000,235861092.520000,170122101.820000
2026-04-29,547168.010000,531964.950000,468520.260000,339762.170000,273584004.380000,265982473.640000,234260132.160000,169881085.530000
2026-04-30,551760.300000,536943.250000,475268.380000,339319.780000,275880151.250000,268471624.220000,237634190.450000,169659891.790000
2026-05-01,553430.330000,538500.000000,475853.010000,338913.260000,276715163.430000,269250002.140000,237926506.280000,169456630.360000
2026-05-05,557618.920000,544407.760000,487567.840000,340239.090000,278809460.080000,272203881.010000,243783919.490000,170119543.980000
2026-05-06,565391.600000,552066.130000,493516.360000,341421.210000,282695800.100000,276033064.900000,246758177.990000,170710606.510000
2026-05-07,564158.400000,551266.090000,494339.850000,341342.400000,282079201.160000,275633044.090000,247169924.150000,170671200.840000
2026-05-08,564803.020000,550766.130000,488754.290000,340590.230000,282401507.740000,275383064.000000,244377146.760000,170295113.370000
2026-05-11,573138.780000,560909.290000,505881.230000,340990.680000,286569390.840000,280454643.500000,252940614.810000,170495339.200000
2026-05-12,569041.130000,556775.410000,502683.280000,342119.120000,284520565.820000,278387707.320000,251341639.050000,171059559.050000
2026-05-13,573934.060000,561248.260000,504618.410000,342676.550000,286967030.590000,280624128.410000,252309206.050000,171338272.750000
2026-05-14,579696.830000,567907.480000,514549.520000,344881.140000,289848415.460000,283953739.020000,257274758.960000,172440571.930000
2026-05-15,573492.770000,560575.700000,503550.030000,344697.530000,286746386.880000,280287850.870000,251775015.000000,172348765.960000
2026-05-18,569876.780000,556211.510000,497547.780000,343794.250000,284938388.770000,278105753.740000,248773888.190000,171897124.410000
2026-05-19,565971.410000,552161.370000,493085.110000,341921.040000,282985703.290000,276080683.310000,246542555.300000,170960517.740000
2026-05-20,572623.020000,558182.700000,495879.010000,342998.180000,286311508.630000,279091351.160000,247939502.600000,171499090.700000
2026-05-21,575032.840000,561566.900000,503243.000000,343869.780000,287516421.150000,280783447.640000,251621502.470000,171934891.660000
2026-05-22,579393.040000,566177.640000,508374.360000,344190.940000,289696517.950000,283088819.100000,254187181.370000,172095470.410000
2026-05-26,584486.830000,572322.290000,517958.190000,345362.290000,292243415.080000,286161147.220000,258979095.360000,172681146.790000
2026-05-27,584591.380000,574674.970000,529628.240000,346052.680000,292295688.700000,287337484.610000,264814119.560000,173026342.010000
2026-05-28,589434.700000,578679.370000,529858.580000,346067.510000,294717349.430000,289339686.980000,264929287.570000,173033756.320000
2026-05-29,592691.780000,581557.540000,531570.500000,345988.060000,296345891.090000,290778767.500000,265785248.610000,172994027.840000
2026-06-01,594078.560000,582850.780000,532351.850000,345305.130000,297039277.540000,291425392.440000,266175925.450000,172652565.440000
2026-06-02,594958.170000,582026.470000,523489.970000,345468.450000,297479085.880000,291013235.550000,261744986.470000,172734224.870000
2026-06-03,592651.610000,578709.830000,515515.280000,345152.860000,296325806.190000,289354916.410000,257757640.690000,172576428.130000
2026-06-04,589520.240000,576255.870000,516337.490000,345785.710000,294760118.880000,288127937.460000,258168746.770000,172892853.990000
2026-06-05,576126.850000,561121.550000,495645.850000,344785.760000,288063427.150000,280560775.600000,247822924.870000,172392880.310000
2026-06-08,580152.810000,565178.910000,499590.680000,345678.660000,290076407.140000,282589452.770000,249795338.740000,172839329.550000
2026-06-09,565752.780000,550685.390000,485006.170000,342619.810000,282876388.340000,275342696.450000,242503085.260000,171309903.640000
2026-06-10,561503.550000,545103.500000,474159.960000,341935.960000,280751774.300000,272551750.780000,237079979.380000,170967979.230000
2026-06-11,567172.590000,550759.220000,479614.800000,343869.440000,283586296.860000,275379611.950000,239807398.970000,171934719.870000
2026-06-12,575638.290000,558511.540000,482714.720000,344266.570000,287819144.890000,279255770.280000,241357358.330000,172133283.430000
2026-06-15,584371.880000,567796.650000,493137.740000,345183.750000,292185939.080000,283898323.120000,246568869.680000,172591874.870000
2026-06-16,580833.770000,564105.950000,489487.260000,345346.010000,290416886.880000,282052973.680000,244743629.420000,172673002.890000
2026-06-17,583878.500000,567507.850000,493930.750000,346180.050000,291939251.430000,283753926.200000,246965376.860000,173090026.540000
2026-06-18,588104.830000,572375.140000,500361.270000,348335.650000,294052415.840000,286187568.590000,250180633.820000,174167822.600000
2026-06-19,589392.060000,573968.990000,503652.280000,348366.700000,294696031.790000,286984497.250000,251826142.170000,174183351.610000
2026-06-22,587583.510000,571602.000000,498562.360000,347901.490000,293791757.470000,285800999.860000,249281179.930000,173950745.800000
2026-06-23,577982.470000,561724.680000,488828.940000,348276.280000,288991235.440000,280862338.370000,244414471.440000,174138142.270000
2026-06-24,573777.530000,556994.910000,482552.220000,349640.970000,286888763.730000,278497455.900000,241276111.520000,174820486.670000
2026-06-25,572777.290000,554811.750000,475159.770000,348690.920000,286388645.860000,277405873.200000,237579886.500000,174345457.610000
2026-06-26,570711.030000,552786.060000,473806.060000,349065.600000,285355515.020000,276393029.160000,236903029.250000,174532801.300000
2026-06-29,572395.500000,555674.110000,481810.730000,348554.780000,286197750.760000,277837052.980000,240905362.980000,174277390.640000
2026-06-30,580118.140000,563079.200000,486945.350000,348959.280000,290059069.290000,281539598.580000,243472673.130000,174479641.280000
2026-07-01,577867.720000,561468.730000,488520.500000,347738.380000,288933862.290000,280734364.830000,244260251.060000,173869188.820000
2026-07-02,574820.950000,558819.920000,489152.730000,347723.230000,287410473.150000,279409961.750000,244576366.430000,173861613.120000
2026-07-03,577885.030000,561062.530000,487721.000000,347927.690000,288942514.190000,280531266.400000,243860501.940000,173963843.370000
2026-07-06,578176.960000,560768.460000,484935.150000,347569.520000,289088479.830000,280384231.500000,242467576.620000,173784760.750000
2026-07-07,569192.810000,551838.000000,477842.110000,346261.030000,284596405.720000,275919002.260000,238921053.720000,173130514.770000
2026-07-08,568035.280000,550111.380000,474173.360000,344407.410000,284017638.250000,275055689.440000,237086682.160000,172203704.530000
2026-07-09,574463.550000,556485.850000,477938.070000,344584.050000,287231776.750000,278242926.490000,238969033.150000,172292026.560000
2026-07-10,571152.620000,553093.500000,473941.760000,343590.680000,285576308.810000,276546749.510000,236970880.900000,171795338.530000
2026-07-13,568425.060000,549158.420000,466067.260000,343559.270000,284212530.180000,274579207.670000,233033629.370000,171779634.230000
2026-07-14,573362.280000,553201.140000,466151.740000,344076.430000,286681141.270000,276600568.860000,233075867.810000,172038217.260000
2026-07-15,567057.750000,548018.870000,466365.690000,342613.400000,283528874.160000,274009435.890000,233182845.960000,171306702.240000
2026-07-16,562744.510000,541930.180000,453658.590000,342056.370000,281372257.180000,270965092.290000,226829293.190000,171028183.660000
2026-07-17,559261.990000,537856.240000,447976.930000,342710.430000,279630994.000000,268928121.850000,223988463.420000,171355215.950000
2026-07-20,561861.680000,540090.650000,448313.400000,342469.740000,280930838.610000,270045325.100000,224156697.610000,171234868.590000
2026-07-21,570856.780000,548990.220000,456011.600000,343857.100000,285428390.830000,274495111.390000,228005797.980000,171928548.780000
2026-07-22,574933.790000,552552.640000,457202.760000,344802.550000,287466897.290000,276276318.300000,228601382.420000,172401273.420000
2026-07-23,571223.940000,548610.520000,453033.530000,344878.620000,285611971.130000,274305258.750000,226516764.420000,172439309.940000
2026-07-24,569410.750000,546060.670000,448220.880000,345312.480000,284705372.860000,273030333.430000,224110441.030000,172656241.380000
2026-07-27,565233.940000,543175.250000,451358.580000,346065.780000,282616972.470000,271587626.220000,225679292.190000,173032889.860000
2026-07-28,559780.180000,537503.220000,445249.070000,347259.620000,279890088.840000,268751608.360000,222624532.850000,173629810.300000
2026-07-29,556799.700000,533898.190000,440193.960000,347220.140000,278399850.130000,266949094.870000,220096977.690000,173610068.440000
2026-07-30,562044.530000,538778.570000,442738.720000,343815.840000,281022264.180000,269389286.840000,221369361.150000,171907918.590000
2026-07-31,560629.870000,537551.390000,442378.990000,342768.560000,280314935.530000,268775696.030000,221189494.010000,171384282.080000
2026-08-03,562639.030000,540559.190000,448355.670000,343094.730000,281319512.950000,270279594.010000,224177834.900000,171547365.460000
2026-08-04,577255.690000,554414.880000,459488.940000,344589.540000,288627847.190000,277207441.990000,229744471.030000,172294768.310000
2026-08-05,578970.310000,556188.930000,460915.620000,344394.040000,289485154.180000,278094464.720000,230457807.880000,172197019.870000
2026-08-06,579947.320000,557184.020000,461867.080000,345059.040000,289973658.500000,278592012.070000,230933539.320000,172529521.460000
2026-08-07,586036.610000,563069.230000,467185.920000,344795.680000,293018307.110000,281534616.100000,233592960.720000,172397838.100000
2026-08-10,585794.040000,562492.640000,466170.580000,344687.090000,292897020.310000,281246321.490000,233085288.840000,172343544.300000
2026-08-11,587622.490000,565083.450000,471177.480000,344285.570000,293811242.580000,282541727.130000,235588741.690000,172142786.080000
2026-08-12,591492.870000,568962.890000,474067.350000,344892.080000,295746434.680000,284481443.910000,237033673.820000,172446040.270000
2026-08-13,592771.090000,569921.080000,473869.830000,345056.570000,296385542.810000,284960539.770000,236934912.880000,172528284.540000
2026-08-14,588975.330000,566335.670000,471198.350000,343157.670000,294487665.910000,283167837.070000,235599173.420000,171578832.600000
2026-08-17,592331.390000,569023.710000,470770.050000,342666.270000,296165696.560000,284511854.800000,235385024.120000,171333134.010000
2026-08-18,585633.120000,562706.670000,467516.410000,342873.800000,292816557.860000,281353333.230000,233758205.730000,171436898.430000
2026-08-19,586586.920000,564440.750000,472411.800000,342685.800000,293293460.280000,282220373.300000,236205899.780000,171342897.870000
2026-08-20,585368.300000,562788.870000,469005.010000,341442.530000,292684150.060000,281394434.370000,234502503.320000,170721264.730000
2026-08-21,589408.380000,566642.970000,471959.860000,341642.570000,294704188.500000,283321485.600000,235979928.950000,170821287.080000
2026-08-24,586143.550000,563448.090000,469111.950000,342275.210000,293071775.340000,281724045.300000,234555973.170000,171137602.560000
2026-08-25,589069.520000,567829.390000,478835.650000,343719.750000,294534762.250000,283914693.480000,239417826.240000,171859873.930000
2026-08-26,588013.710000,565447.730000,471501.290000,343553.690000,294006854.160000,282723866.510000,235750645.270000,171776846.540000
2026-08-27,590104.230000,567285.820000,472247.520000,343401.390000,295052116.020000,283642910.410000,236123762.380000,171700694.150000
2026-08-28,590615.350000,567103.470000,469611.420000,343476.160000,295307672.540000,283551737.080000,234805707.680000,171738081.220000
2026-09-01,583470.500000,559838.170000,462960.890000,342583.200000,291735249.550000,279919086.890000,231480447.340000,171291601.380000
2026-09-02,584021.160000,560020.940000,461719.760000,342923.580000,292010579.180000,280010472.300000,230859880.060000,171461791.050000
2026-09-03,588839.910000,564318.900000,464470.840000,344181.110000,294419954.060000,282159447.770000,232235419.710000,172090555.640000
2026-09-04,589451.030000,565211.380000,465668.240000,343693.130000,294725516.310000,282605691.380000,232834119.420000,171846564.410000
2026-09-07,591057.850000,566572.740000,466189.620000,342876.060000,295528925.340000,283286371.900000,233094808.750000,171438029.150000
2026-09-08,590702.750000,565819.580000,463400.370000,342546.550000,295351374.580000,282909790.090000,231700182.960000,171273273.850000
2026-09-09,588359.890000,563386.950000,460674.780000,341435.230000,294179943.320000,281693472.970000,230337391.970000,170717617.250000
2026-09-10,585413.250000,559559.140000,454124.770000,340518.250000,292706625.680000,279779571.750000,227062385.290000,170259125.940000
2026-09-11,587108.780000,560070.490000,450150.840000,340705.190000,293554392.390000,280035246.110000,225075418.740000,170352595.440000
2026-09-14,580244.990000,551723.110000,438001.300000,340828.950000,290122493.150000,275861554.650000,219000649.360000,170414476.590000
2026-09-15,578947.570000,549825.270000,434061.690000,340545.650000,289473782.810000,274912636.790000,217030844.100000,170272824.700000
2026-09-16,581641.040000,551662.920000,432394.440000,341420.470000,290820518.740000,275831458.340000,216197219.160000,170710235.660000
