ts,symbol,side,qty,price
2021-09-16T21:00:00+00:00,AL3.AX,BUY,1541.0000,364.2100
2021-09-16T21:00:00+00:00,ALCLS.PA,BUY,519.0000,1252.0400
2021-09-16T21:00:00+00:00,ALMDT.PA,BUY,390.0000,1272.2300
2021-09-16T21:00:00+00:00,AXE.AX,BUY,231.0000,884.4600
2021-09-16T21:00:00+00:00,AZN.L,BUY,57319.0000,120.7600
2021-09-16T21:00:00+00:00,BGO.L,BUY,3918.0000,386.8400
2021-09-16T21:00:00+00:00,BRK-B,BUY,45216.0000,121.7000
2021-09-16T21:00:00+00:00,BRNT.L,BUY,10781.0000,152.1700
2021-09-16T21:00:00+00:00,DBMG.L,BUY,42008.0000,110.2400
2021-09-16T21:00:00+00:00,EDIT,BUY,31.0000,5723.8300
2021-09-16T21:00:00+00:00,EMV.AX,BUY,4070.0000,263.8600
2021-09-16T21:00:00+00:00,FTC.L,BUY,7036.0000,151.0100
2021-09-16T21:00:00+00:00,GSIT,BUY,2385.0000,343.0400
2021-09-16T21:00:00+00:00,HSBA.L,BUY,18672.0000,102.5400
2021-09-16T21:00:00+00:00,IBTM.L,BUY,328062.0000,111.6300
2021-09-16T21:00:00+00:00,IDN,BUY,763.0000,552.9000
2021-09-16T21:00:00+00:00,IITU.L,BUY,44232.0000,126.0100
2021-09-16T21:00:00+00:00,IPWR,BUY,151.0000,547.1600
2021-09-16T21:00:00+00:00,ISF.L,BUY,61036.0000,112.6500
2021-09-16T21:00:00+00:00,LTBR,BUY,560.0000,208.8400
2021-09-16T21:00:00+00:00,MOLN.SW,BUY,1533.0000,566.4400
2021-09-16T21:00:00+00:00,PLTR,BUY,674.0000,409.6300
2021-09-16T21:00:00+00:00,PRQR,BUY,123.0000,1307.8400
2021-09-16T21:00:00+00:00,QSI,BUY,105.0000,1243.8700
2021-09-16T21:00:00+00:00,RR.L,BUY,3531.0000,164.6400
2021-09-16T21:00:00+00:00,SEYE.ST,BUY,1409.0000,561.2900
2021-09-16T21:00:00+00:00,SGLN.L,BUY,133449.0000,104.6100
2021-09-16T21:00:00+00:00,SHEL.L,BUY,12717.0000,116.1600
2021-09-16T21:00:00+00:00,SLX.AX,BUY,1413.0000,250.9900
2021-09-16T21:00:00+00:00,SMGB.L,BUY,20287.0000,131.1400
2021-09-16T21:00:00+00:00,VUL.AX,BUY,254.0000,753.7200
2021-09-16T21:00:00+00:00,VYGR,BUY,3426.0000,120.5300
2021-09-16T21:00:00+00:00,WBT.AX,BUY,1045.0000,249.8500
2021-10-15T21:00:00+00:00,AL3.AX,SELL,83.0000,361.3700
2021-10-15T21:00:00+00:00,ALCLS.PA,SELL,208.0000,1000.1100
2021-10-15T21:00:00+00:00,ALMDT.PA,SELL,37.0000,1373.1800
2021-10-15T21:00:00+00:00,AXE.AX,SELL,12.0000,912.1900
2021-10-15T21:00:00+00:00,AZN.L,SELL,3314.0000,130.4600
2021-10-15T21:00:00+00:00,BGO.L,BUY,2090.0000,307.0200
2021-10-15T21:00:00+00:00,BRK-B,SELL,12587.0000,126.2800
2021-10-15T21:00:00+00:00,BRNT.L,SELL,3512.0000,176.2900
2021-10-15T21:00:00+00:00,DBMG.L,SELL,8119.0000,112.1400
2021-10-15T21:00:00+00:00,EDIT,BUY,23.0000,3614.5300
2021-10-15T21:00:00+00:00,EMV.AX,SELL,235.0000,272.7500
2021-10-15T21:00:00+00:00,FTC.L,BUY,1792.0000,140.9400
2021-10-15T21:00:00+00:00,GSIT,BUY,1642.0000,310.6500
2021-10-15T21:00:00+00:00,HSBA.L,SELL,6346.0000,120.6900
2021-10-15T21:00:00+00:00,IBTM.L,BUY,42053.0000,109.7400
2021-10-15T21:00:00+00:00,IDN,SELL,71.0000,537.6500
2021-10-15T21:00:00+00:00,IITU.L,SELL,12786.0000,125.3900
2021-10-15T21:00:00+00:00,IPWR,SELL,12.0000,539.5400
2021-10-15T21:00:00+00:00,ISF.L,SELL,8775.0000,116.1400
2021-10-15T21:00:00+00:00,LTBR,SELL,104.0000,262.0900
2021-10-15T21:00:00+00:00,MOLN.SW,BUY,923.0000,564.2400
2021-10-15T21:00:00+00:00,PLTR,BUY,92.0000,347.9000
2021-10-15T21:00:00+00:00,PRQR,SELL,29.0000,1267.1700
2021-10-15T21:00:00+00:00,QSI,SELL,10.0000,1260.2500
2021-10-15T21:00:00+00:00,RR.L,SELL,1567.0000,218.2400
2021-10-15T21:00:00+00:00,SEYE.ST,BUY,281.0000,506.1000
2021-10-15T21:00:00+00:00,SGLN.L,BUY,21098.0000,105.8500
2021-10-15T21:00:00+00:00,SHEL.L,SELL,4617.0000,140.5800
2021-10-15T21:00:00+00:00,SLX.AX,BUY,1017.0000,210.7400
2021-10-15T21:00:00+00:00,SMGB.L,SELL,5974.0000,126.5300
2021-10-15T21:00:00+00:00,VUL.AX,BUY,231.0000,609.8000
2021-10-15T21:00:00+00:00,VYGR,SELL,1681.0000,165.2500
2021-10-15T21:00:00+00:00,WBT.AX,BUY,204.0000,288.3400
2021-11-15T21:00:00+00:00,AL3.AX,SELL,210.0000,364.1100
2021-11-15T21:00:00+00:00,ALCLS.PA,BUY,32.0000,982.3100
2021-11-15T21:00:00+00:00,ALMDT.PA,SELL,106.0000,1344.2900
2021-11-15T21:00:00+00:00,AXE.AX,BUY,22.0000,873.1400
2021-11-15T21:00:00+00:00,AZN.L,SELL,16137.0000,133.0300
2021-11-15T21:00:00+00:00,BGO.L,SELL,3054.0000,336.8400
2021-11-15T21:00:00+00:00,BRK-B,BUY,3632.0000,128.8600
2021-11-15T21:00:00+00:00,BRNT.L,BUY,1180.0000,173.8200
2021-11-15T21:00:00+00:00,DBMG.L,BUY,5840.0000,117.1000
2021-11-15T21:00:00+00:00,EDIT,BUY,21.0000,3485.7500
2021-11-15T21:00:00+00:00,EMV.AX,SELL,167.0000,246.0400
2021-11-15T21:00:00+00:00,FTC.L,SELL,2526.0000,157.7200
2021-11-15T21:00:00+00:00,GSIT,SELL,2167.0000,382.2800
2021-11-15T21:00:00+00:00,HSBA.L,BUY,2737.0000,121.3900
2021-11-15T21:00:00+00:00,IBTM.L,BUY,33476.0000,112.1600
2021-11-15T21:00:00+00:00,IDN,BUY,331.0000,384.5000
2021-11-15T21:00:00+00:00,IITU.L,SELL,446.0000,137.9700
2021-11-15T21:00:00+00:00,IPWR,BUY,91.0000,579.4900
2021-11-15T21:00:00+00:00,ISF.L,BUY,13060.0000,118.1100
2021-11-15T21:00:00+00:00,LTBR,SELL,177.0000,535.7200
2021-11-15T21:00:00+00:00,MOLN.SW,BUY,521.0000,436.9200
2021-11-15T21:00:00+00:00,PLTR,BUY,349.0000,345.7200
2021-11-15T21:00:00+00:00,PRQR,BUY,55.0000,1271.3000
2021-11-15T21:00:00+00:00,QSI,BUY,6.0000,1177.9000
2021-11-15T21:00:00+00:00,RR.L,BUY,417.0000,217.3900
2021-11-15T21:00:00+00:00,SEYE.ST,SELL,850.0000,650.5100
2021-11-15T21:00:00+00:00,SGLN.L,SELL,24895.0000,114.0200
2021-11-15T21:00:00+00:00,SHEL.L,BUY,2093.0000,134.4400
2021-11-15T21:00:00+00:00,SLX.AX,BUY,171.0000,210.8100
2021-11-15T21:00:00+00:00,SMGB.L,SELL,1002.0000,147.5000
2021-11-15T21:00:00+00:00,VUL.AX,BUY,228.0000,562.3300
2021-11-15T21:00:00+00:00,VYGR,BUY,362.0000,140.4300
2021-11-15T21:00:00+00:00,WBT.AX,BUY,62.0000,275.4100
2021-12-14T21:00:00+00:00,AL3.AX,BUY,240.0000,337.1000
2021-12-14T21:00:00+00:00,ALCLS.PA,BUY,83.0000,767.7600
2021-12-14T21:00:00+00:00,ALMDT.PA,BUY,329.0000,1274.6400
2021-12-14T21:00:00+00:00,AXE.AX,BUY,129.0000,629.6800
2021-12-14T21:00:00+00:00,AZN.L,BUY,10836.0000,122.0500
2021-12-14T21:00:00+00:00,BGO.L,BUY,2331.0000,335.9600
2021-12-14T21:00:00+00:00,BRK-B,SELL,4344.0000,135.6100
2021-12-14T21:00:00+00:00,BRNT.L,SELL,1398.0000,163.2500
2021-12-14T21:00:00+00:00,DBMG.L,SELL,2174.0000,114.4600
2021-12-14T21:00:00+00:00,EDIT,BUY,3.0000,2814.6400
2021-12-14T21:00:00+00:00,EMV.AX,BUY,3352.0000,246.6400
2021-12-14T21:00:00+00:00,FTC.L,BUY,2355.0000,151.0100
2021-12-14T21:00:00+00:00,GSIT,BUY,2232.0000,301.6300
2021-12-14T21:00:00+00:00,HSBA.L,BUY,6645.0000,120.8300
2021-12-14T21:00:00+00:00,IBTM.L,SELL,93794.0000,115.2600
2021-12-14T21:00:00+00:00,IDN,BUY,254.0000,345.7500
2021-12-14T21:00:00+00:00,IITU.L,BUY,17418.0000,140.7900
2021-12-14T21:00:00+00:00,IPWR,BUY,119.0000,373.8400
2021-12-14T21:00:00+00:00,ISF.L,BUY,14801.0000,116.1300
2021-12-14T21:00:00+00:00,LTBR,BUY,181.0000,276.3000
2021-12-14T21:00:00+00:00,MOLN.SW,SELL,1511.0000,473.0500
2021-12-14T21:00:00+00:00,PLTR,BUY,687.0000,279.5200
2021-12-14T21:00:00+00:00,PRQR,BUY,25.0000,1096.2500
2021-12-14T21:00:00+00:00,QSI,BUY,488.0000,895.9000
2021-12-14T21:00:00+00:00,RR.L,BUY,3097.0000,176.8400
2021-12-14T21:00:00+00:00,SEYE.ST,BUY,701.0000,582.1700
2021-12-14T21:00:00+00:00,SGLN.L,BUY,3047.0000,110.0200
2021-12-14T21:00:00+00:00,SHEL.L,BUY,1483.0000,129.8600
2021-12-14T21:00:00+00:00,SLX.AX,BUY,408.0000,168.3500
2021-12-14T21:00:00+00:00,SMGB.L,BUY,3983.0000,146.6500
2021-12-14T21:00:00+00:00,VUL.AX,SELL,29.0000,638.2500
2021-12-14T21:00:00+00:00,VYGR,SELL,691.0000,115.4900
2021-12-14T21:00:00+00:00,WBT.AX,BUY,574.0000,230.9700
2022-01-17T21:00:00+00:00,AL3.AX,BUY,1158.0000,318.6500
2022-01-17T21:00:00+00:00,ALCLS.PA,SELL,17.0000,699.8100
2022-01-17T21:00:00+00:00,ALMDT.PA,SELL,43.0000,1284.6000
2022-01-17T21:00:00+00:00,AXE.AX,SELL,6.0000,682.3200
2022-01-17T21:00:00+00:00,AZN.L,BUY,7807.0000,130.0900
2022-01-17T21:00:00+00:00,BGO.L,BUY,1916.0000,337.7200
2022-01-17T21:00:00+00:00,BRK-B,SELL,4897.0000,143.5500
2022-01-17T21:00:00+00:00,BRNT.L,SELL,414.0000,184.5200
2022-01-17T21:00:00+00:00,DBMG.L,BUY,11793.0000,111.3300
2022-01-17T21:00:00+00:00,EDIT,BUY,12.0000,2094.1600
2022-01-17T21:00:00+00:00,EMV.AX,BUY,1858.0000,223.2500
2022-01-17T21:00:00+00:00,FTC.L,BUY,2391.0000,154.3600
2022-01-17T21:00:00+00:00,GSIT,SELL,1430.0000,295.5300
2022-01-17T21:00:00+00:00,HSBA.L,SELL,7286.0000,144.2700
2022-01-17T21:00:00+00:00,IBTM.L,BUY,13958.0000,108.5100
2022-01-17T21:00:00+00:00,IDN,SELL,170.0000,320.0400
2022-01-17T21:00:00+00:00,IITU.L,SELL,8382.0000,134.5000
2022-01-17T21:00:00+00:00,IPWR,BUY,54.0000,342.5500
2022-01-17T21:00:00+00:00,ISF.L,SELL,22600.0000,122.5700
2022-01-17T21:00:00+00:00,LTBR,BUY,89.0000,267.8900
2022-01-17T21:00:00+00:00,MOLN.SW,SELL,656.0000,729.0000
2022-01-17T21:00:00+00:00,PLTR,BUY,184.0000,231.3200
2022-01-17T21:00:00+00:00,PRQR,BUY,197.0000,1083.5200
2022-01-17T21:00:00+00:00,QSI,SELL,293.0000,853.0000
2022-01-17T21:00:00+00:00,RR.L,SELL,2096.0000,190.0700
2022-01-17T21:00:00+00:00,SEYE.ST,BUY,505.0000,434.9300
2022-01-17T21:00:00+00:00,SGLN.L,BUY,10590.0000,109.4100
2022-01-17T21:00:00+00:00,SHEL.L,SELL,1831.0000,147.7800
2022-01-17T21:00:00+00:00,SLX.AX,SELL,661.0000,198.4400
2022-01-17T21:00:00+00:00,SMGB.L,BUY,1152.0000,149.5000
2022-01-17T21:00:00+00:00,VUL.AX,BUY,150.0000,498.8900
2022-01-17T21:00:00+00:00,VYGR,BUY,1339.0000,118.1100
2022-01-17T21:00:00+00:00,WBT.AX,BUY,230.0000,273.3300
2022-02-15T21:00:00+00:00,AL3.AX,SELL,442.0000,274.3300
2022-02-15T21:00:00+00:00,ALCLS.PA,BUY,179.0000,541.5600
2022-02-15T21:00:00+00:00,ALMDT.PA,SELL,171.0000,1130.0100
2022-02-15T21:00:00+00:00,AXE.AX,BUY,150.0000,562.2800
2022-02-15T21:00:00+00:00,AZN.L,SELL,12309.0000,131.5000
2022-02-15T21:00:00+00:00,BGO.L,SELL,4253.0000,335.9600
2022-02-15T21:00:00+00:00,BRK-B,SELL,835.0000,141.9100
2022-02-15T21:00:00+00:00,BRNT.L,SELL,1512.0000,199.6700
2022-02-15T21:00:00+00:00,DBMG.L,SELL,7688.0000,115.7900
2022-02-15T21:00:00+00:00,EDIT,BUY,114.0000,1598.8000
2022-02-15T21:00:00+00:00,EMV.AX,SELL,1654.0000,179.0700
2022-02-15T21:00:00+00:00,FTC.L,BUY,261.0000,157.7200
2022-02-15T21:00:00+00:00,GSIT,SELL,112.0000,274.6300
2022-02-15T21:00:00+00:00,HSBA.L,SELL,3393.0000,154.2200
2022-02-15T21:00:00+00:00,IBTM.L,BUY,66164.0000,107.5400
2022-02-15T21:00:00+00:00,IDN,BUY,1417.0000,240.8700
2022-02-15T21:00:00+00:00,IITU.L,SELL,16336.0000,129.2700
2022-02-15T21:00:00+00:00,IPWR,SELL,1.0000,319.0200
2022-02-15T21:00:00+00:00,ISF.L,SELL,14129.0000,122.8600
2022-02-15T21:00:00+00:00,LTBR,SELL,147.0000,294.2300
2022-02-15T21:00:00+00:00,MOLN.SW,SELL,143.0000,758.2200
2022-02-15T21:00:00+00:00,PLTR,BUY,1648.0000,207.4700
2022-02-15T21:00:00+00:00,PRQR,BUY,957.0000,204.6500
2022-02-15T21:00:00+00:00,QSI,BUY,199.0000,600.9300
2022-02-15T21:00:00+00:00,RR.L,SELL,522.0000,181.6400
2022-02-15T21:00:00+00:00,SEYE.ST,SELL,791.0000,407.3700
2022-02-15T21:00:00+00:00,SGLN.L,BUY,25952.0000,112.2300
2022-02-15T21:00:00+00:00,SHEL.L,SELL,3297.0000,159.1000
2022-02-15T21:00:00+00:00,SLX.AX,BUY,8.0000,168.8100
2022-02-15T21:00:00+00:00,SMGB.L,SELL,6587.0000,134.8800
2022-02-15T21:00:00+00:00,VUL.AX,BUY,96.0000,456.7000
2022-02-15T21:00:00+00:00,VYGR,SELL,831.0000,149.4000
2022-02-15T21:00:00+00:00,WBT.AX,BUY,49.0000,261.5100
2022-03-16T21:00:00+00:00,AL3.AX,BUY,2294.0000,241.0100
2022-03-16T21:00:00+00:00,ALCLS.PA,SELL,95.0000,442.8500
2022-03-16T21:00:00+00:00,ALMDT.PA,SELL,33.0000,1004.6600
2022-03-16T21:00:00+00:00,AXE.AX,BUY,99.0000,521.4600
2022-03-16T21:00:00+00:00,AZN.L,SELL,505.0000,142.0400
2022-03-16T21:00:00+00:00,BGO.L,BUY,1499.0000,313.1600
2022-03-16T21:00:00+00:00,BRK-B,BUY,2157.0000,156.4700
2022-03-16T21:00:00+00:00,BRNT.L,SELL,2483.0000,232.9300
2022-03-16T21:00:00+00:00,DBMG.L,SELL,13653.0000,124.8400
2022-03-16T21:00:00+00:00,EDIT,BUY,34.0000,1609.6100
2022-03-16T21:00:00+00:00,EMV.AX,BUY,6217.0000,180.2700
2022-03-16T21:00:00+00:00,FTC.L,BUY,10645.0000,142.6200
2022-03-16T21:00:00+00:00,GSIT,BUY,403.0000,258.4400
2022-03-16T21:00:00+00:00,HSBA.L,BUY,2159.0000,141.4100
2022-03-16T21:00:00+00:00,IBTM.L,SELL,2998.0000,109.8400
2022-03-16T21:00:00+00:00,IDN,BUY,1909.0000,155.4200
2022-03-16T21:00:00+00:00,IITU.L,BUY,2324.0000,126.1900
2022-03-16T21:00:00+00:00,IPWR,BUY,158.0000,318.8000
2022-03-16T21:00:00+00:00,ISF.L,BUY,2466.0000,118.9100
2022-03-16T21:00:00+00:00,LTBR,BUY,121.0000,377.7800
2022-03-16T21:00:00+00:00,MOLN.SW,BUY,405.0000,591.7200
2022-03-16T21:00:00+00:00,PLTR,SELL,1305.0000,179.0600
2022-03-16T21:00:00+00:00,PRQR,BUY,226.0000,160.3900
2022-03-16T21:00:00+00:00,QSI,SELL,165.0000,598.7700
2022-03-16T21:00:00+00:00,RR.L,BUY,1218.0000,142.4800
2022-03-16T21:00:00+00:00,SEYE.ST,BUY,169.0000,365.8300
2022-03-16T21:00:00+00:00,SGLN.L,SELL,25976.0000,119.6000
2022-03-16T21:00:00+00:00,SHEL.L,BUY,2067.0000,154.0700
2022-03-16T21:00:00+00:00,SLX.AX,BUY,343.0000,191.9100
2022-03-16T21:00:00+00:00,SMGB.L,SELL,312.0000,131.4000
2022-03-16T21:00:00+00:00,VUL.AX,BUY,198.0000,479.8000
2022-03-16T21:00:00+00:00,VYGR,SELL,893.0000,309.9400
2022-03-16T21:00:00+00:00,WBT.AX,BUY,37.0000,229.9200
2022-04-14T21:00:00+00:00,AL3.AX,SELL,150.0000,208.1200
2022-04-14T21:00:00+00:00,ALCLS.PA,BUY,842.0000,415.4400
2022-04-14T21:00:00+00:00,ALMDT.PA,BUY,463.0000,1065.0900
2022-04-14T21:00:00+00:00,AXE.AX,SELL,178.0000,543.2500
2022-04-14T21:00:00+00:00,AZN.L,SELL,12977.0000,158.9300
2022-04-14T21:00:00+00:00,BGO.L,BUY,1899.0000,317.5400
2022-04-14T21:00:00+00:00,BRK-B,BUY,5266.0000,159.4000
2022-04-14T21:00:00+00:00,BRNT.L,SELL,45.0000,259.4100
2022-04-14T21:00:00+00:00,DBMG.L,BUY,2644.0000,138.9900
2022-04-14T21:00:00+00:00,EDIT,SELL,111.0000,1651.0700
2022-04-14T21:00:00+00:00,EMV.AX,SELL,8244.0000,202.6200
2022-04-14T21:00:00+00:00,FTC.L,SELL,4919.0000,151.0100
2022-04-14T21:00:00+00:00,GSIT,BUY,577.0000,223.0200
2022-04-14T21:00:00+00:00,HSBA.L,BUY,2130.0000,149.4300
2022-04-14T21:00:00+00:00,IBTM.L,SELL,14095.0000,105.1700
2022-04-14T21:00:00+00:00,IDN,SELL,1879.0000,141.5000
2022-04-14T21:00:00+00:00,IITU.L,BUY,13941.0000,126.3200
2022-04-14T21:00:00+00:00,IPWR,BUY,73.0000,316.2500
2022-04-14T21:00:00+00:00,ISF.L,BUY,14128.0000,124.4900
2022-04-14T21:00:00+00:00,LTBR,SELL,151.0000,363.4800
2022-04-14T21:00:00+00:00,MOLN.SW,BUY,215.0000,584.3600
2022-04-14T21:00:00+00:00,PLTR,SELL,442.0000,187.5700
2022-04-14T21:00:00+00:00,PRQR,SELL,556.0000,131.8500
2022-04-14T21:00:00+00:00,QSI,SELL,2.0000,645.7800
2022-04-14T21:00:00+00:00,RR.L,BUY,166.0000,141.0500
2022-04-14T21:00:00+00:00,SEYE.ST,BUY,1658.0000,323.0000
2022-04-14T21:00:00+00:00,SGLN.L,SELL,9874.0000,123.5600
2022-04-14T21:00:00+00:00,SHEL.L,BUY,144.0000,177.4100
2022-04-14T21:00:00+00:00,SLX.AX,SELL,1309.0000,268.9100
2022-04-14T21:00:00+00:00,SMGB.L,BUY,10770.0000,123.5700
2022-04-14T21:00:00+00:00,VUL.AX,SELL,362.0000,499.3300
2022-04-14T21:00:00+00:00,VYGR,SELL,80.0000,374.5400
2022-04-14T21:00:00+00:00,WBT.AX,SELL,629.0000,240.4200
2022-05-18T21:00:00+00:00,AL3.AX,SELL,261.0000,199.3000
2022-05-18T21:00:00+00:00,ALCLS.PA,SELL,749.0000,341.6900
2022-05-18T21:00:00+00:00,ALMDT.PA,SELL,491.0000,866.4300
2022-05-18T21:00:00+00:00,AXE.AX,BUY,879.0000,420.2200
2022-05-18T21:00:00+00:00,AZN.L,SELL,4946.0000,154.5300
2022-05-18T21:00:00+00:00,BGO.L,SELL,2500.0000,292.9800
2022-05-18T21:00:00+00:00,BRK-B,SELL,12356.0000,149.1800
2022-05-18T21:00:00+00:00,BRNT.L,BUY,2486.0000,275.6200
2022-05-18T21:00:00+00:00,DBMG.L,BUY,25415.0000,151.7800
2022-05-18T21:00:00+00:00,EDIT,SELL,28.0000,1115.8300
2022-05-18T21:00:00+00:00,EMV.AX,BUY,2045.0000,174.1000
2022-05-18T21:00:00+00:00,FTC.L,SELL,1740.0000,137.5800
2022-05-18T21:00:00+00:00,GSIT,SELL,1373.0000,206.7700
2022-05-18T21:00:00+00:00,HSBA.L,SELL,5512.0000,141.7400
2022-05-18T21:00:00+00:00,IBTM.L,BUY,9470.0000,109.8700
2022-05-18T21:00:00+00:00,IDN,SELL,1291.0000,128.8300
2022-05-18T21:00:00+00:00,IITU.L,SELL,17843.0000,119.6300
2022-05-18T21:00:00+00:00,IPWR,SELL,270.0000,413.4700
2022-05-18T21:00:00+00:00,ISF.L,BUY,27122.0000,122.1000
2022-05-18T21:00:00+00:00,LTBR,SELL,84.0000,269.5900
2022-05-18T21:00:00+00:00,MOLN.SW,BUY,868.0000,222.9000
2022-05-18T21:00:00+00:00,PLTR,SELL,654.0000,127.1300
2022-05-18T21:00:00+00:00,PRQR,SELL,291.0000,111.8000
2022-05-18T21:00:00+00:00,QSI,SELL,116.0000,592.0400
2022-05-18T21:00:00+00:00,RR.L,BUY,3237.0000,127.9900
2022-05-18T21:00:00+00:00,SEYE.ST,SELL,1425.0000,185.3500
2022-05-18T21:00:00+00:00,SGLN.L,SELL,17531.0000,120.3200
2022-05-18T21:00:00+00:00,SHEL.L,BUY,7682.0000,191.8600
2022-05-18T21:00:00+00:00,SLX.AX,BUY,294.0000,207.8000
2022-05-18T21:00:00+00:00,SMGB.L,SELL,11641.0000,124.2100
2022-05-18T21:00:00+00:00,VUL.AX,BUY,419.0000,409.0800
2022-05-18T21:00:00+00:00,VYGR,SELL,694.0000,278.0100
2022-05-18T21:00:00+00:00,WBT.AX,BUY,523.0000,234.0000
2022-06-20T21:00:00+00:00,AL3.AX,BUY,312.0000,172.8100
2022-06-20T21:00:00+00:00,ALCLS.PA,BUY,213.0000,267.4800
2022-06-20T21:00:00+00:00,ALMDT.PA,BUY,78.0000,995.1600
2022-06-20T21:00:00+00:00,AXE.AX,SELL,268.0000,364.5100
2022-06-20T21:00:00+00:00,AZN.L,BUY,7425.0000,151.6600
2022-06-20T21:00:00+00:00,BGO.L,BUY,10962.0000,229.8200
2022-06-20T21:00:00+00:00,BRK-B,BUY,1384.0000,131.7900
2022-06-20T21:00:00+00:00,BRNT.L,BUY,1530.0000,296.7100
2022-06-20T21:00:00+00:00,DBMG.L,BUY,62784.0000,156.9700
2022-06-20T21:00:00+00:00,EDIT,BUY,43.0000,1187.4900
2022-06-20T21:00:00+00:00,EMV.AX,BUY,1660.0000,125.5600
2022-06-20T21:00:00+00:00,FTC.L,BUY,5548.0000,144.3000
2022-06-20T21:00:00+00:00,GSIT,BUY,173.0000,231.4000
2022-06-20T21:00:00+00:00,HSBA.L,SELL,2341.0000,153.7500
2022-06-20T21:00:00+00:00,IBTM.L,SELL,105678.0000,108.3700
2022-06-20T21:00:00+00:00,IDN,BUY,160.0000,121.1800
2022-06-20T21:00:00+00:00,IITU.L,SELL,2967.0000,113.1300
2022-06-20T21:00:00+00:00,IPWR,SELL,30.0000,459.3900
2022-06-20T21:00:00+00:00,ISF.L,SELL,53603.0000,117.0700
2022-06-20T21:00:00+00:00,LTBR,BUY,13.0000,226.7100
2022-06-20T21:00:00+00:00,MOLN.SW,SELL,77.0000,248.0800
2022-06-20T21:00:00+00:00,PLTR,BUY,379.0000,132.1500
2022-06-20T21:00:00+00:00,PRQR,BUY,261.0000,130.4100
2022-06-20T21:00:00+00:00,QSI,BUY,61.0000,478.2700
2022-06-20T21:00:00+00:00,RR.L,BUY,2316.0000,138.1300
2022-06-20T21:00:00+00:00,SEYE.ST,BUY,457.0000,177.0000
2022-06-20T21:00:00+00:00,SGLN.L,BUY,11070.0000,123.2300
2022-06-20T21:00:00+00:00,SHEL.L,BUY,2789.0000,172.2900
2022-06-20T21:00:00+00:00,SLX.AX,BUY,50.0000,308.7600
2022-06-20T21:00:00+00:00,SMGB.L,BUY,1831.0000,111.0600
2022-06-20T21:00:00+00:00,VUL.AX,BUY,492.0000,299.1200
2022-06-20T21:00:00+00:00,VYGR,BUY,11.0000,222.9500
2022-06-20T21:00:00+00:00,WBT.AX,BUY,2295.0000,172.7800
2022-07-19T21:00:00+00:00,AL3.AX,SELL,1155.0000,166.1300
2022-07-19T21:00:00+00:00,ALCLS.PA,BUY,308.0000,282.0100
2022-07-19T21:00:00+00:00,ALMDT.PA,BUY,311.0000,918.7500
2022-07-19T21:00:00+00:00,AXE.AX,BUY,335.0000,353.4600
2022-07-19T21:00:00+00:00,AZN.L,SELL,14165.0000,169.4300
2022-07-19T21:00:00+00:00,BGO.L,SELL,10494.0000,328.0700
2022-07-19T21:00:00+00:00,BRK-B,SELL,2001.0000,144.1300
2022-07-19T21:00:00+00:00,BRNT.L,SELL,395.0000,286.6300
2022-07-19T21:00:00+00:00,DBMG.L,SELL,46699.0000,160.6200
2022-07-19T21:00:00+00:00,EDIT,BUY,22.0000,1852.1700
2022-07-19T21:00:00+00:00,EMV.AX,BUY,55.0000,174.2900
2022-07-19T21:00:00+00:00,FTC.L,SELL,16708.0000,193.2900
2022-07-19T21:00:00+00:00,GSIT,BUY,1796.0000,286.4200
2022-07-19T21:00:00+00:00,HSBA.L,BUY,2836.0000,149.7200
2022-07-19T21:00:00+00:00,IBTM.L,BUY,83982.0000,113.0500
2022-07-19T21:00:00+00:00,IDN,BUY,142.0000,183.3000
2022-07-19T21:00:00+00:00,IITU.L,BUY,2082.0000,123.1000
2022-07-19T21:00:00+00:00,IPWR,BUY,651.0000,456.4200
2022-07-19T21:00:00+00:00,ISF.L,BUY,5159.0000,120.0800
2022-07-19T21:00:00+00:00,LTBR,BUY,275.0000,263.5400
2022-07-19T21:00:00+00:00,MOLN.SW,SELL,1166.0000,201.4800
2022-07-19T21:00:00+00:00,PLTR,BUY,1183.0000,154.8900
2022-07-19T21:00:00+00:00,PRQR,BUY,1130.0000,147.5400
2022-07-19T21:00:00+00:00,QSI,BUY,247.0000,502.9300
2022-07-19T21:00:00+00:00,RR.L,SELL,6287.0000,141.6800
2022-07-19T21:00:00+00:00,SEYE.ST,BUY,1278.0000,171.3700
2022-07-19T21:00:00+00:00,SGLN.L,BUY,41743.0000,117.0400
2022-07-19T21:00:00+00:00,SHEL.L,BUY,3550.0000,166.0400
2022-07-19T21:00:00+00:00,SLX.AX,SELL,453.0000,474.6400
2022-07-19T21:00:00+00:00,SMGB.L,BUY,3.0000,120.2100
2022-07-19T21:00:00+00:00,VUL.AX,SELL,255.0000,342.5600
2022-07-19T21:00:00+00:00,VYGR,BUY,472.0000,317.6800
2022-07-19T21:00:00+00:00,WBT.AX,SELL,125.0000,229.7800
2022-08-17T21:00:00+00:00,AL3.AX,SELL,1428.0000,253.7000
2022-08-17T21:00:00+00:00,ALCLS.PA,SELL,520.0000,394.6200
2022-08-17T21:00:00+00:00,ALMDT.PA,SELL,115.0000,917.8100
2022-08-17T21:00:00+00:00,AXE.AX,BUY,72.0000,579.4200
2022-08-17T21:00:00+00:00,AZN.L,SELL,9798.0000,167.1700
2022-08-17T21:00:00+00:00,BGO.L,BUY,706.0000,294.7400
2022-08-17T21:00:00+00:00,BRK-B,BUY,344.0000,152.7500
2022-08-17T21:00:00+00:00,BRNT.L,BUY,374.0000,265.2900
2022-08-17T21:00:00+00:00,DBMG.L,BUY,2030.0000,153.5300
2022-08-17T21:00:00+00:00,EDIT,BUY,26.0000,1752.9600
2022-08-17T21:00:00+00:00,EMV.AX,BUY,2154.0000,157.7200
2022-08-17T21:00:00+00:00,FTC.L,BUY,2083.0000,177.8500
2022-08-17T21:00:00+00:00,GSIT,SELL,453.0000,253.6800
2022-08-17T21:00:00+00:00,HSBA.L,BUY,194.0000,155.9300
2022-08-17T21:00:00+00:00,IBTM.L,BUY,1583.0000,114.1100
2022-08-17T21:00:00+00:00,IDN,BUY,1600.0000,174.6700
2022-08-17T21:00:00+00:00,IITU.L,BUY,4930.0000,137.3300
2022-08-17T21:00:00+00:00,IPWR,SELL,485.0000,549.5700
2022-08-17T21:00:00+00:00,ISF.L,SELL,5457.0000,124.5100
2022-08-17T21:00:00+00:00,LTBR,BUY,399.0000,285.2700
2022-08-17T21:00:00+00:00,MOLN.SW,BUY,459.0000,202.7800
2022-08-17T21:00:00+00:00,PLTR,SELL,417.0000,154.4400
2022-08-17T21:00:00+00:00,PRQR,SELL,915.0000,154.4300
2022-08-17T21:00:00+00:00,QSI,SELL,107.0000,635.7700
2022-08-17T21:00:00+00:00,RR.L,SELL,488.0000,126.0600
2022-08-17T21:00:00+00:00,SEYE.ST,SELL,1358.0000,205.7500
2022-08-17T21:00:00+00:00,SGLN.L,BUY,16669.0000,120.1500
2022-08-17T21:00:00+00:00,SHEL.L,SELL,1297.0000,179.8600
2022-08-17T21:00:00+00:00,SLX.AX,SELL,215.0000,554.3300
2022-08-17T21:00:00+00:00,SMGB.L,SELL,214.0000,127.4600
2022-08-17T21:00:00+00:00,VUL.AX,SELL,262.0000,489.8300
2022-08-17T21:00:00+00:00,VYGR,BUY,373.0000,264.5700
2022-08-17T21:00:00+00:00,WBT.AX,SELL,1922.0000,245.6300
2022-09-16T21:00:00+00:00,AL3.AX,BUY,80.0000,218.8400
2022-09-16T21:00:00+00:00,ALCLS.PA,BUY,927.0000,354.3200
2022-09-16T21:00:00+00:00,ALMDT.PA,BUY,155.0000,797.7500
2022-09-16T21:00:00+00:00,AXE.AX,SELL,370.0000,497.1700
2022-09-16T21:00:00+00:00,AZN.L,BUY,5096.0000,153.8000
2022-09-16T21:00:00+00:00,BGO.L,SELL,2237.0000,347.3700
2022-09-16T21:00:00+00:00,BRK-B,BUY,36476.0000,145.7400
2022-09-16T21:00:00+00:00,BRNT.L,SELL,295.0000,277.8200
2022-09-16T21:00:00+00:00,DBMG.L,SELL,4718.0000,170.6900
2022-09-16T21:00:00+00:00,EDIT,SELL,97.0000,1637.8800
2022-09-16T21:00:00+00:00,EMV.AX,SELL,532.0000,147.3200
2022-09-16T21:00:00+00:00,FTC.L,SELL,2130.0000,174.5000
2022-09-16T21:00:00+00:00,GSIT,BUY,4560.0000,211.4500
2022-09-16T21:00:00+00:00,HSBA.L,BUY,70.0000,153.7000
2022-09-16T21:00:00+00:00,IBTM.L,SELL,21820.0000,115.4600
2022-09-16T21:00:00+00:00,IDN,SELL,1765.0000,206.1800
2022-09-16T21:00:00+00:00,IITU.L,SELL,12844.0000,123.4700
2022-09-16T21:00:00+00:00,IPWR,SELL,218.0000,577.9600
2022-09-16T21:00:00+00:00,ISF.L,BUY,10089.0000,120.5800
2022-09-16T21:00:00+00:00,LTBR,SELL,203.0000,243.0700
2022-09-16T21:00:00+00:00,MOLN.SW,BUY,782.0000,228.1100
2022-09-16T21:00:00+00:00,PLTR,SELL,869.0000,134.6000
2022-09-16T21:00:00+00:00,PRQR,SELL,622.0000,143.9500
2022-09-16T21:00:00+00:00,QSI,SELL,178.0000,512.4500
2022-09-16T21:00:00+00:00,RR.L,BUY,1660.0000,114.3900
2022-09-16T21:00:00+00:00,SEYE.ST,BUY,2239.0000,208.9200
2022-09-16T21:00:00+00:00,SGLN.L,SELL,12022.0000,120.3200
2022-09-16T21:00:00+00:00,SHEL.L,SELL,1906.0000,189.3000
2022-09-16T21:00:00+00:00,SLX.AX,BUY,244.0000,548.1000
2022-09-16T21:00:00+00:00,SMGB.L,SELL,3772.0000,113.4300
2022-09-16T21:00:00+00:00,VUL.AX,BUY,26.0000,454.3300
2022-09-16T21:00:00+00:00,VYGR,SELL,528.0000,316.0400
2022-09-16T21:00:00+00:00,WBT.AX,BUY,256.0000,210.9800
2022-10-18T21:00:00+00:00,AL3.AX,BUY,333.0000,219.4400
2022-10-18T21:00:00+00:00,ALCLS.PA,SELL,662.0000,279.3600
2022-10-18T21:00:00+00:00,ALMDT.PA,SELL,41.0000,687.6100
2022-10-18T21:00:00+00:00,AXE.AX,BUY,307.0000,446.0600
2022-10-18T21:00:00+00:00,AZN.L,BUY,3634.0000,149.5800
2022-10-18T21:00:00+00:00,BGO.L,BUY,2858.0000,329.8200
2022-10-18T21:00:00+00:00,BRK-B,SELL,38057.0000,150.6700
2022-10-18T21:00:00+00:00,BRNT.L,SELL,1383.0000,276.1100
2022-10-18T21:00:00+00:00,DBMG.L,SELL,2185.0000,177.8700
2022-10-18T21:00:00+00:00,EDIT,SELL,13.0000,1426.0700
2022-10-18T21:00:00+00:00,EMV.AX,BUY,5536.0000,122.5100
2022-10-18T21:00:00+00:00,FTC.L,BUY,8938.0000,147.6500
2022-10-18T21:00:00+00:00,GSIT,SELL,4277.0000,151.0800
2022-10-18T21:00:00+00:00,HSBA.L,BUY,14067.0000,135.1700
2022-10-18T21:00:00+00:00,IBTM.L,SELL,61132.0000,111.7500
2022-10-18T21:00:00+00:00,IDN,SELL,331.0000,171.8000
2022-10-18T21:00:00+00:00,IITU.L,BUY,354.0000,118.3500
2022-10-18T21:00:00+00:00,IPWR,BUY,314.0000,461.6000
2022-10-18T21:00:00+00:00,ISF.L,BUY,45967.0000,115.6400
2022-10-18T21:00:00+00:00,LTBR,SELL,173.0000,243.1700
2022-10-18T21:00:00+00:00,MOLN.SW,SELL,909.0000,218.5100
2022-10-18T21:00:00+00:00,PLTR,SELL,266.0000,142.4000
2022-10-18T21:00:00+00:00,PRQR,SELL,170.0000,178.1100
2022-10-18T21:00:00+00:00,QSI,SELL,25.0000,490.4400
2022-10-18T21:00:00+00:00,RR.L,BUY,7947.0000,112.1400
2022-10-18T21:00:00+00:00,SEYE.ST,SELL,2288.0000,195.8700
2022-10-18T21:00:00+00:00,SGLN.L,BUY,31036.0000,119.6500
2022-10-18T21:00:00+00:00,SHEL.L,SELL,6381.0000,185.7100
2022-10-18T21:00:00+00:00,SLX.AX,SELL,225.0000,463.5100
2022-10-18T21:00:00+00:00,SMGB.L,BUY,833.0000,100.2200
2022-10-18T21:00:00+00:00,VUL.AX,BUY,947.0000,337.7300
2022-10-18T21:00:00+00:00,VYGR,SELL,314.0000,292.1000
2022-10-18T21:00:00+00:00,WBT.AX,BUY,1716.0000,200.4200
2022-11-16T21:00:00+00:00,AL3.AX,BUY,56.0000,168.4800
2022-11-16T21:00:00+00:00,ALCLS.PA,BUY,1172.0000,240.9500
2022-11-16T21:00:00+00:00,ALMDT.PA,BUY,165.0000,680.4200
2022-11-16T21:00:00+00:00,AXE.AX,SELL,29.0000,413.3000
2022-11-16T21:00:00+00:00,AZN.L,BUY,20136.0000,163.3100
2022-11-16T21:00:00+00:00,BGO.L,SELL,2471.0000,334.2100
2022-11-16T21:00:00+00:00,BRK-B,SELL,261.0000,157.8500
2022-11-16T21:00:00+00:00,BRNT.L,BUY,1855.0000,279.1400
2022-11-16T21:00:00+00:00,DBMG.L,SELL,10690.0000,157.8900
2022-11-16T21:00:00+00:00,EDIT,BUY,13.0000,1339.9100
2022-11-16T21:00:00+00:00,EMV.AX,SELL,10539.0000,185.8800
2022-11-16T21:00:00+00:00,FTC.L,SELL,7735.0000,161.0700
2022-11-16T21:00:00+00:00,GSIT,BUY,1421.0000,135.1800
2022-11-16T21:00:00+00:00,HSBA.L,BUY,5041.0000,138.0000
2022-11-16T21:00:00+00:00,IBTM.L,SELL,142.0000,109.2400
2022-11-16T21:00:00+00:00,IDN,BUY,582.0000,144.0200
2022-11-16T21:00:00+00:00,IITU.L,BUY,3491.0000,123.0500
2022-11-16T21:00:00+00:00,IPWR,BUY,13.0000,571.7000
2022-11-16T21:00:00+00:00,ISF.L,BUY,1466.0000,122.5600
2022-11-16T21:00:00+00:00,LTBR,BUY,326.0000,237.2000
2022-11-16T21:00:00+00:00,MOLN.SW,BUY,1354.0000,226.7500
2022-11-16T21:00:00+00:00,PLTR,BUY,294.0000,134.4300
2022-11-16T21:00:00+00:00,PRQR,BUY,718.0000,177.4300
2022-11-16T21:00:00+00:00,RR.L,SELL,4432.0000,131.6700
2022-11-16T21:00:00+00:00,SEYE.ST,BUY,706.0000,160.4900
2022-11-16T21:00:00+00:00,SGLN.L,SELL,15592.0000,122.5900
2022-11-16T21:00:00+00:00,SHEL.L,BUY,12346.0000,197.1400
2022-11-16T21:00:00+00:00,SLX.AX,BUY,202.0000,485.6700
2022-11-16T21:00:00+00:00,SMGB.L,BUY,1007.0000,119.2300
2022-11-16T21:00:00+00:00,VUL.AX,SELL,955.0000,425.6400
2022-11-16T21:00:00+00:00,VYGR,BUY,180.0000,241.5900
2022-11-16T21:00:00+00:00,WBT.AX,SELL,1740.0000,290.7100
2022-12-15T21:00:00+00:00,AL3.AX,SELL,208.0000,163.2700
2022-12-15T21:00:00+00:00,ALCLS.PA,SELL,924.0000,227.9300
2022-12-15T21:00:00+00:00,ALMDT.PA,BUY,51.0000,660.8400
2022-12-15T21:00:00+00:00,AXE.AX,BUY,386.0000,362.7800
2022-12-15T21:00:00+00:00,AZN.L,SELL,15398.0000,172.6100
2022-12-15T21:00:00+00:00,BGO.L,BUY,4756.0000,346.4900
2022-12-15T21:00:00+00:00,BRK-B,SELL,3890.0000,147.6500
2022-12-15T21:00:00+00:00,BRNT.L,BUY,736.0000,241.2200
2022-12-15T21:00:00+00:00,DBMG.L,SELL,4992.0000,146.7400
2022-12-15T21:00:00+00:00,EDIT,BUY,45.0000,1047.3800
2022-12-15T21:00:00+00:00,EMV.AX,BUY,835.0000,183.4100
2022-12-15T21:00:00+00:00,FTC.L,SELL,2236.0000,194.6300
2022-12-15T21:00:00+00:00,GSIT,SELL,967.0000,115.7700
2022-12-15T21:00:00+00:00,HSBA.L,SELL,386.0000,142.9800
2022-12-15T21:00:00+00:00,IBTM.L,BUY,15313.0000,108.8300
2022-12-15T21:00:00+00:00,IDN,SELL,624.0000,138.4600
2022-12-15T21:00:00+00:00,IITU.L,BUY,7845.0000,117.4500
2022-12-15T21:00:00+00:00,IPWR,SELL,79.0000,413.7700
2022-12-15T21:00:00+00:00,ISF.L,BUY,14996.0000,124.2100
2022-12-15T21:00:00+00:00,LTBR,SELL,117.0000,216.3400
2022-12-15T21:00:00+00:00,MOLN.SW,SELL,1031.0000,212.8000
2022-12-15T21:00:00+00:00,PLTR,BUY,654.0000,111.8400
2022-12-15T21:00:00+00:00,PRQR,BUY,1200.0000,293.8000
2022-12-15T21:00:00+00:00,QSI,BUY,178.0000,346.7600
2022-12-15T21:00:00+00:00,RR.L,SELL,146.0000,134.5600
2022-12-15T21:00:00+00:00,SEYE.ST,SELL,971.0000,135.2700
2022-12-15T21:00:00+00:00,SGLN.L,SELL,9949.0000,119.2900
2022-12-15T21:00:00+00:00,SHEL.L,SELL,5393.0000,190.4000
2022-12-15T21:00:00+00:00,SLX.AX,SELL,177.0000,449.1200
2022-12-15T21:00:00+00:00,SMGB.L,BUY,4293.0000,114.8600
2022-12-15T21:00:00+00:00,VUL.AX,BUY,567.0000,350.1700
2022-12-15T21:00:00+00:00,VYGR,BUY,305.0000,257.2800
2022-12-15T21:00:00+00:00,WBT.AX,SELL,807.0000,334.8100
2023-01-18T21:00:00+00:00,AL3.AX,BUY,54.0000,180.0500
2023-01-18T21:00:00+00:00,ALCLS.PA,SELL,270.0000,358.4000
2023-01-18T21:00:00+00:00,ALMDT.PA,BUY,367.0000,651.2800
2023-01-18T21:00:00+00:00,AXE.AX,BUY,275.0000,376.7500
2023-01-18T21:00:00+00:00,AZN.L,BUY,4078.0000,175.9200
2023-01-18T21:00:00+00:00,BGO.L,SELL,794.0000,377.1900
2023-01-18T21:00:00+00:00,BRK-B,SELL,3535.0000,152.4200
2023-01-18T21:00:00+00:00,BRNT.L,BUY,1422.0000,262.3200
2023-01-18T21:00:00+00:00,DBMG.L,BUY,53955.0000,147.3200
2023-01-18T21:00:00+00:00,EDIT,BUY,67.0000,857.8800
2023-01-18T21:00:00+00:00,EMV.AX,BUY,2008.0000,162.8600
2023-01-18T21:00:00+00:00,FTC.L,BUY,6573.0000,167.7900
2023-01-18T21:00:00+00:00,GSIT,BUY,6506.0000,154.6900
2023-01-18T21:00:00+00:00,HSBA.L,SELL,18288.0000,171.4300
2023-01-18T21:00:00+00:00,IBTM.L,SELL,64578.0000,108.6000
2023-01-18T21:00:00+00:00,IDN,BUY,564.0000,170.6200
2023-01-18T21:00:00+00:00,IITU.L,BUY,1501.0000,117.0500
2023-01-18T21:00:00+00:00,IPWR,SELL,29.0000,482.5200
2023-01-18T21:00:00+00:00,ISF.L,SELL,48535.0000,131.0800
2023-01-18T21:00:00+00:00,LTBR,BUY,472.0000,191.7800
2023-01-18T21:00:00+00:00,MOLN.SW,BUY,319.0000,222.9100
2023-01-18T21:00:00+00:00,PLTR,SELL,147.0000,111.2900
2023-01-18T21:00:00+00:00,PRQR,SELL,1311.0000,568.9900
2023-01-18T21:00:00+00:00,QSI,SELL,3.0000,373.3900
2023-01-18T21:00:00+00:00,RR.L,BUY,1984.0000,163.4400
2023-01-18T21:00:00+00:00,SEYE.ST,BUY,847.0000,124.1600
2023-01-18T21:00:00+00:00,SGLN.L,BUY,42726.0000,126.6400
2023-01-18T21:00:00+00:00,SHEL.L,SELL,2040.0000,199.8800
2023-01-18T21:00:00+00:00,SLX.AX,SELL,286.0000,690.8900
2023-01-18T21:00:00+00:00,SMGB.L,BUY,3293.0000,120.6600
2023-01-18T21:00:00+00:00,VUL.AX,BUY,277.0000,388.9800
2023-01-18T21:00:00+00:00,VYGR,SELL,437.0000,414.3700
2023-01-18T21:00:00+00:00,WBT.AX,BUY,771.0000,379.3400
2023-02-16T21:00:00+00:00,AL3.AX,SELL,822.0000,186.3800
2023-02-16T21:00:00+00:00,ALCLS.PA,SELL,166.0000,269.4300
2023-02-16T21:00:00+00:00,ALMDT.PA,BUY,1237.0000,589.4300
2023-02-16T21:00:00+00:00,AXE.AX,SELL,744.0000,361.9000
2023-02-16T21:00:00+00:00,AZN.L,BUY,31158.0000,172.6400
2023-02-16T21:00:00+00:00,BGO.L,SELL,3066.0000,410.5300
2023-02-16T21:00:00+00:00,BRK-B,BUY,4922.0000,155.4600
2023-02-16T21:00:00+00:00,BRNT.L,BUY,1100.0000,262.5900
2023-02-16T21:00:00+00:00,DBMG.L,SELL,15617.0000,152.0700
2023-02-16T21:00:00+00:00,EDIT,SELL,68.0000,1075.0100
2023-02-16T21:00:00+00:00,EMV.AX,SELL,1565.0000,143.3100
2023-02-16T21:00:00+00:00,FTC.L,SELL,1123.0000,187.9200
2023-02-16T21:00:00+00:00,GSIT,SELL,7106.0000,115.9300
2023-02-16T21:00:00+00:00,HSBA.L,BUY,1838.0000,179.4700
2023-02-16T21:00:00+00:00,IBTM.L,SELL,6494.0000,108.2700
2023-02-16T21:00:00+00:00,IDN,BUY,267.0000,178.3600
2023-02-16T21:00:00+00:00,IITU.L,SELL,8136.0000,131.9200
2023-02-16T21:00:00+00:00,IPWR,SELL,104.0000,537.4700
2023-02-16T21:00:00+00:00,ISF.L,BUY,9389.0000,134.1200
2023-02-16T21:00:00+00:00,LTBR,BUY,425.0000,217.9500
2023-02-16T21:00:00+00:00,MOLN.SW,BUY,1574.0000,205.7400
2023-02-16T21:00:00+00:00,PLTR,SELL,658.0000,159.8000
2023-02-16T21:00:00+00:00,PRQR,SELL,68.0000,527.6200
2023-02-16T21:00:00+00:00,QSI,BUY,78.0000,336.0600
2023-02-16T21:00:00+00:00,RR.L,SELL,3454.0000,171.8000
2023-02-16T21:00:00+00:00,SEYE.ST,BUY,1197.0000,164.6400
2023-02-16T21:00:00+00:00,SGLN.L,SELL,4128.0000,125.4400
2023-02-16T21:00:00+00:00,SHEL.L,BUY,3815.0000,217.1900
2023-02-16T21:00:00+00:00,SLX.AX,SELL,173.0000,786.3500
2023-02-16T21:00:00+00:00,SMGB.L,SELL,8136.0000,134.9000
2023-02-16T21:00:00+00:00,VUL.AX,SELL,546.0000,346.0100
2023-02-16T21:00:00+00:00,VYGR,BUY,391.0000,339.9800
2023-02-16T21:00:00+00:00,WBT.AX,SELL,959.0000,496.5100
2023-03-17T21:00:00+00:00,AL3.AX,BUY,116.0000,169.5500
2023-03-17T21:00:00+00:00,ALCLS.PA,BUY,962.0000,205.4800
2023-03-17T21:00:00+00:00,ALMDT.PA,SELL,286.0000,656.6800
2023-03-17T21:00:00+00:00,AXE.AX,BUY,2427.0000,266.0500
2023-03-17T21:00:00+00:00,AZN.L,BUY,7205.0000,166.7000
2023-03-17T21:00:00+00:00,BGO.L,BUY,534.0000,414.0400
2023-03-17T21:00:00+00:00,BRK-B,BUY,3927.0000,147.2000
2023-03-17T21:00:00+00:00,BRNT.L,SELL,5895.0000,227.0600
2023-03-17T21:00:00+00:00,DBMG.L,SELL,963.0000,136.8100
2023-03-17T21:00:00+00:00,EDIT,BUY,125.0000,898.1200
2023-03-17T21:00:00+00:00,EMV.AX,BUY,610.0000,124.3300
2023-03-17T21:00:00+00:00,FTC.L,BUY,1148.0000,164.4300
2023-03-17T21:00:00+00:00,GSIT,BUY,6694.0000,103.4500
2023-03-17T21:00:00+00:00,HSBA.L,SELL,137.0000,162.0400
2023-03-17T21:00:00+00:00,IBTM.L,SELL,4507.0000,110.2800
2023-03-17T21:00:00+00:00,IDN,BUY,3104.0000,163.9000
2023-03-17T21:00:00+00:00,IITU.L,BUY,2920.0000,130.6000
2023-03-17T21:00:00+00:00,IPWR,BUY,522.0000,448.6700
2023-03-17T21:00:00+00:00,ISF.L,SELL,673.0000,123.8500
2023-03-17T21:00:00+00:00,LTBR,BUY,496.0000,179.9400
2023-03-17T21:00:00+00:00,MOLN.SW,BUY,1176.0000,190.4200
2023-03-17T21:00:00+00:00,PLTR,BUY,1299.0000,128.9300
2023-03-17T21:00:00+00:00,PRQR,SELL,98.0000,589.8800
2023-03-17T21:00:00+00:00,QSI,BUY,591.0000,286.1400
2023-03-17T21:00:00+00:00,RR.L,SELL,3574.0000,211.8100
2023-03-17T21:00:00+00:00,SEYE.ST,BUY,289.0000,159.2900
2023-03-17T21:00:00+00:00,SGLN.L,SELL,1505.0000,131.9400
2023-03-17T21:00:00+00:00,SHEL.L,SELL,13576.0000,185.8400
2023-03-17T21:00:00+00:00,SLX.AX,BUY,80.0000,533.3200
2023-03-17T21:00:00+00:00,SMGB.L,BUY,1479.0000,135.5400
2023-03-17T21:00:00+00:00,VUL.AX,BUY,852.0000,320.5400
2023-03-17T21:00:00+00:00,VYGR,BUY,257.0000,360.2800
2023-03-17T21:00:00+00:00,WBT.AX,SELL,841.0000,645.0200
2023-04-19T21:00:00+00:00,AL3.AX,BUY,484.0000,180.5800
2023-04-19T21:00:00+00:00,ALCLS.PA,BUY,1.0000,211.1400
2023-04-19T21:00:00+00:00,ALMDT.PA,SELL,184.0000,640.3200
2023-04-19T21:00:00+00:00,AXE.AX,BUY,205.0000,233.6200
2023-04-19T21:00:00+00:00,AZN.L,SELL,4671.0000,184.8600
2023-04-19T21:00:00+00:00,BGO.L,BUY,996.0000,359.6500
2023-04-19T21:00:00+00:00,BRK-B,SELL,1379.0000,157.9300
2023-04-19T21:00:00+00:00,BRNT.L,BUY,10474.0000,252.4400
2023-04-19T21:00:00+00:00,DBMG.L,SELL,5479.0000,137.1500
2023-04-19T21:00:00+00:00,EDIT,BUY,8.0000,846.0700
2023-04-19T21:00:00+00:00,EMV.AX,SELL,1420.0000,143.6700
2023-04-19T21:00:00+00:00,FTC.L,BUY,2961.0000,157.7200
2023-04-19T21:00:00+00:00,GSIT,SELL,3178.0000,130.6000
2023-04-19T21:00:00+00:00,HSBA.L,SELL,490.0000,171.4000
2023-04-19T21:00:00+00:00,IBTM.L,BUY,12530.0000,106.8300
2023-04-19T21:00:00+00:00,IDN,SELL,2438.0000,158.3600
2023-04-19T21:00:00+00:00,IITU.L,SELL,1855.0000,133.4700
2023-04-19T21:00:00+00:00,IPWR,BUY,18.0000,413.4500
2023-04-19T21:00:00+00:00,ISF.L,BUY,12891.0000,133.5500
2023-04-19T21:00:00+00:00,LTBR,BUY,988.0000,180.4300
2023-04-19T21:00:00+00:00,MOLN.SW,BUY,366.0000,200.5000
2023-04-19T21:00:00+00:00,PLTR,BUY,943.0000,135.3900
2023-04-19T21:00:00+00:00,PRQR,BUY,207.0000,394.4900
2023-04-19T21:00:00+00:00,QSI,SELL,216.0000,248.2600
2023-04-19T21:00:00+00:00,RR.L,SELL,129.0000,234.5300
2023-04-19T21:00:00+00:00,SEYE.ST,SELL,907.0000,170.7300
2023-04-19T21:00:00+00:00,SGLN.L,SELL,34959.0000,131.4400
2023-04-19T21:00:00+00:00,SHEL.L,BUY,1855.0000,206.2800
2023-04-19T21:00:00+00:00,SLX.AX,BUY,446.0000,534.4800
2023-04-19T21:00:00+00:00,SMGB.L,BUY,567.0000,131.2100
2023-04-19T21:00:00+00:00,VUL.AX,BUY,528.0000,311.0500
2023-04-19T21:00:00+00:00,VYGR,BUY,5.0000,350.7100
2023-04-19T21:00:00+00:00,WBT.AX,BUY,227.0000,470.7200
2023-05-22T21:00:00+00:00,AL3.AX,BUY,1618.0000,153.5200
2023-05-22T21:00:00+00:00,ALCLS.PA,BUY,3725.0000,185.3700
2023-05-22T21:00:00+00:00,ALMDT.PA,SELL,1118.0000,412.8300
2023-05-22T21:00:00+00:00,AXE.AX,BUY,915.0000,221.8400
2023-05-22T21:00:00+00:00,AZN.L,BUY,4178.0000,185.5400
2023-05-22T21:00:00+00:00,BGO.L,SELL,237.0000,359.6500
2023-05-22T21:00:00+00:00,BRK-B,SELL,1922.0000,160.4200
2023-05-22T21:00:00+00:00,BRNT.L,SELL,5369.0000,230.2500
2023-05-22T21:00:00+00:00,DBMG.L,BUY,4874.0000,137.7400
2023-05-22T21:00:00+00:00,EDIT,SELL,13.0000,1005.3000
2023-05-22T21:00:00+00:00,EMV.AX,BUY,282.0000,142.5100
2023-05-22T21:00:00+00:00,FTC.L,BUY,1068.0000,174.5000
2023-05-22T21:00:00+00:00,GSIT,SELL,7139.0000,394.0700
2023-05-22T21:00:00+00:00,HSBA.L,BUY,3934.0000,186.9500
2023-05-22T21:00:00+00:00,IBTM.L,BUY,68093.0000,106.6200
2023-05-22T21:00:00+00:00,IDN,SELL,1123.0000,165.4600
2023-05-22T21:00:00+00:00,IITU.L,SELL,6073.0000,141.8000
2023-05-22T21:00:00+00:00,IPWR,SELL,195.0000,411.0800
2023-05-22T21:00:00+00:00,ISF.L,SELL,1315.0000,132.2000
2023-05-22T21:00:00+00:00,LTBR,SELL,1453.0000,215.1600
2023-05-22T21:00:00+00:00,MOLN.SW,BUY,7228.0000,207.0900
2023-05-22T21:00:00+00:00,PLTR,SELL,2172.0000,188.2700
2023-05-22T21:00:00+00:00,PRQR,SELL,119.0000,336.9200
2023-05-22T21:00:00+00:00,QSI,SELL,103.0000,281.3000
2023-05-22T21:00:00+00:00,RR.L,BUY,27.0000,237.4700
2023-05-22T21:00:00+00:00,SEYE.ST,BUY,1192.0000,136.9500
2023-05-22T21:00:00+00:00,SGLN.L,SELL,46061.0000,130.1700
2023-05-22T21:00:00+00:00,SHEL.L,BUY,4023.0000,202.9600
2023-05-22T21:00:00+00:00,SLX.AX,BUY,15.0000,599.7300
2023-05-22T21:00:00+00:00,SMGB.L,SELL,3824.0000,140.1100
2023-05-22T21:00:00+00:00,VUL.AX,BUY,2472.0000,218.2500
2023-05-22T21:00:00+00:00,VYGR,SELL,594.0000,612.3200
2023-05-22T21:00:00+00:00,WBT.AX,BUY,100.0000,453.1900
2023-06-21T21:00:00+00:00,AL3.AX,SELL,1228.0000,121.8000
2023-06-21T21:00:00+00:00,ALCLS.PA,SELL,790.0000,196.5300
2023-06-21T21:00:00+00:00,ALMDT.PA,SELL,261.0000,504.4300
2023-06-21T21:00:00+00:00,AXE.AX,SELL,3495.0000,402.4900
2023-06-21T21:00:00+00:00,AZN.L,BUY,50.0000,178.6000
2023-06-21T21:00:00+00:00,BGO.L,BUY,5750.0000,337.7200
2023-06-21T21:00:00+00:00,BRK-B,BUY,4781.0000,161.1100
2023-06-21T21:00:00+00:00,BRNT.L,SELL,3810.0000,229.6900
2023-06-21T21:00:00+00:00,DBMG.L,SELL,1322.0000,136.7600
2023-06-21T21:00:00+00:00,EDIT,BUY,35.0000,816.4200
2023-06-21T21:00:00+00:00,EMV.AX,BUY,710.0000,115.2000
2023-06-21T21:00:00+00:00,FTC.L,SELL,3605.0000,187.9200
2023-06-21T21:00:00+00:00,GSIT,SELL,47.0000,493.3600
2023-06-21T21:00:00+00:00,HSBA.L,SELL,3682.0000,187.2300
2023-06-21T21:00:00+00:00,IBTM.L,SELL,46452.0000,103.6300
2023-06-21T21:00:00+00:00,IDN,BUY,3409.0000,172.2400
2023-06-21T21:00:00+00:00,IITU.L,BUY,3564.0000,150.4100
2023-06-21T21:00:00+00:00,IPWR,BUY,331.0000,417.9200
2023-06-21T21:00:00+00:00,ISF.L,BUY,3882.0000,128.8700
2023-06-21T21:00:00+00:00,LTBR,SELL,388.0000,252.0400
2023-06-21T21:00:00+00:00,MOLN.SW,SELL,64.0000,196.8300
2023-06-21T21:00:00+00:00,PLTR,SELL,139.0000,227.2400
2023-06-21T21:00:00+00:00,PRQR,BUY,26.0000,301.3300
2023-06-21T21:00:00+00:00,QSI,BUY,233.0000,233.8000
2023-06-21T21:00:00+00:00,RR.L,BUY,1686.0000,237.8500
2023-06-21T21:00:00+00:00,SEYE.ST,BUY,1791.0000,122.5200
2023-06-21T21:00:00+00:00,SGLN.L,BUY,34326.0000,124.3600
2023-06-21T21:00:00+00:00,SHEL.L,SELL,2503.0000,200.2900
2023-06-21T21:00:00+00:00,SLX.AX,BUY,70.0000,607.3200
2023-06-21T21:00:00+00:00,SMGB.L,BUY,1654.0000,152.6400
2023-06-21T21:00:00+00:00,VUL.AX,BUY,969.0000,211.5500
2023-06-21T21:00:00+00:00,VYGR,BUY,39.0000,545.5000
2023-06-21T21:00:00+00:00,WBT.AX,SELL,485.0000,630.0400
2023-07-20T21:00:00+00:00,AL3.AX,BUY,1076.0000,124.2000
2023-07-20T21:00:00+00:00,ALCLS.PA,SELL,1105.0000,246.6300
2023-07-20T21:00:00+00:00,ALMDT.PA,BUY,984.0000,434.0300
2023-07-20T21:00:00+00:00,AXE.AX,BUY,1215.0000,324.5200
2023-07-20T21:00:00+00:00,AZN.L,SELL,7523.0000,164.8800
2023-07-20T21:00:00+00:00,BGO.L,BUY,100.0000,311.4000
2023-07-20T21:00:00+00:00,BRK-B,BUY,4332.0000,162.6900
2023-07-20T21:00:00+00:00,BRNT.L,BUY,3576.0000,234.3900
2023-07-20T21:00:00+00:00,DBMG.L,SELL,48607.0000,135.7100
2023-07-20T21:00:00+00:00,EDIT,BUY,78.0000,880.7300
2023-07-20T21:00:00+00:00,EMV.AX,SELL,2068.0000,103.1200
2023-07-20T21:00:00+00:00,FTC.L,SELL,730.0000,208.0500
2023-07-20T21:00:00+00:00,GSIT,BUY,49.0000,327.5000
2023-07-20T21:00:00+00:00,HSBA.L,BUY,1762.0000,193.8600
2023-07-20T21:00:00+00:00,IBTM.L,BUY,7049.0000,102.4000
2023-07-20T21:00:00+00:00,IDN,SELL,1791.0000,171.2400
2023-07-20T21:00:00+00:00,IITU.L,BUY,529.0000,157.2500
2023-07-20T21:00:00+00:00,IPWR,SELL,55.0000,462.2900
2023-07-20T21:00:00+00:00,ISF.L,BUY,1138.0000,130.5200
2023-07-20T21:00:00+00:00,LTBR,SELL,13.0000,255.6900
2023-07-20T21:00:00+00:00,MOLN.SW,SELL,3908.0000,192.6900
2023-07-20T21:00:00+00:00,PLTR,SELL,160.0000,262.3100
2023-07-20T21:00:00+00:00,PRQR,BUY,299.0000,283.6800
2023-07-20T21:00:00+00:00,QSI,SELL,573.0000,484.5100
2023-07-20T21:00:00+00:00,RR.L,BUY,4485.0000,233.0900
2023-07-20T21:00:00+00:00,SEYE.ST,SELL,933.0000,132.9200
2023-07-20T21:00:00+00:00,SGLN.L,BUY,26144.0000,125.7100
2023-07-20T21:00:00+00:00,SHEL.L,SELL,394.0000,203.0000
2023-07-20T21:00:00+00:00,SLX.AX,BUY,1120.0000,540.7200
2023-07-20T21:00:00+00:00,SMGB.L,BUY,431.0000,155.7800
2023-07-20T21:00:00+00:00,VUL.AX,BUY,1992.0000,237.1600
2023-07-20T21:00:00+00:00,VYGR,BUY,1030.0000,384.0300
2023-07-20T21:00:00+00:00,WBT.AX,BUY,464.0000,487.6600
2023-08-18T21:00:00+00:00,AL3.AX,SELL,1131.0000,159.0300
2023-08-18T21:00:00+00:00,ALCLS.PA,BUY,435.0000,188.2500
2023-08-18T21:00:00+00:00,ALMDT.PA,SELL,509.0000,427.4500
2023-08-18T21:00:00+00:00,AXE.AX,SELL,202.0000,266.7400
2023-08-18T21:00:00+00:00,AZN.L,BUY,4124.0000,165.3500
2023-08-18T21:00:00+00:00,BGO.L,SELL,2293.0000,328.9500
2023-08-18T21:00:00+00:00,BRK-B,SELL,3950.0000,167.9400
2023-08-18T21:00:00+00:00,BRNT.L,SELL,4855.0000,254.9500
2023-08-18T21:00:00+00:00,DBMG.L,SELL,2158.0000,139.6800
2023-08-18T21:00:00+00:00,EDIT,BUY,14.0000,882.6200
2023-08-18T21:00:00+00:00,EMV.AX,BUY,2546.0000,118.6700
2023-08-18T21:00:00+00:00,FTC.L,SELL,2571.0000,214.7700
2023-08-18T21:00:00+00:00,GSIT,BUY,20.0000,234.1100
2023-08-18T21:00:00+00:00,HSBA.L,BUY,1642.0000,179.1000
2023-08-18T21:00:00+00:00,IBTM.L,BUY,7791.0000,100.7700
2023-08-18T21:00:00+00:00,IDN,BUY,2975.0000,169.7600
2023-08-18T21:00:00+00:00,IITU.L,BUY,5809.0000,145.8600
2023-08-18T21:00:00+00:00,IPWR,BUY,485.0000,410.2800
2023-08-18T21:00:00+00:00,ISF.L,SELL,1993.0000,124.9000
2023-08-18T21:00:00+00:00,LTBR,BUY,23.0000,213.8600
2023-08-18T21:00:00+00:00,MOLN.SW,BUY,6772.0000,178.8300
2023-08-18T21:00:00+00:00,PLTR,BUY,194.0000,223.7800
2023-08-18T21:00:00+00:00,PRQR,SELL,221.0000,267.2100
2023-08-18T21:00:00+00:00,QSI,BUY,174.0000,309.4800
2023-08-18T21:00:00+00:00,RR.L,SELL,6581.0000,303.7400
2023-08-18T21:00:00+00:00,SEYE.ST,BUY,712.0000,129.2100
2023-08-18T21:00:00+00:00,SGLN.L,BUY,10447.0000,121.8400
2023-08-18T21:00:00+00:00,SHEL.L,SELL,1566.0000,202.1400
2023-08-18T21:00:00+00:00,SLX.AX,SELL,84.0000,440.8800
2023-08-18T21:00:00+00:00,SMGB.L,BUY,2595.0000,146.4300
2023-08-18T21:00:00+00:00,VUL.AX,BUY,174.0000,162.7500
2023-08-18T21:00:00+00:00,VYGR,SELL,503.0000,402.2700
2023-08-18T21:00:00+00:00,WBT.AX,BUY,112.0000,401.3000
2023-09-19T21:00:00+00:00,AL3.AX,SELL,753.0000,179.7300
2023-09-19T21:00:00+00:00,ALCLS.PA,SELL,485.0000,172.3000
2023-09-19T21:00:00+00:00,ALMDT.PA,BUY,379.0000,379.3300
2023-09-19T21:00:00+00:00,AXE.AX,SELL,512.0000,251.4400
2023-09-19T21:00:00+00:00,AZN.L,SELL,18281.0000,164.7000
2023-09-19T21:00:00+00:00,BGO.L,SELL,2567.0000,334.2100
2023-09-19T21:00:00+00:00,BRK-B,SELL,525.0000,181.7000
2023-09-19T21:00:00+00:00,BRNT.L,BUY,115.0000,294.9100
2023-09-19T21:00:00+00:00,DBMG.L,SELL,227.0000,146.7100
2023-09-19T21:00:00+00:00,EDIT,BUY,211.0000,838.4300
2023-09-19T21:00:00+00:00,EMV.AX,SELL,3076.0000,149.3000
2023-09-19T21:00:00+00:00,FTC.L,BUY,757.0000,216.7800
2023-09-19T21:00:00+00:00,GSIT,SELL,20.0000,197.5900
2023-09-19T21:00:00+00:00,HSBA.L,SELL,3106.0000,193.4600
2023-09-19T21:00:00+00:00,IBTM.L,BUY,52867.0000,103.0800
2023-09-19T21:00:00+00:00,IDN,SELL,2093.0000,170.6400
2023-09-19T21:00:00+00:00,IITU.L,BUY,14729.0000,154.0300
2023-09-19T21:00:00+00:00,IPWR,BUY,645.0000,416.8300
2023-09-19T21:00:00+00:00,ISF.L,SELL,19520.0000,131.9400
2023-09-19T21:00:00+00:00,LTBR,BUY,954.0000,198.5400
2023-09-19T21:00:00+00:00,MOLN.SW,BUY,1063.0000,135.8600
2023-09-19T21:00:00+00:00,PLTR,BUY,450.0000,242.4000
2023-09-19T21:00:00+00:00,PRQR,SELL,157.0000,273.3400
2023-09-19T21:00:00+00:00,QSI,BUY,143.0000,339.6700
2023-09-19T21:00:00+00:00,RR.L,SELL,706.0000,341.1800
2023-09-19T21:00:00+00:00,SEYE.ST,BUY,1298.0000,151.8300
2023-09-19T21:00:00+00:00,SGLN.L,BUY,1282.0000,127.9400
2023-09-19T21:00:00+00:00,SHEL.L,SELL,315.0000,223.8100
2023-09-19T21:00:00+00:00,SLX.AX,SELL,736.0000,521.4100
2023-09-19T21:00:00+00:00,SMGB.L,SELL,669.0000,151.3600
2023-09-19T21:00:00+00:00,VUL.AX,SELL,1394.0000,164.3700
2023-09-19T21:00:00+00:00,VYGR,BUY,144.0000,357.6700
2023-09-19T21:00:00+00:00,WBT.AX,SELL,124.0000,281.4100
2023-10-18T21:00:00+00:00,AL3.AX,BUY,1496.0000,163.1600
2023-10-18T21:00:00+00:00,ALCLS.PA,BUY,3144.0000,132.0400
2023-10-18T21:00:00+00:00,ALMDT.PA,SELL,306.0000,394.5900
2023-10-18T21:00:00+00:00,AXE.AX,BUY,2235.0000,222.4000
2023-10-18T21:00:00+00:00,AZN.L,SELL,5979.0000,164.6400
2023-10-18T21:00:00+00:00,BGO.L,BUY,2009.0000,302.6300
2023-10-18T21:00:00+00:00,BRK-B,BUY,13894.0000,170.0000
2023-10-18T21:00:00+00:00,BRNT.L,SELL,266.0000,292.9000
2023-10-18T21:00:00+00:00,DBMG.L,BUY,9865.0000,152.4900
2023-10-18T21:00:00+00:00,EDIT,BUY,78.0000,704.2300
2023-10-18T21:00:00+00:00,EMV.AX,BUY,2375.0000,136.6800
2023-10-18T21:00:00+00:00,FTC.L,BUY,1757.0000,214.7700
2023-10-18T21:00:00+00:00,GSIT,BUY,80.0000,168.4600
2023-10-18T21:00:00+00:00,HSBA.L,BUY,301.0000,199.4700
2023-10-18T21:00:00+00:00,IBTM.L,SELL,32368.0000,101.3300
2023-10-18T21:00:00+00:00,IDN,BUY,1013.0000,137.6900
2023-10-18T21:00:00+00:00,IITU.L,SELL,2839.0000,157.0000
2023-10-18T21:00:00+00:00,IPWR,BUY,1602.0000,367.0700
2023-10-18T21:00:00+00:00,ISF.L,SELL,1620.0000,131.0400
2023-10-18T21:00:00+00:00,LTBR,BUY,49.0000,233.2600
2023-10-18T21:00:00+00:00,MOLN.SW,SELL,4689.0000,125.0900
2023-10-18T21:00:00+00:00,PLTR,SELL,185.0000,279.8400
2023-10-18T21:00:00+00:00,PRQR,BUY,919.0000,240.0400
2023-10-18T21:00:00+00:00,QSI,BUY,336.0000,212.1700
2023-10-18T21:00:00+00:00,RR.L,BUY,1592.0000,313.7100
2023-10-18T21:00:00+00:00,SEYE.ST,SELL,1361.0000,139.9000
2023-10-18T21:00:00+00:00,SGLN.L,SELL,35482.0000,131.1900
2023-10-18T21:00:00+00:00,SHEL.L,SELL,751.0000,237.4700
2023-10-18T21:00:00+00:00,SLX.AX,BUY,1440.0000,448.1700
2023-10-18T21:00:00+00:00,SMGB.L,BUY,7367.0000,154.7100
2023-10-18T21:00:00+00:00,VUL.AX,BUY,4654.0000,135.1500
2023-10-18T21:00:00+00:00,VYGR,BUY,402.0000,325.6900
2023-10-18T21:00:00+00:00,WBT.AX,BUY,1018.0000,251.9400
2023-11-16T21:00:00+00:00,AL3.AX,BUY,513.0000,185.5400
2023-11-16T21:00:00+00:00,ALCLS.PA,SELL,6397.0000,275.9600
2023-11-16T21:00:00+00:00,ALMDT.PA,BUY,1762.0000,363.0500
2023-11-16T21:00:00+00:00,AXE.AX,BUY,140.0000,223.1500
2023-11-16T21:00:00+00:00,AZN.L,BUY,4933.0000,157.7200
2023-11-16T21:00:00+00:00,BGO.L,SELL,3358.0000,302.6300
2023-11-16T21:00:00+00:00,BRK-B,SELL,5087.0000,175.9400
2023-11-16T21:00:00+00:00,BRNT.L,BUY,1291.0000,251.2500
2023-11-16T21:00:00+00:00,DBMG.L,SELL,4508.0000,141.9300
2023-11-16T21:00:00+00:00,EDIT,SELL,250.0000,918.4600
2023-11-16T21:00:00+00:00,EMV.AX,SELL,686.0000,143.3700
2023-11-16T21:00:00+00:00,FTC.L,BUY,2556.0000,214.7700
2023-11-16T21:00:00+00:00,GSIT,SELL,86.0000,161.7700
2023-11-16T21:00:00+00:00,HSBA.L,BUY,3724.0000,189.2000
2023-11-16T21:00:00+00:00,IBTM.L,BUY,4546.0000,102.6700
2023-11-16T21:00:00+00:00,IDN,BUY,2869.0000,119.1500
2023-11-16T21:00:00+00:00,IITU.L,BUY,1967.0000,166.3800
2023-11-16T21:00:00+00:00,IPWR,SELL,741.0000,334.4200
2023-11-16T21:00:00+00:00,ISF.L,BUY,16062.0000,128.3700
2023-11-16T21:00:00+00:00,LTBR,SELL,478.0000,183.6900
2023-11-16T21:00:00+00:00,MOLN.SW,SELL,2811.0000,141.4100
2023-11-16T21:00:00+00:00,PLTR,SELL,552.0000,315.3400
2023-11-16T21:00:00+00:00,PRQR,SELL,261.0000,251.2600
2023-11-16T21:00:00+00:00,QSI,SELL,111.0000,255.5700
2023-11-16T21:00:00+00:00,RR.L,SELL,1074.0000,369.1100
2023-11-16T21:00:00+00:00,SEYE.ST,BUY,410.0000,193.2300
2023-11-16T21:00:00+00:00,SGLN.L,SELL,3020.0000,130.9700
2023-11-16T21:00:00+00:00,SHEL.L,BUY,1929.0000,221.1400
2023-11-16T21:00:00+00:00,SLX.AX,SELL,152.0000,497.8500
2023-11-16T21:00:00+00:00,SMGB.L,SELL,71.0000,166.7000
2023-11-16T21:00:00+00:00,VUL.AX,SELL,1083.0000,138.1600
2023-11-16T21:00:00+00:00,VYGR,SELL,50.0000,290.4800
2023-11-16T21:00:00+00:00,WBT.AX,SELL,443.0000,313.7500
2023-12-15T21:00:00+00:00,AL3.AX,SELL,833.0000,207.6300
2023-12-15T21:00:00+00:00,ALCLS.PA,BUY,98.0000,306.9700
2023-12-15T21:00:00+00:00,ALMDT.PA,SELL,1655.0000,372.3500
2023-12-15T21:00:00+00:00,AXE.AX,SELL,10.0000,204.1300
2023-12-15T21:00:00+00:00,AZN.L,SELL,111.0000,158.0300
2023-12-15T21:00:00+00:00,BGO.L,SELL,217.0000,346.4900
2023-12-15T21:00:00+00:00,BRK-B,BUY,20840.0000,169.5400
2023-12-15T21:00:00+00:00,BRNT.L,BUY,1435.0000,241.3400
2023-12-15T21:00:00+00:00,DBMG.L,BUY,27798.0000,133.4400
2023-12-15T21:00:00+00:00,EDIT,SELL,7.0000,1112.1200
2023-12-15T21:00:00+00:00,EMV.AX,SELL,565.0000,133.7500
2023-12-15T21:00:00+00:00,FTC.L,SELL,5546.0000,265.1000
2023-12-15T21:00:00+00:00,GSIT,BUY,96.0000,179.7400
2023-12-15T21:00:00+00:00,HSBA.L,SELL,1194.0000,189.2600
2023-12-15T21:00:00+00:00,IBTM.L,SELL,18622.0000,105.0400
2023-12-15T21:00:00+00:00,IDN,SELL,2175.0000,137.3300
2023-12-15T21:00:00+00:00,IITU.L,BUY,5976.0000,171.0100
2023-12-15T21:00:00+00:00,IPWR,BUY,469.0000,300.1400
2023-12-15T21:00:00+00:00,ISF.L,SELL,2606.0000,131.6000
2023-12-15T21:00:00+00:00,LTBR,BUY,464.0000,152.7600
2023-12-15T21:00:00+00:00,MOLN.SW,BUY,106.0000,137.2100
2023-12-15T21:00:00+00:00,PLTR,BUY,354.0000,282.3700
2023-12-15T21:00:00+00:00,PRQR,SELL,632.0000,370.0300
2023-12-15T21:00:00+00:00,QSI,SELL,93.0000,266.6200
2023-12-15T21:00:00+00:00,RR.L,SELL,424.0000,437.9500
2023-12-15T21:00:00+00:00,SEYE.ST,BUY,458.0000,214.6500
2023-12-15T21:00:00+00:00,SGLN.L,SELL,20619.0000,131.4000
2023-12-15T21:00:00+00:00,SHEL.L,SELL,465.0000,216.6000
2023-12-15T21:00:00+00:00,SLX.AX,SELL,402.0000,608.1400
2023-12-15T21:00:00+00:00,SMGB.L,BUY,413.0000,180.9000
2023-12-15T21:00:00+00:00,VUL.AX,SELL,2061.0000,129.1500
2023-12-15T21:00:00+00:00,VYGR,SELL,48.0000,344.2300
2023-12-15T21:00:00+00:00,WBT.AX,SELL,375.0000,372.7500
2024-01-18T21:00:00+00:00,AL3.AX,SELL,354.0000,178.6000
2024-01-18T21:00:00+00:00,ALCLS.PA,SELL,21.0000,262.4400
2024-01-18T21:00:00+00:00,ALMDT.PA,BUY,659.0000,338.8000
2024-01-18T21:00:00+00:00,AXE.AX,SELL,1236.0000,181.9600
2024-01-18T21:00:00+00:00,AZN.L,SELL,22844.0000,161.8500
2024-01-18T21:00:00+00:00,BGO.L,SELL,1355.0000,189.4700
2024-01-18T21:00:00+00:00,BRK-B,SELL,2910.0000,173.6200
2024-01-18T21:00:00+00:00,BRNT.L,BUY,1242.0000,249.2600
2024-01-18T21:00:00+00:00,DBMG.L,BUY,41393.0000,136.7800
2024-01-18T21:00:00+00:00,EDIT,SELL,17.0000,837.5000
2024-01-18T21:00:00+00:00,EMV.AX,SELL,2048.0000,178.2200
2024-01-18T21:00:00+00:00,FTC.L,SELL,1141.0000,302.0100
2024-01-18T21:00:00+00:00,GSIT,SELL,44.0000,135.9700
2024-01-18T21:00:00+00:00,HSBA.L,BUY,570.0000,183.2000
2024-01-18T21:00:00+00:00,IBTM.L,BUY,31533.0000,104.0600
2024-01-18T21:00:00+00:00,IDN,BUY,919.0000,124.1800
2024-01-18T21:00:00+00:00,IITU.L,SELL,9616.0000,175.5300
2024-01-18T21:00:00+00:00,IPWR,SELL,903.0000,289.9100
2024-01-18T21:00:00+00:00,ISF.L,BUY,1768.0000,129.6400
2024-01-18T21:00:00+00:00,LTBR,SELL,481.0000,139.0500
2024-01-18T21:00:00+00:00,MOLN.SW,SELL,2539.0000,145.7900
2024-01-18T21:00:00+00:00,PLTR,SELL,229.0000,256.3400
2024-01-18T21:00:00+00:00,PRQR,BUY,339.0000,367.5900
2024-01-18T21:00:00+00:00,QSI,SELL,126.0000,246.4900
2024-01-18T21:00:00+00:00,RR.L,SELL,580.0000,462.7100
2024-01-18T21:00:00+00:00,SEYE.ST,SELL,3584.0000,245.2500
2024-01-18T21:00:00+00:00,SGLN.L,SELL,9627.0000,130.2600
2024-01-18T21:00:00+00:00,SHEL.L,BUY,10615.0000,205.4300
2024-01-18T21:00:00+00:00,SLX.AX,SELL,1085.0000,703.8200
2024-01-18T21:00:00+00:00,SMGB.L,SELL,4226.0000,185.2400
2024-01-18T21:00:00+00:00,VUL.AX,SELL,1717.0000,106.0400
2024-01-18T21:00:00+00:00,VYGR,SELL,458.0000,316.3700
2024-01-18T21:00:00+00:00,WBT.AX,BUY,34.0000,283.6600
2024-02-16T21:00:00+00:00,AL3.AX,SELL,752.0000,174.6900
2024-02-16T21:00:00+00:00,ALCLS.PA,SELL,9.0000,279.8900
2024-02-16T21:00:00+00:00,ALMDT.PA,BUY,380.0000,342.8400
2024-02-16T21:00:00+00:00,AXE.AX,SELL,980.0000,195.9800
2024-02-16T21:00:00+00:00,AZN.L,SELL,5495.0000,156.6000
2024-02-16T21:00:00+00:00,BGO.L,SELL,853.0000,197.3700
2024-02-16T21:00:00+00:00,BRK-B,SELL,4463.0000,195.7100
2024-02-16T21:00:00+00:00,BRNT.L,SELL,462.0000,265.9800
2024-02-16T21:00:00+00:00,DBMG.L,SELL,8447.0000,140.8100
2024-02-16T21:00:00+00:00,EDIT,BUY,43.0000,840.5900
2024-02-16T21:00:00+00:00,EMV.AX,BUY,428.0000,183.0200
2024-02-16T21:00:00+00:00,FTC.L,SELL,3825.0000,510.0700
2024-02-16T21:00:00+00:00,GSIT,BUY,546.0000,169.5100
2024-02-16T21:00:00+00:00,HSBA.L,BUY,6718.0000,198.5200
2024-02-16T21:00:00+00:00,IBTM.L,BUY,40084.0000,103.5400
2024-02-16T21:00:00+00:00,IDN,SELL,379.0000,124.9400
2024-02-16T21:00:00+00:00,IITU.L,SELL,9567.0000,187.9500
2024-02-16T21:00:00+00:00,IPWR,SELL,587.0000,266.6000
2024-02-16T21:00:00+00:00,ISF.L,BUY,2112.0000,134.1300
2024-02-16T21:00:00+00:00,LTBR,BUY,1181.0000,136.2800
2024-02-16T21:00:00+00:00,MOLN.SW,SELL,1321.0000,140.2300
2024-02-16T21:00:00+00:00,PLTR,SELL,256.0000,384.3600
2024-02-16T21:00:00+00:00,PRQR,BUY,81.0000,340.2000
2024-02-16T21:00:00+00:00,QSI,SELL,189.0000,270.2700
2024-02-16T21:00:00+00:00,RR.L,BUY,604.0000,488.0700
2024-02-16T21:00:00+00:00,SEYE.ST,BUY,259.0000,234.4800
2024-02-16T21:00:00+00:00,SGLN.L,BUY,16374.0000,130.6400
2024-02-16T21:00:00+00:00,SHEL.L,BUY,78.0000,218.4400
2024-02-16T21:00:00+00:00,SLX.AX,SELL,227.0000,689.5300
2024-02-16T21:00:00+00:00,SMGB.L,SELL,4893.0000,208.9400
2024-02-16T21:00:00+00:00,VUL.AX,SELL,166.0000,102.2500
2024-02-16T21:00:00+00:00,VYGR,BUY,669.0000,330.1300
2024-02-16T21:00:00+00:00,WBT.AX,SELL,139.0000,314.0100
2024-03-18T21:00:00+00:00,AL3.AX,BUY,1152.0000,147.9900
2024-03-18T21:00:00+00:00,ALCLS.PA,BUY,3.0000,250.3600
2024-03-18T21:00:00+00:00,ALMDT.PA,BUY,2852.0000,241.1900
2024-03-18T21:00:00+00:00,AXE.AX,SELL,7.0000,230.1000
2024-03-18T21:00:00+00:00,AZN.L,BUY,7308.0000,162.1300
2024-03-18T21:00:00+00:00,BGO.L,BUY,671.0000,189.4700
2024-03-18T21:00:00+00:00,BRK-B,SELL,679.0000,194.8300
2024-03-18T21:00:00+00:00,BRNT.L,SELL,52.0000,275.9700
2024-03-18T21:00:00+00:00,DBMG.L,SELL,13216.0000,144.5200
2024-03-18T21:00:00+00:00,EDIT,BUY,15.0000,787.9800
2024-03-18T21:00:00+00:00,EMV.AX,SELL,1351.0000,223.1400
2024-03-18T21:00:00+00:00,FTC.L,BUY,211.0000,496.6400
2024-03-18T21:00:00+00:00,GSIT,BUY,197.0000,230.5000
2024-03-18T21:00:00+00:00,HSBA.L,SELL,5548.0000,195.1100
2024-03-18T21:00:00+00:00,IBTM.L,BUY,13030.0000,102.6200
2024-03-18T21:00:00+00:00,IDN,BUY,3707.0000,120.2900
2024-03-18T21:00:00+00:00,IITU.L,BUY,2030.0000,191.8800
2024-03-18T21:00:00+00:00,IPWR,SELL,1227.0000,434.9400
2024-03-18T21:00:00+00:00,ISF.L,BUY,13344.0000,135.1500
2024-03-18T21:00:00+00:00,LTBR,SELL,731.0000,143.3800
2024-03-18T21:00:00+00:00,MOLN.SW,SELL,353.0000,118.0900
2024-03-18T21:00:00+00:00,PLTR,BUY,16.0000,373.5200
2024-03-18T21:00:00+00:00,PRQR,SELL,657.0000,426.4500
2024-03-18T21:00:00+00:00,QSI,SELL,86.0000,300.5000
2024-03-18T21:00:00+00:00,RR.L,BUY,1233.0000,588.7700
2024-03-18T21:00:00+00:00,SEYE.ST,SELL,1474.0000,312.9300
2024-03-18T21:00:00+00:00,SGLN.L,SELL,14533.0000,138.9800
2024-03-18T21:00:00+00:00,SHEL.L,BUY,152.0000,223.9900
2024-03-18T21:00:00+00:00,SLX.AX,BUY,423.0000,655.6200
2024-03-18T21:00:00+00:00,SMGB.L,BUY,618.0000,217.4000
2024-03-18T21:00:00+00:00,VUL.AX,SELL,2984.0000,158.3000
2024-03-18T21:00:00+00:00,VYGR,SELL,467.0000,393.3400
2024-03-18T21:00:00+00:00,WBT.AX,BUY,168.0000,293.9200
2024-04-18T21:00:00+00:00,AL3.AX,BUY,549.0000,120.5800
2024-04-18T21:00:00+00:00,ALCLS.PA,BUY,23.0000,258.0200
2024-04-18T21:00:00+00:00,ALMDT.PA,SELL,3475.0000,288.4200
2024-04-18T21:00:00+00:00,AXE.AX,SELL,647.0000,258.1600
2024-04-18T21:00:00+00:00,AZN.L,SELL,7226.0000,171.9600
2024-04-18T21:00:00+00:00,BGO.L,SELL,1209.0000,217.5400
2024-04-18T21:00:00+00:00,BRK-B,BUY,14310.0000,195.0200
2024-04-18T21:00:00+00:00,BRNT.L,BUY,2381.0000,287.9800
2024-04-18T21:00:00+00:00,DBMG.L,BUY,5403.0000,155.3100
2024-04-18T21:00:00+00:00,EDIT,BUY,1.0000,579.1100
2024-04-18T21:00:00+00:00,EMV.AX,BUY,438.0000,202.0400
2024-04-18T21:00:00+00:00,FTC.L,SELL,16.0000,445.6400
2024-04-18T21:00:00+00:00,GSIT,SELL,358.0000,240.3600
2024-04-18T21:00:00+00:00,HSBA.L,SELL,1473.0000,208.7500
2024-04-18T21:00:00+00:00,IBTM.L,BUY,61309.0000,102.9100
2024-04-18T21:00:00+00:00,IDN,SELL,8365.0000,192.3500
2024-04-18T21:00:00+00:00,IITU.L,SELL,5235.0000,188.7900
2024-04-18T21:00:00+00:00,IPWR,BUY,234.0000,286.3800
2024-04-18T21:00:00+00:00,ISF.L,SELL,9814.0000,138.3500
2024-04-18T21:00:00+00:00,LTBR,BUY,738.0000,114.5100
2024-04-18T21:00:00+00:00,MOLN.SW,BUY,1529.0000,115.0800
2024-04-18T21:00:00+00:00,PLTR,SELL,28.0000,336.1900
2024-04-18T21:00:00+00:00,PRQR,BUY,283.0000,328.2900
2024-04-18T21:00:00+00:00,QSI,BUY,50.0000,242.8700
2024-04-18T21:00:00+00:00,RR.L,SELL,1608.0000,607.6400
2024-04-18T21:00:00+00:00,SEYE.ST,SELL,255.0000,235.7800
2024-04-18T21:00:00+00:00,SGLN.L,SELL,23356.0000,156.6600
2024-04-18T21:00:00+00:00,SHEL.L,BUY,4485.0000,248.5700
2024-04-18T21:00:00+00:00,SLX.AX,SELL,481.0000,714.3200
2024-04-18T21:00:00+00:00,SMGB.L,SELL,1966.0000,211.8800
2024-04-18T21:00:00+00:00,VUL.AX,SELL,824.0000,154.8900
2024-04-18T21:00:00+00:00,VYGR,BUY,497.0000,333.9900
2024-04-18T21:00:00+00:00,WBT.AX,BUY,298.0000,243.7400
2024-05-20T21:00:00+00:00,AL3.AX,SELL,506.0000,144.9200
2024-05-20T21:00:00+00:00,ALCLS.PA,SELL,43.0000,289.8500
2024-05-20T21:00:00+00:00,ALMDT.PA,SELL,66.0000,298.0700
2024-05-20T21:00:00+00:00,AXE.AX,BUY,386.0000,218.9400
2024-05-20T21:00:00+00:00,AZN.L,BUY,2313.0000,190.5800
2024-05-20T21:00:00+00:00,BGO.L,BUY,441.0000,228.0700
2024-05-20T21:00:00+00:00,BRK-B,SELL,12477.0000,197.4100
2024-05-20T21:00:00+00:00,BRNT.L,BUY,1377.0000,276.5100
2024-05-20T21:00:00+00:00,DBMG.L,SELL,29255.0000,155.7700
2024-05-20T21:00:00+00:00,EDIT,BUY,284.0000,564.5300
2024-05-20T21:00:00+00:00,EMV.AX,BUY,1012.0000,167.0700
2024-05-20T21:00:00+00:00,FTC.L,SELL,860.0000,778.5200
2024-05-20T21:00:00+00:00,GSIT,BUY,509.0000,187.2700
2024-05-20T21:00:00+00:00,HSBA.L,SELL,2073.0000,233.2000
2024-05-20T21:00:00+00:00,IBTM.L,BUY,41178.0000,102.7700
2024-05-20T21:00:00+00:00,IDN,BUY,54.0000,185.8300
2024-05-20T21:00:00+00:00,IITU.L,SELL,7221.0000,200.0400
2024-05-20T21:00:00+00:00,IPWR,BUY,258.0000,296.6200
2024-05-20T21:00:00+00:00,ISF.L,BUY,27794.0000,148.5600
2024-05-20T21:00:00+00:00,LTBR,BUY,108.0000,145.9100
2024-05-20T21:00:00+00:00,MOLN.SW,SELL,732.0000,112.1400
2024-05-20T21:00:00+00:00,PLTR,BUY,931.0000,337.1400
2024-05-20T21:00:00+00:00,PRQR,BUY,325.0000,332.1400
2024-05-20T21:00:00+00:00,QSI,BUY,420.0000,279.0200
2024-05-20T21:00:00+00:00,RR.L,BUY,788.0000,659.4200
2024-05-20T21:00:00+00:00,SEYE.ST,BUY,72.0000,297.3000
2024-05-20T21:00:00+00:00,SGLN.L,SELL,4959.0000,156.0700
2024-05-20T21:00:00+00:00,SHEL.L,BUY,2522.0000,247.6300
2024-05-20T21:00:00+00:00,SLX.AX,SELL,105.0000,966.4000
2024-05-20T21:00:00+00:00,SMGB.L,SELL,3085.0000,229.5200
2024-05-20T21:00:00+00:00,VUL.AX,SELL,1115.0000,247.1900
2024-05-20T21:00:00+00:00,VYGR,SELL,227.0000,366.3600
2024-05-20T21:00:00+00:00,WBT.AX,BUY,636.0000,187.2400
2024-06-19T21:00:00+00:00,AL3.AX,BUY,392.0000,146.2300
2024-06-19T21:00:00+00:00,ALCLS.PA,BUY,86.0000,193.0600
2024-06-19T21:00:00+00:00,ALMDT.PA,BUY,150.0000,247.0900
2024-06-19T21:00:00+00:00,AXE.AX,BUY,15.0000,195.5800
2024-06-19T21:00:00+00:00,AZN.L,SELL,2208.0000,194.4200
2024-06-19T21:00:00+00:00,BGO.L,BUY,494.0000,247.3700
2024-06-19T21:00:00+00:00,BRK-B,BUY,21182.0000,194.8500
2024-06-19T21:00:00+00:00,BRNT.L,SELL,3989.0000,282.4400
2024-06-19T21:00:00+00:00,DBMG.L,BUY,11336.0000,154.5100
2024-06-19T21:00:00+00:00,EDIT,SELL,138.0000,515.0500
2024-06-19T21:00:00+00:00,EMV.AX,SELL,143.0000,171.4100
2024-06-19T21:00:00+00:00,FTC.L,SELL,200.0000,973.1500
2024-06-19T21:00:00+00:00,GSIT,SELL,85.0000,176.5500
2024-06-19T21:00:00+00:00,HSBA.L,BUY,1792.0000,232.3300
2024-06-19T21:00:00+00:00,IBTM.L,SELL,2484.0000,104.6400
2024-06-19T21:00:00+00:00,IDN,SELL,481.0000,210.5900
2024-06-19T21:00:00+00:00,IITU.L,BUY,4083.0000,227.9700
2024-06-19T21:00:00+00:00,IPWR,BUY,405.0000,274.2500
2024-06-19T21:00:00+00:00,ISF.L,SELL,9770.0000,145.0000
2024-06-19T21:00:00+00:00,LTBR,BUY,823.0000,111.7000
2024-06-19T21:00:00+00:00,MOLN.SW,SELL,3438.0000,290.8700
2024-06-19T21:00:00+00:00,PLTR,SELL,272.0000,402.3300
2024-06-19T21:00:00+00:00,PRQR,BUY,163.0000,287.8100
2024-06-19T21:00:00+00:00,QSI,BUY,118.0000,206.3500
2024-06-19T21:00:00+00:00,RR.L,BUY,96.0000,713.3200
2024-06-19T21:00:00+00:00,SEYE.ST,BUY,359.0000,322.1500
2024-06-19T21:00:00+00:00,SGLN.L,SELL,10693.0000,149.7200
2024-06-19T21:00:00+00:00,SHEL.L,SELL,8822.0000,242.6800
2024-06-19T21:00:00+00:00,SLX.AX,BUY,131.0000,779.5600
2024-06-19T21:00:00+00:00,SMGB.L,BUY,1849.0000,262.6000
2024-06-19T21:00:00+00:00,VUL.AX,SELL,98.0000,216.1400
2024-06-19T21:00:00+00:00,VYGR,BUY,29.0000,353.5300
2024-06-19T21:00:00+00:00,WBT.AX,SELL,84.0000,186.9300
2024-07-18T21:00:00+00:00,AL3.AX,SELL,2537.0000,333.9600
2024-07-18T21:00:00+00:00,ALCLS.PA,BUY,22.0000,205.0300
2024-07-18T21:00:00+00:00,ALMDT.PA,BUY,1173.0000,166.5600
2024-07-18T21:00:00+00:00,AXE.AX,BUY,600.0000,174.0400
2024-07-18T21:00:00+00:00,AZN.L,BUY,584.0000,191.0500
2024-07-18T21:00:00+00:00,BGO.L,SELL,363.0000,254.3900
2024-07-18T21:00:00+00:00,BRK-B,SELL,14446.0000,206.3000
2024-07-18T21:00:00+00:00,BRNT.L,BUY,1586.0000,276.9700
2024-07-18T21:00:00+00:00,DBMG.L,SELL,20022.0000,152.8900
2024-07-18T21:00:00+00:00,EDIT,SELL,11.0000,529.4900
2024-07-18T21:00:00+00:00,EMV.AX,BUY,501.0000,172.7300
2024-07-18T21:00:00+00:00,FTC.L,SELL,76.0000,1010.0700
2024-07-18T21:00:00+00:00,GSIT,SELL,61.0000,181.0000
2024-07-18T21:00:00+00:00,HSBA.L,BUY,420.0000,222.4400
2024-07-18T21:00:00+00:00,IBTM.L,BUY,65460.0000,103.6300
2024-07-18T21:00:00+00:00,IDN,SELL,282.0000,207.1800
2024-07-18T21:00:00+00:00,IITU.L,SELL,7926.0000,214.0300
2024-07-18T21:00:00+00:00,IPWR,BUY,18.0000,289.3800
2024-07-18T21:00:00+00:00,ISF.L,BUY,3848.0000,145.2300
2024-07-18T21:00:00+00:00,LTBR,SELL,1785.0000,146.0400
2024-07-18T21:00:00+00:00,MOLN.SW,BUY,291.0000,201.9600
2024-07-18T21:00:00+00:00,PLTR,SELL,309.0000,436.2800
2024-07-18T21:00:00+00:00,PRQR,SELL,62.0000,304.1700
2024-07-18T21:00:00+00:00,QSI,SELL,22.0000,167.8500
2024-07-18T21:00:00+00:00,RR.L,SELL,107.0000,656.1000
2024-07-18T21:00:00+00:00,SEYE.ST,SELL,159.0000,296.1500
2024-07-18T21:00:00+00:00,SGLN.L,BUY,5053.0000,155.5300
2024-07-18T21:00:00+00:00,SHEL.L,BUY,1137.0000,250.3200
2024-07-18T21:00:00+00:00,SLX.AX,BUY,549.0000,711.9300
2024-07-18T21:00:00+00:00,SMGB.L,SELL,3622.0000,232.3900
2024-07-18T21:00:00+00:00,VUL.AX,BUY,93.0000,214.3700
2024-07-18T21:00:00+00:00,VYGR,BUY,209.0000,357.0400
2024-07-18T21:00:00+00:00,WBT.AX,BUY,1054.0000,192.5600
2024-08-16T21:00:00+00:00,AL3.AX,SELL,51.0000,321.1700
2024-08-16T21:00:00+00:00,ALCLS.PA,BUY,3577.0000,199.0700
2024-08-16T21:00:00+00:00,ALMDT.PA,SELL,2605.0000,498.1500
2024-08-16T21:00:00+00:00,AXE.AX,BUY,14.0000,132.4100
2024-08-16T21:00:00+00:00,AZN.L,BUY,15637.0000,206.8100
2024-08-16T21:00:00+00:00,BGO.L,SELL,542.0000,214.0400
2024-08-16T21:00:00+00:00,BRK-B,SELL,12499.0000,209.9400
2024-08-16T21:00:00+00:00,BRNT.L,SELL,1451.0000,267.2700
2024-08-16T21:00:00+00:00,DBMG.L,BUY,7131.0000,145.4100
2024-08-16T21:00:00+00:00,EDIT,BUY,1.0000,404.2100
2024-08-16T21:00:00+00:00,EMV.AX,SELL,407.0000,185.1900
2024-08-16T21:00:00+00:00,FTC.L,SELL,66.0000,939.6000
2024-08-16T21:00:00+00:00,GSIT,BUY,139.0000,156.2800
2024-08-16T21:00:00+00:00,HSBA.L,SELL,4458.0000,222.6700
2024-08-16T21:00:00+00:00,IBTM.L,BUY,21830.0000,106.4500
2024-08-16T21:00:00+00:00,IDN,BUY,459.0000,144.3700
2024-08-16T21:00:00+00:00,IITU.L,BUY,9174.0000,214.5200
2024-08-16T21:00:00+00:00,IPWR,SELL,863.0000,310.7600
2024-08-16T21:00:00+00:00,ISF.L,SELL,14492.0000,148.0200
2024-08-16T21:00:00+00:00,LTBR,BUY,277.0000,115.7800
2024-08-16T21:00:00+00:00,MOLN.SW,BUY,227.0000,190.9600
2024-08-16T21:00:00+00:00,PLTR,SELL,450.0000,494.3000
2024-08-16T21:00:00+00:00,PRQR,SELL,458.0000,376.0500
2024-08-16T21:00:00+00:00,QSI,SELL,113.0000,151.8700
2024-08-16T21:00:00+00:00,RR.L,SELL,70.0000,756.3400
2024-08-16T21:00:00+00:00,SEYE.ST,SELL,552.0000,327.4000
2024-08-16T21:00:00+00:00,SGLN.L,SELL,10573.0000,157.9100
2024-08-16T21:00:00+00:00,SHEL.L,SELL,2409.0000,248.6900
2024-08-16T21:00:00+00:00,SLX.AX,SELL,322.0000,608.6500
2024-08-16T21:00:00+00:00,SMGB.L,BUY,7334.0000,227.2100
2024-08-16T21:00:00+00:00,VUL.AX,SELL,98.0000,191.5300
2024-08-16T21:00:00+00:00,VYGR,SELL,452.0000,277.1800
2024-08-16T21:00:00+00:00,WBT.AX,BUY,688.0000,158.6600
2024-09-17T21:00:00+00:00,AL3.AX,BUY,70.0000,319.2200
2024-09-17T21:00:00+00:00,ALCLS.PA,BUY,624.0000,224.2200
2024-09-17T21:00:00+00:00,ALMDT.PA,BUY,296.0000,333.2100
2024-09-17T21:00:00+00:00,AXE.AX,BUY,653.0000,120.8700
2024-09-17T21:00:00+00:00,AZN.L,SELL,16893.0000,189.7200
2024-09-17T21:00:00+00:00,BGO.L,BUY,996.0000,193.8600
2024-09-17T21:00:00+00:00,BRK-B,SELL,6284.0000,209.9600
2024-09-17T21:00:00+00:00,BRNT.L,BUY,1715.0000,242.0200
2024-09-17T21:00:00+00:00,DBMG.L,BUY,177.0000,141.6400
2024-09-17T21:00:00+00:00,EDIT,SELL,84.0000,379.6900
2024-09-17T21:00:00+00:00,EMV.AX,BUY,546.0000,182.3300
2024-09-17T21:00:00+00:00,FTC.L,BUY,92.0000,969.8000
2024-09-17T21:00:00+00:00,GSIT,SELL,326.0000,182.6700
2024-09-17T21:00:00+00:00,HSBA.L,SELL,1819.0000,224.4300
2024-09-17T21:00:00+00:00,IBTM.L,BUY,54757.0000,106.8500
2024-09-17T21:00:00+00:00,IDN,BUY,510.0000,128.8700
2024-09-17T21:00:00+00:00,IITU.L,SELL,8243.0000,208.4300
2024-09-17T21:00:00+00:00,IPWR,BUY,5.0000,286.7900
2024-09-17T21:00:00+00:00,ISF.L,SELL,15767.0000,148.3000
2024-09-17T21:00:00+00:00,LTBR,BUY,2104.0000,106.6600
2024-09-17T21:00:00+00:00,MOLN.SW,BUY,1412.0000,150.8300
2024-09-17T21:00:00+00:00,PLTR,SELL,39.0000,546.7000
2024-09-17T21:00:00+00:00,PRQR,BUY,761.0000,304.4900
2024-09-17T21:00:00+00:00,QSI,SELL,10.0000,148.5900
2024-09-17T21:00:00+00:00,RR.L,SELL,887.0000,747.2800
2024-09-17T21:00:00+00:00,SEYE.ST,BUY,349.0000,235.8800
2024-09-17T21:00:00+00:00,SGLN.L,BUY,17779.0000,159.6800
2024-09-17T21:00:00+00:00,SHEL.L,SELL,1155.0000,228.2800
2024-09-17T21:00:00+00:00,SLX.AX,BUY,655.0000,503.8900
2024-09-17T21:00:00+00:00,SMGB.L,SELL,5755.0000,214.3300
2024-09-17T21:00:00+00:00,VUL.AX,BUY,702.0000,179.4300
2024-09-17T21:00:00+00:00,VYGR,SELL,206.0000,260.2200
2024-09-17T21:00:00+00:00,WBT.AX,BUY,1398.0000,148.5900
2024-10-16T21:00:00+00:00,AL3.AX,SELL,35.0000,330.0600
2024-10-16T21:00:00+00:00,ALCLS.PA,SELL,243.0000,193.2800
2024-10-16T21:00:00+00:00,ALMDT.PA,SELL,104.0000,310.4400
2024-10-16T21:00:00+00:00,AXE.AX,SELL,850.0000,129.0000
2024-10-16T21:00:00+00:00,AZN.L,BUY,908.0000,190.6100
2024-10-16T21:00:00+00:00,BGO.L,BUY,653.0000,179.8200
2024-10-16T21:00:00+00:00,BRK-B,BUY,7674.0000,216.4700
2024-10-16T21:00:00+00:00,BRNT.L,SELL,492.0000,249.6000
2024-10-16T21:00:00+00:00,DBMG.L,BUY,19658.0000,142.4800
2024-10-16T21:00:00+00:00,EDIT,BUY,441.0000,343.1200
2024-10-16T21:00:00+00:00,EMV.AX,SELL,361.0000,173.7500
2024-10-16T21:00:00+00:00,FTC.L,SELL,39.0000,986.5800
2024-10-16T21:00:00+00:00,GSIT,SELL,38.0000,254.2000
2024-10-16T21:00:00+00:00,HSBA.L,SELL,48.0000,228.1600
2024-10-16T21:00:00+00:00,IBTM.L,SELL,22031.0000,105.8200
2024-10-16T21:00:00+00:00,IDN,SELL,850.0000,140.1200
2024-10-16T21:00:00+00:00,IITU.L,SELL,394.0000,221.6600
2024-10-16T21:00:00+00:00,IPWR,BUY,798.0000,286.9500
2024-10-16T21:00:00+00:00,ISF.L,BUY,2068.0000,148.8100
2024-10-16T21:00:00+00:00,LTBR,SELL,3332.0000,212.6200
2024-10-16T21:00:00+00:00,MOLN.SW,SELL,115.0000,146.9100
2024-10-16T21:00:00+00:00,PLTR,BUY,116.0000,635.8700
2024-10-16T21:00:00+00:00,PRQR,SELL,1515.0000,676.2800
2024-10-16T21:00:00+00:00,QSI,BUY,533.0000,125.1000
2024-10-16T21:00:00+00:00,RR.L,SELL,121.0000,845.4100
2024-10-16T21:00:00+00:00,SEYE.ST,BUY,4219.0000,193.2800
2024-10-16T21:00:00+00:00,SGLN.L,SELL,5399.0000,168.3700
2024-10-16T21:00:00+00:00,SHEL.L,SELL,1885.0000,225.7400
2024-10-16T21:00:00+00:00,SLX.AX,SELL,210.0000,648.0600
2024-10-16T21:00:00+00:00,SMGB.L,SELL,531.0000,223.3800
2024-10-16T21:00:00+00:00,VUL.AX,SELL,131.0000,246.6800
2024-10-16T21:00:00+00:00,VYGR,BUY,803.0000,333.5200
2024-10-16T21:00:00+00:00,WBT.AX,SELL,1449.0000,160.9700
2024-11-14T21:00:00+00:00,AL3.AX,SELL,150.0000,521.2500
2024-11-14T21:00:00+00:00,ALCLS.PA,BUY,3699.0000,186.3300
2024-11-14T21:00:00+00:00,ALMDT.PA,BUY,66.0000,338.1300
2024-11-14T21:00:00+00:00,AXE.AX,SELL,870.0000,209.4500
2024-11-14T21:00:00+00:00,AZN.L,BUY,3786.0000,163.1500
2024-11-14T21:00:00+00:00,BGO.L,BUY,7002.0000,184.2100
2024-11-14T21:00:00+00:00,BRK-B,SELL,3301.0000,223.5500
2024-11-14T21:00:00+00:00,BRNT.L,BUY,2135.0000,253.1900
2024-11-14T21:00:00+00:00,DBMG.L,SELL,2700.0000,142.9500
2024-11-14T21:00:00+00:00,EDIT,BUY,139.0000,283.2800
2024-11-14T21:00:00+00:00,EMV.AX,BUY,560.0000,168.3900
2024-11-14T21:00:00+00:00,FTC.L,BUY,155.0000,1006.7100
2024-11-14T21:00:00+00:00,GSIT,BUY,591.0000,175.3600
2024-11-14T21:00:00+00:00,HSBA.L,BUY,736.0000,242.1100
2024-11-14T21:00:00+00:00,IBTM.L,SELL,28141.0000,105.2000
2024-11-14T21:00:00+00:00,IDN,BUY,360.0000,161.5900
2024-11-14T21:00:00+00:00,IITU.L,SELL,1135.0000,233.4000
2024-11-14T21:00:00+00:00,IPWR,BUY,150.0000,253.8500
2024-11-14T21:00:00+00:00,ISF.L,BUY,19109.0000,144.6900
2024-11-14T21:00:00+00:00,LTBR,SELL,819.0000,329.0700
2024-11-14T21:00:00+00:00,MOLN.SW,SELL,2947.0000,167.8600
2024-11-14T21:00:00+00:00,PLTR,BUY,17.0000,922.8200
2024-11-14T21:00:00+00:00,PRQR,BUY,28.0000,683.2900
2024-11-14T21:00:00+00:00,QSI,SELL,5.0000,122.8000
2024-11-14T21:00:00+00:00,RR.L,BUY,747.0000,823.0700
2024-11-14T21:00:00+00:00,SEYE.ST,SELL,1232.0000,180.5600
2024-11-14T21:00:00+00:00,SGLN.L,SELL,5937.0000,165.8500
2024-11-14T21:00:00+00:00,SHEL.L,BUY,2252.0000,228.0600
2024-11-14T21:00:00+00:00,SLX.AX,SELL,346.0000,747.1000
2024-11-14T21:00:00+00:00,SMGB.L,SELL,1452.0000,227.5400
2024-11-14T21:00:00+00:00,VUL.AX,SELL,886.0000,303.1100
2024-11-14T21:00:00+00:00,VYGR,BUY,276.0000,269.6700
2024-11-14T21:00:00+00:00,WBT.AX,SELL,1522.0000,260.6500
2024-12-13T21:00:00+00:00,AL3.AX,BUY,154.0000,355.7800
2024-12-13T21:00:00+00:00,ALCLS.PA,BUY,617.0000,175.5000
2024-12-13T21:00:00+00:00,ALMDT.PA,BUY,106.0000,314.3300
2024-12-13T21:00:00+00:00,AXE.AX,BUY,472.0000,182.2600
2024-12-13T21:00:00+00:00,AZN.L,BUY,27252.0000,165.9400
2024-12-13T21:00:00+00:00,BGO.L,BUY,912.0000,169.3000
2024-12-13T21:00:00+00:00,BRK-B,SELL,6465.0000,219.3800
2024-12-13T21:00:00+00:00,BRNT.L,SELL,4395.0000,261.0400
2024-12-13T21:00:00+00:00,DBMG.L,SELL,4959.0000,144.2400
2024-12-13T21:00:00+00:00,EDIT,BUY,991.0000,147.6100
2024-12-13T21:00:00+00:00,EMV.AX,BUY,3092.0000,157.9600
2024-12-13T21:00:00+00:00,FTC.L,SELL,10.0000,966.4400
2024-12-13T21:00:00+00:00,GSIT,BUY,1166.0000,173.7700
2024-12-13T21:00:00+00:00,HSBA.L,BUY,216.0000,262.6800
2024-12-13T21:00:00+00:00,IBTM.L,BUY,25289.0000,106.7700
2024-12-13T21:00:00+00:00,IDN,SELL,134.0000,199.7600
2024-12-13T21:00:00+00:00,IITU.L,BUY,993.0000,239.3100
2024-12-13T21:00:00+00:00,IPWR,BUY,1021.0000,247.8200
2024-12-13T21:00:00+00:00,ISF.L,SELL,14111.0000,148.9200
2024-12-13T21:00:00+00:00,LTBR,SELL,42.0000,214.1900
2024-12-13T21:00:00+00:00,MOLN.SW,BUY,2152.0000,165.7000
2024-12-13T21:00:00+00:00,PLTR,SELL,429.0000,1188.9600
2024-12-13T21:00:00+00:00,PRQR,SELL,26.0000,490.6800
2024-12-13T21:00:00+00:00,QSI,SELL,1192.0000,271.7600
2024-12-13T21:00:00+00:00,RR.L,SELL,737.0000,864.4300
2024-12-13T21:00:00+00:00,SEYE.ST,SELL,2160.0000,176.9900
2024-12-13T21:00:00+00:00,SGLN.L,SELL,9339.0000,172.5000
2024-12-13T21:00:00+00:00,SHEL.L,SELL,3646.0000,225.0800
2024-12-13T21:00:00+00:00,SLX.AX,SELL,52.0000,803.4900
2024-12-13T21:00:00+00:00,SMGB.L,BUY,1611.0000,228.6400
2024-12-13T21:00:00+00:00,VUL.AX,BUY,289.0000,284.4800
2024-12-13T21:00:00+00:00,VYGR,SELL,724.0000,272.4700
2024-12-13T21:00:00+00:00,WBT.AX,BUY,391.0000,238.4700
2025-01-16T21:00:00+00:00,AL3.AX,SELL,46.0000,349.9100
2025-01-16T21:00:00+00:00,ALCLS.PA,SELL,1790.0000,170.6900
2025-01-16T21:00:00+00:00,ALMDT.PA,SELL,376.0000,418.9300
2025-01-16T21:00:00+00:00,AXE.AX,SELL,110.0000,222.1500
2025-01-16T21:00:00+00:00,AZN.L,SELL,7650.0000,171.9000
2025-01-16T21:00:00+00:00,BGO.L,BUY,3848.0000,182.4600
2025-01-16T21:00:00+00:00,BRK-B,SELL,756.0000,229.5900
2025-01-16T21:00:00+00:00,BRNT.L,BUY,2482.0000,293.5000
2025-01-16T21:00:00+00:00,DBMG.L,BUY,11544.0000,151.2700
2025-01-16T21:00:00+00:00,EDIT,SELL,235.0000,131.6100
2025-01-16T21:00:00+00:00,EMV.AX,BUY,1112.0000,160.0600
2025-01-16T21:00:00+00:00,FTC.L,SELL,155.0000,1302.0100
2025-01-16T21:00:00+00:00,GSIT,SELL,1012.0000,188.8600
2025-01-16T21:00:00+00:00,HSBA.L,BUY,6412.0000,280.3700
2025-01-16T21:00:00+00:00,IBTM.L,SELL,82459.0000,108.8400
2025-01-16T21:00:00+00:00,IDN,BUY,667.0000,186.5700
2025-01-16T21:00:00+00:00,IITU.L,BUY,215.0000,241.2500
2025-01-16T21:00:00+00:00,IPWR,SELL,1536.0000,315.5100
2025-01-16T21:00:00+00:00,ISF.L,BUY,43025.0000,150.9400
2025-01-16T21:00:00+00:00,LTBR,SELL,65.0000,255.3300
2025-01-16T21:00:00+00:00,MOLN.SW,SELL,410.0000,173.7300
2025-01-16T21:00:00+00:00,PLTR,BUY,14.0000,1120.5700
2025-01-16T21:00:00+00:00,PRQR,BUY,40.0000,412.9200
2025-01-16T21:00:00+00:00,QSI,SELL,170.0000,415.5500
2025-01-16T21:00:00+00:00,RR.L,BUY,52.0000,873.7900
2025-01-16T21:00:00+00:00,SEYE.ST,BUY,270.0000,175.0100
2025-01-16T21:00:00+00:00,SGLN.L,SELL,9024.0000,181.8500
2025-01-16T21:00:00+00:00,SHEL.L,BUY,7302.0000,242.2500
2025-01-16T21:00:00+00:00,SLX.AX,SELL,304.0000,838.3000
2025-01-16T21:00:00+00:00,SMGB.L,SELL,592.0000,245.9600
2025-01-16T21:00:00+00:00,VUL.AX,BUY,349.0000,295.6900
2025-01-16T21:00:00+00:00,VYGR,BUY,138.0000,227.6800
2025-01-16T21:00:00+00:00,WBT.AX,BUY,864.0000,204.5300
2025-02-14T21:00:00+00:00,AL3.AX,BUY,10.0000,314.0400
2025-02-14T21:00:00+00:00,ALCLS.PA,BUY,2746.0000,163.3000
2025-02-14T21:00:00+00:00,ALMDT.PA,BUY,634.0000,230.9100
2025-02-14T21:00:00+00:00,AXE.AX,BUY,108.0000,195.5300
2025-02-14T21:00:00+00:00,AZN.L,SELL,4479.0000,185.6000
2025-02-14T21:00:00+00:00,BGO.L,SELL,4046.0000,173.6800
2025-02-14T21:00:00+00:00,BRK-B,SELL,2160.0000,231.8500
2025-02-14T21:00:00+00:00,BRNT.L,SELL,1864.0000,273.0700
2025-02-14T21:00:00+00:00,DBMG.L,SELL,10538.0000,146.2600
2025-02-14T21:00:00+00:00,EDIT,BUY,717.0000,142.7400
2025-02-14T21:00:00+00:00,EMV.AX,SELL,943.0000,177.6600
2025-02-14T21:00:00+00:00,FTC.L,BUY,256.0000,1442.9500
2025-02-14T21:00:00+00:00,GSIT,SELL,550.0000,231.5700
2025-02-14T21:00:00+00:00,HSBA.L,BUY,3497.0000,298.1600
2025-02-14T21:00:00+00:00,IBTM.L,SELL,11925.0000,107.2000
2025-02-14T21:00:00+00:00,IDN,SELL,45.0000,174.3300
2025-02-14T21:00:00+00:00,IITU.L,SELL,248.0000,239.5800
2025-02-14T21:00:00+00:00,IPWR,BUY,331.0000,262.8000
2025-02-14T21:00:00+00:00,ISF.L,BUY,24708.0000,157.2300
2025-02-14T21:00:00+00:00,LTBR,SELL,227.0000,615.7000
2025-02-14T21:00:00+00:00,MOLN.SW,BUY,617.0000,145.3800
2025-02-14T21:00:00+00:00,PLTR,SELL,265.0000,1879.3300
2025-02-14T21:00:00+00:00,PRQR,SELL,22.0000,423.4000
2025-02-14T21:00:00+00:00,QSI,BUY,28.0000,310.9000
2025-02-14T21:00:00+00:00,RR.L,BUY,1190.0000,942.9300
2025-02-14T21:00:00+00:00,SEYE.ST,BUY,7633.0000,136.6800
2025-02-14T21:00:00+00:00,SGLN.L,SELL,4528.0000,187.7700
2025-02-14T21:00:00+00:00,SHEL.L,SELL,5926.0000,243.4200
2025-02-14T21:00:00+00:00,SLX.AX,SELL,83.0000,721.1700
2025-02-14T21:00:00+00:00,SMGB.L,SELL,296.0000,234.4300
2025-02-14T21:00:00+00:00,VUL.AX,BUY,850.0000,197.0600
2025-02-14T21:00:00+00:00,VYGR,BUY,591.0000,185.4900
2025-02-14T21:00:00+00:00,WBT.AX,BUY,860.0000,166.0600
2025-03-17T21:00:00+00:00,AL3.AX,BUY,250.0000,264.8400
2025-03-17T21:00:00+00:00,ALCLS.PA,BUY,2499.0000,126.6700
2025-03-17T21:00:00+00:00,ALMDT.PA,SELL,568.0000,216.9900
2025-03-17T21:00:00+00:00,AXE.AX,BUY,287.0000,159.4100
2025-03-17T21:00:00+00:00,AZN.L,SELL,12084.0000,191.4400
2025-03-17T21:00:00+00:00,BGO.L,BUY,4648.0000,142.1100
2025-03-17T21:00:00+00:00,BRK-B,BUY,3583.0000,245.6600
2025-03-17T21:00:00+00:00,BRNT.L,SELL,547.0000,253.2100
2025-03-17T21:00:00+00:00,DBMG.L,BUY,1098.0000,136.8400
2025-03-17T21:00:00+00:00,EDIT,SELL,1757.0000,141.7000
2025-03-17T21:00:00+00:00,EMV.AX,BUY,581.0000,149.6000
2025-03-17T21:00:00+00:00,FTC.L,BUY,90.0000,1442.9500
2025-03-17T21:00:00+00:00,GSIT,BUY,717.0000,174.2700
2025-03-17T21:00:00+00:00,HSBA.L,SELL,5706.0000,310.2400
2025-03-17T21:00:00+00:00,IBTM.L,BUY,14694.0000,105.8500
2025-03-17T21:00:00+00:00,IDN,BUY,390.0000,161.4400
2025-03-17T21:00:00+00:00,IITU.L,BUY,3599.0000,206.9300
2025-03-17T21:00:00+00:00,IPWR,BUY,298.0000,181.4600
2025-03-17T21:00:00+00:00,ISF.L,SELL,20070.0000,157.5300
2025-03-17T21:00:00+00:00,LTBR,BUY,75.0000,417.7800
2025-03-17T21:00:00+00:00,MOLN.SW,BUY,1346.0000,119.2700
2025-03-17T21:00:00+00:00,PLTR,BUY,104.0000,1338.5200
2025-03-17T21:00:00+00:00,PRQR,BUY,111.0000,288.9800
2025-03-17T21:00:00+00:00,QSI,BUY,12.0000,255.6000
2025-03-17T21:00:00+00:00,RR.L,SELL,1413.0000,1210.1400
2025-03-17T21:00:00+00:00,SEYE.ST,SELL,6632.0000,166.3500
2025-03-17T21:00:00+00:00,SGLN.L,BUY,17787.0000,188.6700
2025-03-17T21:00:00+00:00,SHEL.L,BUY,6124.0000,243.6000
2025-03-17T21:00:00+00:00,SLX.AX,BUY,476.0000,534.1500
2025-03-17T21:00:00+00:00,SMGB.L,BUY,442.0000,206.7300
2025-03-17T21:00:00+00:00,VUL.AX,BUY,168.0000,214.1100
2025-03-17T21:00:00+00:00,VYGR,BUY,565.0000,165.7300
2025-03-17T21:00:00+00:00,WBT.AX,BUY,142.0000,147.9300
2025-04-15T21:00:00+00:00,AL3.AX,SELL,93.0000,319.5900
2025-04-15T21:00:00+00:00,ALCLS.PA,SELL,7863.0000,155.0000
2025-04-15T21:00:00+00:00,ALMDT.PA,BUY,1147.0000,216.1000
2025-04-15T21:00:00+00:00,AXE.AX,BUY,2312.0000,131.0900
2025-04-15T21:00:00+00:00,AZN.L,SELL,10457.0000,165.3300
2025-04-15T21:00:00+00:00,BGO.L,SELL,8110.0000,140.3500
2025-04-15T21:00:00+00:00,BRK-B,BUY,2342.0000,243.4900
2025-04-15T21:00:00+00:00,BRNT.L,SELL,345.0000,226.9400
2025-04-15T21:00:00+00:00,DBMG.L,BUY,83741.0000,133.1700
2025-04-15T21:00:00+00:00,EDIT,BUY,547.0000,133.1600
2025-04-15T21:00:00+00:00,EMV.AX,BUY,497.0000,149.9500
2025-04-15T21:00:00+00:00,FTC.L,SELL,261.0000,1328.8600
2025-04-15T21:00:00+00:00,GSIT,SELL,273.0000,179.3400
2025-04-15T21:00:00+00:00,HSBA.L,SELL,5585.0000,276.9400
2025-04-15T21:00:00+00:00,IBTM.L,BUY,217298.0000,103.8600
2025-04-15T21:00:00+00:00,IDN,BUY,3751.0000,157.8000
2025-04-15T21:00:00+00:00,IITU.L,SELL,6242.0000,193.2500
2025-04-15T21:00:00+00:00,IPWR,BUY,4100.0000,167.9700
2025-04-15T21:00:00+00:00,ISF.L,SELL,86711.0000,150.5900
2025-04-15T21:00:00+00:00,LTBR,BUY,86.0000,320.8500
2025-04-15T21:00:00+00:00,MOLN.SW,SELL,1265.0000,117.7800
2025-04-15T21:00:00+00:00,PLTR,SELL,63.0000,1479.9300
2025-04-15T21:00:00+00:00,PRQR,BUY,421.0000,198.5400
2025-04-15T21:00:00+00:00,QSI,BUY,264.0000,187.0100
2025-04-15T21:00:00+00:00,RR.L,SELL,227.0000,1104.7700
2025-04-15T21:00:00+00:00,SEYE.ST,BUY,2563.0000,165.9500
2025-04-15T21:00:00+00:00,SGLN.L,SELL,67535.0000,199.3700
2025-04-15T21:00:00+00:00,SHEL.L,SELL,8001.0000,215.8800
2025-04-15T21:00:00+00:00,SLX.AX,SELL,348.0000,376.7600
2025-04-15T21:00:00+00:00,SMGB.L,SELL,971.0000,181.6000
2025-04-15T21:00:00+00:00,VUL.AX,SELL,1677.0000,210.8700
2025-04-15T21:00:00+00:00,VYGR,BUY,1348.0000,134.2300
2025-04-15T21:00:00+00:00,WBT.AX,SELL,1987.0000,127.1900
2025-05-19T21:00:00+00:00,AL3.AX,BUY,936.0000,300.8600
2025-05-19T21:00:00+00:00,ALCLS.PA,BUY,1165.0000,144.3400
2025-05-19T21:00:00+00:00,ALMDT.PA,SELL,9.0000,183.2600
2025-05-19T21:00:00+00:00,AXE.AX,SELL,133.0000,136.7000
2025-05-19T21:00:00+00:00,AZN.L,BUY,5921.0000,166.8000
2025-05-19T21:00:00+00:00,BGO.L,SELL,20.0000,157.8900
2025-05-19T21:00:00+00:00,BRK-B,SELL,3701.0000,233.8900
2025-05-19T21:00:00+00:00,BRNT.L,BUY,1832.0000,230.0900
2025-05-19T21:00:00+00:00,DBMG.L,BUY,28349.0000,131.2200
2025-05-19T21:00:00+00:00,EDIT,BUY,49.0000,145.5200
2025-05-19T21:00:00+00:00,EMV.AX,SELL,4273.0000,139.1100
2025-05-19T21:00:00+00:00,FTC.L,SELL,140.0000,1637.5800
2025-05-19T21:00:00+00:00,GSIT,BUY,214.0000,206.6500
2025-05-19T21:00:00+00:00,HSBA.L,SELL,2216.0000,314.2300
2025-05-19T21:00:00+00:00,IBTM.L,SELL,48964.0000,102.3400
2025-05-19T21:00:00+00:00,IDN,SELL,1991.0000,212.8300
2025-05-19T21:00:00+00:00,IITU.L,BUY,125.0000,220.9600
2025-05-19T21:00:00+00:00,IPWR,BUY,44.0000,187.1100
2025-05-19T21:00:00+00:00,ISF.L,BUY,4504.0000,159.4600
2025-05-19T21:00:00+00:00,LTBR,SELL,36.0000,439.8800
2025-05-19T21:00:00+00:00,MOLN.SW,BUY,587.0000,114.2500
2025-05-19T21:00:00+00:00,PLTR,BUY,19.0000,1881.2900
2025-05-19T21:00:00+00:00,PRQR,SELL,314.0000,282.4900
2025-05-19T21:00:00+00:00,QSI,SELL,49.0000,212.2600
2025-05-19T21:00:00+00:00,RR.L,SELL,195.0000,1247.1000
2025-05-19T21:00:00+00:00,SEYE.ST,SELL,1100.0000,213.4200
2025-05-19T21:00:00+00:00,SGLN.L,BUY,6340.0000,197.9400
2025-05-19T21:00:00+00:00,SHEL.L,BUY,1050.0000,227.5300
2025-05-19T21:00:00+00:00,SLX.AX,BUY,576.0000,410.5300
2025-05-19T21:00:00+00:00,SMGB.L,BUY,797.0000,214.1200
2025-05-19T21:00:00+00:00,VUL.AX,BUY,444.0000,202.3700
2025-05-19T21:00:00+00:00,VYGR,BUY,273.0000,142.0200
2025-05-19T21:00:00+00:00,WBT.AX,SELL,708.0000,126.9700
2025-06-18T21:00:00+00:00,AL3.AX,SELL,567.0000,271.2400
2025-06-18T21:00:00+00:00,ALCLS.PA,BUY,1485.0000,135.0100
2025-06-18T21:00:00+00:00,ALMDT.PA,BUY,2557.0000,100.0000
2025-06-18T21:00:00+00:00,AXE.AX,SELL,845.0000,131.8700
2025-06-18T21:00:00+00:00,AZN.L,BUY,424.0000,169.6400
2025-06-18T21:00:00+00:00,BGO.L,SELL,90.0000,162.2800
2025-06-18T21:00:00+00:00,BRK-B,SELL,4710.0000,219.4000
2025-06-18T21:00:00+00:00,BRNT.L,BUY,4627.0000,262.8000
2025-06-18T21:00:00+00:00,DBMG.L,SELL,44567.0000,132.9300
2025-06-18T21:00:00+00:00,EDIT,SELL,838.0000,227.3900
2025-06-18T21:00:00+00:00,EMV.AX,BUY,2236.0000,147.5500
2025-06-18T21:00:00+00:00,FTC.L,BUY,2.0000,2201.3400
2025-06-18T21:00:00+00:00,GSIT,SELL,239.0000,198.4700
2025-06-18T21:00:00+00:00,HSBA.L,BUY,1420.0000,311.8800
2025-06-18T21:00:00+00:00,IBTM.L,SELL,82176.0000,103.0700
2025-06-18T21:00:00+00:00,IDN,SELL,2303.0000,335.0800
2025-06-18T21:00:00+00:00,IITU.L,BUY,24904.0000,226.9600
2025-06-18T21:00:00+00:00,IPWR,SELL,2271.0000,163.6800
2025-06-18T21:00:00+00:00,ISF.L,BUY,8039.0000,162.4500
2025-06-18T21:00:00+00:00,LTBR,SELL,88.0000,554.3100
2025-06-18T21:00:00+00:00,MOLN.SW,BUY,292.0000,110.0800
2025-06-18T21:00:00+00:00,PLTR,SELL,118.0000,2064.9400
2025-06-18T21:00:00+00:00,PRQR,SELL,66.0000,317.5200
2025-06-18T21:00:00+00:00,QSI,SELL,104.0000,261.0100
2025-06-18T21:00:00+00:00,RR.L,BUY,902.0000,1356.4100
2025-06-18T21:00:00+00:00,SEYE.ST,SELL,629.0000,199.5700
2025-06-18T21:00:00+00:00,SGLN.L,BUY,15343.0000,205.8100
2025-06-18T21:00:00+00:00,SHEL.L,BUY,14603.0000,245.3800
2025-06-18T21:00:00+00:00,SLX.AX,SELL,1041.0000,538.9000
2025-06-18T21:00:00+00:00,SMGB.L,BUY,2396.0000,228.6600
2025-06-18T21:00:00+00:00,VUL.AX,BUY,546.0000,168.4700
2025-06-18T21:00:00+00:00,VYGR,SELL,794.0000,124.7000
2025-06-18T21:00:00+00:00,WBT.AX,BUY,641.0000,124.9500
2025-07-17T21:00:00+00:00,AL3.AX,SELL,66.0000,617.8000
2025-07-17T21:00:00+00:00,ALCLS.PA,SELL,3290.0000,174.7900
2025-07-17T21:00:00+00:00,ALMDT.PA,SELL,2281.0000,178.9700
2025-07-17T21:00:00+00:00,AXE.AX,SELL,169.0000,153.3900
2025-07-17T21:00:00+00:00,AZN.L,SELL,5406.0000,165.8400
2025-07-17T21:00:00+00:00,BGO.L,SELL,34.0000,148.2500
2025-07-17T21:00:00+00:00,BRK-B,BUY,9465.0000,214.3900
2025-07-17T21:00:00+00:00,BRNT.L,SELL,5970.0000,248.0500
2025-07-17T21:00:00+00:00,DBMG.L,BUY,53233.0000,134.4000
2025-07-17T21:00:00+00:00,EDIT,BUY,41.0000,264.5300
2025-07-17T21:00:00+00:00,EMV.AX,SELL,789.0000,146.2700
2025-07-17T21:00:00+00:00,FTC.L,SELL,50.0000,2228.1900
2025-07-17T21:00:00+00:00,GSIT,SELL,30.0000,335.4300
2025-07-17T21:00:00+00:00,HSBA.L,SELL,1128.0000,332.5600
2025-07-17T21:00:00+00:00,IBTM.L,BUY,92862.0000,103.3000
2025-07-17T21:00:00+00:00,IDN,BUY,956.0000,337.4700
2025-07-17T21:00:00+00:00,IITU.L,SELL,24436.0000,248.4000
2025-07-17T21:00:00+00:00,IPWR,BUY,990.0000,212.1600
2025-07-17T21:00:00+00:00,ISF.L,SELL,5184.0000,164.9400
2025-07-17T21:00:00+00:00,LTBR,BUY,38.0000,633.3600
2025-07-17T21:00:00+00:00,MOLN.SW,SELL,283.0000,108.4400
2025-07-17T21:00:00+00:00,PLTR,BUY,128.0000,2275.1400
2025-07-17T21:00:00+00:00,PRQR,SELL,19.0000,393.3600
2025-07-17T21:00:00+00:00,QSI,SELL,7.0000,271.8300
2025-07-17T21:00:00+00:00,RR.L,SELL,549.0000,1537.5600
2025-07-17T21:00:00+00:00,SEYE.ST,BUY,383.0000,214.8000
2025-07-17T21:00:00+00:00,SGLN.L,SELL,15805.0000,203.5000
2025-07-17T21:00:00+00:00,SHEL.L,SELL,13757.0000,240.0400
2025-07-17T21:00:00+00:00,SLX.AX,SELL,437.0000,578.5100
2025-07-17T21:00:00+00:00,SMGB.L,SELL,3652.0000,251.2900
2025-07-17T21:00:00+00:00,VUL.AX,SELL,274.0000,169.3600
2025-07-17T21:00:00+00:00,VYGR,BUY,873.0000,132.2700
2025-07-17T21:00:00+00:00,WBT.AX,SELL,1673.0000,163.6800
2025-08-15T21:00:00+00:00,AL3.AX,SELL,33.0000,629.8600
2025-08-15T21:00:00+00:00,ALCLS.PA,SELL,2246.0000,278.5300
2025-08-15T21:00:00+00:00,ALMDT.PA,SELL,606.0000,227.4800
2025-08-15T21:00:00+00:00,AXE.AX,SELL,875.0000,166.5600
2025-08-15T21:00:00+00:00,AZN.L,BUY,14157.0000,187.7300
2025-08-15T21:00:00+00:00,BGO.L,SELL,380.0000,153.5100
2025-08-15T21:00:00+00:00,BRK-B,SELL,3352.0000,214.2000
2025-08-15T21:00:00+00:00,BRNT.L,BUY,794.0000,240.3200
2025-08-15T21:00:00+00:00,DBMG.L,SELL,6931.0000,134.1200
2025-08-15T21:00:00+00:00,EDIT,SELL,261.0000,291.0000
2025-08-15T21:00:00+00:00,EMV.AX,BUY,3168.0000,142.7600
2025-08-15T21:00:00+00:00,FTC.L,BUY,221.0000,1959.7300
2025-08-15T21:00:00+00:00,GSIT,BUY,434.0000,198.2400
2025-08-15T21:00:00+00:00,HSBA.L,BUY,3025.0000,337.3500
2025-08-15T21:00:00+00:00,IBTM.L,SELL,105230.0000,103.6300
2025-08-15T21:00:00+00:00,IDN,SELL,463.0000,317.4100
2025-08-15T21:00:00+00:00,IITU.L,BUY,2346.0000,253.1700
2025-08-15T21:00:00+00:00,IPWR,SELL,2587.0000,191.3000
2025-08-15T21:00:00+00:00,ISF.L,BUY,20699.0000,168.9700
2025-08-15T21:00:00+00:00,LTBR,BUY,30.0000,681.7300
2025-08-15T21:00:00+00:00,MOLN.SW,BUY,5410.0000,102.3300
2025-08-15T21:00:00+00:00,PLTR,SELL,91.0000,2594.4800
2025-08-15T21:00:00+00:00,PRQR,BUY,847.0000,333.0200
2025-08-15T21:00:00+00:00,QSI,BUY,51.0000,162.8400
2025-08-15T21:00:00+00:00,RR.L,SELL,243.0000,1641.8300
2025-08-15T21:00:00+00:00,SEYE.ST,SELL,400.0000,198.1900
2025-08-15T21:00:00+00:00,SGLN.L,BUY,11585.0000,201.4700
2025-08-15T21:00:00+00:00,SHEL.L,BUY,562.0000,245.2600
2025-08-15T21:00:00+00:00,SLX.AX,BUY,1161.0000,514.9100
2025-08-15T21:00:00+00:00,SMGB.L,BUY,5711.0000,251.1000
2025-08-15T21:00:00+00:00,VUL.AX,BUY,857.0000,171.8600
2025-08-15T21:00:00+00:00,VYGR,SELL,484.0000,151.8700
2025-08-15T21:00:00+00:00,WBT.AX,BUY,3175.0000,186.1500
2025-09-16T21:00:00+00:00,AL3.AX,SELL,383.0000,551.5600
2025-09-16T21:00:00+00:00,ALCLS.PA,BUY,13.0000,298.4500
2025-09-16T21:00:00+00:00,ALMDT.PA,SELL,106.0000,248.2300
2025-09-16T21:00:00+00:00,AXE.AX,BUY,2048.0000,139.2300
2025-09-16T21:00:00+00:00,AZN.L,SELL,8525.0000,183.7500
2025-09-16T21:00:00+00:00,BGO.L,SELL,3649.0000,203.5100
2025-09-16T21:00:00+00:00,BRK-B,SELL,666.0000,219.2300
2025-09-16T21:00:00+00:00,BRNT.L,BUY,3568.0000,248.5000
2025-09-16T21:00:00+00:00,DBMG.L,SELL,4842.0000,138.8800
2025-09-16T21:00:00+00:00,EDIT,BUY,27.0000,270.3500
2025-09-16T21:00:00+00:00,EMV.AX,SELL,3364.0000,193.3600
2025-09-16T21:00:00+00:00,FTC.L,SELL,85.0000,1838.9300
2025-09-16T21:00:00+00:00,GSIT,SELL,197.0000,209.5500
2025-09-16T21:00:00+00:00,HSBA.L,SELL,3337.0000,359.8800
2025-09-16T21:00:00+00:00,IBTM.L,BUY,44986.0000,105.3000
2025-09-16T21:00:00+00:00,IDN,BUY,459.0000,339.0000
2025-09-16T21:00:00+00:00,IITU.L,SELL,2467.0000,257.7500
2025-09-16T21:00:00+00:00,IPWR,BUY,1472.0000,189.2000
2025-09-16T21:00:00+00:00,ISF.L,SELL,17850.0000,170.0100
2025-09-16T21:00:00+00:00,LTBR,BUY,13.0000,635.7600
2025-09-16T21:00:00+00:00,MOLN.SW,SELL,3512.0000,101.8100
2025-09-16T21:00:00+00:00,PLTR,BUY,10.0000,2480.1000
2025-09-16T21:00:00+00:00,PRQR,BUY,1.0000,321.5700
2025-09-16T21:00:00+00:00,QSI,BUY,190.0000,195.8500
2025-09-16T21:00:00+00:00,RR.L,SELL,200.0000,1728.2000
2025-09-16T21:00:00+00:00,SEYE.ST,SELL,2406.0000,269.2800
2025-09-16T21:00:00+00:00,SGLN.L,BUY,18363.0000,220.5900
2025-09-16T21:00:00+00:00,SHEL.L,BUY,8984.0000,245.0700
2025-09-16T21:00:00+00:00,SLX.AX,SELL,857.0000,576.6100
2025-09-16T21:00:00+00:00,SMGB.L,SELL,3519.0000,260.3200
2025-09-16T21:00:00+00:00,VUL.AX,SELL,1056.0000,202.7700
2025-09-16T21:00:00+00:00,VYGR,SELL,615.0000,172.1300
2025-09-16T21:00:00+00:00,WBT.AX,SELL,2551.0000,219.0800
2025-10-15T21:00:00+00:00,AL3.AX,BUY,188.0000,486.9900
2025-10-15T21:00:00+00:00,ALCLS.PA,BUY,104.0000,401.5100
2025-10-15T21:00:00+00:00,ALMDT.PA,SELL,266.0000,272.4700
2025-10-15T21:00:00+00:00,AXE.AX,SELL,518.0000,202.3200
2025-10-15T21:00:00+00:00,AZN.L,SELL,5551.0000,204.7700
2025-10-15T21:00:00+00:00,BGO.L,BUY,1375.0000,172.8100
2025-10-15T21:00:00+00:00,BRK-B,SELL,2955.0000,226.3100
2025-10-15T21:00:00+00:00,BRNT.L,BUY,2811.0000,232.4000
2025-10-15T21:00:00+00:00,DBMG.L,SELL,5448.0000,148.3000
2025-10-15T21:00:00+00:00,EDIT,SELL,63.0000,396.0400
2025-10-15T21:00:00+00:00,EMV.AX,BUY,6533.0000,148.6000
2025-10-15T21:00:00+00:00,FTC.L,BUY,47.0000,1724.8300
2025-10-15T21:00:00+00:00,GSIT,SELL,612.0000,335.1600
2025-10-15T21:00:00+00:00,HSBA.L,BUY,3067.0000,355.2400
2025-10-15T21:00:00+00:00,IBTM.L,SELL,559.0000,107.8000
2025-10-15T21:00:00+00:00,IDN,SELL,261.0000,303.1300
2025-10-15T21:00:00+00:00,IITU.L,BUY,115.0000,272.0500
2025-10-15T21:00:00+00:00,IPWR,BUY,83.0000,194.6700
2025-10-15T21:00:00+00:00,ISF.L,BUY,15919.0000,174.2800
2025-10-15T21:00:00+00:00,LTBR,SELL,103.0000,1166.4600
2025-10-15T21:00:00+00:00,MOLN.SW,BUY,4947.0000,105.8100
2025-10-15T21:00:00+00:00,PLTR,BUY,31.0000,2671.6400
2025-10-15T21:00:00+00:00,PRQR,SELL,208.0000,447.1500
2025-10-15T21:00:00+00:00,QSI,BUY,165.0000,395.4500
2025-10-15T21:00:00+00:00,RR.L,BUY,361.0000,1700.6800
2025-10-15T21:00:00+00:00,SEYE.ST,BUY,769.0000,278.2800
2025-10-15T21:00:00+00:00,SGLN.L,SELL,20149.0000,255.8400
2025-10-15T21:00:00+00:00,SHEL.L,BUY,8857.0000,250.1400
2025-10-15T21:00:00+00:00,SLX.AX,SELL,198.0000,1013.8400
2025-10-15T21:00:00+00:00,SMGB.L,SELL,1624.0000,302.2300
2025-10-15T21:00:00+00:00,VUL.AX,SELL,677.0000,356.3900
2025-10-15T21:00:00+00:00,VYGR,SELL,1150.0000,218.7700
2025-10-15T21:00:00+00:00,WBT.AX,SELL,239.0000,305.2600
2025-11-13T21:00:00+00:00,AL3.AX,BUY,779.0000,362.8100
2025-11-13T21:00:00+00:00,ALCLS.PA,SELL,299.0000,360.9500
2025-11-13T21:00:00+00:00,ALMDT.PA,BUY,670.0000,268.9200
2025-11-13T21:00:00+00:00,AXE.AX,BUY,149.0000,193.6300
2025-11-13T21:00:00+00:00,AZN.L,BUY,10908.0000,218.5300
2025-11-13T21:00:00+00:00,BGO.L,BUY,5132.0000,156.1400
2025-11-13T21:00:00+00:00,BRK-B,SELL,16.0000,237.3900
2025-11-13T21:00:00+00:00,BRNT.L,SELL,2091.0000,241.6300
2025-11-13T21:00:00+00:00,DBMG.L,SELL,54820.0000,153.5400
2025-11-13T21:00:00+00:00,EDIT,BUY,192.0000,251.4300
2025-11-13T21:00:00+00:00,EMV.AX,SELL,3643.0000,158.1700
2025-11-13T21:00:00+00:00,FTC.L,BUY,209.0000,1744.9700
2025-11-13T21:00:00+00:00,GSIT,SELL,844.0000,481.0200
2025-11-13T21:00:00+00:00,HSBA.L,SELL,4652.0000,405.1900
2025-11-13T21:00:00+00:00,IBTM.L,BUY,103417.0000,109.1500
2025-11-13T21:00:00+00:00,IDN,SELL,1126.0000,402.7500
2025-11-13T21:00:00+00:00,IITU.L,SELL,456.0000,281.3100
2025-11-13T21:00:00+00:00,IPWR,BUY,1200.0000,139.6000
2025-11-13T21:00:00+00:00,ISF.L,SELL,13084.0000,182.0200
2025-11-13T21:00:00+00:00,LTBR,BUY,74.0000,780.4300
2025-11-13T21:00:00+00:00,MOLN.SW,BUY,266.0000,122.1800
2025-11-13T21:00:00+00:00,PLTR,SELL,52.0000,2598.1800
2025-11-13T21:00:00+00:00,PRQR,BUY,207.0000,361.6600
2025-11-13T21:00:00+00:00,QSI,BUY,347.0000,212.0900
2025-11-13T21:00:00+00:00,RR.L,SELL,277.0000,1712.9100
2025-11-13T21:00:00+00:00,SEYE.ST,BUY,358.0000,263.6300
2025-11-13T21:00:00+00:00,SGLN.L,BUY,1876.0000,260.6400
2025-11-13T21:00:00+00:00,SHEL.L,SELL,8388.0000,268.2500
2025-11-13T21:00:00+00:00,SLX.AX,BUY,8.0000,1281.3000
2025-11-13T21:00:00+00:00,SMGB.L,BUY,2919.0000,310.8100
2025-11-13T21:00:00+00:00,VUL.AX,BUY,561.0000,329.2600
2025-11-13T21:00:00+00:00,VYGR,BUY,817.0000,167.0200
2025-11-13T21:00:00+00:00,WBT.AX,BUY,257.0000,304.1700
2025-12-12T21:00:00+00:00,AL3.AX,SELL,163.0000,341.8300
2025-12-12T21:00:00+00:00,ALCLS.PA,SELL,284.0000,458.8000
2025-12-12T21:00:00+00:00,ALMDT.PA,SELL,681.0000,269.9500
2025-12-12T21:00:00+00:00,AXE.AX,SELL,2027.0000,190.8800
2025-12-12T21:00:00+00:00,AZN.L,SELL,1400.0000,217.7200
2025-12-12T21:00:00+00:00,BGO.L,SELL,1680.0000,159.6500
2025-12-12T21:00:00+00:00,BRK-B,BUY,2340.0000,226.5700
2025-12-12T21:00:00+00:00,BRNT.L,SELL,698.0000,230.2100
2025-12-12T21:00:00+00:00,DBMG.L,BUY,51006.0000,152.2300
2025-12-12T21:00:00+00:00,EDIT,BUY,115.0000,245.5300
2025-12-12T21:00:00+00:00,EMV.AX,BUY,1877.0000,149.1800
2025-12-12T21:00:00+00:00,FTC.L,SELL,92.0000,1919.4600
2025-12-12T21:00:00+00:00,GSIT,BUY,64.0000,360.4400
2025-12-12T21:00:00+00:00,HSBA.L,BUY,1436.0000,402.2300
2025-12-12T21:00:00+00:00,IBTM.L,SELL,9634.0000,107.6700
2025-12-12T21:00:00+00:00,IDN,SELL,213.0000,424.8800
2025-12-12T21:00:00+00:00,IITU.L,BUY,2124.0000,274.6100
2025-12-12T21:00:00+00:00,IPWR,SELL,2379.0000,154.9400
2025-12-12T21:00:00+00:00,ISF.L,BUY,2832.0000,179.7300
2025-12-12T21:00:00+00:00,LTBR,BUY,69.0000,658.1900
2025-12-12T21:00:00+00:00,MOLN.SW,SELL,2356.0000,123.7100
2025-12-12T21:00:00+00:00,PLTR,BUY,25.0000,2716.3500
2025-12-12T21:00:00+00:00,PRQR,SELL,434.0000,382.4700
2025-12-12T21:00:00+00:00,QSI,SELL,119.0000,192.9700
2025-12-12T21:00:00+00:00,RR.L,BUY,352.0000,1676.2200
2025-12-12T21:00:00+00:00,SEYE.ST,BUY,1083.0000,247.5300
2025-12-12T21:00:00+00:00,SGLN.L,SELL,20259.0000,261.9900
2025-12-12T21:00:00+00:00,SHEL.L,SELL,8835.0000,252.0200
2025-12-12T21:00:00+00:00,SLX.AX,BUY,222.0000,1163.9900
2025-12-12T21:00:00+00:00,SMGB.L,SELL,2301.0000,315.6800
2025-12-12T21:00:00+00:00,VUL.AX,BUY,1840.0000,190.1600
2025-12-12T21:00:00+00:00,VYGR,SELL,926.0000,180.6100
2025-12-12T21:00:00+00:00,WBT.AX,BUY,697.0000,313.2100
2026-01-15T21:00:00+00:00,AL3.AX,SELL,134.0000,383.0200
2026-01-15T21:00:00+00:00,ALCLS.PA,SELL,90.0000,395.0100
2026-01-15T21:00:00+00:00,ALMDT.PA,SELL,251.0000,355.3500
2026-01-15T21:00:00+00:00,AXE.AX,SELL,437.0000,216.8800
2026-01-15T21:00:00+00:00,AZN.L,BUY,1447.0000,227.1500
2026-01-15T21:00:00+00:00,BGO.L,SELL,2291.0000,149.1200
2026-01-15T21:00:00+00:00,BRK-B,BUY,18638.0000,222.5700
2026-01-15T21:00:00+00:00,BRNT.L,SELL,1059.0000,240.7600
2026-01-15T21:00:00+00:00,DBMG.L,SELL,31434.0000,159.5600
2026-01-15T21:00:00+00:00,EDIT,BUY,293.0000,202.0400
2026-01-15T21:00:00+00:00,EMV.AX,SELL,1757.0000,153.7300
2026-01-15T21:00:00+00:00,FTC.L,SELL,173.0000,2550.3400
2026-01-15T21:00:00+00:00,GSIT,SELL,30.0000,482.2600
2026-01-15T21:00:00+00:00,HSBA.L,BUY,5489.0000,447.4500
2026-01-15T21:00:00+00:00,IBTM.L,SELL,278781.0000,107.9300
2026-01-15T21:00:00+00:00,IDN,BUY,188.0000,385.0400
2026-01-15T21:00:00+00:00,IITU.L,BUY,57.0000,276.3700
2026-01-15T21:00:00+00:00,IPWR,BUY,655.0000,118.6900
2026-01-15T21:00:00+00:00,ISF.L,BUY,137062.0000,190.4400
2026-01-15T21:00:00+00:00,LTBR,SELL,73.0000,745.6000
2026-01-15T21:00:00+00:00,MOLN.SW,BUY,1770.0000,117.9700
2026-01-15T21:00:00+00:00,PLTR,BUY,21.0000,2610.0000
2026-01-15T21:00:00+00:00,PRQR,BUY,1075.0000,258.3500
2026-01-15T21:00:00+00:00,QSI,BUY,147.0000,183.2800
2026-01-15T21:00:00+00:00,RR.L,BUY,431.0000,1946.0400
2026-01-15T21:00:00+00:00,SEYE.ST,SELL,708.0000,285.2300
2026-01-15T21:00:00+00:00,SGLN.L,BUY,4435.0000,281.5800
2026-01-15T21:00:00+00:00,SHEL.L,BUY,8754.0000,257.6500
2026-01-15T21:00:00+00:00,SLX.AX,SELL,201.0000,926.4300
2026-01-15T21:00:00+00:00,SMGB.L,SELL,1180.0000,362.5700
2026-01-15T21:00:00+00:00,VUL.AX,SELL,1507.0000,214.2100
2026-01-15T21:00:00+00:00,VYGR,BUY,461.0000,156.5500
2026-01-15T21:00:00+00:00,WBT.AX,SELL,1070.0000,366.9800
2026-02-13T21:00:00+00:00,AL3.AX,SELL,292.0000,335.9000
2026-02-13T21:00:00+00:00,ALCLS.PA,BUY,60.0000,366.7900
2026-02-13T21:00:00+00:00,ALMDT.PA,SELL,333.0000,463.0000
2026-02-13T21:00:00+00:00,AXE.AX,SELL,249.0000,205.1400
2026-02-13T21:00:00+00:00,AZN.L,SELL,7069.0000,244.8300
2026-02-13T21:00:00+00:00,BGO.L,BUY,1215.0000,135.9600
2026-02-13T21:00:00+00:00,BRK-B,BUY,1687.0000,221.8700
2026-02-13T21:00:00+00:00,BRNT.L,BUY,1374.0000,254.9000
2026-02-13T21:00:00+00:00,DBMG.L,SELL,53346.0000,164.4300
2026-02-13T21:00:00+00:00,EDIT,BUY,85.0000,167.9200
2026-02-13T21:00:00+00:00,EMV.AX,BUY,551.0000,159.1500
2026-02-13T21:00:00+00:00,FTC.L,SELL,87.0000,2644.3000
2026-02-13T21:00:00+00:00,GSIT,SELL,36.0000,379.0500
2026-02-13T21:00:00+00:00,HSBA.L,BUY,2291.0000,448.1000
2026-02-13T21:00:00+00:00,IBTM.L,BUY,146402.0000,107.1800
2026-02-13T21:00:00+00:00,IDN,BUY,196.0000,307.7900
2026-02-13T21:00:00+00:00,IITU.L,BUY,2319.0000,257.7500
2026-02-13T21:00:00+00:00,IPWR,SELL,1805.0000,120.0400
2026-02-13T21:00:00+00:00,ISF.L,SELL,7893.0000,194.6800
2026-02-13T21:00:00+00:00,LTBR,BUY,16.0000,546.1500
2026-02-13T21:00:00+00:00,MOLN.SW,SELL,2666.0000,126.8000
2026-02-13T21:00:00+00:00,PLTR,BUY,86.0000,1911.7200
2026-02-13T21:00:00+00:00,PRQR,BUY,532.0000,235.6200
2026-02-13T21:00:00+00:00,QSI,BUY,78.0000,145.7400
2026-02-13T21:00:00+00:00,RR.L,SELL,273.0000,1942.9800
2026-02-13T21:00:00+00:00,SEYE.ST,SELL,1063.0000,246.0400
2026-02-13T21:00:00+00:00,SGLN.L,SELL,10327.0000,300.9900
2026-02-13T21:00:00+00:00,SHEL.L,SELL,4879.0000,269.4700
2026-02-13T21:00:00+00:00,SLX.AX,SELL,126.0000,963.9200
2026-02-13T21:00:00+00:00,SMGB.L,BUY,91.0000,363.4700
2026-02-13T21:00:00+00:00,VUL.AX,SELL,308.0000,177.6600
2026-02-13T21:00:00+00:00,VYGR,SELL,37.0000,137.1200
2026-02-13T21:00:00+00:00,WBT.AX,SELL,538.0000,396.2300
2026-03-16T21:00:00+00:00,AL3.AX,BUY,552.0000,297.2900
2026-03-16T21:00:00+00:00,ALCLS.PA,BUY,93.0000,340.7800
2026-03-16T21:00:00+00:00,ALMDT.PA,BUY,193.0000,404.0100
2026-03-16T21:00:00+00:00,AXE.AX,BUY,297.0000,183.4400
2026-03-16T21:00:00+00:00,AZN.L,BUY,5540.0000,235.0500
2026-03-16T21:00:00+00:00,BGO.L,BUY,2760.0000,125.4400
2026-03-16T21:00:00+00:00,BRK-B,BUY,5020.0000,225.6600
2026-03-16T21:00:00+00:00,BRNT.L,SELL,8632.0000,398.8300
2026-03-16T21:00:00+00:00,DBMG.L,SELL,9107.0000,171.5700
2026-03-16T21:00:00+00:00,EDIT,SELL,444.0000,249.1500
2026-03-16T21:00:00+00:00,EMV.AX,BUY,3996.0000,143.7500
2026-03-16T21:00:00+00:00,FTC.L,BUY,238.0000,2489.9300
2026-03-16T21:00:00+00:00,GSIT,SELL,3.0000,620.1100
2026-03-16T21:00:00+00:00,HSBA.L,SELL,7605.0000,444.6700
2026-03-16T21:00:00+00:00,IBTM.L,BUY,175560.0000,108.8100
2026-03-16T21:00:00+00:00,IDN,BUY,585.0000,320.9600
2026-03-16T21:00:00+00:00,IITU.L,BUY,7384.0000,262.8700
2026-03-16T21:00:00+00:00,IPWR,SELL,89.0000,119.6900
2026-03-16T21:00:00+00:00,ISF.L,SELL,78105.0000,193.3500
2026-03-16T21:00:00+00:00,LTBR,BUY,29.0000,493.0500
2026-03-16T21:00:00+00:00,MOLN.SW,BUY,1634.0000,123.6000
2026-03-16T21:00:00+00:00,PLTR,SELL,74.0000,2284.2200
2026-03-16T21:00:00+00:00,PRQR,SELL,1389.0000,292.0200
2026-03-16T21:00:00+00:00,QSI,SELL,71.0000,142.7300
2026-03-16T21:00:00+00:00,RR.L,BUY,53.0000,1880.3000
2026-03-16T21:00:00+00:00,SEYE.ST,BUY,2426.0000,186.1500
2026-03-16T21:00:00+00:00,SGLN.L,SELL,2002.0000,305.7100
2026-03-16T21:00:00+00:00,SHEL.L,SELL,6791.0000,323.3900
2026-03-16T21:00:00+00:00,SLX.AX,BUY,91.0000,770.3500
2026-03-16T21:00:00+00:00,SMGB.L,BUY,1547.0000,361.8100
2026-03-16T21:00:00+00:00,VUL.AX,BUY,791.0000,154.3000
2026-03-16T21:00:00+00:00,VYGR,SELL,598.0000,179.6500
2026-03-16T21:00:00+00:00,WBT.AX,BUY,116.0000,378.8500
2026-04-16T21:00:00+00:00,AL3.AX,SELL,391.0000,440.3000
2026-04-16T21:00:00+00:00,ALCLS.PA,BUY,7.0000,413.0400
2026-04-16T21:00:00+00:00,ALMDT.PA,BUY,172.0000,419.0400
2026-04-16T21:00:00+00:00,AXE.AX,BUY,91.0000,183.3800
2026-04-16T21:00:00+00:00,AZN.L,BUY,3230.0000,243.2000
2026-04-16T21:00:00+00:00,BGO.L,BUY,4389.0000,108.7700
2026-04-16T21:00:00+00:00,BRK-B,SELL,21130.0000,212.5900
2026-04-16T21:00:00+00:00,BRNT.L,BUY,1334.0000,388.4700
2026-04-16T21:00:00+00:00,DBMG.L,SELL,34090.0000,166.5200
2026-04-16T21:00:00+00:00,EDIT,BUY,25.0000,320.7100
2026-04-16T21:00:00+00:00,EMV.AX,SELL,673.0000,141.0100
2026-04-16T21:00:00+00:00,FTC.L,SELL,34.0000,2966.4400
2026-04-16T21:00:00+00:00,GSIT,BUY,17.0000,397.0800
2026-04-16T21:00:00+00:00,HSBA.L,SELL,939.0000,497.6200
2026-04-16T21:00:00+00:00,IBTM.L,BUY,198477.0000,106.8700
2026-04-16T21:00:00+00:00,IDN,SELL,1007.0000,520.6200
2026-04-16T21:00:00+00:00,IITU.L,SELL,6144.0000,281.3100
2026-04-16T21:00:00+00:00,IPWR,BUY,1737.0000,120.0900
2026-04-16T21:00:00+00:00,ISF.L,SELL,36979.0000,199.5400
2026-04-16T21:00:00+00:00,LTBR,BUY,81.0000,503.4800
2026-04-16T21:00:00+00:00,MOLN.SW,SELL,360.0000,119.7600
2026-04-16T21:00:00+00:00,PLTR,BUY,211.0000,2083.9600
2026-04-16T21:00:00+00:00,PRQR,BUY,497.0000,315.7800
2026-04-16T21:00:00+00:00,QSI,BUY,198.0000,153.4700
2026-04-16T21:00:00+00:00,RR.L,SELL,496.0000,1911.1800
2026-04-16T21:00:00+00:00,SEYE.ST,SELL,337.0000,199.5300
2026-04-16T21:00:00+00:00,SGLN.L,SELL,9631.0000,290.0000
2026-04-16T21:00:00+00:00,SHEL.L,BUY,3563.0000,320.5000
2026-04-16T21:00:00+00:00,SLX.AX,SELL,32.0000,870.2500
2026-04-16T21:00:00+00:00,SMGB.L,SELL,1487.0000,412.2900
2026-04-16T21:00:00+00:00,VUL.AX,SELL,583.0000,177.9000
2026-04-16T21:00:00+00:00,VYGR,BUY,424.0000,160.7200
2026-04-16T21:00:00+00:00,WBT.AX,BUY,143.0000,331.1900
2026-05-18T21:00:00+00:00,AL3.AX,SELL,198.0000,401.5100
2026-05-18T21:00:00+00:00,ALCLS.PA,BUY,103.0000,372.4600
2026-05-18T21:00:00+00:00,ALMDT.PA,SELL,117.0000,440.6400
2026-05-18T21:00:00+00:00,AXE.AX,SELL,37.0000,173.1400
2026-05-18T21:00:00+00:00,AZN.L,SELL,4746.0000,224.3500
2026-05-18T21:00:00+00:00,BGO.L,SELL,6777.0000,106.1400
2026-05-18T21:00:00+00:00,BRK-B,BUY,30096.0000,222.8800
2026-05-18T21:00:00+00:00,BRNT.L,SELL,1120.0000,465.8000
2026-05-18T21:00:00+00:00,DBMG.L,BUY,27449.0000,171.8300
2026-05-18T21:00:00+00:00,EDIT,BUY,384.0000,247.0400
2026-05-18T21:00:00+00:00,EMV.AX,SELL,4710.0000,151.9800
2026-05-18T21:00:00+00:00,FTC.L,SELL,407.0000,5516.7800
2026-05-18T21:00:00+00:00,GSIT,SELL,14.0000,566.1000
2026-05-18T21:00:00+00:00,HSBA.L,SELL,663.0000,500.1400
2026-05-18T21:00:00+00:00,IBTM.L,SELL,57039.0000,106.0300
2026-05-18T21:00:00+00:00,IDN,BUY,137.0000,275.1400
2026-05-18T21:00:00+00:00,IITU.L,SELL,3501.0000,318.1100
2026-05-18T21:00:00+00:00,IPWR,SELL,2345.0000,214.1600
2026-05-18T21:00:00+00:00,ISF.L,BUY,2138.0000,195.1600
2026-05-18T21:00:00+00:00,LTBR,BUY,189.0000,465.0700
2026-05-18T21:00:00+00:00,MOLN.SW,SELL,5320.0000,108.1900
2026-05-18T21:00:00+00:00,PLTR,SELL,45.0000,2012.0300
2026-05-18T21:00:00+00:00,PRQR,BUY,418.0000,249.4000
2026-05-18T21:00:00+00:00,QSI,BUY,1580.0000,128.5300
2026-05-18T21:00:00+00:00,RR.L,BUY,267.0000,1777.2500
2026-05-18T21:00:00+00:00,SEYE.ST,SELL,2074.0000,273.6700
2026-05-18T21:00:00+00:00,SGLN.L,BUY,8230.0000,276.9400
2026-05-18T21:00:00+00:00,SHEL.L,BUY,434.0000,311.5100
2026-05-18T21:00:00+00:00,SLX.AX,BUY,4.0000,816.1200
2026-05-18T21:00:00+00:00,SMGB.L,SELL,1224.0000,507.1100
2026-05-18T21:00:00+00:00,VUL.AX,SELL,97.0000,184.9500
2026-05-18T21:00:00+00:00,VYGR,BUY,1037.0000,146.1300
2026-05-18T21:00:00+00:00,WBT.AX,SELL,348.0000,536.5900
2026-06-17T21:00:00+00:00,AL3.AX,BUY,191.0000,306.8100
2026-06-17T21:00:00+00:00,ALCLS.PA,BUY,697.0000,302.3900
2026-06-17T21:00:00+00:00,ALMDT.PA,BUY,176.0000,440.8900
2026-06-17T21:00:00+00:00,AXE.AX,SELL,198.0000,196.3800
2026-06-17T21:00:00+00:00,AZN.L,BUY,1555.0000,220.4500
2026-06-17T21:00:00+00:00,BGO.L,SELL,1907.0000,109.6500
2026-06-17T21:00:00+00:00,BRK-B,SELL,676.0000,222.2400
2026-06-17T21:00:00+00:00,BRNT.L,BUY,401.0000,361.0800
2026-06-17T21:00:00+00:00,DBMG.L,BUY,9886.0000,169.2400
2026-06-17T21:00:00+00:00,EDIT,SELL,164.0000,246.8000
2026-06-17T21:00:00+00:00,EMV.AX,BUY,2905.0000,137.2400
2026-06-17T21:00:00+00:00,FTC.L,SELL,21.0000,4966.4400
2026-06-17T21:00:00+00:00,GSIT,SELL,5.0000,458.4200
2026-06-17T21:00:00+00:00,HSBA.L,BUY,1641.0000,537.3100
2026-06-17T21:00:00+00:00,IBTM.L,SELL,18213.0000,107.5600
2026-06-17T21:00:00+00:00,IDN,BUY,142.0000,263.8000
2026-06-17T21:00:00+00:00,IITU.L,BUY,815.0000,330.4700
2026-06-17T21:00:00+00:00,IPWR,SELL,5.0000,210.0800
2026-06-17T21:00:00+00:00,ISF.L,BUY,4715.0000,198.6900
2026-06-17T21:00:00+00:00,LTBR,SELL,43.0000,394.7100
2026-06-17T21:00:00+00:00,MOLN.SW,BUY,1589.0000,114.5200
2026-06-17T21:00:00+00:00,PLTR,SELL,81.0000,1927.8000
2026-06-17T21:00:00+00:00,PRQR,SELL,866.0000,273.4000
2026-06-17T21:00:00+00:00,QSI,SELL,1431.0000,140.8300
2026-06-17T21:00:00+00:00,RR.L,SELL,301.0000,2134.0500
2026-06-17T21:00:00+00:00,SEYE.ST,BUY,283.0000,275.4400
2026-06-17T21:00:00+00:00,SGLN.L,SELL,3877.0000,265.8200
2026-06-17T21:00:00+00:00,SHEL.L,SELL,682.0000,289.9900
2026-06-17T21:00:00+00:00,SLX.AX,SELL,7.0000,851.6300
2026-06-17T21:00:00+00:00,SMGB.L,SELL,487.0000,613.2600
2026-06-17T21:00:00+00:00,VUL.AX,BUY,418.0000,179.1400
2026-06-17T21:00:00+00:00,VYGR,SELL,16.0000,148.5400
2026-06-17T21:00:00+00:00,WBT.AX,SELL,130.0000,634.8900
2026-07-16T21:00:00+00:00,AL3.AX,BUY,653.0000,269.4300
2026-07-16T21:00:00+00:00,ALCLS.PA,SELL,410.0000,255.2500
2026-07-16T21:00:00+00:00,ALMDT.PA,BUY,73.0000,351.9700
2026-07-16T21:00:00+00:00,AXE.AX,BUY,1130.0000,127.8600
2026-07-16T21:00:00+00:00,AZN.L,BUY,10043.0000,206.6400
2026-07-16T21:00:00+00:00,BGO.L,BUY,3249.0000,121.0500
2026-07-16T21:00:00+00:00,BRK-B,BUY,2326.0000,221.1800
2026-07-16T21:00:00+00:00,BRNT.L,SELL,232.0000,376.9100
2026-07-16T21:00:00+00:00,DBMG.L,BUY,8757.0000,169.6700
2026-07-16T21:00:00+00:00,EDIT,SELL,255.0000,276.3800
2026-07-16T21:00:00+00:00,EMV.AX,BUY,12.0000,149.0500
2026-07-16T21:00:00+00:00,FTC.L,SELL,24.0000,3624.1600
2026-07-16T21:00:00+00:00,GSIT,SELL,54.0000,334.6900
2026-07-16T21:00:00+00:00,HSBA.L,SELL,73.0000,558.5400
2026-07-16T21:00:00+00:00,IBTM.L,BUY,22935.0000,106.2500
2026-07-16T21:00:00+00:00,IDN,BUY,1487.0000,236.9300
2026-07-16T21:00:00+00:00,IITU.L,SELL,3531.0000,319.6100
2026-07-16T21:00:00+00:00,IPWR,SELL,305.0000,153.9400
2026-07-16T21:00:00+00:00,ISF.L,SELL,25985.0000,200.5600
2026-07-16T21:00:00+00:00,LTBR,SELL,22.0000,303.3100
2026-07-16T21:00:00+00:00,MOLN.SW,BUY,6516.0000,115.8600
2026-07-16T21:00:00+00:00,PLTR,SELL,141.0000,1967.2000
2026-07-16T21:00:00+00:00,PRQR,SELL,63.0000,271.0800
2026-07-16T21:00:00+00:00,QSI,SELL,247.0000,121.1500
2026-07-16T21:00:00+00:00,RR.L,SELL,218.0000,2116.2400
2026-07-16T21:00:00+00:00,SEYE.ST,SELL,796.0000,272.3900
2026-07-16T21:00:00+00:00,SGLN.L,SELL,2221.0000,243.2500
2026-07-16T21:00:00+00:00,SHEL.L,SELL,276.0000,301.9400
2026-07-16T21:00:00+00:00,SLX.AX,BUY,205.0000,679.0400
2026-07-16T21:00:00+00:00,SMGB.L,SELL,810.0000,553.2500
2026-07-16T21:00:00+00:00,VUL.AX,BUY,2171.0000,139.9500
2026-07-16T21:00:00+00:00,VYGR,SELL,726.0000,123.6800
2026-07-16T21:00:00+00:00,WBT.AX,BUY,348.0000,523.3100
2026-08-14T21:00:00+00:00,AL3.AX,BUY,363.0000,218.0300
2026-08-14T21:00:00+00:00,ALCLS.PA,SELL,11.0000,296.0400
2026-08-14T21:00:00+00:00,ALMDT.PA,SELL,130.0000,390.3100
2026-08-14T21:00:00+00:00,AXE.AX,BUY,2036.0000,123.8300
2026-08-14T21:00:00+00:00,AZN.L,SELL,3015.0000,188.7900
2026-08-14T21:00:00+00:00,BGO.L,BUY,1423.0000,109.6500
2026-08-14T21:00:00+00:00,BRK-B,SELL,4048.0000,226.9200
2026-08-14T21:00:00+00:00,BRNT.L,SELL,1014.0000,395.7200
2026-08-14T21:00:00+00:00,DBMG.L,SELL,16780.0000,170.9400
2026-08-14T21:00:00+00:00,EDIT,BUY,78.0000,271.6300
2026-08-14T21:00:00+00:00,EMV.AX,SELL,2100.0000,157.8900
2026-08-14T21:00:00+00:00,FTC.L,BUY,70.0000,3436.2400
2026-08-14T21:00:00+00:00,GSIT,BUY,120.0000,438.1600
2026-08-14T21:00:00+00:00,HSBA.L,SELL,3741.0000,574.0300
2026-08-14T21:00:00+00:00,IBTM.L,BUY,69674.0000,105.5000
2026-08-14T21:00:00+00:00,IDN,BUY,84.0000,178.2000
2026-08-14T21:00:00+00:00,IITU.L,BUY,3680.0000,337.8800
2026-08-14T21:00:00+00:00,IPWR,BUY,12.0000,191.5000
2026-08-14T21:00:00+00:00,ISF.L,SELL,5196.0000,204.5700
2026-08-14T21:00:00+00:00,LTBR,SELL,17.0000,357.3100
2026-08-14T21:00:00+00:00,MOLN.SW,SELL,4529.0000,119.5400
2026-08-14T21:00:00+00:00,PLTR,SELL,95.0000,2556.2000
2026-08-14T21:00:00+00:00,PRQR,SELL,317.0000,312.8300
2026-08-14T21:00:00+00:00,QSI,BUY,527.0000,109.8700
2026-08-14T21:00:00+00:00,RR.L,SELL,100.0000,2375.1400
2026-08-14T21:00:00+00:00,SEYE.ST,SELL,325.0000,314.1800
2026-08-14T21:00:00+00:00,SGLN.L,BUY,6385.0000,264.6000
2026-08-14T21:00:00+00:00,SHEL.L,SELL,5548.0000,320.0200
2026-08-14T21:00:00+00:00,SLX.AX,SELL,110.0000,752.4800
2026-08-14T21:00:00+00:00,SMGB.L,BUY,118.0000,558.7700
2026-08-14T21:00:00+00:00,VUL.AX,BUY,963.0000,149.2000
2026-08-14T21:00:00+00:00,VYGR,BUY,392.0000,133.5300
2026-08-14T21:00:00+00:00,WBT.AX,BUY,38.0000,360.4700
2026-09-15T21:00:00+00:00,AL3.AX,SELL,1048.0000,308.1900
2026-09-15T21:00:00+00:00,ALCLS.PA,BUY,614.0000,147.0500
2026-09-15T21:00:00+00:00,ALMDT.PA,BUY,152.0000,302.1200
2026-09-15T21:00:00+00:00,AXE.AX,BUY,811.0000,105.5800
2026-09-15T21:00:00+00:00,AZN.L,SELL,1704.0000,199.5900
2026-09-15T21:00:00+00:00,BGO.L,BUY,3542.0000,109.6500
2026-09-15T21:00:00+00:00,BRK-B,BUY,3732.0000,232.4700
2026-09-15T21:00:00+00:00,BRNT.L,BUY,68.0000,494.6100
2026-09-15T21:00:00+00:00,DBMG.L,BUY,14520.0000,176.1200
2026-09-15T21:00:00+00:00,EDIT,SELL,42.0000,253.1400
2026-09-15T21:00:00+00:00,EMV.AX,BUY,7.0000,154.9200
2026-09-15T21:00:00+00:00,FTC.L,SELL,23.0000,2885.9100
2026-09-15T21:00:00+00:00,GSIT,BUY,105.0000,305.1700
2026-09-15T21:00:00+00:00,HSBA.L,SELL,261.0000,565.0100
2026-09-15T21:00:00+00:00,IBTM.L,SELL,32556.0000,103.9300
2026-09-15T21:00:00+00:00,IDN,SELL,1529.0000,153.9900
2026-09-15T21:00:00+00:00,IITU.L,BUY,543.0000,332.0500
2026-09-15T21:00:00+00:00,IPWR,BUY,37.0000,153.6700
2026-09-15T21:00:00+00:00,ISF.L,SELL,2388.0000,203.2100
2026-09-15T21:00:00+00:00,LTBR,BUY,84.0000,279.2900
2026-09-15T21:00:00+00:00,MOLN.SW,BUY,5757.0000,118.9900
2026-09-15T21:00:00+00:00,PRQR,BUY,247.0000,299.5700
2026-09-15T21:00:00+00:00,QSI,SELL,312.0000,106.8200
2026-09-15T21:00:00+00:00,RR.L,BUY,25.0000,2188.9500
2026-09-15T21:00:00+00:00,SEYE.ST,BUY,654.0000,167.4900
2026-09-15T21:00:00+00:00,SGLN.L,SELL,4562.0000,259.4700
2026-09-15T21:00:00+00:00,SHEL.L,BUY,2114.0000,352.0700
2026-09-15T21:00:00+00:00,SLX.AX,BUY,49.0000,636.0800
2026-09-15T21:00:00+00:00,SMGB.L,BUY,25.0000,520.2300
2026-09-15T21:00:00+00:00,VUL.AX,BUY,489.0000,115.1700
2026-09-15T21:00:00+00:00,VYGR,SELL,350.0000,126.0900
2026-09-15T21:00:00+00:00,WBT.AX,BUY,756.0000,247.5600
