ts,symbol,side,qty,price
2021-09-16T21:00:00+00:00,AL3.AX,BUY,1535.0000,364.2100
2021-09-16T21:00:00+00:00,ALCLS.PA,BUY,446.0000,1252.0400
2021-09-16T21:00:00+00:00,ALMDT.PA,BUY,439.0000,1272.2300
2021-09-16T21:00:00+00:00,AXE.AX,BUY,632.0000,884.4600
2021-09-16T21:00:00+00:00,AZN.L,BUY,7985.0000,120.7600
2021-09-16T21:00:00+00:00,BGO.L,BUY,1445.0000,386.8400
2021-09-16T21:00:00+00:00,BRK-B,BUY,10459.0000,121.7000
2021-09-16T21:00:00+00:00,BRNT.L,BUY,30412.0000,152.1700
2021-09-16T21:00:00+00:00,DBMG.L,BUY,76836.0000,110.2400
2021-09-16T21:00:00+00:00,EDIT,BUY,97.0000,5723.8300
2021-09-16T21:00:00+00:00,EMV.AX,BUY,2119.0000,263.8600
2021-09-16T21:00:00+00:00,FTC.L,BUY,3703.0000,151.0100
2021-09-16T21:00:00+00:00,GSIT,BUY,1630.0000,343.0400
2021-09-16T21:00:00+00:00,HSBA.L,BUY,43637.0000,102.5400
2021-09-16T21:00:00+00:00,IBTM.L,BUY,80167.0000,111.6300
2021-09-16T21:00:00+00:00,IDN,BUY,1011.0000,552.9000
2021-09-16T21:00:00+00:00,IITU.L,BUY,38310.0000,126.0100
2021-09-16T21:00:00+00:00,IPWR,BUY,1022.0000,547.1600
2021-09-16T21:00:00+00:00,ISF.L,BUY,107526.0000,112.6500
2021-09-16T21:00:00+00:00,LTBR,BUY,2678.0000,208.8400
2021-09-16T21:00:00+00:00,MOLN.SW,BUY,987.0000,566.4400
2021-09-16T21:00:00+00:00,MSCL.TO,BUY,926.0000,603.7100
2021-09-16T21:00:00+00:00,PLTR,BUY,10923.0000,409.6300
2021-09-16T21:00:00+00:00,PRQR,BUY,427.0000,1307.8400
2021-09-16T21:00:00+00:00,QSI,BUY,449.0000,1243.8700
2021-09-16T21:00:00+00:00,RR.L,BUY,27177.0000,164.6400
2021-09-16T21:00:00+00:00,SEYE.ST,BUY,996.0000,561.2900
2021-09-16T21:00:00+00:00,SGLN.L,BUY,126856.0000,104.6100
2021-09-16T21:00:00+00:00,SHEL.L,BUY,38520.0000,116.1600
2021-09-16T21:00:00+00:00,SLX.AX,BUY,2228.0000,250.9900
2021-09-16T21:00:00+00:00,SMGB.L,BUY,113316.0000,131.1400
2021-09-16T21:00:00+00:00,VUL.AX,BUY,742.0000,753.7200
2021-09-16T21:00:00+00:00,VYGR,BUY,4640.0000,120.5300
2021-09-16T21:00:00+00:00,WBT.AX,BUY,2238.0000,249.8500
2021-10-15T21:00:00+00:00,AL3.AX,BUY,61.0000,361.3700
2021-10-15T21:00:00+00:00,ALCLS.PA,BUY,130.0000,1000.1100
2021-10-15T21:00:00+00:00,ALMDT.PA,SELL,19.0000,1373.1800
2021-10-15T21:00:00+00:00,AZN.L,SELL,360.0000,130.4600
2021-10-15T21:00:00+00:00,BGO.L,BUY,434.0000,307.0200
2021-10-15T21:00:00+00:00,BRK-B,SELL,62.0000,126.2800
2021-10-15T21:00:00+00:00,BRNT.L,SELL,3334.0000,176.2900
2021-10-15T21:00:00+00:00,DBMG.L,BUY,1078.0000,112.1400
2021-10-15T21:00:00+00:00,EDIT,BUY,62.0000,3614.5300
2021-10-15T21:00:00+00:00,EMV.AX,SELL,4.0000,272.7500
2021-10-15T21:00:00+00:00,FTC.L,BUY,390.0000,140.9400
2021-10-15T21:00:00+00:00,GSIT,BUY,227.0000,310.6500
2021-10-15T21:00:00+00:00,HSBA.L,SELL,5394.0000,120.6900
2021-10-15T21:00:00+00:00,IBTM.L,BUY,3951.0000,109.7400
2021-10-15T21:00:00+00:00,IDN,BUY,62.0000,537.6500
2021-10-15T21:00:00+00:00,IITU.L,BUY,1403.0000,125.3900
2021-10-15T21:00:00+00:00,IPWR,BUY,47.0000,539.5400
2021-10-15T21:00:00+00:00,ISF.L,BUY,56.0000,116.1400
2021-10-15T21:00:00+00:00,LTBR,SELL,477.0000,262.0900
2021-10-15T21:00:00+00:00,MOLN.SW,BUY,35.0000,564.2400
2021-10-15T21:00:00+00:00,MSCL.TO,SELL,107.0000,703.8700
2021-10-15T21:00:00+00:00,PLTR,BUY,2343.0000,347.9000
2021-10-15T21:00:00+00:00,PRQR,BUY,28.0000,1267.1700
2021-10-15T21:00:00+00:00,QSI,BUY,8.0000,1260.2500
2021-10-15T21:00:00+00:00,RR.L,SELL,6028.0000,218.2400
2021-10-15T21:00:00+00:00,SEYE.ST,BUY,143.0000,506.1000
2021-10-15T21:00:00+00:00,SGLN.L,BUY,2464.0000,105.8500
2021-10-15T21:00:00+00:00,SHEL.L,SELL,5688.0000,140.5800
2021-10-15T21:00:00+00:00,SLX.AX,BUY,509.0000,210.7400
2021-10-15T21:00:00+00:00,SMGB.L,BUY,7829.0000,126.5300
2021-10-15T21:00:00+00:00,VUL.AX,BUY,204.0000,609.8000
2021-10-15T21:00:00+00:00,VYGR,SELL,1149.0000,165.2500
2021-10-15T21:00:00+00:00,WBT.AX,SELL,238.0000,288.3400
2021-11-15T21:00:00+00:00,AL3.AX,BUY,66.0000,364.1100
2021-11-15T21:00:00+00:00,ALCLS.PA,BUY,40.0000,982.3100
2021-11-15T21:00:00+00:00,ALMDT.PA,BUY,30.0000,1344.2900
2021-11-15T21:00:00+00:00,AXE.AX,BUY,61.0000,873.1400
2021-11-15T21:00:00+00:00,AZN.L,BUY,218.0000,133.0300
2021-11-15T21:00:00+00:00,BGO.L,SELL,83.0000,336.8400
2021-11-15T21:00:00+00:00,BRK-B,BUY,291.0000,128.8600
2021-11-15T21:00:00+00:00,BRNT.L,BUY,1729.0000,173.8200
2021-11-15T21:00:00+00:00,DBMG.L,BUY,353.0000,117.1000
2021-11-15T21:00:00+00:00,EDIT,BUY,14.0000,3485.7500
2021-11-15T21:00:00+00:00,EMV.AX,BUY,344.0000,246.0400
2021-11-15T21:00:00+00:00,FTC.L,SELL,256.0000,157.7200
2021-11-15T21:00:00+00:00,GSIT,SELL,274.0000,382.2800
2021-11-15T21:00:00+00:00,HSBA.L,BUY,1640.0000,121.3900
2021-11-15T21:00:00+00:00,IBTM.L,BUY,2214.0000,112.1600
2021-11-15T21:00:00+00:00,IDN,BUY,500.0000,384.5000
2021-11-15T21:00:00+00:00,IITU.L,SELL,1855.0000,137.9700
2021-11-15T21:00:00+00:00,IPWR,SELL,25.0000,579.4900
2021-11-15T21:00:00+00:00,ISF.L,BUY,3384.0000,118.1100
2021-11-15T21:00:00+00:00,LTBR,SELL,1072.0000,535.7200
2021-11-15T21:00:00+00:00,MOLN.SW,BUY,363.0000,436.9200
2021-11-15T21:00:00+00:00,MSCL.TO,BUY,153.0000,622.2800
2021-11-15T21:00:00+00:00,PLTR,BUY,738.0000,345.7200
2021-11-15T21:00:00+00:00,PRQR,BUY,21.0000,1271.3000
2021-11-15T21:00:00+00:00,QSI,BUY,56.0000,1177.9000
2021-11-15T21:00:00+00:00,RR.L,BUY,1122.0000,217.3900
2021-11-15T21:00:00+00:00,SEYE.ST,SELL,209.0000,650.5100
2021-11-15T21:00:00+00:00,SGLN.L,SELL,3389.0000,114.0200
2021-11-15T21:00:00+00:00,SHEL.L,BUY,3180.0000,134.4400
2021-11-15T21:00:00+00:00,SLX.AX,BUY,133.0000,210.8100
2021-11-15T21:00:00+00:00,SMGB.L,SELL,12136.0000,147.5000
2021-11-15T21:00:00+00:00,VUL.AX,BUY,130.0000,562.3300
2021-11-15T21:00:00+00:00,VYGR,BUY,818.0000,140.4300
2021-11-15T21:00:00+00:00,WBT.AX,BUY,197.0000,275.4100
2021-12-14T21:00:00+00:00,AL3.AX,BUY,53.0000,337.1000
2021-12-14T21:00:00+00:00,ALCLS.PA,BUY,137.0000,767.7600
2021-12-14T21:00:00+00:00,ALMDT.PA,BUY,3.0000,1274.6400
2021-12-14T21:00:00+00:00,AXE.AX,BUY,225.0000,629.6800
2021-12-14T21:00:00+00:00,AZN.L,BUY,327.0000,122.0500
2021-12-14T21:00:00+00:00,BGO.L,SELL,75.0000,335.9600
2021-12-14T21:00:00+00:00,BRK-B,SELL,983.0000,135.6100
2021-12-14T21:00:00+00:00,BRNT.L,BUY,505.0000,163.2500
2021-12-14T21:00:00+00:00,DBMG.L,SELL,1745.0000,114.4600
2021-12-14T21:00:00+00:00,EDIT,BUY,32.0000,2814.6400
2021-12-14T21:00:00+00:00,EMV.AX,SELL,115.0000,246.6400
2021-12-14T21:00:00+00:00,FTC.L,SELL,8.0000,151.0100
2021-12-14T21:00:00+00:00,GSIT,BUY,334.0000,301.6300
2021-12-14T21:00:00+00:00,HSBA.L,SELL,1591.0000,120.8300
2021-12-14T21:00:00+00:00,IBTM.L,SELL,6047.0000,115.2600
2021-12-14T21:00:00+00:00,IDN,BUY,99.0000,345.7500
2021-12-14T21:00:00+00:00,IITU.L,SELL,2403.0000,140.7900
2021-12-14T21:00:00+00:00,IPWR,BUY,503.0000,373.8400
2021-12-14T21:00:00+00:00,ISF.L,SELL,3113.0000,116.1300
2021-12-14T21:00:00+00:00,LTBR,BUY,964.0000,276.3000
2021-12-14T21:00:00+00:00,MOLN.SW,SELL,163.0000,473.0500
2021-12-14T21:00:00+00:00,MSCL.TO,BUY,167.0000,507.5900
2021-12-14T21:00:00+00:00,PLTR,BUY,2548.0000,279.5200
2021-12-14T21:00:00+00:00,PRQR,BUY,51.0000,1096.2500
2021-12-14T21:00:00+00:00,QSI,BUY,132.0000,895.9000
2021-12-14T21:00:00+00:00,RR.L,BUY,3892.0000,176.8400
2021-12-14T21:00:00+00:00,SEYE.ST,BUY,63.0000,582.1700
2021-12-14T21:00:00+00:00,SGLN.L,SELL,1208.0000,110.0200
2021-12-14T21:00:00+00:00,SHEL.L,SELL,383.0000,129.8600
2021-12-14T21:00:00+00:00,SLX.AX,BUY,565.0000,168.3500
2021-12-14T21:00:00+00:00,SMGB.L,SELL,4230.0000,146.6500
2021-12-14T21:00:00+00:00,VUL.AX,SELL,170.0000,638.2500
2021-12-14T21:00:00+00:00,VYGR,BUY,698.0000,115.4900
2021-12-14T21:00:00+00:00,WBT.AX,BUY,307.0000,230.9700
2022-01-17T21:00:00+00:00,AL3.AX,BUY,127.0000,318.6500
2022-01-17T21:00:00+00:00,ALCLS.PA,BUY,85.0000,699.8100
2022-01-17T21:00:00+00:00,ALMDT.PA,BUY,4.0000,1284.6000
2022-01-17T21:00:00+00:00,AXE.AX,SELL,58.0000,682.3200
2022-01-17T21:00:00+00:00,AZN.L,SELL,389.0000,130.0900
2022-01-17T21:00:00+00:00,BGO.L,BUY,17.0000,337.7200
2022-01-17T21:00:00+00:00,BRK-B,SELL,398.0000,143.5500
2022-01-17T21:00:00+00:00,BRNT.L,SELL,2987.0000,184.5200
2022-01-17T21:00:00+00:00,DBMG.L,BUY,3339.0000,111.3300
2022-01-17T21:00:00+00:00,EDIT,BUY,75.0000,2094.1600
2022-01-17T21:00:00+00:00,EMV.AX,BUY,285.0000,223.2500
2022-01-17T21:00:00+00:00,FTC.L,SELL,26.0000,154.3600
2022-01-17T21:00:00+00:00,GSIT,BUY,69.0000,295.5300
2022-01-17T21:00:00+00:00,HSBA.L,SELL,5737.0000,144.2700
2022-01-17T21:00:00+00:00,IBTM.L,BUY,6282.0000,108.5100
2022-01-17T21:00:00+00:00,IDN,BUY,162.0000,320.0400
2022-01-17T21:00:00+00:00,IITU.L,BUY,2219.0000,134.5000
2022-01-17T21:00:00+00:00,IPWR,BUY,166.0000,342.5500
2022-01-17T21:00:00+00:00,ISF.L,SELL,4123.0000,122.5700
2022-01-17T21:00:00+00:00,LTBR,BUY,98.0000,267.8900
2022-01-17T21:00:00+00:00,MOLN.SW,SELL,417.0000,729.0000
2022-01-17T21:00:00+00:00,MSCL.TO,BUY,238.0000,426.2000
2022-01-17T21:00:00+00:00,PLTR,BUY,3751.0000,231.3200
2022-01-17T21:00:00+00:00,PRQR,BUY,14.0000,1083.5200
2022-01-17T21:00:00+00:00,QSI,BUY,43.0000,853.0000
2022-01-17T21:00:00+00:00,RR.L,SELL,1453.0000,190.0700
2022-01-17T21:00:00+00:00,SEYE.ST,BUY,356.0000,434.9300
2022-01-17T21:00:00+00:00,SGLN.L,BUY,2589.0000,109.4100
2022-01-17T21:00:00+00:00,SHEL.L,SELL,3848.0000,147.7800
2022-01-17T21:00:00+00:00,SLX.AX,SELL,477.0000,198.4400
2022-01-17T21:00:00+00:00,SMGB.L,SELL,445.0000,149.5000
2022-01-17T21:00:00+00:00,VUL.AX,BUY,270.0000,498.8900
2022-01-17T21:00:00+00:00,VYGR,SELL,37.0000,118.1100
2022-01-17T21:00:00+00:00,WBT.AX,SELL,357.0000,273.3300
2022-02-15T21:00:00+00:00,AL3.AX,BUY,253.0000,274.3300
2022-02-15T21:00:00+00:00,ALCLS.PA,BUY,223.0000,541.5600
2022-02-15T21:00:00+00:00,ALMDT.PA,BUY,51.0000,1130.0100
2022-02-15T21:00:00+00:00,AXE.AX,BUY,162.0000,562.2800
2022-02-15T21:00:00+00:00,AZN.L,SELL,244.0000,131.5000
2022-02-15T21:00:00+00:00,BGO.L,SELL,28.0000,335.9600
2022-02-15T21:00:00+00:00,BRK-B,SELL,89.0000,141.9100
2022-02-15T21:00:00+00:00,BRNT.L,SELL,2506.0000,199.6700
2022-02-15T21:00:00+00:00,DBMG.L,SELL,4680.0000,115.7900
2022-02-15T21:00:00+00:00,EDIT,BUY,79.0000,1598.8000
2022-02-15T21:00:00+00:00,EMV.AX,BUY,581.0000,179.0700
2022-02-15T21:00:00+00:00,FTC.L,SELL,159.0000,157.7200
2022-02-15T21:00:00+00:00,GSIT,BUY,107.0000,274.6300
2022-02-15T21:00:00+00:00,HSBA.L,SELL,2737.0000,154.2200
2022-02-15T21:00:00+00:00,IBTM.L,SELL,1044.0000,107.5400
2022-02-15T21:00:00+00:00,IDN,BUY,552.0000,240.8700
2022-02-15T21:00:00+00:00,IITU.L,BUY,705.0000,129.2700
2022-02-15T21:00:00+00:00,IPWR,BUY,88.0000,319.0200
2022-02-15T21:00:00+00:00,ISF.L,SELL,2406.0000,122.8600
2022-02-15T21:00:00+00:00,LTBR,SELL,238.0000,294.2300
2022-02-15T21:00:00+00:00,MOLN.SW,SELL,47.0000,758.2200
2022-02-15T21:00:00+00:00,MSCL.TO,BUY,82.0000,393.7200
2022-02-15T21:00:00+00:00,PLTR,BUY,1862.0000,207.4700
2022-02-15T21:00:00+00:00,PRQR,BUY,2267.0000,204.6500
2022-02-15T21:00:00+00:00,QSI,BUY,268.0000,600.9300
2022-02-15T21:00:00+00:00,RR.L,BUY,607.0000,181.6400
2022-02-15T21:00:00+00:00,SEYE.ST,BUY,62.0000,407.3700
2022-02-15T21:00:00+00:00,SGLN.L,SELL,5791.0000,112.2300
2022-02-15T21:00:00+00:00,SHEL.L,SELL,2878.0000,159.1000
2022-02-15T21:00:00+00:00,SLX.AX,BUY,447.0000,168.8100
2022-02-15T21:00:00+00:00,SMGB.L,BUY,8894.0000,134.8800
2022-02-15T21:00:00+00:00,VUL.AX,BUY,82.0000,456.7000
2022-02-15T21:00:00+00:00,VYGR,SELL,1123.0000,149.4000
2022-02-15T21:00:00+00:00,WBT.AX,BUY,51.0000,261.5100
2022-03-16T21:00:00+00:00,AL3.AX,BUY,279.0000,241.0100
2022-03-16T21:00:00+00:00,ALCLS.PA,BUY,231.0000,442.8500
2022-03-16T21:00:00+00:00,ALMDT.PA,BUY,61.0000,1004.6600
2022-03-16T21:00:00+00:00,AXE.AX,BUY,75.0000,521.4600
2022-03-16T21:00:00+00:00,AZN.L,SELL,590.0000,142.0400
2022-03-16T21:00:00+00:00,BGO.L,BUY,117.0000,313.1600
2022-03-16T21:00:00+00:00,BRK-B,SELL,894.0000,156.4700
2022-03-16T21:00:00+00:00,BRNT.L,SELL,3488.0000,232.9300
2022-03-16T21:00:00+00:00,DBMG.L,SELL,5747.0000,124.8400
2022-03-16T21:00:00+00:00,EDIT,SELL,4.0000,1609.6100
2022-03-16T21:00:00+00:00,EMV.AX,SELL,35.0000,180.2700
2022-03-16T21:00:00+00:00,FTC.L,BUY,369.0000,142.6200
2022-03-16T21:00:00+00:00,GSIT,BUY,121.0000,258.4400
2022-03-16T21:00:00+00:00,HSBA.L,BUY,2563.0000,141.4100
2022-03-16T21:00:00+00:00,IBTM.L,SELL,2148.0000,109.8400
2022-03-16T21:00:00+00:00,IDN,BUY,1296.0000,155.4200
2022-03-16T21:00:00+00:00,IITU.L,BUY,769.0000,126.1900
2022-03-16T21:00:00+00:00,IPWR,SELL,6.0000,318.8000
2022-03-16T21:00:00+00:00,ISF.L,BUY,2919.0000,118.9100
2022-03-16T21:00:00+00:00,LTBR,SELL,438.0000,377.7800
2022-03-16T21:00:00+00:00,MOLN.SW,BUY,209.0000,591.7200
2022-03-16T21:00:00+00:00,MSCL.TO,BUY,163.0000,352.8800
2022-03-16T21:00:00+00:00,PLTR,BUY,3407.0000,179.0600
2022-03-16T21:00:00+00:00,PRQR,BUY,760.0000,160.3900
2022-03-16T21:00:00+00:00,QSI,SELL,1.0000,598.7700
2022-03-16T21:00:00+00:00,RR.L,BUY,6820.0000,142.4800
2022-03-16T21:00:00+00:00,SEYE.ST,BUY,153.0000,365.8300
2022-03-16T21:00:00+00:00,SGLN.L,SELL,7975.0000,119.6000
2022-03-16T21:00:00+00:00,SHEL.L,BUY,817.0000,154.0700
2022-03-16T21:00:00+00:00,SLX.AX,SELL,423.0000,191.9100
2022-03-16T21:00:00+00:00,SMGB.L,BUY,2503.0000,131.4000
2022-03-16T21:00:00+00:00,VUL.AX,SELL,66.0000,479.8000
2022-03-16T21:00:00+00:00,VYGR,SELL,2001.0000,309.9400
2022-03-16T21:00:00+00:00,WBT.AX,BUY,291.0000,229.9200
2022-04-14T21:00:00+00:00,AL3.AX,BUY,455.0000,208.1200
2022-04-14T21:00:00+00:00,ALCLS.PA,BUY,125.0000,415.4400
2022-04-14T21:00:00+00:00,ALMDT.PA,SELL,17.0000,1065.0900
2022-04-14T21:00:00+00:00,AXE.AX,SELL,14.0000,543.2500
2022-04-14T21:00:00+00:00,AZN.L,SELL,559.0000,158.9300
2022-04-14T21:00:00+00:00,BGO.L,BUY,27.0000,317.5400
2022-04-14T21:00:00+00:00,BRK-B,BUY,83.0000,159.4000
2022-04-14T21:00:00+00:00,BRNT.L,SELL,1549.0000,259.4100
2022-04-14T21:00:00+00:00,DBMG.L,SELL,5273.0000,138.9900
2022-04-14T21:00:00+00:00,EDIT,BUY,1.0000,1651.0700
2022-04-14T21:00:00+00:00,EMV.AX,SELL,269.0000,202.6200
2022-04-14T21:00:00+00:00,FTC.L,SELL,114.0000,151.0100
2022-04-14T21:00:00+00:00,GSIT,BUY,426.0000,223.0200
2022-04-14T21:00:00+00:00,HSBA.L,SELL,856.0000,149.4300
2022-04-14T21:00:00+00:00,IBTM.L,BUY,6211.0000,105.1700
2022-04-14T21:00:00+00:00,IDN,BUY,479.0000,141.5000
2022-04-14T21:00:00+00:00,IITU.L,BUY,1086.0000,126.3200
2022-04-14T21:00:00+00:00,IPWR,BUY,67.0000,316.2500
2022-04-14T21:00:00+00:00,ISF.L,SELL,1805.0000,124.4900
2022-04-14T21:00:00+00:00,LTBR,BUY,105.0000,363.4800
2022-04-14T21:00:00+00:00,MOLN.SW,BUY,40.0000,584.3600
2022-04-14T21:00:00+00:00,MSCL.TO,SELL,441.0000,498.2000
2022-04-14T21:00:00+00:00,PLTR,SELL,457.0000,187.5700
2022-04-14T21:00:00+00:00,PRQR,BUY,898.0000,131.8500
2022-04-14T21:00:00+00:00,QSI,SELL,44.0000,645.7800
2022-04-14T21:00:00+00:00,RR.L,BUY,1261.0000,141.0500
2022-04-14T21:00:00+00:00,SEYE.ST,BUY,259.0000,323.0000
2022-04-14T21:00:00+00:00,SGLN.L,SELL,473.0000,123.5600
2022-04-14T21:00:00+00:00,SHEL.L,SELL,3167.0000,177.4100
2022-04-14T21:00:00+00:00,SLX.AX,SELL,793.0000,268.9100
2022-04-14T21:00:00+00:00,SMGB.L,BUY,10878.0000,123.5700
2022-04-14T21:00:00+00:00,VUL.AX,SELL,13.0000,499.3300
2022-04-14T21:00:00+00:00,VYGR,SELL,274.0000,374.5400
2022-04-14T21:00:00+00:00,WBT.AX,SELL,40.0000,240.4200
2022-05-18T21:00:00+00:00,AL3.AX,BUY,31.0000,199.3000
2022-05-18T21:00:00+00:00,ALCLS.PA,BUY,251.0000,341.6900
2022-05-18T21:00:00+00:00,ALMDT.PA,BUY,105.0000,866.4300
2022-05-18T21:00:00+00:00,AXE.AX,BUY,273.0000,420.2200
2022-05-18T21:00:00+00:00,AZN.L,SELL,28.0000,154.5300
2022-05-18T21:00:00+00:00,BGO.L,BUY,91.0000,292.9800
2022-05-18T21:00:00+00:00,BRK-B,BUY,289.0000,149.1800
2022-05-18T21:00:00+00:00,BRNT.L,SELL,1670.0000,275.6200
2022-05-18T21:00:00+00:00,DBMG.L,SELL,7282.0000,151.7800
2022-05-18T21:00:00+00:00,EDIT,BUY,154.0000,1115.8300
2022-05-18T21:00:00+00:00,EMV.AX,BUY,368.0000,174.1000
2022-05-18T21:00:00+00:00,FTC.L,BUY,244.0000,137.5800
2022-05-18T21:00:00+00:00,GSIT,BUY,116.0000,206.7700
2022-05-18T21:00:00+00:00,HSBA.L,BUY,649.0000,141.7400
2022-05-18T21:00:00+00:00,IBTM.L,SELL,6571.0000,109.8700
2022-05-18T21:00:00+00:00,IDN,BUY,263.0000,128.8300
2022-05-18T21:00:00+00:00,IITU.L,BUY,894.0000,119.6300
2022-05-18T21:00:00+00:00,IPWR,SELL,484.0000,413.4700
2022-05-18T21:00:00+00:00,ISF.L,SELL,1329.0000,122.1000
2022-05-18T21:00:00+00:00,LTBR,BUY,494.0000,269.5900
2022-05-18T21:00:00+00:00,MOLN.SW,BUY,1550.0000,222.9000
2022-05-18T21:00:00+00:00,MSCL.TO,BUY,598.0000,320.4100
2022-05-18T21:00:00+00:00,PLTR,BUY,10757.0000,127.1300
2022-05-18T21:00:00+00:00,PRQR,BUY,632.0000,111.8000
2022-05-18T21:00:00+00:00,QSI,BUY,51.0000,592.0400
2022-05-18T21:00:00+00:00,RR.L,BUY,2233.0000,127.9900
2022-05-18T21:00:00+00:00,SEYE.ST,BUY,1252.0000,185.3500
2022-05-18T21:00:00+00:00,SGLN.L,SELL,663.0000,120.3200
2022-05-18T21:00:00+00:00,SHEL.L,SELL,2784.0000,191.8600
2022-05-18T21:00:00+00:00,SLX.AX,BUY,554.0000,207.8000
2022-05-18T21:00:00+00:00,SMGB.L,SELL,4674.0000,124.2100
2022-05-18T21:00:00+00:00,VUL.AX,BUY,214.0000,409.0800
2022-05-18T21:00:00+00:00,VYGR,BUY,478.0000,278.0100
2022-05-18T21:00:00+00:00,WBT.AX,SELL,13.0000,234.0000
2022-06-20T21:00:00+00:00,AL3.AX,BUY,376.0000,172.8100
2022-06-20T21:00:00+00:00,ALCLS.PA,BUY,422.0000,267.4800
2022-06-20T21:00:00+00:00,ALMDT.PA,SELL,96.0000,995.1600
2022-06-20T21:00:00+00:00,AXE.AX,BUY,178.0000,364.5100
2022-06-20T21:00:00+00:00,AZN.L,SELL,3.0000,151.6600
2022-06-20T21:00:00+00:00,BGO.L,BUY,488.0000,229.8200
2022-06-20T21:00:00+00:00,BRK-B,BUY,961.0000,131.7900
2022-06-20T21:00:00+00:00,BRNT.L,SELL,1517.0000,296.7100
2022-06-20T21:00:00+00:00,DBMG.L,SELL,2924.0000,156.9700
2022-06-20T21:00:00+00:00,EDIT,SELL,40.0000,1187.4900
2022-06-20T21:00:00+00:00,EMV.AX,BUY,1180.0000,125.5600
2022-06-20T21:00:00+00:00,FTC.L,SELL,268.0000,144.3000
2022-06-20T21:00:00+00:00,GSIT,SELL,340.0000,231.4000
2022-06-20T21:00:00+00:00,HSBA.L,SELL,3076.0000,153.7500
2022-06-20T21:00:00+00:00,IBTM.L,SELL,447.0000,108.3700
2022-06-20T21:00:00+00:00,IDN,BUY,191.0000,121.1800
2022-06-20T21:00:00+00:00,IITU.L,BUY,1538.0000,113.1300
2022-06-20T21:00:00+00:00,IPWR,SELL,161.0000,459.3900
2022-06-20T21:00:00+00:00,ISF.L,BUY,2344.0000,117.0700
2022-06-20T21:00:00+00:00,LTBR,BUY,352.0000,226.7100
2022-06-20T21:00:00+00:00,MOLN.SW,SELL,303.0000,248.0800
2022-06-20T21:00:00+00:00,MSCL.TO,BUY,842.0000,213.3000
2022-06-20T21:00:00+00:00,PLTR,SELL,2017.0000,132.1500
2022-06-20T21:00:00+00:00,PRQR,SELL,810.0000,130.4100
2022-06-20T21:00:00+00:00,QSI,BUY,207.0000,478.2700
2022-06-20T21:00:00+00:00,RR.L,SELL,3242.0000,138.1300
2022-06-20T21:00:00+00:00,SEYE.ST,BUY,84.0000,177.0000
2022-06-20T21:00:00+00:00,SGLN.L,SELL,4736.0000,123.2300
2022-06-20T21:00:00+00:00,SHEL.L,BUY,2198.0000,172.2900
2022-06-20T21:00:00+00:00,SLX.AX,SELL,932.0000,308.7600
2022-06-20T21:00:00+00:00,SMGB.L,BUY,11851.0000,111.0600
2022-06-20T21:00:00+00:00,VUL.AX,BUY,476.0000,299.1200
2022-06-20T21:00:00+00:00,VYGR,BUY,458.0000,222.9500
2022-06-20T21:00:00+00:00,WBT.AX,BUY,800.0000,172.7800
2022-07-19T21:00:00+00:00,AL3.AX,BUY,293.0000,166.1300
2022-07-19T21:00:00+00:00,ALCLS.PA,SELL,12.0000,282.0100
2022-07-19T21:00:00+00:00,ALMDT.PA,BUY,77.0000,918.7500
2022-07-19T21:00:00+00:00,AXE.AX,BUY,124.0000,353.4600
2022-07-19T21:00:00+00:00,AZN.L,SELL,391.0000,169.4300
2022-07-19T21:00:00+00:00,BGO.L,SELL,646.0000,328.0700
2022-07-19T21:00:00+00:00,BRK-B,SELL,400.0000,144.1300
2022-07-19T21:00:00+00:00,BRNT.L,BUY,1328.0000,286.6300
2022-07-19T21:00:00+00:00,DBMG.L,BUY,1322.0000,160.6200
2022-07-19T21:00:00+00:00,EDIT,SELL,154.0000,1852.1700
2022-07-19T21:00:00+00:00,EMV.AX,SELL,1091.0000,174.2900
2022-07-19T21:00:00+00:00,FTC.L,SELL,842.0000,193.2900
2022-07-19T21:00:00+00:00,GSIT,SELL,370.0000,286.4200
2022-07-19T21:00:00+00:00,HSBA.L,BUY,2228.0000,149.7200
2022-07-19T21:00:00+00:00,IBTM.L,BUY,408.0000,113.0500
2022-07-19T21:00:00+00:00,IDN,SELL,1417.0000,183.3000
2022-07-19T21:00:00+00:00,IITU.L,SELL,1560.0000,123.1000
2022-07-19T21:00:00+00:00,IPWR,BUY,67.0000,456.4200
2022-07-19T21:00:00+00:00,ISF.L,BUY,2282.0000,120.0800
2022-07-19T21:00:00+00:00,LTBR,SELL,242.0000,263.5400
2022-07-19T21:00:00+00:00,MOLN.SW,BUY,655.0000,201.4800
2022-07-19T21:00:00+00:00,MSCL.TO,SELL,209.0000,242.9900
2022-07-19T21:00:00+00:00,PLTR,SELL,3574.0000,154.8900
2022-07-19T21:00:00+00:00,PRQR,SELL,315.0000,147.5400
2022-07-19T21:00:00+00:00,QSI,SELL,4.0000,502.9300
2022-07-19T21:00:00+00:00,RR.L,BUY,715.0000,141.6800
2022-07-19T21:00:00+00:00,SEYE.ST,BUY,262.0000,171.3700
2022-07-19T21:00:00+00:00,SGLN.L,BUY,11174.0000,117.0400
2022-07-19T21:00:00+00:00,SHEL.L,BUY,2280.0000,166.0400
2022-07-19T21:00:00+00:00,SLX.AX,SELL,576.0000,474.6400
2022-07-19T21:00:00+00:00,SMGB.L,SELL,4209.0000,120.2100
2022-07-19T21:00:00+00:00,VUL.AX,SELL,158.0000,342.5600
2022-07-19T21:00:00+00:00,VYGR,SELL,663.0000,317.6800
2022-07-19T21:00:00+00:00,WBT.AX,SELL,685.0000,229.7800
2022-08-17T21:00:00+00:00,AL3.AX,SELL,1147.0000,253.7000
2022-08-17T21:00:00+00:00,ALCLS.PA,SELL,546.0000,394.6200
2022-08-17T21:00:00+00:00,ALMDT.PA,BUY,20.0000,917.8100
2022-08-17T21:00:00+00:00,AXE.AX,SELL,615.0000,579.4200
2022-08-17T21:00:00+00:00,AZN.L,BUY,269.0000,167.1700
2022-08-17T21:00:00+00:00,BGO.L,BUY,264.0000,294.7400
2022-08-17T21:00:00+00:00,BRK-B,SELL,250.0000,152.7500
2022-08-17T21:00:00+00:00,BRNT.L,BUY,1932.0000,265.2900
2022-08-17T21:00:00+00:00,DBMG.L,BUY,4356.0000,153.5300
2022-08-17T21:00:00+00:00,EDIT,BUY,28.0000,1752.9600
2022-08-17T21:00:00+00:00,EMV.AX,BUY,470.0000,157.7200
2022-08-17T21:00:00+00:00,FTC.L,BUY,366.0000,177.8500
2022-08-17T21:00:00+00:00,GSIT,BUY,337.0000,253.6800
2022-08-17T21:00:00+00:00,HSBA.L,SELL,310.0000,155.9300
2022-08-17T21:00:00+00:00,IBTM.L,BUY,1792.0000,114.1100
2022-08-17T21:00:00+00:00,IDN,BUY,263.0000,174.6700
2022-08-17T21:00:00+00:00,IITU.L,SELL,3111.0000,137.3300
2022-08-17T21:00:00+00:00,IPWR,SELL,184.0000,549.5700
2022-08-17T21:00:00+00:00,ISF.L,SELL,583.0000,124.5100
2022-08-17T21:00:00+00:00,LTBR,SELL,105.0000,285.2700
2022-08-17T21:00:00+00:00,MOLN.SW,BUY,72.0000,202.7800
2022-08-17T21:00:00+00:00,MSCL.TO,SELL,146.0000,266.7200
2022-08-17T21:00:00+00:00,PLTR,BUY,1035.0000,154.4400
2022-08-17T21:00:00+00:00,PRQR,SELL,59.0000,154.4300
2022-08-17T21:00:00+00:00,QSI,SELL,215.0000,635.7700
2022-08-17T21:00:00+00:00,RR.L,BUY,5262.0000,126.0600
2022-08-17T21:00:00+00:00,SEYE.ST,SELL,483.0000,205.7500
2022-08-17T21:00:00+00:00,SGLN.L,BUY,534.0000,120.1500
2022-08-17T21:00:00+00:00,SHEL.L,SELL,1357.0000,179.8600
2022-08-17T21:00:00+00:00,SLX.AX,SELL,145.0000,554.3300
2022-08-17T21:00:00+00:00,SMGB.L,SELL,3560.0000,127.4600
2022-08-17T21:00:00+00:00,VUL.AX,SELL,477.0000,489.8300
2022-08-17T21:00:00+00:00,VYGR,BUY,440.0000,264.5700
2022-08-17T21:00:00+00:00,WBT.AX,SELL,90.0000,245.6300
2022-09-16T21:00:00+00:00,AL3.AX,BUY,304.0000,218.8400
2022-09-16T21:00:00+00:00,ALCLS.PA,BUY,127.0000,354.3200
2022-09-16T21:00:00+00:00,ALMDT.PA,BUY,78.0000,797.7500
2022-09-16T21:00:00+00:00,AXE.AX,BUY,139.0000,497.1700
2022-09-16T21:00:00+00:00,AZN.L,BUY,355.0000,153.8000
2022-09-16T21:00:00+00:00,BGO.L,SELL,359.0000,347.3700
2022-09-16T21:00:00+00:00,BRK-B,BUY,173.0000,145.7400
2022-09-16T21:00:00+00:00,BRNT.L,SELL,1347.0000,277.8200
2022-09-16T21:00:00+00:00,DBMG.L,SELL,7473.0000,170.6900
2022-09-16T21:00:00+00:00,EDIT,BUY,14.0000,1637.8800
2022-09-16T21:00:00+00:00,EMV.AX,BUY,157.0000,147.3200
2022-09-16T21:00:00+00:00,FTC.L,SELL,30.0000,174.5000
2022-09-16T21:00:00+00:00,GSIT,BUY,397.0000,211.4500
2022-09-16T21:00:00+00:00,HSBA.L,SELL,416.0000,153.7000
2022-09-16T21:00:00+00:00,IBTM.L,SELL,3299.0000,115.4600
2022-09-16T21:00:00+00:00,IDN,SELL,610.0000,206.1800
2022-09-16T21:00:00+00:00,IITU.L,BUY,3101.0000,123.4700
2022-09-16T21:00:00+00:00,IPWR,SELL,83.0000,577.9600
2022-09-16T21:00:00+00:00,ISF.L,BUY,436.0000,120.5800
2022-09-16T21:00:00+00:00,LTBR,BUY,299.0000,243.0700
2022-09-16T21:00:00+00:00,MOLN.SW,SELL,404.0000,228.1100
2022-09-16T21:00:00+00:00,MSCL.TO,BUY,1022.0000,178.7800
2022-09-16T21:00:00+00:00,PLTR,BUY,3626.0000,134.6000
2022-09-16T21:00:00+00:00,PRQR,BUY,170.0000,143.9500
2022-09-16T21:00:00+00:00,QSI,BUY,197.0000,512.4500
2022-09-16T21:00:00+00:00,RR.L,BUY,2749.0000,114.3900
2022-09-16T21:00:00+00:00,SEYE.ST,SELL,124.0000,208.9200
2022-09-16T21:00:00+00:00,SGLN.L,SELL,3453.0000,120.3200
2022-09-16T21:00:00+00:00,SHEL.L,SELL,2045.0000,189.3000
2022-09-16T21:00:00+00:00,SLX.AX,SELL,18.0000,548.1000
2022-09-16T21:00:00+00:00,SMGB.L,BUY,11686.0000,113.4300
2022-09-16T21:00:00+00:00,VUL.AX,BUY,60.0000,454.3300
2022-09-16T21:00:00+00:00,VYGR,SELL,425.0000,316.0400
2022-09-16T21:00:00+00:00,WBT.AX,BUY,325.0000,210.9800
2022-10-18T21:00:00+00:00,AL3.AX,SELL,116.0000,219.4400
2022-10-18T21:00:00+00:00,ALCLS.PA,BUY,360.0000,279.3600
2022-10-18T21:00:00+00:00,ALMDT.PA,BUY,84.0000,687.6100
2022-10-18T21:00:00+00:00,AXE.AX,BUY,82.0000,446.0600
2022-10-18T21:00:00+00:00,AZN.L,SELL,89.0000,149.5800
2022-10-18T21:00:00+00:00,BGO.L,BUY,18.0000,329.8200
2022-10-18T21:00:00+00:00,BRK-B,SELL,661.0000,150.6700
2022-10-18T21:00:00+00:00,BRNT.L,SELL,606.0000,276.1100
2022-10-18T21:00:00+00:00,DBMG.L,SELL,4137.0000,177.8700
2022-10-18T21:00:00+00:00,EDIT,BUY,37.0000,1426.0700
2022-10-18T21:00:00+00:00,EMV.AX,BUY,614.0000,122.5100
2022-10-18T21:00:00+00:00,FTC.L,BUY,451.0000,147.6500
2022-10-18T21:00:00+00:00,GSIT,BUY,953.0000,151.0800
2022-10-18T21:00:00+00:00,HSBA.L,BUY,2782.0000,135.1700
2022-10-18T21:00:00+00:00,IBTM.L,SELL,711.0000,111.7500
2022-10-18T21:00:00+00:00,IDN,BUY,432.0000,171.8000
2022-10-18T21:00:00+00:00,IITU.L,BUY,38.0000,118.3500
2022-10-18T21:00:00+00:00,IPWR,BUY,204.0000,461.6000
2022-10-18T21:00:00+00:00,ISF.L,BUY,43.0000,115.6400
2022-10-18T21:00:00+00:00,LTBR,SELL,99.0000,243.1700
2022-10-18T21:00:00+00:00,MOLN.SW,BUY,4.0000,218.5100
2022-10-18T21:00:00+00:00,MSCL.TO,SELL,52.0000,174.2800
2022-10-18T21:00:00+00:00,PLTR,SELL,3255.0000,142.4000
2022-10-18T21:00:00+00:00,PRQR,SELL,918.0000,178.1100
2022-10-18T21:00:00+00:00,QSI,BUY,3.0000,490.4400
2022-10-18T21:00:00+00:00,RR.L,SELL,877.0000,112.1400
2022-10-18T21:00:00+00:00,SEYE.ST,BUY,65.0000,195.8700
2022-10-18T21:00:00+00:00,SGLN.L,SELL,4082.0000,119.6500
2022-10-18T21:00:00+00:00,SHEL.L,SELL,548.0000,185.7100
2022-10-18T21:00:00+00:00,SLX.AX,BUY,144.0000,463.5100
2022-10-18T21:00:00+00:00,SMGB.L,BUY,11825.0000,100.2200
2022-10-18T21:00:00+00:00,VUL.AX,BUY,376.0000,337.7300
2022-10-18T21:00:00+00:00,VYGR,BUY,71.0000,292.1000
2022-10-18T21:00:00+00:00,WBT.AX,BUY,28.0000,200.4200
2022-11-16T21:00:00+00:00,AL3.AX,BUY,914.0000,168.4800
2022-11-16T21:00:00+00:00,ALCLS.PA,BUY,417.0000,240.9500
2022-11-16T21:00:00+00:00,ALMDT.PA,BUY,42.0000,680.4200
2022-11-16T21:00:00+00:00,AXE.AX,BUY,156.0000,413.3000
2022-11-16T21:00:00+00:00,AZN.L,SELL,303.0000,163.3100
2022-11-16T21:00:00+00:00,BGO.L,BUY,46.0000,334.2100
2022-11-16T21:00:00+00:00,BRK-B,SELL,56.0000,157.8500
2022-11-16T21:00:00+00:00,BRNT.L,BUY,499.0000,279.1400
2022-11-16T21:00:00+00:00,DBMG.L,BUY,8285.0000,157.8900
2022-11-16T21:00:00+00:00,EDIT,BUY,43.0000,1339.9100
2022-11-16T21:00:00+00:00,EMV.AX,SELL,1446.0000,185.8800
2022-11-16T21:00:00+00:00,FTC.L,SELL,176.0000,161.0700
2022-11-16T21:00:00+00:00,GSIT,BUY,609.0000,135.1800
2022-11-16T21:00:00+00:00,HSBA.L,BUY,650.0000,138.0000
2022-11-16T21:00:00+00:00,IBTM.L,BUY,5226.0000,109.2400
2022-11-16T21:00:00+00:00,IDN,BUY,793.0000,144.0200
2022-11-16T21:00:00+00:00,IITU.L,BUY,43.0000,123.0500
2022-11-16T21:00:00+00:00,IPWR,SELL,195.0000,571.7000
2022-11-16T21:00:00+00:00,ISF.L,SELL,1898.0000,122.5600
2022-11-16T21:00:00+00:00,LTBR,BUY,155.0000,237.2000
2022-11-16T21:00:00+00:00,MOLN.SW,BUY,8.0000,226.7500
2022-11-16T21:00:00+00:00,MSCL.TO,BUY,2348.0000,105.1200
2022-11-16T21:00:00+00:00,PLTR,BUY,3249.0000,134.4300
2022-11-16T21:00:00+00:00,PRQR,BUY,142.0000,177.4300
2022-11-16T21:00:00+00:00,QSI,BUY,6.0000,507.4900
2022-11-16T21:00:00+00:00,RR.L,SELL,4570.0000,131.6700
2022-11-16T21:00:00+00:00,SEYE.ST,BUY,778.0000,160.4900
2022-11-16T21:00:00+00:00,SGLN.L,BUY,1772.0000,122.5900
2022-11-16T21:00:00+00:00,SHEL.L,SELL,474.0000,197.1400
2022-11-16T21:00:00+00:00,SLX.AX,SELL,8.0000,485.6700
2022-11-16T21:00:00+00:00,SMGB.L,SELL,18712.0000,119.2300
2022-11-16T21:00:00+00:00,VUL.AX,SELL,291.0000,425.6400
2022-11-16T21:00:00+00:00,VYGR,BUY,498.0000,241.5900
2022-11-16T21:00:00+00:00,WBT.AX,SELL,795.0000,290.7100
2022-12-15T21:00:00+00:00,AL3.AX,SELL,7.0000,163.2700
2022-12-15T21:00:00+00:00,ALCLS.PA,BUY,54.0000,227.9300
2022-12-15T21:00:00+00:00,ALMDT.PA,SELL,3.0000,660.8400
2022-12-15T21:00:00+00:00,AXE.AX,BUY,145.0000,362.7800
2022-12-15T21:00:00+00:00,AZN.L,SELL,527.0000,172.6100
2022-12-15T21:00:00+00:00,BGO.L,SELL,118.0000,346.4900
2022-12-15T21:00:00+00:00,BRK-B,BUY,288.0000,147.6500
2022-12-15T21:00:00+00:00,BRNT.L,BUY,2073.0000,241.2200
2022-12-15T21:00:00+00:00,DBMG.L,BUY,2288.0000,146.7400
2022-12-15T21:00:00+00:00,EDIT,BUY,104.0000,1047.3800
2022-12-15T21:00:00+00:00,EMV.AX,SELL,63.0000,183.4100
2022-12-15T21:00:00+00:00,FTC.L,SELL,727.0000,194.6300
2022-12-15T21:00:00+00:00,GSIT,BUY,562.0000,115.7700
2022-12-15T21:00:00+00:00,HSBA.L,SELL,2265.0000,142.9800
2022-12-15T21:00:00+00:00,IBTM.L,SELL,2511.0000,108.8300
2022-12-15T21:00:00+00:00,IDN,BUY,24.0000,138.4600
2022-12-15T21:00:00+00:00,IITU.L,BUY,546.0000,117.4500
2022-12-15T21:00:00+00:00,IPWR,BUY,346.0000,413.7700
2022-12-15T21:00:00+00:00,ISF.L,SELL,4740.0000,124.2100
2022-12-15T21:00:00+00:00,LTBR,BUY,150.0000,216.3400
2022-12-15T21:00:00+00:00,MOLN.SW,BUY,79.0000,212.8000
2022-12-15T21:00:00+00:00,MSCL.TO,SELL,73.0000,103.0100
2022-12-15T21:00:00+00:00,PLTR,BUY,5677.0000,111.8400
2022-12-15T21:00:00+00:00,PRQR,SELL,1376.0000,293.8000
2022-12-15T21:00:00+00:00,QSI,BUY,481.0000,346.7600
2022-12-15T21:00:00+00:00,RR.L,SELL,1913.0000,134.5600
2022-12-15T21:00:00+00:00,SEYE.ST,BUY,540.0000,135.2700
2022-12-15T21:00:00+00:00,SGLN.L,SELL,693.0000,119.2900
2022-12-15T21:00:00+00:00,SHEL.L,BUY,33.0000,190.4000
2022-12-15T21:00:00+00:00,SLX.AX,BUY,56.0000,449.1200
2022-12-15T21:00:00+00:00,SMGB.L,BUY,516.0000,114.8600
2022-12-15T21:00:00+00:00,VUL.AX,BUY,242.0000,350.1700
2022-12-15T21:00:00+00:00,VYGR,SELL,223.0000,257.2800
2022-12-15T21:00:00+00:00,WBT.AX,SELL,324.0000,334.8100
2023-01-18T21:00:00+00:00,AL3.AX,SELL,108.0000,180.0500
2023-01-18T21:00:00+00:00,ALCLS.PA,SELL,798.0000,358.4000
2023-01-18T21:00:00+00:00,ALMDT.PA,BUY,72.0000,651.2800
2023-01-18T21:00:00+00:00,AXE.AX,BUY,45.0000,376.7500
2023-01-18T21:00:00+00:00,AZN.L,BUY,275.0000,175.9200
2023-01-18T21:00:00+00:00,BGO.L,SELL,30.0000,377.1900
2023-01-18T21:00:00+00:00,BRK-B,BUY,308.0000,152.4200
2023-01-18T21:00:00+00:00,BRNT.L,SELL,337.0000,262.3200
2023-01-18T21:00:00+00:00,DBMG.L,BUY,3774.0000,147.3200
2023-01-18T21:00:00+00:00,EDIT,BUY,165.0000,857.8800
2023-01-18T21:00:00+00:00,EMV.AX,BUY,630.0000,162.8600
2023-01-18T21:00:00+00:00,FTC.L,BUY,699.0000,167.7900
2023-01-18T21:00:00+00:00,GSIT,SELL,982.0000,154.6900
2023-01-18T21:00:00+00:00,HSBA.L,SELL,3454.0000,171.4300
2023-01-18T21:00:00+00:00,IBTM.L,BUY,5916.0000,108.6000
2023-01-18T21:00:00+00:00,IDN,SELL,544.0000,170.6200
2023-01-18T21:00:00+00:00,IITU.L,BUY,3015.0000,117.0500
2023-01-18T21:00:00+00:00,IPWR,SELL,115.0000,482.5200
2023-01-18T21:00:00+00:00,ISF.L,BUY,1248.0000,131.0800
2023-01-18T21:00:00+00:00,LTBR,BUY,539.0000,191.7800
2023-01-18T21:00:00+00:00,MOLN.SW,BUY,53.0000,222.9100
2023-01-18T21:00:00+00:00,MSCL.TO,SELL,1373.0000,146.5900
2023-01-18T21:00:00+00:00,PLTR,BUY,3001.0000,111.2900
2023-01-18T21:00:00+00:00,PRQR,SELL,866.0000,568.9900
2023-01-18T21:00:00+00:00,QSI,SELL,13.0000,373.3900
2023-01-18T21:00:00+00:00,RR.L,SELL,4057.0000,163.4400
2023-01-18T21:00:00+00:00,SEYE.ST,BUY,689.0000,124.1600
2023-01-18T21:00:00+00:00,SGLN.L,BUY,745.0000,126.6400
2023-01-18T21:00:00+00:00,SHEL.L,BUY,427.0000,199.8800
2023-01-18T21:00:00+00:00,SLX.AX,SELL,386.0000,690.8900
2023-01-18T21:00:00+00:00,SMGB.L,BUY,2265.0000,120.6600
2023-01-18T21:00:00+00:00,VUL.AX,SELL,62.0000,388.9800
2023-01-18T21:00:00+00:00,VYGR,SELL,742.0000,414.3700
2023-01-18T21:00:00+00:00,WBT.AX,SELL,96.0000,379.3400
2023-02-16T21:00:00+00:00,AL3.AX,BUY,78.0000,186.3800
2023-02-16T21:00:00+00:00,ALCLS.PA,BUY,693.0000,269.4300
2023-02-16T21:00:00+00:00,ALMDT.PA,BUY,159.0000,589.4300
2023-02-16T21:00:00+00:00,AXE.AX,BUY,165.0000,361.9000
2023-02-16T21:00:00+00:00,AZN.L,BUY,472.0000,172.6400
2023-02-16T21:00:00+00:00,BGO.L,SELL,43.0000,410.5300
2023-02-16T21:00:00+00:00,BRK-B,BUY,348.0000,155.4600
2023-02-16T21:00:00+00:00,BRNT.L,BUY,1111.0000,262.5900
2023-02-16T21:00:00+00:00,DBMG.L,BUY,1627.0000,152.0700
2023-02-16T21:00:00+00:00,EDIT,SELL,110.0000,1075.0100
2023-02-16T21:00:00+00:00,EMV.AX,BUY,759.0000,143.3100
2023-02-16T21:00:00+00:00,FTC.L,SELL,197.0000,187.9200
2023-02-16T21:00:00+00:00,GSIT,BUY,1621.0000,115.9300
2023-02-16T21:00:00+00:00,HSBA.L,BUY,332.0000,179.4700
2023-02-16T21:00:00+00:00,IBTM.L,BUY,5578.0000,108.2700
2023-02-16T21:00:00+00:00,IDN,BUY,47.0000,178.3600
2023-02-16T21:00:00+00:00,IITU.L,SELL,2694.0000,131.9200
2023-02-16T21:00:00+00:00,IPWR,SELL,62.0000,537.4700
2023-02-16T21:00:00+00:00,ISF.L,BUY,3524.0000,134.1200
2023-02-16T21:00:00+00:00,LTBR,SELL,215.0000,217.9500
2023-02-16T21:00:00+00:00,MOLN.SW,BUY,402.0000,205.7400
2023-02-16T21:00:00+00:00,MSCL.TO,SELL,941.0000,201.0100
2023-02-16T21:00:00+00:00,PLTR,SELL,11443.0000,159.8000
2023-02-16T21:00:00+00:00,PRQR,BUY,151.0000,527.6200
2023-02-16T21:00:00+00:00,QSI,BUY,288.0000,336.0600
2023-02-16T21:00:00+00:00,RR.L,BUY,226.0000,171.8000
2023-02-16T21:00:00+00:00,SEYE.ST,SELL,983.0000,164.6400
2023-02-16T21:00:00+00:00,SGLN.L,BUY,7877.0000,125.4400
2023-02-16T21:00:00+00:00,SHEL.L,SELL,613.0000,217.1900
2023-02-16T21:00:00+00:00,SLX.AX,SELL,61.0000,786.3500
2023-02-16T21:00:00+00:00,SMGB.L,SELL,7032.0000,134.9000
2023-02-16T21:00:00+00:00,VUL.AX,BUY,298.0000,346.0100
2023-02-16T21:00:00+00:00,VYGR,BUY,426.0000,339.9800
2023-02-16T21:00:00+00:00,WBT.AX,SELL,305.0000,496.5100
2023-03-17T21:00:00+00:00,AL3.AX,BUY,210.0000,169.5500
2023-03-17T21:00:00+00:00,ALCLS.PA,BUY,633.0000,205.4800
2023-03-17T21:00:00+00:00,ALMDT.PA,SELL,146.0000,656.6800
2023-03-17T21:00:00+00:00,AXE.AX,BUY,556.0000,266.0500
2023-03-17T21:00:00+00:00,AZN.L,SELL,4.0000,166.7000
2023-03-17T21:00:00+00:00,BGO.L,SELL,68.0000,414.0400
2023-03-17T21:00:00+00:00,BRK-B,BUY,181.0000,147.2000
2023-03-17T21:00:00+00:00,BRNT.L,BUY,2352.0000,227.0600
2023-03-17T21:00:00+00:00,DBMG.L,BUY,4656.0000,136.8100
2023-03-17T21:00:00+00:00,EDIT,BUY,93.0000,898.1200
2023-03-17T21:00:00+00:00,EMV.AX,BUY,504.0000,124.3300
2023-03-17T21:00:00+00:00,FTC.L,BUY,352.0000,164.4300
2023-03-17T21:00:00+00:00,GSIT,BUY,452.0000,103.4500
2023-03-17T21:00:00+00:00,HSBA.L,BUY,1974.0000,162.0400
2023-03-17T21:00:00+00:00,IBTM.L,SELL,4985.0000,110.2800
2023-03-17T21:00:00+00:00,IDN,BUY,181.0000,163.9000
2023-03-17T21:00:00+00:00,IITU.L,SELL,1057.0000,130.6000
2023-03-17T21:00:00+00:00,IPWR,BUY,187.0000,448.6700
2023-03-17T21:00:00+00:00,ISF.L,BUY,4683.0000,123.8500
2023-03-17T21:00:00+00:00,LTBR,BUY,498.0000,179.9400
2023-03-17T21:00:00+00:00,MOLN.SW,BUY,134.0000,190.4200
2023-03-17T21:00:00+00:00,MSCL.TO,BUY,308.0000,176.9000
2023-03-17T21:00:00+00:00,PLTR,BUY,6312.0000,128.9300
2023-03-17T21:00:00+00:00,PRQR,SELL,166.0000,589.8800
2023-03-17T21:00:00+00:00,QSI,BUY,255.0000,286.1400
2023-03-17T21:00:00+00:00,RR.L,SELL,6500.0000,211.8100
2023-03-17T21:00:00+00:00,SEYE.ST,SELL,10.0000,159.2900
2023-03-17T21:00:00+00:00,SGLN.L,SELL,10021.0000,131.9400
2023-03-17T21:00:00+00:00,SHEL.L,BUY,3028.0000,185.8400
2023-03-17T21:00:00+00:00,SLX.AX,BUY,345.0000,533.3200
2023-03-17T21:00:00+00:00,SMGB.L,SELL,4994.0000,135.5400
2023-03-17T21:00:00+00:00,VUL.AX,BUY,77.0000,320.5400
2023-03-17T21:00:00+00:00,VYGR,SELL,169.0000,360.2800
2023-03-17T21:00:00+00:00,WBT.AX,SELL,333.0000,645.0200
2023-04-19T21:00:00+00:00,AL3.AX,SELL,144.0000,180.5800
2023-04-19T21:00:00+00:00,ALCLS.PA,SELL,13.0000,211.1400
2023-04-19T21:00:00+00:00,ALMDT.PA,BUY,46.0000,640.3200
2023-04-19T21:00:00+00:00,AXE.AX,BUY,385.0000,233.6200
2023-04-19T21:00:00+00:00,AZN.L,SELL,496.0000,184.8600
2023-04-19T21:00:00+00:00,BGO.L,BUY,267.0000,359.6500
2023-04-19T21:00:00+00:00,BRK-B,SELL,445.0000,157.9300
2023-04-19T21:00:00+00:00,BRNT.L,SELL,1803.0000,252.4400
2023-04-19T21:00:00+00:00,DBMG.L,BUY,1413.0000,137.1500
2023-04-19T21:00:00+00:00,EDIT,BUY,59.0000,846.0700
2023-04-19T21:00:00+00:00,EMV.AX,SELL,572.0000,143.6700
2023-04-19T21:00:00+00:00,FTC.L,BUY,252.0000,157.7200
2023-04-19T21:00:00+00:00,GSIT,SELL,1137.0000,130.6000
2023-04-19T21:00:00+00:00,HSBA.L,SELL,1003.0000,171.4000
2023-04-19T21:00:00+00:00,IBTM.L,BUY,5053.0000,106.8300
2023-04-19T21:00:00+00:00,IDN,BUY,222.0000,158.3600
2023-04-19T21:00:00+00:00,IITU.L,BUY,46.0000,133.4700
2023-04-19T21:00:00+00:00,IPWR,BUY,152.0000,413.4500
2023-04-19T21:00:00+00:00,ISF.L,SELL,5551.0000,133.5500
2023-04-19T21:00:00+00:00,LTBR,BUY,70.0000,180.4300
2023-04-19T21:00:00+00:00,MOLN.SW,SELL,93.0000,200.5000
2023-04-19T21:00:00+00:00,MSCL.TO,SELL,958.0000,249.0800
2023-04-19T21:00:00+00:00,PLTR,SELL,989.0000,135.3900
2023-04-19T21:00:00+00:00,PRQR,BUY,557.0000,394.4900
2023-04-19T21:00:00+00:00,QSI,BUY,388.0000,248.2600
2023-04-19T21:00:00+00:00,RR.L,SELL,1780.0000,234.5300
2023-04-19T21:00:00+00:00,SEYE.ST,SELL,177.0000,170.7300
2023-04-19T21:00:00+00:00,SGLN.L,BUY,3013.0000,131.4400
2023-04-19T21:00:00+00:00,SHEL.L,SELL,2090.0000,206.2800
2023-04-19T21:00:00+00:00,SLX.AX,BUY,25.0000,534.4800
2023-04-19T21:00:00+00:00,SMGB.L,BUY,6915.0000,131.2100
2023-04-19T21:00:00+00:00,VUL.AX,BUY,106.0000,311.0500
2023-04-19T21:00:00+00:00,VYGR,BUY,88.0000,350.7100
2023-04-19T21:00:00+00:00,WBT.AX,BUY,387.0000,470.7200
2023-05-22T21:00:00+00:00,AL3.AX,BUY,790.0000,153.5200
2023-05-22T21:00:00+00:00,ALCLS.PA,BUY,559.0000,185.3700
2023-05-22T21:00:00+00:00,ALMDT.PA,BUY,610.0000,412.8300
2023-05-22T21:00:00+00:00,AXE.AX,BUY,262.0000,221.8400
2023-05-22T21:00:00+00:00,AZN.L,BUY,222.0000,185.5400
2023-05-22T21:00:00+00:00,BGO.L,BUY,73.0000,359.6500
2023-05-22T21:00:00+00:00,BRK-B,BUY,230.0000,160.4200
2023-05-22T21:00:00+00:00,BRNT.L,BUY,2946.0000,230.2500
2023-05-22T21:00:00+00:00,DBMG.L,BUY,2579.0000,137.7400
2023-05-22T21:00:00+00:00,EDIT,SELL,92.0000,1005.3000
2023-05-22T21:00:00+00:00,EMV.AX,BUY,220.0000,142.5100
2023-05-22T21:00:00+00:00,FTC.L,SELL,237.0000,174.5000
2023-05-22T21:00:00+00:00,GSIT,SELL,3182.0000,394.0700
2023-05-22T21:00:00+00:00,HSBA.L,SELL,1343.0000,186.9500
2023-05-22T21:00:00+00:00,IBTM.L,BUY,4116.0000,106.6200
2023-05-22T21:00:00+00:00,IDN,SELL,13.0000,165.4600
2023-05-22T21:00:00+00:00,IITU.L,SELL,817.0000,141.8000
2023-05-22T21:00:00+00:00,IPWR,BUY,73.0000,411.0800
2023-05-22T21:00:00+00:00,ISF.L,BUY,5339.0000,132.2000
2023-05-22T21:00:00+00:00,LTBR,SELL,446.0000,215.1600
2023-05-22T21:00:00+00:00,MOLN.SW,BUY,26.0000,207.0900
2023-05-22T21:00:00+00:00,MSCL.TO,SELL,139.0000,274.3600
2023-05-22T21:00:00+00:00,PLTR,SELL,9419.0000,188.2700
2023-05-22T21:00:00+00:00,PRQR,BUY,353.0000,336.9200
2023-05-22T21:00:00+00:00,QSI,SELL,207.0000,281.3000
2023-05-22T21:00:00+00:00,RR.L,BUY,614.0000,237.4700
2023-05-22T21:00:00+00:00,SEYE.ST,BUY,1108.0000,136.9500
2023-05-22T21:00:00+00:00,SGLN.L,BUY,5889.0000,130.1700
2023-05-22T21:00:00+00:00,SHEL.L,BUY,1435.0000,202.9600
2023-05-22T21:00:00+00:00,SLX.AX,SELL,86.0000,599.7300
2023-05-22T21:00:00+00:00,SMGB.L,SELL,3197.0000,140.1100
2023-05-22T21:00:00+00:00,VUL.AX,BUY,987.0000,218.2500
2023-05-22T21:00:00+00:00,VYGR,SELL,730.0000,612.3200
2023-05-22T21:00:00+00:00,WBT.AX,BUY,109.0000,453.1900
2023-06-21T21:00:00+00:00,AL3.AX,BUY,1209.0000,121.8000
2023-06-21T21:00:00+00:00,ALCLS.PA,SELL,148.0000,196.5300
2023-06-21T21:00:00+00:00,ALMDT.PA,SELL,269.0000,504.4300
2023-06-21T21:00:00+00:00,AXE.AX,SELL,1310.0000,402.4900
2023-06-21T21:00:00+00:00,AZN.L,BUY,342.0000,178.6000
2023-06-21T21:00:00+00:00,BGO.L,BUY,151.0000,337.7200
2023-06-21T21:00:00+00:00,BRK-B,BUY,112.0000,161.1100
2023-06-21T21:00:00+00:00,BRNT.L,BUY,445.0000,229.6900
2023-06-21T21:00:00+00:00,DBMG.L,BUY,1711.0000,136.7600
2023-06-21T21:00:00+00:00,EDIT,BUY,165.0000,816.4200
2023-06-21T21:00:00+00:00,EMV.AX,BUY,1192.0000,115.2000
2023-06-21T21:00:00+00:00,FTC.L,SELL,213.0000,187.9200
2023-06-21T21:00:00+00:00,GSIT,SELL,315.0000,493.3600
2023-06-21T21:00:00+00:00,HSBA.L,BUY,418.0000,187.2300
2023-06-21T21:00:00+00:00,IBTM.L,BUY,4522.0000,103.6300
2023-06-21T21:00:00+00:00,IDN,SELL,95.0000,172.2400
2023-06-21T21:00:00+00:00,IITU.L,SELL,1685.0000,150.4100
2023-06-21T21:00:00+00:00,IPWR,SELL,1.0000,417.9200
2023-06-21T21:00:00+00:00,ISF.L,BUY,4604.0000,128.8700
2023-06-21T21:00:00+00:00,LTBR,SELL,406.0000,252.0400
2023-06-21T21:00:00+00:00,MOLN.SW,BUY,221.0000,196.8300
2023-06-21T21:00:00+00:00,MSCL.TO,BUY,541.0000,227.6500
2023-06-21T21:00:00+00:00,PLTR,SELL,4436.0000,227.2400
2023-06-21T21:00:00+00:00,PRQR,BUY,267.0000,301.3300
2023-06-21T21:00:00+00:00,QSI,BUY,524.0000,233.8000
2023-06-21T21:00:00+00:00,RR.L,BUY,326.0000,237.8500
2023-06-21T21:00:00+00:00,SEYE.ST,BUY,656.0000,122.5200
2023-06-21T21:00:00+00:00,SGLN.L,BUY,7678.0000,124.3600
2023-06-21T21:00:00+00:00,SHEL.L,BUY,777.0000,200.2900
2023-06-21T21:00:00+00:00,SLX.AX,BUY,4.0000,607.3200
2023-06-21T21:00:00+00:00,SMGB.L,SELL,8413.0000,152.6400
2023-06-21T21:00:00+00:00,VUL.AX,BUY,147.0000,211.5500
2023-06-21T21:00:00+00:00,VYGR,BUY,151.0000,545.5000
2023-06-21T21:00:00+00:00,WBT.AX,SELL,392.0000,630.0400
2023-07-20T21:00:00+00:00,AL3.AX,SELL,20.0000,124.2000
2023-07-20T21:00:00+00:00,ALCLS.PA,SELL,651.0000,246.6300
2023-07-20T21:00:00+00:00,ALMDT.PA,BUY,240.0000,434.0300
2023-07-20T21:00:00+00:00,AXE.AX,BUY,433.0000,324.5200
2023-07-20T21:00:00+00:00,AZN.L,BUY,651.0000,164.8800
2023-07-20T21:00:00+00:00,BGO.L,BUY,202.0000,311.4000
2023-07-20T21:00:00+00:00,BRK-B,BUY,57.0000,162.6900
2023-07-20T21:00:00+00:00,BRNT.L,SELL,109.0000,234.3900
2023-07-20T21:00:00+00:00,DBMG.L,BUY,1765.0000,135.7100
2023-07-20T21:00:00+00:00,EDIT,SELL,48.0000,880.7300
2023-07-20T21:00:00+00:00,EMV.AX,BUY,786.0000,103.1200
2023-07-20T21:00:00+00:00,FTC.L,SELL,295.0000,208.0500
2023-07-20T21:00:00+00:00,GSIT,BUY,721.0000,327.5000
2023-07-20T21:00:00+00:00,HSBA.L,SELL,542.0000,193.8600
2023-07-20T21:00:00+00:00,IBTM.L,BUY,2911.0000,102.4000
2023-07-20T21:00:00+00:00,IDN,BUY,85.0000,171.2400
2023-07-20T21:00:00+00:00,IITU.L,SELL,1091.0000,157.2500
2023-07-20T21:00:00+00:00,IPWR,SELL,131.0000,462.2900
2023-07-20T21:00:00+00:00,ISF.L,BUY,343.0000,130.5200
2023-07-20T21:00:00+00:00,LTBR,BUY,3.0000,255.6900
2023-07-20T21:00:00+00:00,MOLN.SW,BUY,129.0000,192.6900
2023-07-20T21:00:00+00:00,MSCL.TO,BUY,554.0000,194.6900
2023-07-20T21:00:00+00:00,PLTR,SELL,2835.0000,262.3100
2023-07-20T21:00:00+00:00,PRQR,BUY,176.0000,283.6800
2023-07-20T21:00:00+00:00,QSI,SELL,1465.0000,484.5100
2023-07-20T21:00:00+00:00,RR.L,BUY,828.0000,233.0900
2023-07-20T21:00:00+00:00,SEYE.ST,SELL,349.0000,132.9200
2023-07-20T21:00:00+00:00,SGLN.L,BUY,637.0000,125.7100
2023-07-20T21:00:00+00:00,SHEL.L,BUY,62.0000,203.0000
2023-07-20T21:00:00+00:00,SLX.AX,BUY,156.0000,540.7200
2023-07-20T21:00:00+00:00,SMGB.L,SELL,537.0000,155.7800
2023-07-20T21:00:00+00:00,VUL.AX,SELL,298.0000,237.1600
2023-07-20T21:00:00+00:00,VYGR,BUY,546.0000,384.0300
2023-07-20T21:00:00+00:00,WBT.AX,BUY,333.0000,487.6600
2023-08-18T21:00:00+00:00,AL3.AX,SELL,1300.0000,159.0300
2023-08-18T21:00:00+00:00,ALCLS.PA,BUY,776.0000,188.2500
2023-08-18T21:00:00+00:00,ALMDT.PA,SELL,12.0000,427.4500
2023-08-18T21:00:00+00:00,AXE.AX,BUY,398.0000,266.7400
2023-08-18T21:00:00+00:00,AZN.L,SELL,181.0000,165.3500
2023-08-18T21:00:00+00:00,BGO.L,SELL,164.0000,328.9500
2023-08-18T21:00:00+00:00,BRK-B,SELL,507.0000,167.9400
2023-08-18T21:00:00+00:00,BRNT.L,SELL,2441.0000,254.9500
2023-08-18T21:00:00+00:00,DBMG.L,SELL,3832.0000,139.6800
2023-08-18T21:00:00+00:00,EDIT,SELL,19.0000,882.6200
2023-08-18T21:00:00+00:00,EMV.AX,SELL,996.0000,118.6700
2023-08-18T21:00:00+00:00,FTC.L,SELL,174.0000,214.7700
2023-08-18T21:00:00+00:00,GSIT,BUY,766.0000,234.1100
2023-08-18T21:00:00+00:00,HSBA.L,BUY,1633.0000,179.1000
2023-08-18T21:00:00+00:00,IBTM.L,SELL,720.0000,100.7700
2023-08-18T21:00:00+00:00,IDN,SELL,56.0000,169.7600
2023-08-18T21:00:00+00:00,IITU.L,BUY,2013.0000,145.8600
2023-08-18T21:00:00+00:00,IPWR,BUY,150.0000,410.2800
2023-08-18T21:00:00+00:00,ISF.L,BUY,2424.0000,124.9000
2023-08-18T21:00:00+00:00,LTBR,BUY,450.0000,213.8600
2023-08-18T21:00:00+00:00,MOLN.SW,BUY,188.0000,178.8300
2023-08-18T21:00:00+00:00,MSCL.TO,BUY,414.0000,170.1800
2023-08-18T21:00:00+00:00,PLTR,BUY,3031.0000,223.7800
2023-08-18T21:00:00+00:00,PRQR,BUY,91.0000,267.2100
2023-08-18T21:00:00+00:00,QSI,BUY,747.0000,309.4800
2023-08-18T21:00:00+00:00,RR.L,SELL,5851.0000,303.7400
2023-08-18T21:00:00+00:00,SEYE.ST,BUY,29.0000,129.2100
2023-08-18T21:00:00+00:00,SGLN.L,BUY,1092.0000,121.8400
2023-08-18T21:00:00+00:00,SHEL.L,SELL,495.0000,202.1400
2023-08-18T21:00:00+00:00,SLX.AX,BUY,251.0000,440.8800
2023-08-18T21:00:00+00:00,SMGB.L,BUY,4636.0000,146.4300
2023-08-18T21:00:00+00:00,VUL.AX,BUY,1220.0000,162.7500
2023-08-18T21:00:00+00:00,VYGR,SELL,119.0000,402.2700
2023-08-18T21:00:00+00:00,WBT.AX,BUY,263.0000,401.3000
2023-09-19T21:00:00+00:00,AL3.AX,SELL,286.0000,179.7300
2023-09-19T21:00:00+00:00,ALCLS.PA,BUY,533.0000,172.3000
2023-09-19T21:00:00+00:00,ALMDT.PA,BUY,291.0000,379.3300
2023-09-19T21:00:00+00:00,AXE.AX,BUY,293.0000,251.4400
2023-09-19T21:00:00+00:00,AZN.L,BUY,397.0000,164.7000
2023-09-19T21:00:00+00:00,BGO.L,BUY,74.0000,334.2100
2023-09-19T21:00:00+00:00,BRK-B,SELL,242.0000,181.7000
2023-09-19T21:00:00+00:00,BRNT.L,SELL,1941.0000,294.9100
2023-09-19T21:00:00+00:00,DBMG.L,BUY,184.0000,146.7100
2023-09-19T21:00:00+00:00,EDIT,BUY,82.0000,838.4300
2023-09-19T21:00:00+00:00,EMV.AX,SELL,916.0000,149.3000
2023-09-19T21:00:00+00:00,FTC.L,BUY,134.0000,216.7800
2023-09-19T21:00:00+00:00,GSIT,BUY,705.0000,197.5900
2023-09-19T21:00:00+00:00,HSBA.L,SELL,749.0000,193.4600
2023-09-19T21:00:00+00:00,IBTM.L,BUY,3113.0000,103.0800
2023-09-19T21:00:00+00:00,IDN,BUY,187.0000,170.6400
2023-09-19T21:00:00+00:00,IITU.L,SELL,112.0000,154.0300
2023-09-19T21:00:00+00:00,IPWR,BUY,59.0000,416.8300
2023-09-19T21:00:00+00:00,ISF.L,SELL,368.0000,131.9400
2023-09-19T21:00:00+00:00,LTBR,BUY,419.0000,198.5400
2023-09-19T21:00:00+00:00,MOLN.SW,BUY,1439.0000,135.8600
2023-09-19T21:00:00+00:00,MSCL.TO,SELL,460.0000,203.0700
2023-09-19T21:00:00+00:00,PLTR,SELL,664.0000,242.4000
2023-09-19T21:00:00+00:00,PRQR,BUY,73.0000,273.3400
2023-09-19T21:00:00+00:00,QSI,SELL,88.0000,339.6700
2023-09-19T21:00:00+00:00,RR.L,SELL,1099.0000,341.1800
2023-09-19T21:00:00+00:00,SEYE.ST,SELL,536.0000,151.8300
2023-09-19T21:00:00+00:00,SGLN.L,BUY,364.0000,127.9400
2023-09-19T21:00:00+00:00,SHEL.L,SELL,1292.0000,223.8100
2023-09-19T21:00:00+00:00,SLX.AX,SELL,166.0000,521.4100
2023-09-19T21:00:00+00:00,SMGB.L,BUY,2263.0000,151.3600
2023-09-19T21:00:00+00:00,VUL.AX,BUY,175.0000,164.3700
2023-09-19T21:00:00+00:00,VYGR,BUY,305.0000,357.6700
2023-09-19T21:00:00+00:00,WBT.AX,BUY,833.0000,281.4100
2023-10-18T21:00:00+00:00,AL3.AX,BUY,405.0000,163.1600
2023-10-18T21:00:00+00:00,ALCLS.PA,BUY,1253.0000,132.0400
2023-10-18T21:00:00+00:00,ALMDT.PA,SELL,68.0000,394.5900
2023-10-18T21:00:00+00:00,AXE.AX,BUY,371.0000,222.4000
2023-10-18T21:00:00+00:00,AZN.L,BUY,18.0000,164.6400
2023-10-18T21:00:00+00:00,BGO.L,BUY,224.0000,302.6300
2023-10-18T21:00:00+00:00,BRK-B,BUY,624.0000,170.0000
2023-10-18T21:00:00+00:00,BRNT.L,BUY,174.0000,292.9000
2023-10-18T21:00:00+00:00,DBMG.L,SELL,2610.0000,152.4900
2023-10-18T21:00:00+00:00,EDIT,BUY,161.0000,704.2300
2023-10-18T21:00:00+00:00,EMV.AX,BUY,444.0000,136.6800
2023-10-18T21:00:00+00:00,FTC.L,BUY,37.0000,214.7700
2023-10-18T21:00:00+00:00,GSIT,BUY,622.0000,168.4600
2023-10-18T21:00:00+00:00,HSBA.L,SELL,820.0000,199.4700
2023-10-18T21:00:00+00:00,IBTM.L,BUY,2100.0000,101.3300
2023-10-18T21:00:00+00:00,IDN,BUY,995.0000,137.6900
2023-10-18T21:00:00+00:00,IITU.L,SELL,669.0000,157.0000
2023-10-18T21:00:00+00:00,IPWR,BUY,232.0000,367.0700
2023-10-18T21:00:00+00:00,ISF.L,BUY,1019.0000,131.0400
2023-10-18T21:00:00+00:00,LTBR,SELL,521.0000,233.2600
2023-10-18T21:00:00+00:00,MOLN.SW,BUY,456.0000,125.0900
2023-10-18T21:00:00+00:00,MSCL.TO,BUY,423.0000,181.2800
2023-10-18T21:00:00+00:00,PLTR,SELL,3061.0000,279.8400
2023-10-18T21:00:00+00:00,PRQR,BUY,362.0000,240.0400
2023-10-18T21:00:00+00:00,QSI,BUY,1249.0000,212.1700
2023-10-18T21:00:00+00:00,RR.L,BUY,1477.0000,313.7100
2023-10-18T21:00:00+00:00,SEYE.ST,BUY,404.0000,139.9000
2023-10-18T21:00:00+00:00,SGLN.L,SELL,2977.0000,131.1900
2023-10-18T21:00:00+00:00,SHEL.L,SELL,1397.0000,237.4700
2023-10-18T21:00:00+00:00,SLX.AX,BUY,223.0000,448.1700
2023-10-18T21:00:00+00:00,SMGB.L,SELL,2432.0000,154.7100
2023-10-18T21:00:00+00:00,VUL.AX,BUY,934.0000,135.1500
2023-10-18T21:00:00+00:00,VYGR,BUY,197.0000,325.6900
2023-10-18T21:00:00+00:00,WBT.AX,BUY,298.0000,251.9400
2023-11-16T21:00:00+00:00,AL3.AX,SELL,440.0000,185.5400
2023-11-16T21:00:00+00:00,ALCLS.PA,SELL,2725.0000,275.9600
2023-11-16T21:00:00+00:00,ALMDT.PA,BUY,196.0000,363.0500
2023-11-16T21:00:00+00:00,AXE.AX,BUY,55.0000,223.1500
2023-11-16T21:00:00+00:00,AZN.L,BUY,485.0000,157.7200
2023-11-16T21:00:00+00:00,BGO.L,BUY,49.0000,302.6300
2023-11-16T21:00:00+00:00,BRK-B,SELL,127.0000,175.9400
2023-11-16T21:00:00+00:00,BRNT.L,BUY,3782.0000,251.2500
2023-11-16T21:00:00+00:00,DBMG.L,BUY,6778.0000,141.9300
2023-11-16T21:00:00+00:00,EDIT,SELL,216.0000,918.4600
2023-11-16T21:00:00+00:00,EMV.AX,SELL,137.0000,143.3700
2023-11-16T21:00:00+00:00,FTC.L,BUY,69.0000,214.7700
2023-11-16T21:00:00+00:00,GSIT,BUY,265.0000,161.7700
2023-11-16T21:00:00+00:00,HSBA.L,BUY,2157.0000,189.2000
2023-11-16T21:00:00+00:00,IBTM.L,BUY,857.0000,102.6700
2023-11-16T21:00:00+00:00,IDN,BUY,919.0000,119.1500
2023-11-16T21:00:00+00:00,IITU.L,SELL,1412.0000,166.3800
2023-11-16T21:00:00+00:00,IPWR,BUY,231.0000,334.4200
2023-11-16T21:00:00+00:00,ISF.L,BUY,4916.0000,128.3700
2023-11-16T21:00:00+00:00,LTBR,BUY,895.0000,183.6900
2023-11-16T21:00:00+00:00,MOLN.SW,SELL,544.0000,141.4100
2023-11-16T21:00:00+00:00,MSCL.TO,SELL,433.0000,208.3700
2023-11-16T21:00:00+00:00,PLTR,SELL,1888.0000,315.3400
2023-11-16T21:00:00+00:00,PRQR,SELL,72.0000,251.2600
2023-11-16T21:00:00+00:00,QSI,SELL,505.0000,255.5700
2023-11-16T21:00:00+00:00,RR.L,SELL,2372.0000,369.1100
2023-11-16T21:00:00+00:00,SEYE.ST,SELL,1311.0000,193.2300
2023-11-16T21:00:00+00:00,SGLN.L,BUY,2896.0000,130.9700
2023-11-16T21:00:00+00:00,SHEL.L,BUY,2286.0000,221.1400
2023-11-16T21:00:00+00:00,SLX.AX,SELL,127.0000,497.8500
2023-11-16T21:00:00+00:00,SMGB.L,SELL,6329.0000,166.7000
2023-11-16T21:00:00+00:00,VUL.AX,SELL,7.0000,138.1600
2023-11-16T21:00:00+00:00,VYGR,BUY,313.0000,290.4800
2023-11-16T21:00:00+00:00,WBT.AX,SELL,503.0000,313.7500
2023-12-15T21:00:00+00:00,AL3.AX,SELL,325.0000,207.6300
2023-12-15T21:00:00+00:00,ALCLS.PA,SELL,203.0000,306.9700
2023-12-15T21:00:00+00:00,ALMDT.PA,SELL,1.0000,372.3500
2023-12-15T21:00:00+00:00,AXE.AX,BUY,389.0000,204.1300
2023-12-15T21:00:00+00:00,AZN.L,BUY,183.0000,158.0300
2023-12-15T21:00:00+00:00,BGO.L,SELL,248.0000,346.4900
2023-12-15T21:00:00+00:00,BRK-B,BUY,595.0000,169.5400
2023-12-15T21:00:00+00:00,BRNT.L,BUY,1595.0000,241.3400
2023-12-15T21:00:00+00:00,DBMG.L,BUY,6940.0000,133.4400
2023-12-15T21:00:00+00:00,EDIT,SELL,120.0000,1112.1200
2023-12-15T21:00:00+00:00,EMV.AX,BUY,497.0000,133.7500
2023-12-15T21:00:00+00:00,FTC.L,SELL,566.0000,265.1000
2023-12-15T21:00:00+00:00,GSIT,SELL,343.0000,179.7400
2023-12-15T21:00:00+00:00,HSBA.L,BUY,759.0000,189.2600
2023-12-15T21:00:00+00:00,IBTM.L,BUY,245.0000,105.0400
2023-12-15T21:00:00+00:00,IDN,SELL,666.0000,137.3300
2023-12-15T21:00:00+00:00,IITU.L,SELL,91.0000,171.0100
2023-12-15T21:00:00+00:00,IPWR,BUY,306.0000,300.1400
2023-12-15T21:00:00+00:00,ISF.L,BUY,19.0000,131.6000
2023-12-15T21:00:00+00:00,LTBR,BUY,911.0000,152.7600
2023-12-15T21:00:00+00:00,MOLN.SW,BUY,288.0000,137.2100
2023-12-15T21:00:00+00:00,MSCL.TO,SELL,32.0000,215.6500
2023-12-15T21:00:00+00:00,PLTR,BUY,2643.0000,282.3700
2023-12-15T21:00:00+00:00,PRQR,SELL,868.0000,370.0300
2023-12-15T21:00:00+00:00,QSI,SELL,48.0000,266.6200
2023-12-15T21:00:00+00:00,RR.L,SELL,2115.0000,437.9500
2023-12-15T21:00:00+00:00,SEYE.ST,SELL,287.0000,214.6500
2023-12-15T21:00:00+00:00,SGLN.L,BUY,2858.0000,131.4000
2023-12-15T21:00:00+00:00,SHEL.L,BUY,1216.0000,216.6000
2023-12-15T21:00:00+00:00,SLX.AX,SELL,232.0000,608.1400
2023-12-15T21:00:00+00:00,SMGB.L,SELL,6316.0000,180.9000
2023-12-15T21:00:00+00:00,VUL.AX,BUY,504.0000,129.1500
2023-12-15T21:00:00+00:00,VYGR,SELL,333.0000,344.2300
2023-12-15T21:00:00+00:00,WBT.AX,SELL,314.0000,372.7500
2024-01-18T21:00:00+00:00,AL3.AX,BUY,544.0000,178.6000
2024-01-18T21:00:00+00:00,ALCLS.PA,BUY,385.0000,262.4400
2024-01-18T21:00:00+00:00,ALMDT.PA,BUY,179.0000,338.8000
2024-01-18T21:00:00+00:00,AXE.AX,BUY,408.0000,181.9600
2024-01-18T21:00:00+00:00,AZN.L,SELL,252.0000,161.8500
2024-01-18T21:00:00+00:00,BGO.L,BUY,1731.0000,189.4700
2024-01-18T21:00:00+00:00,BRK-B,SELL,308.0000,173.6200
2024-01-18T21:00:00+00:00,BRNT.L,SELL,995.0000,249.2600
2024-01-18T21:00:00+00:00,DBMG.L,SELL,2685.0000,136.7800
2024-01-18T21:00:00+00:00,EDIT,BUY,210.0000,837.5000
2024-01-18T21:00:00+00:00,EMV.AX,SELL,1407.0000,178.2200
2024-01-18T21:00:00+00:00,FTC.L,SELL,359.0000,302.0100
2024-01-18T21:00:00+00:00,GSIT,BUY,1276.0000,135.9700
2024-01-18T21:00:00+00:00,HSBA.L,BUY,776.0000,183.2000
2024-01-18T21:00:00+00:00,IBTM.L,BUY,162.0000,104.0600
2024-01-18T21:00:00+00:00,IDN,BUY,521.0000,124.1800
2024-01-18T21:00:00+00:00,IITU.L,SELL,1243.0000,175.5300
2024-01-18T21:00:00+00:00,IPWR,BUY,67.0000,289.9100
2024-01-18T21:00:00+00:00,ISF.L,BUY,860.0000,129.6400
2024-01-18T21:00:00+00:00,LTBR,BUY,433.0000,139.0500
2024-01-18T21:00:00+00:00,MOLN.SW,SELL,356.0000,145.7900
2024-01-18T21:00:00+00:00,MSCL.TO,SELL,29.0000,215.7300
2024-01-18T21:00:00+00:00,PLTR,BUY,1937.0000,256.3400
2024-01-18T21:00:00+00:00,PRQR,SELL,3.0000,367.5900
2024-01-18T21:00:00+00:00,QSI,BUY,202.0000,246.4900
2024-01-18T21:00:00+00:00,RR.L,SELL,820.0000,462.7100
2024-01-18T21:00:00+00:00,SEYE.ST,SELL,451.0000,245.2500
2024-01-18T21:00:00+00:00,SGLN.L,BUY,104.0000,130.2600
2024-01-18T21:00:00+00:00,SHEL.L,BUY,1253.0000,205.4300
2024-01-18T21:00:00+00:00,SLX.AX,SELL,172.0000,703.8200
2024-01-18T21:00:00+00:00,SMGB.L,SELL,3368.0000,185.2400
2024-01-18T21:00:00+00:00,VUL.AX,BUY,1188.0000,106.0400
2024-01-18T21:00:00+00:00,VYGR,BUY,170.0000,316.3700
2024-01-18T21:00:00+00:00,WBT.AX,BUY,600.0000,283.6600
2024-02-16T21:00:00+00:00,AL3.AX,BUY,393.0000,174.6900
2024-02-16T21:00:00+00:00,ALCLS.PA,BUY,14.0000,279.8900
2024-02-16T21:00:00+00:00,ALMDT.PA,BUY,128.0000,342.8400
2024-02-16T21:00:00+00:00,AXE.AX,SELL,19.0000,195.9800
2024-02-16T21:00:00+00:00,AZN.L,BUY,839.0000,156.6000
2024-02-16T21:00:00+00:00,BGO.L,BUY,111.0000,197.3700
2024-02-16T21:00:00+00:00,BRK-B,SELL,471.0000,195.7100
2024-02-16T21:00:00+00:00,BRNT.L,BUY,108.0000,265.9800
2024-02-16T21:00:00+00:00,DBMG.L,BUY,3332.0000,140.8100
2024-02-16T21:00:00+00:00,EDIT,BUY,59.0000,840.5900
2024-02-16T21:00:00+00:00,EMV.AX,BUY,180.0000,183.0200
2024-02-16T21:00:00+00:00,FTC.L,SELL,884.0000,510.0700
2024-02-16T21:00:00+00:00,GSIT,SELL,753.0000,169.5100
2024-02-16T21:00:00+00:00,HSBA.L,SELL,346.0000,198.5200
2024-02-16T21:00:00+00:00,IBTM.L,BUY,8678.0000,103.5400
2024-02-16T21:00:00+00:00,IDN,BUY,385.0000,124.9400
2024-02-16T21:00:00+00:00,IITU.L,BUY,37.0000,187.9500
2024-02-16T21:00:00+00:00,IPWR,BUY,417.0000,266.6000
2024-02-16T21:00:00+00:00,ISF.L,BUY,4392.0000,134.1300
2024-02-16T21:00:00+00:00,LTBR,BUY,492.0000,136.2800
2024-02-16T21:00:00+00:00,MOLN.SW,BUY,573.0000,140.2300
2024-02-16T21:00:00+00:00,MSCL.TO,SELL,293.0000,253.1700
2024-02-16T21:00:00+00:00,PLTR,SELL,6502.0000,384.3600
2024-02-16T21:00:00+00:00,PRQR,BUY,315.0000,340.2000
2024-02-16T21:00:00+00:00,QSI,SELL,67.0000,270.2700
2024-02-16T21:00:00+00:00,RR.L,BUY,204.0000,488.0700
2024-02-16T21:00:00+00:00,SEYE.ST,BUY,360.0000,234.4800
2024-02-16T21:00:00+00:00,SGLN.L,BUY,9149.0000,130.6400
2024-02-16T21:00:00+00:00,SHEL.L,BUY,228.0000,218.4400
2024-02-16T21:00:00+00:00,SLX.AX,BUY,97.0000,689.5300
2024-02-16T21:00:00+00:00,SMGB.L,SELL,5210.0000,208.9400
2024-02-16T21:00:00+00:00,VUL.AX,BUY,769.0000,102.2500
2024-02-16T21:00:00+00:00,VYGR,BUY,63.0000,330.1300
2024-02-16T21:00:00+00:00,WBT.AX,SELL,81.0000,314.0100
2024-03-18T21:00:00+00:00,AL3.AX,BUY,1015.0000,147.9900
2024-03-18T21:00:00+00:00,ALCLS.PA,BUY,452.0000,250.3600
2024-03-18T21:00:00+00:00,ALMDT.PA,BUY,1089.0000,241.1900
2024-03-18T21:00:00+00:00,AXE.AX,SELL,460.0000,230.1000
2024-03-18T21:00:00+00:00,AZN.L,BUY,31.0000,162.1300
2024-03-18T21:00:00+00:00,BGO.L,BUY,327.0000,189.4700
2024-03-18T21:00:00+00:00,BRK-B,BUY,399.0000,194.8300
2024-03-18T21:00:00+00:00,BRNT.L,BUY,35.0000,275.9700
2024-03-18T21:00:00+00:00,DBMG.L,BUY,1042.0000,144.5200
2024-03-18T21:00:00+00:00,EDIT,BUY,101.0000,787.9800
2024-03-18T21:00:00+00:00,EMV.AX,SELL,633.0000,223.1400
2024-03-18T21:00:00+00:00,FTC.L,BUY,103.0000,496.6400
2024-03-18T21:00:00+00:00,GSIT,SELL,1090.0000,230.5000
2024-03-18T21:00:00+00:00,HSBA.L,BUY,1805.0000,195.1100
2024-03-18T21:00:00+00:00,IBTM.L,BUY,5853.0000,102.6200
2024-03-18T21:00:00+00:00,IDN,BUY,496.0000,120.2900
2024-03-18T21:00:00+00:00,IITU.L,BUY,639.0000,191.8800
2024-03-18T21:00:00+00:00,IPWR,SELL,1067.0000,434.9400
2024-03-18T21:00:00+00:00,ISF.L,BUY,3946.0000,135.1500
2024-03-18T21:00:00+00:00,LTBR,SELL,71.0000,143.3800
2024-03-18T21:00:00+00:00,MOLN.SW,BUY,1306.0000,118.0900
2024-03-18T21:00:00+00:00,MSCL.TO,SELL,40.0000,266.5100
2024-03-18T21:00:00+00:00,PLTR,BUY,1128.0000,373.5200
2024-03-18T21:00:00+00:00,PRQR,SELL,394.0000,426.4500
2024-03-18T21:00:00+00:00,QSI,SELL,190.0000,300.5000
2024-03-18T21:00:00+00:00,RR.L,SELL,1780.0000,588.7700
2024-03-18T21:00:00+00:00,SEYE.ST,SELL,739.0000,312.9300
2024-03-18T21:00:00+00:00,SGLN.L,SELL,3315.0000,138.9800
2024-03-18T21:00:00+00:00,SHEL.L,BUY,382.0000,223.9900
2024-03-18T21:00:00+00:00,SLX.AX,BUY,106.0000,655.6200
2024-03-18T21:00:00+00:00,SMGB.L,SELL,138.0000,217.4000
2024-03-18T21:00:00+00:00,VUL.AX,SELL,2519.0000,158.3000
2024-03-18T21:00:00+00:00,VYGR,SELL,304.0000,393.3400
2024-03-18T21:00:00+00:00,WBT.AX,BUY,274.0000,293.9200
2024-04-18T21:00:00+00:00,AL3.AX,BUY,1403.0000,120.5800
2024-04-18T21:00:00+00:00,ALCLS.PA,SELL,25.0000,258.0200
2024-04-18T21:00:00+00:00,ALMDT.PA,SELL,488.0000,288.4200
2024-04-18T21:00:00+00:00,AXE.AX,SELL,313.0000,258.1600
2024-04-18T21:00:00+00:00,AZN.L,SELL,309.0000,171.9600
2024-04-18T21:00:00+00:00,BGO.L,SELL,469.0000,217.5400
2024-04-18T21:00:00+00:00,BRK-B,BUY,206.0000,195.0200
2024-04-18T21:00:00+00:00,BRNT.L,SELL,486.0000,287.9800
2024-04-18T21:00:00+00:00,DBMG.L,SELL,4121.0000,155.3100
2024-04-18T21:00:00+00:00,EDIT,BUY,405.0000,579.1100
2024-04-18T21:00:00+00:00,EMV.AX,BUY,473.0000,202.0400
2024-04-18T21:00:00+00:00,FTC.L,BUY,229.0000,445.6400
2024-04-18T21:00:00+00:00,GSIT,SELL,68.0000,240.3600
2024-04-18T21:00:00+00:00,HSBA.L,SELL,1471.0000,208.7500
2024-04-18T21:00:00+00:00,IBTM.L,BUY,2517.0000,102.9100
2024-04-18T21:00:00+00:00,IDN,SELL,2438.0000,192.3500
2024-04-18T21:00:00+00:00,IITU.L,BUY,1444.0000,188.7900
2024-04-18T21:00:00+00:00,IPWR,BUY,1035.0000,286.3800
2024-04-18T21:00:00+00:00,ISF.L,SELL,121.0000,138.3500
2024-04-18T21:00:00+00:00,LTBR,BUY,1592.0000,114.5100
2024-04-18T21:00:00+00:00,MOLN.SW,BUY,341.0000,115.0800
2024-04-18T21:00:00+00:00,MSCL.TO,BUY,812.0000,215.2900
2024-04-18T21:00:00+00:00,PLTR,BUY,2375.0000,336.1900
2024-04-18T21:00:00+00:00,PRQR,BUY,627.0000,328.2900
2024-04-18T21:00:00+00:00,QSI,BUY,719.0000,242.8700
2024-04-18T21:00:00+00:00,RR.L,SELL,100.0000,607.6400
2024-04-18T21:00:00+00:00,SEYE.ST,BUY,929.0000,235.7800
2024-04-18T21:00:00+00:00,SGLN.L,SELL,12877.0000,156.6600
2024-04-18T21:00:00+00:00,SHEL.L,SELL,2279.0000,248.5700
2024-04-18T21:00:00+00:00,SLX.AX,SELL,76.0000,714.3200
2024-04-18T21:00:00+00:00,SMGB.L,BUY,4909.0000,211.8800
2024-04-18T21:00:00+00:00,VUL.AX,BUY,232.0000,154.8900
2024-04-18T21:00:00+00:00,VYGR,BUY,423.0000,333.9900
2024-04-18T21:00:00+00:00,WBT.AX,BUY,646.0000,243.7400
2024-05-20T21:00:00+00:00,AL3.AX,SELL,909.0000,144.9200
2024-05-20T21:00:00+00:00,ALCLS.PA,SELL,229.0000,289.8500
2024-05-20T21:00:00+00:00,ALMDT.PA,BUY,28.0000,298.0700
2024-05-20T21:00:00+00:00,AXE.AX,BUY,743.0000,218.9400
2024-05-20T21:00:00+00:00,AZN.L,SELL,488.0000,190.5800
2024-05-20T21:00:00+00:00,BGO.L,SELL,18.0000,228.0700
2024-05-20T21:00:00+00:00,BRK-B,BUY,300.0000,197.4100
2024-05-20T21:00:00+00:00,BRNT.L,BUY,2075.0000,276.5100
2024-05-20T21:00:00+00:00,DBMG.L,BUY,3279.0000,155.7700
2024-05-20T21:00:00+00:00,EDIT,BUY,101.0000,564.5300
2024-05-20T21:00:00+00:00,EMV.AX,BUY,1078.0000,167.0700
2024-05-20T21:00:00+00:00,FTC.L,SELL,752.0000,778.5200
2024-05-20T21:00:00+00:00,GSIT,BUY,1175.0000,187.2700
2024-05-20T21:00:00+00:00,HSBA.L,SELL,2102.0000,233.2000
2024-05-20T21:00:00+00:00,IBTM.L,BUY,5812.0000,102.7700
2024-05-20T21:00:00+00:00,IDN,BUY,347.0000,185.8300
2024-05-20T21:00:00+00:00,IITU.L,SELL,578.0000,200.0400
2024-05-20T21:00:00+00:00,IPWR,BUY,22.0000,296.6200
2024-05-20T21:00:00+00:00,ISF.L,SELL,3677.0000,148.5600
2024-05-20T21:00:00+00:00,LTBR,SELL,1316.0000,145.9100
2024-05-20T21:00:00+00:00,MOLN.SW,BUY,513.0000,112.1400
2024-05-20T21:00:00+00:00,MSCL.TO,BUY,365.0000,205.2700
2024-05-20T21:00:00+00:00,PLTR,BUY,803.0000,337.1400
2024-05-20T21:00:00+00:00,PRQR,BUY,79.0000,332.1400
2024-05-20T21:00:00+00:00,QSI,SELL,314.0000,279.0200
2024-05-20T21:00:00+00:00,RR.L,SELL,421.0000,659.4200
2024-05-20T21:00:00+00:00,SEYE.ST,SELL,608.0000,297.3000
2024-05-20T21:00:00+00:00,SGLN.L,BUY,5979.0000,156.0700
2024-05-20T21:00:00+00:00,SHEL.L,BUY,1271.0000,247.6300
2024-05-20T21:00:00+00:00,SLX.AX,SELL,267.0000,966.4000
2024-05-20T21:00:00+00:00,SMGB.L,SELL,3830.0000,229.5200
2024-05-20T21:00:00+00:00,VUL.AX,SELL,1859.0000,247.1900
2024-05-20T21:00:00+00:00,VYGR,SELL,121.0000,366.3600
2024-05-20T21:00:00+00:00,WBT.AX,BUY,1223.0000,187.2400
2024-06-19T21:00:00+00:00,AL3.AX,BUY,160.0000,146.2300
2024-06-19T21:00:00+00:00,ALCLS.PA,BUY,1664.0000,193.0600
2024-06-19T21:00:00+00:00,ALMDT.PA,BUY,728.0000,247.0900
2024-06-19T21:00:00+00:00,AXE.AX,BUY,634.0000,195.5800
2024-06-19T21:00:00+00:00,AZN.L,BUY,122.0000,194.4200
2024-06-19T21:00:00+00:00,BGO.L,SELL,171.0000,247.3700
2024-06-19T21:00:00+00:00,BRK-B,BUY,496.0000,194.8500
2024-06-19T21:00:00+00:00,BRNT.L,BUY,370.0000,282.4400
2024-06-19T21:00:00+00:00,DBMG.L,BUY,3752.0000,154.5100
2024-06-19T21:00:00+00:00,EDIT,BUY,208.0000,515.0500
2024-06-19T21:00:00+00:00,EMV.AX,BUY,51.0000,171.4100
2024-06-19T21:00:00+00:00,FTC.L,SELL,191.0000,973.1500
2024-06-19T21:00:00+00:00,GSIT,BUY,458.0000,176.5500
2024-06-19T21:00:00+00:00,HSBA.L,BUY,1188.0000,232.3300
2024-06-19T21:00:00+00:00,IBTM.L,BUY,2363.0000,104.6400
2024-06-19T21:00:00+00:00,IDN,SELL,401.0000,210.5900
2024-06-19T21:00:00+00:00,IITU.L,SELL,3407.0000,227.9700
2024-06-19T21:00:00+00:00,IPWR,BUY,353.0000,274.2500
2024-06-19T21:00:00+00:00,ISF.L,BUY,7776.0000,145.0000
2024-06-19T21:00:00+00:00,LTBR,BUY,2103.0000,111.7000
2024-06-19T21:00:00+00:00,MOLN.SW,SELL,4651.0000,290.8700
2024-06-19T21:00:00+00:00,MSCL.TO,SELL,446.0000,237.7500
2024-06-19T21:00:00+00:00,PLTR,SELL,2717.0000,402.3300
2024-06-19T21:00:00+00:00,PRQR,BUY,511.0000,287.8100
2024-06-19T21:00:00+00:00,QSI,BUY,1247.0000,206.3500
2024-06-19T21:00:00+00:00,RR.L,SELL,446.0000,713.3200
2024-06-19T21:00:00+00:00,SEYE.ST,SELL,129.0000,322.1500
2024-06-19T21:00:00+00:00,SGLN.L,BUY,10553.0000,149.7200
2024-06-19T21:00:00+00:00,SHEL.L,BUY,1602.0000,242.6800
2024-06-19T21:00:00+00:00,SLX.AX,BUY,256.0000,779.5600
2024-06-19T21:00:00+00:00,SMGB.L,SELL,9501.0000,262.6000
2024-06-19T21:00:00+00:00,VUL.AX,BUY,649.0000,216.1400
2024-06-19T21:00:00+00:00,VYGR,BUY,174.0000,353.5300
2024-06-19T21:00:00+00:00,WBT.AX,BUY,175.0000,186.9300
2024-07-18T21:00:00+00:00,AL3.AX,SELL,3494.0000,333.9600
2024-07-18T21:00:00+00:00,ALCLS.PA,SELL,331.0000,205.0300
2024-07-18T21:00:00+00:00,ALMDT.PA,BUY,1688.0000,166.5600
2024-07-18T21:00:00+00:00,AXE.AX,BUY,500.0000,174.0400
2024-07-18T21:00:00+00:00,AZN.L,BUY,33.0000,191.0500
2024-07-18T21:00:00+00:00,BGO.L,SELL,147.0000,254.3900
2024-07-18T21:00:00+00:00,BRK-B,SELL,714.0000,206.3000
2024-07-18T21:00:00+00:00,BRNT.L,BUY,165.0000,276.9700
2024-07-18T21:00:00+00:00,DBMG.L,SELL,246.0000,152.8900
2024-07-18T21:00:00+00:00,EDIT,SELL,70.0000,529.4900
2024-07-18T21:00:00+00:00,EMV.AX,SELL,109.0000,172.7300
2024-07-18T21:00:00+00:00,FTC.L,SELL,46.0000,1010.0700
2024-07-18T21:00:00+00:00,GSIT,SELL,191.0000,181.0000
2024-07-18T21:00:00+00:00,HSBA.L,BUY,948.0000,222.4400
2024-07-18T21:00:00+00:00,IBTM.L,SELL,500.0000,103.6300
2024-07-18T21:00:00+00:00,IDN,BUY,12.0000,207.1800
2024-07-18T21:00:00+00:00,IITU.L,BUY,1738.0000,214.0300
2024-07-18T21:00:00+00:00,IPWR,SELL,213.0000,289.3800
2024-07-18T21:00:00+00:00,ISF.L,SELL,1990.0000,145.2300
2024-07-18T21:00:00+00:00,LTBR,SELL,1976.0000,146.0400
2024-07-18T21:00:00+00:00,MOLN.SW,BUY,1302.0000,201.9600
2024-07-18T21:00:00+00:00,MSCL.TO,BUY,494.0000,207.5000
2024-07-18T21:00:00+00:00,PLTR,SELL,1611.0000,436.2800
2024-07-18T21:00:00+00:00,PRQR,SELL,207.0000,304.1700
2024-07-18T21:00:00+00:00,QSI,BUY,929.0000,167.8500
2024-07-18T21:00:00+00:00,RR.L,BUY,735.0000,656.1000
2024-07-18T21:00:00+00:00,SEYE.ST,BUY,205.0000,296.1500
2024-07-18T21:00:00+00:00,SGLN.L,SELL,7145.0000,155.5300
2024-07-18T21:00:00+00:00,SHEL.L,SELL,1286.0000,250.3200
2024-07-18T21:00:00+00:00,SLX.AX,BUY,92.0000,711.9300
2024-07-18T21:00:00+00:00,SMGB.L,BUY,10470.0000,232.3900
2024-07-18T21:00:00+00:00,VUL.AX,SELL,21.0000,214.3700
2024-07-18T21:00:00+00:00,VYGR,SELL,58.0000,357.0400
2024-07-18T21:00:00+00:00,WBT.AX,SELL,202.0000,192.5600
2024-08-16T21:00:00+00:00,AL3.AX,BUY,141.0000,321.1700
2024-08-16T21:00:00+00:00,ALCLS.PA,BUY,187.0000,199.0700
2024-08-16T21:00:00+00:00,ALMDT.PA,SELL,3524.0000,498.1500
2024-08-16T21:00:00+00:00,AXE.AX,BUY,1690.0000,132.4100
2024-08-16T21:00:00+00:00,AZN.L,SELL,515.0000,206.8100
2024-08-16T21:00:00+00:00,BGO.L,BUY,712.0000,214.0400
2024-08-16T21:00:00+00:00,BRK-B,SELL,46.0000,209.9400
2024-08-16T21:00:00+00:00,BRNT.L,BUY,1316.0000,267.2700
2024-08-16T21:00:00+00:00,DBMG.L,BUY,5714.0000,145.4100
2024-08-16T21:00:00+00:00,EDIT,BUY,548.0000,404.2100
2024-08-16T21:00:00+00:00,EMV.AX,SELL,284.0000,185.1900
2024-08-16T21:00:00+00:00,FTC.L,BUY,78.0000,939.6000
2024-08-16T21:00:00+00:00,GSIT,BUY,849.0000,156.2800
2024-08-16T21:00:00+00:00,HSBA.L,BUY,378.0000,222.6700
2024-08-16T21:00:00+00:00,IBTM.L,SELL,1912.0000,106.4500
2024-08-16T21:00:00+00:00,IDN,BUY,1944.0000,144.3700
2024-08-16T21:00:00+00:00,IITU.L,BUY,378.0000,214.5200
2024-08-16T21:00:00+00:00,IPWR,SELL,174.0000,310.7600
2024-08-16T21:00:00+00:00,ISF.L,SELL,822.0000,148.0200
2024-08-16T21:00:00+00:00,LTBR,BUY,1688.0000,115.7800
2024-08-16T21:00:00+00:00,MOLN.SW,BUY,313.0000,190.9600
2024-08-16T21:00:00+00:00,MSCL.TO,BUY,22.0000,209.0700
2024-08-16T21:00:00+00:00,PLTR,SELL,1726.0000,494.3000
2024-08-16T21:00:00+00:00,PRQR,SELL,527.0000,376.0500
2024-08-16T21:00:00+00:00,QSI,BUY,632.0000,151.8700
2024-08-16T21:00:00+00:00,RR.L,SELL,1314.0000,756.3400
2024-08-16T21:00:00+00:00,SEYE.ST,SELL,251.0000,327.4000
2024-08-16T21:00:00+00:00,SGLN.L,SELL,323.0000,157.9100
2024-08-16T21:00:00+00:00,SHEL.L,BUY,554.0000,248.6900
2024-08-16T21:00:00+00:00,SLX.AX,BUY,231.0000,608.6500
2024-08-16T21:00:00+00:00,SMGB.L,BUY,3651.0000,227.2100
2024-08-16T21:00:00+00:00,VUL.AX,BUY,553.0000,191.5300
2024-08-16T21:00:00+00:00,VYGR,BUY,758.0000,277.1800
2024-08-16T21:00:00+00:00,WBT.AX,BUY,1057.0000,158.6600
2024-09-17T21:00:00+00:00,AL3.AX,SELL,48.0000,319.2200
2024-09-17T21:00:00+00:00,ALCLS.PA,SELL,600.0000,224.2200
2024-09-17T21:00:00+00:00,ALMDT.PA,BUY,830.0000,333.2100
2024-09-17T21:00:00+00:00,AXE.AX,BUY,475.0000,120.8700
2024-09-17T21:00:00+00:00,AZN.L,BUY,485.0000,189.7200
2024-09-17T21:00:00+00:00,BGO.L,BUY,329.0000,193.8600
2024-09-17T21:00:00+00:00,BRK-B,SELL,228.0000,209.9600
2024-09-17T21:00:00+00:00,BRNT.L,BUY,2187.0000,242.0200
2024-09-17T21:00:00+00:00,DBMG.L,BUY,250.0000,141.6400
2024-09-17T21:00:00+00:00,EDIT,BUY,88.0000,379.6900
2024-09-17T21:00:00+00:00,EMV.AX,SELL,39.0000,182.3300
2024-09-17T21:00:00+00:00,FTC.L,SELL,51.0000,969.8000
2024-09-17T21:00:00+00:00,GSIT,SELL,946.0000,182.6700
2024-09-17T21:00:00+00:00,HSBA.L,SELL,1001.0000,224.4300
2024-09-17T21:00:00+00:00,IBTM.L,SELL,3647.0000,106.8500
2024-09-17T21:00:00+00:00,IDN,BUY,586.0000,128.8700
2024-09-17T21:00:00+00:00,IITU.L,BUY,189.0000,208.4300
2024-09-17T21:00:00+00:00,IPWR,BUY,169.0000,286.7900
2024-09-17T21:00:00+00:00,ISF.L,SELL,3311.0000,148.3000
2024-09-17T21:00:00+00:00,LTBR,BUY,467.0000,106.6600
2024-09-17T21:00:00+00:00,MOLN.SW,BUY,1114.0000,150.8300
2024-09-17T21:00:00+00:00,MSCL.TO,BUY,58.0000,201.5100
2024-09-17T21:00:00+00:00,PLTR,SELL,1701.0000,546.7000
2024-09-17T21:00:00+00:00,PRQR,BUY,493.0000,304.4900
2024-09-17T21:00:00+00:00,QSI,SELL,10.0000,148.5900
2024-09-17T21:00:00+00:00,RR.L,SELL,109.0000,747.2800
2024-09-17T21:00:00+00:00,SEYE.ST,BUY,977.0000,235.8800
2024-09-17T21:00:00+00:00,SGLN.L,SELL,4614.0000,159.6800
2024-09-17T21:00:00+00:00,SHEL.L,BUY,1851.0000,228.2800
2024-09-17T21:00:00+00:00,SLX.AX,BUY,265.0000,503.8900
2024-09-17T21:00:00+00:00,SMGB.L,BUY,3719.0000,214.3300
2024-09-17T21:00:00+00:00,VUL.AX,BUY,200.0000,179.4300
2024-09-17T21:00:00+00:00,VYGR,BUY,130.0000,260.2200
2024-09-17T21:00:00+00:00,WBT.AX,BUY,243.0000,148.5900
2024-10-16T21:00:00+00:00,AL3.AX,BUY,45.0000,330.0600
2024-10-16T21:00:00+00:00,ALCLS.PA,BUY,859.0000,193.2800
2024-10-16T21:00:00+00:00,ALMDT.PA,BUY,338.0000,310.4400
2024-10-16T21:00:00+00:00,AXE.AX,SELL,110.0000,129.0000
2024-10-16T21:00:00+00:00,AZN.L,BUY,368.0000,190.6100
2024-10-16T21:00:00+00:00,BGO.L,BUY,603.0000,179.8200
2024-10-16T21:00:00+00:00,BRK-B,BUY,185.0000,216.4700
2024-10-16T21:00:00+00:00,BRNT.L,BUY,575.0000,249.6000
2024-10-16T21:00:00+00:00,DBMG.L,BUY,4213.0000,142.4800
2024-10-16T21:00:00+00:00,EDIT,BUY,378.0000,343.1200
2024-10-16T21:00:00+00:00,EMV.AX,BUY,496.0000,173.7500
2024-10-16T21:00:00+00:00,FTC.L,BUY,30.0000,986.5800
2024-10-16T21:00:00+00:00,GSIT,SELL,1176.0000,254.2000
2024-10-16T21:00:00+00:00,HSBA.L,BUY,1061.0000,228.1600
2024-10-16T21:00:00+00:00,IBTM.L,BUY,8061.0000,105.8200
2024-10-16T21:00:00+00:00,IDN,SELL,227.0000,140.1200
2024-10-16T21:00:00+00:00,IITU.L,SELL,424.0000,221.6600
2024-10-16T21:00:00+00:00,IPWR,BUY,154.0000,286.9500
2024-10-16T21:00:00+00:00,ISF.L,BUY,6087.0000,148.8100
2024-10-16T21:00:00+00:00,LTBR,SELL,3892.0000,212.6200
2024-10-16T21:00:00+00:00,MOLN.SW,BUY,461.0000,146.9100
2024-10-16T21:00:00+00:00,MSCL.TO,SELL,1016.0000,276.1900
2024-10-16T21:00:00+00:00,PLTR,SELL,1238.0000,635.8700
2024-10-16T21:00:00+00:00,PRQR,SELL,1520.0000,676.2800
2024-10-16T21:00:00+00:00,QSI,BUY,1468.0000,125.1000
2024-10-16T21:00:00+00:00,RR.L,SELL,667.0000,845.4100
2024-10-16T21:00:00+00:00,SEYE.ST,BUY,1052.0000,193.2800
2024-10-16T21:00:00+00:00,SGLN.L,SELL,415.0000,168.3700
2024-10-16T21:00:00+00:00,SHEL.L,BUY,1936.0000,225.7400
2024-10-16T21:00:00+00:00,SLX.AX,SELL,318.0000,648.0600
2024-10-16T21:00:00+00:00,SMGB.L,BUY,923.0000,223.3800
2024-10-16T21:00:00+00:00,VUL.AX,SELL,1153.0000,246.6800
2024-10-16T21:00:00+00:00,VYGR,SELL,607.0000,333.5200
2024-10-16T21:00:00+00:00,WBT.AX,SELL,176.0000,160.9700
2024-11-14T21:00:00+00:00,AL3.AX,SELL,962.0000,521.2500
2024-11-14T21:00:00+00:00,ALCLS.PA,BUY,355.0000,186.3300
2024-11-14T21:00:00+00:00,ALMDT.PA,SELL,146.0000,338.1300
2024-11-14T21:00:00+00:00,AXE.AX,SELL,2591.0000,209.4500
2024-11-14T21:00:00+00:00,AZN.L,BUY,1754.0000,163.1500
2024-11-14T21:00:00+00:00,BGO.L,BUY,57.0000,184.2100
2024-11-14T21:00:00+00:00,BRK-B,BUY,28.0000,223.5500
2024-11-14T21:00:00+00:00,BRNT.L,BUY,644.0000,253.1900
2024-11-14T21:00:00+00:00,DBMG.L,BUY,3173.0000,142.9500
2024-11-14T21:00:00+00:00,EDIT,BUY,684.0000,283.2800
2024-11-14T21:00:00+00:00,EMV.AX,BUY,365.0000,168.3900
2024-11-14T21:00:00+00:00,FTC.L,BUY,14.0000,1006.7100
2024-11-14T21:00:00+00:00,GSIT,BUY,1820.0000,175.3600
2024-11-14T21:00:00+00:00,HSBA.L,SELL,775.0000,242.1100
2024-11-14T21:00:00+00:00,IBTM.L,BUY,5841.0000,105.2000
2024-11-14T21:00:00+00:00,IDN,SELL,671.0000,161.5900
2024-11-14T21:00:00+00:00,IITU.L,SELL,588.0000,233.4000
2024-11-14T21:00:00+00:00,IPWR,BUY,550.0000,253.8500
2024-11-14T21:00:00+00:00,ISF.L,BUY,8763.0000,144.6900
2024-11-14T21:00:00+00:00,LTBR,SELL,1436.0000,329.0700
2024-11-14T21:00:00+00:00,MOLN.SW,SELL,588.0000,167.8600
2024-11-14T21:00:00+00:00,MSCL.TO,SELL,625.0000,351.7500
2024-11-14T21:00:00+00:00,PLTR,SELL,3325.0000,922.8200
2024-11-14T21:00:00+00:00,PRQR,BUY,35.0000,683.2900
2024-11-14T21:00:00+00:00,QSI,BUY,407.0000,122.8000
2024-11-14T21:00:00+00:00,RR.L,BUY,558.0000,823.0700
2024-11-14T21:00:00+00:00,SEYE.ST,BUY,519.0000,180.5600
2024-11-14T21:00:00+00:00,SGLN.L,BUY,6697.0000,165.8500
2024-11-14T21:00:00+00:00,SHEL.L,BUY,824.0000,228.0600
2024-11-14T21:00:00+00:00,SLX.AX,SELL,145.0000,747.1000
2024-11-14T21:00:00+00:00,SMGB.L,BUY,1846.0000,227.5400
2024-11-14T21:00:00+00:00,VUL.AX,SELL,587.0000,303.1100
2024-11-14T21:00:00+00:00,VYGR,BUY,778.0000,269.6700
2024-11-14T21:00:00+00:00,WBT.AX,SELL,2067.0000,260.6500
2024-12-13T21:00:00+00:00,AL3.AX,BUY,935.0000,355.7800
2024-12-13T21:00:00+00:00,ALCLS.PA,BUY,483.0000,175.5000
2024-12-13T21:00:00+00:00,ALMDT.PA,BUY,307.0000,314.3300
2024-12-13T21:00:00+00:00,AXE.AX,BUY,841.0000,182.2600
2024-12-13T21:00:00+00:00,AZN.L,BUY,133.0000,165.9400
2024-12-13T21:00:00+00:00,BGO.L,BUY,628.0000,169.3000
2024-12-13T21:00:00+00:00,BRK-B,BUY,487.0000,219.3800
2024-12-13T21:00:00+00:00,BRNT.L,SELL,17.0000,261.0400
2024-12-13T21:00:00+00:00,DBMG.L,BUY,2150.0000,144.2400
2024-12-13T21:00:00+00:00,EDIT,BUY,3300.0000,147.6100
2024-12-13T21:00:00+00:00,EMV.AX,BUY,559.0000,157.9600
2024-12-13T21:00:00+00:00,FTC.L,BUY,70.0000,966.4400
2024-12-13T21:00:00+00:00,GSIT,BUY,218.0000,173.7700
2024-12-13T21:00:00+00:00,HSBA.L,SELL,1587.0000,262.6800
2024-12-13T21:00:00+00:00,IBTM.L,BUY,2223.0000,106.7700
2024-12-13T21:00:00+00:00,IDN,SELL,985.0000,199.7600
2024-12-13T21:00:00+00:00,IITU.L,BUY,176.0000,239.3100
2024-12-13T21:00:00+00:00,IPWR,BUY,209.0000,247.8200
2024-12-13T21:00:00+00:00,ISF.L,BUY,168.0000,148.9200
2024-12-13T21:00:00+00:00,LTBR,BUY,1694.0000,214.1900
2024-12-13T21:00:00+00:00,MOLN.SW,BUY,250.0000,165.7000
2024-12-13T21:00:00+00:00,MSCL.TO,SELL,288.0000,405.5000
2024-12-13T21:00:00+00:00,PLTR,SELL,1660.0000,1188.9600
2024-12-13T21:00:00+00:00,PRQR,BUY,608.0000,490.6800
2024-12-13T21:00:00+00:00,QSI,SELL,4160.0000,271.7600
2024-12-13T21:00:00+00:00,RR.L,SELL,175.0000,864.4300
2024-12-13T21:00:00+00:00,SEYE.ST,BUY,272.0000,176.9900
2024-12-13T21:00:00+00:00,SGLN.L,SELL,1270.0000,172.5000
2024-12-13T21:00:00+00:00,SHEL.L,BUY,1479.0000,225.0800
2024-12-13T21:00:00+00:00,SLX.AX,SELL,53.0000,803.4900
2024-12-13T21:00:00+00:00,SMGB.L,BUY,2845.0000,228.6400
2024-12-13T21:00:00+00:00,VUL.AX,BUY,309.0000,284.4800
2024-12-13T21:00:00+00:00,VYGR,BUY,70.0000,272.4700
2024-12-13T21:00:00+00:00,WBT.AX,BUY,464.0000,238.4700
2025-01-16T21:00:00+00:00,AL3.AX,BUY,173.0000,349.9100
2025-01-16T21:00:00+00:00,ALCLS.PA,BUY,419.0000,170.6900
2025-01-16T21:00:00+00:00,ALMDT.PA,SELL,677.0000,418.9300
2025-01-16T21:00:00+00:00,AXE.AX,SELL,771.0000,222.1500
2025-01-16T21:00:00+00:00,AZN.L,BUY,91.0000,171.9000
2025-01-16T21:00:00+00:00,BGO.L,SELL,175.0000,182.4600
2025-01-16T21:00:00+00:00,BRK-B,SELL,13.0000,229.5900
2025-01-16T21:00:00+00:00,BRNT.L,SELL,2200.0000,293.5000
2025-01-16T21:00:00+00:00,DBMG.L,SELL,355.0000,151.2700
2025-01-16T21:00:00+00:00,EDIT,BUY,1149.0000,131.6100
2025-01-16T21:00:00+00:00,EMV.AX,BUY,196.0000,160.0600
2025-01-16T21:00:00+00:00,FTC.L,SELL,229.0000,1302.0100
2025-01-16T21:00:00+00:00,GSIT,SELL,218.0000,188.8600
2025-01-16T21:00:00+00:00,HSBA.L,SELL,625.0000,280.3700
2025-01-16T21:00:00+00:00,IBTM.L,BUY,3729.0000,108.8400
2025-01-16T21:00:00+00:00,IDN,BUY,587.0000,186.5700
2025-01-16T21:00:00+00:00,IITU.L,BUY,1305.0000,241.2500
2025-01-16T21:00:00+00:00,IPWR,SELL,712.0000,315.5100
2025-01-16T21:00:00+00:00,ISF.L,BUY,4462.0000,150.9400
2025-01-16T21:00:00+00:00,LTBR,SELL,567.0000,255.3300
2025-01-16T21:00:00+00:00,MOLN.SW,SELL,19.0000,173.7300
2025-01-16T21:00:00+00:00,MSCL.TO,BUY,458.0000,356.6200
2025-01-16T21:00:00+00:00,PLTR,BUY,722.0000,1120.5700
2025-01-16T21:00:00+00:00,PRQR,BUY,486.0000,412.9200
2025-01-16T21:00:00+00:00,QSI,SELL,1148.0000,415.5500
2025-01-16T21:00:00+00:00,RR.L,BUY,309.0000,873.7900
2025-01-16T21:00:00+00:00,SEYE.ST,BUY,317.0000,175.0100
2025-01-16T21:00:00+00:00,SGLN.L,SELL,1166.0000,181.8500
2025-01-16T21:00:00+00:00,SHEL.L,SELL,1014.0000,242.2500
2025-01-16T21:00:00+00:00,SLX.AX,BUY,2.0000,838.3000
2025-01-16T21:00:00+00:00,SMGB.L,SELL,3259.0000,245.9600
2025-01-16T21:00:00+00:00,VUL.AX,BUY,19.0000,295.6900
2025-01-16T21:00:00+00:00,VYGR,BUY,907.0000,227.6800
2025-01-16T21:00:00+00:00,WBT.AX,BUY,903.0000,204.5300
2025-02-14T21:00:00+00:00,AL3.AX,BUY,431.0000,314.0400
2025-02-14T21:00:00+00:00,ALCLS.PA,BUY,455.0000,163.3000
2025-02-14T21:00:00+00:00,ALMDT.PA,BUY,2130.0000,230.9100
2025-02-14T21:00:00+00:00,AXE.AX,BUY,783.0000,195.5300
2025-02-14T21:00:00+00:00,AZN.L,SELL,486.0000,185.6000
2025-02-14T21:00:00+00:00,BGO.L,BUY,456.0000,173.6800
2025-02-14T21:00:00+00:00,BRK-B,BUY,192.0000,231.8500
2025-02-14T21:00:00+00:00,BRNT.L,BUY,3073.0000,273.0700
2025-02-14T21:00:00+00:00,DBMG.L,BUY,6608.0000,146.2600
2025-02-14T21:00:00+00:00,EDIT,SELL,402.0000,142.7400
2025-02-14T21:00:00+00:00,EMV.AX,SELL,470.0000,177.6600
2025-02-14T21:00:00+00:00,FTC.L,SELL,56.0000,1442.9500
2025-02-14T21:00:00+00:00,GSIT,SELL,877.0000,231.5700
2025-02-14T21:00:00+00:00,HSBA.L,SELL,955.0000,298.1600
2025-02-14T21:00:00+00:00,IBTM.L,BUY,6752.0000,107.2000
2025-02-14T21:00:00+00:00,IDN,BUY,558.0000,174.3300
2025-02-14T21:00:00+00:00,IITU.L,BUY,1328.0000,239.5800
2025-02-14T21:00:00+00:00,IPWR,BUY,767.0000,262.8000
2025-02-14T21:00:00+00:00,ISF.L,SELL,1815.0000,157.2300
2025-02-14T21:00:00+00:00,LTBR,SELL,2312.0000,615.7000
2025-02-14T21:00:00+00:00,MOLN.SW,BUY,1360.0000,145.3800
2025-02-14T21:00:00+00:00,MSCL.TO,BUY,546.0000,308.4900
2025-02-14T21:00:00+00:00,PLTR,SELL,2841.0000,1879.3300
2025-02-14T21:00:00+00:00,PRQR,BUY,8.0000,423.4000
2025-02-14T21:00:00+00:00,QSI,BUY,930.0000,310.9000
2025-02-14T21:00:00+00:00,RR.L,SELL,439.0000,942.9300
2025-02-14T21:00:00+00:00,SEYE.ST,BUY,1867.0000,136.6800
2025-02-14T21:00:00+00:00,SGLN.L,SELL,479.0000,187.7700
2025-02-14T21:00:00+00:00,SHEL.L,BUY,814.0000,243.4200
2025-02-14T21:00:00+00:00,SLX.AX,BUY,240.0000,721.1700
2025-02-14T21:00:00+00:00,SMGB.L,BUY,8839.0000,234.4300
2025-02-14T21:00:00+00:00,VUL.AX,BUY,1893.0000,197.0600
2025-02-14T21:00:00+00:00,VYGR,BUY,1189.0000,185.4900
2025-02-14T21:00:00+00:00,WBT.AX,BUY,1345.0000,166.0600
2025-03-17T21:00:00+00:00,AL3.AX,BUY,445.0000,264.8400
2025-03-17T21:00:00+00:00,ALCLS.PA,BUY,1496.0000,126.6700
2025-03-17T21:00:00+00:00,ALMDT.PA,BUY,73.0000,216.9900
2025-03-17T21:00:00+00:00,AXE.AX,BUY,927.0000,159.4100
2025-03-17T21:00:00+00:00,AZN.L,SELL,733.0000,191.4400
2025-03-17T21:00:00+00:00,BGO.L,BUY,1017.0000,142.1100
2025-03-17T21:00:00+00:00,BRK-B,SELL,1030.0000,245.6600
2025-03-17T21:00:00+00:00,BRNT.L,BUY,947.0000,253.2100
2025-03-17T21:00:00+00:00,DBMG.L,BUY,2234.0000,136.8400
2025-03-17T21:00:00+00:00,EDIT,SELL,285.0000,141.7000
2025-03-17T21:00:00+00:00,EMV.AX,BUY,798.0000,149.6000
2025-03-17T21:00:00+00:00,FTC.L,SELL,34.0000,1442.9500
2025-03-17T21:00:00+00:00,GSIT,BUY,1229.0000,174.2700
2025-03-17T21:00:00+00:00,HSBA.L,SELL,2346.0000,310.2400
2025-03-17T21:00:00+00:00,IBTM.L,SELL,5245.0000,105.8500
2025-03-17T21:00:00+00:00,IDN,BUY,188.0000,161.4400
2025-03-17T21:00:00+00:00,IITU.L,BUY,4018.0000,206.9300
2025-03-17T21:00:00+00:00,IPWR,BUY,1543.0000,181.4600
2025-03-17T21:00:00+00:00,ISF.L,SELL,6883.0000,157.5300
2025-03-17T21:00:00+00:00,LTBR,BUY,700.0000,417.7800
2025-03-17T21:00:00+00:00,MOLN.SW,BUY,1193.0000,119.2700
2025-03-17T21:00:00+00:00,MSCL.TO,SELL,500.0000,344.7100
2025-03-17T21:00:00+00:00,PLTR,BUY,1535.0000,1338.5200
2025-03-17T21:00:00+00:00,PRQR,BUY,998.0000,288.9800
2025-03-17T21:00:00+00:00,QSI,BUY,549.0000,255.6000
2025-03-17T21:00:00+00:00,RR.L,SELL,2302.0000,1210.1400
2025-03-17T21:00:00+00:00,SEYE.ST,SELL,1671.0000,166.3500
2025-03-17T21:00:00+00:00,SGLN.L,SELL,6680.0000,188.6700
2025-03-17T21:00:00+00:00,SHEL.L,SELL,1604.0000,243.6000
2025-03-17T21:00:00+00:00,SLX.AX,BUY,425.0000,534.1500
2025-03-17T21:00:00+00:00,SMGB.L,BUY,9913.0000,206.7300
2025-03-17T21:00:00+00:00,VUL.AX,SELL,652.0000,214.1100
2025-03-17T21:00:00+00:00,VYGR,BUY,391.0000,165.7300
2025-03-17T21:00:00+00:00,WBT.AX,BUY,457.0000,147.9300
2025-04-15T21:00:00+00:00,AL3.AX,SELL,805.0000,319.5900
2025-04-15T21:00:00+00:00,ALCLS.PA,SELL,1770.0000,155.0000
2025-04-15T21:00:00+00:00,ALMDT.PA,SELL,203.0000,216.1000
2025-04-15T21:00:00+00:00,AXE.AX,BUY,1003.0000,131.0900
2025-04-15T21:00:00+00:00,AZN.L,BUY,936.0000,165.3300
2025-04-15T21:00:00+00:00,BGO.L,SELL,254.0000,140.3500
2025-04-15T21:00:00+00:00,BRK-B,SELL,366.0000,243.4900
2025-04-15T21:00:00+00:00,BRNT.L,BUY,2071.0000,226.9400
2025-04-15T21:00:00+00:00,DBMG.L,SELL,2389.0000,133.1700
2025-04-15T21:00:00+00:00,EDIT,BUY,97.0000,133.1600
2025-04-15T21:00:00+00:00,EMV.AX,SELL,337.0000,149.9500
2025-04-15T21:00:00+00:00,FTC.L,BUY,24.0000,1328.8600
2025-04-15T21:00:00+00:00,GSIT,SELL,433.0000,179.3400
2025-04-15T21:00:00+00:00,HSBA.L,BUY,1746.0000,276.9400
2025-04-15T21:00:00+00:00,IBTM.L,SELL,4487.0000,103.8600
2025-04-15T21:00:00+00:00,IDN,SELL,161.0000,157.8000
2025-04-15T21:00:00+00:00,IITU.L,BUY,836.0000,193.2500
2025-04-15T21:00:00+00:00,IPWR,BUY,161.0000,167.9700
2025-04-15T21:00:00+00:00,ISF.L,SELL,515.0000,150.5900
2025-04-15T21:00:00+00:00,LTBR,BUY,581.0000,320.8500
2025-04-15T21:00:00+00:00,MOLN.SW,SELL,302.0000,117.7800
2025-04-15T21:00:00+00:00,MSCL.TO,BUY,668.0000,267.4600
2025-04-15T21:00:00+00:00,PLTR,SELL,838.0000,1479.9300
2025-04-15T21:00:00+00:00,PRQR,BUY,1352.0000,198.5400
2025-04-15T21:00:00+00:00,QSI,BUY,1194.0000,187.0100
2025-04-15T21:00:00+00:00,RR.L,BUY,289.0000,1104.7700
2025-04-15T21:00:00+00:00,SEYE.ST,SELL,276.0000,165.9500
2025-04-15T21:00:00+00:00,SGLN.L,SELL,12554.0000,199.3700
2025-04-15T21:00:00+00:00,SHEL.L,BUY,2481.0000,215.8800
2025-04-15T21:00:00+00:00,SLX.AX,BUY,663.0000,376.7600
2025-04-15T21:00:00+00:00,SMGB.L,BUY,10942.0000,181.6000
2025-04-15T21:00:00+00:00,VUL.AX,SELL,156.0000,210.8700
2025-04-15T21:00:00+00:00,VYGR,BUY,1073.0000,134.2300
2025-04-15T21:00:00+00:00,WBT.AX,BUY,736.0000,127.1900
2025-05-19T21:00:00+00:00,AL3.AX,BUY,428.0000,300.8600
2025-05-19T21:00:00+00:00,ALCLS.PA,BUY,959.0000,144.3400
2025-05-19T21:00:00+00:00,ALMDT.PA,BUY,1192.0000,183.2600
2025-05-19T21:00:00+00:00,AXE.AX,BUY,226.0000,136.7000
2025-05-19T21:00:00+00:00,AZN.L,BUY,658.0000,166.8000
2025-05-19T21:00:00+00:00,BGO.L,SELL,305.0000,157.8900
2025-05-19T21:00:00+00:00,BRK-B,BUY,1072.0000,233.8900
2025-05-19T21:00:00+00:00,BRNT.L,BUY,2114.0000,230.0900
2025-05-19T21:00:00+00:00,DBMG.L,BUY,9956.0000,131.2200
2025-05-19T21:00:00+00:00,EDIT,SELL,119.0000,145.5200
2025-05-19T21:00:00+00:00,EMV.AX,BUY,1019.0000,139.1100
2025-05-19T21:00:00+00:00,FTC.L,SELL,92.0000,1637.5800
2025-05-19T21:00:00+00:00,GSIT,SELL,360.0000,206.6500
2025-05-19T21:00:00+00:00,HSBA.L,SELL,1465.0000,314.2300
2025-05-19T21:00:00+00:00,IBTM.L,BUY,13486.0000,102.3400
2025-05-19T21:00:00+00:00,IDN,SELL,1239.0000,212.8300
2025-05-19T21:00:00+00:00,IITU.L,SELL,2576.0000,220.9600
2025-05-19T21:00:00+00:00,IPWR,SELL,201.0000,187.1100
2025-05-19T21:00:00+00:00,ISF.L,BUY,2096.0000,159.4600
2025-05-19T21:00:00+00:00,LTBR,SELL,648.0000,439.8800
2025-05-19T21:00:00+00:00,MOLN.SW,BUY,885.0000,114.2500
2025-05-19T21:00:00+00:00,MSCL.TO,BUY,448.0000,255.6700
2025-05-19T21:00:00+00:00,PLTR,SELL,804.0000,1881.2900
2025-05-19T21:00:00+00:00,PRQR,SELL,1186.0000,282.4900
2025-05-19T21:00:00+00:00,QSI,SELL,273.0000,212.2600
2025-05-19T21:00:00+00:00,RR.L,SELL,333.0000,1247.1000
2025-05-19T21:00:00+00:00,SEYE.ST,SELL,952.0000,213.4200
2025-05-19T21:00:00+00:00,SGLN.L,BUY,9479.0000,197.9400
2025-05-19T21:00:00+00:00,SHEL.L,BUY,710.0000,227.5300
2025-05-19T21:00:00+00:00,SLX.AX,SELL,35.0000,410.5300
2025-05-19T21:00:00+00:00,SMGB.L,SELL,12446.0000,214.1200
2025-05-19T21:00:00+00:00,VUL.AX,BUY,549.0000,202.3700
2025-05-19T21:00:00+00:00,VYGR,BUY,115.0000,142.0200
2025-05-19T21:00:00+00:00,WBT.AX,BUY,582.0000,126.9700
2025-06-18T21:00:00+00:00,AL3.AX,BUY,546.0000,271.2400
2025-06-18T21:00:00+00:00,ALCLS.PA,BUY,838.0000,135.0100
2025-06-18T21:00:00+00:00,ALMDT.PA,BUY,5165.0000,100.0000
2025-06-18T21:00:00+00:00,AXE.AX,BUY,628.0000,131.8700
2025-06-18T21:00:00+00:00,AZN.L,BUY,289.0000,169.6400
2025-06-18T21:00:00+00:00,BGO.L,BUY,107.0000,162.2800
2025-06-18T21:00:00+00:00,BRK-B,BUY,1143.0000,219.4000
2025-06-18T21:00:00+00:00,BRNT.L,SELL,3181.0000,262.8000
2025-06-18T21:00:00+00:00,DBMG.L,BUY,3720.0000,132.9300
2025-06-18T21:00:00+00:00,EDIT,SELL,2358.0000,227.3900
2025-06-18T21:00:00+00:00,EMV.AX,SELL,113.0000,147.5500
2025-06-18T21:00:00+00:00,FTC.L,SELL,141.0000,2201.3400
2025-06-18T21:00:00+00:00,GSIT,BUY,439.0000,198.4700
2025-06-18T21:00:00+00:00,HSBA.L,BUY,1382.0000,311.8800
2025-06-18T21:00:00+00:00,IBTM.L,BUY,6016.0000,103.0700
2025-06-18T21:00:00+00:00,IDN,SELL,1637.0000,335.0800
2025-06-18T21:00:00+00:00,IITU.L,BUY,686.0000,226.9600
2025-06-18T21:00:00+00:00,IPWR,BUY,1074.0000,163.6800
2025-06-18T21:00:00+00:00,ISF.L,BUY,3563.0000,162.4500
2025-06-18T21:00:00+00:00,LTBR,SELL,402.0000,554.3100
2025-06-18T21:00:00+00:00,MOLN.SW,BUY,762.0000,110.0800
2025-06-18T21:00:00+00:00,MSCL.TO,BUY,746.0000,225.5200
2025-06-18T21:00:00+00:00,PLTR,SELL,213.0000,2064.9400
2025-06-18T21:00:00+00:00,PRQR,SELL,260.0000,317.5200
2025-06-18T21:00:00+00:00,QSI,SELL,734.0000,261.0100
2025-06-18T21:00:00+00:00,RR.L,SELL,263.0000,1356.4100
2025-06-18T21:00:00+00:00,SEYE.ST,BUY,568.0000,199.5700
2025-06-18T21:00:00+00:00,SGLN.L,BUY,573.0000,205.8100
2025-06-18T21:00:00+00:00,SHEL.L,SELL,1144.0000,245.3800
2025-06-18T21:00:00+00:00,SLX.AX,SELL,515.0000,538.9000
2025-06-18T21:00:00+00:00,SMGB.L,SELL,2808.0000,228.6600
2025-06-18T21:00:00+00:00,VUL.AX,BUY,1303.0000,168.4700
2025-06-18T21:00:00+00:00,VYGR,BUY,1382.0000,124.7000
2025-06-18T21:00:00+00:00,WBT.AX,BUY,501.0000,124.9500
2025-07-17T21:00:00+00:00,AL3.AX,SELL,2139.0000,617.8000
2025-07-17T21:00:00+00:00,ALCLS.PA,SELL,1478.0000,174.7900
2025-07-17T21:00:00+00:00,ALMDT.PA,SELL,4434.0000,178.9700
2025-07-17T21:00:00+00:00,AXE.AX,SELL,757.0000,153.3900
2025-07-17T21:00:00+00:00,AZN.L,BUY,880.0000,165.8400
2025-07-17T21:00:00+00:00,BGO.L,BUY,1038.0000,148.2500
2025-07-17T21:00:00+00:00,BRK-B,BUY,904.0000,214.3900
2025-07-17T21:00:00+00:00,BRNT.L,BUY,4039.0000,248.0500
2025-07-17T21:00:00+00:00,DBMG.L,BUY,5458.0000,134.4000
2025-07-17T21:00:00+00:00,EDIT,SELL,440.0000,264.5300
2025-07-17T21:00:00+00:00,EMV.AX,BUY,477.0000,146.2700
2025-07-17T21:00:00+00:00,FTC.L,BUY,21.0000,2228.1900
2025-07-17T21:00:00+00:00,GSIT,SELL,2045.0000,335.4300
2025-07-17T21:00:00+00:00,HSBA.L,SELL,272.0000,332.5600
2025-07-17T21:00:00+00:00,IBTM.L,BUY,8982.0000,103.3000
2025-07-17T21:00:00+00:00,IDN,BUY,156.0000,337.4700
2025-07-17T21:00:00+00:00,IITU.L,SELL,1451.0000,248.4000
2025-07-17T21:00:00+00:00,IPWR,SELL,1225.0000,212.1600
2025-07-17T21:00:00+00:00,ISF.L,BUY,5754.0000,164.9400
2025-07-17T21:00:00+00:00,LTBR,SELL,149.0000,633.3600
2025-07-17T21:00:00+00:00,MOLN.SW,BUY,706.0000,108.4400
2025-07-17T21:00:00+00:00,MSCL.TO,BUY,1.0000,238.0500
2025-07-17T21:00:00+00:00,PLTR,SELL,174.0000,2275.1400
2025-07-17T21:00:00+00:00,PRQR,SELL,503.0000,393.3600
2025-07-17T21:00:00+00:00,QSI,BUY,57.0000,271.8300
2025-07-17T21:00:00+00:00,RR.L,SELL,437.0000,1537.5600
2025-07-17T21:00:00+00:00,SEYE.ST,SELL,104.0000,214.8000
2025-07-17T21:00:00+00:00,SGLN.L,BUY,8457.0000,203.5000
2025-07-17T21:00:00+00:00,SHEL.L,BUY,2798.0000,240.0400
2025-07-17T21:00:00+00:00,SLX.AX,SELL,33.0000,578.5100
2025-07-17T21:00:00+00:00,SMGB.L,SELL,4930.0000,251.2900
2025-07-17T21:00:00+00:00,VUL.AX,BUY,323.0000,169.3600
2025-07-17T21:00:00+00:00,VYGR,SELL,40.0000,132.2700
2025-07-17T21:00:00+00:00,WBT.AX,SELL,1679.0000,163.6800
2025-08-15T21:00:00+00:00,AL3.AX,SELL,12.0000,629.8600
2025-08-15T21:00:00+00:00,ALCLS.PA,SELL,2379.0000,278.5300
2025-08-15T21:00:00+00:00,ALMDT.PA,SELL,1295.0000,227.4800
2025-08-15T21:00:00+00:00,AXE.AX,SELL,499.0000,166.5600
2025-08-15T21:00:00+00:00,AZN.L,SELL,1246.0000,187.7300
2025-08-15T21:00:00+00:00,BGO.L,SELL,166.0000,153.5100
2025-08-15T21:00:00+00:00,BRK-B,BUY,170.0000,214.2000
2025-08-15T21:00:00+00:00,BRNT.L,BUY,1742.0000,240.3200
2025-08-15T21:00:00+00:00,DBMG.L,BUY,1965.0000,134.1200
2025-08-15T21:00:00+00:00,EDIT,SELL,341.0000,291.0000
2025-08-15T21:00:00+00:00,EMV.AX,BUY,297.0000,142.7600
2025-08-15T21:00:00+00:00,FTC.L,BUY,78.0000,1959.7300
2025-08-15T21:00:00+00:00,GSIT,BUY,2431.0000,198.2400
2025-08-15T21:00:00+00:00,HSBA.L,SELL,34.0000,337.3500
2025-08-15T21:00:00+00:00,IBTM.L,BUY,1756.0000,103.6300
2025-08-15T21:00:00+00:00,IDN,BUY,261.0000,317.4100
2025-08-15T21:00:00+00:00,IITU.L,SELL,236.0000,253.1700
2025-08-15T21:00:00+00:00,IPWR,BUY,665.0000,191.3000
2025-08-15T21:00:00+00:00,ISF.L,SELL,1650.0000,168.9700
2025-08-15T21:00:00+00:00,LTBR,SELL,105.0000,681.7300
2025-08-15T21:00:00+00:00,MOLN.SW,BUY,775.0000,102.3300
2025-08-15T21:00:00+00:00,MSCL.TO,BUY,67.0000,237.8600
2025-08-15T21:00:00+00:00,PLTR,SELL,448.0000,2594.4800
2025-08-15T21:00:00+00:00,PRQR,BUY,571.0000,333.0200
2025-08-15T21:00:00+00:00,QSI,BUY,2904.0000,162.8400
2025-08-15T21:00:00+00:00,RR.L,SELL,304.0000,1641.8300
2025-08-15T21:00:00+00:00,SEYE.ST,BUY,522.0000,198.1900
2025-08-15T21:00:00+00:00,SGLN.L,BUY,3111.0000,201.4700
2025-08-15T21:00:00+00:00,SHEL.L,SELL,320.0000,245.2600
2025-08-15T21:00:00+00:00,SLX.AX,BUY,273.0000,514.9100
2025-08-15T21:00:00+00:00,SMGB.L,BUY,1681.0000,251.1000
2025-08-15T21:00:00+00:00,VUL.AX,SELL,11.0000,171.8600
2025-08-15T21:00:00+00:00,VYGR,SELL,1015.0000,151.8700
2025-08-15T21:00:00+00:00,WBT.AX,SELL,762.0000,186.1500
2025-09-16T21:00:00+00:00,AL3.AX,BUY,342.0000,551.5600
2025-09-16T21:00:00+00:00,ALCLS.PA,SELL,128.0000,298.4500
2025-09-16T21:00:00+00:00,ALMDT.PA,SELL,245.0000,248.2300
2025-09-16T21:00:00+00:00,AXE.AX,BUY,1684.0000,139.2300
2025-09-16T21:00:00+00:00,AZN.L,BUY,648.0000,183.7500
2025-09-16T21:00:00+00:00,BGO.L,SELL,1633.0000,203.5100
2025-09-16T21:00:00+00:00,BRK-B,BUY,181.0000,219.2300
2025-09-16T21:00:00+00:00,BRNT.L,BUY,174.0000,248.5000
2025-09-16T21:00:00+00:00,DBMG.L,BUY,384.0000,138.8800
2025-09-16T21:00:00+00:00,EDIT,BUY,469.0000,270.3500
2025-09-16T21:00:00+00:00,EMV.AX,SELL,1890.0000,193.3600
2025-09-16T21:00:00+00:00,FTC.L,BUY,63.0000,1838.9300
2025-09-16T21:00:00+00:00,GSIT,SELL,102.0000,209.5500
2025-09-16T21:00:00+00:00,HSBA.L,SELL,726.0000,359.8800
2025-09-16T21:00:00+00:00,IBTM.L,BUY,3941.0000,105.3000
2025-09-16T21:00:00+00:00,IDN,SELL,100.0000,339.0000
2025-09-16T21:00:00+00:00,IITU.L,BUY,792.0000,257.7500
2025-09-16T21:00:00+00:00,IPWR,BUY,303.0000,189.2000
2025-09-16T21:00:00+00:00,ISF.L,BUY,4771.0000,170.0100
2025-09-16T21:00:00+00:00,LTBR,BUY,192.0000,635.7600
2025-09-16T21:00:00+00:00,MOLN.SW,BUY,496.0000,101.8100
2025-09-16T21:00:00+00:00,MSCL.TO,SELL,195.0000,257.3800
2025-09-16T21:00:00+00:00,PLTR,BUY,308.0000,2480.1000
2025-09-16T21:00:00+00:00,PRQR,BUY,263.0000,321.5700
2025-09-16T21:00:00+00:00,QSI,SELL,970.0000,195.8500
2025-09-16T21:00:00+00:00,RR.L,SELL,76.0000,1728.2000
2025-09-16T21:00:00+00:00,SEYE.ST,SELL,1376.0000,269.2800
2025-09-16T21:00:00+00:00,SGLN.L,SELL,7014.0000,220.5900
2025-09-16T21:00:00+00:00,SHEL.L,BUY,1484.0000,245.0700
2025-09-16T21:00:00+00:00,SLX.AX,SELL,163.0000,576.6100
2025-09-16T21:00:00+00:00,SMGB.L,BUY,214.0000,260.3200
2025-09-16T21:00:00+00:00,VUL.AX,SELL,806.0000,202.7700
2025-09-16T21:00:00+00:00,VYGR,SELL,637.0000,172.1300
2025-09-16T21:00:00+00:00,WBT.AX,SELL,730.0000,219.0800
2025-10-15T21:00:00+00:00,AL3.AX,BUY,520.0000,486.9900
2025-10-15T21:00:00+00:00,ALCLS.PA,SELL,753.0000,401.5100
2025-10-15T21:00:00+00:00,ALMDT.PA,SELL,18.0000,272.4700
2025-10-15T21:00:00+00:00,AXE.AX,SELL,2134.0000,202.3200
2025-10-15T21:00:00+00:00,AZN.L,SELL,208.0000,204.7700
2025-10-15T21:00:00+00:00,BGO.L,BUY,1701.0000,172.8100
2025-10-15T21:00:00+00:00,BRK-B,BUY,742.0000,226.3100
2025-10-15T21:00:00+00:00,BRNT.L,BUY,6781.0000,232.4000
2025-10-15T21:00:00+00:00,DBMG.L,BUY,3181.0000,148.3000
2025-10-15T21:00:00+00:00,EDIT,SELL,1126.0000,396.0400
2025-10-15T21:00:00+00:00,EMV.AX,BUY,2630.0000,148.6000
2025-10-15T21:00:00+00:00,FTC.L,BUY,108.0000,1724.8300
2025-10-15T21:00:00+00:00,GSIT,SELL,1813.0000,335.1600
2025-10-15T21:00:00+00:00,HSBA.L,BUY,2886.0000,355.2400
2025-10-15T21:00:00+00:00,IBTM.L,BUY,12485.0000,107.8000
2025-10-15T21:00:00+00:00,IDN,BUY,791.0000,303.1300
2025-10-15T21:00:00+00:00,IITU.L,BUY,1459.0000,272.0500
2025-10-15T21:00:00+00:00,IPWR,BUY,400.0000,194.6700
2025-10-15T21:00:00+00:00,ISF.L,BUY,10248.0000,174.2800
2025-10-15T21:00:00+00:00,LTBR,SELL,763.0000,1166.4600
2025-10-15T21:00:00+00:00,MOLN.SW,BUY,618.0000,105.8100
2025-10-15T21:00:00+00:00,MSCL.TO,SELL,259.0000,298.0500
2025-10-15T21:00:00+00:00,PLTR,BUY,60.0000,2671.6400
2025-10-15T21:00:00+00:00,PRQR,SELL,798.0000,447.1500
2025-10-15T21:00:00+00:00,QSI,SELL,2811.0000,395.4500
2025-10-15T21:00:00+00:00,RR.L,BUY,620.0000,1700.6800
2025-10-15T21:00:00+00:00,SEYE.ST,BUY,261.0000,278.2800
2025-10-15T21:00:00+00:00,SGLN.L,SELL,7359.0000,255.8400
2025-10-15T21:00:00+00:00,SHEL.L,BUY,2808.0000,250.1400
2025-10-15T21:00:00+00:00,SLX.AX,SELL,787.0000,1013.8400
2025-10-15T21:00:00+00:00,SMGB.L,SELL,7102.0000,302.2300
2025-10-15T21:00:00+00:00,VUL.AX,SELL,2238.0000,356.3900
2025-10-15T21:00:00+00:00,VYGR,SELL,974.0000,218.7700
2025-10-15T21:00:00+00:00,WBT.AX,SELL,1180.0000,305.2600
2025-11-13T21:00:00+00:00,AL3.AX,BUY,1004.0000,362.8100
2025-11-13T21:00:00+00:00,ALCLS.PA,BUY,449.0000,360.9500
2025-11-13T21:00:00+00:00,ALMDT.PA,BUY,173.0000,268.9200
2025-11-13T21:00:00+00:00,AXE.AX,BUY,442.0000,193.6300
2025-11-13T21:00:00+00:00,AZN.L,SELL,466.0000,218.5300
2025-11-13T21:00:00+00:00,BGO.L,BUY,999.0000,156.1400
2025-11-13T21:00:00+00:00,BRK-B,SELL,336.0000,237.3900
2025-11-13T21:00:00+00:00,BRNT.L,SELL,784.0000,241.6300
2025-11-13T21:00:00+00:00,DBMG.L,SELL,1692.0000,153.5400
2025-11-13T21:00:00+00:00,EDIT,BUY,2025.0000,251.4300
2025-11-13T21:00:00+00:00,EMV.AX,SELL,350.0000,158.1700
2025-11-13T21:00:00+00:00,FTC.L,BUY,8.0000,1744.9700
2025-11-13T21:00:00+00:00,GSIT,SELL,1128.0000,481.0200
2025-11-13T21:00:00+00:00,HSBA.L,SELL,3071.0000,405.1900
2025-11-13T21:00:00+00:00,IBTM.L,BUY,1880.0000,109.1500
2025-11-13T21:00:00+00:00,IDN,SELL,1000.0000,402.7500
2025-11-13T21:00:00+00:00,IITU.L,SELL,474.0000,281.3100
2025-11-13T21:00:00+00:00,IPWR,BUY,2873.0000,139.6000
2025-11-13T21:00:00+00:00,ISF.L,SELL,3460.0000,182.0200
2025-11-13T21:00:00+00:00,LTBR,BUY,595.0000,780.4300
2025-11-13T21:00:00+00:00,MOLN.SW,SELL,1424.0000,122.1800
2025-11-13T21:00:00+00:00,MSCL.TO,BUY,343.0000,282.6900
2025-11-13T21:00:00+00:00,PLTR,BUY,201.0000,2598.1800
2025-11-13T21:00:00+00:00,PRQR,BUY,776.0000,361.6600
2025-11-13T21:00:00+00:00,QSI,BUY,3011.0000,212.0900
2025-11-13T21:00:00+00:00,RR.L,BUY,93.0000,1712.9100
2025-11-13T21:00:00+00:00,SEYE.ST,BUY,373.0000,263.6300
2025-11-13T21:00:00+00:00,SGLN.L,BUY,421.0000,260.6400
2025-11-13T21:00:00+00:00,SHEL.L,SELL,1964.0000,268.2500
2025-11-13T21:00:00+00:00,SLX.AX,SELL,248.0000,1281.3000
2025-11-13T21:00:00+00:00,SMGB.L,SELL,686.0000,310.8100
2025-11-13T21:00:00+00:00,VUL.AX,BUY,393.0000,329.2600
2025-11-13T21:00:00+00:00,VYGR,BUY,2037.0000,167.0200
2025-11-13T21:00:00+00:00,WBT.AX,BUY,112.0000,304.1700
2025-12-12T21:00:00+00:00,AL3.AX,BUY,191.0000,341.8300
2025-12-12T21:00:00+00:00,ALCLS.PA,SELL,820.0000,458.8000
2025-12-12T21:00:00+00:00,ALMDT.PA,SELL,65.0000,269.9500
2025-12-12T21:00:00+00:00,AXE.AX,BUY,36.0000,190.8800
2025-12-12T21:00:00+00:00,AZN.L,SELL,59.0000,217.7200
2025-12-12T21:00:00+00:00,BGO.L,SELL,266.0000,159.6500
2025-12-12T21:00:00+00:00,BRK-B,BUY,491.0000,226.5700
2025-12-12T21:00:00+00:00,BRNT.L,BUY,1836.0000,230.2100
2025-12-12T21:00:00+00:00,DBMG.L,SELL,93.0000,152.2300
2025-12-12T21:00:00+00:00,EDIT,BUY,77.0000,245.5300
2025-12-12T21:00:00+00:00,EMV.AX,BUY,429.0000,149.1800
2025-12-12T21:00:00+00:00,FTC.L,SELL,76.0000,1919.4600
2025-12-12T21:00:00+00:00,GSIT,BUY,900.0000,360.4400
2025-12-12T21:00:00+00:00,HSBA.L,SELL,51.0000,402.2300
2025-12-12T21:00:00+00:00,IBTM.L,BUY,865.0000,107.6700
2025-12-12T21:00:00+00:00,IDN,SELL,203.0000,424.8800
2025-12-12T21:00:00+00:00,IITU.L,BUY,616.0000,274.6100
2025-12-12T21:00:00+00:00,IPWR,SELL,1033.0000,154.9400
2025-12-12T21:00:00+00:00,ISF.L,BUY,543.0000,179.7300
2025-12-12T21:00:00+00:00,LTBR,BUY,301.0000,658.1900
2025-12-12T21:00:00+00:00,MOLN.SW,SELL,236.0000,123.7100
2025-12-12T21:00:00+00:00,MSCL.TO,BUY,111.0000,273.7000
2025-12-12T21:00:00+00:00,PLTR,SELL,217.0000,2716.3500
2025-12-12T21:00:00+00:00,PRQR,SELL,234.0000,382.4700
2025-12-12T21:00:00+00:00,QSI,BUY,563.0000,192.9700
2025-12-12T21:00:00+00:00,RR.L,BUY,78.0000,1676.2200
2025-12-12T21:00:00+00:00,SEYE.ST,BUY,282.0000,247.5300
2025-12-12T21:00:00+00:00,SGLN.L,SELL,1752.0000,261.9900
2025-12-12T21:00:00+00:00,SHEL.L,BUY,2186.0000,252.0200
2025-12-12T21:00:00+00:00,SLX.AX,BUY,95.0000,1163.9900
2025-12-12T21:00:00+00:00,SMGB.L,SELL,2814.0000,315.6800
2025-12-12T21:00:00+00:00,VUL.AX,BUY,2919.0000,190.1600
2025-12-12T21:00:00+00:00,VYGR,SELL,674.0000,180.6100
2025-12-12T21:00:00+00:00,WBT.AX,SELL,167.0000,313.2100
2026-01-15T21:00:00+00:00,AL3.AX,SELL,205.0000,383.0200
2026-01-15T21:00:00+00:00,ALCLS.PA,BUY,675.0000,395.0100
2026-01-15T21:00:00+00:00,ALMDT.PA,SELL,955.0000,355.3500
2026-01-15T21:00:00+00:00,AXE.AX,SELL,459.0000,216.8800
2026-01-15T21:00:00+00:00,AZN.L,BUY,183.0000,227.1500
2026-01-15T21:00:00+00:00,BGO.L,BUY,1137.0000,149.1200
2026-01-15T21:00:00+00:00,BRK-B,BUY,1076.0000,222.5700
2026-01-15T21:00:00+00:00,BRNT.L,BUY,714.0000,240.7600
2026-01-15T21:00:00+00:00,DBMG.L,BUY,1678.0000,159.5600
2026-01-15T21:00:00+00:00,EDIT,BUY,1572.0000,202.0400
2026-01-15T21:00:00+00:00,EMV.AX,BUY,267.0000,153.7300
2026-01-15T21:00:00+00:00,FTC.L,SELL,140.0000,2550.3400
2026-01-15T21:00:00+00:00,GSIT,SELL,763.0000,482.2600
2026-01-15T21:00:00+00:00,HSBA.L,SELL,1213.0000,447.4500
2026-01-15T21:00:00+00:00,IBTM.L,BUY,11646.0000,107.9300
2026-01-15T21:00:00+00:00,IDN,BUY,537.0000,385.0400
2026-01-15T21:00:00+00:00,IITU.L,BUY,2287.0000,276.3700
2026-01-15T21:00:00+00:00,IPWR,BUY,3313.0000,118.6900
2026-01-15T21:00:00+00:00,ISF.L,BUY,279.0000,190.4400
2026-01-15T21:00:00+00:00,LTBR,SELL,128.0000,745.6000
2026-01-15T21:00:00+00:00,MOLN.SW,BUY,1216.0000,117.9700
2026-01-15T21:00:00+00:00,MSCL.TO,SELL,887.0000,355.2900
2026-01-15T21:00:00+00:00,PLTR,BUY,411.0000,2610.0000
2026-01-15T21:00:00+00:00,PRQR,BUY,1988.0000,258.3500
2026-01-15T21:00:00+00:00,QSI,BUY,811.0000,183.2800
2026-01-15T21:00:00+00:00,RR.L,SELL,545.0000,1946.0400
2026-01-15T21:00:00+00:00,SEYE.ST,SELL,424.0000,285.2300
2026-01-15T21:00:00+00:00,SGLN.L,SELL,1497.0000,281.5800
2026-01-15T21:00:00+00:00,SHEL.L,BUY,1616.0000,257.6500
2026-01-15T21:00:00+00:00,SLX.AX,BUY,381.0000,926.4300
2026-01-15T21:00:00+00:00,SMGB.L,SELL,8496.0000,362.5700
2026-01-15T21:00:00+00:00,VUL.AX,SELL,404.0000,214.2100
2026-01-15T21:00:00+00:00,VYGR,BUY,1655.0000,156.5500
2026-01-15T21:00:00+00:00,WBT.AX,SELL,400.0000,366.9800
2026-02-13T21:00:00+00:00,AL3.AX,BUY,517.0000,335.9000
2026-02-13T21:00:00+00:00,ALCLS.PA,BUY,274.0000,366.7900
2026-02-13T21:00:00+00:00,ALMDT.PA,SELL,925.0000,463.0000
2026-02-13T21:00:00+00:00,AXE.AX,BUY,371.0000,205.1400
2026-02-13T21:00:00+00:00,AZN.L,SELL,776.0000,244.8300
2026-02-13T21:00:00+00:00,BGO.L,BUY,914.0000,135.9600
2026-02-13T21:00:00+00:00,BRK-B,BUY,43.0000,221.8700
2026-02-13T21:00:00+00:00,BRNT.L,SELL,2703.0000,254.9000
2026-02-13T21:00:00+00:00,DBMG.L,SELL,3999.0000,164.4300
2026-02-13T21:00:00+00:00,EDIT,BUY,1419.0000,167.9200
2026-02-13T21:00:00+00:00,EMV.AX,SELL,314.0000,159.1500
2026-02-13T21:00:00+00:00,FTC.L,SELL,19.0000,2644.3000
2026-02-13T21:00:00+00:00,GSIT,BUY,797.0000,379.0500
2026-02-13T21:00:00+00:00,HSBA.L,SELL,42.0000,448.1000
2026-02-13T21:00:00+00:00,IBTM.L,BUY,1420.0000,107.1800
2026-02-13T21:00:00+00:00,IDN,BUY,920.0000,307.7900
2026-02-13T21:00:00+00:00,IITU.L,BUY,3177.0000,257.7500
2026-02-13T21:00:00+00:00,IPWR,SELL,137.0000,120.0400
2026-02-13T21:00:00+00:00,ISF.L,SELL,3533.0000,194.6800
2026-02-13T21:00:00+00:00,LTBR,BUY,692.0000,546.1500
2026-02-13T21:00:00+00:00,MOLN.SW,SELL,836.0000,126.8000
2026-02-13T21:00:00+00:00,MSCL.TO,SELL,1327.0000,533.2000
2026-02-13T21:00:00+00:00,PLTR,BUY,1580.0000,1911.7200
2026-02-13T21:00:00+00:00,PRQR,BUY,526.0000,235.6200
2026-02-13T21:00:00+00:00,QSI,BUY,1983.0000,145.7400
2026-02-13T21:00:00+00:00,RR.L,BUY,8.0000,1942.9800
2026-02-13T21:00:00+00:00,SEYE.ST,BUY,787.0000,246.0400
2026-02-13T21:00:00+00:00,SGLN.L,SELL,7700.0000,300.9900
2026-02-13T21:00:00+00:00,SHEL.L,SELL,1933.0000,269.4700
2026-02-13T21:00:00+00:00,SLX.AX,SELL,59.0000,963.9200
2026-02-13T21:00:00+00:00,SMGB.L,SELL,279.0000,363.4700
2026-02-13T21:00:00+00:00,VUL.AX,BUY,1355.0000,177.6600
2026-02-13T21:00:00+00:00,VYGR,BUY,1276.0000,137.1200
2026-02-13T21:00:00+00:00,WBT.AX,SELL,285.0000,396.2300
2026-03-16T21:00:00+00:00,AL3.AX,BUY,774.0000,297.2900
2026-03-16T21:00:00+00:00,ALCLS.PA,BUY,494.0000,340.7800
2026-03-16T21:00:00+00:00,ALMDT.PA,BUY,614.0000,404.0100
2026-03-16T21:00:00+00:00,AXE.AX,BUY,1185.0000,183.4400
2026-03-16T21:00:00+00:00,AZN.L,BUY,912.0000,235.0500
2026-03-16T21:00:00+00:00,BGO.L,BUY,1413.0000,125.4400
2026-03-16T21:00:00+00:00,BRK-B,BUY,441.0000,225.6600
2026-03-16T21:00:00+00:00,BRNT.L,SELL,15137.0000,398.8300
2026-03-16T21:00:00+00:00,DBMG.L,BUY,581.0000,171.5700
2026-03-16T21:00:00+00:00,EDIT,SELL,2470.0000,249.1500
2026-03-16T21:00:00+00:00,EMV.AX,BUY,1423.0000,143.7500
2026-03-16T21:00:00+00:00,FTC.L,BUY,60.0000,2489.9300
2026-03-16T21:00:00+00:00,GSIT,SELL,1339.0000,620.1100
2026-03-16T21:00:00+00:00,HSBA.L,BUY,1416.0000,444.6700
2026-03-16T21:00:00+00:00,IBTM.L,BUY,6827.0000,108.8100
2026-03-16T21:00:00+00:00,IDN,BUY,23.0000,320.9600
2026-03-16T21:00:00+00:00,IITU.L,BUY,1309.0000,262.8700
2026-03-16T21:00:00+00:00,IPWR,BUY,602.0000,119.6900
2026-03-16T21:00:00+00:00,ISF.L,BUY,8688.0000,193.3500
2026-03-16T21:00:00+00:00,LTBR,BUY,416.0000,493.0500
2026-03-16T21:00:00+00:00,MOLN.SW,BUY,838.0000,123.6000
2026-03-16T21:00:00+00:00,MSCL.TO,BUY,1659.0000,343.6300
2026-03-16T21:00:00+00:00,PLTR,SELL,726.0000,2284.2200
2026-03-16T21:00:00+00:00,PRQR,SELL,925.0000,292.0200
2026-03-16T21:00:00+00:00,QSI,BUY,680.0000,142.7300
2026-03-16T21:00:00+00:00,RR.L,BUY,483.0000,1880.3000
2026-03-16T21:00:00+00:00,SEYE.ST,BUY,2212.0000,186.1500
2026-03-16T21:00:00+00:00,SGLN.L,BUY,3552.0000,305.7100
2026-03-16T21:00:00+00:00,SHEL.L,SELL,5312.0000,323.3900
2026-03-16T21:00:00+00:00,SLX.AX,BUY,456.0000,770.3500
2026-03-16T21:00:00+00:00,SMGB.L,BUY,5461.0000,361.8100
2026-03-16T21:00:00+00:00,VUL.AX,BUY,1644.0000,154.3000
2026-03-16T21:00:00+00:00,VYGR,SELL,2060.0000,179.6500
2026-03-16T21:00:00+00:00,WBT.AX,BUY,343.0000,378.8500
2026-04-16T21:00:00+00:00,AL3.AX,SELL,1526.0000,440.3000
2026-04-16T21:00:00+00:00,ALCLS.PA,SELL,663.0000,413.0400
2026-04-16T21:00:00+00:00,ALMDT.PA,SELL,36.0000,419.0400
2026-04-16T21:00:00+00:00,AXE.AX,BUY,221.0000,183.3800
2026-04-16T21:00:00+00:00,AZN.L,SELL,80.0000,243.2000
2026-04-16T21:00:00+00:00,BGO.L,BUY,2177.0000,108.7700
2026-04-16T21:00:00+00:00,BRK-B,BUY,1348.0000,212.5900
2026-04-16T21:00:00+00:00,BRNT.L,BUY,1673.0000,388.4700
2026-04-16T21:00:00+00:00,DBMG.L,BUY,7610.0000,166.5200
2026-04-16T21:00:00+00:00,EDIT,SELL,1200.0000,320.7100
2026-04-16T21:00:00+00:00,EMV.AX,BUY,484.0000,141.0100
2026-04-16T21:00:00+00:00,FTC.L,SELL,82.0000,2966.4400
2026-04-16T21:00:00+00:00,GSIT,BUY,1442.0000,397.0800
2026-04-16T21:00:00+00:00,HSBA.L,SELL,2189.0000,497.6200
2026-04-16T21:00:00+00:00,IBTM.L,BUY,9956.0000,106.8700
2026-04-16T21:00:00+00:00,IDN,SELL,1692.0000,520.6200
2026-04-16T21:00:00+00:00,IITU.L,SELL,1956.0000,281.3100
2026-04-16T21:00:00+00:00,IPWR,BUY,293.0000,120.0900
2026-04-16T21:00:00+00:00,ISF.L,SELL,791.0000,199.5400
2026-04-16T21:00:00+00:00,LTBR,BUY,17.0000,503.4800
2026-04-16T21:00:00+00:00,MOLN.SW,BUY,719.0000,119.7600
2026-04-16T21:00:00+00:00,MSCL.TO,SELL,533.0000,402.7000
2026-04-16T21:00:00+00:00,PLTR,BUY,652.0000,2083.9600
2026-04-16T21:00:00+00:00,PRQR,SELL,254.0000,315.7800
2026-04-16T21:00:00+00:00,QSI,SELL,464.0000,153.4700
2026-04-16T21:00:00+00:00,RR.L,BUY,66.0000,1911.1800
2026-04-16T21:00:00+00:00,SEYE.ST,SELL,332.0000,199.5300
2026-04-16T21:00:00+00:00,SGLN.L,BUY,9505.0000,290.0000
2026-04-16T21:00:00+00:00,SHEL.L,BUY,1331.0000,320.5000
2026-04-16T21:00:00+00:00,SLX.AX,SELL,174.0000,870.2500
2026-04-16T21:00:00+00:00,SMGB.L,SELL,10725.0000,412.2900
2026-04-16T21:00:00+00:00,VUL.AX,SELL,1048.0000,177.9000
2026-04-16T21:00:00+00:00,VYGR,BUY,1220.0000,160.7200
2026-04-16T21:00:00+00:00,WBT.AX,BUY,683.0000,331.1900
2026-05-18T21:00:00+00:00,AL3.AX,BUY,504.0000,401.5100
2026-05-18T21:00:00+00:00,ALCLS.PA,BUY,585.0000,372.4600
2026-05-18T21:00:00+00:00,ALMDT.PA,SELL,22.0000,440.6400
2026-05-18T21:00:00+00:00,AXE.AX,BUY,886.0000,173.1400
2026-05-18T21:00:00+00:00,AZN.L,BUY,1433.0000,224.3500
2026-05-18T21:00:00+00:00,BGO.L,BUY,993.0000,106.1400
2026-05-18T21:00:00+00:00,BRK-B,SELL,52.0000,222.8800
2026-05-18T21:00:00+00:00,BRNT.L,SELL,4158.0000,465.8000
2026-05-18T21:00:00+00:00,DBMG.L,BUY,1770.0000,171.8300
2026-05-18T21:00:00+00:00,EDIT,BUY,1691.0000,247.0400
2026-05-18T21:00:00+00:00,EMV.AX,SELL,327.0000,151.9800
2026-05-18T21:00:00+00:00,FTC.L,SELL,224.0000,5516.7800
2026-05-18T21:00:00+00:00,GSIT,SELL,1022.0000,566.1000
2026-05-18T21:00:00+00:00,HSBA.L,BUY,973.0000,500.1400
2026-05-18T21:00:00+00:00,IBTM.L,BUY,12150.0000,106.0300
2026-05-18T21:00:00+00:00,IDN,BUY,2855.0000,275.1400
2026-05-18T21:00:00+00:00,IITU.L,SELL,3536.0000,318.1100
2026-05-18T21:00:00+00:00,IPWR,SELL,5242.0000,214.1600
2026-05-18T21:00:00+00:00,ISF.L,BUY,11312.0000,195.1600
2026-05-18T21:00:00+00:00,LTBR,BUY,397.0000,465.0700
2026-05-18T21:00:00+00:00,MOLN.SW,BUY,1991.0000,108.1900
2026-05-18T21:00:00+00:00,MSCL.TO,BUY,898.0000,339.9800
2026-05-18T21:00:00+00:00,PLTR,BUY,482.0000,2012.0300
2026-05-18T21:00:00+00:00,PRQR,BUY,1556.0000,249.4000
2026-05-18T21:00:00+00:00,QSI,BUY,2456.0000,128.5300
2026-05-18T21:00:00+00:00,RR.L,BUY,788.0000,1777.2500
2026-05-18T21:00:00+00:00,SEYE.ST,SELL,1814.0000,273.6700
2026-05-18T21:00:00+00:00,SGLN.L,BUY,11740.0000,276.9400
2026-05-18T21:00:00+00:00,SHEL.L,BUY,2857.0000,311.5100
2026-05-18T21:00:00+00:00,SLX.AX,BUY,200.0000,816.1200
2026-05-18T21:00:00+00:00,SMGB.L,SELL,14729.0000,507.1100
2026-05-18T21:00:00+00:00,VUL.AX,BUY,45.0000,184.9500
2026-05-18T21:00:00+00:00,VYGR,BUY,1414.0000,146.1300
2026-05-18T21:00:00+00:00,WBT.AX,SELL,1629.0000,536.5900
2026-06-17T21:00:00+00:00,AL3.AX,BUY,1342.0000,306.8100
2026-06-17T21:00:00+00:00,ALCLS.PA,BUY,1111.0000,302.3900
2026-06-17T21:00:00+00:00,ALMDT.PA,BUY,82.0000,440.8900
2026-06-17T21:00:00+00:00,AXE.AX,SELL,897.0000,196.3800
2026-06-17T21:00:00+00:00,AZN.L,BUY,506.0000,220.4500
2026-06-17T21:00:00+00:00,BGO.L,SELL,142.0000,109.6500
2026-06-17T21:00:00+00:00,BRK-B,BUY,426.0000,222.2400
2026-06-17T21:00:00+00:00,BRNT.L,BUY,9035.0000,361.0800
2026-06-17T21:00:00+00:00,DBMG.L,BUY,5456.0000,169.2400
2026-06-17T21:00:00+00:00,EDIT,BUY,156.0000,246.8000
2026-06-17T21:00:00+00:00,EMV.AX,BUY,1393.0000,137.2400
2026-06-17T21:00:00+00:00,FTC.L,BUY,39.0000,4966.4400
2026-06-17T21:00:00+00:00,GSIT,BUY,740.0000,458.4200
2026-06-17T21:00:00+00:00,HSBA.L,SELL,1207.0000,537.3100
2026-06-17T21:00:00+00:00,IBTM.L,BUY,2097.0000,107.5600
2026-06-17T21:00:00+00:00,IDN,BUY,389.0000,263.8000
2026-06-17T21:00:00+00:00,IITU.L,SELL,645.0000,330.4700
2026-06-17T21:00:00+00:00,IPWR,BUY,321.0000,210.0800
2026-06-17T21:00:00+00:00,ISF.L,BUY,903.0000,198.6900
2026-06-17T21:00:00+00:00,LTBR,BUY,703.0000,394.7100
2026-06-17T21:00:00+00:00,MOLN.SW,SELL,488.0000,114.5200
2026-06-17T21:00:00+00:00,MSCL.TO,BUY,1318.0000,271.4200
2026-06-17T21:00:00+00:00,PLTR,BUY,429.0000,1927.8000
2026-06-17T21:00:00+00:00,PRQR,SELL,424.0000,273.4000
2026-06-17T21:00:00+00:00,QSI,SELL,817.0000,140.8300
2026-06-17T21:00:00+00:00,RR.L,SELL,1057.0000,2134.0500
2026-06-17T21:00:00+00:00,SEYE.ST,BUY,97.0000,275.4400
2026-06-17T21:00:00+00:00,SGLN.L,BUY,9000.0000,265.8200
2026-06-17T21:00:00+00:00,SHEL.L,BUY,4050.0000,289.9900
2026-06-17T21:00:00+00:00,SLX.AX,SELL,38.0000,851.6300
2026-06-17T21:00:00+00:00,SMGB.L,SELL,12806.0000,613.2600
2026-06-17T21:00:00+00:00,VUL.AX,BUY,486.0000,179.1400
2026-06-17T21:00:00+00:00,VYGR,BUY,73.0000,148.5400
2026-06-17T21:00:00+00:00,WBT.AX,SELL,400.0000,634.8900
2026-07-16T21:00:00+00:00,AL3.AX,BUY,535.0000,269.4300
2026-07-16T21:00:00+00:00,ALCLS.PA,BUY,781.0000,255.2500
2026-07-16T21:00:00+00:00,ALMDT.PA,BUY,778.0000,351.9700
2026-07-16T21:00:00+00:00,AXE.AX,BUY,4014.0000,127.8600
2026-07-16T21:00:00+00:00,AZN.L,BUY,398.0000,206.6400
2026-07-16T21:00:00+00:00,BGO.L,SELL,1844.0000,121.0500
2026-07-16T21:00:00+00:00,BRK-B,SELL,477.0000,221.1800
2026-07-16T21:00:00+00:00,BRNT.L,SELL,2754.0000,376.9100
2026-07-16T21:00:00+00:00,DBMG.L,SELL,5203.0000,169.6700
2026-07-16T21:00:00+00:00,EDIT,SELL,901.0000,276.3800
2026-07-16T21:00:00+00:00,EMV.AX,SELL,1302.0000,149.0500
2026-07-16T21:00:00+00:00,FTC.L,BUY,106.0000,3624.1600
2026-07-16T21:00:00+00:00,GSIT,BUY,1149.0000,334.6900
2026-07-16T21:00:00+00:00,HSBA.L,SELL,1696.0000,558.5400
2026-07-16T21:00:00+00:00,IBTM.L,SELL,5173.0000,106.2500
2026-07-16T21:00:00+00:00,IDN,BUY,470.0000,236.9300
2026-07-16T21:00:00+00:00,IITU.L,SELL,20.0000,319.6100
2026-07-16T21:00:00+00:00,IPWR,BUY,2471.0000,153.9400
2026-07-16T21:00:00+00:00,ISF.L,SELL,7501.0000,200.5600
2026-07-16T21:00:00+00:00,LTBR,BUY,1063.0000,303.3100
2026-07-16T21:00:00+00:00,MOLN.SW,SELL,632.0000,115.8600
2026-07-16T21:00:00+00:00,MSCL.TO,SELL,2079.0000,401.7300
2026-07-16T21:00:00+00:00,PLTR,SELL,355.0000,1967.2000
2026-07-16T21:00:00+00:00,PRQR,SELL,149.0000,271.0800
2026-07-16T21:00:00+00:00,QSI,BUY,1429.0000,121.1500
2026-07-16T21:00:00+00:00,RR.L,SELL,153.0000,2116.2400
2026-07-16T21:00:00+00:00,SEYE.ST,SELL,133.0000,272.3900
2026-07-16T21:00:00+00:00,SGLN.L,BUY,8184.0000,243.2500
2026-07-16T21:00:00+00:00,SHEL.L,SELL,3211.0000,301.9400
2026-07-16T21:00:00+00:00,SLX.AX,BUY,405.0000,679.0400
2026-07-16T21:00:00+00:00,SMGB.L,BUY,5040.0000,553.2500
2026-07-16T21:00:00+00:00,VUL.AX,BUY,2155.0000,139.9500
2026-07-16T21:00:00+00:00,VYGR,BUY,1762.0000,123.6800
2026-07-16T21:00:00+00:00,WBT.AX,BUY,442.0000,523.3100
2026-08-14T21:00:00+00:00,AL3.AX,BUY,1714.0000,218.0300
2026-08-14T21:00:00+00:00,ALCLS.PA,SELL,599.0000,296.0400
2026-08-14T21:00:00+00:00,ALMDT.PA,SELL,250.0000,390.3100
2026-08-14T21:00:00+00:00,AXE.AX,BUY,996.0000,123.8300
2026-08-14T21:00:00+00:00,AZN.L,BUY,1914.0000,188.7900
2026-08-14T21:00:00+00:00,BGO.L,BUY,2024.0000,109.6500
2026-08-14T21:00:00+00:00,BRK-B,BUY,331.0000,226.9200
2026-08-14T21:00:00+00:00,BRNT.L,SELL,96.0000,395.7200
2026-08-14T21:00:00+00:00,DBMG.L,BUY,5501.0000,170.9400
2026-08-14T21:00:00+00:00,EDIT,BUY,371.0000,271.6300
2026-08-14T21:00:00+00:00,EMV.AX,SELL,123.0000,157.8900
2026-08-14T21:00:00+00:00,FTC.L,BUY,45.0000,3436.2400
2026-08-14T21:00:00+00:00,GSIT,SELL,940.0000,438.1600
2026-08-14T21:00:00+00:00,HSBA.L,BUY,422.0000,574.0300
2026-08-14T21:00:00+00:00,IBTM.L,BUY,12883.0000,105.5000
2026-08-14T21:00:00+00:00,IDN,BUY,2601.0000,178.2000
2026-08-14T21:00:00+00:00,IITU.L,SELL,409.0000,337.8800
2026-08-14T21:00:00+00:00,IPWR,SELL,1617.0000,191.5000
2026-08-14T21:00:00+00:00,ISF.L,BUY,4491.0000,204.5700
2026-08-14T21:00:00+00:00,LTBR,SELL,576.0000,357.3100
2026-08-14T21:00:00+00:00,MOLN.SW,BUY,200.0000,119.5400
2026-08-14T21:00:00+00:00,MSCL.TO,SELL,232.0000,447.1700
2026-08-14T21:00:00+00:00,PLTR,SELL,1242.0000,2556.2000
2026-08-14T21:00:00+00:00,PRQR,SELL,538.0000,312.8300
2026-08-14T21:00:00+00:00,QSI,BUY,2004.0000,109.8700
2026-08-14T21:00:00+00:00,RR.L,SELL,399.0000,2375.1400
2026-08-14T21:00:00+00:00,SEYE.ST,SELL,532.0000,314.1800
2026-08-14T21:00:00+00:00,SGLN.L,SELL,5749.0000,264.6000
2026-08-14T21:00:00+00:00,SHEL.L,SELL,507.0000,320.0200
2026-08-14T21:00:00+00:00,SLX.AX,SELL,127.0000,752.4800
2026-08-14T21:00:00+00:00,SMGB.L,BUY,2766.0000,558.7700
2026-08-14T21:00:00+00:00,VUL.AX,SELL,202.0000,149.2000
2026-08-14T21:00:00+00:00,VYGR,SELL,384.0000,133.5300
2026-08-14T21:00:00+00:00,WBT.AX,BUY,1562.0000,360.4700
2026-09-15T21:00:00+00:00,AL3.AX,SELL,2300.0000,308.1900
2026-09-15T21:00:00+00:00,ALCLS.PA,BUY,5441.0000,147.0500
2026-09-15T21:00:00+00:00,ALMDT.PA,BUY,1138.0000,302.1200
2026-09-15T21:00:00+00:00,AXE.AX,BUY,2031.0000,105.5800
2026-09-15T21:00:00+00:00,AZN.L,SELL,1056.0000,199.5900
2026-09-15T21:00:00+00:00,BGO.L,SELL,256.0000,109.6500
2026-09-15T21:00:00+00:00,BRK-B,SELL,669.0000,232.4700
2026-09-15T21:00:00+00:00,BRNT.L,SELL,7351.0000,494.6100
2026-09-15T21:00:00+00:00,DBMG.L,SELL,6705.0000,176.1200
2026-09-15T21:00:00+00:00,EDIT,BUY,332.0000,253.1400
2026-09-15T21:00:00+00:00,EMV.AX,BUY,18.0000,154.9200
2026-09-15T21:00:00+00:00,FTC.L,BUY,82.0000,2885.9100
2026-09-15T21:00:00+00:00,GSIT,BUY,1544.0000,305.1700
2026-09-15T21:00:00+00:00,HSBA.L,SELL,32.0000,565.0100
2026-09-15T21:00:00+00:00,IBTM.L,SELL,556.0000,103.9300
2026-09-15T21:00:00+00:00,IDN,BUY,1270.0000,153.9900
2026-09-15T21:00:00+00:00,IITU.L,BUY,8.0000,332.0500
2026-09-15T21:00:00+00:00,IPWR,BUY,1932.0000,153.6700
2026-09-15T21:00:00+00:00,ISF.L,SELL,1829.0000,203.2100
2026-09-15T21:00:00+00:00,LTBR,BUY,1186.0000,279.2900
2026-09-15T21:00:00+00:00,MOLN.SW,SELL,172.0000,118.9900
2026-09-15T21:00:00+00:00,MSCL.TO,BUY,35.0000,435.3300
2026-09-15T21:00:00+00:00,PLTR,SELL,40.0000,2532.5400
2026-09-15T21:00:00+00:00,PRQR,BUY,139.0000,299.5700
2026-09-15T21:00:00+00:00,QSI,BUY,164.0000,106.8200
2026-09-15T21:00:00+00:00,RR.L,BUY,369.0000,2188.9500
2026-09-15T21:00:00+00:00,SEYE.ST,BUY,4420.0000,167.4900
2026-09-15T21:00:00+00:00,SGLN.L,BUY,348.0000,259.4700
2026-09-15T21:00:00+00:00,SHEL.L,SELL,4384.0000,352.0700
2026-09-15T21:00:00+00:00,SLX.AX,BUY,356.0000,636.0800
2026-09-15T21:00:00+00:00,SMGB.L,BUY,4362.0000,520.2300
2026-09-15T21:00:00+00:00,VUL.AX,BUY,3015.0000,115.1700
2026-09-15T21:00:00+00:00,VYGR,BUY,504.0000,126.0900
2026-09-15T21:00:00+00:00,WBT.AX,BUY,1969.0000,247.5600
